Info    : Running 'C:\Program Files\gmsh-4.15.0-Windows64\gmsh-4.15.0-Windows64\gmsh.exe scripts\out\dosc_diag\numLines_48.geo -2 -format msh2 -o scripts\out\dosc_diag\v.msh -v 99' [Gmsh 4.15.0, 1 node, max. 1 thread]
Info    : Started on Wed Aug 26 20:15:43 2026
Debug   : Destroying model 
Info    : Reading 'scripts\out\dosc_diag\numLines_48.geo'...
Debug   : Syncing GEO_Internals with GModel
Debug   : Sync will try to remove 0 model entities
Debug   : Destroying 0 model entities during first pass
Debug   : Destroying 0 model entities during second pass
Debug   : GModel imported:
Debug   : 0 points
Debug   : 0 curves
Debug   : 0 surfaces
Debug   : 0 volumes
Debug   : OCCRTree found 1 matches at (61.2497,0,-128.32) in tree of size 1608
Debug   : OCCRtree 0 matches after bounding box filtering
Debug   : OCCRTree found 1 matches at (61.4868,0,-126.809) in tree of size 1610
Debug   : OCCRtree 0 matches after bounding box filtering
Debug   : OCCRTree found 1 matches at (61.5603,0,-125.297) in tree of size 1612
Debug   : OCCRtree 0 matches after bounding box filtering
Debug   : OCCRTree found 1 matches at (61.4868,0,-123.786) in tree of size 1614
Debug   : OCCRtree 0 matches after bounding box filtering
Debug   : OCCRTree found 1 matches at (61.2497,0,-122.275) in tree of size 1616
Debug   : OCCRtree 0 matches after bounding box filtering
Debug   : OCCRTree found 1 matches at (60.7812,0,-120.764) in tree of size 1618
Debug   : OCCRtree 0 matches after bounding box filtering
Debug   : OCCRTree found 1 matches at (60.2083,0,-119.252) in tree of size 1620
Debug   : OCCRtree 0 matches after bounding box filtering
Debug   : OCCRTree found 1 matches at (59.6354,0,-117.741) in tree of size 1622
Debug   : OCCRtree 0 matches after bounding box filtering
Debug   : OCCRTree found 1 matches at (59.0625,0,-116.23) in tree of size 1624
Debug   : OCCRtree 0 matches after bounding box filtering
Debug   : OCCRTree found 1 matches at (58.4896,0,-114.718) in tree of size 1626
Debug   : OCCRtree 0 matches after bounding box filtering
Debug   : OCCRTree found 1 matches at (57.6923,0,-112.615) in tree of size 1628
Debug   : OCCRtree 0 matches after bounding box filtering
Debug   : OCCRTree found 1 matches at (50.5769,0,-93.8462) in tree of size 1630
Debug   : OCCRtree 0 matches after bounding box filtering
Debug   : OCCRTree found 1 matches at (43.4615,0,-75.0769) in tree of size 1632
Debug   : OCCRtree 0 matches after bounding box filtering
Debug   : OCCRTree found 1 matches at (36.3462,0,-56.3077) in tree of size 1634
Debug   : OCCRtree 0 matches after bounding box filtering
Debug   : OCCRTree found 1 matches at (29.2308,0,-37.5385) in tree of size 1636
Debug   : OCCRtree 0 matches after bounding box filtering
Debug   : OCCRTree found 1 matches at (22.1154,0,-18.7692) in tree of size 1638
Debug   : OCCRtree 0 matches after bounding box filtering
Debug   : OCCRTree found 1 matches at (15,0,0) in tree of size 1640
Debug   : OCCRtree 0 matches after bounding box filtering
Debug   : OCCRTree found 1 matches at (44.9997,0,-125.023) in tree of size 1666
Debug   : OCCRtree 0 matches after bounding box filtering
Debug   : OCCRTree found 1 matches at (45.2368,0,-123.511) in tree of size 1668
Debug   : OCCRtree 0 matches after bounding box filtering
Debug   : OCCRTree found 1 matches at (45.3103,0,-122) in tree of size 1670
Debug   : OCCRtree 0 matches after bounding box filtering
Debug   : OCCRTree found 1 matches at (45.2368,0,-120.489) in tree of size 1672
Debug   : OCCRtree 0 matches after bounding box filtering
Debug   : OCCRTree found 1 matches at (44.9997,0,-118.977) in tree of size 1674
Debug   : OCCRtree 0 matches after bounding box filtering
Debug   : OCCRTree found 1 matches at (44.5312,0,-117.466) in tree of size 1676
Debug   : OCCRtree 0 matches after bounding box filtering
Debug   : OCCRTree found 1 matches at (43.9583,0,-115.955) in tree of size 1678
Debug   : OCCRtree 0 matches after bounding box filtering
Debug   : OCCRTree found 1 matches at (43.3854,0,-114.444) in tree of size 1680
Debug   : OCCRtree 0 matches after bounding box filtering
Debug   : OCCRTree found 1 matches at (42.8125,0,-112.932) in tree of size 1682
Debug   : OCCRtree 0 matches after bounding box filtering
Debug   : OCCRTree found 1 matches at (42.2396,0,-111.421) in tree of size 1684
Debug   : OCCRtree 0 matches after bounding box filtering
Debug   : OCCRTree found 1 matches at (35.1923,0,-92.8316) in tree of size 1686
Debug   : OCCRtree 0 matches after bounding box filtering
Debug   : OCCRTree found 1 matches at (28.1538,0,-74.2653) in tree of size 1688
Debug   : OCCRtree 0 matches after bounding box filtering
Debug   : OCCRTree found 1 matches at (21.1154,0,-55.699) in tree of size 1690
Debug   : OCCRtree 0 matches after bounding box filtering
Debug   : OCCRTree found 1 matches at (14.0769,0,-37.1326) in tree of size 1692
Debug   : OCCRtree 0 matches after bounding box filtering
Debug   : OCCRTree found 1 matches at (7.03846,0,-18.5663) in tree of size 1694
Debug   : OCCRtree 0 matches after bounding box filtering
Debug   : OCCRTree found 1 matches at (0.75,0,0) in tree of size 1696
Debug   : OCCRtree 0 matches after bounding box filtering
Debug   : Syncing OCC_Internals with GModel
Debug   : Sync is removing 0 model entities
Debug   : Destroying 0 entities in model
Debug   : OCCRTree found 1 matches at (61.2497,0,-128.32) in tree of size 1705
Debug   : OCCRtree 0 matches after bounding box filtering
Debug   : OCCRTree found 1 matches at (61.2497,0,-128.32) in tree of size 1705
Debug   : OCCRtree 0 matches after bounding box filtering
Debug   : OCCRTree found 1 matches at (61.2497,0,-128.32) in tree of size 1705
Debug   : OCCRtree 0 matches after bounding box filtering
Debug   : OCCRTree found 1 matches at (60.808,8.00552,-128.32) in tree of size 1705
Debug   : OCCRtree 0 matches after bounding box filtering
Debug   : OCCRTree found 1 matches at (60.808,8.00552,-128.32) in tree of size 1705
Debug   : OCCRtree 0 matches after bounding box filtering
Debug   : OCCRTree found 1 matches at (60.808,8.00552,-128.32) in tree of size 1705
Debug   : OCCRtree 0 matches after bounding box filtering
Debug   : OCCRTree found 1 matches at (59.2636,15.8796,-128.32) in tree of size 1705
Debug   : OCCRtree 0 matches after bounding box filtering
Debug   : OCCRTree found 1 matches at (59.2636,15.8796,-128.32) in tree of size 1705
Debug   : OCCRtree 0 matches after bounding box filtering
Debug   : OCCRTree found 1 matches at (59.2636,15.8796,-128.32) in tree of size 1705
Debug   : OCCRtree 0 matches after bounding box filtering
Debug   : OCCRTree found 1 matches at (56.6839,23.4792,-128.32) in tree of size 1705
Debug   : OCCRtree 0 matches after bounding box filtering
Debug   : OCCRTree found 1 matches at (56.6839,23.4792,-128.32) in tree of size 1705
Debug   : OCCRtree 0 matches after bounding box filtering
Debug   : OCCRTree found 1 matches at (56.6839,23.4792,-128.32) in tree of size 1705
Debug   : OCCRtree 0 matches after bounding box filtering
Debug   : OCCRTree found 1 matches at (53.1343,30.6771,-128.32) in tree of size 1705
Debug   : OCCRtree 0 matches after bounding box filtering
Debug   : OCCRTree found 1 matches at (53.1343,30.6771,-128.32) in tree of size 1705
Debug   : OCCRtree 0 matches after bounding box filtering
Debug   : OCCRTree found 1 matches at (53.1343,30.6771,-128.32) in tree of size 1705
Debug   : OCCRtree 0 matches after bounding box filtering
Debug   : OCCRTree found 1 matches at (48.6755,37.35,-128.32) in tree of size 1705
Debug   : OCCRtree 0 matches after bounding box filtering
Debug   : OCCRTree found 1 matches at (48.6755,37.35,-128.32) in tree of size 1705
Debug   : OCCRtree 0 matches after bounding box filtering
Debug   : OCCRTree found 1 matches at (48.6755,37.35,-128.32) in tree of size 1705
Debug   : OCCRtree 0 matches after bounding box filtering
Debug   : OCCRTree found 1 matches at (43.3839,43.3839,-128.32) in tree of size 1705
Debug   : OCCRtree 0 matches after bounding box filtering
Debug   : OCCRTree found 1 matches at (43.3839,43.3839,-128.32) in tree of size 1705
Debug   : OCCRtree 0 matches after bounding box filtering
Debug   : OCCRTree found 1 matches at (43.3839,43.3839,-128.32) in tree of size 1705
Debug   : OCCRtree 0 matches after bounding box filtering
Debug   : OCCRTree found 1 matches at (37.35,48.6755,-128.32) in tree of size 1705
Debug   : OCCRtree 0 matches after bounding box filtering
Debug   : OCCRTree found 1 matches at (37.35,48.6755,-128.32) in tree of size 1705
Debug   : OCCRtree 0 matches after bounding box filtering
Debug   : OCCRTree found 1 matches at (37.35,48.6755,-128.32) in tree of size 1705
Debug   : OCCRtree 0 matches after bounding box filtering
Debug   : OCCRTree found 1 matches at (30.6771,53.1343,-128.32) in tree of size 1705
Debug   : OCCRtree 0 matches after bounding box filtering
Debug   : OCCRTree found 1 matches at (30.6771,53.1343,-128.32) in tree of size 1705
Debug   : OCCRtree 0 matches after bounding box filtering
Debug   : OCCRTree found 1 matches at (30.6771,53.1343,-128.32) in tree of size 1705
Debug   : OCCRtree 0 matches after bounding box filtering
Debug   : OCCRTree found 1 matches at (23.4792,56.6839,-128.32) in tree of size 1705
Debug   : OCCRtree 0 matches after bounding box filtering
Debug   : OCCRTree found 1 matches at (23.4792,56.6839,-128.32) in tree of size 1705
Debug   : OCCRtree 0 matches after bounding box filtering
Debug   : OCCRTree found 1 matches at (23.4792,56.6839,-128.32) in tree of size 1705
Debug   : OCCRtree 0 matches after bounding box filtering
Debug   : OCCRTree found 1 matches at (15.8796,59.2636,-128.32) in tree of size 1705
Debug   : OCCRtree 0 matches after bounding box filtering
Debug   : OCCRTree found 1 matches at (15.8796,59.2636,-128.32) in tree of size 1705
Debug   : OCCRtree 0 matches after bounding box filtering
Debug   : OCCRTree found 1 matches at (15.8796,59.2636,-128.32) in tree of size 1705
Debug   : OCCRtree 0 matches after bounding box filtering
Debug   : OCCRTree found 1 matches at (8.00832,60.8293,-128.32) in tree of size 1705
Debug   : OCCRtree 0 matches after bounding box filtering
Debug   : OCCRTree found 1 matches at (8.00832,60.8293,-128.32) in tree of size 1705
Debug   : OCCRtree 0 matches after bounding box filtering
Debug   : OCCRTree found 1 matches at (8.00832,60.8293,-128.32) in tree of size 1705
Debug   : OCCRtree 0 matches after bounding box filtering
Debug   : OCCRTree found 1 matches at (0,61.3542,-128.32) in tree of size 1705
Debug   : OCCRtree 0 matches after bounding box filtering
Debug   : OCCRTree found 1 matches at (0,61.3542,-128.32) in tree of size 1705
Debug   : OCCRtree 0 matches after bounding box filtering
Debug   : OCCRTree found 1 matches at (0,61.3542,-128.32) in tree of size 1705
Debug   : OCCRtree 0 matches after bounding box filtering
Debug   : OCCRTree found 1 matches at (-8.00832,60.8293,-128.32) in tree of size 1705
Debug   : OCCRtree 0 matches after bounding box filtering
Debug   : OCCRTree found 1 matches at (-8.00832,60.8293,-128.32) in tree of size 1705
Debug   : OCCRtree 0 matches after bounding box filtering
Debug   : OCCRTree found 1 matches at (-8.00832,60.8293,-128.32) in tree of size 1705
Debug   : OCCRtree 0 matches after bounding box filtering
Debug   : OCCRTree found 1 matches at (-15.8796,59.2636,-128.32) in tree of size 1705
Debug   : OCCRtree 0 matches after bounding box filtering
Debug   : OCCRTree found 1 matches at (-15.8796,59.2636,-128.32) in tree of size 1705
Debug   : OCCRtree 0 matches after bounding box filtering
Debug   : OCCRTree found 1 matches at (-15.8796,59.2636,-128.32) in tree of size 1705
Debug   : OCCRtree 0 matches after bounding box filtering
Debug   : OCCRTree found 1 matches at (-23.4792,56.6839,-128.32) in tree of size 1705
Debug   : OCCRtree 0 matches after bounding box filtering
Debug   : OCCRTree found 1 matches at (-23.4792,56.6839,-128.32) in tree of size 1705
Debug   : OCCRtree 0 matches after bounding box filtering
Debug   : OCCRTree found 1 matches at (-23.4792,56.6839,-128.32) in tree of size 1705
Debug   : OCCRtree 0 matches after bounding box filtering
Debug   : OCCRTree found 1 matches at (-30.6771,53.1343,-128.32) in tree of size 1705
Debug   : OCCRtree 0 matches after bounding box filtering
Debug   : OCCRTree found 1 matches at (-30.6771,53.1343,-128.32) in tree of size 1705
Debug   : OCCRtree 0 matches after bounding box filtering
Debug   : OCCRTree found 1 matches at (-30.6771,53.1343,-128.32) in tree of size 1705
Debug   : OCCRtree 0 matches after bounding box filtering
Debug   : OCCRTree found 1 matches at (-37.35,48.6755,-128.32) in tree of size 1705
Debug   : OCCRtree 0 matches after bounding box filtering
Debug   : OCCRTree found 1 matches at (-37.35,48.6755,-128.32) in tree of size 1705
Debug   : OCCRtree 0 matches after bounding box filtering
Debug   : OCCRTree found 1 matches at (-37.35,48.6755,-128.32) in tree of size 1705
Debug   : OCCRtree 0 matches after bounding box filtering
Debug   : OCCRTree found 1 matches at (-43.3839,43.3839,-128.32) in tree of size 1705
Debug   : OCCRtree 0 matches after bounding box filtering
Debug   : OCCRTree found 1 matches at (-43.3839,43.3839,-128.32) in tree of size 1705
Debug   : OCCRtree 0 matches after bounding box filtering
Debug   : OCCRTree found 1 matches at (-43.3839,43.3839,-128.32) in tree of size 1705
Debug   : OCCRtree 0 matches after bounding box filtering
Debug   : OCCRTree found 1 matches at (-48.6755,37.35,-128.32) in tree of size 1705
Debug   : OCCRtree 0 matches after bounding box filtering
Debug   : OCCRTree found 1 matches at (-48.6755,37.35,-128.32) in tree of size 1705
Debug   : OCCRtree 0 matches after bounding box filtering
Debug   : OCCRTree found 1 matches at (-48.6755,37.35,-128.32) in tree of size 1705
Debug   : OCCRtree 0 matches after bounding box filtering
Debug   : OCCRTree found 1 matches at (-53.1343,30.6771,-128.32) in tree of size 1705
Debug   : OCCRtree 0 matches after bounding box filtering
Debug   : OCCRTree found 1 matches at (-53.1343,30.6771,-128.32) in tree of size 1705
Debug   : OCCRtree 0 matches after bounding box filtering
Debug   : OCCRTree found 1 matches at (-53.1343,30.6771,-128.32) in tree of size 1705
Debug   : OCCRtree 0 matches after bounding box filtering
Debug   : OCCRTree found 1 matches at (-56.6839,23.4792,-128.32) in tree of size 1705
Debug   : OCCRtree 0 matches after bounding box filtering
Debug   : OCCRTree found 1 matches at (-56.6839,23.4792,-128.32) in tree of size 1705
Debug   : OCCRtree 0 matches after bounding box filtering
Debug   : OCCRTree found 1 matches at (-56.6839,23.4792,-128.32) in tree of size 1705
Debug   : OCCRtree 0 matches after bounding box filtering
Debug   : OCCRTree found 1 matches at (-59.2636,15.8796,-128.32) in tree of size 1705
Debug   : OCCRtree 0 matches after bounding box filtering
Debug   : OCCRTree found 1 matches at (-59.2636,15.8796,-128.32) in tree of size 1705
Debug   : OCCRtree 0 matches after bounding box filtering
Debug   : OCCRTree found 1 matches at (-59.2636,15.8796,-128.32) in tree of size 1705
Debug   : OCCRtree 0 matches after bounding box filtering
Debug   : OCCRTree found 1 matches at (-60.808,8.00552,-128.32) in tree of size 1705
Debug   : OCCRtree 0 matches after bounding box filtering
Debug   : OCCRTree found 1 matches at (-60.808,8.00552,-128.32) in tree of size 1705
Debug   : OCCRtree 0 matches after bounding box filtering
Debug   : OCCRTree found 1 matches at (-60.808,8.00552,-128.32) in tree of size 1705
Debug   : OCCRtree 0 matches after bounding box filtering
Debug   : OCCRTree found 1 matches at (-61.2497,0,-128.32) in tree of size 1705
Debug   : OCCRtree 0 matches after bounding box filtering
Debug   : OCCRTree found 1 matches at (-61.2497,0,-128.32) in tree of size 1705
Debug   : OCCRtree 0 matches after bounding box filtering
Debug   : OCCRTree found 1 matches at (-61.2497,0,-128.32) in tree of size 1705
Debug   : OCCRtree 0 matches after bounding box filtering
Debug   : OCCRTree found 1 matches at (-60.808,-8.00552,-128.32) in tree of size 1705
Debug   : OCCRtree 0 matches after bounding box filtering
Debug   : OCCRTree found 1 matches at (-60.808,-8.00552,-128.32) in tree of size 1705
Debug   : OCCRtree 0 matches after bounding box filtering
Debug   : OCCRTree found 1 matches at (-60.808,-8.00552,-128.32) in tree of size 1705
Debug   : OCCRtree 0 matches after bounding box filtering
Debug   : OCCRTree found 1 matches at (-59.2636,-15.8796,-128.32) in tree of size 1705
Debug   : OCCRtree 0 matches after bounding box filtering
Debug   : OCCRTree found 1 matches at (-59.2636,-15.8796,-128.32) in tree of size 1705
Debug   : OCCRtree 0 matches after bounding box filtering
Debug   : OCCRTree found 1 matches at (-59.2636,-15.8796,-128.32) in tree of size 1705
Debug   : OCCRtree 0 matches after bounding box filtering
Debug   : OCCRTree found 1 matches at (-56.6839,-23.4792,-128.32) in tree of size 1705
Debug   : OCCRtree 0 matches after bounding box filtering
Debug   : OCCRTree found 1 matches at (-56.6839,-23.4792,-128.32) in tree of size 1705
Debug   : OCCRtree 0 matches after bounding box filtering
Debug   : OCCRTree found 1 matches at (-56.6839,-23.4792,-128.32) in tree of size 1705
Debug   : OCCRtree 0 matches after bounding box filtering
Debug   : OCCRTree found 1 matches at (-53.1343,-30.6771,-128.32) in tree of size 1705
Debug   : OCCRtree 0 matches after bounding box filtering
Debug   : OCCRTree found 1 matches at (-53.1343,-30.6771,-128.32) in tree of size 1705
Debug   : OCCRtree 0 matches after bounding box filtering
Debug   : OCCRTree found 1 matches at (-53.1343,-30.6771,-128.32) in tree of size 1705
Debug   : OCCRtree 0 matches after bounding box filtering
Debug   : OCCRTree found 1 matches at (-48.6755,-37.35,-128.32) in tree of size 1705
Debug   : OCCRtree 0 matches after bounding box filtering
Debug   : OCCRTree found 1 matches at (-48.6755,-37.35,-128.32) in tree of size 1705
Debug   : OCCRtree 0 matches after bounding box filtering
Debug   : OCCRTree found 1 matches at (-48.6755,-37.35,-128.32) in tree of size 1705
Debug   : OCCRtree 0 matches after bounding box filtering
Debug   : OCCRTree found 1 matches at (-43.3839,-43.3839,-128.32) in tree of size 1705
Debug   : OCCRtree 0 matches after bounding box filtering
Debug   : OCCRTree found 1 matches at (-43.3839,-43.3839,-128.32) in tree of size 1705
Debug   : OCCRtree 0 matches after bounding box filtering
Debug   : OCCRTree found 1 matches at (-43.3839,-43.3839,-128.32) in tree of size 1705
Debug   : OCCRtree 0 matches after bounding box filtering
Debug   : OCCRTree found 1 matches at (-37.35,-48.6755,-128.32) in tree of size 1705
Debug   : OCCRtree 0 matches after bounding box filtering
Debug   : OCCRTree found 1 matches at (-37.35,-48.6755,-128.32) in tree of size 1705
Debug   : OCCRtree 0 matches after bounding box filtering
Debug   : OCCRTree found 1 matches at (-37.35,-48.6755,-128.32) in tree of size 1705
Debug   : OCCRtree 0 matches after bounding box filtering
Debug   : OCCRTree found 1 matches at (-30.6771,-53.1343,-128.32) in tree of size 1705
Debug   : OCCRtree 0 matches after bounding box filtering
Debug   : OCCRTree found 1 matches at (-30.6771,-53.1343,-128.32) in tree of size 1705
Debug   : OCCRtree 0 matches after bounding box filtering
Debug   : OCCRTree found 1 matches at (-30.6771,-53.1343,-128.32) in tree of size 1705
Debug   : OCCRtree 0 matches after bounding box filtering
Debug   : OCCRTree found 1 matches at (-23.4792,-56.6839,-128.32) in tree of size 1705
Debug   : OCCRtree 0 matches after bounding box filtering
Debug   : OCCRTree found 1 matches at (-23.4792,-56.6839,-128.32) in tree of size 1705
Debug   : OCCRtree 0 matches after bounding box filtering
Debug   : OCCRTree found 1 matches at (-23.4792,-56.6839,-128.32) in tree of size 1705
Debug   : OCCRtree 0 matches after bounding box filtering
Debug   : OCCRTree found 1 matches at (-15.8796,-59.2636,-128.32) in tree of size 1705
Debug   : OCCRtree 0 matches after bounding box filtering
Debug   : OCCRTree found 1 matches at (-15.8796,-59.2636,-128.32) in tree of size 1705
Debug   : OCCRtree 0 matches after bounding box filtering
Debug   : OCCRTree found 1 matches at (-15.8796,-59.2636,-128.32) in tree of size 1705
Debug   : OCCRtree 0 matches after bounding box filtering
Debug   : OCCRTree found 1 matches at (-8.00832,-60.8293,-128.32) in tree of size 1705
Debug   : OCCRtree 0 matches after bounding box filtering
Debug   : OCCRTree found 1 matches at (-8.00832,-60.8293,-128.32) in tree of size 1705
Debug   : OCCRtree 0 matches after bounding box filtering
Debug   : OCCRTree found 1 matches at (-8.00832,-60.8293,-128.32) in tree of size 1705
Debug   : OCCRtree 0 matches after bounding box filtering
Debug   : OCCRTree found 1 matches at (0,-61.3542,-128.32) in tree of size 1705
Debug   : OCCRtree 0 matches after bounding box filtering
Debug   : OCCRTree found 1 matches at (0,-61.3542,-128.32) in tree of size 1705
Debug   : OCCRtree 0 matches after bounding box filtering
Debug   : OCCRTree found 1 matches at (0,-61.3542,-128.32) in tree of size 1705
Debug   : OCCRtree 0 matches after bounding box filtering
Debug   : OCCRTree found 1 matches at (8.00832,-60.8293,-128.32) in tree of size 1705
Debug   : OCCRtree 0 matches after bounding box filtering
Debug   : OCCRTree found 1 matches at (8.00832,-60.8293,-128.32) in tree of size 1705
Debug   : OCCRtree 0 matches after bounding box filtering
Debug   : OCCRTree found 1 matches at (8.00832,-60.8293,-128.32) in tree of size 1705
Debug   : OCCRtree 0 matches after bounding box filtering
Debug   : OCCRTree found 1 matches at (15.8796,-59.2636,-128.32) in tree of size 1705
Debug   : OCCRtree 0 matches after bounding box filtering
Debug   : OCCRTree found 1 matches at (15.8796,-59.2636,-128.32) in tree of size 1705
Debug   : OCCRtree 0 matches after bounding box filtering
Debug   : OCCRTree found 1 matches at (15.8796,-59.2636,-128.32) in tree of size 1705
Debug   : OCCRtree 0 matches after bounding box filtering
Debug   : OCCRTree found 1 matches at (23.4792,-56.6839,-128.32) in tree of size 1705
Debug   : OCCRtree 0 matches after bounding box filtering
Debug   : OCCRTree found 1 matches at (23.4792,-56.6839,-128.32) in tree of size 1705
Debug   : OCCRtree 0 matches after bounding box filtering
Debug   : OCCRTree found 1 matches at (23.4792,-56.6839,-128.32) in tree of size 1705
Debug   : OCCRtree 0 matches after bounding box filtering
Debug   : OCCRTree found 1 matches at (30.6771,-53.1343,-128.32) in tree of size 1705
Debug   : OCCRtree 0 matches after bounding box filtering
Debug   : OCCRTree found 1 matches at (30.6771,-53.1343,-128.32) in tree of size 1705
Debug   : OCCRtree 0 matches after bounding box filtering
Debug   : OCCRTree found 1 matches at (30.6771,-53.1343,-128.32) in tree of size 1705
Debug   : OCCRtree 0 matches after bounding box filtering
Debug   : OCCRTree found 1 matches at (37.35,-48.6755,-128.32) in tree of size 1705
Debug   : OCCRtree 0 matches after bounding box filtering
Debug   : OCCRTree found 1 matches at (37.35,-48.6755,-128.32) in tree of size 1705
Debug   : OCCRtree 0 matches after bounding box filtering
Debug   : OCCRTree found 1 matches at (37.35,-48.6755,-128.32) in tree of size 1705
Debug   : OCCRtree 0 matches after bounding box filtering
Debug   : OCCRTree found 1 matches at (43.3839,-43.3839,-128.32) in tree of size 1705
Debug   : OCCRtree 0 matches after bounding box filtering
Debug   : OCCRTree found 1 matches at (43.3839,-43.3839,-128.32) in tree of size 1705
Debug   : OCCRtree 0 matches after bounding box filtering
Debug   : OCCRTree found 1 matches at (43.3839,-43.3839,-128.32) in tree of size 1705
Debug   : OCCRtree 0 matches after bounding box filtering
Debug   : OCCRTree found 1 matches at (48.6755,-37.35,-128.32) in tree of size 1705
Debug   : OCCRtree 0 matches after bounding box filtering
Debug   : OCCRTree found 1 matches at (48.6755,-37.35,-128.32) in tree of size 1705
Debug   : OCCRtree 0 matches after bounding box filtering
Debug   : OCCRTree found 1 matches at (48.6755,-37.35,-128.32) in tree of size 1705
Debug   : OCCRtree 0 matches after bounding box filtering
Debug   : OCCRTree found 1 matches at (53.1343,-30.6771,-128.32) in tree of size 1705
Debug   : OCCRtree 0 matches after bounding box filtering
Debug   : OCCRTree found 1 matches at (53.1343,-30.6771,-128.32) in tree of size 1705
Debug   : OCCRtree 0 matches after bounding box filtering
Debug   : OCCRTree found 1 matches at (53.1343,-30.6771,-128.32) in tree of size 1705
Debug   : OCCRtree 0 matches after bounding box filtering
Debug   : OCCRTree found 1 matches at (56.6839,-23.4792,-128.32) in tree of size 1705
Debug   : OCCRtree 0 matches after bounding box filtering
Debug   : OCCRTree found 1 matches at (56.6839,-23.4792,-128.32) in tree of size 1705
Debug   : OCCRtree 0 matches after bounding box filtering
Debug   : OCCRTree found 1 matches at (56.6839,-23.4792,-128.32) in tree of size 1705
Debug   : OCCRtree 0 matches after bounding box filtering
Debug   : OCCRTree found 1 matches at (59.2636,-15.8796,-128.32) in tree of size 1705
Debug   : OCCRtree 0 matches after bounding box filtering
Debug   : OCCRTree found 1 matches at (59.2636,-15.8796,-128.32) in tree of size 1705
Debug   : OCCRtree 0 matches after bounding box filtering
Debug   : OCCRTree found 1 matches at (59.2636,-15.8796,-128.32) in tree of size 1705
Debug   : OCCRtree 0 matches after bounding box filtering
Debug   : OCCRTree found 1 matches at (60.808,-8.00552,-128.32) in tree of size 1705
Debug   : OCCRtree 0 matches after bounding box filtering
Debug   : OCCRTree found 1 matches at (60.808,-8.00552,-128.32) in tree of size 1705
Debug   : OCCRtree 0 matches after bounding box filtering
Debug   : OCCRTree found 1 matches at (60.808,-8.00552,-128.32) in tree of size 1705
Debug   : OCCRtree 0 matches after bounding box filtering
Debug   : OCCRTree found 1 matches at (61.4868,0,-126.809) in tree of size 1705
Debug   : OCCRtree 0 matches after bounding box filtering
Debug   : OCCRTree found 1 matches at (61.4868,0,-126.809) in tree of size 1705
Debug   : OCCRtree 0 matches after bounding box filtering
Debug   : OCCRTree found 1 matches at (61.4868,0,-126.809) in tree of size 1705
Debug   : OCCRtree 0 matches after bounding box filtering
Debug   : OCCRTree found 1 matches at (61.1366,8.04879,-126.809) in tree of size 1705
Debug   : OCCRtree 0 matches after bounding box filtering
Debug   : OCCRTree found 1 matches at (61.1366,8.04879,-126.809) in tree of size 1705
Debug   : OCCRtree 0 matches after bounding box filtering
Debug   : OCCRTree found 1 matches at (61.1366,8.04879,-126.809) in tree of size 1705
Debug   : OCCRtree 0 matches after bounding box filtering
Debug   : OCCRTree found 1 matches at (59.817,16.0279,-126.809) in tree of size 1705
Debug   : OCCRtree 0 matches after bounding box filtering
Debug   : OCCRTree found 1 matches at (59.817,16.0279,-126.809) in tree of size 1705
Debug   : OCCRtree 0 matches after bounding box filtering
Debug   : OCCRTree found 1 matches at (59.817,16.0279,-126.809) in tree of size 1705
Debug   : OCCRtree 0 matches after bounding box filtering
Debug   : OCCRTree found 1 matches at (57.2132,23.6985,-126.809) in tree of size 1705
Debug   : OCCRtree 0 matches after bounding box filtering
Debug   : OCCRTree found 1 matches at (57.2132,23.6985,-126.809) in tree of size 1705
Debug   : OCCRtree 0 matches after bounding box filtering
Debug   : OCCRTree found 1 matches at (57.2132,23.6985,-126.809) in tree of size 1705
Debug   : OCCRtree 0 matches after bounding box filtering
Debug   : OCCRTree found 1 matches at (53.6304,30.9635,-126.809) in tree of size 1705
Debug   : OCCRtree 0 matches after bounding box filtering
Debug   : OCCRTree found 1 matches at (53.6304,30.9635,-126.809) in tree of size 1705
Debug   : OCCRtree 0 matches after bounding box filtering
Debug   : OCCRTree found 1 matches at (53.6304,30.9635,-126.809) in tree of size 1705
Debug   : OCCRtree 0 matches after bounding box filtering
Debug   : OCCRTree found 1 matches at (49.1301,37.6988,-126.809) in tree of size 1705
Debug   : OCCRtree 0 matches after bounding box filtering
Debug   : OCCRTree found 1 matches at (49.1301,37.6988,-126.809) in tree of size 1705
Debug   : OCCRtree 0 matches after bounding box filtering
Debug   : OCCRTree found 1 matches at (49.1301,37.6988,-126.809) in tree of size 1705
Debug   : OCCRtree 0 matches after bounding box filtering
Debug   : OCCRTree found 1 matches at (43.7891,43.7891,-126.809) in tree of size 1705
Debug   : OCCRtree 0 matches after bounding box filtering
Debug   : OCCRTree found 1 matches at (43.7891,43.7891,-126.809) in tree of size 1705
Debug   : OCCRtree 0 matches after bounding box filtering
Debug   : OCCRTree found 1 matches at (43.7891,43.7891,-126.809) in tree of size 1705
Debug   : OCCRtree 0 matches after bounding box filtering
Debug   : OCCRTree found 1 matches at (37.6988,49.1301,-126.809) in tree of size 1705
Debug   : OCCRtree 0 matches after bounding box filtering
Debug   : OCCRTree found 1 matches at (37.6988,49.1301,-126.809) in tree of size 1705
Debug   : OCCRtree 0 matches after bounding box filtering
Debug   : OCCRTree found 1 matches at (37.6988,49.1301,-126.809) in tree of size 1705
Debug   : OCCRtree 0 matches after bounding box filtering
Debug   : OCCRTree found 1 matches at (30.9635,53.6304,-126.809) in tree of size 1705
Debug   : OCCRtree 0 matches after bounding box filtering
Debug   : OCCRTree found 1 matches at (30.9635,53.6304,-126.809) in tree of size 1705
Debug   : OCCRtree 0 matches after bounding box filtering
Debug   : OCCRTree found 1 matches at (30.9635,53.6304,-126.809) in tree of size 1705
Debug   : OCCRtree 0 matches after bounding box filtering
Debug   : OCCRTree found 1 matches at (23.6985,57.2132,-126.809) in tree of size 1705
Debug   : OCCRtree 0 matches after bounding box filtering
Debug   : OCCRTree found 1 matches at (23.6985,57.2132,-126.809) in tree of size 1705
Debug   : OCCRtree 0 matches after bounding box filtering
Debug   : OCCRTree found 1 matches at (23.6985,57.2132,-126.809) in tree of size 1705
Debug   : OCCRtree 0 matches after bounding box filtering
Debug   : OCCRTree found 1 matches at (16.0279,59.817,-126.809) in tree of size 1705
Debug   : OCCRtree 0 matches after bounding box filtering
Debug   : OCCRTree found 1 matches at (16.0279,59.817,-126.809) in tree of size 1705
Debug   : OCCRtree 0 matches after bounding box filtering
Debug   : OCCRTree found 1 matches at (16.0279,59.817,-126.809) in tree of size 1705
Debug   : OCCRtree 0 matches after bounding box filtering
Debug   : OCCRTree found 1 matches at (8.08311,61.3973,-126.809) in tree of size 1705
Debug   : OCCRtree 0 matches after bounding box filtering
Debug   : OCCRTree found 1 matches at (8.08311,61.3973,-126.809) in tree of size 1705
Debug   : OCCRtree 0 matches after bounding box filtering
Debug   : OCCRTree found 1 matches at (8.08311,61.3973,-126.809) in tree of size 1705
Debug   : OCCRtree 0 matches after bounding box filtering
Debug   : OCCRTree found 1 matches at (0,61.9271,-126.809) in tree of size 1705
Debug   : OCCRtree 0 matches after bounding box filtering
Debug   : OCCRTree found 1 matches at (0,61.9271,-126.809) in tree of size 1705
Debug   : OCCRtree 0 matches after bounding box filtering
Debug   : OCCRTree found 1 matches at (0,61.9271,-126.809) in tree of size 1705
Debug   : OCCRtree 0 matches after bounding box filtering
Debug   : OCCRTree found 1 matches at (-8.08311,61.3973,-126.809) in tree of size 1705
Debug   : OCCRtree 0 matches after bounding box filtering
Debug   : OCCRTree found 1 matches at (-8.08311,61.3973,-126.809) in tree of size 1705
Debug   : OCCRtree 0 matches after bounding box filtering
Debug   : OCCRTree found 1 matches at (-8.08311,61.3973,-126.809) in tree of size 1705
Debug   : OCCRtree 0 matches after bounding box filtering
Debug   : OCCRTree found 1 matches at (-16.0279,59.817,-126.809) in tree of size 1705
Debug   : OCCRtree 0 matches after bounding box filtering
Debug   : OCCRTree found 1 matches at (-16.0279,59.817,-126.809) in tree of size 1705
Debug   : OCCRtree 0 matches after bounding box filtering
Debug   : OCCRTree found 1 matches at (-16.0279,59.817,-126.809) in tree of size 1705
Debug   : OCCRtree 0 matches after bounding box filtering
Debug   : OCCRTree found 1 matches at (-23.6985,57.2132,-126.809) in tree of size 1705
Debug   : OCCRtree 0 matches after bounding box filtering
Debug   : OCCRTree found 1 matches at (-23.6985,57.2132,-126.809) in tree of size 1705
Debug   : OCCRtree 0 matches after bounding box filtering
Debug   : OCCRTree found 1 matches at (-23.6985,57.2132,-126.809) in tree of size 1705
Debug   : OCCRtree 0 matches after bounding box filtering
Debug   : OCCRTree found 1 matches at (-30.9635,53.6304,-126.809) in tree of size 1705
Debug   : OCCRtree 0 matches after bounding box filtering
Debug   : OCCRTree found 1 matches at (-30.9635,53.6304,-126.809) in tree of size 1705
Debug   : OCCRtree 0 matches after bounding box filtering
Debug   : OCCRTree found 1 matches at (-30.9635,53.6304,-126.809) in tree of size 1705
Debug   : OCCRtree 0 matches after bounding box filtering
Debug   : OCCRTree found 1 matches at (-37.6988,49.1301,-126.809) in tree of size 1705
Debug   : OCCRtree 0 matches after bounding box filtering
Debug   : OCCRTree found 1 matches at (-37.6988,49.1301,-126.809) in tree of size 1705
Debug   : OCCRtree 0 matches after bounding box filtering
Debug   : OCCRTree found 1 matches at (-37.6988,49.1301,-126.809) in tree of size 1705
Debug   : OCCRtree 0 matches after bounding box filtering
Debug   : OCCRTree found 1 matches at (-43.7891,43.7891,-126.809) in tree of size 1705
Debug   : OCCRtree 0 matches after bounding box filtering
Debug   : OCCRTree found 1 matches at (-43.7891,43.7891,-126.809) in tree of size 1705
Debug   : OCCRtree 0 matches after bounding box filtering
Debug   : OCCRTree found 1 matches at (-43.7891,43.7891,-126.809) in tree of size 1705
Debug   : OCCRtree 0 matches after bounding box filtering
Debug   : OCCRTree found 1 matches at (-49.1301,37.6988,-126.809) in tree of size 1705
Debug   : OCCRtree 0 matches after bounding box filtering
Debug   : OCCRTree found 1 matches at (-49.1301,37.6988,-126.809) in tree of size 1705
Debug   : OCCRtree 0 matches after bounding box filtering
Debug   : OCCRTree found 1 matches at (-49.1301,37.6988,-126.809) in tree of size 1705
Debug   : OCCRtree 0 matches after bounding box filtering
Debug   : OCCRTree found 1 matches at (-53.6304,30.9635,-126.809) in tree of size 1705
Debug   : OCCRtree 0 matches after bounding box filtering
Debug   : OCCRTree found 1 matches at (-53.6304,30.9635,-126.809) in tree of size 1705
Debug   : OCCRtree 0 matches after bounding box filtering
Debug   : OCCRTree found 1 matches at (-53.6304,30.9635,-126.809) in tree of size 1705
Debug   : OCCRtree 0 matches after bounding box filtering
Debug   : OCCRTree found 1 matches at (-57.2132,23.6985,-126.809) in tree of size 1705
Debug   : OCCRtree 0 matches after bounding box filtering
Debug   : OCCRTree found 1 matches at (-57.2132,23.6985,-126.809) in tree of size 1705
Debug   : OCCRtree 0 matches after bounding box filtering
Debug   : OCCRTree found 1 matches at (-57.2132,23.6985,-126.809) in tree of size 1705
Debug   : OCCRtree 0 matches after bounding box filtering
Debug   : OCCRTree found 1 matches at (-59.817,16.0279,-126.809) in tree of size 1705
Debug   : OCCRtree 0 matches after bounding box filtering
Debug   : OCCRTree found 1 matches at (-59.817,16.0279,-126.809) in tree of size 1705
Debug   : OCCRtree 0 matches after bounding box filtering
Debug   : OCCRTree found 1 matches at (-59.817,16.0279,-126.809) in tree of size 1705
Debug   : OCCRtree 0 matches after bounding box filtering
Debug   : OCCRTree found 1 matches at (-61.1366,8.04879,-126.809) in tree of size 1705
Debug   : OCCRtree 0 matches after bounding box filtering
Debug   : OCCRTree found 1 matches at (-61.1366,8.04879,-126.809) in tree of size 1705
Debug   : OCCRtree 0 matches after bounding box filtering
Debug   : OCCRTree found 1 matches at (-61.1366,8.04879,-126.809) in tree of size 1705
Debug   : OCCRtree 0 matches after bounding box filtering
Debug   : OCCRTree found 1 matches at (-61.4868,0,-126.809) in tree of size 1705
Debug   : OCCRtree 0 matches after bounding box filtering
Debug   : OCCRTree found 1 matches at (-61.4868,0,-126.809) in tree of size 1705
Debug   : OCCRtree 0 matches after bounding box filtering
Debug   : OCCRTree found 1 matches at (-61.4868,0,-126.809) in tree of size 1705
Debug   : OCCRtree 0 matches after bounding box filtering
Debug   : OCCRTree found 1 matches at (-61.1366,-8.04879,-126.809) in tree of size 1705
Debug   : OCCRtree 0 matches after bounding box filtering
Debug   : OCCRTree found 1 matches at (-61.1366,-8.04879,-126.809) in tree of size 1705
Debug   : OCCRtree 0 matches after bounding box filtering
Debug   : OCCRTree found 1 matches at (-61.1366,-8.04879,-126.809) in tree of size 1705
Debug   : OCCRtree 0 matches after bounding box filtering
Debug   : OCCRTree found 1 matches at (-59.817,-16.0279,-126.809) in tree of size 1705
Debug   : OCCRtree 0 matches after bounding box filtering
Debug   : OCCRTree found 1 matches at (-59.817,-16.0279,-126.809) in tree of size 1705
Debug   : OCCRtree 0 matches after bounding box filtering
Debug   : OCCRTree found 1 matches at (-59.817,-16.0279,-126.809) in tree of size 1705
Debug   : OCCRtree 0 matches after bounding box filtering
Debug   : OCCRTree found 1 matches at (-57.2132,-23.6985,-126.809) in tree of size 1705
Debug   : OCCRtree 0 matches after bounding box filtering
Debug   : OCCRTree found 1 matches at (-57.2132,-23.6985,-126.809) in tree of size 1705
Debug   : OCCRtree 0 matches after bounding box filtering
Debug   : OCCRTree found 1 matches at (-57.2132,-23.6985,-126.809) in tree of size 1705
Debug   : OCCRtree 0 matches after bounding box filtering
Debug   : OCCRTree found 1 matches at (-53.6304,-30.9635,-126.809) in tree of size 1705
Debug   : OCCRtree 0 matches after bounding box filtering
Debug   : OCCRTree found 1 matches at (-53.6304,-30.9635,-126.809) in tree of size 1705
Debug   : OCCRtree 0 matches after bounding box filtering
Debug   : OCCRTree found 1 matches at (-53.6304,-30.9635,-126.809) in tree of size 1705
Debug   : OCCRtree 0 matches after bounding box filtering
Debug   : OCCRTree found 1 matches at (-49.1301,-37.6988,-126.809) in tree of size 1705
Debug   : OCCRtree 0 matches after bounding box filtering
Debug   : OCCRTree found 1 matches at (-49.1301,-37.6988,-126.809) in tree of size 1705
Debug   : OCCRtree 0 matches after bounding box filtering
Debug   : OCCRTree found 1 matches at (-49.1301,-37.6988,-126.809) in tree of size 1705
Debug   : OCCRtree 0 matches after bounding box filtering
Debug   : OCCRTree found 1 matches at (-43.7891,-43.7891,-126.809) in tree of size 1705
Debug   : OCCRtree 0 matches after bounding box filtering
Debug   : OCCRTree found 1 matches at (-43.7891,-43.7891,-126.809) in tree of size 1705
Debug   : OCCRtree 0 matches after bounding box filtering
Debug   : OCCRTree found 1 matches at (-43.7891,-43.7891,-126.809) in tree of size 1705
Debug   : OCCRtree 0 matches after bounding box filtering
Debug   : OCCRTree found 1 matches at (-37.6988,-49.1301,-126.809) in tree of size 1705
Debug   : OCCRtree 0 matches after bounding box filtering
Debug   : OCCRTree found 1 matches at (-37.6988,-49.1301,-126.809) in tree of size 1705
Debug   : OCCRtree 0 matches after bounding box filtering
Debug   : OCCRTree found 1 matches at (-37.6988,-49.1301,-126.809) in tree of size 1705
Debug   : OCCRtree 0 matches after bounding box filtering
Debug   : OCCRTree found 1 matches at (-30.9635,-53.6304,-126.809) in tree of size 1705
Debug   : OCCRtree 0 matches after bounding box filtering
Debug   : OCCRTree found 1 matches at (-30.9635,-53.6304,-126.809) in tree of size 1705
Debug   : OCCRtree 0 matches after bounding box filtering
Debug   : OCCRTree found 1 matches at (-30.9635,-53.6304,-126.809) in tree of size 1705
Debug   : OCCRtree 0 matches after bounding box filtering
Debug   : OCCRTree found 1 matches at (-23.6985,-57.2132,-126.809) in tree of size 1705
Debug   : OCCRtree 0 matches after bounding box filtering
Debug   : OCCRTree found 1 matches at (-23.6985,-57.2132,-126.809) in tree of size 1705
Debug   : OCCRtree 0 matches after bounding box filtering
Debug   : OCCRTree found 1 matches at (-23.6985,-57.2132,-126.809) in tree of size 1705
Debug   : OCCRtree 0 matches after bounding box filtering
Debug   : OCCRTree found 1 matches at (-16.0279,-59.817,-126.809) in tree of size 1705
Debug   : OCCRtree 0 matches after bounding box filtering
Debug   : OCCRTree found 1 matches at (-16.0279,-59.817,-126.809) in tree of size 1705
Debug   : OCCRtree 0 matches after bounding box filtering
Debug   : OCCRTree found 1 matches at (-16.0279,-59.817,-126.809) in tree of size 1705
Debug   : OCCRtree 0 matches after bounding box filtering
Debug   : OCCRTree found 1 matches at (-8.08311,-61.3973,-126.809) in tree of size 1705
Debug   : OCCRtree 0 matches after bounding box filtering
Debug   : OCCRTree found 1 matches at (-8.08311,-61.3973,-126.809) in tree of size 1705
Debug   : OCCRtree 0 matches after bounding box filtering
Debug   : OCCRTree found 1 matches at (-8.08311,-61.3973,-126.809) in tree of size 1705
Debug   : OCCRtree 0 matches after bounding box filtering
Debug   : OCCRTree found 1 matches at (0,-61.9271,-126.809) in tree of size 1705
Debug   : OCCRtree 0 matches after bounding box filtering
Debug   : OCCRTree found 1 matches at (0,-61.9271,-126.809) in tree of size 1705
Debug   : OCCRtree 0 matches after bounding box filtering
Debug   : OCCRTree found 1 matches at (0,-61.9271,-126.809) in tree of size 1705
Debug   : OCCRtree 0 matches after bounding box filtering
Debug   : OCCRTree found 1 matches at (8.08311,-61.3973,-126.809) in tree of size 1705
Debug   : OCCRtree 0 matches after bounding box filtering
Debug   : OCCRTree found 1 matches at (8.08311,-61.3973,-126.809) in tree of size 1705
Debug   : OCCRtree 0 matches after bounding box filtering
Debug   : OCCRTree found 1 matches at (8.08311,-61.3973,-126.809) in tree of size 1705
Debug   : OCCRtree 0 matches after bounding box filtering
Debug   : OCCRTree found 1 matches at (16.0279,-59.817,-126.809) in tree of size 1705
Debug   : OCCRtree 0 matches after bounding box filtering
Debug   : OCCRTree found 1 matches at (16.0279,-59.817,-126.809) in tree of size 1705
Debug   : OCCRtree 0 matches after bounding box filtering
Debug   : OCCRTree found 1 matches at (16.0279,-59.817,-126.809) in tree of size 1705
Debug   : OCCRtree 0 matches after bounding box filtering
Debug   : OCCRTree found 1 matches at (23.6985,-57.2132,-126.809) in tree of size 1705
Debug   : OCCRtree 0 matches after bounding box filtering
Debug   : OCCRTree found 1 matches at (23.6985,-57.2132,-126.809) in tree of size 1705
Debug   : OCCRtree 0 matches after bounding box filtering
Debug   : OCCRTree found 1 matches at (23.6985,-57.2132,-126.809) in tree of size 1705
Debug   : OCCRtree 0 matches after bounding box filtering
Debug   : OCCRTree found 1 matches at (30.9635,-53.6304,-126.809) in tree of size 1705
Debug   : OCCRtree 0 matches after bounding box filtering
Debug   : OCCRTree found 1 matches at (30.9635,-53.6304,-126.809) in tree of size 1705
Debug   : OCCRtree 0 matches after bounding box filtering
Debug   : OCCRTree found 1 matches at (30.9635,-53.6304,-126.809) in tree of size 1705
Debug   : OCCRtree 0 matches after bounding box filtering
Debug   : OCCRTree found 1 matches at (37.6988,-49.1301,-126.809) in tree of size 1705
Debug   : OCCRtree 0 matches after bounding box filtering
Debug   : OCCRTree found 1 matches at (37.6988,-49.1301,-126.809) in tree of size 1705
Debug   : OCCRtree 0 matches after bounding box filtering
Debug   : OCCRTree found 1 matches at (37.6988,-49.1301,-126.809) in tree of size 1705
Debug   : OCCRtree 0 matches after bounding box filtering
Debug   : OCCRTree found 1 matches at (43.7891,-43.7891,-126.809) in tree of size 1705
Debug   : OCCRtree 0 matches after bounding box filtering
Debug   : OCCRTree found 1 matches at (43.7891,-43.7891,-126.809) in tree of size 1705
Debug   : OCCRtree 0 matches after bounding box filtering
Debug   : OCCRTree found 1 matches at (43.7891,-43.7891,-126.809) in tree of size 1705
Debug   : OCCRtree 0 matches after bounding box filtering
Debug   : OCCRTree found 1 matches at (49.1301,-37.6988,-126.809) in tree of size 1705
Debug   : OCCRtree 0 matches after bounding box filtering
Debug   : OCCRTree found 1 matches at (49.1301,-37.6988,-126.809) in tree of size 1705
Debug   : OCCRtree 0 matches after bounding box filtering
Debug   : OCCRTree found 1 matches at (49.1301,-37.6988,-126.809) in tree of size 1705
Debug   : OCCRtree 0 matches after bounding box filtering
Debug   : OCCRTree found 1 matches at (53.6304,-30.9635,-126.809) in tree of size 1705
Debug   : OCCRtree 0 matches after bounding box filtering
Debug   : OCCRTree found 1 matches at (53.6304,-30.9635,-126.809) in tree of size 1705
Debug   : OCCRtree 0 matches after bounding box filtering
Debug   : OCCRTree found 1 matches at (53.6304,-30.9635,-126.809) in tree of size 1705
Debug   : OCCRtree 0 matches after bounding box filtering
Debug   : OCCRTree found 1 matches at (57.2132,-23.6985,-126.809) in tree of size 1705
Debug   : OCCRtree 0 matches after bounding box filtering
Debug   : OCCRTree found 1 matches at (57.2132,-23.6985,-126.809) in tree of size 1705
Debug   : OCCRtree 0 matches after bounding box filtering
Debug   : OCCRTree found 1 matches at (57.2132,-23.6985,-126.809) in tree of size 1705
Debug   : OCCRtree 0 matches after bounding box filtering
Debug   : OCCRTree found 1 matches at (59.817,-16.0279,-126.809) in tree of size 1705
Debug   : OCCRtree 0 matches after bounding box filtering
Debug   : OCCRTree found 1 matches at (59.817,-16.0279,-126.809) in tree of size 1705
Debug   : OCCRtree 0 matches after bounding box filtering
Debug   : OCCRTree found 1 matches at (59.817,-16.0279,-126.809) in tree of size 1705
Debug   : OCCRtree 0 matches after bounding box filtering
Debug   : OCCRTree found 1 matches at (61.1366,-8.04879,-126.809) in tree of size 1705
Debug   : OCCRtree 0 matches after bounding box filtering
Debug   : OCCRTree found 1 matches at (61.1366,-8.04879,-126.809) in tree of size 1705
Debug   : OCCRtree 0 matches after bounding box filtering
Debug   : OCCRTree found 1 matches at (61.1366,-8.04879,-126.809) in tree of size 1705
Debug   : OCCRtree 0 matches after bounding box filtering
Debug   : OCCRTree found 1 matches at (61.5603,0,-125.297) in tree of size 1705
Debug   : OCCRtree 0 matches after bounding box filtering
Debug   : OCCRTree found 1 matches at (61.5603,0,-125.297) in tree of size 1705
Debug   : OCCRtree 0 matches after bounding box filtering
Debug   : OCCRTree found 1 matches at (61.5603,0,-125.297) in tree of size 1705
Debug   : OCCRtree 0 matches after bounding box filtering
Debug   : OCCRTree found 1 matches at (61.2804,8.06772,-125.297) in tree of size 1705
Debug   : OCCRtree 0 matches after bounding box filtering
Debug   : OCCRTree found 1 matches at (61.2804,8.06772,-125.297) in tree of size 1705
Debug   : OCCRtree 0 matches after bounding box filtering
Debug   : OCCRTree found 1 matches at (61.2804,8.06772,-125.297) in tree of size 1705
Debug   : OCCRtree 0 matches after bounding box filtering
Debug   : OCCRTree found 1 matches at (60.2338,16.1396,-125.297) in tree of size 1705
Debug   : OCCRtree 0 matches after bounding box filtering
Debug   : OCCRTree found 1 matches at (60.2338,16.1396,-125.297) in tree of size 1705
Debug   : OCCRtree 0 matches after bounding box filtering
Debug   : OCCRTree found 1 matches at (60.2338,16.1396,-125.297) in tree of size 1705
Debug   : OCCRtree 0 matches after bounding box filtering
Debug   : OCCRTree found 1 matches at (57.7425,23.9177,-125.297) in tree of size 1705
Debug   : OCCRtree 0 matches after bounding box filtering
Debug   : OCCRTree found 1 matches at (57.7425,23.9177,-125.297) in tree of size 1705
Debug   : OCCRtree 0 matches after bounding box filtering
Debug   : OCCRTree found 1 matches at (57.7425,23.9177,-125.297) in tree of size 1705
Debug   : OCCRtree 0 matches after bounding box filtering
Debug   : OCCRTree found 1 matches at (54.1266,31.25,-125.297) in tree of size 1705
Debug   : OCCRtree 0 matches after bounding box filtering
Debug   : OCCRTree found 1 matches at (54.1266,31.25,-125.297) in tree of size 1705
Debug   : OCCRtree 0 matches after bounding box filtering
Debug   : OCCRTree found 1 matches at (54.1266,31.25,-125.297) in tree of size 1705
Debug   : OCCRtree 0 matches after bounding box filtering
Debug   : OCCRTree found 1 matches at (49.5846,38.0476,-125.297) in tree of size 1705
Debug   : OCCRtree 0 matches after bounding box filtering
Debug   : OCCRTree found 1 matches at (49.5846,38.0476,-125.297) in tree of size 1705
Debug   : OCCRtree 0 matches after bounding box filtering
Debug   : OCCRTree found 1 matches at (49.5846,38.0476,-125.297) in tree of size 1705
Debug   : OCCRtree 0 matches after bounding box filtering
Debug   : OCCRTree found 1 matches at (44.1942,44.1942,-125.297) in tree of size 1705
Debug   : OCCRtree 0 matches after bounding box filtering
Debug   : OCCRTree found 1 matches at (44.1942,44.1942,-125.297) in tree of size 1705
Debug   : OCCRtree 0 matches after bounding box filtering
Debug   : OCCRTree found 1 matches at (44.1942,44.1942,-125.297) in tree of size 1705
Debug   : OCCRtree 0 matches after bounding box filtering
Debug   : OCCRTree found 1 matches at (38.0476,49.5846,-125.297) in tree of size 1705
Debug   : OCCRtree 0 matches after bounding box filtering
Debug   : OCCRTree found 1 matches at (38.0476,49.5846,-125.297) in tree of size 1705
Debug   : OCCRtree 0 matches after bounding box filtering
Debug   : OCCRTree found 1 matches at (38.0476,49.5846,-125.297) in tree of size 1705
Debug   : OCCRtree 0 matches after bounding box filtering
Debug   : OCCRTree found 1 matches at (31.25,54.1266,-125.297) in tree of size 1705
Debug   : OCCRtree 0 matches after bounding box filtering
Debug   : OCCRTree found 1 matches at (31.25,54.1266,-125.297) in tree of size 1705
Debug   : OCCRtree 0 matches after bounding box filtering
Debug   : OCCRTree found 1 matches at (31.25,54.1266,-125.297) in tree of size 1705
Debug   : OCCRtree 0 matches after bounding box filtering
Debug   : OCCRTree found 1 matches at (23.9177,57.7425,-125.297) in tree of size 1705
Debug   : OCCRtree 0 matches after bounding box filtering
Debug   : OCCRTree found 1 matches at (23.9177,57.7425,-125.297) in tree of size 1705
Debug   : OCCRtree 0 matches after bounding box filtering
Debug   : OCCRTree found 1 matches at (23.9177,57.7425,-125.297) in tree of size 1705
Debug   : OCCRtree 0 matches after bounding box filtering
Debug   : OCCRTree found 1 matches at (16.1762,60.3704,-125.297) in tree of size 1705
Debug   : OCCRtree 0 matches after bounding box filtering
Debug   : OCCRTree found 1 matches at (16.1762,60.3704,-125.297) in tree of size 1705
Debug   : OCCRtree 0 matches after bounding box filtering
Debug   : OCCRTree found 1 matches at (16.1762,60.3704,-125.297) in tree of size 1705
Debug   : OCCRtree 0 matches after bounding box filtering
Debug   : OCCRTree found 1 matches at (8.15789,61.9653,-125.297) in tree of size 1705
Debug   : OCCRtree 0 matches after bounding box filtering
Debug   : OCCRTree found 1 matches at (8.15789,61.9653,-125.297) in tree of size 1705
Debug   : OCCRtree 0 matches after bounding box filtering
Debug   : OCCRTree found 1 matches at (8.15789,61.9653,-125.297) in tree of size 1705
Debug   : OCCRtree 0 matches after bounding box filtering
Debug   : OCCRTree found 1 matches at (0,62.5,-125.297) in tree of size 1705
Debug   : OCCRtree 0 matches after bounding box filtering
Debug   : OCCRTree found 1 matches at (0,62.5,-125.297) in tree of size 1705
Debug   : OCCRtree 0 matches after bounding box filtering
Debug   : OCCRTree found 1 matches at (0,62.5,-125.297) in tree of size 1705
Debug   : OCCRtree 0 matches after bounding box filtering
Debug   : OCCRTree found 1 matches at (-8.15789,61.9653,-125.297) in tree of size 1705
Debug   : OCCRtree 0 matches after bounding box filtering
Debug   : OCCRTree found 1 matches at (-8.15789,61.9653,-125.297) in tree of size 1705
Debug   : OCCRtree 0 matches after bounding box filtering
Debug   : OCCRTree found 1 matches at (-8.15789,61.9653,-125.297) in tree of size 1705
Debug   : OCCRtree 0 matches after bounding box filtering
Debug   : OCCRTree found 1 matches at (-16.1762,60.3704,-125.297) in tree of size 1705
Debug   : OCCRtree 0 matches after bounding box filtering
Debug   : OCCRTree found 1 matches at (-16.1762,60.3704,-125.297) in tree of size 1705
Debug   : OCCRtree 0 matches after bounding box filtering
Debug   : OCCRTree found 1 matches at (-16.1762,60.3704,-125.297) in tree of size 1705
Debug   : OCCRtree 0 matches after bounding box filtering
Debug   : OCCRTree found 1 matches at (-23.9177,57.7425,-125.297) in tree of size 1705
Debug   : OCCRtree 0 matches after bounding box filtering
Debug   : OCCRTree found 1 matches at (-23.9177,57.7425,-125.297) in tree of size 1705
Debug   : OCCRtree 0 matches after bounding box filtering
Debug   : OCCRTree found 1 matches at (-23.9177,57.7425,-125.297) in tree of size 1705
Debug   : OCCRtree 0 matches after bounding box filtering
Debug   : OCCRTree found 1 matches at (-31.25,54.1266,-125.297) in tree of size 1705
Debug   : OCCRtree 0 matches after bounding box filtering
Debug   : OCCRTree found 1 matches at (-31.25,54.1266,-125.297) in tree of size 1705
Debug   : OCCRtree 0 matches after bounding box filtering
Debug   : OCCRTree found 1 matches at (-31.25,54.1266,-125.297) in tree of size 1705
Debug   : OCCRtree 0 matches after bounding box filtering
Debug   : OCCRTree found 1 matches at (-38.0476,49.5846,-125.297) in tree of size 1705
Debug   : OCCRtree 0 matches after bounding box filtering
Debug   : OCCRTree found 1 matches at (-38.0476,49.5846,-125.297) in tree of size 1705
Debug   : OCCRtree 0 matches after bounding box filtering
Debug   : OCCRTree found 1 matches at (-38.0476,49.5846,-125.297) in tree of size 1705
Debug   : OCCRtree 0 matches after bounding box filtering
Debug   : OCCRTree found 1 matches at (-44.1942,44.1942,-125.297) in tree of size 1705
Debug   : OCCRtree 0 matches after bounding box filtering
Debug   : OCCRTree found 1 matches at (-44.1942,44.1942,-125.297) in tree of size 1705
Debug   : OCCRtree 0 matches after bounding box filtering
Debug   : OCCRTree found 1 matches at (-44.1942,44.1942,-125.297) in tree of size 1705
Debug   : OCCRtree 0 matches after bounding box filtering
Debug   : OCCRTree found 1 matches at (-49.5846,38.0476,-125.297) in tree of size 1705
Debug   : OCCRtree 0 matches after bounding box filtering
Debug   : OCCRTree found 1 matches at (-49.5846,38.0476,-125.297) in tree of size 1705
Debug   : OCCRtree 0 matches after bounding box filtering
Debug   : OCCRTree found 1 matches at (-49.5846,38.0476,-125.297) in tree of size 1705
Debug   : OCCRtree 0 matches after bounding box filtering
Debug   : OCCRTree found 1 matches at (-54.1266,31.25,-125.297) in tree of size 1705
Debug   : OCCRtree 0 matches after bounding box filtering
Debug   : OCCRTree found 1 matches at (-54.1266,31.25,-125.297) in tree of size 1705
Debug   : OCCRtree 0 matches after bounding box filtering
Debug   : OCCRTree found 1 matches at (-54.1266,31.25,-125.297) in tree of size 1705
Debug   : OCCRtree 0 matches after bounding box filtering
Debug   : OCCRTree found 1 matches at (-57.7425,23.9177,-125.297) in tree of size 1705
Debug   : OCCRtree 0 matches after bounding box filtering
Debug   : OCCRTree found 1 matches at (-57.7425,23.9177,-125.297) in tree of size 1705
Debug   : OCCRtree 0 matches after bounding box filtering
Debug   : OCCRTree found 1 matches at (-57.7425,23.9177,-125.297) in tree of size 1705
Debug   : OCCRtree 0 matches after bounding box filtering
Debug   : OCCRTree found 1 matches at (-60.2338,16.1396,-125.297) in tree of size 1705
Debug   : OCCRtree 0 matches after bounding box filtering
Debug   : OCCRTree found 1 matches at (-60.2338,16.1396,-125.297) in tree of size 1705
Debug   : OCCRtree 0 matches after bounding box filtering
Debug   : OCCRTree found 1 matches at (-60.2338,16.1396,-125.297) in tree of size 1705
Debug   : OCCRtree 0 matches after bounding box filtering
Debug   : OCCRTree found 1 matches at (-61.2804,8.06772,-125.297) in tree of size 1705
Debug   : OCCRtree 0 matches after bounding box filtering
Debug   : OCCRTree found 1 matches at (-61.2804,8.06772,-125.297) in tree of size 1705
Debug   : OCCRtree 0 matches after bounding box filtering
Debug   : OCCRTree found 1 matches at (-61.2804,8.06772,-125.297) in tree of size 1705
Debug   : OCCRtree 0 matches after bounding box filtering
Debug   : OCCRTree found 1 matches at (-61.5603,0,-125.297) in tree of size 1705
Debug   : OCCRtree 0 matches after bounding box filtering
Debug   : OCCRTree found 1 matches at (-61.5603,0,-125.297) in tree of size 1705
Debug   : OCCRtree 0 matches after bounding box filtering
Debug   : OCCRTree found 1 matches at (-61.5603,0,-125.297) in tree of size 1705
Debug   : OCCRtree 0 matches after bounding box filtering
Debug   : OCCRTree found 1 matches at (-61.2804,-8.06772,-125.297) in tree of size 1705
Debug   : OCCRtree 0 matches after bounding box filtering
Debug   : OCCRTree found 1 matches at (-61.2804,-8.06772,-125.297) in tree of size 1705
Debug   : OCCRtree 0 matches after bounding box filtering
Debug   : OCCRTree found 1 matches at (-61.2804,-8.06772,-125.297) in tree of size 1705
Debug   : OCCRtree 0 matches after bounding box filtering
Debug   : OCCRTree found 1 matches at (-60.2338,-16.1396,-125.297) in tree of size 1705
Debug   : OCCRtree 0 matches after bounding box filtering
Debug   : OCCRTree found 1 matches at (-60.2338,-16.1396,-125.297) in tree of size 1705
Debug   : OCCRtree 0 matches after bounding box filtering
Debug   : OCCRTree found 1 matches at (-60.2338,-16.1396,-125.297) in tree of size 1705
Debug   : OCCRtree 0 matches after bounding box filtering
Debug   : OCCRTree found 1 matches at (-57.7425,-23.9177,-125.297) in tree of size 1705
Debug   : OCCRtree 0 matches after bounding box filtering
Debug   : OCCRTree found 1 matches at (-57.7425,-23.9177,-125.297) in tree of size 1705
Debug   : OCCRtree 0 matches after bounding box filtering
Debug   : OCCRTree found 1 matches at (-57.7425,-23.9177,-125.297) in tree of size 1705
Debug   : OCCRtree 0 matches after bounding box filtering
Debug   : OCCRTree found 1 matches at (-54.1266,-31.25,-125.297) in tree of size 1705
Debug   : OCCRtree 0 matches after bounding box filtering
Debug   : OCCRTree found 1 matches at (-54.1266,-31.25,-125.297) in tree of size 1705
Debug   : OCCRtree 0 matches after bounding box filtering
Debug   : OCCRTree found 1 matches at (-54.1266,-31.25,-125.297) in tree of size 1705
Debug   : OCCRtree 0 matches after bounding box filtering
Debug   : OCCRTree found 1 matches at (-49.5846,-38.0476,-125.297) in tree of size 1705
Debug   : OCCRtree 0 matches after bounding box filtering
Debug   : OCCRTree found 1 matches at (-49.5846,-38.0476,-125.297) in tree of size 1705
Debug   : OCCRtree 0 matches after bounding box filtering
Debug   : OCCRTree found 1 matches at (-49.5846,-38.0476,-125.297) in tree of size 1705
Debug   : OCCRtree 0 matches after bounding box filtering
Debug   : OCCRTree found 1 matches at (-44.1942,-44.1942,-125.297) in tree of size 1705
Debug   : OCCRtree 0 matches after bounding box filtering
Debug   : OCCRTree found 1 matches at (-44.1942,-44.1942,-125.297) in tree of size 1705
Debug   : OCCRtree 0 matches after bounding box filtering
Debug   : OCCRTree found 1 matches at (-44.1942,-44.1942,-125.297) in tree of size 1705
Debug   : OCCRtree 0 matches after bounding box filtering
Debug   : OCCRTree found 1 matches at (-38.0476,-49.5846,-125.297) in tree of size 1705
Debug   : OCCRtree 0 matches after bounding box filtering
Debug   : OCCRTree found 1 matches at (-38.0476,-49.5846,-125.297) in tree of size 1705
Debug   : OCCRtree 0 matches after bounding box filtering
Debug   : OCCRTree found 1 matches at (-38.0476,-49.5846,-125.297) in tree of size 1705
Debug   : OCCRtree 0 matches after bounding box filtering
Debug   : OCCRTree found 1 matches at (-31.25,-54.1266,-125.297) in tree of size 1705
Debug   : OCCRtree 0 matches after bounding box filtering
Debug   : OCCRTree found 1 matches at (-31.25,-54.1266,-125.297) in tree of size 1705
Debug   : OCCRtree 0 matches after bounding box filtering
Debug   : OCCRTree found 1 matches at (-31.25,-54.1266,-125.297) in tree of size 1705
Debug   : OCCRtree 0 matches after bounding box filtering
Debug   : OCCRTree found 1 matches at (-23.9177,-57.7425,-125.297) in tree of size 1705
Debug   : OCCRtree 0 matches after bounding box filtering
Debug   : OCCRTree found 1 matches at (-23.9177,-57.7425,-125.297) in tree of size 1705
Debug   : OCCRtree 0 matches after bounding box filtering
Debug   : OCCRTree found 1 matches at (-23.9177,-57.7425,-125.297) in tree of size 1705
Debug   : OCCRtree 0 matches after bounding box filtering
Debug   : OCCRTree found 1 matches at (-16.1762,-60.3704,-125.297) in tree of size 1705
Debug   : OCCRtree 0 matches after bounding box filtering
Debug   : OCCRTree found 1 matches at (-16.1762,-60.3704,-125.297) in tree of size 1705
Debug   : OCCRtree 0 matches after bounding box filtering
Debug   : OCCRTree found 1 matches at (-16.1762,-60.3704,-125.297) in tree of size 1705
Debug   : OCCRtree 0 matches after bounding box filtering
Debug   : OCCRTree found 1 matches at (-8.15789,-61.9653,-125.297) in tree of size 1705
Debug   : OCCRtree 0 matches after bounding box filtering
Debug   : OCCRTree found 1 matches at (-8.15789,-61.9653,-125.297) in tree of size 1705
Debug   : OCCRtree 0 matches after bounding box filtering
Debug   : OCCRTree found 1 matches at (-8.15789,-61.9653,-125.297) in tree of size 1705
Debug   : OCCRtree 0 matches after bounding box filtering
Debug   : OCCRTree found 1 matches at (0,-62.5,-125.297) in tree of size 1705
Debug   : OCCRtree 0 matches after bounding box filtering
Debug   : OCCRTree found 1 matches at (0,-62.5,-125.297) in tree of size 1705
Debug   : OCCRtree 0 matches after bounding box filtering
Debug   : OCCRTree found 1 matches at (0,-62.5,-125.297) in tree of size 1705
Debug   : OCCRtree 0 matches after bounding box filtering
Debug   : OCCRTree found 1 matches at (8.15789,-61.9653,-125.297) in tree of size 1705
Debug   : OCCRtree 0 matches after bounding box filtering
Debug   : OCCRTree found 1 matches at (8.15789,-61.9653,-125.297) in tree of size 1705
Debug   : OCCRtree 0 matches after bounding box filtering
Debug   : OCCRTree found 1 matches at (8.15789,-61.9653,-125.297) in tree of size 1705
Debug   : OCCRtree 0 matches after bounding box filtering
Debug   : OCCRTree found 1 matches at (16.1762,-60.3704,-125.297) in tree of size 1705
Debug   : OCCRtree 0 matches after bounding box filtering
Debug   : OCCRTree found 1 matches at (16.1762,-60.3704,-125.297) in tree of size 1705
Debug   : OCCRtree 0 matches after bounding box filtering
Debug   : OCCRTree found 1 matches at (16.1762,-60.3704,-125.297) in tree of size 1705
Debug   : OCCRtree 0 matches after bounding box filtering
Debug   : OCCRTree found 1 matches at (23.9177,-57.7425,-125.297) in tree of size 1705
Debug   : OCCRtree 0 matches after bounding box filtering
Debug   : OCCRTree found 1 matches at (23.9177,-57.7425,-125.297) in tree of size 1705
Debug   : OCCRtree 0 matches after bounding box filtering
Debug   : OCCRTree found 1 matches at (23.9177,-57.7425,-125.297) in tree of size 1705
Debug   : OCCRtree 0 matches after bounding box filtering
Debug   : OCCRTree found 1 matches at (31.25,-54.1266,-125.297) in tree of size 1705
Debug   : OCCRtree 0 matches after bounding box filtering
Debug   : OCCRTree found 1 matches at (31.25,-54.1266,-125.297) in tree of size 1705
Debug   : OCCRtree 0 matches after bounding box filtering
Debug   : OCCRTree found 1 matches at (31.25,-54.1266,-125.297) in tree of size 1705
Debug   : OCCRtree 0 matches after bounding box filtering
Debug   : OCCRTree found 1 matches at (38.0476,-49.5846,-125.297) in tree of size 1705
Debug   : OCCRtree 0 matches after bounding box filtering
Debug   : OCCRTree found 1 matches at (38.0476,-49.5846,-125.297) in tree of size 1705
Debug   : OCCRtree 0 matches after bounding box filtering
Debug   : OCCRTree found 1 matches at (38.0476,-49.5846,-125.297) in tree of size 1705
Debug   : OCCRtree 0 matches after bounding box filtering
Debug   : OCCRTree found 1 matches at (44.1942,-44.1942,-125.297) in tree of size 1705
Debug   : OCCRtree 0 matches after bounding box filtering
Debug   : OCCRTree found 1 matches at (44.1942,-44.1942,-125.297) in tree of size 1705
Debug   : OCCRtree 0 matches after bounding box filtering
Debug   : OCCRTree found 1 matches at (44.1942,-44.1942,-125.297) in tree of size 1705
Debug   : OCCRtree 0 matches after bounding box filtering
Debug   : OCCRTree found 1 matches at (49.5846,-38.0476,-125.297) in tree of size 1705
Debug   : OCCRtree 0 matches after bounding box filtering
Debug   : OCCRTree found 1 matches at (49.5846,-38.0476,-125.297) in tree of size 1705
Debug   : OCCRtree 0 matches after bounding box filtering
Debug   : OCCRTree found 1 matches at (49.5846,-38.0476,-125.297) in tree of size 1705
Debug   : OCCRtree 0 matches after bounding box filtering
Debug   : OCCRTree found 1 matches at (54.1266,-31.25,-125.297) in tree of size 1705
Debug   : OCCRtree 0 matches after bounding box filtering
Debug   : OCCRTree found 1 matches at (54.1266,-31.25,-125.297) in tree of size 1705
Debug   : OCCRtree 0 matches after bounding box filtering
Debug   : OCCRTree found 1 matches at (54.1266,-31.25,-125.297) in tree of size 1705
Debug   : OCCRtree 0 matches after bounding box filtering
Debug   : OCCRTree found 1 matches at (57.7425,-23.9177,-125.297) in tree of size 1705
Debug   : OCCRtree 0 matches after bounding box filtering
Debug   : OCCRTree found 1 matches at (57.7425,-23.9177,-125.297) in tree of size 1705
Debug   : OCCRtree 0 matches after bounding box filtering
Debug   : OCCRTree found 1 matches at (57.7425,-23.9177,-125.297) in tree of size 1705
Debug   : OCCRtree 0 matches after bounding box filtering
Debug   : OCCRTree found 1 matches at (60.2338,-16.1396,-125.297) in tree of size 1705
Debug   : OCCRtree 0 matches after bounding box filtering
Debug   : OCCRTree found 1 matches at (60.2338,-16.1396,-125.297) in tree of size 1705
Debug   : OCCRtree 0 matches after bounding box filtering
Debug   : OCCRTree found 1 matches at (60.2338,-16.1396,-125.297) in tree of size 1705
Debug   : OCCRtree 0 matches after bounding box filtering
Debug   : OCCRTree found 1 matches at (61.2804,-8.06772,-125.297) in tree of size 1705
Debug   : OCCRtree 0 matches after bounding box filtering
Debug   : OCCRTree found 1 matches at (61.2804,-8.06772,-125.297) in tree of size 1705
Debug   : OCCRtree 0 matches after bounding box filtering
Debug   : OCCRTree found 1 matches at (61.2804,-8.06772,-125.297) in tree of size 1705
Debug   : OCCRtree 0 matches after bounding box filtering
Debug   : OCCRTree found 1 matches at (61.4868,0,-123.786) in tree of size 1705
Debug   : OCCRtree 0 matches after bounding box filtering
Debug   : OCCRTree found 1 matches at (61.4868,0,-123.786) in tree of size 1705
Debug   : OCCRtree 0 matches after bounding box filtering
Debug   : OCCRTree found 1 matches at (61.4868,0,-123.786) in tree of size 1705
Debug   : OCCRtree 0 matches after bounding box filtering
Debug   : OCCRTree found 1 matches at (61.2694,8.16253,-123.786) in tree of size 1705
Debug   : OCCRtree 0 matches after bounding box filtering
Debug   : OCCRTree found 1 matches at (61.2694,8.16253,-123.786) in tree of size 1705
Debug   : OCCRtree 0 matches after bounding box filtering
Debug   : OCCRTree found 1 matches at (61.2694,8.16253,-123.786) in tree of size 1705
Debug   : OCCRtree 0 matches after bounding box filtering
Debug   : OCCRTree found 1 matches at (60.4303,16.2547,-123.786) in tree of size 1705
Debug   : OCCRtree 0 matches after bounding box filtering
Debug   : OCCRTree found 1 matches at (60.4303,16.2547,-123.786) in tree of size 1705
Debug   : OCCRtree 0 matches after bounding box filtering
Debug   : OCCRTree found 1 matches at (60.4303,16.2547,-123.786) in tree of size 1705
Debug   : OCCRtree 0 matches after bounding box filtering
Debug   : OCCRTree found 1 matches at (58.2508,24.1875,-123.786) in tree of size 1705
Debug   : OCCRtree 0 matches after bounding box filtering
Debug   : OCCRTree found 1 matches at (58.2508,24.1875,-123.786) in tree of size 1705
Debug   : OCCRtree 0 matches after bounding box filtering
Debug   : OCCRTree found 1 matches at (58.2508,24.1875,-123.786) in tree of size 1705
Debug   : OCCRtree 0 matches after bounding box filtering
Debug   : OCCRTree found 1 matches at (54.5984,31.5786,-123.786) in tree of size 1705
Debug   : OCCRtree 0 matches after bounding box filtering
Debug   : OCCRTree found 1 matches at (54.5984,31.5786,-123.786) in tree of size 1705
Debug   : OCCRtree 0 matches after bounding box filtering
Debug   : OCCRTree found 1 matches at (54.5984,31.5786,-123.786) in tree of size 1705
Debug   : OCCRtree 0 matches after bounding box filtering
Debug   : OCCRTree found 1 matches at (50.0132,38.4301,-123.786) in tree of size 1705
Debug   : OCCRtree 0 matches after bounding box filtering
Debug   : OCCRTree found 1 matches at (50.0132,38.4301,-123.786) in tree of size 1705
Debug   : OCCRtree 0 matches after bounding box filtering
Debug   : OCCRTree found 1 matches at (50.0132,38.4301,-123.786) in tree of size 1705
Debug   : OCCRtree 0 matches after bounding box filtering
Debug   : OCCRTree found 1 matches at (44.5735,44.6251,-123.786) in tree of size 1705
Debug   : OCCRtree 0 matches after bounding box filtering
Debug   : OCCRTree found 1 matches at (44.5735,44.6251,-123.786) in tree of size 1705
Debug   : OCCRtree 0 matches after bounding box filtering
Debug   : OCCRTree found 1 matches at (44.5735,44.6251,-123.786) in tree of size 1705
Debug   : OCCRtree 0 matches after bounding box filtering
Debug   : OCCRTree found 1 matches at (38.3722,50.0576,-123.786) in tree of size 1705
Debug   : OCCRtree 0 matches after bounding box filtering
Debug   : OCCRTree found 1 matches at (38.3722,50.0576,-123.786) in tree of size 1705
Debug   : OCCRtree 0 matches after bounding box filtering
Debug   : OCCRTree found 1 matches at (38.3722,50.0576,-123.786) in tree of size 1705
Debug   : OCCRtree 0 matches after bounding box filtering
Debug   : OCCRTree found 1 matches at (31.5154,54.6349,-123.786) in tree of size 1705
Debug   : OCCRtree 0 matches after bounding box filtering
Debug   : OCCRTree found 1 matches at (31.5154,54.6349,-123.786) in tree of size 1705
Debug   : OCCRtree 0 matches after bounding box filtering
Debug   : OCCRTree found 1 matches at (31.5154,54.6349,-123.786) in tree of size 1705
Debug   : OCCRtree 0 matches after bounding box filtering
Debug   : OCCRTree found 1 matches at (24.1201,58.2788,-123.786) in tree of size 1705
Debug   : OCCRtree 0 matches after bounding box filtering
Debug   : OCCRTree found 1 matches at (24.1201,58.2788,-123.786) in tree of size 1705
Debug   : OCCRtree 0 matches after bounding box filtering
Debug   : OCCRTree found 1 matches at (24.1201,58.2788,-123.786) in tree of size 1705
Debug   : OCCRtree 0 matches after bounding box filtering
Debug   : OCCRTree found 1 matches at (16.3127,60.9269,-123.786) in tree of size 1705
Debug   : OCCRtree 0 matches after bounding box filtering
Debug   : OCCRTree found 1 matches at (16.3127,60.9269,-123.786) in tree of size 1705
Debug   : OCCRtree 0 matches after bounding box filtering
Debug   : OCCRTree found 1 matches at (16.3127,60.9269,-123.786) in tree of size 1705
Debug   : OCCRtree 0 matches after bounding box filtering
Debug   : OCCRTree found 1 matches at (8.22664,62.5341,-123.786) in tree of size 1705
Debug   : OCCRtree 0 matches after bounding box filtering
Debug   : OCCRTree found 1 matches at (8.22664,62.5341,-123.786) in tree of size 1705
Debug   : OCCRtree 0 matches after bounding box filtering
Debug   : OCCRTree found 1 matches at (8.22664,62.5341,-123.786) in tree of size 1705
Debug   : OCCRtree 0 matches after bounding box filtering
Debug   : OCCRTree found 1 matches at (0,63.0729,-123.786) in tree of size 1705
Debug   : OCCRtree 0 matches after bounding box filtering
Debug   : OCCRTree found 1 matches at (0,63.0729,-123.786) in tree of size 1705
Debug   : OCCRtree 0 matches after bounding box filtering
Debug   : OCCRTree found 1 matches at (0,63.0729,-123.786) in tree of size 1705
Debug   : OCCRtree 0 matches after bounding box filtering
Debug   : OCCRTree found 1 matches at (-8.22664,62.5341,-123.786) in tree of size 1705
Debug   : OCCRtree 0 matches after bounding box filtering
Debug   : OCCRTree found 1 matches at (-8.22664,62.5341,-123.786) in tree of size 1705
Debug   : OCCRtree 0 matches after bounding box filtering
Debug   : OCCRTree found 1 matches at (-8.22664,62.5341,-123.786) in tree of size 1705
Debug   : OCCRtree 0 matches after bounding box filtering
Debug   : OCCRTree found 1 matches at (-16.3127,60.9269,-123.786) in tree of size 1705
Debug   : OCCRtree 0 matches after bounding box filtering
Debug   : OCCRTree found 1 matches at (-16.3127,60.9269,-123.786) in tree of size 1705
Debug   : OCCRtree 0 matches after bounding box filtering
Debug   : OCCRTree found 1 matches at (-16.3127,60.9269,-123.786) in tree of size 1705
Debug   : OCCRtree 0 matches after bounding box filtering
Debug   : OCCRTree found 1 matches at (-24.1201,58.2788,-123.786) in tree of size 1705
Debug   : OCCRtree 0 matches after bounding box filtering
Debug   : OCCRTree found 1 matches at (-24.1201,58.2788,-123.786) in tree of size 1705
Debug   : OCCRtree 0 matches after bounding box filtering
Debug   : OCCRTree found 1 matches at (-24.1201,58.2788,-123.786) in tree of size 1705
Debug   : OCCRtree 0 matches after bounding box filtering
Debug   : OCCRTree found 1 matches at (-31.5154,54.6349,-123.786) in tree of size 1705
Debug   : OCCRtree 0 matches after bounding box filtering
Debug   : OCCRTree found 1 matches at (-31.5154,54.6349,-123.786) in tree of size 1705
Debug   : OCCRtree 0 matches after bounding box filtering
Debug   : OCCRTree found 1 matches at (-31.5154,54.6349,-123.786) in tree of size 1705
Debug   : OCCRtree 0 matches after bounding box filtering
Debug   : OCCRTree found 1 matches at (-38.3722,50.0576,-123.786) in tree of size 1705
Debug   : OCCRtree 0 matches after bounding box filtering
Debug   : OCCRTree found 1 matches at (-38.3722,50.0576,-123.786) in tree of size 1705
Debug   : OCCRtree 0 matches after bounding box filtering
Debug   : OCCRTree found 1 matches at (-38.3722,50.0576,-123.786) in tree of size 1705
Debug   : OCCRtree 0 matches after bounding box filtering
Debug   : OCCRTree found 1 matches at (-44.5735,44.6251,-123.786) in tree of size 1705
Debug   : OCCRtree 0 matches after bounding box filtering
Debug   : OCCRTree found 1 matches at (-44.5735,44.6251,-123.786) in tree of size 1705
Debug   : OCCRtree 0 matches after bounding box filtering
Debug   : OCCRTree found 1 matches at (-44.5735,44.6251,-123.786) in tree of size 1705
Debug   : OCCRtree 0 matches after bounding box filtering
Debug   : OCCRTree found 1 matches at (-50.0132,38.4301,-123.786) in tree of size 1705
Debug   : OCCRtree 0 matches after bounding box filtering
Debug   : OCCRTree found 1 matches at (-50.0132,38.4301,-123.786) in tree of size 1705
Debug   : OCCRtree 0 matches after bounding box filtering
Debug   : OCCRTree found 1 matches at (-50.0132,38.4301,-123.786) in tree of size 1705
Debug   : OCCRtree 0 matches after bounding box filtering
Debug   : OCCRTree found 1 matches at (-54.5984,31.5786,-123.786) in tree of size 1705
Debug   : OCCRtree 0 matches after bounding box filtering
Debug   : OCCRTree found 1 matches at (-54.5984,31.5786,-123.786) in tree of size 1705
Debug   : OCCRtree 0 matches after bounding box filtering
Debug   : OCCRTree found 1 matches at (-54.5984,31.5786,-123.786) in tree of size 1705
Debug   : OCCRtree 0 matches after bounding box filtering
Debug   : OCCRTree found 1 matches at (-58.2508,24.1875,-123.786) in tree of size 1705
Debug   : OCCRtree 0 matches after bounding box filtering
Debug   : OCCRTree found 1 matches at (-58.2508,24.1875,-123.786) in tree of size 1705
Debug   : OCCRtree 0 matches after bounding box filtering
Debug   : OCCRTree found 1 matches at (-58.2508,24.1875,-123.786) in tree of size 1705
Debug   : OCCRtree 0 matches after bounding box filtering
Debug   : OCCRTree found 1 matches at (-60.4303,16.2547,-123.786) in tree of size 1705
Debug   : OCCRtree 0 matches after bounding box filtering
Debug   : OCCRTree found 1 matches at (-60.4303,16.2547,-123.786) in tree of size 1705
Debug   : OCCRtree 0 matches after bounding box filtering
Debug   : OCCRTree found 1 matches at (-60.4303,16.2547,-123.786) in tree of size 1705
Debug   : OCCRtree 0 matches after bounding box filtering
Debug   : OCCRTree found 1 matches at (-61.2694,8.16253,-123.786) in tree of size 1705
Debug   : OCCRtree 0 matches after bounding box filtering
Debug   : OCCRTree found 1 matches at (-61.2694,8.16253,-123.786) in tree of size 1705
Debug   : OCCRtree 0 matches after bounding box filtering
Debug   : OCCRTree found 1 matches at (-61.2694,8.16253,-123.786) in tree of size 1705
Debug   : OCCRtree 0 matches after bounding box filtering
Debug   : OCCRTree found 1 matches at (-61.4868,0,-123.786) in tree of size 1705
Debug   : OCCRtree 0 matches after bounding box filtering
Debug   : OCCRTree found 1 matches at (-61.4868,0,-123.786) in tree of size 1705
Debug   : OCCRtree 0 matches after bounding box filtering
Debug   : OCCRTree found 1 matches at (-61.4868,0,-123.786) in tree of size 1705
Debug   : OCCRtree 0 matches after bounding box filtering
Debug   : OCCRTree found 1 matches at (-61.2694,-8.16253,-123.786) in tree of size 1705
Debug   : OCCRtree 0 matches after bounding box filtering
Debug   : OCCRTree found 1 matches at (-61.2694,-8.16253,-123.786) in tree of size 1705
Debug   : OCCRtree 0 matches after bounding box filtering
Debug   : OCCRTree found 1 matches at (-61.2694,-8.16253,-123.786) in tree of size 1705
Debug   : OCCRtree 0 matches after bounding box filtering
Debug   : OCCRTree found 1 matches at (-60.4303,-16.2547,-123.786) in tree of size 1705
Debug   : OCCRtree 0 matches after bounding box filtering
Debug   : OCCRTree found 1 matches at (-60.4303,-16.2547,-123.786) in tree of size 1705
Debug   : OCCRtree 0 matches after bounding box filtering
Debug   : OCCRTree found 1 matches at (-60.4303,-16.2547,-123.786) in tree of size 1705
Debug   : OCCRtree 0 matches after bounding box filtering
Debug   : OCCRTree found 1 matches at (-58.2508,-24.1875,-123.786) in tree of size 1705
Debug   : OCCRtree 0 matches after bounding box filtering
Debug   : OCCRTree found 1 matches at (-58.2508,-24.1875,-123.786) in tree of size 1705
Debug   : OCCRtree 0 matches after bounding box filtering
Debug   : OCCRTree found 1 matches at (-58.2508,-24.1875,-123.786) in tree of size 1705
Debug   : OCCRtree 0 matches after bounding box filtering
Debug   : OCCRTree found 1 matches at (-54.5984,-31.5786,-123.786) in tree of size 1705
Debug   : OCCRtree 0 matches after bounding box filtering
Debug   : OCCRTree found 1 matches at (-54.5984,-31.5786,-123.786) in tree of size 1705
Debug   : OCCRtree 0 matches after bounding box filtering
Debug   : OCCRTree found 1 matches at (-54.5984,-31.5786,-123.786) in tree of size 1705
Debug   : OCCRtree 0 matches after bounding box filtering
Debug   : OCCRTree found 1 matches at (-50.0132,-38.4301,-123.786) in tree of size 1705
Debug   : OCCRtree 0 matches after bounding box filtering
Debug   : OCCRTree found 1 matches at (-50.0132,-38.4301,-123.786) in tree of size 1705
Debug   : OCCRtree 0 matches after bounding box filtering
Debug   : OCCRTree found 1 matches at (-50.0132,-38.4301,-123.786) in tree of size 1705
Debug   : OCCRtree 0 matches after bounding box filtering
Debug   : OCCRTree found 1 matches at (-44.5735,-44.6251,-123.786) in tree of size 1705
Debug   : OCCRtree 0 matches after bounding box filtering
Debug   : OCCRTree found 1 matches at (-44.5735,-44.6251,-123.786) in tree of size 1705
Debug   : OCCRtree 0 matches after bounding box filtering
Debug   : OCCRTree found 1 matches at (-44.5735,-44.6251,-123.786) in tree of size 1705
Debug   : OCCRtree 0 matches after bounding box filtering
Debug   : OCCRTree found 1 matches at (-38.3722,-50.0576,-123.786) in tree of size 1705
Debug   : OCCRtree 0 matches after bounding box filtering
Debug   : OCCRTree found 1 matches at (-38.3722,-50.0576,-123.786) in tree of size 1705
Debug   : OCCRtree 0 matches after bounding box filtering
Debug   : OCCRTree found 1 matches at (-38.3722,-50.0576,-123.786) in tree of size 1705
Debug   : OCCRtree 0 matches after bounding box filtering
Debug   : OCCRTree found 1 matches at (-31.5154,-54.6349,-123.786) in tree of size 1705
Debug   : OCCRtree 0 matches after bounding box filtering
Debug   : OCCRTree found 1 matches at (-31.5154,-54.6349,-123.786) in tree of size 1705
Debug   : OCCRtree 0 matches after bounding box filtering
Debug   : OCCRTree found 1 matches at (-31.5154,-54.6349,-123.786) in tree of size 1705
Debug   : OCCRtree 0 matches after bounding box filtering
Debug   : OCCRTree found 1 matches at (-24.1201,-58.2788,-123.786) in tree of size 1705
Debug   : OCCRtree 0 matches after bounding box filtering
Debug   : OCCRTree found 1 matches at (-24.1201,-58.2788,-123.786) in tree of size 1705
Debug   : OCCRtree 0 matches after bounding box filtering
Debug   : OCCRTree found 1 matches at (-24.1201,-58.2788,-123.786) in tree of size 1705
Debug   : OCCRtree 0 matches after bounding box filtering
Debug   : OCCRTree found 1 matches at (-16.3127,-60.9269,-123.786) in tree of size 1705
Debug   : OCCRtree 0 matches after bounding box filtering
Debug   : OCCRTree found 1 matches at (-16.3127,-60.9269,-123.786) in tree of size 1705
Debug   : OCCRtree 0 matches after bounding box filtering
Debug   : OCCRTree found 1 matches at (-16.3127,-60.9269,-123.786) in tree of size 1705
Debug   : OCCRtree 0 matches after bounding box filtering
Debug   : OCCRTree found 1 matches at (-8.22664,-62.5341,-123.786) in tree of size 1705
Debug   : OCCRtree 0 matches after bounding box filtering
Debug   : OCCRTree found 1 matches at (-8.22664,-62.5341,-123.786) in tree of size 1705
Debug   : OCCRtree 0 matches after bounding box filtering
Debug   : OCCRTree found 1 matches at (-8.22664,-62.5341,-123.786) in tree of size 1705
Debug   : OCCRtree 0 matches after bounding box filtering
Debug   : OCCRTree found 1 matches at (0,-63.0729,-123.786) in tree of size 1705
Debug   : OCCRtree 0 matches after bounding box filtering
Debug   : OCCRTree found 1 matches at (0,-63.0729,-123.786) in tree of size 1705
Debug   : OCCRtree 0 matches after bounding box filtering
Debug   : OCCRTree found 1 matches at (0,-63.0729,-123.786) in tree of size 1705
Debug   : OCCRtree 0 matches after bounding box filtering
Debug   : OCCRTree found 1 matches at (8.22664,-62.5341,-123.786) in tree of size 1705
Debug   : OCCRtree 0 matches after bounding box filtering
Debug   : OCCRTree found 1 matches at (8.22664,-62.5341,-123.786) in tree of size 1705
Debug   : OCCRtree 0 matches after bounding box filtering
Debug   : OCCRTree found 1 matches at (8.22664,-62.5341,-123.786) in tree of size 1705
Debug   : OCCRtree 0 matches after bounding box filtering
Debug   : OCCRTree found 1 matches at (16.3127,-60.9269,-123.786) in tree of size 1705
Debug   : OCCRtree 0 matches after bounding box filtering
Debug   : OCCRTree found 1 matches at (16.3127,-60.9269,-123.786) in tree of size 1705
Debug   : OCCRtree 0 matches after bounding box filtering
Debug   : OCCRTree found 1 matches at (16.3127,-60.9269,-123.786) in tree of size 1705
Debug   : OCCRtree 0 matches after bounding box filtering
Debug   : OCCRTree found 1 matches at (24.1201,-58.2788,-123.786) in tree of size 1705
Debug   : OCCRtree 0 matches after bounding box filtering
Debug   : OCCRTree found 1 matches at (24.1201,-58.2788,-123.786) in tree of size 1705
Debug   : OCCRtree 0 matches after bounding box filtering
Debug   : OCCRTree found 1 matches at (24.1201,-58.2788,-123.786) in tree of size 1705
Debug   : OCCRtree 0 matches after bounding box filtering
Debug   : OCCRTree found 1 matches at (31.5154,-54.6349,-123.786) in tree of size 1705
Debug   : OCCRtree 0 matches after bounding box filtering
Debug   : OCCRTree found 1 matches at (31.5154,-54.6349,-123.786) in tree of size 1705
Debug   : OCCRtree 0 matches after bounding box filtering
Debug   : OCCRTree found 1 matches at (31.5154,-54.6349,-123.786) in tree of size 1705
Debug   : OCCRtree 0 matches after bounding box filtering
Debug   : OCCRTree found 1 matches at (38.3722,-50.0576,-123.786) in tree of size 1705
Debug   : OCCRtree 0 matches after bounding box filtering
Debug   : OCCRTree found 1 matches at (38.3722,-50.0576,-123.786) in tree of size 1705
Debug   : OCCRtree 0 matches after bounding box filtering
Debug   : OCCRTree found 1 matches at (38.3722,-50.0576,-123.786) in tree of size 1705
Debug   : OCCRtree 0 matches after bounding box filtering
Debug   : OCCRTree found 1 matches at (44.5735,-44.6251,-123.786) in tree of size 1705
Debug   : OCCRtree 0 matches after bounding box filtering
Debug   : OCCRTree found 1 matches at (44.5735,-44.6251,-123.786) in tree of size 1705
Debug   : OCCRtree 0 matches after bounding box filtering
Debug   : OCCRTree found 1 matches at (44.5735,-44.6251,-123.786) in tree of size 1705
Debug   : OCCRtree 0 matches after bounding box filtering
Debug   : OCCRTree found 1 matches at (50.0132,-38.4301,-123.786) in tree of size 1705
Debug   : OCCRtree 0 matches after bounding box filtering
Debug   : OCCRTree found 1 matches at (50.0132,-38.4301,-123.786) in tree of size 1705
Debug   : OCCRtree 0 matches after bounding box filtering
Debug   : OCCRTree found 1 matches at (50.0132,-38.4301,-123.786) in tree of size 1705
Debug   : OCCRtree 0 matches after bounding box filtering
Debug   : OCCRTree found 1 matches at (54.5984,-31.5786,-123.786) in tree of size 1705
Debug   : OCCRtree 0 matches after bounding box filtering
Debug   : OCCRTree found 1 matches at (54.5984,-31.5786,-123.786) in tree of size 1705
Debug   : OCCRtree 0 matches after bounding box filtering
Debug   : OCCRTree found 1 matches at (54.5984,-31.5786,-123.786) in tree of size 1705
Debug   : OCCRtree 0 matches after bounding box filtering
Debug   : OCCRTree found 1 matches at (58.2508,-24.1875,-123.786) in tree of size 1705
Debug   : OCCRtree 0 matches after bounding box filtering
Debug   : OCCRTree found 1 matches at (58.2508,-24.1875,-123.786) in tree of size 1705
Debug   : OCCRtree 0 matches after bounding box filtering
Debug   : OCCRTree found 1 matches at (58.2508,-24.1875,-123.786) in tree of size 1705
Debug   : OCCRtree 0 matches after bounding box filtering
Debug   : OCCRTree found 1 matches at (60.4303,-16.2547,-123.786) in tree of size 1705
Debug   : OCCRtree 0 matches after bounding box filtering
Debug   : OCCRTree found 1 matches at (60.4303,-16.2547,-123.786) in tree of size 1705
Debug   : OCCRtree 0 matches after bounding box filtering
Debug   : OCCRTree found 1 matches at (60.4303,-16.2547,-123.786) in tree of size 1705
Debug   : OCCRtree 0 matches after bounding box filtering
Debug   : OCCRTree found 1 matches at (61.2694,-8.16253,-123.786) in tree of size 1705
Debug   : OCCRtree 0 matches after bounding box filtering
Debug   : OCCRTree found 1 matches at (61.2694,-8.16253,-123.786) in tree of size 1705
Debug   : OCCRtree 0 matches after bounding box filtering
Debug   : OCCRTree found 1 matches at (61.2694,-8.16253,-123.786) in tree of size 1705
Debug   : OCCRtree 0 matches after bounding box filtering
Debug   : OCCRTree found 1 matches at (61.2497,0,-122.275) in tree of size 1705
Debug   : OCCRtree 0 matches after bounding box filtering
Debug   : OCCRTree found 1 matches at (61.2497,0,-122.275) in tree of size 1705
Debug   : OCCRtree 0 matches after bounding box filtering
Debug   : OCCRTree found 1 matches at (61.2497,0,-122.275) in tree of size 1705
Debug   : OCCRtree 0 matches after bounding box filtering
Debug   : OCCRTree found 1 matches at (61.109,8.28082,-122.275) in tree of size 1705
Debug   : OCCRtree 0 matches after bounding box filtering
Debug   : OCCRTree found 1 matches at (61.109,8.28082,-122.275) in tree of size 1705
Debug   : OCCRtree 0 matches after bounding box filtering
Debug   : OCCRTree found 1 matches at (61.109,8.28082,-122.275) in tree of size 1705
Debug   : OCCRtree 0 matches after bounding box filtering
Debug   : OCCRTree found 1 matches at (60.4689,16.3882,-122.275) in tree of size 1705
Debug   : OCCRtree 0 matches after bounding box filtering
Debug   : OCCRTree found 1 matches at (60.4689,16.3882,-122.275) in tree of size 1705
Debug   : OCCRtree 0 matches after bounding box filtering
Debug   : OCCRTree found 1 matches at (60.4689,16.3882,-122.275) in tree of size 1705
Debug   : OCCRtree 0 matches after bounding box filtering
Debug   : OCCRTree found 1 matches at (58.6976,24.4805,-122.275) in tree of size 1705
Debug   : OCCRtree 0 matches after bounding box filtering
Debug   : OCCRTree found 1 matches at (58.6976,24.4805,-122.275) in tree of size 1705
Debug   : OCCRtree 0 matches after bounding box filtering
Debug   : OCCRTree found 1 matches at (58.6976,24.4805,-122.275) in tree of size 1705
Debug   : OCCRtree 0 matches after bounding box filtering
Debug   : OCCRTree found 1 matches at (55.0501,31.9418,-122.275) in tree of size 1705
Debug   : OCCRtree 0 matches after bounding box filtering
Debug   : OCCRTree found 1 matches at (55.0501,31.9418,-122.275) in tree of size 1705
Debug   : OCCRtree 0 matches after bounding box filtering
Debug   : OCCRTree found 1 matches at (55.0501,31.9418,-122.275) in tree of size 1705
Debug   : OCCRtree 0 matches after bounding box filtering
Debug   : OCCRTree found 1 matches at (50.4204,38.8404,-122.275) in tree of size 1705
Debug   : OCCRtree 0 matches after bounding box filtering
Debug   : OCCRTree found 1 matches at (50.4204,38.8404,-122.275) in tree of size 1705
Debug   : OCCRtree 0 matches after bounding box filtering
Debug   : OCCRTree found 1 matches at (50.4204,38.8404,-122.275) in tree of size 1705
Debug   : OCCRtree 0 matches after bounding box filtering
Debug   : OCCRTree found 1 matches at (44.9315,45.0772,-122.275) in tree of size 1705
Debug   : OCCRtree 0 matches after bounding box filtering
Debug   : OCCRTree found 1 matches at (44.9315,45.0772,-122.275) in tree of size 1705
Debug   : OCCRtree 0 matches after bounding box filtering
Debug   : OCCRTree found 1 matches at (44.9315,45.0772,-122.275) in tree of size 1705
Debug   : OCCRtree 0 matches after bounding box filtering
Debug   : OCCRTree found 1 matches at (38.677,50.5459,-122.275) in tree of size 1705
Debug   : OCCRtree 0 matches after bounding box filtering
Debug   : OCCRTree found 1 matches at (38.677,50.5459,-122.275) in tree of size 1705
Debug   : OCCRtree 0 matches after bounding box filtering
Debug   : OCCRTree found 1 matches at (38.677,50.5459,-122.275) in tree of size 1705
Debug   : OCCRtree 0 matches after bounding box filtering
Debug   : OCCRTree found 1 matches at (31.7634,55.1532,-122.275) in tree of size 1705
Debug   : OCCRtree 0 matches after bounding box filtering
Debug   : OCCRTree found 1 matches at (31.7634,55.1532,-122.275) in tree of size 1705
Debug   : OCCRtree 0 matches after bounding box filtering
Debug   : OCCRTree found 1 matches at (31.7634,55.1532,-122.275) in tree of size 1705
Debug   : OCCRtree 0 matches after bounding box filtering
Debug   : OCCRTree found 1 matches at (24.3086,58.8208,-122.275) in tree of size 1705
Debug   : OCCRtree 0 matches after bounding box filtering
Debug   : OCCRTree found 1 matches at (24.3086,58.8208,-122.275) in tree of size 1705
Debug   : OCCRtree 0 matches after bounding box filtering
Debug   : OCCRTree found 1 matches at (24.3086,58.8208,-122.275) in tree of size 1705
Debug   : OCCRtree 0 matches after bounding box filtering
Debug   : OCCRTree found 1 matches at (16.4396,61.486,-122.275) in tree of size 1705
Debug   : OCCRtree 0 matches after bounding box filtering
Debug   : OCCRTree found 1 matches at (16.4396,61.486,-122.275) in tree of size 1705
Debug   : OCCRtree 0 matches after bounding box filtering
Debug   : OCCRTree found 1 matches at (16.4396,61.486,-122.275) in tree of size 1705
Debug   : OCCRtree 0 matches after bounding box filtering
Debug   : OCCRTree found 1 matches at (8.29042,63.1036,-122.275) in tree of size 1705
Debug   : OCCRtree 0 matches after bounding box filtering
Debug   : OCCRTree found 1 matches at (8.29042,63.1036,-122.275) in tree of size 1705
Debug   : OCCRtree 0 matches after bounding box filtering
Debug   : OCCRTree found 1 matches at (8.29042,63.1036,-122.275) in tree of size 1705
Debug   : OCCRtree 0 matches after bounding box filtering
Debug   : OCCRTree found 1 matches at (0,63.6458,-122.275) in tree of size 1705
Debug   : OCCRtree 0 matches after bounding box filtering
Debug   : OCCRTree found 1 matches at (0,63.6458,-122.275) in tree of size 1705
Debug   : OCCRtree 0 matches after bounding box filtering
Debug   : OCCRTree found 1 matches at (0,63.6458,-122.275) in tree of size 1705
Debug   : OCCRtree 0 matches after bounding box filtering
Debug   : OCCRTree found 1 matches at (-8.29042,63.1036,-122.275) in tree of size 1705
Debug   : OCCRtree 0 matches after bounding box filtering
Debug   : OCCRTree found 1 matches at (-8.29042,63.1036,-122.275) in tree of size 1705
Debug   : OCCRtree 0 matches after bounding box filtering
Debug   : OCCRTree found 1 matches at (-8.29042,63.1036,-122.275) in tree of size 1705
Debug   : OCCRtree 0 matches after bounding box filtering
Debug   : OCCRTree found 1 matches at (-16.4396,61.486,-122.275) in tree of size 1705
Debug   : OCCRtree 0 matches after bounding box filtering
Debug   : OCCRTree found 1 matches at (-16.4396,61.486,-122.275) in tree of size 1705
Debug   : OCCRtree 0 matches after bounding box filtering
Debug   : OCCRTree found 1 matches at (-16.4396,61.486,-122.275) in tree of size 1705
Debug   : OCCRtree 0 matches after bounding box filtering
Debug   : OCCRTree found 1 matches at (-24.3086,58.8208,-122.275) in tree of size 1705
Debug   : OCCRtree 0 matches after bounding box filtering
Debug   : OCCRTree found 1 matches at (-24.3086,58.8208,-122.275) in tree of size 1705
Debug   : OCCRtree 0 matches after bounding box filtering
Debug   : OCCRTree found 1 matches at (-24.3086,58.8208,-122.275) in tree of size 1705
Debug   : OCCRtree 0 matches after bounding box filtering
Debug   : OCCRTree found 1 matches at (-31.7634,55.1532,-122.275) in tree of size 1705
Debug   : OCCRtree 0 matches after bounding box filtering
Debug   : OCCRTree found 1 matches at (-31.7634,55.1532,-122.275) in tree of size 1705
Debug   : OCCRtree 0 matches after bounding box filtering
Debug   : OCCRTree found 1 matches at (-31.7634,55.1532,-122.275) in tree of size 1705
Debug   : OCCRtree 0 matches after bounding box filtering
Debug   : OCCRTree found 1 matches at (-38.677,50.5459,-122.275) in tree of size 1705
Debug   : OCCRtree 0 matches after bounding box filtering
Debug   : OCCRTree found 1 matches at (-38.677,50.5459,-122.275) in tree of size 1705
Debug   : OCCRtree 0 matches after bounding box filtering
Debug   : OCCRTree found 1 matches at (-38.677,50.5459,-122.275) in tree of size 1705
Debug   : OCCRtree 0 matches after bounding box filtering
Debug   : OCCRTree found 1 matches at (-44.9315,45.0772,-122.275) in tree of size 1705
Debug   : OCCRtree 0 matches after bounding box filtering
Debug   : OCCRTree found 1 matches at (-44.9315,45.0772,-122.275) in tree of size 1705
Debug   : OCCRtree 0 matches after bounding box filtering
Debug   : OCCRTree found 1 matches at (-44.9315,45.0772,-122.275) in tree of size 1705
Debug   : OCCRtree 0 matches after bounding box filtering
Debug   : OCCRTree found 1 matches at (-50.4204,38.8404,-122.275) in tree of size 1705
Debug   : OCCRtree 0 matches after bounding box filtering
Debug   : OCCRTree found 1 matches at (-50.4204,38.8404,-122.275) in tree of size 1705
Debug   : OCCRtree 0 matches after bounding box filtering
Debug   : OCCRTree found 1 matches at (-50.4204,38.8404,-122.275) in tree of size 1705
Debug   : OCCRtree 0 matches after bounding box filtering
Debug   : OCCRTree found 1 matches at (-55.0501,31.9418,-122.275) in tree of size 1705
Debug   : OCCRtree 0 matches after bounding box filtering
Debug   : OCCRTree found 1 matches at (-55.0501,31.9418,-122.275) in tree of size 1705
Debug   : OCCRtree 0 matches after bounding box filtering
Debug   : OCCRTree found 1 matches at (-55.0501,31.9418,-122.275) in tree of size 1705
Debug   : OCCRtree 0 matches after bounding box filtering
Debug   : OCCRTree found 1 matches at (-58.6976,24.4805,-122.275) in tree of size 1705
Debug   : OCCRtree 0 matches after bounding box filtering
Debug   : OCCRTree found 1 matches at (-58.6976,24.4805,-122.275) in tree of size 1705
Debug   : OCCRtree 0 matches after bounding box filtering
Debug   : OCCRTree found 1 matches at (-58.6976,24.4805,-122.275) in tree of size 1705
Debug   : OCCRtree 0 matches after bounding box filtering
Debug   : OCCRTree found 1 matches at (-60.4689,16.3882,-122.275) in tree of size 1705
Debug   : OCCRtree 0 matches after bounding box filtering
Debug   : OCCRTree found 1 matches at (-60.4689,16.3882,-122.275) in tree of size 1705
Debug   : OCCRtree 0 matches after bounding box filtering
Debug   : OCCRTree found 1 matches at (-60.4689,16.3882,-122.275) in tree of size 1705
Debug   : OCCRtree 0 matches after bounding box filtering
Debug   : OCCRTree found 1 matches at (-61.109,8.28082,-122.275) in tree of size 1705
Debug   : OCCRtree 0 matches after bounding box filtering
Debug   : OCCRTree found 1 matches at (-61.109,8.28082,-122.275) in tree of size 1705
Debug   : OCCRtree 0 matches after bounding box filtering
Debug   : OCCRTree found 1 matches at (-61.109,8.28082,-122.275) in tree of size 1705
Debug   : OCCRtree 0 matches after bounding box filtering
Debug   : OCCRTree found 1 matches at (-61.2497,0,-122.275) in tree of size 1705
Debug   : OCCRtree 0 matches after bounding box filtering
Debug   : OCCRTree found 1 matches at (-61.2497,0,-122.275) in tree of size 1705
Debug   : OCCRtree 0 matches after bounding box filtering
Debug   : OCCRTree found 1 matches at (-61.2497,0,-122.275) in tree of size 1705
Debug   : OCCRtree 0 matches after bounding box filtering
Debug   : OCCRTree found 1 matches at (-61.109,-8.28082,-122.275) in tree of size 1705
Debug   : OCCRtree 0 matches after bounding box filtering
Debug   : OCCRTree found 1 matches at (-61.109,-8.28082,-122.275) in tree of size 1705
Debug   : OCCRtree 0 matches after bounding box filtering
Debug   : OCCRTree found 1 matches at (-61.109,-8.28082,-122.275) in tree of size 1705
Debug   : OCCRtree 0 matches after bounding box filtering
Debug   : OCCRTree found 1 matches at (-60.4689,-16.3882,-122.275) in tree of size 1705
Debug   : OCCRtree 0 matches after bounding box filtering
Debug   : OCCRTree found 1 matches at (-60.4689,-16.3882,-122.275) in tree of size 1705
Debug   : OCCRtree 0 matches after bounding box filtering
Debug   : OCCRTree found 1 matches at (-60.4689,-16.3882,-122.275) in tree of size 1705
Debug   : OCCRtree 0 matches after bounding box filtering
Debug   : OCCRTree found 1 matches at (-58.6976,-24.4805,-122.275) in tree of size 1705
Debug   : OCCRtree 0 matches after bounding box filtering
Debug   : OCCRTree found 1 matches at (-58.6976,-24.4805,-122.275) in tree of size 1705
Debug   : OCCRtree 0 matches after bounding box filtering
Debug   : OCCRTree found 1 matches at (-58.6976,-24.4805,-122.275) in tree of size 1705
Debug   : OCCRtree 0 matches after bounding box filtering
Debug   : OCCRTree found 1 matches at (-55.0501,-31.9418,-122.275) in tree of size 1705
Debug   : OCCRtree 0 matches after bounding box filtering
Debug   : OCCRTree found 1 matches at (-55.0501,-31.9418,-122.275) in tree of size 1705
Debug   : OCCRtree 0 matches after bounding box filtering
Debug   : OCCRTree found 1 matches at (-55.0501,-31.9418,-122.275) in tree of size 1705
Debug   : OCCRtree 0 matches after bounding box filtering
Debug   : OCCRTree found 1 matches at (-50.4204,-38.8404,-122.275) in tree of size 1705
Debug   : OCCRtree 0 matches after bounding box filtering
Debug   : OCCRTree found 1 matches at (-50.4204,-38.8404,-122.275) in tree of size 1705
Debug   : OCCRtree 0 matches after bounding box filtering
Debug   : OCCRTree found 1 matches at (-50.4204,-38.8404,-122.275) in tree of size 1705
Debug   : OCCRtree 0 matches after bounding box filtering
Debug   : OCCRTree found 1 matches at (-44.9315,-45.0772,-122.275) in tree of size 1705
Debug   : OCCRtree 0 matches after bounding box filtering
Debug   : OCCRTree found 1 matches at (-44.9315,-45.0772,-122.275) in tree of size 1705
Debug   : OCCRtree 0 matches after bounding box filtering
Debug   : OCCRTree found 1 matches at (-44.9315,-45.0772,-122.275) in tree of size 1705
Debug   : OCCRtree 0 matches after bounding box filtering
Debug   : OCCRTree found 1 matches at (-38.677,-50.5459,-122.275) in tree of size 1705
Debug   : OCCRtree 0 matches after bounding box filtering
Debug   : OCCRTree found 1 matches at (-38.677,-50.5459,-122.275) in tree of size 1705
Debug   : OCCRtree 0 matches after bounding box filtering
Debug   : OCCRTree found 1 matches at (-38.677,-50.5459,-122.275) in tree of size 1705
Debug   : OCCRtree 0 matches after bounding box filtering
Debug   : OCCRTree found 1 matches at (-31.7634,-55.1532,-122.275) in tree of size 1705
Debug   : OCCRtree 0 matches after bounding box filtering
Debug   : OCCRTree found 1 matches at (-31.7634,-55.1532,-122.275) in tree of size 1705
Debug   : OCCRtree 0 matches after bounding box filtering
Debug   : OCCRTree found 1 matches at (-31.7634,-55.1532,-122.275) in tree of size 1705
Debug   : OCCRtree 0 matches after bounding box filtering
Debug   : OCCRTree found 1 matches at (-24.3086,-58.8208,-122.275) in tree of size 1705
Debug   : OCCRtree 0 matches after bounding box filtering
Debug   : OCCRTree found 1 matches at (-24.3086,-58.8208,-122.275) in tree of size 1705
Debug   : OCCRtree 0 matches after bounding box filtering
Debug   : OCCRTree found 1 matches at (-24.3086,-58.8208,-122.275) in tree of size 1705
Debug   : OCCRtree 0 matches after bounding box filtering
Debug   : OCCRTree found 1 matches at (-16.4396,-61.486,-122.275) in tree of size 1705
Debug   : OCCRtree 0 matches after bounding box filtering
Debug   : OCCRTree found 1 matches at (-16.4396,-61.486,-122.275) in tree of size 1705
Debug   : OCCRtree 0 matches after bounding box filtering
Debug   : OCCRTree found 1 matches at (-16.4396,-61.486,-122.275) in tree of size 1705
Debug   : OCCRtree 0 matches after bounding box filtering
Debug   : OCCRTree found 1 matches at (-8.29042,-63.1036,-122.275) in tree of size 1705
Debug   : OCCRtree 0 matches after bounding box filtering
Debug   : OCCRTree found 1 matches at (-8.29042,-63.1036,-122.275) in tree of size 1705
Debug   : OCCRtree 0 matches after bounding box filtering
Debug   : OCCRTree found 1 matches at (-8.29042,-63.1036,-122.275) in tree of size 1705
Debug   : OCCRtree 0 matches after bounding box filtering
Debug   : OCCRTree found 1 matches at (0,-63.6458,-122.275) in tree of size 1705
Debug   : OCCRtree 0 matches after bounding box filtering
Debug   : OCCRTree found 1 matches at (0,-63.6458,-122.275) in tree of size 1705
Debug   : OCCRtree 0 matches after bounding box filtering
Debug   : OCCRTree found 1 matches at (0,-63.6458,-122.275) in tree of size 1705
Debug   : OCCRtree 0 matches after bounding box filtering
Debug   : OCCRTree found 1 matches at (8.29042,-63.1036,-122.275) in tree of size 1705
Debug   : OCCRtree 0 matches after bounding box filtering
Debug   : OCCRTree found 1 matches at (8.29042,-63.1036,-122.275) in tree of size 1705
Debug   : OCCRtree 0 matches after bounding box filtering
Debug   : OCCRTree found 1 matches at (8.29042,-63.1036,-122.275) in tree of size 1705
Debug   : OCCRtree 0 matches after bounding box filtering
Debug   : OCCRTree found 1 matches at (16.4396,-61.486,-122.275) in tree of size 1705
Debug   : OCCRtree 0 matches after bounding box filtering
Debug   : OCCRTree found 1 matches at (16.4396,-61.486,-122.275) in tree of size 1705
Debug   : OCCRtree 0 matches after bounding box filtering
Debug   : OCCRTree found 1 matches at (16.4396,-61.486,-122.275) in tree of size 1705
Debug   : OCCRtree 0 matches after bounding box filtering
Debug   : OCCRTree found 1 matches at (24.3086,-58.8208,-122.275) in tree of size 1705
Debug   : OCCRtree 0 matches after bounding box filtering
Debug   : OCCRTree found 1 matches at (24.3086,-58.8208,-122.275) in tree of size 1705
Debug   : OCCRtree 0 matches after bounding box filtering
Debug   : OCCRTree found 1 matches at (24.3086,-58.8208,-122.275) in tree of size 1705
Debug   : OCCRtree 0 matches after bounding box filtering
Debug   : OCCRTree found 1 matches at (31.7634,-55.1532,-122.275) in tree of size 1705
Debug   : OCCRtree 0 matches after bounding box filtering
Debug   : OCCRTree found 1 matches at (31.7634,-55.1532,-122.275) in tree of size 1705
Debug   : OCCRtree 0 matches after bounding box filtering
Debug   : OCCRTree found 1 matches at (31.7634,-55.1532,-122.275) in tree of size 1705
Debug   : OCCRtree 0 matches after bounding box filtering
Debug   : OCCRTree found 1 matches at (38.677,-50.5459,-122.275) in tree of size 1705
Debug   : OCCRtree 0 matches after bounding box filtering
Debug   : OCCRTree found 1 matches at (38.677,-50.5459,-122.275) in tree of size 1705
Debug   : OCCRtree 0 matches after bounding box filtering
Debug   : OCCRTree found 1 matches at (38.677,-50.5459,-122.275) in tree of size 1705
Debug   : OCCRtree 0 matches after bounding box filtering
Debug   : OCCRTree found 1 matches at (44.9315,-45.0772,-122.275) in tree of size 1705
Debug   : OCCRtree 0 matches after bounding box filtering
Debug   : OCCRTree found 1 matches at (44.9315,-45.0772,-122.275) in tree of size 1705
Debug   : OCCRtree 0 matches after bounding box filtering
Debug   : OCCRTree found 1 matches at (44.9315,-45.0772,-122.275) in tree of size 1705
Debug   : OCCRtree 0 matches after bounding box filtering
Debug   : OCCRTree found 1 matches at (50.4204,-38.8404,-122.275) in tree of size 1705
Debug   : OCCRtree 0 matches after bounding box filtering
Debug   : OCCRTree found 1 matches at (50.4204,-38.8404,-122.275) in tree of size 1705
Debug   : OCCRtree 0 matches after bounding box filtering
Debug   : OCCRTree found 1 matches at (50.4204,-38.8404,-122.275) in tree of size 1705
Debug   : OCCRtree 0 matches after bounding box filtering
Debug   : OCCRTree found 1 matches at (55.0501,-31.9418,-122.275) in tree of size 1705
Debug   : OCCRtree 0 matches after bounding box filtering
Debug   : OCCRTree found 1 matches at (55.0501,-31.9418,-122.275) in tree of size 1705
Debug   : OCCRtree 0 matches after bounding box filtering
Debug   : OCCRTree found 1 matches at (55.0501,-31.9418,-122.275) in tree of size 1705
Debug   : OCCRtree 0 matches after bounding box filtering
Debug   : OCCRTree found 1 matches at (58.6976,-24.4805,-122.275) in tree of size 1705
Debug   : OCCRtree 0 matches after bounding box filtering
Debug   : OCCRTree found 1 matches at (58.6976,-24.4805,-122.275) in tree of size 1705
Debug   : OCCRtree 0 matches after bounding box filtering
Debug   : OCCRTree found 1 matches at (58.6976,-24.4805,-122.275) in tree of size 1705
Debug   : OCCRtree 0 matches after bounding box filtering
Debug   : OCCRTree found 1 matches at (60.4689,-16.3882,-122.275) in tree of size 1705
Debug   : OCCRtree 0 matches after bounding box filtering
Debug   : OCCRTree found 1 matches at (60.4689,-16.3882,-122.275) in tree of size 1705
Debug   : OCCRtree 0 matches after bounding box filtering
Debug   : OCCRTree found 1 matches at (60.4689,-16.3882,-122.275) in tree of size 1705
Debug   : OCCRtree 0 matches after bounding box filtering
Debug   : OCCRTree found 1 matches at (61.109,-8.28082,-122.275) in tree of size 1705
Debug   : OCCRtree 0 matches after bounding box filtering
Debug   : OCCRTree found 1 matches at (61.109,-8.28082,-122.275) in tree of size 1705
Debug   : OCCRtree 0 matches after bounding box filtering
Debug   : OCCRTree found 1 matches at (61.109,-8.28082,-122.275) in tree of size 1705
Debug   : OCCRtree 0 matches after bounding box filtering
Debug   : OCCRTree found 1 matches at (60.7812,0,-120.764) in tree of size 1705
Debug   : OCCRtree 0 matches after bounding box filtering
Debug   : OCCRTree found 1 matches at (60.7812,0,-120.764) in tree of size 1705
Debug   : OCCRtree 0 matches after bounding box filtering
Debug   : OCCRTree found 1 matches at (60.7812,0,-120.764) in tree of size 1705
Debug   : OCCRtree 0 matches after bounding box filtering
Debug   : OCCRTree found 1 matches at (60.7644,8.3724,-120.764) in tree of size 1705
Debug   : OCCRtree 0 matches after bounding box filtering
Debug   : OCCRTree found 1 matches at (60.7644,8.3724,-120.764) in tree of size 1705
Debug   : OCCRtree 0 matches after bounding box filtering
Debug   : OCCRTree found 1 matches at (60.7644,8.3724,-120.764) in tree of size 1705
Debug   : OCCRtree 0 matches after bounding box filtering
Debug   : OCCRTree found 1 matches at (60.3563,16.6323,-120.764) in tree of size 1705
Debug   : OCCRtree 0 matches after bounding box filtering
Debug   : OCCRTree found 1 matches at (60.3563,16.6323,-120.764) in tree of size 1705
Debug   : OCCRtree 0 matches after bounding box filtering
Debug   : OCCRTree found 1 matches at (60.3563,16.6323,-120.764) in tree of size 1705
Debug   : OCCRtree 0 matches after bounding box filtering
Debug   : OCCRTree found 1 matches at (58.9395,24.7189,-120.764) in tree of size 1705
Debug   : OCCRtree 0 matches after bounding box filtering
Debug   : OCCRTree found 1 matches at (58.9395,24.7189,-120.764) in tree of size 1705
Debug   : OCCRtree 0 matches after bounding box filtering
Debug   : OCCRTree found 1 matches at (58.9395,24.7189,-120.764) in tree of size 1705
Debug   : OCCRtree 0 matches after bounding box filtering
Debug   : OCCRTree found 1 matches at (55.4887,32.3273,-120.764) in tree of size 1705
Debug   : OCCRtree 0 matches after bounding box filtering
Debug   : OCCRTree found 1 matches at (55.4887,32.3273,-120.764) in tree of size 1705
Debug   : OCCRtree 0 matches after bounding box filtering
Debug   : OCCRTree found 1 matches at (55.4887,32.3273,-120.764) in tree of size 1705
Debug   : OCCRtree 0 matches after bounding box filtering
Debug   : OCCRTree found 1 matches at (50.8136,39.2686,-120.764) in tree of size 1705
Debug   : OCCRtree 0 matches after bounding box filtering
Debug   : OCCRTree found 1 matches at (50.8136,39.2686,-120.764) in tree of size 1705
Debug   : OCCRtree 0 matches after bounding box filtering
Debug   : OCCRTree found 1 matches at (50.8136,39.2686,-120.764) in tree of size 1705
Debug   : OCCRtree 0 matches after bounding box filtering
Debug   : OCCRTree found 1 matches at (45.2757,45.5429,-120.764) in tree of size 1705
Debug   : OCCRtree 0 matches after bounding box filtering
Debug   : OCCRTree found 1 matches at (45.2757,45.5429,-120.764) in tree of size 1705
Debug   : OCCRtree 0 matches after bounding box filtering
Debug   : OCCRTree found 1 matches at (45.2757,45.5429,-120.764) in tree of size 1705
Debug   : OCCRtree 0 matches after bounding box filtering
Debug   : OCCRTree found 1 matches at (38.9688,51.0439,-120.764) in tree of size 1705
Debug   : OCCRtree 0 matches after bounding box filtering
Debug   : OCCRTree found 1 matches at (38.9688,51.0439,-120.764) in tree of size 1705
Debug   : OCCRtree 0 matches after bounding box filtering
Debug   : OCCRTree found 1 matches at (38.9688,51.0439,-120.764) in tree of size 1705
Debug   : OCCRtree 0 matches after bounding box filtering
Debug   : OCCRTree found 1 matches at (32.0002,55.678,-120.764) in tree of size 1705
Debug   : OCCRtree 0 matches after bounding box filtering
Debug   : OCCRTree found 1 matches at (32.0002,55.678,-120.764) in tree of size 1705
Debug   : OCCRtree 0 matches after bounding box filtering
Debug   : OCCRTree found 1 matches at (32.0002,55.678,-120.764) in tree of size 1705
Debug   : OCCRtree 0 matches after bounding box filtering
Debug   : OCCRTree found 1 matches at (24.4881,59.3665,-120.764) in tree of size 1705
Debug   : OCCRtree 0 matches after bounding box filtering
Debug   : OCCRTree found 1 matches at (24.4881,59.3665,-120.764) in tree of size 1705
Debug   : OCCRtree 0 matches after bounding box filtering
Debug   : OCCRTree found 1 matches at (24.4881,59.3665,-120.764) in tree of size 1705
Debug   : OCCRtree 0 matches after bounding box filtering
Debug   : OCCRTree found 1 matches at (16.5602,62.0468,-120.764) in tree of size 1705
Debug   : OCCRtree 0 matches after bounding box filtering
Debug   : OCCRTree found 1 matches at (16.5602,62.0468,-120.764) in tree of size 1705
Debug   : OCCRtree 0 matches after bounding box filtering
Debug   : OCCRTree found 1 matches at (16.5602,62.0468,-120.764) in tree of size 1705
Debug   : OCCRtree 0 matches after bounding box filtering
Debug   : OCCRTree found 1 matches at (8.351,63.6735,-120.764) in tree of size 1705
Debug   : OCCRtree 0 matches after bounding box filtering
Debug   : OCCRTree found 1 matches at (8.351,63.6735,-120.764) in tree of size 1705
Debug   : OCCRtree 0 matches after bounding box filtering
Debug   : OCCRTree found 1 matches at (8.351,63.6735,-120.764) in tree of size 1705
Debug   : OCCRtree 0 matches after bounding box filtering
Debug   : OCCRTree found 1 matches at (0,64.2188,-120.764) in tree of size 1705
Debug   : OCCRtree 0 matches after bounding box filtering
Debug   : OCCRTree found 1 matches at (0,64.2188,-120.764) in tree of size 1705
Debug   : OCCRtree 0 matches after bounding box filtering
Debug   : OCCRTree found 1 matches at (0,64.2188,-120.764) in tree of size 1705
Debug   : OCCRtree 0 matches after bounding box filtering
Debug   : OCCRTree found 1 matches at (-8.351,63.6735,-120.764) in tree of size 1705
Debug   : OCCRtree 0 matches after bounding box filtering
Debug   : OCCRTree found 1 matches at (-8.351,63.6735,-120.764) in tree of size 1705
Debug   : OCCRtree 0 matches after bounding box filtering
Debug   : OCCRTree found 1 matches at (-8.351,63.6735,-120.764) in tree of size 1705
Debug   : OCCRtree 0 matches after bounding box filtering
Debug   : OCCRTree found 1 matches at (-16.5602,62.0468,-120.764) in tree of size 1705
Debug   : OCCRtree 0 matches after bounding box filtering
Debug   : OCCRTree found 1 matches at (-16.5602,62.0468,-120.764) in tree of size 1705
Debug   : OCCRtree 0 matches after bounding box filtering
Debug   : OCCRTree found 1 matches at (-16.5602,62.0468,-120.764) in tree of size 1705
Debug   : OCCRtree 0 matches after bounding box filtering
Debug   : OCCRTree found 1 matches at (-24.4881,59.3665,-120.764) in tree of size 1705
Debug   : OCCRtree 0 matches after bounding box filtering
Debug   : OCCRTree found 1 matches at (-24.4881,59.3665,-120.764) in tree of size 1705
Debug   : OCCRtree 0 matches after bounding box filtering
Debug   : OCCRTree found 1 matches at (-24.4881,59.3665,-120.764) in tree of size 1705
Debug   : OCCRtree 0 matches after bounding box filtering
Debug   : OCCRTree found 1 matches at (-32.0002,55.678,-120.764) in tree of size 1705
Debug   : OCCRtree 0 matches after bounding box filtering
Debug   : OCCRTree found 1 matches at (-32.0002,55.678,-120.764) in tree of size 1705
Debug   : OCCRtree 0 matches after bounding box filtering
Debug   : OCCRTree found 1 matches at (-32.0002,55.678,-120.764) in tree of size 1705
Debug   : OCCRtree 0 matches after bounding box filtering
Debug   : OCCRTree found 1 matches at (-38.9688,51.0439,-120.764) in tree of size 1705
Debug   : OCCRtree 0 matches after bounding box filtering
Debug   : OCCRTree found 1 matches at (-38.9688,51.0439,-120.764) in tree of size 1705
Debug   : OCCRtree 0 matches after bounding box filtering
Debug   : OCCRTree found 1 matches at (-38.9688,51.0439,-120.764) in tree of size 1705
Debug   : OCCRtree 0 matches after bounding box filtering
Debug   : OCCRTree found 1 matches at (-45.2757,45.5429,-120.764) in tree of size 1705
Debug   : OCCRtree 0 matches after bounding box filtering
Debug   : OCCRTree found 1 matches at (-45.2757,45.5429,-120.764) in tree of size 1705
Debug   : OCCRtree 0 matches after bounding box filtering
Debug   : OCCRTree found 1 matches at (-45.2757,45.5429,-120.764) in tree of size 1705
Debug   : OCCRtree 0 matches after bounding box filtering
Debug   : OCCRTree found 1 matches at (-50.8136,39.2686,-120.764) in tree of size 1705
Debug   : OCCRtree 0 matches after bounding box filtering
Debug   : OCCRTree found 1 matches at (-50.8136,39.2686,-120.764) in tree of size 1705
Debug   : OCCRtree 0 matches after bounding box filtering
Debug   : OCCRTree found 1 matches at (-50.8136,39.2686,-120.764) in tree of size 1705
Debug   : OCCRtree 0 matches after bounding box filtering
Debug   : OCCRTree found 1 matches at (-55.4887,32.3273,-120.764) in tree of size 1705
Debug   : OCCRtree 0 matches after bounding box filtering
Debug   : OCCRTree found 1 matches at (-55.4887,32.3273,-120.764) in tree of size 1705
Debug   : OCCRtree 0 matches after bounding box filtering
Debug   : OCCRTree found 1 matches at (-55.4887,32.3273,-120.764) in tree of size 1705
Debug   : OCCRtree 0 matches after bounding box filtering
Debug   : OCCRTree found 1 matches at (-58.9395,24.7189,-120.764) in tree of size 1705
Debug   : OCCRtree 0 matches after bounding box filtering
Debug   : OCCRTree found 1 matches at (-58.9395,24.7189,-120.764) in tree of size 1705
Debug   : OCCRtree 0 matches after bounding box filtering
Debug   : OCCRTree found 1 matches at (-58.9395,24.7189,-120.764) in tree of size 1705
Debug   : OCCRtree 0 matches after bounding box filtering
Debug   : OCCRTree found 1 matches at (-60.3563,16.6323,-120.764) in tree of size 1705
Debug   : OCCRtree 0 matches after bounding box filtering
Debug   : OCCRTree found 1 matches at (-60.3563,16.6323,-120.764) in tree of size 1705
Debug   : OCCRtree 0 matches after bounding box filtering
Debug   : OCCRTree found 1 matches at (-60.3563,16.6323,-120.764) in tree of size 1705
Debug   : OCCRtree 0 matches after bounding box filtering
Debug   : OCCRTree found 1 matches at (-60.7644,8.3724,-120.764) in tree of size 1705
Debug   : OCCRtree 0 matches after bounding box filtering
Debug   : OCCRTree found 1 matches at (-60.7644,8.3724,-120.764) in tree of size 1705
Debug   : OCCRtree 0 matches after bounding box filtering
Debug   : OCCRTree found 1 matches at (-60.7644,8.3724,-120.764) in tree of size 1705
Debug   : OCCRtree 0 matches after bounding box filtering
Debug   : OCCRTree found 1 matches at (-60.7812,0,-120.764) in tree of size 1705
Debug   : OCCRtree 0 matches after bounding box filtering
Debug   : OCCRTree found 1 matches at (-60.7812,0,-120.764) in tree of size 1705
Debug   : OCCRtree 0 matches after bounding box filtering
Debug   : OCCRTree found 1 matches at (-60.7812,0,-120.764) in tree of size 1705
Debug   : OCCRtree 0 matches after bounding box filtering
Debug   : OCCRTree found 1 matches at (-60.7644,-8.3724,-120.764) in tree of size 1705
Debug   : OCCRtree 0 matches after bounding box filtering
Debug   : OCCRTree found 1 matches at (-60.7644,-8.3724,-120.764) in tree of size 1705
Debug   : OCCRtree 0 matches after bounding box filtering
Debug   : OCCRTree found 1 matches at (-60.7644,-8.3724,-120.764) in tree of size 1705
Debug   : OCCRtree 0 matches after bounding box filtering
Debug   : OCCRTree found 1 matches at (-60.3563,-16.6323,-120.764) in tree of size 1705
Debug   : OCCRtree 0 matches after bounding box filtering
Debug   : OCCRTree found 1 matches at (-60.3563,-16.6323,-120.764) in tree of size 1705
Debug   : OCCRtree 0 matches after bounding box filtering
Debug   : OCCRTree found 1 matches at (-60.3563,-16.6323,-120.764) in tree of size 1705
Debug   : OCCRtree 0 matches after bounding box filtering
Debug   : OCCRTree found 1 matches at (-58.9395,-24.7189,-120.764) in tree of size 1705
Debug   : OCCRtree 0 matches after bounding box filtering
Debug   : OCCRTree found 1 matches at (-58.9395,-24.7189,-120.764) in tree of size 1705
Debug   : OCCRtree 0 matches after bounding box filtering
Debug   : OCCRTree found 1 matches at (-58.9395,-24.7189,-120.764) in tree of size 1705
Debug   : OCCRtree 0 matches after bounding box filtering
Debug   : OCCRTree found 1 matches at (-55.4887,-32.3273,-120.764) in tree of size 1705
Debug   : OCCRtree 0 matches after bounding box filtering
Debug   : OCCRTree found 1 matches at (-55.4887,-32.3273,-120.764) in tree of size 1705
Debug   : OCCRtree 0 matches after bounding box filtering
Debug   : OCCRTree found 1 matches at (-55.4887,-32.3273,-120.764) in tree of size 1705
Debug   : OCCRtree 0 matches after bounding box filtering
Debug   : OCCRTree found 1 matches at (-50.8136,-39.2686,-120.764) in tree of size 1705
Debug   : OCCRtree 0 matches after bounding box filtering
Debug   : OCCRTree found 1 matches at (-50.8136,-39.2686,-120.764) in tree of size 1705
Debug   : OCCRtree 0 matches after bounding box filtering
Debug   : OCCRTree found 1 matches at (-50.8136,-39.2686,-120.764) in tree of size 1705
Debug   : OCCRtree 0 matches after bounding box filtering
Debug   : OCCRTree found 1 matches at (-45.2757,-45.5429,-120.764) in tree of size 1705
Debug   : OCCRtree 0 matches after bounding box filtering
Debug   : OCCRTree found 1 matches at (-45.2757,-45.5429,-120.764) in tree of size 1705
Debug   : OCCRtree 0 matches after bounding box filtering
Debug   : OCCRTree found 1 matches at (-45.2757,-45.5429,-120.764) in tree of size 1705
Debug   : OCCRtree 0 matches after bounding box filtering
Debug   : OCCRTree found 1 matches at (-38.9688,-51.0439,-120.764) in tree of size 1705
Debug   : OCCRtree 0 matches after bounding box filtering
Debug   : OCCRTree found 1 matches at (-38.9688,-51.0439,-120.764) in tree of size 1705
Debug   : OCCRtree 0 matches after bounding box filtering
Debug   : OCCRTree found 1 matches at (-38.9688,-51.0439,-120.764) in tree of size 1705
Debug   : OCCRtree 0 matches after bounding box filtering
Debug   : OCCRTree found 1 matches at (-32.0002,-55.678,-120.764) in tree of size 1705
Debug   : OCCRtree 0 matches after bounding box filtering
Debug   : OCCRTree found 1 matches at (-32.0002,-55.678,-120.764) in tree of size 1705
Debug   : OCCRtree 0 matches after bounding box filtering
Debug   : OCCRTree found 1 matches at (-32.0002,-55.678,-120.764) in tree of size 1705
Debug   : OCCRtree 0 matches after bounding box filtering
Debug   : OCCRTree found 1 matches at (-24.4881,-59.3665,-120.764) in tree of size 1705
Debug   : OCCRtree 0 matches after bounding box filtering
Debug   : OCCRTree found 1 matches at (-24.4881,-59.3665,-120.764) in tree of size 1705
Debug   : OCCRtree 0 matches after bounding box filtering
Debug   : OCCRTree found 1 matches at (-24.4881,-59.3665,-120.764) in tree of size 1705
Debug   : OCCRtree 0 matches after bounding box filtering
Debug   : OCCRTree found 1 matches at (-16.5602,-62.0468,-120.764) in tree of size 1705
Debug   : OCCRtree 0 matches after bounding box filtering
Debug   : OCCRTree found 1 matches at (-16.5602,-62.0468,-120.764) in tree of size 1705
Debug   : OCCRtree 0 matches after bounding box filtering
Debug   : OCCRTree found 1 matches at (-16.5602,-62.0468,-120.764) in tree of size 1705
Debug   : OCCRtree 0 matches after bounding box filtering
Debug   : OCCRTree found 1 matches at (-8.351,-63.6735,-120.764) in tree of size 1705
Debug   : OCCRtree 0 matches after bounding box filtering
Debug   : OCCRTree found 1 matches at (-8.351,-63.6735,-120.764) in tree of size 1705
Debug   : OCCRtree 0 matches after bounding box filtering
Debug   : OCCRTree found 1 matches at (-8.351,-63.6735,-120.764) in tree of size 1705
Debug   : OCCRtree 0 matches after bounding box filtering
Debug   : OCCRTree found 1 matches at (0,-64.2188,-120.764) in tree of size 1705
Debug   : OCCRtree 0 matches after bounding box filtering
Debug   : OCCRTree found 1 matches at (0,-64.2188,-120.764) in tree of size 1705
Debug   : OCCRtree 0 matches after bounding box filtering
Debug   : OCCRTree found 1 matches at (0,-64.2188,-120.764) in tree of size 1705
Debug   : OCCRtree 0 matches after bounding box filtering
Debug   : OCCRTree found 1 matches at (8.351,-63.6735,-120.764) in tree of size 1705
Debug   : OCCRtree 0 matches after bounding box filtering
Debug   : OCCRTree found 1 matches at (8.351,-63.6735,-120.764) in tree of size 1705
Debug   : OCCRtree 0 matches after bounding box filtering
Debug   : OCCRTree found 1 matches at (8.351,-63.6735,-120.764) in tree of size 1705
Debug   : OCCRtree 0 matches after bounding box filtering
Debug   : OCCRTree found 1 matches at (16.5602,-62.0468,-120.764) in tree of size 1705
Debug   : OCCRtree 0 matches after bounding box filtering
Debug   : OCCRTree found 1 matches at (16.5602,-62.0468,-120.764) in tree of size 1705
Debug   : OCCRtree 0 matches after bounding box filtering
Debug   : OCCRTree found 1 matches at (16.5602,-62.0468,-120.764) in tree of size 1705
Debug   : OCCRtree 0 matches after bounding box filtering
Debug   : OCCRTree found 1 matches at (24.4881,-59.3665,-120.764) in tree of size 1705
Debug   : OCCRtree 0 matches after bounding box filtering
Debug   : OCCRTree found 1 matches at (24.4881,-59.3665,-120.764) in tree of size 1705
Debug   : OCCRtree 0 matches after bounding box filtering
Debug   : OCCRTree found 1 matches at (24.4881,-59.3665,-120.764) in tree of size 1705
Debug   : OCCRtree 0 matches after bounding box filtering
Debug   : OCCRTree found 1 matches at (32.0002,-55.678,-120.764) in tree of size 1705
Debug   : OCCRtree 0 matches after bounding box filtering
Debug   : OCCRTree found 1 matches at (32.0002,-55.678,-120.764) in tree of size 1705
Debug   : OCCRtree 0 matches after bounding box filtering
Debug   : OCCRTree found 1 matches at (32.0002,-55.678,-120.764) in tree of size 1705
Debug   : OCCRtree 0 matches after bounding box filtering
Debug   : OCCRTree found 1 matches at (38.9688,-51.0439,-120.764) in tree of size 1705
Debug   : OCCRtree 0 matches after bounding box filtering
Debug   : OCCRTree found 1 matches at (38.9688,-51.0439,-120.764) in tree of size 1705
Debug   : OCCRtree 0 matches after bounding box filtering
Debug   : OCCRTree found 1 matches at (38.9688,-51.0439,-120.764) in tree of size 1705
Debug   : OCCRtree 0 matches after bounding box filtering
Debug   : OCCRTree found 1 matches at (45.2757,-45.5429,-120.764) in tree of size 1705
Debug   : OCCRtree 0 matches after bounding box filtering
Debug   : OCCRTree found 1 matches at (45.2757,-45.5429,-120.764) in tree of size 1705
Debug   : OCCRtree 0 matches after bounding box filtering
Debug   : OCCRTree found 1 matches at (45.2757,-45.5429,-120.764) in tree of size 1705
Debug   : OCCRtree 0 matches after bounding box filtering
Debug   : OCCRTree found 1 matches at (50.8136,-39.2686,-120.764) in tree of size 1705
Debug   : OCCRtree 0 matches after bounding box filtering
Debug   : OCCRTree found 1 matches at (50.8136,-39.2686,-120.764) in tree of size 1705
Debug   : OCCRtree 0 matches after bounding box filtering
Debug   : OCCRTree found 1 matches at (50.8136,-39.2686,-120.764) in tree of size 1705
Debug   : OCCRtree 0 matches after bounding box filtering
Debug   : OCCRTree found 1 matches at (55.4887,-32.3273,-120.764) in tree of size 1705
Debug   : OCCRtree 0 matches after bounding box filtering
Debug   : OCCRTree found 1 matches at (55.4887,-32.3273,-120.764) in tree of size 1705
Debug   : OCCRtree 0 matches after bounding box filtering
Debug   : OCCRTree found 1 matches at (55.4887,-32.3273,-120.764) in tree of size 1705
Debug   : OCCRtree 0 matches after bounding box filtering
Debug   : OCCRTree found 1 matches at (58.9395,-24.7189,-120.764) in tree of size 1705
Debug   : OCCRtree 0 matches after bounding box filtering
Debug   : OCCRTree found 1 matches at (58.9395,-24.7189,-120.764) in tree of size 1705
Debug   : OCCRtree 0 matches after bounding box filtering
Debug   : OCCRTree found 1 matches at (58.9395,-24.7189,-120.764) in tree of size 1705
Debug   : OCCRtree 0 matches after bounding box filtering
Debug   : OCCRTree found 1 matches at (60.3563,-16.6323,-120.764) in tree of size 1705
Debug   : OCCRtree 0 matches after bounding box filtering
Debug   : OCCRTree found 1 matches at (60.3563,-16.6323,-120.764) in tree of size 1705
Debug   : OCCRtree 0 matches after bounding box filtering
Debug   : OCCRTree found 1 matches at (60.3563,-16.6323,-120.764) in tree of size 1705
Debug   : OCCRtree 0 matches after bounding box filtering
Debug   : OCCRTree found 1 matches at (60.7644,-8.3724,-120.764) in tree of size 1705
Debug   : OCCRtree 0 matches after bounding box filtering
Debug   : OCCRTree found 1 matches at (60.7644,-8.3724,-120.764) in tree of size 1705
Debug   : OCCRtree 0 matches after bounding box filtering
Debug   : OCCRTree found 1 matches at (60.7644,-8.3724,-120.764) in tree of size 1705
Debug   : OCCRtree 0 matches after bounding box filtering
Debug   : OCCRTree found 1 matches at (60.2083,0,-119.252) in tree of size 1705
Debug   : OCCRtree 0 matches after bounding box filtering
Debug   : OCCRTree found 1 matches at (60.2083,0,-119.252) in tree of size 1705
Debug   : OCCRtree 0 matches after bounding box filtering
Debug   : OCCRTree found 1 matches at (60.2083,0,-119.252) in tree of size 1705
Debug   : OCCRtree 0 matches after bounding box filtering
Debug   : OCCRTree found 1 matches at (60.2083,8.4328,-119.252) in tree of size 1705
Debug   : OCCRtree 0 matches after bounding box filtering
Debug   : OCCRTree found 1 matches at (60.2083,8.4328,-119.252) in tree of size 1705
Debug   : OCCRtree 0 matches after bounding box filtering
Debug   : OCCRTree found 1 matches at (60.2083,8.4328,-119.252) in tree of size 1705
Debug   : OCCRtree 0 matches after bounding box filtering
Debug   : OCCRTree found 1 matches at (60.0993,16.8351,-119.252) in tree of size 1705
Debug   : OCCRtree 0 matches after bounding box filtering
Debug   : OCCRTree found 1 matches at (60.0993,16.8351,-119.252) in tree of size 1705
Debug   : OCCRtree 0 matches after bounding box filtering
Debug   : OCCRTree found 1 matches at (60.0993,16.8351,-119.252) in tree of size 1705
Debug   : OCCRtree 0 matches after bounding box filtering
Debug   : OCCRTree found 1 matches at (59.027,24.9161,-119.252) in tree of size 1705
Debug   : OCCRtree 0 matches after bounding box filtering
Debug   : OCCRTree found 1 matches at (59.027,24.9161,-119.252) in tree of size 1705
Debug   : OCCRtree 0 matches after bounding box filtering
Debug   : OCCRTree found 1 matches at (59.027,24.9161,-119.252) in tree of size 1705
Debug   : OCCRtree 0 matches after bounding box filtering
Debug   : OCCRTree found 1 matches at (55.9166,32.7306,-119.252) in tree of size 1705
Debug   : OCCRtree 0 matches after bounding box filtering
Debug   : OCCRTree found 1 matches at (55.9166,32.7306,-119.252) in tree of size 1705
Debug   : OCCRtree 0 matches after bounding box filtering
Debug   : OCCRTree found 1 matches at (55.9166,32.7306,-119.252) in tree of size 1705
Debug   : OCCRtree 0 matches after bounding box filtering
Debug   : OCCRTree found 1 matches at (51.1957,39.711,-119.252) in tree of size 1705
Debug   : OCCRtree 0 matches after bounding box filtering
Debug   : OCCRTree found 1 matches at (51.1957,39.711,-119.252) in tree of size 1705
Debug   : OCCRtree 0 matches after bounding box filtering
Debug   : OCCRTree found 1 matches at (51.1957,39.711,-119.252) in tree of size 1705
Debug   : OCCRtree 0 matches after bounding box filtering
Debug   : OCCRTree found 1 matches at (45.6088,46.0195,-119.252) in tree of size 1705
Debug   : OCCRtree 0 matches after bounding box filtering
Debug   : OCCRTree found 1 matches at (45.6088,46.0195,-119.252) in tree of size 1705
Debug   : OCCRtree 0 matches after bounding box filtering
Debug   : OCCRTree found 1 matches at (45.6088,46.0195,-119.252) in tree of size 1705
Debug   : OCCRtree 0 matches after bounding box filtering
Debug   : OCCRTree found 1 matches at (39.2504,51.5497,-119.252) in tree of size 1705
Debug   : OCCRtree 0 matches after bounding box filtering
Debug   : OCCRTree found 1 matches at (39.2504,51.5497,-119.252) in tree of size 1705
Debug   : OCCRtree 0 matches after bounding box filtering
Debug   : OCCRTree found 1 matches at (39.2504,51.5497,-119.252) in tree of size 1705
Debug   : OCCRtree 0 matches after bounding box filtering
Debug   : OCCRTree found 1 matches at (32.228,56.2078,-119.252) in tree of size 1705
Debug   : OCCRtree 0 matches after bounding box filtering
Debug   : OCCRTree found 1 matches at (32.228,56.2078,-119.252) in tree of size 1705
Debug   : OCCRtree 0 matches after bounding box filtering
Debug   : OCCRTree found 1 matches at (32.228,56.2078,-119.252) in tree of size 1705
Debug   : OCCRtree 0 matches after bounding box filtering
Debug   : OCCRTree found 1 matches at (24.6605,59.9151,-119.252) in tree of size 1705
Debug   : OCCRtree 0 matches after bounding box filtering
Debug   : OCCRTree found 1 matches at (24.6605,59.9151,-119.252) in tree of size 1705
Debug   : OCCRtree 0 matches after bounding box filtering
Debug   : OCCRTree found 1 matches at (24.6605,59.9151,-119.252) in tree of size 1705
Debug   : OCCRtree 0 matches after bounding box filtering
Debug   : OCCRTree found 1 matches at (16.6758,62.6089,-119.252) in tree of size 1705
Debug   : OCCRtree 0 matches after bounding box filtering
Debug   : OCCRTree found 1 matches at (16.6758,62.6089,-119.252) in tree of size 1705
Debug   : OCCRtree 0 matches after bounding box filtering
Debug   : OCCRTree found 1 matches at (16.6758,62.6089,-119.252) in tree of size 1705
Debug   : OCCRtree 0 matches after bounding box filtering
Debug   : OCCRTree found 1 matches at (8.40902,64.2437,-119.252) in tree of size 1705
Debug   : OCCRtree 0 matches after bounding box filtering
Debug   : OCCRTree found 1 matches at (8.40902,64.2437,-119.252) in tree of size 1705
Debug   : OCCRtree 0 matches after bounding box filtering
Debug   : OCCRTree found 1 matches at (8.40902,64.2437,-119.252) in tree of size 1705
Debug   : OCCRtree 0 matches after bounding box filtering
Debug   : OCCRTree found 1 matches at (0,64.7917,-119.252) in tree of size 1705
Debug   : OCCRtree 0 matches after bounding box filtering
Debug   : OCCRTree found 1 matches at (0,64.7917,-119.252) in tree of size 1705
Debug   : OCCRtree 0 matches after bounding box filtering
Debug   : OCCRTree found 1 matches at (0,64.7917,-119.252) in tree of size 1705
Debug   : OCCRtree 0 matches after bounding box filtering
Debug   : OCCRTree found 1 matches at (-8.40902,64.2437,-119.252) in tree of size 1705
Debug   : OCCRtree 0 matches after bounding box filtering
Debug   : OCCRTree found 1 matches at (-8.40902,64.2437,-119.252) in tree of size 1705
Debug   : OCCRtree 0 matches after bounding box filtering
Debug   : OCCRTree found 1 matches at (-8.40902,64.2437,-119.252) in tree of size 1705
Debug   : OCCRtree 0 matches after bounding box filtering
Debug   : OCCRTree found 1 matches at (-16.6758,62.6089,-119.252) in tree of size 1705
Debug   : OCCRtree 0 matches after bounding box filtering
Debug   : OCCRTree found 1 matches at (-16.6758,62.6089,-119.252) in tree of size 1705
Debug   : OCCRtree 0 matches after bounding box filtering
Debug   : OCCRTree found 1 matches at (-16.6758,62.6089,-119.252) in tree of size 1705
Debug   : OCCRtree 0 matches after bounding box filtering
Debug   : OCCRTree found 1 matches at (-24.6605,59.9151,-119.252) in tree of size 1705
Debug   : OCCRtree 0 matches after bounding box filtering
Debug   : OCCRTree found 1 matches at (-24.6605,59.9151,-119.252) in tree of size 1705
Debug   : OCCRtree 0 matches after bounding box filtering
Debug   : OCCRTree found 1 matches at (-24.6605,59.9151,-119.252) in tree of size 1705
Debug   : OCCRtree 0 matches after bounding box filtering
Debug   : OCCRTree found 1 matches at (-32.228,56.2078,-119.252) in tree of size 1705
Debug   : OCCRtree 0 matches after bounding box filtering
Debug   : OCCRTree found 1 matches at (-32.228,56.2078,-119.252) in tree of size 1705
Debug   : OCCRtree 0 matches after bounding box filtering
Debug   : OCCRTree found 1 matches at (-32.228,56.2078,-119.252) in tree of size 1705
Debug   : OCCRtree 0 matches after bounding box filtering
Debug   : OCCRTree found 1 matches at (-39.2504,51.5497,-119.252) in tree of size 1705
Debug   : OCCRtree 0 matches after bounding box filtering
Debug   : OCCRTree found 1 matches at (-39.2504,51.5497,-119.252) in tree of size 1705
Debug   : OCCRtree 0 matches after bounding box filtering
Debug   : OCCRTree found 1 matches at (-39.2504,51.5497,-119.252) in tree of size 1705
Debug   : OCCRtree 0 matches after bounding box filtering
Debug   : OCCRTree found 1 matches at (-45.6088,46.0195,-119.252) in tree of size 1705
Debug   : OCCRtree 0 matches after bounding box filtering
Debug   : OCCRTree found 1 matches at (-45.6088,46.0195,-119.252) in tree of size 1705
Debug   : OCCRtree 0 matches after bounding box filtering
Debug   : OCCRTree found 1 matches at (-45.6088,46.0195,-119.252) in tree of size 1705
Debug   : OCCRtree 0 matches after bounding box filtering
Debug   : OCCRTree found 1 matches at (-51.1957,39.711,-119.252) in tree of size 1705
Debug   : OCCRtree 0 matches after bounding box filtering
Debug   : OCCRTree found 1 matches at (-51.1957,39.711,-119.252) in tree of size 1705
Debug   : OCCRtree 0 matches after bounding box filtering
Debug   : OCCRTree found 1 matches at (-51.1957,39.711,-119.252) in tree of size 1705
Debug   : OCCRtree 0 matches after bounding box filtering
Debug   : OCCRTree found 1 matches at (-55.9166,32.7306,-119.252) in tree of size 1705
Debug   : OCCRtree 0 matches after bounding box filtering
Debug   : OCCRTree found 1 matches at (-55.9166,32.7306,-119.252) in tree of size 1705
Debug   : OCCRtree 0 matches after bounding box filtering
Debug   : OCCRTree found 1 matches at (-55.9166,32.7306,-119.252) in tree of size 1705
Debug   : OCCRtree 0 matches after bounding box filtering
Debug   : OCCRTree found 1 matches at (-59.027,24.9161,-119.252) in tree of size 1705
Debug   : OCCRtree 0 matches after bounding box filtering
Debug   : OCCRTree found 1 matches at (-59.027,24.9161,-119.252) in tree of size 1705
Debug   : OCCRtree 0 matches after bounding box filtering
Debug   : OCCRTree found 1 matches at (-59.027,24.9161,-119.252) in tree of size 1705
Debug   : OCCRtree 0 matches after bounding box filtering
Debug   : OCCRTree found 1 matches at (-60.0993,16.8351,-119.252) in tree of size 1705
Debug   : OCCRtree 0 matches after bounding box filtering
Debug   : OCCRTree found 1 matches at (-60.0993,16.8351,-119.252) in tree of size 1705
Debug   : OCCRtree 0 matches after bounding box filtering
Debug   : OCCRTree found 1 matches at (-60.0993,16.8351,-119.252) in tree of size 1705
Debug   : OCCRtree 0 matches after bounding box filtering
Debug   : OCCRTree found 1 matches at (-60.2083,8.4328,-119.252) in tree of size 1705
Debug   : OCCRtree 0 matches after bounding box filtering
Debug   : OCCRTree found 1 matches at (-60.2083,8.4328,-119.252) in tree of size 1705
Debug   : OCCRtree 0 matches after bounding box filtering
Debug   : OCCRTree found 1 matches at (-60.2083,8.4328,-119.252) in tree of size 1705
Debug   : OCCRtree 0 matches after bounding box filtering
Debug   : OCCRTree found 1 matches at (-60.2083,0,-119.252) in tree of size 1705
Debug   : OCCRtree 0 matches after bounding box filtering
Debug   : OCCRTree found 1 matches at (-60.2083,0,-119.252) in tree of size 1705
Debug   : OCCRtree 0 matches after bounding box filtering
Debug   : OCCRTree found 1 matches at (-60.2083,0,-119.252) in tree of size 1705
Debug   : OCCRtree 0 matches after bounding box filtering
Debug   : OCCRTree found 1 matches at (-60.2083,-8.4328,-119.252) in tree of size 1705
Debug   : OCCRtree 0 matches after bounding box filtering
Debug   : OCCRTree found 1 matches at (-60.2083,-8.4328,-119.252) in tree of size 1705
Debug   : OCCRtree 0 matches after bounding box filtering
Debug   : OCCRTree found 1 matches at (-60.2083,-8.4328,-119.252) in tree of size 1705
Debug   : OCCRtree 0 matches after bounding box filtering
Debug   : OCCRTree found 1 matches at (-60.0993,-16.8351,-119.252) in tree of size 1705
Debug   : OCCRtree 0 matches after bounding box filtering
Debug   : OCCRTree found 1 matches at (-60.0993,-16.8351,-119.252) in tree of size 1705
Debug   : OCCRtree 0 matches after bounding box filtering
Debug   : OCCRTree found 1 matches at (-60.0993,-16.8351,-119.252) in tree of size 1705
Debug   : OCCRtree 0 matches after bounding box filtering
Debug   : OCCRTree found 1 matches at (-59.027,-24.9161,-119.252) in tree of size 1705
Debug   : OCCRtree 0 matches after bounding box filtering
Debug   : OCCRTree found 1 matches at (-59.027,-24.9161,-119.252) in tree of size 1705
Debug   : OCCRtree 0 matches after bounding box filtering
Debug   : OCCRTree found 1 matches at (-59.027,-24.9161,-119.252) in tree of size 1705
Debug   : OCCRtree 0 matches after bounding box filtering
Debug   : OCCRTree found 1 matches at (-55.9166,-32.7306,-119.252) in tree of size 1705
Debug   : OCCRtree 0 matches after bounding box filtering
Debug   : OCCRTree found 1 matches at (-55.9166,-32.7306,-119.252) in tree of size 1705
Debug   : OCCRtree 0 matches after bounding box filtering
Debug   : OCCRTree found 1 matches at (-55.9166,-32.7306,-119.252) in tree of size 1705
Debug   : OCCRtree 0 matches after bounding box filtering
Debug   : OCCRTree found 1 matches at (-51.1957,-39.711,-119.252) in tree of size 1705
Debug   : OCCRtree 0 matches after bounding box filtering
Debug   : OCCRTree found 1 matches at (-51.1957,-39.711,-119.252) in tree of size 1705
Debug   : OCCRtree 0 matches after bounding box filtering
Debug   : OCCRTree found 1 matches at (-51.1957,-39.711,-119.252) in tree of size 1705
Debug   : OCCRtree 0 matches after bounding box filtering
Debug   : OCCRTree found 1 matches at (-45.6088,-46.0195,-119.252) in tree of size 1705
Debug   : OCCRtree 0 matches after bounding box filtering
Debug   : OCCRTree found 1 matches at (-45.6088,-46.0195,-119.252) in tree of size 1705
Debug   : OCCRtree 0 matches after bounding box filtering
Debug   : OCCRTree found 1 matches at (-45.6088,-46.0195,-119.252) in tree of size 1705
Debug   : OCCRtree 0 matches after bounding box filtering
Debug   : OCCRTree found 1 matches at (-39.2504,-51.5497,-119.252) in tree of size 1705
Debug   : OCCRtree 0 matches after bounding box filtering
Debug   : OCCRTree found 1 matches at (-39.2504,-51.5497,-119.252) in tree of size 1705
Debug   : OCCRtree 0 matches after bounding box filtering
Debug   : OCCRTree found 1 matches at (-39.2504,-51.5497,-119.252) in tree of size 1705
Debug   : OCCRtree 0 matches after bounding box filtering
Debug   : OCCRTree found 1 matches at (-32.228,-56.2078,-119.252) in tree of size 1705
Debug   : OCCRtree 0 matches after bounding box filtering
Debug   : OCCRTree found 1 matches at (-32.228,-56.2078,-119.252) in tree of size 1705
Debug   : OCCRtree 0 matches after bounding box filtering
Debug   : OCCRTree found 1 matches at (-32.228,-56.2078,-119.252) in tree of size 1705
Debug   : OCCRtree 0 matches after bounding box filtering
Debug   : OCCRTree found 1 matches at (-24.6605,-59.9151,-119.252) in tree of size 1705
Debug   : OCCRtree 0 matches after bounding box filtering
Debug   : OCCRTree found 1 matches at (-24.6605,-59.9151,-119.252) in tree of size 1705
Debug   : OCCRtree 0 matches after bounding box filtering
Debug   : OCCRTree found 1 matches at (-24.6605,-59.9151,-119.252) in tree of size 1705
Debug   : OCCRtree 0 matches after bounding box filtering
Debug   : OCCRTree found 1 matches at (-16.6758,-62.6089,-119.252) in tree of size 1705
Debug   : OCCRtree 0 matches after bounding box filtering
Debug   : OCCRTree found 1 matches at (-16.6758,-62.6089,-119.252) in tree of size 1705
Debug   : OCCRtree 0 matches after bounding box filtering
Debug   : OCCRTree found 1 matches at (-16.6758,-62.6089,-119.252) in tree of size 1705
Debug   : OCCRtree 0 matches after bounding box filtering
Debug   : OCCRTree found 1 matches at (-8.40902,-64.2437,-119.252) in tree of size 1705
Debug   : OCCRtree 0 matches after bounding box filtering
Debug   : OCCRTree found 1 matches at (-8.40902,-64.2437,-119.252) in tree of size 1705
Debug   : OCCRtree 0 matches after bounding box filtering
Debug   : OCCRTree found 1 matches at (-8.40902,-64.2437,-119.252) in tree of size 1705
Debug   : OCCRtree 0 matches after bounding box filtering
Debug   : OCCRTree found 1 matches at (0,-64.7917,-119.252) in tree of size 1705
Debug   : OCCRtree 0 matches after bounding box filtering
Debug   : OCCRTree found 1 matches at (0,-64.7917,-119.252) in tree of size 1705
Debug   : OCCRtree 0 matches after bounding box filtering
Debug   : OCCRTree found 1 matches at (0,-64.7917,-119.252) in tree of size 1705
Debug   : OCCRtree 0 matches after bounding box filtering
Debug   : OCCRTree found 1 matches at (8.40902,-64.2437,-119.252) in tree of size 1705
Debug   : OCCRtree 0 matches after bounding box filtering
Debug   : OCCRTree found 1 matches at (8.40902,-64.2437,-119.252) in tree of size 1705
Debug   : OCCRtree 0 matches after bounding box filtering
Debug   : OCCRTree found 1 matches at (8.40902,-64.2437,-119.252) in tree of size 1705
Debug   : OCCRtree 0 matches after bounding box filtering
Debug   : OCCRTree found 1 matches at (16.6758,-62.6089,-119.252) in tree of size 1705
Debug   : OCCRtree 0 matches after bounding box filtering
Debug   : OCCRTree found 1 matches at (16.6758,-62.6089,-119.252) in tree of size 1705
Debug   : OCCRtree 0 matches after bounding box filtering
Debug   : OCCRTree found 1 matches at (16.6758,-62.6089,-119.252) in tree of size 1705
Debug   : OCCRtree 0 matches after bounding box filtering
Debug   : OCCRTree found 1 matches at (24.6605,-59.9151,-119.252) in tree of size 1705
Debug   : OCCRtree 0 matches after bounding box filtering
Debug   : OCCRTree found 1 matches at (24.6605,-59.9151,-119.252) in tree of size 1705
Debug   : OCCRtree 0 matches after bounding box filtering
Debug   : OCCRTree found 1 matches at (24.6605,-59.9151,-119.252) in tree of size 1705
Debug   : OCCRtree 0 matches after bounding box filtering
Debug   : OCCRTree found 1 matches at (32.228,-56.2078,-119.252) in tree of size 1705
Debug   : OCCRtree 0 matches after bounding box filtering
Debug   : OCCRTree found 1 matches at (32.228,-56.2078,-119.252) in tree of size 1705
Debug   : OCCRtree 0 matches after bounding box filtering
Debug   : OCCRTree found 1 matches at (32.228,-56.2078,-119.252) in tree of size 1705
Debug   : OCCRtree 0 matches after bounding box filtering
Debug   : OCCRTree found 1 matches at (39.2504,-51.5497,-119.252) in tree of size 1705
Debug   : OCCRtree 0 matches after bounding box filtering
Debug   : OCCRTree found 1 matches at (39.2504,-51.5497,-119.252) in tree of size 1705
Debug   : OCCRtree 0 matches after bounding box filtering
Debug   : OCCRTree found 1 matches at (39.2504,-51.5497,-119.252) in tree of size 1705
Debug   : OCCRtree 0 matches after bounding box filtering
Debug   : OCCRTree found 1 matches at (45.6088,-46.0195,-119.252) in tree of size 1705
Debug   : OCCRtree 0 matches after bounding box filtering
Debug   : OCCRTree found 1 matches at (45.6088,-46.0195,-119.252) in tree of size 1705
Debug   : OCCRtree 0 matches after bounding box filtering
Debug   : OCCRTree found 1 matches at (45.6088,-46.0195,-119.252) in tree of size 1705
Debug   : OCCRtree 0 matches after bounding box filtering
Debug   : OCCRTree found 1 matches at (51.1957,-39.711,-119.252) in tree of size 1705
Debug   : OCCRtree 0 matches after bounding box filtering
Debug   : OCCRTree found 1 matches at (51.1957,-39.711,-119.252) in tree of size 1705
Debug   : OCCRtree 0 matches after bounding box filtering
Debug   : OCCRTree found 1 matches at (51.1957,-39.711,-119.252) in tree of size 1705
Debug   : OCCRtree 0 matches after bounding box filtering
Debug   : OCCRTree found 1 matches at (55.9166,-32.7306,-119.252) in tree of size 1705
Debug   : OCCRtree 0 matches after bounding box filtering
Debug   : OCCRTree found 1 matches at (55.9166,-32.7306,-119.252) in tree of size 1705
Debug   : OCCRtree 0 matches after bounding box filtering
Debug   : OCCRTree found 1 matches at (55.9166,-32.7306,-119.252) in tree of size 1705
Debug   : OCCRtree 0 matches after bounding box filtering
Debug   : OCCRTree found 1 matches at (59.027,-24.9161,-119.252) in tree of size 1705
Debug   : OCCRtree 0 matches after bounding box filtering
Debug   : OCCRTree found 1 matches at (59.027,-24.9161,-119.252) in tree of size 1705
Debug   : OCCRtree 0 matches after bounding box filtering
Debug   : OCCRTree found 1 matches at (59.027,-24.9161,-119.252) in tree of size 1705
Debug   : OCCRtree 0 matches after bounding box filtering
Debug   : OCCRTree found 1 matches at (60.0993,-16.8351,-119.252) in tree of size 1705
Debug   : OCCRtree 0 matches after bounding box filtering
Debug   : OCCRTree found 1 matches at (60.0993,-16.8351,-119.252) in tree of size 1705
Debug   : OCCRtree 0 matches after bounding box filtering
Debug   : OCCRTree found 1 matches at (60.0993,-16.8351,-119.252) in tree of size 1705
Debug   : OCCRtree 0 matches after bounding box filtering
Debug   : OCCRTree found 1 matches at (60.2083,-8.4328,-119.252) in tree of size 1705
Debug   : OCCRtree 0 matches after bounding box filtering
Debug   : OCCRTree found 1 matches at (60.2083,-8.4328,-119.252) in tree of size 1705
Debug   : OCCRtree 0 matches after bounding box filtering
Debug   : OCCRTree found 1 matches at (60.2083,-8.4328,-119.252) in tree of size 1705
Debug   : OCCRtree 0 matches after bounding box filtering
Debug   : OCCRTree found 1 matches at (59.6354,0,-117.741) in tree of size 1705
Debug   : OCCRtree 0 matches after bounding box filtering
Debug   : OCCRTree found 1 matches at (59.6354,0,-117.741) in tree of size 1705
Debug   : OCCRtree 0 matches after bounding box filtering
Debug   : OCCRTree found 1 matches at (59.6354,0,-117.741) in tree of size 1705
Debug   : OCCRtree 0 matches after bounding box filtering
Debug   : OCCRTree found 2 matches at (59.6354,8.48868,-117.741) in tree of size 1705
Debug   : OCCRtree 0 matches after bounding box filtering
Debug   : OCCRTree found 2 matches at (59.6354,8.48868,-117.741) in tree of size 1705
Debug   : OCCRtree 0 matches after bounding box filtering
Debug   : OCCRTree found 2 matches at (59.6354,8.48868,-117.741) in tree of size 1705
Debug   : OCCRtree 0 matches after bounding box filtering
Debug   : OCCRTree found 1 matches at (59.6354,16.9774,-117.741) in tree of size 1705
Debug   : OCCRtree 0 matches after bounding box filtering
Debug   : OCCRTree found 1 matches at (59.6354,16.9774,-117.741) in tree of size 1705
Debug   : OCCRtree 0 matches after bounding box filtering
Debug   : OCCRTree found 1 matches at (59.6354,16.9774,-117.741) in tree of size 1705
Debug   : OCCRtree 0 matches after bounding box filtering
Debug   : OCCRTree found 1 matches at (58.9662,25.1802,-117.741) in tree of size 1705
Debug   : OCCRtree 0 matches after bounding box filtering
Debug   : OCCRTree found 1 matches at (58.9662,25.1802,-117.741) in tree of size 1705
Debug   : OCCRtree 0 matches after bounding box filtering
Debug   : OCCRTree found 1 matches at (58.9662,25.1802,-117.741) in tree of size 1705
Debug   : OCCRtree 0 matches after bounding box filtering
Debug   : OCCRTree found 1 matches at (56.3353,33.149,-117.741) in tree of size 1705
Debug   : OCCRtree 0 matches after bounding box filtering
Debug   : OCCRTree found 1 matches at (56.3353,33.149,-117.741) in tree of size 1705
Debug   : OCCRtree 0 matches after bounding box filtering
Debug   : OCCRTree found 1 matches at (56.3353,33.149,-117.741) in tree of size 1705
Debug   : OCCRtree 0 matches after bounding box filtering
Debug   : OCCRTree found 1 matches at (51.5681,40.1654,-117.741) in tree of size 1705
Debug   : OCCRtree 0 matches after bounding box filtering
Debug   : OCCRTree found 1 matches at (51.5681,40.1654,-117.741) in tree of size 1705
Debug   : OCCRtree 0 matches after bounding box filtering
Debug   : OCCRTree found 1 matches at (51.5681,40.1654,-117.741) in tree of size 1705
Debug   : OCCRtree 0 matches after bounding box filtering
Debug   : OCCRTree found 1 matches at (45.9324,46.5054,-117.741) in tree of size 1705
Debug   : OCCRtree 0 matches after bounding box filtering
Debug   : OCCRTree found 1 matches at (45.9324,46.5054,-117.741) in tree of size 1705
Debug   : OCCRtree 0 matches after bounding box filtering
Debug   : OCCRTree found 1 matches at (45.9324,46.5054,-117.741) in tree of size 1705
Debug   : OCCRtree 0 matches after bounding box filtering
Debug   : OCCRTree found 1 matches at (39.523,52.0621,-117.741) in tree of size 1705
Debug   : OCCRtree 0 matches after bounding box filtering
Debug   : OCCRTree found 1 matches at (39.523,52.0621,-117.741) in tree of size 1705
Debug   : OCCRtree 0 matches after bounding box filtering
Debug   : OCCRTree found 1 matches at (39.523,52.0621,-117.741) in tree of size 1705
Debug   : OCCRtree 0 matches after bounding box filtering
Debug   : OCCRTree found 1 matches at (32.4481,56.742,-117.741) in tree of size 1705
Debug   : OCCRtree 0 matches after bounding box filtering
Debug   : OCCRTree found 1 matches at (32.4481,56.742,-117.741) in tree of size 1705
Debug   : OCCRtree 0 matches after bounding box filtering
Debug   : OCCRTree found 1 matches at (32.4481,56.742,-117.741) in tree of size 1705
Debug   : OCCRtree 0 matches after bounding box filtering
Debug   : OCCRTree found 1 matches at (24.8267,60.4662,-117.741) in tree of size 1705
Debug   : OCCRtree 0 matches after bounding box filtering
Debug   : OCCRTree found 1 matches at (24.8267,60.4662,-117.741) in tree of size 1705
Debug   : OCCRtree 0 matches after bounding box filtering
Debug   : OCCRTree found 1 matches at (24.8267,60.4662,-117.741) in tree of size 1705
Debug   : OCCRtree 0 matches after bounding box filtering
Debug   : OCCRTree found 1 matches at (16.7871,63.1722,-117.741) in tree of size 1705
Debug   : OCCRtree 0 matches after bounding box filtering
Debug   : OCCRTree found 1 matches at (16.7871,63.1722,-117.741) in tree of size 1705
Debug   : OCCRtree 0 matches after bounding box filtering
Debug   : OCCRTree found 1 matches at (16.7871,63.1722,-117.741) in tree of size 1705
Debug   : OCCRtree 0 matches after bounding box filtering
Debug   : OCCRTree found 1 matches at (8.46484,64.8142,-117.741) in tree of size 1705
Debug   : OCCRtree 0 matches after bounding box filtering
Debug   : OCCRTree found 1 matches at (8.46484,64.8142,-117.741) in tree of size 1705
Debug   : OCCRtree 0 matches after bounding box filtering
Debug   : OCCRTree found 1 matches at (8.46484,64.8142,-117.741) in tree of size 1705
Debug   : OCCRtree 0 matches after bounding box filtering
Debug   : OCCRTree found 1 matches at (0,65.3646,-117.741) in tree of size 1705
Debug   : OCCRtree 0 matches after bounding box filtering
Debug   : OCCRTree found 1 matches at (0,65.3646,-117.741) in tree of size 1705
Debug   : OCCRtree 0 matches after bounding box filtering
Debug   : OCCRTree found 1 matches at (0,65.3646,-117.741) in tree of size 1705
Debug   : OCCRtree 0 matches after bounding box filtering
Debug   : OCCRTree found 1 matches at (-8.46484,64.8142,-117.741) in tree of size 1705
Debug   : OCCRtree 0 matches after bounding box filtering
Debug   : OCCRTree found 1 matches at (-8.46484,64.8142,-117.741) in tree of size 1705
Debug   : OCCRtree 0 matches after bounding box filtering
Debug   : OCCRTree found 1 matches at (-8.46484,64.8142,-117.741) in tree of size 1705
Debug   : OCCRtree 0 matches after bounding box filtering
Debug   : OCCRTree found 1 matches at (-16.7871,63.1722,-117.741) in tree of size 1705
Debug   : OCCRtree 0 matches after bounding box filtering
Debug   : OCCRTree found 1 matches at (-16.7871,63.1722,-117.741) in tree of size 1705
Debug   : OCCRtree 0 matches after bounding box filtering
Debug   : OCCRTree found 1 matches at (-16.7871,63.1722,-117.741) in tree of size 1705
Debug   : OCCRtree 0 matches after bounding box filtering
Debug   : OCCRTree found 1 matches at (-24.8267,60.4662,-117.741) in tree of size 1705
Debug   : OCCRtree 0 matches after bounding box filtering
Debug   : OCCRTree found 1 matches at (-24.8267,60.4662,-117.741) in tree of size 1705
Debug   : OCCRtree 0 matches after bounding box filtering
Debug   : OCCRTree found 1 matches at (-24.8267,60.4662,-117.741) in tree of size 1705
Debug   : OCCRtree 0 matches after bounding box filtering
Debug   : OCCRTree found 1 matches at (-32.4481,56.742,-117.741) in tree of size 1705
Debug   : OCCRtree 0 matches after bounding box filtering
Debug   : OCCRTree found 1 matches at (-32.4481,56.742,-117.741) in tree of size 1705
Debug   : OCCRtree 0 matches after bounding box filtering
Debug   : OCCRTree found 1 matches at (-32.4481,56.742,-117.741) in tree of size 1705
Debug   : OCCRtree 0 matches after bounding box filtering
Debug   : OCCRTree found 1 matches at (-39.523,52.0621,-117.741) in tree of size 1705
Debug   : OCCRtree 0 matches after bounding box filtering
Debug   : OCCRTree found 1 matches at (-39.523,52.0621,-117.741) in tree of size 1705
Debug   : OCCRtree 0 matches after bounding box filtering
Debug   : OCCRTree found 1 matches at (-39.523,52.0621,-117.741) in tree of size 1705
Debug   : OCCRtree 0 matches after bounding box filtering
Debug   : OCCRTree found 1 matches at (-45.9324,46.5054,-117.741) in tree of size 1705
Debug   : OCCRtree 0 matches after bounding box filtering
Debug   : OCCRTree found 1 matches at (-45.9324,46.5054,-117.741) in tree of size 1705
Debug   : OCCRtree 0 matches after bounding box filtering
Debug   : OCCRTree found 1 matches at (-45.9324,46.5054,-117.741) in tree of size 1705
Debug   : OCCRtree 0 matches after bounding box filtering
Debug   : OCCRTree found 1 matches at (-51.5681,40.1654,-117.741) in tree of size 1705
Debug   : OCCRtree 0 matches after bounding box filtering
Debug   : OCCRTree found 1 matches at (-51.5681,40.1654,-117.741) in tree of size 1705
Debug   : OCCRtree 0 matches after bounding box filtering
Debug   : OCCRTree found 1 matches at (-51.5681,40.1654,-117.741) in tree of size 1705
Debug   : OCCRtree 0 matches after bounding box filtering
Debug   : OCCRTree found 1 matches at (-56.3353,33.149,-117.741) in tree of size 1705
Debug   : OCCRtree 0 matches after bounding box filtering
Debug   : OCCRTree found 1 matches at (-56.3353,33.149,-117.741) in tree of size 1705
Debug   : OCCRtree 0 matches after bounding box filtering
Debug   : OCCRTree found 1 matches at (-56.3353,33.149,-117.741) in tree of size 1705
Debug   : OCCRtree 0 matches after bounding box filtering
Debug   : OCCRTree found 1 matches at (-58.9662,25.1802,-117.741) in tree of size 1705
Debug   : OCCRtree 0 matches after bounding box filtering
Debug   : OCCRTree found 1 matches at (-58.9662,25.1802,-117.741) in tree of size 1705
Debug   : OCCRtree 0 matches after bounding box filtering
Debug   : OCCRTree found 1 matches at (-58.9662,25.1802,-117.741) in tree of size 1705
Debug   : OCCRtree 0 matches after bounding box filtering
Debug   : OCCRTree found 1 matches at (-59.6354,16.9774,-117.741) in tree of size 1705
Debug   : OCCRtree 0 matches after bounding box filtering
Debug   : OCCRTree found 1 matches at (-59.6354,16.9774,-117.741) in tree of size 1705
Debug   : OCCRtree 0 matches after bounding box filtering
Debug   : OCCRTree found 1 matches at (-59.6354,16.9774,-117.741) in tree of size 1705
Debug   : OCCRtree 0 matches after bounding box filtering
Debug   : OCCRTree found 1 matches at (-59.6354,8.48868,-117.741) in tree of size 1705
Debug   : OCCRtree 0 matches after bounding box filtering
Debug   : OCCRTree found 1 matches at (-59.6354,8.48868,-117.741) in tree of size 1705
Debug   : OCCRtree 0 matches after bounding box filtering
Debug   : OCCRTree found 1 matches at (-59.6354,8.48868,-117.741) in tree of size 1705
Debug   : OCCRtree 0 matches after bounding box filtering
Debug   : OCCRTree found 1 matches at (-59.6354,0,-117.741) in tree of size 1705
Debug   : OCCRtree 0 matches after bounding box filtering
Debug   : OCCRTree found 1 matches at (-59.6354,0,-117.741) in tree of size 1705
Debug   : OCCRtree 0 matches after bounding box filtering
Debug   : OCCRTree found 1 matches at (-59.6354,0,-117.741) in tree of size 1705
Debug   : OCCRtree 0 matches after bounding box filtering
Debug   : OCCRTree found 1 matches at (-59.6354,-8.48868,-117.741) in tree of size 1705
Debug   : OCCRtree 0 matches after bounding box filtering
Debug   : OCCRTree found 1 matches at (-59.6354,-8.48868,-117.741) in tree of size 1705
Debug   : OCCRtree 0 matches after bounding box filtering
Debug   : OCCRTree found 1 matches at (-59.6354,-8.48868,-117.741) in tree of size 1705
Debug   : OCCRtree 0 matches after bounding box filtering
Debug   : OCCRTree found 1 matches at (-59.6354,-16.9774,-117.741) in tree of size 1705
Debug   : OCCRtree 0 matches after bounding box filtering
Debug   : OCCRTree found 1 matches at (-59.6354,-16.9774,-117.741) in tree of size 1705
Debug   : OCCRtree 0 matches after bounding box filtering
Debug   : OCCRTree found 1 matches at (-59.6354,-16.9774,-117.741) in tree of size 1705
Debug   : OCCRtree 0 matches after bounding box filtering
Debug   : OCCRTree found 1 matches at (-58.9662,-25.1802,-117.741) in tree of size 1705
Debug   : OCCRtree 0 matches after bounding box filtering
Debug   : OCCRTree found 1 matches at (-58.9662,-25.1802,-117.741) in tree of size 1705
Debug   : OCCRtree 0 matches after bounding box filtering
Debug   : OCCRTree found 1 matches at (-58.9662,-25.1802,-117.741) in tree of size 1705
Debug   : OCCRtree 0 matches after bounding box filtering
Debug   : OCCRTree found 1 matches at (-56.3353,-33.149,-117.741) in tree of size 1705
Debug   : OCCRtree 0 matches after bounding box filtering
Debug   : OCCRTree found 1 matches at (-56.3353,-33.149,-117.741) in tree of size 1705
Debug   : OCCRtree 0 matches after bounding box filtering
Debug   : OCCRTree found 1 matches at (-56.3353,-33.149,-117.741) in tree of size 1705
Debug   : OCCRtree 0 matches after bounding box filtering
Debug   : OCCRTree found 1 matches at (-51.5681,-40.1654,-117.741) in tree of size 1705
Debug   : OCCRtree 0 matches after bounding box filtering
Debug   : OCCRTree found 1 matches at (-51.5681,-40.1654,-117.741) in tree of size 1705
Debug   : OCCRtree 0 matches after bounding box filtering
Debug   : OCCRTree found 1 matches at (-51.5681,-40.1654,-117.741) in tree of size 1705
Debug   : OCCRtree 0 matches after bounding box filtering
Debug   : OCCRTree found 1 matches at (-45.9324,-46.5054,-117.741) in tree of size 1705
Debug   : OCCRtree 0 matches after bounding box filtering
Debug   : OCCRTree found 1 matches at (-45.9324,-46.5054,-117.741) in tree of size 1705
Debug   : OCCRtree 0 matches after bounding box filtering
Debug   : OCCRTree found 1 matches at (-45.9324,-46.5054,-117.741) in tree of size 1705
Debug   : OCCRtree 0 matches after bounding box filtering
Debug   : OCCRTree found 1 matches at (-39.523,-52.0621,-117.741) in tree of size 1705
Debug   : OCCRtree 0 matches after bounding box filtering
Debug   : OCCRTree found 1 matches at (-39.523,-52.0621,-117.741) in tree of size 1705
Debug   : OCCRtree 0 matches after bounding box filtering
Debug   : OCCRTree found 1 matches at (-39.523,-52.0621,-117.741) in tree of size 1705
Debug   : OCCRtree 0 matches after bounding box filtering
Debug   : OCCRTree found 1 matches at (-32.4481,-56.742,-117.741) in tree of size 1705
Debug   : OCCRtree 0 matches after bounding box filtering
Debug   : OCCRTree found 1 matches at (-32.4481,-56.742,-117.741) in tree of size 1705
Debug   : OCCRtree 0 matches after bounding box filtering
Debug   : OCCRTree found 1 matches at (-32.4481,-56.742,-117.741) in tree of size 1705
Debug   : OCCRtree 0 matches after bounding box filtering
Debug   : OCCRTree found 1 matches at (-24.8267,-60.4662,-117.741) in tree of size 1705
Debug   : OCCRtree 0 matches after bounding box filtering
Debug   : OCCRTree found 1 matches at (-24.8267,-60.4662,-117.741) in tree of size 1705
Debug   : OCCRtree 0 matches after bounding box filtering
Debug   : OCCRTree found 1 matches at (-24.8267,-60.4662,-117.741) in tree of size 1705
Debug   : OCCRtree 0 matches after bounding box filtering
Debug   : OCCRTree found 1 matches at (-16.7871,-63.1722,-117.741) in tree of size 1705
Debug   : OCCRtree 0 matches after bounding box filtering
Debug   : OCCRTree found 1 matches at (-16.7871,-63.1722,-117.741) in tree of size 1705
Debug   : OCCRtree 0 matches after bounding box filtering
Debug   : OCCRTree found 1 matches at (-16.7871,-63.1722,-117.741) in tree of size 1705
Debug   : OCCRtree 0 matches after bounding box filtering
Debug   : OCCRTree found 1 matches at (-8.46484,-64.8142,-117.741) in tree of size 1705
Debug   : OCCRtree 0 matches after bounding box filtering
Debug   : OCCRTree found 1 matches at (-8.46484,-64.8142,-117.741) in tree of size 1705
Debug   : OCCRtree 0 matches after bounding box filtering
Debug   : OCCRTree found 1 matches at (-8.46484,-64.8142,-117.741) in tree of size 1705
Debug   : OCCRtree 0 matches after bounding box filtering
Debug   : OCCRTree found 1 matches at (0,-65.3646,-117.741) in tree of size 1705
Debug   : OCCRtree 0 matches after bounding box filtering
Debug   : OCCRTree found 1 matches at (0,-65.3646,-117.741) in tree of size 1705
Debug   : OCCRtree 0 matches after bounding box filtering
Debug   : OCCRTree found 1 matches at (0,-65.3646,-117.741) in tree of size 1705
Debug   : OCCRtree 0 matches after bounding box filtering
Debug   : OCCRTree found 1 matches at (8.46484,-64.8142,-117.741) in tree of size 1705
Debug   : OCCRtree 0 matches after bounding box filtering
Debug   : OCCRTree found 1 matches at (8.46484,-64.8142,-117.741) in tree of size 1705
Debug   : OCCRtree 0 matches after bounding box filtering
Debug   : OCCRTree found 1 matches at (8.46484,-64.8142,-117.741) in tree of size 1705
Debug   : OCCRtree 0 matches after bounding box filtering
Debug   : OCCRTree found 1 matches at (16.7871,-63.1722,-117.741) in tree of size 1705
Debug   : OCCRtree 0 matches after bounding box filtering
Debug   : OCCRTree found 1 matches at (16.7871,-63.1722,-117.741) in tree of size 1705
Debug   : OCCRtree 0 matches after bounding box filtering
Debug   : OCCRTree found 1 matches at (16.7871,-63.1722,-117.741) in tree of size 1705
Debug   : OCCRtree 0 matches after bounding box filtering
Debug   : OCCRTree found 1 matches at (24.8267,-60.4662,-117.741) in tree of size 1705
Debug   : OCCRtree 0 matches after bounding box filtering
Debug   : OCCRTree found 1 matches at (24.8267,-60.4662,-117.741) in tree of size 1705
Debug   : OCCRtree 0 matches after bounding box filtering
Debug   : OCCRTree found 1 matches at (24.8267,-60.4662,-117.741) in tree of size 1705
Debug   : OCCRtree 0 matches after bounding box filtering
Debug   : OCCRTree found 1 matches at (32.4481,-56.742,-117.741) in tree of size 1705
Debug   : OCCRtree 0 matches after bounding box filtering
Debug   : OCCRTree found 1 matches at (32.4481,-56.742,-117.741) in tree of size 1705
Debug   : OCCRtree 0 matches after bounding box filtering
Debug   : OCCRTree found 1 matches at (32.4481,-56.742,-117.741) in tree of size 1705
Debug   : OCCRtree 0 matches after bounding box filtering
Debug   : OCCRTree found 1 matches at (39.523,-52.0621,-117.741) in tree of size 1705
Debug   : OCCRtree 0 matches after bounding box filtering
Debug   : OCCRTree found 1 matches at (39.523,-52.0621,-117.741) in tree of size 1705
Debug   : OCCRtree 0 matches after bounding box filtering
Debug   : OCCRTree found 1 matches at (39.523,-52.0621,-117.741) in tree of size 1705
Debug   : OCCRtree 0 matches after bounding box filtering
Debug   : OCCRTree found 1 matches at (45.9324,-46.5054,-117.741) in tree of size 1705
Debug   : OCCRtree 0 matches after bounding box filtering
Debug   : OCCRTree found 1 matches at (45.9324,-46.5054,-117.741) in tree of size 1705
Debug   : OCCRtree 0 matches after bounding box filtering
Debug   : OCCRTree found 1 matches at (45.9324,-46.5054,-117.741) in tree of size 1705
Debug   : OCCRtree 0 matches after bounding box filtering
Debug   : OCCRTree found 1 matches at (51.5681,-40.1654,-117.741) in tree of size 1705
Debug   : OCCRtree 0 matches after bounding box filtering
Debug   : OCCRTree found 1 matches at (51.5681,-40.1654,-117.741) in tree of size 1705
Debug   : OCCRtree 0 matches after bounding box filtering
Debug   : OCCRTree found 1 matches at (51.5681,-40.1654,-117.741) in tree of size 1705
Debug   : OCCRtree 0 matches after bounding box filtering
Debug   : OCCRTree found 1 matches at (56.3353,-33.149,-117.741) in tree of size 1705
Debug   : OCCRtree 0 matches after bounding box filtering
Debug   : OCCRTree found 1 matches at (56.3353,-33.149,-117.741) in tree of size 1705
Debug   : OCCRtree 0 matches after bounding box filtering
Debug   : OCCRTree found 1 matches at (56.3353,-33.149,-117.741) in tree of size 1705
Debug   : OCCRtree 0 matches after bounding box filtering
Debug   : OCCRTree found 1 matches at (58.9662,-25.1802,-117.741) in tree of size 1705
Debug   : OCCRtree 0 matches after bounding box filtering
Debug   : OCCRTree found 1 matches at (58.9662,-25.1802,-117.741) in tree of size 1705
Debug   : OCCRtree 0 matches after bounding box filtering
Debug   : OCCRTree found 1 matches at (58.9662,-25.1802,-117.741) in tree of size 1705
Debug   : OCCRtree 0 matches after bounding box filtering
Debug   : OCCRTree found 1 matches at (59.6354,-16.9774,-117.741) in tree of size 1705
Debug   : OCCRtree 0 matches after bounding box filtering
Debug   : OCCRTree found 1 matches at (59.6354,-16.9774,-117.741) in tree of size 1705
Debug   : OCCRtree 0 matches after bounding box filtering
Debug   : OCCRTree found 1 matches at (59.6354,-16.9774,-117.741) in tree of size 1705
Debug   : OCCRtree 0 matches after bounding box filtering
Debug   : OCCRTree found 1 matches at (59.6354,-8.48868,-117.741) in tree of size 1705
Debug   : OCCRtree 0 matches after bounding box filtering
Debug   : OCCRTree found 1 matches at (59.6354,-8.48868,-117.741) in tree of size 1705
Debug   : OCCRtree 0 matches after bounding box filtering
Debug   : OCCRTree found 1 matches at (59.6354,-8.48868,-117.741) in tree of size 1705
Debug   : OCCRtree 0 matches after bounding box filtering
Debug   : OCCRTree found 1 matches at (59.0625,0,-116.23) in tree of size 1705
Debug   : OCCRtree 0 matches after bounding box filtering
Debug   : OCCRTree found 1 matches at (59.0625,0,-116.23) in tree of size 1705
Debug   : OCCRtree 0 matches after bounding box filtering
Debug   : OCCRTree found 1 matches at (59.0625,0,-116.23) in tree of size 1705
Debug   : OCCRtree 0 matches after bounding box filtering
Debug   : OCCRTree found 2 matches at (59.0625,8.54259,-116.23) in tree of size 1705
Debug   : OCCRtree 0 matches after bounding box filtering
Debug   : OCCRTree found 2 matches at (59.0625,8.54259,-116.23) in tree of size 1705
Debug   : OCCRtree 0 matches after bounding box filtering
Debug   : OCCRTree found 2 matches at (59.0625,8.54259,-116.23) in tree of size 1705
Debug   : OCCRtree 0 matches after bounding box filtering
Debug   : OCCRTree found 1 matches at (59.0625,17.0852,-116.23) in tree of size 1705
Debug   : OCCRtree 0 matches after bounding box filtering
Debug   : OCCRTree found 1 matches at (59.0625,17.0852,-116.23) in tree of size 1705
Debug   : OCCRtree 0 matches after bounding box filtering
Debug   : OCCRTree found 1 matches at (59.0625,17.0852,-116.23) in tree of size 1705
Debug   : OCCRtree 0 matches after bounding box filtering
Debug   : OCCRTree found 1 matches at (58.7711,25.5013,-116.23) in tree of size 1705
Debug   : OCCRtree 0 matches after bounding box filtering
Debug   : OCCRTree found 1 matches at (58.7711,25.5013,-116.23) in tree of size 1705
Debug   : OCCRtree 0 matches after bounding box filtering
Debug   : OCCRTree found 1 matches at (58.7711,25.5013,-116.23) in tree of size 1705
Debug   : OCCRtree 0 matches after bounding box filtering
Debug   : OCCRTree found 1 matches at (56.6578,33.5287,-116.23) in tree of size 1705
Debug   : OCCRtree 0 matches after bounding box filtering
Debug   : OCCRTree found 1 matches at (56.6578,33.5287,-116.23) in tree of size 1705
Debug   : OCCRtree 0 matches after bounding box filtering
Debug   : OCCRTree found 1 matches at (56.6578,33.5287,-116.23) in tree of size 1705
Debug   : OCCRtree 0 matches after bounding box filtering
Debug   : OCCRTree found 1 matches at (51.9318,40.6305,-116.23) in tree of size 1705
Debug   : OCCRtree 0 matches after bounding box filtering
Debug   : OCCRTree found 1 matches at (51.9318,40.6305,-116.23) in tree of size 1705
Debug   : OCCRtree 0 matches after bounding box filtering
Debug   : OCCRTree found 1 matches at (51.9318,40.6305,-116.23) in tree of size 1705
Debug   : OCCRtree 0 matches after bounding box filtering
Debug   : OCCRTree found 1 matches at (46.2474,46.9993,-116.23) in tree of size 1705
Debug   : OCCRtree 0 matches after bounding box filtering
Debug   : OCCRTree found 1 matches at (46.2474,46.9993,-116.23) in tree of size 1705
Debug   : OCCRtree 0 matches after bounding box filtering
Debug   : OCCRTree found 1 matches at (46.2474,46.9993,-116.23) in tree of size 1705
Debug   : OCCRtree 0 matches after bounding box filtering
Debug   : OCCRTree found 1 matches at (39.7878,52.5803,-116.23) in tree of size 1705
Debug   : OCCRtree 0 matches after bounding box filtering
Debug   : OCCRTree found 1 matches at (39.7878,52.5803,-116.23) in tree of size 1705
Debug   : OCCRtree 0 matches after bounding box filtering
Debug   : OCCRTree found 1 matches at (39.7878,52.5803,-116.23) in tree of size 1705
Debug   : OCCRtree 0 matches after bounding box filtering
Debug   : OCCRTree found 1 matches at (32.6613,57.28,-116.23) in tree of size 1705
Debug   : OCCRtree 0 matches after bounding box filtering
Debug   : OCCRTree found 1 matches at (32.6613,57.28,-116.23) in tree of size 1705
Debug   : OCCRtree 0 matches after bounding box filtering
Debug   : OCCRTree found 1 matches at (32.6613,57.28,-116.23) in tree of size 1705
Debug   : OCCRtree 0 matches after bounding box filtering
Debug   : OCCRTree found 1 matches at (24.9874,61.0195,-116.23) in tree of size 1705
Debug   : OCCRtree 0 matches after bounding box filtering
Debug   : OCCRTree found 1 matches at (24.9874,61.0195,-116.23) in tree of size 1705
Debug   : OCCRtree 0 matches after bounding box filtering
Debug   : OCCRTree found 1 matches at (24.9874,61.0195,-116.23) in tree of size 1705
Debug   : OCCRtree 0 matches after bounding box filtering
Debug   : OCCRTree found 1 matches at (16.8946,63.7364,-116.23) in tree of size 1705
Debug   : OCCRtree 0 matches after bounding box filtering
Debug   : OCCRTree found 1 matches at (16.8946,63.7364,-116.23) in tree of size 1705
Debug   : OCCRtree 0 matches after bounding box filtering
Debug   : OCCRTree found 1 matches at (16.8946,63.7364,-116.23) in tree of size 1705
Debug   : OCCRtree 0 matches after bounding box filtering
Debug   : OCCRTree found 1 matches at (8.51871,65.3849,-116.23) in tree of size 1705
Debug   : OCCRtree 0 matches after bounding box filtering
Debug   : OCCRTree found 1 matches at (8.51871,65.3849,-116.23) in tree of size 1705
Debug   : OCCRtree 0 matches after bounding box filtering
Debug   : OCCRTree found 1 matches at (8.51871,65.3849,-116.23) in tree of size 1705
Debug   : OCCRtree 0 matches after bounding box filtering
Debug   : OCCRTree found 1 matches at (0,65.9375,-116.23) in tree of size 1705
Debug   : OCCRtree 0 matches after bounding box filtering
Debug   : OCCRTree found 1 matches at (0,65.9375,-116.23) in tree of size 1705
Debug   : OCCRtree 0 matches after bounding box filtering
Debug   : OCCRTree found 1 matches at (0,65.9375,-116.23) in tree of size 1705
Debug   : OCCRtree 0 matches after bounding box filtering
Debug   : OCCRTree found 1 matches at (-8.51871,65.3849,-116.23) in tree of size 1705
Debug   : OCCRtree 0 matches after bounding box filtering
Debug   : OCCRTree found 1 matches at (-8.51871,65.3849,-116.23) in tree of size 1705
Debug   : OCCRtree 0 matches after bounding box filtering
Debug   : OCCRTree found 1 matches at (-8.51871,65.3849,-116.23) in tree of size 1705
Debug   : OCCRtree 0 matches after bounding box filtering
Debug   : OCCRTree found 1 matches at (-16.8946,63.7364,-116.23) in tree of size 1705
Debug   : OCCRtree 0 matches after bounding box filtering
Debug   : OCCRTree found 1 matches at (-16.8946,63.7364,-116.23) in tree of size 1705
Debug   : OCCRtree 0 matches after bounding box filtering
Debug   : OCCRTree found 1 matches at (-16.8946,63.7364,-116.23) in tree of size 1705
Debug   : OCCRtree 0 matches after bounding box filtering
Debug   : OCCRTree found 1 matches at (-24.9874,61.0195,-116.23) in tree of size 1705
Debug   : OCCRtree 0 matches after bounding box filtering
Debug   : OCCRTree found 1 matches at (-24.9874,61.0195,-116.23) in tree of size 1705
Debug   : OCCRtree 0 matches after bounding box filtering
Debug   : OCCRTree found 1 matches at (-24.9874,61.0195,-116.23) in tree of size 1705
Debug   : OCCRtree 0 matches after bounding box filtering
Debug   : OCCRTree found 1 matches at (-32.6613,57.28,-116.23) in tree of size 1705
Debug   : OCCRtree 0 matches after bounding box filtering
Debug   : OCCRTree found 1 matches at (-32.6613,57.28,-116.23) in tree of size 1705
Debug   : OCCRtree 0 matches after bounding box filtering
Debug   : OCCRTree found 1 matches at (-32.6613,57.28,-116.23) in tree of size 1705
Debug   : OCCRtree 0 matches after bounding box filtering
Debug   : OCCRTree found 1 matches at (-39.7878,52.5803,-116.23) in tree of size 1705
Debug   : OCCRtree 0 matches after bounding box filtering
Debug   : OCCRTree found 1 matches at (-39.7878,52.5803,-116.23) in tree of size 1705
Debug   : OCCRtree 0 matches after bounding box filtering
Debug   : OCCRTree found 1 matches at (-39.7878,52.5803,-116.23) in tree of size 1705
Debug   : OCCRtree 0 matches after bounding box filtering
Debug   : OCCRTree found 1 matches at (-46.2474,46.9993,-116.23) in tree of size 1705
Debug   : OCCRtree 0 matches after bounding box filtering
Debug   : OCCRTree found 1 matches at (-46.2474,46.9993,-116.23) in tree of size 1705
Debug   : OCCRtree 0 matches after bounding box filtering
Debug   : OCCRTree found 1 matches at (-46.2474,46.9993,-116.23) in tree of size 1705
Debug   : OCCRtree 0 matches after bounding box filtering
Debug   : OCCRTree found 1 matches at (-51.9318,40.6305,-116.23) in tree of size 1705
Debug   : OCCRtree 0 matches after bounding box filtering
Debug   : OCCRTree found 1 matches at (-51.9318,40.6305,-116.23) in tree of size 1705
Debug   : OCCRtree 0 matches after bounding box filtering
Debug   : OCCRTree found 1 matches at (-51.9318,40.6305,-116.23) in tree of size 1705
Debug   : OCCRtree 0 matches after bounding box filtering
Debug   : OCCRTree found 1 matches at (-56.6578,33.5287,-116.23) in tree of size 1705
Debug   : OCCRtree 0 matches after bounding box filtering
Debug   : OCCRTree found 1 matches at (-56.6578,33.5287,-116.23) in tree of size 1705
Debug   : OCCRtree 0 matches after bounding box filtering
Debug   : OCCRTree found 1 matches at (-56.6578,33.5287,-116.23) in tree of size 1705
Debug   : OCCRtree 0 matches after bounding box filtering
Debug   : OCCRTree found 1 matches at (-58.7711,25.5013,-116.23) in tree of size 1705
Debug   : OCCRtree 0 matches after bounding box filtering
Debug   : OCCRTree found 1 matches at (-58.7711,25.5013,-116.23) in tree of size 1705
Debug   : OCCRtree 0 matches after bounding box filtering
Debug   : OCCRTree found 1 matches at (-58.7711,25.5013,-116.23) in tree of size 1705
Debug   : OCCRtree 0 matches after bounding box filtering
Debug   : OCCRTree found 1 matches at (-59.0625,17.0852,-116.23) in tree of size 1705
Debug   : OCCRtree 0 matches after bounding box filtering
Debug   : OCCRTree found 1 matches at (-59.0625,17.0852,-116.23) in tree of size 1705
Debug   : OCCRtree 0 matches after bounding box filtering
Debug   : OCCRTree found 1 matches at (-59.0625,17.0852,-116.23) in tree of size 1705
Debug   : OCCRtree 0 matches after bounding box filtering
Debug   : OCCRTree found 1 matches at (-59.0625,8.54259,-116.23) in tree of size 1705
Debug   : OCCRtree 0 matches after bounding box filtering
Debug   : OCCRTree found 1 matches at (-59.0625,8.54259,-116.23) in tree of size 1705
Debug   : OCCRtree 0 matches after bounding box filtering
Debug   : OCCRTree found 1 matches at (-59.0625,8.54259,-116.23) in tree of size 1705
Debug   : OCCRtree 0 matches after bounding box filtering
Debug   : OCCRTree found 1 matches at (-59.0625,0,-116.23) in tree of size 1705
Debug   : OCCRtree 0 matches after bounding box filtering
Debug   : OCCRTree found 1 matches at (-59.0625,0,-116.23) in tree of size 1705
Debug   : OCCRtree 0 matches after bounding box filtering
Debug   : OCCRTree found 1 matches at (-59.0625,0,-116.23) in tree of size 1705
Debug   : OCCRtree 0 matches after bounding box filtering
Debug   : OCCRTree found 1 matches at (-59.0625,-8.54259,-116.23) in tree of size 1705
Debug   : OCCRtree 0 matches after bounding box filtering
Debug   : OCCRTree found 1 matches at (-59.0625,-8.54259,-116.23) in tree of size 1705
Debug   : OCCRtree 0 matches after bounding box filtering
Debug   : OCCRTree found 1 matches at (-59.0625,-8.54259,-116.23) in tree of size 1705
Debug   : OCCRtree 0 matches after bounding box filtering
Debug   : OCCRTree found 1 matches at (-59.0625,-17.0852,-116.23) in tree of size 1705
Debug   : OCCRtree 0 matches after bounding box filtering
Debug   : OCCRTree found 1 matches at (-59.0625,-17.0852,-116.23) in tree of size 1705
Debug   : OCCRtree 0 matches after bounding box filtering
Debug   : OCCRTree found 1 matches at (-59.0625,-17.0852,-116.23) in tree of size 1705
Debug   : OCCRtree 0 matches after bounding box filtering
Debug   : OCCRTree found 1 matches at (-58.7711,-25.5013,-116.23) in tree of size 1705
Debug   : OCCRtree 0 matches after bounding box filtering
Debug   : OCCRTree found 1 matches at (-58.7711,-25.5013,-116.23) in tree of size 1705
Debug   : OCCRtree 0 matches after bounding box filtering
Debug   : OCCRTree found 1 matches at (-58.7711,-25.5013,-116.23) in tree of size 1705
Debug   : OCCRtree 0 matches after bounding box filtering
Debug   : OCCRTree found 1 matches at (-56.6578,-33.5287,-116.23) in tree of size 1705
Debug   : OCCRtree 0 matches after bounding box filtering
Debug   : OCCRTree found 1 matches at (-56.6578,-33.5287,-116.23) in tree of size 1705
Debug   : OCCRtree 0 matches after bounding box filtering
Debug   : OCCRTree found 1 matches at (-56.6578,-33.5287,-116.23) in tree of size 1705
Debug   : OCCRtree 0 matches after bounding box filtering
Debug   : OCCRTree found 1 matches at (-51.9318,-40.6305,-116.23) in tree of size 1705
Debug   : OCCRtree 0 matches after bounding box filtering
Debug   : OCCRTree found 1 matches at (-51.9318,-40.6305,-116.23) in tree of size 1705
Debug   : OCCRtree 0 matches after bounding box filtering
Debug   : OCCRTree found 1 matches at (-51.9318,-40.6305,-116.23) in tree of size 1705
Debug   : OCCRtree 0 matches after bounding box filtering
Debug   : OCCRTree found 1 matches at (-46.2474,-46.9993,-116.23) in tree of size 1705
Debug   : OCCRtree 0 matches after bounding box filtering
Debug   : OCCRTree found 1 matches at (-46.2474,-46.9993,-116.23) in tree of size 1705
Debug   : OCCRtree 0 matches after bounding box filtering
Debug   : OCCRTree found 1 matches at (-46.2474,-46.9993,-116.23) in tree of size 1705
Debug   : OCCRtree 0 matches after bounding box filtering
Debug   : OCCRTree found 1 matches at (-39.7878,-52.5803,-116.23) in tree of size 1705
Debug   : OCCRtree 0 matches after bounding box filtering
Debug   : OCCRTree found 1 matches at (-39.7878,-52.5803,-116.23) in tree of size 1705
Debug   : OCCRtree 0 matches after bounding box filtering
Debug   : OCCRTree found 1 matches at (-39.7878,-52.5803,-116.23) in tree of size 1705
Debug   : OCCRtree 0 matches after bounding box filtering
Debug   : OCCRTree found 1 matches at (-32.6613,-57.28,-116.23) in tree of size 1705
Debug   : OCCRtree 0 matches after bounding box filtering
Debug   : OCCRTree found 1 matches at (-32.6613,-57.28,-116.23) in tree of size 1705
Debug   : OCCRtree 0 matches after bounding box filtering
Debug   : OCCRTree found 1 matches at (-32.6613,-57.28,-116.23) in tree of size 1705
Debug   : OCCRtree 0 matches after bounding box filtering
Debug   : OCCRTree found 1 matches at (-24.9874,-61.0195,-116.23) in tree of size 1705
Debug   : OCCRtree 0 matches after bounding box filtering
Debug   : OCCRTree found 1 matches at (-24.9874,-61.0195,-116.23) in tree of size 1705
Debug   : OCCRtree 0 matches after bounding box filtering
Debug   : OCCRTree found 1 matches at (-24.9874,-61.0195,-116.23) in tree of size 1705
Debug   : OCCRtree 0 matches after bounding box filtering
Debug   : OCCRTree found 1 matches at (-16.8946,-63.7364,-116.23) in tree of size 1705
Debug   : OCCRtree 0 matches after bounding box filtering
Debug   : OCCRTree found 1 matches at (-16.8946,-63.7364,-116.23) in tree of size 1705
Debug   : OCCRtree 0 matches after bounding box filtering
Debug   : OCCRTree found 1 matches at (-16.8946,-63.7364,-116.23) in tree of size 1705
Debug   : OCCRtree 0 matches after bounding box filtering
Debug   : OCCRTree found 1 matches at (-8.51871,-65.3849,-116.23) in tree of size 1705
Debug   : OCCRtree 0 matches after bounding box filtering
Debug   : OCCRTree found 1 matches at (-8.51871,-65.3849,-116.23) in tree of size 1705
Debug   : OCCRtree 0 matches after bounding box filtering
Debug   : OCCRTree found 1 matches at (-8.51871,-65.3849,-116.23) in tree of size 1705
Debug   : OCCRtree 0 matches after bounding box filtering
Debug   : OCCRTree found 1 matches at (0,-65.9375,-116.23) in tree of size 1705
Debug   : OCCRtree 0 matches after bounding box filtering
Debug   : OCCRTree found 1 matches at (0,-65.9375,-116.23) in tree of size 1705
Debug   : OCCRtree 0 matches after bounding box filtering
Debug   : OCCRTree found 1 matches at (0,-65.9375,-116.23) in tree of size 1705
Debug   : OCCRtree 0 matches after bounding box filtering
Debug   : OCCRTree found 1 matches at (8.51871,-65.3849,-116.23) in tree of size 1705
Debug   : OCCRtree 0 matches after bounding box filtering
Debug   : OCCRTree found 1 matches at (8.51871,-65.3849,-116.23) in tree of size 1705
Debug   : OCCRtree 0 matches after bounding box filtering
Debug   : OCCRTree found 1 matches at (8.51871,-65.3849,-116.23) in tree of size 1705
Debug   : OCCRtree 0 matches after bounding box filtering
Debug   : OCCRTree found 1 matches at (16.8946,-63.7364,-116.23) in tree of size 1705
Debug   : OCCRtree 0 matches after bounding box filtering
Debug   : OCCRTree found 1 matches at (16.8946,-63.7364,-116.23) in tree of size 1705
Debug   : OCCRtree 0 matches after bounding box filtering
Debug   : OCCRTree found 1 matches at (16.8946,-63.7364,-116.23) in tree of size 1705
Debug   : OCCRtree 0 matches after bounding box filtering
Debug   : OCCRTree found 1 matches at (24.9874,-61.0195,-116.23) in tree of size 1705
Debug   : OCCRtree 0 matches after bounding box filtering
Debug   : OCCRTree found 1 matches at (24.9874,-61.0195,-116.23) in tree of size 1705
Debug   : OCCRtree 0 matches after bounding box filtering
Debug   : OCCRTree found 1 matches at (24.9874,-61.0195,-116.23) in tree of size 1705
Debug   : OCCRtree 0 matches after bounding box filtering
Debug   : OCCRTree found 1 matches at (32.6613,-57.28,-116.23) in tree of size 1705
Debug   : OCCRtree 0 matches after bounding box filtering
Debug   : OCCRTree found 1 matches at (32.6613,-57.28,-116.23) in tree of size 1705
Debug   : OCCRtree 0 matches after bounding box filtering
Debug   : OCCRTree found 1 matches at (32.6613,-57.28,-116.23) in tree of size 1705
Debug   : OCCRtree 0 matches after bounding box filtering
Debug   : OCCRTree found 1 matches at (39.7878,-52.5803,-116.23) in tree of size 1705
Debug   : OCCRtree 0 matches after bounding box filtering
Debug   : OCCRTree found 1 matches at (39.7878,-52.5803,-116.23) in tree of size 1705
Debug   : OCCRtree 0 matches after bounding box filtering
Debug   : OCCRTree found 1 matches at (39.7878,-52.5803,-116.23) in tree of size 1705
Debug   : OCCRtree 0 matches after bounding box filtering
Debug   : OCCRTree found 1 matches at (46.2474,-46.9993,-116.23) in tree of size 1705
Debug   : OCCRtree 0 matches after bounding box filtering
Debug   : OCCRTree found 1 matches at (46.2474,-46.9993,-116.23) in tree of size 1705
Debug   : OCCRtree 0 matches after bounding box filtering
Debug   : OCCRTree found 1 matches at (46.2474,-46.9993,-116.23) in tree of size 1705
Debug   : OCCRtree 0 matches after bounding box filtering
Debug   : OCCRTree found 1 matches at (51.9318,-40.6305,-116.23) in tree of size 1705
Debug   : OCCRtree 0 matches after bounding box filtering
Debug   : OCCRTree found 1 matches at (51.9318,-40.6305,-116.23) in tree of size 1705
Debug   : OCCRtree 0 matches after bounding box filtering
Debug   : OCCRTree found 1 matches at (51.9318,-40.6305,-116.23) in tree of size 1705
Debug   : OCCRtree 0 matches after bounding box filtering
Debug   : OCCRTree found 1 matches at (56.6578,-33.5287,-116.23) in tree of size 1705
Debug   : OCCRtree 0 matches after bounding box filtering
Debug   : OCCRTree found 1 matches at (56.6578,-33.5287,-116.23) in tree of size 1705
Debug   : OCCRtree 0 matches after bounding box filtering
Debug   : OCCRTree found 1 matches at (56.6578,-33.5287,-116.23) in tree of size 1705
Debug   : OCCRtree 0 matches after bounding box filtering
Debug   : OCCRTree found 1 matches at (58.7711,-25.5013,-116.23) in tree of size 1705
Debug   : OCCRtree 0 matches after bounding box filtering
Debug   : OCCRTree found 1 matches at (58.7711,-25.5013,-116.23) in tree of size 1705
Debug   : OCCRtree 0 matches after bounding box filtering
Debug   : OCCRTree found 1 matches at (58.7711,-25.5013,-116.23) in tree of size 1705
Debug   : OCCRtree 0 matches after bounding box filtering
Debug   : OCCRTree found 1 matches at (59.0625,-17.0852,-116.23) in tree of size 1705
Debug   : OCCRtree 0 matches after bounding box filtering
Debug   : OCCRTree found 1 matches at (59.0625,-17.0852,-116.23) in tree of size 1705
Debug   : OCCRtree 0 matches after bounding box filtering
Debug   : OCCRTree found 1 matches at (59.0625,-17.0852,-116.23) in tree of size 1705
Debug   : OCCRtree 0 matches after bounding box filtering
Debug   : OCCRTree found 1 matches at (59.0625,-8.54259,-116.23) in tree of size 1705
Debug   : OCCRtree 0 matches after bounding box filtering
Debug   : OCCRTree found 1 matches at (59.0625,-8.54259,-116.23) in tree of size 1705
Debug   : OCCRtree 0 matches after bounding box filtering
Debug   : OCCRTree found 1 matches at (59.0625,-8.54259,-116.23) in tree of size 1705
Debug   : OCCRtree 0 matches after bounding box filtering
Debug   : OCCRTree found 1 matches at (58.4896,0,-114.718) in tree of size 1705
Debug   : OCCRtree 0 matches after bounding box filtering
Debug   : OCCRTree found 1 matches at (58.4896,0,-114.718) in tree of size 1705
Debug   : OCCRtree 0 matches after bounding box filtering
Debug   : OCCRTree found 1 matches at (58.4896,0,-114.718) in tree of size 1705
Debug   : OCCRtree 0 matches after bounding box filtering
Debug   : OCCRTree found 2 matches at (58.4896,8.59473,-114.718) in tree of size 1705
Debug   : OCCRtree 0 matches after bounding box filtering
Debug   : OCCRTree found 2 matches at (58.4896,8.59473,-114.718) in tree of size 1705
Debug   : OCCRtree 0 matches after bounding box filtering
Debug   : OCCRTree found 2 matches at (58.4896,8.59473,-114.718) in tree of size 1705
Debug   : OCCRtree 0 matches after bounding box filtering
Debug   : OCCRTree found 1 matches at (58.4896,17.1895,-114.718) in tree of size 1705
Debug   : OCCRtree 0 matches after bounding box filtering
Debug   : OCCRTree found 1 matches at (58.4896,17.1895,-114.718) in tree of size 1705
Debug   : OCCRtree 0 matches after bounding box filtering
Debug   : OCCRTree found 1 matches at (58.4896,17.1895,-114.718) in tree of size 1705
Debug   : OCCRtree 0 matches after bounding box filtering
Debug   : OCCRTree found 1 matches at (58.4396,25.7622,-114.718) in tree of size 1705
Debug   : OCCRtree 0 matches after bounding box filtering
Debug   : OCCRTree found 1 matches at (58.4396,25.7622,-114.718) in tree of size 1705
Debug   : OCCRtree 0 matches after bounding box filtering
Debug   : OCCRTree found 1 matches at (58.4396,25.7622,-114.718) in tree of size 1705
Debug   : OCCRtree 0 matches after bounding box filtering
Debug   : OCCRTree found 1 matches at (56.8138,33.8251,-114.718) in tree of size 1705
Debug   : OCCRtree 0 matches after bounding box filtering
Debug   : OCCRTree found 1 matches at (56.8138,33.8251,-114.718) in tree of size 1705
Debug   : OCCRtree 0 matches after bounding box filtering
Debug   : OCCRTree found 1 matches at (56.8138,33.8251,-114.718) in tree of size 1705
Debug   : OCCRtree 0 matches after bounding box filtering
Debug   : OCCRTree found 1 matches at (52.2877,41.1052,-114.718) in tree of size 1705
Debug   : OCCRtree 0 matches after bounding box filtering
Debug   : OCCRTree found 1 matches at (52.2877,41.1052,-114.718) in tree of size 1705
Debug   : OCCRtree 0 matches after bounding box filtering
Debug   : OCCRTree found 1 matches at (52.2877,41.1052,-114.718) in tree of size 1705
Debug   : OCCRtree 0 matches after bounding box filtering
Debug   : OCCRTree found 1 matches at (46.5547,47.5005,-114.718) in tree of size 1705
Debug   : OCCRtree 0 matches after bounding box filtering
Debug   : OCCRTree found 1 matches at (46.5547,47.5005,-114.718) in tree of size 1705
Debug   : OCCRtree 0 matches after bounding box filtering
Debug   : OCCRTree found 1 matches at (46.5547,47.5005,-114.718) in tree of size 1705
Debug   : OCCRtree 0 matches after bounding box filtering
Debug   : OCCRTree found 1 matches at (40.0454,53.1037,-114.718) in tree of size 1705
Debug   : OCCRtree 0 matches after bounding box filtering
Debug   : OCCRTree found 1 matches at (40.0454,53.1037,-114.718) in tree of size 1705
Debug   : OCCRtree 0 matches after bounding box filtering
Debug   : OCCRTree found 1 matches at (40.0454,53.1037,-114.718) in tree of size 1705
Debug   : OCCRtree 0 matches after bounding box filtering
Debug   : OCCRTree found 1 matches at (32.8683,57.8214,-114.718) in tree of size 1705
Debug   : OCCRtree 0 matches after bounding box filtering
Debug   : OCCRTree found 1 matches at (32.8683,57.8214,-114.718) in tree of size 1705
Debug   : OCCRtree 0 matches after bounding box filtering
Debug   : OCCRTree found 1 matches at (32.8683,57.8214,-114.718) in tree of size 1705
Debug   : OCCRtree 0 matches after bounding box filtering
Debug   : OCCRTree found 1 matches at (25.1432,61.5748,-114.718) in tree of size 1705
Debug   : OCCRtree 0 matches after bounding box filtering
Debug   : OCCRTree found 1 matches at (25.1432,61.5748,-114.718) in tree of size 1705
Debug   : OCCRtree 0 matches after bounding box filtering
Debug   : OCCRTree found 1 matches at (25.1432,61.5748,-114.718) in tree of size 1705
Debug   : OCCRtree 0 matches after bounding box filtering
Debug   : OCCRTree found 1 matches at (16.9987,64.3015,-114.718) in tree of size 1705
Debug   : OCCRtree 0 matches after bounding box filtering
Debug   : OCCRTree found 1 matches at (16.9987,64.3015,-114.718) in tree of size 1705
Debug   : OCCRtree 0 matches after bounding box filtering
Debug   : OCCRTree found 1 matches at (16.9987,64.3015,-114.718) in tree of size 1705
Debug   : OCCRtree 0 matches after bounding box filtering
Debug   : OCCRTree found 1 matches at (8.57083,65.9559,-114.718) in tree of size 1705
Debug   : OCCRtree 0 matches after bounding box filtering
Debug   : OCCRTree found 1 matches at (8.57083,65.9559,-114.718) in tree of size 1705
Debug   : OCCRtree 0 matches after bounding box filtering
Debug   : OCCRTree found 1 matches at (8.57083,65.9559,-114.718) in tree of size 1705
Debug   : OCCRtree 0 matches after bounding box filtering
Debug   : OCCRTree found 1 matches at (0,66.5104,-114.718) in tree of size 1705
Debug   : OCCRtree 0 matches after bounding box filtering
Debug   : OCCRTree found 1 matches at (0,66.5104,-114.718) in tree of size 1705
Debug   : OCCRtree 0 matches after bounding box filtering
Debug   : OCCRTree found 1 matches at (0,66.5104,-114.718) in tree of size 1705
Debug   : OCCRtree 0 matches after bounding box filtering
Debug   : OCCRTree found 1 matches at (-8.57083,65.9559,-114.718) in tree of size 1705
Debug   : OCCRtree 0 matches after bounding box filtering
Debug   : OCCRTree found 1 matches at (-8.57083,65.9559,-114.718) in tree of size 1705
Debug   : OCCRtree 0 matches after bounding box filtering
Debug   : OCCRTree found 1 matches at (-8.57083,65.9559,-114.718) in tree of size 1705
Debug   : OCCRtree 0 matches after bounding box filtering
Debug   : OCCRTree found 1 matches at (-16.9987,64.3015,-114.718) in tree of size 1705
Debug   : OCCRtree 0 matches after bounding box filtering
Debug   : OCCRTree found 1 matches at (-16.9987,64.3015,-114.718) in tree of size 1705
Debug   : OCCRtree 0 matches after bounding box filtering
Debug   : OCCRTree found 1 matches at (-16.9987,64.3015,-114.718) in tree of size 1705
Debug   : OCCRtree 0 matches after bounding box filtering
Debug   : OCCRTree found 1 matches at (-25.1432,61.5748,-114.718) in tree of size 1705
Debug   : OCCRtree 0 matches after bounding box filtering
Debug   : OCCRTree found 1 matches at (-25.1432,61.5748,-114.718) in tree of size 1705
Debug   : OCCRtree 0 matches after bounding box filtering
Debug   : OCCRTree found 1 matches at (-25.1432,61.5748,-114.718) in tree of size 1705
Debug   : OCCRtree 0 matches after bounding box filtering
Debug   : OCCRTree found 1 matches at (-32.8683,57.8214,-114.718) in tree of size 1705
Debug   : OCCRtree 0 matches after bounding box filtering
Debug   : OCCRTree found 1 matches at (-32.8683,57.8214,-114.718) in tree of size 1705
Debug   : OCCRtree 0 matches after bounding box filtering
Debug   : OCCRTree found 1 matches at (-32.8683,57.8214,-114.718) in tree of size 1705
Debug   : OCCRtree 0 matches after bounding box filtering
Debug   : OCCRTree found 1 matches at (-40.0454,53.1037,-114.718) in tree of size 1705
Debug   : OCCRtree 0 matches after bounding box filtering
Debug   : OCCRTree found 1 matches at (-40.0454,53.1037,-114.718) in tree of size 1705
Debug   : OCCRtree 0 matches after bounding box filtering
Debug   : OCCRTree found 1 matches at (-40.0454,53.1037,-114.718) in tree of size 1705
Debug   : OCCRtree 0 matches after bounding box filtering
Debug   : OCCRTree found 1 matches at (-46.5547,47.5005,-114.718) in tree of size 1705
Debug   : OCCRtree 0 matches after bounding box filtering
Debug   : OCCRTree found 1 matches at (-46.5547,47.5005,-114.718) in tree of size 1705
Debug   : OCCRtree 0 matches after bounding box filtering
Debug   : OCCRTree found 1 matches at (-46.5547,47.5005,-114.718) in tree of size 1705
Debug   : OCCRtree 0 matches after bounding box filtering
Debug   : OCCRTree found 1 matches at (-52.2877,41.1052,-114.718) in tree of size 1705
Debug   : OCCRtree 0 matches after bounding box filtering
Debug   : OCCRTree found 1 matches at (-52.2877,41.1052,-114.718) in tree of size 1705
Debug   : OCCRtree 0 matches after bounding box filtering
Debug   : OCCRTree found 1 matches at (-52.2877,41.1052,-114.718) in tree of size 1705
Debug   : OCCRtree 0 matches after bounding box filtering
Debug   : OCCRTree found 1 matches at (-56.8138,33.8251,-114.718) in tree of size 1705
Debug   : OCCRtree 0 matches after bounding box filtering
Debug   : OCCRTree found 1 matches at (-56.8138,33.8251,-114.718) in tree of size 1705
Debug   : OCCRtree 0 matches after bounding box filtering
Debug   : OCCRTree found 1 matches at (-56.8138,33.8251,-114.718) in tree of size 1705
Debug   : OCCRtree 0 matches after bounding box filtering
Debug   : OCCRTree found 1 matches at (-58.4396,25.7622,-114.718) in tree of size 1705
Debug   : OCCRtree 0 matches after bounding box filtering
Debug   : OCCRTree found 1 matches at (-58.4396,25.7622,-114.718) in tree of size 1705
Debug   : OCCRtree 0 matches after bounding box filtering
Debug   : OCCRTree found 1 matches at (-58.4396,25.7622,-114.718) in tree of size 1705
Debug   : OCCRtree 0 matches after bounding box filtering
Debug   : OCCRTree found 1 matches at (-58.4896,17.1895,-114.718) in tree of size 1705
Debug   : OCCRtree 0 matches after bounding box filtering
Debug   : OCCRTree found 1 matches at (-58.4896,17.1895,-114.718) in tree of size 1705
Debug   : OCCRtree 0 matches after bounding box filtering
Debug   : OCCRTree found 1 matches at (-58.4896,17.1895,-114.718) in tree of size 1705
Debug   : OCCRtree 0 matches after bounding box filtering
Debug   : OCCRTree found 1 matches at (-58.4896,8.59473,-114.718) in tree of size 1705
Debug   : OCCRtree 0 matches after bounding box filtering
Debug   : OCCRTree found 1 matches at (-58.4896,8.59473,-114.718) in tree of size 1705
Debug   : OCCRtree 0 matches after bounding box filtering
Debug   : OCCRTree found 1 matches at (-58.4896,8.59473,-114.718) in tree of size 1705
Debug   : OCCRtree 0 matches after bounding box filtering
Debug   : OCCRTree found 1 matches at (-58.4896,0,-114.718) in tree of size 1705
Debug   : OCCRtree 0 matches after bounding box filtering
Debug   : OCCRTree found 1 matches at (-58.4896,0,-114.718) in tree of size 1705
Debug   : OCCRtree 0 matches after bounding box filtering
Debug   : OCCRTree found 1 matches at (-58.4896,0,-114.718) in tree of size 1705
Debug   : OCCRtree 0 matches after bounding box filtering
Debug   : OCCRTree found 1 matches at (-58.4896,-8.59473,-114.718) in tree of size 1705
Debug   : OCCRtree 0 matches after bounding box filtering
Debug   : OCCRTree found 1 matches at (-58.4896,-8.59473,-114.718) in tree of size 1705
Debug   : OCCRtree 0 matches after bounding box filtering
Debug   : OCCRTree found 1 matches at (-58.4896,-8.59473,-114.718) in tree of size 1705
Debug   : OCCRtree 0 matches after bounding box filtering
Debug   : OCCRTree found 1 matches at (-58.4896,-17.1895,-114.718) in tree of size 1705
Debug   : OCCRtree 0 matches after bounding box filtering
Debug   : OCCRTree found 1 matches at (-58.4896,-17.1895,-114.718) in tree of size 1705
Debug   : OCCRtree 0 matches after bounding box filtering
Debug   : OCCRTree found 1 matches at (-58.4896,-17.1895,-114.718) in tree of size 1705
Debug   : OCCRtree 0 matches after bounding box filtering
Debug   : OCCRTree found 1 matches at (-58.4396,-25.7622,-114.718) in tree of size 1705
Debug   : OCCRtree 0 matches after bounding box filtering
Debug   : OCCRTree found 1 matches at (-58.4396,-25.7622,-114.718) in tree of size 1705
Debug   : OCCRtree 0 matches after bounding box filtering
Debug   : OCCRTree found 1 matches at (-58.4396,-25.7622,-114.718) in tree of size 1705
Debug   : OCCRtree 0 matches after bounding box filtering
Debug   : OCCRTree found 1 matches at (-56.8138,-33.8251,-114.718) in tree of size 1705
Debug   : OCCRtree 0 matches after bounding box filtering
Debug   : OCCRTree found 1 matches at (-56.8138,-33.8251,-114.718) in tree of size 1705
Debug   : OCCRtree 0 matches after bounding box filtering
Debug   : OCCRTree found 1 matches at (-56.8138,-33.8251,-114.718) in tree of size 1705
Debug   : OCCRtree 0 matches after bounding box filtering
Debug   : OCCRTree found 1 matches at (-52.2877,-41.1052,-114.718) in tree of size 1705
Debug   : OCCRtree 0 matches after bounding box filtering
Debug   : OCCRTree found 1 matches at (-52.2877,-41.1052,-114.718) in tree of size 1705
Debug   : OCCRtree 0 matches after bounding box filtering
Debug   : OCCRTree found 1 matches at (-52.2877,-41.1052,-114.718) in tree of size 1705
Debug   : OCCRtree 0 matches after bounding box filtering
Debug   : OCCRTree found 1 matches at (-46.5547,-47.5005,-114.718) in tree of size 1705
Debug   : OCCRtree 0 matches after bounding box filtering
Debug   : OCCRTree found 1 matches at (-46.5547,-47.5005,-114.718) in tree of size 1705
Debug   : OCCRtree 0 matches after bounding box filtering
Debug   : OCCRTree found 1 matches at (-46.5547,-47.5005,-114.718) in tree of size 1705
Debug   : OCCRtree 0 matches after bounding box filtering
Debug   : OCCRTree found 1 matches at (-40.0454,-53.1037,-114.718) in tree of size 1705
Debug   : OCCRtree 0 matches after bounding box filtering
Debug   : OCCRTree found 1 matches at (-40.0454,-53.1037,-114.718) in tree of size 1705
Debug   : OCCRtree 0 matches after bounding box filtering
Debug   : OCCRTree found 1 matches at (-40.0454,-53.1037,-114.718) in tree of size 1705
Debug   : OCCRtree 0 matches after bounding box filtering
Debug   : OCCRTree found 1 matches at (-32.8683,-57.8214,-114.718) in tree of size 1705
Debug   : OCCRtree 0 matches after bounding box filtering
Debug   : OCCRTree found 1 matches at (-32.8683,-57.8214,-114.718) in tree of size 1705
Debug   : OCCRtree 0 matches after bounding box filtering
Debug   : OCCRTree found 1 matches at (-32.8683,-57.8214,-114.718) in tree of size 1705
Debug   : OCCRtree 0 matches after bounding box filtering
Debug   : OCCRTree found 1 matches at (-25.1432,-61.5748,-114.718) in tree of size 1705
Debug   : OCCRtree 0 matches after bounding box filtering
Debug   : OCCRTree found 1 matches at (-25.1432,-61.5748,-114.718) in tree of size 1705
Debug   : OCCRtree 0 matches after bounding box filtering
Debug   : OCCRTree found 1 matches at (-25.1432,-61.5748,-114.718) in tree of size 1705
Debug   : OCCRtree 0 matches after bounding box filtering
Debug   : OCCRTree found 1 matches at (-16.9987,-64.3015,-114.718) in tree of size 1705
Debug   : OCCRtree 0 matches after bounding box filtering
Debug   : OCCRTree found 1 matches at (-16.9987,-64.3015,-114.718) in tree of size 1705
Debug   : OCCRtree 0 matches after bounding box filtering
Debug   : OCCRTree found 1 matches at (-16.9987,-64.3015,-114.718) in tree of size 1705
Debug   : OCCRtree 0 matches after bounding box filtering
Debug   : OCCRTree found 1 matches at (-8.57083,-65.9559,-114.718) in tree of size 1705
Debug   : OCCRtree 0 matches after bounding box filtering
Debug   : OCCRTree found 1 matches at (-8.57083,-65.9559,-114.718) in tree of size 1705
Debug   : OCCRtree 0 matches after bounding box filtering
Debug   : OCCRTree found 1 matches at (-8.57083,-65.9559,-114.718) in tree of size 1705
Debug   : OCCRtree 0 matches after bounding box filtering
Debug   : OCCRTree found 1 matches at (0,-66.5104,-114.718) in tree of size 1705
Debug   : OCCRtree 0 matches after bounding box filtering
Debug   : OCCRTree found 1 matches at (0,-66.5104,-114.718) in tree of size 1705
Debug   : OCCRtree 0 matches after bounding box filtering
Debug   : OCCRTree found 1 matches at (0,-66.5104,-114.718) in tree of size 1705
Debug   : OCCRtree 0 matches after bounding box filtering
Debug   : OCCRTree found 1 matches at (8.57083,-65.9559,-114.718) in tree of size 1705
Debug   : OCCRtree 0 matches after bounding box filtering
Debug   : OCCRTree found 1 matches at (8.57083,-65.9559,-114.718) in tree of size 1705
Debug   : OCCRtree 0 matches after bounding box filtering
Debug   : OCCRTree found 1 matches at (8.57083,-65.9559,-114.718) in tree of size 1705
Debug   : OCCRtree 0 matches after bounding box filtering
Debug   : OCCRTree found 1 matches at (16.9987,-64.3015,-114.718) in tree of size 1705
Debug   : OCCRtree 0 matches after bounding box filtering
Debug   : OCCRTree found 1 matches at (16.9987,-64.3015,-114.718) in tree of size 1705
Debug   : OCCRtree 0 matches after bounding box filtering
Debug   : OCCRTree found 1 matches at (16.9987,-64.3015,-114.718) in tree of size 1705
Debug   : OCCRtree 0 matches after bounding box filtering
Debug   : OCCRTree found 1 matches at (25.1432,-61.5748,-114.718) in tree of size 1705
Debug   : OCCRtree 0 matches after bounding box filtering
Debug   : OCCRTree found 1 matches at (25.1432,-61.5748,-114.718) in tree of size 1705
Debug   : OCCRtree 0 matches after bounding box filtering
Debug   : OCCRTree found 1 matches at (25.1432,-61.5748,-114.718) in tree of size 1705
Debug   : OCCRtree 0 matches after bounding box filtering
Debug   : OCCRTree found 1 matches at (32.8683,-57.8214,-114.718) in tree of size 1705
Debug   : OCCRtree 0 matches after bounding box filtering
Debug   : OCCRTree found 1 matches at (32.8683,-57.8214,-114.718) in tree of size 1705
Debug   : OCCRtree 0 matches after bounding box filtering
Debug   : OCCRTree found 1 matches at (32.8683,-57.8214,-114.718) in tree of size 1705
Debug   : OCCRtree 0 matches after bounding box filtering
Debug   : OCCRTree found 1 matches at (40.0454,-53.1037,-114.718) in tree of size 1705
Debug   : OCCRtree 0 matches after bounding box filtering
Debug   : OCCRTree found 1 matches at (40.0454,-53.1037,-114.718) in tree of size 1705
Debug   : OCCRtree 0 matches after bounding box filtering
Debug   : OCCRTree found 1 matches at (40.0454,-53.1037,-114.718) in tree of size 1705
Debug   : OCCRtree 0 matches after bounding box filtering
Debug   : OCCRTree found 1 matches at (46.5547,-47.5005,-114.718) in tree of size 1705
Debug   : OCCRtree 0 matches after bounding box filtering
Debug   : OCCRTree found 1 matches at (46.5547,-47.5005,-114.718) in tree of size 1705
Debug   : OCCRtree 0 matches after bounding box filtering
Debug   : OCCRTree found 1 matches at (46.5547,-47.5005,-114.718) in tree of size 1705
Debug   : OCCRtree 0 matches after bounding box filtering
Debug   : OCCRTree found 1 matches at (52.2877,-41.1052,-114.718) in tree of size 1705
Debug   : OCCRtree 0 matches after bounding box filtering
Debug   : OCCRTree found 1 matches at (52.2877,-41.1052,-114.718) in tree of size 1705
Debug   : OCCRtree 0 matches after bounding box filtering
Debug   : OCCRTree found 1 matches at (52.2877,-41.1052,-114.718) in tree of size 1705
Debug   : OCCRtree 0 matches after bounding box filtering
Debug   : OCCRTree found 1 matches at (56.8138,-33.8251,-114.718) in tree of size 1705
Debug   : OCCRtree 0 matches after bounding box filtering
Debug   : OCCRTree found 1 matches at (56.8138,-33.8251,-114.718) in tree of size 1705
Debug   : OCCRtree 0 matches after bounding box filtering
Debug   : OCCRTree found 1 matches at (56.8138,-33.8251,-114.718) in tree of size 1705
Debug   : OCCRtree 0 matches after bounding box filtering
Debug   : OCCRTree found 1 matches at (58.4396,-25.7622,-114.718) in tree of size 1705
Debug   : OCCRtree 0 matches after bounding box filtering
Debug   : OCCRTree found 1 matches at (58.4396,-25.7622,-114.718) in tree of size 1705
Debug   : OCCRtree 0 matches after bounding box filtering
Debug   : OCCRTree found 1 matches at (58.4396,-25.7622,-114.718) in tree of size 1705
Debug   : OCCRtree 0 matches after bounding box filtering
Debug   : OCCRTree found 1 matches at (58.4896,-17.1895,-114.718) in tree of size 1705
Debug   : OCCRtree 0 matches after bounding box filtering
Debug   : OCCRTree found 1 matches at (58.4896,-17.1895,-114.718) in tree of size 1705
Debug   : OCCRtree 0 matches after bounding box filtering
Debug   : OCCRTree found 1 matches at (58.4896,-17.1895,-114.718) in tree of size 1705
Debug   : OCCRtree 0 matches after bounding box filtering
Debug   : OCCRTree found 1 matches at (58.4896,-8.59473,-114.718) in tree of size 1705
Debug   : OCCRtree 0 matches after bounding box filtering
Debug   : OCCRTree found 1 matches at (58.4896,-8.59473,-114.718) in tree of size 1705
Debug   : OCCRtree 0 matches after bounding box filtering
Debug   : OCCRTree found 1 matches at (58.4896,-8.59473,-114.718) in tree of size 1705
Debug   : OCCRtree 0 matches after bounding box filtering
Debug   : OCCRTree found 1 matches at (57.6923,0,-112.615) in tree of size 1705
Debug   : OCCRtree 0 matches after bounding box filtering
Debug   : OCCRTree found 1 matches at (57.6923,0,-112.615) in tree of size 1705
Debug   : OCCRtree 0 matches after bounding box filtering
Debug   : OCCRTree found 1 matches at (57.6923,0,-112.615) in tree of size 1705
Debug   : OCCRtree 0 matches after bounding box filtering
Debug   : OCCRTree found 1 matches at (57.6923,8.66461,-112.615) in tree of size 1705
Debug   : OCCRtree 0 matches after bounding box filtering
Debug   : OCCRTree found 1 matches at (57.6923,8.66461,-112.615) in tree of size 1705
Debug   : OCCRtree 0 matches after bounding box filtering
Debug   : OCCRTree found 1 matches at (57.6923,8.66461,-112.615) in tree of size 1705
Debug   : OCCRtree 0 matches after bounding box filtering
Debug   : OCCRTree found 1 matches at (57.6923,17.3292,-112.615) in tree of size 1705
Debug   : OCCRtree 0 matches after bounding box filtering
Debug   : OCCRTree found 1 matches at (57.6923,17.3292,-112.615) in tree of size 1705
Debug   : OCCRtree 0 matches after bounding box filtering
Debug   : OCCRTree found 1 matches at (57.6923,17.3292,-112.615) in tree of size 1705
Debug   : OCCRtree 0 matches after bounding box filtering
Debug   : OCCRTree found 1 matches at (57.6923,25.9938,-112.615) in tree of size 1705
Debug   : OCCRtree 0 matches after bounding box filtering
Debug   : OCCRTree found 1 matches at (57.6923,25.9938,-112.615) in tree of size 1705
Debug   : OCCRtree 0 matches after bounding box filtering
Debug   : OCCRTree found 1 matches at (57.6923,25.9938,-112.615) in tree of size 1705
Debug   : OCCRtree 0 matches after bounding box filtering
Debug   : OCCRTree found 1 matches at (56.8262,34.1381,-112.615) in tree of size 1705
Debug   : OCCRtree 0 matches after bounding box filtering
Debug   : OCCRTree found 1 matches at (56.8262,34.1381,-112.615) in tree of size 1705
Debug   : OCCRtree 0 matches after bounding box filtering
Debug   : OCCRTree found 1 matches at (56.8262,34.1381,-112.615) in tree of size 1705
Debug   : OCCRtree 0 matches after bounding box filtering
Debug   : OCCRTree found 1 matches at (52.7707,41.7801,-112.615) in tree of size 1705
Debug   : OCCRtree 0 matches after bounding box filtering
Debug   : OCCRTree found 1 matches at (52.7707,41.7801,-112.615) in tree of size 1705
Debug   : OCCRtree 0 matches after bounding box filtering
Debug   : OCCRTree found 1 matches at (52.7707,41.7801,-112.615) in tree of size 1705
Debug   : OCCRtree 0 matches after bounding box filtering
Debug   : OCCRTree found 1 matches at (46.9705,48.2089,-112.615) in tree of size 1705
Debug   : OCCRtree 0 matches after bounding box filtering
Debug   : OCCRTree found 1 matches at (46.9705,48.2089,-112.615) in tree of size 1705
Debug   : OCCRtree 0 matches after bounding box filtering
Debug   : OCCRTree found 1 matches at (46.9705,48.2089,-112.615) in tree of size 1705
Debug   : OCCRtree 0 matches after bounding box filtering
Debug   : OCCRTree found 1 matches at (40.393,53.8399,-112.615) in tree of size 1705
Debug   : OCCRtree 0 matches after bounding box filtering
Debug   : OCCRTree found 1 matches at (40.393,53.8399,-112.615) in tree of size 1705
Debug   : OCCRtree 0 matches after bounding box filtering
Debug   : OCCRTree found 1 matches at (40.393,53.8399,-112.615) in tree of size 1705
Debug   : OCCRtree 0 matches after bounding box filtering
Debug   : OCCRTree found 1 matches at (33.147,58.5799,-112.615) in tree of size 1705
Debug   : OCCRtree 0 matches after bounding box filtering
Debug   : OCCRTree found 1 matches at (33.147,58.5799,-112.615) in tree of size 1705
Debug   : OCCRtree 0 matches after bounding box filtering
Debug   : OCCRTree found 1 matches at (33.147,58.5799,-112.615) in tree of size 1705
Debug   : OCCRtree 0 matches after bounding box filtering
Debug   : OCCRTree found 1 matches at (25.3525,62.3504,-112.615) in tree of size 1705
Debug   : OCCRtree 0 matches after bounding box filtering
Debug   : OCCRTree found 1 matches at (25.3525,62.3504,-112.615) in tree of size 1705
Debug   : OCCRtree 0 matches after bounding box filtering
Debug   : OCCRTree found 1 matches at (25.3525,62.3504,-112.615) in tree of size 1705
Debug   : OCCRtree 0 matches after bounding box filtering
Debug   : OCCRTree found 1 matches at (17.1384,65.0892,-112.615) in tree of size 1705
Debug   : OCCRtree 0 matches after bounding box filtering
Debug   : OCCRTree found 1 matches at (17.1384,65.0892,-112.615) in tree of size 1705
Debug   : OCCRtree 0 matches after bounding box filtering
Debug   : OCCRTree found 1 matches at (17.1384,65.0892,-112.615) in tree of size 1705
Debug   : OCCRtree 0 matches after bounding box filtering
Debug   : OCCRTree found 1 matches at (8.64069,66.7508,-112.615) in tree of size 1705
Debug   : OCCRtree 0 matches after bounding box filtering
Debug   : OCCRTree found 1 matches at (8.64069,66.7508,-112.615) in tree of size 1705
Debug   : OCCRtree 0 matches after bounding box filtering
Debug   : OCCRTree found 1 matches at (8.64069,66.7508,-112.615) in tree of size 1705
Debug   : OCCRtree 0 matches after bounding box filtering
Debug   : OCCRTree found 1 matches at (0,67.3077,-112.615) in tree of size 1705
Debug   : OCCRtree 0 matches after bounding box filtering
Debug   : OCCRTree found 1 matches at (0,67.3077,-112.615) in tree of size 1705
Debug   : OCCRtree 0 matches after bounding box filtering
Debug   : OCCRTree found 1 matches at (0,67.3077,-112.615) in tree of size 1705
Debug   : OCCRtree 0 matches after bounding box filtering
Debug   : OCCRTree found 1 matches at (-8.64069,66.7508,-112.615) in tree of size 1705
Debug   : OCCRtree 0 matches after bounding box filtering
Debug   : OCCRTree found 1 matches at (-8.64069,66.7508,-112.615) in tree of size 1705
Debug   : OCCRtree 0 matches after bounding box filtering
Debug   : OCCRTree found 1 matches at (-8.64069,66.7508,-112.615) in tree of size 1705
Debug   : OCCRtree 0 matches after bounding box filtering
Debug   : OCCRTree found 1 matches at (-17.1384,65.0892,-112.615) in tree of size 1705
Debug   : OCCRtree 0 matches after bounding box filtering
Debug   : OCCRTree found 1 matches at (-17.1384,65.0892,-112.615) in tree of size 1705
Debug   : OCCRtree 0 matches after bounding box filtering
Debug   : OCCRTree found 1 matches at (-17.1384,65.0892,-112.615) in tree of size 1705
Debug   : OCCRtree 0 matches after bounding box filtering
Debug   : OCCRTree found 1 matches at (-25.3525,62.3504,-112.615) in tree of size 1705
Debug   : OCCRtree 0 matches after bounding box filtering
Debug   : OCCRTree found 1 matches at (-25.3525,62.3504,-112.615) in tree of size 1705
Debug   : OCCRtree 0 matches after bounding box filtering
Debug   : OCCRTree found 1 matches at (-25.3525,62.3504,-112.615) in tree of size 1705
Debug   : OCCRtree 0 matches after bounding box filtering
Debug   : OCCRTree found 1 matches at (-33.147,58.5799,-112.615) in tree of size 1705
Debug   : OCCRtree 0 matches after bounding box filtering
Debug   : OCCRTree found 1 matches at (-33.147,58.5799,-112.615) in tree of size 1705
Debug   : OCCRtree 0 matches after bounding box filtering
Debug   : OCCRTree found 1 matches at (-33.147,58.5799,-112.615) in tree of size 1705
Debug   : OCCRtree 0 matches after bounding box filtering
Debug   : OCCRTree found 1 matches at (-40.393,53.8399,-112.615) in tree of size 1705
Debug   : OCCRtree 0 matches after bounding box filtering
Debug   : OCCRTree found 1 matches at (-40.393,53.8399,-112.615) in tree of size 1705
Debug   : OCCRtree 0 matches after bounding box filtering
Debug   : OCCRTree found 1 matches at (-40.393,53.8399,-112.615) in tree of size 1705
Debug   : OCCRtree 0 matches after bounding box filtering
Debug   : OCCRTree found 1 matches at (-46.9705,48.2089,-112.615) in tree of size 1705
Debug   : OCCRtree 0 matches after bounding box filtering
Debug   : OCCRTree found 1 matches at (-46.9705,48.2089,-112.615) in tree of size 1705
Debug   : OCCRtree 0 matches after bounding box filtering
Debug   : OCCRTree found 1 matches at (-46.9705,48.2089,-112.615) in tree of size 1705
Debug   : OCCRtree 0 matches after bounding box filtering
Debug   : OCCRTree found 1 matches at (-52.7707,41.7801,-112.615) in tree of size 1705
Debug   : OCCRtree 0 matches after bounding box filtering
Debug   : OCCRTree found 1 matches at (-52.7707,41.7801,-112.615) in tree of size 1705
Debug   : OCCRtree 0 matches after bounding box filtering
Debug   : OCCRTree found 1 matches at (-52.7707,41.7801,-112.615) in tree of size 1705
Debug   : OCCRtree 0 matches after bounding box filtering
Debug   : OCCRTree found 1 matches at (-56.8262,34.1381,-112.615) in tree of size 1705
Debug   : OCCRtree 0 matches after bounding box filtering
Debug   : OCCRTree found 1 matches at (-56.8262,34.1381,-112.615) in tree of size 1705
Debug   : OCCRtree 0 matches after bounding box filtering
Debug   : OCCRTree found 1 matches at (-56.8262,34.1381,-112.615) in tree of size 1705
Debug   : OCCRtree 0 matches after bounding box filtering
Debug   : OCCRTree found 1 matches at (-57.6923,25.9938,-112.615) in tree of size 1705
Debug   : OCCRtree 0 matches after bounding box filtering
Debug   : OCCRTree found 1 matches at (-57.6923,25.9938,-112.615) in tree of size 1705
Debug   : OCCRtree 0 matches after bounding box filtering
Debug   : OCCRTree found 1 matches at (-57.6923,25.9938,-112.615) in tree of size 1705
Debug   : OCCRtree 0 matches after bounding box filtering
Debug   : OCCRTree found 1 matches at (-57.6923,17.3292,-112.615) in tree of size 1705
Debug   : OCCRtree 0 matches after bounding box filtering
Debug   : OCCRTree found 1 matches at (-57.6923,17.3292,-112.615) in tree of size 1705
Debug   : OCCRtree 0 matches after bounding box filtering
Debug   : OCCRTree found 1 matches at (-57.6923,17.3292,-112.615) in tree of size 1705
Debug   : OCCRtree 0 matches after bounding box filtering
Debug   : OCCRTree found 1 matches at (-57.6923,8.66461,-112.615) in tree of size 1705
Debug   : OCCRtree 0 matches after bounding box filtering
Debug   : OCCRTree found 1 matches at (-57.6923,8.66461,-112.615) in tree of size 1705
Debug   : OCCRtree 0 matches after bounding box filtering
Debug   : OCCRTree found 1 matches at (-57.6923,8.66461,-112.615) in tree of size 1705
Debug   : OCCRtree 0 matches after bounding box filtering
Debug   : OCCRTree found 1 matches at (-57.6923,0,-112.615) in tree of size 1705
Debug   : OCCRtree 0 matches after bounding box filtering
Debug   : OCCRTree found 1 matches at (-57.6923,0,-112.615) in tree of size 1705
Debug   : OCCRtree 0 matches after bounding box filtering
Debug   : OCCRTree found 1 matches at (-57.6923,0,-112.615) in tree of size 1705
Debug   : OCCRtree 0 matches after bounding box filtering
Debug   : OCCRTree found 1 matches at (-57.6923,-8.66461,-112.615) in tree of size 1705
Debug   : OCCRtree 0 matches after bounding box filtering
Debug   : OCCRTree found 1 matches at (-57.6923,-8.66461,-112.615) in tree of size 1705
Debug   : OCCRtree 0 matches after bounding box filtering
Debug   : OCCRTree found 1 matches at (-57.6923,-8.66461,-112.615) in tree of size 1705
Debug   : OCCRtree 0 matches after bounding box filtering
Debug   : OCCRTree found 1 matches at (-57.6923,-17.3292,-112.615) in tree of size 1705
Debug   : OCCRtree 0 matches after bounding box filtering
Debug   : OCCRTree found 1 matches at (-57.6923,-17.3292,-112.615) in tree of size 1705
Debug   : OCCRtree 0 matches after bounding box filtering
Debug   : OCCRTree found 1 matches at (-57.6923,-17.3292,-112.615) in tree of size 1705
Debug   : OCCRtree 0 matches after bounding box filtering
Debug   : OCCRTree found 1 matches at (-57.6923,-25.9938,-112.615) in tree of size 1705
Debug   : OCCRtree 0 matches after bounding box filtering
Debug   : OCCRTree found 1 matches at (-57.6923,-25.9938,-112.615) in tree of size 1705
Debug   : OCCRtree 0 matches after bounding box filtering
Debug   : OCCRTree found 1 matches at (-57.6923,-25.9938,-112.615) in tree of size 1705
Debug   : OCCRtree 0 matches after bounding box filtering
Debug   : OCCRTree found 1 matches at (-56.8262,-34.1381,-112.615) in tree of size 1705
Debug   : OCCRtree 0 matches after bounding box filtering
Debug   : OCCRTree found 1 matches at (-56.8262,-34.1381,-112.615) in tree of size 1705
Debug   : OCCRtree 0 matches after bounding box filtering
Debug   : OCCRTree found 1 matches at (-56.8262,-34.1381,-112.615) in tree of size 1705
Debug   : OCCRtree 0 matches after bounding box filtering
Debug   : OCCRTree found 1 matches at (-52.7707,-41.7801,-112.615) in tree of size 1705
Debug   : OCCRtree 0 matches after bounding box filtering
Debug   : OCCRTree found 1 matches at (-52.7707,-41.7801,-112.615) in tree of size 1705
Debug   : OCCRtree 0 matches after bounding box filtering
Debug   : OCCRTree found 1 matches at (-52.7707,-41.7801,-112.615) in tree of size 1705
Debug   : OCCRtree 0 matches after bounding box filtering
Debug   : OCCRTree found 1 matches at (-46.9705,-48.2089,-112.615) in tree of size 1705
Debug   : OCCRtree 0 matches after bounding box filtering
Debug   : OCCRTree found 1 matches at (-46.9705,-48.2089,-112.615) in tree of size 1705
Debug   : OCCRtree 0 matches after bounding box filtering
Debug   : OCCRTree found 1 matches at (-46.9705,-48.2089,-112.615) in tree of size 1705
Debug   : OCCRtree 0 matches after bounding box filtering
Debug   : OCCRTree found 1 matches at (-40.393,-53.8399,-112.615) in tree of size 1705
Debug   : OCCRtree 0 matches after bounding box filtering
Debug   : OCCRTree found 1 matches at (-40.393,-53.8399,-112.615) in tree of size 1705
Debug   : OCCRtree 0 matches after bounding box filtering
Debug   : OCCRTree found 1 matches at (-40.393,-53.8399,-112.615) in tree of size 1705
Debug   : OCCRtree 0 matches after bounding box filtering
Debug   : OCCRTree found 1 matches at (-33.147,-58.5799,-112.615) in tree of size 1705
Debug   : OCCRtree 0 matches after bounding box filtering
Debug   : OCCRTree found 1 matches at (-33.147,-58.5799,-112.615) in tree of size 1705
Debug   : OCCRtree 0 matches after bounding box filtering
Debug   : OCCRTree found 1 matches at (-33.147,-58.5799,-112.615) in tree of size 1705
Debug   : OCCRtree 0 matches after bounding box filtering
Debug   : OCCRTree found 1 matches at (-25.3525,-62.3504,-112.615) in tree of size 1705
Debug   : OCCRtree 0 matches after bounding box filtering
Debug   : OCCRTree found 1 matches at (-25.3525,-62.3504,-112.615) in tree of size 1705
Debug   : OCCRtree 0 matches after bounding box filtering
Debug   : OCCRTree found 1 matches at (-25.3525,-62.3504,-112.615) in tree of size 1705
Debug   : OCCRtree 0 matches after bounding box filtering
Debug   : OCCRTree found 1 matches at (-17.1384,-65.0892,-112.615) in tree of size 1705
Debug   : OCCRtree 0 matches after bounding box filtering
Debug   : OCCRTree found 1 matches at (-17.1384,-65.0892,-112.615) in tree of size 1705
Debug   : OCCRtree 0 matches after bounding box filtering
Debug   : OCCRTree found 1 matches at (-17.1384,-65.0892,-112.615) in tree of size 1705
Debug   : OCCRtree 0 matches after bounding box filtering
Debug   : OCCRTree found 1 matches at (-8.64069,-66.7508,-112.615) in tree of size 1705
Debug   : OCCRtree 0 matches after bounding box filtering
Debug   : OCCRTree found 1 matches at (-8.64069,-66.7508,-112.615) in tree of size 1705
Debug   : OCCRtree 0 matches after bounding box filtering
Debug   : OCCRTree found 1 matches at (-8.64069,-66.7508,-112.615) in tree of size 1705
Debug   : OCCRtree 0 matches after bounding box filtering
Debug   : OCCRTree found 1 matches at (0,-67.3077,-112.615) in tree of size 1705
Debug   : OCCRtree 0 matches after bounding box filtering
Debug   : OCCRTree found 1 matches at (0,-67.3077,-112.615) in tree of size 1705
Debug   : OCCRtree 0 matches after bounding box filtering
Debug   : OCCRTree found 1 matches at (0,-67.3077,-112.615) in tree of size 1705
Debug   : OCCRtree 0 matches after bounding box filtering
Debug   : OCCRTree found 1 matches at (8.64069,-66.7508,-112.615) in tree of size 1705
Debug   : OCCRtree 0 matches after bounding box filtering
Debug   : OCCRTree found 1 matches at (8.64069,-66.7508,-112.615) in tree of size 1705
Debug   : OCCRtree 0 matches after bounding box filtering
Debug   : OCCRTree found 1 matches at (8.64069,-66.7508,-112.615) in tree of size 1705
Debug   : OCCRtree 0 matches after bounding box filtering
Debug   : OCCRTree found 1 matches at (17.1384,-65.0892,-112.615) in tree of size 1705
Debug   : OCCRtree 0 matches after bounding box filtering
Debug   : OCCRTree found 1 matches at (17.1384,-65.0892,-112.615) in tree of size 1705
Debug   : OCCRtree 0 matches after bounding box filtering
Debug   : OCCRTree found 1 matches at (17.1384,-65.0892,-112.615) in tree of size 1705
Debug   : OCCRtree 0 matches after bounding box filtering
Debug   : OCCRTree found 1 matches at (25.3525,-62.3504,-112.615) in tree of size 1705
Debug   : OCCRtree 0 matches after bounding box filtering
Debug   : OCCRTree found 1 matches at (25.3525,-62.3504,-112.615) in tree of size 1705
Debug   : OCCRtree 0 matches after bounding box filtering
Debug   : OCCRTree found 1 matches at (25.3525,-62.3504,-112.615) in tree of size 1705
Debug   : OCCRtree 0 matches after bounding box filtering
Debug   : OCCRTree found 1 matches at (33.147,-58.5799,-112.615) in tree of size 1705
Debug   : OCCRtree 0 matches after bounding box filtering
Debug   : OCCRTree found 1 matches at (33.147,-58.5799,-112.615) in tree of size 1705
Debug   : OCCRtree 0 matches after bounding box filtering
Debug   : OCCRTree found 1 matches at (33.147,-58.5799,-112.615) in tree of size 1705
Debug   : OCCRtree 0 matches after bounding box filtering
Debug   : OCCRTree found 1 matches at (40.393,-53.8399,-112.615) in tree of size 1705
Debug   : OCCRtree 0 matches after bounding box filtering
Debug   : OCCRTree found 1 matches at (40.393,-53.8399,-112.615) in tree of size 1705
Debug   : OCCRtree 0 matches after bounding box filtering
Debug   : OCCRTree found 1 matches at (40.393,-53.8399,-112.615) in tree of size 1705
Debug   : OCCRtree 0 matches after bounding box filtering
Debug   : OCCRTree found 1 matches at (46.9705,-48.2089,-112.615) in tree of size 1705
Debug   : OCCRtree 0 matches after bounding box filtering
Debug   : OCCRTree found 1 matches at (46.9705,-48.2089,-112.615) in tree of size 1705
Debug   : OCCRtree 0 matches after bounding box filtering
Debug   : OCCRTree found 1 matches at (46.9705,-48.2089,-112.615) in tree of size 1705
Debug   : OCCRtree 0 matches after bounding box filtering
Debug   : OCCRTree found 1 matches at (52.7707,-41.7801,-112.615) in tree of size 1705
Debug   : OCCRtree 0 matches after bounding box filtering
Debug   : OCCRTree found 1 matches at (52.7707,-41.7801,-112.615) in tree of size 1705
Debug   : OCCRtree 0 matches after bounding box filtering
Debug   : OCCRTree found 1 matches at (52.7707,-41.7801,-112.615) in tree of size 1705
Debug   : OCCRtree 0 matches after bounding box filtering
Debug   : OCCRTree found 1 matches at (56.8262,-34.1381,-112.615) in tree of size 1705
Debug   : OCCRtree 0 matches after bounding box filtering
Debug   : OCCRTree found 1 matches at (56.8262,-34.1381,-112.615) in tree of size 1705
Debug   : OCCRtree 0 matches after bounding box filtering
Debug   : OCCRTree found 1 matches at (56.8262,-34.1381,-112.615) in tree of size 1705
Debug   : OCCRtree 0 matches after bounding box filtering
Debug   : OCCRTree found 1 matches at (57.6923,-25.9938,-112.615) in tree of size 1705
Debug   : OCCRtree 0 matches after bounding box filtering
Debug   : OCCRTree found 1 matches at (57.6923,-25.9938,-112.615) in tree of size 1705
Debug   : OCCRtree 0 matches after bounding box filtering
Debug   : OCCRTree found 1 matches at (57.6923,-25.9938,-112.615) in tree of size 1705
Debug   : OCCRtree 0 matches after bounding box filtering
Debug   : OCCRTree found 1 matches at (57.6923,-17.3292,-112.615) in tree of size 1705
Debug   : OCCRtree 0 matches after bounding box filtering
Debug   : OCCRTree found 1 matches at (57.6923,-17.3292,-112.615) in tree of size 1705
Debug   : OCCRtree 0 matches after bounding box filtering
Debug   : OCCRTree found 1 matches at (57.6923,-17.3292,-112.615) in tree of size 1705
Debug   : OCCRtree 0 matches after bounding box filtering
Debug   : OCCRTree found 1 matches at (57.6923,-8.66461,-112.615) in tree of size 1705
Debug   : OCCRtree 0 matches after bounding box filtering
Debug   : OCCRTree found 1 matches at (57.6923,-8.66461,-112.615) in tree of size 1705
Debug   : OCCRtree 0 matches after bounding box filtering
Debug   : OCCRTree found 1 matches at (57.6923,-8.66461,-112.615) in tree of size 1705
Debug   : OCCRtree 0 matches after bounding box filtering
Debug   : OCCRTree found 1 matches at (50.5769,0,-93.8462) in tree of size 1705
Debug   : OCCRtree 0 matches after bounding box filtering
Debug   : OCCRTree found 1 matches at (50.5769,0,-93.8462) in tree of size 1705
Debug   : OCCRtree 0 matches after bounding box filtering
Debug   : OCCRTree found 1 matches at (50.5769,0,-93.8462) in tree of size 1705
Debug   : OCCRtree 0 matches after bounding box filtering
Debug   : OCCRTree found 2 matches at (50.5769,9.18377,-93.8462) in tree of size 1705
Debug   : OCCRtree 0 matches after bounding box filtering
Debug   : OCCRTree found 2 matches at (50.5769,9.18377,-93.8462) in tree of size 1705
Debug   : OCCRtree 0 matches after bounding box filtering
Debug   : OCCRTree found 2 matches at (50.5769,9.18377,-93.8462) in tree of size 1705
Debug   : OCCRtree 0 matches after bounding box filtering
Debug   : OCCRTree found 1 matches at (50.5769,18.3675,-93.8462) in tree of size 1705
Debug   : OCCRtree 0 matches after bounding box filtering
Debug   : OCCRTree found 1 matches at (50.5769,18.3675,-93.8462) in tree of size 1705
Debug   : OCCRtree 0 matches after bounding box filtering
Debug   : OCCRTree found 1 matches at (50.5769,18.3675,-93.8462) in tree of size 1705
Debug   : OCCRtree 0 matches after bounding box filtering
Debug   : OCCRTree found 1 matches at (50.5769,27.5513,-93.8462) in tree of size 1705
Debug   : OCCRtree 0 matches after bounding box filtering
Debug   : OCCRTree found 1 matches at (50.5769,27.5513,-93.8462) in tree of size 1705
Debug   : OCCRtree 0 matches after bounding box filtering
Debug   : OCCRTree found 1 matches at (50.5769,27.5513,-93.8462) in tree of size 1705
Debug   : OCCRtree 0 matches after bounding box filtering
Debug   : OCCRTree found 1 matches at (50.5769,36.7351,-93.8462) in tree of size 1705
Debug   : OCCRtree 0 matches after bounding box filtering
Debug   : OCCRTree found 1 matches at (50.5769,36.7351,-93.8462) in tree of size 1705
Debug   : OCCRtree 0 matches after bounding box filtering
Debug   : OCCRTree found 1 matches at (50.5769,36.7351,-93.8462) in tree of size 1705
Debug   : OCCRtree 0 matches after bounding box filtering
Debug   : OCCRTree found 1 matches at (50.5769,45.9189,-93.8462) in tree of size 1705
Debug   : OCCRtree 0 matches after bounding box filtering
Debug   : OCCRTree found 1 matches at (50.5769,45.9189,-93.8462) in tree of size 1705
Debug   : OCCRtree 0 matches after bounding box filtering
Debug   : OCCRTree found 1 matches at (50.5769,45.9189,-93.8462) in tree of size 1705
Debug   : OCCRtree 0 matches after bounding box filtering
Debug   : OCCRTree found 1 matches at (49.5971,54.2746,-93.8462) in tree of size 1705
Debug   : OCCRtree 0 matches after bounding box filtering
Debug   : OCCRTree found 1 matches at (49.5971,54.2746,-93.8462) in tree of size 1705
Debug   : OCCRtree 0 matches after bounding box filtering
Debug   : OCCRTree found 1 matches at (49.5971,54.2746,-93.8462) in tree of size 1705
Debug   : OCCRtree 0 matches after bounding box filtering
Debug   : OCCRTree found 1 matches at (43.0604,60.7009,-93.8462) in tree of size 1705
Debug   : OCCRtree 0 matches after bounding box filtering
Debug   : OCCRTree found 1 matches at (43.0604,60.7009,-93.8462) in tree of size 1705
Debug   : OCCRtree 0 matches after bounding box filtering
Debug   : OCCRTree found 1 matches at (43.0604,60.7009,-93.8462) in tree of size 1705
Debug   : OCCRtree 0 matches after bounding box filtering
Debug   : OCCRTree found 1 matches at (35.2615,65.5395,-93.8462) in tree of size 1705
Debug   : OCCRtree 0 matches after bounding box filtering
Debug   : OCCRTree found 1 matches at (35.2615,65.5395,-93.8462) in tree of size 1705
Debug   : OCCRtree 0 matches after bounding box filtering
Debug   : OCCRTree found 1 matches at (35.2615,65.5395,-93.8462) in tree of size 1705
Debug   : OCCRtree 0 matches after bounding box filtering
Debug   : OCCRTree found 1 matches at (26.9263,69.3813,-93.8462) in tree of size 1705
Debug   : OCCRtree 0 matches after bounding box filtering
Debug   : OCCRTree found 1 matches at (26.9263,69.3813,-93.8462) in tree of size 1705
Debug   : OCCRtree 0 matches after bounding box filtering
Debug   : OCCRTree found 1 matches at (26.9263,69.3813,-93.8462) in tree of size 1705
Debug   : OCCRtree 0 matches after bounding box filtering
Debug   : OCCRTree found 1 matches at (18.1817,72.168,-93.8462) in tree of size 1705
Debug   : OCCRtree 0 matches after bounding box filtering
Debug   : OCCRTree found 1 matches at (18.1817,72.168,-93.8462) in tree of size 1705
Debug   : OCCRtree 0 matches after bounding box filtering
Debug   : OCCRTree found 1 matches at (18.1817,72.168,-93.8462) in tree of size 1705
Debug   : OCCRtree 0 matches after bounding box filtering
Debug   : OCCRTree found 1 matches at (9.16048,73.8572,-93.8462) in tree of size 1705
Debug   : OCCRtree 0 matches after bounding box filtering
Debug   : OCCRTree found 1 matches at (9.16048,73.8572,-93.8462) in tree of size 1705
Debug   : OCCRtree 0 matches after bounding box filtering
Debug   : OCCRTree found 1 matches at (9.16048,73.8572,-93.8462) in tree of size 1705
Debug   : OCCRtree 0 matches after bounding box filtering
Debug   : OCCRTree found 1 matches at (0,74.4231,-93.8462) in tree of size 1705
Debug   : OCCRtree 0 matches after bounding box filtering
Debug   : OCCRTree found 1 matches at (0,74.4231,-93.8462) in tree of size 1705
Debug   : OCCRtree 0 matches after bounding box filtering
Debug   : OCCRTree found 1 matches at (0,74.4231,-93.8462) in tree of size 1705
Debug   : OCCRtree 0 matches after bounding box filtering
Debug   : OCCRTree found 1 matches at (-9.16048,73.8572,-93.8462) in tree of size 1705
Debug   : OCCRtree 0 matches after bounding box filtering
Debug   : OCCRTree found 1 matches at (-9.16048,73.8572,-93.8462) in tree of size 1705
Debug   : OCCRtree 0 matches after bounding box filtering
Debug   : OCCRTree found 1 matches at (-9.16048,73.8572,-93.8462) in tree of size 1705
Debug   : OCCRtree 0 matches after bounding box filtering
Debug   : OCCRTree found 1 matches at (-18.1817,72.168,-93.8462) in tree of size 1705
Debug   : OCCRtree 0 matches after bounding box filtering
Debug   : OCCRTree found 1 matches at (-18.1817,72.168,-93.8462) in tree of size 1705
Debug   : OCCRtree 0 matches after bounding box filtering
Debug   : OCCRTree found 1 matches at (-18.1817,72.168,-93.8462) in tree of size 1705
Debug   : OCCRtree 0 matches after bounding box filtering
Debug   : OCCRTree found 1 matches at (-26.9263,69.3813,-93.8462) in tree of size 1705
Debug   : OCCRtree 0 matches after bounding box filtering
Debug   : OCCRTree found 1 matches at (-26.9263,69.3813,-93.8462) in tree of size 1705
Debug   : OCCRtree 0 matches after bounding box filtering
Debug   : OCCRTree found 1 matches at (-26.9263,69.3813,-93.8462) in tree of size 1705
Debug   : OCCRtree 0 matches after bounding box filtering
Debug   : OCCRTree found 1 matches at (-35.2615,65.5395,-93.8462) in tree of size 1705
Debug   : OCCRtree 0 matches after bounding box filtering
Debug   : OCCRTree found 1 matches at (-35.2615,65.5395,-93.8462) in tree of size 1705
Debug   : OCCRtree 0 matches after bounding box filtering
Debug   : OCCRTree found 1 matches at (-35.2615,65.5395,-93.8462) in tree of size 1705
Debug   : OCCRtree 0 matches after bounding box filtering
Debug   : OCCRTree found 1 matches at (-43.0604,60.7009,-93.8462) in tree of size 1705
Debug   : OCCRtree 0 matches after bounding box filtering
Debug   : OCCRTree found 1 matches at (-43.0604,60.7009,-93.8462) in tree of size 1705
Debug   : OCCRtree 0 matches after bounding box filtering
Debug   : OCCRTree found 1 matches at (-43.0604,60.7009,-93.8462) in tree of size 1705
Debug   : OCCRtree 0 matches after bounding box filtering
Debug   : OCCRTree found 1 matches at (-49.5971,54.2746,-93.8462) in tree of size 1705
Debug   : OCCRtree 0 matches after bounding box filtering
Debug   : OCCRTree found 1 matches at (-49.5971,54.2746,-93.8462) in tree of size 1705
Debug   : OCCRtree 0 matches after bounding box filtering
Debug   : OCCRTree found 1 matches at (-49.5971,54.2746,-93.8462) in tree of size 1705
Debug   : OCCRtree 0 matches after bounding box filtering
Debug   : OCCRTree found 1 matches at (-50.5769,45.9189,-93.8462) in tree of size 1705
Debug   : OCCRtree 0 matches after bounding box filtering
Debug   : OCCRTree found 1 matches at (-50.5769,45.9189,-93.8462) in tree of size 1705
Debug   : OCCRtree 0 matches after bounding box filtering
Debug   : OCCRTree found 1 matches at (-50.5769,45.9189,-93.8462) in tree of size 1705
Debug   : OCCRtree 0 matches after bounding box filtering
Debug   : OCCRTree found 1 matches at (-50.5769,36.7351,-93.8462) in tree of size 1705
Debug   : OCCRtree 0 matches after bounding box filtering
Debug   : OCCRTree found 1 matches at (-50.5769,36.7351,-93.8462) in tree of size 1705
Debug   : OCCRtree 0 matches after bounding box filtering
Debug   : OCCRTree found 1 matches at (-50.5769,36.7351,-93.8462) in tree of size 1705
Debug   : OCCRtree 0 matches after bounding box filtering
Debug   : OCCRTree found 1 matches at (-50.5769,27.5513,-93.8462) in tree of size 1705
Debug   : OCCRtree 0 matches after bounding box filtering
Debug   : OCCRTree found 1 matches at (-50.5769,27.5513,-93.8462) in tree of size 1705
Debug   : OCCRtree 0 matches after bounding box filtering
Debug   : OCCRTree found 1 matches at (-50.5769,27.5513,-93.8462) in tree of size 1705
Debug   : OCCRtree 0 matches after bounding box filtering
Debug   : OCCRTree found 1 matches at (-50.5769,18.3675,-93.8462) in tree of size 1705
Debug   : OCCRtree 0 matches after bounding box filtering
Debug   : OCCRTree found 1 matches at (-50.5769,18.3675,-93.8462) in tree of size 1705
Debug   : OCCRtree 0 matches after bounding box filtering
Debug   : OCCRTree found 1 matches at (-50.5769,18.3675,-93.8462) in tree of size 1705
Debug   : OCCRtree 0 matches after bounding box filtering
Debug   : OCCRTree found 1 matches at (-50.5769,9.18377,-93.8462) in tree of size 1705
Debug   : OCCRtree 0 matches after bounding box filtering
Debug   : OCCRTree found 1 matches at (-50.5769,9.18377,-93.8462) in tree of size 1705
Debug   : OCCRtree 0 matches after bounding box filtering
Debug   : OCCRTree found 1 matches at (-50.5769,9.18377,-93.8462) in tree of size 1705
Debug   : OCCRtree 0 matches after bounding box filtering
Debug   : OCCRTree found 1 matches at (-50.5769,0,-93.8462) in tree of size 1705
Debug   : OCCRtree 0 matches after bounding box filtering
Debug   : OCCRTree found 1 matches at (-50.5769,0,-93.8462) in tree of size 1705
Debug   : OCCRtree 0 matches after bounding box filtering
Debug   : OCCRTree found 1 matches at (-50.5769,0,-93.8462) in tree of size 1705
Debug   : OCCRtree 0 matches after bounding box filtering
Debug   : OCCRTree found 1 matches at (-50.5769,-9.18377,-93.8462) in tree of size 1705
Debug   : OCCRtree 0 matches after bounding box filtering
Debug   : OCCRTree found 1 matches at (-50.5769,-9.18377,-93.8462) in tree of size 1705
Debug   : OCCRtree 0 matches after bounding box filtering
Debug   : OCCRTree found 1 matches at (-50.5769,-9.18377,-93.8462) in tree of size 1705
Debug   : OCCRtree 0 matches after bounding box filtering
Debug   : OCCRTree found 1 matches at (-50.5769,-18.3675,-93.8462) in tree of size 1705
Debug   : OCCRtree 0 matches after bounding box filtering
Debug   : OCCRTree found 1 matches at (-50.5769,-18.3675,-93.8462) in tree of size 1705
Debug   : OCCRtree 0 matches after bounding box filtering
Debug   : OCCRTree found 1 matches at (-50.5769,-18.3675,-93.8462) in tree of size 1705
Debug   : OCCRtree 0 matches after bounding box filtering
Debug   : OCCRTree found 1 matches at (-50.5769,-27.5513,-93.8462) in tree of size 1705
Debug   : OCCRtree 0 matches after bounding box filtering
Debug   : OCCRTree found 1 matches at (-50.5769,-27.5513,-93.8462) in tree of size 1705
Debug   : OCCRtree 0 matches after bounding box filtering
Debug   : OCCRTree found 1 matches at (-50.5769,-27.5513,-93.8462) in tree of size 1705
Debug   : OCCRtree 0 matches after bounding box filtering
Debug   : OCCRTree found 1 matches at (-50.5769,-36.7351,-93.8462) in tree of size 1705
Debug   : OCCRtree 0 matches after bounding box filtering
Debug   : OCCRTree found 1 matches at (-50.5769,-36.7351,-93.8462) in tree of size 1705
Debug   : OCCRtree 0 matches after bounding box filtering
Debug   : OCCRTree found 1 matches at (-50.5769,-36.7351,-93.8462) in tree of size 1705
Debug   : OCCRtree 0 matches after bounding box filtering
Debug   : OCCRTree found 1 matches at (-50.5769,-45.9189,-93.8462) in tree of size 1705
Debug   : OCCRtree 0 matches after bounding box filtering
Debug   : OCCRTree found 1 matches at (-50.5769,-45.9189,-93.8462) in tree of size 1705
Debug   : OCCRtree 0 matches after bounding box filtering
Debug   : OCCRTree found 1 matches at (-50.5769,-45.9189,-93.8462) in tree of size 1705
Debug   : OCCRtree 0 matches after bounding box filtering
Debug   : OCCRTree found 1 matches at (-49.5971,-54.2746,-93.8462) in tree of size 1705
Debug   : OCCRtree 0 matches after bounding box filtering
Debug   : OCCRTree found 1 matches at (-49.5971,-54.2746,-93.8462) in tree of size 1705
Debug   : OCCRtree 0 matches after bounding box filtering
Debug   : OCCRTree found 1 matches at (-49.5971,-54.2746,-93.8462) in tree of size 1705
Debug   : OCCRtree 0 matches after bounding box filtering
Debug   : OCCRTree found 1 matches at (-43.0604,-60.7009,-93.8462) in tree of size 1705
Debug   : OCCRtree 0 matches after bounding box filtering
Debug   : OCCRTree found 1 matches at (-43.0604,-60.7009,-93.8462) in tree of size 1705
Debug   : OCCRtree 0 matches after bounding box filtering
Debug   : OCCRTree found 1 matches at (-43.0604,-60.7009,-93.8462) in tree of size 1705
Debug   : OCCRtree 0 matches after bounding box filtering
Debug   : OCCRTree found 1 matches at (-35.2615,-65.5395,-93.8462) in tree of size 1705
Debug   : OCCRtree 0 matches after bounding box filtering
Debug   : OCCRTree found 1 matches at (-35.2615,-65.5395,-93.8462) in tree of size 1705
Debug   : OCCRtree 0 matches after bounding box filtering
Debug   : OCCRTree found 1 matches at (-35.2615,-65.5395,-93.8462) in tree of size 1705
Debug   : OCCRtree 0 matches after bounding box filtering
Debug   : OCCRTree found 1 matches at (-26.9263,-69.3813,-93.8462) in tree of size 1705
Debug   : OCCRtree 0 matches after bounding box filtering
Debug   : OCCRTree found 1 matches at (-26.9263,-69.3813,-93.8462) in tree of size 1705
Debug   : OCCRtree 0 matches after bounding box filtering
Debug   : OCCRTree found 1 matches at (-26.9263,-69.3813,-93.8462) in tree of size 1705
Debug   : OCCRtree 0 matches after bounding box filtering
Debug   : OCCRTree found 1 matches at (-18.1817,-72.168,-93.8462) in tree of size 1705
Debug   : OCCRtree 0 matches after bounding box filtering
Debug   : OCCRTree found 1 matches at (-18.1817,-72.168,-93.8462) in tree of size 1705
Debug   : OCCRtree 0 matches after bounding box filtering
Debug   : OCCRTree found 1 matches at (-18.1817,-72.168,-93.8462) in tree of size 1705
Debug   : OCCRtree 0 matches after bounding box filtering
Debug   : OCCRTree found 1 matches at (-9.16048,-73.8572,-93.8462) in tree of size 1705
Debug   : OCCRtree 0 matches after bounding box filtering
Debug   : OCCRTree found 1 matches at (-9.16048,-73.8572,-93.8462) in tree of size 1705
Debug   : OCCRtree 0 matches after bounding box filtering
Debug   : OCCRTree found 1 matches at (-9.16048,-73.8572,-93.8462) in tree of size 1705
Debug   : OCCRtree 0 matches after bounding box filtering
Debug   : OCCRTree found 1 matches at (0,-74.4231,-93.8462) in tree of size 1705
Debug   : OCCRtree 0 matches after bounding box filtering
Debug   : OCCRTree found 1 matches at (0,-74.4231,-93.8462) in tree of size 1705
Debug   : OCCRtree 0 matches after bounding box filtering
Debug   : OCCRTree found 1 matches at (0,-74.4231,-93.8462) in tree of size 1705
Debug   : OCCRtree 0 matches after bounding box filtering
Debug   : OCCRTree found 1 matches at (9.16048,-73.8572,-93.8462) in tree of size 1705
Debug   : OCCRtree 0 matches after bounding box filtering
Debug   : OCCRTree found 1 matches at (9.16048,-73.8572,-93.8462) in tree of size 1705
Debug   : OCCRtree 0 matches after bounding box filtering
Debug   : OCCRTree found 1 matches at (9.16048,-73.8572,-93.8462) in tree of size 1705
Debug   : OCCRtree 0 matches after bounding box filtering
Debug   : OCCRTree found 1 matches at (18.1817,-72.168,-93.8462) in tree of size 1705
Debug   : OCCRtree 0 matches after bounding box filtering
Debug   : OCCRTree found 1 matches at (18.1817,-72.168,-93.8462) in tree of size 1705
Debug   : OCCRtree 0 matches after bounding box filtering
Debug   : OCCRTree found 1 matches at (18.1817,-72.168,-93.8462) in tree of size 1705
Debug   : OCCRtree 0 matches after bounding box filtering
Debug   : OCCRTree found 1 matches at (26.9263,-69.3813,-93.8462) in tree of size 1705
Debug   : OCCRtree 0 matches after bounding box filtering
Debug   : OCCRTree found 1 matches at (26.9263,-69.3813,-93.8462) in tree of size 1705
Debug   : OCCRtree 0 matches after bounding box filtering
Debug   : OCCRTree found 1 matches at (26.9263,-69.3813,-93.8462) in tree of size 1705
Debug   : OCCRtree 0 matches after bounding box filtering
Debug   : OCCRTree found 1 matches at (35.2615,-65.5395,-93.8462) in tree of size 1705
Debug   : OCCRtree 0 matches after bounding box filtering
Debug   : OCCRTree found 1 matches at (35.2615,-65.5395,-93.8462) in tree of size 1705
Debug   : OCCRtree 0 matches after bounding box filtering
Debug   : OCCRTree found 1 matches at (35.2615,-65.5395,-93.8462) in tree of size 1705
Debug   : OCCRtree 0 matches after bounding box filtering
Debug   : OCCRTree found 1 matches at (43.0604,-60.7009,-93.8462) in tree of size 1705
Debug   : OCCRtree 0 matches after bounding box filtering
Debug   : OCCRTree found 1 matches at (43.0604,-60.7009,-93.8462) in tree of size 1705
Debug   : OCCRtree 0 matches after bounding box filtering
Debug   : OCCRTree found 1 matches at (43.0604,-60.7009,-93.8462) in tree of size 1705
Debug   : OCCRtree 0 matches after bounding box filtering
Debug   : OCCRTree found 1 matches at (49.5971,-54.2746,-93.8462) in tree of size 1705
Debug   : OCCRtree 0 matches after bounding box filtering
Debug   : OCCRTree found 1 matches at (49.5971,-54.2746,-93.8462) in tree of size 1705
Debug   : OCCRtree 0 matches after bounding box filtering
Debug   : OCCRTree found 1 matches at (49.5971,-54.2746,-93.8462) in tree of size 1705
Debug   : OCCRtree 0 matches after bounding box filtering
Debug   : OCCRTree found 1 matches at (50.5769,-45.9189,-93.8462) in tree of size 1705
Debug   : OCCRtree 0 matches after bounding box filtering
Debug   : OCCRTree found 1 matches at (50.5769,-45.9189,-93.8462) in tree of size 1705
Debug   : OCCRtree 0 matches after bounding box filtering
Debug   : OCCRTree found 1 matches at (50.5769,-45.9189,-93.8462) in tree of size 1705
Debug   : OCCRtree 0 matches after bounding box filtering
Debug   : OCCRTree found 1 matches at (50.5769,-36.7351,-93.8462) in tree of size 1705
Debug   : OCCRtree 0 matches after bounding box filtering
Debug   : OCCRTree found 1 matches at (50.5769,-36.7351,-93.8462) in tree of size 1705
Debug   : OCCRtree 0 matches after bounding box filtering
Debug   : OCCRTree found 1 matches at (50.5769,-36.7351,-93.8462) in tree of size 1705
Debug   : OCCRtree 0 matches after bounding box filtering
Debug   : OCCRTree found 1 matches at (50.5769,-27.5513,-93.8462) in tree of size 1705
Debug   : OCCRtree 0 matches after bounding box filtering
Debug   : OCCRTree found 1 matches at (50.5769,-27.5513,-93.8462) in tree of size 1705
Debug   : OCCRtree 0 matches after bounding box filtering
Debug   : OCCRTree found 1 matches at (50.5769,-27.5513,-93.8462) in tree of size 1705
Debug   : OCCRtree 0 matches after bounding box filtering
Debug   : OCCRTree found 1 matches at (50.5769,-18.3675,-93.8462) in tree of size 1705
Debug   : OCCRtree 0 matches after bounding box filtering
Debug   : OCCRTree found 1 matches at (50.5769,-18.3675,-93.8462) in tree of size 1705
Debug   : OCCRtree 0 matches after bounding box filtering
Debug   : OCCRTree found 1 matches at (50.5769,-18.3675,-93.8462) in tree of size 1705
Debug   : OCCRtree 0 matches after bounding box filtering
Debug   : OCCRTree found 1 matches at (50.5769,-9.18377,-93.8462) in tree of size 1705
Debug   : OCCRtree 0 matches after bounding box filtering
Debug   : OCCRTree found 1 matches at (50.5769,-9.18377,-93.8462) in tree of size 1705
Debug   : OCCRtree 0 matches after bounding box filtering
Debug   : OCCRTree found 1 matches at (50.5769,-9.18377,-93.8462) in tree of size 1705
Debug   : OCCRtree 0 matches after bounding box filtering
Debug   : OCCRTree found 1 matches at (43.4615,0,-75.0769) in tree of size 1705
Debug   : OCCRtree 0 matches after bounding box filtering
Debug   : OCCRTree found 1 matches at (43.4615,0,-75.0769) in tree of size 1705
Debug   : OCCRtree 0 matches after bounding box filtering
Debug   : OCCRTree found 1 matches at (43.4615,0,-75.0769) in tree of size 1705
Debug   : OCCRtree 0 matches after bounding box filtering
Debug   : OCCRTree found 2 matches at (43.4615,9.569,-75.0769) in tree of size 1705
Debug   : OCCRtree 0 matches after bounding box filtering
Debug   : OCCRTree found 2 matches at (43.4615,9.569,-75.0769) in tree of size 1705
Debug   : OCCRtree 0 matches after bounding box filtering
Debug   : OCCRTree found 2 matches at (43.4615,9.569,-75.0769) in tree of size 1705
Debug   : OCCRtree 0 matches after bounding box filtering
Debug   : OCCRTree found 1 matches at (43.4615,19.138,-75.0769) in tree of size 1705
Debug   : OCCRtree 0 matches after bounding box filtering
Debug   : OCCRTree found 1 matches at (43.4615,19.138,-75.0769) in tree of size 1705
Debug   : OCCRtree 0 matches after bounding box filtering
Debug   : OCCRTree found 1 matches at (43.4615,19.138,-75.0769) in tree of size 1705
Debug   : OCCRtree 0 matches after bounding box filtering
Debug   : OCCRTree found 1 matches at (43.4615,28.707,-75.0769) in tree of size 1705
Debug   : OCCRtree 0 matches after bounding box filtering
Debug   : OCCRTree found 1 matches at (43.4615,28.707,-75.0769) in tree of size 1705
Debug   : OCCRtree 0 matches after bounding box filtering
Debug   : OCCRTree found 1 matches at (43.4615,28.707,-75.0769) in tree of size 1705
Debug   : OCCRtree 0 matches after bounding box filtering
Debug   : OCCRTree found 1 matches at (43.4615,38.276,-75.0769) in tree of size 1705
Debug   : OCCRtree 0 matches after bounding box filtering
Debug   : OCCRTree found 1 matches at (43.4615,38.276,-75.0769) in tree of size 1705
Debug   : OCCRtree 0 matches after bounding box filtering
Debug   : OCCRTree found 1 matches at (43.4615,38.276,-75.0769) in tree of size 1705
Debug   : OCCRtree 0 matches after bounding box filtering
Debug   : OCCRTree found 1 matches at (43.4615,47.845,-75.0769) in tree of size 1705
Debug   : OCCRtree 0 matches after bounding box filtering
Debug   : OCCRTree found 1 matches at (43.4615,47.845,-75.0769) in tree of size 1705
Debug   : OCCRtree 0 matches after bounding box filtering
Debug   : OCCRTree found 1 matches at (43.4615,47.845,-75.0769) in tree of size 1705
Debug   : OCCRtree 0 matches after bounding box filtering
Debug   : OCCRTree found 1 matches at (43.4615,57.414,-75.0769) in tree of size 1705
Debug   : OCCRtree 0 matches after bounding box filtering
Debug   : OCCRTree found 1 matches at (43.4615,57.414,-75.0769) in tree of size 1705
Debug   : OCCRtree 0 matches after bounding box filtering
Debug   : OCCRTree found 1 matches at (43.4615,57.414,-75.0769) in tree of size 1705
Debug   : OCCRtree 0 matches after bounding box filtering
Debug   : OCCRTree found 1 matches at (43.2538,66.6628,-75.0769) in tree of size 1705
Debug   : OCCRtree 0 matches after bounding box filtering
Debug   : OCCRTree found 1 matches at (43.2538,66.6628,-75.0769) in tree of size 1705
Debug   : OCCRtree 0 matches after bounding box filtering
Debug   : OCCRTree found 1 matches at (43.2538,66.6628,-75.0769) in tree of size 1705
Debug   : OCCRtree 0 matches after bounding box filtering
Debug   : OCCRTree found 1 matches at (36.8857,72.7184,-75.0769) in tree of size 1705
Debug   : OCCRtree 0 matches after bounding box filtering
Debug   : OCCRTree found 1 matches at (36.8857,72.7184,-75.0769) in tree of size 1705
Debug   : OCCRtree 0 matches after bounding box filtering
Debug   : OCCRTree found 1 matches at (36.8857,72.7184,-75.0769) in tree of size 1705
Debug   : OCCRtree 0 matches after bounding box filtering
Debug   : OCCRTree found 1 matches at (28.1176,76.5371,-75.0769) in tree of size 1705
Debug   : OCCRtree 0 matches after bounding box filtering
Debug   : OCCRTree found 1 matches at (28.1176,76.5371,-75.0769) in tree of size 1705
Debug   : OCCRtree 0 matches after bounding box filtering
Debug   : OCCRTree found 1 matches at (28.1176,76.5371,-75.0769) in tree of size 1705
Debug   : OCCRtree 0 matches after bounding box filtering
Debug   : OCCRTree found 1 matches at (18.9628,79.3028,-75.0769) in tree of size 1705
Debug   : OCCRtree 0 matches after bounding box filtering
Debug   : OCCRTree found 1 matches at (18.9628,79.3028,-75.0769) in tree of size 1705
Debug   : OCCRtree 0 matches after bounding box filtering
Debug   : OCCRTree found 1 matches at (18.9628,79.3028,-75.0769) in tree of size 1705
Debug   : OCCRtree 0 matches after bounding box filtering
Debug   : OCCRTree found 1 matches at (9.54705,80.9776,-75.0769) in tree of size 1705
Debug   : OCCRtree 0 matches after bounding box filtering
Debug   : OCCRTree found 1 matches at (9.54705,80.9776,-75.0769) in tree of size 1705
Debug   : OCCRtree 0 matches after bounding box filtering
Debug   : OCCRTree found 1 matches at (9.54705,80.9776,-75.0769) in tree of size 1705
Debug   : OCCRtree 0 matches after bounding box filtering
Debug   : OCCRTree found 1 matches at (0,81.5385,-75.0769) in tree of size 1705
Debug   : OCCRtree 0 matches after bounding box filtering
Debug   : OCCRTree found 1 matches at (0,81.5385,-75.0769) in tree of size 1705
Debug   : OCCRtree 0 matches after bounding box filtering
Debug   : OCCRTree found 1 matches at (0,81.5385,-75.0769) in tree of size 1705
Debug   : OCCRtree 0 matches after bounding box filtering
Debug   : OCCRTree found 1 matches at (-9.54705,80.9776,-75.0769) in tree of size 1705
Debug   : OCCRtree 0 matches after bounding box filtering
Debug   : OCCRTree found 1 matches at (-9.54705,80.9776,-75.0769) in tree of size 1705
Debug   : OCCRtree 0 matches after bounding box filtering
Debug   : OCCRTree found 1 matches at (-9.54705,80.9776,-75.0769) in tree of size 1705
Debug   : OCCRtree 0 matches after bounding box filtering
Debug   : OCCRTree found 1 matches at (-18.9628,79.3028,-75.0769) in tree of size 1705
Debug   : OCCRtree 0 matches after bounding box filtering
Debug   : OCCRTree found 1 matches at (-18.9628,79.3028,-75.0769) in tree of size 1705
Debug   : OCCRtree 0 matches after bounding box filtering
Debug   : OCCRTree found 1 matches at (-18.9628,79.3028,-75.0769) in tree of size 1705
Debug   : OCCRtree 0 matches after bounding box filtering
Debug   : OCCRTree found 1 matches at (-28.1176,76.5371,-75.0769) in tree of size 1705
Debug   : OCCRtree 0 matches after bounding box filtering
Debug   : OCCRTree found 1 matches at (-28.1176,76.5371,-75.0769) in tree of size 1705
Debug   : OCCRtree 0 matches after bounding box filtering
Debug   : OCCRTree found 1 matches at (-28.1176,76.5371,-75.0769) in tree of size 1705
Debug   : OCCRtree 0 matches after bounding box filtering
Debug   : OCCRTree found 1 matches at (-36.8857,72.7184,-75.0769) in tree of size 1705
Debug   : OCCRtree 0 matches after bounding box filtering
Debug   : OCCRTree found 1 matches at (-36.8857,72.7184,-75.0769) in tree of size 1705
Debug   : OCCRtree 0 matches after bounding box filtering
Debug   : OCCRTree found 1 matches at (-36.8857,72.7184,-75.0769) in tree of size 1705
Debug   : OCCRtree 0 matches after bounding box filtering
Debug   : OCCRTree found 1 matches at (-43.2538,66.6628,-75.0769) in tree of size 1705
Debug   : OCCRtree 0 matches after bounding box filtering
Debug   : OCCRTree found 1 matches at (-43.2538,66.6628,-75.0769) in tree of size 1705
Debug   : OCCRtree 0 matches after bounding box filtering
Debug   : OCCRTree found 1 matches at (-43.2538,66.6628,-75.0769) in tree of size 1705
Debug   : OCCRtree 0 matches after bounding box filtering
Debug   : OCCRTree found 1 matches at (-43.4615,57.414,-75.0769) in tree of size 1705
Debug   : OCCRtree 0 matches after bounding box filtering
Debug   : OCCRTree found 1 matches at (-43.4615,57.414,-75.0769) in tree of size 1705
Debug   : OCCRtree 0 matches after bounding box filtering
Debug   : OCCRTree found 1 matches at (-43.4615,57.414,-75.0769) in tree of size 1705
Debug   : OCCRtree 0 matches after bounding box filtering
Debug   : OCCRTree found 1 matches at (-43.4615,47.845,-75.0769) in tree of size 1705
Debug   : OCCRtree 0 matches after bounding box filtering
Debug   : OCCRTree found 1 matches at (-43.4615,47.845,-75.0769) in tree of size 1705
Debug   : OCCRtree 0 matches after bounding box filtering
Debug   : OCCRTree found 1 matches at (-43.4615,47.845,-75.0769) in tree of size 1705
Debug   : OCCRtree 0 matches after bounding box filtering
Debug   : OCCRTree found 1 matches at (-43.4615,38.276,-75.0769) in tree of size 1705
Debug   : OCCRtree 0 matches after bounding box filtering
Debug   : OCCRTree found 1 matches at (-43.4615,38.276,-75.0769) in tree of size 1705
Debug   : OCCRtree 0 matches after bounding box filtering
Debug   : OCCRTree found 1 matches at (-43.4615,38.276,-75.0769) in tree of size 1705
Debug   : OCCRtree 0 matches after bounding box filtering
Debug   : OCCRTree found 1 matches at (-43.4615,28.707,-75.0769) in tree of size 1705
Debug   : OCCRtree 0 matches after bounding box filtering
Debug   : OCCRTree found 1 matches at (-43.4615,28.707,-75.0769) in tree of size 1705
Debug   : OCCRtree 0 matches after bounding box filtering
Debug   : OCCRTree found 1 matches at (-43.4615,28.707,-75.0769) in tree of size 1705
Debug   : OCCRtree 0 matches after bounding box filtering
Debug   : OCCRTree found 1 matches at (-43.4615,19.138,-75.0769) in tree of size 1705
Debug   : OCCRtree 0 matches after bounding box filtering
Debug   : OCCRTree found 1 matches at (-43.4615,19.138,-75.0769) in tree of size 1705
Debug   : OCCRtree 0 matches after bounding box filtering
Debug   : OCCRTree found 1 matches at (-43.4615,19.138,-75.0769) in tree of size 1705
Debug   : OCCRtree 0 matches after bounding box filtering
Debug   : OCCRTree found 1 matches at (-43.4615,9.569,-75.0769) in tree of size 1705
Debug   : OCCRtree 0 matches after bounding box filtering
Debug   : OCCRTree found 1 matches at (-43.4615,9.569,-75.0769) in tree of size 1705
Debug   : OCCRtree 0 matches after bounding box filtering
Debug   : OCCRTree found 1 matches at (-43.4615,9.569,-75.0769) in tree of size 1705
Debug   : OCCRtree 0 matches after bounding box filtering
Debug   : OCCRTree found 1 matches at (-43.4615,0,-75.0769) in tree of size 1705
Debug   : OCCRtree 0 matches after bounding box filtering
Debug   : OCCRTree found 1 matches at (-43.4615,0,-75.0769) in tree of size 1705
Debug   : OCCRtree 0 matches after bounding box filtering
Debug   : OCCRTree found 1 matches at (-43.4615,0,-75.0769) in tree of size 1705
Debug   : OCCRtree 0 matches after bounding box filtering
Debug   : OCCRTree found 1 matches at (-43.4615,-9.569,-75.0769) in tree of size 1705
Debug   : OCCRtree 0 matches after bounding box filtering
Debug   : OCCRTree found 1 matches at (-43.4615,-9.569,-75.0769) in tree of size 1705
Debug   : OCCRtree 0 matches after bounding box filtering
Debug   : OCCRTree found 1 matches at (-43.4615,-9.569,-75.0769) in tree of size 1705
Debug   : OCCRtree 0 matches after bounding box filtering
Debug   : OCCRTree found 1 matches at (-43.4615,-19.138,-75.0769) in tree of size 1705
Debug   : OCCRtree 0 matches after bounding box filtering
Debug   : OCCRTree found 1 matches at (-43.4615,-19.138,-75.0769) in tree of size 1705
Debug   : OCCRtree 0 matches after bounding box filtering
Debug   : OCCRTree found 1 matches at (-43.4615,-19.138,-75.0769) in tree of size 1705
Debug   : OCCRtree 0 matches after bounding box filtering
Debug   : OCCRTree found 1 matches at (-43.4615,-28.707,-75.0769) in tree of size 1705
Debug   : OCCRtree 0 matches after bounding box filtering
Debug   : OCCRTree found 1 matches at (-43.4615,-28.707,-75.0769) in tree of size 1705
Debug   : OCCRtree 0 matches after bounding box filtering
Debug   : OCCRTree found 1 matches at (-43.4615,-28.707,-75.0769) in tree of size 1705
Debug   : OCCRtree 0 matches after bounding box filtering
Debug   : OCCRTree found 1 matches at (-43.4615,-38.276,-75.0769) in tree of size 1705
Debug   : OCCRtree 0 matches after bounding box filtering
Debug   : OCCRTree found 1 matches at (-43.4615,-38.276,-75.0769) in tree of size 1705
Debug   : OCCRtree 0 matches after bounding box filtering
Debug   : OCCRTree found 1 matches at (-43.4615,-38.276,-75.0769) in tree of size 1705
Debug   : OCCRtree 0 matches after bounding box filtering
Debug   : OCCRTree found 1 matches at (-43.4615,-47.845,-75.0769) in tree of size 1705
Debug   : OCCRtree 0 matches after bounding box filtering
Debug   : OCCRTree found 1 matches at (-43.4615,-47.845,-75.0769) in tree of size 1705
Debug   : OCCRtree 0 matches after bounding box filtering
Debug   : OCCRTree found 1 matches at (-43.4615,-47.845,-75.0769) in tree of size 1705
Debug   : OCCRtree 0 matches after bounding box filtering
Debug   : OCCRTree found 1 matches at (-43.4615,-57.414,-75.0769) in tree of size 1705
Debug   : OCCRtree 0 matches after bounding box filtering
Debug   : OCCRTree found 1 matches at (-43.4615,-57.414,-75.0769) in tree of size 1705
Debug   : OCCRtree 0 matches after bounding box filtering
Debug   : OCCRTree found 1 matches at (-43.4615,-57.414,-75.0769) in tree of size 1705
Debug   : OCCRtree 0 matches after bounding box filtering
Debug   : OCCRTree found 1 matches at (-43.2538,-66.6628,-75.0769) in tree of size 1705
Debug   : OCCRtree 0 matches after bounding box filtering
Debug   : OCCRTree found 1 matches at (-43.2538,-66.6628,-75.0769) in tree of size 1705
Debug   : OCCRtree 0 matches after bounding box filtering
Debug   : OCCRTree found 1 matches at (-43.2538,-66.6628,-75.0769) in tree of size 1705
Debug   : OCCRtree 0 matches after bounding box filtering
Debug   : OCCRTree found 1 matches at (-36.8857,-72.7184,-75.0769) in tree of size 1705
Debug   : OCCRtree 0 matches after bounding box filtering
Debug   : OCCRTree found 1 matches at (-36.8857,-72.7184,-75.0769) in tree of size 1705
Debug   : OCCRtree 0 matches after bounding box filtering
Debug   : OCCRTree found 1 matches at (-36.8857,-72.7184,-75.0769) in tree of size 1705
Debug   : OCCRtree 0 matches after bounding box filtering
Debug   : OCCRTree found 1 matches at (-28.1176,-76.5371,-75.0769) in tree of size 1705
Debug   : OCCRtree 0 matches after bounding box filtering
Debug   : OCCRTree found 1 matches at (-28.1176,-76.5371,-75.0769) in tree of size 1705
Debug   : OCCRtree 0 matches after bounding box filtering
Debug   : OCCRTree found 1 matches at (-28.1176,-76.5371,-75.0769) in tree of size 1705
Debug   : OCCRtree 0 matches after bounding box filtering
Debug   : OCCRTree found 1 matches at (-18.9628,-79.3028,-75.0769) in tree of size 1705
Debug   : OCCRtree 0 matches after bounding box filtering
Debug   : OCCRTree found 1 matches at (-18.9628,-79.3028,-75.0769) in tree of size 1705
Debug   : OCCRtree 0 matches after bounding box filtering
Debug   : OCCRTree found 1 matches at (-18.9628,-79.3028,-75.0769) in tree of size 1705
Debug   : OCCRtree 0 matches after bounding box filtering
Debug   : OCCRTree found 1 matches at (-9.54705,-80.9776,-75.0769) in tree of size 1705
Debug   : OCCRtree 0 matches after bounding box filtering
Debug   : OCCRTree found 1 matches at (-9.54705,-80.9776,-75.0769) in tree of size 1705
Debug   : OCCRtree 0 matches after bounding box filtering
Debug   : OCCRTree found 1 matches at (-9.54705,-80.9776,-75.0769) in tree of size 1705
Debug   : OCCRtree 0 matches after bounding box filtering
Debug   : OCCRTree found 1 matches at (0,-81.5385,-75.0769) in tree of size 1705
Debug   : OCCRtree 0 matches after bounding box filtering
Debug   : OCCRTree found 1 matches at (0,-81.5385,-75.0769) in tree of size 1705
Debug   : OCCRtree 0 matches after bounding box filtering
Debug   : OCCRTree found 1 matches at (0,-81.5385,-75.0769) in tree of size 1705
Debug   : OCCRtree 0 matches after bounding box filtering
Debug   : OCCRTree found 1 matches at (9.54705,-80.9776,-75.0769) in tree of size 1705
Debug   : OCCRtree 0 matches after bounding box filtering
Debug   : OCCRTree found 1 matches at (9.54705,-80.9776,-75.0769) in tree of size 1705
Debug   : OCCRtree 0 matches after bounding box filtering
Debug   : OCCRTree found 1 matches at (9.54705,-80.9776,-75.0769) in tree of size 1705
Debug   : OCCRtree 0 matches after bounding box filtering
Debug   : OCCRTree found 1 matches at (18.9628,-79.3028,-75.0769) in tree of size 1705
Debug   : OCCRtree 0 matches after bounding box filtering
Debug   : OCCRTree found 1 matches at (18.9628,-79.3028,-75.0769) in tree of size 1705
Debug   : OCCRtree 0 matches after bounding box filtering
Debug   : OCCRTree found 1 matches at (18.9628,-79.3028,-75.0769) in tree of size 1705
Debug   : OCCRtree 0 matches after bounding box filtering
Debug   : OCCRTree found 1 matches at (28.1176,-76.5371,-75.0769) in tree of size 1705
Debug   : OCCRtree 0 matches after bounding box filtering
Debug   : OCCRTree found 1 matches at (28.1176,-76.5371,-75.0769) in tree of size 1705
Debug   : OCCRtree 0 matches after bounding box filtering
Debug   : OCCRTree found 1 matches at (28.1176,-76.5371,-75.0769) in tree of size 1705
Debug   : OCCRtree 0 matches after bounding box filtering
Debug   : OCCRTree found 1 matches at (36.8857,-72.7184,-75.0769) in tree of size 1705
Debug   : OCCRtree 0 matches after bounding box filtering
Debug   : OCCRTree found 1 matches at (36.8857,-72.7184,-75.0769) in tree of size 1705
Debug   : OCCRtree 0 matches after bounding box filtering
Debug   : OCCRTree found 1 matches at (36.8857,-72.7184,-75.0769) in tree of size 1705
Debug   : OCCRtree 0 matches after bounding box filtering
Debug   : OCCRTree found 1 matches at (43.2538,-66.6628,-75.0769) in tree of size 1705
Debug   : OCCRtree 0 matches after bounding box filtering
Debug   : OCCRTree found 1 matches at (43.2538,-66.6628,-75.0769) in tree of size 1705
Debug   : OCCRtree 0 matches after bounding box filtering
Debug   : OCCRTree found 1 matches at (43.2538,-66.6628,-75.0769) in tree of size 1705
Debug   : OCCRtree 0 matches after bounding box filtering
Debug   : OCCRTree found 1 matches at (43.4615,-57.414,-75.0769) in tree of size 1705
Debug   : OCCRtree 0 matches after bounding box filtering
Debug   : OCCRTree found 1 matches at (43.4615,-57.414,-75.0769) in tree of size 1705
Debug   : OCCRtree 0 matches after bounding box filtering
Debug   : OCCRTree found 1 matches at (43.4615,-57.414,-75.0769) in tree of size 1705
Debug   : OCCRtree 0 matches after bounding box filtering
Debug   : OCCRTree found 1 matches at (43.4615,-47.845,-75.0769) in tree of size 1705
Debug   : OCCRtree 0 matches after bounding box filtering
Debug   : OCCRTree found 1 matches at (43.4615,-47.845,-75.0769) in tree of size 1705
Debug   : OCCRtree 0 matches after bounding box filtering
Debug   : OCCRTree found 1 matches at (43.4615,-47.845,-75.0769) in tree of size 1705
Debug   : OCCRtree 0 matches after bounding box filtering
Debug   : OCCRTree found 1 matches at (43.4615,-38.276,-75.0769) in tree of size 1705
Debug   : OCCRtree 0 matches after bounding box filtering
Debug   : OCCRTree found 1 matches at (43.4615,-38.276,-75.0769) in tree of size 1705
Debug   : OCCRtree 0 matches after bounding box filtering
Debug   : OCCRTree found 1 matches at (43.4615,-38.276,-75.0769) in tree of size 1705
Debug   : OCCRtree 0 matches after bounding box filtering
Debug   : OCCRTree found 1 matches at (43.4615,-28.707,-75.0769) in tree of size 1705
Debug   : OCCRtree 0 matches after bounding box filtering
Debug   : OCCRTree found 1 matches at (43.4615,-28.707,-75.0769) in tree of size 1705
Debug   : OCCRtree 0 matches after bounding box filtering
Debug   : OCCRTree found 1 matches at (43.4615,-28.707,-75.0769) in tree of size 1705
Debug   : OCCRtree 0 matches after bounding box filtering
Debug   : OCCRTree found 1 matches at (43.4615,-19.138,-75.0769) in tree of size 1705
Debug   : OCCRtree 0 matches after bounding box filtering
Debug   : OCCRTree found 1 matches at (43.4615,-19.138,-75.0769) in tree of size 1705
Debug   : OCCRtree 0 matches after bounding box filtering
Debug   : OCCRTree found 1 matches at (43.4615,-19.138,-75.0769) in tree of size 1705
Debug   : OCCRtree 0 matches after bounding box filtering
Debug   : OCCRTree found 1 matches at (43.4615,-9.569,-75.0769) in tree of size 1705
Debug   : OCCRtree 0 matches after bounding box filtering
Debug   : OCCRTree found 1 matches at (43.4615,-9.569,-75.0769) in tree of size 1705
Debug   : OCCRtree 0 matches after bounding box filtering
Debug   : OCCRTree found 1 matches at (43.4615,-9.569,-75.0769) in tree of size 1705
Debug   : OCCRtree 0 matches after bounding box filtering
Debug   : OCCRTree found 1 matches at (36.3462,0,-56.3077) in tree of size 1705
Debug   : OCCRtree 0 matches after bounding box filtering
Debug   : OCCRTree found 1 matches at (36.3462,0,-56.3077) in tree of size 1705
Debug   : OCCRtree 0 matches after bounding box filtering
Debug   : OCCRTree found 1 matches at (36.3462,0,-56.3077) in tree of size 1705
Debug   : OCCRtree 0 matches after bounding box filtering
Debug   : OCCRTree found 1 matches at (36.3462,9.85923,-56.3077) in tree of size 1705
Debug   : OCCRtree 0 matches after bounding box filtering
Debug   : OCCRTree found 1 matches at (36.3462,9.85923,-56.3077) in tree of size 1705
Debug   : OCCRtree 0 matches after bounding box filtering
Debug   : OCCRTree found 1 matches at (36.3462,9.85923,-56.3077) in tree of size 1705
Debug   : OCCRtree 0 matches after bounding box filtering
Debug   : OCCRTree found 1 matches at (36.3462,19.7185,-56.3077) in tree of size 1705
Debug   : OCCRtree 0 matches after bounding box filtering
Debug   : OCCRTree found 1 matches at (36.3462,19.7185,-56.3077) in tree of size 1705
Debug   : OCCRtree 0 matches after bounding box filtering
Debug   : OCCRTree found 1 matches at (36.3462,19.7185,-56.3077) in tree of size 1705
Debug   : OCCRtree 0 matches after bounding box filtering
Debug   : OCCRTree found 1 matches at (36.3462,29.5777,-56.3077) in tree of size 1705
Debug   : OCCRtree 0 matches after bounding box filtering
Debug   : OCCRTree found 1 matches at (36.3462,29.5777,-56.3077) in tree of size 1705
Debug   : OCCRtree 0 matches after bounding box filtering
Debug   : OCCRTree found 1 matches at (36.3462,29.5777,-56.3077) in tree of size 1705
Debug   : OCCRtree 0 matches after bounding box filtering
Debug   : OCCRTree found 1 matches at (36.3462,39.4369,-56.3077) in tree of size 1705
Debug   : OCCRtree 0 matches after bounding box filtering
Debug   : OCCRTree found 1 matches at (36.3462,39.4369,-56.3077) in tree of size 1705
Debug   : OCCRtree 0 matches after bounding box filtering
Debug   : OCCRTree found 1 matches at (36.3462,39.4369,-56.3077) in tree of size 1705
Debug   : OCCRtree 0 matches after bounding box filtering
Debug   : OCCRTree found 1 matches at (36.3462,49.2962,-56.3077) in tree of size 1705
Debug   : OCCRtree 0 matches after bounding box filtering
Debug   : OCCRTree found 1 matches at (36.3462,49.2962,-56.3077) in tree of size 1705
Debug   : OCCRtree 0 matches after bounding box filtering
Debug   : OCCRTree found 1 matches at (36.3462,49.2962,-56.3077) in tree of size 1705
Debug   : OCCRtree 0 matches after bounding box filtering
Debug   : OCCRTree found 1 matches at (36.3462,59.1554,-56.3077) in tree of size 1705
Debug   : OCCRtree 0 matches after bounding box filtering
Debug   : OCCRTree found 1 matches at (36.3462,59.1554,-56.3077) in tree of size 1705
Debug   : OCCRtree 0 matches after bounding box filtering
Debug   : OCCRTree found 1 matches at (36.3462,59.1554,-56.3077) in tree of size 1705
Debug   : OCCRtree 0 matches after bounding box filtering
Debug   : OCCRTree found 1 matches at (36.3462,69.0146,-56.3077) in tree of size 1705
Debug   : OCCRtree 0 matches after bounding box filtering
Debug   : OCCRTree found 1 matches at (36.3462,69.0146,-56.3077) in tree of size 1705
Debug   : OCCRtree 0 matches after bounding box filtering
Debug   : OCCRTree found 1 matches at (36.3462,69.0146,-56.3077) in tree of size 1705
Debug   : OCCRtree 0 matches after bounding box filtering
Debug   : OCCRTree found 1 matches at (36.183,78.5198,-56.3077) in tree of size 1705
Debug   : OCCRtree 0 matches after bounding box filtering
Debug   : OCCRTree found 1 matches at (36.183,78.5198,-56.3077) in tree of size 1705
Debug   : OCCRtree 0 matches after bounding box filtering
Debug   : OCCRTree found 1 matches at (36.183,78.5198,-56.3077) in tree of size 1705
Debug   : OCCRtree 0 matches after bounding box filtering
Debug   : OCCRTree found 1 matches at (29.032,83.7654,-56.3077) in tree of size 1705
Debug   : OCCRtree 0 matches after bounding box filtering
Debug   : OCCRTree found 1 matches at (29.032,83.7654,-56.3077) in tree of size 1705
Debug   : OCCRtree 0 matches after bounding box filtering
Debug   : OCCRTree found 1 matches at (29.032,83.7654,-56.3077) in tree of size 1705
Debug   : OCCRtree 0 matches after bounding box filtering
Debug   : OCCRTree found 1 matches at (19.5563,86.47,-56.3077) in tree of size 1705
Debug   : OCCRtree 0 matches after bounding box filtering
Debug   : OCCRTree found 1 matches at (19.5563,86.47,-56.3077) in tree of size 1705
Debug   : OCCRtree 0 matches after bounding box filtering
Debug   : OCCRTree found 1 matches at (19.5563,86.47,-56.3077) in tree of size 1705
Debug   : OCCRtree 0 matches after bounding box filtering
Debug   : OCCRTree found 1 matches at (9.83892,88.1062,-56.3077) in tree of size 1705
Debug   : OCCRtree 0 matches after bounding box filtering
Debug   : OCCRTree found 1 matches at (9.83892,88.1062,-56.3077) in tree of size 1705
Debug   : OCCRtree 0 matches after bounding box filtering
Debug   : OCCRTree found 1 matches at (9.83892,88.1062,-56.3077) in tree of size 1705
Debug   : OCCRtree 0 matches after bounding box filtering
Debug   : OCCRTree found 1 matches at (0,88.6538,-56.3077) in tree of size 1705
Debug   : OCCRtree 0 matches after bounding box filtering
Debug   : OCCRTree found 1 matches at (0,88.6538,-56.3077) in tree of size 1705
Debug   : OCCRtree 0 matches after bounding box filtering
Debug   : OCCRTree found 1 matches at (0,88.6538,-56.3077) in tree of size 1705
Debug   : OCCRtree 0 matches after bounding box filtering
Debug   : OCCRTree found 1 matches at (-9.83892,88.1062,-56.3077) in tree of size 1705
Debug   : OCCRtree 0 matches after bounding box filtering
Debug   : OCCRTree found 1 matches at (-9.83892,88.1062,-56.3077) in tree of size 1705
Debug   : OCCRtree 0 matches after bounding box filtering
Debug   : OCCRTree found 1 matches at (-9.83892,88.1062,-56.3077) in tree of size 1705
Debug   : OCCRtree 0 matches after bounding box filtering
Debug   : OCCRTree found 1 matches at (-19.5563,86.47,-56.3077) in tree of size 1705
Debug   : OCCRtree 0 matches after bounding box filtering
Debug   : OCCRTree found 1 matches at (-19.5563,86.47,-56.3077) in tree of size 1705
Debug   : OCCRtree 0 matches after bounding box filtering
Debug   : OCCRTree found 1 matches at (-19.5563,86.47,-56.3077) in tree of size 1705
Debug   : OCCRtree 0 matches after bounding box filtering
Debug   : OCCRTree found 1 matches at (-29.032,83.7654,-56.3077) in tree of size 1705
Debug   : OCCRtree 0 matches after bounding box filtering
Debug   : OCCRTree found 1 matches at (-29.032,83.7654,-56.3077) in tree of size 1705
Debug   : OCCRtree 0 matches after bounding box filtering
Debug   : OCCRTree found 1 matches at (-29.032,83.7654,-56.3077) in tree of size 1705
Debug   : OCCRtree 0 matches after bounding box filtering
Debug   : OCCRTree found 1 matches at (-36.183,78.5198,-56.3077) in tree of size 1705
Debug   : OCCRtree 0 matches after bounding box filtering
Debug   : OCCRTree found 1 matches at (-36.183,78.5198,-56.3077) in tree of size 1705
Debug   : OCCRtree 0 matches after bounding box filtering
Debug   : OCCRTree found 1 matches at (-36.183,78.5198,-56.3077) in tree of size 1705
Debug   : OCCRtree 0 matches after bounding box filtering
Debug   : OCCRTree found 1 matches at (-36.3462,69.0146,-56.3077) in tree of size 1705
Debug   : OCCRtree 0 matches after bounding box filtering
Debug   : OCCRTree found 1 matches at (-36.3462,69.0146,-56.3077) in tree of size 1705
Debug   : OCCRtree 0 matches after bounding box filtering
Debug   : OCCRTree found 1 matches at (-36.3462,69.0146,-56.3077) in tree of size 1705
Debug   : OCCRtree 0 matches after bounding box filtering
Debug   : OCCRTree found 1 matches at (-36.3462,59.1554,-56.3077) in tree of size 1705
Debug   : OCCRtree 0 matches after bounding box filtering
Debug   : OCCRTree found 1 matches at (-36.3462,59.1554,-56.3077) in tree of size 1705
Debug   : OCCRtree 0 matches after bounding box filtering
Debug   : OCCRTree found 1 matches at (-36.3462,59.1554,-56.3077) in tree of size 1705
Debug   : OCCRtree 0 matches after bounding box filtering
Debug   : OCCRTree found 1 matches at (-36.3462,49.2962,-56.3077) in tree of size 1705
Debug   : OCCRtree 0 matches after bounding box filtering
Debug   : OCCRTree found 1 matches at (-36.3462,49.2962,-56.3077) in tree of size 1705
Debug   : OCCRtree 0 matches after bounding box filtering
Debug   : OCCRTree found 1 matches at (-36.3462,49.2962,-56.3077) in tree of size 1705
Debug   : OCCRtree 0 matches after bounding box filtering
Debug   : OCCRTree found 1 matches at (-36.3462,39.4369,-56.3077) in tree of size 1705
Debug   : OCCRtree 0 matches after bounding box filtering
Debug   : OCCRTree found 1 matches at (-36.3462,39.4369,-56.3077) in tree of size 1705
Debug   : OCCRtree 0 matches after bounding box filtering
Debug   : OCCRTree found 1 matches at (-36.3462,39.4369,-56.3077) in tree of size 1705
Debug   : OCCRtree 0 matches after bounding box filtering
Debug   : OCCRTree found 1 matches at (-36.3462,29.5777,-56.3077) in tree of size 1705
Debug   : OCCRtree 0 matches after bounding box filtering
Debug   : OCCRTree found 1 matches at (-36.3462,29.5777,-56.3077) in tree of size 1705
Debug   : OCCRtree 0 matches after bounding box filtering
Debug   : OCCRTree found 1 matches at (-36.3462,29.5777,-56.3077) in tree of size 1705
Debug   : OCCRtree 0 matches after bounding box filtering
Debug   : OCCRTree found 1 matches at (-36.3462,19.7185,-56.3077) in tree of size 1705
Debug   : OCCRtree 0 matches after bounding box filtering
Debug   : OCCRTree found 1 matches at (-36.3462,19.7185,-56.3077) in tree of size 1705
Debug   : OCCRtree 0 matches after bounding box filtering
Debug   : OCCRTree found 1 matches at (-36.3462,19.7185,-56.3077) in tree of size 1705
Debug   : OCCRtree 0 matches after bounding box filtering
Debug   : OCCRTree found 1 matches at (-36.3462,9.85923,-56.3077) in tree of size 1705
Debug   : OCCRtree 0 matches after bounding box filtering
Debug   : OCCRTree found 1 matches at (-36.3462,9.85923,-56.3077) in tree of size 1705
Debug   : OCCRtree 0 matches after bounding box filtering
Debug   : OCCRTree found 1 matches at (-36.3462,9.85923,-56.3077) in tree of size 1705
Debug   : OCCRtree 0 matches after bounding box filtering
Debug   : OCCRTree found 1 matches at (-36.3462,0,-56.3077) in tree of size 1705
Debug   : OCCRtree 0 matches after bounding box filtering
Debug   : OCCRTree found 1 matches at (-36.3462,0,-56.3077) in tree of size 1705
Debug   : OCCRtree 0 matches after bounding box filtering
Debug   : OCCRTree found 1 matches at (-36.3462,0,-56.3077) in tree of size 1705
Debug   : OCCRtree 0 matches after bounding box filtering
Debug   : OCCRTree found 1 matches at (-36.3462,-9.85923,-56.3077) in tree of size 1705
Debug   : OCCRtree 0 matches after bounding box filtering
Debug   : OCCRTree found 1 matches at (-36.3462,-9.85923,-56.3077) in tree of size 1705
Debug   : OCCRtree 0 matches after bounding box filtering
Debug   : OCCRTree found 1 matches at (-36.3462,-9.85923,-56.3077) in tree of size 1705
Debug   : OCCRtree 0 matches after bounding box filtering
Debug   : OCCRTree found 1 matches at (-36.3462,-19.7185,-56.3077) in tree of size 1705
Debug   : OCCRtree 0 matches after bounding box filtering
Debug   : OCCRTree found 1 matches at (-36.3462,-19.7185,-56.3077) in tree of size 1705
Debug   : OCCRtree 0 matches after bounding box filtering
Debug   : OCCRTree found 1 matches at (-36.3462,-19.7185,-56.3077) in tree of size 1705
Debug   : OCCRtree 0 matches after bounding box filtering
Debug   : OCCRTree found 1 matches at (-36.3462,-29.5777,-56.3077) in tree of size 1705
Debug   : OCCRtree 0 matches after bounding box filtering
Debug   : OCCRTree found 1 matches at (-36.3462,-29.5777,-56.3077) in tree of size 1705
Debug   : OCCRtree 0 matches after bounding box filtering
Debug   : OCCRTree found 1 matches at (-36.3462,-29.5777,-56.3077) in tree of size 1705
Debug   : OCCRtree 0 matches after bounding box filtering
Debug   : OCCRTree found 1 matches at (-36.3462,-39.4369,-56.3077) in tree of size 1705
Debug   : OCCRtree 0 matches after bounding box filtering
Debug   : OCCRTree found 1 matches at (-36.3462,-39.4369,-56.3077) in tree of size 1705
Debug   : OCCRtree 0 matches after bounding box filtering
Debug   : OCCRTree found 1 matches at (-36.3462,-39.4369,-56.3077) in tree of size 1705
Debug   : OCCRtree 0 matches after bounding box filtering
Debug   : OCCRTree found 1 matches at (-36.3462,-49.2962,-56.3077) in tree of size 1705
Debug   : OCCRtree 0 matches after bounding box filtering
Debug   : OCCRTree found 1 matches at (-36.3462,-49.2962,-56.3077) in tree of size 1705
Debug   : OCCRtree 0 matches after bounding box filtering
Debug   : OCCRTree found 1 matches at (-36.3462,-49.2962,-56.3077) in tree of size 1705
Debug   : OCCRtree 0 matches after bounding box filtering
Debug   : OCCRTree found 1 matches at (-36.3462,-59.1554,-56.3077) in tree of size 1705
Debug   : OCCRtree 0 matches after bounding box filtering
Debug   : OCCRTree found 1 matches at (-36.3462,-59.1554,-56.3077) in tree of size 1705
Debug   : OCCRtree 0 matches after bounding box filtering
Debug   : OCCRTree found 1 matches at (-36.3462,-59.1554,-56.3077) in tree of size 1705
Debug   : OCCRtree 0 matches after bounding box filtering
Debug   : OCCRTree found 1 matches at (-36.3462,-69.0146,-56.3077) in tree of size 1705
Debug   : OCCRtree 0 matches after bounding box filtering
Debug   : OCCRTree found 1 matches at (-36.3462,-69.0146,-56.3077) in tree of size 1705
Debug   : OCCRtree 0 matches after bounding box filtering
Debug   : OCCRTree found 1 matches at (-36.3462,-69.0146,-56.3077) in tree of size 1705
Debug   : OCCRtree 0 matches after bounding box filtering
Debug   : OCCRTree found 1 matches at (-36.183,-78.5198,-56.3077) in tree of size 1705
Debug   : OCCRtree 0 matches after bounding box filtering
Debug   : OCCRTree found 1 matches at (-36.183,-78.5198,-56.3077) in tree of size 1705
Debug   : OCCRtree 0 matches after bounding box filtering
Debug   : OCCRTree found 1 matches at (-36.183,-78.5198,-56.3077) in tree of size 1705
Debug   : OCCRtree 0 matches after bounding box filtering
Debug   : OCCRTree found 1 matches at (-29.032,-83.7654,-56.3077) in tree of size 1705
Debug   : OCCRtree 0 matches after bounding box filtering
Debug   : OCCRTree found 1 matches at (-29.032,-83.7654,-56.3077) in tree of size 1705
Debug   : OCCRtree 0 matches after bounding box filtering
Debug   : OCCRTree found 1 matches at (-29.032,-83.7654,-56.3077) in tree of size 1705
Debug   : OCCRtree 0 matches after bounding box filtering
Debug   : OCCRTree found 1 matches at (-19.5563,-86.47,-56.3077) in tree of size 1705
Debug   : OCCRtree 0 matches after bounding box filtering
Debug   : OCCRTree found 1 matches at (-19.5563,-86.47,-56.3077) in tree of size 1705
Debug   : OCCRtree 0 matches after bounding box filtering
Debug   : OCCRTree found 1 matches at (-19.5563,-86.47,-56.3077) in tree of size 1705
Debug   : OCCRtree 0 matches after bounding box filtering
Debug   : OCCRTree found 1 matches at (-9.83892,-88.1062,-56.3077) in tree of size 1705
Debug   : OCCRtree 0 matches after bounding box filtering
Debug   : OCCRTree found 1 matches at (-9.83892,-88.1062,-56.3077) in tree of size 1705
Debug   : OCCRtree 0 matches after bounding box filtering
Debug   : OCCRTree found 1 matches at (-9.83892,-88.1062,-56.3077) in tree of size 1705
Debug   : OCCRtree 0 matches after bounding box filtering
Debug   : OCCRTree found 1 matches at (0,-88.6538,-56.3077) in tree of size 1705
Debug   : OCCRtree 0 matches after bounding box filtering
Debug   : OCCRTree found 1 matches at (0,-88.6538,-56.3077) in tree of size 1705
Debug   : OCCRtree 0 matches after bounding box filtering
Debug   : OCCRTree found 1 matches at (0,-88.6538,-56.3077) in tree of size 1705
Debug   : OCCRtree 0 matches after bounding box filtering
Debug   : OCCRTree found 1 matches at (9.83892,-88.1062,-56.3077) in tree of size 1705
Debug   : OCCRtree 0 matches after bounding box filtering
Debug   : OCCRTree found 1 matches at (9.83892,-88.1062,-56.3077) in tree of size 1705
Debug   : OCCRtree 0 matches after bounding box filtering
Debug   : OCCRTree found 1 matches at (9.83892,-88.1062,-56.3077) in tree of size 1705
Debug   : OCCRtree 0 matches after bounding box filtering
Debug   : OCCRTree found 1 matches at (19.5563,-86.47,-56.3077) in tree of size 1705
Debug   : OCCRtree 0 matches after bounding box filtering
Debug   : OCCRTree found 1 matches at (19.5563,-86.47,-56.3077) in tree of size 1705
Debug   : OCCRtree 0 matches after bounding box filtering
Debug   : OCCRTree found 1 matches at (19.5563,-86.47,-56.3077) in tree of size 1705
Debug   : OCCRtree 0 matches after bounding box filtering
Debug   : OCCRTree found 1 matches at (29.032,-83.7654,-56.3077) in tree of size 1705
Debug   : OCCRtree 0 matches after bounding box filtering
Debug   : OCCRTree found 1 matches at (29.032,-83.7654,-56.3077) in tree of size 1705
Debug   : OCCRtree 0 matches after bounding box filtering
Debug   : OCCRTree found 1 matches at (29.032,-83.7654,-56.3077) in tree of size 1705
Debug   : OCCRtree 0 matches after bounding box filtering
Debug   : OCCRTree found 1 matches at (36.183,-78.5198,-56.3077) in tree of size 1705
Debug   : OCCRtree 0 matches after bounding box filtering
Debug   : OCCRTree found 1 matches at (36.183,-78.5198,-56.3077) in tree of size 1705
Debug   : OCCRtree 0 matches after bounding box filtering
Debug   : OCCRTree found 1 matches at (36.183,-78.5198,-56.3077) in tree of size 1705
Debug   : OCCRtree 0 matches after bounding box filtering
Debug   : OCCRTree found 1 matches at (36.3462,-69.0146,-56.3077) in tree of size 1705
Debug   : OCCRtree 0 matches after bounding box filtering
Debug   : OCCRTree found 1 matches at (36.3462,-69.0146,-56.3077) in tree of size 1705
Debug   : OCCRtree 0 matches after bounding box filtering
Debug   : OCCRTree found 1 matches at (36.3462,-69.0146,-56.3077) in tree of size 1705
Debug   : OCCRtree 0 matches after bounding box filtering
Debug   : OCCRTree found 1 matches at (36.3462,-59.1554,-56.3077) in tree of size 1705
Debug   : OCCRtree 0 matches after bounding box filtering
Debug   : OCCRTree found 1 matches at (36.3462,-59.1554,-56.3077) in tree of size 1705
Debug   : OCCRtree 0 matches after bounding box filtering
Debug   : OCCRTree found 1 matches at (36.3462,-59.1554,-56.3077) in tree of size 1705
Debug   : OCCRtree 0 matches after bounding box filtering
Debug   : OCCRTree found 1 matches at (36.3462,-49.2962,-56.3077) in tree of size 1705
Debug   : OCCRtree 0 matches after bounding box filtering
Debug   : OCCRTree found 1 matches at (36.3462,-49.2962,-56.3077) in tree of size 1705
Debug   : OCCRtree 0 matches after bounding box filtering
Debug   : OCCRTree found 1 matches at (36.3462,-49.2962,-56.3077) in tree of size 1705
Debug   : OCCRtree 0 matches after bounding box filtering
Debug   : OCCRTree found 1 matches at (36.3462,-39.4369,-56.3077) in tree of size 1705
Debug   : OCCRtree 0 matches after bounding box filtering
Debug   : OCCRTree found 1 matches at (36.3462,-39.4369,-56.3077) in tree of size 1705
Debug   : OCCRtree 0 matches after bounding box filtering
Debug   : OCCRTree found 1 matches at (36.3462,-39.4369,-56.3077) in tree of size 1705
Debug   : OCCRtree 0 matches after bounding box filtering
Debug   : OCCRTree found 1 matches at (36.3462,-29.5777,-56.3077) in tree of size 1705
Debug   : OCCRtree 0 matches after bounding box filtering
Debug   : OCCRTree found 1 matches at (36.3462,-29.5777,-56.3077) in tree of size 1705
Debug   : OCCRtree 0 matches after bounding box filtering
Debug   : OCCRTree found 1 matches at (36.3462,-29.5777,-56.3077) in tree of size 1705
Debug   : OCCRtree 0 matches after bounding box filtering
Debug   : OCCRTree found 1 matches at (36.3462,-19.7185,-56.3077) in tree of size 1705
Debug   : OCCRtree 0 matches after bounding box filtering
Debug   : OCCRTree found 1 matches at (36.3462,-19.7185,-56.3077) in tree of size 1705
Debug   : OCCRtree 0 matches after bounding box filtering
Debug   : OCCRTree found 1 matches at (36.3462,-19.7185,-56.3077) in tree of size 1705
Debug   : OCCRtree 0 matches after bounding box filtering
Debug   : OCCRTree found 1 matches at (36.3462,-9.85923,-56.3077) in tree of size 1705
Debug   : OCCRtree 0 matches after bounding box filtering
Debug   : OCCRTree found 1 matches at (36.3462,-9.85923,-56.3077) in tree of size 1705
Debug   : OCCRtree 0 matches after bounding box filtering
Debug   : OCCRTree found 1 matches at (36.3462,-9.85923,-56.3077) in tree of size 1705
Debug   : OCCRtree 0 matches after bounding box filtering
Debug   : OCCRTree found 1 matches at (29.2308,0,-37.5385) in tree of size 1705
Debug   : OCCRtree 0 matches after bounding box filtering
Debug   : OCCRTree found 1 matches at (29.2308,0,-37.5385) in tree of size 1705
Debug   : OCCRtree 0 matches after bounding box filtering
Debug   : OCCRTree found 1 matches at (29.2308,0,-37.5385) in tree of size 1705
Debug   : OCCRtree 0 matches after bounding box filtering
Debug   : OCCRTree found 1 matches at (29.2308,10.0753,-37.5385) in tree of size 1705
Debug   : OCCRtree 0 matches after bounding box filtering
Debug   : OCCRTree found 1 matches at (29.2308,10.0753,-37.5385) in tree of size 1705
Debug   : OCCRtree 0 matches after bounding box filtering
Debug   : OCCRTree found 1 matches at (29.2308,10.0753,-37.5385) in tree of size 1705
Debug   : OCCRtree 0 matches after bounding box filtering
Debug   : OCCRTree found 1 matches at (29.2308,20.1507,-37.5385) in tree of size 1705
Debug   : OCCRtree 0 matches after bounding box filtering
Debug   : OCCRTree found 1 matches at (29.2308,20.1507,-37.5385) in tree of size 1705
Debug   : OCCRtree 0 matches after bounding box filtering
Debug   : OCCRTree found 1 matches at (29.2308,20.1507,-37.5385) in tree of size 1705
Debug   : OCCRtree 0 matches after bounding box filtering
Debug   : OCCRTree found 1 matches at (29.2308,30.226,-37.5385) in tree of size 1705
Debug   : OCCRtree 0 matches after bounding box filtering
Debug   : OCCRTree found 1 matches at (29.2308,30.226,-37.5385) in tree of size 1705
Debug   : OCCRtree 0 matches after bounding box filtering
Debug   : OCCRTree found 1 matches at (29.2308,30.226,-37.5385) in tree of size 1705
Debug   : OCCRtree 0 matches after bounding box filtering
Debug   : OCCRTree found 1 matches at (29.2308,40.3014,-37.5385) in tree of size 1705
Debug   : OCCRtree 0 matches after bounding box filtering
Debug   : OCCRTree found 1 matches at (29.2308,40.3014,-37.5385) in tree of size 1705
Debug   : OCCRtree 0 matches after bounding box filtering
Debug   : OCCRTree found 1 matches at (29.2308,40.3014,-37.5385) in tree of size 1705
Debug   : OCCRtree 0 matches after bounding box filtering
Debug   : OCCRTree found 1 matches at (29.2308,50.3767,-37.5385) in tree of size 1705
Debug   : OCCRtree 0 matches after bounding box filtering
Debug   : OCCRTree found 1 matches at (29.2308,50.3767,-37.5385) in tree of size 1705
Debug   : OCCRtree 0 matches after bounding box filtering
Debug   : OCCRTree found 1 matches at (29.2308,50.3767,-37.5385) in tree of size 1705
Debug   : OCCRtree 0 matches after bounding box filtering
Debug   : OCCRTree found 1 matches at (29.2308,60.452,-37.5385) in tree of size 1705
Debug   : OCCRtree 0 matches after bounding box filtering
Debug   : OCCRTree found 1 matches at (29.2308,60.452,-37.5385) in tree of size 1705
Debug   : OCCRtree 0 matches after bounding box filtering
Debug   : OCCRTree found 1 matches at (29.2308,60.452,-37.5385) in tree of size 1705
Debug   : OCCRtree 0 matches after bounding box filtering
Debug   : OCCRTree found 1 matches at (29.2308,70.5274,-37.5385) in tree of size 1705
Debug   : OCCRtree 0 matches after bounding box filtering
Debug   : OCCRTree found 1 matches at (29.2308,70.5274,-37.5385) in tree of size 1705
Debug   : OCCRtree 0 matches after bounding box filtering
Debug   : OCCRTree found 1 matches at (29.2308,70.5274,-37.5385) in tree of size 1705
Debug   : OCCRtree 0 matches after bounding box filtering
Debug   : OCCRTree found 1 matches at (29.2308,80.6027,-37.5385) in tree of size 1705
Debug   : OCCRtree 0 matches after bounding box filtering
Debug   : OCCRTree found 1 matches at (29.2308,80.6027,-37.5385) in tree of size 1705
Debug   : OCCRtree 0 matches after bounding box filtering
Debug   : OCCRTree found 1 matches at (29.2308,80.6027,-37.5385) in tree of size 1705
Debug   : OCCRtree 0 matches after bounding box filtering
Debug   : OCCRTree found 1 matches at (28.8588,89.524,-37.5385) in tree of size 1705
Debug   : OCCRtree 0 matches after bounding box filtering
Debug   : OCCRTree found 1 matches at (28.8588,89.524,-37.5385) in tree of size 1705
Debug   : OCCRtree 0 matches after bounding box filtering
Debug   : OCCRTree found 1 matches at (28.8588,89.524,-37.5385) in tree of size 1705
Debug   : OCCRtree 0 matches after bounding box filtering
Debug   : OCCRTree found 1 matches at (20.0023,93.6571,-37.5385) in tree of size 1705
Debug   : OCCRtree 0 matches after bounding box filtering
Debug   : OCCRTree found 1 matches at (20.0023,93.6571,-37.5385) in tree of size 1705
Debug   : OCCRtree 0 matches after bounding box filtering
Debug   : OCCRTree found 1 matches at (20.0023,93.6571,-37.5385) in tree of size 1705
Debug   : OCCRtree 0 matches after bounding box filtering
Debug   : OCCRTree found 1 matches at (10.0568,95.2397,-37.5385) in tree of size 1705
Debug   : OCCRtree 0 matches after bounding box filtering
Debug   : OCCRTree found 1 matches at (10.0568,95.2397,-37.5385) in tree of size 1705
Debug   : OCCRtree 0 matches after bounding box filtering
Debug   : OCCRTree found 1 matches at (10.0568,95.2397,-37.5385) in tree of size 1705
Debug   : OCCRtree 0 matches after bounding box filtering
Debug   : OCCRTree found 1 matches at (0,95.7692,-37.5385) in tree of size 1705
Debug   : OCCRtree 0 matches after bounding box filtering
Debug   : OCCRTree found 1 matches at (0,95.7692,-37.5385) in tree of size 1705
Debug   : OCCRtree 0 matches after bounding box filtering
Debug   : OCCRTree found 1 matches at (0,95.7692,-37.5385) in tree of size 1705
Debug   : OCCRtree 0 matches after bounding box filtering
Debug   : OCCRTree found 1 matches at (-10.0568,95.2397,-37.5385) in tree of size 1705
Debug   : OCCRtree 0 matches after bounding box filtering
Debug   : OCCRTree found 1 matches at (-10.0568,95.2397,-37.5385) in tree of size 1705
Debug   : OCCRtree 0 matches after bounding box filtering
Debug   : OCCRTree found 1 matches at (-10.0568,95.2397,-37.5385) in tree of size 1705
Debug   : OCCRtree 0 matches after bounding box filtering
Debug   : OCCRTree found 1 matches at (-20.0023,93.6571,-37.5385) in tree of size 1705
Debug   : OCCRtree 0 matches after bounding box filtering
Debug   : OCCRTree found 1 matches at (-20.0023,93.6571,-37.5385) in tree of size 1705
Debug   : OCCRtree 0 matches after bounding box filtering
Debug   : OCCRTree found 1 matches at (-20.0023,93.6571,-37.5385) in tree of size 1705
Debug   : OCCRtree 0 matches after bounding box filtering
Debug   : OCCRTree found 1 matches at (-28.8588,89.524,-37.5385) in tree of size 1705
Debug   : OCCRtree 0 matches after bounding box filtering
Debug   : OCCRTree found 1 matches at (-28.8588,89.524,-37.5385) in tree of size 1705
Debug   : OCCRtree 0 matches after bounding box filtering
Debug   : OCCRTree found 1 matches at (-28.8588,89.524,-37.5385) in tree of size 1705
Debug   : OCCRtree 0 matches after bounding box filtering
Debug   : OCCRTree found 1 matches at (-29.2308,80.6027,-37.5385) in tree of size 1705
Debug   : OCCRtree 0 matches after bounding box filtering
Debug   : OCCRTree found 1 matches at (-29.2308,80.6027,-37.5385) in tree of size 1705
Debug   : OCCRtree 0 matches after bounding box filtering
Debug   : OCCRTree found 1 matches at (-29.2308,80.6027,-37.5385) in tree of size 1705
Debug   : OCCRtree 0 matches after bounding box filtering
Debug   : OCCRTree found 1 matches at (-29.2308,70.5274,-37.5385) in tree of size 1705
Debug   : OCCRtree 0 matches after bounding box filtering
Debug   : OCCRTree found 1 matches at (-29.2308,70.5274,-37.5385) in tree of size 1705
Debug   : OCCRtree 0 matches after bounding box filtering
Debug   : OCCRTree found 1 matches at (-29.2308,70.5274,-37.5385) in tree of size 1705
Debug   : OCCRtree 0 matches after bounding box filtering
Debug   : OCCRTree found 1 matches at (-29.2308,60.452,-37.5385) in tree of size 1705
Debug   : OCCRtree 0 matches after bounding box filtering
Debug   : OCCRTree found 1 matches at (-29.2308,60.452,-37.5385) in tree of size 1705
Debug   : OCCRtree 0 matches after bounding box filtering
Debug   : OCCRTree found 1 matches at (-29.2308,60.452,-37.5385) in tree of size 1705
Debug   : OCCRtree 0 matches after bounding box filtering
Debug   : OCCRTree found 1 matches at (-29.2308,50.3767,-37.5385) in tree of size 1705
Debug   : OCCRtree 0 matches after bounding box filtering
Debug   : OCCRTree found 1 matches at (-29.2308,50.3767,-37.5385) in tree of size 1705
Debug   : OCCRtree 0 matches after bounding box filtering
Debug   : OCCRTree found 1 matches at (-29.2308,50.3767,-37.5385) in tree of size 1705
Debug   : OCCRtree 0 matches after bounding box filtering
Debug   : OCCRTree found 1 matches at (-29.2308,40.3014,-37.5385) in tree of size 1705
Debug   : OCCRtree 0 matches after bounding box filtering
Debug   : OCCRTree found 1 matches at (-29.2308,40.3014,-37.5385) in tree of size 1705
Debug   : OCCRtree 0 matches after bounding box filtering
Debug   : OCCRTree found 1 matches at (-29.2308,40.3014,-37.5385) in tree of size 1705
Debug   : OCCRtree 0 matches after bounding box filtering
Debug   : OCCRTree found 1 matches at (-29.2308,30.226,-37.5385) in tree of size 1705
Debug   : OCCRtree 0 matches after bounding box filtering
Debug   : OCCRTree found 1 matches at (-29.2308,30.226,-37.5385) in tree of size 1705
Debug   : OCCRtree 0 matches after bounding box filtering
Debug   : OCCRTree found 1 matches at (-29.2308,30.226,-37.5385) in tree of size 1705
Debug   : OCCRtree 0 matches after bounding box filtering
Debug   : OCCRTree found 1 matches at (-29.2308,20.1507,-37.5385) in tree of size 1705
Debug   : OCCRtree 0 matches after bounding box filtering
Debug   : OCCRTree found 1 matches at (-29.2308,20.1507,-37.5385) in tree of size 1705
Debug   : OCCRtree 0 matches after bounding box filtering
Debug   : OCCRTree found 1 matches at (-29.2308,20.1507,-37.5385) in tree of size 1705
Debug   : OCCRtree 0 matches after bounding box filtering
Debug   : OCCRTree found 1 matches at (-29.2308,10.0753,-37.5385) in tree of size 1705
Debug   : OCCRtree 0 matches after bounding box filtering
Debug   : OCCRTree found 1 matches at (-29.2308,10.0753,-37.5385) in tree of size 1705
Debug   : OCCRtree 0 matches after bounding box filtering
Debug   : OCCRTree found 1 matches at (-29.2308,10.0753,-37.5385) in tree of size 1705
Debug   : OCCRtree 0 matches after bounding box filtering
Debug   : OCCRTree found 1 matches at (-29.2308,0,-37.5385) in tree of size 1705
Debug   : OCCRtree 0 matches after bounding box filtering
Debug   : OCCRTree found 1 matches at (-29.2308,0,-37.5385) in tree of size 1705
Debug   : OCCRtree 0 matches after bounding box filtering
Debug   : OCCRTree found 1 matches at (-29.2308,0,-37.5385) in tree of size 1705
Debug   : OCCRtree 0 matches after bounding box filtering
Debug   : OCCRTree found 1 matches at (-29.2308,-10.0753,-37.5385) in tree of size 1705
Debug   : OCCRtree 0 matches after bounding box filtering
Debug   : OCCRTree found 1 matches at (-29.2308,-10.0753,-37.5385) in tree of size 1705
Debug   : OCCRtree 0 matches after bounding box filtering
Debug   : OCCRTree found 1 matches at (-29.2308,-10.0753,-37.5385) in tree of size 1705
Debug   : OCCRtree 0 matches after bounding box filtering
Debug   : OCCRTree found 1 matches at (-29.2308,-20.1507,-37.5385) in tree of size 1705
Debug   : OCCRtree 0 matches after bounding box filtering
Debug   : OCCRTree found 1 matches at (-29.2308,-20.1507,-37.5385) in tree of size 1705
Debug   : OCCRtree 0 matches after bounding box filtering
Debug   : OCCRTree found 1 matches at (-29.2308,-20.1507,-37.5385) in tree of size 1705
Debug   : OCCRtree 0 matches after bounding box filtering
Debug   : OCCRTree found 1 matches at (-29.2308,-30.226,-37.5385) in tree of size 1705
Debug   : OCCRtree 0 matches after bounding box filtering
Debug   : OCCRTree found 1 matches at (-29.2308,-30.226,-37.5385) in tree of size 1705
Debug   : OCCRtree 0 matches after bounding box filtering
Debug   : OCCRTree found 1 matches at (-29.2308,-30.226,-37.5385) in tree of size 1705
Debug   : OCCRtree 0 matches after bounding box filtering
Debug   : OCCRTree found 1 matches at (-29.2308,-40.3014,-37.5385) in tree of size 1705
Debug   : OCCRtree 0 matches after bounding box filtering
Debug   : OCCRTree found 1 matches at (-29.2308,-40.3014,-37.5385) in tree of size 1705
Debug   : OCCRtree 0 matches after bounding box filtering
Debug   : OCCRTree found 1 matches at (-29.2308,-40.3014,-37.5385) in tree of size 1705
Debug   : OCCRtree 0 matches after bounding box filtering
Debug   : OCCRTree found 1 matches at (-29.2308,-50.3767,-37.5385) in tree of size 1705
Debug   : OCCRtree 0 matches after bounding box filtering
Debug   : OCCRTree found 1 matches at (-29.2308,-50.3767,-37.5385) in tree of size 1705
Debug   : OCCRtree 0 matches after bounding box filtering
Debug   : OCCRTree found 1 matches at (-29.2308,-50.3767,-37.5385) in tree of size 1705
Debug   : OCCRtree 0 matches after bounding box filtering
Debug   : OCCRTree found 1 matches at (-29.2308,-60.452,-37.5385) in tree of size 1705
Debug   : OCCRtree 0 matches after bounding box filtering
Debug   : OCCRTree found 1 matches at (-29.2308,-60.452,-37.5385) in tree of size 1705
Debug   : OCCRtree 0 matches after bounding box filtering
Debug   : OCCRTree found 1 matches at (-29.2308,-60.452,-37.5385) in tree of size 1705
Debug   : OCCRtree 0 matches after bounding box filtering
Debug   : OCCRTree found 1 matches at (-29.2308,-70.5274,-37.5385) in tree of size 1705
Debug   : OCCRtree 0 matches after bounding box filtering
Debug   : OCCRTree found 1 matches at (-29.2308,-70.5274,-37.5385) in tree of size 1705
Debug   : OCCRtree 0 matches after bounding box filtering
Debug   : OCCRTree found 1 matches at (-29.2308,-70.5274,-37.5385) in tree of size 1705
Debug   : OCCRtree 0 matches after bounding box filtering
Debug   : OCCRTree found 1 matches at (-29.2308,-80.6027,-37.5385) in tree of size 1705
Debug   : OCCRtree 0 matches after bounding box filtering
Debug   : OCCRTree found 1 matches at (-29.2308,-80.6027,-37.5385) in tree of size 1705
Debug   : OCCRtree 0 matches after bounding box filtering
Debug   : OCCRTree found 1 matches at (-29.2308,-80.6027,-37.5385) in tree of size 1705
Debug   : OCCRtree 0 matches after bounding box filtering
Debug   : OCCRTree found 1 matches at (-28.8588,-89.524,-37.5385) in tree of size 1705
Debug   : OCCRtree 0 matches after bounding box filtering
Debug   : OCCRTree found 1 matches at (-28.8588,-89.524,-37.5385) in tree of size 1705
Debug   : OCCRtree 0 matches after bounding box filtering
Debug   : OCCRTree found 1 matches at (-28.8588,-89.524,-37.5385) in tree of size 1705
Debug   : OCCRtree 0 matches after bounding box filtering
Debug   : OCCRTree found 1 matches at (-20.0023,-93.6571,-37.5385) in tree of size 1705
Debug   : OCCRtree 0 matches after bounding box filtering
Debug   : OCCRTree found 1 matches at (-20.0023,-93.6571,-37.5385) in tree of size 1705
Debug   : OCCRtree 0 matches after bounding box filtering
Debug   : OCCRTree found 1 matches at (-20.0023,-93.6571,-37.5385) in tree of size 1705
Debug   : OCCRtree 0 matches after bounding box filtering
Debug   : OCCRTree found 1 matches at (-10.0568,-95.2397,-37.5385) in tree of size 1705
Debug   : OCCRtree 0 matches after bounding box filtering
Debug   : OCCRTree found 1 matches at (-10.0568,-95.2397,-37.5385) in tree of size 1705
Debug   : OCCRtree 0 matches after bounding box filtering
Debug   : OCCRTree found 1 matches at (-10.0568,-95.2397,-37.5385) in tree of size 1705
Debug   : OCCRtree 0 matches after bounding box filtering
Debug   : OCCRTree found 1 matches at (0,-95.7692,-37.5385) in tree of size 1705
Debug   : OCCRtree 0 matches after bounding box filtering
Debug   : OCCRTree found 1 matches at (0,-95.7692,-37.5385) in tree of size 1705
Debug   : OCCRtree 0 matches after bounding box filtering
Debug   : OCCRTree found 1 matches at (0,-95.7692,-37.5385) in tree of size 1705
Debug   : OCCRtree 0 matches after bounding box filtering
Debug   : OCCRTree found 1 matches at (10.0568,-95.2397,-37.5385) in tree of size 1705
Debug   : OCCRtree 0 matches after bounding box filtering
Debug   : OCCRTree found 1 matches at (10.0568,-95.2397,-37.5385) in tree of size 1705
Debug   : OCCRtree 0 matches after bounding box filtering
Debug   : OCCRTree found 1 matches at (10.0568,-95.2397,-37.5385) in tree of size 1705
Debug   : OCCRtree 0 matches after bounding box filtering
Debug   : OCCRTree found 1 matches at (20.0023,-93.6571,-37.5385) in tree of size 1705
Debug   : OCCRtree 0 matches after bounding box filtering
Debug   : OCCRTree found 1 matches at (20.0023,-93.6571,-37.5385) in tree of size 1705
Debug   : OCCRtree 0 matches after bounding box filtering
Debug   : OCCRTree found 1 matches at (20.0023,-93.6571,-37.5385) in tree of size 1705
Debug   : OCCRtree 0 matches after bounding box filtering
Debug   : OCCRTree found 1 matches at (28.8588,-89.524,-37.5385) in tree of size 1705
Debug   : OCCRtree 0 matches after bounding box filtering
Debug   : OCCRTree found 1 matches at (28.8588,-89.524,-37.5385) in tree of size 1705
Debug   : OCCRtree 0 matches after bounding box filtering
Debug   : OCCRTree found 1 matches at (28.8588,-89.524,-37.5385) in tree of size 1705
Debug   : OCCRtree 0 matches after bounding box filtering
Debug   : OCCRTree found 1 matches at (29.2308,-80.6027,-37.5385) in tree of size 1705
Debug   : OCCRtree 0 matches after bounding box filtering
Debug   : OCCRTree found 1 matches at (29.2308,-80.6027,-37.5385) in tree of size 1705
Debug   : OCCRtree 0 matches after bounding box filtering
Debug   : OCCRTree found 1 matches at (29.2308,-80.6027,-37.5385) in tree of size 1705
Debug   : OCCRtree 0 matches after bounding box filtering
Debug   : OCCRTree found 1 matches at (29.2308,-70.5274,-37.5385) in tree of size 1705
Debug   : OCCRtree 0 matches after bounding box filtering
Debug   : OCCRTree found 1 matches at (29.2308,-70.5274,-37.5385) in tree of size 1705
Debug   : OCCRtree 0 matches after bounding box filtering
Debug   : OCCRTree found 1 matches at (29.2308,-70.5274,-37.5385) in tree of size 1705
Debug   : OCCRtree 0 matches after bounding box filtering
Debug   : OCCRTree found 1 matches at (29.2308,-60.452,-37.5385) in tree of size 1705
Debug   : OCCRtree 0 matches after bounding box filtering
Debug   : OCCRTree found 1 matches at (29.2308,-60.452,-37.5385) in tree of size 1705
Debug   : OCCRtree 0 matches after bounding box filtering
Debug   : OCCRTree found 1 matches at (29.2308,-60.452,-37.5385) in tree of size 1705
Debug   : OCCRtree 0 matches after bounding box filtering
Debug   : OCCRTree found 1 matches at (29.2308,-50.3767,-37.5385) in tree of size 1705
Debug   : OCCRtree 0 matches after bounding box filtering
Debug   : OCCRTree found 1 matches at (29.2308,-50.3767,-37.5385) in tree of size 1705
Debug   : OCCRtree 0 matches after bounding box filtering
Debug   : OCCRTree found 1 matches at (29.2308,-50.3767,-37.5385) in tree of size 1705
Debug   : OCCRtree 0 matches after bounding box filtering
Debug   : OCCRTree found 1 matches at (29.2308,-40.3014,-37.5385) in tree of size 1705
Debug   : OCCRtree 0 matches after bounding box filtering
Debug   : OCCRTree found 1 matches at (29.2308,-40.3014,-37.5385) in tree of size 1705
Debug   : OCCRtree 0 matches after bounding box filtering
Debug   : OCCRTree found 1 matches at (29.2308,-40.3014,-37.5385) in tree of size 1705
Debug   : OCCRtree 0 matches after bounding box filtering
Debug   : OCCRTree found 1 matches at (29.2308,-30.226,-37.5385) in tree of size 1705
Debug   : OCCRtree 0 matches after bounding box filtering
Debug   : OCCRTree found 1 matches at (29.2308,-30.226,-37.5385) in tree of size 1705
Debug   : OCCRtree 0 matches after bounding box filtering
Debug   : OCCRTree found 1 matches at (29.2308,-30.226,-37.5385) in tree of size 1705
Debug   : OCCRtree 0 matches after bounding box filtering
Debug   : OCCRTree found 1 matches at (29.2308,-20.1507,-37.5385) in tree of size 1705
Debug   : OCCRtree 0 matches after bounding box filtering
Debug   : OCCRTree found 1 matches at (29.2308,-20.1507,-37.5385) in tree of size 1705
Debug   : OCCRtree 0 matches after bounding box filtering
Debug   : OCCRTree found 1 matches at (29.2308,-20.1507,-37.5385) in tree of size 1705
Debug   : OCCRtree 0 matches after bounding box filtering
Debug   : OCCRTree found 1 matches at (29.2308,-10.0753,-37.5385) in tree of size 1705
Debug   : OCCRtree 0 matches after bounding box filtering
Debug   : OCCRTree found 1 matches at (29.2308,-10.0753,-37.5385) in tree of size 1705
Debug   : OCCRtree 0 matches after bounding box filtering
Debug   : OCCRTree found 1 matches at (29.2308,-10.0753,-37.5385) in tree of size 1705
Debug   : OCCRtree 0 matches after bounding box filtering
Debug   : OCCRTree found 1 matches at (22.1154,0,-18.7692) in tree of size 1705
Debug   : OCCRtree 0 matches after bounding box filtering
Debug   : OCCRTree found 1 matches at (22.1154,0,-18.7692) in tree of size 1705
Debug   : OCCRtree 0 matches after bounding box filtering
Debug   : OCCRTree found 1 matches at (22.1154,0,-18.7692) in tree of size 1705
Debug   : OCCRtree 0 matches after bounding box filtering
Debug   : OCCRTree found 2 matches at (22.1154,10.2307,-18.7692) in tree of size 1705
Debug   : OCCRtree 0 matches after bounding box filtering
Debug   : OCCRTree found 2 matches at (22.1154,10.2307,-18.7692) in tree of size 1705
Debug   : OCCRtree 0 matches after bounding box filtering
Debug   : OCCRTree found 2 matches at (22.1154,10.2307,-18.7692) in tree of size 1705
Debug   : OCCRtree 0 matches after bounding box filtering
Debug   : OCCRTree found 1 matches at (22.1154,20.4615,-18.7692) in tree of size 1705
Debug   : OCCRtree 0 matches after bounding box filtering
Debug   : OCCRTree found 1 matches at (22.1154,20.4615,-18.7692) in tree of size 1705
Debug   : OCCRtree 0 matches after bounding box filtering
Debug   : OCCRTree found 1 matches at (22.1154,20.4615,-18.7692) in tree of size 1705
Debug   : OCCRtree 0 matches after bounding box filtering
Debug   : OCCRTree found 1 matches at (22.1154,30.6922,-18.7692) in tree of size 1705
Debug   : OCCRtree 0 matches after bounding box filtering
Debug   : OCCRTree found 1 matches at (22.1154,30.6922,-18.7692) in tree of size 1705
Debug   : OCCRtree 0 matches after bounding box filtering
Debug   : OCCRTree found 1 matches at (22.1154,30.6922,-18.7692) in tree of size 1705
Debug   : OCCRtree 0 matches after bounding box filtering
Debug   : OCCRTree found 1 matches at (22.1154,40.923,-18.7692) in tree of size 1705
Debug   : OCCRtree 0 matches after bounding box filtering
Debug   : OCCRTree found 1 matches at (22.1154,40.923,-18.7692) in tree of size 1705
Debug   : OCCRtree 0 matches after bounding box filtering
Debug   : OCCRTree found 1 matches at (22.1154,40.923,-18.7692) in tree of size 1705
Debug   : OCCRtree 0 matches after bounding box filtering
Debug   : OCCRTree found 1 matches at (22.1154,51.1537,-18.7692) in tree of size 1705
Debug   : OCCRtree 0 matches after bounding box filtering
Debug   : OCCRTree found 1 matches at (22.1154,51.1537,-18.7692) in tree of size 1705
Debug   : OCCRtree 0 matches after bounding box filtering
Debug   : OCCRTree found 1 matches at (22.1154,51.1537,-18.7692) in tree of size 1705
Debug   : OCCRtree 0 matches after bounding box filtering
Debug   : OCCRTree found 1 matches at (22.1154,61.3845,-18.7692) in tree of size 1705
Debug   : OCCRtree 0 matches after bounding box filtering
Debug   : OCCRTree found 1 matches at (22.1154,61.3845,-18.7692) in tree of size 1705
Debug   : OCCRtree 0 matches after bounding box filtering
Debug   : OCCRTree found 1 matches at (22.1154,61.3845,-18.7692) in tree of size 1705
Debug   : OCCRtree 0 matches after bounding box filtering
Debug   : OCCRTree found 1 matches at (22.1154,71.6152,-18.7692) in tree of size 1705
Debug   : OCCRtree 0 matches after bounding box filtering
Debug   : OCCRTree found 1 matches at (22.1154,71.6152,-18.7692) in tree of size 1705
Debug   : OCCRtree 0 matches after bounding box filtering
Debug   : OCCRTree found 1 matches at (22.1154,71.6152,-18.7692) in tree of size 1705
Debug   : OCCRtree 0 matches after bounding box filtering
Debug   : OCCRTree found 1 matches at (22.1154,81.846,-18.7692) in tree of size 1705
Debug   : OCCRtree 0 matches after bounding box filtering
Debug   : OCCRTree found 1 matches at (22.1154,81.846,-18.7692) in tree of size 1705
Debug   : OCCRtree 0 matches after bounding box filtering
Debug   : OCCRTree found 1 matches at (22.1154,81.846,-18.7692) in tree of size 1705
Debug   : OCCRtree 0 matches after bounding box filtering
Debug   : OCCRTree found 1 matches at (22.1154,92.0767,-18.7692) in tree of size 1705
Debug   : OCCRtree 0 matches after bounding box filtering
Debug   : OCCRTree found 1 matches at (22.1154,92.0767,-18.7692) in tree of size 1705
Debug   : OCCRtree 0 matches after bounding box filtering
Debug   : OCCRTree found 1 matches at (22.1154,92.0767,-18.7692) in tree of size 1705
Debug   : OCCRtree 0 matches after bounding box filtering
Debug   : OCCRTree found 1 matches at (20.2671,100.56,-18.7692) in tree of size 1705
Debug   : OCCRtree 0 matches after bounding box filtering
Debug   : OCCRTree found 1 matches at (20.2671,100.56,-18.7692) in tree of size 1705
Debug   : OCCRtree 0 matches after bounding box filtering
Debug   : OCCRTree found 1 matches at (20.2671,100.56,-18.7692) in tree of size 1705
Debug   : OCCRtree 0 matches after bounding box filtering
Debug   : OCCRTree found 1 matches at (10.2139,102.376,-18.7692) in tree of size 1705
Debug   : OCCRtree 0 matches after bounding box filtering
Debug   : OCCRTree found 1 matches at (10.2139,102.376,-18.7692) in tree of size 1705
Debug   : OCCRtree 0 matches after bounding box filtering
Debug   : OCCRTree found 1 matches at (10.2139,102.376,-18.7692) in tree of size 1705
Debug   : OCCRtree 0 matches after bounding box filtering
Debug   : OCCRTree found 1 matches at (0,102.885,-18.7692) in tree of size 1705
Debug   : OCCRtree 0 matches after bounding box filtering
Debug   : OCCRTree found 1 matches at (0,102.885,-18.7692) in tree of size 1705
Debug   : OCCRtree 0 matches after bounding box filtering
Debug   : OCCRTree found 1 matches at (0,102.885,-18.7692) in tree of size 1705
Debug   : OCCRtree 0 matches after bounding box filtering
Debug   : OCCRTree found 1 matches at (-10.2139,102.376,-18.7692) in tree of size 1705
Debug   : OCCRtree 0 matches after bounding box filtering
Debug   : OCCRTree found 1 matches at (-10.2139,102.376,-18.7692) in tree of size 1705
Debug   : OCCRtree 0 matches after bounding box filtering
Debug   : OCCRTree found 1 matches at (-10.2139,102.376,-18.7692) in tree of size 1705
Debug   : OCCRtree 0 matches after bounding box filtering
Debug   : OCCRTree found 1 matches at (-20.2671,100.56,-18.7692) in tree of size 1705
Debug   : OCCRtree 0 matches after bounding box filtering
Debug   : OCCRTree found 1 matches at (-20.2671,100.56,-18.7692) in tree of size 1705
Debug   : OCCRtree 0 matches after bounding box filtering
Debug   : OCCRTree found 1 matches at (-20.2671,100.56,-18.7692) in tree of size 1705
Debug   : OCCRtree 0 matches after bounding box filtering
Debug   : OCCRTree found 1 matches at (-22.1154,92.0767,-18.7692) in tree of size 1705
Debug   : OCCRtree 0 matches after bounding box filtering
Debug   : OCCRTree found 1 matches at (-22.1154,92.0767,-18.7692) in tree of size 1705
Debug   : OCCRtree 0 matches after bounding box filtering
Debug   : OCCRTree found 1 matches at (-22.1154,92.0767,-18.7692) in tree of size 1705
Debug   : OCCRtree 0 matches after bounding box filtering
Debug   : OCCRTree found 1 matches at (-22.1154,81.846,-18.7692) in tree of size 1705
Debug   : OCCRtree 0 matches after bounding box filtering
Debug   : OCCRTree found 1 matches at (-22.1154,81.846,-18.7692) in tree of size 1705
Debug   : OCCRtree 0 matches after bounding box filtering
Debug   : OCCRTree found 1 matches at (-22.1154,81.846,-18.7692) in tree of size 1705
Debug   : OCCRtree 0 matches after bounding box filtering
Debug   : OCCRTree found 1 matches at (-22.1154,71.6152,-18.7692) in tree of size 1705
Debug   : OCCRtree 0 matches after bounding box filtering
Debug   : OCCRTree found 1 matches at (-22.1154,71.6152,-18.7692) in tree of size 1705
Debug   : OCCRtree 0 matches after bounding box filtering
Debug   : OCCRTree found 1 matches at (-22.1154,71.6152,-18.7692) in tree of size 1705
Debug   : OCCRtree 0 matches after bounding box filtering
Debug   : OCCRTree found 1 matches at (-22.1154,61.3845,-18.7692) in tree of size 1705
Debug   : OCCRtree 0 matches after bounding box filtering
Debug   : OCCRTree found 1 matches at (-22.1154,61.3845,-18.7692) in tree of size 1705
Debug   : OCCRtree 0 matches after bounding box filtering
Debug   : OCCRTree found 1 matches at (-22.1154,61.3845,-18.7692) in tree of size 1705
Debug   : OCCRtree 0 matches after bounding box filtering
Debug   : OCCRTree found 1 matches at (-22.1154,51.1537,-18.7692) in tree of size 1705
Debug   : OCCRtree 0 matches after bounding box filtering
Debug   : OCCRTree found 1 matches at (-22.1154,51.1537,-18.7692) in tree of size 1705
Debug   : OCCRtree 0 matches after bounding box filtering
Debug   : OCCRTree found 1 matches at (-22.1154,51.1537,-18.7692) in tree of size 1705
Debug   : OCCRtree 0 matches after bounding box filtering
Debug   : OCCRTree found 1 matches at (-22.1154,40.923,-18.7692) in tree of size 1705
Debug   : OCCRtree 0 matches after bounding box filtering
Debug   : OCCRTree found 1 matches at (-22.1154,40.923,-18.7692) in tree of size 1705
Debug   : OCCRtree 0 matches after bounding box filtering
Debug   : OCCRTree found 1 matches at (-22.1154,40.923,-18.7692) in tree of size 1705
Debug   : OCCRtree 0 matches after bounding box filtering
Debug   : OCCRTree found 1 matches at (-22.1154,30.6922,-18.7692) in tree of size 1705
Debug   : OCCRtree 0 matches after bounding box filtering
Debug   : OCCRTree found 1 matches at (-22.1154,30.6922,-18.7692) in tree of size 1705
Debug   : OCCRtree 0 matches after bounding box filtering
Debug   : OCCRTree found 1 matches at (-22.1154,30.6922,-18.7692) in tree of size 1705
Debug   : OCCRtree 0 matches after bounding box filtering
Debug   : OCCRTree found 1 matches at (-22.1154,20.4615,-18.7692) in tree of size 1705
Debug   : OCCRtree 0 matches after bounding box filtering
Debug   : OCCRTree found 1 matches at (-22.1154,20.4615,-18.7692) in tree of size 1705
Debug   : OCCRtree 0 matches after bounding box filtering
Debug   : OCCRTree found 1 matches at (-22.1154,20.4615,-18.7692) in tree of size 1705
Debug   : OCCRtree 0 matches after bounding box filtering
Debug   : OCCRTree found 1 matches at (-22.1154,10.2307,-18.7692) in tree of size 1705
Debug   : OCCRtree 0 matches after bounding box filtering
Debug   : OCCRTree found 1 matches at (-22.1154,10.2307,-18.7692) in tree of size 1705
Debug   : OCCRtree 0 matches after bounding box filtering
Debug   : OCCRTree found 1 matches at (-22.1154,10.2307,-18.7692) in tree of size 1705
Debug   : OCCRtree 0 matches after bounding box filtering
Debug   : OCCRTree found 1 matches at (-22.1154,0,-18.7692) in tree of size 1705
Debug   : OCCRtree 0 matches after bounding box filtering
Debug   : OCCRTree found 1 matches at (-22.1154,0,-18.7692) in tree of size 1705
Debug   : OCCRtree 0 matches after bounding box filtering
Debug   : OCCRTree found 1 matches at (-22.1154,0,-18.7692) in tree of size 1705
Debug   : OCCRtree 0 matches after bounding box filtering
Debug   : OCCRTree found 1 matches at (-22.1154,-10.2307,-18.7692) in tree of size 1705
Debug   : OCCRtree 0 matches after bounding box filtering
Debug   : OCCRTree found 1 matches at (-22.1154,-10.2307,-18.7692) in tree of size 1705
Debug   : OCCRtree 0 matches after bounding box filtering
Debug   : OCCRTree found 1 matches at (-22.1154,-10.2307,-18.7692) in tree of size 1705
Debug   : OCCRtree 0 matches after bounding box filtering
Debug   : OCCRTree found 1 matches at (-22.1154,-20.4615,-18.7692) in tree of size 1705
Debug   : OCCRtree 0 matches after bounding box filtering
Debug   : OCCRTree found 1 matches at (-22.1154,-20.4615,-18.7692) in tree of size 1705
Debug   : OCCRtree 0 matches after bounding box filtering
Debug   : OCCRTree found 1 matches at (-22.1154,-20.4615,-18.7692) in tree of size 1705
Debug   : OCCRtree 0 matches after bounding box filtering
Debug   : OCCRTree found 1 matches at (-22.1154,-30.6922,-18.7692) in tree of size 1705
Debug   : OCCRtree 0 matches after bounding box filtering
Debug   : OCCRTree found 1 matches at (-22.1154,-30.6922,-18.7692) in tree of size 1705
Debug   : OCCRtree 0 matches after bounding box filtering
Debug   : OCCRTree found 1 matches at (-22.1154,-30.6922,-18.7692) in tree of size 1705
Debug   : OCCRtree 0 matches after bounding box filtering
Debug   : OCCRTree found 1 matches at (-22.1154,-40.923,-18.7692) in tree of size 1705
Debug   : OCCRtree 0 matches after bounding box filtering
Debug   : OCCRTree found 1 matches at (-22.1154,-40.923,-18.7692) in tree of size 1705
Debug   : OCCRtree 0 matches after bounding box filtering
Debug   : OCCRTree found 1 matches at (-22.1154,-40.923,-18.7692) in tree of size 1705
Debug   : OCCRtree 0 matches after bounding box filtering
Debug   : OCCRTree found 1 matches at (-22.1154,-51.1537,-18.7692) in tree of size 1705
Debug   : OCCRtree 0 matches after bounding box filtering
Debug   : OCCRTree found 1 matches at (-22.1154,-51.1537,-18.7692) in tree of size 1705
Debug   : OCCRtree 0 matches after bounding box filtering
Debug   : OCCRTree found 1 matches at (-22.1154,-51.1537,-18.7692) in tree of size 1705
Debug   : OCCRtree 0 matches after bounding box filtering
Debug   : OCCRTree found 1 matches at (-22.1154,-61.3845,-18.7692) in tree of size 1705
Debug   : OCCRtree 0 matches after bounding box filtering
Debug   : OCCRTree found 1 matches at (-22.1154,-61.3845,-18.7692) in tree of size 1705
Debug   : OCCRtree 0 matches after bounding box filtering
Debug   : OCCRTree found 1 matches at (-22.1154,-61.3845,-18.7692) in tree of size 1705
Debug   : OCCRtree 0 matches after bounding box filtering
Debug   : OCCRTree found 1 matches at (-22.1154,-71.6152,-18.7692) in tree of size 1705
Debug   : OCCRtree 0 matches after bounding box filtering
Debug   : OCCRTree found 1 matches at (-22.1154,-71.6152,-18.7692) in tree of size 1705
Debug   : OCCRtree 0 matches after bounding box filtering
Debug   : OCCRTree found 1 matches at (-22.1154,-71.6152,-18.7692) in tree of size 1705
Debug   : OCCRtree 0 matches after bounding box filtering
Debug   : OCCRTree found 1 matches at (-22.1154,-81.846,-18.7692) in tree of size 1705
Debug   : OCCRtree 0 matches after bounding box filtering
Debug   : OCCRTree found 1 matches at (-22.1154,-81.846,-18.7692) in tree of size 1705
Debug   : OCCRtree 0 matches after bounding box filtering
Debug   : OCCRTree found 1 matches at (-22.1154,-81.846,-18.7692) in tree of size 1705
Debug   : OCCRtree 0 matches after bounding box filtering
Debug   : OCCRTree found 1 matches at (-22.1154,-92.0767,-18.7692) in tree of size 1705
Debug   : OCCRtree 0 matches after bounding box filtering
Debug   : OCCRTree found 1 matches at (-22.1154,-92.0767,-18.7692) in tree of size 1705
Debug   : OCCRtree 0 matches after bounding box filtering
Debug   : OCCRTree found 1 matches at (-22.1154,-92.0767,-18.7692) in tree of size 1705
Debug   : OCCRtree 0 matches after bounding box filtering
Debug   : OCCRTree found 1 matches at (-20.2671,-100.56,-18.7692) in tree of size 1705
Debug   : OCCRtree 0 matches after bounding box filtering
Debug   : OCCRTree found 1 matches at (-20.2671,-100.56,-18.7692) in tree of size 1705
Debug   : OCCRtree 0 matches after bounding box filtering
Debug   : OCCRTree found 1 matches at (-20.2671,-100.56,-18.7692) in tree of size 1705
Debug   : OCCRtree 0 matches after bounding box filtering
Debug   : OCCRTree found 1 matches at (-10.2139,-102.376,-18.7692) in tree of size 1705
Debug   : OCCRtree 0 matches after bounding box filtering
Debug   : OCCRTree found 1 matches at (-10.2139,-102.376,-18.7692) in tree of size 1705
Debug   : OCCRtree 0 matches after bounding box filtering
Debug   : OCCRTree found 1 matches at (-10.2139,-102.376,-18.7692) in tree of size 1705
Debug   : OCCRtree 0 matches after bounding box filtering
Debug   : OCCRTree found 1 matches at (0,-102.885,-18.7692) in tree of size 1705
Debug   : OCCRtree 0 matches after bounding box filtering
Debug   : OCCRTree found 1 matches at (0,-102.885,-18.7692) in tree of size 1705
Debug   : OCCRtree 0 matches after bounding box filtering
Debug   : OCCRTree found 1 matches at (0,-102.885,-18.7692) in tree of size 1705
Debug   : OCCRtree 0 matches after bounding box filtering
Debug   : OCCRTree found 1 matches at (10.2139,-102.376,-18.7692) in tree of size 1705
Debug   : OCCRtree 0 matches after bounding box filtering
Debug   : OCCRTree found 1 matches at (10.2139,-102.376,-18.7692) in tree of size 1705
Debug   : OCCRtree 0 matches after bounding box filtering
Debug   : OCCRTree found 1 matches at (10.2139,-102.376,-18.7692) in tree of size 1705
Debug   : OCCRtree 0 matches after bounding box filtering
Debug   : OCCRTree found 1 matches at (20.2671,-100.56,-18.7692) in tree of size 1705
Debug   : OCCRtree 0 matches after bounding box filtering
Debug   : OCCRTree found 1 matches at (20.2671,-100.56,-18.7692) in tree of size 1705
Debug   : OCCRtree 0 matches after bounding box filtering
Debug   : OCCRTree found 1 matches at (20.2671,-100.56,-18.7692) in tree of size 1705
Debug   : OCCRtree 0 matches after bounding box filtering
Debug   : OCCRTree found 1 matches at (22.1154,-92.0767,-18.7692) in tree of size 1705
Debug   : OCCRtree 0 matches after bounding box filtering
Debug   : OCCRTree found 1 matches at (22.1154,-92.0767,-18.7692) in tree of size 1705
Debug   : OCCRtree 0 matches after bounding box filtering
Debug   : OCCRTree found 1 matches at (22.1154,-92.0767,-18.7692) in tree of size 1705
Debug   : OCCRtree 0 matches after bounding box filtering
Debug   : OCCRTree found 1 matches at (22.1154,-81.846,-18.7692) in tree of size 1705
Debug   : OCCRtree 0 matches after bounding box filtering
Debug   : OCCRTree found 1 matches at (22.1154,-81.846,-18.7692) in tree of size 1705
Debug   : OCCRtree 0 matches after bounding box filtering
Debug   : OCCRTree found 1 matches at (22.1154,-81.846,-18.7692) in tree of size 1705
Debug   : OCCRtree 0 matches after bounding box filtering
Debug   : OCCRTree found 1 matches at (22.1154,-71.6152,-18.7692) in tree of size 1705
Debug   : OCCRtree 0 matches after bounding box filtering
Debug   : OCCRTree found 1 matches at (22.1154,-71.6152,-18.7692) in tree of size 1705
Debug   : OCCRtree 0 matches after bounding box filtering
Debug   : OCCRTree found 1 matches at (22.1154,-71.6152,-18.7692) in tree of size 1705
Debug   : OCCRtree 0 matches after bounding box filtering
Debug   : OCCRTree found 1 matches at (22.1154,-61.3845,-18.7692) in tree of size 1705
Debug   : OCCRtree 0 matches after bounding box filtering
Debug   : OCCRTree found 1 matches at (22.1154,-61.3845,-18.7692) in tree of size 1705
Debug   : OCCRtree 0 matches after bounding box filtering
Debug   : OCCRTree found 1 matches at (22.1154,-61.3845,-18.7692) in tree of size 1705
Debug   : OCCRtree 0 matches after bounding box filtering
Debug   : OCCRTree found 1 matches at (22.1154,-51.1537,-18.7692) in tree of size 1705
Debug   : OCCRtree 0 matches after bounding box filtering
Debug   : OCCRTree found 1 matches at (22.1154,-51.1537,-18.7692) in tree of size 1705
Debug   : OCCRtree 0 matches after bounding box filtering
Debug   : OCCRTree found 1 matches at (22.1154,-51.1537,-18.7692) in tree of size 1705
Debug   : OCCRtree 0 matches after bounding box filtering
Debug   : OCCRTree found 1 matches at (22.1154,-40.923,-18.7692) in tree of size 1705
Debug   : OCCRtree 0 matches after bounding box filtering
Debug   : OCCRTree found 1 matches at (22.1154,-40.923,-18.7692) in tree of size 1705
Debug   : OCCRtree 0 matches after bounding box filtering
Debug   : OCCRTree found 1 matches at (22.1154,-40.923,-18.7692) in tree of size 1705
Debug   : OCCRtree 0 matches after bounding box filtering
Debug   : OCCRTree found 1 matches at (22.1154,-30.6922,-18.7692) in tree of size 1705
Debug   : OCCRtree 0 matches after bounding box filtering
Debug   : OCCRTree found 1 matches at (22.1154,-30.6922,-18.7692) in tree of size 1705
Debug   : OCCRtree 0 matches after bounding box filtering
Debug   : OCCRTree found 1 matches at (22.1154,-30.6922,-18.7692) in tree of size 1705
Debug   : OCCRtree 0 matches after bounding box filtering
Debug   : OCCRTree found 1 matches at (22.1154,-20.4615,-18.7692) in tree of size 1705
Debug   : OCCRtree 0 matches after bounding box filtering
Debug   : OCCRTree found 1 matches at (22.1154,-20.4615,-18.7692) in tree of size 1705
Debug   : OCCRtree 0 matches after bounding box filtering
Debug   : OCCRTree found 1 matches at (22.1154,-20.4615,-18.7692) in tree of size 1705
Debug   : OCCRtree 0 matches after bounding box filtering
Debug   : OCCRTree found 1 matches at (22.1154,-10.2307,-18.7692) in tree of size 1705
Debug   : OCCRtree 0 matches after bounding box filtering
Debug   : OCCRTree found 1 matches at (22.1154,-10.2307,-18.7692) in tree of size 1705
Debug   : OCCRtree 0 matches after bounding box filtering
Debug   : OCCRTree found 1 matches at (22.1154,-10.2307,-18.7692) in tree of size 1705
Debug   : OCCRtree 0 matches after bounding box filtering
Debug   : OCCRTree found 1 matches at (15,0,0) in tree of size 1705
Debug   : OCCRtree 0 matches after bounding box filtering
Debug   : OCCRTree found 1 matches at (15,0,0) in tree of size 1705
Debug   : OCCRtree 0 matches after bounding box filtering
Debug   : OCCRTree found 1 matches at (15,0,0) in tree of size 1705
Debug   : OCCRtree 0 matches after bounding box filtering
Debug   : OCCRTree found 2 matches at (15,10.3349,0) in tree of size 1705
Debug   : OCCRtree 0 matches after bounding box filtering
Debug   : OCCRTree found 2 matches at (15,10.3349,0) in tree of size 1705
Debug   : OCCRtree 0 matches after bounding box filtering
Debug   : OCCRTree found 2 matches at (15,10.3349,0) in tree of size 1705
Debug   : OCCRtree 0 matches after bounding box filtering
Debug   : OCCRTree found 1 matches at (15,20.6699,0) in tree of size 1705
Debug   : OCCRtree 0 matches after bounding box filtering
Debug   : OCCRTree found 1 matches at (15,20.6699,0) in tree of size 1705
Debug   : OCCRtree 0 matches after bounding box filtering
Debug   : OCCRTree found 1 matches at (15,20.6699,0) in tree of size 1705
Debug   : OCCRtree 0 matches after bounding box filtering
Debug   : OCCRTree found 1 matches at (15,31.0048,0) in tree of size 1705
Debug   : OCCRtree 0 matches after bounding box filtering
Debug   : OCCRTree found 1 matches at (15,31.0048,0) in tree of size 1705
Debug   : OCCRtree 0 matches after bounding box filtering
Debug   : OCCRTree found 1 matches at (15,31.0048,0) in tree of size 1705
Debug   : OCCRtree 0 matches after bounding box filtering
Debug   : OCCRTree found 1 matches at (15,41.3398,0) in tree of size 1705
Debug   : OCCRtree 0 matches after bounding box filtering
Debug   : OCCRTree found 1 matches at (15,41.3398,0) in tree of size 1705
Debug   : OCCRtree 0 matches after bounding box filtering
Debug   : OCCRTree found 1 matches at (15,41.3398,0) in tree of size 1705
Debug   : OCCRtree 0 matches after bounding box filtering
Debug   : OCCRTree found 1 matches at (15,51.6747,0) in tree of size 1705
Debug   : OCCRtree 0 matches after bounding box filtering
Debug   : OCCRTree found 1 matches at (15,51.6747,0) in tree of size 1705
Debug   : OCCRtree 0 matches after bounding box filtering
Debug   : OCCRTree found 1 matches at (15,51.6747,0) in tree of size 1705
Debug   : OCCRtree 0 matches after bounding box filtering
Debug   : OCCRTree found 1 matches at (15,62.0097,0) in tree of size 1705
Debug   : OCCRtree 0 matches after bounding box filtering
Debug   : OCCRTree found 1 matches at (15,62.0097,0) in tree of size 1705
Debug   : OCCRtree 0 matches after bounding box filtering
Debug   : OCCRTree found 1 matches at (15,62.0097,0) in tree of size 1705
Debug   : OCCRtree 0 matches after bounding box filtering
Debug   : OCCRTree found 1 matches at (15,72.3446,0) in tree of size 1705
Debug   : OCCRtree 0 matches after bounding box filtering
Debug   : OCCRTree found 1 matches at (15,72.3446,0) in tree of size 1705
Debug   : OCCRtree 0 matches after bounding box filtering
Debug   : OCCRTree found 1 matches at (15,72.3446,0) in tree of size 1705
Debug   : OCCRtree 0 matches after bounding box filtering
Debug   : OCCRTree found 1 matches at (15,82.6796,0) in tree of size 1705
Debug   : OCCRtree 0 matches after bounding box filtering
Debug   : OCCRTree found 1 matches at (15,82.6796,0) in tree of size 1705
Debug   : OCCRtree 0 matches after bounding box filtering
Debug   : OCCRTree found 1 matches at (15,82.6796,0) in tree of size 1705
Debug   : OCCRtree 0 matches after bounding box filtering
Debug   : OCCRTree found 1 matches at (15,93.0145,0) in tree of size 1705
Debug   : OCCRtree 0 matches after bounding box filtering
Debug   : OCCRTree found 1 matches at (15,93.0145,0) in tree of size 1705
Debug   : OCCRtree 0 matches after bounding box filtering
Debug   : OCCRTree found 1 matches at (15,93.0145,0) in tree of size 1705
Debug   : OCCRtree 0 matches after bounding box filtering
Debug   : OCCRTree found 1 matches at (15,103.349,0) in tree of size 1705
Debug   : OCCRtree 0 matches after bounding box filtering
Debug   : OCCRTree found 1 matches at (15,103.349,0) in tree of size 1705
Debug   : OCCRtree 0 matches after bounding box filtering
Debug   : OCCRTree found 1 matches at (15,103.349,0) in tree of size 1705
Debug   : OCCRtree 0 matches after bounding box filtering
Debug   : OCCRTree found 1 matches at (10.3197,109.515,0) in tree of size 1705
Debug   : OCCRtree 0 matches after bounding box filtering
Debug   : OCCRTree found 1 matches at (10.3197,109.515,0) in tree of size 1705
Debug   : OCCRtree 0 matches after bounding box filtering
Debug   : OCCRTree found 1 matches at (10.3197,109.515,0) in tree of size 1705
Debug   : OCCRtree 0 matches after bounding box filtering
Debug   : OCCRTree found 1 matches at (0,110,0) in tree of size 1705
Debug   : OCCRtree 0 matches after bounding box filtering
Debug   : OCCRTree found 1 matches at (0,110,0) in tree of size 1705
Debug   : OCCRtree 0 matches after bounding box filtering
Debug   : OCCRTree found 1 matches at (0,110,0) in tree of size 1705
Debug   : OCCRtree 0 matches after bounding box filtering
Debug   : OCCRTree found 1 matches at (-10.3197,109.515,0) in tree of size 1705
Debug   : OCCRtree 0 matches after bounding box filtering
Debug   : OCCRTree found 1 matches at (-10.3197,109.515,0) in tree of size 1705
Debug   : OCCRtree 0 matches after bounding box filtering
Debug   : OCCRTree found 1 matches at (-10.3197,109.515,0) in tree of size 1705
Debug   : OCCRtree 0 matches after bounding box filtering
Debug   : OCCRTree found 1 matches at (-15,103.349,0) in tree of size 1705
Debug   : OCCRtree 0 matches after bounding box filtering
Debug   : OCCRTree found 1 matches at (-15,103.349,0) in tree of size 1705
Debug   : OCCRtree 0 matches after bounding box filtering
Debug   : OCCRTree found 1 matches at (-15,103.349,0) in tree of size 1705
Debug   : OCCRtree 0 matches after bounding box filtering
Debug   : OCCRTree found 1 matches at (-15,93.0145,0) in tree of size 1705
Debug   : OCCRtree 0 matches after bounding box filtering
Debug   : OCCRTree found 1 matches at (-15,93.0145,0) in tree of size 1705
Debug   : OCCRtree 0 matches after bounding box filtering
Debug   : OCCRTree found 1 matches at (-15,93.0145,0) in tree of size 1705
Debug   : OCCRtree 0 matches after bounding box filtering
Debug   : OCCRTree found 1 matches at (-15,82.6796,0) in tree of size 1705
Debug   : OCCRtree 0 matches after bounding box filtering
Debug   : OCCRTree found 1 matches at (-15,82.6796,0) in tree of size 1705
Debug   : OCCRtree 0 matches after bounding box filtering
Debug   : OCCRTree found 1 matches at (-15,82.6796,0) in tree of size 1705
Debug   : OCCRtree 0 matches after bounding box filtering
Debug   : OCCRTree found 1 matches at (-15,72.3446,0) in tree of size 1705
Debug   : OCCRtree 0 matches after bounding box filtering
Debug   : OCCRTree found 1 matches at (-15,72.3446,0) in tree of size 1705
Debug   : OCCRtree 0 matches after bounding box filtering
Debug   : OCCRTree found 1 matches at (-15,72.3446,0) in tree of size 1705
Debug   : OCCRtree 0 matches after bounding box filtering
Debug   : OCCRTree found 1 matches at (-15,62.0097,0) in tree of size 1705
Debug   : OCCRtree 0 matches after bounding box filtering
Debug   : OCCRTree found 1 matches at (-15,62.0097,0) in tree of size 1705
Debug   : OCCRtree 0 matches after bounding box filtering
Debug   : OCCRTree found 1 matches at (-15,62.0097,0) in tree of size 1705
Debug   : OCCRtree 0 matches after bounding box filtering
Debug   : OCCRTree found 1 matches at (-15,51.6747,0) in tree of size 1705
Debug   : OCCRtree 0 matches after bounding box filtering
Debug   : OCCRTree found 1 matches at (-15,51.6747,0) in tree of size 1705
Debug   : OCCRtree 0 matches after bounding box filtering
Debug   : OCCRTree found 1 matches at (-15,51.6747,0) in tree of size 1705
Debug   : OCCRtree 0 matches after bounding box filtering
Debug   : OCCRTree found 1 matches at (-15,41.3398,0) in tree of size 1705
Debug   : OCCRtree 0 matches after bounding box filtering
Debug   : OCCRTree found 1 matches at (-15,41.3398,0) in tree of size 1705
Debug   : OCCRtree 0 matches after bounding box filtering
Debug   : OCCRTree found 1 matches at (-15,41.3398,0) in tree of size 1705
Debug   : OCCRtree 0 matches after bounding box filtering
Debug   : OCCRTree found 1 matches at (-15,31.0048,0) in tree of size 1705
Debug   : OCCRtree 0 matches after bounding box filtering
Debug   : OCCRTree found 1 matches at (-15,31.0048,0) in tree of size 1705
Debug   : OCCRtree 0 matches after bounding box filtering
Debug   : OCCRTree found 1 matches at (-15,31.0048,0) in tree of size 1705
Debug   : OCCRtree 0 matches after bounding box filtering
Debug   : OCCRTree found 1 matches at (-15,20.6699,0) in tree of size 1705
Debug   : OCCRtree 0 matches after bounding box filtering
Debug   : OCCRTree found 1 matches at (-15,20.6699,0) in tree of size 1705
Debug   : OCCRtree 0 matches after bounding box filtering
Debug   : OCCRTree found 1 matches at (-15,20.6699,0) in tree of size 1705
Debug   : OCCRtree 0 matches after bounding box filtering
Debug   : OCCRTree found 1 matches at (-15,10.3349,0) in tree of size 1705
Debug   : OCCRtree 0 matches after bounding box filtering
Debug   : OCCRTree found 1 matches at (-15,10.3349,0) in tree of size 1705
Debug   : OCCRtree 0 matches after bounding box filtering
Debug   : OCCRTree found 1 matches at (-15,10.3349,0) in tree of size 1705
Debug   : OCCRtree 0 matches after bounding box filtering
Debug   : OCCRTree found 1 matches at (-15,0,0) in tree of size 1705
Debug   : OCCRtree 0 matches after bounding box filtering
Debug   : OCCRTree found 1 matches at (-15,0,0) in tree of size 1705
Debug   : OCCRtree 0 matches after bounding box filtering
Debug   : OCCRTree found 1 matches at (-15,0,0) in tree of size 1705
Debug   : OCCRtree 0 matches after bounding box filtering
Debug   : OCCRTree found 1 matches at (-15,-10.3349,0) in tree of size 1705
Debug   : OCCRtree 0 matches after bounding box filtering
Debug   : OCCRTree found 1 matches at (-15,-10.3349,0) in tree of size 1705
Debug   : OCCRtree 0 matches after bounding box filtering
Debug   : OCCRTree found 1 matches at (-15,-10.3349,0) in tree of size 1705
Debug   : OCCRtree 0 matches after bounding box filtering
Debug   : OCCRTree found 1 matches at (-15,-20.6699,0) in tree of size 1705
Debug   : OCCRtree 0 matches after bounding box filtering
Debug   : OCCRTree found 1 matches at (-15,-20.6699,0) in tree of size 1705
Debug   : OCCRtree 0 matches after bounding box filtering
Debug   : OCCRTree found 1 matches at (-15,-20.6699,0) in tree of size 1705
Debug   : OCCRtree 0 matches after bounding box filtering
Debug   : OCCRTree found 1 matches at (-15,-31.0048,0) in tree of size 1705
Debug   : OCCRtree 0 matches after bounding box filtering
Debug   : OCCRTree found 1 matches at (-15,-31.0048,0) in tree of size 1705
Debug   : OCCRtree 0 matches after bounding box filtering
Debug   : OCCRTree found 1 matches at (-15,-31.0048,0) in tree of size 1705
Debug   : OCCRtree 0 matches after bounding box filtering
Debug   : OCCRTree found 1 matches at (-15,-41.3398,0) in tree of size 1705
Debug   : OCCRtree 0 matches after bounding box filtering
Debug   : OCCRTree found 1 matches at (-15,-41.3398,0) in tree of size 1705
Debug   : OCCRtree 0 matches after bounding box filtering
Debug   : OCCRTree found 1 matches at (-15,-41.3398,0) in tree of size 1705
Debug   : OCCRtree 0 matches after bounding box filtering
Debug   : OCCRTree found 1 matches at (-15,-51.6747,0) in tree of size 1705
Debug   : OCCRtree 0 matches after bounding box filtering
Debug   : OCCRTree found 1 matches at (-15,-51.6747,0) in tree of size 1705
Debug   : OCCRtree 0 matches after bounding box filtering
Debug   : OCCRTree found 1 matches at (-15,-51.6747,0) in tree of size 1705
Debug   : OCCRtree 0 matches after bounding box filtering
Debug   : OCCRTree found 1 matches at (-15,-62.0097,0) in tree of size 1705
Debug   : OCCRtree 0 matches after bounding box filtering
Debug   : OCCRTree found 1 matches at (-15,-62.0097,0) in tree of size 1705
Debug   : OCCRtree 0 matches after bounding box filtering
Debug   : OCCRTree found 1 matches at (-15,-62.0097,0) in tree of size 1705
Debug   : OCCRtree 0 matches after bounding box filtering
Debug   : OCCRTree found 1 matches at (-15,-72.3446,0) in tree of size 1705
Debug   : OCCRtree 0 matches after bounding box filtering
Debug   : OCCRTree found 1 matches at (-15,-72.3446,0) in tree of size 1705
Debug   : OCCRtree 0 matches after bounding box filtering
Debug   : OCCRTree found 1 matches at (-15,-72.3446,0) in tree of size 1705
Debug   : OCCRtree 0 matches after bounding box filtering
Debug   : OCCRTree found 1 matches at (-15,-82.6796,0) in tree of size 1705
Debug   : OCCRtree 0 matches after bounding box filtering
Debug   : OCCRTree found 1 matches at (-15,-82.6796,0) in tree of size 1705
Debug   : OCCRtree 0 matches after bounding box filtering
Debug   : OCCRTree found 1 matches at (-15,-82.6796,0) in tree of size 1705
Debug   : OCCRtree 0 matches after bounding box filtering
Debug   : OCCRTree found 1 matches at (-15,-93.0145,0) in tree of size 1705
Debug   : OCCRtree 0 matches after bounding box filtering
Debug   : OCCRTree found 1 matches at (-15,-93.0145,0) in tree of size 1705
Debug   : OCCRtree 0 matches after bounding box filtering
Debug   : OCCRTree found 1 matches at (-15,-93.0145,0) in tree of size 1705
Debug   : OCCRtree 0 matches after bounding box filtering
Debug   : OCCRTree found 1 matches at (-15,-103.349,0) in tree of size 1705
Debug   : OCCRtree 0 matches after bounding box filtering
Debug   : OCCRTree found 1 matches at (-15,-103.349,0) in tree of size 1705
Debug   : OCCRtree 0 matches after bounding box filtering
Debug   : OCCRTree found 1 matches at (-15,-103.349,0) in tree of size 1705
Debug   : OCCRtree 0 matches after bounding box filtering
Debug   : OCCRTree found 1 matches at (-10.3197,-109.515,0) in tree of size 1705
Debug   : OCCRtree 0 matches after bounding box filtering
Debug   : OCCRTree found 1 matches at (-10.3197,-109.515,0) in tree of size 1705
Debug   : OCCRtree 0 matches after bounding box filtering
Debug   : OCCRTree found 1 matches at (-10.3197,-109.515,0) in tree of size 1705
Debug   : OCCRtree 0 matches after bounding box filtering
Debug   : OCCRTree found 1 matches at (0,-110,0) in tree of size 1705
Debug   : OCCRtree 0 matches after bounding box filtering
Debug   : OCCRTree found 1 matches at (0,-110,0) in tree of size 1705
Debug   : OCCRtree 0 matches after bounding box filtering
Debug   : OCCRTree found 1 matches at (0,-110,0) in tree of size 1705
Debug   : OCCRtree 0 matches after bounding box filtering
Debug   : OCCRTree found 1 matches at (10.3197,-109.515,0) in tree of size 1705
Debug   : OCCRtree 0 matches after bounding box filtering
Debug   : OCCRTree found 1 matches at (10.3197,-109.515,0) in tree of size 1705
Debug   : OCCRtree 0 matches after bounding box filtering
Debug   : OCCRTree found 1 matches at (10.3197,-109.515,0) in tree of size 1705
Debug   : OCCRtree 0 matches after bounding box filtering
Debug   : OCCRTree found 1 matches at (15,-103.349,0) in tree of size 1705
Debug   : OCCRtree 0 matches after bounding box filtering
Debug   : OCCRTree found 1 matches at (15,-103.349,0) in tree of size 1705
Debug   : OCCRtree 0 matches after bounding box filtering
Debug   : OCCRTree found 1 matches at (15,-103.349,0) in tree of size 1705
Debug   : OCCRtree 0 matches after bounding box filtering
Debug   : OCCRTree found 1 matches at (15,-93.0145,0) in tree of size 1705
Debug   : OCCRtree 0 matches after bounding box filtering
Debug   : OCCRTree found 1 matches at (15,-93.0145,0) in tree of size 1705
Debug   : OCCRtree 0 matches after bounding box filtering
Debug   : OCCRTree found 1 matches at (15,-93.0145,0) in tree of size 1705
Debug   : OCCRtree 0 matches after bounding box filtering
Debug   : OCCRTree found 1 matches at (15,-82.6796,0) in tree of size 1705
Debug   : OCCRtree 0 matches after bounding box filtering
Debug   : OCCRTree found 1 matches at (15,-82.6796,0) in tree of size 1705
Debug   : OCCRtree 0 matches after bounding box filtering
Debug   : OCCRTree found 1 matches at (15,-82.6796,0) in tree of size 1705
Debug   : OCCRtree 0 matches after bounding box filtering
Debug   : OCCRTree found 1 matches at (15,-72.3446,0) in tree of size 1705
Debug   : OCCRtree 0 matches after bounding box filtering
Debug   : OCCRTree found 1 matches at (15,-72.3446,0) in tree of size 1705
Debug   : OCCRtree 0 matches after bounding box filtering
Debug   : OCCRTree found 1 matches at (15,-72.3446,0) in tree of size 1705
Debug   : OCCRtree 0 matches after bounding box filtering
Debug   : OCCRTree found 1 matches at (15,-62.0097,0) in tree of size 1705
Debug   : OCCRtree 0 matches after bounding box filtering
Debug   : OCCRTree found 1 matches at (15,-62.0097,0) in tree of size 1705
Debug   : OCCRtree 0 matches after bounding box filtering
Debug   : OCCRTree found 1 matches at (15,-62.0097,0) in tree of size 1705
Debug   : OCCRtree 0 matches after bounding box filtering
Debug   : OCCRTree found 1 matches at (15,-51.6747,0) in tree of size 1705
Debug   : OCCRtree 0 matches after bounding box filtering
Debug   : OCCRTree found 1 matches at (15,-51.6747,0) in tree of size 1705
Debug   : OCCRtree 0 matches after bounding box filtering
Debug   : OCCRTree found 1 matches at (15,-51.6747,0) in tree of size 1705
Debug   : OCCRtree 0 matches after bounding box filtering
Debug   : OCCRTree found 1 matches at (15,-41.3398,0) in tree of size 1705
Debug   : OCCRtree 0 matches after bounding box filtering
Debug   : OCCRTree found 1 matches at (15,-41.3398,0) in tree of size 1705
Debug   : OCCRtree 0 matches after bounding box filtering
Debug   : OCCRTree found 1 matches at (15,-41.3398,0) in tree of size 1705
Debug   : OCCRtree 0 matches after bounding box filtering
Debug   : OCCRTree found 1 matches at (15,-31.0048,0) in tree of size 1705
Debug   : OCCRtree 0 matches after bounding box filtering
Debug   : OCCRTree found 1 matches at (15,-31.0048,0) in tree of size 1705
Debug   : OCCRtree 0 matches after bounding box filtering
Debug   : OCCRTree found 1 matches at (15,-31.0048,0) in tree of size 1705
Debug   : OCCRtree 0 matches after bounding box filtering
Debug   : OCCRTree found 1 matches at (15,-20.6699,0) in tree of size 1705
Debug   : OCCRtree 0 matches after bounding box filtering
Debug   : OCCRTree found 1 matches at (15,-20.6699,0) in tree of size 1705
Debug   : OCCRtree 0 matches after bounding box filtering
Debug   : OCCRTree found 1 matches at (15,-20.6699,0) in tree of size 1705
Debug   : OCCRtree 0 matches after bounding box filtering
Debug   : OCCRTree found 1 matches at (15,-10.3349,0) in tree of size 1705
Debug   : OCCRtree 0 matches after bounding box filtering
Debug   : OCCRTree found 1 matches at (15,-10.3349,0) in tree of size 1705
Debug   : OCCRtree 0 matches after bounding box filtering
Debug   : OCCRTree found 1 matches at (15,-10.3349,0) in tree of size 1705
Debug   : OCCRtree 0 matches after bounding box filtering
Debug   : OCCRTree found 1 matches at (44.9997,0,-125.023) in tree of size 1705
Debug   : OCCRtree 0 matches after bounding box filtering
Debug   : OCCRTree found 1 matches at (44.9997,0,-125.023) in tree of size 1705
Debug   : OCCRtree 0 matches after bounding box filtering
Debug   : OCCRTree found 1 matches at (44.9997,0,-125.023) in tree of size 1705
Debug   : OCCRtree 0 matches after bounding box filtering
Debug   : OCCRTree found 1 matches at (44.6805,5.8823,-125.023) in tree of size 1705
Debug   : OCCRtree 0 matches after bounding box filtering
Debug   : OCCRTree found 1 matches at (44.6805,5.8823,-125.023) in tree of size 1705
Debug   : OCCRtree 0 matches after bounding box filtering
Debug   : OCCRTree found 1 matches at (44.6805,5.8823,-125.023) in tree of size 1705
Debug   : OCCRtree 0 matches after bounding box filtering
Debug   : OCCRTree found 1 matches at (43.5673,11.6738,-125.023) in tree of size 1705
Debug   : OCCRtree 0 matches after bounding box filtering
Debug   : OCCRTree found 1 matches at (43.5673,11.6738,-125.023) in tree of size 1705
Debug   : OCCRtree 0 matches after bounding box filtering
Debug   : OCCRTree found 1 matches at (43.5673,11.6738,-125.023) in tree of size 1705
Debug   : OCCRtree 0 matches after bounding box filtering
Debug   : OCCRTree found 1 matches at (41.6708,17.2606,-125.023) in tree of size 1705
Debug   : OCCRtree 0 matches after bounding box filtering
Debug   : OCCRTree found 1 matches at (41.6708,17.2606,-125.023) in tree of size 1705
Debug   : OCCRtree 0 matches after bounding box filtering
Debug   : OCCRTree found 1 matches at (41.6708,17.2606,-125.023) in tree of size 1705
Debug   : OCCRtree 0 matches after bounding box filtering
Debug   : OCCRTree found 1 matches at (39.0614,22.5521,-125.023) in tree of size 1705
Debug   : OCCRtree 0 matches after bounding box filtering
Debug   : OCCRTree found 1 matches at (39.0614,22.5521,-125.023) in tree of size 1705
Debug   : OCCRtree 0 matches after bounding box filtering
Debug   : OCCRTree found 1 matches at (39.0614,22.5521,-125.023) in tree of size 1705
Debug   : OCCRtree 0 matches after bounding box filtering
Debug   : OCCRTree found 1 matches at (35.7835,27.4577,-125.023) in tree of size 1705
Debug   : OCCRtree 0 matches after bounding box filtering
Debug   : OCCRTree found 1 matches at (35.7835,27.4577,-125.023) in tree of size 1705
Debug   : OCCRtree 0 matches after bounding box filtering
Debug   : OCCRTree found 1 matches at (35.7835,27.4577,-125.023) in tree of size 1705
Debug   : OCCRtree 0 matches after bounding box filtering
Debug   : OCCRTree found 1 matches at (31.8935,31.8935,-125.023) in tree of size 1705
Debug   : OCCRtree 0 matches after bounding box filtering
Debug   : OCCRTree found 1 matches at (31.8935,31.8935,-125.023) in tree of size 1705
Debug   : OCCRtree 0 matches after bounding box filtering
Debug   : OCCRTree found 1 matches at (31.8935,31.8935,-125.023) in tree of size 1705
Debug   : OCCRtree 0 matches after bounding box filtering
Debug   : OCCRTree found 1 matches at (27.4577,35.7835,-125.023) in tree of size 1705
Debug   : OCCRtree 0 matches after bounding box filtering
Debug   : OCCRTree found 1 matches at (27.4577,35.7835,-125.023) in tree of size 1705
Debug   : OCCRtree 0 matches after bounding box filtering
Debug   : OCCRTree found 1 matches at (27.4577,35.7835,-125.023) in tree of size 1705
Debug   : OCCRtree 0 matches after bounding box filtering
Debug   : OCCRTree found 1 matches at (22.5521,39.0614,-125.023) in tree of size 1705
Debug   : OCCRtree 0 matches after bounding box filtering
Debug   : OCCRTree found 1 matches at (22.5521,39.0614,-125.023) in tree of size 1705
Debug   : OCCRtree 0 matches after bounding box filtering
Debug   : OCCRTree found 1 matches at (22.5521,39.0614,-125.023) in tree of size 1705
Debug   : OCCRtree 0 matches after bounding box filtering
Debug   : OCCRTree found 1 matches at (17.2606,41.6708,-125.023) in tree of size 1705
Debug   : OCCRtree 0 matches after bounding box filtering
Debug   : OCCRTree found 1 matches at (17.2606,41.6708,-125.023) in tree of size 1705
Debug   : OCCRtree 0 matches after bounding box filtering
Debug   : OCCRTree found 1 matches at (17.2606,41.6708,-125.023) in tree of size 1705
Debug   : OCCRtree 0 matches after bounding box filtering
Debug   : OCCRTree found 1 matches at (11.6738,43.5673,-125.023) in tree of size 1705
Debug   : OCCRtree 0 matches after bounding box filtering
Debug   : OCCRTree found 1 matches at (11.6738,43.5673,-125.023) in tree of size 1705
Debug   : OCCRtree 0 matches after bounding box filtering
Debug   : OCCRTree found 1 matches at (11.6738,43.5673,-125.023) in tree of size 1705
Debug   : OCCRtree 0 matches after bounding box filtering
Debug   : OCCRTree found 1 matches at (5.88727,44.7183,-125.023) in tree of size 1705
Debug   : OCCRtree 0 matches after bounding box filtering
Debug   : OCCRTree found 1 matches at (5.88727,44.7183,-125.023) in tree of size 1705
Debug   : OCCRtree 0 matches after bounding box filtering
Debug   : OCCRTree found 1 matches at (5.88727,44.7183,-125.023) in tree of size 1705
Debug   : OCCRtree 0 matches after bounding box filtering
Debug   : OCCRTree found 1 matches at (0,45.1042,-125.023) in tree of size 1705
Debug   : OCCRtree 0 matches after bounding box filtering
Debug   : OCCRTree found 1 matches at (0,45.1042,-125.023) in tree of size 1705
Debug   : OCCRtree 0 matches after bounding box filtering
Debug   : OCCRTree found 1 matches at (0,45.1042,-125.023) in tree of size 1705
Debug   : OCCRtree 0 matches after bounding box filtering
Debug   : OCCRTree found 1 matches at (-5.88727,44.7183,-125.023) in tree of size 1705
Debug   : OCCRtree 0 matches after bounding box filtering
Debug   : OCCRTree found 1 matches at (-5.88727,44.7183,-125.023) in tree of size 1705
Debug   : OCCRtree 0 matches after bounding box filtering
Debug   : OCCRTree found 1 matches at (-5.88727,44.7183,-125.023) in tree of size 1705
Debug   : OCCRtree 0 matches after bounding box filtering
Debug   : OCCRTree found 1 matches at (-11.6738,43.5673,-125.023) in tree of size 1705
Debug   : OCCRtree 0 matches after bounding box filtering
Debug   : OCCRTree found 1 matches at (-11.6738,43.5673,-125.023) in tree of size 1705
Debug   : OCCRtree 0 matches after bounding box filtering
Debug   : OCCRTree found 1 matches at (-11.6738,43.5673,-125.023) in tree of size 1705
Debug   : OCCRtree 0 matches after bounding box filtering
Debug   : OCCRTree found 1 matches at (-17.2606,41.6708,-125.023) in tree of size 1705
Debug   : OCCRtree 0 matches after bounding box filtering
Debug   : OCCRTree found 1 matches at (-17.2606,41.6708,-125.023) in tree of size 1705
Debug   : OCCRtree 0 matches after bounding box filtering
Debug   : OCCRTree found 1 matches at (-17.2606,41.6708,-125.023) in tree of size 1705
Debug   : OCCRtree 0 matches after bounding box filtering
Debug   : OCCRTree found 1 matches at (-22.5521,39.0614,-125.023) in tree of size 1705
Debug   : OCCRtree 0 matches after bounding box filtering
Debug   : OCCRTree found 1 matches at (-22.5521,39.0614,-125.023) in tree of size 1705
Debug   : OCCRtree 0 matches after bounding box filtering
Debug   : OCCRTree found 1 matches at (-22.5521,39.0614,-125.023) in tree of size 1705
Debug   : OCCRtree 0 matches after bounding box filtering
Debug   : OCCRTree found 1 matches at (-27.4577,35.7835,-125.023) in tree of size 1705
Debug   : OCCRtree 0 matches after bounding box filtering
Debug   : OCCRTree found 1 matches at (-27.4577,35.7835,-125.023) in tree of size 1705
Debug   : OCCRtree 0 matches after bounding box filtering
Debug   : OCCRTree found 1 matches at (-27.4577,35.7835,-125.023) in tree of size 1705
Debug   : OCCRtree 0 matches after bounding box filtering
Debug   : OCCRTree found 1 matches at (-31.8935,31.8935,-125.023) in tree of size 1705
Debug   : OCCRtree 0 matches after bounding box filtering
Debug   : OCCRTree found 1 matches at (-31.8935,31.8935,-125.023) in tree of size 1705
Debug   : OCCRtree 0 matches after bounding box filtering
Debug   : OCCRTree found 1 matches at (-31.8935,31.8935,-125.023) in tree of size 1705
Debug   : OCCRtree 0 matches after bounding box filtering
Debug   : OCCRTree found 1 matches at (-35.7835,27.4577,-125.023) in tree of size 1705
Debug   : OCCRtree 0 matches after bounding box filtering
Debug   : OCCRTree found 1 matches at (-35.7835,27.4577,-125.023) in tree of size 1705
Debug   : OCCRtree 0 matches after bounding box filtering
Debug   : OCCRTree found 1 matches at (-35.7835,27.4577,-125.023) in tree of size 1705
Debug   : OCCRtree 0 matches after bounding box filtering
Debug   : OCCRTree found 1 matches at (-39.0614,22.5521,-125.023) in tree of size 1705
Debug   : OCCRtree 0 matches after bounding box filtering
Debug   : OCCRTree found 1 matches at (-39.0614,22.5521,-125.023) in tree of size 1705
Debug   : OCCRtree 0 matches after bounding box filtering
Debug   : OCCRTree found 1 matches at (-39.0614,22.5521,-125.023) in tree of size 1705
Debug   : OCCRtree 0 matches after bounding box filtering
Debug   : OCCRTree found 1 matches at (-41.6708,17.2606,-125.023) in tree of size 1705
Debug   : OCCRtree 0 matches after bounding box filtering
Debug   : OCCRTree found 1 matches at (-41.6708,17.2606,-125.023) in tree of size 1705
Debug   : OCCRtree 0 matches after bounding box filtering
Debug   : OCCRTree found 1 matches at (-41.6708,17.2606,-125.023) in tree of size 1705
Debug   : OCCRtree 0 matches after bounding box filtering
Debug   : OCCRTree found 1 matches at (-43.5673,11.6738,-125.023) in tree of size 1705
Debug   : OCCRtree 0 matches after bounding box filtering
Debug   : OCCRTree found 1 matches at (-43.5673,11.6738,-125.023) in tree of size 1705
Debug   : OCCRtree 0 matches after bounding box filtering
Debug   : OCCRTree found 1 matches at (-43.5673,11.6738,-125.023) in tree of size 1705
Debug   : OCCRtree 0 matches after bounding box filtering
Debug   : OCCRTree found 1 matches at (-44.6805,5.8823,-125.023) in tree of size 1705
Debug   : OCCRtree 0 matches after bounding box filtering
Debug   : OCCRTree found 1 matches at (-44.6805,5.8823,-125.023) in tree of size 1705
Debug   : OCCRtree 0 matches after bounding box filtering
Debug   : OCCRTree found 1 matches at (-44.6805,5.8823,-125.023) in tree of size 1705
Debug   : OCCRtree 0 matches after bounding box filtering
Debug   : OCCRTree found 1 matches at (-44.9997,0,-125.023) in tree of size 1705
Debug   : OCCRtree 0 matches after bounding box filtering
Debug   : OCCRTree found 1 matches at (-44.9997,0,-125.023) in tree of size 1705
Debug   : OCCRtree 0 matches after bounding box filtering
Debug   : OCCRTree found 1 matches at (-44.9997,0,-125.023) in tree of size 1705
Debug   : OCCRtree 0 matches after bounding box filtering
Debug   : OCCRTree found 1 matches at (-44.6805,-5.8823,-125.023) in tree of size 1705
Debug   : OCCRtree 0 matches after bounding box filtering
Debug   : OCCRTree found 1 matches at (-44.6805,-5.8823,-125.023) in tree of size 1705
Debug   : OCCRtree 0 matches after bounding box filtering
Debug   : OCCRTree found 1 matches at (-44.6805,-5.8823,-125.023) in tree of size 1705
Debug   : OCCRtree 0 matches after bounding box filtering
Debug   : OCCRTree found 1 matches at (-43.5673,-11.6738,-125.023) in tree of size 1705
Debug   : OCCRtree 0 matches after bounding box filtering
Debug   : OCCRTree found 1 matches at (-43.5673,-11.6738,-125.023) in tree of size 1705
Debug   : OCCRtree 0 matches after bounding box filtering
Debug   : OCCRTree found 1 matches at (-43.5673,-11.6738,-125.023) in tree of size 1705
Debug   : OCCRtree 0 matches after bounding box filtering
Debug   : OCCRTree found 1 matches at (-41.6708,-17.2606,-125.023) in tree of size 1705
Debug   : OCCRtree 0 matches after bounding box filtering
Debug   : OCCRTree found 1 matches at (-41.6708,-17.2606,-125.023) in tree of size 1705
Debug   : OCCRtree 0 matches after bounding box filtering
Debug   : OCCRTree found 1 matches at (-41.6708,-17.2606,-125.023) in tree of size 1705
Debug   : OCCRtree 0 matches after bounding box filtering
Debug   : OCCRTree found 1 matches at (-39.0614,-22.5521,-125.023) in tree of size 1705
Debug   : OCCRtree 0 matches after bounding box filtering
Debug   : OCCRTree found 1 matches at (-39.0614,-22.5521,-125.023) in tree of size 1705
Debug   : OCCRtree 0 matches after bounding box filtering
Debug   : OCCRTree found 1 matches at (-39.0614,-22.5521,-125.023) in tree of size 1705
Debug   : OCCRtree 0 matches after bounding box filtering
Debug   : OCCRTree found 1 matches at (-35.7835,-27.4577,-125.023) in tree of size 1705
Debug   : OCCRtree 0 matches after bounding box filtering
Debug   : OCCRTree found 1 matches at (-35.7835,-27.4577,-125.023) in tree of size 1705
Debug   : OCCRtree 0 matches after bounding box filtering
Debug   : OCCRTree found 1 matches at (-35.7835,-27.4577,-125.023) in tree of size 1705
Debug   : OCCRtree 0 matches after bounding box filtering
Debug   : OCCRTree found 1 matches at (-31.8935,-31.8935,-125.023) in tree of size 1705
Debug   : OCCRtree 0 matches after bounding box filtering
Debug   : OCCRTree found 1 matches at (-31.8935,-31.8935,-125.023) in tree of size 1705
Debug   : OCCRtree 0 matches after bounding box filtering
Debug   : OCCRTree found 1 matches at (-31.8935,-31.8935,-125.023) in tree of size 1705
Debug   : OCCRtree 0 matches after bounding box filtering
Debug   : OCCRTree found 1 matches at (-27.4577,-35.7835,-125.023) in tree of size 1705
Debug   : OCCRtree 0 matches after bounding box filtering
Debug   : OCCRTree found 1 matches at (-27.4577,-35.7835,-125.023) in tree of size 1705
Debug   : OCCRtree 0 matches after bounding box filtering
Debug   : OCCRTree found 1 matches at (-27.4577,-35.7835,-125.023) in tree of size 1705
Debug   : OCCRtree 0 matches after bounding box filtering
Debug   : OCCRTree found 1 matches at (-22.5521,-39.0614,-125.023) in tree of size 1705
Debug   : OCCRtree 0 matches after bounding box filtering
Debug   : OCCRTree found 1 matches at (-22.5521,-39.0614,-125.023) in tree of size 1705
Debug   : OCCRtree 0 matches after bounding box filtering
Debug   : OCCRTree found 1 matches at (-22.5521,-39.0614,-125.023) in tree of size 1705
Debug   : OCCRtree 0 matches after bounding box filtering
Debug   : OCCRTree found 1 matches at (-17.2606,-41.6708,-125.023) in tree of size 1705
Debug   : OCCRtree 0 matches after bounding box filtering
Debug   : OCCRTree found 1 matches at (-17.2606,-41.6708,-125.023) in tree of size 1705
Debug   : OCCRtree 0 matches after bounding box filtering
Debug   : OCCRTree found 1 matches at (-17.2606,-41.6708,-125.023) in tree of size 1705
Debug   : OCCRtree 0 matches after bounding box filtering
Debug   : OCCRTree found 1 matches at (-11.6738,-43.5673,-125.023) in tree of size 1705
Debug   : OCCRtree 0 matches after bounding box filtering
Debug   : OCCRTree found 1 matches at (-11.6738,-43.5673,-125.023) in tree of size 1705
Debug   : OCCRtree 0 matches after bounding box filtering
Debug   : OCCRTree found 1 matches at (-11.6738,-43.5673,-125.023) in tree of size 1705
Debug   : OCCRtree 0 matches after bounding box filtering
Debug   : OCCRTree found 1 matches at (-5.88727,-44.7183,-125.023) in tree of size 1705
Debug   : OCCRtree 0 matches after bounding box filtering
Debug   : OCCRTree found 1 matches at (-5.88727,-44.7183,-125.023) in tree of size 1705
Debug   : OCCRtree 0 matches after bounding box filtering
Debug   : OCCRTree found 1 matches at (-5.88727,-44.7183,-125.023) in tree of size 1705
Debug   : OCCRtree 0 matches after bounding box filtering
Debug   : OCCRTree found 1 matches at (0,-45.1042,-125.023) in tree of size 1705
Debug   : OCCRtree 0 matches after bounding box filtering
Debug   : OCCRTree found 1 matches at (0,-45.1042,-125.023) in tree of size 1705
Debug   : OCCRtree 0 matches after bounding box filtering
Debug   : OCCRTree found 1 matches at (0,-45.1042,-125.023) in tree of size 1705
Debug   : OCCRtree 0 matches after bounding box filtering
Debug   : OCCRTree found 1 matches at (5.88727,-44.7183,-125.023) in tree of size 1705
Debug   : OCCRtree 0 matches after bounding box filtering
Debug   : OCCRTree found 1 matches at (5.88727,-44.7183,-125.023) in tree of size 1705
Debug   : OCCRtree 0 matches after bounding box filtering
Debug   : OCCRTree found 1 matches at (5.88727,-44.7183,-125.023) in tree of size 1705
Debug   : OCCRtree 0 matches after bounding box filtering
Debug   : OCCRTree found 1 matches at (11.6738,-43.5673,-125.023) in tree of size 1705
Debug   : OCCRtree 0 matches after bounding box filtering
Debug   : OCCRTree found 1 matches at (11.6738,-43.5673,-125.023) in tree of size 1705
Debug   : OCCRtree 0 matches after bounding box filtering
Debug   : OCCRTree found 1 matches at (11.6738,-43.5673,-125.023) in tree of size 1705
Debug   : OCCRtree 0 matches after bounding box filtering
Debug   : OCCRTree found 1 matches at (17.2606,-41.6708,-125.023) in tree of size 1705
Debug   : OCCRtree 0 matches after bounding box filtering
Debug   : OCCRTree found 1 matches at (17.2606,-41.6708,-125.023) in tree of size 1705
Debug   : OCCRtree 0 matches after bounding box filtering
Debug   : OCCRTree found 1 matches at (17.2606,-41.6708,-125.023) in tree of size 1705
Debug   : OCCRtree 0 matches after bounding box filtering
Debug   : OCCRTree found 1 matches at (22.5521,-39.0614,-125.023) in tree of size 1705
Debug   : OCCRtree 0 matches after bounding box filtering
Debug   : OCCRTree found 1 matches at (22.5521,-39.0614,-125.023) in tree of size 1705
Debug   : OCCRtree 0 matches after bounding box filtering
Debug   : OCCRTree found 1 matches at (22.5521,-39.0614,-125.023) in tree of size 1705
Debug   : OCCRtree 0 matches after bounding box filtering
Debug   : OCCRTree found 1 matches at (27.4577,-35.7835,-125.023) in tree of size 1705
Debug   : OCCRtree 0 matches after bounding box filtering
Debug   : OCCRTree found 1 matches at (27.4577,-35.7835,-125.023) in tree of size 1705
Debug   : OCCRtree 0 matches after bounding box filtering
Debug   : OCCRTree found 1 matches at (27.4577,-35.7835,-125.023) in tree of size 1705
Debug   : OCCRtree 0 matches after bounding box filtering
Debug   : OCCRTree found 1 matches at (31.8935,-31.8935,-125.023) in tree of size 1705
Debug   : OCCRtree 0 matches after bounding box filtering
Debug   : OCCRTree found 1 matches at (31.8935,-31.8935,-125.023) in tree of size 1705
Debug   : OCCRtree 0 matches after bounding box filtering
Debug   : OCCRTree found 1 matches at (31.8935,-31.8935,-125.023) in tree of size 1705
Debug   : OCCRtree 0 matches after bounding box filtering
Debug   : OCCRTree found 1 matches at (35.7835,-27.4577,-125.023) in tree of size 1705
Debug   : OCCRtree 0 matches after bounding box filtering
Debug   : OCCRTree found 1 matches at (35.7835,-27.4577,-125.023) in tree of size 1705
Debug   : OCCRtree 0 matches after bounding box filtering
Debug   : OCCRTree found 1 matches at (35.7835,-27.4577,-125.023) in tree of size 1705
Debug   : OCCRtree 0 matches after bounding box filtering
Debug   : OCCRTree found 1 matches at (39.0614,-22.5521,-125.023) in tree of size 1705
Debug   : OCCRtree 0 matches after bounding box filtering
Debug   : OCCRTree found 1 matches at (39.0614,-22.5521,-125.023) in tree of size 1705
Debug   : OCCRtree 0 matches after bounding box filtering
Debug   : OCCRTree found 1 matches at (39.0614,-22.5521,-125.023) in tree of size 1705
Debug   : OCCRtree 0 matches after bounding box filtering
Debug   : OCCRTree found 1 matches at (41.6708,-17.2606,-125.023) in tree of size 1705
Debug   : OCCRtree 0 matches after bounding box filtering
Debug   : OCCRTree found 1 matches at (41.6708,-17.2606,-125.023) in tree of size 1705
Debug   : OCCRtree 0 matches after bounding box filtering
Debug   : OCCRTree found 1 matches at (41.6708,-17.2606,-125.023) in tree of size 1705
Debug   : OCCRtree 0 matches after bounding box filtering
Debug   : OCCRTree found 1 matches at (43.5673,-11.6738,-125.023) in tree of size 1705
Debug   : OCCRtree 0 matches after bounding box filtering
Debug   : OCCRTree found 1 matches at (43.5673,-11.6738,-125.023) in tree of size 1705
Debug   : OCCRtree 0 matches after bounding box filtering
Debug   : OCCRTree found 1 matches at (43.5673,-11.6738,-125.023) in tree of size 1705
Debug   : OCCRtree 0 matches after bounding box filtering
Debug   : OCCRTree found 1 matches at (44.6805,-5.8823,-125.023) in tree of size 1705
Debug   : OCCRtree 0 matches after bounding box filtering
Debug   : OCCRTree found 1 matches at (44.6805,-5.8823,-125.023) in tree of size 1705
Debug   : OCCRtree 0 matches after bounding box filtering
Debug   : OCCRTree found 1 matches at (44.6805,-5.8823,-125.023) in tree of size 1705
Debug   : OCCRtree 0 matches after bounding box filtering
Debug   : OCCRTree found 1 matches at (45.2368,0,-123.511) in tree of size 1705
Debug   : OCCRtree 0 matches after bounding box filtering
Debug   : OCCRTree found 1 matches at (45.2368,0,-123.511) in tree of size 1705
Debug   : OCCRtree 0 matches after bounding box filtering
Debug   : OCCRTree found 1 matches at (45.2368,0,-123.511) in tree of size 1705
Debug   : OCCRtree 0 matches after bounding box filtering
Debug   : OCCRTree found 1 matches at (44.9826,5.92208,-123.511) in tree of size 1705
Debug   : OCCRtree 0 matches after bounding box filtering
Debug   : OCCRTree found 1 matches at (44.9826,5.92208,-123.511) in tree of size 1705
Debug   : OCCRtree 0 matches after bounding box filtering
Debug   : OCCRTree found 1 matches at (44.9826,5.92208,-123.511) in tree of size 1705
Debug   : OCCRtree 0 matches after bounding box filtering
Debug   : OCCRTree found 1 matches at (44.0869,11.8131,-123.511) in tree of size 1705
Debug   : OCCRtree 0 matches after bounding box filtering
Debug   : OCCRTree found 1 matches at (44.0869,11.8131,-123.511) in tree of size 1705
Debug   : OCCRtree 0 matches after bounding box filtering
Debug   : OCCRTree found 1 matches at (44.0869,11.8131,-123.511) in tree of size 1705
Debug   : OCCRtree 0 matches after bounding box filtering
Debug   : OCCRTree found 1 matches at (42.2001,17.4799,-123.511) in tree of size 1705
Debug   : OCCRtree 0 matches after bounding box filtering
Debug   : OCCRTree found 1 matches at (42.2001,17.4799,-123.511) in tree of size 1705
Debug   : OCCRtree 0 matches after bounding box filtering
Debug   : OCCRTree found 1 matches at (42.2001,17.4799,-123.511) in tree of size 1705
Debug   : OCCRtree 0 matches after bounding box filtering
Debug   : OCCRTree found 1 matches at (39.5575,22.8385,-123.511) in tree of size 1705
Debug   : OCCRtree 0 matches after bounding box filtering
Debug   : OCCRTree found 1 matches at (39.5575,22.8385,-123.511) in tree of size 1705
Debug   : OCCRtree 0 matches after bounding box filtering
Debug   : OCCRTree found 1 matches at (39.5575,22.8385,-123.511) in tree of size 1705
Debug   : OCCRtree 0 matches after bounding box filtering
Debug   : OCCRTree found 1 matches at (36.2381,27.8064,-123.511) in tree of size 1705
Debug   : OCCRtree 0 matches after bounding box filtering
Debug   : OCCRTree found 1 matches at (36.2381,27.8064,-123.511) in tree of size 1705
Debug   : OCCRtree 0 matches after bounding box filtering
Debug   : OCCRTree found 1 matches at (36.2381,27.8064,-123.511) in tree of size 1705
Debug   : OCCRtree 0 matches after bounding box filtering
Debug   : OCCRTree found 1 matches at (32.2986,32.2986,-123.511) in tree of size 1705
Debug   : OCCRtree 0 matches after bounding box filtering
Debug   : OCCRTree found 1 matches at (32.2986,32.2986,-123.511) in tree of size 1705
Debug   : OCCRtree 0 matches after bounding box filtering
Debug   : OCCRTree found 1 matches at (32.2986,32.2986,-123.511) in tree of size 1705
Debug   : OCCRtree 0 matches after bounding box filtering
Debug   : OCCRTree found 1 matches at (27.8064,36.2381,-123.511) in tree of size 1705
Debug   : OCCRtree 0 matches after bounding box filtering
Debug   : OCCRTree found 1 matches at (27.8064,36.2381,-123.511) in tree of size 1705
Debug   : OCCRtree 0 matches after bounding box filtering
Debug   : OCCRTree found 1 matches at (27.8064,36.2381,-123.511) in tree of size 1705
Debug   : OCCRtree 0 matches after bounding box filtering
Debug   : OCCRTree found 1 matches at (22.8385,39.5575,-123.511) in tree of size 1705
Debug   : OCCRtree 0 matches after bounding box filtering
Debug   : OCCRTree found 1 matches at (22.8385,39.5575,-123.511) in tree of size 1705
Debug   : OCCRtree 0 matches after bounding box filtering
Debug   : OCCRTree found 1 matches at (22.8385,39.5575,-123.511) in tree of size 1705
Debug   : OCCRtree 0 matches after bounding box filtering
Debug   : OCCRTree found 1 matches at (17.4799,42.2001,-123.511) in tree of size 1705
Debug   : OCCRtree 0 matches after bounding box filtering
Debug   : OCCRTree found 1 matches at (17.4799,42.2001,-123.511) in tree of size 1705
Debug   : OCCRtree 0 matches after bounding box filtering
Debug   : OCCRTree found 1 matches at (17.4799,42.2001,-123.511) in tree of size 1705
Debug   : OCCRtree 0 matches after bounding box filtering
Debug   : OCCRTree found 1 matches at (11.8221,44.1207,-123.511) in tree of size 1705
Debug   : OCCRtree 0 matches after bounding box filtering
Debug   : OCCRTree found 1 matches at (11.8221,44.1207,-123.511) in tree of size 1705
Debug   : OCCRtree 0 matches after bounding box filtering
Debug   : OCCRTree found 1 matches at (11.8221,44.1207,-123.511) in tree of size 1705
Debug   : OCCRtree 0 matches after bounding box filtering
Debug   : OCCRTree found 1 matches at (5.96206,45.2863,-123.511) in tree of size 1705
Debug   : OCCRtree 0 matches after bounding box filtering
Debug   : OCCRTree found 1 matches at (5.96206,45.2863,-123.511) in tree of size 1705
Debug   : OCCRtree 0 matches after bounding box filtering
Debug   : OCCRTree found 1 matches at (5.96206,45.2863,-123.511) in tree of size 1705
Debug   : OCCRtree 0 matches after bounding box filtering
Debug   : OCCRTree found 1 matches at (0,45.6771,-123.511) in tree of size 1705
Debug   : OCCRtree 0 matches after bounding box filtering
Debug   : OCCRTree found 1 matches at (0,45.6771,-123.511) in tree of size 1705
Debug   : OCCRtree 0 matches after bounding box filtering
Debug   : OCCRTree found 1 matches at (0,45.6771,-123.511) in tree of size 1705
Debug   : OCCRtree 0 matches after bounding box filtering
Debug   : OCCRTree found 1 matches at (-5.96206,45.2863,-123.511) in tree of size 1705
Debug   : OCCRtree 0 matches after bounding box filtering
Debug   : OCCRTree found 1 matches at (-5.96206,45.2863,-123.511) in tree of size 1705
Debug   : OCCRtree 0 matches after bounding box filtering
Debug   : OCCRTree found 1 matches at (-5.96206,45.2863,-123.511) in tree of size 1705
Debug   : OCCRtree 0 matches after bounding box filtering
Debug   : OCCRTree found 1 matches at (-11.8221,44.1207,-123.511) in tree of size 1705
Debug   : OCCRtree 0 matches after bounding box filtering
Debug   : OCCRTree found 1 matches at (-11.8221,44.1207,-123.511) in tree of size 1705
Debug   : OCCRtree 0 matches after bounding box filtering
Debug   : OCCRTree found 1 matches at (-11.8221,44.1207,-123.511) in tree of size 1705
Debug   : OCCRtree 0 matches after bounding box filtering
Debug   : OCCRTree found 1 matches at (-17.4799,42.2001,-123.511) in tree of size 1705
Debug   : OCCRtree 0 matches after bounding box filtering
Debug   : OCCRTree found 1 matches at (-17.4799,42.2001,-123.511) in tree of size 1705
Debug   : OCCRtree 0 matches after bounding box filtering
Debug   : OCCRTree found 1 matches at (-17.4799,42.2001,-123.511) in tree of size 1705
Debug   : OCCRtree 0 matches after bounding box filtering
Debug   : OCCRTree found 1 matches at (-22.8385,39.5575,-123.511) in tree of size 1705
Debug   : OCCRtree 0 matches after bounding box filtering
Debug   : OCCRTree found 1 matches at (-22.8385,39.5575,-123.511) in tree of size 1705
Debug   : OCCRtree 0 matches after bounding box filtering
Debug   : OCCRTree found 1 matches at (-22.8385,39.5575,-123.511) in tree of size 1705
Debug   : OCCRtree 0 matches after bounding box filtering
Debug   : OCCRTree found 1 matches at (-27.8064,36.2381,-123.511) in tree of size 1705
Debug   : OCCRtree 0 matches after bounding box filtering
Debug   : OCCRTree found 1 matches at (-27.8064,36.2381,-123.511) in tree of size 1705
Debug   : OCCRtree 0 matches after bounding box filtering
Debug   : OCCRTree found 1 matches at (-27.8064,36.2381,-123.511) in tree of size 1705
Debug   : OCCRtree 0 matches after bounding box filtering
Debug   : OCCRTree found 1 matches at (-32.2986,32.2986,-123.511) in tree of size 1705
Debug   : OCCRtree 0 matches after bounding box filtering
Debug   : OCCRTree found 1 matches at (-32.2986,32.2986,-123.511) in tree of size 1705
Debug   : OCCRtree 0 matches after bounding box filtering
Debug   : OCCRTree found 1 matches at (-32.2986,32.2986,-123.511) in tree of size 1705
Debug   : OCCRtree 0 matches after bounding box filtering
Debug   : OCCRTree found 1 matches at (-36.2381,27.8064,-123.511) in tree of size 1705
Debug   : OCCRtree 0 matches after bounding box filtering
Debug   : OCCRTree found 1 matches at (-36.2381,27.8064,-123.511) in tree of size 1705
Debug   : OCCRtree 0 matches after bounding box filtering
Debug   : OCCRTree found 1 matches at (-36.2381,27.8064,-123.511) in tree of size 1705
Debug   : OCCRtree 0 matches after bounding box filtering
Debug   : OCCRTree found 1 matches at (-39.5575,22.8385,-123.511) in tree of size 1705
Debug   : OCCRtree 0 matches after bounding box filtering
Debug   : OCCRTree found 1 matches at (-39.5575,22.8385,-123.511) in tree of size 1705
Debug   : OCCRtree 0 matches after bounding box filtering
Debug   : OCCRTree found 1 matches at (-39.5575,22.8385,-123.511) in tree of size 1705
Debug   : OCCRtree 0 matches after bounding box filtering
Debug   : OCCRTree found 1 matches at (-42.2001,17.4799,-123.511) in tree of size 1705
Debug   : OCCRtree 0 matches after bounding box filtering
Debug   : OCCRTree found 1 matches at (-42.2001,17.4799,-123.511) in tree of size 1705
Debug   : OCCRtree 0 matches after bounding box filtering
Debug   : OCCRTree found 1 matches at (-42.2001,17.4799,-123.511) in tree of size 1705
Debug   : OCCRtree 0 matches after bounding box filtering
Debug   : OCCRTree found 1 matches at (-44.0869,11.8131,-123.511) in tree of size 1705
Debug   : OCCRtree 0 matches after bounding box filtering
Debug   : OCCRTree found 1 matches at (-44.0869,11.8131,-123.511) in tree of size 1705
Debug   : OCCRtree 0 matches after bounding box filtering
Debug   : OCCRTree found 1 matches at (-44.0869,11.8131,-123.511) in tree of size 1705
Debug   : OCCRtree 0 matches after bounding box filtering
Debug   : OCCRTree found 1 matches at (-44.9826,5.92208,-123.511) in tree of size 1705
Debug   : OCCRtree 0 matches after bounding box filtering
Debug   : OCCRTree found 1 matches at (-44.9826,5.92208,-123.511) in tree of size 1705
Debug   : OCCRtree 0 matches after bounding box filtering
Debug   : OCCRTree found 1 matches at (-44.9826,5.92208,-123.511) in tree of size 1705
Debug   : OCCRtree 0 matches after bounding box filtering
Debug   : OCCRTree found 1 matches at (-45.2368,0,-123.511) in tree of size 1705
Debug   : OCCRtree 0 matches after bounding box filtering
Debug   : OCCRTree found 1 matches at (-45.2368,0,-123.511) in tree of size 1705
Debug   : OCCRtree 0 matches after bounding box filtering
Debug   : OCCRTree found 1 matches at (-45.2368,0,-123.511) in tree of size 1705
Debug   : OCCRtree 0 matches after bounding box filtering
Debug   : OCCRTree found 1 matches at (-44.9826,-5.92208,-123.511) in tree of size 1705
Debug   : OCCRtree 0 matches after bounding box filtering
Debug   : OCCRTree found 1 matches at (-44.9826,-5.92208,-123.511) in tree of size 1705
Debug   : OCCRtree 0 matches after bounding box filtering
Debug   : OCCRTree found 1 matches at (-44.9826,-5.92208,-123.511) in tree of size 1705
Debug   : OCCRtree 0 matches after bounding box filtering
Debug   : OCCRTree found 1 matches at (-44.0869,-11.8131,-123.511) in tree of size 1705
Debug   : OCCRtree 0 matches after bounding box filtering
Debug   : OCCRTree found 1 matches at (-44.0869,-11.8131,-123.511) in tree of size 1705
Debug   : OCCRtree 0 matches after bounding box filtering
Debug   : OCCRTree found 1 matches at (-44.0869,-11.8131,-123.511) in tree of size 1705
Debug   : OCCRtree 0 matches after bounding box filtering
Debug   : OCCRTree found 1 matches at (-42.2001,-17.4799,-123.511) in tree of size 1705
Debug   : OCCRtree 0 matches after bounding box filtering
Debug   : OCCRTree found 1 matches at (-42.2001,-17.4799,-123.511) in tree of size 1705
Debug   : OCCRtree 0 matches after bounding box filtering
Debug   : OCCRTree found 1 matches at (-42.2001,-17.4799,-123.511) in tree of size 1705
Debug   : OCCRtree 0 matches after bounding box filtering
Debug   : OCCRTree found 1 matches at (-39.5575,-22.8385,-123.511) in tree of size 1705
Debug   : OCCRtree 0 matches after bounding box filtering
Debug   : OCCRTree found 1 matches at (-39.5575,-22.8385,-123.511) in tree of size 1705
Debug   : OCCRtree 0 matches after bounding box filtering
Debug   : OCCRTree found 1 matches at (-39.5575,-22.8385,-123.511) in tree of size 1705
Debug   : OCCRtree 0 matches after bounding box filtering
Debug   : OCCRTree found 1 matches at (-36.2381,-27.8064,-123.511) in tree of size 1705
Debug   : OCCRtree 0 matches after bounding box filtering
Debug   : OCCRTree found 1 matches at (-36.2381,-27.8064,-123.511) in tree of size 1705
Debug   : OCCRtree 0 matches after bounding box filtering
Debug   : OCCRTree found 1 matches at (-36.2381,-27.8064,-123.511) in tree of size 1705
Debug   : OCCRtree 0 matches after bounding box filtering
Debug   : OCCRTree found 1 matches at (-32.2986,-32.2986,-123.511) in tree of size 1705
Debug   : OCCRtree 0 matches after bounding box filtering
Debug   : OCCRTree found 1 matches at (-32.2986,-32.2986,-123.511) in tree of size 1705
Debug   : OCCRtree 0 matches after bounding box filtering
Debug   : OCCRTree found 1 matches at (-32.2986,-32.2986,-123.511) in tree of size 1705
Debug   : OCCRtree 0 matches after bounding box filtering
Debug   : OCCRTree found 1 matches at (-27.8064,-36.2381,-123.511) in tree of size 1705
Debug   : OCCRtree 0 matches after bounding box filtering
Debug   : OCCRTree found 1 matches at (-27.8064,-36.2381,-123.511) in tree of size 1705
Debug   : OCCRtree 0 matches after bounding box filtering
Debug   : OCCRTree found 1 matches at (-27.8064,-36.2381,-123.511) in tree of size 1705
Debug   : OCCRtree 0 matches after bounding box filtering
Debug   : OCCRTree found 1 matches at (-22.8385,-39.5575,-123.511) in tree of size 1705
Debug   : OCCRtree 0 matches after bounding box filtering
Debug   : OCCRTree found 1 matches at (-22.8385,-39.5575,-123.511) in tree of size 1705
Debug   : OCCRtree 0 matches after bounding box filtering
Debug   : OCCRTree found 1 matches at (-22.8385,-39.5575,-123.511) in tree of size 1705
Debug   : OCCRtree 0 matches after bounding box filtering
Debug   : OCCRTree found 1 matches at (-17.4799,-42.2001,-123.511) in tree of size 1705
Debug   : OCCRtree 0 matches after bounding box filtering
Debug   : OCCRTree found 1 matches at (-17.4799,-42.2001,-123.511) in tree of size 1705
Debug   : OCCRtree 0 matches after bounding box filtering
Debug   : OCCRTree found 1 matches at (-17.4799,-42.2001,-123.511) in tree of size 1705
Debug   : OCCRtree 0 matches after bounding box filtering
Debug   : OCCRTree found 1 matches at (-11.8221,-44.1207,-123.511) in tree of size 1705
Debug   : OCCRtree 0 matches after bounding box filtering
Debug   : OCCRTree found 1 matches at (-11.8221,-44.1207,-123.511) in tree of size 1705
Debug   : OCCRtree 0 matches after bounding box filtering
Debug   : OCCRTree found 1 matches at (-11.8221,-44.1207,-123.511) in tree of size 1705
Debug   : OCCRtree 0 matches after bounding box filtering
Debug   : OCCRTree found 1 matches at (-5.96206,-45.2863,-123.511) in tree of size 1705
Debug   : OCCRtree 0 matches after bounding box filtering
Debug   : OCCRTree found 1 matches at (-5.96206,-45.2863,-123.511) in tree of size 1705
Debug   : OCCRtree 0 matches after bounding box filtering
Debug   : OCCRTree found 1 matches at (-5.96206,-45.2863,-123.511) in tree of size 1705
Debug   : OCCRtree 0 matches after bounding box filtering
Debug   : OCCRTree found 1 matches at (0,-45.6771,-123.511) in tree of size 1705
Debug   : OCCRtree 0 matches after bounding box filtering
Debug   : OCCRTree found 1 matches at (0,-45.6771,-123.511) in tree of size 1705
Debug   : OCCRtree 0 matches after bounding box filtering
Debug   : OCCRTree found 1 matches at (0,-45.6771,-123.511) in tree of size 1705
Debug   : OCCRtree 0 matches after bounding box filtering
Debug   : OCCRTree found 1 matches at (5.96206,-45.2863,-123.511) in tree of size 1705
Debug   : OCCRtree 0 matches after bounding box filtering
Debug   : OCCRTree found 1 matches at (5.96206,-45.2863,-123.511) in tree of size 1705
Debug   : OCCRtree 0 matches after bounding box filtering
Debug   : OCCRTree found 1 matches at (5.96206,-45.2863,-123.511) in tree of size 1705
Debug   : OCCRtree 0 matches after bounding box filtering
Debug   : OCCRTree found 1 matches at (11.8221,-44.1207,-123.511) in tree of size 1705
Debug   : OCCRtree 0 matches after bounding box filtering
Debug   : OCCRTree found 1 matches at (11.8221,-44.1207,-123.511) in tree of size 1705
Debug   : OCCRtree 0 matches after bounding box filtering
Debug   : OCCRTree found 1 matches at (11.8221,-44.1207,-123.511) in tree of size 1705
Debug   : OCCRtree 0 matches after bounding box filtering
Debug   : OCCRTree found 1 matches at (17.4799,-42.2001,-123.511) in tree of size 1705
Debug   : OCCRtree 0 matches after bounding box filtering
Debug   : OCCRTree found 1 matches at (17.4799,-42.2001,-123.511) in tree of size 1705
Debug   : OCCRtree 0 matches after bounding box filtering
Debug   : OCCRTree found 1 matches at (17.4799,-42.2001,-123.511) in tree of size 1705
Debug   : OCCRtree 0 matches after bounding box filtering
Debug   : OCCRTree found 1 matches at (22.8385,-39.5575,-123.511) in tree of size 1705
Debug   : OCCRtree 0 matches after bounding box filtering
Debug   : OCCRTree found 1 matches at (22.8385,-39.5575,-123.511) in tree of size 1705
Debug   : OCCRtree 0 matches after bounding box filtering
Debug   : OCCRTree found 1 matches at (22.8385,-39.5575,-123.511) in tree of size 1705
Debug   : OCCRtree 0 matches after bounding box filtering
Debug   : OCCRTree found 1 matches at (27.8064,-36.2381,-123.511) in tree of size 1705
Debug   : OCCRtree 0 matches after bounding box filtering
Debug   : OCCRTree found 1 matches at (27.8064,-36.2381,-123.511) in tree of size 1705
Debug   : OCCRtree 0 matches after bounding box filtering
Debug   : OCCRTree found 1 matches at (27.8064,-36.2381,-123.511) in tree of size 1705
Debug   : OCCRtree 0 matches after bounding box filtering
Debug   : OCCRTree found 1 matches at (32.2986,-32.2986,-123.511) in tree of size 1705
Debug   : OCCRtree 0 matches after bounding box filtering
Debug   : OCCRTree found 1 matches at (32.2986,-32.2986,-123.511) in tree of size 1705
Debug   : OCCRtree 0 matches after bounding box filtering
Debug   : OCCRTree found 1 matches at (32.2986,-32.2986,-123.511) in tree of size 1705
Debug   : OCCRtree 0 matches after bounding box filtering
Debug   : OCCRTree found 1 matches at (36.2381,-27.8064,-123.511) in tree of size 1705
Debug   : OCCRtree 0 matches after bounding box filtering
Debug   : OCCRTree found 1 matches at (36.2381,-27.8064,-123.511) in tree of size 1705
Debug   : OCCRtree 0 matches after bounding box filtering
Debug   : OCCRTree found 1 matches at (36.2381,-27.8064,-123.511) in tree of size 1705
Debug   : OCCRtree 0 matches after bounding box filtering
Debug   : OCCRTree found 1 matches at (39.5575,-22.8385,-123.511) in tree of size 1705
Debug   : OCCRtree 0 matches after bounding box filtering
Debug   : OCCRTree found 1 matches at (39.5575,-22.8385,-123.511) in tree of size 1705
Debug   : OCCRtree 0 matches after bounding box filtering
Debug   : OCCRTree found 1 matches at (39.5575,-22.8385,-123.511) in tree of size 1705
Debug   : OCCRtree 0 matches after bounding box filtering
Debug   : OCCRTree found 1 matches at (42.2001,-17.4799,-123.511) in tree of size 1705
Debug   : OCCRtree 0 matches after bounding box filtering
Debug   : OCCRTree found 1 matches at (42.2001,-17.4799,-123.511) in tree of size 1705
Debug   : OCCRtree 0 matches after bounding box filtering
Debug   : OCCRTree found 1 matches at (42.2001,-17.4799,-123.511) in tree of size 1705
Debug   : OCCRtree 0 matches after bounding box filtering
Debug   : OCCRTree found 1 matches at (44.0869,-11.8131,-123.511) in tree of size 1705
Debug   : OCCRtree 0 matches after bounding box filtering
Debug   : OCCRTree found 1 matches at (44.0869,-11.8131,-123.511) in tree of size 1705
Debug   : OCCRtree 0 matches after bounding box filtering
Debug   : OCCRTree found 1 matches at (44.0869,-11.8131,-123.511) in tree of size 1705
Debug   : OCCRtree 0 matches after bounding box filtering
Debug   : OCCRTree found 1 matches at (44.9826,-5.92208,-123.511) in tree of size 1705
Debug   : OCCRtree 0 matches after bounding box filtering
Debug   : OCCRTree found 1 matches at (44.9826,-5.92208,-123.511) in tree of size 1705
Debug   : OCCRtree 0 matches after bounding box filtering
Debug   : OCCRTree found 1 matches at (44.9826,-5.92208,-123.511) in tree of size 1705
Debug   : OCCRtree 0 matches after bounding box filtering
Debug   : OCCRTree found 1 matches at (45.3103,0,-122) in tree of size 1705
Debug   : OCCRtree 0 matches after bounding box filtering
Debug   : OCCRTree found 1 matches at (45.3103,0,-122) in tree of size 1705
Debug   : OCCRtree 0 matches after bounding box filtering
Debug   : OCCRTree found 1 matches at (45.3103,0,-122) in tree of size 1705
Debug   : OCCRtree 0 matches after bounding box filtering
Debug   : OCCRTree found 1 matches at (45.1073,5.93849,-122) in tree of size 1705
Debug   : OCCRtree 0 matches after bounding box filtering
Debug   : OCCRTree found 1 matches at (45.1073,5.93849,-122) in tree of size 1705
Debug   : OCCRtree 0 matches after bounding box filtering
Debug   : OCCRTree found 1 matches at (45.1073,5.93849,-122) in tree of size 1705
Debug   : OCCRtree 0 matches after bounding box filtering
Debug   : OCCRTree found 1 matches at (44.388,11.8937,-122) in tree of size 1705
Debug   : OCCRtree 0 matches after bounding box filtering
Debug   : OCCRTree found 1 matches at (44.388,11.8937,-122) in tree of size 1705
Debug   : OCCRtree 0 matches after bounding box filtering
Debug   : OCCRTree found 1 matches at (44.388,11.8937,-122) in tree of size 1705
Debug   : OCCRtree 0 matches after bounding box filtering
Debug   : OCCRTree found 1 matches at (42.7294,17.6991,-122) in tree of size 1705
Debug   : OCCRtree 0 matches after bounding box filtering
Debug   : OCCRTree found 1 matches at (42.7294,17.6991,-122) in tree of size 1705
Debug   : OCCRtree 0 matches after bounding box filtering
Debug   : OCCRTree found 1 matches at (42.7294,17.6991,-122) in tree of size 1705
Debug   : OCCRtree 0 matches after bounding box filtering
Debug   : OCCRTree found 1 matches at (40.0537,23.125,-122) in tree of size 1705
Debug   : OCCRtree 0 matches after bounding box filtering
Debug   : OCCRTree found 1 matches at (40.0537,23.125,-122) in tree of size 1705
Debug   : OCCRtree 0 matches after bounding box filtering
Debug   : OCCRTree found 1 matches at (40.0537,23.125,-122) in tree of size 1705
Debug   : OCCRtree 0 matches after bounding box filtering
Debug   : OCCRTree found 1 matches at (36.6926,28.1552,-122) in tree of size 1705
Debug   : OCCRtree 0 matches after bounding box filtering
Debug   : OCCRTree found 1 matches at (36.6926,28.1552,-122) in tree of size 1705
Debug   : OCCRtree 0 matches after bounding box filtering
Debug   : OCCRTree found 1 matches at (36.6926,28.1552,-122) in tree of size 1705
Debug   : OCCRtree 0 matches after bounding box filtering
Debug   : OCCRTree found 1 matches at (32.7037,32.7037,-122) in tree of size 1705
Debug   : OCCRtree 0 matches after bounding box filtering
Debug   : OCCRTree found 1 matches at (32.7037,32.7037,-122) in tree of size 1705
Debug   : OCCRtree 0 matches after bounding box filtering
Debug   : OCCRTree found 1 matches at (32.7037,32.7037,-122) in tree of size 1705
Debug   : OCCRtree 0 matches after bounding box filtering
Debug   : OCCRTree found 1 matches at (28.1552,36.6926,-122) in tree of size 1705
Debug   : OCCRtree 0 matches after bounding box filtering
Debug   : OCCRTree found 1 matches at (28.1552,36.6926,-122) in tree of size 1705
Debug   : OCCRtree 0 matches after bounding box filtering
Debug   : OCCRTree found 1 matches at (28.1552,36.6926,-122) in tree of size 1705
Debug   : OCCRtree 0 matches after bounding box filtering
Debug   : OCCRTree found 1 matches at (23.125,40.0537,-122) in tree of size 1705
Debug   : OCCRtree 0 matches after bounding box filtering
Debug   : OCCRTree found 1 matches at (23.125,40.0537,-122) in tree of size 1705
Debug   : OCCRtree 0 matches after bounding box filtering
Debug   : OCCRTree found 1 matches at (23.125,40.0537,-122) in tree of size 1705
Debug   : OCCRtree 0 matches after bounding box filtering
Debug   : OCCRTree found 1 matches at (17.6991,42.7294,-122) in tree of size 1705
Debug   : OCCRtree 0 matches after bounding box filtering
Debug   : OCCRTree found 1 matches at (17.6991,42.7294,-122) in tree of size 1705
Debug   : OCCRtree 0 matches after bounding box filtering
Debug   : OCCRTree found 1 matches at (17.6991,42.7294,-122) in tree of size 1705
Debug   : OCCRtree 0 matches after bounding box filtering
Debug   : OCCRTree found 1 matches at (11.9704,44.6741,-122) in tree of size 1705
Debug   : OCCRtree 0 matches after bounding box filtering
Debug   : OCCRTree found 1 matches at (11.9704,44.6741,-122) in tree of size 1705
Debug   : OCCRtree 0 matches after bounding box filtering
Debug   : OCCRTree found 1 matches at (11.9704,44.6741,-122) in tree of size 1705
Debug   : OCCRtree 0 matches after bounding box filtering
Debug   : OCCRTree found 1 matches at (6.03684,45.8543,-122) in tree of size 1705
Debug   : OCCRtree 0 matches after bounding box filtering
Debug   : OCCRTree found 1 matches at (6.03684,45.8543,-122) in tree of size 1705
Debug   : OCCRtree 0 matches after bounding box filtering
Debug   : OCCRTree found 1 matches at (6.03684,45.8543,-122) in tree of size 1705
Debug   : OCCRtree 0 matches after bounding box filtering
Debug   : OCCRTree found 1 matches at (0,46.25,-122) in tree of size 1705
Debug   : OCCRtree 0 matches after bounding box filtering
Debug   : OCCRTree found 1 matches at (0,46.25,-122) in tree of size 1705
Debug   : OCCRtree 0 matches after bounding box filtering
Debug   : OCCRTree found 1 matches at (0,46.25,-122) in tree of size 1705
Debug   : OCCRtree 0 matches after bounding box filtering
Debug   : OCCRTree found 1 matches at (-6.03684,45.8543,-122) in tree of size 1705
Debug   : OCCRtree 0 matches after bounding box filtering
Debug   : OCCRTree found 1 matches at (-6.03684,45.8543,-122) in tree of size 1705
Debug   : OCCRtree 0 matches after bounding box filtering
Debug   : OCCRTree found 1 matches at (-6.03684,45.8543,-122) in tree of size 1705
Debug   : OCCRtree 0 matches after bounding box filtering
Debug   : OCCRTree found 1 matches at (-11.9704,44.6741,-122) in tree of size 1705
Debug   : OCCRtree 0 matches after bounding box filtering
Debug   : OCCRTree found 1 matches at (-11.9704,44.6741,-122) in tree of size 1705
Debug   : OCCRtree 0 matches after bounding box filtering
Debug   : OCCRTree found 1 matches at (-11.9704,44.6741,-122) in tree of size 1705
Debug   : OCCRtree 0 matches after bounding box filtering
Debug   : OCCRTree found 1 matches at (-17.6991,42.7294,-122) in tree of size 1705
Debug   : OCCRtree 0 matches after bounding box filtering
Debug   : OCCRTree found 1 matches at (-17.6991,42.7294,-122) in tree of size 1705
Debug   : OCCRtree 0 matches after bounding box filtering
Debug   : OCCRTree found 1 matches at (-17.6991,42.7294,-122) in tree of size 1705
Debug   : OCCRtree 0 matches after bounding box filtering
Debug   : OCCRTree found 1 matches at (-23.125,40.0537,-122) in tree of size 1705
Debug   : OCCRtree 0 matches after bounding box filtering
Debug   : OCCRTree found 1 matches at (-23.125,40.0537,-122) in tree of size 1705
Debug   : OCCRtree 0 matches after bounding box filtering
Debug   : OCCRTree found 1 matches at (-23.125,40.0537,-122) in tree of size 1705
Debug   : OCCRtree 0 matches after bounding box filtering
Debug   : OCCRTree found 1 matches at (-28.1552,36.6926,-122) in tree of size 1705
Debug   : OCCRtree 0 matches after bounding box filtering
Debug   : OCCRTree found 1 matches at (-28.1552,36.6926,-122) in tree of size 1705
Debug   : OCCRtree 0 matches after bounding box filtering
Debug   : OCCRTree found 1 matches at (-28.1552,36.6926,-122) in tree of size 1705
Debug   : OCCRtree 0 matches after bounding box filtering
Debug   : OCCRTree found 1 matches at (-32.7037,32.7037,-122) in tree of size 1705
Debug   : OCCRtree 0 matches after bounding box filtering
Debug   : OCCRTree found 1 matches at (-32.7037,32.7037,-122) in tree of size 1705
Debug   : OCCRtree 0 matches after bounding box filtering
Debug   : OCCRTree found 1 matches at (-32.7037,32.7037,-122) in tree of size 1705
Debug   : OCCRtree 0 matches after bounding box filtering
Debug   : OCCRTree found 1 matches at (-36.6926,28.1552,-122) in tree of size 1705
Debug   : OCCRtree 0 matches after bounding box filtering
Debug   : OCCRTree found 1 matches at (-36.6926,28.1552,-122) in tree of size 1705
Debug   : OCCRtree 0 matches after bounding box filtering
Debug   : OCCRTree found 1 matches at (-36.6926,28.1552,-122) in tree of size 1705
Debug   : OCCRtree 0 matches after bounding box filtering
Debug   : OCCRTree found 1 matches at (-40.0537,23.125,-122) in tree of size 1705
Debug   : OCCRtree 0 matches after bounding box filtering
Debug   : OCCRTree found 1 matches at (-40.0537,23.125,-122) in tree of size 1705
Debug   : OCCRtree 0 matches after bounding box filtering
Debug   : OCCRTree found 1 matches at (-40.0537,23.125,-122) in tree of size 1705
Debug   : OCCRtree 0 matches after bounding box filtering
Debug   : OCCRTree found 1 matches at (-42.7294,17.6991,-122) in tree of size 1705
Debug   : OCCRtree 0 matches after bounding box filtering
Debug   : OCCRTree found 1 matches at (-42.7294,17.6991,-122) in tree of size 1705
Debug   : OCCRtree 0 matches after bounding box filtering
Debug   : OCCRTree found 1 matches at (-42.7294,17.6991,-122) in tree of size 1705
Debug   : OCCRtree 0 matches after bounding box filtering
Debug   : OCCRTree found 1 matches at (-44.388,11.8937,-122) in tree of size 1705
Debug   : OCCRtree 0 matches after bounding box filtering
Debug   : OCCRTree found 1 matches at (-44.388,11.8937,-122) in tree of size 1705
Debug   : OCCRtree 0 matches after bounding box filtering
Debug   : OCCRTree found 1 matches at (-44.388,11.8937,-122) in tree of size 1705
Debug   : OCCRtree 0 matches after bounding box filtering
Debug   : OCCRTree found 1 matches at (-45.1073,5.93849,-122) in tree of size 1705
Debug   : OCCRtree 0 matches after bounding box filtering
Debug   : OCCRTree found 1 matches at (-45.1073,5.93849,-122) in tree of size 1705
Debug   : OCCRtree 0 matches after bounding box filtering
Debug   : OCCRTree found 1 matches at (-45.1073,5.93849,-122) in tree of size 1705
Debug   : OCCRtree 0 matches after bounding box filtering
Debug   : OCCRTree found 1 matches at (-45.3103,0,-122) in tree of size 1705
Debug   : OCCRtree 0 matches after bounding box filtering
Debug   : OCCRTree found 1 matches at (-45.3103,0,-122) in tree of size 1705
Debug   : OCCRtree 0 matches after bounding box filtering
Debug   : OCCRTree found 1 matches at (-45.3103,0,-122) in tree of size 1705
Debug   : OCCRtree 0 matches after bounding box filtering
Debug   : OCCRTree found 1 matches at (-45.1073,-5.93849,-122) in tree of size 1705
Debug   : OCCRtree 0 matches after bounding box filtering
Debug   : OCCRTree found 1 matches at (-45.1073,-5.93849,-122) in tree of size 1705
Debug   : OCCRtree 0 matches after bounding box filtering
Debug   : OCCRTree found 1 matches at (-45.1073,-5.93849,-122) in tree of size 1705
Debug   : OCCRtree 0 matches after bounding box filtering
Debug   : OCCRTree found 1 matches at (-44.388,-11.8937,-122) in tree of size 1705
Debug   : OCCRtree 0 matches after bounding box filtering
Debug   : OCCRTree found 1 matches at (-44.388,-11.8937,-122) in tree of size 1705
Debug   : OCCRtree 0 matches after bounding box filtering
Debug   : OCCRTree found 1 matches at (-44.388,-11.8937,-122) in tree of size 1705
Debug   : OCCRtree 0 matches after bounding box filtering
Debug   : OCCRTree found 1 matches at (-42.7294,-17.6991,-122) in tree of size 1705
Debug   : OCCRtree 0 matches after bounding box filtering
Debug   : OCCRTree found 1 matches at (-42.7294,-17.6991,-122) in tree of size 1705
Debug   : OCCRtree 0 matches after bounding box filtering
Debug   : OCCRTree found 1 matches at (-42.7294,-17.6991,-122) in tree of size 1705
Debug   : OCCRtree 0 matches after bounding box filtering
Debug   : OCCRTree found 1 matches at (-40.0537,-23.125,-122) in tree of size 1705
Debug   : OCCRtree 0 matches after bounding box filtering
Debug   : OCCRTree found 1 matches at (-40.0537,-23.125,-122) in tree of size 1705
Debug   : OCCRtree 0 matches after bounding box filtering
Debug   : OCCRTree found 1 matches at (-40.0537,-23.125,-122) in tree of size 1705
Debug   : OCCRtree 0 matches after bounding box filtering
Debug   : OCCRTree found 1 matches at (-36.6926,-28.1552,-122) in tree of size 1705
Debug   : OCCRtree 0 matches after bounding box filtering
Debug   : OCCRTree found 1 matches at (-36.6926,-28.1552,-122) in tree of size 1705
Debug   : OCCRtree 0 matches after bounding box filtering
Debug   : OCCRTree found 1 matches at (-36.6926,-28.1552,-122) in tree of size 1705
Debug   : OCCRtree 0 matches after bounding box filtering
Debug   : OCCRTree found 1 matches at (-32.7037,-32.7037,-122) in tree of size 1705
Debug   : OCCRtree 0 matches after bounding box filtering
Debug   : OCCRTree found 1 matches at (-32.7037,-32.7037,-122) in tree of size 1705
Debug   : OCCRtree 0 matches after bounding box filtering
Debug   : OCCRTree found 1 matches at (-32.7037,-32.7037,-122) in tree of size 1705
Debug   : OCCRtree 0 matches after bounding box filtering
Debug   : OCCRTree found 1 matches at (-28.1552,-36.6926,-122) in tree of size 1705
Debug   : OCCRtree 0 matches after bounding box filtering
Debug   : OCCRTree found 1 matches at (-28.1552,-36.6926,-122) in tree of size 1705
Debug   : OCCRtree 0 matches after bounding box filtering
Debug   : OCCRTree found 1 matches at (-28.1552,-36.6926,-122) in tree of size 1705
Debug   : OCCRtree 0 matches after bounding box filtering
Debug   : OCCRTree found 1 matches at (-23.125,-40.0537,-122) in tree of size 1705
Debug   : OCCRtree 0 matches after bounding box filtering
Debug   : OCCRTree found 1 matches at (-23.125,-40.0537,-122) in tree of size 1705
Debug   : OCCRtree 0 matches after bounding box filtering
Debug   : OCCRTree found 1 matches at (-23.125,-40.0537,-122) in tree of size 1705
Debug   : OCCRtree 0 matches after bounding box filtering
Debug   : OCCRTree found 1 matches at (-17.6991,-42.7294,-122) in tree of size 1705
Debug   : OCCRtree 0 matches after bounding box filtering
Debug   : OCCRTree found 1 matches at (-17.6991,-42.7294,-122) in tree of size 1705
Debug   : OCCRtree 0 matches after bounding box filtering
Debug   : OCCRTree found 1 matches at (-17.6991,-42.7294,-122) in tree of size 1705
Debug   : OCCRtree 0 matches after bounding box filtering
Debug   : OCCRTree found 1 matches at (-11.9704,-44.6741,-122) in tree of size 1705
Debug   : OCCRtree 0 matches after bounding box filtering
Debug   : OCCRTree found 1 matches at (-11.9704,-44.6741,-122) in tree of size 1705
Debug   : OCCRtree 0 matches after bounding box filtering
Debug   : OCCRTree found 1 matches at (-11.9704,-44.6741,-122) in tree of size 1705
Debug   : OCCRtree 0 matches after bounding box filtering
Debug   : OCCRTree found 1 matches at (-6.03684,-45.8543,-122) in tree of size 1705
Debug   : OCCRtree 0 matches after bounding box filtering
Debug   : OCCRTree found 1 matches at (-6.03684,-45.8543,-122) in tree of size 1705
Debug   : OCCRtree 0 matches after bounding box filtering
Debug   : OCCRTree found 1 matches at (-6.03684,-45.8543,-122) in tree of size 1705
Debug   : OCCRtree 0 matches after bounding box filtering
Debug   : OCCRTree found 1 matches at (0,-46.25,-122) in tree of size 1705
Debug   : OCCRtree 0 matches after bounding box filtering
Debug   : OCCRTree found 1 matches at (0,-46.25,-122) in tree of size 1705
Debug   : OCCRtree 0 matches after bounding box filtering
Debug   : OCCRTree found 1 matches at (0,-46.25,-122) in tree of size 1705
Debug   : OCCRtree 0 matches after bounding box filtering
Debug   : OCCRTree found 1 matches at (6.03684,-45.8543,-122) in tree of size 1705
Debug   : OCCRtree 0 matches after bounding box filtering
Debug   : OCCRTree found 1 matches at (6.03684,-45.8543,-122) in tree of size 1705
Debug   : OCCRtree 0 matches after bounding box filtering
Debug   : OCCRTree found 1 matches at (6.03684,-45.8543,-122) in tree of size 1705
Debug   : OCCRtree 0 matches after bounding box filtering
Debug   : OCCRTree found 1 matches at (11.9704,-44.6741,-122) in tree of size 1705
Debug   : OCCRtree 0 matches after bounding box filtering
Debug   : OCCRTree found 1 matches at (11.9704,-44.6741,-122) in tree of size 1705
Debug   : OCCRtree 0 matches after bounding box filtering
Debug   : OCCRTree found 1 matches at (11.9704,-44.6741,-122) in tree of size 1705
Debug   : OCCRtree 0 matches after bounding box filtering
Debug   : OCCRTree found 1 matches at (17.6991,-42.7294,-122) in tree of size 1705
Debug   : OCCRtree 0 matches after bounding box filtering
Debug   : OCCRTree found 1 matches at (17.6991,-42.7294,-122) in tree of size 1705
Debug   : OCCRtree 0 matches after bounding box filtering
Debug   : OCCRTree found 1 matches at (17.6991,-42.7294,-122) in tree of size 1705
Debug   : OCCRtree 0 matches after bounding box filtering
Debug   : OCCRTree found 1 matches at (23.125,-40.0537,-122) in tree of size 1705
Debug   : OCCRtree 0 matches after bounding box filtering
Debug   : OCCRTree found 1 matches at (23.125,-40.0537,-122) in tree of size 1705
Debug   : OCCRtree 0 matches after bounding box filtering
Debug   : OCCRTree found 1 matches at (23.125,-40.0537,-122) in tree of size 1705
Debug   : OCCRtree 0 matches after bounding box filtering
Debug   : OCCRTree found 1 matches at (28.1552,-36.6926,-122) in tree of size 1705
Debug   : OCCRtree 0 matches after bounding box filtering
Debug   : OCCRTree found 1 matches at (28.1552,-36.6926,-122) in tree of size 1705
Debug   : OCCRtree 0 matches after bounding box filtering
Debug   : OCCRTree found 1 matches at (28.1552,-36.6926,-122) in tree of size 1705
Debug   : OCCRtree 0 matches after bounding box filtering
Debug   : OCCRTree found 1 matches at (32.7037,-32.7037,-122) in tree of size 1705
Debug   : OCCRtree 0 matches after bounding box filtering
Debug   : OCCRTree found 1 matches at (32.7037,-32.7037,-122) in tree of size 1705
Debug   : OCCRtree 0 matches after bounding box filtering
Debug   : OCCRTree found 1 matches at (32.7037,-32.7037,-122) in tree of size 1705
Debug   : OCCRtree 0 matches after bounding box filtering
Debug   : OCCRTree found 1 matches at (36.6926,-28.1552,-122) in tree of size 1705
Debug   : OCCRtree 0 matches after bounding box filtering
Debug   : OCCRTree found 1 matches at (36.6926,-28.1552,-122) in tree of size 1705
Debug   : OCCRtree 0 matches after bounding box filtering
Debug   : OCCRTree found 1 matches at (36.6926,-28.1552,-122) in tree of size 1705
Debug   : OCCRtree 0 matches after bounding box filtering
Debug   : OCCRTree found 1 matches at (40.0537,-23.125,-122) in tree of size 1705
Debug   : OCCRtree 0 matches after bounding box filtering
Debug   : OCCRTree found 1 matches at (40.0537,-23.125,-122) in tree of size 1705
Debug   : OCCRtree 0 matches after bounding box filtering
Debug   : OCCRTree found 1 matches at (40.0537,-23.125,-122) in tree of size 1705
Debug   : OCCRtree 0 matches after bounding box filtering
Debug   : OCCRTree found 1 matches at (42.7294,-17.6991,-122) in tree of size 1705
Debug   : OCCRtree 0 matches after bounding box filtering
Debug   : OCCRTree found 1 matches at (42.7294,-17.6991,-122) in tree of size 1705
Debug   : OCCRtree 0 matches after bounding box filtering
Debug   : OCCRTree found 1 matches at (42.7294,-17.6991,-122) in tree of size 1705
Debug   : OCCRtree 0 matches after bounding box filtering
Debug   : OCCRTree found 1 matches at (44.388,-11.8937,-122) in tree of size 1705
Debug   : OCCRtree 0 matches after bounding box filtering
Debug   : OCCRTree found 1 matches at (44.388,-11.8937,-122) in tree of size 1705
Debug   : OCCRtree 0 matches after bounding box filtering
Debug   : OCCRTree found 1 matches at (44.388,-11.8937,-122) in tree of size 1705
Debug   : OCCRtree 0 matches after bounding box filtering
Debug   : OCCRTree found 1 matches at (45.1073,-5.93849,-122) in tree of size 1705
Debug   : OCCRtree 0 matches after bounding box filtering
Debug   : OCCRTree found 1 matches at (45.1073,-5.93849,-122) in tree of size 1705
Debug   : OCCRtree 0 matches after bounding box filtering
Debug   : OCCRTree found 1 matches at (45.1073,-5.93849,-122) in tree of size 1705
Debug   : OCCRtree 0 matches after bounding box filtering
Debug   : OCCRTree found 1 matches at (45.2368,0,-120.489) in tree of size 1705
Debug   : OCCRtree 0 matches after bounding box filtering
Debug   : OCCRTree found 1 matches at (45.2368,0,-120.489) in tree of size 1705
Debug   : OCCRtree 0 matches after bounding box filtering
Debug   : OCCRTree found 1 matches at (45.2368,0,-120.489) in tree of size 1705
Debug   : OCCRtree 0 matches after bounding box filtering
Debug   : OCCRTree found 1 matches at (45.0782,6.04176,-120.489) in tree of size 1705
Debug   : OCCRtree 0 matches after bounding box filtering
Debug   : OCCRTree found 1 matches at (45.0782,6.04176,-120.489) in tree of size 1705
Debug   : OCCRtree 0 matches after bounding box filtering
Debug   : OCCRTree found 1 matches at (45.0782,6.04176,-120.489) in tree of size 1705
Debug   : OCCRtree 0 matches after bounding box filtering
Debug   : OCCRTree found 1 matches at (44.5051,11.9971,-120.489) in tree of size 1705
Debug   : OCCRtree 0 matches after bounding box filtering
Debug   : OCCRTree found 1 matches at (44.5051,11.9971,-120.489) in tree of size 1705
Debug   : OCCRtree 0 matches after bounding box filtering
Debug   : OCCRTree found 1 matches at (44.5051,11.9971,-120.489) in tree of size 1705
Debug   : OCCRtree 0 matches after bounding box filtering
Debug   : OCCRTree found 1 matches at (43.164,17.9478,-120.489) in tree of size 1705
Debug   : OCCRtree 0 matches after bounding box filtering
Debug   : OCCRTree found 1 matches at (43.164,17.9478,-120.489) in tree of size 1705
Debug   : OCCRtree 0 matches after bounding box filtering
Debug   : OCCRTree found 1 matches at (43.164,17.9478,-120.489) in tree of size 1705
Debug   : OCCRtree 0 matches after bounding box filtering
Debug   : OCCRTree found 1 matches at (40.5215,23.4604,-120.489) in tree of size 1705
Debug   : OCCRtree 0 matches after bounding box filtering
Debug   : OCCRTree found 1 matches at (40.5215,23.4604,-120.489) in tree of size 1705
Debug   : OCCRtree 0 matches after bounding box filtering
Debug   : OCCRTree found 1 matches at (40.5215,23.4604,-120.489) in tree of size 1705
Debug   : OCCRtree 0 matches after bounding box filtering
Debug   : OCCRTree found 1 matches at (37.117,28.5432,-120.489) in tree of size 1705
Debug   : OCCRtree 0 matches after bounding box filtering
Debug   : OCCRTree found 1 matches at (37.117,28.5432,-120.489) in tree of size 1705
Debug   : OCCRtree 0 matches after bounding box filtering
Debug   : OCCRTree found 1 matches at (37.117,28.5432,-120.489) in tree of size 1705
Debug   : OCCRtree 0 matches after bounding box filtering
Debug   : OCCRTree found 1 matches at (33.0788,33.1388,-120.489) in tree of size 1705
Debug   : OCCRtree 0 matches after bounding box filtering
Debug   : OCCRTree found 1 matches at (33.0788,33.1388,-120.489) in tree of size 1705
Debug   : OCCRtree 0 matches after bounding box filtering
Debug   : OCCRTree found 1 matches at (33.0788,33.1388,-120.489) in tree of size 1705
Debug   : OCCRtree 0 matches after bounding box filtering
Debug   : OCCRTree found 1 matches at (28.4759,37.1686,-120.489) in tree of size 1705
Debug   : OCCRtree 0 matches after bounding box filtering
Debug   : OCCRTree found 1 matches at (28.4759,37.1686,-120.489) in tree of size 1705
Debug   : OCCRtree 0 matches after bounding box filtering
Debug   : OCCRTree found 1 matches at (28.4759,37.1686,-120.489) in tree of size 1705
Debug   : OCCRtree 0 matches after bounding box filtering
Debug   : OCCRTree found 1 matches at (23.387,40.564,-120.489) in tree of size 1705
Debug   : OCCRtree 0 matches after bounding box filtering
Debug   : OCCRTree found 1 matches at (23.387,40.564,-120.489) in tree of size 1705
Debug   : OCCRtree 0 matches after bounding box filtering
Debug   : OCCRTree found 1 matches at (23.387,40.564,-120.489) in tree of size 1705
Debug   : OCCRtree 0 matches after bounding box filtering
Debug   : OCCRTree found 1 matches at (17.8988,43.2668,-120.489) in tree of size 1705
Debug   : OCCRtree 0 matches after bounding box filtering
Debug   : OCCRTree found 1 matches at (17.8988,43.2668,-120.489) in tree of size 1705
Debug   : OCCRtree 0 matches after bounding box filtering
Debug   : OCCRTree found 1 matches at (17.8988,43.2668,-120.489) in tree of size 1705
Debug   : OCCRtree 0 matches after bounding box filtering
Debug   : OCCRTree found 1 matches at (12.105,45.2311,-120.489) in tree of size 1705
Debug   : OCCRtree 0 matches after bounding box filtering
Debug   : OCCRTree found 1 matches at (12.105,45.2311,-120.489) in tree of size 1705
Debug   : OCCRtree 0 matches after bounding box filtering
Debug   : OCCRTree found 1 matches at (12.105,45.2311,-120.489) in tree of size 1705
Debug   : OCCRtree 0 matches after bounding box filtering
Debug   : OCCRTree found 1 matches at (6.10461,46.4233,-120.489) in tree of size 1705
Debug   : OCCRtree 0 matches after bounding box filtering
Debug   : OCCRTree found 1 matches at (6.10461,46.4233,-120.489) in tree of size 1705
Debug   : OCCRtree 0 matches after bounding box filtering
Debug   : OCCRTree found 1 matches at (6.10461,46.4233,-120.489) in tree of size 1705
Debug   : OCCRtree 0 matches after bounding box filtering
Debug   : OCCRTree found 1 matches at (0,46.8229,-120.489) in tree of size 1705
Debug   : OCCRtree 0 matches after bounding box filtering
Debug   : OCCRTree found 1 matches at (0,46.8229,-120.489) in tree of size 1705
Debug   : OCCRtree 0 matches after bounding box filtering
Debug   : OCCRTree found 1 matches at (0,46.8229,-120.489) in tree of size 1705
Debug   : OCCRtree 0 matches after bounding box filtering
Debug   : OCCRTree found 1 matches at (-6.10461,46.4233,-120.489) in tree of size 1705
Debug   : OCCRtree 0 matches after bounding box filtering
Debug   : OCCRTree found 1 matches at (-6.10461,46.4233,-120.489) in tree of size 1705
Debug   : OCCRtree 0 matches after bounding box filtering
Debug   : OCCRTree found 1 matches at (-6.10461,46.4233,-120.489) in tree of size 1705
Debug   : OCCRtree 0 matches after bounding box filtering
Debug   : OCCRTree found 1 matches at (-12.105,45.2311,-120.489) in tree of size 1705
Debug   : OCCRtree 0 matches after bounding box filtering
Debug   : OCCRTree found 1 matches at (-12.105,45.2311,-120.489) in tree of size 1705
Debug   : OCCRtree 0 matches after bounding box filtering
Debug   : OCCRTree found 1 matches at (-12.105,45.2311,-120.489) in tree of size 1705
Debug   : OCCRtree 0 matches after bounding box filtering
Debug   : OCCRTree found 1 matches at (-17.8988,43.2668,-120.489) in tree of size 1705
Debug   : OCCRtree 0 matches after bounding box filtering
Debug   : OCCRTree found 1 matches at (-17.8988,43.2668,-120.489) in tree of size 1705
Debug   : OCCRtree 0 matches after bounding box filtering
Debug   : OCCRTree found 1 matches at (-17.8988,43.2668,-120.489) in tree of size 1705
Debug   : OCCRtree 0 matches after bounding box filtering
Debug   : OCCRTree found 1 matches at (-23.387,40.564,-120.489) in tree of size 1705
Debug   : OCCRtree 0 matches after bounding box filtering
Debug   : OCCRTree found 1 matches at (-23.387,40.564,-120.489) in tree of size 1705
Debug   : OCCRtree 0 matches after bounding box filtering
Debug   : OCCRTree found 1 matches at (-23.387,40.564,-120.489) in tree of size 1705
Debug   : OCCRtree 0 matches after bounding box filtering
Debug   : OCCRTree found 1 matches at (-28.4759,37.1686,-120.489) in tree of size 1705
Debug   : OCCRtree 0 matches after bounding box filtering
Debug   : OCCRTree found 1 matches at (-28.4759,37.1686,-120.489) in tree of size 1705
Debug   : OCCRtree 0 matches after bounding box filtering
Debug   : OCCRTree found 1 matches at (-28.4759,37.1686,-120.489) in tree of size 1705
Debug   : OCCRtree 0 matches after bounding box filtering
Debug   : OCCRTree found 1 matches at (-33.0788,33.1388,-120.489) in tree of size 1705
Debug   : OCCRtree 0 matches after bounding box filtering
Debug   : OCCRTree found 1 matches at (-33.0788,33.1388,-120.489) in tree of size 1705
Debug   : OCCRtree 0 matches after bounding box filtering
Debug   : OCCRTree found 1 matches at (-33.0788,33.1388,-120.489) in tree of size 1705
Debug   : OCCRtree 0 matches after bounding box filtering
Debug   : OCCRTree found 1 matches at (-37.117,28.5432,-120.489) in tree of size 1705
Debug   : OCCRtree 0 matches after bounding box filtering
Debug   : OCCRTree found 1 matches at (-37.117,28.5432,-120.489) in tree of size 1705
Debug   : OCCRtree 0 matches after bounding box filtering
Debug   : OCCRTree found 1 matches at (-37.117,28.5432,-120.489) in tree of size 1705
Debug   : OCCRtree 0 matches after bounding box filtering
Debug   : OCCRTree found 1 matches at (-40.5215,23.4604,-120.489) in tree of size 1705
Debug   : OCCRtree 0 matches after bounding box filtering
Debug   : OCCRTree found 1 matches at (-40.5215,23.4604,-120.489) in tree of size 1705
Debug   : OCCRtree 0 matches after bounding box filtering
Debug   : OCCRTree found 1 matches at (-40.5215,23.4604,-120.489) in tree of size 1705
Debug   : OCCRtree 0 matches after bounding box filtering
Debug   : OCCRTree found 1 matches at (-43.164,17.9478,-120.489) in tree of size 1705
Debug   : OCCRtree 0 matches after bounding box filtering
Debug   : OCCRTree found 1 matches at (-43.164,17.9478,-120.489) in tree of size 1705
Debug   : OCCRtree 0 matches after bounding box filtering
Debug   : OCCRTree found 1 matches at (-43.164,17.9478,-120.489) in tree of size 1705
Debug   : OCCRtree 0 matches after bounding box filtering
Debug   : OCCRTree found 1 matches at (-44.5051,11.9971,-120.489) in tree of size 1705
Debug   : OCCRtree 0 matches after bounding box filtering
Debug   : OCCRTree found 1 matches at (-44.5051,11.9971,-120.489) in tree of size 1705
Debug   : OCCRtree 0 matches after bounding box filtering
Debug   : OCCRTree found 1 matches at (-44.5051,11.9971,-120.489) in tree of size 1705
Debug   : OCCRtree 0 matches after bounding box filtering
Debug   : OCCRTree found 1 matches at (-45.0782,6.04176,-120.489) in tree of size 1705
Debug   : OCCRtree 0 matches after bounding box filtering
Debug   : OCCRTree found 1 matches at (-45.0782,6.04176,-120.489) in tree of size 1705
Debug   : OCCRtree 0 matches after bounding box filtering
Debug   : OCCRTree found 1 matches at (-45.0782,6.04176,-120.489) in tree of size 1705
Debug   : OCCRtree 0 matches after bounding box filtering
Debug   : OCCRTree found 1 matches at (-45.2368,0,-120.489) in tree of size 1705
Debug   : OCCRtree 0 matches after bounding box filtering
Debug   : OCCRTree found 1 matches at (-45.2368,0,-120.489) in tree of size 1705
Debug   : OCCRtree 0 matches after bounding box filtering
Debug   : OCCRTree found 1 matches at (-45.2368,0,-120.489) in tree of size 1705
Debug   : OCCRtree 0 matches after bounding box filtering
Debug   : OCCRTree found 1 matches at (-45.0782,-6.04176,-120.489) in tree of size 1705
Debug   : OCCRtree 0 matches after bounding box filtering
Debug   : OCCRTree found 1 matches at (-45.0782,-6.04176,-120.489) in tree of size 1705
Debug   : OCCRtree 0 matches after bounding box filtering
Debug   : OCCRTree found 1 matches at (-45.0782,-6.04176,-120.489) in tree of size 1705
Debug   : OCCRtree 0 matches after bounding box filtering
Debug   : OCCRTree found 1 matches at (-44.5051,-11.9971,-120.489) in tree of size 1705
Debug   : OCCRtree 0 matches after bounding box filtering
Debug   : OCCRTree found 1 matches at (-44.5051,-11.9971,-120.489) in tree of size 1705
Debug   : OCCRtree 0 matches after bounding box filtering
Debug   : OCCRTree found 1 matches at (-44.5051,-11.9971,-120.489) in tree of size 1705
Debug   : OCCRtree 0 matches after bounding box filtering
Debug   : OCCRTree found 1 matches at (-43.164,-17.9478,-120.489) in tree of size 1705
Debug   : OCCRtree 0 matches after bounding box filtering
Debug   : OCCRTree found 1 matches at (-43.164,-17.9478,-120.489) in tree of size 1705
Debug   : OCCRtree 0 matches after bounding box filtering
Debug   : OCCRTree found 1 matches at (-43.164,-17.9478,-120.489) in tree of size 1705
Debug   : OCCRtree 0 matches after bounding box filtering
Debug   : OCCRTree found 1 matches at (-40.5215,-23.4604,-120.489) in tree of size 1705
Debug   : OCCRtree 0 matches after bounding box filtering
Debug   : OCCRTree found 1 matches at (-40.5215,-23.4604,-120.489) in tree of size 1705
Debug   : OCCRtree 0 matches after bounding box filtering
Debug   : OCCRTree found 1 matches at (-40.5215,-23.4604,-120.489) in tree of size 1705
Debug   : OCCRtree 0 matches after bounding box filtering
Debug   : OCCRTree found 1 matches at (-37.117,-28.5432,-120.489) in tree of size 1705
Debug   : OCCRtree 0 matches after bounding box filtering
Debug   : OCCRTree found 1 matches at (-37.117,-28.5432,-120.489) in tree of size 1705
Debug   : OCCRtree 0 matches after bounding box filtering
Debug   : OCCRTree found 1 matches at (-37.117,-28.5432,-120.489) in tree of size 1705
Debug   : OCCRtree 0 matches after bounding box filtering
Debug   : OCCRTree found 1 matches at (-33.0788,-33.1388,-120.489) in tree of size 1705
Debug   : OCCRtree 0 matches after bounding box filtering
Debug   : OCCRTree found 1 matches at (-33.0788,-33.1388,-120.489) in tree of size 1705
Debug   : OCCRtree 0 matches after bounding box filtering
Debug   : OCCRTree found 1 matches at (-33.0788,-33.1388,-120.489) in tree of size 1705
Debug   : OCCRtree 0 matches after bounding box filtering
Debug   : OCCRTree found 1 matches at (-28.4759,-37.1686,-120.489) in tree of size 1705
Debug   : OCCRtree 0 matches after bounding box filtering
Debug   : OCCRTree found 1 matches at (-28.4759,-37.1686,-120.489) in tree of size 1705
Debug   : OCCRtree 0 matches after bounding box filtering
Debug   : OCCRTree found 1 matches at (-28.4759,-37.1686,-120.489) in tree of size 1705
Debug   : OCCRtree 0 matches after bounding box filtering
Debug   : OCCRTree found 1 matches at (-23.387,-40.564,-120.489) in tree of size 1705
Debug   : OCCRtree 0 matches after bounding box filtering
Debug   : OCCRTree found 1 matches at (-23.387,-40.564,-120.489) in tree of size 1705
Debug   : OCCRtree 0 matches after bounding box filtering
Debug   : OCCRTree found 1 matches at (-23.387,-40.564,-120.489) in tree of size 1705
Debug   : OCCRtree 0 matches after bounding box filtering
Debug   : OCCRTree found 1 matches at (-17.8988,-43.2668,-120.489) in tree of size 1705
Debug   : OCCRtree 0 matches after bounding box filtering
Debug   : OCCRTree found 1 matches at (-17.8988,-43.2668,-120.489) in tree of size 1705
Debug   : OCCRtree 0 matches after bounding box filtering
Debug   : OCCRTree found 1 matches at (-17.8988,-43.2668,-120.489) in tree of size 1705
Debug   : OCCRtree 0 matches after bounding box filtering
Debug   : OCCRTree found 1 matches at (-12.105,-45.2311,-120.489) in tree of size 1705
Debug   : OCCRtree 0 matches after bounding box filtering
Debug   : OCCRTree found 1 matches at (-12.105,-45.2311,-120.489) in tree of size 1705
Debug   : OCCRtree 0 matches after bounding box filtering
Debug   : OCCRTree found 1 matches at (-12.105,-45.2311,-120.489) in tree of size 1705
Debug   : OCCRtree 0 matches after bounding box filtering
Debug   : OCCRTree found 1 matches at (-6.10461,-46.4233,-120.489) in tree of size 1705
Debug   : OCCRtree 0 matches after bounding box filtering
Debug   : OCCRTree found 1 matches at (-6.10461,-46.4233,-120.489) in tree of size 1705
Debug   : OCCRtree 0 matches after bounding box filtering
Debug   : OCCRTree found 1 matches at (-6.10461,-46.4233,-120.489) in tree of size 1705
Debug   : OCCRtree 0 matches after bounding box filtering
Debug   : OCCRTree found 1 matches at (0,-46.8229,-120.489) in tree of size 1705
Debug   : OCCRtree 0 matches after bounding box filtering
Debug   : OCCRTree found 1 matches at (0,-46.8229,-120.489) in tree of size 1705
Debug   : OCCRtree 0 matches after bounding box filtering
Debug   : OCCRTree found 1 matches at (0,-46.8229,-120.489) in tree of size 1705
Debug   : OCCRtree 0 matches after bounding box filtering
Debug   : OCCRTree found 1 matches at (6.10461,-46.4233,-120.489) in tree of size 1705
Debug   : OCCRtree 0 matches after bounding box filtering
Debug   : OCCRTree found 1 matches at (6.10461,-46.4233,-120.489) in tree of size 1705
Debug   : OCCRtree 0 matches after bounding box filtering
Debug   : OCCRTree found 1 matches at (6.10461,-46.4233,-120.489) in tree of size 1705
Debug   : OCCRtree 0 matches after bounding box filtering
Debug   : OCCRTree found 1 matches at (12.105,-45.2311,-120.489) in tree of size 1705
Debug   : OCCRtree 0 matches after bounding box filtering
Debug   : OCCRTree found 1 matches at (12.105,-45.2311,-120.489) in tree of size 1705
Debug   : OCCRtree 0 matches after bounding box filtering
Debug   : OCCRTree found 1 matches at (12.105,-45.2311,-120.489) in tree of size 1705
Debug   : OCCRtree 0 matches after bounding box filtering
Debug   : OCCRTree found 1 matches at (17.8988,-43.2668,-120.489) in tree of size 1705
Debug   : OCCRtree 0 matches after bounding box filtering
Debug   : OCCRTree found 1 matches at (17.8988,-43.2668,-120.489) in tree of size 1705
Debug   : OCCRtree 0 matches after bounding box filtering
Debug   : OCCRTree found 1 matches at (17.8988,-43.2668,-120.489) in tree of size 1705
Debug   : OCCRtree 0 matches after bounding box filtering
Debug   : OCCRTree found 1 matches at (23.387,-40.564,-120.489) in tree of size 1705
Debug   : OCCRtree 0 matches after bounding box filtering
Debug   : OCCRTree found 1 matches at (23.387,-40.564,-120.489) in tree of size 1705
Debug   : OCCRtree 0 matches after bounding box filtering
Debug   : OCCRTree found 1 matches at (23.387,-40.564,-120.489) in tree of size 1705
Debug   : OCCRtree 0 matches after bounding box filtering
Debug   : OCCRTree found 1 matches at (28.4759,-37.1686,-120.489) in tree of size 1705
Debug   : OCCRtree 0 matches after bounding box filtering
Debug   : OCCRTree found 1 matches at (28.4759,-37.1686,-120.489) in tree of size 1705
Debug   : OCCRtree 0 matches after bounding box filtering
Debug   : OCCRTree found 1 matches at (28.4759,-37.1686,-120.489) in tree of size 1705
Debug   : OCCRtree 0 matches after bounding box filtering
Debug   : OCCRTree found 1 matches at (33.0788,-33.1388,-120.489) in tree of size 1705
Debug   : OCCRtree 0 matches after bounding box filtering
Debug   : OCCRTree found 1 matches at (33.0788,-33.1388,-120.489) in tree of size 1705
Debug   : OCCRtree 0 matches after bounding box filtering
Debug   : OCCRTree found 1 matches at (33.0788,-33.1388,-120.489) in tree of size 1705
Debug   : OCCRtree 0 matches after bounding box filtering
Debug   : OCCRTree found 1 matches at (37.117,-28.5432,-120.489) in tree of size 1705
Debug   : OCCRtree 0 matches after bounding box filtering
Debug   : OCCRTree found 1 matches at (37.117,-28.5432,-120.489) in tree of size 1705
Debug   : OCCRtree 0 matches after bounding box filtering
Debug   : OCCRTree found 1 matches at (37.117,-28.5432,-120.489) in tree of size 1705
Debug   : OCCRtree 0 matches after bounding box filtering
Debug   : OCCRTree found 1 matches at (40.5215,-23.4604,-120.489) in tree of size 1705
Debug   : OCCRtree 0 matches after bounding box filtering
Debug   : OCCRTree found 1 matches at (40.5215,-23.4604,-120.489) in tree of size 1705
Debug   : OCCRtree 0 matches after bounding box filtering
Debug   : OCCRTree found 1 matches at (40.5215,-23.4604,-120.489) in tree of size 1705
Debug   : OCCRtree 0 matches after bounding box filtering
Debug   : OCCRTree found 1 matches at (43.164,-17.9478,-120.489) in tree of size 1705
Debug   : OCCRtree 0 matches after bounding box filtering
Debug   : OCCRTree found 1 matches at (43.164,-17.9478,-120.489) in tree of size 1705
Debug   : OCCRtree 0 matches after bounding box filtering
Debug   : OCCRTree found 1 matches at (43.164,-17.9478,-120.489) in tree of size 1705
Debug   : OCCRtree 0 matches after bounding box filtering
Debug   : OCCRTree found 1 matches at (44.5051,-11.9971,-120.489) in tree of size 1705
Debug   : OCCRtree 0 matches after bounding box filtering
Debug   : OCCRTree found 1 matches at (44.5051,-11.9971,-120.489) in tree of size 1705
Debug   : OCCRtree 0 matches after bounding box filtering
Debug   : OCCRTree found 1 matches at (44.5051,-11.9971,-120.489) in tree of size 1705
Debug   : OCCRtree 0 matches after bounding box filtering
Debug   : OCCRTree found 1 matches at (45.0782,-6.04176,-120.489) in tree of size 1705
Debug   : OCCRtree 0 matches after bounding box filtering
Debug   : OCCRTree found 1 matches at (45.0782,-6.04176,-120.489) in tree of size 1705
Debug   : OCCRtree 0 matches after bounding box filtering
Debug   : OCCRTree found 1 matches at (45.0782,-6.04176,-120.489) in tree of size 1705
Debug   : OCCRtree 0 matches after bounding box filtering
Debug   : OCCRTree found 1 matches at (44.9997,0,-118.977) in tree of size 1705
Debug   : OCCRtree 0 matches after bounding box filtering
Debug   : OCCRTree found 1 matches at (44.9997,0,-118.977) in tree of size 1705
Debug   : OCCRtree 0 matches after bounding box filtering
Debug   : OCCRTree found 1 matches at (44.9997,0,-118.977) in tree of size 1705
Debug   : OCCRtree 0 matches after bounding box filtering
Debug   : OCCRTree found 1 matches at (44.8983,6.15593,-118.977) in tree of size 1705
Debug   : OCCRtree 0 matches after bounding box filtering
Debug   : OCCRTree found 1 matches at (44.8983,6.15593,-118.977) in tree of size 1705
Debug   : OCCRtree 0 matches after bounding box filtering
Debug   : OCCRTree found 1 matches at (44.8983,6.15593,-118.977) in tree of size 1705
Debug   : OCCRtree 0 matches after bounding box filtering
Debug   : OCCRTree found 1 matches at (44.4661,12.1934,-118.977) in tree of size 1705
Debug   : OCCRtree 0 matches after bounding box filtering
Debug   : OCCRTree found 1 matches at (44.4661,12.1934,-118.977) in tree of size 1705
Debug   : OCCRtree 0 matches after bounding box filtering
Debug   : OCCRTree found 1 matches at (44.4661,12.1934,-118.977) in tree of size 1705
Debug   : OCCRtree 0 matches after bounding box filtering
Debug   : OCCRTree found 1 matches at (43.3823,18.1623,-118.977) in tree of size 1705
Debug   : OCCRtree 0 matches after bounding box filtering
Debug   : OCCRTree found 1 matches at (43.3823,18.1623,-118.977) in tree of size 1705
Debug   : OCCRtree 0 matches after bounding box filtering
Debug   : OCCRTree found 1 matches at (43.3823,18.1623,-118.977) in tree of size 1705
Debug   : OCCRtree 0 matches after bounding box filtering
Debug   : OCCRTree found 1 matches at (40.966,23.8359,-118.977) in tree of size 1705
Debug   : OCCRtree 0 matches after bounding box filtering
Debug   : OCCRTree found 1 matches at (40.966,23.8359,-118.977) in tree of size 1705
Debug   : OCCRtree 0 matches after bounding box filtering
Debug   : OCCRTree found 1 matches at (40.966,23.8359,-118.977) in tree of size 1705
Debug   : OCCRtree 0 matches after bounding box filtering
Debug   : OCCRTree found 1 matches at (37.5165,28.9634,-118.977) in tree of size 1705
Debug   : OCCRtree 0 matches after bounding box filtering
Debug   : OCCRTree found 1 matches at (37.5165,28.9634,-118.977) in tree of size 1705
Debug   : OCCRtree 0 matches after bounding box filtering
Debug   : OCCRTree found 1 matches at (37.5165,28.9634,-118.977) in tree of size 1705
Debug   : OCCRtree 0 matches after bounding box filtering
Debug   : OCCRTree found 1 matches at (33.4292,33.5984,-118.977) in tree of size 1705
Debug   : OCCRtree 0 matches after bounding box filtering
Debug   : OCCRTree found 1 matches at (33.4292,33.5984,-118.977) in tree of size 1705
Debug   : OCCRtree 0 matches after bounding box filtering
Debug   : OCCRTree found 1 matches at (33.4292,33.5984,-118.977) in tree of size 1705
Debug   : OCCRtree 0 matches after bounding box filtering
Debug   : OCCRTree found 1 matches at (28.7736,37.6623,-118.977) in tree of size 1705
Debug   : OCCRtree 0 matches after bounding box filtering
Debug   : OCCRTree found 1 matches at (28.7736,37.6623,-118.977) in tree of size 1705
Debug   : OCCRtree 0 matches after bounding box filtering
Debug   : OCCRTree found 1 matches at (28.7736,37.6623,-118.977) in tree of size 1705
Debug   : OCCRtree 0 matches after bounding box filtering
Debug   : OCCRTree found 1 matches at (23.6288,41.0858,-118.977) in tree of size 1705
Debug   : OCCRtree 0 matches after bounding box filtering
Debug   : OCCRTree found 1 matches at (23.6288,41.0858,-118.977) in tree of size 1705
Debug   : OCCRtree 0 matches after bounding box filtering
Debug   : OCCRTree found 1 matches at (23.6288,41.0858,-118.977) in tree of size 1705
Debug   : OCCRtree 0 matches after bounding box filtering
Debug   : OCCRTree found 1 matches at (18.0823,43.8109,-118.977) in tree of size 1705
Debug   : OCCRtree 0 matches after bounding box filtering
Debug   : OCCRTree found 1 matches at (18.0823,43.8109,-118.977) in tree of size 1705
Debug   : OCCRtree 0 matches after bounding box filtering
Debug   : OCCRTree found 1 matches at (18.0823,43.8109,-118.977) in tree of size 1705
Debug   : OCCRtree 0 matches after bounding box filtering
Debug   : OCCRTree found 1 matches at (12.2284,45.7912,-118.977) in tree of size 1705
Debug   : OCCRtree 0 matches after bounding box filtering
Debug   : OCCRTree found 1 matches at (12.2284,45.7912,-118.977) in tree of size 1705
Debug   : OCCRtree 0 matches after bounding box filtering
Debug   : OCCRTree found 1 matches at (12.2284,45.7912,-118.977) in tree of size 1705
Debug   : OCCRtree 0 matches after bounding box filtering
Debug   : OCCRTree found 1 matches at (6.16663,46.993,-118.977) in tree of size 1705
Debug   : OCCRtree 0 matches after bounding box filtering
Debug   : OCCRTree found 1 matches at (6.16663,46.993,-118.977) in tree of size 1705
Debug   : OCCRtree 0 matches after bounding box filtering
Debug   : OCCRTree found 1 matches at (6.16663,46.993,-118.977) in tree of size 1705
Debug   : OCCRtree 0 matches after bounding box filtering
Debug   : OCCRTree found 1 matches at (0,47.3958,-118.977) in tree of size 1705
Debug   : OCCRtree 0 matches after bounding box filtering
Debug   : OCCRTree found 1 matches at (0,47.3958,-118.977) in tree of size 1705
Debug   : OCCRtree 0 matches after bounding box filtering
Debug   : OCCRTree found 1 matches at (0,47.3958,-118.977) in tree of size 1705
Debug   : OCCRtree 0 matches after bounding box filtering
Debug   : OCCRTree found 1 matches at (-6.16663,46.993,-118.977) in tree of size 1705
Debug   : OCCRtree 0 matches after bounding box filtering
Debug   : OCCRTree found 1 matches at (-6.16663,46.993,-118.977) in tree of size 1705
Debug   : OCCRtree 0 matches after bounding box filtering
Debug   : OCCRTree found 1 matches at (-6.16663,46.993,-118.977) in tree of size 1705
Debug   : OCCRtree 0 matches after bounding box filtering
Debug   : OCCRTree found 1 matches at (-12.2284,45.7912,-118.977) in tree of size 1705
Debug   : OCCRtree 0 matches after bounding box filtering
Debug   : OCCRTree found 1 matches at (-12.2284,45.7912,-118.977) in tree of size 1705
Debug   : OCCRtree 0 matches after bounding box filtering
Debug   : OCCRTree found 1 matches at (-12.2284,45.7912,-118.977) in tree of size 1705
Debug   : OCCRtree 0 matches after bounding box filtering
Debug   : OCCRTree found 1 matches at (-18.0823,43.8109,-118.977) in tree of size 1705
Debug   : OCCRtree 0 matches after bounding box filtering
Debug   : OCCRTree found 1 matches at (-18.0823,43.8109,-118.977) in tree of size 1705
Debug   : OCCRtree 0 matches after bounding box filtering
Debug   : OCCRTree found 1 matches at (-18.0823,43.8109,-118.977) in tree of size 1705
Debug   : OCCRtree 0 matches after bounding box filtering
Debug   : OCCRTree found 1 matches at (-23.6288,41.0858,-118.977) in tree of size 1705
Debug   : OCCRtree 0 matches after bounding box filtering
Debug   : OCCRTree found 1 matches at (-23.6288,41.0858,-118.977) in tree of size 1705
Debug   : OCCRtree 0 matches after bounding box filtering
Debug   : OCCRTree found 1 matches at (-23.6288,41.0858,-118.977) in tree of size 1705
Debug   : OCCRtree 0 matches after bounding box filtering
Debug   : OCCRTree found 1 matches at (-28.7736,37.6623,-118.977) in tree of size 1705
Debug   : OCCRtree 0 matches after bounding box filtering
Debug   : OCCRTree found 1 matches at (-28.7736,37.6623,-118.977) in tree of size 1705
Debug   : OCCRtree 0 matches after bounding box filtering
Debug   : OCCRTree found 1 matches at (-28.7736,37.6623,-118.977) in tree of size 1705
Debug   : OCCRtree 0 matches after bounding box filtering
Debug   : OCCRTree found 1 matches at (-33.4292,33.5984,-118.977) in tree of size 1705
Debug   : OCCRtree 0 matches after bounding box filtering
Debug   : OCCRTree found 1 matches at (-33.4292,33.5984,-118.977) in tree of size 1705
Debug   : OCCRtree 0 matches after bounding box filtering
Debug   : OCCRTree found 1 matches at (-33.4292,33.5984,-118.977) in tree of size 1705
Debug   : OCCRtree 0 matches after bounding box filtering
Debug   : OCCRTree found 1 matches at (-37.5165,28.9634,-118.977) in tree of size 1705
Debug   : OCCRtree 0 matches after bounding box filtering
Debug   : OCCRTree found 1 matches at (-37.5165,28.9634,-118.977) in tree of size 1705
Debug   : OCCRtree 0 matches after bounding box filtering
Debug   : OCCRTree found 1 matches at (-37.5165,28.9634,-118.977) in tree of size 1705
Debug   : OCCRtree 0 matches after bounding box filtering
Debug   : OCCRTree found 1 matches at (-40.966,23.8359,-118.977) in tree of size 1705
Debug   : OCCRtree 0 matches after bounding box filtering
Debug   : OCCRTree found 1 matches at (-40.966,23.8359,-118.977) in tree of size 1705
Debug   : OCCRtree 0 matches after bounding box filtering
Debug   : OCCRTree found 1 matches at (-40.966,23.8359,-118.977) in tree of size 1705
Debug   : OCCRtree 0 matches after bounding box filtering
Debug   : OCCRTree found 1 matches at (-43.3823,18.1623,-118.977) in tree of size 1705
Debug   : OCCRtree 0 matches after bounding box filtering
Debug   : OCCRTree found 1 matches at (-43.3823,18.1623,-118.977) in tree of size 1705
Debug   : OCCRtree 0 matches after bounding box filtering
Debug   : OCCRTree found 1 matches at (-43.3823,18.1623,-118.977) in tree of size 1705
Debug   : OCCRtree 0 matches after bounding box filtering
Debug   : OCCRTree found 1 matches at (-44.4661,12.1934,-118.977) in tree of size 1705
Debug   : OCCRtree 0 matches after bounding box filtering
Debug   : OCCRTree found 1 matches at (-44.4661,12.1934,-118.977) in tree of size 1705
Debug   : OCCRtree 0 matches after bounding box filtering
Debug   : OCCRTree found 1 matches at (-44.4661,12.1934,-118.977) in tree of size 1705
Debug   : OCCRtree 0 matches after bounding box filtering
Debug   : OCCRTree found 1 matches at (-44.8983,6.15593,-118.977) in tree of size 1705
Debug   : OCCRtree 0 matches after bounding box filtering
Debug   : OCCRTree found 1 matches at (-44.8983,6.15593,-118.977) in tree of size 1705
Debug   : OCCRtree 0 matches after bounding box filtering
Debug   : OCCRTree found 1 matches at (-44.8983,6.15593,-118.977) in tree of size 1705
Debug   : OCCRtree 0 matches after bounding box filtering
Debug   : OCCRTree found 1 matches at (-44.9997,0,-118.977) in tree of size 1705
Debug   : OCCRtree 0 matches after bounding box filtering
Debug   : OCCRTree found 1 matches at (-44.9997,0,-118.977) in tree of size 1705
Debug   : OCCRtree 0 matches after bounding box filtering
Debug   : OCCRTree found 1 matches at (-44.9997,0,-118.977) in tree of size 1705
Debug   : OCCRtree 0 matches after bounding box filtering
Debug   : OCCRTree found 1 matches at (-44.8983,-6.15593,-118.977) in tree of size 1705
Debug   : OCCRtree 0 matches after bounding box filtering
Debug   : OCCRTree found 1 matches at (-44.8983,-6.15593,-118.977) in tree of size 1705
Debug   : OCCRtree 0 matches after bounding box filtering
Debug   : OCCRTree found 1 matches at (-44.8983,-6.15593,-118.977) in tree of size 1705
Debug   : OCCRtree 0 matches after bounding box filtering
Debug   : OCCRTree found 1 matches at (-44.4661,-12.1934,-118.977) in tree of size 1705
Debug   : OCCRtree 0 matches after bounding box filtering
Debug   : OCCRTree found 1 matches at (-44.4661,-12.1934,-118.977) in tree of size 1705
Debug   : OCCRtree 0 matches after bounding box filtering
Debug   : OCCRTree found 1 matches at (-44.4661,-12.1934,-118.977) in tree of size 1705
Debug   : OCCRtree 0 matches after bounding box filtering
Debug   : OCCRTree found 1 matches at (-43.3823,-18.1623,-118.977) in tree of size 1705
Debug   : OCCRtree 0 matches after bounding box filtering
Debug   : OCCRTree found 1 matches at (-43.3823,-18.1623,-118.977) in tree of size 1705
Debug   : OCCRtree 0 matches after bounding box filtering
Debug   : OCCRTree found 1 matches at (-43.3823,-18.1623,-118.977) in tree of size 1705
Debug   : OCCRtree 0 matches after bounding box filtering
Debug   : OCCRTree found 1 matches at (-40.966,-23.8359,-118.977) in tree of size 1705
Debug   : OCCRtree 0 matches after bounding box filtering
Debug   : OCCRTree found 1 matches at (-40.966,-23.8359,-118.977) in tree of size 1705
Debug   : OCCRtree 0 matches after bounding box filtering
Debug   : OCCRTree found 1 matches at (-40.966,-23.8359,-118.977) in tree of size 1705
Debug   : OCCRtree 0 matches after bounding box filtering
Debug   : OCCRTree found 1 matches at (-37.5165,-28.9634,-118.977) in tree of size 1705
Debug   : OCCRtree 0 matches after bounding box filtering
Debug   : OCCRTree found 1 matches at (-37.5165,-28.9634,-118.977) in tree of size 1705
Debug   : OCCRtree 0 matches after bounding box filtering
Debug   : OCCRTree found 1 matches at (-37.5165,-28.9634,-118.977) in tree of size 1705
Debug   : OCCRtree 0 matches after bounding box filtering
Debug   : OCCRTree found 1 matches at (-33.4292,-33.5984,-118.977) in tree of size 1705
Debug   : OCCRtree 0 matches after bounding box filtering
Debug   : OCCRTree found 1 matches at (-33.4292,-33.5984,-118.977) in tree of size 1705
Debug   : OCCRtree 0 matches after bounding box filtering
Debug   : OCCRTree found 1 matches at (-33.4292,-33.5984,-118.977) in tree of size 1705
Debug   : OCCRtree 0 matches after bounding box filtering
Debug   : OCCRTree found 1 matches at (-28.7736,-37.6623,-118.977) in tree of size 1705
Debug   : OCCRtree 0 matches after bounding box filtering
Debug   : OCCRTree found 1 matches at (-28.7736,-37.6623,-118.977) in tree of size 1705
Debug   : OCCRtree 0 matches after bounding box filtering
Debug   : OCCRTree found 1 matches at (-28.7736,-37.6623,-118.977) in tree of size 1705
Debug   : OCCRtree 0 matches after bounding box filtering
Debug   : OCCRTree found 1 matches at (-23.6288,-41.0858,-118.977) in tree of size 1705
Debug   : OCCRtree 0 matches after bounding box filtering
Debug   : OCCRTree found 1 matches at (-23.6288,-41.0858,-118.977) in tree of size 1705
Debug   : OCCRtree 0 matches after bounding box filtering
Debug   : OCCRTree found 1 matches at (-23.6288,-41.0858,-118.977) in tree of size 1705
Debug   : OCCRtree 0 matches after bounding box filtering
Debug   : OCCRTree found 1 matches at (-18.0823,-43.8109,-118.977) in tree of size 1705
Debug   : OCCRtree 0 matches after bounding box filtering
Debug   : OCCRTree found 1 matches at (-18.0823,-43.8109,-118.977) in tree of size 1705
Debug   : OCCRtree 0 matches after bounding box filtering
Debug   : OCCRTree found 1 matches at (-18.0823,-43.8109,-118.977) in tree of size 1705
Debug   : OCCRtree 0 matches after bounding box filtering
Debug   : OCCRTree found 1 matches at (-12.2284,-45.7912,-118.977) in tree of size 1705
Debug   : OCCRtree 0 matches after bounding box filtering
Debug   : OCCRTree found 1 matches at (-12.2284,-45.7912,-118.977) in tree of size 1705
Debug   : OCCRtree 0 matches after bounding box filtering
Debug   : OCCRTree found 1 matches at (-12.2284,-45.7912,-118.977) in tree of size 1705
Debug   : OCCRtree 0 matches after bounding box filtering
Debug   : OCCRTree found 1 matches at (-6.16663,-46.993,-118.977) in tree of size 1705
Debug   : OCCRtree 0 matches after bounding box filtering
Debug   : OCCRTree found 1 matches at (-6.16663,-46.993,-118.977) in tree of size 1705
Debug   : OCCRtree 0 matches after bounding box filtering
Debug   : OCCRTree found 1 matches at (-6.16663,-46.993,-118.977) in tree of size 1705
Debug   : OCCRtree 0 matches after bounding box filtering
Debug   : OCCRTree found 1 matches at (0,-47.3958,-118.977) in tree of size 1705
Debug   : OCCRtree 0 matches after bounding box filtering
Debug   : OCCRTree found 1 matches at (0,-47.3958,-118.977) in tree of size 1705
Debug   : OCCRtree 0 matches after bounding box filtering
Debug   : OCCRTree found 1 matches at (0,-47.3958,-118.977) in tree of size 1705
Debug   : OCCRtree 0 matches after bounding box filtering
Debug   : OCCRTree found 1 matches at (6.16663,-46.993,-118.977) in tree of size 1705
Debug   : OCCRtree 0 matches after bounding box filtering
Debug   : OCCRTree found 1 matches at (6.16663,-46.993,-118.977) in tree of size 1705
Debug   : OCCRtree 0 matches after bounding box filtering
Debug   : OCCRTree found 1 matches at (6.16663,-46.993,-118.977) in tree of size 1705
Debug   : OCCRtree 0 matches after bounding box filtering
Debug   : OCCRTree found 1 matches at (12.2284,-45.7912,-118.977) in tree of size 1705
Debug   : OCCRtree 0 matches after bounding box filtering
Debug   : OCCRTree found 1 matches at (12.2284,-45.7912,-118.977) in tree of size 1705
Debug   : OCCRtree 0 matches after bounding box filtering
Debug   : OCCRTree found 1 matches at (12.2284,-45.7912,-118.977) in tree of size 1705
Debug   : OCCRtree 0 matches after bounding box filtering
Debug   : OCCRTree found 1 matches at (18.0823,-43.8109,-118.977) in tree of size 1705
Debug   : OCCRtree 0 matches after bounding box filtering
Debug   : OCCRTree found 1 matches at (18.0823,-43.8109,-118.977) in tree of size 1705
Debug   : OCCRtree 0 matches after bounding box filtering
Debug   : OCCRTree found 1 matches at (18.0823,-43.8109,-118.977) in tree of size 1705
Debug   : OCCRtree 0 matches after bounding box filtering
Debug   : OCCRTree found 1 matches at (23.6288,-41.0858,-118.977) in tree of size 1705
Debug   : OCCRtree 0 matches after bounding box filtering
Debug   : OCCRTree found 1 matches at (23.6288,-41.0858,-118.977) in tree of size 1705
Debug   : OCCRtree 0 matches after bounding box filtering
Debug   : OCCRTree found 1 matches at (23.6288,-41.0858,-118.977) in tree of size 1705
Debug   : OCCRtree 0 matches after bounding box filtering
Debug   : OCCRTree found 1 matches at (28.7736,-37.6623,-118.977) in tree of size 1705
Debug   : OCCRtree 0 matches after bounding box filtering
Debug   : OCCRTree found 1 matches at (28.7736,-37.6623,-118.977) in tree of size 1705
Debug   : OCCRtree 0 matches after bounding box filtering
Debug   : OCCRTree found 1 matches at (28.7736,-37.6623,-118.977) in tree of size 1705
Debug   : OCCRtree 0 matches after bounding box filtering
Debug   : OCCRTree found 1 matches at (33.4292,-33.5984,-118.977) in tree of size 1705
Debug   : OCCRtree 0 matches after bounding box filtering
Debug   : OCCRTree found 1 matches at (33.4292,-33.5984,-118.977) in tree of size 1705
Debug   : OCCRtree 0 matches after bounding box filtering
Debug   : OCCRTree found 1 matches at (33.4292,-33.5984,-118.977) in tree of size 1705
Debug   : OCCRtree 0 matches after bounding box filtering
Debug   : OCCRTree found 1 matches at (37.5165,-28.9634,-118.977) in tree of size 1705
Debug   : OCCRtree 0 matches after bounding box filtering
Debug   : OCCRTree found 1 matches at (37.5165,-28.9634,-118.977) in tree of size 1705
Debug   : OCCRtree 0 matches after bounding box filtering
Debug   : OCCRTree found 1 matches at (37.5165,-28.9634,-118.977) in tree of size 1705
Debug   : OCCRtree 0 matches after bounding box filtering
Debug   : OCCRTree found 1 matches at (40.966,-23.8359,-118.977) in tree of size 1705
Debug   : OCCRtree 0 matches after bounding box filtering
Debug   : OCCRTree found 1 matches at (40.966,-23.8359,-118.977) in tree of size 1705
Debug   : OCCRtree 0 matches after bounding box filtering
Debug   : OCCRTree found 1 matches at (40.966,-23.8359,-118.977) in tree of size 1705
Debug   : OCCRtree 0 matches after bounding box filtering
Debug   : OCCRTree found 1 matches at (43.3823,-18.1623,-118.977) in tree of size 1705
Debug   : OCCRtree 0 matches after bounding box filtering
Debug   : OCCRTree found 1 matches at (43.3823,-18.1623,-118.977) in tree of size 1705
Debug   : OCCRtree 0 matches after bounding box filtering
Debug   : OCCRTree found 1 matches at (43.3823,-18.1623,-118.977) in tree of size 1705
Debug   : OCCRtree 0 matches after bounding box filtering
Debug   : OCCRTree found 1 matches at (44.4661,-12.1934,-118.977) in tree of size 1705
Debug   : OCCRtree 0 matches after bounding box filtering
Debug   : OCCRTree found 1 matches at (44.4661,-12.1934,-118.977) in tree of size 1705
Debug   : OCCRtree 0 matches after bounding box filtering
Debug   : OCCRTree found 1 matches at (44.4661,-12.1934,-118.977) in tree of size 1705
Debug   : OCCRtree 0 matches after bounding box filtering
Debug   : OCCRTree found 1 matches at (44.8983,-6.15593,-118.977) in tree of size 1705
Debug   : OCCRtree 0 matches after bounding box filtering
Debug   : OCCRTree found 1 matches at (44.8983,-6.15593,-118.977) in tree of size 1705
Debug   : OCCRtree 0 matches after bounding box filtering
Debug   : OCCRTree found 1 matches at (44.8983,-6.15593,-118.977) in tree of size 1705
Debug   : OCCRtree 0 matches after bounding box filtering
Debug   : OCCRTree found 1 matches at (44.5312,0,-117.466) in tree of size 1705
Debug   : OCCRtree 0 matches after bounding box filtering
Debug   : OCCRTree found 1 matches at (44.5312,0,-117.466) in tree of size 1705
Debug   : OCCRtree 0 matches after bounding box filtering
Debug   : OCCRTree found 1 matches at (44.5312,0,-117.466) in tree of size 1705
Debug   : OCCRtree 0 matches after bounding box filtering
Debug   : OCCRTree found 1 matches at (44.525,6.24167,-117.466) in tree of size 1705
Debug   : OCCRtree 0 matches after bounding box filtering
Debug   : OCCRTree found 1 matches at (44.525,6.24167,-117.466) in tree of size 1705
Debug   : OCCRtree 0 matches after bounding box filtering
Debug   : OCCRTree found 1 matches at (44.525,6.24167,-117.466) in tree of size 1705
Debug   : OCCRtree 0 matches after bounding box filtering
Debug   : OCCRTree found 1 matches at (44.2851,12.4161,-117.466) in tree of size 1705
Debug   : OCCRtree 0 matches after bounding box filtering
Debug   : OCCRTree found 1 matches at (44.2851,12.4161,-117.466) in tree of size 1705
Debug   : OCCRtree 0 matches after bounding box filtering
Debug   : OCCRTree found 1 matches at (44.2851,12.4161,-117.466) in tree of size 1705
Debug   : OCCRtree 0 matches after bounding box filtering
Debug   : OCCRTree found 1 matches at (43.4486,18.347,-117.466) in tree of size 1705
Debug   : OCCRtree 0 matches after bounding box filtering
Debug   : OCCRTree found 1 matches at (43.4486,18.347,-117.466) in tree of size 1705
Debug   : OCCRtree 0 matches after bounding box filtering
Debug   : OCCRTree found 1 matches at (43.4486,18.347,-117.466) in tree of size 1705
Debug   : OCCRtree 0 matches after bounding box filtering
Debug   : OCCRTree found 1 matches at (41.3945,24.2367,-117.466) in tree of size 1705
Debug   : OCCRtree 0 matches after bounding box filtering
Debug   : OCCRTree found 1 matches at (41.3945,24.2367,-117.466) in tree of size 1705
Debug   : OCCRtree 0 matches after bounding box filtering
Debug   : OCCRTree found 1 matches at (41.3945,24.2367,-117.466) in tree of size 1705
Debug   : OCCRtree 0 matches after bounding box filtering
Debug   : OCCRTree found 1 matches at (37.8999,29.4041,-117.466) in tree of size 1705
Debug   : OCCRtree 0 matches after bounding box filtering
Debug   : OCCRTree found 1 matches at (37.8999,29.4041,-117.466) in tree of size 1705
Debug   : OCCRtree 0 matches after bounding box filtering
Debug   : OCCRTree found 1 matches at (37.8999,29.4041,-117.466) in tree of size 1705
Debug   : OCCRtree 0 matches after bounding box filtering
Debug   : OCCRTree found 1 matches at (33.7636,34.0737,-117.466) in tree of size 1705
Debug   : OCCRtree 0 matches after bounding box filtering
Debug   : OCCRTree found 1 matches at (33.7636,34.0737,-117.466) in tree of size 1705
Debug   : OCCRtree 0 matches after bounding box filtering
Debug   : OCCRTree found 1 matches at (33.7636,34.0737,-117.466) in tree of size 1705
Debug   : OCCRtree 0 matches after bounding box filtering
Debug   : OCCRTree found 1 matches at (29.0563,38.1671,-117.466) in tree of size 1705
Debug   : OCCRtree 0 matches after bounding box filtering
Debug   : OCCRTree found 1 matches at (29.0563,38.1671,-117.466) in tree of size 1705
Debug   : OCCRtree 0 matches after bounding box filtering
Debug   : OCCRTree found 1 matches at (29.0563,38.1671,-117.466) in tree of size 1705
Debug   : OCCRtree 0 matches after bounding box filtering
Debug   : OCCRTree found 1 matches at (23.8577,41.6151,-117.466) in tree of size 1705
Debug   : OCCRtree 0 matches after bounding box filtering
Debug   : OCCRTree found 1 matches at (23.8577,41.6151,-117.466) in tree of size 1705
Debug   : OCCRtree 0 matches after bounding box filtering
Debug   : OCCRTree found 1 matches at (23.8577,41.6151,-117.466) in tree of size 1705
Debug   : OCCRtree 0 matches after bounding box filtering
Debug   : OCCRTree found 1 matches at (18.2555,44.3592,-117.466) in tree of size 1705
Debug   : OCCRtree 0 matches after bounding box filtering
Debug   : OCCRTree found 1 matches at (18.2555,44.3592,-117.466) in tree of size 1705
Debug   : OCCRtree 0 matches after bounding box filtering
Debug   : OCCRTree found 1 matches at (18.2555,44.3592,-117.466) in tree of size 1705
Debug   : OCCRtree 0 matches after bounding box filtering
Debug   : OCCRTree found 1 matches at (12.3446,46.3531,-117.466) in tree of size 1705
Debug   : OCCRtree 0 matches after bounding box filtering
Debug   : OCCRTree found 1 matches at (12.3446,46.3531,-117.466) in tree of size 1705
Debug   : OCCRtree 0 matches after bounding box filtering
Debug   : OCCRTree found 1 matches at (12.3446,46.3531,-117.466) in tree of size 1705
Debug   : OCCRtree 0 matches after bounding box filtering
Debug   : OCCRTree found 1 matches at (6.22494,47.5631,-117.466) in tree of size 1705
Debug   : OCCRtree 0 matches after bounding box filtering
Debug   : OCCRTree found 1 matches at (6.22494,47.5631,-117.466) in tree of size 1705
Debug   : OCCRtree 0 matches after bounding box filtering
Debug   : OCCRTree found 1 matches at (6.22494,47.5631,-117.466) in tree of size 1705
Debug   : OCCRtree 0 matches after bounding box filtering
Debug   : OCCRTree found 1 matches at (0,47.9688,-117.466) in tree of size 1705
Debug   : OCCRtree 0 matches after bounding box filtering
Debug   : OCCRTree found 1 matches at (0,47.9688,-117.466) in tree of size 1705
Debug   : OCCRtree 0 matches after bounding box filtering
Debug   : OCCRTree found 1 matches at (0,47.9688,-117.466) in tree of size 1705
Debug   : OCCRtree 0 matches after bounding box filtering
Debug   : OCCRTree found 1 matches at (-6.22494,47.5631,-117.466) in tree of size 1705
Debug   : OCCRtree 0 matches after bounding box filtering
Debug   : OCCRTree found 1 matches at (-6.22494,47.5631,-117.466) in tree of size 1705
Debug   : OCCRtree 0 matches after bounding box filtering
Debug   : OCCRTree found 1 matches at (-6.22494,47.5631,-117.466) in tree of size 1705
Debug   : OCCRtree 0 matches after bounding box filtering
Debug   : OCCRTree found 1 matches at (-12.3446,46.3531,-117.466) in tree of size 1705
Debug   : OCCRtree 0 matches after bounding box filtering
Debug   : OCCRTree found 1 matches at (-12.3446,46.3531,-117.466) in tree of size 1705
Debug   : OCCRtree 0 matches after bounding box filtering
Debug   : OCCRTree found 1 matches at (-12.3446,46.3531,-117.466) in tree of size 1705
Debug   : OCCRtree 0 matches after bounding box filtering
Debug   : OCCRTree found 1 matches at (-18.2555,44.3592,-117.466) in tree of size 1705
Debug   : OCCRtree 0 matches after bounding box filtering
Debug   : OCCRTree found 1 matches at (-18.2555,44.3592,-117.466) in tree of size 1705
Debug   : OCCRtree 0 matches after bounding box filtering
Debug   : OCCRTree found 1 matches at (-18.2555,44.3592,-117.466) in tree of size 1705
Debug   : OCCRtree 0 matches after bounding box filtering
Debug   : OCCRTree found 1 matches at (-23.8577,41.6151,-117.466) in tree of size 1705
Debug   : OCCRtree 0 matches after bounding box filtering
Debug   : OCCRTree found 1 matches at (-23.8577,41.6151,-117.466) in tree of size 1705
Debug   : OCCRtree 0 matches after bounding box filtering
Debug   : OCCRTree found 1 matches at (-23.8577,41.6151,-117.466) in tree of size 1705
Debug   : OCCRtree 0 matches after bounding box filtering
Debug   : OCCRTree found 1 matches at (-29.0563,38.1671,-117.466) in tree of size 1705
Debug   : OCCRtree 0 matches after bounding box filtering
Debug   : OCCRTree found 1 matches at (-29.0563,38.1671,-117.466) in tree of size 1705
Debug   : OCCRtree 0 matches after bounding box filtering
Debug   : OCCRTree found 1 matches at (-29.0563,38.1671,-117.466) in tree of size 1705
Debug   : OCCRtree 0 matches after bounding box filtering
Debug   : OCCRTree found 1 matches at (-33.7636,34.0737,-117.466) in tree of size 1705
Debug   : OCCRtree 0 matches after bounding box filtering
Debug   : OCCRTree found 1 matches at (-33.7636,34.0737,-117.466) in tree of size 1705
Debug   : OCCRtree 0 matches after bounding box filtering
Debug   : OCCRTree found 1 matches at (-33.7636,34.0737,-117.466) in tree of size 1705
Debug   : OCCRtree 0 matches after bounding box filtering
Debug   : OCCRTree found 1 matches at (-37.8999,29.4041,-117.466) in tree of size 1705
Debug   : OCCRtree 0 matches after bounding box filtering
Debug   : OCCRTree found 1 matches at (-37.8999,29.4041,-117.466) in tree of size 1705
Debug   : OCCRtree 0 matches after bounding box filtering
Debug   : OCCRTree found 1 matches at (-37.8999,29.4041,-117.466) in tree of size 1705
Debug   : OCCRtree 0 matches after bounding box filtering
Debug   : OCCRTree found 1 matches at (-41.3945,24.2367,-117.466) in tree of size 1705
Debug   : OCCRtree 0 matches after bounding box filtering
Debug   : OCCRTree found 1 matches at (-41.3945,24.2367,-117.466) in tree of size 1705
Debug   : OCCRtree 0 matches after bounding box filtering
Debug   : OCCRTree found 1 matches at (-41.3945,24.2367,-117.466) in tree of size 1705
Debug   : OCCRtree 0 matches after bounding box filtering
Debug   : OCCRTree found 1 matches at (-43.4486,18.347,-117.466) in tree of size 1705
Debug   : OCCRtree 0 matches after bounding box filtering
Debug   : OCCRTree found 1 matches at (-43.4486,18.347,-117.466) in tree of size 1705
Debug   : OCCRtree 0 matches after bounding box filtering
Debug   : OCCRTree found 1 matches at (-43.4486,18.347,-117.466) in tree of size 1705
Debug   : OCCRtree 0 matches after bounding box filtering
Debug   : OCCRTree found 1 matches at (-44.2851,12.4161,-117.466) in tree of size 1705
Debug   : OCCRtree 0 matches after bounding box filtering
Debug   : OCCRTree found 1 matches at (-44.2851,12.4161,-117.466) in tree of size 1705
Debug   : OCCRtree 0 matches after bounding box filtering
Debug   : OCCRTree found 1 matches at (-44.2851,12.4161,-117.466) in tree of size 1705
Debug   : OCCRtree 0 matches after bounding box filtering
Debug   : OCCRTree found 1 matches at (-44.525,6.24167,-117.466) in tree of size 1705
Debug   : OCCRtree 0 matches after bounding box filtering
Debug   : OCCRTree found 1 matches at (-44.525,6.24167,-117.466) in tree of size 1705
Debug   : OCCRtree 0 matches after bounding box filtering
Debug   : OCCRTree found 1 matches at (-44.525,6.24167,-117.466) in tree of size 1705
Debug   : OCCRtree 0 matches after bounding box filtering
Debug   : OCCRTree found 1 matches at (-44.5312,0,-117.466) in tree of size 1705
Debug   : OCCRtree 0 matches after bounding box filtering
Debug   : OCCRTree found 1 matches at (-44.5312,0,-117.466) in tree of size 1705
Debug   : OCCRtree 0 matches after bounding box filtering
Debug   : OCCRTree found 1 matches at (-44.5312,0,-117.466) in tree of size 1705
Debug   : OCCRtree 0 matches after bounding box filtering
Debug   : OCCRTree found 1 matches at (-44.525,-6.24167,-117.466) in tree of size 1705
Debug   : OCCRtree 0 matches after bounding box filtering
Debug   : OCCRTree found 1 matches at (-44.525,-6.24167,-117.466) in tree of size 1705
Debug   : OCCRtree 0 matches after bounding box filtering
Debug   : OCCRTree found 1 matches at (-44.525,-6.24167,-117.466) in tree of size 1705
Debug   : OCCRtree 0 matches after bounding box filtering
Debug   : OCCRTree found 1 matches at (-44.2851,-12.4161,-117.466) in tree of size 1705
Debug   : OCCRtree 0 matches after bounding box filtering
Debug   : OCCRTree found 1 matches at (-44.2851,-12.4161,-117.466) in tree of size 1705
Debug   : OCCRtree 0 matches after bounding box filtering
Debug   : OCCRTree found 1 matches at (-44.2851,-12.4161,-117.466) in tree of size 1705
Debug   : OCCRtree 0 matches after bounding box filtering
Debug   : OCCRTree found 1 matches at (-43.4486,-18.347,-117.466) in tree of size 1705
Debug   : OCCRtree 0 matches after bounding box filtering
Debug   : OCCRTree found 1 matches at (-43.4486,-18.347,-117.466) in tree of size 1705
Debug   : OCCRtree 0 matches after bounding box filtering
Debug   : OCCRTree found 1 matches at (-43.4486,-18.347,-117.466) in tree of size 1705
Debug   : OCCRtree 0 matches after bounding box filtering
Debug   : OCCRTree found 1 matches at (-41.3945,-24.2367,-117.466) in tree of size 1705
Debug   : OCCRtree 0 matches after bounding box filtering
Debug   : OCCRTree found 1 matches at (-41.3945,-24.2367,-117.466) in tree of size 1705
Debug   : OCCRtree 0 matches after bounding box filtering
Debug   : OCCRTree found 1 matches at (-41.3945,-24.2367,-117.466) in tree of size 1705
Debug   : OCCRtree 0 matches after bounding box filtering
Debug   : OCCRTree found 1 matches at (-37.8999,-29.4041,-117.466) in tree of size 1705
Debug   : OCCRtree 0 matches after bounding box filtering
Debug   : OCCRTree found 1 matches at (-37.8999,-29.4041,-117.466) in tree of size 1705
Debug   : OCCRtree 0 matches after bounding box filtering
Debug   : OCCRTree found 1 matches at (-37.8999,-29.4041,-117.466) in tree of size 1705
Debug   : OCCRtree 0 matches after bounding box filtering
Debug   : OCCRTree found 1 matches at (-33.7636,-34.0737,-117.466) in tree of size 1705
Debug   : OCCRtree 0 matches after bounding box filtering
Debug   : OCCRTree found 1 matches at (-33.7636,-34.0737,-117.466) in tree of size 1705
Debug   : OCCRtree 0 matches after bounding box filtering
Debug   : OCCRTree found 1 matches at (-33.7636,-34.0737,-117.466) in tree of size 1705
Debug   : OCCRtree 0 matches after bounding box filtering
Debug   : OCCRTree found 1 matches at (-29.0563,-38.1671,-117.466) in tree of size 1705
Debug   : OCCRtree 0 matches after bounding box filtering
Debug   : OCCRTree found 1 matches at (-29.0563,-38.1671,-117.466) in tree of size 1705
Debug   : OCCRtree 0 matches after bounding box filtering
Debug   : OCCRTree found 1 matches at (-29.0563,-38.1671,-117.466) in tree of size 1705
Debug   : OCCRtree 0 matches after bounding box filtering
Debug   : OCCRTree found 1 matches at (-23.8577,-41.6151,-117.466) in tree of size 1705
Debug   : OCCRtree 0 matches after bounding box filtering
Debug   : OCCRTree found 1 matches at (-23.8577,-41.6151,-117.466) in tree of size 1705
Debug   : OCCRtree 0 matches after bounding box filtering
Debug   : OCCRTree found 1 matches at (-23.8577,-41.6151,-117.466) in tree of size 1705
Debug   : OCCRtree 0 matches after bounding box filtering
Debug   : OCCRTree found 1 matches at (-18.2555,-44.3592,-117.466) in tree of size 1705
Debug   : OCCRtree 0 matches after bounding box filtering
Debug   : OCCRTree found 1 matches at (-18.2555,-44.3592,-117.466) in tree of size 1705
Debug   : OCCRtree 0 matches after bounding box filtering
Debug   : OCCRTree found 1 matches at (-18.2555,-44.3592,-117.466) in tree of size 1705
Debug   : OCCRtree 0 matches after bounding box filtering
Debug   : OCCRTree found 1 matches at (-12.3446,-46.3531,-117.466) in tree of size 1705
Debug   : OCCRtree 0 matches after bounding box filtering
Debug   : OCCRTree found 1 matches at (-12.3446,-46.3531,-117.466) in tree of size 1705
Debug   : OCCRtree 0 matches after bounding box filtering
Debug   : OCCRTree found 1 matches at (-12.3446,-46.3531,-117.466) in tree of size 1705
Debug   : OCCRtree 0 matches after bounding box filtering
Debug   : OCCRTree found 1 matches at (-6.22494,-47.5631,-117.466) in tree of size 1705
Debug   : OCCRtree 0 matches after bounding box filtering
Debug   : OCCRTree found 1 matches at (-6.22494,-47.5631,-117.466) in tree of size 1705
Debug   : OCCRtree 0 matches after bounding box filtering
Debug   : OCCRTree found 1 matches at (-6.22494,-47.5631,-117.466) in tree of size 1705
Debug   : OCCRtree 0 matches after bounding box filtering
Debug   : OCCRTree found 1 matches at (0,-47.9688,-117.466) in tree of size 1705
Debug   : OCCRtree 0 matches after bounding box filtering
Debug   : OCCRTree found 1 matches at (0,-47.9688,-117.466) in tree of size 1705
Debug   : OCCRtree 0 matches after bounding box filtering
Debug   : OCCRTree found 1 matches at (0,-47.9688,-117.466) in tree of size 1705
Debug   : OCCRtree 0 matches after bounding box filtering
Debug   : OCCRTree found 1 matches at (6.22494,-47.5631,-117.466) in tree of size 1705
Debug   : OCCRtree 0 matches after bounding box filtering
Debug   : OCCRTree found 1 matches at (6.22494,-47.5631,-117.466) in tree of size 1705
Debug   : OCCRtree 0 matches after bounding box filtering
Debug   : OCCRTree found 1 matches at (6.22494,-47.5631,-117.466) in tree of size 1705
Debug   : OCCRtree 0 matches after bounding box filtering
Debug   : OCCRTree found 1 matches at (12.3446,-46.3531,-117.466) in tree of size 1705
Debug   : OCCRtree 0 matches after bounding box filtering
Debug   : OCCRTree found 1 matches at (12.3446,-46.3531,-117.466) in tree of size 1705
Debug   : OCCRtree 0 matches after bounding box filtering
Debug   : OCCRTree found 1 matches at (12.3446,-46.3531,-117.466) in tree of size 1705
Debug   : OCCRtree 0 matches after bounding box filtering
Debug   : OCCRTree found 1 matches at (18.2555,-44.3592,-117.466) in tree of size 1705
Debug   : OCCRtree 0 matches after bounding box filtering
Debug   : OCCRTree found 1 matches at (18.2555,-44.3592,-117.466) in tree of size 1705
Debug   : OCCRtree 0 matches after bounding box filtering
Debug   : OCCRTree found 1 matches at (18.2555,-44.3592,-117.466) in tree of size 1705
Debug   : OCCRtree 0 matches after bounding box filtering
Debug   : OCCRTree found 1 matches at (23.8577,-41.6151,-117.466) in tree of size 1705
Debug   : OCCRtree 0 matches after bounding box filtering
Debug   : OCCRTree found 1 matches at (23.8577,-41.6151,-117.466) in tree of size 1705
Debug   : OCCRtree 0 matches after bounding box filtering
Debug   : OCCRTree found 1 matches at (23.8577,-41.6151,-117.466) in tree of size 1705
Debug   : OCCRtree 0 matches after bounding box filtering
Debug   : OCCRTree found 1 matches at (29.0563,-38.1671,-117.466) in tree of size 1705
Debug   : OCCRtree 0 matches after bounding box filtering
Debug   : OCCRTree found 1 matches at (29.0563,-38.1671,-117.466) in tree of size 1705
Debug   : OCCRtree 0 matches after bounding box filtering
Debug   : OCCRTree found 1 matches at (29.0563,-38.1671,-117.466) in tree of size 1705
Debug   : OCCRtree 0 matches after bounding box filtering
Debug   : OCCRTree found 1 matches at (33.7636,-34.0737,-117.466) in tree of size 1705
Debug   : OCCRtree 0 matches after bounding box filtering
Debug   : OCCRTree found 1 matches at (33.7636,-34.0737,-117.466) in tree of size 1705
Debug   : OCCRtree 0 matches after bounding box filtering
Debug   : OCCRTree found 1 matches at (33.7636,-34.0737,-117.466) in tree of size 1705
Debug   : OCCRtree 0 matches after bounding box filtering
Debug   : OCCRTree found 1 matches at (37.8999,-29.4041,-117.466) in tree of size 1705
Debug   : OCCRtree 0 matches after bounding box filtering
Debug   : OCCRTree found 1 matches at (37.8999,-29.4041,-117.466) in tree of size 1705
Debug   : OCCRtree 0 matches after bounding box filtering
Debug   : OCCRTree found 1 matches at (37.8999,-29.4041,-117.466) in tree of size 1705
Debug   : OCCRtree 0 matches after bounding box filtering
Debug   : OCCRTree found 1 matches at (41.3945,-24.2367,-117.466) in tree of size 1705
Debug   : OCCRtree 0 matches after bounding box filtering
Debug   : OCCRTree found 1 matches at (41.3945,-24.2367,-117.466) in tree of size 1705
Debug   : OCCRtree 0 matches after bounding box filtering
Debug   : OCCRTree found 1 matches at (41.3945,-24.2367,-117.466) in tree of size 1705
Debug   : OCCRtree 0 matches after bounding box filtering
Debug   : OCCRTree found 1 matches at (43.4486,-18.347,-117.466) in tree of size 1705
Debug   : OCCRtree 0 matches after bounding box filtering
Debug   : OCCRTree found 1 matches at (43.4486,-18.347,-117.466) in tree of size 1705
Debug   : OCCRtree 0 matches after bounding box filtering
Debug   : OCCRTree found 1 matches at (43.4486,-18.347,-117.466) in tree of size 1705
Debug   : OCCRtree 0 matches after bounding box filtering
Debug   : OCCRTree found 1 matches at (44.2851,-12.4161,-117.466) in tree of size 1705
Debug   : OCCRtree 0 matches after bounding box filtering
Debug   : OCCRTree found 1 matches at (44.2851,-12.4161,-117.466) in tree of size 1705
Debug   : OCCRtree 0 matches after bounding box filtering
Debug   : OCCRTree found 1 matches at (44.2851,-12.4161,-117.466) in tree of size 1705
Debug   : OCCRtree 0 matches after bounding box filtering
Debug   : OCCRTree found 1 matches at (44.525,-6.24167,-117.466) in tree of size 1705
Debug   : OCCRtree 0 matches after bounding box filtering
Debug   : OCCRTree found 1 matches at (44.525,-6.24167,-117.466) in tree of size 1705
Debug   : OCCRtree 0 matches after bounding box filtering
Debug   : OCCRTree found 1 matches at (44.525,-6.24167,-117.466) in tree of size 1705
Debug   : OCCRtree 0 matches after bounding box filtering
Debug   : OCCRTree found 1 matches at (43.9583,0,-115.955) in tree of size 1705
Debug   : OCCRtree 0 matches after bounding box filtering
Debug   : OCCRTree found 1 matches at (43.9583,0,-115.955) in tree of size 1705
Debug   : OCCRtree 0 matches after bounding box filtering
Debug   : OCCRTree found 1 matches at (43.9583,0,-115.955) in tree of size 1705
Debug   : OCCRtree 0 matches after bounding box filtering
Debug   : OCCRTree found 1 matches at (43.9583,6.29796,-115.955) in tree of size 1705
Debug   : OCCRtree 0 matches after bounding box filtering
Debug   : OCCRTree found 1 matches at (43.9583,6.29796,-115.955) in tree of size 1705
Debug   : OCCRtree 0 matches after bounding box filtering
Debug   : OCCRTree found 1 matches at (43.9583,6.29796,-115.955) in tree of size 1705
Debug   : OCCRtree 0 matches after bounding box filtering
Debug   : OCCRTree found 1 matches at (43.9367,12.5897,-115.955) in tree of size 1705
Debug   : OCCRtree 0 matches after bounding box filtering
Debug   : OCCRTree found 1 matches at (43.9367,12.5897,-115.955) in tree of size 1705
Debug   : OCCRtree 0 matches after bounding box filtering
Debug   : OCCRTree found 1 matches at (43.9367,12.5897,-115.955) in tree of size 1705
Debug   : OCCRtree 0 matches after bounding box filtering
Debug   : OCCRTree found 1 matches at (43.3615,18.6373,-115.955) in tree of size 1705
Debug   : OCCRtree 0 matches after bounding box filtering
Debug   : OCCRTree found 1 matches at (43.3615,18.6373,-115.955) in tree of size 1705
Debug   : OCCRtree 0 matches after bounding box filtering
Debug   : OCCRTree found 1 matches at (43.3615,18.6373,-115.955) in tree of size 1705
Debug   : OCCRtree 0 matches after bounding box filtering
Debug   : OCCRTree found 1 matches at (41.6906,24.5871,-115.955) in tree of size 1705
Debug   : OCCRtree 0 matches after bounding box filtering
Debug   : OCCRTree found 1 matches at (41.6906,24.5871,-115.955) in tree of size 1705
Debug   : OCCRtree 0 matches after bounding box filtering
Debug   : OCCRTree found 1 matches at (41.6906,24.5871,-115.955) in tree of size 1705
Debug   : OCCRtree 0 matches after bounding box filtering
Debug   : OCCRTree found 1 matches at (38.2702,29.861,-115.955) in tree of size 1705
Debug   : OCCRtree 0 matches after bounding box filtering
Debug   : OCCRTree found 1 matches at (38.2702,29.861,-115.955) in tree of size 1705
Debug   : OCCRtree 0 matches after bounding box filtering
Debug   : OCCRTree found 1 matches at (38.2702,29.861,-115.955) in tree of size 1705
Debug   : OCCRtree 0 matches after bounding box filtering
Debug   : OCCRTree found 1 matches at (34.0852,34.5615,-115.955) in tree of size 1705
Debug   : OCCRtree 0 matches after bounding box filtering
Debug   : OCCRTree found 1 matches at (34.0852,34.5615,-115.955) in tree of size 1705
Debug   : OCCRtree 0 matches after bounding box filtering
Debug   : OCCRTree found 1 matches at (34.0852,34.5615,-115.955) in tree of size 1705
Debug   : OCCRtree 0 matches after bounding box filtering
Debug   : OCCRTree found 1 matches at (29.3271,38.6809,-115.955) in tree of size 1705
Debug   : OCCRtree 0 matches after bounding box filtering
Debug   : OCCRTree found 1 matches at (29.3271,38.6809,-115.955) in tree of size 1705
Debug   : OCCRtree 0 matches after bounding box filtering
Debug   : OCCRTree found 1 matches at (29.3271,38.6809,-115.955) in tree of size 1705
Debug   : OCCRtree 0 matches after bounding box filtering
Debug   : OCCRTree found 1 matches at (24.0761,42.1501,-115.955) in tree of size 1705
Debug   : OCCRtree 0 matches after bounding box filtering
Debug   : OCCRTree found 1 matches at (24.0761,42.1501,-115.955) in tree of size 1705
Debug   : OCCRtree 0 matches after bounding box filtering
Debug   : OCCRTree found 1 matches at (24.0761,42.1501,-115.955) in tree of size 1705
Debug   : OCCRtree 0 matches after bounding box filtering
Debug   : OCCRTree found 1 matches at (18.4204,44.9108,-115.955) in tree of size 1705
Debug   : OCCRtree 0 matches after bounding box filtering
Debug   : OCCRTree found 1 matches at (18.4204,44.9108,-115.955) in tree of size 1705
Debug   : OCCRtree 0 matches after bounding box filtering
Debug   : OCCRTree found 1 matches at (18.4204,44.9108,-115.955) in tree of size 1705
Debug   : OCCRtree 0 matches after bounding box filtering
Debug   : OCCRTree found 1 matches at (12.455,46.9166,-115.955) in tree of size 1705
Debug   : OCCRtree 0 matches after bounding box filtering
Debug   : OCCRTree found 1 matches at (12.455,46.9166,-115.955) in tree of size 1705
Debug   : OCCRtree 0 matches after bounding box filtering
Debug   : OCCRTree found 1 matches at (12.455,46.9166,-115.955) in tree of size 1705
Debug   : OCCRtree 0 matches after bounding box filtering
Debug   : OCCRTree found 1 matches at (6.28031,48.1337,-115.955) in tree of size 1705
Debug   : OCCRtree 0 matches after bounding box filtering
Debug   : OCCRTree found 1 matches at (6.28031,48.1337,-115.955) in tree of size 1705
Debug   : OCCRtree 0 matches after bounding box filtering
Debug   : OCCRTree found 1 matches at (6.28031,48.1337,-115.955) in tree of size 1705
Debug   : OCCRtree 0 matches after bounding box filtering
Debug   : OCCRTree found 1 matches at (0,48.5417,-115.955) in tree of size 1705
Debug   : OCCRtree 0 matches after bounding box filtering
Debug   : OCCRTree found 1 matches at (0,48.5417,-115.955) in tree of size 1705
Debug   : OCCRtree 0 matches after bounding box filtering
Debug   : OCCRTree found 1 matches at (0,48.5417,-115.955) in tree of size 1705
Debug   : OCCRtree 0 matches after bounding box filtering
Debug   : OCCRTree found 1 matches at (-6.28031,48.1337,-115.955) in tree of size 1705
Debug   : OCCRtree 0 matches after bounding box filtering
Debug   : OCCRTree found 1 matches at (-6.28031,48.1337,-115.955) in tree of size 1705
Debug   : OCCRtree 0 matches after bounding box filtering
Debug   : OCCRTree found 1 matches at (-6.28031,48.1337,-115.955) in tree of size 1705
Debug   : OCCRtree 0 matches after bounding box filtering
Debug   : OCCRTree found 1 matches at (-12.455,46.9166,-115.955) in tree of size 1705
Debug   : OCCRtree 0 matches after bounding box filtering
Debug   : OCCRTree found 1 matches at (-12.455,46.9166,-115.955) in tree of size 1705
Debug   : OCCRtree 0 matches after bounding box filtering
Debug   : OCCRTree found 1 matches at (-12.455,46.9166,-115.955) in tree of size 1705
Debug   : OCCRtree 0 matches after bounding box filtering
Debug   : OCCRTree found 1 matches at (-18.4204,44.9108,-115.955) in tree of size 1705
Debug   : OCCRtree 0 matches after bounding box filtering
Debug   : OCCRTree found 1 matches at (-18.4204,44.9108,-115.955) in tree of size 1705
Debug   : OCCRtree 0 matches after bounding box filtering
Debug   : OCCRTree found 1 matches at (-18.4204,44.9108,-115.955) in tree of size 1705
Debug   : OCCRtree 0 matches after bounding box filtering
Debug   : OCCRTree found 1 matches at (-24.0761,42.1501,-115.955) in tree of size 1705
Debug   : OCCRtree 0 matches after bounding box filtering
Debug   : OCCRTree found 1 matches at (-24.0761,42.1501,-115.955) in tree of size 1705
Debug   : OCCRtree 0 matches after bounding box filtering
Debug   : OCCRTree found 1 matches at (-24.0761,42.1501,-115.955) in tree of size 1705
Debug   : OCCRtree 0 matches after bounding box filtering
Debug   : OCCRTree found 1 matches at (-29.3271,38.6809,-115.955) in tree of size 1705
Debug   : OCCRtree 0 matches after bounding box filtering
Debug   : OCCRTree found 1 matches at (-29.3271,38.6809,-115.955) in tree of size 1705
Debug   : OCCRtree 0 matches after bounding box filtering
Debug   : OCCRTree found 1 matches at (-29.3271,38.6809,-115.955) in tree of size 1705
Debug   : OCCRtree 0 matches after bounding box filtering
Debug   : OCCRTree found 1 matches at (-34.0852,34.5615,-115.955) in tree of size 1705
Debug   : OCCRtree 0 matches after bounding box filtering
Debug   : OCCRTree found 1 matches at (-34.0852,34.5615,-115.955) in tree of size 1705
Debug   : OCCRtree 0 matches after bounding box filtering
Debug   : OCCRTree found 1 matches at (-34.0852,34.5615,-115.955) in tree of size 1705
Debug   : OCCRtree 0 matches after bounding box filtering
Debug   : OCCRTree found 1 matches at (-38.2702,29.861,-115.955) in tree of size 1705
Debug   : OCCRtree 0 matches after bounding box filtering
Debug   : OCCRTree found 1 matches at (-38.2702,29.861,-115.955) in tree of size 1705
Debug   : OCCRtree 0 matches after bounding box filtering
Debug   : OCCRTree found 1 matches at (-38.2702,29.861,-115.955) in tree of size 1705
Debug   : OCCRtree 0 matches after bounding box filtering
Debug   : OCCRTree found 1 matches at (-41.6906,24.5871,-115.955) in tree of size 1705
Debug   : OCCRtree 0 matches after bounding box filtering
Debug   : OCCRTree found 1 matches at (-41.6906,24.5871,-115.955) in tree of size 1705
Debug   : OCCRtree 0 matches after bounding box filtering
Debug   : OCCRTree found 1 matches at (-41.6906,24.5871,-115.955) in tree of size 1705
Debug   : OCCRtree 0 matches after bounding box filtering
Debug   : OCCRTree found 1 matches at (-43.3615,18.6373,-115.955) in tree of size 1705
Debug   : OCCRtree 0 matches after bounding box filtering
Debug   : OCCRTree found 1 matches at (-43.3615,18.6373,-115.955) in tree of size 1705
Debug   : OCCRtree 0 matches after bounding box filtering
Debug   : OCCRTree found 1 matches at (-43.3615,18.6373,-115.955) in tree of size 1705
Debug   : OCCRtree 0 matches after bounding box filtering
Debug   : OCCRTree found 1 matches at (-43.9367,12.5897,-115.955) in tree of size 1705
Debug   : OCCRtree 0 matches after bounding box filtering
Debug   : OCCRTree found 1 matches at (-43.9367,12.5897,-115.955) in tree of size 1705
Debug   : OCCRtree 0 matches after bounding box filtering
Debug   : OCCRTree found 1 matches at (-43.9367,12.5897,-115.955) in tree of size 1705
Debug   : OCCRtree 0 matches after bounding box filtering
Debug   : OCCRTree found 1 matches at (-43.9583,6.29796,-115.955) in tree of size 1705
Debug   : OCCRtree 0 matches after bounding box filtering
Debug   : OCCRTree found 1 matches at (-43.9583,6.29796,-115.955) in tree of size 1705
Debug   : OCCRtree 0 matches after bounding box filtering
Debug   : OCCRTree found 1 matches at (-43.9583,6.29796,-115.955) in tree of size 1705
Debug   : OCCRtree 0 matches after bounding box filtering
Debug   : OCCRTree found 1 matches at (-43.9583,0,-115.955) in tree of size 1705
Debug   : OCCRtree 0 matches after bounding box filtering
Debug   : OCCRTree found 1 matches at (-43.9583,0,-115.955) in tree of size 1705
Debug   : OCCRtree 0 matches after bounding box filtering
Debug   : OCCRTree found 1 matches at (-43.9583,0,-115.955) in tree of size 1705
Debug   : OCCRtree 0 matches after bounding box filtering
Debug   : OCCRTree found 1 matches at (-43.9583,-6.29796,-115.955) in tree of size 1705
Debug   : OCCRtree 0 matches after bounding box filtering
Debug   : OCCRTree found 1 matches at (-43.9583,-6.29796,-115.955) in tree of size 1705
Debug   : OCCRtree 0 matches after bounding box filtering
Debug   : OCCRTree found 1 matches at (-43.9583,-6.29796,-115.955) in tree of size 1705
Debug   : OCCRtree 0 matches after bounding box filtering
Debug   : OCCRTree found 1 matches at (-43.9367,-12.5897,-115.955) in tree of size 1705
Debug   : OCCRtree 0 matches after bounding box filtering
Debug   : OCCRTree found 1 matches at (-43.9367,-12.5897,-115.955) in tree of size 1705
Debug   : OCCRtree 0 matches after bounding box filtering
Debug   : OCCRTree found 1 matches at (-43.9367,-12.5897,-115.955) in tree of size 1705
Debug   : OCCRtree 0 matches after bounding box filtering
Debug   : OCCRTree found 1 matches at (-43.3615,-18.6373,-115.955) in tree of size 1705
Debug   : OCCRtree 0 matches after bounding box filtering
Debug   : OCCRTree found 1 matches at (-43.3615,-18.6373,-115.955) in tree of size 1705
Debug   : OCCRtree 0 matches after bounding box filtering
Debug   : OCCRTree found 1 matches at (-43.3615,-18.6373,-115.955) in tree of size 1705
Debug   : OCCRtree 0 matches after bounding box filtering
Debug   : OCCRTree found 1 matches at (-41.6906,-24.5871,-115.955) in tree of size 1705
Debug   : OCCRtree 0 matches after bounding box filtering
Debug   : OCCRTree found 1 matches at (-41.6906,-24.5871,-115.955) in tree of size 1705
Debug   : OCCRtree 0 matches after bounding box filtering
Debug   : OCCRTree found 1 matches at (-41.6906,-24.5871,-115.955) in tree of size 1705
Debug   : OCCRtree 0 matches after bounding box filtering
Debug   : OCCRTree found 1 matches at (-38.2702,-29.861,-115.955) in tree of size 1705
Debug   : OCCRtree 0 matches after bounding box filtering
Debug   : OCCRTree found 1 matches at (-38.2702,-29.861,-115.955) in tree of size 1705
Debug   : OCCRtree 0 matches after bounding box filtering
Debug   : OCCRTree found 1 matches at (-38.2702,-29.861,-115.955) in tree of size 1705
Debug   : OCCRtree 0 matches after bounding box filtering
Debug   : OCCRTree found 1 matches at (-34.0852,-34.5615,-115.955) in tree of size 1705
Debug   : OCCRtree 0 matches after bounding box filtering
Debug   : OCCRTree found 1 matches at (-34.0852,-34.5615,-115.955) in tree of size 1705
Debug   : OCCRtree 0 matches after bounding box filtering
Debug   : OCCRTree found 1 matches at (-34.0852,-34.5615,-115.955) in tree of size 1705
Debug   : OCCRtree 0 matches after bounding box filtering
Debug   : OCCRTree found 1 matches at (-29.3271,-38.6809,-115.955) in tree of size 1705
Debug   : OCCRtree 0 matches after bounding box filtering
Debug   : OCCRTree found 1 matches at (-29.3271,-38.6809,-115.955) in tree of size 1705
Debug   : OCCRtree 0 matches after bounding box filtering
Debug   : OCCRTree found 1 matches at (-29.3271,-38.6809,-115.955) in tree of size 1705
Debug   : OCCRtree 0 matches after bounding box filtering
Debug   : OCCRTree found 1 matches at (-24.0761,-42.1501,-115.955) in tree of size 1705
Debug   : OCCRtree 0 matches after bounding box filtering
Debug   : OCCRTree found 1 matches at (-24.0761,-42.1501,-115.955) in tree of size 1705
Debug   : OCCRtree 0 matches after bounding box filtering
Debug   : OCCRTree found 1 matches at (-24.0761,-42.1501,-115.955) in tree of size 1705
Debug   : OCCRtree 0 matches after bounding box filtering
Debug   : OCCRTree found 1 matches at (-18.4204,-44.9108,-115.955) in tree of size 1705
Debug   : OCCRtree 0 matches after bounding box filtering
Debug   : OCCRTree found 1 matches at (-18.4204,-44.9108,-115.955) in tree of size 1705
Debug   : OCCRtree 0 matches after bounding box filtering
Debug   : OCCRTree found 1 matches at (-18.4204,-44.9108,-115.955) in tree of size 1705
Debug   : OCCRtree 0 matches after bounding box filtering
Debug   : OCCRTree found 1 matches at (-12.455,-46.9166,-115.955) in tree of size 1705
Debug   : OCCRtree 0 matches after bounding box filtering
Debug   : OCCRTree found 1 matches at (-12.455,-46.9166,-115.955) in tree of size 1705
Debug   : OCCRtree 0 matches after bounding box filtering
Debug   : OCCRTree found 1 matches at (-12.455,-46.9166,-115.955) in tree of size 1705
Debug   : OCCRtree 0 matches after bounding box filtering
Debug   : OCCRTree found 1 matches at (-6.28031,-48.1337,-115.955) in tree of size 1705
Debug   : OCCRtree 0 matches after bounding box filtering
Debug   : OCCRTree found 1 matches at (-6.28031,-48.1337,-115.955) in tree of size 1705
Debug   : OCCRtree 0 matches after bounding box filtering
Debug   : OCCRTree found 1 matches at (-6.28031,-48.1337,-115.955) in tree of size 1705
Debug   : OCCRtree 0 matches after bounding box filtering
Debug   : OCCRTree found 1 matches at (0,-48.5417,-115.955) in tree of size 1705
Debug   : OCCRtree 0 matches after bounding box filtering
Debug   : OCCRTree found 1 matches at (0,-48.5417,-115.955) in tree of size 1705
Debug   : OCCRtree 0 matches after bounding box filtering
Debug   : OCCRTree found 1 matches at (0,-48.5417,-115.955) in tree of size 1705
Debug   : OCCRtree 0 matches after bounding box filtering
Debug   : OCCRTree found 1 matches at (6.28031,-48.1337,-115.955) in tree of size 1705
Debug   : OCCRtree 0 matches after bounding box filtering
Debug   : OCCRTree found 1 matches at (6.28031,-48.1337,-115.955) in tree of size 1705
Debug   : OCCRtree 0 matches after bounding box filtering
Debug   : OCCRTree found 1 matches at (6.28031,-48.1337,-115.955) in tree of size 1705
Debug   : OCCRtree 0 matches after bounding box filtering
Debug   : OCCRTree found 1 matches at (12.455,-46.9166,-115.955) in tree of size 1705
Debug   : OCCRtree 0 matches after bounding box filtering
Debug   : OCCRTree found 1 matches at (12.455,-46.9166,-115.955) in tree of size 1705
Debug   : OCCRtree 0 matches after bounding box filtering
Debug   : OCCRTree found 1 matches at (12.455,-46.9166,-115.955) in tree of size 1705
Debug   : OCCRtree 0 matches after bounding box filtering
Debug   : OCCRTree found 1 matches at (18.4204,-44.9108,-115.955) in tree of size 1705
Debug   : OCCRtree 0 matches after bounding box filtering
Debug   : OCCRTree found 1 matches at (18.4204,-44.9108,-115.955) in tree of size 1705
Debug   : OCCRtree 0 matches after bounding box filtering
Debug   : OCCRTree found 1 matches at (18.4204,-44.9108,-115.955) in tree of size 1705
Debug   : OCCRtree 0 matches after bounding box filtering
Debug   : OCCRTree found 1 matches at (24.0761,-42.1501,-115.955) in tree of size 1705
Debug   : OCCRtree 0 matches after bounding box filtering
Debug   : OCCRTree found 1 matches at (24.0761,-42.1501,-115.955) in tree of size 1705
Debug   : OCCRtree 0 matches after bounding box filtering
Debug   : OCCRTree found 1 matches at (24.0761,-42.1501,-115.955) in tree of size 1705
Debug   : OCCRtree 0 matches after bounding box filtering
Debug   : OCCRTree found 1 matches at (29.3271,-38.6809,-115.955) in tree of size 1705
Debug   : OCCRtree 0 matches after bounding box filtering
Debug   : OCCRTree found 1 matches at (29.3271,-38.6809,-115.955) in tree of size 1705
Debug   : OCCRtree 0 matches after bounding box filtering
Debug   : OCCRTree found 1 matches at (29.3271,-38.6809,-115.955) in tree of size 1705
Debug   : OCCRtree 0 matches after bounding box filtering
Debug   : OCCRTree found 1 matches at (34.0852,-34.5615,-115.955) in tree of size 1705
Debug   : OCCRtree 0 matches after bounding box filtering
Debug   : OCCRTree found 1 matches at (34.0852,-34.5615,-115.955) in tree of size 1705
Debug   : OCCRtree 0 matches after bounding box filtering
Debug   : OCCRTree found 1 matches at (34.0852,-34.5615,-115.955) in tree of size 1705
Debug   : OCCRtree 0 matches after bounding box filtering
Debug   : OCCRTree found 1 matches at (38.2702,-29.861,-115.955) in tree of size 1705
Debug   : OCCRtree 0 matches after bounding box filtering
Debug   : OCCRTree found 1 matches at (38.2702,-29.861,-115.955) in tree of size 1705
Debug   : OCCRtree 0 matches after bounding box filtering
Debug   : OCCRTree found 1 matches at (38.2702,-29.861,-115.955) in tree of size 1705
Debug   : OCCRtree 0 matches after bounding box filtering
Debug   : OCCRTree found 1 matches at (41.6906,-24.5871,-115.955) in tree of size 1705
Debug   : OCCRtree 0 matches after bounding box filtering
Debug   : OCCRTree found 1 matches at (41.6906,-24.5871,-115.955) in tree of size 1705
Debug   : OCCRtree 0 matches after bounding box filtering
Debug   : OCCRTree found 1 matches at (41.6906,-24.5871,-115.955) in tree of size 1705
Debug   : OCCRtree 0 matches after bounding box filtering
Debug   : OCCRTree found 1 matches at (43.3615,-18.6373,-115.955) in tree of size 1705
Debug   : OCCRtree 0 matches after bounding box filtering
Debug   : OCCRTree found 1 matches at (43.3615,-18.6373,-115.955) in tree of size 1705
Debug   : OCCRtree 0 matches after bounding box filtering
Debug   : OCCRTree found 1 matches at (43.3615,-18.6373,-115.955) in tree of size 1705
Debug   : OCCRtree 0 matches after bounding box filtering
Debug   : OCCRTree found 1 matches at (43.9367,-12.5897,-115.955) in tree of size 1705
Debug   : OCCRtree 0 matches after bounding box filtering
Debug   : OCCRTree found 1 matches at (43.9367,-12.5897,-115.955) in tree of size 1705
Debug   : OCCRtree 0 matches after bounding box filtering
Debug   : OCCRTree found 1 matches at (43.9367,-12.5897,-115.955) in tree of size 1705
Debug   : OCCRtree 0 matches after bounding box filtering
Debug   : OCCRTree found 1 matches at (43.9583,-6.29796,-115.955) in tree of size 1705
Debug   : OCCRtree 0 matches after bounding box filtering
Debug   : OCCRTree found 1 matches at (43.9583,-6.29796,-115.955) in tree of size 1705
Debug   : OCCRtree 0 matches after bounding box filtering
Debug   : OCCRTree found 1 matches at (43.9583,-6.29796,-115.955) in tree of size 1705
Debug   : OCCRtree 0 matches after bounding box filtering
Debug   : OCCRTree found 1 matches at (43.3854,0,-114.444) in tree of size 1705
Debug   : OCCRtree 0 matches after bounding box filtering
Debug   : OCCRTree found 1 matches at (43.3854,0,-114.444) in tree of size 1705
Debug   : OCCRtree 0 matches after bounding box filtering
Debug   : OCCRTree found 1 matches at (43.3854,0,-114.444) in tree of size 1705
Debug   : OCCRtree 0 matches after bounding box filtering
Debug   : OCCRTree found 2 matches at (43.3854,6.35083,-114.444) in tree of size 1705
Debug   : OCCRtree 0 matches after bounding box filtering
Debug   : OCCRTree found 2 matches at (43.3854,6.35083,-114.444) in tree of size 1705
Debug   : OCCRtree 0 matches after bounding box filtering
Debug   : OCCRTree found 2 matches at (43.3854,6.35083,-114.444) in tree of size 1705
Debug   : OCCRtree 0 matches after bounding box filtering
Debug   : OCCRTree found 1 matches at (43.3854,12.7017,-114.444) in tree of size 1705
Debug   : OCCRtree 0 matches after bounding box filtering
Debug   : OCCRTree found 1 matches at (43.3854,12.7017,-114.444) in tree of size 1705
Debug   : OCCRtree 0 matches after bounding box filtering
Debug   : OCCRTree found 1 matches at (43.3854,12.7017,-114.444) in tree of size 1705
Debug   : OCCRtree 0 matches after bounding box filtering
Debug   : OCCRTree found 1 matches at (43.1458,18.9473,-114.444) in tree of size 1705
Debug   : OCCRtree 0 matches after bounding box filtering
Debug   : OCCRTree found 1 matches at (43.1458,18.9473,-114.444) in tree of size 1705
Debug   : OCCRtree 0 matches after bounding box filtering
Debug   : OCCRTree found 1 matches at (43.1458,18.9473,-114.444) in tree of size 1705
Debug   : OCCRtree 0 matches after bounding box filtering
Debug   : OCCRTree found 1 matches at (41.8259,24.8644,-114.444) in tree of size 1705
Debug   : OCCRtree 0 matches after bounding box filtering
Debug   : OCCRTree found 1 matches at (41.8259,24.8644,-114.444) in tree of size 1705
Debug   : OCCRtree 0 matches after bounding box filtering
Debug   : OCCRTree found 1 matches at (41.8259,24.8644,-114.444) in tree of size 1705
Debug   : OCCRtree 0 matches after bounding box filtering
Debug   : OCCRTree found 1 matches at (38.6293,30.3318,-114.444) in tree of size 1705
Debug   : OCCRtree 0 matches after bounding box filtering
Debug   : OCCRTree found 1 matches at (38.6293,30.3318,-114.444) in tree of size 1705
Debug   : OCCRtree 0 matches after bounding box filtering
Debug   : OCCRTree found 1 matches at (38.6293,30.3318,-114.444) in tree of size 1705
Debug   : OCCRtree 0 matches after bounding box filtering
Debug   : OCCRTree found 1 matches at (34.3957,35.0597,-114.444) in tree of size 1705
Debug   : OCCRtree 0 matches after bounding box filtering
Debug   : OCCRTree found 1 matches at (34.3957,35.0597,-114.444) in tree of size 1705
Debug   : OCCRtree 0 matches after bounding box filtering
Debug   : OCCRTree found 1 matches at (34.3957,35.0597,-114.444) in tree of size 1705
Debug   : OCCRtree 0 matches after bounding box filtering
Debug   : OCCRTree found 1 matches at (29.5877,39.2022,-114.444) in tree of size 1705
Debug   : OCCRtree 0 matches after bounding box filtering
Debug   : OCCRTree found 1 matches at (29.5877,39.2022,-114.444) in tree of size 1705
Debug   : OCCRtree 0 matches after bounding box filtering
Debug   : OCCRTree found 1 matches at (29.5877,39.2022,-114.444) in tree of size 1705
Debug   : OCCRtree 0 matches after bounding box filtering
Debug   : OCCRTree found 1 matches at (24.2857,42.6901,-114.444) in tree of size 1705
Debug   : OCCRtree 0 matches after bounding box filtering
Debug   : OCCRTree found 1 matches at (24.2857,42.6901,-114.444) in tree of size 1705
Debug   : OCCRtree 0 matches after bounding box filtering
Debug   : OCCRTree found 1 matches at (24.2857,42.6901,-114.444) in tree of size 1705
Debug   : OCCRtree 0 matches after bounding box filtering
Debug   : OCCRTree found 1 matches at (18.5782,45.4653,-114.444) in tree of size 1705
Debug   : OCCRtree 0 matches after bounding box filtering
Debug   : OCCRTree found 1 matches at (18.5782,45.4653,-114.444) in tree of size 1705
Debug   : OCCRtree 0 matches after bounding box filtering
Debug   : OCCRTree found 1 matches at (18.5782,45.4653,-114.444) in tree of size 1705
Debug   : OCCRtree 0 matches after bounding box filtering
Debug   : OCCRTree found 1 matches at (12.5605,47.4813,-114.444) in tree of size 1705
Debug   : OCCRtree 0 matches after bounding box filtering
Debug   : OCCRTree found 1 matches at (12.5605,47.4813,-114.444) in tree of size 1705
Debug   : OCCRtree 0 matches after bounding box filtering
Debug   : OCCRTree found 1 matches at (12.5605,47.4813,-114.444) in tree of size 1705
Debug   : OCCRtree 0 matches after bounding box filtering
Debug   : OCCRTree found 1 matches at (6.33315,48.7046,-114.444) in tree of size 1705
Debug   : OCCRtree 0 matches after bounding box filtering
Debug   : OCCRTree found 1 matches at (6.33315,48.7046,-114.444) in tree of size 1705
Debug   : OCCRtree 0 matches after bounding box filtering
Debug   : OCCRTree found 1 matches at (6.33315,48.7046,-114.444) in tree of size 1705
Debug   : OCCRtree 0 matches after bounding box filtering
Debug   : OCCRTree found 1 matches at (0,49.1146,-114.444) in tree of size 1705
Debug   : OCCRtree 0 matches after bounding box filtering
Debug   : OCCRTree found 1 matches at (0,49.1146,-114.444) in tree of size 1705
Debug   : OCCRtree 0 matches after bounding box filtering
Debug   : OCCRTree found 1 matches at (0,49.1146,-114.444) in tree of size 1705
Debug   : OCCRtree 0 matches after bounding box filtering
Debug   : OCCRTree found 1 matches at (-6.33315,48.7046,-114.444) in tree of size 1705
Debug   : OCCRtree 0 matches after bounding box filtering
Debug   : OCCRTree found 1 matches at (-6.33315,48.7046,-114.444) in tree of size 1705
Debug   : OCCRtree 0 matches after bounding box filtering
Debug   : OCCRTree found 1 matches at (-6.33315,48.7046,-114.444) in tree of size 1705
Debug   : OCCRtree 0 matches after bounding box filtering
Debug   : OCCRTree found 1 matches at (-12.5605,47.4813,-114.444) in tree of size 1705
Debug   : OCCRtree 0 matches after bounding box filtering
Debug   : OCCRTree found 1 matches at (-12.5605,47.4813,-114.444) in tree of size 1705
Debug   : OCCRtree 0 matches after bounding box filtering
Debug   : OCCRTree found 1 matches at (-12.5605,47.4813,-114.444) in tree of size 1705
Debug   : OCCRtree 0 matches after bounding box filtering
Debug   : OCCRTree found 1 matches at (-18.5782,45.4653,-114.444) in tree of size 1705
Debug   : OCCRtree 0 matches after bounding box filtering
Debug   : OCCRTree found 1 matches at (-18.5782,45.4653,-114.444) in tree of size 1705
Debug   : OCCRtree 0 matches after bounding box filtering
Debug   : OCCRTree found 1 matches at (-18.5782,45.4653,-114.444) in tree of size 1705
Debug   : OCCRtree 0 matches after bounding box filtering
Debug   : OCCRTree found 1 matches at (-24.2857,42.6901,-114.444) in tree of size 1705
Debug   : OCCRtree 0 matches after bounding box filtering
Debug   : OCCRTree found 1 matches at (-24.2857,42.6901,-114.444) in tree of size 1705
Debug   : OCCRtree 0 matches after bounding box filtering
Debug   : OCCRTree found 1 matches at (-24.2857,42.6901,-114.444) in tree of size 1705
Debug   : OCCRtree 0 matches after bounding box filtering
Debug   : OCCRTree found 1 matches at (-29.5877,39.2022,-114.444) in tree of size 1705
Debug   : OCCRtree 0 matches after bounding box filtering
Debug   : OCCRTree found 1 matches at (-29.5877,39.2022,-114.444) in tree of size 1705
Debug   : OCCRtree 0 matches after bounding box filtering
Debug   : OCCRTree found 1 matches at (-29.5877,39.2022,-114.444) in tree of size 1705
Debug   : OCCRtree 0 matches after bounding box filtering
Debug   : OCCRTree found 1 matches at (-34.3957,35.0597,-114.444) in tree of size 1705
Debug   : OCCRtree 0 matches after bounding box filtering
Debug   : OCCRTree found 1 matches at (-34.3957,35.0597,-114.444) in tree of size 1705
Debug   : OCCRtree 0 matches after bounding box filtering
Debug   : OCCRTree found 1 matches at (-34.3957,35.0597,-114.444) in tree of size 1705
Debug   : OCCRtree 0 matches after bounding box filtering
Debug   : OCCRTree found 1 matches at (-38.6293,30.3318,-114.444) in tree of size 1705
Debug   : OCCRtree 0 matches after bounding box filtering
Debug   : OCCRTree found 1 matches at (-38.6293,30.3318,-114.444) in tree of size 1705
Debug   : OCCRtree 0 matches after bounding box filtering
Debug   : OCCRTree found 1 matches at (-38.6293,30.3318,-114.444) in tree of size 1705
Debug   : OCCRtree 0 matches after bounding box filtering
Debug   : OCCRTree found 1 matches at (-41.8259,24.8644,-114.444) in tree of size 1705
Debug   : OCCRtree 0 matches after bounding box filtering
Debug   : OCCRTree found 1 matches at (-41.8259,24.8644,-114.444) in tree of size 1705
Debug   : OCCRtree 0 matches after bounding box filtering
Debug   : OCCRTree found 1 matches at (-41.8259,24.8644,-114.444) in tree of size 1705
Debug   : OCCRtree 0 matches after bounding box filtering
Debug   : OCCRTree found 1 matches at (-43.1458,18.9473,-114.444) in tree of size 1705
Debug   : OCCRtree 0 matches after bounding box filtering
Debug   : OCCRTree found 1 matches at (-43.1458,18.9473,-114.444) in tree of size 1705
Debug   : OCCRtree 0 matches after bounding box filtering
Debug   : OCCRTree found 1 matches at (-43.1458,18.9473,-114.444) in tree of size 1705
Debug   : OCCRtree 0 matches after bounding box filtering
Debug   : OCCRTree found 1 matches at (-43.3854,12.7017,-114.444) in tree of size 1705
Debug   : OCCRtree 0 matches after bounding box filtering
Debug   : OCCRTree found 1 matches at (-43.3854,12.7017,-114.444) in tree of size 1705
Debug   : OCCRtree 0 matches after bounding box filtering
Debug   : OCCRTree found 1 matches at (-43.3854,12.7017,-114.444) in tree of size 1705
Debug   : OCCRtree 0 matches after bounding box filtering
Debug   : OCCRTree found 1 matches at (-43.3854,6.35083,-114.444) in tree of size 1705
Debug   : OCCRtree 0 matches after bounding box filtering
Debug   : OCCRTree found 1 matches at (-43.3854,6.35083,-114.444) in tree of size 1705
Debug   : OCCRtree 0 matches after bounding box filtering
Debug   : OCCRTree found 1 matches at (-43.3854,6.35083,-114.444) in tree of size 1705
Debug   : OCCRtree 0 matches after bounding box filtering
Debug   : OCCRTree found 1 matches at (-43.3854,0,-114.444) in tree of size 1705
Debug   : OCCRtree 0 matches after bounding box filtering
Debug   : OCCRTree found 1 matches at (-43.3854,0,-114.444) in tree of size 1705
Debug   : OCCRtree 0 matches after bounding box filtering
Debug   : OCCRTree found 1 matches at (-43.3854,0,-114.444) in tree of size 1705
Debug   : OCCRtree 0 matches after bounding box filtering
Debug   : OCCRTree found 1 matches at (-43.3854,-6.35083,-114.444) in tree of size 1705
Debug   : OCCRtree 0 matches after bounding box filtering
Debug   : OCCRTree found 1 matches at (-43.3854,-6.35083,-114.444) in tree of size 1705
Debug   : OCCRtree 0 matches after bounding box filtering
Debug   : OCCRTree found 1 matches at (-43.3854,-6.35083,-114.444) in tree of size 1705
Debug   : OCCRtree 0 matches after bounding box filtering
Debug   : OCCRTree found 1 matches at (-43.3854,-12.7017,-114.444) in tree of size 1705
Debug   : OCCRtree 0 matches after bounding box filtering
Debug   : OCCRTree found 1 matches at (-43.3854,-12.7017,-114.444) in tree of size 1705
Debug   : OCCRtree 0 matches after bounding box filtering
Debug   : OCCRTree found 1 matches at (-43.3854,-12.7017,-114.444) in tree of size 1705
Debug   : OCCRtree 0 matches after bounding box filtering
Debug   : OCCRTree found 1 matches at (-43.1458,-18.9473,-114.444) in tree of size 1705
Debug   : OCCRtree 0 matches after bounding box filtering
Debug   : OCCRTree found 1 matches at (-43.1458,-18.9473,-114.444) in tree of size 1705
Debug   : OCCRtree 0 matches after bounding box filtering
Debug   : OCCRTree found 1 matches at (-43.1458,-18.9473,-114.444) in tree of size 1705
Debug   : OCCRtree 0 matches after bounding box filtering
Debug   : OCCRTree found 1 matches at (-41.8259,-24.8644,-114.444) in tree of size 1705
Debug   : OCCRtree 0 matches after bounding box filtering
Debug   : OCCRTree found 1 matches at (-41.8259,-24.8644,-114.444) in tree of size 1705
Debug   : OCCRtree 0 matches after bounding box filtering
Debug   : OCCRTree found 1 matches at (-41.8259,-24.8644,-114.444) in tree of size 1705
Debug   : OCCRtree 0 matches after bounding box filtering
Debug   : OCCRTree found 1 matches at (-38.6293,-30.3318,-114.444) in tree of size 1705
Debug   : OCCRtree 0 matches after bounding box filtering
Debug   : OCCRTree found 1 matches at (-38.6293,-30.3318,-114.444) in tree of size 1705
Debug   : OCCRtree 0 matches after bounding box filtering
Debug   : OCCRTree found 1 matches at (-38.6293,-30.3318,-114.444) in tree of size 1705
Debug   : OCCRtree 0 matches after bounding box filtering
Debug   : OCCRTree found 1 matches at (-34.3957,-35.0597,-114.444) in tree of size 1705
Debug   : OCCRtree 0 matches after bounding box filtering
Debug   : OCCRTree found 1 matches at (-34.3957,-35.0597,-114.444) in tree of size 1705
Debug   : OCCRtree 0 matches after bounding box filtering
Debug   : OCCRTree found 1 matches at (-34.3957,-35.0597,-114.444) in tree of size 1705
Debug   : OCCRtree 0 matches after bounding box filtering
Debug   : OCCRTree found 1 matches at (-29.5877,-39.2022,-114.444) in tree of size 1705
Debug   : OCCRtree 0 matches after bounding box filtering
Debug   : OCCRTree found 1 matches at (-29.5877,-39.2022,-114.444) in tree of size 1705
Debug   : OCCRtree 0 matches after bounding box filtering
Debug   : OCCRTree found 1 matches at (-29.5877,-39.2022,-114.444) in tree of size 1705
Debug   : OCCRtree 0 matches after bounding box filtering
Debug   : OCCRTree found 1 matches at (-24.2857,-42.6901,-114.444) in tree of size 1705
Debug   : OCCRtree 0 matches after bounding box filtering
Debug   : OCCRTree found 1 matches at (-24.2857,-42.6901,-114.444) in tree of size 1705
Debug   : OCCRtree 0 matches after bounding box filtering
Debug   : OCCRTree found 1 matches at (-24.2857,-42.6901,-114.444) in tree of size 1705
Debug   : OCCRtree 0 matches after bounding box filtering
Debug   : OCCRTree found 1 matches at (-18.5782,-45.4653,-114.444) in tree of size 1705
Debug   : OCCRtree 0 matches after bounding box filtering
Debug   : OCCRTree found 1 matches at (-18.5782,-45.4653,-114.444) in tree of size 1705
Debug   : OCCRtree 0 matches after bounding box filtering
Debug   : OCCRTree found 1 matches at (-18.5782,-45.4653,-114.444) in tree of size 1705
Debug   : OCCRtree 0 matches after bounding box filtering
Debug   : OCCRTree found 1 matches at (-12.5605,-47.4813,-114.444) in tree of size 1705
Debug   : OCCRtree 0 matches after bounding box filtering
Debug   : OCCRTree found 1 matches at (-12.5605,-47.4813,-114.444) in tree of size 1705
Debug   : OCCRtree 0 matches after bounding box filtering
Debug   : OCCRTree found 1 matches at (-12.5605,-47.4813,-114.444) in tree of size 1705
Debug   : OCCRtree 0 matches after bounding box filtering
Debug   : OCCRTree found 1 matches at (-6.33315,-48.7046,-114.444) in tree of size 1705
Debug   : OCCRtree 0 matches after bounding box filtering
Debug   : OCCRTree found 1 matches at (-6.33315,-48.7046,-114.444) in tree of size 1705
Debug   : OCCRtree 0 matches after bounding box filtering
Debug   : OCCRTree found 1 matches at (-6.33315,-48.7046,-114.444) in tree of size 1705
Debug   : OCCRtree 0 matches after bounding box filtering
Debug   : OCCRTree found 1 matches at (0,-49.1146,-114.444) in tree of size 1705
Debug   : OCCRtree 0 matches after bounding box filtering
Debug   : OCCRTree found 1 matches at (0,-49.1146,-114.444) in tree of size 1705
Debug   : OCCRtree 0 matches after bounding box filtering
Debug   : OCCRTree found 1 matches at (0,-49.1146,-114.444) in tree of size 1705
Debug   : OCCRtree 0 matches after bounding box filtering
Debug   : OCCRTree found 1 matches at (6.33315,-48.7046,-114.444) in tree of size 1705
Debug   : OCCRtree 0 matches after bounding box filtering
Debug   : OCCRTree found 1 matches at (6.33315,-48.7046,-114.444) in tree of size 1705
Debug   : OCCRtree 0 matches after bounding box filtering
Debug   : OCCRTree found 1 matches at (6.33315,-48.7046,-114.444) in tree of size 1705
Debug   : OCCRtree 0 matches after bounding box filtering
Debug   : OCCRTree found 1 matches at (12.5605,-47.4813,-114.444) in tree of size 1705
Debug   : OCCRtree 0 matches after bounding box filtering
Debug   : OCCRTree found 1 matches at (12.5605,-47.4813,-114.444) in tree of size 1705
Debug   : OCCRtree 0 matches after bounding box filtering
Debug   : OCCRTree found 1 matches at (12.5605,-47.4813,-114.444) in tree of size 1705
Debug   : OCCRtree 0 matches after bounding box filtering
Debug   : OCCRTree found 1 matches at (18.5782,-45.4653,-114.444) in tree of size 1705
Debug   : OCCRtree 0 matches after bounding box filtering
Debug   : OCCRTree found 1 matches at (18.5782,-45.4653,-114.444) in tree of size 1705
Debug   : OCCRtree 0 matches after bounding box filtering
Debug   : OCCRTree found 1 matches at (18.5782,-45.4653,-114.444) in tree of size 1705
Debug   : OCCRtree 0 matches after bounding box filtering
Debug   : OCCRTree found 1 matches at (24.2857,-42.6901,-114.444) in tree of size 1705
Debug   : OCCRtree 0 matches after bounding box filtering
Debug   : OCCRTree found 1 matches at (24.2857,-42.6901,-114.444) in tree of size 1705
Debug   : OCCRtree 0 matches after bounding box filtering
Debug   : OCCRTree found 1 matches at (24.2857,-42.6901,-114.444) in tree of size 1705
Debug   : OCCRtree 0 matches after bounding box filtering
Debug   : OCCRTree found 1 matches at (29.5877,-39.2022,-114.444) in tree of size 1705
Debug   : OCCRtree 0 matches after bounding box filtering
Debug   : OCCRTree found 1 matches at (29.5877,-39.2022,-114.444) in tree of size 1705
Debug   : OCCRtree 0 matches after bounding box filtering
Debug   : OCCRTree found 1 matches at (29.5877,-39.2022,-114.444) in tree of size 1705
Debug   : OCCRtree 0 matches after bounding box filtering
Debug   : OCCRTree found 1 matches at (34.3957,-35.0597,-114.444) in tree of size 1705
Debug   : OCCRtree 0 matches after bounding box filtering
Debug   : OCCRTree found 1 matches at (34.3957,-35.0597,-114.444) in tree of size 1705
Debug   : OCCRtree 0 matches after bounding box filtering
Debug   : OCCRTree found 1 matches at (34.3957,-35.0597,-114.444) in tree of size 1705
Debug   : OCCRtree 0 matches after bounding box filtering
Debug   : OCCRTree found 1 matches at (38.6293,-30.3318,-114.444) in tree of size 1705
Debug   : OCCRtree 0 matches after bounding box filtering
Debug   : OCCRTree found 1 matches at (38.6293,-30.3318,-114.444) in tree of size 1705
Debug   : OCCRtree 0 matches after bounding box filtering
Debug   : OCCRTree found 1 matches at (38.6293,-30.3318,-114.444) in tree of size 1705
Debug   : OCCRtree 0 matches after bounding box filtering
Debug   : OCCRTree found 1 matches at (41.8259,-24.8644,-114.444) in tree of size 1705
Debug   : OCCRtree 0 matches after bounding box filtering
Debug   : OCCRTree found 1 matches at (41.8259,-24.8644,-114.444) in tree of size 1705
Debug   : OCCRtree 0 matches after bounding box filtering
Debug   : OCCRTree found 1 matches at (41.8259,-24.8644,-114.444) in tree of size 1705
Debug   : OCCRtree 0 matches after bounding box filtering
Debug   : OCCRTree found 1 matches at (43.1458,-18.9473,-114.444) in tree of size 1705
Debug   : OCCRtree 0 matches after bounding box filtering
Debug   : OCCRTree found 1 matches at (43.1458,-18.9473,-114.444) in tree of size 1705
Debug   : OCCRtree 0 matches after bounding box filtering
Debug   : OCCRTree found 1 matches at (43.1458,-18.9473,-114.444) in tree of size 1705
Debug   : OCCRtree 0 matches after bounding box filtering
Debug   : OCCRTree found 1 matches at (43.3854,-12.7017,-114.444) in tree of size 1705
Debug   : OCCRtree 0 matches after bounding box filtering
Debug   : OCCRTree found 1 matches at (43.3854,-12.7017,-114.444) in tree of size 1705
Debug   : OCCRtree 0 matches after bounding box filtering
Debug   : OCCRTree found 1 matches at (43.3854,-12.7017,-114.444) in tree of size 1705
Debug   : OCCRtree 0 matches after bounding box filtering
Debug   : OCCRTree found 1 matches at (43.3854,-6.35083,-114.444) in tree of size 1705
Debug   : OCCRtree 0 matches after bounding box filtering
Debug   : OCCRTree found 1 matches at (43.3854,-6.35083,-114.444) in tree of size 1705
Debug   : OCCRtree 0 matches after bounding box filtering
Debug   : OCCRTree found 1 matches at (43.3854,-6.35083,-114.444) in tree of size 1705
Debug   : OCCRtree 0 matches after bounding box filtering
Debug   : OCCRTree found 1 matches at (42.8125,0,-112.932) in tree of size 1705
Debug   : OCCRtree 0 matches after bounding box filtering
Debug   : OCCRTree found 1 matches at (42.8125,0,-112.932) in tree of size 1705
Debug   : OCCRtree 0 matches after bounding box filtering
Debug   : OCCRTree found 1 matches at (42.8125,0,-112.932) in tree of size 1705
Debug   : OCCRtree 0 matches after bounding box filtering
Debug   : OCCRTree found 2 matches at (42.8125,6.40145,-112.932) in tree of size 1705
Debug   : OCCRtree 0 matches after bounding box filtering
Debug   : OCCRTree found 2 matches at (42.8125,6.40145,-112.932) in tree of size 1705
Debug   : OCCRtree 0 matches after bounding box filtering
Debug   : OCCRTree found 2 matches at (42.8125,6.40145,-112.932) in tree of size 1705
Debug   : OCCRtree 0 matches after bounding box filtering
Debug   : OCCRTree found 1 matches at (42.8125,12.8029,-112.932) in tree of size 1705
Debug   : OCCRtree 0 matches after bounding box filtering
Debug   : OCCRTree found 1 matches at (42.8125,12.8029,-112.932) in tree of size 1705
Debug   : OCCRtree 0 matches after bounding box filtering
Debug   : OCCRTree found 1 matches at (42.8125,12.8029,-112.932) in tree of size 1705
Debug   : OCCRtree 0 matches after bounding box filtering
Debug   : OCCRTree found 1 matches at (42.7857,19.1923,-112.932) in tree of size 1705
Debug   : OCCRtree 0 matches after bounding box filtering
Debug   : OCCRTree found 1 matches at (42.7857,19.1923,-112.932) in tree of size 1705
Debug   : OCCRtree 0 matches after bounding box filtering
Debug   : OCCRTree found 1 matches at (42.7857,19.1923,-112.932) in tree of size 1705
Debug   : OCCRtree 0 matches after bounding box filtering
Debug   : OCCRTree found 1 matches at (41.8379,25.0858,-112.932) in tree of size 1705
Debug   : OCCRtree 0 matches after bounding box filtering
Debug   : OCCRTree found 1 matches at (41.8379,25.0858,-112.932) in tree of size 1705
Debug   : OCCRtree 0 matches after bounding box filtering
Debug   : OCCRTree found 1 matches at (41.8379,25.0858,-112.932) in tree of size 1705
Debug   : OCCRtree 0 matches after bounding box filtering
Debug   : OCCRTree found 1 matches at (38.9783,30.8146,-112.932) in tree of size 1705
Debug   : OCCRtree 0 matches after bounding box filtering
Debug   : OCCRTree found 1 matches at (38.9783,30.8146,-112.932) in tree of size 1705
Debug   : OCCRtree 0 matches after bounding box filtering
Debug   : OCCRTree found 1 matches at (38.9783,30.8146,-112.932) in tree of size 1705
Debug   : OCCRtree 0 matches after bounding box filtering
Debug   : OCCRTree found 1 matches at (34.6963,35.5671,-112.932) in tree of size 1705
Debug   : OCCRtree 0 matches after bounding box filtering
Debug   : OCCRTree found 1 matches at (34.6963,35.5671,-112.932) in tree of size 1705
Debug   : OCCRtree 0 matches after bounding box filtering
Debug   : OCCRTree found 1 matches at (34.6963,35.5671,-112.932) in tree of size 1705
Debug   : OCCRtree 0 matches after bounding box filtering
Debug   : OCCRTree found 1 matches at (29.8391,39.73,-112.932) in tree of size 1705
Debug   : OCCRtree 0 matches after bounding box filtering
Debug   : OCCRTree found 1 matches at (29.8391,39.73,-112.932) in tree of size 1705
Debug   : OCCRtree 0 matches after bounding box filtering
Debug   : OCCRTree found 1 matches at (29.8391,39.73,-112.932) in tree of size 1705
Debug   : OCCRtree 0 matches after bounding box filtering
Debug   : OCCRTree found 1 matches at (24.4874,43.2344,-112.932) in tree of size 1705
Debug   : OCCRtree 0 matches after bounding box filtering
Debug   : OCCRTree found 1 matches at (24.4874,43.2344,-112.932) in tree of size 1705
Debug   : OCCRtree 0 matches after bounding box filtering
Debug   : OCCRTree found 1 matches at (24.4874,43.2344,-112.932) in tree of size 1705
Debug   : OCCRtree 0 matches after bounding box filtering
Debug   : OCCRTree found 1 matches at (18.7298,46.0222,-112.932) in tree of size 1705
Debug   : OCCRtree 0 matches after bounding box filtering
Debug   : OCCRTree found 1 matches at (18.7298,46.0222,-112.932) in tree of size 1705
Debug   : OCCRtree 0 matches after bounding box filtering
Debug   : OCCRTree found 1 matches at (18.7298,46.0222,-112.932) in tree of size 1705
Debug   : OCCRtree 0 matches after bounding box filtering
Debug   : OCCRTree found 1 matches at (12.6617,48.0472,-112.932) in tree of size 1705
Debug   : OCCRtree 0 matches after bounding box filtering
Debug   : OCCRTree found 1 matches at (12.6617,48.0472,-112.932) in tree of size 1705
Debug   : OCCRtree 0 matches after bounding box filtering
Debug   : OCCRTree found 1 matches at (12.6617,48.0472,-112.932) in tree of size 1705
Debug   : OCCRtree 0 matches after bounding box filtering
Debug   : OCCRTree found 1 matches at (6.38376,49.2757,-112.932) in tree of size 1705
Debug   : OCCRtree 0 matches after bounding box filtering
Debug   : OCCRTree found 1 matches at (6.38376,49.2757,-112.932) in tree of size 1705
Debug   : OCCRtree 0 matches after bounding box filtering
Debug   : OCCRTree found 1 matches at (6.38376,49.2757,-112.932) in tree of size 1705
Debug   : OCCRtree 0 matches after bounding box filtering
Debug   : OCCRTree found 1 matches at (0,49.6875,-112.932) in tree of size 1705
Debug   : OCCRtree 0 matches after bounding box filtering
Debug   : OCCRTree found 1 matches at (0,49.6875,-112.932) in tree of size 1705
Debug   : OCCRtree 0 matches after bounding box filtering
Debug   : OCCRTree found 1 matches at (0,49.6875,-112.932) in tree of size 1705
Debug   : OCCRtree 0 matches after bounding box filtering
Debug   : OCCRTree found 1 matches at (-6.38376,49.2757,-112.932) in tree of size 1705
Debug   : OCCRtree 0 matches after bounding box filtering
Debug   : OCCRTree found 1 matches at (-6.38376,49.2757,-112.932) in tree of size 1705
Debug   : OCCRtree 0 matches after bounding box filtering
Debug   : OCCRTree found 1 matches at (-6.38376,49.2757,-112.932) in tree of size 1705
Debug   : OCCRtree 0 matches after bounding box filtering
Debug   : OCCRTree found 1 matches at (-12.6617,48.0472,-112.932) in tree of size 1705
Debug   : OCCRtree 0 matches after bounding box filtering
Debug   : OCCRTree found 1 matches at (-12.6617,48.0472,-112.932) in tree of size 1705
Debug   : OCCRtree 0 matches after bounding box filtering
Debug   : OCCRTree found 1 matches at (-12.6617,48.0472,-112.932) in tree of size 1705
Debug   : OCCRtree 0 matches after bounding box filtering
Debug   : OCCRTree found 1 matches at (-18.7298,46.0222,-112.932) in tree of size 1705
Debug   : OCCRtree 0 matches after bounding box filtering
Debug   : OCCRTree found 1 matches at (-18.7298,46.0222,-112.932) in tree of size 1705
Debug   : OCCRtree 0 matches after bounding box filtering
Debug   : OCCRTree found 1 matches at (-18.7298,46.0222,-112.932) in tree of size 1705
Debug   : OCCRtree 0 matches after bounding box filtering
Debug   : OCCRTree found 1 matches at (-24.4874,43.2344,-112.932) in tree of size 1705
Debug   : OCCRtree 0 matches after bounding box filtering
Debug   : OCCRTree found 1 matches at (-24.4874,43.2344,-112.932) in tree of size 1705
Debug   : OCCRtree 0 matches after bounding box filtering
Debug   : OCCRTree found 1 matches at (-24.4874,43.2344,-112.932) in tree of size 1705
Debug   : OCCRtree 0 matches after bounding box filtering
Debug   : OCCRTree found 1 matches at (-29.8391,39.73,-112.932) in tree of size 1705
Debug   : OCCRtree 0 matches after bounding box filtering
Debug   : OCCRTree found 1 matches at (-29.8391,39.73,-112.932) in tree of size 1705
Debug   : OCCRtree 0 matches after bounding box filtering
Debug   : OCCRTree found 1 matches at (-29.8391,39.73,-112.932) in tree of size 1705
Debug   : OCCRtree 0 matches after bounding box filtering
Debug   : OCCRTree found 1 matches at (-34.6963,35.5671,-112.932) in tree of size 1705
Debug   : OCCRtree 0 matches after bounding box filtering
Debug   : OCCRTree found 1 matches at (-34.6963,35.5671,-112.932) in tree of size 1705
Debug   : OCCRtree 0 matches after bounding box filtering
Debug   : OCCRTree found 1 matches at (-34.6963,35.5671,-112.932) in tree of size 1705
Debug   : OCCRtree 0 matches after bounding box filtering
Debug   : OCCRTree found 1 matches at (-38.9783,30.8146,-112.932) in tree of size 1705
Debug   : OCCRtree 0 matches after bounding box filtering
Debug   : OCCRTree found 1 matches at (-38.9783,30.8146,-112.932) in tree of size 1705
Debug   : OCCRtree 0 matches after bounding box filtering
Debug   : OCCRTree found 1 matches at (-38.9783,30.8146,-112.932) in tree of size 1705
Debug   : OCCRtree 0 matches after bounding box filtering
Debug   : OCCRTree found 1 matches at (-41.8379,25.0858,-112.932) in tree of size 1705
Debug   : OCCRtree 0 matches after bounding box filtering
Debug   : OCCRTree found 1 matches at (-41.8379,25.0858,-112.932) in tree of size 1705
Debug   : OCCRtree 0 matches after bounding box filtering
Debug   : OCCRTree found 1 matches at (-41.8379,25.0858,-112.932) in tree of size 1705
Debug   : OCCRtree 0 matches after bounding box filtering
Debug   : OCCRTree found 1 matches at (-42.7857,19.1923,-112.932) in tree of size 1705
Debug   : OCCRtree 0 matches after bounding box filtering
Debug   : OCCRTree found 1 matches at (-42.7857,19.1923,-112.932) in tree of size 1705
Debug   : OCCRtree 0 matches after bounding box filtering
Debug   : OCCRTree found 1 matches at (-42.7857,19.1923,-112.932) in tree of size 1705
Debug   : OCCRtree 0 matches after bounding box filtering
Debug   : OCCRTree found 1 matches at (-42.8125,12.8029,-112.932) in tree of size 1705
Debug   : OCCRtree 0 matches after bounding box filtering
Debug   : OCCRTree found 1 matches at (-42.8125,12.8029,-112.932) in tree of size 1705
Debug   : OCCRtree 0 matches after bounding box filtering
Debug   : OCCRTree found 1 matches at (-42.8125,12.8029,-112.932) in tree of size 1705
Debug   : OCCRtree 0 matches after bounding box filtering
Debug   : OCCRTree found 1 matches at (-42.8125,6.40145,-112.932) in tree of size 1705
Debug   : OCCRtree 0 matches after bounding box filtering
Debug   : OCCRTree found 1 matches at (-42.8125,6.40145,-112.932) in tree of size 1705
Debug   : OCCRtree 0 matches after bounding box filtering
Debug   : OCCRTree found 1 matches at (-42.8125,6.40145,-112.932) in tree of size 1705
Debug   : OCCRtree 0 matches after bounding box filtering
Debug   : OCCRTree found 1 matches at (-42.8125,0,-112.932) in tree of size 1705
Debug   : OCCRtree 0 matches after bounding box filtering
Debug   : OCCRTree found 1 matches at (-42.8125,0,-112.932) in tree of size 1705
Debug   : OCCRtree 0 matches after bounding box filtering
Debug   : OCCRTree found 1 matches at (-42.8125,0,-112.932) in tree of size 1705
Debug   : OCCRtree 0 matches after bounding box filtering
Debug   : OCCRTree found 1 matches at (-42.8125,-6.40145,-112.932) in tree of size 1705
Debug   : OCCRtree 0 matches after bounding box filtering
Debug   : OCCRTree found 1 matches at (-42.8125,-6.40145,-112.932) in tree of size 1705
Debug   : OCCRtree 0 matches after bounding box filtering
Debug   : OCCRTree found 1 matches at (-42.8125,-6.40145,-112.932) in tree of size 1705
Debug   : OCCRtree 0 matches after bounding box filtering
Debug   : OCCRTree found 1 matches at (-42.8125,-12.8029,-112.932) in tree of size 1705
Debug   : OCCRtree 0 matches after bounding box filtering
Debug   : OCCRTree found 1 matches at (-42.8125,-12.8029,-112.932) in tree of size 1705
Debug   : OCCRtree 0 matches after bounding box filtering
Debug   : OCCRTree found 1 matches at (-42.8125,-12.8029,-112.932) in tree of size 1705
Debug   : OCCRtree 0 matches after bounding box filtering
Debug   : OCCRTree found 1 matches at (-42.7857,-19.1923,-112.932) in tree of size 1705
Debug   : OCCRtree 0 matches after bounding box filtering
Debug   : OCCRTree found 1 matches at (-42.7857,-19.1923,-112.932) in tree of size 1705
Debug   : OCCRtree 0 matches after bounding box filtering
Debug   : OCCRTree found 1 matches at (-42.7857,-19.1923,-112.932) in tree of size 1705
Debug   : OCCRtree 0 matches after bounding box filtering
Debug   : OCCRTree found 1 matches at (-41.8379,-25.0858,-112.932) in tree of size 1705
Debug   : OCCRtree 0 matches after bounding box filtering
Debug   : OCCRTree found 1 matches at (-41.8379,-25.0858,-112.932) in tree of size 1705
Debug   : OCCRtree 0 matches after bounding box filtering
Debug   : OCCRTree found 1 matches at (-41.8379,-25.0858,-112.932) in tree of size 1705
Debug   : OCCRtree 0 matches after bounding box filtering
Debug   : OCCRTree found 1 matches at (-38.9783,-30.8146,-112.932) in tree of size 1705
Debug   : OCCRtree 0 matches after bounding box filtering
Debug   : OCCRTree found 1 matches at (-38.9783,-30.8146,-112.932) in tree of size 1705
Debug   : OCCRtree 0 matches after bounding box filtering
Debug   : OCCRTree found 1 matches at (-38.9783,-30.8146,-112.932) in tree of size 1705
Debug   : OCCRtree 0 matches after bounding box filtering
Debug   : OCCRTree found 1 matches at (-34.6963,-35.5671,-112.932) in tree of size 1705
Debug   : OCCRtree 0 matches after bounding box filtering
Debug   : OCCRTree found 1 matches at (-34.6963,-35.5671,-112.932) in tree of size 1705
Debug   : OCCRtree 0 matches after bounding box filtering
Debug   : OCCRTree found 1 matches at (-34.6963,-35.5671,-112.932) in tree of size 1705
Debug   : OCCRtree 0 matches after bounding box filtering
Debug   : OCCRTree found 1 matches at (-29.8391,-39.73,-112.932) in tree of size 1705
Debug   : OCCRtree 0 matches after bounding box filtering
Debug   : OCCRTree found 1 matches at (-29.8391,-39.73,-112.932) in tree of size 1705
Debug   : OCCRtree 0 matches after bounding box filtering
Debug   : OCCRTree found 1 matches at (-29.8391,-39.73,-112.932) in tree of size 1705
Debug   : OCCRtree 0 matches after bounding box filtering
Debug   : OCCRTree found 1 matches at (-24.4874,-43.2344,-112.932) in tree of size 1705
Debug   : OCCRtree 0 matches after bounding box filtering
Debug   : OCCRTree found 1 matches at (-24.4874,-43.2344,-112.932) in tree of size 1705
Debug   : OCCRtree 0 matches after bounding box filtering
Debug   : OCCRTree found 1 matches at (-24.4874,-43.2344,-112.932) in tree of size 1705
Debug   : OCCRtree 0 matches after bounding box filtering
Debug   : OCCRTree found 1 matches at (-18.7298,-46.0222,-112.932) in tree of size 1705
Debug   : OCCRtree 0 matches after bounding box filtering
Debug   : OCCRTree found 1 matches at (-18.7298,-46.0222,-112.932) in tree of size 1705
Debug   : OCCRtree 0 matches after bounding box filtering
Debug   : OCCRTree found 1 matches at (-18.7298,-46.0222,-112.932) in tree of size 1705
Debug   : OCCRtree 0 matches after bounding box filtering
Debug   : OCCRTree found 1 matches at (-12.6617,-48.0472,-112.932) in tree of size 1705
Debug   : OCCRtree 0 matches after bounding box filtering
Debug   : OCCRTree found 1 matches at (-12.6617,-48.0472,-112.932) in tree of size 1705
Debug   : OCCRtree 0 matches after bounding box filtering
Debug   : OCCRTree found 1 matches at (-12.6617,-48.0472,-112.932) in tree of size 1705
Debug   : OCCRtree 0 matches after bounding box filtering
Debug   : OCCRTree found 1 matches at (-6.38376,-49.2757,-112.932) in tree of size 1705
Debug   : OCCRtree 0 matches after bounding box filtering
Debug   : OCCRTree found 1 matches at (-6.38376,-49.2757,-112.932) in tree of size 1705
Debug   : OCCRtree 0 matches after bounding box filtering
Debug   : OCCRTree found 1 matches at (-6.38376,-49.2757,-112.932) in tree of size 1705
Debug   : OCCRtree 0 matches after bounding box filtering
Debug   : OCCRTree found 1 matches at (0,-49.6875,-112.932) in tree of size 1705
Debug   : OCCRtree 0 matches after bounding box filtering
Debug   : OCCRTree found 1 matches at (0,-49.6875,-112.932) in tree of size 1705
Debug   : OCCRtree 0 matches after bounding box filtering
Debug   : OCCRTree found 1 matches at (0,-49.6875,-112.932) in tree of size 1705
Debug   : OCCRtree 0 matches after bounding box filtering
Debug   : OCCRTree found 1 matches at (6.38376,-49.2757,-112.932) in tree of size 1705
Debug   : OCCRtree 0 matches after bounding box filtering
Debug   : OCCRTree found 1 matches at (6.38376,-49.2757,-112.932) in tree of size 1705
Debug   : OCCRtree 0 matches after bounding box filtering
Debug   : OCCRTree found 1 matches at (6.38376,-49.2757,-112.932) in tree of size 1705
Debug   : OCCRtree 0 matches after bounding box filtering
Debug   : OCCRTree found 1 matches at (12.6617,-48.0472,-112.932) in tree of size 1705
Debug   : OCCRtree 0 matches after bounding box filtering
Debug   : OCCRTree found 1 matches at (12.6617,-48.0472,-112.932) in tree of size 1705
Debug   : OCCRtree 0 matches after bounding box filtering
Debug   : OCCRTree found 1 matches at (12.6617,-48.0472,-112.932) in tree of size 1705
Debug   : OCCRtree 0 matches after bounding box filtering
Debug   : OCCRTree found 1 matches at (18.7298,-46.0222,-112.932) in tree of size 1705
Debug   : OCCRtree 0 matches after bounding box filtering
Debug   : OCCRTree found 1 matches at (18.7298,-46.0222,-112.932) in tree of size 1705
Debug   : OCCRtree 0 matches after bounding box filtering
Debug   : OCCRTree found 1 matches at (18.7298,-46.0222,-112.932) in tree of size 1705
Debug   : OCCRtree 0 matches after bounding box filtering
Debug   : OCCRTree found 1 matches at (24.4874,-43.2344,-112.932) in tree of size 1705
Debug   : OCCRtree 0 matches after bounding box filtering
Debug   : OCCRTree found 1 matches at (24.4874,-43.2344,-112.932) in tree of size 1705
Debug   : OCCRtree 0 matches after bounding box filtering
Debug   : OCCRTree found 1 matches at (24.4874,-43.2344,-112.932) in tree of size 1705
Debug   : OCCRtree 0 matches after bounding box filtering
Debug   : OCCRTree found 1 matches at (29.8391,-39.73,-112.932) in tree of size 1705
Debug   : OCCRtree 0 matches after bounding box filtering
Debug   : OCCRTree found 1 matches at (29.8391,-39.73,-112.932) in tree of size 1705
Debug   : OCCRtree 0 matches after bounding box filtering
Debug   : OCCRTree found 1 matches at (29.8391,-39.73,-112.932) in tree of size 1705
Debug   : OCCRtree 0 matches after bounding box filtering
Debug   : OCCRTree found 1 matches at (34.6963,-35.5671,-112.932) in tree of size 1705
Debug   : OCCRtree 0 matches after bounding box filtering
Debug   : OCCRTree found 1 matches at (34.6963,-35.5671,-112.932) in tree of size 1705
Debug   : OCCRtree 0 matches after bounding box filtering
Debug   : OCCRTree found 1 matches at (34.6963,-35.5671,-112.932) in tree of size 1705
Debug   : OCCRtree 0 matches after bounding box filtering
Debug   : OCCRTree found 1 matches at (38.9783,-30.8146,-112.932) in tree of size 1705
Debug   : OCCRtree 0 matches after bounding box filtering
Debug   : OCCRTree found 1 matches at (38.9783,-30.8146,-112.932) in tree of size 1705
Debug   : OCCRtree 0 matches after bounding box filtering
Debug   : OCCRTree found 1 matches at (38.9783,-30.8146,-112.932) in tree of size 1705
Debug   : OCCRtree 0 matches after bounding box filtering
Debug   : OCCRTree found 1 matches at (41.8379,-25.0858,-112.932) in tree of size 1705
Debug   : OCCRtree 0 matches after bounding box filtering
Debug   : OCCRTree found 1 matches at (41.8379,-25.0858,-112.932) in tree of size 1705
Debug   : OCCRtree 0 matches after bounding box filtering
Debug   : OCCRTree found 1 matches at (41.8379,-25.0858,-112.932) in tree of size 1705
Debug   : OCCRtree 0 matches after bounding box filtering
Debug   : OCCRTree found 1 matches at (42.7857,-19.1923,-112.932) in tree of size 1705
Debug   : OCCRtree 0 matches after bounding box filtering
Debug   : OCCRTree found 1 matches at (42.7857,-19.1923,-112.932) in tree of size 1705
Debug   : OCCRtree 0 matches after bounding box filtering
Debug   : OCCRTree found 1 matches at (42.7857,-19.1923,-112.932) in tree of size 1705
Debug   : OCCRtree 0 matches after bounding box filtering
Debug   : OCCRTree found 1 matches at (42.8125,-12.8029,-112.932) in tree of size 1705
Debug   : OCCRtree 0 matches after bounding box filtering
Debug   : OCCRTree found 1 matches at (42.8125,-12.8029,-112.932) in tree of size 1705
Debug   : OCCRtree 0 matches after bounding box filtering
Debug   : OCCRTree found 1 matches at (42.8125,-12.8029,-112.932) in tree of size 1705
Debug   : OCCRtree 0 matches after bounding box filtering
Debug   : OCCRTree found 1 matches at (42.8125,-6.40145,-112.932) in tree of size 1705
Debug   : OCCRtree 0 matches after bounding box filtering
Debug   : OCCRTree found 1 matches at (42.8125,-6.40145,-112.932) in tree of size 1705
Debug   : OCCRtree 0 matches after bounding box filtering
Debug   : OCCRTree found 1 matches at (42.8125,-6.40145,-112.932) in tree of size 1705
Debug   : OCCRtree 0 matches after bounding box filtering
Debug   : OCCRTree found 1 matches at (42.2396,0,-111.421) in tree of size 1705
Debug   : OCCRtree 0 matches after bounding box filtering
Debug   : OCCRTree found 1 matches at (42.2396,0,-111.421) in tree of size 1705
Debug   : OCCRtree 0 matches after bounding box filtering
Debug   : OCCRTree found 1 matches at (42.2396,0,-111.421) in tree of size 1705
Debug   : OCCRtree 0 matches after bounding box filtering
Debug   : OCCRTree found 2 matches at (42.2396,6.45005,-111.421) in tree of size 1705
Debug   : OCCRtree 0 matches after bounding box filtering
Debug   : OCCRTree found 2 matches at (42.2396,6.45005,-111.421) in tree of size 1705
Debug   : OCCRtree 0 matches after bounding box filtering
Debug   : OCCRTree found 2 matches at (42.2396,6.45005,-111.421) in tree of size 1705
Debug   : OCCRtree 0 matches after bounding box filtering
Debug   : OCCRTree found 1 matches at (42.2396,12.9001,-111.421) in tree of size 1705
Debug   : OCCRtree 0 matches after bounding box filtering
Debug   : OCCRTree found 1 matches at (42.2396,12.9001,-111.421) in tree of size 1705
Debug   : OCCRtree 0 matches after bounding box filtering
Debug   : OCCRTree found 1 matches at (42.2396,12.9001,-111.421) in tree of size 1705
Debug   : OCCRtree 0 matches after bounding box filtering
Debug   : OCCRTree found 1 matches at (42.2396,19.3502,-111.421) in tree of size 1705
Debug   : OCCRtree 0 matches after bounding box filtering
Debug   : OCCRTree found 1 matches at (42.2396,19.3502,-111.421) in tree of size 1705
Debug   : OCCRtree 0 matches after bounding box filtering
Debug   : OCCRTree found 1 matches at (42.2396,19.3502,-111.421) in tree of size 1705
Debug   : OCCRtree 0 matches after bounding box filtering
Debug   : OCCRTree found 1 matches at (41.6885,25.4636,-111.421) in tree of size 1705
Debug   : OCCRtree 0 matches after bounding box filtering
Debug   : OCCRTree found 1 matches at (41.6885,25.4636,-111.421) in tree of size 1705
Debug   : OCCRtree 0 matches after bounding box filtering
Debug   : OCCRTree found 1 matches at (41.6885,25.4636,-111.421) in tree of size 1705
Debug   : OCCRtree 0 matches after bounding box filtering
Debug   : OCCRTree found 1 matches at (39.3087,31.3007,-111.421) in tree of size 1705
Debug   : OCCRtree 0 matches after bounding box filtering
Debug   : OCCRTree found 1 matches at (39.3087,31.3007,-111.421) in tree of size 1705
Debug   : OCCRtree 0 matches after bounding box filtering
Debug   : OCCRTree found 1 matches at (39.3087,31.3007,-111.421) in tree of size 1705
Debug   : OCCRtree 0 matches after bounding box filtering
Debug   : OCCRTree found 1 matches at (34.9879,36.0826,-111.421) in tree of size 1705
Debug   : OCCRtree 0 matches after bounding box filtering
Debug   : OCCRTree found 1 matches at (34.9879,36.0826,-111.421) in tree of size 1705
Debug   : OCCRtree 0 matches after bounding box filtering
Debug   : OCCRTree found 1 matches at (34.9879,36.0826,-111.421) in tree of size 1705
Debug   : OCCRtree 0 matches after bounding box filtering
Debug   : OCCRTree found 1 matches at (30.0823,40.2637,-111.421) in tree of size 1705
Debug   : OCCRtree 0 matches after bounding box filtering
Debug   : OCCRTree found 1 matches at (30.0823,40.2637,-111.421) in tree of size 1705
Debug   : OCCRtree 0 matches after bounding box filtering
Debug   : OCCRTree found 1 matches at (30.0823,40.2637,-111.421) in tree of size 1705
Debug   : OCCRtree 0 matches after bounding box filtering
Debug   : OCCRTree found 1 matches at (24.682,43.7825,-111.421) in tree of size 1705
Debug   : OCCRtree 0 matches after bounding box filtering
Debug   : OCCRTree found 1 matches at (24.682,43.7825,-111.421) in tree of size 1705
Debug   : OCCRtree 0 matches after bounding box filtering
Debug   : OCCRTree found 1 matches at (24.682,43.7825,-111.421) in tree of size 1705
Debug   : OCCRtree 0 matches after bounding box filtering
Debug   : OCCRTree found 1 matches at (18.8757,46.5813,-111.421) in tree of size 1705
Debug   : OCCRtree 0 matches after bounding box filtering
Debug   : OCCRTree found 1 matches at (18.8757,46.5813,-111.421) in tree of size 1705
Debug   : OCCRtree 0 matches after bounding box filtering
Debug   : OCCRTree found 1 matches at (18.8757,46.5813,-111.421) in tree of size 1705
Debug   : OCCRtree 0 matches after bounding box filtering
Debug   : OCCRTree found 1 matches at (12.7589,48.614,-111.421) in tree of size 1705
Debug   : OCCRtree 0 matches after bounding box filtering
Debug   : OCCRTree found 1 matches at (12.7589,48.614,-111.421) in tree of size 1705
Debug   : OCCRtree 0 matches after bounding box filtering
Debug   : OCCRTree found 1 matches at (12.7589,48.614,-111.421) in tree of size 1705
Debug   : OCCRtree 0 matches after bounding box filtering
Debug   : OCCRTree found 1 matches at (6.43236,49.8471,-111.421) in tree of size 1705
Debug   : OCCRtree 0 matches after bounding box filtering
Debug   : OCCRTree found 1 matches at (6.43236,49.8471,-111.421) in tree of size 1705
Debug   : OCCRtree 0 matches after bounding box filtering
Debug   : OCCRTree found 1 matches at (6.43236,49.8471,-111.421) in tree of size 1705
Debug   : OCCRtree 0 matches after bounding box filtering
Debug   : OCCRTree found 1 matches at (0,50.2604,-111.421) in tree of size 1705
Debug   : OCCRtree 0 matches after bounding box filtering
Debug   : OCCRTree found 1 matches at (0,50.2604,-111.421) in tree of size 1705
Debug   : OCCRtree 0 matches after bounding box filtering
Debug   : OCCRTree found 1 matches at (0,50.2604,-111.421) in tree of size 1705
Debug   : OCCRtree 0 matches after bounding box filtering
Debug   : OCCRTree found 1 matches at (-6.43236,49.8471,-111.421) in tree of size 1705
Debug   : OCCRtree 0 matches after bounding box filtering
Debug   : OCCRTree found 1 matches at (-6.43236,49.8471,-111.421) in tree of size 1705
Debug   : OCCRtree 0 matches after bounding box filtering
Debug   : OCCRTree found 1 matches at (-6.43236,49.8471,-111.421) in tree of size 1705
Debug   : OCCRtree 0 matches after bounding box filtering
Debug   : OCCRTree found 1 matches at (-12.7589,48.614,-111.421) in tree of size 1705
Debug   : OCCRtree 0 matches after bounding box filtering
Debug   : OCCRTree found 1 matches at (-12.7589,48.614,-111.421) in tree of size 1705
Debug   : OCCRtree 0 matches after bounding box filtering
Debug   : OCCRTree found 1 matches at (-12.7589,48.614,-111.421) in tree of size 1705
Debug   : OCCRtree 0 matches after bounding box filtering
Debug   : OCCRTree found 1 matches at (-18.8757,46.5813,-111.421) in tree of size 1705
Debug   : OCCRtree 0 matches after bounding box filtering
Debug   : OCCRTree found 1 matches at (-18.8757,46.5813,-111.421) in tree of size 1705
Debug   : OCCRtree 0 matches after bounding box filtering
Debug   : OCCRTree found 1 matches at (-18.8757,46.5813,-111.421) in tree of size 1705
Debug   : OCCRtree 0 matches after bounding box filtering
Debug   : OCCRTree found 1 matches at (-24.682,43.7825,-111.421) in tree of size 1705
Debug   : OCCRtree 0 matches after bounding box filtering
Debug   : OCCRTree found 1 matches at (-24.682,43.7825,-111.421) in tree of size 1705
Debug   : OCCRtree 0 matches after bounding box filtering
Debug   : OCCRTree found 1 matches at (-24.682,43.7825,-111.421) in tree of size 1705
Debug   : OCCRtree 0 matches after bounding box filtering
Debug   : OCCRTree found 1 matches at (-30.0823,40.2637,-111.421) in tree of size 1705
Debug   : OCCRtree 0 matches after bounding box filtering
Debug   : OCCRTree found 1 matches at (-30.0823,40.2637,-111.421) in tree of size 1705
Debug   : OCCRtree 0 matches after bounding box filtering
Debug   : OCCRTree found 1 matches at (-30.0823,40.2637,-111.421) in tree of size 1705
Debug   : OCCRtree 0 matches after bounding box filtering
Debug   : OCCRTree found 1 matches at (-34.9879,36.0826,-111.421) in tree of size 1705
Debug   : OCCRtree 0 matches after bounding box filtering
Debug   : OCCRTree found 1 matches at (-34.9879,36.0826,-111.421) in tree of size 1705
Debug   : OCCRtree 0 matches after bounding box filtering
Debug   : OCCRTree found 1 matches at (-34.9879,36.0826,-111.421) in tree of size 1705
Debug   : OCCRtree 0 matches after bounding box filtering
Debug   : OCCRTree found 1 matches at (-39.3087,31.3007,-111.421) in tree of size 1705
Debug   : OCCRtree 0 matches after bounding box filtering
Debug   : OCCRTree found 1 matches at (-39.3087,31.3007,-111.421) in tree of size 1705
Debug   : OCCRtree 0 matches after bounding box filtering
Debug   : OCCRTree found 1 matches at (-39.3087,31.3007,-111.421) in tree of size 1705
Debug   : OCCRtree 0 matches after bounding box filtering
Debug   : OCCRTree found 1 matches at (-41.6885,25.4636,-111.421) in tree of size 1705
Debug   : OCCRtree 0 matches after bounding box filtering
Debug   : OCCRTree found 1 matches at (-41.6885,25.4636,-111.421) in tree of size 1705
Debug   : OCCRtree 0 matches after bounding box filtering
Debug   : OCCRTree found 1 matches at (-41.6885,25.4636,-111.421) in tree of size 1705
Debug   : OCCRtree 0 matches after bounding box filtering
Debug   : OCCRTree found 1 matches at (-42.2396,19.3502,-111.421) in tree of size 1705
Debug   : OCCRtree 0 matches after bounding box filtering
Debug   : OCCRTree found 1 matches at (-42.2396,19.3502,-111.421) in tree of size 1705
Debug   : OCCRtree 0 matches after bounding box filtering
Debug   : OCCRTree found 1 matches at (-42.2396,19.3502,-111.421) in tree of size 1705
Debug   : OCCRtree 0 matches after bounding box filtering
Debug   : OCCRTree found 1 matches at (-42.2396,12.9001,-111.421) in tree of size 1705
Debug   : OCCRtree 0 matches after bounding box filtering
Debug   : OCCRTree found 1 matches at (-42.2396,12.9001,-111.421) in tree of size 1705
Debug   : OCCRtree 0 matches after bounding box filtering
Debug   : OCCRTree found 1 matches at (-42.2396,12.9001,-111.421) in tree of size 1705
Debug   : OCCRtree 0 matches after bounding box filtering
Debug   : OCCRTree found 1 matches at (-42.2396,6.45005,-111.421) in tree of size 1705
Debug   : OCCRtree 0 matches after bounding box filtering
Debug   : OCCRTree found 1 matches at (-42.2396,6.45005,-111.421) in tree of size 1705
Debug   : OCCRtree 0 matches after bounding box filtering
Debug   : OCCRTree found 1 matches at (-42.2396,6.45005,-111.421) in tree of size 1705
Debug   : OCCRtree 0 matches after bounding box filtering
Debug   : OCCRTree found 1 matches at (-42.2396,0,-111.421) in tree of size 1705
Debug   : OCCRtree 0 matches after bounding box filtering
Debug   : OCCRTree found 1 matches at (-42.2396,0,-111.421) in tree of size 1705
Debug   : OCCRtree 0 matches after bounding box filtering
Debug   : OCCRTree found 1 matches at (-42.2396,0,-111.421) in tree of size 1705
Debug   : OCCRtree 0 matches after bounding box filtering
Debug   : OCCRTree found 1 matches at (-42.2396,-6.45005,-111.421) in tree of size 1705
Debug   : OCCRtree 0 matches after bounding box filtering
Debug   : OCCRTree found 1 matches at (-42.2396,-6.45005,-111.421) in tree of size 1705
Debug   : OCCRtree 0 matches after bounding box filtering
Debug   : OCCRTree found 1 matches at (-42.2396,-6.45005,-111.421) in tree of size 1705
Debug   : OCCRtree 0 matches after bounding box filtering
Debug   : OCCRTree found 1 matches at (-42.2396,-12.9001,-111.421) in tree of size 1705
Debug   : OCCRtree 0 matches after bounding box filtering
Debug   : OCCRTree found 1 matches at (-42.2396,-12.9001,-111.421) in tree of size 1705
Debug   : OCCRtree 0 matches after bounding box filtering
Debug   : OCCRTree found 1 matches at (-42.2396,-12.9001,-111.421) in tree of size 1705
Debug   : OCCRtree 0 matches after bounding box filtering
Debug   : OCCRTree found 1 matches at (-42.2396,-19.3502,-111.421) in tree of size 1705
Debug   : OCCRtree 0 matches after bounding box filtering
Debug   : OCCRTree found 1 matches at (-42.2396,-19.3502,-111.421) in tree of size 1705
Debug   : OCCRtree 0 matches after bounding box filtering
Debug   : OCCRTree found 1 matches at (-42.2396,-19.3502,-111.421) in tree of size 1705
Debug   : OCCRtree 0 matches after bounding box filtering
Debug   : OCCRTree found 1 matches at (-41.6885,-25.4636,-111.421) in tree of size 1705
Debug   : OCCRtree 0 matches after bounding box filtering
Debug   : OCCRTree found 1 matches at (-41.6885,-25.4636,-111.421) in tree of size 1705
Debug   : OCCRtree 0 matches after bounding box filtering
Debug   : OCCRTree found 1 matches at (-41.6885,-25.4636,-111.421) in tree of size 1705
Debug   : OCCRtree 0 matches after bounding box filtering
Debug   : OCCRTree found 1 matches at (-39.3087,-31.3007,-111.421) in tree of size 1705
Debug   : OCCRtree 0 matches after bounding box filtering
Debug   : OCCRTree found 1 matches at (-39.3087,-31.3007,-111.421) in tree of size 1705
Debug   : OCCRtree 0 matches after bounding box filtering
Debug   : OCCRTree found 1 matches at (-39.3087,-31.3007,-111.421) in tree of size 1705
Debug   : OCCRtree 0 matches after bounding box filtering
Debug   : OCCRTree found 1 matches at (-34.9879,-36.0826,-111.421) in tree of size 1705
Debug   : OCCRtree 0 matches after bounding box filtering
Debug   : OCCRTree found 1 matches at (-34.9879,-36.0826,-111.421) in tree of size 1705
Debug   : OCCRtree 0 matches after bounding box filtering
Debug   : OCCRTree found 1 matches at (-34.9879,-36.0826,-111.421) in tree of size 1705
Debug   : OCCRtree 0 matches after bounding box filtering
Debug   : OCCRTree found 1 matches at (-30.0823,-40.2637,-111.421) in tree of size 1705
Debug   : OCCRtree 0 matches after bounding box filtering
Debug   : OCCRTree found 1 matches at (-30.0823,-40.2637,-111.421) in tree of size 1705
Debug   : OCCRtree 0 matches after bounding box filtering
Debug   : OCCRTree found 1 matches at (-30.0823,-40.2637,-111.421) in tree of size 1705
Debug   : OCCRtree 0 matches after bounding box filtering
Debug   : OCCRTree found 1 matches at (-24.682,-43.7825,-111.421) in tree of size 1705
Debug   : OCCRtree 0 matches after bounding box filtering
Debug   : OCCRTree found 1 matches at (-24.682,-43.7825,-111.421) in tree of size 1705
Debug   : OCCRtree 0 matches after bounding box filtering
Debug   : OCCRTree found 1 matches at (-24.682,-43.7825,-111.421) in tree of size 1705
Debug   : OCCRtree 0 matches after bounding box filtering
Debug   : OCCRTree found 1 matches at (-18.8757,-46.5813,-111.421) in tree of size 1705
Debug   : OCCRtree 0 matches after bounding box filtering
Debug   : OCCRTree found 1 matches at (-18.8757,-46.5813,-111.421) in tree of size 1705
Debug   : OCCRtree 0 matches after bounding box filtering
Debug   : OCCRTree found 1 matches at (-18.8757,-46.5813,-111.421) in tree of size 1705
Debug   : OCCRtree 0 matches after bounding box filtering
Debug   : OCCRTree found 1 matches at (-12.7589,-48.614,-111.421) in tree of size 1705
Debug   : OCCRtree 0 matches after bounding box filtering
Debug   : OCCRTree found 1 matches at (-12.7589,-48.614,-111.421) in tree of size 1705
Debug   : OCCRtree 0 matches after bounding box filtering
Debug   : OCCRTree found 1 matches at (-12.7589,-48.614,-111.421) in tree of size 1705
Debug   : OCCRtree 0 matches after bounding box filtering
Debug   : OCCRTree found 1 matches at (-6.43236,-49.8471,-111.421) in tree of size 1705
Debug   : OCCRtree 0 matches after bounding box filtering
Debug   : OCCRTree found 1 matches at (-6.43236,-49.8471,-111.421) in tree of size 1705
Debug   : OCCRtree 0 matches after bounding box filtering
Debug   : OCCRTree found 1 matches at (-6.43236,-49.8471,-111.421) in tree of size 1705
Debug   : OCCRtree 0 matches after bounding box filtering
Debug   : OCCRTree found 1 matches at (0,-50.2604,-111.421) in tree of size 1705
Debug   : OCCRtree 0 matches after bounding box filtering
Debug   : OCCRTree found 1 matches at (0,-50.2604,-111.421) in tree of size 1705
Debug   : OCCRtree 0 matches after bounding box filtering
Debug   : OCCRTree found 1 matches at (0,-50.2604,-111.421) in tree of size 1705
Debug   : OCCRtree 0 matches after bounding box filtering
Debug   : OCCRTree found 1 matches at (6.43236,-49.8471,-111.421) in tree of size 1705
Debug   : OCCRtree 0 matches after bounding box filtering
Debug   : OCCRTree found 1 matches at (6.43236,-49.8471,-111.421) in tree of size 1705
Debug   : OCCRtree 0 matches after bounding box filtering
Debug   : OCCRTree found 1 matches at (6.43236,-49.8471,-111.421) in tree of size 1705
Debug   : OCCRtree 0 matches after bounding box filtering
Debug   : OCCRTree found 1 matches at (12.7589,-48.614,-111.421) in tree of size 1705
Debug   : OCCRtree 0 matches after bounding box filtering
Debug   : OCCRTree found 1 matches at (12.7589,-48.614,-111.421) in tree of size 1705
Debug   : OCCRtree 0 matches after bounding box filtering
Debug   : OCCRTree found 1 matches at (12.7589,-48.614,-111.421) in tree of size 1705
Debug   : OCCRtree 0 matches after bounding box filtering
Debug   : OCCRTree found 1 matches at (18.8757,-46.5813,-111.421) in tree of size 1705
Debug   : OCCRtree 0 matches after bounding box filtering
Debug   : OCCRTree found 1 matches at (18.8757,-46.5813,-111.421) in tree of size 1705
Debug   : OCCRtree 0 matches after bounding box filtering
Debug   : OCCRTree found 1 matches at (18.8757,-46.5813,-111.421) in tree of size 1705
Debug   : OCCRtree 0 matches after bounding box filtering
Debug   : OCCRTree found 1 matches at (24.682,-43.7825,-111.421) in tree of size 1705
Debug   : OCCRtree 0 matches after bounding box filtering
Debug   : OCCRTree found 1 matches at (24.682,-43.7825,-111.421) in tree of size 1705
Debug   : OCCRtree 0 matches after bounding box filtering
Debug   : OCCRTree found 1 matches at (24.682,-43.7825,-111.421) in tree of size 1705
Debug   : OCCRtree 0 matches after bounding box filtering
Debug   : OCCRTree found 1 matches at (30.0823,-40.2637,-111.421) in tree of size 1705
Debug   : OCCRtree 0 matches after bounding box filtering
Debug   : OCCRTree found 1 matches at (30.0823,-40.2637,-111.421) in tree of size 1705
Debug   : OCCRtree 0 matches after bounding box filtering
Debug   : OCCRTree found 1 matches at (30.0823,-40.2637,-111.421) in tree of size 1705
Debug   : OCCRtree 0 matches after bounding box filtering
Debug   : OCCRTree found 1 matches at (34.9879,-36.0826,-111.421) in tree of size 1705
Debug   : OCCRtree 0 matches after bounding box filtering
Debug   : OCCRTree found 1 matches at (34.9879,-36.0826,-111.421) in tree of size 1705
Debug   : OCCRtree 0 matches after bounding box filtering
Debug   : OCCRTree found 1 matches at (34.9879,-36.0826,-111.421) in tree of size 1705
Debug   : OCCRtree 0 matches after bounding box filtering
Debug   : OCCRTree found 1 matches at (39.3087,-31.3007,-111.421) in tree of size 1705
Debug   : OCCRtree 0 matches after bounding box filtering
Debug   : OCCRTree found 1 matches at (39.3087,-31.3007,-111.421) in tree of size 1705
Debug   : OCCRtree 0 matches after bounding box filtering
Debug   : OCCRTree found 1 matches at (39.3087,-31.3007,-111.421) in tree of size 1705
Debug   : OCCRtree 0 matches after bounding box filtering
Debug   : OCCRTree found 1 matches at (41.6885,-25.4636,-111.421) in tree of size 1705
Debug   : OCCRtree 0 matches after bounding box filtering
Debug   : OCCRTree found 1 matches at (41.6885,-25.4636,-111.421) in tree of size 1705
Debug   : OCCRtree 0 matches after bounding box filtering
Debug   : OCCRTree found 1 matches at (41.6885,-25.4636,-111.421) in tree of size 1705
Debug   : OCCRtree 0 matches after bounding box filtering
Debug   : OCCRTree found 1 matches at (42.2396,-19.3502,-111.421) in tree of size 1705
Debug   : OCCRtree 0 matches after bounding box filtering
Debug   : OCCRTree found 1 matches at (42.2396,-19.3502,-111.421) in tree of size 1705
Debug   : OCCRtree 0 matches after bounding box filtering
Debug   : OCCRTree found 1 matches at (42.2396,-19.3502,-111.421) in tree of size 1705
Debug   : OCCRtree 0 matches after bounding box filtering
Debug   : OCCRTree found 1 matches at (42.2396,-12.9001,-111.421) in tree of size 1705
Debug   : OCCRtree 0 matches after bounding box filtering
Debug   : OCCRTree found 1 matches at (42.2396,-12.9001,-111.421) in tree of size 1705
Debug   : OCCRtree 0 matches after bounding box filtering
Debug   : OCCRTree found 1 matches at (42.2396,-12.9001,-111.421) in tree of size 1705
Debug   : OCCRtree 0 matches after bounding box filtering
Debug   : OCCRTree found 1 matches at (42.2396,-6.45005,-111.421) in tree of size 1705
Debug   : OCCRtree 0 matches after bounding box filtering
Debug   : OCCRTree found 1 matches at (42.2396,-6.45005,-111.421) in tree of size 1705
Debug   : OCCRtree 0 matches after bounding box filtering
Debug   : OCCRTree found 1 matches at (42.2396,-6.45005,-111.421) in tree of size 1705
Debug   : OCCRtree 0 matches after bounding box filtering
Debug   : OCCRTree found 1 matches at (35.1923,0,-92.8316) in tree of size 1705
Debug   : OCCRtree 0 matches after bounding box filtering
Debug   : OCCRTree found 1 matches at (35.1923,0,-92.8316) in tree of size 1705
Debug   : OCCRtree 0 matches after bounding box filtering
Debug   : OCCRTree found 1 matches at (35.1923,0,-92.8316) in tree of size 1705
Debug   : OCCRtree 0 matches after bounding box filtering
Debug   : OCCRTree found 2 matches at (35.1923,6.92693,-92.8316) in tree of size 1705
Debug   : OCCRtree 0 matches after bounding box filtering
Debug   : OCCRTree found 2 matches at (35.1923,6.92693,-92.8316) in tree of size 1705
Debug   : OCCRtree 0 matches after bounding box filtering
Debug   : OCCRTree found 2 matches at (35.1923,6.92693,-92.8316) in tree of size 1705
Debug   : OCCRtree 0 matches after bounding box filtering
Debug   : OCCRTree found 1 matches at (35.1923,13.8539,-92.8316) in tree of size 1705
Debug   : OCCRtree 0 matches after bounding box filtering
Debug   : OCCRTree found 1 matches at (35.1923,13.8539,-92.8316) in tree of size 1705
Debug   : OCCRtree 0 matches after bounding box filtering
Debug   : OCCRTree found 1 matches at (35.1923,13.8539,-92.8316) in tree of size 1705
Debug   : OCCRtree 0 matches after bounding box filtering
Debug   : OCCRTree found 1 matches at (35.1923,20.7808,-92.8316) in tree of size 1705
Debug   : OCCRtree 0 matches after bounding box filtering
Debug   : OCCRTree found 1 matches at (35.1923,20.7808,-92.8316) in tree of size 1705
Debug   : OCCRtree 0 matches after bounding box filtering
Debug   : OCCRTree found 1 matches at (35.1923,20.7808,-92.8316) in tree of size 1705
Debug   : OCCRtree 0 matches after bounding box filtering
Debug   : OCCRTree found 1 matches at (35.1923,27.7077,-92.8316) in tree of size 1705
Debug   : OCCRtree 0 matches after bounding box filtering
Debug   : OCCRTree found 1 matches at (35.1923,27.7077,-92.8316) in tree of size 1705
Debug   : OCCRtree 0 matches after bounding box filtering
Debug   : OCCRTree found 1 matches at (35.1923,27.7077,-92.8316) in tree of size 1705
Debug   : OCCRtree 0 matches after bounding box filtering
Debug   : OCCRTree found 1 matches at (35.1923,34.6346,-92.8316) in tree of size 1705
Debug   : OCCRtree 0 matches after bounding box filtering
Debug   : OCCRTree found 1 matches at (35.1923,34.6346,-92.8316) in tree of size 1705
Debug   : OCCRtree 0 matches after bounding box filtering
Debug   : OCCRTree found 1 matches at (35.1923,34.6346,-92.8316) in tree of size 1705
Debug   : OCCRtree 0 matches after bounding box filtering
Debug   : OCCRTree found 1 matches at (35.1749,41.541,-92.8316) in tree of size 1705
Debug   : OCCRtree 0 matches after bounding box filtering
Debug   : OCCRTree found 1 matches at (35.1749,41.541,-92.8316) in tree of size 1705
Debug   : OCCRtree 0 matches after bounding box filtering
Debug   : OCCRTree found 1 matches at (35.1749,41.541,-92.8316) in tree of size 1705
Debug   : OCCRtree 0 matches after bounding box filtering
Debug   : OCCRTree found 1 matches at (32.5371,47.1169,-92.8316) in tree of size 1705
Debug   : OCCRtree 0 matches after bounding box filtering
Debug   : OCCRTree found 1 matches at (32.5371,47.1169,-92.8316) in tree of size 1705
Debug   : OCCRtree 0 matches after bounding box filtering
Debug   : OCCRTree found 1 matches at (32.5371,47.1169,-92.8316) in tree of size 1705
Debug   : OCCRtree 0 matches after bounding box filtering
Debug   : OCCRTree found 1 matches at (26.6407,50.739,-92.8316) in tree of size 1705
Debug   : OCCRtree 0 matches after bounding box filtering
Debug   : OCCRTree found 1 matches at (26.6407,50.739,-92.8316) in tree of size 1705
Debug   : OCCRtree 0 matches after bounding box filtering
Debug   : OCCRTree found 1 matches at (26.6407,50.739,-92.8316) in tree of size 1705
Debug   : OCCRtree 0 matches after bounding box filtering
Debug   : OCCRTree found 1 matches at (20.3283,53.5811,-92.8316) in tree of size 1705
Debug   : OCCRtree 0 matches after bounding box filtering
Debug   : OCCRTree found 1 matches at (20.3283,53.5811,-92.8316) in tree of size 1705
Debug   : OCCRtree 0 matches after bounding box filtering
Debug   : OCCRTree found 1 matches at (20.3283,53.5811,-92.8316) in tree of size 1705
Debug   : OCCRtree 0 matches after bounding box filtering
Debug   : OCCRTree found 1 matches at (13.7193,55.6413,-92.8316) in tree of size 1705
Debug   : OCCRtree 0 matches after bounding box filtering
Debug   : OCCRTree found 1 matches at (13.7193,55.6413,-92.8316) in tree of size 1705
Debug   : OCCRtree 0 matches after bounding box filtering
Debug   : OCCRTree found 1 matches at (13.7193,55.6413,-92.8316) in tree of size 1705
Debug   : OCCRtree 0 matches after bounding box filtering
Debug   : OCCRTree found 1 matches at (6.91007,56.8896,-92.8316) in tree of size 1705
Debug   : OCCRtree 0 matches after bounding box filtering
Debug   : OCCRTree found 1 matches at (6.91007,56.8896,-92.8316) in tree of size 1705
Debug   : OCCRtree 0 matches after bounding box filtering
Debug   : OCCRTree found 1 matches at (6.91007,56.8896,-92.8316) in tree of size 1705
Debug   : OCCRtree 0 matches after bounding box filtering
Debug   : OCCRTree found 1 matches at (0,57.3077,-92.8316) in tree of size 1705
Debug   : OCCRtree 0 matches after bounding box filtering
Debug   : OCCRTree found 1 matches at (0,57.3077,-92.8316) in tree of size 1705
Debug   : OCCRtree 0 matches after bounding box filtering
Debug   : OCCRTree found 1 matches at (0,57.3077,-92.8316) in tree of size 1705
Debug   : OCCRtree 0 matches after bounding box filtering
Debug   : OCCRTree found 1 matches at (-6.91007,56.8896,-92.8316) in tree of size 1705
Debug   : OCCRtree 0 matches after bounding box filtering
Debug   : OCCRTree found 1 matches at (-6.91007,56.8896,-92.8316) in tree of size 1705
Debug   : OCCRtree 0 matches after bounding box filtering
Debug   : OCCRTree found 1 matches at (-6.91007,56.8896,-92.8316) in tree of size 1705
Debug   : OCCRtree 0 matches after bounding box filtering
Debug   : OCCRTree found 1 matches at (-13.7193,55.6413,-92.8316) in tree of size 1705
Debug   : OCCRtree 0 matches after bounding box filtering
Debug   : OCCRTree found 1 matches at (-13.7193,55.6413,-92.8316) in tree of size 1705
Debug   : OCCRtree 0 matches after bounding box filtering
Debug   : OCCRTree found 1 matches at (-13.7193,55.6413,-92.8316) in tree of size 1705
Debug   : OCCRtree 0 matches after bounding box filtering
Debug   : OCCRTree found 1 matches at (-20.3283,53.5811,-92.8316) in tree of size 1705
Debug   : OCCRtree 0 matches after bounding box filtering
Debug   : OCCRTree found 1 matches at (-20.3283,53.5811,-92.8316) in tree of size 1705
Debug   : OCCRtree 0 matches after bounding box filtering
Debug   : OCCRTree found 1 matches at (-20.3283,53.5811,-92.8316) in tree of size 1705
Debug   : OCCRtree 0 matches after bounding box filtering
Debug   : OCCRTree found 1 matches at (-26.6407,50.739,-92.8316) in tree of size 1705
Debug   : OCCRtree 0 matches after bounding box filtering
Debug   : OCCRTree found 1 matches at (-26.6407,50.739,-92.8316) in tree of size 1705
Debug   : OCCRtree 0 matches after bounding box filtering
Debug   : OCCRTree found 1 matches at (-26.6407,50.739,-92.8316) in tree of size 1705
Debug   : OCCRtree 0 matches after bounding box filtering
Debug   : OCCRTree found 1 matches at (-32.5371,47.1169,-92.8316) in tree of size 1705
Debug   : OCCRtree 0 matches after bounding box filtering
Debug   : OCCRTree found 1 matches at (-32.5371,47.1169,-92.8316) in tree of size 1705
Debug   : OCCRtree 0 matches after bounding box filtering
Debug   : OCCRTree found 1 matches at (-32.5371,47.1169,-92.8316) in tree of size 1705
Debug   : OCCRtree 0 matches after bounding box filtering
Debug   : OCCRTree found 1 matches at (-35.1749,41.541,-92.8316) in tree of size 1705
Debug   : OCCRtree 0 matches after bounding box filtering
Debug   : OCCRTree found 1 matches at (-35.1749,41.541,-92.8316) in tree of size 1705
Debug   : OCCRtree 0 matches after bounding box filtering
Debug   : OCCRTree found 1 matches at (-35.1749,41.541,-92.8316) in tree of size 1705
Debug   : OCCRtree 0 matches after bounding box filtering
Debug   : OCCRTree found 1 matches at (-35.1923,34.6346,-92.8316) in tree of size 1705
Debug   : OCCRtree 0 matches after bounding box filtering
Debug   : OCCRTree found 1 matches at (-35.1923,34.6346,-92.8316) in tree of size 1705
Debug   : OCCRtree 0 matches after bounding box filtering
Debug   : OCCRTree found 1 matches at (-35.1923,34.6346,-92.8316) in tree of size 1705
Debug   : OCCRtree 0 matches after bounding box filtering
Debug   : OCCRTree found 1 matches at (-35.1923,27.7077,-92.8316) in tree of size 1705
Debug   : OCCRtree 0 matches after bounding box filtering
Debug   : OCCRTree found 1 matches at (-35.1923,27.7077,-92.8316) in tree of size 1705
Debug   : OCCRtree 0 matches after bounding box filtering
Debug   : OCCRTree found 1 matches at (-35.1923,27.7077,-92.8316) in tree of size 1705
Debug   : OCCRtree 0 matches after bounding box filtering
Debug   : OCCRTree found 1 matches at (-35.1923,20.7808,-92.8316) in tree of size 1705
Debug   : OCCRtree 0 matches after bounding box filtering
Debug   : OCCRTree found 1 matches at (-35.1923,20.7808,-92.8316) in tree of size 1705
Debug   : OCCRtree 0 matches after bounding box filtering
Debug   : OCCRTree found 1 matches at (-35.1923,20.7808,-92.8316) in tree of size 1705
Debug   : OCCRtree 0 matches after bounding box filtering
Debug   : OCCRTree found 1 matches at (-35.1923,13.8539,-92.8316) in tree of size 1705
Debug   : OCCRtree 0 matches after bounding box filtering
Debug   : OCCRTree found 1 matches at (-35.1923,13.8539,-92.8316) in tree of size 1705
Debug   : OCCRtree 0 matches after bounding box filtering
Debug   : OCCRTree found 1 matches at (-35.1923,13.8539,-92.8316) in tree of size 1705
Debug   : OCCRtree 0 matches after bounding box filtering
Debug   : OCCRTree found 1 matches at (-35.1923,6.92693,-92.8316) in tree of size 1705
Debug   : OCCRtree 0 matches after bounding box filtering
Debug   : OCCRTree found 1 matches at (-35.1923,6.92693,-92.8316) in tree of size 1705
Debug   : OCCRtree 0 matches after bounding box filtering
Debug   : OCCRTree found 1 matches at (-35.1923,6.92693,-92.8316) in tree of size 1705
Debug   : OCCRtree 0 matches after bounding box filtering
Debug   : OCCRTree found 1 matches at (-35.1923,0,-92.8316) in tree of size 1705
Debug   : OCCRtree 0 matches after bounding box filtering
Debug   : OCCRTree found 1 matches at (-35.1923,0,-92.8316) in tree of size 1705
Debug   : OCCRtree 0 matches after bounding box filtering
Debug   : OCCRTree found 1 matches at (-35.1923,0,-92.8316) in tree of size 1705
Debug   : OCCRtree 0 matches after bounding box filtering
Debug   : OCCRTree found 1 matches at (-35.1923,-6.92693,-92.8316) in tree of size 1705
Debug   : OCCRtree 0 matches after bounding box filtering
Debug   : OCCRTree found 1 matches at (-35.1923,-6.92693,-92.8316) in tree of size 1705
Debug   : OCCRtree 0 matches after bounding box filtering
Debug   : OCCRTree found 1 matches at (-35.1923,-6.92693,-92.8316) in tree of size 1705
Debug   : OCCRtree 0 matches after bounding box filtering
Debug   : OCCRTree found 1 matches at (-35.1923,-13.8539,-92.8316) in tree of size 1705
Debug   : OCCRtree 0 matches after bounding box filtering
Debug   : OCCRTree found 1 matches at (-35.1923,-13.8539,-92.8316) in tree of size 1705
Debug   : OCCRtree 0 matches after bounding box filtering
Debug   : OCCRTree found 1 matches at (-35.1923,-13.8539,-92.8316) in tree of size 1705
Debug   : OCCRtree 0 matches after bounding box filtering
Debug   : OCCRTree found 1 matches at (-35.1923,-20.7808,-92.8316) in tree of size 1705
Debug   : OCCRtree 0 matches after bounding box filtering
Debug   : OCCRTree found 1 matches at (-35.1923,-20.7808,-92.8316) in tree of size 1705
Debug   : OCCRtree 0 matches after bounding box filtering
Debug   : OCCRTree found 1 matches at (-35.1923,-20.7808,-92.8316) in tree of size 1705
Debug   : OCCRtree 0 matches after bounding box filtering
Debug   : OCCRTree found 1 matches at (-35.1923,-27.7077,-92.8316) in tree of size 1705
Debug   : OCCRtree 0 matches after bounding box filtering
Debug   : OCCRTree found 1 matches at (-35.1923,-27.7077,-92.8316) in tree of size 1705
Debug   : OCCRtree 0 matches after bounding box filtering
Debug   : OCCRTree found 1 matches at (-35.1923,-27.7077,-92.8316) in tree of size 1705
Debug   : OCCRtree 0 matches after bounding box filtering
Debug   : OCCRTree found 1 matches at (-35.1923,-34.6346,-92.8316) in tree of size 1705
Debug   : OCCRtree 0 matches after bounding box filtering
Debug   : OCCRTree found 1 matches at (-35.1923,-34.6346,-92.8316) in tree of size 1705
Debug   : OCCRtree 0 matches after bounding box filtering
Debug   : OCCRTree found 1 matches at (-35.1923,-34.6346,-92.8316) in tree of size 1705
Debug   : OCCRtree 0 matches after bounding box filtering
Debug   : OCCRTree found 1 matches at (-35.1749,-41.541,-92.8316) in tree of size 1705
Debug   : OCCRtree 0 matches after bounding box filtering
Debug   : OCCRTree found 1 matches at (-35.1749,-41.541,-92.8316) in tree of size 1705
Debug   : OCCRtree 0 matches after bounding box filtering
Debug   : OCCRTree found 1 matches at (-35.1749,-41.541,-92.8316) in tree of size 1705
Debug   : OCCRtree 0 matches after bounding box filtering
Debug   : OCCRTree found 1 matches at (-32.5371,-47.1169,-92.8316) in tree of size 1705
Debug   : OCCRtree 0 matches after bounding box filtering
Debug   : OCCRTree found 1 matches at (-32.5371,-47.1169,-92.8316) in tree of size 1705
Debug   : OCCRtree 0 matches after bounding box filtering
Debug   : OCCRTree found 1 matches at (-32.5371,-47.1169,-92.8316) in tree of size 1705
Debug   : OCCRtree 0 matches after bounding box filtering
Debug   : OCCRTree found 1 matches at (-26.6407,-50.739,-92.8316) in tree of size 1705
Debug   : OCCRtree 0 matches after bounding box filtering
Debug   : OCCRTree found 1 matches at (-26.6407,-50.739,-92.8316) in tree of size 1705
Debug   : OCCRtree 0 matches after bounding box filtering
Debug   : OCCRTree found 1 matches at (-26.6407,-50.739,-92.8316) in tree of size 1705
Debug   : OCCRtree 0 matches after bounding box filtering
Debug   : OCCRTree found 1 matches at (-20.3283,-53.5811,-92.8316) in tree of size 1705
Debug   : OCCRtree 0 matches after bounding box filtering
Debug   : OCCRTree found 1 matches at (-20.3283,-53.5811,-92.8316) in tree of size 1705
Debug   : OCCRtree 0 matches after bounding box filtering
Debug   : OCCRTree found 1 matches at (-20.3283,-53.5811,-92.8316) in tree of size 1705
Debug   : OCCRtree 0 matches after bounding box filtering
Debug   : OCCRTree found 1 matches at (-13.7193,-55.6413,-92.8316) in tree of size 1705
Debug   : OCCRtree 0 matches after bounding box filtering
Debug   : OCCRTree found 1 matches at (-13.7193,-55.6413,-92.8316) in tree of size 1705
Debug   : OCCRtree 0 matches after bounding box filtering
Debug   : OCCRTree found 1 matches at (-13.7193,-55.6413,-92.8316) in tree of size 1705
Debug   : OCCRtree 0 matches after bounding box filtering
Debug   : OCCRTree found 1 matches at (-6.91007,-56.8896,-92.8316) in tree of size 1705
Debug   : OCCRtree 0 matches after bounding box filtering
Debug   : OCCRTree found 1 matches at (-6.91007,-56.8896,-92.8316) in tree of size 1705
Debug   : OCCRtree 0 matches after bounding box filtering
Debug   : OCCRTree found 1 matches at (-6.91007,-56.8896,-92.8316) in tree of size 1705
Debug   : OCCRtree 0 matches after bounding box filtering
Debug   : OCCRTree found 1 matches at (0,-57.3077,-92.8316) in tree of size 1705
Debug   : OCCRtree 0 matches after bounding box filtering
Debug   : OCCRTree found 1 matches at (0,-57.3077,-92.8316) in tree of size 1705
Debug   : OCCRtree 0 matches after bounding box filtering
Debug   : OCCRTree found 1 matches at (0,-57.3077,-92.8316) in tree of size 1705
Debug   : OCCRtree 0 matches after bounding box filtering
Debug   : OCCRTree found 1 matches at (6.91007,-56.8896,-92.8316) in tree of size 1705
Debug   : OCCRtree 0 matches after bounding box filtering
Debug   : OCCRTree found 1 matches at (6.91007,-56.8896,-92.8316) in tree of size 1705
Debug   : OCCRtree 0 matches after bounding box filtering
Debug   : OCCRTree found 1 matches at (6.91007,-56.8896,-92.8316) in tree of size 1705
Debug   : OCCRtree 0 matches after bounding box filtering
Debug   : OCCRTree found 1 matches at (13.7193,-55.6413,-92.8316) in tree of size 1705
Debug   : OCCRtree 0 matches after bounding box filtering
Debug   : OCCRTree found 1 matches at (13.7193,-55.6413,-92.8316) in tree of size 1705
Debug   : OCCRtree 0 matches after bounding box filtering
Debug   : OCCRTree found 1 matches at (13.7193,-55.6413,-92.8316) in tree of size 1705
Debug   : OCCRtree 0 matches after bounding box filtering
Debug   : OCCRTree found 1 matches at (20.3283,-53.5811,-92.8316) in tree of size 1705
Debug   : OCCRtree 0 matches after bounding box filtering
Debug   : OCCRTree found 1 matches at (20.3283,-53.5811,-92.8316) in tree of size 1705
Debug   : OCCRtree 0 matches after bounding box filtering
Debug   : OCCRTree found 1 matches at (20.3283,-53.5811,-92.8316) in tree of size 1705
Debug   : OCCRtree 0 matches after bounding box filtering
Debug   : OCCRTree found 1 matches at (26.6407,-50.739,-92.8316) in tree of size 1705
Debug   : OCCRtree 0 matches after bounding box filtering
Debug   : OCCRTree found 1 matches at (26.6407,-50.739,-92.8316) in tree of size 1705
Debug   : OCCRtree 0 matches after bounding box filtering
Debug   : OCCRTree found 1 matches at (26.6407,-50.739,-92.8316) in tree of size 1705
Debug   : OCCRtree 0 matches after bounding box filtering
Debug   : OCCRTree found 1 matches at (32.5371,-47.1169,-92.8316) in tree of size 1705
Debug   : OCCRtree 0 matches after bounding box filtering
Debug   : OCCRTree found 1 matches at (32.5371,-47.1169,-92.8316) in tree of size 1705
Debug   : OCCRtree 0 matches after bounding box filtering
Debug   : OCCRTree found 1 matches at (32.5371,-47.1169,-92.8316) in tree of size 1705
Debug   : OCCRtree 0 matches after bounding box filtering
Debug   : OCCRTree found 1 matches at (35.1749,-41.541,-92.8316) in tree of size 1705
Debug   : OCCRtree 0 matches after bounding box filtering
Debug   : OCCRTree found 1 matches at (35.1749,-41.541,-92.8316) in tree of size 1705
Debug   : OCCRtree 0 matches after bounding box filtering
Debug   : OCCRTree found 1 matches at (35.1749,-41.541,-92.8316) in tree of size 1705
Debug   : OCCRtree 0 matches after bounding box filtering
Debug   : OCCRTree found 1 matches at (35.1923,-34.6346,-92.8316) in tree of size 1705
Debug   : OCCRtree 0 matches after bounding box filtering
Debug   : OCCRTree found 1 matches at (35.1923,-34.6346,-92.8316) in tree of size 1705
Debug   : OCCRtree 0 matches after bounding box filtering
Debug   : OCCRTree found 1 matches at (35.1923,-34.6346,-92.8316) in tree of size 1705
Debug   : OCCRtree 0 matches after bounding box filtering
Debug   : OCCRTree found 1 matches at (35.1923,-27.7077,-92.8316) in tree of size 1705
Debug   : OCCRtree 0 matches after bounding box filtering
Debug   : OCCRTree found 1 matches at (35.1923,-27.7077,-92.8316) in tree of size 1705
Debug   : OCCRtree 0 matches after bounding box filtering
Debug   : OCCRTree found 1 matches at (35.1923,-27.7077,-92.8316) in tree of size 1705
Debug   : OCCRtree 0 matches after bounding box filtering
Debug   : OCCRTree found 1 matches at (35.1923,-20.7808,-92.8316) in tree of size 1705
Debug   : OCCRtree 0 matches after bounding box filtering
Debug   : OCCRTree found 1 matches at (35.1923,-20.7808,-92.8316) in tree of size 1705
Debug   : OCCRtree 0 matches after bounding box filtering
Debug   : OCCRTree found 1 matches at (35.1923,-20.7808,-92.8316) in tree of size 1705
Debug   : OCCRtree 0 matches after bounding box filtering
Debug   : OCCRTree found 1 matches at (35.1923,-13.8539,-92.8316) in tree of size 1705
Debug   : OCCRtree 0 matches after bounding box filtering
Debug   : OCCRTree found 1 matches at (35.1923,-13.8539,-92.8316) in tree of size 1705
Debug   : OCCRtree 0 matches after bounding box filtering
Debug   : OCCRTree found 1 matches at (35.1923,-13.8539,-92.8316) in tree of size 1705
Debug   : OCCRtree 0 matches after bounding box filtering
Debug   : OCCRTree found 1 matches at (35.1923,-6.92693,-92.8316) in tree of size 1705
Debug   : OCCRtree 0 matches after bounding box filtering
Debug   : OCCRTree found 1 matches at (35.1923,-6.92693,-92.8316) in tree of size 1705
Debug   : OCCRtree 0 matches after bounding box filtering
Debug   : OCCRTree found 1 matches at (35.1923,-6.92693,-92.8316) in tree of size 1705
Debug   : OCCRtree 0 matches after bounding box filtering
Debug   : OCCRTree found 1 matches at (28.1538,0,-74.2653) in tree of size 1705
Debug   : OCCRtree 0 matches after bounding box filtering
Debug   : OCCRTree found 1 matches at (28.1538,0,-74.2653) in tree of size 1705
Debug   : OCCRtree 0 matches after bounding box filtering
Debug   : OCCRTree found 1 matches at (28.1538,0,-74.2653) in tree of size 1705
Debug   : OCCRtree 0 matches after bounding box filtering
Debug   : OCCRTree found 1 matches at (28.1538,7.24998,-74.2653) in tree of size 1705
Debug   : OCCRtree 0 matches after bounding box filtering
Debug   : OCCRTree found 1 matches at (28.1538,7.24998,-74.2653) in tree of size 1705
Debug   : OCCRtree 0 matches after bounding box filtering
Debug   : OCCRTree found 1 matches at (28.1538,7.24998,-74.2653) in tree of size 1705
Debug   : OCCRtree 0 matches after bounding box filtering
Debug   : OCCRTree found 1 matches at (28.1538,14.5,-74.2653) in tree of size 1705
Debug   : OCCRtree 0 matches after bounding box filtering
Debug   : OCCRTree found 1 matches at (28.1538,14.5,-74.2653) in tree of size 1705
Debug   : OCCRtree 0 matches after bounding box filtering
Debug   : OCCRTree found 1 matches at (28.1538,14.5,-74.2653) in tree of size 1705
Debug   : OCCRtree 0 matches after bounding box filtering
Debug   : OCCRTree found 1 matches at (28.1538,21.7499,-74.2653) in tree of size 1705
Debug   : OCCRtree 0 matches after bounding box filtering
Debug   : OCCRTree found 1 matches at (28.1538,21.7499,-74.2653) in tree of size 1705
Debug   : OCCRtree 0 matches after bounding box filtering
Debug   : OCCRTree found 1 matches at (28.1538,21.7499,-74.2653) in tree of size 1705
Debug   : OCCRtree 0 matches after bounding box filtering
Debug   : OCCRTree found 1 matches at (28.1538,28.9999,-74.2653) in tree of size 1705
Debug   : OCCRtree 0 matches after bounding box filtering
Debug   : OCCRTree found 1 matches at (28.1538,28.9999,-74.2653) in tree of size 1705
Debug   : OCCRtree 0 matches after bounding box filtering
Debug   : OCCRTree found 1 matches at (28.1538,28.9999,-74.2653) in tree of size 1705
Debug   : OCCRtree 0 matches after bounding box filtering
Debug   : OCCRTree found 1 matches at (28.1538,36.2499,-74.2653) in tree of size 1705
Debug   : OCCRtree 0 matches after bounding box filtering
Debug   : OCCRTree found 1 matches at (28.1538,36.2499,-74.2653) in tree of size 1705
Debug   : OCCRtree 0 matches after bounding box filtering
Debug   : OCCRTree found 1 matches at (28.1538,36.2499,-74.2653) in tree of size 1705
Debug   : OCCRtree 0 matches after bounding box filtering
Debug   : OCCRTree found 1 matches at (28.1538,43.4999,-74.2653) in tree of size 1705
Debug   : OCCRtree 0 matches after bounding box filtering
Debug   : OCCRTree found 1 matches at (28.1538,43.4999,-74.2653) in tree of size 1705
Debug   : OCCRtree 0 matches after bounding box filtering
Debug   : OCCRTree found 1 matches at (28.1538,43.4999,-74.2653) in tree of size 1705
Debug   : OCCRtree 0 matches after bounding box filtering
Debug   : OCCRTree found 1 matches at (28.1538,50.7499,-74.2653) in tree of size 1705
Debug   : OCCRtree 0 matches after bounding box filtering
Debug   : OCCRTree found 1 matches at (28.1538,50.7499,-74.2653) in tree of size 1705
Debug   : OCCRtree 0 matches after bounding box filtering
Debug   : OCCRTree found 1 matches at (28.1538,50.7499,-74.2653) in tree of size 1705
Debug   : OCCRtree 0 matches after bounding box filtering
Debug   : OCCRTree found 1 matches at (27.4848,56.7983,-74.2653) in tree of size 1705
Debug   : OCCRtree 0 matches after bounding box filtering
Debug   : OCCRTree found 1 matches at (27.4848,56.7983,-74.2653) in tree of size 1705
Debug   : OCCRtree 0 matches after bounding box filtering
Debug   : OCCRTree found 1 matches at (27.4848,56.7983,-74.2653) in tree of size 1705
Debug   : OCCRtree 0 matches after bounding box filtering
Debug   : OCCRTree found 1 matches at (21.3381,60.7051,-74.2653) in tree of size 1705
Debug   : OCCRtree 0 matches after bounding box filtering
Debug   : OCCRTree found 1 matches at (21.3381,60.7051,-74.2653) in tree of size 1705
Debug   : OCCRtree 0 matches after bounding box filtering
Debug   : OCCRTree found 1 matches at (21.3381,60.7051,-74.2653) in tree of size 1705
Debug   : OCCRtree 0 matches after bounding box filtering
Debug   : OCCRTree found 1 matches at (14.3776,62.7193,-74.2653) in tree of size 1705
Debug   : OCCRtree 0 matches after bounding box filtering
Debug   : OCCRTree found 1 matches at (14.3776,62.7193,-74.2653) in tree of size 1705
Debug   : OCCRtree 0 matches after bounding box filtering
Debug   : OCCRTree found 1 matches at (14.3776,62.7193,-74.2653) in tree of size 1705
Debug   : OCCRtree 0 matches after bounding box filtering
Debug   : OCCRTree found 1 matches at (7.23465,63.9382,-74.2653) in tree of size 1705
Debug   : OCCRtree 0 matches after bounding box filtering
Debug   : OCCRTree found 1 matches at (7.23465,63.9382,-74.2653) in tree of size 1705
Debug   : OCCRtree 0 matches after bounding box filtering
Debug   : OCCRTree found 1 matches at (7.23465,63.9382,-74.2653) in tree of size 1705
Debug   : OCCRtree 0 matches after bounding box filtering
Debug   : OCCRTree found 1 matches at (0,64.3462,-74.2653) in tree of size 1705
Debug   : OCCRtree 0 matches after bounding box filtering
Debug   : OCCRTree found 1 matches at (0,64.3462,-74.2653) in tree of size 1705
Debug   : OCCRtree 0 matches after bounding box filtering
Debug   : OCCRTree found 1 matches at (0,64.3462,-74.2653) in tree of size 1705
Debug   : OCCRtree 0 matches after bounding box filtering
Debug   : OCCRTree found 1 matches at (-7.23465,63.9382,-74.2653) in tree of size 1705
Debug   : OCCRtree 0 matches after bounding box filtering
Debug   : OCCRTree found 1 matches at (-7.23465,63.9382,-74.2653) in tree of size 1705
Debug   : OCCRtree 0 matches after bounding box filtering
Debug   : OCCRTree found 1 matches at (-7.23465,63.9382,-74.2653) in tree of size 1705
Debug   : OCCRtree 0 matches after bounding box filtering
Debug   : OCCRTree found 1 matches at (-14.3776,62.7193,-74.2653) in tree of size 1705
Debug   : OCCRtree 0 matches after bounding box filtering
Debug   : OCCRTree found 1 matches at (-14.3776,62.7193,-74.2653) in tree of size 1705
Debug   : OCCRtree 0 matches after bounding box filtering
Debug   : OCCRTree found 1 matches at (-14.3776,62.7193,-74.2653) in tree of size 1705
Debug   : OCCRtree 0 matches after bounding box filtering
Debug   : OCCRTree found 1 matches at (-21.3381,60.7051,-74.2653) in tree of size 1705
Debug   : OCCRtree 0 matches after bounding box filtering
Debug   : OCCRTree found 1 matches at (-21.3381,60.7051,-74.2653) in tree of size 1705
Debug   : OCCRtree 0 matches after bounding box filtering
Debug   : OCCRTree found 1 matches at (-21.3381,60.7051,-74.2653) in tree of size 1705
Debug   : OCCRtree 0 matches after bounding box filtering
Debug   : OCCRTree found 1 matches at (-27.4848,56.7983,-74.2653) in tree of size 1705
Debug   : OCCRtree 0 matches after bounding box filtering
Debug   : OCCRTree found 1 matches at (-27.4848,56.7983,-74.2653) in tree of size 1705
Debug   : OCCRtree 0 matches after bounding box filtering
Debug   : OCCRTree found 1 matches at (-27.4848,56.7983,-74.2653) in tree of size 1705
Debug   : OCCRtree 0 matches after bounding box filtering
Debug   : OCCRTree found 1 matches at (-28.1538,50.7499,-74.2653) in tree of size 1705
Debug   : OCCRtree 0 matches after bounding box filtering
Debug   : OCCRTree found 1 matches at (-28.1538,50.7499,-74.2653) in tree of size 1705
Debug   : OCCRtree 0 matches after bounding box filtering
Debug   : OCCRTree found 1 matches at (-28.1538,50.7499,-74.2653) in tree of size 1705
Debug   : OCCRtree 0 matches after bounding box filtering
Debug   : OCCRTree found 1 matches at (-28.1538,43.4999,-74.2653) in tree of size 1705
Debug   : OCCRtree 0 matches after bounding box filtering
Debug   : OCCRTree found 1 matches at (-28.1538,43.4999,-74.2653) in tree of size 1705
Debug   : OCCRtree 0 matches after bounding box filtering
Debug   : OCCRTree found 1 matches at (-28.1538,43.4999,-74.2653) in tree of size 1705
Debug   : OCCRtree 0 matches after bounding box filtering
Debug   : OCCRTree found 1 matches at (-28.1538,36.2499,-74.2653) in tree of size 1705
Debug   : OCCRtree 0 matches after bounding box filtering
Debug   : OCCRTree found 1 matches at (-28.1538,36.2499,-74.2653) in tree of size 1705
Debug   : OCCRtree 0 matches after bounding box filtering
Debug   : OCCRTree found 1 matches at (-28.1538,36.2499,-74.2653) in tree of size 1705
Debug   : OCCRtree 0 matches after bounding box filtering
Debug   : OCCRTree found 1 matches at (-28.1538,28.9999,-74.2653) in tree of size 1705
Debug   : OCCRtree 0 matches after bounding box filtering
Debug   : OCCRTree found 1 matches at (-28.1538,28.9999,-74.2653) in tree of size 1705
Debug   : OCCRtree 0 matches after bounding box filtering
Debug   : OCCRTree found 1 matches at (-28.1538,28.9999,-74.2653) in tree of size 1705
Debug   : OCCRtree 0 matches after bounding box filtering
Debug   : OCCRTree found 1 matches at (-28.1538,21.7499,-74.2653) in tree of size 1705
Debug   : OCCRtree 0 matches after bounding box filtering
Debug   : OCCRTree found 1 matches at (-28.1538,21.7499,-74.2653) in tree of size 1705
Debug   : OCCRtree 0 matches after bounding box filtering
Debug   : OCCRTree found 1 matches at (-28.1538,21.7499,-74.2653) in tree of size 1705
Debug   : OCCRtree 0 matches after bounding box filtering
Debug   : OCCRTree found 1 matches at (-28.1538,14.5,-74.2653) in tree of size 1705
Debug   : OCCRtree 0 matches after bounding box filtering
Debug   : OCCRTree found 1 matches at (-28.1538,14.5,-74.2653) in tree of size 1705
Debug   : OCCRtree 0 matches after bounding box filtering
Debug   : OCCRTree found 1 matches at (-28.1538,14.5,-74.2653) in tree of size 1705
Debug   : OCCRtree 0 matches after bounding box filtering
Debug   : OCCRTree found 1 matches at (-28.1538,7.24998,-74.2653) in tree of size 1705
Debug   : OCCRtree 0 matches after bounding box filtering
Debug   : OCCRTree found 1 matches at (-28.1538,7.24998,-74.2653) in tree of size 1705
Debug   : OCCRtree 0 matches after bounding box filtering
Debug   : OCCRTree found 1 matches at (-28.1538,7.24998,-74.2653) in tree of size 1705
Debug   : OCCRtree 0 matches after bounding box filtering
Debug   : OCCRTree found 1 matches at (-28.1538,0,-74.2653) in tree of size 1705
Debug   : OCCRtree 0 matches after bounding box filtering
Debug   : OCCRTree found 1 matches at (-28.1538,0,-74.2653) in tree of size 1705
Debug   : OCCRtree 0 matches after bounding box filtering
Debug   : OCCRTree found 1 matches at (-28.1538,0,-74.2653) in tree of size 1705
Debug   : OCCRtree 0 matches after bounding box filtering
Debug   : OCCRTree found 1 matches at (-28.1538,-7.24998,-74.2653) in tree of size 1705
Debug   : OCCRtree 0 matches after bounding box filtering
Debug   : OCCRTree found 1 matches at (-28.1538,-7.24998,-74.2653) in tree of size 1705
Debug   : OCCRtree 0 matches after bounding box filtering
Debug   : OCCRTree found 1 matches at (-28.1538,-7.24998,-74.2653) in tree of size 1705
Debug   : OCCRtree 0 matches after bounding box filtering
Debug   : OCCRTree found 1 matches at (-28.1538,-14.5,-74.2653) in tree of size 1705
Debug   : OCCRtree 0 matches after bounding box filtering
Debug   : OCCRTree found 1 matches at (-28.1538,-14.5,-74.2653) in tree of size 1705
Debug   : OCCRtree 0 matches after bounding box filtering
Debug   : OCCRTree found 1 matches at (-28.1538,-14.5,-74.2653) in tree of size 1705
Debug   : OCCRtree 0 matches after bounding box filtering
Debug   : OCCRTree found 1 matches at (-28.1538,-21.7499,-74.2653) in tree of size 1705
Debug   : OCCRtree 0 matches after bounding box filtering
Debug   : OCCRTree found 1 matches at (-28.1538,-21.7499,-74.2653) in tree of size 1705
Debug   : OCCRtree 0 matches after bounding box filtering
Debug   : OCCRTree found 1 matches at (-28.1538,-21.7499,-74.2653) in tree of size 1705
Debug   : OCCRtree 0 matches after bounding box filtering
Debug   : OCCRTree found 1 matches at (-28.1538,-28.9999,-74.2653) in tree of size 1705
Debug   : OCCRtree 0 matches after bounding box filtering
Debug   : OCCRTree found 1 matches at (-28.1538,-28.9999,-74.2653) in tree of size 1705
Debug   : OCCRtree 0 matches after bounding box filtering
Debug   : OCCRTree found 1 matches at (-28.1538,-28.9999,-74.2653) in tree of size 1705
Debug   : OCCRtree 0 matches after bounding box filtering
Debug   : OCCRTree found 1 matches at (-28.1538,-36.2499,-74.2653) in tree of size 1705
Debug   : OCCRtree 0 matches after bounding box filtering
Debug   : OCCRTree found 1 matches at (-28.1538,-36.2499,-74.2653) in tree of size 1705
Debug   : OCCRtree 0 matches after bounding box filtering
Debug   : OCCRTree found 1 matches at (-28.1538,-36.2499,-74.2653) in tree of size 1705
Debug   : OCCRtree 0 matches after bounding box filtering
Debug   : OCCRTree found 1 matches at (-28.1538,-43.4999,-74.2653) in tree of size 1705
Debug   : OCCRtree 0 matches after bounding box filtering
Debug   : OCCRTree found 1 matches at (-28.1538,-43.4999,-74.2653) in tree of size 1705
Debug   : OCCRtree 0 matches after bounding box filtering
Debug   : OCCRTree found 1 matches at (-28.1538,-43.4999,-74.2653) in tree of size 1705
Debug   : OCCRtree 0 matches after bounding box filtering
Debug   : OCCRTree found 1 matches at (-28.1538,-50.7499,-74.2653) in tree of size 1705
Debug   : OCCRtree 0 matches after bounding box filtering
Debug   : OCCRTree found 1 matches at (-28.1538,-50.7499,-74.2653) in tree of size 1705
Debug   : OCCRtree 0 matches after bounding box filtering
Debug   : OCCRTree found 1 matches at (-28.1538,-50.7499,-74.2653) in tree of size 1705
Debug   : OCCRtree 0 matches after bounding box filtering
Debug   : OCCRTree found 1 matches at (-27.4848,-56.7983,-74.2653) in tree of size 1705
Debug   : OCCRtree 0 matches after bounding box filtering
Debug   : OCCRTree found 1 matches at (-27.4848,-56.7983,-74.2653) in tree of size 1705
Debug   : OCCRtree 0 matches after bounding box filtering
Debug   : OCCRTree found 1 matches at (-27.4848,-56.7983,-74.2653) in tree of size 1705
Debug   : OCCRtree 0 matches after bounding box filtering
Debug   : OCCRTree found 1 matches at (-21.3381,-60.7051,-74.2653) in tree of size 1705
Debug   : OCCRtree 0 matches after bounding box filtering
Debug   : OCCRTree found 1 matches at (-21.3381,-60.7051,-74.2653) in tree of size 1705
Debug   : OCCRtree 0 matches after bounding box filtering
Debug   : OCCRTree found 1 matches at (-21.3381,-60.7051,-74.2653) in tree of size 1705
Debug   : OCCRtree 0 matches after bounding box filtering
Debug   : OCCRTree found 1 matches at (-14.3776,-62.7193,-74.2653) in tree of size 1705
Debug   : OCCRtree 0 matches after bounding box filtering
Debug   : OCCRTree found 1 matches at (-14.3776,-62.7193,-74.2653) in tree of size 1705
Debug   : OCCRtree 0 matches after bounding box filtering
Debug   : OCCRTree found 1 matches at (-14.3776,-62.7193,-74.2653) in tree of size 1705
Debug   : OCCRtree 0 matches after bounding box filtering
Debug   : OCCRTree found 1 matches at (-7.23465,-63.9382,-74.2653) in tree of size 1705
Debug   : OCCRtree 0 matches after bounding box filtering
Debug   : OCCRTree found 1 matches at (-7.23465,-63.9382,-74.2653) in tree of size 1705
Debug   : OCCRtree 0 matches after bounding box filtering
Debug   : OCCRTree found 1 matches at (-7.23465,-63.9382,-74.2653) in tree of size 1705
Debug   : OCCRtree 0 matches after bounding box filtering
Debug   : OCCRTree found 1 matches at (0,-64.3462,-74.2653) in tree of size 1705
Debug   : OCCRtree 0 matches after bounding box filtering
Debug   : OCCRTree found 1 matches at (0,-64.3462,-74.2653) in tree of size 1705
Debug   : OCCRtree 0 matches after bounding box filtering
Debug   : OCCRTree found 1 matches at (0,-64.3462,-74.2653) in tree of size 1705
Debug   : OCCRtree 0 matches after bounding box filtering
Debug   : OCCRTree found 1 matches at (7.23465,-63.9382,-74.2653) in tree of size 1705
Debug   : OCCRtree 0 matches after bounding box filtering
Debug   : OCCRTree found 1 matches at (7.23465,-63.9382,-74.2653) in tree of size 1705
Debug   : OCCRtree 0 matches after bounding box filtering
Debug   : OCCRTree found 1 matches at (7.23465,-63.9382,-74.2653) in tree of size 1705
Debug   : OCCRtree 0 matches after bounding box filtering
Debug   : OCCRTree found 1 matches at (14.3776,-62.7193,-74.2653) in tree of size 1705
Debug   : OCCRtree 0 matches after bounding box filtering
Debug   : OCCRTree found 1 matches at (14.3776,-62.7193,-74.2653) in tree of size 1705
Debug   : OCCRtree 0 matches after bounding box filtering
Debug   : OCCRTree found 1 matches at (14.3776,-62.7193,-74.2653) in tree of size 1705
Debug   : OCCRtree 0 matches after bounding box filtering
Debug   : OCCRTree found 1 matches at (21.3381,-60.7051,-74.2653) in tree of size 1705
Debug   : OCCRtree 0 matches after bounding box filtering
Debug   : OCCRTree found 1 matches at (21.3381,-60.7051,-74.2653) in tree of size 1705
Debug   : OCCRtree 0 matches after bounding box filtering
Debug   : OCCRTree found 1 matches at (21.3381,-60.7051,-74.2653) in tree of size 1705
Debug   : OCCRtree 0 matches after bounding box filtering
Debug   : OCCRTree found 1 matches at (27.4848,-56.7983,-74.2653) in tree of size 1705
Debug   : OCCRtree 0 matches after bounding box filtering
Debug   : OCCRTree found 1 matches at (27.4848,-56.7983,-74.2653) in tree of size 1705
Debug   : OCCRtree 0 matches after bounding box filtering
Debug   : OCCRTree found 1 matches at (27.4848,-56.7983,-74.2653) in tree of size 1705
Debug   : OCCRtree 0 matches after bounding box filtering
Debug   : OCCRTree found 1 matches at (28.1538,-50.7499,-74.2653) in tree of size 1705
Debug   : OCCRtree 0 matches after bounding box filtering
Debug   : OCCRTree found 1 matches at (28.1538,-50.7499,-74.2653) in tree of size 1705
Debug   : OCCRtree 0 matches after bounding box filtering
Debug   : OCCRTree found 1 matches at (28.1538,-50.7499,-74.2653) in tree of size 1705
Debug   : OCCRtree 0 matches after bounding box filtering
Debug   : OCCRTree found 1 matches at (28.1538,-43.4999,-74.2653) in tree of size 1705
Debug   : OCCRtree 0 matches after bounding box filtering
Debug   : OCCRTree found 1 matches at (28.1538,-43.4999,-74.2653) in tree of size 1705
Debug   : OCCRtree 0 matches after bounding box filtering
Debug   : OCCRTree found 1 matches at (28.1538,-43.4999,-74.2653) in tree of size 1705
Debug   : OCCRtree 0 matches after bounding box filtering
Debug   : OCCRTree found 1 matches at (28.1538,-36.2499,-74.2653) in tree of size 1705
Debug   : OCCRtree 0 matches after bounding box filtering
Debug   : OCCRTree found 1 matches at (28.1538,-36.2499,-74.2653) in tree of size 1705
Debug   : OCCRtree 0 matches after bounding box filtering
Debug   : OCCRTree found 1 matches at (28.1538,-36.2499,-74.2653) in tree of size 1705
Debug   : OCCRtree 0 matches after bounding box filtering
Debug   : OCCRTree found 1 matches at (28.1538,-28.9999,-74.2653) in tree of size 1705
Debug   : OCCRtree 0 matches after bounding box filtering
Debug   : OCCRTree found 1 matches at (28.1538,-28.9999,-74.2653) in tree of size 1705
Debug   : OCCRtree 0 matches after bounding box filtering
Debug   : OCCRTree found 1 matches at (28.1538,-28.9999,-74.2653) in tree of size 1705
Debug   : OCCRtree 0 matches after bounding box filtering
Debug   : OCCRTree found 1 matches at (28.1538,-21.7499,-74.2653) in tree of size 1705
Debug   : OCCRtree 0 matches after bounding box filtering
Debug   : OCCRTree found 1 matches at (28.1538,-21.7499,-74.2653) in tree of size 1705
Debug   : OCCRtree 0 matches after bounding box filtering
Debug   : OCCRTree found 1 matches at (28.1538,-21.7499,-74.2653) in tree of size 1705
Debug   : OCCRtree 0 matches after bounding box filtering
Debug   : OCCRTree found 1 matches at (28.1538,-14.5,-74.2653) in tree of size 1705
Debug   : OCCRtree 0 matches after bounding box filtering
Debug   : OCCRTree found 1 matches at (28.1538,-14.5,-74.2653) in tree of size 1705
Debug   : OCCRtree 0 matches after bounding box filtering
Debug   : OCCRTree found 1 matches at (28.1538,-14.5,-74.2653) in tree of size 1705
Debug   : OCCRtree 0 matches after bounding box filtering
Debug   : OCCRTree found 1 matches at (28.1538,-7.24998,-74.2653) in tree of size 1705
Debug   : OCCRtree 0 matches after bounding box filtering
Debug   : OCCRTree found 1 matches at (28.1538,-7.24998,-74.2653) in tree of size 1705
Debug   : OCCRtree 0 matches after bounding box filtering
Debug   : OCCRTree found 1 matches at (28.1538,-7.24998,-74.2653) in tree of size 1705
Debug   : OCCRtree 0 matches after bounding box filtering
Debug   : OCCRTree found 1 matches at (21.1154,0,-55.699) in tree of size 1705
Debug   : OCCRtree 0 matches after bounding box filtering
Debug   : OCCRTree found 1 matches at (21.1154,0,-55.699) in tree of size 1705
Debug   : OCCRtree 0 matches after bounding box filtering
Debug   : OCCRTree found 1 matches at (21.1154,0,-55.699) in tree of size 1705
Debug   : OCCRtree 0 matches after bounding box filtering
Debug   : OCCRTree found 1 matches at (21.1154,7.46886,-55.699) in tree of size 1705
Debug   : OCCRtree 0 matches after bounding box filtering
Debug   : OCCRTree found 1 matches at (21.1154,7.46886,-55.699) in tree of size 1705
Debug   : OCCRtree 0 matches after bounding box filtering
Debug   : OCCRTree found 1 matches at (21.1154,7.46886,-55.699) in tree of size 1705
Debug   : OCCRtree 0 matches after bounding box filtering
Debug   : OCCRTree found 1 matches at (21.1154,14.9377,-55.699) in tree of size 1705
Debug   : OCCRtree 0 matches after bounding box filtering
Debug   : OCCRTree found 1 matches at (21.1154,14.9377,-55.699) in tree of size 1705
Debug   : OCCRtree 0 matches after bounding box filtering
Debug   : OCCRTree found 1 matches at (21.1154,14.9377,-55.699) in tree of size 1705
Debug   : OCCRtree 0 matches after bounding box filtering
Debug   : OCCRTree found 1 matches at (21.1154,22.4066,-55.699) in tree of size 1705
Debug   : OCCRtree 0 matches after bounding box filtering
Debug   : OCCRTree found 1 matches at (21.1154,22.4066,-55.699) in tree of size 1705
Debug   : OCCRtree 0 matches after bounding box filtering
Debug   : OCCRTree found 1 matches at (21.1154,22.4066,-55.699) in tree of size 1705
Debug   : OCCRtree 0 matches after bounding box filtering
Debug   : OCCRTree found 1 matches at (21.1154,29.8754,-55.699) in tree of size 1705
Debug   : OCCRtree 0 matches after bounding box filtering
Debug   : OCCRTree found 1 matches at (21.1154,29.8754,-55.699) in tree of size 1705
Debug   : OCCRtree 0 matches after bounding box filtering
Debug   : OCCRTree found 1 matches at (21.1154,29.8754,-55.699) in tree of size 1705
Debug   : OCCRtree 0 matches after bounding box filtering
Debug   : OCCRTree found 1 matches at (21.1154,37.3443,-55.699) in tree of size 1705
Debug   : OCCRtree 0 matches after bounding box filtering
Debug   : OCCRTree found 1 matches at (21.1154,37.3443,-55.699) in tree of size 1705
Debug   : OCCRtree 0 matches after bounding box filtering
Debug   : OCCRTree found 1 matches at (21.1154,37.3443,-55.699) in tree of size 1705
Debug   : OCCRtree 0 matches after bounding box filtering
Debug   : OCCRTree found 1 matches at (21.1154,44.8132,-55.699) in tree of size 1705
Debug   : OCCRtree 0 matches after bounding box filtering
Debug   : OCCRTree found 1 matches at (21.1154,44.8132,-55.699) in tree of size 1705
Debug   : OCCRtree 0 matches after bounding box filtering
Debug   : OCCRTree found 1 matches at (21.1154,44.8132,-55.699) in tree of size 1705
Debug   : OCCRtree 0 matches after bounding box filtering
Debug   : OCCRTree found 1 matches at (21.1154,52.282,-55.699) in tree of size 1705
Debug   : OCCRtree 0 matches after bounding box filtering
Debug   : OCCRTree found 1 matches at (21.1154,52.282,-55.699) in tree of size 1705
Debug   : OCCRtree 0 matches after bounding box filtering
Debug   : OCCRTree found 1 matches at (21.1154,52.282,-55.699) in tree of size 1705
Debug   : OCCRtree 0 matches after bounding box filtering
Debug   : OCCRTree found 1 matches at (21.1154,59.7509,-55.699) in tree of size 1705
Debug   : OCCRtree 0 matches after bounding box filtering
Debug   : OCCRTree found 1 matches at (21.1154,59.7509,-55.699) in tree of size 1705
Debug   : OCCRtree 0 matches after bounding box filtering
Debug   : OCCRTree found 1 matches at (21.1154,59.7509,-55.699) in tree of size 1705
Debug   : OCCRtree 0 matches after bounding box filtering
Debug   : OCCRTree found 1 matches at (20.8288,66.3073,-55.699) in tree of size 1705
Debug   : OCCRtree 0 matches after bounding box filtering
Debug   : OCCRTree found 1 matches at (20.8288,66.3073,-55.699) in tree of size 1705
Debug   : OCCRtree 0 matches after bounding box filtering
Debug   : OCCRTree found 1 matches at (20.8288,66.3073,-55.699) in tree of size 1705
Debug   : OCCRtree 0 matches after bounding box filtering
Debug   : OCCRTree found 1 matches at (14.8289,69.8274,-55.699) in tree of size 1705
Debug   : OCCRtree 0 matches after bounding box filtering
Debug   : OCCRTree found 1 matches at (14.8289,69.8274,-55.699) in tree of size 1705
Debug   : OCCRtree 0 matches after bounding box filtering
Debug   : OCCRTree found 1 matches at (14.8289,69.8274,-55.699) in tree of size 1705
Debug   : OCCRtree 0 matches after bounding box filtering
Debug   : OCCRTree found 1 matches at (7.45524,70.9942,-55.699) in tree of size 1705
Debug   : OCCRtree 0 matches after bounding box filtering
Debug   : OCCRTree found 1 matches at (7.45524,70.9942,-55.699) in tree of size 1705
Debug   : OCCRtree 0 matches after bounding box filtering
Debug   : OCCRTree found 1 matches at (7.45524,70.9942,-55.699) in tree of size 1705
Debug   : OCCRtree 0 matches after bounding box filtering
Debug   : OCCRTree found 1 matches at (0,71.3846,-55.699) in tree of size 1705
Debug   : OCCRtree 0 matches after bounding box filtering
Debug   : OCCRTree found 1 matches at (0,71.3846,-55.699) in tree of size 1705
Debug   : OCCRtree 0 matches after bounding box filtering
Debug   : OCCRTree found 1 matches at (0,71.3846,-55.699) in tree of size 1705
Debug   : OCCRtree 0 matches after bounding box filtering
Debug   : OCCRTree found 1 matches at (-7.45524,70.9942,-55.699) in tree of size 1705
Debug   : OCCRtree 0 matches after bounding box filtering
Debug   : OCCRTree found 1 matches at (-7.45524,70.9942,-55.699) in tree of size 1705
Debug   : OCCRtree 0 matches after bounding box filtering
Debug   : OCCRTree found 1 matches at (-7.45524,70.9942,-55.699) in tree of size 1705
Debug   : OCCRtree 0 matches after bounding box filtering
Debug   : OCCRTree found 1 matches at (-14.8289,69.8274,-55.699) in tree of size 1705
Debug   : OCCRtree 0 matches after bounding box filtering
Debug   : OCCRTree found 1 matches at (-14.8289,69.8274,-55.699) in tree of size 1705
Debug   : OCCRtree 0 matches after bounding box filtering
Debug   : OCCRTree found 1 matches at (-14.8289,69.8274,-55.699) in tree of size 1705
Debug   : OCCRtree 0 matches after bounding box filtering
Debug   : OCCRTree found 1 matches at (-20.8288,66.3073,-55.699) in tree of size 1705
Debug   : OCCRtree 0 matches after bounding box filtering
Debug   : OCCRTree found 1 matches at (-20.8288,66.3073,-55.699) in tree of size 1705
Debug   : OCCRtree 0 matches after bounding box filtering
Debug   : OCCRTree found 1 matches at (-20.8288,66.3073,-55.699) in tree of size 1705
Debug   : OCCRtree 0 matches after bounding box filtering
Debug   : OCCRTree found 1 matches at (-21.1154,59.7509,-55.699) in tree of size 1705
Debug   : OCCRtree 0 matches after bounding box filtering
Debug   : OCCRTree found 1 matches at (-21.1154,59.7509,-55.699) in tree of size 1705
Debug   : OCCRtree 0 matches after bounding box filtering
Debug   : OCCRTree found 1 matches at (-21.1154,59.7509,-55.699) in tree of size 1705
Debug   : OCCRtree 0 matches after bounding box filtering
Debug   : OCCRTree found 1 matches at (-21.1154,52.282,-55.699) in tree of size 1705
Debug   : OCCRtree 0 matches after bounding box filtering
Debug   : OCCRTree found 1 matches at (-21.1154,52.282,-55.699) in tree of size 1705
Debug   : OCCRtree 0 matches after bounding box filtering
Debug   : OCCRTree found 1 matches at (-21.1154,52.282,-55.699) in tree of size 1705
Debug   : OCCRtree 0 matches after bounding box filtering
Debug   : OCCRTree found 1 matches at (-21.1154,44.8132,-55.699) in tree of size 1705
Debug   : OCCRtree 0 matches after bounding box filtering
Debug   : OCCRTree found 1 matches at (-21.1154,44.8132,-55.699) in tree of size 1705
Debug   : OCCRtree 0 matches after bounding box filtering
Debug   : OCCRTree found 1 matches at (-21.1154,44.8132,-55.699) in tree of size 1705
Debug   : OCCRtree 0 matches after bounding box filtering
Debug   : OCCRTree found 1 matches at (-21.1154,37.3443,-55.699) in tree of size 1705
Debug   : OCCRtree 0 matches after bounding box filtering
Debug   : OCCRTree found 1 matches at (-21.1154,37.3443,-55.699) in tree of size 1705
Debug   : OCCRtree 0 matches after bounding box filtering
Debug   : OCCRTree found 1 matches at (-21.1154,37.3443,-55.699) in tree of size 1705
Debug   : OCCRtree 0 matches after bounding box filtering
Debug   : OCCRTree found 1 matches at (-21.1154,29.8754,-55.699) in tree of size 1705
Debug   : OCCRtree 0 matches after bounding box filtering
Debug   : OCCRTree found 1 matches at (-21.1154,29.8754,-55.699) in tree of size 1705
Debug   : OCCRtree 0 matches after bounding box filtering
Debug   : OCCRTree found 1 matches at (-21.1154,29.8754,-55.699) in tree of size 1705
Debug   : OCCRtree 0 matches after bounding box filtering
Debug   : OCCRTree found 1 matches at (-21.1154,22.4066,-55.699) in tree of size 1705
Debug   : OCCRtree 0 matches after bounding box filtering
Debug   : OCCRTree found 1 matches at (-21.1154,22.4066,-55.699) in tree of size 1705
Debug   : OCCRtree 0 matches after bounding box filtering
Debug   : OCCRTree found 1 matches at (-21.1154,22.4066,-55.699) in tree of size 1705
Debug   : OCCRtree 0 matches after bounding box filtering
Debug   : OCCRTree found 1 matches at (-21.1154,14.9377,-55.699) in tree of size 1705
Debug   : OCCRtree 0 matches after bounding box filtering
Debug   : OCCRTree found 1 matches at (-21.1154,14.9377,-55.699) in tree of size 1705
Debug   : OCCRtree 0 matches after bounding box filtering
Debug   : OCCRTree found 1 matches at (-21.1154,14.9377,-55.699) in tree of size 1705
Debug   : OCCRtree 0 matches after bounding box filtering
Debug   : OCCRTree found 1 matches at (-21.1154,7.46886,-55.699) in tree of size 1705
Debug   : OCCRtree 0 matches after bounding box filtering
Debug   : OCCRTree found 1 matches at (-21.1154,7.46886,-55.699) in tree of size 1705
Debug   : OCCRtree 0 matches after bounding box filtering
Debug   : OCCRTree found 1 matches at (-21.1154,7.46886,-55.699) in tree of size 1705
Debug   : OCCRtree 0 matches after bounding box filtering
Debug   : OCCRTree found 1 matches at (-21.1154,0,-55.699) in tree of size 1705
Debug   : OCCRtree 0 matches after bounding box filtering
Debug   : OCCRTree found 1 matches at (-21.1154,0,-55.699) in tree of size 1705
Debug   : OCCRtree 0 matches after bounding box filtering
Debug   : OCCRTree found 1 matches at (-21.1154,0,-55.699) in tree of size 1705
Debug   : OCCRtree 0 matches after bounding box filtering
Debug   : OCCRTree found 1 matches at (-21.1154,-7.46886,-55.699) in tree of size 1705
Debug   : OCCRtree 0 matches after bounding box filtering
Debug   : OCCRTree found 1 matches at (-21.1154,-7.46886,-55.699) in tree of size 1705
Debug   : OCCRtree 0 matches after bounding box filtering
Debug   : OCCRTree found 1 matches at (-21.1154,-7.46886,-55.699) in tree of size 1705
Debug   : OCCRtree 0 matches after bounding box filtering
Debug   : OCCRTree found 1 matches at (-21.1154,-14.9377,-55.699) in tree of size 1705
Debug   : OCCRtree 0 matches after bounding box filtering
Debug   : OCCRTree found 1 matches at (-21.1154,-14.9377,-55.699) in tree of size 1705
Debug   : OCCRtree 0 matches after bounding box filtering
Debug   : OCCRTree found 1 matches at (-21.1154,-14.9377,-55.699) in tree of size 1705
Debug   : OCCRtree 0 matches after bounding box filtering
Debug   : OCCRTree found 1 matches at (-21.1154,-22.4066,-55.699) in tree of size 1705
Debug   : OCCRtree 0 matches after bounding box filtering
Debug   : OCCRTree found 1 matches at (-21.1154,-22.4066,-55.699) in tree of size 1705
Debug   : OCCRtree 0 matches after bounding box filtering
Debug   : OCCRTree found 1 matches at (-21.1154,-22.4066,-55.699) in tree of size 1705
Debug   : OCCRtree 0 matches after bounding box filtering
Debug   : OCCRTree found 1 matches at (-21.1154,-29.8754,-55.699) in tree of size 1705
Debug   : OCCRtree 0 matches after bounding box filtering
Debug   : OCCRTree found 1 matches at (-21.1154,-29.8754,-55.699) in tree of size 1705
Debug   : OCCRtree 0 matches after bounding box filtering
Debug   : OCCRTree found 1 matches at (-21.1154,-29.8754,-55.699) in tree of size 1705
Debug   : OCCRtree 0 matches after bounding box filtering
Debug   : OCCRTree found 1 matches at (-21.1154,-37.3443,-55.699) in tree of size 1705
Debug   : OCCRtree 0 matches after bounding box filtering
Debug   : OCCRTree found 1 matches at (-21.1154,-37.3443,-55.699) in tree of size 1705
Debug   : OCCRtree 0 matches after bounding box filtering
Debug   : OCCRTree found 1 matches at (-21.1154,-37.3443,-55.699) in tree of size 1705
Debug   : OCCRtree 0 matches after bounding box filtering
Debug   : OCCRTree found 1 matches at (-21.1154,-44.8132,-55.699) in tree of size 1705
Debug   : OCCRtree 0 matches after bounding box filtering
Debug   : OCCRTree found 1 matches at (-21.1154,-44.8132,-55.699) in tree of size 1705
Debug   : OCCRtree 0 matches after bounding box filtering
Debug   : OCCRTree found 1 matches at (-21.1154,-44.8132,-55.699) in tree of size 1705
Debug   : OCCRtree 0 matches after bounding box filtering
Debug   : OCCRTree found 1 matches at (-21.1154,-52.282,-55.699) in tree of size 1705
Debug   : OCCRtree 0 matches after bounding box filtering
Debug   : OCCRTree found 1 matches at (-21.1154,-52.282,-55.699) in tree of size 1705
Debug   : OCCRtree 0 matches after bounding box filtering
Debug   : OCCRTree found 1 matches at (-21.1154,-52.282,-55.699) in tree of size 1705
Debug   : OCCRtree 0 matches after bounding box filtering
Debug   : OCCRTree found 1 matches at (-21.1154,-59.7509,-55.699) in tree of size 1705
Debug   : OCCRtree 0 matches after bounding box filtering
Debug   : OCCRTree found 1 matches at (-21.1154,-59.7509,-55.699) in tree of size 1705
Debug   : OCCRtree 0 matches after bounding box filtering
Debug   : OCCRTree found 1 matches at (-21.1154,-59.7509,-55.699) in tree of size 1705
Debug   : OCCRtree 0 matches after bounding box filtering
Debug   : OCCRTree found 1 matches at (-20.8288,-66.3073,-55.699) in tree of size 1705
Debug   : OCCRtree 0 matches after bounding box filtering
Debug   : OCCRTree found 1 matches at (-20.8288,-66.3073,-55.699) in tree of size 1705
Debug   : OCCRtree 0 matches after bounding box filtering
Debug   : OCCRTree found 1 matches at (-20.8288,-66.3073,-55.699) in tree of size 1705
Debug   : OCCRtree 0 matches after bounding box filtering
Debug   : OCCRTree found 1 matches at (-14.8289,-69.8274,-55.699) in tree of size 1705
Debug   : OCCRtree 0 matches after bounding box filtering
Debug   : OCCRTree found 1 matches at (-14.8289,-69.8274,-55.699) in tree of size 1705
Debug   : OCCRtree 0 matches after bounding box filtering
Debug   : OCCRTree found 1 matches at (-14.8289,-69.8274,-55.699) in tree of size 1705
Debug   : OCCRtree 0 matches after bounding box filtering
Debug   : OCCRTree found 1 matches at (-7.45524,-70.9942,-55.699) in tree of size 1705
Debug   : OCCRtree 0 matches after bounding box filtering
Debug   : OCCRTree found 1 matches at (-7.45524,-70.9942,-55.699) in tree of size 1705
Debug   : OCCRtree 0 matches after bounding box filtering
Debug   : OCCRTree found 1 matches at (-7.45524,-70.9942,-55.699) in tree of size 1705
Debug   : OCCRtree 0 matches after bounding box filtering
Debug   : OCCRTree found 1 matches at (0,-71.3846,-55.699) in tree of size 1705
Debug   : OCCRtree 0 matches after bounding box filtering
Debug   : OCCRTree found 1 matches at (0,-71.3846,-55.699) in tree of size 1705
Debug   : OCCRtree 0 matches after bounding box filtering
Debug   : OCCRTree found 1 matches at (0,-71.3846,-55.699) in tree of size 1705
Debug   : OCCRtree 0 matches after bounding box filtering
Debug   : OCCRTree found 1 matches at (7.45524,-70.9942,-55.699) in tree of size 1705
Debug   : OCCRtree 0 matches after bounding box filtering
Debug   : OCCRTree found 1 matches at (7.45524,-70.9942,-55.699) in tree of size 1705
Debug   : OCCRtree 0 matches after bounding box filtering
Debug   : OCCRTree found 1 matches at (7.45524,-70.9942,-55.699) in tree of size 1705
Debug   : OCCRtree 0 matches after bounding box filtering
Debug   : OCCRTree found 1 matches at (14.8289,-69.8274,-55.699) in tree of size 1705
Debug   : OCCRtree 0 matches after bounding box filtering
Debug   : OCCRTree found 1 matches at (14.8289,-69.8274,-55.699) in tree of size 1705
Debug   : OCCRtree 0 matches after bounding box filtering
Debug   : OCCRTree found 1 matches at (14.8289,-69.8274,-55.699) in tree of size 1705
Debug   : OCCRtree 0 matches after bounding box filtering
Debug   : OCCRTree found 1 matches at (20.8288,-66.3073,-55.699) in tree of size 1705
Debug   : OCCRtree 0 matches after bounding box filtering
Debug   : OCCRTree found 1 matches at (20.8288,-66.3073,-55.699) in tree of size 1705
Debug   : OCCRtree 0 matches after bounding box filtering
Debug   : OCCRTree found 1 matches at (20.8288,-66.3073,-55.699) in tree of size 1705
Debug   : OCCRtree 0 matches after bounding box filtering
Debug   : OCCRTree found 1 matches at (21.1154,-59.7509,-55.699) in tree of size 1705
Debug   : OCCRtree 0 matches after bounding box filtering
Debug   : OCCRTree found 1 matches at (21.1154,-59.7509,-55.699) in tree of size 1705
Debug   : OCCRtree 0 matches after bounding box filtering
Debug   : OCCRTree found 1 matches at (21.1154,-59.7509,-55.699) in tree of size 1705
Debug   : OCCRtree 0 matches after bounding box filtering
Debug   : OCCRTree found 1 matches at (21.1154,-52.282,-55.699) in tree of size 1705
Debug   : OCCRtree 0 matches after bounding box filtering
Debug   : OCCRTree found 1 matches at (21.1154,-52.282,-55.699) in tree of size 1705
Debug   : OCCRtree 0 matches after bounding box filtering
Debug   : OCCRTree found 1 matches at (21.1154,-52.282,-55.699) in tree of size 1705
Debug   : OCCRtree 0 matches after bounding box filtering
Debug   : OCCRTree found 1 matches at (21.1154,-44.8132,-55.699) in tree of size 1705
Debug   : OCCRtree 0 matches after bounding box filtering
Debug   : OCCRTree found 1 matches at (21.1154,-44.8132,-55.699) in tree of size 1705
Debug   : OCCRtree 0 matches after bounding box filtering
Debug   : OCCRTree found 1 matches at (21.1154,-44.8132,-55.699) in tree of size 1705
Debug   : OCCRtree 0 matches after bounding box filtering
Debug   : OCCRTree found 1 matches at (21.1154,-37.3443,-55.699) in tree of size 1705
Debug   : OCCRtree 0 matches after bounding box filtering
Debug   : OCCRTree found 1 matches at (21.1154,-37.3443,-55.699) in tree of size 1705
Debug   : OCCRtree 0 matches after bounding box filtering
Debug   : OCCRTree found 1 matches at (21.1154,-37.3443,-55.699) in tree of size 1705
Debug   : OCCRtree 0 matches after bounding box filtering
Debug   : OCCRTree found 1 matches at (21.1154,-29.8754,-55.699) in tree of size 1705
Debug   : OCCRtree 0 matches after bounding box filtering
Debug   : OCCRTree found 1 matches at (21.1154,-29.8754,-55.699) in tree of size 1705
Debug   : OCCRtree 0 matches after bounding box filtering
Debug   : OCCRTree found 1 matches at (21.1154,-29.8754,-55.699) in tree of size 1705
Debug   : OCCRtree 0 matches after bounding box filtering
Debug   : OCCRTree found 1 matches at (21.1154,-22.4066,-55.699) in tree of size 1705
Debug   : OCCRtree 0 matches after bounding box filtering
Debug   : OCCRTree found 1 matches at (21.1154,-22.4066,-55.699) in tree of size 1705
Debug   : OCCRtree 0 matches after bounding box filtering
Debug   : OCCRTree found 1 matches at (21.1154,-22.4066,-55.699) in tree of size 1705
Debug   : OCCRtree 0 matches after bounding box filtering
Debug   : OCCRTree found 1 matches at (21.1154,-14.9377,-55.699) in tree of size 1705
Debug   : OCCRtree 0 matches after bounding box filtering
Debug   : OCCRTree found 1 matches at (21.1154,-14.9377,-55.699) in tree of size 1705
Debug   : OCCRtree 0 matches after bounding box filtering
Debug   : OCCRTree found 1 matches at (21.1154,-14.9377,-55.699) in tree of size 1705
Debug   : OCCRtree 0 matches after bounding box filtering
Debug   : OCCRTree found 1 matches at (21.1154,-7.46886,-55.699) in tree of size 1705
Debug   : OCCRtree 0 matches after bounding box filtering
Debug   : OCCRTree found 1 matches at (21.1154,-7.46886,-55.699) in tree of size 1705
Debug   : OCCRtree 0 matches after bounding box filtering
Debug   : OCCRTree found 1 matches at (21.1154,-7.46886,-55.699) in tree of size 1705
Debug   : OCCRtree 0 matches after bounding box filtering
Debug   : OCCRTree found 1 matches at (14.0769,0,-37.1326) in tree of size 1705
Debug   : OCCRtree 0 matches after bounding box filtering
Debug   : OCCRTree found 1 matches at (14.0769,0,-37.1326) in tree of size 1705
Debug   : OCCRtree 0 matches after bounding box filtering
Debug   : OCCRTree found 1 matches at (14.0769,0,-37.1326) in tree of size 1705
Debug   : OCCRtree 0 matches after bounding box filtering
Debug   : OCCRTree found 1 matches at (14.0769,7.60858,-37.1326) in tree of size 1705
Debug   : OCCRtree 0 matches after bounding box filtering
Debug   : OCCRTree found 1 matches at (14.0769,7.60858,-37.1326) in tree of size 1705
Debug   : OCCRtree 0 matches after bounding box filtering
Debug   : OCCRTree found 1 matches at (14.0769,7.60858,-37.1326) in tree of size 1705
Debug   : OCCRtree 0 matches after bounding box filtering
Debug   : OCCRTree found 1 matches at (14.0769,15.2172,-37.1326) in tree of size 1705
Debug   : OCCRtree 0 matches after bounding box filtering
Debug   : OCCRTree found 1 matches at (14.0769,15.2172,-37.1326) in tree of size 1705
Debug   : OCCRtree 0 matches after bounding box filtering
Debug   : OCCRTree found 1 matches at (14.0769,15.2172,-37.1326) in tree of size 1705
Debug   : OCCRtree 0 matches after bounding box filtering
Debug   : OCCRTree found 1 matches at (14.0769,22.8257,-37.1326) in tree of size 1705
Debug   : OCCRtree 0 matches after bounding box filtering
Debug   : OCCRTree found 1 matches at (14.0769,22.8257,-37.1326) in tree of size 1705
Debug   : OCCRtree 0 matches after bounding box filtering
Debug   : OCCRTree found 1 matches at (14.0769,22.8257,-37.1326) in tree of size 1705
Debug   : OCCRtree 0 matches after bounding box filtering
Debug   : OCCRTree found 1 matches at (14.0769,30.4343,-37.1326) in tree of size 1705
Debug   : OCCRtree 0 matches after bounding box filtering
Debug   : OCCRTree found 1 matches at (14.0769,30.4343,-37.1326) in tree of size 1705
Debug   : OCCRtree 0 matches after bounding box filtering
Debug   : OCCRTree found 1 matches at (14.0769,30.4343,-37.1326) in tree of size 1705
Debug   : OCCRtree 0 matches after bounding box filtering
Debug   : OCCRTree found 1 matches at (14.0769,38.0429,-37.1326) in tree of size 1705
Debug   : OCCRtree 0 matches after bounding box filtering
Debug   : OCCRTree found 1 matches at (14.0769,38.0429,-37.1326) in tree of size 1705
Debug   : OCCRtree 0 matches after bounding box filtering
Debug   : OCCRTree found 1 matches at (14.0769,38.0429,-37.1326) in tree of size 1705
Debug   : OCCRtree 0 matches after bounding box filtering
Debug   : OCCRTree found 1 matches at (14.0769,45.6515,-37.1326) in tree of size 1705
Debug   : OCCRtree 0 matches after bounding box filtering
Debug   : OCCRTree found 1 matches at (14.0769,45.6515,-37.1326) in tree of size 1705
Debug   : OCCRtree 0 matches after bounding box filtering
Debug   : OCCRTree found 1 matches at (14.0769,45.6515,-37.1326) in tree of size 1705
Debug   : OCCRtree 0 matches after bounding box filtering
Debug   : OCCRTree found 1 matches at (14.0769,53.2601,-37.1326) in tree of size 1705
Debug   : OCCRtree 0 matches after bounding box filtering
Debug   : OCCRTree found 1 matches at (14.0769,53.2601,-37.1326) in tree of size 1705
Debug   : OCCRtree 0 matches after bounding box filtering
Debug   : OCCRTree found 1 matches at (14.0769,53.2601,-37.1326) in tree of size 1705
Debug   : OCCRtree 0 matches after bounding box filtering
Debug   : OCCRTree found 1 matches at (14.0769,60.8686,-37.1326) in tree of size 1705
Debug   : OCCRtree 0 matches after bounding box filtering
Debug   : OCCRTree found 1 matches at (14.0769,60.8686,-37.1326) in tree of size 1705
Debug   : OCCRtree 0 matches after bounding box filtering
Debug   : OCCRTree found 1 matches at (14.0769,60.8686,-37.1326) in tree of size 1705
Debug   : OCCRtree 0 matches after bounding box filtering
Debug   : OCCRTree found 1 matches at (14.0769,68.4772,-37.1326) in tree of size 1705
Debug   : OCCRtree 0 matches after bounding box filtering
Debug   : OCCRTree found 1 matches at (14.0769,68.4772,-37.1326) in tree of size 1705
Debug   : OCCRtree 0 matches after bounding box filtering
Debug   : OCCRTree found 1 matches at (14.0769,68.4772,-37.1326) in tree of size 1705
Debug   : OCCRtree 0 matches after bounding box filtering
Debug   : OCCRTree found 1 matches at (13.8833,75.0391,-37.1326) in tree of size 1705
Debug   : OCCRtree 0 matches after bounding box filtering
Debug   : OCCRTree found 1 matches at (13.8833,75.0391,-37.1326) in tree of size 1705
Debug   : OCCRtree 0 matches after bounding box filtering
Debug   : OCCRTree found 1 matches at (13.8833,75.0391,-37.1326) in tree of size 1705
Debug   : OCCRtree 0 matches after bounding box filtering
Debug   : OCCRTree found 1 matches at (7.59665,78.0543,-37.1326) in tree of size 1705
Debug   : OCCRtree 0 matches after bounding box filtering
Debug   : OCCRTree found 1 matches at (7.59665,78.0543,-37.1326) in tree of size 1705
Debug   : OCCRtree 0 matches after bounding box filtering
Debug   : OCCRTree found 1 matches at (7.59665,78.0543,-37.1326) in tree of size 1705
Debug   : OCCRtree 0 matches after bounding box filtering
Debug   : OCCRTree found 1 matches at (0,78.4231,-37.1326) in tree of size 1705
Debug   : OCCRtree 0 matches after bounding box filtering
Debug   : OCCRTree found 1 matches at (0,78.4231,-37.1326) in tree of size 1705
Debug   : OCCRtree 0 matches after bounding box filtering
Debug   : OCCRTree found 1 matches at (0,78.4231,-37.1326) in tree of size 1705
Debug   : OCCRtree 0 matches after bounding box filtering
Debug   : OCCRTree found 1 matches at (-7.59665,78.0543,-37.1326) in tree of size 1705
Debug   : OCCRtree 0 matches after bounding box filtering
Debug   : OCCRTree found 1 matches at (-7.59665,78.0543,-37.1326) in tree of size 1705
Debug   : OCCRtree 0 matches after bounding box filtering
Debug   : OCCRTree found 1 matches at (-7.59665,78.0543,-37.1326) in tree of size 1705
Debug   : OCCRtree 0 matches after bounding box filtering
Debug   : OCCRTree found 1 matches at (-13.8833,75.0391,-37.1326) in tree of size 1705
Debug   : OCCRtree 0 matches after bounding box filtering
Debug   : OCCRTree found 1 matches at (-13.8833,75.0391,-37.1326) in tree of size 1705
Debug   : OCCRtree 0 matches after bounding box filtering
Debug   : OCCRTree found 1 matches at (-13.8833,75.0391,-37.1326) in tree of size 1705
Debug   : OCCRtree 0 matches after bounding box filtering
Debug   : OCCRTree found 1 matches at (-14.0769,68.4772,-37.1326) in tree of size 1705
Debug   : OCCRtree 0 matches after bounding box filtering
Debug   : OCCRTree found 1 matches at (-14.0769,68.4772,-37.1326) in tree of size 1705
Debug   : OCCRtree 0 matches after bounding box filtering
Debug   : OCCRTree found 1 matches at (-14.0769,68.4772,-37.1326) in tree of size 1705
Debug   : OCCRtree 0 matches after bounding box filtering
Debug   : OCCRTree found 1 matches at (-14.0769,60.8686,-37.1326) in tree of size 1705
Debug   : OCCRtree 0 matches after bounding box filtering
Debug   : OCCRTree found 1 matches at (-14.0769,60.8686,-37.1326) in tree of size 1705
Debug   : OCCRtree 0 matches after bounding box filtering
Debug   : OCCRTree found 1 matches at (-14.0769,60.8686,-37.1326) in tree of size 1705
Debug   : OCCRtree 0 matches after bounding box filtering
Debug   : OCCRTree found 1 matches at (-14.0769,53.2601,-37.1326) in tree of size 1705
Debug   : OCCRtree 0 matches after bounding box filtering
Debug   : OCCRTree found 1 matches at (-14.0769,53.2601,-37.1326) in tree of size 1705
Debug   : OCCRtree 0 matches after bounding box filtering
Debug   : OCCRTree found 1 matches at (-14.0769,53.2601,-37.1326) in tree of size 1705
Debug   : OCCRtree 0 matches after bounding box filtering
Debug   : OCCRTree found 1 matches at (-14.0769,45.6515,-37.1326) in tree of size 1705
Debug   : OCCRtree 0 matches after bounding box filtering
Debug   : OCCRTree found 1 matches at (-14.0769,45.6515,-37.1326) in tree of size 1705
Debug   : OCCRtree 0 matches after bounding box filtering
Debug   : OCCRTree found 1 matches at (-14.0769,45.6515,-37.1326) in tree of size 1705
Debug   : OCCRtree 0 matches after bounding box filtering
Debug   : OCCRTree found 1 matches at (-14.0769,38.0429,-37.1326) in tree of size 1705
Debug   : OCCRtree 0 matches after bounding box filtering
Debug   : OCCRTree found 1 matches at (-14.0769,38.0429,-37.1326) in tree of size 1705
Debug   : OCCRtree 0 matches after bounding box filtering
Debug   : OCCRTree found 1 matches at (-14.0769,38.0429,-37.1326) in tree of size 1705
Debug   : OCCRtree 0 matches after bounding box filtering
Debug   : OCCRTree found 1 matches at (-14.0769,30.4343,-37.1326) in tree of size 1705
Debug   : OCCRtree 0 matches after bounding box filtering
Debug   : OCCRTree found 1 matches at (-14.0769,30.4343,-37.1326) in tree of size 1705
Debug   : OCCRtree 0 matches after bounding box filtering
Debug   : OCCRTree found 1 matches at (-14.0769,30.4343,-37.1326) in tree of size 1705
Debug   : OCCRtree 0 matches after bounding box filtering
Debug   : OCCRTree found 1 matches at (-14.0769,22.8257,-37.1326) in tree of size 1705
Debug   : OCCRtree 0 matches after bounding box filtering
Debug   : OCCRTree found 1 matches at (-14.0769,22.8257,-37.1326) in tree of size 1705
Debug   : OCCRtree 0 matches after bounding box filtering
Debug   : OCCRTree found 1 matches at (-14.0769,22.8257,-37.1326) in tree of size 1705
Debug   : OCCRtree 0 matches after bounding box filtering
Debug   : OCCRTree found 1 matches at (-14.0769,15.2172,-37.1326) in tree of size 1705
Debug   : OCCRtree 0 matches after bounding box filtering
Debug   : OCCRTree found 1 matches at (-14.0769,15.2172,-37.1326) in tree of size 1705
Debug   : OCCRtree 0 matches after bounding box filtering
Debug   : OCCRTree found 1 matches at (-14.0769,15.2172,-37.1326) in tree of size 1705
Debug   : OCCRtree 0 matches after bounding box filtering
Debug   : OCCRTree found 1 matches at (-14.0769,7.60858,-37.1326) in tree of size 1705
Debug   : OCCRtree 0 matches after bounding box filtering
Debug   : OCCRTree found 1 matches at (-14.0769,7.60858,-37.1326) in tree of size 1705
Debug   : OCCRtree 0 matches after bounding box filtering
Debug   : OCCRTree found 1 matches at (-14.0769,7.60858,-37.1326) in tree of size 1705
Debug   : OCCRtree 0 matches after bounding box filtering
Debug   : OCCRTree found 1 matches at (-14.0769,0,-37.1326) in tree of size 1705
Debug   : OCCRtree 0 matches after bounding box filtering
Debug   : OCCRTree found 1 matches at (-14.0769,0,-37.1326) in tree of size 1705
Debug   : OCCRtree 0 matches after bounding box filtering
Debug   : OCCRTree found 1 matches at (-14.0769,0,-37.1326) in tree of size 1705
Debug   : OCCRtree 0 matches after bounding box filtering
Debug   : OCCRTree found 1 matches at (-14.0769,-7.60858,-37.1326) in tree of size 1705
Debug   : OCCRtree 0 matches after bounding box filtering
Debug   : OCCRTree found 1 matches at (-14.0769,-7.60858,-37.1326) in tree of size 1705
Debug   : OCCRtree 0 matches after bounding box filtering
Debug   : OCCRTree found 1 matches at (-14.0769,-7.60858,-37.1326) in tree of size 1705
Debug   : OCCRtree 0 matches after bounding box filtering
Debug   : OCCRTree found 1 matches at (-14.0769,-15.2172,-37.1326) in tree of size 1705
Debug   : OCCRtree 0 matches after bounding box filtering
Debug   : OCCRTree found 1 matches at (-14.0769,-15.2172,-37.1326) in tree of size 1705
Debug   : OCCRtree 0 matches after bounding box filtering
Debug   : OCCRTree found 1 matches at (-14.0769,-15.2172,-37.1326) in tree of size 1705
Debug   : OCCRtree 0 matches after bounding box filtering
Debug   : OCCRTree found 1 matches at (-14.0769,-22.8257,-37.1326) in tree of size 1705
Debug   : OCCRtree 0 matches after bounding box filtering
Debug   : OCCRTree found 1 matches at (-14.0769,-22.8257,-37.1326) in tree of size 1705
Debug   : OCCRtree 0 matches after bounding box filtering
Debug   : OCCRTree found 1 matches at (-14.0769,-22.8257,-37.1326) in tree of size 1705
Debug   : OCCRtree 0 matches after bounding box filtering
Debug   : OCCRTree found 1 matches at (-14.0769,-30.4343,-37.1326) in tree of size 1705
Debug   : OCCRtree 0 matches after bounding box filtering
Debug   : OCCRTree found 1 matches at (-14.0769,-30.4343,-37.1326) in tree of size 1705
Debug   : OCCRtree 0 matches after bounding box filtering
Debug   : OCCRTree found 1 matches at (-14.0769,-30.4343,-37.1326) in tree of size 1705
Debug   : OCCRtree 0 matches after bounding box filtering
Debug   : OCCRTree found 1 matches at (-14.0769,-38.0429,-37.1326) in tree of size 1705
Debug   : OCCRtree 0 matches after bounding box filtering
Debug   : OCCRTree found 1 matches at (-14.0769,-38.0429,-37.1326) in tree of size 1705
Debug   : OCCRtree 0 matches after bounding box filtering
Debug   : OCCRTree found 1 matches at (-14.0769,-38.0429,-37.1326) in tree of size 1705
Debug   : OCCRtree 0 matches after bounding box filtering
Debug   : OCCRTree found 1 matches at (-14.0769,-45.6515,-37.1326) in tree of size 1705
Debug   : OCCRtree 0 matches after bounding box filtering
Debug   : OCCRTree found 1 matches at (-14.0769,-45.6515,-37.1326) in tree of size 1705
Debug   : OCCRtree 0 matches after bounding box filtering
Debug   : OCCRTree found 1 matches at (-14.0769,-45.6515,-37.1326) in tree of size 1705
Debug   : OCCRtree 0 matches after bounding box filtering
Debug   : OCCRTree found 1 matches at (-14.0769,-53.2601,-37.1326) in tree of size 1705
Debug   : OCCRtree 0 matches after bounding box filtering
Debug   : OCCRTree found 1 matches at (-14.0769,-53.2601,-37.1326) in tree of size 1705
Debug   : OCCRtree 0 matches after bounding box filtering
Debug   : OCCRTree found 1 matches at (-14.0769,-53.2601,-37.1326) in tree of size 1705
Debug   : OCCRtree 0 matches after bounding box filtering
Debug   : OCCRTree found 1 matches at (-14.0769,-60.8686,-37.1326) in tree of size 1705
Debug   : OCCRtree 0 matches after bounding box filtering
Debug   : OCCRTree found 1 matches at (-14.0769,-60.8686,-37.1326) in tree of size 1705
Debug   : OCCRtree 0 matches after bounding box filtering
Debug   : OCCRTree found 1 matches at (-14.0769,-60.8686,-37.1326) in tree of size 1705
Debug   : OCCRtree 0 matches after bounding box filtering
Debug   : OCCRTree found 1 matches at (-14.0769,-68.4772,-37.1326) in tree of size 1705
Debug   : OCCRtree 0 matches after bounding box filtering
Debug   : OCCRTree found 1 matches at (-14.0769,-68.4772,-37.1326) in tree of size 1705
Debug   : OCCRtree 0 matches after bounding box filtering
Debug   : OCCRTree found 1 matches at (-14.0769,-68.4772,-37.1326) in tree of size 1705
Debug   : OCCRtree 0 matches after bounding box filtering
Debug   : OCCRTree found 1 matches at (-13.8833,-75.0391,-37.1326) in tree of size 1705
Debug   : OCCRtree 0 matches after bounding box filtering
Debug   : OCCRTree found 1 matches at (-13.8833,-75.0391,-37.1326) in tree of size 1705
Debug   : OCCRtree 0 matches after bounding box filtering
Debug   : OCCRTree found 1 matches at (-13.8833,-75.0391,-37.1326) in tree of size 1705
Debug   : OCCRtree 0 matches after bounding box filtering
Debug   : OCCRTree found 1 matches at (-7.59665,-78.0543,-37.1326) in tree of size 1705
Debug   : OCCRtree 0 matches after bounding box filtering
Debug   : OCCRTree found 1 matches at (-7.59665,-78.0543,-37.1326) in tree of size 1705
Debug   : OCCRtree 0 matches after bounding box filtering
Debug   : OCCRTree found 1 matches at (-7.59665,-78.0543,-37.1326) in tree of size 1705
Debug   : OCCRtree 0 matches after bounding box filtering
Debug   : OCCRTree found 1 matches at (0,-78.4231,-37.1326) in tree of size 1705
Debug   : OCCRtree 0 matches after bounding box filtering
Debug   : OCCRTree found 1 matches at (0,-78.4231,-37.1326) in tree of size 1705
Debug   : OCCRtree 0 matches after bounding box filtering
Debug   : OCCRTree found 1 matches at (0,-78.4231,-37.1326) in tree of size 1705
Debug   : OCCRtree 0 matches after bounding box filtering
Debug   : OCCRTree found 1 matches at (7.59665,-78.0543,-37.1326) in tree of size 1705
Debug   : OCCRtree 0 matches after bounding box filtering
Debug   : OCCRTree found 1 matches at (7.59665,-78.0543,-37.1326) in tree of size 1705
Debug   : OCCRtree 0 matches after bounding box filtering
Debug   : OCCRTree found 1 matches at (7.59665,-78.0543,-37.1326) in tree of size 1705
Debug   : OCCRtree 0 matches after bounding box filtering
Debug   : OCCRTree found 1 matches at (13.8833,-75.0391,-37.1326) in tree of size 1705
Debug   : OCCRtree 0 matches after bounding box filtering
Debug   : OCCRTree found 1 matches at (13.8833,-75.0391,-37.1326) in tree of size 1705
Debug   : OCCRtree 0 matches after bounding box filtering
Debug   : OCCRTree found 1 matches at (13.8833,-75.0391,-37.1326) in tree of size 1705
Debug   : OCCRtree 0 matches after bounding box filtering
Debug   : OCCRTree found 1 matches at (14.0769,-68.4772,-37.1326) in tree of size 1705
Debug   : OCCRtree 0 matches after bounding box filtering
Debug   : OCCRTree found 1 matches at (14.0769,-68.4772,-37.1326) in tree of size 1705
Debug   : OCCRtree 0 matches after bounding box filtering
Debug   : OCCRTree found 1 matches at (14.0769,-68.4772,-37.1326) in tree of size 1705
Debug   : OCCRtree 0 matches after bounding box filtering
Debug   : OCCRTree found 1 matches at (14.0769,-60.8686,-37.1326) in tree of size 1705
Debug   : OCCRtree 0 matches after bounding box filtering
Debug   : OCCRTree found 1 matches at (14.0769,-60.8686,-37.1326) in tree of size 1705
Debug   : OCCRtree 0 matches after bounding box filtering
Debug   : OCCRTree found 1 matches at (14.0769,-60.8686,-37.1326) in tree of size 1705
Debug   : OCCRtree 0 matches after bounding box filtering
Debug   : OCCRTree found 1 matches at (14.0769,-53.2601,-37.1326) in tree of size 1705
Debug   : OCCRtree 0 matches after bounding box filtering
Debug   : OCCRTree found 1 matches at (14.0769,-53.2601,-37.1326) in tree of size 1705
Debug   : OCCRtree 0 matches after bounding box filtering
Debug   : OCCRTree found 1 matches at (14.0769,-53.2601,-37.1326) in tree of size 1705
Debug   : OCCRtree 0 matches after bounding box filtering
Debug   : OCCRTree found 1 matches at (14.0769,-45.6515,-37.1326) in tree of size 1705
Debug   : OCCRtree 0 matches after bounding box filtering
Debug   : OCCRTree found 1 matches at (14.0769,-45.6515,-37.1326) in tree of size 1705
Debug   : OCCRtree 0 matches after bounding box filtering
Debug   : OCCRTree found 1 matches at (14.0769,-45.6515,-37.1326) in tree of size 1705
Debug   : OCCRtree 0 matches after bounding box filtering
Debug   : OCCRTree found 1 matches at (14.0769,-38.0429,-37.1326) in tree of size 1705
Debug   : OCCRtree 0 matches after bounding box filtering
Debug   : OCCRTree found 1 matches at (14.0769,-38.0429,-37.1326) in tree of size 1705
Debug   : OCCRtree 0 matches after bounding box filtering
Debug   : OCCRTree found 1 matches at (14.0769,-38.0429,-37.1326) in tree of size 1705
Debug   : OCCRtree 0 matches after bounding box filtering
Debug   : OCCRTree found 1 matches at (14.0769,-30.4343,-37.1326) in tree of size 1705
Debug   : OCCRtree 0 matches after bounding box filtering
Debug   : OCCRTree found 1 matches at (14.0769,-30.4343,-37.1326) in tree of size 1705
Debug   : OCCRtree 0 matches after bounding box filtering
Debug   : OCCRTree found 1 matches at (14.0769,-30.4343,-37.1326) in tree of size 1705
Debug   : OCCRtree 0 matches after bounding box filtering
Debug   : OCCRTree found 1 matches at (14.0769,-22.8257,-37.1326) in tree of size 1705
Debug   : OCCRtree 0 matches after bounding box filtering
Debug   : OCCRTree found 1 matches at (14.0769,-22.8257,-37.1326) in tree of size 1705
Debug   : OCCRtree 0 matches after bounding box filtering
Debug   : OCCRTree found 1 matches at (14.0769,-22.8257,-37.1326) in tree of size 1705
Debug   : OCCRtree 0 matches after bounding box filtering
Debug   : OCCRTree found 1 matches at (14.0769,-15.2172,-37.1326) in tree of size 1705
Debug   : OCCRtree 0 matches after bounding box filtering
Debug   : OCCRTree found 1 matches at (14.0769,-15.2172,-37.1326) in tree of size 1705
Debug   : OCCRtree 0 matches after bounding box filtering
Debug   : OCCRTree found 1 matches at (14.0769,-15.2172,-37.1326) in tree of size 1705
Debug   : OCCRtree 0 matches after bounding box filtering
Debug   : OCCRTree found 1 matches at (14.0769,-7.60858,-37.1326) in tree of size 1705
Debug   : OCCRtree 0 matches after bounding box filtering
Debug   : OCCRTree found 1 matches at (14.0769,-7.60858,-37.1326) in tree of size 1705
Debug   : OCCRtree 0 matches after bounding box filtering
Debug   : OCCRTree found 1 matches at (14.0769,-7.60858,-37.1326) in tree of size 1705
Debug   : OCCRtree 0 matches after bounding box filtering
Debug   : OCCRTree found 1 matches at (7.03846,0,-18.5663) in tree of size 1705
Debug   : OCCRtree 0 matches after bounding box filtering
Debug   : OCCRTree found 1 matches at (7.03846,0,-18.5663) in tree of size 1705
Debug   : OCCRtree 0 matches after bounding box filtering
Debug   : OCCRTree found 1 matches at (7.03846,0,-18.5663) in tree of size 1705
Debug   : OCCRtree 0 matches after bounding box filtering
Debug   : OCCRTree found 2 matches at (7.03846,7.6848,-18.5663) in tree of size 1705
Debug   : OCCRtree 0 matches after bounding box filtering
Debug   : OCCRTree found 2 matches at (7.03846,7.6848,-18.5663) in tree of size 1705
Debug   : OCCRtree 0 matches after bounding box filtering
Debug   : OCCRTree found 2 matches at (7.03846,7.6848,-18.5663) in tree of size 1705
Debug   : OCCRtree 0 matches after bounding box filtering
Debug   : OCCRTree found 1 matches at (7.03846,15.3696,-18.5663) in tree of size 1705
Debug   : OCCRtree 0 matches after bounding box filtering
Debug   : OCCRTree found 1 matches at (7.03846,15.3696,-18.5663) in tree of size 1705
Debug   : OCCRtree 0 matches after bounding box filtering
Debug   : OCCRTree found 1 matches at (7.03846,15.3696,-18.5663) in tree of size 1705
Debug   : OCCRtree 0 matches after bounding box filtering
Debug   : OCCRTree found 1 matches at (7.03846,23.0544,-18.5663) in tree of size 1705
Debug   : OCCRtree 0 matches after bounding box filtering
Debug   : OCCRTree found 1 matches at (7.03846,23.0544,-18.5663) in tree of size 1705
Debug   : OCCRtree 0 matches after bounding box filtering
Debug   : OCCRTree found 1 matches at (7.03846,23.0544,-18.5663) in tree of size 1705
Debug   : OCCRtree 0 matches after bounding box filtering
Debug   : OCCRTree found 1 matches at (7.03846,30.7392,-18.5663) in tree of size 1705
Debug   : OCCRtree 0 matches after bounding box filtering
Debug   : OCCRTree found 1 matches at (7.03846,30.7392,-18.5663) in tree of size 1705
Debug   : OCCRtree 0 matches after bounding box filtering
Debug   : OCCRTree found 1 matches at (7.03846,30.7392,-18.5663) in tree of size 1705
Debug   : OCCRtree 0 matches after bounding box filtering
Debug   : OCCRTree found 1 matches at (7.03846,38.424,-18.5663) in tree of size 1705
Debug   : OCCRtree 0 matches after bounding box filtering
Debug   : OCCRTree found 1 matches at (7.03846,38.424,-18.5663) in tree of size 1705
Debug   : OCCRtree 0 matches after bounding box filtering
Debug   : OCCRTree found 1 matches at (7.03846,38.424,-18.5663) in tree of size 1705
Debug   : OCCRtree 0 matches after bounding box filtering
Debug   : OCCRTree found 1 matches at (7.03846,46.1088,-18.5663) in tree of size 1705
Debug   : OCCRtree 0 matches after bounding box filtering
Debug   : OCCRTree found 1 matches at (7.03846,46.1088,-18.5663) in tree of size 1705
Debug   : OCCRtree 0 matches after bounding box filtering
Debug   : OCCRTree found 1 matches at (7.03846,46.1088,-18.5663) in tree of size 1705
Debug   : OCCRtree 0 matches after bounding box filtering
Debug   : OCCRTree found 1 matches at (7.03846,53.7936,-18.5663) in tree of size 1705
Debug   : OCCRtree 0 matches after bounding box filtering
Debug   : OCCRTree found 1 matches at (7.03846,53.7936,-18.5663) in tree of size 1705
Debug   : OCCRtree 0 matches after bounding box filtering
Debug   : OCCRTree found 1 matches at (7.03846,53.7936,-18.5663) in tree of size 1705
Debug   : OCCRtree 0 matches after bounding box filtering
Debug   : OCCRTree found 1 matches at (7.03846,61.4784,-18.5663) in tree of size 1705
Debug   : OCCRtree 0 matches after bounding box filtering
Debug   : OCCRTree found 1 matches at (7.03846,61.4784,-18.5663) in tree of size 1705
Debug   : OCCRtree 0 matches after bounding box filtering
Debug   : OCCRTree found 1 matches at (7.03846,61.4784,-18.5663) in tree of size 1705
Debug   : OCCRtree 0 matches after bounding box filtering
Debug   : OCCRTree found 1 matches at (7.03846,69.1632,-18.5663) in tree of size 1705
Debug   : OCCRtree 0 matches after bounding box filtering
Debug   : OCCRTree found 1 matches at (7.03846,69.1632,-18.5663) in tree of size 1705
Debug   : OCCRtree 0 matches after bounding box filtering
Debug   : OCCRTree found 1 matches at (7.03846,69.1632,-18.5663) in tree of size 1705
Debug   : OCCRtree 0 matches after bounding box filtering
Debug   : OCCRTree found 1 matches at (7.03846,76.848,-18.5663) in tree of size 1705
Debug   : OCCRtree 0 matches after bounding box filtering
Debug   : OCCRTree found 1 matches at (7.03846,76.848,-18.5663) in tree of size 1705
Debug   : OCCRtree 0 matches after bounding box filtering
Debug   : OCCRTree found 1 matches at (7.03846,76.848,-18.5663) in tree of size 1705
Debug   : OCCRtree 0 matches after bounding box filtering
Debug   : OCCRTree found 1 matches at (6.90586,82.9403,-18.5663) in tree of size 1705
Debug   : OCCRtree 0 matches after bounding box filtering
Debug   : OCCRTree found 1 matches at (6.90586,82.9403,-18.5663) in tree of size 1705
Debug   : OCCRtree 0 matches after bounding box filtering
Debug   : OCCRTree found 1 matches at (6.90586,82.9403,-18.5663) in tree of size 1705
Debug   : OCCRtree 0 matches after bounding box filtering
Debug   : OCCRTree found 1 matches at (0,85.4615,-18.5663) in tree of size 1705
Debug   : OCCRtree 0 matches after bounding box filtering
Debug   : OCCRTree found 1 matches at (0,85.4615,-18.5663) in tree of size 1705
Debug   : OCCRtree 0 matches after bounding box filtering
Debug   : OCCRTree found 1 matches at (0,85.4615,-18.5663) in tree of size 1705
Debug   : OCCRtree 0 matches after bounding box filtering
Debug   : OCCRTree found 1 matches at (-6.90586,82.9403,-18.5663) in tree of size 1705
Debug   : OCCRtree 0 matches after bounding box filtering
Debug   : OCCRTree found 1 matches at (-6.90586,82.9403,-18.5663) in tree of size 1705
Debug   : OCCRtree 0 matches after bounding box filtering
Debug   : OCCRTree found 1 matches at (-6.90586,82.9403,-18.5663) in tree of size 1705
Debug   : OCCRtree 0 matches after bounding box filtering
Debug   : OCCRTree found 1 matches at (-7.03846,76.848,-18.5663) in tree of size 1705
Debug   : OCCRtree 0 matches after bounding box filtering
Debug   : OCCRTree found 1 matches at (-7.03846,76.848,-18.5663) in tree of size 1705
Debug   : OCCRtree 0 matches after bounding box filtering
Debug   : OCCRTree found 1 matches at (-7.03846,76.848,-18.5663) in tree of size 1705
Debug   : OCCRtree 0 matches after bounding box filtering
Debug   : OCCRTree found 1 matches at (-7.03846,69.1632,-18.5663) in tree of size 1705
Debug   : OCCRtree 0 matches after bounding box filtering
Debug   : OCCRTree found 1 matches at (-7.03846,69.1632,-18.5663) in tree of size 1705
Debug   : OCCRtree 0 matches after bounding box filtering
Debug   : OCCRTree found 1 matches at (-7.03846,69.1632,-18.5663) in tree of size 1705
Debug   : OCCRtree 0 matches after bounding box filtering
Debug   : OCCRTree found 1 matches at (-7.03846,61.4784,-18.5663) in tree of size 1705
Debug   : OCCRtree 0 matches after bounding box filtering
Debug   : OCCRTree found 1 matches at (-7.03846,61.4784,-18.5663) in tree of size 1705
Debug   : OCCRtree 0 matches after bounding box filtering
Debug   : OCCRTree found 1 matches at (-7.03846,61.4784,-18.5663) in tree of size 1705
Debug   : OCCRtree 0 matches after bounding box filtering
Debug   : OCCRTree found 1 matches at (-7.03846,53.7936,-18.5663) in tree of size 1705
Debug   : OCCRtree 0 matches after bounding box filtering
Debug   : OCCRTree found 1 matches at (-7.03846,53.7936,-18.5663) in tree of size 1705
Debug   : OCCRtree 0 matches after bounding box filtering
Debug   : OCCRTree found 1 matches at (-7.03846,53.7936,-18.5663) in tree of size 1705
Debug   : OCCRtree 0 matches after bounding box filtering
Debug   : OCCRTree found 1 matches at (-7.03846,46.1088,-18.5663) in tree of size 1705
Debug   : OCCRtree 0 matches after bounding box filtering
Debug   : OCCRTree found 1 matches at (-7.03846,46.1088,-18.5663) in tree of size 1705
Debug   : OCCRtree 0 matches after bounding box filtering
Debug   : OCCRTree found 1 matches at (-7.03846,46.1088,-18.5663) in tree of size 1705
Debug   : OCCRtree 0 matches after bounding box filtering
Debug   : OCCRTree found 1 matches at (-7.03846,38.424,-18.5663) in tree of size 1705
Debug   : OCCRtree 0 matches after bounding box filtering
Debug   : OCCRTree found 1 matches at (-7.03846,38.424,-18.5663) in tree of size 1705
Debug   : OCCRtree 0 matches after bounding box filtering
Debug   : OCCRTree found 1 matches at (-7.03846,38.424,-18.5663) in tree of size 1705
Debug   : OCCRtree 0 matches after bounding box filtering
Debug   : OCCRTree found 1 matches at (-7.03846,30.7392,-18.5663) in tree of size 1705
Debug   : OCCRtree 0 matches after bounding box filtering
Debug   : OCCRTree found 1 matches at (-7.03846,30.7392,-18.5663) in tree of size 1705
Debug   : OCCRtree 0 matches after bounding box filtering
Debug   : OCCRTree found 1 matches at (-7.03846,30.7392,-18.5663) in tree of size 1705
Debug   : OCCRtree 0 matches after bounding box filtering
Debug   : OCCRTree found 1 matches at (-7.03846,23.0544,-18.5663) in tree of size 1705
Debug   : OCCRtree 0 matches after bounding box filtering
Debug   : OCCRTree found 1 matches at (-7.03846,23.0544,-18.5663) in tree of size 1705
Debug   : OCCRtree 0 matches after bounding box filtering
Debug   : OCCRTree found 1 matches at (-7.03846,23.0544,-18.5663) in tree of size 1705
Debug   : OCCRtree 0 matches after bounding box filtering
Debug   : OCCRTree found 1 matches at (-7.03846,15.3696,-18.5663) in tree of size 1705
Debug   : OCCRtree 0 matches after bounding box filtering
Debug   : OCCRTree found 1 matches at (-7.03846,15.3696,-18.5663) in tree of size 1705
Debug   : OCCRtree 0 matches after bounding box filtering
Debug   : OCCRTree found 1 matches at (-7.03846,15.3696,-18.5663) in tree of size 1705
Debug   : OCCRtree 0 matches after bounding box filtering
Debug   : OCCRTree found 1 matches at (-7.03846,7.6848,-18.5663) in tree of size 1705
Debug   : OCCRtree 0 matches after bounding box filtering
Debug   : OCCRTree found 1 matches at (-7.03846,7.6848,-18.5663) in tree of size 1705
Debug   : OCCRtree 0 matches after bounding box filtering
Debug   : OCCRTree found 1 matches at (-7.03846,7.6848,-18.5663) in tree of size 1705
Debug   : OCCRtree 0 matches after bounding box filtering
Debug   : OCCRTree found 1 matches at (-7.03846,0,-18.5663) in tree of size 1705
Debug   : OCCRtree 0 matches after bounding box filtering
Debug   : OCCRTree found 1 matches at (-7.03846,0,-18.5663) in tree of size 1705
Debug   : OCCRtree 0 matches after bounding box filtering
Debug   : OCCRTree found 1 matches at (-7.03846,0,-18.5663) in tree of size 1705
Debug   : OCCRtree 0 matches after bounding box filtering
Debug   : OCCRTree found 1 matches at (-7.03846,-7.6848,-18.5663) in tree of size 1705
Debug   : OCCRtree 0 matches after bounding box filtering
Debug   : OCCRTree found 1 matches at (-7.03846,-7.6848,-18.5663) in tree of size 1705
Debug   : OCCRtree 0 matches after bounding box filtering
Debug   : OCCRTree found 1 matches at (-7.03846,-7.6848,-18.5663) in tree of size 1705
Debug   : OCCRtree 0 matches after bounding box filtering
Debug   : OCCRTree found 1 matches at (-7.03846,-15.3696,-18.5663) in tree of size 1705
Debug   : OCCRtree 0 matches after bounding box filtering
Debug   : OCCRTree found 1 matches at (-7.03846,-15.3696,-18.5663) in tree of size 1705
Debug   : OCCRtree 0 matches after bounding box filtering
Debug   : OCCRTree found 1 matches at (-7.03846,-15.3696,-18.5663) in tree of size 1705
Debug   : OCCRtree 0 matches after bounding box filtering
Debug   : OCCRTree found 1 matches at (-7.03846,-23.0544,-18.5663) in tree of size 1705
Debug   : OCCRtree 0 matches after bounding box filtering
Debug   : OCCRTree found 1 matches at (-7.03846,-23.0544,-18.5663) in tree of size 1705
Debug   : OCCRtree 0 matches after bounding box filtering
Debug   : OCCRTree found 1 matches at (-7.03846,-23.0544,-18.5663) in tree of size 1705
Debug   : OCCRtree 0 matches after bounding box filtering
Debug   : OCCRTree found 1 matches at (-7.03846,-30.7392,-18.5663) in tree of size 1705
Debug   : OCCRtree 0 matches after bounding box filtering
Debug   : OCCRTree found 1 matches at (-7.03846,-30.7392,-18.5663) in tree of size 1705
Debug   : OCCRtree 0 matches after bounding box filtering
Debug   : OCCRTree found 1 matches at (-7.03846,-30.7392,-18.5663) in tree of size 1705
Debug   : OCCRtree 0 matches after bounding box filtering
Debug   : OCCRTree found 1 matches at (-7.03846,-38.424,-18.5663) in tree of size 1705
Debug   : OCCRtree 0 matches after bounding box filtering
Debug   : OCCRTree found 1 matches at (-7.03846,-38.424,-18.5663) in tree of size 1705
Debug   : OCCRtree 0 matches after bounding box filtering
Debug   : OCCRTree found 1 matches at (-7.03846,-38.424,-18.5663) in tree of size 1705
Debug   : OCCRtree 0 matches after bounding box filtering
Debug   : OCCRTree found 1 matches at (-7.03846,-46.1088,-18.5663) in tree of size 1705
Debug   : OCCRtree 0 matches after bounding box filtering
Debug   : OCCRTree found 1 matches at (-7.03846,-46.1088,-18.5663) in tree of size 1705
Debug   : OCCRtree 0 matches after bounding box filtering
Debug   : OCCRTree found 1 matches at (-7.03846,-46.1088,-18.5663) in tree of size 1705
Debug   : OCCRtree 0 matches after bounding box filtering
Debug   : OCCRTree found 1 matches at (-7.03846,-53.7936,-18.5663) in tree of size 1705
Debug   : OCCRtree 0 matches after bounding box filtering
Debug   : OCCRTree found 1 matches at (-7.03846,-53.7936,-18.5663) in tree of size 1705
Debug   : OCCRtree 0 matches after bounding box filtering
Debug   : OCCRTree found 1 matches at (-7.03846,-53.7936,-18.5663) in tree of size 1705
Debug   : OCCRtree 0 matches after bounding box filtering
Debug   : OCCRTree found 1 matches at (-7.03846,-61.4784,-18.5663) in tree of size 1705
Debug   : OCCRtree 0 matches after bounding box filtering
Debug   : OCCRTree found 1 matches at (-7.03846,-61.4784,-18.5663) in tree of size 1705
Debug   : OCCRtree 0 matches after bounding box filtering
Debug   : OCCRTree found 1 matches at (-7.03846,-61.4784,-18.5663) in tree of size 1705
Debug   : OCCRtree 0 matches after bounding box filtering
Debug   : OCCRTree found 1 matches at (-7.03846,-69.1632,-18.5663) in tree of size 1705
Debug   : OCCRtree 0 matches after bounding box filtering
Debug   : OCCRTree found 1 matches at (-7.03846,-69.1632,-18.5663) in tree of size 1705
Debug   : OCCRtree 0 matches after bounding box filtering
Debug   : OCCRTree found 1 matches at (-7.03846,-69.1632,-18.5663) in tree of size 1705
Debug   : OCCRtree 0 matches after bounding box filtering
Debug   : OCCRTree found 1 matches at (-7.03846,-76.848,-18.5663) in tree of size 1705
Debug   : OCCRtree 0 matches after bounding box filtering
Debug   : OCCRTree found 1 matches at (-7.03846,-76.848,-18.5663) in tree of size 1705
Debug   : OCCRtree 0 matches after bounding box filtering
Debug   : OCCRTree found 1 matches at (-7.03846,-76.848,-18.5663) in tree of size 1705
Debug   : OCCRtree 0 matches after bounding box filtering
Debug   : OCCRTree found 1 matches at (-6.90586,-82.9403,-18.5663) in tree of size 1705
Debug   : OCCRtree 0 matches after bounding box filtering
Debug   : OCCRTree found 1 matches at (-6.90586,-82.9403,-18.5663) in tree of size 1705
Debug   : OCCRtree 0 matches after bounding box filtering
Debug   : OCCRTree found 1 matches at (-6.90586,-82.9403,-18.5663) in tree of size 1705
Debug   : OCCRtree 0 matches after bounding box filtering
Debug   : OCCRTree found 1 matches at (0,-85.4615,-18.5663) in tree of size 1705
Debug   : OCCRtree 0 matches after bounding box filtering
Debug   : OCCRTree found 1 matches at (0,-85.4615,-18.5663) in tree of size 1705
Debug   : OCCRtree 0 matches after bounding box filtering
Debug   : OCCRTree found 1 matches at (0,-85.4615,-18.5663) in tree of size 1705
Debug   : OCCRtree 0 matches after bounding box filtering
Debug   : OCCRTree found 1 matches at (6.90586,-82.9403,-18.5663) in tree of size 1705
Debug   : OCCRtree 0 matches after bounding box filtering
Debug   : OCCRTree found 1 matches at (6.90586,-82.9403,-18.5663) in tree of size 1705
Debug   : OCCRtree 0 matches after bounding box filtering
Debug   : OCCRTree found 1 matches at (6.90586,-82.9403,-18.5663) in tree of size 1705
Debug   : OCCRtree 0 matches after bounding box filtering
Debug   : OCCRTree found 1 matches at (7.03846,-76.848,-18.5663) in tree of size 1705
Debug   : OCCRtree 0 matches after bounding box filtering
Debug   : OCCRTree found 1 matches at (7.03846,-76.848,-18.5663) in tree of size 1705
Debug   : OCCRtree 0 matches after bounding box filtering
Debug   : OCCRTree found 1 matches at (7.03846,-76.848,-18.5663) in tree of size 1705
Debug   : OCCRtree 0 matches after bounding box filtering
Debug   : OCCRTree found 1 matches at (7.03846,-69.1632,-18.5663) in tree of size 1705
Debug   : OCCRtree 0 matches after bounding box filtering
Debug   : OCCRTree found 1 matches at (7.03846,-69.1632,-18.5663) in tree of size 1705
Debug   : OCCRtree 0 matches after bounding box filtering
Debug   : OCCRTree found 1 matches at (7.03846,-69.1632,-18.5663) in tree of size 1705
Debug   : OCCRtree 0 matches after bounding box filtering
Debug   : OCCRTree found 1 matches at (7.03846,-61.4784,-18.5663) in tree of size 1705
Debug   : OCCRtree 0 matches after bounding box filtering
Debug   : OCCRTree found 1 matches at (7.03846,-61.4784,-18.5663) in tree of size 1705
Debug   : OCCRtree 0 matches after bounding box filtering
Debug   : OCCRTree found 1 matches at (7.03846,-61.4784,-18.5663) in tree of size 1705
Debug   : OCCRtree 0 matches after bounding box filtering
Debug   : OCCRTree found 1 matches at (7.03846,-53.7936,-18.5663) in tree of size 1705
Debug   : OCCRtree 0 matches after bounding box filtering
Debug   : OCCRTree found 1 matches at (7.03846,-53.7936,-18.5663) in tree of size 1705
Debug   : OCCRtree 0 matches after bounding box filtering
Debug   : OCCRTree found 1 matches at (7.03846,-53.7936,-18.5663) in tree of size 1705
Debug   : OCCRtree 0 matches after bounding box filtering
Debug   : OCCRTree found 1 matches at (7.03846,-46.1088,-18.5663) in tree of size 1705
Debug   : OCCRtree 0 matches after bounding box filtering
Debug   : OCCRTree found 1 matches at (7.03846,-46.1088,-18.5663) in tree of size 1705
Debug   : OCCRtree 0 matches after bounding box filtering
Debug   : OCCRTree found 1 matches at (7.03846,-46.1088,-18.5663) in tree of size 1705
Debug   : OCCRtree 0 matches after bounding box filtering
Debug   : OCCRTree found 1 matches at (7.03846,-38.424,-18.5663) in tree of size 1705
Debug   : OCCRtree 0 matches after bounding box filtering
Debug   : OCCRTree found 1 matches at (7.03846,-38.424,-18.5663) in tree of size 1705
Debug   : OCCRtree 0 matches after bounding box filtering
Debug   : OCCRTree found 1 matches at (7.03846,-38.424,-18.5663) in tree of size 1705
Debug   : OCCRtree 0 matches after bounding box filtering
Debug   : OCCRTree found 1 matches at (7.03846,-30.7392,-18.5663) in tree of size 1705
Debug   : OCCRtree 0 matches after bounding box filtering
Debug   : OCCRTree found 1 matches at (7.03846,-30.7392,-18.5663) in tree of size 1705
Debug   : OCCRtree 0 matches after bounding box filtering
Debug   : OCCRTree found 1 matches at (7.03846,-30.7392,-18.5663) in tree of size 1705
Debug   : OCCRtree 0 matches after bounding box filtering
Debug   : OCCRTree found 1 matches at (7.03846,-23.0544,-18.5663) in tree of size 1705
Debug   : OCCRtree 0 matches after bounding box filtering
Debug   : OCCRTree found 1 matches at (7.03846,-23.0544,-18.5663) in tree of size 1705
Debug   : OCCRtree 0 matches after bounding box filtering
Debug   : OCCRTree found 1 matches at (7.03846,-23.0544,-18.5663) in tree of size 1705
Debug   : OCCRtree 0 matches after bounding box filtering
Debug   : OCCRTree found 1 matches at (7.03846,-15.3696,-18.5663) in tree of size 1705
Debug   : OCCRtree 0 matches after bounding box filtering
Debug   : OCCRTree found 1 matches at (7.03846,-15.3696,-18.5663) in tree of size 1705
Debug   : OCCRtree 0 matches after bounding box filtering
Debug   : OCCRTree found 1 matches at (7.03846,-15.3696,-18.5663) in tree of size 1705
Debug   : OCCRtree 0 matches after bounding box filtering
Debug   : OCCRTree found 1 matches at (7.03846,-7.6848,-18.5663) in tree of size 1705
Debug   : OCCRtree 0 matches after bounding box filtering
Debug   : OCCRTree found 1 matches at (7.03846,-7.6848,-18.5663) in tree of size 1705
Debug   : OCCRtree 0 matches after bounding box filtering
Debug   : OCCRTree found 1 matches at (7.03846,-7.6848,-18.5663) in tree of size 1705
Debug   : OCCRtree 0 matches after bounding box filtering
Debug   : OCCRTree found 1 matches at (0.75,0,0) in tree of size 1705
Debug   : OCCRtree 0 matches after bounding box filtering
Debug   : OCCRTree found 1 matches at (0.75,0,0) in tree of size 1705
Debug   : OCCRtree 0 matches after bounding box filtering
Debug   : OCCRTree found 1 matches at (0.75,0,0) in tree of size 1705
Debug   : OCCRtree 0 matches after bounding box filtering
Debug   : OCCRTree found 1 matches at (0.75,7.77058,0) in tree of size 1705
Debug   : OCCRtree 0 matches after bounding box filtering
Debug   : OCCRTree found 1 matches at (0.75,7.77058,0) in tree of size 1705
Debug   : OCCRtree 0 matches after bounding box filtering
Debug   : OCCRTree found 1 matches at (0.75,7.77058,0) in tree of size 1705
Debug   : OCCRtree 0 matches after bounding box filtering
Debug   : OCCRTree found 1 matches at (0.75,15.5412,0) in tree of size 1705
Debug   : OCCRtree 0 matches after bounding box filtering
Debug   : OCCRTree found 1 matches at (0.75,15.5412,0) in tree of size 1705
Debug   : OCCRtree 0 matches after bounding box filtering
Debug   : OCCRTree found 1 matches at (0.75,15.5412,0) in tree of size 1705
Debug   : OCCRtree 0 matches after bounding box filtering
Debug   : OCCRTree found 1 matches at (0.75,23.3117,0) in tree of size 1705
Debug   : OCCRtree 0 matches after bounding box filtering
Debug   : OCCRTree found 1 matches at (0.75,23.3117,0) in tree of size 1705
Debug   : OCCRtree 0 matches after bounding box filtering
Debug   : OCCRTree found 1 matches at (0.75,23.3117,0) in tree of size 1705
Debug   : OCCRtree 0 matches after bounding box filtering
Debug   : OCCRTree found 1 matches at (0.75,31.0823,0) in tree of size 1705
Debug   : OCCRtree 0 matches after bounding box filtering
Debug   : OCCRTree found 1 matches at (0.75,31.0823,0) in tree of size 1705
Debug   : OCCRtree 0 matches after bounding box filtering
Debug   : OCCRTree found 1 matches at (0.75,31.0823,0) in tree of size 1705
Debug   : OCCRtree 0 matches after bounding box filtering
Debug   : OCCRTree found 1 matches at (0.75,38.8529,0) in tree of size 1705
Debug   : OCCRtree 0 matches after bounding box filtering
Debug   : OCCRTree found 1 matches at (0.75,38.8529,0) in tree of size 1705
Debug   : OCCRtree 0 matches after bounding box filtering
Debug   : OCCRTree found 1 matches at (0.75,38.8529,0) in tree of size 1705
Debug   : OCCRtree 0 matches after bounding box filtering
Debug   : OCCRTree found 1 matches at (0.75,46.6235,0) in tree of size 1705
Debug   : OCCRtree 0 matches after bounding box filtering
Debug   : OCCRTree found 1 matches at (0.75,46.6235,0) in tree of size 1705
Debug   : OCCRtree 0 matches after bounding box filtering
Debug   : OCCRTree found 1 matches at (0.75,46.6235,0) in tree of size 1705
Debug   : OCCRtree 0 matches after bounding box filtering
Debug   : OCCRTree found 1 matches at (0.75,54.3941,0) in tree of size 1705
Debug   : OCCRtree 0 matches after bounding box filtering
Debug   : OCCRTree found 1 matches at (0.75,54.3941,0) in tree of size 1705
Debug   : OCCRtree 0 matches after bounding box filtering
Debug   : OCCRTree found 1 matches at (0.75,54.3941,0) in tree of size 1705
Debug   : OCCRtree 0 matches after bounding box filtering
Debug   : OCCRTree found 1 matches at (0.75,62.1646,0) in tree of size 1705
Debug   : OCCRtree 0 matches after bounding box filtering
Debug   : OCCRTree found 1 matches at (0.75,62.1646,0) in tree of size 1705
Debug   : OCCRtree 0 matches after bounding box filtering
Debug   : OCCRTree found 1 matches at (0.75,62.1646,0) in tree of size 1705
Debug   : OCCRtree 0 matches after bounding box filtering
Debug   : OCCRTree found 1 matches at (0.75,69.9352,0) in tree of size 1705
Debug   : OCCRtree 0 matches after bounding box filtering
Debug   : OCCRTree found 1 matches at (0.75,69.9352,0) in tree of size 1705
Debug   : OCCRtree 0 matches after bounding box filtering
Debug   : OCCRTree found 1 matches at (0.75,69.9352,0) in tree of size 1705
Debug   : OCCRtree 0 matches after bounding box filtering
Debug   : OCCRTree found 1 matches at (0.75,77.7058,0) in tree of size 1705
Debug   : OCCRtree 0 matches after bounding box filtering
Debug   : OCCRTree found 1 matches at (0.75,77.7058,0) in tree of size 1705
Debug   : OCCRtree 0 matches after bounding box filtering
Debug   : OCCRTree found 1 matches at (0.75,77.7058,0) in tree of size 1705
Debug   : OCCRtree 0 matches after bounding box filtering
Debug   : OCCRTree found 1 matches at (0.75,85.4764,0) in tree of size 1705
Debug   : OCCRtree 0 matches after bounding box filtering
Debug   : OCCRTree found 1 matches at (0.75,85.4764,0) in tree of size 1705
Debug   : OCCRtree 0 matches after bounding box filtering
Debug   : OCCRTree found 1 matches at (0.75,85.4764,0) in tree of size 1705
Debug   : OCCRtree 0 matches after bounding box filtering
Debug   : OCCRTree found 1 matches at (0,92.5,0) in tree of size 1705
Debug   : OCCRtree 0 matches after bounding box filtering
Debug   : OCCRTree found 1 matches at (0,92.5,0) in tree of size 1705
Debug   : OCCRtree 0 matches after bounding box filtering
Debug   : OCCRTree found 1 matches at (0,92.5,0) in tree of size 1705
Debug   : OCCRtree 0 matches after bounding box filtering
Debug   : OCCRTree found 1 matches at (-0.75,85.4764,0) in tree of size 1705
Debug   : OCCRtree 0 matches after bounding box filtering
Debug   : OCCRTree found 1 matches at (-0.75,85.4764,0) in tree of size 1705
Debug   : OCCRtree 0 matches after bounding box filtering
Debug   : OCCRTree found 1 matches at (-0.75,85.4764,0) in tree of size 1705
Debug   : OCCRtree 0 matches after bounding box filtering
Debug   : OCCRTree found 1 matches at (-0.75,77.7058,0) in tree of size 1705
Debug   : OCCRtree 0 matches after bounding box filtering
Debug   : OCCRTree found 1 matches at (-0.75,77.7058,0) in tree of size 1705
Debug   : OCCRtree 0 matches after bounding box filtering
Debug   : OCCRTree found 1 matches at (-0.75,77.7058,0) in tree of size 1705
Debug   : OCCRtree 0 matches after bounding box filtering
Debug   : OCCRTree found 1 matches at (-0.75,69.9352,0) in tree of size 1705
Debug   : OCCRtree 0 matches after bounding box filtering
Debug   : OCCRTree found 1 matches at (-0.75,69.9352,0) in tree of size 1705
Debug   : OCCRtree 0 matches after bounding box filtering
Debug   : OCCRTree found 1 matches at (-0.75,69.9352,0) in tree of size 1705
Debug   : OCCRtree 0 matches after bounding box filtering
Debug   : OCCRTree found 1 matches at (-0.75,62.1646,0) in tree of size 1705
Debug   : OCCRtree 0 matches after bounding box filtering
Debug   : OCCRTree found 1 matches at (-0.75,62.1646,0) in tree of size 1705
Debug   : OCCRtree 0 matches after bounding box filtering
Debug   : OCCRTree found 1 matches at (-0.75,62.1646,0) in tree of size 1705
Debug   : OCCRtree 0 matches after bounding box filtering
Debug   : OCCRTree found 1 matches at (-0.75,54.3941,0) in tree of size 1705
Debug   : OCCRtree 0 matches after bounding box filtering
Debug   : OCCRTree found 1 matches at (-0.75,54.3941,0) in tree of size 1705
Debug   : OCCRtree 0 matches after bounding box filtering
Debug   : OCCRTree found 1 matches at (-0.75,54.3941,0) in tree of size 1705
Debug   : OCCRtree 0 matches after bounding box filtering
Debug   : OCCRTree found 1 matches at (-0.75,46.6235,0) in tree of size 1705
Debug   : OCCRtree 0 matches after bounding box filtering
Debug   : OCCRTree found 1 matches at (-0.75,46.6235,0) in tree of size 1705
Debug   : OCCRtree 0 matches after bounding box filtering
Debug   : OCCRTree found 1 matches at (-0.75,46.6235,0) in tree of size 1705
Debug   : OCCRtree 0 matches after bounding box filtering
Debug   : OCCRTree found 1 matches at (-0.75,38.8529,0) in tree of size 1705
Debug   : OCCRtree 0 matches after bounding box filtering
Debug   : OCCRTree found 1 matches at (-0.75,38.8529,0) in tree of size 1705
Debug   : OCCRtree 0 matches after bounding box filtering
Debug   : OCCRTree found 1 matches at (-0.75,38.8529,0) in tree of size 1705
Debug   : OCCRtree 0 matches after bounding box filtering
Debug   : OCCRTree found 1 matches at (-0.75,31.0823,0) in tree of size 1705
Debug   : OCCRtree 0 matches after bounding box filtering
Debug   : OCCRTree found 1 matches at (-0.75,31.0823,0) in tree of size 1705
Debug   : OCCRtree 0 matches after bounding box filtering
Debug   : OCCRTree found 1 matches at (-0.75,31.0823,0) in tree of size 1705
Debug   : OCCRtree 0 matches after bounding box filtering
Debug   : OCCRTree found 1 matches at (-0.75,23.3117,0) in tree of size 1705
Debug   : OCCRtree 0 matches after bounding box filtering
Debug   : OCCRTree found 1 matches at (-0.75,23.3117,0) in tree of size 1705
Debug   : OCCRtree 0 matches after bounding box filtering
Debug   : OCCRTree found 1 matches at (-0.75,23.3117,0) in tree of size 1705
Debug   : OCCRtree 0 matches after bounding box filtering
Debug   : OCCRTree found 1 matches at (-0.75,15.5412,0) in tree of size 1705
Debug   : OCCRtree 0 matches after bounding box filtering
Debug   : OCCRTree found 1 matches at (-0.75,15.5412,0) in tree of size 1705
Debug   : OCCRtree 0 matches after bounding box filtering
Debug   : OCCRTree found 1 matches at (-0.75,15.5412,0) in tree of size 1705
Debug   : OCCRtree 0 matches after bounding box filtering
Debug   : OCCRTree found 1 matches at (-0.75,7.77058,0) in tree of size 1705
Debug   : OCCRtree 0 matches after bounding box filtering
Debug   : OCCRTree found 1 matches at (-0.75,7.77058,0) in tree of size 1705
Debug   : OCCRtree 0 matches after bounding box filtering
Debug   : OCCRTree found 1 matches at (-0.75,7.77058,0) in tree of size 1705
Debug   : OCCRtree 0 matches after bounding box filtering
Debug   : OCCRTree found 1 matches at (-0.75,0,0) in tree of size 1705
Debug   : OCCRtree 0 matches after bounding box filtering
Debug   : OCCRTree found 1 matches at (-0.75,0,0) in tree of size 1705
Debug   : OCCRtree 0 matches after bounding box filtering
Debug   : OCCRTree found 1 matches at (-0.75,0,0) in tree of size 1705
Debug   : OCCRtree 0 matches after bounding box filtering
Debug   : OCCRTree found 1 matches at (-0.75,-7.77058,0) in tree of size 1705
Debug   : OCCRtree 0 matches after bounding box filtering
Debug   : OCCRTree found 1 matches at (-0.75,-7.77058,0) in tree of size 1705
Debug   : OCCRtree 0 matches after bounding box filtering
Debug   : OCCRTree found 1 matches at (-0.75,-7.77058,0) in tree of size 1705
Debug   : OCCRtree 0 matches after bounding box filtering
Debug   : OCCRTree found 1 matches at (-0.75,-15.5412,0) in tree of size 1705
Debug   : OCCRtree 0 matches after bounding box filtering
Debug   : OCCRTree found 1 matches at (-0.75,-15.5412,0) in tree of size 1705
Debug   : OCCRtree 0 matches after bounding box filtering
Debug   : OCCRTree found 1 matches at (-0.75,-15.5412,0) in tree of size 1705
Debug   : OCCRtree 0 matches after bounding box filtering
Debug   : OCCRTree found 1 matches at (-0.75,-23.3117,0) in tree of size 1705
Debug   : OCCRtree 0 matches after bounding box filtering
Debug   : OCCRTree found 1 matches at (-0.75,-23.3117,0) in tree of size 1705
Debug   : OCCRtree 0 matches after bounding box filtering
Debug   : OCCRTree found 1 matches at (-0.75,-23.3117,0) in tree of size 1705
Debug   : OCCRtree 0 matches after bounding box filtering
Debug   : OCCRTree found 1 matches at (-0.75,-31.0823,0) in tree of size 1705
Debug   : OCCRtree 0 matches after bounding box filtering
Debug   : OCCRTree found 1 matches at (-0.75,-31.0823,0) in tree of size 1705
Debug   : OCCRtree 0 matches after bounding box filtering
Debug   : OCCRTree found 1 matches at (-0.75,-31.0823,0) in tree of size 1705
Debug   : OCCRtree 0 matches after bounding box filtering
Debug   : OCCRTree found 1 matches at (-0.75,-38.8529,0) in tree of size 1705
Debug   : OCCRtree 0 matches after bounding box filtering
Debug   : OCCRTree found 1 matches at (-0.75,-38.8529,0) in tree of size 1705
Debug   : OCCRtree 0 matches after bounding box filtering
Debug   : OCCRTree found 1 matches at (-0.75,-38.8529,0) in tree of size 1705
Debug   : OCCRtree 0 matches after bounding box filtering
Debug   : OCCRTree found 1 matches at (-0.75,-46.6235,0) in tree of size 1705
Debug   : OCCRtree 0 matches after bounding box filtering
Debug   : OCCRTree found 1 matches at (-0.75,-46.6235,0) in tree of size 1705
Debug   : OCCRtree 0 matches after bounding box filtering
Debug   : OCCRTree found 1 matches at (-0.75,-46.6235,0) in tree of size 1705
Debug   : OCCRtree 0 matches after bounding box filtering
Debug   : OCCRTree found 1 matches at (-0.75,-54.3941,0) in tree of size 1705
Debug   : OCCRtree 0 matches after bounding box filtering
Debug   : OCCRTree found 1 matches at (-0.75,-54.3941,0) in tree of size 1705
Debug   : OCCRtree 0 matches after bounding box filtering
Debug   : OCCRTree found 1 matches at (-0.75,-54.3941,0) in tree of size 1705
Debug   : OCCRtree 0 matches after bounding box filtering
Debug   : OCCRTree found 1 matches at (-0.75,-62.1646,0) in tree of size 1705
Debug   : OCCRtree 0 matches after bounding box filtering
Debug   : OCCRTree found 1 matches at (-0.75,-62.1646,0) in tree of size 1705
Debug   : OCCRtree 0 matches after bounding box filtering
Debug   : OCCRTree found 1 matches at (-0.75,-62.1646,0) in tree of size 1705
Debug   : OCCRtree 0 matches after bounding box filtering
Debug   : OCCRTree found 1 matches at (-0.75,-69.9352,0) in tree of size 1705
Debug   : OCCRtree 0 matches after bounding box filtering
Debug   : OCCRTree found 1 matches at (-0.75,-69.9352,0) in tree of size 1705
Debug   : OCCRtree 0 matches after bounding box filtering
Debug   : OCCRTree found 1 matches at (-0.75,-69.9352,0) in tree of size 1705
Debug   : OCCRtree 0 matches after bounding box filtering
Debug   : OCCRTree found 1 matches at (-0.75,-77.7058,0) in tree of size 1705
Debug   : OCCRtree 0 matches after bounding box filtering
Debug   : OCCRTree found 1 matches at (-0.75,-77.7058,0) in tree of size 1705
Debug   : OCCRtree 0 matches after bounding box filtering
Debug   : OCCRTree found 1 matches at (-0.75,-77.7058,0) in tree of size 1705
Debug   : OCCRtree 0 matches after bounding box filtering
Debug   : OCCRTree found 1 matches at (-0.75,-85.4764,0) in tree of size 1705
Debug   : OCCRtree 0 matches after bounding box filtering
Debug   : OCCRTree found 1 matches at (-0.75,-85.4764,0) in tree of size 1705
Debug   : OCCRtree 0 matches after bounding box filtering
Debug   : OCCRTree found 1 matches at (-0.75,-85.4764,0) in tree of size 1705
Debug   : OCCRtree 0 matches after bounding box filtering
Debug   : OCCRTree found 1 matches at (0,-92.5,0) in tree of size 1705
Debug   : OCCRtree 0 matches after bounding box filtering
Debug   : OCCRTree found 1 matches at (0,-92.5,0) in tree of size 1705
Debug   : OCCRtree 0 matches after bounding box filtering
Debug   : OCCRTree found 1 matches at (0,-92.5,0) in tree of size 1705
Debug   : OCCRtree 0 matches after bounding box filtering
Debug   : OCCRTree found 1 matches at (0.75,-85.4764,0) in tree of size 1705
Debug   : OCCRtree 0 matches after bounding box filtering
Debug   : OCCRTree found 1 matches at (0.75,-85.4764,0) in tree of size 1705
Debug   : OCCRtree 0 matches after bounding box filtering
Debug   : OCCRTree found 1 matches at (0.75,-85.4764,0) in tree of size 1705
Debug   : OCCRtree 0 matches after bounding box filtering
Debug   : OCCRTree found 1 matches at (0.75,-77.7058,0) in tree of size 1705
Debug   : OCCRtree 0 matches after bounding box filtering
Debug   : OCCRTree found 1 matches at (0.75,-77.7058,0) in tree of size 1705
Debug   : OCCRtree 0 matches after bounding box filtering
Debug   : OCCRTree found 1 matches at (0.75,-77.7058,0) in tree of size 1705
Debug   : OCCRtree 0 matches after bounding box filtering
Debug   : OCCRTree found 1 matches at (0.75,-69.9352,0) in tree of size 1705
Debug   : OCCRtree 0 matches after bounding box filtering
Debug   : OCCRTree found 1 matches at (0.75,-69.9352,0) in tree of size 1705
Debug   : OCCRtree 0 matches after bounding box filtering
Debug   : OCCRTree found 1 matches at (0.75,-69.9352,0) in tree of size 1705
Debug   : OCCRtree 0 matches after bounding box filtering
Debug   : OCCRTree found 1 matches at (0.75,-62.1646,0) in tree of size 1705
Debug   : OCCRtree 0 matches after bounding box filtering
Debug   : OCCRTree found 1 matches at (0.75,-62.1646,0) in tree of size 1705
Debug   : OCCRtree 0 matches after bounding box filtering
Debug   : OCCRTree found 1 matches at (0.75,-62.1646,0) in tree of size 1705
Debug   : OCCRtree 0 matches after bounding box filtering
Debug   : OCCRTree found 1 matches at (0.75,-54.3941,0) in tree of size 1705
Debug   : OCCRtree 0 matches after bounding box filtering
Debug   : OCCRTree found 1 matches at (0.75,-54.3941,0) in tree of size 1705
Debug   : OCCRtree 0 matches after bounding box filtering
Debug   : OCCRTree found 1 matches at (0.75,-54.3941,0) in tree of size 1705
Debug   : OCCRtree 0 matches after bounding box filtering
Debug   : OCCRTree found 1 matches at (0.75,-46.6235,0) in tree of size 1705
Debug   : OCCRtree 0 matches after bounding box filtering
Debug   : OCCRTree found 1 matches at (0.75,-46.6235,0) in tree of size 1705
Debug   : OCCRtree 0 matches after bounding box filtering
Debug   : OCCRTree found 1 matches at (0.75,-46.6235,0) in tree of size 1705
Debug   : OCCRtree 0 matches after bounding box filtering
Debug   : OCCRTree found 1 matches at (0.75,-38.8529,0) in tree of size 1705
Debug   : OCCRtree 0 matches after bounding box filtering
Debug   : OCCRTree found 1 matches at (0.75,-38.8529,0) in tree of size 1705
Debug   : OCCRtree 0 matches after bounding box filtering
Debug   : OCCRTree found 1 matches at (0.75,-38.8529,0) in tree of size 1705
Debug   : OCCRtree 0 matches after bounding box filtering
Debug   : OCCRTree found 1 matches at (0.75,-31.0823,0) in tree of size 1705
Debug   : OCCRtree 0 matches after bounding box filtering
Debug   : OCCRTree found 1 matches at (0.75,-31.0823,0) in tree of size 1705
Debug   : OCCRtree 0 matches after bounding box filtering
Debug   : OCCRTree found 1 matches at (0.75,-31.0823,0) in tree of size 1705
Debug   : OCCRtree 0 matches after bounding box filtering
Debug   : OCCRTree found 1 matches at (0.75,-23.3117,0) in tree of size 1705
Debug   : OCCRtree 0 matches after bounding box filtering
Debug   : OCCRTree found 1 matches at (0.75,-23.3117,0) in tree of size 1705
Debug   : OCCRtree 0 matches after bounding box filtering
Debug   : OCCRTree found 1 matches at (0.75,-23.3117,0) in tree of size 1705
Debug   : OCCRtree 0 matches after bounding box filtering
Debug   : OCCRTree found 1 matches at (0.75,-15.5412,0) in tree of size 1705
Debug   : OCCRtree 0 matches after bounding box filtering
Debug   : OCCRTree found 1 matches at (0.75,-15.5412,0) in tree of size 1705
Debug   : OCCRtree 0 matches after bounding box filtering
Debug   : OCCRTree found 1 matches at (0.75,-15.5412,0) in tree of size 1705
Debug   : OCCRtree 0 matches after bounding box filtering
Debug   : OCCRTree found 1 matches at (0.75,-7.77058,0) in tree of size 1705
Debug   : OCCRtree 0 matches after bounding box filtering
Debug   : OCCRTree found 1 matches at (0.75,-7.77058,0) in tree of size 1705
Debug   : OCCRtree 0 matches after bounding box filtering
Debug   : OCCRTree found 1 matches at (0.75,-7.77058,0) in tree of size 1705
Debug   : OCCRtree 0 matches after bounding box filtering
Debug   : OCCRTree found 1 matches at (17.5,0,-244) in tree of size 1705
Debug   : OCCRtree 0 matches after bounding box filtering
Debug   : OCCRTree found 1 matches at (17.5,0,-244) in tree of size 1705
Debug   : OCCRtree 0 matches after bounding box filtering
Debug   : OCCRTree found 1 matches at (17.5,0,-244) in tree of size 1705
Debug   : OCCRtree 0 matches after bounding box filtering
Debug   : OCCRTree found 1 matches at (24.6154,0,-225.231) in tree of size 1705
Debug   : OCCRtree 0 matches after bounding box filtering
Debug   : OCCRTree found 1 matches at (24.6154,0,-225.231) in tree of size 1705
Debug   : OCCRtree 0 matches after bounding box filtering
Debug   : OCCRTree found 1 matches at (24.6154,0,-225.231) in tree of size 1705
Debug   : OCCRtree 0 matches after bounding box filtering
Debug   : OCCRTree found 1 matches at (31.7308,0,-206.462) in tree of size 1705
Debug   : OCCRtree 0 matches after bounding box filtering
Debug   : OCCRTree found 1 matches at (31.7308,0,-206.462) in tree of size 1705
Debug   : OCCRtree 0 matches after bounding box filtering
Debug   : OCCRTree found 1 matches at (31.7308,0,-206.462) in tree of size 1705
Debug   : OCCRtree 0 matches after bounding box filtering
Debug   : OCCRTree found 1 matches at (38.8462,0,-187.692) in tree of size 1705
Debug   : OCCRtree 0 matches after bounding box filtering
Debug   : OCCRTree found 1 matches at (38.8462,0,-187.692) in tree of size 1705
Debug   : OCCRtree 0 matches after bounding box filtering
Debug   : OCCRTree found 1 matches at (38.8462,0,-187.692) in tree of size 1705
Debug   : OCCRtree 0 matches after bounding box filtering
Debug   : OCCRTree found 1 matches at (45.9615,0,-168.923) in tree of size 1705
Debug   : OCCRtree 0 matches after bounding box filtering
Debug   : OCCRTree found 1 matches at (45.9615,0,-168.923) in tree of size 1705
Debug   : OCCRtree 0 matches after bounding box filtering
Debug   : OCCRTree found 1 matches at (45.9615,0,-168.923) in tree of size 1705
Debug   : OCCRtree 0 matches after bounding box filtering
Debug   : OCCRTree found 1 matches at (53.0769,0,-150.154) in tree of size 1705
Debug   : OCCRtree 0 matches after bounding box filtering
Debug   : OCCRTree found 1 matches at (53.0769,0,-150.154) in tree of size 1705
Debug   : OCCRtree 0 matches after bounding box filtering
Debug   : OCCRTree found 1 matches at (53.0769,0,-150.154) in tree of size 1705
Debug   : OCCRtree 0 matches after bounding box filtering
Debug   : OCCRTree found 1 matches at (58.4896,0,-135.876) in tree of size 1705
Debug   : OCCRtree 0 matches after bounding box filtering
Debug   : OCCRTree found 1 matches at (58.4896,0,-135.876) in tree of size 1705
Debug   : OCCRtree 0 matches after bounding box filtering
Debug   : OCCRTree found 1 matches at (58.4896,0,-135.876) in tree of size 1705
Debug   : OCCRtree 0 matches after bounding box filtering
Debug   : OCCRTree found 1 matches at (59.0625,0,-134.365) in tree of size 1705
Debug   : OCCRtree 0 matches after bounding box filtering
Debug   : OCCRTree found 1 matches at (59.0625,0,-134.365) in tree of size 1705
Debug   : OCCRtree 0 matches after bounding box filtering
Debug   : OCCRTree found 1 matches at (59.0625,0,-134.365) in tree of size 1705
Debug   : OCCRtree 0 matches after bounding box filtering
Debug   : OCCRTree found 1 matches at (59.6354,0,-132.854) in tree of size 1705
Debug   : OCCRtree 0 matches after bounding box filtering
Debug   : OCCRTree found 1 matches at (59.6354,0,-132.854) in tree of size 1705
Debug   : OCCRtree 0 matches after bounding box filtering
Debug   : OCCRTree found 1 matches at (59.6354,0,-132.854) in tree of size 1705
Debug   : OCCRtree 0 matches after bounding box filtering
Debug   : OCCRTree found 1 matches at (60.1923,0,-131.385) in tree of size 1705
Debug   : OCCRtree 0 matches after bounding box filtering
Debug   : OCCRTree found 1 matches at (60.1923,0,-131.385) in tree of size 1705
Debug   : OCCRtree 0 matches after bounding box filtering
Debug   : OCCRTree found 1 matches at (60.1923,0,-131.385) in tree of size 1705
Debug   : OCCRtree 0 matches after bounding box filtering
Debug   : OCCRTree found 1 matches at (60.2083,0,-131.342) in tree of size 1705
Debug   : OCCRtree 0 matches after bounding box filtering
Debug   : OCCRTree found 1 matches at (60.2083,0,-131.342) in tree of size 1705
Debug   : OCCRtree 0 matches after bounding box filtering
Debug   : OCCRTree found 1 matches at (60.2083,0,-131.342) in tree of size 1705
Debug   : OCCRtree 0 matches after bounding box filtering
Debug   : OCCRTree found 1 matches at (60.7812,0,-129.831) in tree of size 1705
Debug   : OCCRtree 0 matches after bounding box filtering
Debug   : OCCRTree found 1 matches at (60.7812,0,-129.831) in tree of size 1705
Debug   : OCCRtree 0 matches after bounding box filtering
Debug   : OCCRTree found 1 matches at (60.7812,0,-129.831) in tree of size 1705
Debug   : OCCRtree 0 matches after bounding box filtering
Debug   : OCCRTree found 1 matches at (60.6242,7.98362,-128.32) in tree of size 1705
Debug   : OCCRtree 0 matches after bounding box filtering
Debug   : OCCRTree found 1 matches at (60.6242,7.98362,-128.32) in tree of size 1705
Debug   : OCCRtree 0 matches after bounding box filtering
Debug   : OCCRTree found 1 matches at (60.6242,7.98362,-128.32) in tree of size 1705
Debug   : OCCRtree 0 matches after bounding box filtering
Debug   : OCCRTree found 1 matches at (60.975,8.03718,-126.809) in tree of size 1705
Debug   : OCCRtree 0 matches after bounding box filtering
Debug   : OCCRTree found 1 matches at (60.975,8.03718,-126.809) in tree of size 1705
Debug   : OCCRtree 0 matches after bounding box filtering
Debug   : OCCRTree found 1 matches at (60.975,8.03718,-126.809) in tree of size 1705
Debug   : OCCRtree 0 matches after bounding box filtering
Debug   : OCCRTree found 1 matches at (61.1526,8.06841,-125.297) in tree of size 1705
Debug   : OCCRtree 0 matches after bounding box filtering
Debug   : OCCRTree found 1 matches at (61.1526,8.06841,-125.297) in tree of size 1705
Debug   : OCCRtree 0 matches after bounding box filtering
Debug   : OCCRTree found 1 matches at (61.1526,8.06841,-125.297) in tree of size 1705
Debug   : OCCRtree 0 matches after bounding box filtering
Debug   : OCCRTree found 1 matches at (61.1658,8.15081,-123.786) in tree of size 1705
Debug   : OCCRtree 0 matches after bounding box filtering
Debug   : OCCRTree found 1 matches at (61.1658,8.15081,-123.786) in tree of size 1705
Debug   : OCCRtree 0 matches after bounding box filtering
Debug   : OCCRTree found 1 matches at (61.1658,8.15081,-123.786) in tree of size 1705
Debug   : OCCRtree 0 matches after bounding box filtering
Debug   : OCCRTree found 1 matches at (61.0258,8.25191,-122.275) in tree of size 1705
Debug   : OCCRtree 0 matches after bounding box filtering
Debug   : OCCRTree found 1 matches at (61.0258,8.25191,-122.275) in tree of size 1705
Debug   : OCCRtree 0 matches after bounding box filtering
Debug   : OCCRTree found 1 matches at (61.0258,8.25191,-122.275) in tree of size 1705
Debug   : OCCRtree 0 matches after bounding box filtering
Debug   : OCCRTree found 1 matches at (60.6992,8.35366,-120.764) in tree of size 1705
Debug   : OCCRtree 0 matches after bounding box filtering
Debug   : OCCRTree found 1 matches at (60.6992,8.35366,-120.764) in tree of size 1705
Debug   : OCCRtree 0 matches after bounding box filtering
Debug   : OCCRTree found 1 matches at (60.6992,8.35366,-120.764) in tree of size 1705
Debug   : OCCRtree 0 matches after bounding box filtering
Debug   : OCCRTree found 1 matches at (60.1902,8.42771,-119.252) in tree of size 1705
Debug   : OCCRtree 0 matches after bounding box filtering
Debug   : OCCRTree found 1 matches at (60.1902,8.42771,-119.252) in tree of size 1705
Debug   : OCCRtree 0 matches after bounding box filtering
Debug   : OCCRTree found 1 matches at (60.1902,8.42771,-119.252) in tree of size 1705
Debug   : OCCRtree 0 matches after bounding box filtering
Debug   : OCCRTree found 2 matches at (59.6354,8.48868,-117.741) in tree of size 1705
Debug   : OCCRtree 0 matches after bounding box filtering
Debug   : OCCRTree found 2 matches at (59.6354,8.48868,-117.741) in tree of size 1705
Debug   : OCCRtree 0 matches after bounding box filtering
Debug   : OCCRTree found 2 matches at (59.6354,8.48868,-117.741) in tree of size 1705
Debug   : OCCRtree 0 matches after bounding box filtering
Debug   : OCCRTree found 2 matches at (59.0625,8.54259,-116.23) in tree of size 1705
Debug   : OCCRtree 0 matches after bounding box filtering
Debug   : OCCRTree found 2 matches at (59.0625,8.54259,-116.23) in tree of size 1705
Debug   : OCCRtree 0 matches after bounding box filtering
Debug   : OCCRTree found 2 matches at (59.0625,8.54259,-116.23) in tree of size 1705
Debug   : OCCRtree 0 matches after bounding box filtering
Debug   : OCCRTree found 2 matches at (58.4896,8.59473,-114.718) in tree of size 1705
Debug   : OCCRtree 0 matches after bounding box filtering
Debug   : OCCRTree found 2 matches at (58.4896,8.59473,-114.718) in tree of size 1705
Debug   : OCCRtree 0 matches after bounding box filtering
Debug   : OCCRTree found 2 matches at (58.4896,8.59473,-114.718) in tree of size 1705
Debug   : OCCRtree 0 matches after bounding box filtering
Debug   : OCCRTree found 1 matches at (57.6923,8.66461,-112.615) in tree of size 1705
Debug   : OCCRtree 0 matches after bounding box filtering
Debug   : OCCRTree found 1 matches at (57.6923,8.66461,-112.615) in tree of size 1705
Debug   : OCCRtree 0 matches after bounding box filtering
Debug   : OCCRTree found 1 matches at (57.6923,8.66461,-112.615) in tree of size 1705
Debug   : OCCRtree 0 matches after bounding box filtering
Debug   : OCCRTree found 2 matches at (50.5769,9.18377,-93.8462) in tree of size 1705
Debug   : OCCRtree 0 matches after bounding box filtering
Debug   : OCCRTree found 2 matches at (50.5769,9.18377,-93.8462) in tree of size 1705
Debug   : OCCRtree 0 matches after bounding box filtering
Debug   : OCCRTree found 2 matches at (50.5769,9.18377,-93.8462) in tree of size 1705
Debug   : OCCRtree 0 matches after bounding box filtering
Debug   : OCCRTree found 2 matches at (43.4615,9.569,-75.0769) in tree of size 1705
Debug   : OCCRtree 0 matches after bounding box filtering
Debug   : OCCRTree found 2 matches at (43.4615,9.569,-75.0769) in tree of size 1705
Debug   : OCCRtree 0 matches after bounding box filtering
Debug   : OCCRTree found 2 matches at (43.4615,9.569,-75.0769) in tree of size 1705
Debug   : OCCRtree 0 matches after bounding box filtering
Debug   : OCCRTree found 1 matches at (36.3462,9.85924,-56.3077) in tree of size 1705
Debug   : OCCRtree 0 matches after bounding box filtering
Debug   : OCCRTree found 1 matches at (36.3462,9.85924,-56.3077) in tree of size 1705
Debug   : OCCRtree 0 matches after bounding box filtering
Debug   : OCCRTree found 1 matches at (36.3462,9.85924,-56.3077) in tree of size 1705
Debug   : OCCRtree 0 matches after bounding box filtering
Debug   : OCCRTree found 1 matches at (29.2308,10.0753,-37.5385) in tree of size 1705
Debug   : OCCRtree 0 matches after bounding box filtering
Debug   : OCCRTree found 1 matches at (29.2308,10.0753,-37.5385) in tree of size 1705
Debug   : OCCRtree 0 matches after bounding box filtering
Debug   : OCCRTree found 1 matches at (29.2308,10.0753,-37.5385) in tree of size 1705
Debug   : OCCRtree 0 matches after bounding box filtering
Debug   : OCCRTree found 2 matches at (22.1154,10.2307,-18.7692) in tree of size 1705
Debug   : OCCRtree 0 matches after bounding box filtering
Debug   : OCCRTree found 2 matches at (22.1154,10.2307,-18.7692) in tree of size 1705
Debug   : OCCRtree 0 matches after bounding box filtering
Debug   : OCCRTree found 2 matches at (22.1154,10.2307,-18.7692) in tree of size 1705
Debug   : OCCRtree 0 matches after bounding box filtering
Debug   : OCCRTree found 2 matches at (15,10.3349,0) in tree of size 1705
Debug   : OCCRtree 0 matches after bounding box filtering
Debug   : OCCRTree found 2 matches at (15,10.3349,0) in tree of size 1705
Debug   : OCCRtree 0 matches after bounding box filtering
Debug   : OCCRTree found 2 matches at (15,10.3349,0) in tree of size 1705
Debug   : OCCRtree 0 matches after bounding box filtering
Debug   : OCCRTree found 1 matches at (1,0,-241.362) in tree of size 1705
Debug   : OCCRtree 0 matches after bounding box filtering
Debug   : OCCRTree found 1 matches at (1,0,-241.362) in tree of size 1705
Debug   : OCCRtree 0 matches after bounding box filtering
Debug   : OCCRTree found 1 matches at (1,0,-241.362) in tree of size 1705
Debug   : OCCRtree 0 matches after bounding box filtering
Debug   : OCCRTree found 1 matches at (8.03846,0,-222.796) in tree of size 1705
Debug   : OCCRtree 0 matches after bounding box filtering
Debug   : OCCRTree found 1 matches at (8.03846,0,-222.796) in tree of size 1705
Debug   : OCCRtree 0 matches after bounding box filtering
Debug   : OCCRTree found 1 matches at (8.03846,0,-222.796) in tree of size 1705
Debug   : OCCRtree 0 matches after bounding box filtering
Debug   : OCCRTree found 1 matches at (15.0769,0,-204.23) in tree of size 1705
Debug   : OCCRtree 0 matches after bounding box filtering
Debug   : OCCRTree found 1 matches at (15.0769,0,-204.23) in tree of size 1705
Debug   : OCCRtree 0 matches after bounding box filtering
Debug   : OCCRTree found 1 matches at (15.0769,0,-204.23) in tree of size 1705
Debug   : OCCRtree 0 matches after bounding box filtering
Debug   : OCCRTree found 1 matches at (22.1154,0,-185.663) in tree of size 1705
Debug   : OCCRtree 0 matches after bounding box filtering
Debug   : OCCRTree found 1 matches at (22.1154,0,-185.663) in tree of size 1705
Debug   : OCCRtree 0 matches after bounding box filtering
Debug   : OCCRTree found 1 matches at (22.1154,0,-185.663) in tree of size 1705
Debug   : OCCRtree 0 matches after bounding box filtering
Debug   : OCCRTree found 1 matches at (29.1538,0,-167.097) in tree of size 1705
Debug   : OCCRtree 0 matches after bounding box filtering
Debug   : OCCRTree found 1 matches at (29.1538,0,-167.097) in tree of size 1705
Debug   : OCCRtree 0 matches after bounding box filtering
Debug   : OCCRTree found 1 matches at (29.1538,0,-167.097) in tree of size 1705
Debug   : OCCRtree 0 matches after bounding box filtering
Debug   : OCCRTree found 1 matches at (36.1923,0,-148.531) in tree of size 1705
Debug   : OCCRtree 0 matches after bounding box filtering
Debug   : OCCRTree found 1 matches at (36.1923,0,-148.531) in tree of size 1705
Debug   : OCCRtree 0 matches after bounding box filtering
Debug   : OCCRTree found 1 matches at (36.1923,0,-148.531) in tree of size 1705
Debug   : OCCRtree 0 matches after bounding box filtering
Debug   : OCCRTree found 1 matches at (42.2396,0,-132.579) in tree of size 1705
Debug   : OCCRtree 0 matches after bounding box filtering
Debug   : OCCRTree found 1 matches at (42.2396,0,-132.579) in tree of size 1705
Debug   : OCCRtree 0 matches after bounding box filtering
Debug   : OCCRTree found 1 matches at (42.2396,0,-132.579) in tree of size 1705
Debug   : OCCRtree 0 matches after bounding box filtering
Debug   : OCCRTree found 1 matches at (42.8125,0,-131.068) in tree of size 1705
Debug   : OCCRtree 0 matches after bounding box filtering
Debug   : OCCRTree found 1 matches at (42.8125,0,-131.068) in tree of size 1705
Debug   : OCCRtree 0 matches after bounding box filtering
Debug   : OCCRTree found 1 matches at (42.8125,0,-131.068) in tree of size 1705
Debug   : OCCRtree 0 matches after bounding box filtering
Debug   : OCCRTree found 1 matches at (43.2308,0,-129.964) in tree of size 1705
Debug   : OCCRtree 0 matches after bounding box filtering
Debug   : OCCRTree found 1 matches at (43.2308,0,-129.964) in tree of size 1705
Debug   : OCCRtree 0 matches after bounding box filtering
Debug   : OCCRTree found 1 matches at (43.2308,0,-129.964) in tree of size 1705
Debug   : OCCRtree 0 matches after bounding box filtering
Debug   : OCCRTree found 1 matches at (43.3854,0,-129.556) in tree of size 1705
Debug   : OCCRtree 0 matches after bounding box filtering
Debug   : OCCRTree found 1 matches at (43.3854,0,-129.556) in tree of size 1705
Debug   : OCCRtree 0 matches after bounding box filtering
Debug   : OCCRTree found 1 matches at (43.3854,0,-129.556) in tree of size 1705
Debug   : OCCRtree 0 matches after bounding box filtering
Debug   : OCCRTree found 1 matches at (43.9583,0,-128.045) in tree of size 1705
Debug   : OCCRtree 0 matches after bounding box filtering
Debug   : OCCRTree found 1 matches at (43.9583,0,-128.045) in tree of size 1705
Debug   : OCCRtree 0 matches after bounding box filtering
Debug   : OCCRTree found 1 matches at (43.9583,0,-128.045) in tree of size 1705
Debug   : OCCRtree 0 matches after bounding box filtering
Debug   : OCCRTree found 1 matches at (44.5312,0,-126.534) in tree of size 1705
Debug   : OCCRtree 0 matches after bounding box filtering
Debug   : OCCRTree found 1 matches at (44.5312,0,-126.534) in tree of size 1705
Debug   : OCCRtree 0 matches after bounding box filtering
Debug   : OCCRTree found 1 matches at (44.5312,0,-126.534) in tree of size 1705
Debug   : OCCRtree 0 matches after bounding box filtering
Debug   : OCCRTree found 1 matches at (44.5482,5.86717,-125.023) in tree of size 1705
Debug   : OCCRtree 0 matches after bounding box filtering
Debug   : OCCRTree found 1 matches at (44.5482,5.86717,-125.023) in tree of size 1705
Debug   : OCCRtree 0 matches after bounding box filtering
Debug   : OCCRTree found 1 matches at (44.5482,5.86717,-125.023) in tree of size 1705
Debug   : OCCRtree 0 matches after bounding box filtering
Debug   : OCCRTree found 1 matches at (44.8757,5.91689,-123.511) in tree of size 1705
Debug   : OCCRtree 0 matches after bounding box filtering
Debug   : OCCRTree found 1 matches at (44.8757,5.91689,-123.511) in tree of size 1705
Debug   : OCCRtree 0 matches after bounding box filtering
Debug   : OCCRTree found 1 matches at (44.8757,5.91689,-123.511) in tree of size 1705
Debug   : OCCRtree 0 matches after bounding box filtering
Debug   : OCCRTree found 1 matches at (45.0213,5.94128,-122) in tree of size 1705
Debug   : OCCRtree 0 matches after bounding box filtering
Debug   : OCCRTree found 1 matches at (45.0213,5.94128,-122) in tree of size 1705
Debug   : OCCRtree 0 matches after bounding box filtering
Debug   : OCCRTree found 1 matches at (45.0213,5.94128,-122) in tree of size 1705
Debug   : OCCRtree 0 matches after bounding box filtering
Debug   : OCCRTree found 1 matches at (45.0091,6.02737,-120.489) in tree of size 1705
Debug   : OCCRtree 0 matches after bounding box filtering
Debug   : OCCRTree found 1 matches at (45.0091,6.02737,-120.489) in tree of size 1705
Debug   : OCCRtree 0 matches after bounding box filtering
Debug   : OCCRTree found 1 matches at (45.0091,6.02737,-120.489) in tree of size 1705
Debug   : OCCRtree 0 matches after bounding box filtering
Debug   : OCCRTree found 1 matches at (44.8431,6.13618,-118.977) in tree of size 1705
Debug   : OCCRtree 0 matches after bounding box filtering
Debug   : OCCRTree found 1 matches at (44.8431,6.13618,-118.977) in tree of size 1705
Debug   : OCCRtree 0 matches after bounding box filtering
Debug   : OCCRTree found 1 matches at (44.8431,6.13618,-118.977) in tree of size 1705
Debug   : OCCRtree 0 matches after bounding box filtering
Debug   : OCCRTree found 1 matches at (44.4861,6.23047,-117.466) in tree of size 1705
Debug   : OCCRtree 0 matches after bounding box filtering
Debug   : OCCRTree found 1 matches at (44.4861,6.23047,-117.466) in tree of size 1705
Debug   : OCCRtree 0 matches after bounding box filtering
Debug   : OCCRTree found 1 matches at (44.4861,6.23047,-117.466) in tree of size 1705
Debug   : OCCRtree 0 matches after bounding box filtering
Debug   : OCCRTree found 1 matches at (43.9547,6.29693,-115.955) in tree of size 1705
Debug   : OCCRtree 0 matches after bounding box filtering
Debug   : OCCRTree found 1 matches at (43.9547,6.29693,-115.955) in tree of size 1705
Debug   : OCCRtree 0 matches after bounding box filtering
Debug   : OCCRTree found 1 matches at (43.9547,6.29693,-115.955) in tree of size 1705
Debug   : OCCRtree 0 matches after bounding box filtering
Debug   : OCCRTree found 2 matches at (43.3854,6.35083,-114.444) in tree of size 1705
Debug   : OCCRtree 0 matches after bounding box filtering
Debug   : OCCRTree found 2 matches at (43.3854,6.35083,-114.444) in tree of size 1705
Debug   : OCCRtree 0 matches after bounding box filtering
Debug   : OCCRTree found 2 matches at (43.3854,6.35083,-114.444) in tree of size 1705
Debug   : OCCRtree 0 matches after bounding box filtering
Debug   : OCCRTree found 2 matches at (42.8125,6.40145,-112.932) in tree of size 1705
Debug   : OCCRtree 0 matches after bounding box filtering
Debug   : OCCRTree found 2 matches at (42.8125,6.40145,-112.932) in tree of size 1705
Debug   : OCCRtree 0 matches after bounding box filtering
Debug   : OCCRTree found 2 matches at (42.8125,6.40145,-112.932) in tree of size 1705
Debug   : OCCRtree 0 matches after bounding box filtering
Debug   : OCCRTree found 2 matches at (42.2396,6.45005,-111.421) in tree of size 1705
Debug   : OCCRtree 0 matches after bounding box filtering
Debug   : OCCRTree found 2 matches at (42.2396,6.45005,-111.421) in tree of size 1705
Debug   : OCCRtree 0 matches after bounding box filtering
Debug   : OCCRTree found 2 matches at (42.2396,6.45005,-111.421) in tree of size 1705
Debug   : OCCRtree 0 matches after bounding box filtering
Debug   : OCCRTree found 2 matches at (35.1923,6.92693,-92.8316) in tree of size 1705
Debug   : OCCRtree 0 matches after bounding box filtering
Debug   : OCCRTree found 2 matches at (35.1923,6.92693,-92.8316) in tree of size 1705
Debug   : OCCRtree 0 matches after bounding box filtering
Debug   : OCCRTree found 2 matches at (35.1923,6.92693,-92.8316) in tree of size 1705
Debug   : OCCRtree 0 matches after bounding box filtering
Debug   : OCCRTree found 1 matches at (28.1538,7.24998,-74.2653) in tree of size 1705
Debug   : OCCRtree 0 matches after bounding box filtering
Debug   : OCCRTree found 1 matches at (28.1538,7.24998,-74.2653) in tree of size 1705
Debug   : OCCRtree 0 matches after bounding box filtering
Debug   : OCCRTree found 1 matches at (28.1538,7.24998,-74.2653) in tree of size 1705
Debug   : OCCRtree 0 matches after bounding box filtering
Debug   : OCCRTree found 1 matches at (21.1154,7.46886,-55.699) in tree of size 1705
Debug   : OCCRtree 0 matches after bounding box filtering
Debug   : OCCRTree found 1 matches at (21.1154,7.46886,-55.699) in tree of size 1705
Debug   : OCCRtree 0 matches after bounding box filtering
Debug   : OCCRTree found 1 matches at (21.1154,7.46886,-55.699) in tree of size 1705
Debug   : OCCRtree 0 matches after bounding box filtering
Debug   : OCCRTree found 1 matches at (14.0769,7.60858,-37.1326) in tree of size 1705
Debug   : OCCRtree 0 matches after bounding box filtering
Debug   : OCCRTree found 1 matches at (14.0769,7.60858,-37.1326) in tree of size 1705
Debug   : OCCRtree 0 matches after bounding box filtering
Debug   : OCCRTree found 1 matches at (14.0769,7.60858,-37.1326) in tree of size 1705
Debug   : OCCRtree 0 matches after bounding box filtering
Debug   : OCCRTree found 2 matches at (7.03846,7.6848,-18.5663) in tree of size 1705
Debug   : OCCRtree 0 matches after bounding box filtering
Debug   : OCCRTree found 2 matches at (7.03846,7.6848,-18.5663) in tree of size 1705
Debug   : OCCRtree 0 matches after bounding box filtering
Debug   : OCCRTree found 2 matches at (7.03846,7.6848,-18.5663) in tree of size 1705
Debug   : OCCRtree 0 matches after bounding box filtering
Debug   : OCCRTree found 1 matches at (0.75,7.77058,0) in tree of size 1705
Debug   : OCCRtree 0 matches after bounding box filtering
Debug   : OCCRTree found 1 matches at (0.75,7.77058,0) in tree of size 1705
Debug   : OCCRtree 0 matches after bounding box filtering
Debug   : OCCRTree found 1 matches at (0.75,7.77058,0) in tree of size 1705
Debug   : OCCRtree 0 matches after bounding box filtering
Debug   : OCCRTree found 1 matches at (0,0,-225.231) in tree of size 1705
Debug   : OCCRtree 0 matches after bounding box filtering
Debug   : OCCRTree found 1 matches at (0,0,-225.231) in tree of size 1705
Debug   : OCCRtree 0 matches after bounding box filtering
Debug   : OCCRTree found 1 matches at (0,0,-225.231) in tree of size 1705
Debug   : OCCRtree 0 matches after bounding box filtering
Debug   : OCCRTree found 1 matches at (0,0,-206.462) in tree of size 1705
Debug   : OCCRtree 0 matches after bounding box filtering
Debug   : OCCRTree found 1 matches at (0,0,-206.462) in tree of size 1705
Debug   : OCCRtree 0 matches after bounding box filtering
Debug   : OCCRTree found 1 matches at (0,0,-206.462) in tree of size 1705
Debug   : OCCRtree 0 matches after bounding box filtering
Debug   : OCCRTree found 1 matches at (0,0,-187.692) in tree of size 1705
Debug   : OCCRtree 0 matches after bounding box filtering
Debug   : OCCRTree found 1 matches at (0,0,-187.692) in tree of size 1705
Debug   : OCCRtree 0 matches after bounding box filtering
Debug   : OCCRTree found 1 matches at (0,0,-187.692) in tree of size 1705
Debug   : OCCRtree 0 matches after bounding box filtering
Debug   : OCCRTree found 1 matches at (0,0,-168.923) in tree of size 1705
Debug   : OCCRtree 0 matches after bounding box filtering
Debug   : OCCRTree found 1 matches at (0,0,-168.923) in tree of size 1705
Debug   : OCCRtree 0 matches after bounding box filtering
Debug   : OCCRTree found 1 matches at (0,0,-168.923) in tree of size 1705
Debug   : OCCRtree 0 matches after bounding box filtering
Debug   : OCCRTree found 1 matches at (0,0,-150.154) in tree of size 1705
Debug   : OCCRtree 0 matches after bounding box filtering
Debug   : OCCRTree found 1 matches at (0,0,-150.154) in tree of size 1705
Debug   : OCCRtree 0 matches after bounding box filtering
Debug   : OCCRTree found 1 matches at (0,0,-150.154) in tree of size 1705
Debug   : OCCRtree 0 matches after bounding box filtering
Debug   : OCCRTree found 1 matches at (0,0,-135.876) in tree of size 1705
Debug   : OCCRtree 0 matches after bounding box filtering
Debug   : OCCRTree found 1 matches at (0,0,-135.876) in tree of size 1705
Debug   : OCCRtree 0 matches after bounding box filtering
Debug   : OCCRTree found 1 matches at (0,0,-135.876) in tree of size 1705
Debug   : OCCRtree 0 matches after bounding box filtering
Debug   : OCCRTree found 1 matches at (0,0,-134.365) in tree of size 1705
Debug   : OCCRtree 0 matches after bounding box filtering
Debug   : OCCRTree found 1 matches at (0,0,-134.365) in tree of size 1705
Debug   : OCCRtree 0 matches after bounding box filtering
Debug   : OCCRTree found 1 matches at (0,0,-134.365) in tree of size 1705
Debug   : OCCRtree 0 matches after bounding box filtering
Debug   : OCCRTree found 1 matches at (0,0,-132.854) in tree of size 1705
Debug   : OCCRtree 0 matches after bounding box filtering
Debug   : OCCRTree found 1 matches at (0,0,-132.854) in tree of size 1705
Debug   : OCCRtree 0 matches after bounding box filtering
Debug   : OCCRTree found 1 matches at (0,0,-132.854) in tree of size 1705
Debug   : OCCRtree 0 matches after bounding box filtering
Debug   : OCCRTree found 1 matches at (0,0,-131.385) in tree of size 1705
Debug   : OCCRtree 0 matches after bounding box filtering
Debug   : OCCRTree found 1 matches at (0,0,-131.385) in tree of size 1705
Debug   : OCCRtree 0 matches after bounding box filtering
Debug   : OCCRTree found 1 matches at (0,0,-131.385) in tree of size 1705
Debug   : OCCRtree 0 matches after bounding box filtering
Debug   : OCCRTree found 1 matches at (0,0,-131.342) in tree of size 1705
Debug   : OCCRtree 0 matches after bounding box filtering
Debug   : OCCRTree found 1 matches at (0,0,-131.342) in tree of size 1705
Debug   : OCCRtree 0 matches after bounding box filtering
Debug   : OCCRTree found 1 matches at (0,0,-131.342) in tree of size 1705
Debug   : OCCRtree 0 matches after bounding box filtering
Debug   : OCCRTree found 1 matches at (0,0,-129.831) in tree of size 1705
Debug   : OCCRtree 0 matches after bounding box filtering
Debug   : OCCRTree found 1 matches at (0,0,-129.831) in tree of size 1705
Debug   : OCCRtree 0 matches after bounding box filtering
Debug   : OCCRTree found 1 matches at (0,0,-129.831) in tree of size 1705
Debug   : OCCRtree 0 matches after bounding box filtering
Debug   : OCCRTree found 1 matches at (0,0,-128.32) in tree of size 1705
Debug   : OCCRtree 0 matches after bounding box filtering
Debug   : OCCRTree found 1 matches at (0,0,-128.32) in tree of size 1705
Debug   : OCCRtree 0 matches after bounding box filtering
Debug   : OCCRTree found 1 matches at (0,0,-128.32) in tree of size 1705
Debug   : OCCRtree 0 matches after bounding box filtering
Debug   : OCCRTree found 1 matches at (0,0,-126.809) in tree of size 1705
Debug   : OCCRtree 0 matches after bounding box filtering
Debug   : OCCRTree found 1 matches at (0,0,-126.809) in tree of size 1705
Debug   : OCCRtree 0 matches after bounding box filtering
Debug   : OCCRTree found 1 matches at (0,0,-126.809) in tree of size 1705
Debug   : OCCRtree 0 matches after bounding box filtering
Debug   : OCCRTree found 1 matches at (0,0,-125.297) in tree of size 1705
Debug   : OCCRtree 0 matches after bounding box filtering
Debug   : OCCRTree found 1 matches at (0,0,-125.297) in tree of size 1705
Debug   : OCCRtree 0 matches after bounding box filtering
Debug   : OCCRTree found 1 matches at (0,0,-125.297) in tree of size 1705
Debug   : OCCRtree 0 matches after bounding box filtering
Debug   : OCCRTree found 1 matches at (0,0,-123.786) in tree of size 1705
Debug   : OCCRtree 0 matches after bounding box filtering
Debug   : OCCRTree found 1 matches at (0,0,-123.786) in tree of size 1705
Debug   : OCCRtree 0 matches after bounding box filtering
Debug   : OCCRTree found 1 matches at (0,0,-123.786) in tree of size 1705
Debug   : OCCRtree 0 matches after bounding box filtering
Debug   : OCCRTree found 1 matches at (0,0,-122.275) in tree of size 1705
Debug   : OCCRtree 0 matches after bounding box filtering
Debug   : OCCRTree found 1 matches at (0,0,-122.275) in tree of size 1705
Debug   : OCCRtree 0 matches after bounding box filtering
Debug   : OCCRTree found 1 matches at (0,0,-122.275) in tree of size 1705
Debug   : OCCRtree 0 matches after bounding box filtering
Debug   : OCCRTree found 1 matches at (0,0,-120.764) in tree of size 1705
Debug   : OCCRtree 0 matches after bounding box filtering
Debug   : OCCRTree found 1 matches at (0,0,-120.764) in tree of size 1705
Debug   : OCCRtree 0 matches after bounding box filtering
Debug   : OCCRTree found 1 matches at (0,0,-120.764) in tree of size 1705
Debug   : OCCRtree 0 matches after bounding box filtering
Debug   : OCCRTree found 1 matches at (0,0,-119.252) in tree of size 1705
Debug   : OCCRtree 0 matches after bounding box filtering
Debug   : OCCRTree found 1 matches at (0,0,-119.252) in tree of size 1705
Debug   : OCCRtree 0 matches after bounding box filtering
Debug   : OCCRTree found 1 matches at (0,0,-119.252) in tree of size 1705
Debug   : OCCRtree 0 matches after bounding box filtering
Debug   : OCCRTree found 1 matches at (0,0,-117.741) in tree of size 1705
Debug   : OCCRtree 0 matches after bounding box filtering
Debug   : OCCRTree found 1 matches at (0,0,-117.741) in tree of size 1705
Debug   : OCCRtree 0 matches after bounding box filtering
Debug   : OCCRTree found 1 matches at (0,0,-117.741) in tree of size 1705
Debug   : OCCRtree 0 matches after bounding box filtering
Debug   : OCCRTree found 1 matches at (0,7.10543e-15,-116.23) in tree of size 1705
Debug   : OCCRtree 0 matches after bounding box filtering
Debug   : OCCRTree found 1 matches at (0,7.10543e-15,-116.23) in tree of size 1705
Debug   : OCCRtree 0 matches after bounding box filtering
Debug   : OCCRTree found 1 matches at (0,7.10543e-15,-116.23) in tree of size 1705
Debug   : OCCRtree 0 matches after bounding box filtering
Debug   : OCCRTree found 1 matches at (0,0,-114.718) in tree of size 1705
Debug   : OCCRtree 0 matches after bounding box filtering
Debug   : OCCRTree found 1 matches at (0,0,-114.718) in tree of size 1705
Debug   : OCCRtree 0 matches after bounding box filtering
Debug   : OCCRTree found 1 matches at (0,0,-114.718) in tree of size 1705
Debug   : OCCRtree 0 matches after bounding box filtering
Debug   : OCCRTree found 1 matches at (0,0,-112.615) in tree of size 1705
Debug   : OCCRtree 0 matches after bounding box filtering
Debug   : OCCRTree found 1 matches at (0,0,-112.615) in tree of size 1705
Debug   : OCCRtree 0 matches after bounding box filtering
Debug   : OCCRTree found 1 matches at (0,0,-112.615) in tree of size 1705
Debug   : OCCRtree 0 matches after bounding box filtering
Debug   : OCCRTree found 1 matches at (0,0,-93.8462) in tree of size 1705
Debug   : OCCRtree 0 matches after bounding box filtering
Debug   : OCCRTree found 1 matches at (0,0,-93.8462) in tree of size 1705
Debug   : OCCRtree 0 matches after bounding box filtering
Debug   : OCCRTree found 1 matches at (0,0,-93.8462) in tree of size 1705
Debug   : OCCRtree 0 matches after bounding box filtering
Debug   : OCCRTree found 1 matches at (0,0,-75.0769) in tree of size 1705
Debug   : OCCRtree 0 matches after bounding box filtering
Debug   : OCCRTree found 1 matches at (0,0,-75.0769) in tree of size 1705
Debug   : OCCRtree 0 matches after bounding box filtering
Debug   : OCCRTree found 1 matches at (0,0,-75.0769) in tree of size 1705
Debug   : OCCRtree 0 matches after bounding box filtering
Debug   : OCCRTree found 1 matches at (0,0,-56.3077) in tree of size 1705
Debug   : OCCRtree 0 matches after bounding box filtering
Debug   : OCCRTree found 1 matches at (0,0,-56.3077) in tree of size 1705
Debug   : OCCRtree 0 matches after bounding box filtering
Debug   : OCCRTree found 1 matches at (0,0,-56.3077) in tree of size 1705
Debug   : OCCRtree 0 matches after bounding box filtering
Debug   : OCCRTree found 1 matches at (0,0,-37.5385) in tree of size 1705
Debug   : OCCRtree 0 matches after bounding box filtering
Debug   : OCCRTree found 1 matches at (0,0,-37.5385) in tree of size 1705
Debug   : OCCRtree 0 matches after bounding box filtering
Debug   : OCCRTree found 1 matches at (0,0,-37.5385) in tree of size 1705
Debug   : OCCRtree 0 matches after bounding box filtering
Debug   : OCCRTree found 1 matches at (0,0,-18.7692) in tree of size 1705
Debug   : OCCRtree 0 matches after bounding box filtering
Debug   : OCCRTree found 1 matches at (0,0,-18.7692) in tree of size 1705
Debug   : OCCRtree 0 matches after bounding box filtering
Debug   : OCCRTree found 1 matches at (0,0,-18.7692) in tree of size 1705
Debug   : OCCRtree 0 matches after bounding box filtering
Debug   : OCCRTree found 3 matches at (0,0,0) in tree of size 1705
Debug   : OCCRtree 0 matches after bounding box filtering
Debug   : OCCRTree found 3 matches at (0,0,0) in tree of size 1705
Debug   : OCCRtree 0 matches after bounding box filtering
Debug   : OCCRTree found 3 matches at (0,0,0) in tree of size 1705
Debug   : OCCRtree 0 matches after bounding box filtering
Debug   : OCCRTree found 1 matches at (0,0,-241.362) in tree of size 1705
Debug   : OCCRtree 0 matches after bounding box filtering
Debug   : OCCRTree found 1 matches at (0,0,-241.362) in tree of size 1705
Debug   : OCCRtree 0 matches after bounding box filtering
Debug   : OCCRTree found 1 matches at (0,0,-241.362) in tree of size 1705
Debug   : OCCRtree 0 matches after bounding box filtering
Debug   : OCCRTree found 1 matches at (0,0,-222.796) in tree of size 1705
Debug   : OCCRtree 0 matches after bounding box filtering
Debug   : OCCRTree found 1 matches at (0,0,-222.796) in tree of size 1705
Debug   : OCCRtree 0 matches after bounding box filtering
Debug   : OCCRTree found 1 matches at (0,0,-222.796) in tree of size 1705
Debug   : OCCRtree 0 matches after bounding box filtering
Debug   : OCCRTree found 1 matches at (0,0,-204.23) in tree of size 1705
Debug   : OCCRtree 0 matches after bounding box filtering
Debug   : OCCRTree found 1 matches at (0,0,-204.23) in tree of size 1705
Debug   : OCCRtree 0 matches after bounding box filtering
Debug   : OCCRTree found 1 matches at (0,0,-204.23) in tree of size 1705
Debug   : OCCRtree 0 matches after bounding box filtering
Debug   : OCCRTree found 1 matches at (0,0,-185.663) in tree of size 1705
Debug   : OCCRtree 0 matches after bounding box filtering
Debug   : OCCRTree found 1 matches at (0,0,-185.663) in tree of size 1705
Debug   : OCCRtree 0 matches after bounding box filtering
Debug   : OCCRTree found 1 matches at (0,0,-185.663) in tree of size 1705
Debug   : OCCRtree 0 matches after bounding box filtering
Debug   : OCCRTree found 1 matches at (0,0,-167.097) in tree of size 1705
Debug   : OCCRtree 0 matches after bounding box filtering
Debug   : OCCRTree found 1 matches at (0,0,-167.097) in tree of size 1705
Debug   : OCCRtree 0 matches after bounding box filtering
Debug   : OCCRTree found 1 matches at (0,0,-167.097) in tree of size 1705
Debug   : OCCRtree 0 matches after bounding box filtering
Debug   : OCCRTree found 1 matches at (0,0,-148.531) in tree of size 1705
Debug   : OCCRtree 0 matches after bounding box filtering
Debug   : OCCRTree found 1 matches at (0,0,-148.531) in tree of size 1705
Debug   : OCCRtree 0 matches after bounding box filtering
Debug   : OCCRTree found 1 matches at (0,0,-148.531) in tree of size 1705
Debug   : OCCRtree 0 matches after bounding box filtering
Debug   : OCCRTree found 1 matches at (0,0,-132.579) in tree of size 1705
Debug   : OCCRtree 0 matches after bounding box filtering
Debug   : OCCRTree found 1 matches at (0,0,-132.579) in tree of size 1705
Debug   : OCCRtree 0 matches after bounding box filtering
Debug   : OCCRTree found 1 matches at (0,0,-132.579) in tree of size 1705
Debug   : OCCRtree 0 matches after bounding box filtering
Debug   : OCCRTree found 1 matches at (0,0,-131.068) in tree of size 1705
Debug   : OCCRtree 0 matches after bounding box filtering
Debug   : OCCRTree found 1 matches at (0,0,-131.068) in tree of size 1705
Debug   : OCCRtree 0 matches after bounding box filtering
Debug   : OCCRTree found 1 matches at (0,0,-131.068) in tree of size 1705
Debug   : OCCRtree 0 matches after bounding box filtering
Debug   : OCCRTree found 1 matches at (0,0,-129.964) in tree of size 1705
Debug   : OCCRtree 0 matches after bounding box filtering
Debug   : OCCRTree found 1 matches at (0,0,-129.964) in tree of size 1705
Debug   : OCCRtree 0 matches after bounding box filtering
Debug   : OCCRTree found 1 matches at (0,0,-129.964) in tree of size 1705
Debug   : OCCRtree 0 matches after bounding box filtering
Debug   : OCCRTree found 1 matches at (0,0,-129.556) in tree of size 1705
Debug   : OCCRtree 0 matches after bounding box filtering
Debug   : OCCRTree found 1 matches at (0,0,-129.556) in tree of size 1705
Debug   : OCCRtree 0 matches after bounding box filtering
Debug   : OCCRTree found 1 matches at (0,0,-129.556) in tree of size 1705
Debug   : OCCRtree 0 matches after bounding box filtering
Debug   : OCCRTree found 1 matches at (0,0,-128.045) in tree of size 1705
Debug   : OCCRtree 0 matches after bounding box filtering
Debug   : OCCRTree found 1 matches at (0,0,-128.045) in tree of size 1705
Debug   : OCCRtree 0 matches after bounding box filtering
Debug   : OCCRTree found 1 matches at (0,0,-128.045) in tree of size 1705
Debug   : OCCRtree 0 matches after bounding box filtering
Debug   : OCCRTree found 1 matches at (0,0,-126.534) in tree of size 1705
Debug   : OCCRtree 0 matches after bounding box filtering
Debug   : OCCRTree found 1 matches at (0,0,-126.534) in tree of size 1705
Debug   : OCCRtree 0 matches after bounding box filtering
Debug   : OCCRTree found 1 matches at (0,0,-126.534) in tree of size 1705
Debug   : OCCRtree 0 matches after bounding box filtering
Debug   : OCCRTree found 1 matches at (0,0,-125.023) in tree of size 1705
Debug   : OCCRtree 0 matches after bounding box filtering
Debug   : OCCRTree found 1 matches at (0,0,-125.023) in tree of size 1705
Debug   : OCCRtree 0 matches after bounding box filtering
Debug   : OCCRTree found 1 matches at (0,0,-125.023) in tree of size 1705
Debug   : OCCRtree 0 matches after bounding box filtering
Debug   : OCCRTree found 1 matches at (0,0,-123.511) in tree of size 1705
Debug   : OCCRtree 0 matches after bounding box filtering
Debug   : OCCRTree found 1 matches at (0,0,-123.511) in tree of size 1705
Debug   : OCCRtree 0 matches after bounding box filtering
Debug   : OCCRTree found 1 matches at (0,0,-123.511) in tree of size 1705
Debug   : OCCRtree 0 matches after bounding box filtering
Debug   : OCCRTree found 1 matches at (3.55271e-15,0,-122) in tree of size 1705
Debug   : OCCRtree 0 matches after bounding box filtering
Debug   : OCCRTree found 1 matches at (3.55271e-15,0,-122) in tree of size 1705
Debug   : OCCRtree 0 matches after bounding box filtering
Debug   : OCCRTree found 1 matches at (3.55271e-15,0,-122) in tree of size 1705
Debug   : OCCRtree 0 matches after bounding box filtering
Debug   : OCCRTree found 1 matches at (0,0,-120.489) in tree of size 1705
Debug   : OCCRtree 0 matches after bounding box filtering
Debug   : OCCRTree found 1 matches at (0,0,-120.489) in tree of size 1705
Debug   : OCCRtree 0 matches after bounding box filtering
Debug   : OCCRTree found 1 matches at (0,0,-120.489) in tree of size 1705
Debug   : OCCRtree 0 matches after bounding box filtering
Debug   : OCCRTree found 1 matches at (0,0,-118.977) in tree of size 1705
Debug   : OCCRtree 0 matches after bounding box filtering
Debug   : OCCRTree found 1 matches at (0,0,-118.977) in tree of size 1705
Debug   : OCCRtree 0 matches after boun