ISO-10303-21;
HEADER;
FILE_NAME('Open CASCADE Shape Model','2026-08-26T21:10:19',('Author'),(
    'Open CASCADE'),'Open CASCADE STEP processor 7.8','Open CASCADE 7.8'
  ,'Unknown');
FILE_DESCRIPTION(('Open CASCADE Model'),'2;1');
FILE_SCHEMA(('AUTOMOTIVE_DESIGN { 1 0 10303 214 1 1 1 1 }'));
ENDSEC;
DATA;
#1 = APPLICATION_PROTOCOL_DEFINITION('international standard',
  'automotive_design',2000,#2);
#2 = APPLICATION_CONTEXT(
  'core data for automotive mechanical design processes');
#3 = SHAPE_DEFINITION_REPRESENTATION(#4,#10);
#4 = PRODUCT_DEFINITION_SHAPE('','',#5);
#5 = PRODUCT_DEFINITION('design','',#6,#9);
#6 = PRODUCT_DEFINITION_FORMATION('','',#7);
#7 = PRODUCT('Open CASCADE STEP translator 7.8 1',
  'Open CASCADE STEP translator 7.8 1','',(#8));
#8 = PRODUCT_CONTEXT('',#2,'mechanical');
#9 = PRODUCT_DEFINITION_CONTEXT('part definition',#2,'design');
#10 = SHAPE_REPRESENTATION('',(#11,#15,#19,#23,#27,#31,#35,#39,#43,#47,
    #51,#55,#59),#63);
#11 = AXIS2_PLACEMENT_3D('',#12,#13,#14);
#12 = CARTESIAN_POINT('',(0.,0.,0.));
#13 = DIRECTION('',(0.,0.,1.));
#14 = DIRECTION('',(1.,0.,-0.));
#15 = AXIS2_PLACEMENT_3D('',#16,#17,#18);
#16 = CARTESIAN_POINT('',(0.,0.,0.));
#17 = DIRECTION('',(0.,0.,1.));
#18 = DIRECTION('',(1.,0.,-0.));
#19 = AXIS2_PLACEMENT_3D('',#20,#21,#22);
#20 = CARTESIAN_POINT('',(0.,0.,0.));
#21 = DIRECTION('',(0.,0.,1.));
#22 = DIRECTION('',(1.,0.,-0.));
#23 = AXIS2_PLACEMENT_3D('',#24,#25,#26);
#24 = CARTESIAN_POINT('',(0.,0.,0.));
#25 = DIRECTION('',(0.,0.,1.));
#26 = DIRECTION('',(1.,0.,-0.));
#27 = AXIS2_PLACEMENT_3D('',#28,#29,#30);
#28 = CARTESIAN_POINT('',(0.,0.,0.));
#29 = DIRECTION('',(0.,0.,1.));
#30 = DIRECTION('',(1.,0.,-0.));
#31 = AXIS2_PLACEMENT_3D('',#32,#33,#34);
#32 = CARTESIAN_POINT('',(0.,0.,0.));
#33 = DIRECTION('',(0.,0.,1.));
#34 = DIRECTION('',(1.,0.,-0.));
#35 = AXIS2_PLACEMENT_3D('',#36,#37,#38);
#36 = CARTESIAN_POINT('',(0.,0.,0.));
#37 = DIRECTION('',(0.,0.,1.));
#38 = DIRECTION('',(1.,0.,-0.));
#39 = AXIS2_PLACEMENT_3D('',#40,#41,#42);
#40 = CARTESIAN_POINT('',(0.,0.,0.));
#41 = DIRECTION('',(0.,0.,1.));
#42 = DIRECTION('',(1.,0.,-0.));
#43 = AXIS2_PLACEMENT_3D('',#44,#45,#46);
#44 = CARTESIAN_POINT('',(0.,0.,0.));
#45 = DIRECTION('',(0.,0.,1.));
#46 = DIRECTION('',(1.,0.,-0.));
#47 = AXIS2_PLACEMENT_3D('',#48,#49,#50);
#48 = CARTESIAN_POINT('',(0.,0.,0.));
#49 = DIRECTION('',(0.,0.,1.));
#50 = DIRECTION('',(1.,0.,-0.));
#51 = AXIS2_PLACEMENT_3D('',#52,#53,#54);
#52 = CARTESIAN_POINT('',(0.,0.,0.));
#53 = DIRECTION('',(0.,0.,1.));
#54 = DIRECTION('',(1.,0.,-0.));
#55 = AXIS2_PLACEMENT_3D('',#56,#57,#58);
#56 = CARTESIAN_POINT('',(0.,0.,0.));
#57 = DIRECTION('',(0.,0.,1.));
#58 = DIRECTION('',(1.,0.,-0.));
#59 = AXIS2_PLACEMENT_3D('',#60,#61,#62);
#60 = CARTESIAN_POINT('',(0.,0.,0.));
#61 = DIRECTION('',(0.,0.,1.));
#62 = DIRECTION('',(1.,0.,-0.));
#63 = ( GEOMETRIC_REPRESENTATION_CONTEXT(3) 
GLOBAL_UNCERTAINTY_ASSIGNED_CONTEXT((#67)) GLOBAL_UNIT_ASSIGNED_CONTEXT(
(#64,#65,#66)) REPRESENTATION_CONTEXT('Context #1',
  '3D Context with UNIT and UNCERTAINTY') );
#64 = ( LENGTH_UNIT() NAMED_UNIT(*) SI_UNIT(.MILLI.,.METRE.) );
#65 = ( NAMED_UNIT(*) PLANE_ANGLE_UNIT() SI_UNIT($,.RADIAN.) );
#66 = ( NAMED_UNIT(*) SI_UNIT($,.STERADIAN.) SOLID_ANGLE_UNIT() );
#67 = UNCERTAINTY_MEASURE_WITH_UNIT(LENGTH_MEASURE(0.1),#64,
  'distance_accuracy_value','confusion accuracy');
#68 = PRODUCT_RELATED_PRODUCT_CATEGORY('part',$,(#7));
#69 = SHAPE_DEFINITION_REPRESENTATION(#70,#76);
#70 = PRODUCT_DEFINITION_SHAPE('','',#71);
#71 = PRODUCT_DEFINITION('design','',#72,#75);
#72 = PRODUCT_DEFINITION_FORMATION('','',#73);
#73 = PRODUCT('Open CASCADE STEP translator 7.8 1.1',
  'Open CASCADE STEP translator 7.8 1.1','',(#74));
#74 = PRODUCT_CONTEXT('',#2,'mechanical');
#75 = PRODUCT_DEFINITION_CONTEXT('part definition',#2,'design');
#76 = ADVANCED_BREP_SHAPE_REPRESENTATION('',(#11,#77),#1254);
#77 = MANIFOLD_SOLID_BREP('',#78);
#78 = CLOSED_SHELL('',(#79,#563,#1041,#1110,#1183,#1187,#1236,#1242,
    #1247));
#79 = ADVANCED_FACE('',(#80),#95,.T.);
#80 = FACE_BOUND('',#81,.T.);
#81 = EDGE_LOOP('',(#82,#118,#218,#241,#268,#269,#369,#393));
#82 = ORIENTED_EDGE('',*,*,#83,.F.);
#83 = EDGE_CURVE('',#84,#86,#88,.T.);
#84 = VERTEX_POINT('',#85);
#85 = CARTESIAN_POINT('',(11.686533875108,109.37744249152,0.));
#86 = VERTEX_POINT('',#87);
#87 = CARTESIAN_POINT('',(-11.6865338751,109.37744249152,0.));
#88 = SURFACE_CURVE('',#89,(#94,#106),.PCURVE_S1.);
#89 = CIRCLE('',#90,110.);
#90 = AXIS2_PLACEMENT_3D('',#91,#92,#93);
#91 = CARTESIAN_POINT('',(0.,0.,0.));
#92 = DIRECTION('',(0.,0.,1.));
#93 = DIRECTION('',(1.,0.,-0.));
#94 = PCURVE('',#95,#100);
#95 = CONICAL_SURFACE('',#96,17.5,0.362358903357);
#96 = AXIS2_PLACEMENT_3D('',#97,#98,#99);
#97 = CARTESIAN_POINT('',(0.,0.,-244.));
#98 = DIRECTION('',(0.,0.,1.));
#99 = DIRECTION('',(1.,0.,-0.));
#100 = DEFINITIONAL_REPRESENTATION('',(#101),#105);
#101 = LINE('',#102,#103);
#102 = CARTESIAN_POINT('',(0.,244.));
#103 = VECTOR('',#104,1.);
#104 = DIRECTION('',(1.,0.));
#105 = ( GEOMETRIC_REPRESENTATION_CONTEXT(2) 
PARAMETRIC_REPRESENTATION_CONTEXT() REPRESENTATION_CONTEXT('2D SPACE',''
  ) );
#106 = PCURVE('',#107,#112);
#107 = PLANE('',#108);
#108 = AXIS2_PLACEMENT_3D('',#109,#110,#111);
#109 = CARTESIAN_POINT('',(0.,0.,0.));
#110 = DIRECTION('',(0.,0.,1.));
#111 = DIRECTION('',(1.,0.,-0.));
#112 = DEFINITIONAL_REPRESENTATION('',(#113),#117);
#113 = CIRCLE('',#114,110.);
#114 = AXIS2_PLACEMENT_2D('',#115,#116);
#115 = CARTESIAN_POINT('',(0.,0.));
#116 = DIRECTION('',(1.,0.));
#117 = ( GEOMETRIC_REPRESENTATION_CONTEXT(2) 
PARAMETRIC_REPRESENTATION_CONTEXT() REPRESENTATION_CONTEXT('2D SPACE',''
  ) );
#118 = ORIENTED_EDGE('',*,*,#119,.T.);
#119 = EDGE_CURVE('',#84,#120,#122,.T.);
#120 = VERTEX_POINT('',#121);
#121 = CARTESIAN_POINT('',(62.096850568825,0.,-126.3607401211));
#122 = SURFACE_CURVE('',#123,(#142,#156),.PCURVE_S1.);
#123 = B_SPLINE_CURVE_WITH_KNOTS('',9,(#124,#125,#126,#127,#128,#129,
    #130,#131,#132,#133,#134,#135,#136,#137,#138,#139,#140,#141),
  .UNSPECIFIED.,.F.,.F.,(10,8,10),(-11.18702234902,-0.773983346059,
    180.80980824821),.UNSPECIFIED.);
#124 = CARTESIAN_POINT('',(6.032489596173,115.50779300307,
    14.494820132693));
#125 = CARTESIAN_POINT('',(6.660716738277,114.82664294623,
    12.884284562393));
#126 = CARTESIAN_POINT('',(7.288943880381,114.14549288939,
    11.273748992094));
#127 = CARTESIAN_POINT('',(7.917171022485,113.46434283255,9.663213421795
    ));
#128 = CARTESIAN_POINT('',(8.545398164589,112.78319277571,8.052677851496
    ));
#129 = CARTESIAN_POINT('',(9.173625306693,112.10204271887,6.442142281197
    ));
#130 = CARTESIAN_POINT('',(9.801852448797,111.42089266204,4.831606710897
    ));
#131 = CARTESIAN_POINT('',(10.430079590901,110.7397426052,3.221071140598
    ));
#132 = CARTESIAN_POINT('',(11.058306733004,110.05859254836,
    1.610535570299));
#133 = CARTESIAN_POINT('',(22.641632229508,97.499468162371,
    -28.08470757376));
#134 = CARTESIAN_POINT('',(32.296313558519,85.578890948681,
    -52.65906636373));
#135 = CARTESIAN_POINT('',(40.647272652498,73.603376019535,
    -73.72247038829));
#136 = CARTESIAN_POINT('',(47.686186209638,61.546602275188,
    -91.27652056122));
#137 = CARTESIAN_POINT('',(53.391210566248,49.408942616124,
    -105.3147412379));
#138 = CARTESIAN_POINT('',(57.735364376571,37.142096065978,
    -115.848999096));
#139 = CARTESIAN_POINT('',(60.642495511642,24.78669266475,
    -122.8560088522));
#140 = CARTESIAN_POINT('',(62.096850568826,12.393551175571,
    -126.3607401211));
#141 = CARTESIAN_POINT('',(62.096850568825,0.,-126.3607401211));
#142 = PCURVE('',#95,#143);
#143 = DEFINITIONAL_REPRESENTATION('',(#144),#155);
#144 = B_SPLINE_CURVE_WITH_KNOTS('',9,(#145,#146,#147,#148,#149,#150,
    #151,#152,#153,#154),.UNSPECIFIED.,.F.,.F.,(10,10),(-0.773983346059,
    180.80980824821),.PIECEWISE_BEZIER_KNOTS.);
#145 = CARTESIAN_POINT('',(1.464354226824,244.));
#146 = CARTESIAN_POINT('',(1.353853979748,215.91529242622));
#147 = CARTESIAN_POINT('',(1.23099720147,191.34095609957));
#148 = CARTESIAN_POINT('',(1.094444535217,170.27744158568));
#149 = CARTESIAN_POINT('',(0.942771980134,152.72363870987));
#150 = CARTESIAN_POINT('',(0.775785299095,138.68509635686));
#151 = CARTESIAN_POINT('',(0.593166443918,128.15109422621));
#152 = CARTESIAN_POINT('',(0.399160602312,121.14396639225));
#153 = CARTESIAN_POINT('',(0.199584215013,117.63925987885));
#154 = CARTESIAN_POINT('',(8.881784197001E-16,117.63925987884));
#155 = ( GEOMETRIC_REPRESENTATION_CONTEXT(2) 
PARAMETRIC_REPRESENTATION_CONTEXT() REPRESENTATION_CONTEXT('2D SPACE',''
  ) );
#156 = PCURVE('',#157,#212);
#157 = ( BOUNDED_SURFACE() B_SPLINE_SURFACE(2,9,(
    (#158,#159,#160,#161,#162,#163,#164,#165,#166,#167,#168,#169,#170
      ,#171,#172,#173,#174,#175)
    ,(#176,#177,#178,#179,#180,#181,#182,#183,#184,#185,#186,#187,#188
      ,#189,#190,#191,#192,#193)
    ,(#194,#195,#196,#197,#198,#199,#200,#201,#202,#203,#204,#205,#206
      ,#207,#208,#209,#210,#211
)),.UNSPECIFIED.,.F.,.F.,.F.) B_SPLINE_SURFACE_WITH_KNOTS((3,3),(10,8,10
    ),(0.,181.58379159427),(-11.18702234902,-0.773983346059,
180.80980824821),.UNSPECIFIED.) GEOMETRIC_REPRESENTATION_ITEM() 
RATIONAL_B_SPLINE_SURFACE((
    (1.,1.,1.,1.,1.,1.,1.,1.,1.,1.,1.,1.,1.,1.,1.,1.,1.,1.)
    ,(0.695425484934,0.69344492984,0.69195951352,0.690969235973
      ,0.690474097199,0.690474097199,0.690969235973,0.69195951352
      ,0.69344492984,0.729962636222,0.765971148593,0.80282418586
      ,0.839401147106,0.873909433655,0.90367630541,0.924588563947
      ,0.935063239715,0.935063239715)
    ,(1.,1.,1.,1.,1.,1.,1.,1.,1.,1.,1.,1.,1.,1.,1.,1.,1.,1.
))) REPRESENTATION_ITEM('') SURFACE() );
#158 = CARTESIAN_POINT('',(6.032489596173,115.50779300307,
    14.494820132693));
#159 = CARTESIAN_POINT('',(6.660716738277,114.82664294623,
    12.884284562393));
#160 = CARTESIAN_POINT('',(7.288943880381,114.14549288939,
    11.273748992094));
#161 = CARTESIAN_POINT('',(7.917171022485,113.46434283255,9.663213421795
    ));
#162 = CARTESIAN_POINT('',(8.545398164589,112.78319277571,8.052677851496
    ));
#163 = CARTESIAN_POINT('',(9.173625306693,112.10204271887,6.442142281197
    ));
#164 = CARTESIAN_POINT('',(9.801852448797,111.42089266204,4.831606710897
    ));
#165 = CARTESIAN_POINT('',(10.430079590901,110.7397426052,3.221071140598
    ));
#166 = CARTESIAN_POINT('',(11.058306733004,110.05859254836,
    1.610535570299));
#167 = CARTESIAN_POINT('',(22.641632229508,97.499468162371,
    -28.08470757376));
#168 = CARTESIAN_POINT('',(32.296313558519,85.578890948681,
    -52.65906636373));
#169 = CARTESIAN_POINT('',(40.647272652498,73.603376019535,
    -73.72247038829));
#170 = CARTESIAN_POINT('',(47.686186209638,61.546602275188,
    -91.27652056122));
#171 = CARTESIAN_POINT('',(53.391210566248,49.408942616124,
    -105.3147412379));
#172 = CARTESIAN_POINT('',(57.735364376571,37.142096065978,
    -115.848999096));
#173 = CARTESIAN_POINT('',(60.642495511642,24.78669266475,
    -122.8560088522));
#174 = CARTESIAN_POINT('',(62.096850568826,12.393551175571,
    -126.3607401211));
#175 = CARTESIAN_POINT('',(62.096850568825,0.,-126.3607401211));
#176 = CARTESIAN_POINT('',(9.102862658458,115.74961380273,
    15.555692014447));
#177 = CARTESIAN_POINT('',(9.699367544357,115.06802093789,
    13.982208855967));
#178 = CARTESIAN_POINT('',(10.302370745027,114.37900281118,
    12.391584196901));
#179 = CARTESIAN_POINT('',(10.910617859199,113.68399275697,
    10.787126944382));
#180 = CARTESIAN_POINT('',(11.522822927842,112.98446016894,9.1722292498)
  );
#181 = CARTESIAN_POINT('',(12.137677429472,112.28190022159,
    7.550342780636));
#182 = CARTESIAN_POINT('',(12.753859575992,111.57782324848,
    5.924954199546));
#183 = CARTESIAN_POINT('',(13.370043770883,110.87374393481,
    4.299560215185));
#184 = CARTESIAN_POINT('',(13.984910087926,110.17117048665,
    2.677642578877));
#185 = CARTESIAN_POINT('',(24.739423054638,97.882588320335,
    -25.69101865223));
#186 = CARTESIAN_POINT('',(33.799762420145,86.148553296475,
    -49.59072465422));
#187 = CARTESIAN_POINT('',(41.750639956462,74.243895228506,
    -70.56385026353));
#188 = CARTESIAN_POINT('',(48.545236289354,62.120546490324,
    -88.48689356326));
#189 = CARTESIAN_POINT('',(54.11901535486,49.801762025095,-103.189618882
    ));
#190 = CARTESIAN_POINT('',(58.373376260615,37.208471243332,
    -114.411933055));
#191 = CARTESIAN_POINT('',(61.154813624431,24.594782589054,
    -121.7489137768));
#192 = CARTESIAN_POINT('',(62.5,12.15988294571,-125.2972972972));
#193 = CARTESIAN_POINT('',(62.5,6.394884621841E-14,-125.2972972972));
#194 = CARTESIAN_POINT('',(8.670147996959,112.73283752557,
    16.697123121535));
#195 = CARTESIAN_POINT('',(9.285099500003,112.04874598162,15.07498077837
    ));
#196 = CARTESIAN_POINT('',(9.899496660838,111.36527110551,
    13.454300700059));
#197 = CARTESIAN_POINT('',(10.513339479464,110.68241289725,
    11.835082886604));
#198 = CARTESIAN_POINT('',(11.12662795588,110.00017135684,
    10.217327338004));
#199 = CARTESIAN_POINT('',(11.739362090086,109.31854648427,
    8.601034054259));
#200 = CARTESIAN_POINT('',(12.351541882083,108.63753827954,6.98620303537
    ));
#201 = CARTESIAN_POINT('',(12.963167331871,107.95714674266,
    5.372834281335));
#202 = CARTESIAN_POINT('',(13.574238439449,107.27737187362,
    3.760927792155));
#203 = CARTESIAN_POINT('',(24.831017939071,94.75497355495,
    -25.93263110414));
#204 = CARTESIAN_POINT('',(34.146553153037,82.911860260977,
    -50.50550237124));
#205 = CARTESIAN_POINT('',(42.131441238173,71.068327096666,
    -71.56834229313));
#206 = CARTESIAN_POINT('',(48.785439836522,59.226380702456,
    -89.12051156875));
#207 = CARTESIAN_POINT('',(54.109396248466,47.381411629933,
    -103.1642452392));
#208 = CARTESIAN_POINT('',(58.101690218038,35.540141415539,
    -113.6952693318));
#209 = CARTESIAN_POINT('',(60.765231256942,23.695673184117,
    -120.7212586669));
#210 = CARTESIAN_POINT('',(62.096850568826,11.847778717567,
    -124.2338544734));
#211 = CARTESIAN_POINT('',(62.096850568825,-2.84217094304E-14,
    -124.2338544734));
#212 = DEFINITIONAL_REPRESENTATION('',(#213),#217);
#213 = LINE('',#214,#215);
#214 = CARTESIAN_POINT('',(0.,0.));
#215 = VECTOR('',#216,1.);
#216 = DIRECTION('',(0.,1.));
#217 = ( GEOMETRIC_REPRESENTATION_CONTEXT(2) 
PARAMETRIC_REPRESENTATION_CONTEXT() REPRESENTATION_CONTEXT('2D SPACE',''
  ) );
#218 = ORIENTED_EDGE('',*,*,#219,.F.);
#219 = EDGE_CURVE('',#220,#120,#222,.T.);
#220 = VERTEX_POINT('',#221);
#221 = CARTESIAN_POINT('',(17.5,-4.286122238378E-15,-244.));
#222 = SEAM_CURVE('',#223,(#227,#234),.PCURVE_S1.);
#223 = LINE('',#224,#225);
#224 = CARTESIAN_POINT('',(17.5,-4.286122238378E-15,-244.));
#225 = VECTOR('',#226,1.);
#226 = DIRECTION('',(0.354480941285,-8.681992260137E-17,0.935063239715)
  );
#227 = PCURVE('',#95,#228);
#228 = DEFINITIONAL_REPRESENTATION('',(#229),#233);
#229 = LINE('',#230,#231);
#230 = CARTESIAN_POINT('',(0.,-0.));
#231 = VECTOR('',#232,1.);
#232 = DIRECTION('',(0.,1.));
#233 = ( GEOMETRIC_REPRESENTATION_CONTEXT(2) 
PARAMETRIC_REPRESENTATION_CONTEXT() REPRESENTATION_CONTEXT('2D SPACE',''
  ) );
#234 = PCURVE('',#95,#235);
#235 = DEFINITIONAL_REPRESENTATION('',(#236),#240);
#236 = LINE('',#237,#238);
#237 = CARTESIAN_POINT('',(6.28318530718,-0.));
#238 = VECTOR('',#239,1.);
#239 = DIRECTION('',(0.,1.));
#240 = ( GEOMETRIC_REPRESENTATION_CONTEXT(2) 
PARAMETRIC_REPRESENTATION_CONTEXT() REPRESENTATION_CONTEXT('2D SPACE',''
  ) );
#241 = ORIENTED_EDGE('',*,*,#242,.T.);
#242 = EDGE_CURVE('',#220,#220,#243,.T.);
#243 = SURFACE_CURVE('',#244,(#249,#256),.PCURVE_S1.);
#244 = CIRCLE('',#245,17.5);
#245 = AXIS2_PLACEMENT_3D('',#246,#247,#248);
#246 = CARTESIAN_POINT('',(0.,0.,-244.));
#247 = DIRECTION('',(0.,0.,1.));
#248 = DIRECTION('',(1.,0.,-0.));
#249 = PCURVE('',#95,#250);
#250 = DEFINITIONAL_REPRESENTATION('',(#251),#255);
#251 = LINE('',#252,#253);
#252 = CARTESIAN_POINT('',(0.,0.));
#253 = VECTOR('',#254,1.);
#254 = DIRECTION('',(1.,0.));
#255 = ( GEOMETRIC_REPRESENTATION_CONTEXT(2) 
PARAMETRIC_REPRESENTATION_CONTEXT() REPRESENTATION_CONTEXT('2D SPACE',''
  ) );
#256 = PCURVE('',#257,#262);
#257 = PLANE('',#258);
#258 = AXIS2_PLACEMENT_3D('',#259,#260,#261);
#259 = CARTESIAN_POINT('',(0.,0.,-244.));
#260 = DIRECTION('',(0.,0.,1.));
#261 = DIRECTION('',(1.,0.,-0.));
#262 = DEFINITIONAL_REPRESENTATION('',(#263),#267);
#263 = CIRCLE('',#264,17.5);
#264 = AXIS2_PLACEMENT_2D('',#265,#266);
#265 = CARTESIAN_POINT('',(0.,0.));
#266 = DIRECTION('',(1.,0.));
#267 = ( GEOMETRIC_REPRESENTATION_CONTEXT(2) 
PARAMETRIC_REPRESENTATION_CONTEXT() REPRESENTATION_CONTEXT('2D SPACE',''
  ) );
#268 = ORIENTED_EDGE('',*,*,#219,.T.);
#269 = ORIENTED_EDGE('',*,*,#270,.T.);
#270 = EDGE_CURVE('',#120,#271,#273,.T.);
#271 = VERTEX_POINT('',#272);
#272 = CARTESIAN_POINT('',(11.686533875108,-109.3774424915,0.));
#273 = SURFACE_CURVE('',#274,(#293,#307),.PCURVE_S1.);
#274 = B_SPLINE_CURVE_WITH_KNOTS('',9,(#275,#276,#277,#278,#279,#280,
    #281,#282,#283,#284,#285,#286,#287,#288,#289,#290,#291,#292),
  .UNSPECIFIED.,.F.,.F.,(10,8,10),(180.80980824821,362.39359984249,
    372.80663884545),.UNSPECIFIED.);
#275 = CARTESIAN_POINT('',(62.096850568825,-1.520883955179E-14,
    -126.3607401211));
#276 = CARTESIAN_POINT('',(62.096850568825,-12.39355117557,
    -126.3607401211));
#277 = CARTESIAN_POINT('',(60.642495511647,-24.78669266475,
    -122.8560088522));
#278 = CARTESIAN_POINT('',(57.735364376561,-37.14209606596,
    -115.848999096));
#279 = CARTESIAN_POINT('',(53.391210566263,-49.40894261614,
    -105.3147412379));
#280 = CARTESIAN_POINT('',(47.686186209622,-61.54660227516,
    -91.27652056119));
#281 = CARTESIAN_POINT('',(40.64727265251,-73.60337601955,
    -73.72247038832));
#282 = CARTESIAN_POINT('',(32.296313558513,-85.57889094867,
    -52.65906636372));
#283 = CARTESIAN_POINT('',(22.64163222951,-97.49946816237,
    -28.08470757376));
#284 = CARTESIAN_POINT('',(11.058306733004,-110.0585925483,
    1.610535570299));
#285 = CARTESIAN_POINT('',(10.430079590901,-110.7397426052,
    3.221071140598));
#286 = CARTESIAN_POINT('',(9.801852448797,-111.420892662,4.831606710898)
  );
#287 = CARTESIAN_POINT('',(9.173625306693,-112.1020427188,6.442142281197
    ));
#288 = CARTESIAN_POINT('',(8.545398164589,-112.7831927757,8.052677851496
    ));
#289 = CARTESIAN_POINT('',(7.917171022485,-113.4643428325,9.663213421795
    ));
#290 = CARTESIAN_POINT('',(7.288943880381,-114.1454928893,
    11.273748992094));
#291 = CARTESIAN_POINT('',(6.660716738277,-114.8266429462,
    12.884284562393));
#292 = CARTESIAN_POINT('',(6.032489596174,-115.507793003,14.494820132693
    ));
#293 = PCURVE('',#95,#294);
#294 = DEFINITIONAL_REPRESENTATION('',(#295),#306);
#295 = B_SPLINE_CURVE_WITH_KNOTS('',9,(#296,#297,#298,#299,#300,#301,
    #302,#303,#304,#305),.UNSPECIFIED.,.F.,.F.,(10,10),(180.80980824821,
    362.39359984249),.PIECEWISE_BEZIER_KNOTS.);
#296 = CARTESIAN_POINT('',(6.28318530718,117.63925987884));
#297 = CARTESIAN_POINT('',(6.083601092166,117.63925987884));
#298 = CARTESIAN_POINT('',(5.884024704868,121.14396639228));
#299 = CARTESIAN_POINT('',(5.690018863262,128.15109422614));
#300 = CARTESIAN_POINT('',(5.507400008084,138.68509635696));
#301 = CARTESIAN_POINT('',(5.340413327045,152.72363870977));
#302 = CARTESIAN_POINT('',(5.188740771963,170.27744158574));
#303 = CARTESIAN_POINT('',(5.05218810571,191.34095609954));
#304 = CARTESIAN_POINT('',(4.929331327431,215.91529242623));
#305 = CARTESIAN_POINT('',(4.818831080356,244.));
#306 = ( GEOMETRIC_REPRESENTATION_CONTEXT(2) 
PARAMETRIC_REPRESENTATION_CONTEXT() REPRESENTATION_CONTEXT('2D SPACE',''
  ) );
#307 = PCURVE('',#308,#363);
#308 = ( BOUNDED_SURFACE() B_SPLINE_SURFACE(2,9,(
    (#309,#310,#311,#312,#313,#314,#315,#316,#317,#318,#319,#320,#321
      ,#322,#323,#324,#325,#326)
    ,(#327,#328,#329,#330,#331,#332,#333,#334,#335,#336,#337,#338,#339
      ,#340,#341,#342,#343,#344)
    ,(#345,#346,#347,#348,#349,#350,#351,#352,#353,#354,#355,#356,#357
      ,#358,#359,#360,#361,#362
)),.UNSPECIFIED.,.F.,.F.,.F.) B_SPLINE_SURFACE_WITH_KNOTS((3,3),(10,8,10
    ),(0.,181.58379159427),(180.80980824821,362.39359984249,
372.80663884545),.UNSPECIFIED.) GEOMETRIC_REPRESENTATION_ITEM() 
RATIONAL_B_SPLINE_SURFACE((
    (1.,1.,1.,1.,1.,1.,1.,1.,1.,1.,1.,1.,1.,1.,1.,1.,1.,1.)
    ,(0.935063239715,0.935063239715,0.924588563947,0.903676305409
      ,0.873909433655,0.839401147106,0.802824185861,0.765971148593
      ,0.729962636222,0.69344492984,0.69195951352,0.690969235973
      ,0.690474097199,0.690474097199,0.690969235973,0.69195951352
      ,0.69344492984,0.695425484934)
    ,(1.,1.,1.,1.,1.,1.,1.,1.,1.,1.,1.,1.,1.,1.,1.,1.,1.,1.
))) REPRESENTATION_ITEM('') SURFACE() );
#309 = CARTESIAN_POINT('',(62.096850568825,-1.520883955179E-14,
    -126.3607401211));
#310 = CARTESIAN_POINT('',(62.096850568825,-12.39355117557,
    -126.3607401211));
#311 = CARTESIAN_POINT('',(60.642495511647,-24.78669266475,
    -122.8560088522));
#312 = CARTESIAN_POINT('',(57.735364376561,-37.14209606596,
    -115.848999096));
#313 = CARTESIAN_POINT('',(53.391210566263,-49.40894261614,
    -105.3147412379));
#314 = CARTESIAN_POINT('',(47.686186209622,-61.54660227516,
    -91.27652056119));
#315 = CARTESIAN_POINT('',(40.64727265251,-73.60337601955,
    -73.72247038832));
#316 = CARTESIAN_POINT('',(32.296313558513,-85.57889094867,
    -52.65906636372));
#317 = CARTESIAN_POINT('',(22.64163222951,-97.49946816237,
    -28.08470757376));
#318 = CARTESIAN_POINT('',(11.058306733004,-110.0585925483,
    1.610535570299));
#319 = CARTESIAN_POINT('',(10.430079590901,-110.7397426052,
    3.221071140598));
#320 = CARTESIAN_POINT('',(9.801852448797,-111.420892662,4.831606710898)
  );
#321 = CARTESIAN_POINT('',(9.173625306693,-112.1020427188,6.442142281197
    ));
#322 = CARTESIAN_POINT('',(8.545398164589,-112.7831927757,8.052677851496
    ));
#323 = CARTESIAN_POINT('',(7.917171022485,-113.4643428325,9.663213421795
    ));
#324 = CARTESIAN_POINT('',(7.288943880381,-114.1454928893,
    11.273748992094));
#325 = CARTESIAN_POINT('',(6.660716738277,-114.8266429462,
    12.884284562393));
#326 = CARTESIAN_POINT('',(6.032489596174,-115.507793003,14.494820132693
    ));
#327 = CARTESIAN_POINT('',(62.5,2.13162820728E-14,-125.2972972972));
#328 = CARTESIAN_POINT('',(62.5,-12.1598829457,-125.2972972972));
#329 = CARTESIAN_POINT('',(61.15481362443,-24.59478258905,
    -121.7489137768));
#330 = CARTESIAN_POINT('',(58.373376260617,-37.20847124332,
    -114.411933055));
#331 = CARTESIAN_POINT('',(54.119015354858,-49.80176202509,
    -103.189618882));
#332 = CARTESIAN_POINT('',(48.545236289353,-62.12054649032,
    -88.48689356327));
#333 = CARTESIAN_POINT('',(41.750639956464,-74.2438952285,
    -70.56385026353));
#334 = CARTESIAN_POINT('',(33.799762420143,-86.14855329647,
    -49.59072465421));
#335 = CARTESIAN_POINT('',(24.739423054639,-97.88258832033,
    -25.69101865223));
#336 = CARTESIAN_POINT('',(13.984910087926,-110.1711704866,
    2.677642578877));
#337 = CARTESIAN_POINT('',(13.370043770883,-110.8737439348,
    4.299560215185));
#338 = CARTESIAN_POINT('',(12.753859575992,-111.5778232484,
    5.924954199546));
#339 = CARTESIAN_POINT('',(12.137677429472,-112.2819002215,
    7.550342780636));
#340 = CARTESIAN_POINT('',(11.522822927842,-112.9844601689,9.1722292498)
  );
#341 = CARTESIAN_POINT('',(10.910617859199,-113.6839927569,
    10.787126944383));
#342 = CARTESIAN_POINT('',(10.302370745027,-114.3790028111,
    12.391584196901));
#343 = CARTESIAN_POINT('',(9.699367544357,-115.0680209378,
    13.982208855967));
#344 = CARTESIAN_POINT('',(9.102862658458,-115.7496138027,
    15.555692014447));
#345 = CARTESIAN_POINT('',(62.096850568825,-1.491468417191E-14,
    -124.2338544734));
#346 = CARTESIAN_POINT('',(62.096850568825,-11.84777871756,
    -124.2338544734));
#347 = CARTESIAN_POINT('',(60.765231256947,-23.69567318412,
    -120.7212586669));
#348 = CARTESIAN_POINT('',(58.101690218027,-35.54014141552,
    -113.6952693318));
#349 = CARTESIAN_POINT('',(54.109396248483,-47.38141162995,
    -103.1642452392));
#350 = CARTESIAN_POINT('',(48.785439836505,-59.22638070243,
    -89.12051156872));
#351 = CARTESIAN_POINT('',(42.131441238186,-71.06832709668,
    -71.56834229315));
#352 = CARTESIAN_POINT('',(34.146553153031,-82.91186026096,
    -50.50550237123));
#353 = CARTESIAN_POINT('',(24.831017939072,-94.75497355495,
    -25.93263110414));
#354 = CARTESIAN_POINT('',(13.574238439449,-107.2773718736,
    3.760927792155));
#355 = CARTESIAN_POINT('',(12.963167331871,-107.9571467426,
    5.372834281335));
#356 = CARTESIAN_POINT('',(12.351541882083,-108.6375382795,6.98620303537
    ));
#357 = CARTESIAN_POINT('',(11.739362090086,-109.3185464842,
    8.601034054259));
#358 = CARTESIAN_POINT('',(11.12662795588,-110.0001713568,
    10.217327338004));
#359 = CARTESIAN_POINT('',(10.513339479464,-110.6824128972,
    11.835082886604));
#360 = CARTESIAN_POINT('',(9.899496660838,-111.3652711055,
    13.454300700059));
#361 = CARTESIAN_POINT('',(9.285099500003,-112.0487459816,15.07498077837
    ));
#362 = CARTESIAN_POINT('',(8.670147996959,-112.7328375255,
    16.697123121535));
#363 = DEFINITIONAL_REPRESENTATION('',(#364),#368);
#364 = LINE('',#365,#366);
#365 = CARTESIAN_POINT('',(0.,0.));
#366 = VECTOR('',#367,1.);
#367 = DIRECTION('',(0.,1.));
#368 = ( GEOMETRIC_REPRESENTATION_CONTEXT(2) 
PARAMETRIC_REPRESENTATION_CONTEXT() REPRESENTATION_CONTEXT('2D SPACE',''
  ) );
#369 = ORIENTED_EDGE('',*,*,#370,.F.);
#370 = EDGE_CURVE('',#371,#271,#373,.T.);
#371 = VERTEX_POINT('',#372);
#372 = CARTESIAN_POINT('',(-11.6865338751,-109.3774424915,0.));
#373 = SURFACE_CURVE('',#374,(#379,#386),.PCURVE_S1.);
#374 = CIRCLE('',#375,110.);
#375 = AXIS2_PLACEMENT_3D('',#376,#377,#378);
#376 = CARTESIAN_POINT('',(0.,0.,0.));
#377 = DIRECTION('',(0.,0.,1.));
#378 = DIRECTION('',(1.,0.,-0.));
#379 = PCURVE('',#95,#380);
#380 = DEFINITIONAL_REPRESENTATION('',(#381),#385);
#381 = LINE('',#382,#383);
#382 = CARTESIAN_POINT('',(0.,244.));
#383 = VECTOR('',#384,1.);
#384 = DIRECTION('',(1.,0.));
#385 = ( GEOMETRIC_REPRESENTATION_CONTEXT(2) 
PARAMETRIC_REPRESENTATION_CONTEXT() REPRESENTATION_CONTEXT('2D SPACE',''
  ) );
#386 = PCURVE('',#107,#387);
#387 = DEFINITIONAL_REPRESENTATION('',(#388),#392);
#388 = CIRCLE('',#389,110.);
#389 = AXIS2_PLACEMENT_2D('',#390,#391);
#390 = CARTESIAN_POINT('',(0.,0.));
#391 = DIRECTION('',(1.,0.));
#392 = ( GEOMETRIC_REPRESENTATION_CONTEXT(2) 
PARAMETRIC_REPRESENTATION_CONTEXT() REPRESENTATION_CONTEXT('2D SPACE',''
  ) );
#393 = ORIENTED_EDGE('',*,*,#394,.T.);
#394 = EDGE_CURVE('',#371,#86,#395,.T.);
#395 = SURFACE_CURVE('',#396,(#431,#453),.PCURVE_S1.);
#396 = B_SPLINE_CURVE_WITH_KNOTS('',9,(#397,#398,#399,#400,#401,#402,
    #403,#404,#405,#406,#407,#408,#409,#410,#411,#412,#413,#414,#415,
    #416,#417,#418,#419,#420,#421,#422,#423,#424,#425,#426,#427,#428,
    #429,#430),.UNSPECIFIED.,.F.,.F.,(10,8,8,8,10),(-11.16033993943,
    -0.773142397452,180.61335472349,361.99985184443,372.38704938641),
  .UNSPECIFIED.);
#397 = CARTESIAN_POINT('',(-6.040386270165,-115.4992310999,
    14.474576062517));
#398 = CARTESIAN_POINT('',(-6.667736004048,-114.8190323656,
    12.866289833349));
#399 = CARTESIAN_POINT('',(-7.29508573793,-114.1388336314,11.25800360418
    ));
#400 = CARTESIAN_POINT('',(-7.922435471813,-113.4586348971,
    9.649717375012));
#401 = CARTESIAN_POINT('',(-8.549785205695,-112.7784361628,
    8.041431145843));
#402 = CARTESIAN_POINT('',(-9.177134939578,-112.0982374285,
    6.433144916674));
#403 = CARTESIAN_POINT('',(-9.80448467346,-111.4180386943,4.824858687506
    ));
#404 = CARTESIAN_POINT('',(-10.43183440734,-110.73783996,3.216572458337)
  );
#405 = CARTESIAN_POINT('',(-11.05918414122,-110.0576412257,
    1.608286229169));
#406 = CARTESIAN_POINT('',(-22.64163222948,-97.4994681624,-28.0847075737
    ));
#407 = CARTESIAN_POINT('',(-32.2963135586,-85.57889094857,
    -52.65906636396));
#408 = CARTESIAN_POINT('',(-40.64727265233,-73.60337601974,
    -73.72247038786));
#409 = CARTESIAN_POINT('',(-47.68618620983,-61.54660227494,
    -91.27652056173));
#410 = CARTESIAN_POINT('',(-53.3912105661,-49.40894261631,
    -105.3147412375));
#411 = CARTESIAN_POINT('',(-57.73536437663,-37.14209606589,
    -115.8489990961));
#412 = CARTESIAN_POINT('',(-60.64249551163,-24.78669266477,
    -122.8560088522));
#413 = CARTESIAN_POINT('',(-62.09685056882,-12.39355117557,
    -126.3607401211));
#414 = CARTESIAN_POINT('',(-62.09685056882,12.39355117557,
    -126.3607401211));
#415 = CARTESIAN_POINT('',(-60.64249551163,24.786692664774,
    -122.8560088522));
#416 = CARTESIAN_POINT('',(-57.73536437663,37.142096065886,
    -115.8489990961));
#417 = CARTESIAN_POINT('',(-53.3912105661,49.408942616317,
    -105.3147412375));
#418 = CARTESIAN_POINT('',(-47.68618620983,61.546602274935,
    -91.27652056173));
#419 = CARTESIAN_POINT('',(-40.64727265233,73.603376019748,
    -73.72247038786));
#420 = CARTESIAN_POINT('',(-32.2963135586,85.57889094857,-52.65906636396
    ));
#421 = CARTESIAN_POINT('',(-22.64163222948,97.499468162401,
    -28.0847075737));
#422 = CARTESIAN_POINT('',(-11.05918414122,110.05764122579,
    1.608286229169));
#423 = CARTESIAN_POINT('',(-10.43183440734,110.73783996005,
    3.216572458337));
#424 = CARTESIAN_POINT('',(-9.80448467346,111.41803869432,4.824858687506
    ));
#425 = CARTESIAN_POINT('',(-9.177134939578,112.09823742859,
    6.433144916674));
#426 = CARTESIAN_POINT('',(-8.549785205695,112.77843616286,
    8.041431145843));
#427 = CARTESIAN_POINT('',(-7.922435471813,113.45863489713,
    9.649717375012));
#428 = CARTESIAN_POINT('',(-7.29508573793,114.1388336314,11.25800360418)
  );
#429 = CARTESIAN_POINT('',(-6.667736004048,114.81903236567,
    12.866289833349));
#430 = CARTESIAN_POINT('',(-6.040386270165,115.49923109994,
    14.474576062517));
#431 = PCURVE('',#95,#432);
#432 = DEFINITIONAL_REPRESENTATION('',(#433),#452);
#433 = B_SPLINE_CURVE_WITH_KNOTS('',9,(#434,#435,#436,#437,#438,#439,
    #440,#441,#442,#443,#444,#445,#446,#447,#448,#449,#450,#451),
  .UNSPECIFIED.,.F.,.F.,(10,8,10),(-0.773142397452,180.61335472349,
    361.99985184443),.UNSPECIFIED.);
#434 = CARTESIAN_POINT('',(4.605946880414,244.));
#435 = CARTESIAN_POINT('',(4.495446633338,215.91529242629));
#436 = CARTESIAN_POINT('',(4.372589930278,191.34095605434));
#437 = CARTESIAN_POINT('',(4.236036840731,170.27744176933));
#438 = CARTESIAN_POINT('',(4.084365407227,152.72363837746));
#439 = CARTESIAN_POINT('',(3.917376921181,138.68509669627));
#440 = CARTESIAN_POINT('',(3.734759968271,128.15109403966));
#441 = CARTESIAN_POINT('',(3.540752804119,121.14396643884));
#442 = CARTESIAN_POINT('',(3.341176989174,117.63925987885));
#443 = CARTESIAN_POINT('',(2.942008318005,117.63925987884));
#444 = CARTESIAN_POINT('',(2.74243250306,121.14396643886));
#445 = CARTESIAN_POINT('',(2.548425338908,128.15109403963));
#446 = CARTESIAN_POINT('',(2.365808385998,138.68509669632));
#447 = CARTESIAN_POINT('',(2.198819899954,152.7236383774));
#448 = CARTESIAN_POINT('',(2.047148466448,170.27744176937));
#449 = CARTESIAN_POINT('',(1.910595376902,191.34095605432));
#450 = CARTESIAN_POINT('',(1.787738673841,215.91529242629));
#451 = CARTESIAN_POINT('',(1.677238426766,244.));
#452 = ( GEOMETRIC_REPRESENTATION_CONTEXT(2) 
PARAMETRIC_REPRESENTATION_CONTEXT() REPRESENTATION_CONTEXT('2D SPACE',''
  ) );
#453 = PCURVE('',#454,#557);
#454 = ( BOUNDED_SURFACE() B_SPLINE_SURFACE(2,9,(
    (#455,#456,#457,#458,#459,#460,#461,#462,#463,#464,#465,#466,#467
      ,#468,#469,#470,#471,#472,#473,#474,#475,#476,#477,#478,#479,#480
      ,#481,#482,#483,#484,#485,#486,#487,#488)
    ,(#489,#490,#491,#492,#493,#494,#495,#496,#497,#498,#499,#500,#501
      ,#502,#503,#504,#505,#506,#507,#508,#509,#510,#511,#512,#513,#514
      ,#515,#516,#517,#518,#519,#520,#521,#522)
    ,(#523,#524,#525,#526,#527,#528,#529,#530,#531,#532,#533,#534,#535
      ,#536,#537,#538,#539,#540,#541,#542,#543,#544,#545,#546,#547,#548
      ,#549,#550,#551,#552,#553,#554,#555,#556
)),.UNSPECIFIED.,.F.,.F.,.F.) B_SPLINE_SURFACE_WITH_KNOTS((3,3),(10,8,8,
    8,10),(0.,362.77299424188),(-11.16033993943,-0.773142397452,
    180.61335472349,361.99985184443,372.38704938641),.UNSPECIFIED.) 
GEOMETRIC_REPRESENTATION_ITEM() RATIONAL_B_SPLINE_SURFACE((
    (1.,1.,1.,1.,1.,1.,1.,1.,1.,1.,1.,1.,1.,1.,1.,1.,1.,1.,1.,1.,1.,1.
      ,1.,1.,1.,1.,1.,1.,1.,1.,1.,1.,1.,1.)
    ,(0.695425484934,0.693447695966,0.69196435424,0.690975459756
      ,0.690481012514,0.690481012514,0.690975459756,0.69196435424
      ,0.693447695966,0.729962636222,0.765971148593,0.80282418586
      ,0.839401147107,0.873909433655,0.90367630541,0.924588563947
      ,0.935063239715,0.935063239715,0.924588563947,0.90367630541
      ,0.873909433655,0.839401147107,0.80282418586,0.765971148593
      ,0.729962636222,0.693447695966,0.69196435424,0.690975459756
      ,0.690481012514,0.690481012514,0.690975459756,0.69196435424
      ,0.693447695966,0.695425484934)
    ,(1.,1.,1.,1.,1.,1.,1.,1.,1.,1.,1.,1.,1.,1.,1.,1.,1.,1.,1.,1.,1.,1.
,1.,1.,1.,1.,1.,1.,1.,1.,1.,1.,1.,1.
  ))) REPRESENTATION_ITEM('') SURFACE() );
#455 = CARTESIAN_POINT('',(-6.040386270165,-115.4992310999,
    14.474576062517));
#456 = CARTESIAN_POINT('',(-6.667736004048,-114.8190323656,
    12.866289833349));
#457 = CARTESIAN_POINT('',(-7.29508573793,-114.1388336314,11.25800360418
    ));
#458 = CARTESIAN_POINT('',(-7.922435471813,-113.4586348971,
    9.649717375012));
#459 = CARTESIAN_POINT('',(-8.549785205695,-112.7784361628,
    8.041431145843));
#460 = CARTESIAN_POINT('',(-9.177134939578,-112.0982374285,
    6.433144916674));
#461 = CARTESIAN_POINT('',(-9.80448467346,-111.4180386943,4.824858687506
    ));
#462 = CARTESIAN_POINT('',(-10.43183440734,-110.73783996,3.216572458337)
  );
#463 = CARTESIAN_POINT('',(-11.05918414122,-110.0576412257,
    1.608286229169));
#464 = CARTESIAN_POINT('',(-22.64163222948,-97.4994681624,-28.0847075737
    ));
#465 = CARTESIAN_POINT('',(-32.2963135586,-85.57889094857,
    -52.65906636396));
#466 = CARTESIAN_POINT('',(-40.64727265233,-73.60337601974,
    -73.72247038786));
#467 = CARTESIAN_POINT('',(-47.68618620983,-61.54660227494,
    -91.27652056173));
#468 = CARTESIAN_POINT('',(-53.3912105661,-49.40894261631,
    -105.3147412375));
#469 = CARTESIAN_POINT('',(-57.73536437663,-37.14209606589,
    -115.8489990961));
#470 = CARTESIAN_POINT('',(-60.64249551163,-24.78669266477,
    -122.8560088522));
#471 = CARTESIAN_POINT('',(-62.09685056882,-12.39355117557,
    -126.3607401211));
#472 = CARTESIAN_POINT('',(-62.09685056882,12.39355117557,
    -126.3607401211));
#473 = CARTESIAN_POINT('',(-60.64249551163,24.786692664774,
    -122.8560088522));
#474 = CARTESIAN_POINT('',(-57.73536437663,37.142096065886,
    -115.8489990961));
#475 = CARTESIAN_POINT('',(-53.3912105661,49.408942616317,
    -105.3147412375));
#476 = CARTESIAN_POINT('',(-47.68618620983,61.546602274935,
    -91.27652056173));
#477 = CARTESIAN_POINT('',(-40.64727265233,73.603376019748,
    -73.72247038786));
#478 = CARTESIAN_POINT('',(-32.2963135586,85.57889094857,-52.65906636396
    ));
#479 = CARTESIAN_POINT('',(-22.64163222948,97.499468162401,
    -28.0847075737));
#480 = CARTESIAN_POINT('',(-11.05918414122,110.05764122579,
    1.608286229169));
#481 = CARTESIAN_POINT('',(-10.43183440734,110.73783996005,
    3.216572458337));
#482 = CARTESIAN_POINT('',(-9.80448467346,111.41803869432,4.824858687506
    ));
#483 = CARTESIAN_POINT('',(-9.177134939578,112.09823742859,
    6.433144916674));
#484 = CARTESIAN_POINT('',(-8.549785205695,112.77843616286,
    8.041431145843));
#485 = CARTESIAN_POINT('',(-7.922435471813,113.45863489713,
    9.649717375012));
#486 = CARTESIAN_POINT('',(-7.29508573793,114.1388336314,11.25800360418)
  );
#487 = CARTESIAN_POINT('',(-6.667736004048,114.81903236567,
    12.866289833349));
#488 = CARTESIAN_POINT('',(-6.040386270165,115.49923109994,
    14.474576062517));
#489 = CARTESIAN_POINT('',(-9.110536214317,-115.7408456584,
    15.535450418449));
#490 = CARTESIAN_POINT('',(-9.706227506342,-115.0601824419,
    13.964113388676));
#491 = CARTESIAN_POINT('',(-10.30839902059,-114.3721146369,
    12.375682583526));
#492 = CARTESIAN_POINT('',(-10.91579978791,-113.678071656,
    10.773457856748));
#493 = CARTESIAN_POINT('',(-11.52714741336,-112.9795188205,
    9.160821958266));
#494 = CARTESIAN_POINT('',(-12.14113703425,-112.2779471241,
    7.541216904224));
#495 = CARTESIAN_POINT('',(-12.75645057713,-111.5748626559,
    5.918119558702));
#496 = CARTESIAN_POINT('',(-13.37176617608,-110.8717758384,
    4.295016789577));
#497 = CARTESIAN_POINT('',(-13.98576761157,-110.1701906421,
    2.675380570537));
#498 = CARTESIAN_POINT('',(-24.73942305461,-97.88258832036,
    -25.69101865216));
#499 = CARTESIAN_POINT('',(-33.79976242024,-86.14855329636,
    -49.59072465447));
#500 = CARTESIAN_POINT('',(-41.75063995629,-74.24389522869,
    -70.56385026308));
#501 = CARTESIAN_POINT('',(-48.54523628954,-62.1205464901,
    -88.48689356377));
#502 = CARTESIAN_POINT('',(-54.11901535472,-49.80176202524,
    -103.1896188816));
#503 = CARTESIAN_POINT('',(-58.37337626067,-37.20847124326,
    -114.4119330551));
#504 = CARTESIAN_POINT('',(-61.15481362441,-24.59478258907,
    -121.7489137768));
#505 = CARTESIAN_POINT('',(-62.5,-12.1598829457,-125.2972972972));
#506 = CARTESIAN_POINT('',(-62.5,12.159882945709,-125.2972972972));
#507 = CARTESIAN_POINT('',(-61.15481362441,24.594782589071,
    -121.7489137768));
#508 = CARTESIAN_POINT('',(-58.37337626067,37.208471243262,
    -114.4119330551));
#509 = CARTESIAN_POINT('',(-54.11901535472,49.80176202525,
    -103.1896188816));
#510 = CARTESIAN_POINT('',(-48.54523628954,62.120546490108,
    -88.48689356377));
#511 = CARTESIAN_POINT('',(-41.75063995629,74.2438952287,-70.56385026307
    ));
#512 = CARTESIAN_POINT('',(-33.79976242024,86.148553296368,
    -49.59072465447));
#513 = CARTESIAN_POINT('',(-24.73942305461,97.882588320366,
    -25.69101865216));
#514 = CARTESIAN_POINT('',(-13.98576761157,110.17019064219,
    2.675380570537));
#515 = CARTESIAN_POINT('',(-13.37176617608,110.87177583845,
    4.295016789577));
#516 = CARTESIAN_POINT('',(-12.75645057713,111.57486265598,
    5.918119558702));
#517 = CARTESIAN_POINT('',(-12.14113703425,112.27794712415,
    7.541216904224));
#518 = CARTESIAN_POINT('',(-11.52714741336,112.97951882052,
    9.160821958266));
#519 = CARTESIAN_POINT('',(-10.91579978791,113.67807165604,
    10.773457856748));
#520 = CARTESIAN_POINT('',(-10.30839902059,114.3721146369,
    12.375682583526));
#521 = CARTESIAN_POINT('',(-9.706227506342,115.06018244192,
    13.964113388676));
#522 = CARTESIAN_POINT('',(-9.110536214317,115.74084565842,
    15.535450418449));
#523 = CARTESIAN_POINT('',(-8.677849927321,-112.7242696541,
    16.676806678201));
#524 = CARTESIAN_POINT('',(-9.291942563445,-112.0411335409,
    15.056929886696));
#525 = CARTESIAN_POINT('',(-9.905481631579,-111.3586132343,
    13.438513317779));
#526 = CARTESIAN_POINT('',(-10.51846713172,-110.6767087343,
    11.821556971451));
#527 = CARTESIAN_POINT('',(-11.13089906388,-109.9954200409,
    10.206060847711));
#528 = CARTESIAN_POINT('',(-11.74277742804,-109.314747154,8.59202494656)
  );
#529 = CARTESIAN_POINT('',(-12.35410222422,-108.6346900737,
    6.979449267996));
#530 = CARTESIAN_POINT('',(-12.96487345241,-107.9552488001,
    5.368333812022));
#531 = CARTESIAN_POINT('',(-13.5750911126,-107.2764233329,3.758678578635
    ));
#532 = CARTESIAN_POINT('',(-24.83101793922,-94.75497355478,
    -25.93263110454));
#533 = CARTESIAN_POINT('',(-34.14655315247,-82.91186026159,
    -50.50550236978));
#534 = CARTESIAN_POINT('',(-42.13144123924,-71.06832709548,
    -71.56834229594));
#535 = CARTESIAN_POINT('',(-48.78543983525,-59.22638070385,
    -89.12051156543));
#536 = CARTESIAN_POINT('',(-54.10939624941,-47.38141162889,
    -103.1642452416));
#537 = CARTESIAN_POINT('',(-58.1016902176,-35.540141416,-113.6952693307)
  );
#538 = CARTESIAN_POINT('',(-60.76523125703,-23.69567318402,
    -120.7212586672));
#539 = CARTESIAN_POINT('',(-62.09685056882,-11.84777871756,
    -124.2338544734));
#540 = CARTESIAN_POINT('',(-62.09685056882,11.847778717565,
    -124.2338544734));
#541 = CARTESIAN_POINT('',(-60.76523125703,23.69567318402,
    -120.7212586672));
#542 = CARTESIAN_POINT('',(-58.1016902176,35.540141416006,
    -113.6952693307));
#543 = CARTESIAN_POINT('',(-54.10939624941,47.381411628885,
    -103.1642452417));
#544 = CARTESIAN_POINT('',(-48.78543983525,59.226380703862,
    -89.12051156543));
#545 = CARTESIAN_POINT('',(-42.13144123924,71.068327095474,
    -71.56834229594));
#546 = CARTESIAN_POINT('',(-34.14655315248,82.9118602616,-50.50550236978
    ));
#547 = CARTESIAN_POINT('',(-24.83101793922,94.754973554781,
    -25.93263110454));
#548 = CARTESIAN_POINT('',(-13.5750911126,107.27642333298,3.758678578635
    ));
#549 = CARTESIAN_POINT('',(-12.96487345241,107.9552488001,5.368333812022
    ));
#550 = CARTESIAN_POINT('',(-12.35410222422,108.63469007379,
    6.979449267996));
#551 = CARTESIAN_POINT('',(-11.74277742804,109.31474715407,8.59202494656
    ));
#552 = CARTESIAN_POINT('',(-11.13089906388,109.99542004092,
    10.206060847711));
#553 = CARTESIAN_POINT('',(-10.51846713172,110.67670873435,
    11.821556971451));
#554 = CARTESIAN_POINT('',(-9.90548163158,111.35861323436,
    13.438513317779));
#555 = CARTESIAN_POINT('',(-9.291942563445,112.04113354094,
    15.056929886696));
#556 = CARTESIAN_POINT('',(-8.677849927321,112.72426965411,
    16.676806678201));
#557 = DEFINITIONAL_REPRESENTATION('',(#558),#562);
#558 = LINE('',#559,#560);
#559 = CARTESIAN_POINT('',(0.,0.));
#560 = VECTOR('',#561,1.);
#561 = DIRECTION('',(0.,1.));
#562 = ( GEOMETRIC_REPRESENTATION_CONTEXT(2) 
PARAMETRIC_REPRESENTATION_CONTEXT() REPRESENTATION_CONTEXT('2D SPACE',''
  ) );
#563 = ADVANCED_FACE('',(#564,#940),#107,.T.);
#564 = FACE_BOUND('',#565,.T.);
#565 = EDGE_LOOP('',(#566,#596,#674,#675,#755,#783,#861,#862));
#566 = ORIENTED_EDGE('',*,*,#567,.T.);
#567 = EDGE_CURVE('',#568,#570,#572,.T.);
#568 = VERTEX_POINT('',#569);
#569 = CARTESIAN_POINT('',(15.,-105.6874185199,0.));
#570 = VERTEX_POINT('',#571);
#571 = CARTESIAN_POINT('',(15.,105.68741851997,0.));
#572 = SURFACE_CURVE('',#573,(#577,#584),.PCURVE_S1.);
#573 = LINE('',#574,#575);
#574 = CARTESIAN_POINT('',(15.,-244.,0.));
#575 = VECTOR('',#576,1.);
#576 = DIRECTION('',(0.,1.,0.));
#577 = PCURVE('',#107,#578);
#578 = DEFINITIONAL_REPRESENTATION('',(#579),#583);
#579 = LINE('',#580,#581);
#580 = CARTESIAN_POINT('',(15.,-244.));
#581 = VECTOR('',#582,1.);
#582 = DIRECTION('',(0.,1.));
#583 = ( GEOMETRIC_REPRESENTATION_CONTEXT(2) 
PARAMETRIC_REPRESENTATION_CONTEXT() REPRESENTATION_CONTEXT('2D SPACE',''
  ) );
#584 = PCURVE('',#585,#590);
#585 = PLANE('',#586);
#586 = AXIS2_PLACEMENT_3D('',#587,#588,#589);
#587 = CARTESIAN_POINT('',(107.5,-244.,-244.));
#588 = DIRECTION('',(0.935063239715,-0.,0.354480941285));
#589 = DIRECTION('',(-0.354480941285,0.,0.935063239715));
#590 = DEFINITIONAL_REPRESENTATION('',(#591),#595);
#591 = LINE('',#592,#593);
#592 = CARTESIAN_POINT('',(260.94491755924,0.));
#593 = VECTOR('',#594,1.);
#594 = DIRECTION('',(0.,-1.));
#595 = ( GEOMETRIC_REPRESENTATION_CONTEXT(2) 
PARAMETRIC_REPRESENTATION_CONTEXT() REPRESENTATION_CONTEXT('2D SPACE',''
  ) );
#596 = ORIENTED_EDGE('',*,*,#597,.F.);
#597 = EDGE_CURVE('',#84,#570,#598,.T.);
#598 = SURFACE_CURVE('',#599,(#622,#648),.PCURVE_S1.);
#599 = B_SPLINE_CURVE_WITH_KNOTS('',6,(#600,#601,#602,#603,#604,#605,
    #606,#607,#608,#609,#610,#611,#612,#613,#614,#615,#616,#617,#618,
    #619,#620,#621),.UNSPECIFIED.,.F.,.F.,(7,5,5,5,7),(0.,0.249985035126
    ,0.500000631737,0.750015759454,1.),.UNSPECIFIED.);
#600 = CARTESIAN_POINT('',(11.686533875108,109.37744249152,0.));
#601 = CARTESIAN_POINT('',(11.87924699387,109.35685188033,0.));
#602 = CARTESIAN_POINT('',(12.078284948411,109.32159312503,0.));
#603 = CARTESIAN_POINT('',(12.282141356677,109.2702307478,0.));
#604 = CARTESIAN_POINT('',(12.488763556797,109.20158888601,0.));
#605 = CARTESIAN_POINT('',(12.695523962093,109.11510519306,0.));
#606 = CARTESIAN_POINT('',(13.103705008105,108.90693454877,0.));
#607 = CARTESIAN_POINT('',(13.305124332767,108.78524272964,0.));
#608 = CARTESIAN_POINT('',(13.501043218123,108.64619329984,0.));
#609 = CARTESIAN_POINT('',(13.688427911558,108.49082017951,0.));
#610 = CARTESIAN_POINT('',(13.864483446735,108.3210823452,0.));
#611 = CARTESIAN_POINT('',(14.189627979484,107.95782111095,0.));
#612 = CARTESIAN_POINT('',(14.338716358679,107.76429859729,0.));
#613 = CARTESIAN_POINT('',(14.472161873073,107.56135209121,0.));
#614 = CARTESIAN_POINT('',(14.588422800277,107.3519921465,0.));
#615 = CARTESIAN_POINT('',(14.686898244871,107.13930404307,0.));
#616 = CARTESIAN_POINT('',(14.848524735818,106.71282167973,0.));
#617 = CARTESIAN_POINT('',(14.9116808308,106.49902804168,0.));
#618 = CARTESIAN_POINT('',(14.957310532064,106.28743485211,0.));
#619 = CARTESIAN_POINT('',(14.986290419749,106.08050272173,0.));
#620 = CARTESIAN_POINT('',(15.,105.88006776949,0.));
#621 = CARTESIAN_POINT('',(15.,105.68741865998,0.));
#622 = PCURVE('',#107,#623);
#623 = DEFINITIONAL_REPRESENTATION('',(#624),#647);
#624 = B_SPLINE_CURVE_WITH_KNOTS('',6,(#625,#626,#627,#628,#629,#630,
    #631,#632,#633,#634,#635,#636,#637,#638,#639,#640,#641,#642,#643,
    #644,#645,#646),.UNSPECIFIED.,.F.,.F.,(7,5,5,5,7),(0.,0.249985035126
    ,0.500000631737,0.750015759454,1.),.UNSPECIFIED.);
#625 = CARTESIAN_POINT('',(11.686533875108,109.37744249152));
#626 = CARTESIAN_POINT('',(11.87924699387,109.35685188033));
#627 = CARTESIAN_POINT('',(12.078284948411,109.32159312503));
#628 = CARTESIAN_POINT('',(12.282141356677,109.2702307478));
#629 = CARTESIAN_POINT('',(12.488763556797,109.20158888601));
#630 = CARTESIAN_POINT('',(12.695523962093,109.11510519306));
#631 = CARTESIAN_POINT('',(13.103705008105,108.90693454877));
#632 = CARTESIAN_POINT('',(13.305124332767,108.78524272964));
#633 = CARTESIAN_POINT('',(13.501043218123,108.64619329984));
#634 = CARTESIAN_POINT('',(13.688427911558,108.49082017951));
#635 = CARTESIAN_POINT('',(13.864483446735,108.3210823452));
#636 = CARTESIAN_POINT('',(14.189627979484,107.95782111095));
#637 = CARTESIAN_POINT('',(14.338716358679,107.76429859729));
#638 = CARTESIAN_POINT('',(14.472161873073,107.56135209121));
#639 = CARTESIAN_POINT('',(14.588422800277,107.3519921465));
#640 = CARTESIAN_POINT('',(14.686898244871,107.13930404307));
#641 = CARTESIAN_POINT('',(14.848524735818,106.71282167973));
#642 = CARTESIAN_POINT('',(14.9116808308,106.49902804168));
#643 = CARTESIAN_POINT('',(14.957310532064,106.28743485211));
#644 = CARTESIAN_POINT('',(14.986290419749,106.08050272173));
#645 = CARTESIAN_POINT('',(15.,105.88006776949));
#646 = CARTESIAN_POINT('',(15.,105.68741865998));
#647 = ( GEOMETRIC_REPRESENTATION_CONTEXT(2) 
PARAMETRIC_REPRESENTATION_CONTEXT() REPRESENTATION_CONTEXT('2D SPACE',''
  ) );
#648 = PCURVE('',#157,#649);
#649 = DEFINITIONAL_REPRESENTATION('',(#650),#673);
#650 = B_SPLINE_CURVE_WITH_KNOTS('',6,(#651,#652,#653,#654,#655,#656,
    #657,#658,#659,#660,#661,#662,#663,#664,#665,#666,#667,#668,#669,
    #670,#671,#672),.UNSPECIFIED.,.F.,.F.,(7,5,5,5,7),(0.,0.249985035126
    ,0.500000631737,0.750015759454,1.),.UNSPECIFIED.);
#651 = CARTESIAN_POINT('',(0.,-0.773983346059));
#652 = CARTESIAN_POINT('',(7.566574299175,-0.729739279941));
#653 = CARTESIAN_POINT('',(15.132922979692,-0.68076270753));
#654 = CARTESIAN_POINT('',(22.699028873022,-0.627019052624));
#655 = CARTESIAN_POINT('',(30.264889416097,-0.568643618199));
#656 = CARTESIAN_POINT('',(37.830521047854,-0.506030230244));
#657 = CARTESIAN_POINT('',(52.962303280743,-0.37356627877));
#658 = CARTESIAN_POINT('',(60.528457425205,-0.303714824672));
#659 = CARTESIAN_POINT('',(68.094438203931,-0.230869679144));
#660 = CARTESIAN_POINT('',(75.660296136338,-0.155882673493));
#661 = CARTESIAN_POINT('',(83.226096464724,-7.977803198126E-02));
#662 = CARTESIAN_POINT('',(98.357686822404,7.262740259191E-02));
#663 = CARTESIAN_POINT('',(105.92347932079,0.14892786444));
#664 = CARTESIAN_POINT('',(113.48933596325,0.22430654779));
#665 = CARTESIAN_POINT('',(121.05532095463,0.297736914703));
#666 = CARTESIAN_POINT('',(128.62148267133,0.368360841991));
#667 = CARTESIAN_POINT('',(143.75327378886,0.502716853313));
#668 = CARTESIAN_POINT('',(151.31890658555,0.566449804735));
#669 = CARTESIAN_POINT('',(158.88476865093,0.626105021477));
#670 = CARTESIAN_POINT('',(166.45087471894,0.681268340396));
#671 = CARTESIAN_POINT('',(174.01722138317,0.731776490082));
#672 = CARTESIAN_POINT('',(181.58379159427,0.777634714528));
#673 = ( GEOMETRIC_REPRESENTATION_CONTEXT(2) 
PARAMETRIC_REPRESENTATION_CONTEXT() REPRESENTATION_CONTEXT('2D SPACE',''
  ) );
#674 = ORIENTED_EDGE('',*,*,#83,.T.);
#675 = ORIENTED_EDGE('',*,*,#676,.T.);
#676 = EDGE_CURVE('',#86,#677,#679,.T.);
#677 = VERTEX_POINT('',#678);
#678 = CARTESIAN_POINT('',(-15.,105.68741851997,0.));
#679 = SURFACE_CURVE('',#680,(#703,#729),.PCURVE_S1.);
#680 = B_SPLINE_CURVE_WITH_KNOTS('',6,(#681,#682,#683,#684,#685,#686,
    #687,#688,#689,#690,#691,#692,#693,#694,#695,#696,#697,#698,#699,
    #700,#701,#702),.UNSPECIFIED.,.F.,.F.,(7,5,5,5,7),(0.,0.249996249286
    ,0.500000158506,0.750003950086,1.),.UNSPECIFIED.);
#681 = CARTESIAN_POINT('',(-11.6865338751,109.37744249152,0.));
#682 = CARTESIAN_POINT('',(-11.87923586692,109.3568530692,0.));
#683 = CARTESIAN_POINT('',(-12.07826627144,109.32159673452,0.));
#684 = CARTESIAN_POINT('',(-12.2821198145,109.27023700778,0.));
#685 = CARTESIAN_POINT('',(-12.48874457577,109.20159644852,0.));
#686 = CARTESIAN_POINT('',(-12.69551255155,109.11511100954,0.));
#687 = CARTESIAN_POINT('',(-13.10369764927,108.90693830458,0.));
#688 = CARTESIAN_POINT('',(-13.30511387214,108.78524942858,0.));
#689 = CARTESIAN_POINT('',(-13.50103347748,108.646201095,0.));
#690 = CARTESIAN_POINT('',(-13.68842123767,108.49082661764,0.));
#691 = CARTESIAN_POINT('',(-13.86448035214,108.32108579602,0.));
#692 = CARTESIAN_POINT('',(-14.18963120767,107.95781751086,0.));
#693 = CARTESIAN_POINT('',(-14.33872225008,107.76429094776,0.));
#694 = CARTESIAN_POINT('',(-14.47216873869,107.56134121485,0.));
#695 = CARTESIAN_POINT('',(-14.58842841572,107.35198077732,0.));
#696 = CARTESIAN_POINT('',(-14.6869012012,107.13929623478,0.));
#697 = CARTESIAN_POINT('',(-14.84852923067,106.71280982663,0.));
#698 = CARTESIAN_POINT('',(-14.91168623034,106.4990085522,0.));
#699 = CARTESIAN_POINT('',(-14.95731438414,106.28741301922,0.));
#700 = CARTESIAN_POINT('',(-14.98629199021,106.08048400492,0.));
#701 = CARTESIAN_POINT('',(-15.,105.88005672423,0.));
#702 = CARTESIAN_POINT('',(-15.,105.68741865998,0.));
#703 = PCURVE('',#107,#704);
#704 = DEFINITIONAL_REPRESENTATION('',(#705),#728);
#705 = B_SPLINE_CURVE_WITH_KNOTS('',6,(#706,#707,#708,#709,#710,#711,
    #712,#713,#714,#715,#716,#717,#718,#719,#720,#721,#722,#723,#724,
    #725,#726,#727),.UNSPECIFIED.,.F.,.F.,(7,5,5,5,7),(0.,0.249996249286
    ,0.500000158506,0.750003950086,1.),.UNSPECIFIED.);
#706 = CARTESIAN_POINT('',(-11.6865338751,109.37744249152));
#707 = CARTESIAN_POINT('',(-11.87923586692,109.3568530692));
#708 = CARTESIAN_POINT('',(-12.07826627144,109.32159673452));
#709 = CARTESIAN_POINT('',(-12.2821198145,109.27023700778));
#710 = CARTESIAN_POINT('',(-12.48874457577,109.20159644852));
#711 = CARTESIAN_POINT('',(-12.69551255155,109.11511100954));
#712 = CARTESIAN_POINT('',(-13.10369764927,108.90693830458));
#713 = CARTESIAN_POINT('',(-13.30511387214,108.78524942858));
#714 = CARTESIAN_POINT('',(-13.50103347748,108.646201095));
#715 = CARTESIAN_POINT('',(-13.68842123767,108.49082661764));
#716 = CARTESIAN_POINT('',(-13.86448035214,108.32108579602));
#717 = CARTESIAN_POINT('',(-14.18963120767,107.95781751086));
#718 = CARTESIAN_POINT('',(-14.33872225008,107.76429094776));
#719 = CARTESIAN_POINT('',(-14.47216873869,107.56134121485));
#720 = CARTESIAN_POINT('',(-14.58842841572,107.35198077732));
#721 = CARTESIAN_POINT('',(-14.6869012012,107.13929623478));
#722 = CARTESIAN_POINT('',(-14.84852923067,106.71280982663));
#723 = CARTESIAN_POINT('',(-14.91168623034,106.4990085522));
#724 = CARTESIAN_POINT('',(-14.95731438414,106.28741301922));
#725 = CARTESIAN_POINT('',(-14.98629199021,106.08048400492));
#726 = CARTESIAN_POINT('',(-15.,105.88005672423));
#727 = CARTESIAN_POINT('',(-15.,105.68741865998));
#728 = ( GEOMETRIC_REPRESENTATION_CONTEXT(2) 
PARAMETRIC_REPRESENTATION_CONTEXT() REPRESENTATION_CONTEXT('2D SPACE',''
  ) );
#729 = PCURVE('',#454,#730);
#730 = DEFINITIONAL_REPRESENTATION('',(#731),#754);
#731 = B_SPLINE_CURVE_WITH_KNOTS('',6,(#732,#733,#734,#735,#736,#737,
    #738,#739,#740,#741,#742,#743,#744,#745,#746,#747,#748,#749,#750,
    #751,#752,#753),.UNSPECIFIED.,.F.,.F.,(7,5,5,5,7),(0.,0.249996249286
    ,0.500000158506,0.750003950086,1.),.UNSPECIFIED.);
#732 = CARTESIAN_POINT('',(0.,361.99985184443));
#733 = CARTESIAN_POINT('',(15.115833311286,361.95565840219));
#734 = CARTESIAN_POINT('',(30.231553676169,361.90673715329));
#735 = CARTESIAN_POINT('',(45.347152489167,361.85305309908));
#736 = CARTESIAN_POINT('',(60.462628450647,361.7947408751));
#737 = CARTESIAN_POINT('',(75.57798978127,361.7321935634));
#738 = CARTESIAN_POINT('',(105.80897228886,361.59987222459));
#739 = CARTESIAN_POINT('',(120.92459526049,361.5300979926));
#740 = CARTESIAN_POINT('',(136.04013141495,361.45733210831));
#741 = CARTESIAN_POINT('',(151.15560604529,361.38242563352));
#742 = CARTESIAN_POINT('',(166.2710518303,361.30640224591));
#743 = CARTESIAN_POINT('',(196.50193823699,361.15415944558));
#744 = CARTESIAN_POINT('',(211.6173800975,361.07794038333));
#745 = CARTESIAN_POINT('',(226.73285408193,361.00264263534));
#746 = CARTESIAN_POINT('',(241.84839234924,360.92929218727));
#747 = CARTESIAN_POINT('',(256.9640191174,360.8587463799));
#748 = CARTESIAN_POINT('',(287.19500608015,360.7245350751));
#749 = CARTESIAN_POINT('',(302.31036799589,360.66086937025));
#750 = CARTESIAN_POINT('',(317.42584472144,360.60127872603));
#751 = CARTESIAN_POINT('',(332.54144362298,360.54617654795));
#752 = CARTESIAN_POINT('',(347.65716297835,360.49572542055));
#753 = CARTESIAN_POINT('',(362.77299424188,360.44991964836));
#754 = ( GEOMETRIC_REPRESENTATION_CONTEXT(2) 
PARAMETRIC_REPRESENTATION_CONTEXT() REPRESENTATION_CONTEXT('2D SPACE',''
  ) );
#755 = ORIENTED_EDGE('',*,*,#756,.F.);
#756 = EDGE_CURVE('',#757,#677,#759,.T.);
#757 = VERTEX_POINT('',#758);
#758 = CARTESIAN_POINT('',(-15.,-105.6874185199,0.));
#759 = SURFACE_CURVE('',#760,(#764,#771),.PCURVE_S1.);
#760 = LINE('',#761,#762);
#761 = CARTESIAN_POINT('',(-15.,-244.,0.));
#762 = VECTOR('',#763,1.);
#763 = DIRECTION('',(0.,1.,0.));
#764 = PCURVE('',#107,#765);
#765 = DEFINITIONAL_REPRESENTATION('',(#766),#770);
#766 = LINE('',#767,#768);
#767 = CARTESIAN_POINT('',(-15.,-244.));
#768 = VECTOR('',#769,1.);
#769 = DIRECTION('',(0.,1.));
#770 = ( GEOMETRIC_REPRESENTATION_CONTEXT(2) 
PARAMETRIC_REPRESENTATION_CONTEXT() REPRESENTATION_CONTEXT('2D SPACE',''
  ) );
#771 = PCURVE('',#772,#777);
#772 = PLANE('',#773);
#773 = AXIS2_PLACEMENT_3D('',#774,#775,#776);
#774 = CARTESIAN_POINT('',(-15.,-244.,0.));
#775 = DIRECTION('',(-0.935063239715,0.,0.354480941285));
#776 = DIRECTION('',(-0.354480941285,0.,-0.935063239715));
#777 = DEFINITIONAL_REPRESENTATION('',(#778),#782);
#778 = LINE('',#779,#780);
#779 = CARTESIAN_POINT('',(0.,0.));
#780 = VECTOR('',#781,1.);
#781 = DIRECTION('',(0.,-1.));
#782 = ( GEOMETRIC_REPRESENTATION_CONTEXT(2) 
PARAMETRIC_REPRESENTATION_CONTEXT() REPRESENTATION_CONTEXT('2D SPACE',''
  ) );
#783 = ORIENTED_EDGE('',*,*,#784,.F.);
#784 = EDGE_CURVE('',#371,#757,#785,.T.);
#785 = SURFACE_CURVE('',#786,(#809,#835),.PCURVE_S1.);
#786 = B_SPLINE_CURVE_WITH_KNOTS('',6,(#787,#788,#789,#790,#791,#792,
    #793,#794,#795,#796,#797,#798,#799,#800,#801,#802,#803,#804,#805,
    #806,#807,#808),.UNSPECIFIED.,.F.,.F.,(7,5,5,5,7),(0.,0.249996249286
    ,0.500000158506,0.750003950085,1.),.UNSPECIFIED.);
#787 = CARTESIAN_POINT('',(-11.6865338751,-109.3774424915,0.));
#788 = CARTESIAN_POINT('',(-11.87923586692,-109.3568530692,0.));
#789 = CARTESIAN_POINT('',(-12.07826627144,-109.3215967345,0.));
#790 = CARTESIAN_POINT('',(-12.2821198145,-109.2702370077,0.));
#791 = CARTESIAN_POINT('',(-12.48874457577,-109.2015964485,0.));
#792 = CARTESIAN_POINT('',(-12.69551255155,-109.1151110095,0.));
#793 = CARTESIAN_POINT('',(-13.10369764927,-108.9069383045,0.));
#794 = CARTESIAN_POINT('',(-13.30511387214,-108.7852494285,0.));
#795 = CARTESIAN_POINT('',(-13.50103347748,-108.646201095,0.));
#796 = CARTESIAN_POINT('',(-13.68842123767,-108.4908266176,0.));
#797 = CARTESIAN_POINT('',(-13.86448035214,-108.321085796,0.));
#798 = CARTESIAN_POINT('',(-14.18963120767,-107.9578175108,0.));
#799 = CARTESIAN_POINT('',(-14.33872225008,-107.7642909477,0.));
#800 = CARTESIAN_POINT('',(-14.47216873869,-107.5613412148,0.));
#801 = CARTESIAN_POINT('',(-14.58842841572,-107.3519807773,0.));
#802 = CARTESIAN_POINT('',(-14.6869012012,-107.1392962347,0.));
#803 = CARTESIAN_POINT('',(-14.84852923067,-106.7128098266,0.));
#804 = CARTESIAN_POINT('',(-14.91168623034,-106.4990085522,0.));
#805 = CARTESIAN_POINT('',(-14.95731438414,-106.2874130192,0.));
#806 = CARTESIAN_POINT('',(-14.98629199021,-106.0804840049,0.));
#807 = CARTESIAN_POINT('',(-15.,-105.8800567242,0.));
#808 = CARTESIAN_POINT('',(-15.,-105.6874186599,0.));
#809 = PCURVE('',#107,#810);
#810 = DEFINITIONAL_REPRESENTATION('',(#811),#834);
#811 = B_SPLINE_CURVE_WITH_KNOTS('',6,(#812,#813,#814,#815,#816,#817,
    #818,#819,#820,#821,#822,#823,#824,#825,#826,#827,#828,#829,#830,
    #831,#832,#833),.UNSPECIFIED.,.F.,.F.,(7,5,5,5,7),(0.,0.249996249286
    ,0.500000158506,0.750003950085,1.),.UNSPECIFIED.);
#812 = CARTESIAN_POINT('',(-11.6865338751,-109.3774424915));
#813 = CARTESIAN_POINT('',(-11.87923586692,-109.3568530692));
#814 = CARTESIAN_POINT('',(-12.07826627144,-109.3215967345));
#815 = CARTESIAN_POINT('',(-12.2821198145,-109.2702370077));
#816 = CARTESIAN_POINT('',(-12.48874457577,-109.2015964485));
#817 = CARTESIAN_POINT('',(-12.69551255155,-109.1151110095));
#818 = CARTESIAN_POINT('',(-13.10369764927,-108.9069383045));
#819 = CARTESIAN_POINT('',(-13.30511387214,-108.7852494285));
#820 = CARTESIAN_POINT('',(-13.50103347748,-108.646201095));
#821 = CARTESIAN_POINT('',(-13.68842123767,-108.4908266176));
#822 = CARTESIAN_POINT('',(-13.86448035214,-108.321085796));
#823 = CARTESIAN_POINT('',(-14.18963120767,-107.9578175108));
#824 = CARTESIAN_POINT('',(-14.33872225008,-107.7642909477));
#825 = CARTESIAN_POINT('',(-14.47216873869,-107.5613412148));
#826 = CARTESIAN_POINT('',(-14.58842841572,-107.3519807773));
#827 = CARTESIAN_POINT('',(-14.6869012012,-107.1392962347));
#828 = CARTESIAN_POINT('',(-14.84852923067,-106.7128098266));
#829 = CARTESIAN_POINT('',(-14.91168623034,-106.4990085522));
#830 = CARTESIAN_POINT('',(-14.95731438414,-106.2874130192));
#831 = CARTESIAN_POINT('',(-14.98629199021,-106.0804840049));
#832 = CARTESIAN_POINT('',(-15.,-105.8800567242));
#833 = CARTESIAN_POINT('',(-15.,-105.6874186599));
#834 = ( GEOMETRIC_REPRESENTATION_CONTEXT(2) 
PARAMETRIC_REPRESENTATION_CONTEXT() REPRESENTATION_CONTEXT('2D SPACE',''
  ) );
#835 = PCURVE('',#454,#836);
#836 = DEFINITIONAL_REPRESENTATION('',(#837),#860);
#837 = B_SPLINE_CURVE_WITH_KNOTS('',6,(#838,#839,#840,#841,#842,#843,
    #844,#845,#846,#847,#848,#849,#850,#851,#852,#853,#854,#855,#856,
    #857,#858,#859),.UNSPECIFIED.,.F.,.F.,(7,5,5,5,7),(0.,0.249996249286
    ,0.500000158506,0.750003950085,1.),.UNSPECIFIED.);
#838 = CARTESIAN_POINT('',(0.,-0.773142397452));
#839 = CARTESIAN_POINT('',(15.115833311286,-0.728948955214));
#840 = CARTESIAN_POINT('',(30.231553676172,-0.680027706306));
#841 = CARTESIAN_POINT('',(45.347152489161,-0.626343652104));
#842 = CARTESIAN_POINT('',(60.462628450653,-0.568031428116));
#843 = CARTESIAN_POINT('',(75.577989781269,-0.505484116416));
#844 = CARTESIAN_POINT('',(105.80897228887,-0.373162777612));
#845 = CARTESIAN_POINT('',(120.92459526045,-0.303388545624));
#846 = CARTESIAN_POINT('',(136.04013141501,-0.230622661329));
#847 = CARTESIAN_POINT('',(151.15560604525,-0.155716186537));
#848 = CARTESIAN_POINT('',(166.27105183031,-7.969279892887E-02));
#849 = CARTESIAN_POINT('',(196.501938237,7.2550001397E-02));
#850 = CARTESIAN_POINT('',(211.61738009746,0.148769063647));
#851 = CARTESIAN_POINT('',(226.73285408197,0.224066811635));
#852 = CARTESIAN_POINT('',(241.8483923492,0.297417259708));
#853 = CARTESIAN_POINT('',(256.96401911741,0.367963067083));
#854 = CARTESIAN_POINT('',(287.19500608013,0.502174371876));
#855 = CARTESIAN_POINT('',(302.31036799592,0.56584007673));
#856 = CARTESIAN_POINT('',(317.4258447214,0.62543072095));
#857 = CARTESIAN_POINT('',(332.54144362301,0.680532899028));
#858 = CARTESIAN_POINT('',(347.65716297833,0.730984026427));
#859 = CARTESIAN_POINT('',(362.77299424188,0.776789798621));
#860 = ( GEOMETRIC_REPRESENTATION_CONTEXT(2) 
PARAMETRIC_REPRESENTATION_CONTEXT() REPRESENTATION_CONTEXT('2D SPACE',''
  ) );
#861 = ORIENTED_EDGE('',*,*,#370,.T.);
#862 = ORIENTED_EDGE('',*,*,#863,.T.);
#863 = EDGE_CURVE('',#271,#568,#864,.T.);
#864 = SURFACE_CURVE('',#865,(#888,#914),.PCURVE_S1.);
#865 = B_SPLINE_CURVE_WITH_KNOTS('',6,(#866,#867,#868,#869,#870,#871,
    #872,#873,#874,#875,#876,#877,#878,#879,#880,#881,#882,#883,#884,
    #885,#886,#887),.UNSPECIFIED.,.F.,.F.,(7,5,5,5,7),(0.,0.249985035126
    ,0.500000631737,0.750015759454,1.),.UNSPECIFIED.);
#866 = CARTESIAN_POINT('',(11.686533875108,-109.3774424915,0.));
#867 = CARTESIAN_POINT('',(11.87924699387,-109.3568518803,0.));
#868 = CARTESIAN_POINT('',(12.078284948411,-109.321593125,0.));
#869 = CARTESIAN_POINT('',(12.282141356677,-109.2702307478,0.));
#870 = CARTESIAN_POINT('',(12.488763556797,-109.201588886,0.));
#871 = CARTESIAN_POINT('',(12.695523962093,-109.115105193,0.));
#872 = CARTESIAN_POINT('',(13.103705008105,-108.9069345487,0.));
#873 = CARTESIAN_POINT('',(13.305124332767,-108.7852427296,0.));
#874 = CARTESIAN_POINT('',(13.501043218123,-108.6461932998,0.));
#875 = CARTESIAN_POINT('',(13.688427911558,-108.4908201795,0.));
#876 = CARTESIAN_POINT('',(13.864483446735,-108.3210823452,0.));
#877 = CARTESIAN_POINT('',(14.189627979484,-107.9578211109,0.));
#878 = CARTESIAN_POINT('',(14.338716358678,-107.7642985972,0.));
#879 = CARTESIAN_POINT('',(14.472161873074,-107.5613520912,0.));
#880 = CARTESIAN_POINT('',(14.588422800277,-107.3519921465,0.));
#881 = CARTESIAN_POINT('',(14.686898244871,-107.139304043,0.));
#882 = CARTESIAN_POINT('',(14.848524735818,-106.7128216797,0.));
#883 = CARTESIAN_POINT('',(14.9116808308,-106.4990280416,0.));
#884 = CARTESIAN_POINT('',(14.957310532064,-106.2874348521,0.));
#885 = CARTESIAN_POINT('',(14.986290419749,-106.0805027217,0.));
#886 = CARTESIAN_POINT('',(15.,-105.8800677694,0.));
#887 = CARTESIAN_POINT('',(15.,-105.6874186599,0.));
#888 = PCURVE('',#107,#889);
#889 = DEFINITIONAL_REPRESENTATION('',(#890),#913);
#890 = B_SPLINE_CURVE_WITH_KNOTS('',6,(#891,#892,#893,#894,#895,#896,
    #897,#898,#899,#900,#901,#902,#903,#904,#905,#906,#907,#908,#909,
    #910,#911,#912),.UNSPECIFIED.,.F.,.F.,(7,5,5,5,7),(0.,0.249985035126
    ,0.500000631737,0.750015759454,1.),.UNSPECIFIED.);
#891 = CARTESIAN_POINT('',(11.686533875108,-109.3774424915));
#892 = CARTESIAN_POINT('',(11.87924699387,-109.3568518803));
#893 = CARTESIAN_POINT('',(12.078284948411,-109.321593125));
#894 = CARTESIAN_POINT('',(12.282141356677,-109.2702307478));
#895 = CARTESIAN_POINT('',(12.488763556797,-109.201588886));
#896 = CARTESIAN_POINT('',(12.695523962093,-109.115105193));
#897 = CARTESIAN_POINT('',(13.103705008105,-108.9069345487));
#898 = CARTESIAN_POINT('',(13.305124332767,-108.7852427296));
#899 = CARTESIAN_POINT('',(13.501043218123,-108.6461932998));
#900 = CARTESIAN_POINT('',(13.688427911558,-108.4908201795));
#901 = CARTESIAN_POINT('',(13.864483446735,-108.3210823452));
#902 = CARTESIAN_POINT('',(14.189627979484,-107.9578211109));
#903 = CARTESIAN_POINT('',(14.338716358678,-107.7642985972));
#904 = CARTESIAN_POINT('',(14.472161873074,-107.5613520912));
#905 = CARTESIAN_POINT('',(14.588422800277,-107.3519921465));
#906 = CARTESIAN_POINT('',(14.686898244871,-107.139304043));
#907 = CARTESIAN_POINT('',(14.848524735818,-106.7128216797));
#908 = CARTESIAN_POINT('',(14.9116808308,-106.4990280416));
#909 = CARTESIAN_POINT('',(14.957310532064,-106.2874348521));
#910 = CARTESIAN_POINT('',(14.986290419749,-106.0805027217));
#911 = CARTESIAN_POINT('',(15.,-105.8800677694));
#912 = CARTESIAN_POINT('',(15.,-105.6874186599));
#913 = ( GEOMETRIC_REPRESENTATION_CONTEXT(2) 
PARAMETRIC_REPRESENTATION_CONTEXT() REPRESENTATION_CONTEXT('2D SPACE',''
  ) );
#914 = PCURVE('',#308,#915);
#915 = DEFINITIONAL_REPRESENTATION('',(#916),#939);
#916 = B_SPLINE_CURVE_WITH_KNOTS('',6,(#917,#918,#919,#920,#921,#922,
    #923,#924,#925,#926,#927,#928,#929,#930,#931,#932,#933,#934,#935,
    #936,#937,#938),.UNSPECIFIED.,.F.,.F.,(7,5,5,5,7),(0.,0.249985035126
    ,0.500000631737,0.750015759454,1.),.UNSPECIFIED.);
#917 = CARTESIAN_POINT('',(0.,362.39359984249));
#918 = CARTESIAN_POINT('',(7.566574299175,362.34935577637));
#919 = CARTESIAN_POINT('',(15.132922979693,362.30037920396));
#920 = CARTESIAN_POINT('',(22.699028873021,362.24663554905));
#921 = CARTESIAN_POINT('',(30.264889416096,362.18826011463));
#922 = CARTESIAN_POINT('',(37.830521047854,362.12564672667));
#923 = CARTESIAN_POINT('',(52.962303280744,361.9931827752));
#924 = CARTESIAN_POINT('',(60.528457425202,361.9233313211));
#925 = CARTESIAN_POINT('',(68.094438203931,361.85048617557));
#926 = CARTESIAN_POINT('',(75.660296136339,361.77549916992));
#927 = CARTESIAN_POINT('',(83.226096464723,361.69939452841));
#928 = CARTESIAN_POINT('',(98.357686822409,361.54698909384));
#929 = CARTESIAN_POINT('',(105.92347932077,361.47068863199));
#930 = CARTESIAN_POINT('',(113.48933596326,361.39530994864));
#931 = CARTESIAN_POINT('',(121.05532095463,361.32187958172));
#932 = CARTESIAN_POINT('',(128.62148267133,361.25125565444));
#933 = CARTESIAN_POINT('',(143.75327378885,361.11689964311));
#934 = CARTESIAN_POINT('',(151.31890658556,361.05316669169));
#935 = CARTESIAN_POINT('',(158.88476865091,360.99351147495));
#936 = CARTESIAN_POINT('',(166.45087471896,360.93834815603));
#937 = CARTESIAN_POINT('',(174.01722138316,360.88784000635));
#938 = CARTESIAN_POINT('',(181.58379159427,360.8419817819));
#939 = ( GEOMETRIC_REPRESENTATION_CONTEXT(2) 
PARAMETRIC_REPRESENTATION_CONTEXT() REPRESENTATION_CONTEXT('2D SPACE',''
  ) );
#940 = FACE_BOUND('',#941,.T.);
#941 = EDGE_LOOP('',(#942,#973,#996,#1020));
#942 = ORIENTED_EDGE('',*,*,#943,.F.);
#943 = EDGE_CURVE('',#944,#946,#948,.T.);
#944 = VERTEX_POINT('',#945);
#945 = CARTESIAN_POINT('',(0.749999999999,92.496959409485,0.));
#946 = VERTEX_POINT('',#947);
#947 = CARTESIAN_POINT('',(-0.75,92.496959409485,0.));
#948 = SURFACE_CURVE('',#949,(#954,#961),.PCURVE_S1.);
#949 = CIRCLE('',#950,92.5);
#950 = AXIS2_PLACEMENT_3D('',#951,#952,#953);
#951 = CARTESIAN_POINT('',(0.,0.,0.));
#952 = DIRECTION('',(0.,0.,1.));
#953 = DIRECTION('',(1.,0.,-0.));
#954 = PCURVE('',#107,#955);
#955 = DEFINITIONAL_REPRESENTATION('',(#956),#960);
#956 = CIRCLE('',#957,92.5);
#957 = AXIS2_PLACEMENT_2D('',#958,#959);
#958 = CARTESIAN_POINT('',(0.,0.));
#959 = DIRECTION('',(1.,0.));
#960 = ( GEOMETRIC_REPRESENTATION_CONTEXT(2) 
PARAMETRIC_REPRESENTATION_CONTEXT() REPRESENTATION_CONTEXT('2D SPACE',''
  ) );
#961 = PCURVE('',#962,#967);
#962 = PLANE('',#963);
#963 = AXIS2_PLACEMENT_3D('',#964,#965,#966);
#964 = CARTESIAN_POINT('',(0.,0.,0.));
#965 = DIRECTION('',(0.,0.,1.));
#966 = DIRECTION('',(1.,0.,-0.));
#967 = DEFINITIONAL_REPRESENTATION('',(#968),#972);
#968 = CIRCLE('',#969,92.5);
#969 = AXIS2_PLACEMENT_2D('',#970,#971);
#970 = CARTESIAN_POINT('',(0.,0.));
#971 = DIRECTION('',(1.,0.));
#972 = ( GEOMETRIC_REPRESENTATION_CONTEXT(2) 
PARAMETRIC_REPRESENTATION_CONTEXT() REPRESENTATION_CONTEXT('2D SPACE',''
  ) );
#973 = ORIENTED_EDGE('',*,*,#974,.F.);
#974 = EDGE_CURVE('',#975,#944,#977,.T.);
#975 = VERTEX_POINT('',#976);
#976 = CARTESIAN_POINT('',(0.749999999999,-92.49695940948,0.));
#977 = SURFACE_CURVE('',#978,(#982,#989),.PCURVE_S1.);
#978 = LINE('',#979,#980);
#979 = CARTESIAN_POINT('',(0.75,-244.,0.));
#980 = VECTOR('',#981,1.);
#981 = DIRECTION('',(0.,1.,0.));
#982 = PCURVE('',#107,#983);
#983 = DEFINITIONAL_REPRESENTATION('',(#984),#988);
#984 = LINE('',#985,#986);
#985 = CARTESIAN_POINT('',(0.75,-244.));
#986 = VECTOR('',#987,1.);
#987 = DIRECTION('',(0.,1.));
#988 = ( GEOMETRIC_REPRESENTATION_CONTEXT(2) 
PARAMETRIC_REPRESENTATION_CONTEXT() REPRESENTATION_CONTEXT('2D SPACE',''
  ) );
#989 = PCURVE('',#962,#990);
#990 = DEFINITIONAL_REPRESENTATION('',(#991),#995);
#991 = LINE('',#992,#993);
#992 = CARTESIAN_POINT('',(0.75,-244.));
#993 = VECTOR('',#994,1.);
#994 = DIRECTION('',(0.,1.));
#995 = ( GEOMETRIC_REPRESENTATION_CONTEXT(2) 
PARAMETRIC_REPRESENTATION_CONTEXT() REPRESENTATION_CONTEXT('2D SPACE',''
  ) );
#996 = ORIENTED_EDGE('',*,*,#997,.F.);
#997 = EDGE_CURVE('',#998,#975,#1000,.T.);
#998 = VERTEX_POINT('',#999);
#999 = CARTESIAN_POINT('',(-0.75,-92.49695940948,0.));
#1000 = SURFACE_CURVE('',#1001,(#1006,#1013),.PCURVE_S1.);
#1001 = CIRCLE('',#1002,92.5);
#1002 = AXIS2_PLACEMENT_3D('',#1003,#1004,#1005);
#1003 = CARTESIAN_POINT('',(0.,0.,0.));
#1004 = DIRECTION('',(0.,0.,1.));
#1005 = DIRECTION('',(1.,0.,-0.));
#1006 = PCURVE('',#107,#1007);
#1007 = DEFINITIONAL_REPRESENTATION('',(#1008),#1012);
#1008 = CIRCLE('',#1009,92.5);
#1009 = AXIS2_PLACEMENT_2D('',#1010,#1011);
#1010 = CARTESIAN_POINT('',(0.,0.));
#1011 = DIRECTION('',(1.,0.));
#1012 = ( GEOMETRIC_REPRESENTATION_CONTEXT(2) 
PARAMETRIC_REPRESENTATION_CONTEXT() REPRESENTATION_CONTEXT('2D SPACE',''
  ) );
#1013 = PCURVE('',#962,#1014);
#1014 = DEFINITIONAL_REPRESENTATION('',(#1015),#1019);
#1015 = CIRCLE('',#1016,92.5);
#1016 = AXIS2_PLACEMENT_2D('',#1017,#1018);
#1017 = CARTESIAN_POINT('',(0.,0.));
#1018 = DIRECTION('',(1.,0.));
#1019 = ( GEOMETRIC_REPRESENTATION_CONTEXT(2) 
PARAMETRIC_REPRESENTATION_CONTEXT() REPRESENTATION_CONTEXT('2D SPACE',''
  ) );
#1020 = ORIENTED_EDGE('',*,*,#1021,.T.);
#1021 = EDGE_CURVE('',#998,#946,#1022,.T.);
#1022 = SURFACE_CURVE('',#1023,(#1027,#1034),.PCURVE_S1.);
#1023 = LINE('',#1024,#1025);
#1024 = CARTESIAN_POINT('',(-0.75,-244.,0.));
#1025 = VECTOR('',#1026,1.);
#1026 = DIRECTION('',(0.,1.,0.));
#1027 = PCURVE('',#107,#1028);
#1028 = DEFINITIONAL_REPRESENTATION('',(#1029),#1033);
#1029 = LINE('',#1030,#1031);
#1030 = CARTESIAN_POINT('',(-0.75,-244.));
#1031 = VECTOR('',#1032,1.);
#1032 = DIRECTION('',(0.,1.));
#1033 = ( GEOMETRIC_REPRESENTATION_CONTEXT(2) 
PARAMETRIC_REPRESENTATION_CONTEXT() REPRESENTATION_CONTEXT('2D SPACE',''
  ) );
#1034 = PCURVE('',#962,#1035);
#1035 = DEFINITIONAL_REPRESENTATION('',(#1036),#1040);
#1036 = LINE('',#1037,#1038);
#1037 = CARTESIAN_POINT('',(-0.75,-244.));
#1038 = VECTOR('',#1039,1.);
#1039 = DIRECTION('',(0.,1.));
#1040 = ( GEOMETRIC_REPRESENTATION_CONTEXT(2) 
PARAMETRIC_REPRESENTATION_CONTEXT() REPRESENTATION_CONTEXT('2D SPACE',''
  ) );
#1041 = ADVANCED_FACE('',(#1042),#157,.T.);
#1042 = FACE_BOUND('',#1043,.T.);
#1043 = EDGE_LOOP('',(#1044,#1045,#1090,#1109));
#1044 = ORIENTED_EDGE('',*,*,#597,.T.);
#1045 = ORIENTED_EDGE('',*,*,#1046,.T.);
#1046 = EDGE_CURVE('',#570,#1047,#1049,.T.);
#1047 = VERTEX_POINT('',#1048);
#1048 = CARTESIAN_POINT('',(62.096850568825,-2.84217094304E-14,
    -124.2338544734));
#1049 = SURFACE_CURVE('',#1050,(#1069,#1076),.PCURVE_S1.);
#1050 = B_SPLINE_CURVE_WITH_KNOTS('',9,(#1051,#1052,#1053,#1054,#1055,
    #1056,#1057,#1058,#1059,#1060,#1061,#1062,#1063,#1064,#1065,#1066,
    #1067,#1068),.UNSPECIFIED.,.F.,.F.,(10,8,10),(-11.18702234902,
    -0.773983346059,180.80980824821),.UNSPECIFIED.);
#1051 = CARTESIAN_POINT('',(8.670147996959,112.73283752557,
    16.697123121535));
#1052 = CARTESIAN_POINT('',(9.285099500003,112.04874598162,
    15.07498077837));
#1053 = CARTESIAN_POINT('',(9.899496660838,111.36527110551,
    13.454300700059));
#1054 = CARTESIAN_POINT('',(10.513339479464,110.68241289725,
    11.835082886604));
#1055 = CARTESIAN_POINT('',(11.12662795588,110.00017135684,
    10.217327338004));
#1056 = CARTESIAN_POINT('',(11.739362090086,109.31854648427,
    8.601034054259));
#1057 = CARTESIAN_POINT('',(12.351541882083,108.63753827954,
    6.98620303537));
#1058 = CARTESIAN_POINT('',(12.963167331871,107.95714674266,
    5.372834281335));
#1059 = CARTESIAN_POINT('',(13.574238439449,107.27737187362,
    3.760927792155));
#1060 = CARTESIAN_POINT('',(24.831017939071,94.75497355495,
    -25.93263110414));
#1061 = CARTESIAN_POINT('',(34.146553153037,82.911860260977,
    -50.50550237124));
#1062 = CARTESIAN_POINT('',(42.131441238173,71.068327096666,
    -71.56834229313));
#1063 = CARTESIAN_POINT('',(48.785439836522,59.226380702456,
    -89.12051156875));
#1064 = CARTESIAN_POINT('',(54.109396248466,47.381411629933,
    -103.1642452392));
#1065 = CARTESIAN_POINT('',(58.101690218038,35.540141415539,
    -113.6952693318));
#1066 = CARTESIAN_POINT('',(60.765231256942,23.695673184117,
    -120.7212586669));
#1067 = CARTESIAN_POINT('',(62.096850568826,11.847778717567,
    -124.2338544734));
#1068 = CARTESIAN_POINT('',(62.096850568825,-2.84217094304E-14,
    -124.2338544734));
#1069 = PCURVE('',#157,#1070);
#1070 = DEFINITIONAL_REPRESENTATION('',(#1071),#1075);
#1071 = LINE('',#1072,#1073);
#1072 = CARTESIAN_POINT('',(181.58379159427,0.));
#1073 = VECTOR('',#1074,1.);
#1074 = DIRECTION('',(0.,1.));
#1075 = ( GEOMETRIC_REPRESENTATION_CONTEXT(2) 
PARAMETRIC_REPRESENTATION_CONTEXT() REPRESENTATION_CONTEXT('2D SPACE',''
  ) );
#1076 = PCURVE('',#585,#1077);
#1077 = DEFINITIONAL_REPRESENTATION('',(#1078),#1089);
#1078 = B_SPLINE_CURVE_WITH_KNOTS('',9,(#1079,#1080,#1081,#1082,#1083,
    #1084,#1085,#1086,#1087,#1088),.UNSPECIFIED.,.F.,.F.,(10,10),(
    -0.773983346059,180.80980824821),.PIECEWISE_BEZIER_KNOTS.);
#1079 = CARTESIAN_POINT('',(263.2447444335,-350.5982136724));
#1080 = CARTESIAN_POINT('',(233.21135901183,-338.7549735549));
#1081 = CARTESIAN_POINT('',(206.93199070455,-326.911860261));
#1082 = CARTESIAN_POINT('',(184.40641272501,-315.0683270965));
#1083 = CARTESIAN_POINT('',(165.63530877185,-303.2263807025));
#1084 = CARTESIAN_POINT('',(150.61628858781,-291.3814116298));
#1085 = CARTESIAN_POINT('',(139.35392295811,-279.5401414156));
#1086 = CARTESIAN_POINT('',(131.84000407356,-267.695673184));
#1087 = CARTESIAN_POINT('',(128.08347119187,-255.8477787175));
#1088 = CARTESIAN_POINT('',(128.08347119186,-244.));
#1089 = ( GEOMETRIC_REPRESENTATION_CONTEXT(2) 
PARAMETRIC_REPRESENTATION_CONTEXT() REPRESENTATION_CONTEXT('2D SPACE',''
  ) );
#1090 = ORIENTED_EDGE('',*,*,#1091,.F.);
#1091 = EDGE_CURVE('',#120,#1047,#1092,.T.);
#1092 = SURFACE_CURVE('',#1093,(#1097,#1103),.PCURVE_S1.);
#1093 = ( BOUNDED_CURVE() B_SPLINE_CURVE(2,(#1094,#1095,#1096),
.UNSPECIFIED.,.F.,.F.) B_SPLINE_CURVE_WITH_KNOTS((3,3),(0.,
181.58379159427),.PIECEWISE_BEZIER_KNOTS.) CURVE() 
GEOMETRIC_REPRESENTATION_ITEM() RATIONAL_B_SPLINE_CURVE((1.,
0.935063239715,1.)) REPRESENTATION_ITEM('') );
#1094 = CARTESIAN_POINT('',(62.096850568825,0.,-126.3607401211));
#1095 = CARTESIAN_POINT('',(62.5,6.394884621841E-14,-125.2972972972));
#1096 = CARTESIAN_POINT('',(62.096850568825,-2.84217094304E-14,
    -124.2338544734));
#1097 = PCURVE('',#157,#1098);
#1098 = DEFINITIONAL_REPRESENTATION('',(#1099),#1102);
#1099 = B_SPLINE_CURVE_WITH_KNOTS('',1,(#1100,#1101),.UNSPECIFIED.,.F.,
  .F.,(2,2),(0.,181.58379159427),.PIECEWISE_BEZIER_KNOTS.);
#1100 = CARTESIAN_POINT('',(0.,180.80980824821));
#1101 = CARTESIAN_POINT('',(181.58379159427,180.80980824821));
#1102 = ( GEOMETRIC_REPRESENTATION_CONTEXT(2) 
PARAMETRIC_REPRESENTATION_CONTEXT() REPRESENTATION_CONTEXT('2D SPACE',''
  ) );
#1103 = PCURVE('',#308,#1104);
#1104 = DEFINITIONAL_REPRESENTATION('',(#1105),#1108);
#1105 = B_SPLINE_CURVE_WITH_KNOTS('',1,(#1106,#1107),.UNSPECIFIED.,.F.,
  .F.,(2,2),(0.,181.58379159427),.PIECEWISE_BEZIER_KNOTS.);
#1106 = CARTESIAN_POINT('',(0.,180.80980824821));
#1107 = CARTESIAN_POINT('',(181.58379159427,180.80980824821));
#1108 = ( GEOMETRIC_REPRESENTATION_CONTEXT(2) 
PARAMETRIC_REPRESENTATION_CONTEXT() REPRESENTATION_CONTEXT('2D SPACE',''
  ) );
#1109 = ORIENTED_EDGE('',*,*,#119,.F.);
#1110 = ADVANCED_FACE('',(#1111),#454,.T.);
#1111 = FACE_BOUND('',#1112,.T.);
#1112 = EDGE_LOOP('',(#1113,#1114,#1181,#1182));
#1113 = ORIENTED_EDGE('',*,*,#784,.T.);
#1114 = ORIENTED_EDGE('',*,*,#1115,.T.);
#1115 = EDGE_CURVE('',#757,#677,#1116,.T.);
#1116 = SURFACE_CURVE('',#1117,(#1152,#1159),.PCURVE_S1.);
#1117 = B_SPLINE_CURVE_WITH_KNOTS('',9,(#1118,#1119,#1120,#1121,#1122,
    #1123,#1124,#1125,#1126,#1127,#1128,#1129,#1130,#1131,#1132,#1133,
    #1134,#1135,#1136,#1137,#1138,#1139,#1140,#1141,#1142,#1143,#1144,
    #1145,#1146,#1147,#1148,#1149,#1150,#1151),.UNSPECIFIED.,.F.,.F.,(10
    ,8,8,8,10),(-11.16033993943,-0.773142397452,180.61335472349,
    361.99985184443,372.38704938641),.UNSPECIFIED.);
#1118 = CARTESIAN_POINT('',(-8.677849927321,-112.7242696541,
    16.676806678201));
#1119 = CARTESIAN_POINT('',(-9.291942563445,-112.0411335409,
    15.056929886696));
#1120 = CARTESIAN_POINT('',(-9.905481631579,-111.3586132343,
    13.438513317779));
#1121 = CARTESIAN_POINT('',(-10.51846713172,-110.6767087343,
    11.821556971451));
#1122 = CARTESIAN_POINT('',(-11.13089906388,-109.9954200409,
    10.206060847711));
#1123 = CARTESIAN_POINT('',(-11.74277742804,-109.314747154,8.59202494656
    ));
#1124 = CARTESIAN_POINT('',(-12.35410222422,-108.6346900737,
    6.979449267996));
#1125 = CARTESIAN_POINT('',(-12.96487345241,-107.9552488001,
    5.368333812022));
#1126 = CARTESIAN_POINT('',(-13.5750911126,-107.2764233329,
    3.758678578635));
#1127 = CARTESIAN_POINT('',(-24.83101793922,-94.75497355478,
    -25.93263110454));
#1128 = CARTESIAN_POINT('',(-34.14655315247,-82.91186026159,
    -50.50550236978));
#1129 = CARTESIAN_POINT('',(-42.13144123924,-71.06832709548,
    -71.56834229594));
#1130 = CARTESIAN_POINT('',(-48.78543983525,-59.22638070385,
    -89.12051156543));
#1131 = CARTESIAN_POINT('',(-54.10939624941,-47.38141162889,
    -103.1642452416));
#1132 = CARTESIAN_POINT('',(-58.1016902176,-35.540141416,-113.6952693307
    ));
#1133 = CARTESIAN_POINT('',(-60.76523125703,-23.69567318402,
    -120.7212586672));
#1134 = CARTESIAN_POINT('',(-62.09685056882,-11.84777871756,
    -124.2338544734));
#1135 = CARTESIAN_POINT('',(-62.09685056882,11.847778717565,
    -124.2338544734));
#1136 = CARTESIAN_POINT('',(-60.76523125703,23.69567318402,
    -120.7212586672));
#1137 = CARTESIAN_POINT('',(-58.1016902176,35.540141416006,
    -113.6952693307));
#1138 = CARTESIAN_POINT('',(-54.10939624941,47.381411628885,
    -103.1642452417));
#1139 = CARTESIAN_POINT('',(-48.78543983525,59.226380703862,
    -89.12051156543));
#1140 = CARTESIAN_POINT('',(-42.13144123924,71.068327095474,
    -71.56834229594));
#1141 = CARTESIAN_POINT('',(-34.14655315248,82.9118602616,
    -50.50550236978));
#1142 = CARTESIAN_POINT('',(-24.83101793922,94.754973554781,
    -25.93263110454));
#1143 = CARTESIAN_POINT('',(-13.5750911126,107.27642333298,
    3.758678578635));
#1144 = CARTESIAN_POINT('',(-12.96487345241,107.9552488001,
    5.368333812022));
#1145 = CARTESIAN_POINT('',(-12.35410222422,108.63469007379,
    6.979449267996));
#1146 = CARTESIAN_POINT('',(-11.74277742804,109.31474715407,
    8.59202494656));
#1147 = CARTESIAN_POINT('',(-11.13089906388,109.99542004092,
    10.206060847711));
#1148 = CARTESIAN_POINT('',(-10.51846713172,110.67670873435,
    11.821556971451));
#1149 = CARTESIAN_POINT('',(-9.90548163158,111.35861323436,
    13.438513317779));
#1150 = CARTESIAN_POINT('',(-9.291942563445,112.04113354094,
    15.056929886696));
#1151 = CARTESIAN_POINT('',(-8.677849927321,112.72426965411,
    16.676806678201));
#1152 = PCURVE('',#454,#1153);
#1153 = DEFINITIONAL_REPRESENTATION('',(#1154),#1158);
#1154 = LINE('',#1155,#1156);
#1155 = CARTESIAN_POINT('',(362.77299424188,0.));
#1156 = VECTOR('',#1157,1.);
#1157 = DIRECTION('',(0.,1.));
#1158 = ( GEOMETRIC_REPRESENTATION_CONTEXT(2) 
PARAMETRIC_REPRESENTATION_CONTEXT() REPRESENTATION_CONTEXT('2D SPACE',''
  ) );
#1159 = PCURVE('',#772,#1160);
#1160 = DEFINITIONAL_REPRESENTATION('',(#1161),#1180);
#1161 = B_SPLINE_CURVE_WITH_KNOTS('',9,(#1162,#1163,#1164,#1165,#1166,
    #1167,#1168,#1169,#1170,#1171,#1172,#1173,#1174,#1175,#1176,#1177,
    #1178,#1179),.UNSPECIFIED.,.F.,.F.,(10,8,10),(-0.773142397452,
    180.61335472349,361.99985184443),.UNSPECIFIED.);
#1162 = CARTESIAN_POINT('',(-2.299826874269,-137.4017863275));
#1163 = CARTESIAN_POINT('',(27.733558547825,-149.2450264452));
#1164 = CARTESIAN_POINT('',(54.012926853157,-161.0881397383));
#1165 = CARTESIAN_POINT('',(76.538504837167,-172.9316729045));
#1166 = CARTESIAN_POINT('',(95.309608783928,-184.7736192961));
#1167 = CARTESIAN_POINT('',(110.32862897401,-196.6185883711));
#1168 = CARTESIAN_POINT('',(121.59099459997,-208.4598585839));
#1169 = CARTESIAN_POINT('',(129.10491348591,-220.3043268159));
#1170 = CARTESIAN_POINT('',(132.86144636737,-232.1522212824));
#1171 = CARTESIAN_POINT('',(132.86144636737,-255.8477787175));
#1172 = CARTESIAN_POINT('',(129.10491348591,-267.695673184));
#1173 = CARTESIAN_POINT('',(121.59099459998,-279.5401414159));
#1174 = CARTESIAN_POINT('',(110.32862897399,-291.3814116289));
#1175 = CARTESIAN_POINT('',(95.309608783946,-303.2263807038));
#1176 = CARTESIAN_POINT('',(76.538504837153,-315.0683270954));
#1177 = CARTESIAN_POINT('',(54.012926853164,-326.9118602615));
#1178 = CARTESIAN_POINT('',(27.733558547823,-338.7549735547));
#1179 = CARTESIAN_POINT('',(-2.299826874269,-350.5982136724));
#1180 = ( GEOMETRIC_REPRESENTATION_CONTEXT(2) 
PARAMETRIC_REPRESENTATION_CONTEXT() REPRESENTATION_CONTEXT('2D SPACE',''
  ) );
#1181 = ORIENTED_EDGE('',*,*,#676,.F.);
#1182 = ORIENTED_EDGE('',*,*,#394,.F.);
#1183 = ADVANCED_FACE('',(#1184),#257,.F.);
#1184 = FACE_BOUND('',#1185,.T.);
#1185 = EDGE_LOOP('',(#1186));
#1186 = ORIENTED_EDGE('',*,*,#242,.F.);
#1187 = ADVANCED_FACE('',(#1188),#308,.T.);
#1188 = FACE_BOUND('',#1189,.T.);
#1189 = EDGE_LOOP('',(#1190,#1191,#1234,#1235));
#1190 = ORIENTED_EDGE('',*,*,#1091,.T.);
#1191 = ORIENTED_EDGE('',*,*,#1192,.T.);
#1192 = EDGE_CURVE('',#1047,#568,#1193,.T.);
#1193 = SURFACE_CURVE('',#1194,(#1213,#1220),.PCURVE_S1.);
#1194 = B_SPLINE_CURVE_WITH_KNOTS('',9,(#1195,#1196,#1197,#1198,#1199,
    #1200,#1201,#1202,#1203,#1204,#1205,#1206,#1207,#1208,#1209,#1210,
    #1211,#1212),.UNSPECIFIED.,.F.,.F.,(10,8,10),(180.80980824821,
    362.39359984249,372.80663884545),.UNSPECIFIED.);
#1195 = CARTESIAN_POINT('',(62.096850568825,-1.491468417191E-14,
    -124.2338544734));
#1196 = CARTESIAN_POINT('',(62.096850568825,-11.84777871756,
    -124.2338544734));
#1197 = CARTESIAN_POINT('',(60.765231256947,-23.69567318412,
    -120.7212586669));
#1198 = CARTESIAN_POINT('',(58.101690218027,-35.54014141552,
    -113.6952693318));
#1199 = CARTESIAN_POINT('',(54.109396248483,-47.38141162995,
    -103.1642452392));
#1200 = CARTESIAN_POINT('',(48.785439836505,-59.22638070243,
    -89.12051156872));
#1201 = CARTESIAN_POINT('',(42.131441238186,-71.06832709668,
    -71.56834229315));
#1202 = CARTESIAN_POINT('',(34.146553153031,-82.91186026096,
    -50.50550237123));
#1203 = CARTESIAN_POINT('',(24.831017939072,-94.75497355495,
    -25.93263110414));
#1204 = CARTESIAN_POINT('',(13.574238439449,-107.2773718736,
    3.760927792155));
#1205 = CARTESIAN_POINT('',(12.963167331871,-107.9571467426,
    5.372834281335));
#1206 = CARTESIAN_POINT('',(12.351541882083,-108.6375382795,
    6.98620303537));
#1207 = CARTESIAN_POINT('',(11.739362090086,-109.3185464842,
    8.601034054259));
#1208 = CARTESIAN_POINT('',(11.12662795588,-110.0001713568,
    10.217327338004));
#1209 = CARTESIAN_POINT('',(10.513339479464,-110.6824128972,
    11.835082886604));
#1210 = CARTESIAN_POINT('',(9.899496660838,-111.3652711055,
    13.454300700059));
#1211 = CARTESIAN_POINT('',(9.285099500003,-112.0487459816,
    15.07498077837));
#1212 = CARTESIAN_POINT('',(8.670147996959,-112.7328375255,
    16.697123121535));
#1213 = PCURVE('',#308,#1214);
#1214 = DEFINITIONAL_REPRESENTATION('',(#1215),#1219);
#1215 = LINE('',#1216,#1217);
#1216 = CARTESIAN_POINT('',(181.58379159427,0.));
#1217 = VECTOR('',#1218,1.);
#1218 = DIRECTION('',(0.,1.));
#1219 = ( GEOMETRIC_REPRESENTATION_CONTEXT(2) 
PARAMETRIC_REPRESENTATION_CONTEXT() REPRESENTATION_CONTEXT('2D SPACE',''
  ) );
#1220 = PCURVE('',#585,#1221);
#1221 = DEFINITIONAL_REPRESENTATION('',(#1222),#1233);
#1222 = B_SPLINE_CURVE_WITH_KNOTS('',9,(#1223,#1224,#1225,#1226,#1227,
    #1228,#1229,#1230,#1231,#1232),.UNSPECIFIED.,.F.,.F.,(10,10),(
    180.80980824821,362.39359984249),.PIECEWISE_BEZIER_KNOTS.);
#1223 = CARTESIAN_POINT('',(128.08347119186,-244.));
#1224 = CARTESIAN_POINT('',(128.08347119186,-232.1522212824));
#1225 = CARTESIAN_POINT('',(131.84000407358,-220.3043268158));
#1226 = CARTESIAN_POINT('',(139.35392295807,-208.4598585844));
#1227 = CARTESIAN_POINT('',(150.61628858788,-196.61858837));
#1228 = CARTESIAN_POINT('',(165.63530877177,-184.7736192975));
#1229 = CARTESIAN_POINT('',(184.40641272506,-172.9316729033));
#1230 = CARTESIAN_POINT('',(206.93199070452,-161.088139739));
#1231 = CARTESIAN_POINT('',(233.21135901184,-149.245026445));
#1232 = CARTESIAN_POINT('',(263.2447444335,-137.4017863275));
#1233 = ( GEOMETRIC_REPRESENTATION_CONTEXT(2) 
PARAMETRIC_REPRESENTATION_CONTEXT() REPRESENTATION_CONTEXT('2D SPACE',''
  ) );
#1234 = ORIENTED_EDGE('',*,*,#863,.F.);
#1235 = ORIENTED_EDGE('',*,*,#270,.F.);
#1236 = ADVANCED_FACE('',(#1237),#585,.T.);
#1237 = FACE_BOUND('',#1238,.T.);
#1238 = EDGE_LOOP('',(#1239,#1240,#1241));
#1239 = ORIENTED_EDGE('',*,*,#567,.F.);
#1240 = ORIENTED_EDGE('',*,*,#1192,.F.);
#1241 = ORIENTED_EDGE('',*,*,#1046,.F.);
#1242 = ADVANCED_FACE('',(#1243),#772,.T.);
#1243 = FACE_BOUND('',#1244,.T.);
#1244 = EDGE_LOOP('',(#1245,#1246));
#1245 = ORIENTED_EDGE('',*,*,#756,.T.);
#1246 = ORIENTED_EDGE('',*,*,#1115,.F.);
#1247 = ADVANCED_FACE('',(#1248),#962,.T.);
#1248 = FACE_BOUND('',#1249,.T.);
#1249 = EDGE_LOOP('',(#1250,#1251,#1252,#1253));
#1250 = ORIENTED_EDGE('',*,*,#974,.T.);
#1251 = ORIENTED_EDGE('',*,*,#943,.T.);
#1252 = ORIENTED_EDGE('',*,*,#1021,.F.);
#1253 = ORIENTED_EDGE('',*,*,#997,.T.);
#1254 = ( GEOMETRIC_REPRESENTATION_CONTEXT(3) 
GLOBAL_UNCERTAINTY_ASSIGNED_CONTEXT((#1258)) 
GLOBAL_UNIT_ASSIGNED_CONTEXT((#1255,#1256,#1257)) REPRESENTATION_CONTEXT
('Context #1','3D Context with UNIT and UNCERTAINTY') );
#1255 = ( LENGTH_UNIT() NAMED_UNIT(*) SI_UNIT(.MILLI.,.METRE.) );
#1256 = ( NAMED_UNIT(*) PLANE_ANGLE_UNIT() SI_UNIT($,.RADIAN.) );
#1257 = ( NAMED_UNIT(*) SI_UNIT($,.STERADIAN.) SOLID_ANGLE_UNIT() );
#1258 = UNCERTAINTY_MEASURE_WITH_UNIT(LENGTH_MEASURE(0.1),#1255,
  'distance_accuracy_value','confusion accuracy');
#1259 = CONTEXT_DEPENDENT_SHAPE_REPRESENTATION(#1260,#1262);
#1260 = ( REPRESENTATION_RELATIONSHIP('','',#76,#10) 
REPRESENTATION_RELATIONSHIP_WITH_TRANSFORMATION(#1261) 
SHAPE_REPRESENTATION_RELATIONSHIP() );
#1261 = ITEM_DEFINED_TRANSFORMATION('','',#11,#15);
#1262 = PRODUCT_DEFINITION_SHAPE('Placement','Placement of an item',
  #1263);
#1263 = NEXT_ASSEMBLY_USAGE_OCCURRENCE('1','','',#5,#71,$);
#1264 = PRODUCT_RELATED_PRODUCT_CATEGORY('part',$,(#73));
#1265 = SHAPE_DEFINITION_REPRESENTATION(#1266,#1272);
#1266 = PRODUCT_DEFINITION_SHAPE('','',#1267);
#1267 = PRODUCT_DEFINITION('design','',#1268,#1271);
#1268 = PRODUCT_DEFINITION_FORMATION('','',#1269);
#1269 = PRODUCT('Open CASCADE STEP translator 7.8 1.2',
  'Open CASCADE STEP translator 7.8 1.2','',(#1270));
#1270 = PRODUCT_CONTEXT('',#2,'mechanical');
#1271 = PRODUCT_DEFINITION_CONTEXT('part definition',#2,'design');
#1272 = MANIFOLD_SURFACE_SHAPE_REPRESENTATION('',(#11),#1273);
#1273 = ( GEOMETRIC_REPRESENTATION_CONTEXT(3) 
GLOBAL_UNCERTAINTY_ASSIGNED_CONTEXT((#1277)) 
GLOBAL_UNIT_ASSIGNED_CONTEXT((#1274,#1275,#1276)) REPRESENTATION_CONTEXT
('Context #1','3D Context with UNIT and UNCERTAINTY') );
#1274 = ( LENGTH_UNIT() NAMED_UNIT(*) SI_UNIT(.MILLI.,.METRE.) );
#1275 = ( NAMED_UNIT(*) PLANE_ANGLE_UNIT() SI_UNIT($,.RADIAN.) );
#1276 = ( NAMED_UNIT(*) SI_UNIT($,.STERADIAN.) SOLID_ANGLE_UNIT() );
#1277 = UNCERTAINTY_MEASURE_WITH_UNIT(LENGTH_MEASURE(0.1),#1274,
  'distance_accuracy_value','confusion accuracy');
#1278 = CONTEXT_DEPENDENT_SHAPE_REPRESENTATION(#1279,#1281);
#1279 = ( REPRESENTATION_RELATIONSHIP('','',#1272,#10) 
REPRESENTATION_RELATIONSHIP_WITH_TRANSFORMATION(#1280) 
SHAPE_REPRESENTATION_RELATIONSHIP() );
#1280 = ITEM_DEFINED_TRANSFORMATION('','',#11,#19);
#1281 = PRODUCT_DEFINITION_SHAPE('Placement','Placement of an item',
  #1282);
#1282 = NEXT_ASSEMBLY_USAGE_OCCURRENCE('2','','',#5,#1267,$);
#1283 = PRODUCT_RELATED_PRODUCT_CATEGORY('part',$,(#1269));
#1284 = SHAPE_DEFINITION_REPRESENTATION(#1285,#1291);
#1285 = PRODUCT_DEFINITION_SHAPE('','',#1286);
#1286 = PRODUCT_DEFINITION('design','',#1287,#1290);
#1287 = PRODUCT_DEFINITION_FORMATION('','',#1288);
#1288 = PRODUCT('Open CASCADE STEP translator 7.8 1.3',
  'Open CASCADE STEP translator 7.8 1.3','',(#1289));
#1289 = PRODUCT_CONTEXT('',#2,'mechanical');
#1290 = PRODUCT_DEFINITION_CONTEXT('part definition',#2,'design');
#1291 = MANIFOLD_SURFACE_SHAPE_REPRESENTATION('',(#11),#1292);
#1292 = ( GEOMETRIC_REPRESENTATION_CONTEXT(3) 
GLOBAL_UNCERTAINTY_ASSIGNED_CONTEXT((#1296)) 
GLOBAL_UNIT_ASSIGNED_CONTEXT((#1293,#1294,#1295)) REPRESENTATION_CONTEXT
('Context #1','3D Context with UNIT and UNCERTAINTY') );
#1293 = ( LENGTH_UNIT() NAMED_UNIT(*) SI_UNIT(.MILLI.,.METRE.) );
#1294 = ( NAMED_UNIT(*) PLANE_ANGLE_UNIT() SI_UNIT($,.RADIAN.) );
#1295 = ( NAMED_UNIT(*) SI_UNIT($,.STERADIAN.) SOLID_ANGLE_UNIT() );
#1296 = UNCERTAINTY_MEASURE_WITH_UNIT(LENGTH_MEASURE(0.5),#1293,
  'distance_accuracy_value','confusion accuracy');
#1297 = CONTEXT_DEPENDENT_SHAPE_REPRESENTATION(#1298,#1300);
#1298 = ( REPRESENTATION_RELATIONSHIP('','',#1291,#10) 
REPRESENTATION_RELATIONSHIP_WITH_TRANSFORMATION(#1299) 
SHAPE_REPRESENTATION_RELATIONSHIP() );
#1299 = ITEM_DEFINED_TRANSFORMATION('','',#11,#23);
#1300 = PRODUCT_DEFINITION_SHAPE('Placement','Placement of an item',
  #1301);
#1301 = NEXT_ASSEMBLY_USAGE_OCCURRENCE('3','','',#5,#1286,$);
#1302 = PRODUCT_RELATED_PRODUCT_CATEGORY('part',$,(#1288));
#1303 = SHAPE_DEFINITION_REPRESENTATION(#1304,#1310);
#1304 = PRODUCT_DEFINITION_SHAPE('','',#1305);
#1305 = PRODUCT_DEFINITION('design','',#1306,#1309);
#1306 = PRODUCT_DEFINITION_FORMATION('','',#1307);
#1307 = PRODUCT('Open CASCADE STEP translator 7.8 1.4',
  'Open CASCADE STEP translator 7.8 1.4','',(#1308));
#1308 = PRODUCT_CONTEXT('',#2,'mechanical');
#1309 = PRODUCT_DEFINITION_CONTEXT('part definition',#2,'design');
#1310 = MANIFOLD_SURFACE_SHAPE_REPRESENTATION('',(#11),#1311);
#1311 = ( GEOMETRIC_REPRESENTATION_CONTEXT(3) 
GLOBAL_UNCERTAINTY_ASSIGNED_CONTEXT((#1315)) 
GLOBAL_UNIT_ASSIGNED_CONTEXT((#1312,#1313,#1314)) REPRESENTATION_CONTEXT
('Context #1','3D Context with UNIT and UNCERTAINTY') );
#1312 = ( LENGTH_UNIT() NAMED_UNIT(*) SI_UNIT(.MILLI.,.METRE.) );
#1313 = ( NAMED_UNIT(*) PLANE_ANGLE_UNIT() SI_UNIT($,.RADIAN.) );
#1314 = ( NAMED_UNIT(*) SI_UNIT($,.STERADIAN.) SOLID_ANGLE_UNIT() );
#1315 = UNCERTAINTY_MEASURE_WITH_UNIT(LENGTH_MEASURE(0.5),#1312,
  'distance_accuracy_value','confusion accuracy');
#1316 = CONTEXT_DEPENDENT_SHAPE_REPRESENTATION(#1317,#1319);
#1317 = ( REPRESENTATION_RELATIONSHIP('','',#1310,#10) 
REPRESENTATION_RELATIONSHIP_WITH_TRANSFORMATION(#1318) 
SHAPE_REPRESENTATION_RELATIONSHIP() );
#1318 = ITEM_DEFINED_TRANSFORMATION('','',#11,#27);
#1319 = PRODUCT_DEFINITION_SHAPE('Placement','Placement of an item',
  #1320);
#1320 = NEXT_ASSEMBLY_USAGE_OCCURRENCE('4','','',#5,#1305,$);
#1321 = PRODUCT_RELATED_PRODUCT_CATEGORY('part',$,(#1307));
#1322 = SHAPE_DEFINITION_REPRESENTATION(#1323,#1329);
#1323 = PRODUCT_DEFINITION_SHAPE('','',#1324);
#1324 = PRODUCT_DEFINITION('design','',#1325,#1328);
#1325 = PRODUCT_DEFINITION_FORMATION('','',#1326);
#1326 = PRODUCT('Open CASCADE STEP translator 7.8 1.5',
  'Open CASCADE STEP translator 7.8 1.5','',(#1327));
#1327 = PRODUCT_CONTEXT('',#2,'mechanical');
#1328 = PRODUCT_DEFINITION_CONTEXT('part definition',#2,'design');
#1329 = MANIFOLD_SURFACE_SHAPE_REPRESENTATION('',(#11),#1330);
#1330 = ( GEOMETRIC_REPRESENTATION_CONTEXT(3) 
GLOBAL_UNCERTAINTY_ASSIGNED_CONTEXT((#1334)) 
GLOBAL_UNIT_ASSIGNED_CONTEXT((#1331,#1332,#1333)) REPRESENTATION_CONTEXT
('Context #1','3D Context with UNIT and UNCERTAINTY') );
#1331 = ( LENGTH_UNIT() NAMED_UNIT(*) SI_UNIT(.MILLI.,.METRE.) );
#1332 = ( NAMED_UNIT(*) PLANE_ANGLE_UNIT() SI_UNIT($,.RADIAN.) );
#1333 = ( NAMED_UNIT(*) SI_UNIT($,.STERADIAN.) SOLID_ANGLE_UNIT() );
#1334 = UNCERTAINTY_MEASURE_WITH_UNIT(LENGTH_MEASURE(2.E-02),#1331,
  'distance_accuracy_value','confusion accuracy');
#1335 = CONTEXT_DEPENDENT_SHAPE_REPRESENTATION(#1336,#1338);
#1336 = ( REPRESENTATION_RELATIONSHIP('','',#1329,#10) 
REPRESENTATION_RELATIONSHIP_WITH_TRANSFORMATION(#1337) 
SHAPE_REPRESENTATION_RELATIONSHIP() );
#1337 = ITEM_DEFINED_TRANSFORMATION('','',#11,#31);
#1338 = PRODUCT_DEFINITION_SHAPE('Placement','Placement of an item',
  #1339);
#1339 = NEXT_ASSEMBLY_USAGE_OCCURRENCE('5','','',#5,#1324,$);
#1340 = PRODUCT_RELATED_PRODUCT_CATEGORY('part',$,(#1326));
#1341 = SHAPE_DEFINITION_REPRESENTATION(#1342,#1348);
#1342 = PRODUCT_DEFINITION_SHAPE('','',#1343);
#1343 = PRODUCT_DEFINITION('design','',#1344,#1347);
#1344 = PRODUCT_DEFINITION_FORMATION('','',#1345);
#1345 = PRODUCT('Open CASCADE STEP translator 7.8 1.6',
  'Open CASCADE STEP translator 7.8 1.6','',(#1346));
#1346 = PRODUCT_CONTEXT('',#2,'mechanical');
#1347 = PRODUCT_DEFINITION_CONTEXT('part definition',#2,'design');
#1348 = MANIFOLD_SURFACE_SHAPE_REPRESENTATION('',(#11),#1349);
#1349 = ( GEOMETRIC_REPRESENTATION_CONTEXT(3) 
GLOBAL_UNCERTAINTY_ASSIGNED_CONTEXT((#1353)) 
GLOBAL_UNIT_ASSIGNED_CONTEXT((#1350,#1351,#1352)) REPRESENTATION_CONTEXT
('Context #1','3D Context with UNIT and UNCERTAINTY') );
#1350 = ( LENGTH_UNIT() NAMED_UNIT(*) SI_UNIT(.MILLI.,.METRE.) );
#1351 = ( NAMED_UNIT(*) PLANE_ANGLE_UNIT() SI_UNIT($,.RADIAN.) );
#1352 = ( NAMED_UNIT(*) SI_UNIT($,.STERADIAN.) SOLID_ANGLE_UNIT() );
#1353 = UNCERTAINTY_MEASURE_WITH_UNIT(LENGTH_MEASURE(2.E-05),#1350,
  'distance_accuracy_value','confusion accuracy');
#1354 = CONTEXT_DEPENDENT_SHAPE_REPRESENTATION(#1355,#1357);
#1355 = ( REPRESENTATION_RELATIONSHIP('','',#1348,#10) 
REPRESENTATION_RELATIONSHIP_WITH_TRANSFORMATION(#1356) 
SHAPE_REPRESENTATION_RELATIONSHIP() );
#1356 = ITEM_DEFINED_TRANSFORMATION('','',#11,#35);
#1357 = PRODUCT_DEFINITION_SHAPE('Placement','Placement of an item',
  #1358);
#1358 = NEXT_ASSEMBLY_USAGE_OCCURRENCE('6','','',#5,#1343,$);
#1359 = PRODUCT_RELATED_PRODUCT_CATEGORY('part',$,(#1345));
#1360 = SHAPE_DEFINITION_REPRESENTATION(#1361,#1367);
#1361 = PRODUCT_DEFINITION_SHAPE('','',#1362);
#1362 = PRODUCT_DEFINITION('design','',#1363,#1366);
#1363 = PRODUCT_DEFINITION_FORMATION('','',#1364);
#1364 = PRODUCT('Open CASCADE STEP translator 7.8 1.7',
  'Open CASCADE STEP translator 7.8 1.7','',(#1365));
#1365 = PRODUCT_CONTEXT('',#2,'mechanical');
#1366 = PRODUCT_DEFINITION_CONTEXT('part definition',#2,'design');
#1367 = MANIFOLD_SURFACE_SHAPE_REPRESENTATION('',(#11),#1368);
#1368 = ( GEOMETRIC_REPRESENTATION_CONTEXT(3) 
GLOBAL_UNCERTAINTY_ASSIGNED_CONTEXT((#1372)) 
GLOBAL_UNIT_ASSIGNED_CONTEXT((#1369,#1370,#1371)) REPRESENTATION_CONTEXT
('Context #1','3D Context with UNIT and UNCERTAINTY') );
#1369 = ( LENGTH_UNIT() NAMED_UNIT(*) SI_UNIT(.MILLI.,.METRE.) );
#1370 = ( NAMED_UNIT(*) PLANE_ANGLE_UNIT() SI_UNIT($,.RADIAN.) );
#1371 = ( NAMED_UNIT(*) SI_UNIT($,.STERADIAN.) SOLID_ANGLE_UNIT() );
#1372 = UNCERTAINTY_MEASURE_WITH_UNIT(LENGTH_MEASURE(5.E-05),#1369,
  'distance_accuracy_value','confusion accuracy');
#1373 = CONTEXT_DEPENDENT_SHAPE_REPRESENTATION(#1374,#1376);
#1374 = ( REPRESENTATION_RELATIONSHIP('','',#1367,#10) 
REPRESENTATION_RELATIONSHIP_WITH_TRANSFORMATION(#1375) 
SHAPE_REPRESENTATION_RELATIONSHIP() );
#1375 = ITEM_DEFINED_TRANSFORMATION('','',#11,#39);
#1376 = PRODUCT_DEFINITION_SHAPE('Placement','Placement of an item',
  #1377);
#1377 = NEXT_ASSEMBLY_USAGE_OCCURRENCE('7','','',#5,#1362,$);
#1378 = PRODUCT_RELATED_PRODUCT_CATEGORY('part',$,(#1364));
#1379 = SHAPE_DEFINITION_REPRESENTATION(#1380,#1386);
#1380 = PRODUCT_DEFINITION_SHAPE('','',#1381);
#1381 = PRODUCT_DEFINITION('design','',#1382,#1385);
#1382 = PRODUCT_DEFINITION_FORMATION('','',#1383);
#1383 = PRODUCT('Open CASCADE STEP translator 7.8 1.8',
  'Open CASCADE STEP translator 7.8 1.8','',(#1384));
#1384 = PRODUCT_CONTEXT('',#2,'mechanical');
#1385 = PRODUCT_DEFINITION_CONTEXT('part definition',#2,'design');
#1386 = MANIFOLD_SURFACE_SHAPE_REPRESENTATION('',(#11),#1387);
#1387 = ( GEOMETRIC_REPRESENTATION_CONTEXT(3) 
GLOBAL_UNCERTAINTY_ASSIGNED_CONTEXT((#1391)) 
GLOBAL_UNIT_ASSIGNED_CONTEXT((#1388,#1389,#1390)) REPRESENTATION_CONTEXT
('Context #1','3D Context with UNIT and UNCERTAINTY') );
#1388 = ( LENGTH_UNIT() NAMED_UNIT(*) SI_UNIT(.MILLI.,.METRE.) );
#1389 = ( NAMED_UNIT(*) PLANE_ANGLE_UNIT() SI_UNIT($,.RADIAN.) );
#1390 = ( NAMED_UNIT(*) SI_UNIT($,.STERADIAN.) SOLID_ANGLE_UNIT() );
#1391 = UNCERTAINTY_MEASURE_WITH_UNIT(LENGTH_MEASURE(1.E-07),#1388,
  'distance_accuracy_value','confusion accuracy');
#1392 = CONTEXT_DEPENDENT_SHAPE_REPRESENTATION(#1393,#1395);
#1393 = ( REPRESENTATION_RELATIONSHIP('','',#1386,#10) 
REPRESENTATION_RELATIONSHIP_WITH_TRANSFORMATION(#1394) 
SHAPE_REPRESENTATION_RELATIONSHIP() );
#1394 = ITEM_DEFINED_TRANSFORMATION('','',#11,#43);
#1395 = PRODUCT_DEFINITION_SHAPE('Placement','Placement of an item',
  #1396);
#1396 = NEXT_ASSEMBLY_USAGE_OCCURRENCE('8','','',#5,#1381,$);
#1397 = PRODUCT_RELATED_PRODUCT_CATEGORY('part',$,(#1383));
#1398 = SHAPE_DEFINITION_REPRESENTATION(#1399,#1405);
#1399 = PRODUCT_DEFINITION_SHAPE('','',#1400);
#1400 = PRODUCT_DEFINITION('design','',#1401,#1404);
#1401 = PRODUCT_DEFINITION_FORMATION('','',#1402);
#1402 = PRODUCT('Open CASCADE STEP translator 7.8 1.9',
  'Open CASCADE STEP translator 7.8 1.9','',(#1403));
#1403 = PRODUCT_CONTEXT('',#2,'mechanical');
#1404 = PRODUCT_DEFINITION_CONTEXT('part definition',#2,'design');
#1405 = MANIFOLD_SURFACE_SHAPE_REPRESENTATION('',(#11),#1406);
#1406 = ( GEOMETRIC_REPRESENTATION_CONTEXT(3) 
GLOBAL_UNCERTAINTY_ASSIGNED_CONTEXT((#1410)) 
GLOBAL_UNIT_ASSIGNED_CONTEXT((#1407,#1408,#1409)) REPRESENTATION_CONTEXT
('Context #1','3D Context with UNIT and UNCERTAINTY') );
#1407 = ( LENGTH_UNIT() NAMED_UNIT(*) SI_UNIT(.MILLI.,.METRE.) );
#1408 = ( NAMED_UNIT(*) PLANE_ANGLE_UNIT() SI_UNIT($,.RADIAN.) );
#1409 = ( NAMED_UNIT(*) SI_UNIT($,.STERADIAN.) SOLID_ANGLE_UNIT() );
#1410 = UNCERTAINTY_MEASURE_WITH_UNIT(LENGTH_MEASURE(5.E-05),#1407,
  'distance_accuracy_value','confusion accuracy');
#1411 = CONTEXT_DEPENDENT_SHAPE_REPRESENTATION(#1412,#1414);
#1412 = ( REPRESENTATION_RELATIONSHIP('','',#1405,#10) 
REPRESENTATION_RELATIONSHIP_WITH_TRANSFORMATION(#1413) 
SHAPE_REPRESENTATION_RELATIONSHIP() );
#1413 = ITEM_DEFINED_TRANSFORMATION('','',#11,#47);
#1414 = PRODUCT_DEFINITION_SHAPE('Placement','Placement of an item',
  #1415);
#1415 = NEXT_ASSEMBLY_USAGE_OCCURRENCE('9','','',#5,#1400,$);
#1416 = PRODUCT_RELATED_PRODUCT_CATEGORY('part',$,(#1402));
#1417 = SHAPE_DEFINITION_REPRESENTATION(#1418,#1424);
#1418 = PRODUCT_DEFINITION_SHAPE('','',#1419);
#1419 = PRODUCT_DEFINITION('design','',#1420,#1423);
#1420 = PRODUCT_DEFINITION_FORMATION('','',#1421);
#1421 = PRODUCT('Open CASCADE STEP translator 7.8 1.10',
  'Open CASCADE STEP translator 7.8 1.10','',(#1422));
#1422 = PRODUCT_CONTEXT('',#2,'mechanical');
#1423 = PRODUCT_DEFINITION_CONTEXT('part definition',#2,'design');
#1424 = MANIFOLD_SURFACE_SHAPE_REPRESENTATION('',(#11),#1425);
#1425 = ( GEOMETRIC_REPRESENTATION_CONTEXT(3) 
GLOBAL_UNCERTAINTY_ASSIGNED_CONTEXT((#1429)) 
GLOBAL_UNIT_ASSIGNED_CONTEXT((#1426,#1427,#1428)) REPRESENTATION_CONTEXT
('Context #1','3D Context with UNIT and UNCERTAINTY') );
#1426 = ( LENGTH_UNIT() NAMED_UNIT(*) SI_UNIT(.MILLI.,.METRE.) );
#1427 = ( NAMED_UNIT(*) PLANE_ANGLE_UNIT() SI_UNIT($,.RADIAN.) );
#1428 = ( NAMED_UNIT(*) SI_UNIT($,.STERADIAN.) SOLID_ANGLE_UNIT() );
#1429 = UNCERTAINTY_MEASURE_WITH_UNIT(LENGTH_MEASURE(1.),#1426,
  'distance_accuracy_value','confusion accuracy');
#1430 = CONTEXT_DEPENDENT_SHAPE_REPRESENTATION(#1431,#1433);
#1431 = ( REPRESENTATION_RELATIONSHIP('','',#1424,#10) 
REPRESENTATION_RELATIONSHIP_WITH_TRANSFORMATION(#1432) 
SHAPE_REPRESENTATION_RELATIONSHIP() );
#1432 = ITEM_DEFINED_TRANSFORMATION('','',#11,#51);
#1433 = PRODUCT_DEFINITION_SHAPE('Placement','Placement of an item',
  #1434);
#1434 = NEXT_ASSEMBLY_USAGE_OCCURRENCE('10','','',#5,#1419,$);
#1435 = PRODUCT_RELATED_PRODUCT_CATEGORY('part',$,(#1421));
#1436 = SHAPE_DEFINITION_REPRESENTATION(#1437,#1443);
#1437 = PRODUCT_DEFINITION_SHAPE('','',#1438);
#1438 = PRODUCT_DEFINITION('design','',#1439,#1442);
#1439 = PRODUCT_DEFINITION_FORMATION('','',#1440);
#1440 = PRODUCT('Open CASCADE STEP translator 7.8 1.11',
  'Open CASCADE STEP translator 7.8 1.11','',(#1441));
#1441 = PRODUCT_CONTEXT('',#2,'mechanical');
#1442 = PRODUCT_DEFINITION_CONTEXT('part definition',#2,'design');
#1443 = MANIFOLD_SURFACE_SHAPE_REPRESENTATION('',(#11),#1444);
#1444 = ( GEOMETRIC_REPRESENTATION_CONTEXT(3) 
GLOBAL_UNCERTAINTY_ASSIGNED_CONTEXT((#1448)) 
GLOBAL_UNIT_ASSIGNED_CONTEXT((#1445,#1446,#1447)) REPRESENTATION_CONTEXT
('Context #1','3D Context with UNIT and UNCERTAINTY') );
#1445 = ( LENGTH_UNIT() NAMED_UNIT(*) SI_UNIT(.MILLI.,.METRE.) );
#1446 = ( NAMED_UNIT(*) PLANE_ANGLE_UNIT() SI_UNIT($,.RADIAN.) );
#1447 = ( NAMED_UNIT(*) SI_UNIT($,.STERADIAN.) SOLID_ANGLE_UNIT() );
#1448 = UNCERTAINTY_MEASURE_WITH_UNIT(LENGTH_MEASURE(0.1),#1445,
  'distance_accuracy_value','confusion accuracy');
#1449 = CONTEXT_DEPENDENT_SHAPE_REPRESENTATION(#1450,#1452);
#1450 = ( REPRESENTATION_RELATIONSHIP('','',#1443,#10) 
REPRESENTATION_RELATIONSHIP_WITH_TRANSFORMATION(#1451) 
SHAPE_REPRESENTATION_RELATIONSHIP() );
#1451 = ITEM_DEFINED_TRANSFORMATION('','',#11,#55);
#1452 = PRODUCT_DEFINITION_SHAPE('Placement','Placement of an item',
  #1453);
#1453 = NEXT_ASSEMBLY_USAGE_OCCURRENCE('11','','',#5,#1438,$);
#1454 = PRODUCT_RELATED_PRODUCT_CATEGORY('part',$,(#1440));
#1455 = SHAPE_DEFINITION_REPRESENTATION(#1456,#1462);
#1456 = PRODUCT_DEFINITION_SHAPE('','',#1457);
#1457 = PRODUCT_DEFINITION('design','',#1458,#1461);
#1458 = PRODUCT_DEFINITION_FORMATION('','',#1459);
#1459 = PRODUCT('Open CASCADE STEP translator 7.8 1.12',
  'Open CASCADE STEP translator 7.8 1.12','',(#1460));
#1460 = PRODUCT_CONTEXT('',#2,'mechanical');
#1461 = PRODUCT_DEFINITION_CONTEXT('part definition',#2,'design');
#1462 = MANIFOLD_SURFACE_SHAPE_REPRESENTATION('',(#11),#1463);
#1463 = ( GEOMETRIC_REPRESENTATION_CONTEXT(3) 
GLOBAL_UNCERTAINTY_ASSIGNED_CONTEXT((#1467)) 
GLOBAL_UNIT_ASSIGNED_CONTEXT((#1464,#1465,#1466)) REPRESENTATION_CONTEXT
('Context #1','3D Context with UNIT and UNCERTAINTY') );
#1464 = ( LENGTH_UNIT() NAMED_UNIT(*) SI_UNIT(.MILLI.,.METRE.) );
#1465 = ( NAMED_UNIT(*) PLANE_ANGLE_UNIT() SI_UNIT($,.RADIAN.) );
#1466 = ( NAMED_UNIT(*) SI_UNIT($,.STERADIAN.) SOLID_ANGLE_UNIT() );
#1467 = UNCERTAINTY_MEASURE_WITH_UNIT(LENGTH_MEASURE(5.E-05),#1464,
  'distance_accuracy_value','confusion accuracy');
#1468 = CONTEXT_DEPENDENT_SHAPE_REPRESENTATION(#1469,#1471);
#1469 = ( REPRESENTATION_RELATIONSHIP('','',#1462,#10) 
REPRESENTATION_RELATIONSHIP_WITH_TRANSFORMATION(#1470) 
SHAPE_REPRESENTATION_RELATIONSHIP() );
#1470 = ITEM_DEFINED_TRANSFORMATION('','',#11,#59);
#1471 = PRODUCT_DEFINITION_SHAPE('Placement','Placement of an item',
  #1472);
#1472 = NEXT_ASSEMBLY_USAGE_OCCURRENCE('12','','',#5,#1457,$);
#1473 = PRODUCT_RELATED_PRODUCT_CATEGORY('part',$,(#1459));
ENDSEC;
END-ISO-10303-21;
