ISO-10303-21;
HEADER;
FILE_NAME('Open CASCADE Shape Model','2026-08-27T02:24:34',('Author'),(
    'Open CASCADE'),'Open CASCADE STEP processor 7.8','Open CASCADE 7.8'
  ,'Unknown');
FILE_DESCRIPTION(('Open CASCADE Model'),'2;1');
FILE_SCHEMA(('AUTOMOTIVE_DESIGN { 1 0 10303 214 1 1 1 1 }'));
ENDSEC;
DATA;
#1 = APPLICATION_PROTOCOL_DEFINITION('international standard',
  'automotive_design',2000,#2);
#2 = APPLICATION_CONTEXT(
  'core data for automotive mechanical design processes');
#3 = SHAPE_DEFINITION_REPRESENTATION(#4,#10);
#4 = PRODUCT_DEFINITION_SHAPE('','',#5);
#5 = PRODUCT_DEFINITION('design','',#6,#9);
#6 = PRODUCT_DEFINITION_FORMATION('','',#7);
#7 = PRODUCT('Open CASCADE STEP translator 7.8 1',
  'Open CASCADE STEP translator 7.8 1','',(#8));
#8 = PRODUCT_CONTEXT('',#2,'mechanical');
#9 = PRODUCT_DEFINITION_CONTEXT('part definition',#2,'design');
#10 = SHAPE_REPRESENTATION('',(#11,#15,#19,#23,#27,#31,#35,#39,#43,#47,
    #51,#55,#59,#63,#67,#71,#75,#79,#83,#87,#91,#95,#99,#103,#107),#111
  );
#11 = AXIS2_PLACEMENT_3D('',#12,#13,#14);
#12 = CARTESIAN_POINT('',(0.,0.,0.));
#13 = DIRECTION('',(0.,0.,1.));
#14 = DIRECTION('',(1.,0.,-0.));
#15 = AXIS2_PLACEMENT_3D('',#16,#17,#18);
#16 = CARTESIAN_POINT('',(0.,0.,0.));
#17 = DIRECTION('',(0.,0.,1.));
#18 = DIRECTION('',(1.,0.,-0.));
#19 = AXIS2_PLACEMENT_3D('',#20,#21,#22);
#20 = CARTESIAN_POINT('',(0.,0.,0.));
#21 = DIRECTION('',(0.,0.,1.));
#22 = DIRECTION('',(1.,0.,-0.));
#23 = AXIS2_PLACEMENT_3D('',#24,#25,#26);
#24 = CARTESIAN_POINT('',(0.,0.,0.));
#25 = DIRECTION('',(0.,0.,1.));
#26 = DIRECTION('',(1.,0.,-0.));
#27 = AXIS2_PLACEMENT_3D('',#28,#29,#30);
#28 = CARTESIAN_POINT('',(0.,0.,0.));
#29 = DIRECTION('',(0.,0.,1.));
#30 = DIRECTION('',(1.,0.,-0.));
#31 = AXIS2_PLACEMENT_3D('',#32,#33,#34);
#32 = CARTESIAN_POINT('',(0.,0.,0.));
#33 = DIRECTION('',(0.,0.,1.));
#34 = DIRECTION('',(1.,0.,-0.));
#35 = AXIS2_PLACEMENT_3D('',#36,#37,#38);
#36 = CARTESIAN_POINT('',(0.,0.,0.));
#37 = DIRECTION('',(0.,0.,1.));
#38 = DIRECTION('',(1.,0.,-0.));
#39 = AXIS2_PLACEMENT_3D('',#40,#41,#42);
#40 = CARTESIAN_POINT('',(0.,0.,0.));
#41 = DIRECTION('',(0.,0.,1.));
#42 = DIRECTION('',(1.,0.,-0.));
#43 = AXIS2_PLACEMENT_3D('',#44,#45,#46);
#44 = CARTESIAN_POINT('',(0.,0.,0.));
#45 = DIRECTION('',(0.,0.,1.));
#46 = DIRECTION('',(1.,0.,-0.));
#47 = AXIS2_PLACEMENT_3D('',#48,#49,#50);
#48 = CARTESIAN_POINT('',(0.,0.,0.));
#49 = DIRECTION('',(0.,0.,1.));
#50 = DIRECTION('',(1.,0.,-0.));
#51 = AXIS2_PLACEMENT_3D('',#52,#53,#54);
#52 = CARTESIAN_POINT('',(0.,0.,0.));
#53 = DIRECTION('',(0.,0.,1.));
#54 = DIRECTION('',(1.,0.,-0.));
#55 = AXIS2_PLACEMENT_3D('',#56,#57,#58);
#56 = CARTESIAN_POINT('',(0.,0.,0.));
#57 = DIRECTION('',(0.,0.,1.));
#58 = DIRECTION('',(1.,0.,-0.));
#59 = AXIS2_PLACEMENT_3D('',#60,#61,#62);
#60 = CARTESIAN_POINT('',(0.,0.,0.));
#61 = DIRECTION('',(0.,0.,1.));
#62 = DIRECTION('',(1.,0.,-0.));
#63 = AXIS2_PLACEMENT_3D('',#64,#65,#66);
#64 = CARTESIAN_POINT('',(0.,0.,0.));
#65 = DIRECTION('',(0.,0.,1.));
#66 = DIRECTION('',(1.,0.,-0.));
#67 = AXIS2_PLACEMENT_3D('',#68,#69,#70);
#68 = CARTESIAN_POINT('',(0.,0.,0.));
#69 = DIRECTION('',(0.,0.,1.));
#70 = DIRECTION('',(1.,0.,-0.));
#71 = AXIS2_PLACEMENT_3D('',#72,#73,#74);
#72 = CARTESIAN_POINT('',(0.,0.,0.));
#73 = DIRECTION('',(0.,0.,1.));
#74 = DIRECTION('',(1.,0.,-0.));
#75 = AXIS2_PLACEMENT_3D('',#76,#77,#78);
#76 = CARTESIAN_POINT('',(0.,0.,0.));
#77 = DIRECTION('',(0.,0.,1.));
#78 = DIRECTION('',(1.,0.,-0.));
#79 = AXIS2_PLACEMENT_3D('',#80,#81,#82);
#80 = CARTESIAN_POINT('',(0.,0.,0.));
#81 = DIRECTION('',(0.,0.,1.));
#82 = DIRECTION('',(1.,0.,-0.));
#83 = AXIS2_PLACEMENT_3D('',#84,#85,#86);
#84 = CARTESIAN_POINT('',(0.,0.,0.));
#85 = DIRECTION('',(0.,0.,1.));
#86 = DIRECTION('',(1.,0.,-0.));
#87 = AXIS2_PLACEMENT_3D('',#88,#89,#90);
#88 = CARTESIAN_POINT('',(0.,0.,0.));
#89 = DIRECTION('',(0.,0.,1.));
#90 = DIRECTION('',(1.,0.,-0.));
#91 = AXIS2_PLACEMENT_3D('',#92,#93,#94);
#92 = CARTESIAN_POINT('',(0.,0.,0.));
#93 = DIRECTION('',(0.,0.,1.));
#94 = DIRECTION('',(1.,0.,-0.));
#95 = AXIS2_PLACEMENT_3D('',#96,#97,#98);
#96 = CARTESIAN_POINT('',(0.,0.,0.));
#97 = DIRECTION('',(0.,0.,1.));
#98 = DIRECTION('',(1.,0.,-0.));
#99 = AXIS2_PLACEMENT_3D('',#100,#101,#102);
#100 = CARTESIAN_POINT('',(0.,0.,0.));
#101 = DIRECTION('',(0.,0.,1.));
#102 = DIRECTION('',(1.,0.,-0.));
#103 = AXIS2_PLACEMENT_3D('',#104,#105,#106);
#104 = CARTESIAN_POINT('',(0.,0.,0.));
#105 = DIRECTION('',(0.,0.,1.));
#106 = DIRECTION('',(1.,0.,-0.));
#107 = AXIS2_PLACEMENT_3D('',#108,#109,#110);
#108 = CARTESIAN_POINT('',(0.,0.,30.));
#109 = DIRECTION('',(0.,0.,1.));
#110 = DIRECTION('',(1.,0.,-0.));
#111 = ( GEOMETRIC_REPRESENTATION_CONTEXT(3) 
GLOBAL_UNCERTAINTY_ASSIGNED_CONTEXT((#115)) GLOBAL_UNIT_ASSIGNED_CONTEXT
((#112,#113,#114)) REPRESENTATION_CONTEXT('Context #1',
  '3D Context with UNIT and UNCERTAINTY') );
#112 = ( LENGTH_UNIT() NAMED_UNIT(*) SI_UNIT(.MILLI.,.METRE.) );
#113 = ( NAMED_UNIT(*) PLANE_ANGLE_UNIT() SI_UNIT($,.RADIAN.) );
#114 = ( NAMED_UNIT(*) SI_UNIT($,.STERADIAN.) SOLID_ANGLE_UNIT() );
#115 = UNCERTAINTY_MEASURE_WITH_UNIT(LENGTH_MEASURE(5.E-05),#112,
  'distance_accuracy_value','confusion accuracy');
#116 = PRODUCT_RELATED_PRODUCT_CATEGORY('part',$,(#7));
#117 = SHAPE_DEFINITION_REPRESENTATION(#118,#124);
#118 = PRODUCT_DEFINITION_SHAPE('','',#119);
#119 = PRODUCT_DEFINITION('design','',#120,#123);
#120 = PRODUCT_DEFINITION_FORMATION('','',#121);
#121 = PRODUCT('Open CASCADE STEP translator 7.8 1.1',
  'Open CASCADE STEP translator 7.8 1.1','',(#122));
#122 = PRODUCT_CONTEXT('',#2,'mechanical');
#123 = PRODUCT_DEFINITION_CONTEXT('part definition',#2,'design');
#124 = MANIFOLD_SURFACE_SHAPE_REPRESENTATION('',(#11,#125),#346);
#125 = SHELL_BASED_SURFACE_MODEL('',(#126));
#126 = OPEN_SHELL('',(#127));
#127 = ADVANCED_FACE('',(#128),#143,.T.);
#128 = FACE_BOUND('',#129,.T.);
#129 = EDGE_LOOP('',(#130,#154,#192,#215,#230,#231,#269,#286));
#130 = ORIENTED_EDGE('',*,*,#131,.F.);
#131 = EDGE_CURVE('',#132,#134,#136,.T.);
#132 = VERTEX_POINT('',#133);
#133 = CARTESIAN_POINT('',(11.686533875108,109.37744249152,0.));
#134 = VERTEX_POINT('',#135);
#135 = CARTESIAN_POINT('',(-11.6865338751,109.37744249152,0.));
#136 = SURFACE_CURVE('',#137,(#142),.PCURVE_S1.);
#137 = CIRCLE('',#138,110.);
#138 = AXIS2_PLACEMENT_3D('',#139,#140,#141);
#139 = CARTESIAN_POINT('',(0.,0.,0.));
#140 = DIRECTION('',(0.,0.,1.));
#141 = DIRECTION('',(1.,0.,-0.));
#142 = PCURVE('',#143,#148);
#143 = CONICAL_SURFACE('',#144,17.5,0.362358903357);
#144 = AXIS2_PLACEMENT_3D('',#145,#146,#147);
#145 = CARTESIAN_POINT('',(0.,0.,-244.));
#146 = DIRECTION('',(0.,0.,1.));
#147 = DIRECTION('',(1.,0.,-0.));
#148 = DEFINITIONAL_REPRESENTATION('',(#149),#153);
#149 = LINE('',#150,#151);
#150 = CARTESIAN_POINT('',(0.,244.));
#151 = VECTOR('',#152,1.);
#152 = DIRECTION('',(1.,0.));
#153 = ( GEOMETRIC_REPRESENTATION_CONTEXT(2) 
PARAMETRIC_REPRESENTATION_CONTEXT() REPRESENTATION_CONTEXT('2D SPACE',''
  ) );
#154 = ORIENTED_EDGE('',*,*,#155,.T.);
#155 = EDGE_CURVE('',#132,#156,#158,.T.);
#156 = VERTEX_POINT('',#157);
#157 = CARTESIAN_POINT('',(62.096850568825,0.,-126.3607401211));
#158 = SURFACE_CURVE('',#159,(#178),.PCURVE_S1.);
#159 = B_SPLINE_CURVE_WITH_KNOTS('',9,(#160,#161,#162,#163,#164,#165,
    #166,#167,#168,#169,#170,#171,#172,#173,#174,#175,#176,#177),
  .UNSPECIFIED.,.F.,.F.,(10,8,10),(-11.18702234902,-0.773983346059,
    180.80980824821),.UNSPECIFIED.);
#160 = CARTESIAN_POINT('',(6.032489596173,115.50779300307,
    14.494820132693));
#161 = CARTESIAN_POINT('',(6.660716738277,114.82664294623,
    12.884284562393));
#162 = CARTESIAN_POINT('',(7.288943880381,114.14549288939,
    11.273748992094));
#163 = CARTESIAN_POINT('',(7.917171022485,113.46434283255,9.663213421795
    ));
#164 = CARTESIAN_POINT('',(8.545398164589,112.78319277571,8.052677851496
    ));
#165 = CARTESIAN_POINT('',(9.173625306693,112.10204271887,6.442142281197
    ));
#166 = CARTESIAN_POINT('',(9.801852448797,111.42089266204,4.831606710897
    ));
#167 = CARTESIAN_POINT('',(10.430079590901,110.7397426052,3.221071140598
    ));
#168 = CARTESIAN_POINT('',(11.058306733004,110.05859254836,
    1.610535570299));
#169 = CARTESIAN_POINT('',(22.641632229508,97.499468162371,
    -28.08470757376));
#170 = CARTESIAN_POINT('',(32.296313558519,85.578890948681,
    -52.65906636373));
#171 = CARTESIAN_POINT('',(40.647272652498,73.603376019535,
    -73.72247038829));
#172 = CARTESIAN_POINT('',(47.686186209638,61.546602275188,
    -91.27652056122));
#173 = CARTESIAN_POINT('',(53.391210566248,49.408942616124,
    -105.3147412379));
#174 = CARTESIAN_POINT('',(57.735364376571,37.142096065978,
    -115.848999096));
#175 = CARTESIAN_POINT('',(60.642495511642,24.78669266475,
    -122.8560088522));
#176 = CARTESIAN_POINT('',(62.096850568826,12.393551175571,
    -126.3607401211));
#177 = CARTESIAN_POINT('',(62.096850568825,0.,-126.3607401211));
#178 = PCURVE('',#143,#179);
#179 = DEFINITIONAL_REPRESENTATION('',(#180),#191);
#180 = B_SPLINE_CURVE_WITH_KNOTS('',9,(#181,#182,#183,#184,#185,#186,
    #187,#188,#189,#190),.UNSPECIFIED.,.F.,.F.,(10,10),(-0.773983346059,
    180.80980824821),.PIECEWISE_BEZIER_KNOTS.);
#181 = CARTESIAN_POINT('',(1.464354226824,244.));
#182 = CARTESIAN_POINT('',(1.353853979748,215.91529242622));
#183 = CARTESIAN_POINT('',(1.23099720147,191.34095609957));
#184 = CARTESIAN_POINT('',(1.094444535217,170.27744158568));
#185 = CARTESIAN_POINT('',(0.942771980134,152.72363870987));
#186 = CARTESIAN_POINT('',(0.775785299095,138.68509635686));
#187 = CARTESIAN_POINT('',(0.593166443918,128.15109422621));
#188 = CARTESIAN_POINT('',(0.399160602312,121.14396639225));
#189 = CARTESIAN_POINT('',(0.199584215013,117.63925987885));
#190 = CARTESIAN_POINT('',(8.881784197001E-16,117.63925987884));
#191 = ( GEOMETRIC_REPRESENTATION_CONTEXT(2) 
PARAMETRIC_REPRESENTATION_CONTEXT() REPRESENTATION_CONTEXT('2D SPACE',''
  ) );
#192 = ORIENTED_EDGE('',*,*,#193,.F.);
#193 = EDGE_CURVE('',#194,#156,#196,.T.);
#194 = VERTEX_POINT('',#195);
#195 = CARTESIAN_POINT('',(17.5,-4.286122238378E-15,-244.));
#196 = SEAM_CURVE('',#197,(#201,#208),.PCURVE_S1.);
#197 = LINE('',#198,#199);
#198 = CARTESIAN_POINT('',(17.5,-4.286122238378E-15,-244.));
#199 = VECTOR('',#200,1.);
#200 = DIRECTION('',(0.354480941285,-8.681992260137E-17,0.935063239715)
  );
#201 = PCURVE('',#143,#202);
#202 = DEFINITIONAL_REPRESENTATION('',(#203),#207);
#203 = LINE('',#204,#205);
#204 = CARTESIAN_POINT('',(0.,-0.));
#205 = VECTOR('',#206,1.);
#206 = DIRECTION('',(0.,1.));
#207 = ( GEOMETRIC_REPRESENTATION_CONTEXT(2) 
PARAMETRIC_REPRESENTATION_CONTEXT() REPRESENTATION_CONTEXT('2D SPACE',''
  ) );
#208 = PCURVE('',#143,#209);
#209 = DEFINITIONAL_REPRESENTATION('',(#210),#214);
#210 = LINE('',#211,#212);
#211 = CARTESIAN_POINT('',(6.28318530718,-0.));
#212 = VECTOR('',#213,1.);
#213 = DIRECTION('',(0.,1.));
#214 = ( GEOMETRIC_REPRESENTATION_CONTEXT(2) 
PARAMETRIC_REPRESENTATION_CONTEXT() REPRESENTATION_CONTEXT('2D SPACE',''
  ) );
#215 = ORIENTED_EDGE('',*,*,#216,.T.);
#216 = EDGE_CURVE('',#194,#194,#217,.T.);
#217 = SURFACE_CURVE('',#218,(#223),.PCURVE_S1.);
#218 = CIRCLE('',#219,17.5);
#219 = AXIS2_PLACEMENT_3D('',#220,#221,#222);
#220 = CARTESIAN_POINT('',(0.,0.,-244.));
#221 = DIRECTION('',(0.,0.,1.));
#222 = DIRECTION('',(1.,0.,-0.));
#223 = PCURVE('',#143,#224);
#224 = DEFINITIONAL_REPRESENTATION('',(#225),#229);
#225 = LINE('',#226,#227);
#226 = CARTESIAN_POINT('',(0.,0.));
#227 = VECTOR('',#228,1.);
#228 = DIRECTION('',(1.,0.));
#229 = ( GEOMETRIC_REPRESENTATION_CONTEXT(2) 
PARAMETRIC_REPRESENTATION_CONTEXT() REPRESENTATION_CONTEXT('2D SPACE',''
  ) );
#230 = ORIENTED_EDGE('',*,*,#193,.T.);
#231 = ORIENTED_EDGE('',*,*,#232,.T.);
#232 = EDGE_CURVE('',#156,#233,#235,.T.);
#233 = VERTEX_POINT('',#234);
#234 = CARTESIAN_POINT('',(11.686533875108,-109.3774424915,0.));
#235 = SURFACE_CURVE('',#236,(#255),.PCURVE_S1.);
#236 = B_SPLINE_CURVE_WITH_KNOTS('',9,(#237,#238,#239,#240,#241,#242,
    #243,#244,#245,#246,#247,#248,#249,#250,#251,#252,#253,#254),
  .UNSPECIFIED.,.F.,.F.,(10,8,10),(180.80980824821,362.39359984249,
    372.80663884545),.UNSPECIFIED.);
#237 = CARTESIAN_POINT('',(62.096850568825,-1.520883955179E-14,
    -126.3607401211));
#238 = CARTESIAN_POINT('',(62.096850568825,-12.39355117557,
    -126.3607401211));
#239 = CARTESIAN_POINT('',(60.642495511647,-24.78669266475,
    -122.8560088522));
#240 = CARTESIAN_POINT('',(57.735364376561,-37.14209606596,
    -115.848999096));
#241 = CARTESIAN_POINT('',(53.391210566263,-49.40894261614,
    -105.3147412379));
#242 = CARTESIAN_POINT('',(47.686186209622,-61.54660227516,
    -91.27652056119));
#243 = CARTESIAN_POINT('',(40.64727265251,-73.60337601955,
    -73.72247038832));
#244 = CARTESIAN_POINT('',(32.296313558513,-85.57889094867,
    -52.65906636372));
#245 = CARTESIAN_POINT('',(22.64163222951,-97.49946816237,
    -28.08470757376));
#246 = CARTESIAN_POINT('',(11.058306733004,-110.0585925483,
    1.610535570299));
#247 = CARTESIAN_POINT('',(10.430079590901,-110.7397426052,
    3.221071140598));
#248 = CARTESIAN_POINT('',(9.801852448797,-111.420892662,4.831606710898)
  );
#249 = CARTESIAN_POINT('',(9.173625306693,-112.1020427188,6.442142281197
    ));
#250 = CARTESIAN_POINT('',(8.545398164589,-112.7831927757,8.052677851496
    ));
#251 = CARTESIAN_POINT('',(7.917171022485,-113.4643428325,9.663213421795
    ));
#252 = CARTESIAN_POINT('',(7.288943880381,-114.1454928893,
    11.273748992094));
#253 = CARTESIAN_POINT('',(6.660716738277,-114.8266429462,
    12.884284562393));
#254 = CARTESIAN_POINT('',(6.032489596174,-115.507793003,14.494820132693
    ));
#255 = PCURVE('',#143,#256);
#256 = DEFINITIONAL_REPRESENTATION('',(#257),#268);
#257 = B_SPLINE_CURVE_WITH_KNOTS('',9,(#258,#259,#260,#261,#262,#263,
    #264,#265,#266,#267),.UNSPECIFIED.,.F.,.F.,(10,10),(180.80980824821,
    362.39359984249),.PIECEWISE_BEZIER_KNOTS.);
#258 = CARTESIAN_POINT('',(6.28318530718,117.63925987884));
#259 = CARTESIAN_POINT('',(6.083601092166,117.63925987884));
#260 = CARTESIAN_POINT('',(5.884024704868,121.14396639228));
#261 = CARTESIAN_POINT('',(5.690018863262,128.15109422614));
#262 = CARTESIAN_POINT('',(5.507400008084,138.68509635696));
#263 = CARTESIAN_POINT('',(5.340413327045,152.72363870977));
#264 = CARTESIAN_POINT('',(5.188740771963,170.27744158574));
#265 = CARTESIAN_POINT('',(5.05218810571,191.34095609954));
#266 = CARTESIAN_POINT('',(4.929331327431,215.91529242623));
#267 = CARTESIAN_POINT('',(4.818831080356,244.));
#268 = ( GEOMETRIC_REPRESENTATION_CONTEXT(2) 
PARAMETRIC_REPRESENTATION_CONTEXT() REPRESENTATION_CONTEXT('2D SPACE',''
  ) );
#269 = ORIENTED_EDGE('',*,*,#270,.F.);
#270 = EDGE_CURVE('',#271,#233,#273,.T.);
#271 = VERTEX_POINT('',#272);
#272 = CARTESIAN_POINT('',(-11.6865338751,-109.3774424915,0.));
#273 = SURFACE_CURVE('',#274,(#279),.PCURVE_S1.);
#274 = CIRCLE('',#275,110.);
#275 = AXIS2_PLACEMENT_3D('',#276,#277,#278);
#276 = CARTESIAN_POINT('',(0.,0.,0.));
#277 = DIRECTION('',(0.,0.,1.));
#278 = DIRECTION('',(1.,0.,-0.));
#279 = PCURVE('',#143,#280);
#280 = DEFINITIONAL_REPRESENTATION('',(#281),#285);
#281 = LINE('',#282,#283);
#282 = CARTESIAN_POINT('',(0.,244.));
#283 = VECTOR('',#284,1.);
#284 = DIRECTION('',(1.,0.));
#285 = ( GEOMETRIC_REPRESENTATION_CONTEXT(2) 
PARAMETRIC_REPRESENTATION_CONTEXT() REPRESENTATION_CONTEXT('2D SPACE',''
  ) );
#286 = ORIENTED_EDGE('',*,*,#287,.T.);
#287 = EDGE_CURVE('',#271,#134,#288,.T.);
#288 = SURFACE_CURVE('',#289,(#324),.PCURVE_S1.);
#289 = B_SPLINE_CURVE_WITH_KNOTS('',9,(#290,#291,#292,#293,#294,#295,
    #296,#297,#298,#299,#300,#301,#302,#303,#304,#305,#306,#307,#308,
    #309,#310,#311,#312,#313,#314,#315,#316,#317,#318,#319,#320,#321,
    #322,#323),.UNSPECIFIED.,.F.,.F.,(10,8,8,8,10),(-11.16033993943,
    -0.773142397452,180.61335472349,361.99985184443,372.38704938641),
  .UNSPECIFIED.);
#290 = CARTESIAN_POINT('',(-6.040386270165,-115.4992310999,
    14.474576062517));
#291 = CARTESIAN_POINT('',(-6.667736004048,-114.8190323656,
    12.866289833349));
#292 = CARTESIAN_POINT('',(-7.29508573793,-114.1388336314,11.25800360418
    ));
#293 = CARTESIAN_POINT('',(-7.922435471813,-113.4586348971,
    9.649717375012));
#294 = CARTESIAN_POINT('',(-8.549785205695,-112.7784361628,
    8.041431145843));
#295 = CARTESIAN_POINT('',(-9.177134939578,-112.0982374285,
    6.433144916674));
#296 = CARTESIAN_POINT('',(-9.80448467346,-111.4180386943,4.824858687506
    ));
#297 = CARTESIAN_POINT('',(-10.43183440734,-110.73783996,3.216572458337)
  );
#298 = CARTESIAN_POINT('',(-11.05918414122,-110.0576412257,
    1.608286229169));
#299 = CARTESIAN_POINT('',(-22.64163222948,-97.4994681624,-28.0847075737
    ));
#300 = CARTESIAN_POINT('',(-32.2963135586,-85.57889094857,
    -52.65906636396));
#301 = CARTESIAN_POINT('',(-40.64727265233,-73.60337601974,
    -73.72247038786));
#302 = CARTESIAN_POINT('',(-47.68618620983,-61.54660227494,
    -91.27652056173));
#303 = CARTESIAN_POINT('',(-53.3912105661,-49.40894261631,
    -105.3147412375));
#304 = CARTESIAN_POINT('',(-57.73536437663,-37.14209606589,
    -115.8489990961));
#305 = CARTESIAN_POINT('',(-60.64249551163,-24.78669266477,
    -122.8560088522));
#306 = CARTESIAN_POINT('',(-62.09685056882,-12.39355117557,
    -126.3607401211));
#307 = CARTESIAN_POINT('',(-62.09685056882,12.39355117557,
    -126.3607401211));
#308 = CARTESIAN_POINT('',(-60.64249551163,24.786692664774,
    -122.8560088522));
#309 = CARTESIAN_POINT('',(-57.73536437663,37.142096065886,
    -115.8489990961));
#310 = CARTESIAN_POINT('',(-53.3912105661,49.408942616317,
    -105.3147412375));
#311 = CARTESIAN_POINT('',(-47.68618620983,61.546602274935,
    -91.27652056173));
#312 = CARTESIAN_POINT('',(-40.64727265233,73.603376019748,
    -73.72247038786));
#313 = CARTESIAN_POINT('',(-32.2963135586,85.57889094857,-52.65906636396
    ));
#314 = CARTESIAN_POINT('',(-22.64163222948,97.499468162401,
    -28.0847075737));
#315 = CARTESIAN_POINT('',(-11.05918414122,110.05764122579,
    1.608286229169));
#316 = CARTESIAN_POINT('',(-10.43183440734,110.73783996005,
    3.216572458337));
#317 = CARTESIAN_POINT('',(-9.80448467346,111.41803869432,4.824858687506
    ));
#318 = CARTESIAN_POINT('',(-9.177134939578,112.09823742859,
    6.433144916674));
#319 = CARTESIAN_POINT('',(-8.549785205695,112.77843616286,
    8.041431145843));
#320 = CARTESIAN_POINT('',(-7.922435471813,113.45863489713,
    9.649717375012));
#321 = CARTESIAN_POINT('',(-7.29508573793,114.1388336314,11.25800360418)
  );
#322 = CARTESIAN_POINT('',(-6.667736004048,114.81903236567,
    12.866289833349));
#323 = CARTESIAN_POINT('',(-6.040386270165,115.49923109994,
    14.474576062517));
#324 = PCURVE('',#143,#325);
#325 = DEFINITIONAL_REPRESENTATION('',(#326),#345);
#326 = B_SPLINE_CURVE_WITH_KNOTS('',9,(#327,#328,#329,#330,#331,#332,
    #333,#334,#335,#336,#337,#338,#339,#340,#341,#342,#343,#344),
  .UNSPECIFIED.,.F.,.F.,(10,8,10),(-0.773142397452,180.61335472349,
    361.99985184443),.UNSPECIFIED.);
#327 = CARTESIAN_POINT('',(4.605946880414,244.));
#328 = CARTESIAN_POINT('',(4.495446633338,215.91529242629));
#329 = CARTESIAN_POINT('',(4.372589930278,191.34095605434));
#330 = CARTESIAN_POINT('',(4.236036840731,170.27744176933));
#331 = CARTESIAN_POINT('',(4.084365407227,152.72363837746));
#332 = CARTESIAN_POINT('',(3.917376921181,138.68509669627));
#333 = CARTESIAN_POINT('',(3.734759968271,128.15109403966));
#334 = CARTESIAN_POINT('',(3.540752804119,121.14396643884));
#335 = CARTESIAN_POINT('',(3.341176989174,117.63925987885));
#336 = CARTESIAN_POINT('',(2.942008318005,117.63925987884));
#337 = CARTESIAN_POINT('',(2.74243250306,121.14396643886));
#338 = CARTESIAN_POINT('',(2.548425338908,128.15109403963));
#339 = CARTESIAN_POINT('',(2.365808385998,138.68509669632));
#340 = CARTESIAN_POINT('',(2.198819899954,152.7236383774));
#341 = CARTESIAN_POINT('',(2.047148466448,170.27744176937));
#342 = CARTESIAN_POINT('',(1.910595376902,191.34095605432));
#343 = CARTESIAN_POINT('',(1.787738673841,215.91529242629));
#344 = CARTESIAN_POINT('',(1.677238426766,244.));
#345 = ( GEOMETRIC_REPRESENTATION_CONTEXT(2) 
PARAMETRIC_REPRESENTATION_CONTEXT() REPRESENTATION_CONTEXT('2D SPACE',''
  ) );
#346 = ( GEOMETRIC_REPRESENTATION_CONTEXT(3) 
GLOBAL_UNCERTAINTY_ASSIGNED_CONTEXT((#350)) GLOBAL_UNIT_ASSIGNED_CONTEXT
((#347,#348,#349)) REPRESENTATION_CONTEXT('Context #1',
  '3D Context with UNIT and UNCERTAINTY') );
#347 = ( LENGTH_UNIT() NAMED_UNIT(*) SI_UNIT(.MILLI.,.METRE.) );
#348 = ( NAMED_UNIT(*) PLANE_ANGLE_UNIT() SI_UNIT($,.RADIAN.) );
#349 = ( NAMED_UNIT(*) SI_UNIT($,.STERADIAN.) SOLID_ANGLE_UNIT() );
#350 = UNCERTAINTY_MEASURE_WITH_UNIT(LENGTH_MEASURE(5.E-05),#347,
  'distance_accuracy_value','confusion accuracy');
#351 = CONTEXT_DEPENDENT_SHAPE_REPRESENTATION(#352,#354);
#352 = ( REPRESENTATION_RELATIONSHIP('','',#124,#10) 
REPRESENTATION_RELATIONSHIP_WITH_TRANSFORMATION(#353) 
SHAPE_REPRESENTATION_RELATIONSHIP() );
#353 = ITEM_DEFINED_TRANSFORMATION('','',#11,#15);
#354 = PRODUCT_DEFINITION_SHAPE('Placement','Placement of an item',#355
  );
#355 = NEXT_ASSEMBLY_USAGE_OCCURRENCE('1','','',#5,#119,$);
#356 = PRODUCT_RELATED_PRODUCT_CATEGORY('part',$,(#121));
#357 = SHAPE_DEFINITION_REPRESENTATION(#358,#364);
#358 = PRODUCT_DEFINITION_SHAPE('','',#359);
#359 = PRODUCT_DEFINITION('design','',#360,#363);
#360 = PRODUCT_DEFINITION_FORMATION('','',#361);
#361 = PRODUCT('Open CASCADE STEP translator 7.8 1.2',
  'Open CASCADE STEP translator 7.8 1.2','',(#362));
#362 = PRODUCT_CONTEXT('',#2,'mechanical');
#363 = PRODUCT_DEFINITION_CONTEXT('part definition',#2,'design');
#364 = MANIFOLD_SURFACE_SHAPE_REPRESENTATION('',(#11,#365),#556);
#365 = SHELL_BASED_SURFACE_MODEL('',(#366));
#366 = OPEN_SHELL('',(#367));
#367 = ADVANCED_FACE('',(#368),#401,.T.);
#368 = FACE_BOUND('',#369,.T.);
#369 = EDGE_LOOP('',(#370,#481,#512,#527));
#370 = ORIENTED_EDGE('',*,*,#371,.T.);
#371 = EDGE_CURVE('',#372,#374,#376,.T.);
#372 = VERTEX_POINT('',#373);
#373 = CARTESIAN_POINT('',(11.686533875108,109.37744249152,0.));
#374 = VERTEX_POINT('',#375);
#375 = CARTESIAN_POINT('',(15.,105.68741851997,0.));
#376 = SURFACE_CURVE('',#377,(#400),.PCURVE_S1.);
#377 = B_SPLINE_CURVE_WITH_KNOTS('',6,(#378,#379,#380,#381,#382,#383,
    #384,#385,#386,#387,#388,#389,#390,#391,#392,#393,#394,#395,#396,
    #397,#398,#399),.UNSPECIFIED.,.F.,.F.,(7,5,5,5,7),(0.,0.249985035126
    ,0.500000631737,0.750015759454,1.),.UNSPECIFIED.);
#378 = CARTESIAN_POINT('',(11.686533875108,109.37744249152,0.));
#379 = CARTESIAN_POINT('',(11.87924699387,109.35685188033,0.));
#380 = CARTESIAN_POINT('',(12.078284948411,109.32159312503,0.));
#381 = CARTESIAN_POINT('',(12.282141356677,109.2702307478,0.));
#382 = CARTESIAN_POINT('',(12.488763556797,109.20158888601,0.));
#383 = CARTESIAN_POINT('',(12.695523962093,109.11510519306,0.));
#384 = CARTESIAN_POINT('',(13.103705008105,108.90693454877,0.));
#385 = CARTESIAN_POINT('',(13.305124332767,108.78524272964,0.));
#386 = CARTESIAN_POINT('',(13.501043218123,108.64619329984,0.));
#387 = CARTESIAN_POINT('',(13.688427911558,108.49082017951,0.));
#388 = CARTESIAN_POINT('',(13.864483446735,108.3210823452,0.));
#389 = CARTESIAN_POINT('',(14.189627979484,107.95782111095,0.));
#390 = CARTESIAN_POINT('',(14.338716358679,107.76429859729,0.));
#391 = CARTESIAN_POINT('',(14.472161873073,107.56135209121,0.));
#392 = CARTESIAN_POINT('',(14.588422800277,107.3519921465,0.));
#393 = CARTESIAN_POINT('',(14.686898244871,107.13930404307,0.));
#394 = CARTESIAN_POINT('',(14.848524735818,106.71282167973,0.));
#395 = CARTESIAN_POINT('',(14.9116808308,106.49902804168,0.));
#396 = CARTESIAN_POINT('',(14.957310532064,106.28743485211,0.));
#397 = CARTESIAN_POINT('',(14.986290419749,106.08050272173,0.));
#398 = CARTESIAN_POINT('',(15.,105.88006776949,0.));
#399 = CARTESIAN_POINT('',(15.,105.68741865998,0.));
#400 = PCURVE('',#401,#456);
#401 = ( BOUNDED_SURFACE() B_SPLINE_SURFACE(2,9,(
    (#402,#403,#404,#405,#406,#407,#408,#409,#410,#411,#412,#413,#414
      ,#415,#416,#417,#418,#419)
    ,(#420,#421,#422,#423,#424,#425,#426,#427,#428,#429,#430,#431,#432
      ,#433,#434,#435,#436,#437)
    ,(#438,#439,#440,#441,#442,#443,#444,#445,#446,#447,#448,#449,#450
      ,#451,#452,#453,#454,#455
)),.UNSPECIFIED.,.F.,.F.,.F.) B_SPLINE_SURFACE_WITH_KNOTS((3,3),(10,8,10
    ),(0.,181.58379159427),(-11.18702234902,-0.773983346059,
180.80980824821),.UNSPECIFIED.) GEOMETRIC_REPRESENTATION_ITEM() 
RATIONAL_B_SPLINE_SURFACE((
    (1.,1.,1.,1.,1.,1.,1.,1.,1.,1.,1.,1.,1.,1.,1.,1.,1.,1.)
    ,(0.695425484934,0.69344492984,0.69195951352,0.690969235973
      ,0.690474097199,0.690474097199,0.690969235973,0.69195951352
      ,0.69344492984,0.729962636222,0.765971148593,0.80282418586
      ,0.839401147106,0.873909433655,0.90367630541,0.924588563947
      ,0.935063239715,0.935063239715)
    ,(1.,1.,1.,1.,1.,1.,1.,1.,1.,1.,1.,1.,1.,1.,1.,1.,1.,1.
))) REPRESENTATION_ITEM('') SURFACE() );
#402 = CARTESIAN_POINT('',(6.032489596173,115.50779300307,
    14.494820132693));
#403 = CARTESIAN_POINT('',(6.660716738277,114.82664294623,
    12.884284562393));
#404 = CARTESIAN_POINT('',(7.288943880381,114.14549288939,
    11.273748992094));
#405 = CARTESIAN_POINT('',(7.917171022485,113.46434283255,9.663213421795
    ));
#406 = CARTESIAN_POINT('',(8.545398164589,112.78319277571,8.052677851496
    ));
#407 = CARTESIAN_POINT('',(9.173625306693,112.10204271887,6.442142281197
    ));
#408 = CARTESIAN_POINT('',(9.801852448797,111.42089266204,4.831606710897
    ));
#409 = CARTESIAN_POINT('',(10.430079590901,110.7397426052,3.221071140598
    ));
#410 = CARTESIAN_POINT('',(11.058306733004,110.05859254836,
    1.610535570299));
#411 = CARTESIAN_POINT('',(22.641632229508,97.499468162371,
    -28.08470757376));
#412 = CARTESIAN_POINT('',(32.296313558519,85.578890948681,
    -52.65906636373));
#413 = CARTESIAN_POINT('',(40.647272652498,73.603376019535,
    -73.72247038829));
#414 = CARTESIAN_POINT('',(47.686186209638,61.546602275188,
    -91.27652056122));
#415 = CARTESIAN_POINT('',(53.391210566248,49.408942616124,
    -105.3147412379));
#416 = CARTESIAN_POINT('',(57.735364376571,37.142096065978,
    -115.848999096));
#417 = CARTESIAN_POINT('',(60.642495511642,24.78669266475,
    -122.8560088522));
#418 = CARTESIAN_POINT('',(62.096850568826,12.393551175571,
    -126.3607401211));
#419 = CARTESIAN_POINT('',(62.096850568825,0.,-126.3607401211));
#420 = CARTESIAN_POINT('',(9.102862658458,115.74961380273,
    15.555692014447));
#421 = CARTESIAN_POINT('',(9.699367544357,115.06802093789,
    13.982208855967));
#422 = CARTESIAN_POINT('',(10.302370745027,114.37900281118,
    12.391584196901));
#423 = CARTESIAN_POINT('',(10.910617859199,113.68399275697,
    10.787126944382));
#424 = CARTESIAN_POINT('',(11.522822927842,112.98446016894,9.1722292498)
  );
#425 = CARTESIAN_POINT('',(12.137677429472,112.28190022159,
    7.550342780636));
#426 = CARTESIAN_POINT('',(12.753859575992,111.57782324848,
    5.924954199546));
#427 = CARTESIAN_POINT('',(13.370043770883,110.87374393481,
    4.299560215185));
#428 = CARTESIAN_POINT('',(13.984910087926,110.17117048665,
    2.677642578877));
#429 = CARTESIAN_POINT('',(24.739423054638,97.882588320335,
    -25.69101865223));
#430 = CARTESIAN_POINT('',(33.799762420145,86.148553296475,
    -49.59072465422));
#431 = CARTESIAN_POINT('',(41.750639956462,74.243895228506,
    -70.56385026353));
#432 = CARTESIAN_POINT('',(48.545236289354,62.120546490324,
    -88.48689356326));
#433 = CARTESIAN_POINT('',(54.11901535486,49.801762025095,-103.189618882
    ));
#434 = CARTESIAN_POINT('',(58.373376260615,37.208471243332,
    -114.411933055));
#435 = CARTESIAN_POINT('',(61.154813624431,24.594782589054,
    -121.7489137768));
#436 = CARTESIAN_POINT('',(62.5,12.15988294571,-125.2972972972));
#437 = CARTESIAN_POINT('',(62.5,6.394884621841E-14,-125.2972972972));
#438 = CARTESIAN_POINT('',(8.670147996959,112.73283752557,
    16.697123121535));
#439 = CARTESIAN_POINT('',(9.285099500003,112.04874598162,15.07498077837
    ));
#440 = CARTESIAN_POINT('',(9.899496660838,111.36527110551,
    13.454300700059));
#441 = CARTESIAN_POINT('',(10.513339479464,110.68241289725,
    11.835082886604));
#442 = CARTESIAN_POINT('',(11.12662795588,110.00017135684,
    10.217327338004));
#443 = CARTESIAN_POINT('',(11.739362090086,109.31854648427,
    8.601034054259));
#444 = CARTESIAN_POINT('',(12.351541882083,108.63753827954,6.98620303537
    ));
#445 = CARTESIAN_POINT('',(12.963167331871,107.95714674266,
    5.372834281335));
#446 = CARTESIAN_POINT('',(13.574238439449,107.27737187362,
    3.760927792155));
#447 = CARTESIAN_POINT('',(24.831017939071,94.75497355495,
    -25.93263110414));
#448 = CARTESIAN_POINT('',(34.146553153037,82.911860260977,
    -50.50550237124));
#449 = CARTESIAN_POINT('',(42.131441238173,71.068327096666,
    -71.56834229313));
#450 = CARTESIAN_POINT('',(48.785439836522,59.226380702456,
    -89.12051156875));
#451 = CARTESIAN_POINT('',(54.109396248466,47.381411629933,
    -103.1642452392));
#452 = CARTESIAN_POINT('',(58.101690218038,35.540141415539,
    -113.6952693318));
#453 = CARTESIAN_POINT('',(60.765231256942,23.695673184117,
    -120.7212586669));
#454 = CARTESIAN_POINT('',(62.096850568826,11.847778717567,
    -124.2338544734));
#455 = CARTESIAN_POINT('',(62.096850568825,-2.84217094304E-14,
    -124.2338544734));
#456 = DEFINITIONAL_REPRESENTATION('',(#457),#480);
#457 = B_SPLINE_CURVE_WITH_KNOTS('',6,(#458,#459,#460,#461,#462,#463,
    #464,#465,#466,#467,#468,#469,#470,#471,#472,#473,#474,#475,#476,
    #477,#478,#479),.UNSPECIFIED.,.F.,.F.,(7,5,5,5,7),(0.,0.249985035126
    ,0.500000631737,0.750015759454,1.),.UNSPECIFIED.);
#458 = CARTESIAN_POINT('',(0.,-0.773983346059));
#459 = CARTESIAN_POINT('',(7.566574299175,-0.729739279941));
#460 = CARTESIAN_POINT('',(15.132922979692,-0.68076270753));
#461 = CARTESIAN_POINT('',(22.699028873022,-0.627019052624));
#462 = CARTESIAN_POINT('',(30.264889416097,-0.568643618199));
#463 = CARTESIAN_POINT('',(37.830521047854,-0.506030230244));
#464 = CARTESIAN_POINT('',(52.962303280743,-0.37356627877));
#465 = CARTESIAN_POINT('',(60.528457425205,-0.303714824672));
#466 = CARTESIAN_POINT('',(68.094438203931,-0.230869679144));
#467 = CARTESIAN_POINT('',(75.660296136338,-0.155882673493));
#468 = CARTESIAN_POINT('',(83.226096464724,-7.977803198126E-02));
#469 = CARTESIAN_POINT('',(98.357686822404,7.262740259191E-02));
#470 = CARTESIAN_POINT('',(105.92347932079,0.14892786444));
#471 = CARTESIAN_POINT('',(113.48933596325,0.22430654779));
#472 = CARTESIAN_POINT('',(121.05532095463,0.297736914703));
#473 = CARTESIAN_POINT('',(128.62148267133,0.368360841991));
#474 = CARTESIAN_POINT('',(143.75327378886,0.502716853313));
#475 = CARTESIAN_POINT('',(151.31890658555,0.566449804735));
#476 = CARTESIAN_POINT('',(158.88476865093,0.626105021477));
#477 = CARTESIAN_POINT('',(166.45087471894,0.681268340396));
#478 = CARTESIAN_POINT('',(174.01722138317,0.731776490082));
#479 = CARTESIAN_POINT('',(181.58379159427,0.777634714528));
#480 = ( GEOMETRIC_REPRESENTATION_CONTEXT(2) 
PARAMETRIC_REPRESENTATION_CONTEXT() REPRESENTATION_CONTEXT('2D SPACE',''
  ) );
#481 = ORIENTED_EDGE('',*,*,#482,.T.);
#482 = EDGE_CURVE('',#374,#483,#485,.T.);
#483 = VERTEX_POINT('',#484);
#484 = CARTESIAN_POINT('',(62.096850568825,-2.84217094304E-14,
    -124.2338544734));
#485 = SURFACE_CURVE('',#486,(#505),.PCURVE_S1.);
#486 = B_SPLINE_CURVE_WITH_KNOTS('',9,(#487,#488,#489,#490,#491,#492,
    #493,#494,#495,#496,#497,#498,#499,#500,#501,#502,#503,#504),
  .UNSPECIFIED.,.F.,.F.,(10,8,10),(-11.18702234902,-0.773983346059,
    180.80980824821),.UNSPECIFIED.);
#487 = CARTESIAN_POINT('',(8.670147996959,112.73283752557,
    16.697123121535));
#488 = CARTESIAN_POINT('',(9.285099500003,112.04874598162,15.07498077837
    ));
#489 = CARTESIAN_POINT('',(9.899496660838,111.36527110551,
    13.454300700059));
#490 = CARTESIAN_POINT('',(10.513339479464,110.68241289725,
    11.835082886604));
#491 = CARTESIAN_POINT('',(11.12662795588,110.00017135684,
    10.217327338004));
#492 = CARTESIAN_POINT('',(11.739362090086,109.31854648427,
    8.601034054259));
#493 = CARTESIAN_POINT('',(12.351541882083,108.63753827954,6.98620303537
    ));
#494 = CARTESIAN_POINT('',(12.963167331871,107.95714674266,
    5.372834281335));
#495 = CARTESIAN_POINT('',(13.574238439449,107.27737187362,
    3.760927792155));
#496 = CARTESIAN_POINT('',(24.831017939071,94.75497355495,
    -25.93263110414));
#497 = CARTESIAN_POINT('',(34.146553153037,82.911860260977,
    -50.50550237124));
#498 = CARTESIAN_POINT('',(42.131441238173,71.068327096666,
    -71.56834229313));
#499 = CARTESIAN_POINT('',(48.785439836522,59.226380702456,
    -89.12051156875));
#500 = CARTESIAN_POINT('',(54.109396248466,47.381411629933,
    -103.1642452392));
#501 = CARTESIAN_POINT('',(58.101690218038,35.540141415539,
    -113.6952693318));
#502 = CARTESIAN_POINT('',(60.765231256942,23.695673184117,
    -120.7212586669));
#503 = CARTESIAN_POINT('',(62.096850568826,11.847778717567,
    -124.2338544734));
#504 = CARTESIAN_POINT('',(62.096850568825,-2.84217094304E-14,
    -124.2338544734));
#505 = PCURVE('',#401,#506);
#506 = DEFINITIONAL_REPRESENTATION('',(#507),#511);
#507 = LINE('',#508,#509);
#508 = CARTESIAN_POINT('',(181.58379159427,0.));
#509 = VECTOR('',#510,1.);
#510 = DIRECTION('',(0.,1.));
#511 = ( GEOMETRIC_REPRESENTATION_CONTEXT(2) 
PARAMETRIC_REPRESENTATION_CONTEXT() REPRESENTATION_CONTEXT('2D SPACE',''
  ) );
#512 = ORIENTED_EDGE('',*,*,#513,.F.);
#513 = EDGE_CURVE('',#514,#483,#516,.T.);
#514 = VERTEX_POINT('',#515);
#515 = CARTESIAN_POINT('',(62.096850568825,0.,-126.3607401211));
#516 = SURFACE_CURVE('',#517,(#521),.PCURVE_S1.);
#517 = ( BOUNDED_CURVE() B_SPLINE_CURVE(2,(#518,#519,#520),
.UNSPECIFIED.,.F.,.F.) B_SPLINE_CURVE_WITH_KNOTS((3,3),(0.,
181.58379159427),.PIECEWISE_BEZIER_KNOTS.) CURVE() 
GEOMETRIC_REPRESENTATION_ITEM() RATIONAL_B_SPLINE_CURVE((1.,
0.935063239715,1.)) REPRESENTATION_ITEM('') );
#518 = CARTESIAN_POINT('',(62.096850568825,0.,-126.3607401211));
#519 = CARTESIAN_POINT('',(62.5,6.394884621841E-14,-125.2972972972));
#520 = CARTESIAN_POINT('',(62.096850568825,-2.84217094304E-14,
    -124.2338544734));
#521 = PCURVE('',#401,#522);
#522 = DEFINITIONAL_REPRESENTATION('',(#523),#526);
#523 = B_SPLINE_CURVE_WITH_KNOTS('',1,(#524,#525),.UNSPECIFIED.,.F.,.F.,
  (2,2),(0.,181.58379159427),.PIECEWISE_BEZIER_KNOTS.);
#524 = CARTESIAN_POINT('',(0.,180.80980824821));
#525 = CARTESIAN_POINT('',(181.58379159427,180.80980824821));
#526 = ( GEOMETRIC_REPRESENTATION_CONTEXT(2) 
PARAMETRIC_REPRESENTATION_CONTEXT() REPRESENTATION_CONTEXT('2D SPACE',''
  ) );
#527 = ORIENTED_EDGE('',*,*,#528,.F.);
#528 = EDGE_CURVE('',#372,#514,#529,.T.);
#529 = SURFACE_CURVE('',#530,(#549),.PCURVE_S1.);
#530 = B_SPLINE_CURVE_WITH_KNOTS('',9,(#531,#532,#533,#534,#535,#536,
    #537,#538,#539,#540,#541,#542,#543,#544,#545,#546,#547,#548),
  .UNSPECIFIED.,.F.,.F.,(10,8,10),(-11.18702234902,-0.773983346059,
    180.80980824821),.UNSPECIFIED.);
#531 = CARTESIAN_POINT('',(6.032489596173,115.50779300307,
    14.494820132693));
#532 = CARTESIAN_POINT('',(6.660716738277,114.82664294623,
    12.884284562393));
#533 = CARTESIAN_POINT('',(7.288943880381,114.14549288939,
    11.273748992094));
#534 = CARTESIAN_POINT('',(7.917171022485,113.46434283255,9.663213421795
    ));
#535 = CARTESIAN_POINT('',(8.545398164589,112.78319277571,8.052677851496
    ));
#536 = CARTESIAN_POINT('',(9.173625306693,112.10204271887,6.442142281197
    ));
#537 = CARTESIAN_POINT('',(9.801852448797,111.42089266204,4.831606710897
    ));
#538 = CARTESIAN_POINT('',(10.430079590901,110.7397426052,3.221071140598
    ));
#539 = CARTESIAN_POINT('',(11.058306733004,110.05859254836,
    1.610535570299));
#540 = CARTESIAN_POINT('',(22.641632229508,97.499468162371,
    -28.08470757376));
#541 = CARTESIAN_POINT('',(32.296313558519,85.578890948681,
    -52.65906636373));
#542 = CARTESIAN_POINT('',(40.647272652498,73.603376019535,
    -73.72247038829));
#543 = CARTESIAN_POINT('',(47.686186209638,61.546602275188,
    -91.27652056122));
#544 = CARTESIAN_POINT('',(53.391210566248,49.408942616124,
    -105.3147412379));
#545 = CARTESIAN_POINT('',(57.735364376571,37.142096065978,
    -115.848999096));
#546 = CARTESIAN_POINT('',(60.642495511642,24.78669266475,
    -122.8560088522));
#547 = CARTESIAN_POINT('',(62.096850568826,12.393551175571,
    -126.3607401211));
#548 = CARTESIAN_POINT('',(62.096850568825,0.,-126.3607401211));
#549 = PCURVE('',#401,#550);
#550 = DEFINITIONAL_REPRESENTATION('',(#551),#555);
#551 = LINE('',#552,#553);
#552 = CARTESIAN_POINT('',(0.,0.));
#553 = VECTOR('',#554,1.);
#554 = DIRECTION('',(0.,1.));
#555 = ( GEOMETRIC_REPRESENTATION_CONTEXT(2) 
PARAMETRIC_REPRESENTATION_CONTEXT() REPRESENTATION_CONTEXT('2D SPACE',''
  ) );
#556 = ( GEOMETRIC_REPRESENTATION_CONTEXT(3) 
GLOBAL_UNCERTAINTY_ASSIGNED_CONTEXT((#560)) GLOBAL_UNIT_ASSIGNED_CONTEXT
((#557,#558,#559)) REPRESENTATION_CONTEXT('Context #1',
  '3D Context with UNIT and UNCERTAINTY') );
#557 = ( LENGTH_UNIT() NAMED_UNIT(*) SI_UNIT(.MILLI.,.METRE.) );
#558 = ( NAMED_UNIT(*) PLANE_ANGLE_UNIT() SI_UNIT($,.RADIAN.) );
#559 = ( NAMED_UNIT(*) SI_UNIT($,.STERADIAN.) SOLID_ANGLE_UNIT() );
#560 = UNCERTAINTY_MEASURE_WITH_UNIT(LENGTH_MEASURE(1.E-04),#557,
  'distance_accuracy_value','confusion accuracy');
#561 = CONTEXT_DEPENDENT_SHAPE_REPRESENTATION(#562,#564);
#562 = ( REPRESENTATION_RELATIONSHIP('','',#364,#10) 
REPRESENTATION_RELATIONSHIP_WITH_TRANSFORMATION(#563) 
SHAPE_REPRESENTATION_RELATIONSHIP() );
#563 = ITEM_DEFINED_TRANSFORMATION('','',#11,#19);
#564 = PRODUCT_DEFINITION_SHAPE('Placement','Placement of an item',#565
  );
#565 = NEXT_ASSEMBLY_USAGE_OCCURRENCE('2','','',#5,#359,$);
#566 = PRODUCT_RELATED_PRODUCT_CATEGORY('part',$,(#361));
#567 = SHAPE_DEFINITION_REPRESENTATION(#568,#574);
#568 = PRODUCT_DEFINITION_SHAPE('','',#569);
#569 = PRODUCT_DEFINITION('design','',#570,#573);
#570 = PRODUCT_DEFINITION_FORMATION('','',#571);
#571 = PRODUCT('Open CASCADE STEP translator 7.8 1.3',
  'Open CASCADE STEP translator 7.8 1.3','',(#572));
#572 = PRODUCT_CONTEXT('',#2,'mechanical');
#573 = PRODUCT_DEFINITION_CONTEXT('part definition',#2,'design');
#574 = MANIFOLD_SURFACE_SHAPE_REPRESENTATION('',(#11,#575),#885);
#575 = SHELL_BASED_SURFACE_MODEL('',(#576));
#576 = OPEN_SHELL('',(#577));
#577 = ADVANCED_FACE('',(#578),#611,.T.);
#578 = FACE_BOUND('',#579,.T.);
#579 = EDGE_LOOP('',(#580,#739,#786,#840));
#580 = ORIENTED_EDGE('',*,*,#581,.T.);
#581 = EDGE_CURVE('',#582,#584,#586,.T.);
#582 = VERTEX_POINT('',#583);
#583 = CARTESIAN_POINT('',(-11.6865338751,-109.3774424915,0.));
#584 = VERTEX_POINT('',#585);
#585 = CARTESIAN_POINT('',(-15.,-105.6874185199,0.));
#586 = SURFACE_CURVE('',#587,(#610),.PCURVE_S1.);
#587 = B_SPLINE_CURVE_WITH_KNOTS('',6,(#588,#589,#590,#591,#592,#593,
    #594,#595,#596,#597,#598,#599,#600,#601,#602,#603,#604,#605,#606,
    #607,#608,#609),.UNSPECIFIED.,.F.,.F.,(7,5,5,5,7),(0.,0.249996249286
    ,0.500000158506,0.750003950085,1.),.UNSPECIFIED.);
#588 = CARTESIAN_POINT('',(-11.6865338751,-109.3774424915,0.));
#589 = CARTESIAN_POINT('',(-11.87923586692,-109.3568530692,0.));
#590 = CARTESIAN_POINT('',(-12.07826627144,-109.3215967345,0.));
#591 = CARTESIAN_POINT('',(-12.2821198145,-109.2702370077,0.));
#592 = CARTESIAN_POINT('',(-12.48874457577,-109.2015964485,0.));
#593 = CARTESIAN_POINT('',(-12.69551255155,-109.1151110095,0.));
#594 = CARTESIAN_POINT('',(-13.10369764927,-108.9069383045,0.));
#595 = CARTESIAN_POINT('',(-13.30511387214,-108.7852494285,0.));
#596 = CARTESIAN_POINT('',(-13.50103347748,-108.646201095,0.));
#597 = CARTESIAN_POINT('',(-13.68842123767,-108.4908266176,0.));
#598 = CARTESIAN_POINT('',(-13.86448035214,-108.321085796,0.));
#599 = CARTESIAN_POINT('',(-14.18963120767,-107.9578175108,0.));
#600 = CARTESIAN_POINT('',(-14.33872225008,-107.7642909477,0.));
#601 = CARTESIAN_POINT('',(-14.47216873869,-107.5613412148,0.));
#602 = CARTESIAN_POINT('',(-14.58842841572,-107.3519807773,0.));
#603 = CARTESIAN_POINT('',(-14.6869012012,-107.1392962347,0.));
#604 = CARTESIAN_POINT('',(-14.84852923067,-106.7128098266,0.));
#605 = CARTESIAN_POINT('',(-14.91168623034,-106.4990085522,0.));
#606 = CARTESIAN_POINT('',(-14.95731438414,-106.2874130192,0.));
#607 = CARTESIAN_POINT('',(-14.98629199021,-106.0804840049,0.));
#608 = CARTESIAN_POINT('',(-15.,-105.8800567242,0.));
#609 = CARTESIAN_POINT('',(-15.,-105.6874186599,0.));
#610 = PCURVE('',#611,#714);
#611 = ( BOUNDED_SURFACE() B_SPLINE_SURFACE(2,9,(
    (#612,#613,#614,#615,#616,#617,#618,#619,#620,#621,#622,#623,#624
      ,#625,#626,#627,#628,#629,#630,#631,#632,#633,#634,#635,#636,#637
      ,#638,#639,#640,#641,#642,#643,#644,#645)
    ,(#646,#647,#648,#649,#650,#651,#652,#653,#654,#655,#656,#657,#658
      ,#659,#660,#661,#662,#663,#664,#665,#666,#667,#668,#669,#670,#671
      ,#672,#673,#674,#675,#676,#677,#678,#679)
    ,(#680,#681,#682,#683,#684,#685,#686,#687,#688,#689,#690,#691,#692
      ,#693,#694,#695,#696,#697,#698,#699,#700,#701,#702,#703,#704,#705
      ,#706,#707,#708,#709,#710,#711,#712,#713
)),.UNSPECIFIED.,.F.,.F.,.F.) B_SPLINE_SURFACE_WITH_KNOTS((3,3),(10,8,8,
    8,10),(0.,362.77299424188),(-11.16033993943,-0.773142397452,
    180.61335472349,361.99985184443,372.38704938641),.UNSPECIFIED.) 
GEOMETRIC_REPRESENTATION_ITEM() RATIONAL_B_SPLINE_SURFACE((
    (1.,1.,1.,1.,1.,1.,1.,1.,1.,1.,1.,1.,1.,1.,1.,1.,1.,1.,1.,1.,1.,1.
      ,1.,1.,1.,1.,1.,1.,1.,1.,1.,1.,1.,1.)
    ,(0.695425484934,0.693447695966,0.69196435424,0.690975459756
      ,0.690481012514,0.690481012514,0.690975459756,0.69196435424
      ,0.693447695966,0.729962636222,0.765971148593,0.80282418586
      ,0.839401147107,0.873909433655,0.90367630541,0.924588563947
      ,0.935063239715,0.935063239715,0.924588563947,0.90367630541
      ,0.873909433655,0.839401147107,0.80282418586,0.765971148593
      ,0.729962636222,0.693447695966,0.69196435424,0.690975459756
      ,0.690481012514,0.690481012514,0.690975459756,0.69196435424
      ,0.693447695966,0.695425484934)
    ,(1.,1.,1.,1.,1.,1.,1.,1.,1.,1.,1.,1.,1.,1.,1.,1.,1.,1.,1.,1.,1.,1.
,1.,1.,1.,1.,1.,1.,1.,1.,1.,1.,1.,1.
  ))) REPRESENTATION_ITEM('') SURFACE() );
#612 = CARTESIAN_POINT('',(-6.040386270165,-115.4992310999,
    14.474576062517));
#613 = CARTESIAN_POINT('',(-6.667736004048,-114.8190323656,
    12.866289833349));
#614 = CARTESIAN_POINT('',(-7.29508573793,-114.1388336314,11.25800360418
    ));
#615 = CARTESIAN_POINT('',(-7.922435471813,-113.4586348971,
    9.649717375012));
#616 = CARTESIAN_POINT('',(-8.549785205695,-112.7784361628,
    8.041431145843));
#617 = CARTESIAN_POINT('',(-9.177134939578,-112.0982374285,
    6.433144916674));
#618 = CARTESIAN_POINT('',(-9.80448467346,-111.4180386943,4.824858687506
    ));
#619 = CARTESIAN_POINT('',(-10.43183440734,-110.73783996,3.216572458337)
  );
#620 = CARTESIAN_POINT('',(-11.05918414122,-110.0576412257,
    1.608286229169));
#621 = CARTESIAN_POINT('',(-22.64163222948,-97.4994681624,-28.0847075737
    ));
#622 = CARTESIAN_POINT('',(-32.2963135586,-85.57889094857,
    -52.65906636396));
#623 = CARTESIAN_POINT('',(-40.64727265233,-73.60337601974,
    -73.72247038786));
#624 = CARTESIAN_POINT('',(-47.68618620983,-61.54660227494,
    -91.27652056173));
#625 = CARTESIAN_POINT('',(-53.3912105661,-49.40894261631,
    -105.3147412375));
#626 = CARTESIAN_POINT('',(-57.73536437663,-37.14209606589,
    -115.8489990961));
#627 = CARTESIAN_POINT('',(-60.64249551163,-24.78669266477,
    -122.8560088522));
#628 = CARTESIAN_POINT('',(-62.09685056882,-12.39355117557,
    -126.3607401211));
#629 = CARTESIAN_POINT('',(-62.09685056882,12.39355117557,
    -126.3607401211));
#630 = CARTESIAN_POINT('',(-60.64249551163,24.786692664774,
    -122.8560088522));
#631 = CARTESIAN_POINT('',(-57.73536437663,37.142096065886,
    -115.8489990961));
#632 = CARTESIAN_POINT('',(-53.3912105661,49.408942616317,
    -105.3147412375));
#633 = CARTESIAN_POINT('',(-47.68618620983,61.546602274935,
    -91.27652056173));
#634 = CARTESIAN_POINT('',(-40.64727265233,73.603376019748,
    -73.72247038786));
#635 = CARTESIAN_POINT('',(-32.2963135586,85.57889094857,-52.65906636396
    ));
#636 = CARTESIAN_POINT('',(-22.64163222948,97.499468162401,
    -28.0847075737));
#637 = CARTESIAN_POINT('',(-11.05918414122,110.05764122579,
    1.608286229169));
#638 = CARTESIAN_POINT('',(-10.43183440734,110.73783996005,
    3.216572458337));
#639 = CARTESIAN_POINT('',(-9.80448467346,111.41803869432,4.824858687506
    ));
#640 = CARTESIAN_POINT('',(-9.177134939578,112.09823742859,
    6.433144916674));
#641 = CARTESIAN_POINT('',(-8.549785205695,112.77843616286,
    8.041431145843));
#642 = CARTESIAN_POINT('',(-7.922435471813,113.45863489713,
    9.649717375012));
#643 = CARTESIAN_POINT('',(-7.29508573793,114.1388336314,11.25800360418)
  );
#644 = CARTESIAN_POINT('',(-6.667736004048,114.81903236567,
    12.866289833349));
#645 = CARTESIAN_POINT('',(-6.040386270165,115.49923109994,
    14.474576062517));
#646 = CARTESIAN_POINT('',(-9.110536214317,-115.7408456584,
    15.535450418449));
#647 = CARTESIAN_POINT('',(-9.706227506342,-115.0601824419,
    13.964113388676));
#648 = CARTESIAN_POINT('',(-10.30839902059,-114.3721146369,
    12.375682583526));
#649 = CARTESIAN_POINT('',(-10.91579978791,-113.678071656,
    10.773457856748));
#650 = CARTESIAN_POINT('',(-11.52714741336,-112.9795188205,
    9.160821958266));
#651 = CARTESIAN_POINT('',(-12.14113703425,-112.2779471241,
    7.541216904224));
#652 = CARTESIAN_POINT('',(-12.75645057713,-111.5748626559,
    5.918119558702));
#653 = CARTESIAN_POINT('',(-13.37176617608,-110.8717758384,
    4.295016789577));
#654 = CARTESIAN_POINT('',(-13.98576761157,-110.1701906421,
    2.675380570537));
#655 = CARTESIAN_POINT('',(-24.73942305461,-97.88258832036,
    -25.69101865216));
#656 = CARTESIAN_POINT('',(-33.79976242024,-86.14855329636,
    -49.59072465447));
#657 = CARTESIAN_POINT('',(-41.75063995629,-74.24389522869,
    -70.56385026308));
#658 = CARTESIAN_POINT('',(-48.54523628954,-62.1205464901,
    -88.48689356377));
#659 = CARTESIAN_POINT('',(-54.11901535472,-49.80176202524,
    -103.1896188816));
#660 = CARTESIAN_POINT('',(-58.37337626067,-37.20847124326,
    -114.4119330551));
#661 = CARTESIAN_POINT('',(-61.15481362441,-24.59478258907,
    -121.7489137768));
#662 = CARTESIAN_POINT('',(-62.5,-12.1598829457,-125.2972972972));
#663 = CARTESIAN_POINT('',(-62.5,12.159882945709,-125.2972972972));
#664 = CARTESIAN_POINT('',(-61.15481362441,24.594782589071,
    -121.7489137768));
#665 = CARTESIAN_POINT('',(-58.37337626067,37.208471243262,
    -114.4119330551));
#666 = CARTESIAN_POINT('',(-54.11901535472,49.80176202525,
    -103.1896188816));
#667 = CARTESIAN_POINT('',(-48.54523628954,62.120546490108,
    -88.48689356377));
#668 = CARTESIAN_POINT('',(-41.75063995629,74.2438952287,-70.56385026307
    ));
#669 = CARTESIAN_POINT('',(-33.79976242024,86.148553296368,
    -49.59072465447));
#670 = CARTESIAN_POINT('',(-24.73942305461,97.882588320366,
    -25.69101865216));
#671 = CARTESIAN_POINT('',(-13.98576761157,110.17019064219,
    2.675380570537));
#672 = CARTESIAN_POINT('',(-13.37176617608,110.87177583845,
    4.295016789577));
#673 = CARTESIAN_POINT('',(-12.75645057713,111.57486265598,
    5.918119558702));
#674 = CARTESIAN_POINT('',(-12.14113703425,112.27794712415,
    7.541216904224));
#675 = CARTESIAN_POINT('',(-11.52714741336,112.97951882052,
    9.160821958266));
#676 = CARTESIAN_POINT('',(-10.91579978791,113.67807165604,
    10.773457856748));
#677 = CARTESIAN_POINT('',(-10.30839902059,114.3721146369,
    12.375682583526));
#678 = CARTESIAN_POINT('',(-9.706227506342,115.06018244192,
    13.964113388676));
#679 = CARTESIAN_POINT('',(-9.110536214317,115.74084565842,
    15.535450418449));
#680 = CARTESIAN_POINT('',(-8.677849927321,-112.7242696541,
    16.676806678201));
#681 = CARTESIAN_POINT('',(-9.291942563445,-112.0411335409,
    15.056929886696));
#682 = CARTESIAN_POINT('',(-9.905481631579,-111.3586132343,
    13.438513317779));
#683 = CARTESIAN_POINT('',(-10.51846713172,-110.6767087343,
    11.821556971451));
#684 = CARTESIAN_POINT('',(-11.13089906388,-109.9954200409,
    10.206060847711));
#685 = CARTESIAN_POINT('',(-11.74277742804,-109.314747154,8.59202494656)
  );
#686 = CARTESIAN_POINT('',(-12.35410222422,-108.6346900737,
    6.979449267996));
#687 = CARTESIAN_POINT('',(-12.96487345241,-107.9552488001,
    5.368333812022));
#688 = CARTESIAN_POINT('',(-13.5750911126,-107.2764233329,3.758678578635
    ));
#689 = CARTESIAN_POINT('',(-24.83101793922,-94.75497355478,
    -25.93263110454));
#690 = CARTESIAN_POINT('',(-34.14655315247,-82.91186026159,
    -50.50550236978));
#691 = CARTESIAN_POINT('',(-42.13144123924,-71.06832709548,
    -71.56834229594));
#692 = CARTESIAN_POINT('',(-48.78543983525,-59.22638070385,
    -89.12051156543));
#693 = CARTESIAN_POINT('',(-54.10939624941,-47.38141162889,
    -103.1642452416));
#694 = CARTESIAN_POINT('',(-58.1016902176,-35.540141416,-113.6952693307)
  );
#695 = CARTESIAN_POINT('',(-60.76523125703,-23.69567318402,
    -120.7212586672));
#696 = CARTESIAN_POINT('',(-62.09685056882,-11.84777871756,
    -124.2338544734));
#697 = CARTESIAN_POINT('',(-62.09685056882,11.847778717565,
    -124.2338544734));
#698 = CARTESIAN_POINT('',(-60.76523125703,23.69567318402,
    -120.7212586672));
#699 = CARTESIAN_POINT('',(-58.1016902176,35.540141416006,
    -113.6952693307));
#700 = CARTESIAN_POINT('',(-54.10939624941,47.381411628885,
    -103.1642452417));
#701 = CARTESIAN_POINT('',(-48.78543983525,59.226380703862,
    -89.12051156543));
#702 = CARTESIAN_POINT('',(-42.13144123924,71.068327095474,
    -71.56834229594));
#703 = CARTESIAN_POINT('',(-34.14655315248,82.9118602616,-50.50550236978
    ));
#704 = CARTESIAN_POINT('',(-24.83101793922,94.754973554781,
    -25.93263110454));
#705 = CARTESIAN_POINT('',(-13.5750911126,107.27642333298,3.758678578635
    ));
#706 = CARTESIAN_POINT('',(-12.96487345241,107.9552488001,5.368333812022
    ));
#707 = CARTESIAN_POINT('',(-12.35410222422,108.63469007379,
    6.979449267996));
#708 = CARTESIAN_POINT('',(-11.74277742804,109.31474715407,8.59202494656
    ));
#709 = CARTESIAN_POINT('',(-11.13089906388,109.99542004092,
    10.206060847711));
#710 = CARTESIAN_POINT('',(-10.51846713172,110.67670873435,
    11.821556971451));
#711 = CARTESIAN_POINT('',(-9.90548163158,111.35861323436,
    13.438513317779));
#712 = CARTESIAN_POINT('',(-9.291942563445,112.04113354094,
    15.056929886696));
#713 = CARTESIAN_POINT('',(-8.677849927321,112.72426965411,
    16.676806678201));
#714 = DEFINITIONAL_REPRESENTATION('',(#715),#738);
#715 = B_SPLINE_CURVE_WITH_KNOTS('',6,(#716,#717,#718,#719,#720,#721,
    #722,#723,#724,#725,#726,#727,#728,#729,#730,#731,#732,#733,#734,
    #735,#736,#737),.UNSPECIFIED.,.F.,.F.,(7,5,5,5,7),(0.,0.249996249286
    ,0.500000158506,0.750003950085,1.),.UNSPECIFIED.);
#716 = CARTESIAN_POINT('',(0.,-0.773142397452));
#717 = CARTESIAN_POINT('',(15.115833311286,-0.728948955214));
#718 = CARTESIAN_POINT('',(30.231553676172,-0.680027706306));
#719 = CARTESIAN_POINT('',(45.347152489161,-0.626343652104));
#720 = CARTESIAN_POINT('',(60.462628450653,-0.568031428116));
#721 = CARTESIAN_POINT('',(75.577989781269,-0.505484116416));
#722 = CARTESIAN_POINT('',(105.80897228887,-0.373162777612));
#723 = CARTESIAN_POINT('',(120.92459526045,-0.303388545624));
#724 = CARTESIAN_POINT('',(136.04013141501,-0.230622661329));
#725 = CARTESIAN_POINT('',(151.15560604525,-0.155716186537));
#726 = CARTESIAN_POINT('',(166.27105183031,-7.969279892887E-02));
#727 = CARTESIAN_POINT('',(196.501938237,7.2550001397E-02));
#728 = CARTESIAN_POINT('',(211.61738009746,0.148769063647));
#729 = CARTESIAN_POINT('',(226.73285408197,0.224066811635));
#730 = CARTESIAN_POINT('',(241.8483923492,0.297417259708));
#731 = CARTESIAN_POINT('',(256.96401911741,0.367963067083));
#732 = CARTESIAN_POINT('',(287.19500608013,0.502174371876));
#733 = CARTESIAN_POINT('',(302.31036799592,0.56584007673));
#734 = CARTESIAN_POINT('',(317.4258447214,0.62543072095));
#735 = CARTESIAN_POINT('',(332.54144362301,0.680532899028));
#736 = CARTESIAN_POINT('',(347.65716297833,0.730984026427));
#737 = CARTESIAN_POINT('',(362.77299424188,0.776789798621));
#738 = ( GEOMETRIC_REPRESENTATION_CONTEXT(2) 
PARAMETRIC_REPRESENTATION_CONTEXT() REPRESENTATION_CONTEXT('2D SPACE',''
  ) );
#739 = ORIENTED_EDGE('',*,*,#740,.T.);
#740 = EDGE_CURVE('',#584,#741,#743,.T.);
#741 = VERTEX_POINT('',#742);
#742 = CARTESIAN_POINT('',(-15.,105.68741851997,0.));
#743 = SURFACE_CURVE('',#744,(#779),.PCURVE_S1.);
#744 = B_SPLINE_CURVE_WITH_KNOTS('',9,(#745,#746,#747,#748,#749,#750,
    #751,#752,#753,#754,#755,#756,#757,#758,#759,#760,#761,#762,#763,
    #764,#765,#766,#767,#768,#769,#770,#771,#772,#773,#774,#775,#776,
    #777,#778),.UNSPECIFIED.,.F.,.F.,(10,8,8,8,10),(-11.16033993943,
    -0.773142397452,180.61335472349,361.99985184443,372.38704938641),
  .UNSPECIFIED.);
#745 = CARTESIAN_POINT('',(-8.677849927321,-112.7242696541,
    16.676806678201));
#746 = CARTESIAN_POINT('',(-9.291942563445,-112.0411335409,
    15.056929886696));
#747 = CARTESIAN_POINT('',(-9.905481631579,-111.3586132343,
    13.438513317779));
#748 = CARTESIAN_POINT('',(-10.51846713172,-110.6767087343,
    11.821556971451));
#749 = CARTESIAN_POINT('',(-11.13089906388,-109.9954200409,
    10.206060847711));
#750 = CARTESIAN_POINT('',(-11.74277742804,-109.314747154,8.59202494656)
  );
#751 = CARTESIAN_POINT('',(-12.35410222422,-108.6346900737,
    6.979449267996));
#752 = CARTESIAN_POINT('',(-12.96487345241,-107.9552488001,
    5.368333812022));
#753 = CARTESIAN_POINT('',(-13.5750911126,-107.2764233329,3.758678578635
    ));
#754 = CARTESIAN_POINT('',(-24.83101793922,-94.75497355478,
    -25.93263110454));
#755 = CARTESIAN_POINT('',(-34.14655315247,-82.91186026159,
    -50.50550236978));
#756 = CARTESIAN_POINT('',(-42.13144123924,-71.06832709548,
    -71.56834229594));
#757 = CARTESIAN_POINT('',(-48.78543983525,-59.22638070385,
    -89.12051156543));
#758 = CARTESIAN_POINT('',(-54.10939624941,-47.38141162889,
    -103.1642452416));
#759 = CARTESIAN_POINT('',(-58.1016902176,-35.540141416,-113.6952693307)
  );
#760 = CARTESIAN_POINT('',(-60.76523125703,-23.69567318402,
    -120.7212586672));
#761 = CARTESIAN_POINT('',(-62.09685056882,-11.84777871756,
    -124.2338544734));
#762 = CARTESIAN_POINT('',(-62.09685056882,11.847778717565,
    -124.2338544734));
#763 = CARTESIAN_POINT('',(-60.76523125703,23.69567318402,
    -120.7212586672));
#764 = CARTESIAN_POINT('',(-58.1016902176,35.540141416006,
    -113.6952693307));
#765 = CARTESIAN_POINT('',(-54.10939624941,47.381411628885,
    -103.1642452417));
#766 = CARTESIAN_POINT('',(-48.78543983525,59.226380703862,
    -89.12051156543));
#767 = CARTESIAN_POINT('',(-42.13144123924,71.068327095474,
    -71.56834229594));
#768 = CARTESIAN_POINT('',(-34.14655315248,82.9118602616,-50.50550236978
    ));
#769 = CARTESIAN_POINT('',(-24.83101793922,94.754973554781,
    -25.93263110454));
#770 = CARTESIAN_POINT('',(-13.5750911126,107.27642333298,3.758678578635
    ));
#771 = CARTESIAN_POINT('',(-12.96487345241,107.9552488001,5.368333812022
    ));
#772 = CARTESIAN_POINT('',(-12.35410222422,108.63469007379,
    6.979449267996));
#773 = CARTESIAN_POINT('',(-11.74277742804,109.31474715407,8.59202494656
    ));
#774 = CARTESIAN_POINT('',(-11.13089906388,109.99542004092,
    10.206060847711));
#775 = CARTESIAN_POINT('',(-10.51846713172,110.67670873435,
    11.821556971451));
#776 = CARTESIAN_POINT('',(-9.90548163158,111.35861323436,
    13.438513317779));
#777 = CARTESIAN_POINT('',(-9.291942563445,112.04113354094,
    15.056929886696));
#778 = CARTESIAN_POINT('',(-8.677849927321,112.72426965411,
    16.676806678201));
#779 = PCURVE('',#611,#780);
#780 = DEFINITIONAL_REPRESENTATION('',(#781),#785);
#781 = LINE('',#782,#783);
#782 = CARTESIAN_POINT('',(362.77299424188,0.));
#783 = VECTOR('',#784,1.);
#784 = DIRECTION('',(0.,1.));
#785 = ( GEOMETRIC_REPRESENTATION_CONTEXT(2) 
PARAMETRIC_REPRESENTATION_CONTEXT() REPRESENTATION_CONTEXT('2D SPACE',''
  ) );
#786 = ORIENTED_EDGE('',*,*,#787,.F.);
#787 = EDGE_CURVE('',#788,#741,#790,.T.);
#788 = VERTEX_POINT('',#789);
#789 = CARTESIAN_POINT('',(-11.6865338751,109.37744249152,0.));
#790 = SURFACE_CURVE('',#791,(#814),.PCURVE_S1.);
#791 = B_SPLINE_CURVE_WITH_KNOTS('',6,(#792,#793,#794,#795,#796,#797,
    #798,#799,#800,#801,#802,#803,#804,#805,#806,#807,#808,#809,#810,
    #811,#812,#813),.UNSPECIFIED.,.F.,.F.,(7,5,5,5,7),(0.,0.249996249286
    ,0.500000158506,0.750003950086,1.),.UNSPECIFIED.);
#792 = CARTESIAN_POINT('',(-11.6865338751,109.37744249152,0.));
#793 = CARTESIAN_POINT('',(-11.87923586692,109.3568530692,0.));
#794 = CARTESIAN_POINT('',(-12.07826627144,109.32159673452,0.));
#795 = CARTESIAN_POINT('',(-12.2821198145,109.27023700778,0.));
#796 = CARTESIAN_POINT('',(-12.48874457577,109.20159644852,0.));
#797 = CARTESIAN_POINT('',(-12.69551255155,109.11511100954,0.));
#798 = CARTESIAN_POINT('',(-13.10369764927,108.90693830458,0.));
#799 = CARTESIAN_POINT('',(-13.30511387214,108.78524942858,0.));
#800 = CARTESIAN_POINT('',(-13.50103347748,108.646201095,0.));
#801 = CARTESIAN_POINT('',(-13.68842123767,108.49082661764,0.));
#802 = CARTESIAN_POINT('',(-13.86448035214,108.32108579602,0.));
#803 = CARTESIAN_POINT('',(-14.18963120767,107.95781751086,0.));
#804 = CARTESIAN_POINT('',(-14.33872225008,107.76429094776,0.));
#805 = CARTESIAN_POINT('',(-14.47216873869,107.56134121485,0.));
#806 = CARTESIAN_POINT('',(-14.58842841572,107.35198077732,0.));
#807 = CARTESIAN_POINT('',(-14.6869012012,107.13929623478,0.));
#808 = CARTESIAN_POINT('',(-14.84852923067,106.71280982663,0.));
#809 = CARTESIAN_POINT('',(-14.91168623034,106.4990085522,0.));
#810 = CARTESIAN_POINT('',(-14.95731438414,106.28741301922,0.));
#811 = CARTESIAN_POINT('',(-14.98629199021,106.08048400492,0.));
#812 = CARTESIAN_POINT('',(-15.,105.88005672423,0.));
#813 = CARTESIAN_POINT('',(-15.,105.68741865998,0.));
#814 = PCURVE('',#611,#815);
#815 = DEFINITIONAL_REPRESENTATION('',(#816),#839);
#816 = B_SPLINE_CURVE_WITH_KNOTS('',6,(#817,#818,#819,#820,#821,#822,
    #823,#824,#825,#826,#827,#828,#829,#830,#831,#832,#833,#834,#835,
    #836,#837,#838),.UNSPECIFIED.,.F.,.F.,(7,5,5,5,7),(0.,0.249996249286
    ,0.500000158506,0.750003950086,1.),.UNSPECIFIED.);
#817 = CARTESIAN_POINT('',(0.,361.99985184443));
#818 = CARTESIAN_POINT('',(15.115833311286,361.95565840219));
#819 = CARTESIAN_POINT('',(30.231553676169,361.90673715329));
#820 = CARTESIAN_POINT('',(45.347152489167,361.85305309908));
#821 = CARTESIAN_POINT('',(60.462628450647,361.7947408751));
#822 = CARTESIAN_POINT('',(75.57798978127,361.7321935634));
#823 = CARTESIAN_POINT('',(105.80897228886,361.59987222459));
#824 = CARTESIAN_POINT('',(120.92459526049,361.5300979926));
#825 = CARTESIAN_POINT('',(136.04013141495,361.45733210831));
#826 = CARTESIAN_POINT('',(151.15560604529,361.38242563352));
#827 = CARTESIAN_POINT('',(166.2710518303,361.30640224591));
#828 = CARTESIAN_POINT('',(196.50193823699,361.15415944558));
#829 = CARTESIAN_POINT('',(211.6173800975,361.07794038333));
#830 = CARTESIAN_POINT('',(226.73285408193,361.00264263534));
#831 = CARTESIAN_POINT('',(241.84839234924,360.92929218727));
#832 = CARTESIAN_POINT('',(256.9640191174,360.8587463799));
#833 = CARTESIAN_POINT('',(287.19500608015,360.7245350751));
#834 = CARTESIAN_POINT('',(302.31036799589,360.66086937025));
#835 = CARTESIAN_POINT('',(317.42584472144,360.60127872603));
#836 = CARTESIAN_POINT('',(332.54144362298,360.54617654795));
#837 = CARTESIAN_POINT('',(347.65716297835,360.49572542055));
#838 = CARTESIAN_POINT('',(362.77299424188,360.44991964836));
#839 = ( GEOMETRIC_REPRESENTATION_CONTEXT(2) 
PARAMETRIC_REPRESENTATION_CONTEXT() REPRESENTATION_CONTEXT('2D SPACE',''
  ) );
#840 = ORIENTED_EDGE('',*,*,#841,.F.);
#841 = EDGE_CURVE('',#582,#788,#842,.T.);
#842 = SURFACE_CURVE('',#843,(#878),.PCURVE_S1.);
#843 = B_SPLINE_CURVE_WITH_KNOTS('',9,(#844,#845,#846,#847,#848,#849,
    #850,#851,#852,#853,#854,#855,#856,#857,#858,#859,#860,#861,#862,
    #863,#864,#865,#866,#867,#868,#869,#870,#871,#872,#873,#874,#875,
    #876,#877),.UNSPECIFIED.,.F.,.F.,(10,8,8,8,10),(-11.16033993943,
    -0.773142397452,180.61335472349,361.99985184443,372.38704938641),
  .UNSPECIFIED.);
#844 = CARTESIAN_POINT('',(-6.040386270165,-115.4992310999,
    14.474576062517));
#845 = CARTESIAN_POINT('',(-6.667736004048,-114.8190323656,
    12.866289833349));
#846 = CARTESIAN_POINT('',(-7.29508573793,-114.1388336314,11.25800360418
    ));
#847 = CARTESIAN_POINT('',(-7.922435471813,-113.4586348971,
    9.649717375012));
#848 = CARTESIAN_POINT('',(-8.549785205695,-112.7784361628,
    8.041431145843));
#849 = CARTESIAN_POINT('',(-9.177134939578,-112.0982374285,
    6.433144916674));
#850 = CARTESIAN_POINT('',(-9.80448467346,-111.4180386943,4.824858687506
    ));
#851 = CARTESIAN_POINT('',(-10.43183440734,-110.73783996,3.216572458337)
  );
#852 = CARTESIAN_POINT('',(-11.05918414122,-110.0576412257,
    1.608286229169));
#853 = CARTESIAN_POINT('',(-22.64163222948,-97.4994681624,-28.0847075737
    ));
#854 = CARTESIAN_POINT('',(-32.2963135586,-85.57889094857,
    -52.65906636396));
#855 = CARTESIAN_POINT('',(-40.64727265233,-73.60337601974,
    -73.72247038786));
#856 = CARTESIAN_POINT('',(-47.68618620983,-61.54660227494,
    -91.27652056173));
#857 = CARTESIAN_POINT('',(-53.3912105661,-49.40894261631,
    -105.3147412375));
#858 = CARTESIAN_POINT('',(-57.73536437663,-37.14209606589,
    -115.8489990961));
#859 = CARTESIAN_POINT('',(-60.64249551163,-24.78669266477,
    -122.8560088522));
#860 = CARTESIAN_POINT('',(-62.09685056882,-12.39355117557,
    -126.3607401211));
#861 = CARTESIAN_POINT('',(-62.09685056882,12.39355117557,
    -126.3607401211));
#862 = CARTESIAN_POINT('',(-60.64249551163,24.786692664774,
    -122.8560088522));
#863 = CARTESIAN_POINT('',(-57.73536437663,37.142096065886,
    -115.8489990961));
#864 = CARTESIAN_POINT('',(-53.3912105661,49.408942616317,
    -105.3147412375));
#865 = CARTESIAN_POINT('',(-47.68618620983,61.546602274935,
    -91.27652056173));
#866 = CARTESIAN_POINT('',(-40.64727265233,73.603376019748,
    -73.72247038786));
#867 = CARTESIAN_POINT('',(-32.2963135586,85.57889094857,-52.65906636396
    ));
#868 = CARTESIAN_POINT('',(-22.64163222948,97.499468162401,
    -28.0847075737));
#869 = CARTESIAN_POINT('',(-11.05918414122,110.05764122579,
    1.608286229169));
#870 = CARTESIAN_POINT('',(-10.43183440734,110.73783996005,
    3.216572458337));
#871 = CARTESIAN_POINT('',(-9.80448467346,111.41803869432,4.824858687506
    ));
#872 = CARTESIAN_POINT('',(-9.177134939578,112.09823742859,
    6.433144916674));
#873 = CARTESIAN_POINT('',(-8.549785205695,112.77843616286,
    8.041431145843));
#874 = CARTESIAN_POINT('',(-7.922435471813,113.45863489713,
    9.649717375012));
#875 = CARTESIAN_POINT('',(-7.29508573793,114.1388336314,11.25800360418)
  );
#876 = CARTESIAN_POINT('',(-6.667736004048,114.81903236567,
    12.866289833349));
#877 = CARTESIAN_POINT('',(-6.040386270165,115.49923109994,
    14.474576062517));
#878 = PCURVE('',#611,#879);
#879 = DEFINITIONAL_REPRESENTATION('',(#880),#884);
#880 = LINE('',#881,#882);
#881 = CARTESIAN_POINT('',(0.,0.));
#882 = VECTOR('',#883,1.);
#883 = DIRECTION('',(0.,1.));
#884 = ( GEOMETRIC_REPRESENTATION_CONTEXT(2) 
PARAMETRIC_REPRESENTATION_CONTEXT() REPRESENTATION_CONTEXT('2D SPACE',''
  ) );
#885 = ( GEOMETRIC_REPRESENTATION_CONTEXT(3) 
GLOBAL_UNCERTAINTY_ASSIGNED_CONTEXT((#889)) GLOBAL_UNIT_ASSIGNED_CONTEXT
((#886,#887,#888)) REPRESENTATION_CONTEXT('Context #1',
  '3D Context with UNIT and UNCERTAINTY') );
#886 = ( LENGTH_UNIT() NAMED_UNIT(*) SI_UNIT(.MILLI.,.METRE.) );
#887 = ( NAMED_UNIT(*) PLANE_ANGLE_UNIT() SI_UNIT($,.RADIAN.) );
#888 = ( NAMED_UNIT(*) SI_UNIT($,.STERADIAN.) SOLID_ANGLE_UNIT() );
#889 = UNCERTAINTY_MEASURE_WITH_UNIT(LENGTH_MEASURE(1.E-04),#886,
  'distance_accuracy_value','confusion accuracy');
#890 = CONTEXT_DEPENDENT_SHAPE_REPRESENTATION(#891,#893);
#891 = ( REPRESENTATION_RELATIONSHIP('','',#574,#10) 
REPRESENTATION_RELATIONSHIP_WITH_TRANSFORMATION(#892) 
SHAPE_REPRESENTATION_RELATIONSHIP() );
#892 = ITEM_DEFINED_TRANSFORMATION('','',#11,#23);
#893 = PRODUCT_DEFINITION_SHAPE('Placement','Placement of an item',#894
  );
#894 = NEXT_ASSEMBLY_USAGE_OCCURRENCE('3','','',#5,#569,$);
#895 = PRODUCT_RELATED_PRODUCT_CATEGORY('part',$,(#571));
#896 = SHAPE_DEFINITION_REPRESENTATION(#897,#903);
#897 = PRODUCT_DEFINITION_SHAPE('','',#898);
#898 = PRODUCT_DEFINITION('design','',#899,#902);
#899 = PRODUCT_DEFINITION_FORMATION('','',#900);
#900 = PRODUCT('Open CASCADE STEP translator 7.8 1.4',
  'Open CASCADE STEP translator 7.8 1.4','',(#901));
#901 = PRODUCT_CONTEXT('',#2,'mechanical');
#902 = PRODUCT_DEFINITION_CONTEXT('part definition',#2,'design');
#903 = MANIFOLD_SURFACE_SHAPE_REPRESENTATION('',(#11,#904),#931);
#904 = SHELL_BASED_SURFACE_MODEL('',(#905));
#905 = OPEN_SHELL('',(#906));
#906 = ADVANCED_FACE('',(#907),#920,.F.);
#907 = FACE_BOUND('',#908,.T.);
#908 = EDGE_LOOP('',(#909));
#909 = ORIENTED_EDGE('',*,*,#910,.F.);
#910 = EDGE_CURVE('',#911,#911,#913,.T.);
#911 = VERTEX_POINT('',#912);
#912 = CARTESIAN_POINT('',(17.5,-4.286122238378E-15,-244.));
#913 = SURFACE_CURVE('',#914,(#919),.PCURVE_S1.);
#914 = CIRCLE('',#915,17.5);
#915 = AXIS2_PLACEMENT_3D('',#916,#917,#918);
#916 = CARTESIAN_POINT('',(0.,0.,-244.));
#917 = DIRECTION('',(0.,0.,1.));
#918 = DIRECTION('',(1.,0.,-0.));
#919 = PCURVE('',#920,#925);
#920 = PLANE('',#921);
#921 = AXIS2_PLACEMENT_3D('',#922,#923,#924);
#922 = CARTESIAN_POINT('',(0.,0.,-244.));
#923 = DIRECTION('',(0.,0.,1.));
#924 = DIRECTION('',(1.,0.,-0.));
#925 = DEFINITIONAL_REPRESENTATION('',(#926),#930);
#926 = CIRCLE('',#927,17.5);
#927 = AXIS2_PLACEMENT_2D('',#928,#929);
#928 = CARTESIAN_POINT('',(0.,0.));
#929 = DIRECTION('',(1.,0.));
#930 = ( GEOMETRIC_REPRESENTATION_CONTEXT(2) 
PARAMETRIC_REPRESENTATION_CONTEXT() REPRESENTATION_CONTEXT('2D SPACE',''
  ) );
#931 = ( GEOMETRIC_REPRESENTATION_CONTEXT(3) 
GLOBAL_UNCERTAINTY_ASSIGNED_CONTEXT((#935)) GLOBAL_UNIT_ASSIGNED_CONTEXT
((#932,#933,#934)) REPRESENTATION_CONTEXT('Context #1',
  '3D Context with UNIT and UNCERTAINTY') );
#932 = ( LENGTH_UNIT() NAMED_UNIT(*) SI_UNIT(.MILLI.,.METRE.) );
#933 = ( NAMED_UNIT(*) PLANE_ANGLE_UNIT() SI_UNIT($,.RADIAN.) );
#934 = ( NAMED_UNIT(*) SI_UNIT($,.STERADIAN.) SOLID_ANGLE_UNIT() );
#935 = UNCERTAINTY_MEASURE_WITH_UNIT(LENGTH_MEASURE(1.E-07),#932,
  'distance_accuracy_value','confusion accuracy');
#936 = CONTEXT_DEPENDENT_SHAPE_REPRESENTATION(#937,#939);
#937 = ( REPRESENTATION_RELATIONSHIP('','',#903,#10) 
REPRESENTATION_RELATIONSHIP_WITH_TRANSFORMATION(#938) 
SHAPE_REPRESENTATION_RELATIONSHIP() );
#938 = ITEM_DEFINED_TRANSFORMATION('','',#11,#27);
#939 = PRODUCT_DEFINITION_SHAPE('Placement','Placement of an item',#940
  );
#940 = NEXT_ASSEMBLY_USAGE_OCCURRENCE('4','','',#5,#898,$);
#941 = PRODUCT_RELATED_PRODUCT_CATEGORY('part',$,(#900));
#942 = SHAPE_DEFINITION_REPRESENTATION(#943,#949);
#943 = PRODUCT_DEFINITION_SHAPE('','',#944);
#944 = PRODUCT_DEFINITION('design','',#945,#948);
#945 = PRODUCT_DEFINITION_FORMATION('','',#946);
#946 = PRODUCT('Open CASCADE STEP translator 7.8 1.5',
  'Open CASCADE STEP translator 7.8 1.5','',(#947));
#947 = PRODUCT_CONTEXT('',#2,'mechanical');
#948 = PRODUCT_DEFINITION_CONTEXT('part definition',#2,'design');
#949 = MANIFOLD_SURFACE_SHAPE_REPRESENTATION('',(#11,#950),#1141);
#950 = SHELL_BASED_SURFACE_MODEL('',(#951));
#951 = OPEN_SHELL('',(#952));
#952 = ADVANCED_FACE('',(#953),#967,.T.);
#953 = FACE_BOUND('',#954,.T.);
#954 = EDGE_LOOP('',(#955,#1027,#1058,#1112));
#955 = ORIENTED_EDGE('',*,*,#956,.T.);
#956 = EDGE_CURVE('',#957,#959,#961,.T.);
#957 = VERTEX_POINT('',#958);
#958 = CARTESIAN_POINT('',(62.096850568825,0.,-126.3607401211));
#959 = VERTEX_POINT('',#960);
#960 = CARTESIAN_POINT('',(62.096850568825,-2.84217094304E-14,
    -124.2338544734));
#961 = SURFACE_CURVE('',#962,(#966),.PCURVE_S1.);
#962 = ( BOUNDED_CURVE() B_SPLINE_CURVE(2,(#963,#964,#965),
.UNSPECIFIED.,.F.,.F.) B_SPLINE_CURVE_WITH_KNOTS((3,3),(0.,
181.58379159427),.PIECEWISE_BEZIER_KNOTS.) CURVE() 
GEOMETRIC_REPRESENTATION_ITEM() RATIONAL_B_SPLINE_CURVE((1.,
0.935063239715,1.)) REPRESENTATION_ITEM('') );
#963 = CARTESIAN_POINT('',(62.096850568825,0.,-126.3607401211));
#964 = CARTESIAN_POINT('',(62.5,6.394884621841E-14,-125.2972972972));
#965 = CARTESIAN_POINT('',(62.096850568825,-2.84217094304E-14,
    -124.2338544734));
#966 = PCURVE('',#967,#1022);
#967 = ( BOUNDED_SURFACE() B_SPLINE_SURFACE(2,9,(
    (#968,#969,#970,#971,#972,#973,#974,#975,#976,#977,#978,#979,#980
      ,#981,#982,#983,#984,#985)
    ,(#986,#987,#988,#989,#990,#991,#992,#993,#994,#995,#996,#997,#998
      ,#999,#1000,#1001,#1002,#1003)
    ,(#1004,#1005,#1006,#1007,#1008,#1009,#1010,#1011,#1012,#1013,#1014
      ,#1015,#1016,#1017,#1018,#1019,#1020,#1021
)),.UNSPECIFIED.,.F.,.F.,.F.) B_SPLINE_SURFACE_WITH_KNOTS((3,3),(10,8,10
    ),(0.,181.58379159427),(180.80980824821,362.39359984249,
372.80663884545),.UNSPECIFIED.) GEOMETRIC_REPRESENTATION_ITEM() 
RATIONAL_B_SPLINE_SURFACE((
    (1.,1.,1.,1.,1.,1.,1.,1.,1.,1.,1.,1.,1.,1.,1.,1.,1.,1.)
    ,(0.935063239715,0.935063239715,0.924588563947,0.903676305409
      ,0.873909433655,0.839401147106,0.802824185861,0.765971148593
      ,0.729962636222,0.69344492984,0.69195951352,0.690969235973
      ,0.690474097199,0.690474097199,0.690969235973,0.69195951352
      ,0.69344492984,0.695425484934)
    ,(1.,1.,1.,1.,1.,1.,1.,1.,1.,1.,1.,1.,1.,1.,1.,1.,1.,1.
))) REPRESENTATION_ITEM('') SURFACE() );
#968 = CARTESIAN_POINT('',(62.096850568825,-1.520883955179E-14,
    -126.3607401211));
#969 = CARTESIAN_POINT('',(62.096850568825,-12.39355117557,
    -126.3607401211));
#970 = CARTESIAN_POINT('',(60.642495511647,-24.78669266475,
    -122.8560088522));
#971 = CARTESIAN_POINT('',(57.735364376561,-37.14209606596,
    -115.848999096));
#972 = CARTESIAN_POINT('',(53.391210566263,-49.40894261614,
    -105.3147412379));
#973 = CARTESIAN_POINT('',(47.686186209622,-61.54660227516,
    -91.27652056119));
#974 = CARTESIAN_POINT('',(40.64727265251,-73.60337601955,
    -73.72247038832));
#975 = CARTESIAN_POINT('',(32.296313558513,-85.57889094867,
    -52.65906636372));
#976 = CARTESIAN_POINT('',(22.64163222951,-97.49946816237,
    -28.08470757376));
#977 = CARTESIAN_POINT('',(11.058306733004,-110.0585925483,
    1.610535570299));
#978 = CARTESIAN_POINT('',(10.430079590901,-110.7397426052,
    3.221071140598));
#979 = CARTESIAN_POINT('',(9.801852448797,-111.420892662,4.831606710898)
  );
#980 = CARTESIAN_POINT('',(9.173625306693,-112.1020427188,6.442142281197
    ));
#981 = CARTESIAN_POINT('',(8.545398164589,-112.7831927757,8.052677851496
    ));
#982 = CARTESIAN_POINT('',(7.917171022485,-113.4643428325,9.663213421795
    ));
#983 = CARTESIAN_POINT('',(7.288943880381,-114.1454928893,
    11.273748992094));
#984 = CARTESIAN_POINT('',(6.660716738277,-114.8266429462,
    12.884284562393));
#985 = CARTESIAN_POINT('',(6.032489596174,-115.507793003,14.494820132693
    ));
#986 = CARTESIAN_POINT('',(62.5,2.13162820728E-14,-125.2972972972));
#987 = CARTESIAN_POINT('',(62.5,-12.1598829457,-125.2972972972));
#988 = CARTESIAN_POINT('',(61.15481362443,-24.59478258905,
    -121.7489137768));
#989 = CARTESIAN_POINT('',(58.373376260617,-37.20847124332,
    -114.411933055));
#990 = CARTESIAN_POINT('',(54.119015354858,-49.80176202509,
    -103.189618882));
#991 = CARTESIAN_POINT('',(48.545236289353,-62.12054649032,
    -88.48689356327));
#992 = CARTESIAN_POINT('',(41.750639956464,-74.2438952285,
    -70.56385026353));
#993 = CARTESIAN_POINT('',(33.799762420143,-86.14855329647,
    -49.59072465421));
#994 = CARTESIAN_POINT('',(24.739423054639,-97.88258832033,
    -25.69101865223));
#995 = CARTESIAN_POINT('',(13.984910087926,-110.1711704866,
    2.677642578877));
#996 = CARTESIAN_POINT('',(13.370043770883,-110.8737439348,
    4.299560215185));
#997 = CARTESIAN_POINT('',(12.753859575992,-111.5778232484,
    5.924954199546));
#998 = CARTESIAN_POINT('',(12.137677429472,-112.2819002215,
    7.550342780636));
#999 = CARTESIAN_POINT('',(11.522822927842,-112.9844601689,9.1722292498)
  );
#1000 = CARTESIAN_POINT('',(10.910617859199,-113.6839927569,
    10.787126944383));
#1001 = CARTESIAN_POINT('',(10.302370745027,-114.3790028111,
    12.391584196901));
#1002 = CARTESIAN_POINT('',(9.699367544357,-115.0680209378,
    13.982208855967));
#1003 = CARTESIAN_POINT('',(9.102862658458,-115.7496138027,
    15.555692014447));
#1004 = CARTESIAN_POINT('',(62.096850568825,-1.491468417191E-14,
    -124.2338544734));
#1005 = CARTESIAN_POINT('',(62.096850568825,-11.84777871756,
    -124.2338544734));
#1006 = CARTESIAN_POINT('',(60.765231256947,-23.69567318412,
    -120.7212586669));
#1007 = CARTESIAN_POINT('',(58.101690218027,-35.54014141552,
    -113.6952693318));
#1008 = CARTESIAN_POINT('',(54.109396248483,-47.38141162995,
    -103.1642452392));
#1009 = CARTESIAN_POINT('',(48.785439836505,-59.22638070243,
    -89.12051156872));
#1010 = CARTESIAN_POINT('',(42.131441238186,-71.06832709668,
    -71.56834229315));
#1011 = CARTESIAN_POINT('',(34.146553153031,-82.91186026096,
    -50.50550237123));
#1012 = CARTESIAN_POINT('',(24.831017939072,-94.75497355495,
    -25.93263110414));
#1013 = CARTESIAN_POINT('',(13.574238439449,-107.2773718736,
    3.760927792155));
#1014 = CARTESIAN_POINT('',(12.963167331871,-107.9571467426,
    5.372834281335));
#1015 = CARTESIAN_POINT('',(12.351541882083,-108.6375382795,
    6.98620303537));
#1016 = CARTESIAN_POINT('',(11.739362090086,-109.3185464842,
    8.601034054259));
#1017 = CARTESIAN_POINT('',(11.12662795588,-110.0001713568,
    10.217327338004));
#1018 = CARTESIAN_POINT('',(10.513339479464,-110.6824128972,
    11.835082886604));
#1019 = CARTESIAN_POINT('',(9.899496660838,-111.3652711055,
    13.454300700059));
#1020 = CARTESIAN_POINT('',(9.285099500003,-112.0487459816,
    15.07498077837));
#1021 = CARTESIAN_POINT('',(8.670147996959,-112.7328375255,
    16.697123121535));
#1022 = DEFINITIONAL_REPRESENTATION('',(#1023),#1026);
#1023 = B_SPLINE_CURVE_WITH_KNOTS('',1,(#1024,#1025),.UNSPECIFIED.,.F.,
  .F.,(2,2),(0.,181.58379159427),.PIECEWISE_BEZIER_KNOTS.);
#1024 = CARTESIAN_POINT('',(0.,180.80980824821));
#1025 = CARTESIAN_POINT('',(181.58379159427,180.80980824821));
#1026 = ( GEOMETRIC_REPRESENTATION_CONTEXT(2) 
PARAMETRIC_REPRESENTATION_CONTEXT() REPRESENTATION_CONTEXT('2D SPACE',''
  ) );
#1027 = ORIENTED_EDGE('',*,*,#1028,.T.);
#1028 = EDGE_CURVE('',#959,#1029,#1031,.T.);
#1029 = VERTEX_POINT('',#1030);
#1030 = CARTESIAN_POINT('',(15.,-105.6874185199,0.));
#1031 = SURFACE_CURVE('',#1032,(#1051),.PCURVE_S1.);
#1032 = B_SPLINE_CURVE_WITH_KNOTS('',9,(#1033,#1034,#1035,#1036,#1037,
    #1038,#1039,#1040,#1041,#1042,#1043,#1044,#1045,#1046,#1047,#1048,
    #1049,#1050),.UNSPECIFIED.,.F.,.F.,(10,8,10),(180.80980824821,
    362.39359984249,372.80663884545),.UNSPECIFIED.);
#1033 = CARTESIAN_POINT('',(62.096850568825,-1.491468417191E-14,
    -124.2338544734));
#1034 = CARTESIAN_POINT('',(62.096850568825,-11.84777871756,
    -124.2338544734));
#1035 = CARTESIAN_POINT('',(60.765231256947,-23.69567318412,
    -120.7212586669));
#1036 = CARTESIAN_POINT('',(58.101690218027,-35.54014141552,
    -113.6952693318));
#1037 = CARTESIAN_POINT('',(54.109396248483,-47.38141162995,
    -103.1642452392));
#1038 = CARTESIAN_POINT('',(48.785439836505,-59.22638070243,
    -89.12051156872));
#1039 = CARTESIAN_POINT('',(42.131441238186,-71.06832709668,
    -71.56834229315));
#1040 = CARTESIAN_POINT('',(34.146553153031,-82.91186026096,
    -50.50550237123));
#1041 = CARTESIAN_POINT('',(24.831017939072,-94.75497355495,
    -25.93263110414));
#1042 = CARTESIAN_POINT('',(13.574238439449,-107.2773718736,
    3.760927792155));
#1043 = CARTESIAN_POINT('',(12.963167331871,-107.9571467426,
    5.372834281335));
#1044 = CARTESIAN_POINT('',(12.351541882083,-108.6375382795,
    6.98620303537));
#1045 = CARTESIAN_POINT('',(11.739362090086,-109.3185464842,
    8.601034054259));
#1046 = CARTESIAN_POINT('',(11.12662795588,-110.0001713568,
    10.217327338004));
#1047 = CARTESIAN_POINT('',(10.513339479464,-110.6824128972,
    11.835082886604));
#1048 = CARTESIAN_POINT('',(9.899496660838,-111.3652711055,
    13.454300700059));
#1049 = CARTESIAN_POINT('',(9.285099500003,-112.0487459816,
    15.07498077837));
#1050 = CARTESIAN_POINT('',(8.670147996959,-112.7328375255,
    16.697123121535));
#1051 = PCURVE('',#967,#1052);
#1052 = DEFINITIONAL_REPRESENTATION('',(#1053),#1057);
#1053 = LINE('',#1054,#1055);
#1054 = CARTESIAN_POINT('',(181.58379159427,0.));
#1055 = VECTOR('',#1056,1.);
#1056 = DIRECTION('',(0.,1.));
#1057 = ( GEOMETRIC_REPRESENTATION_CONTEXT(2) 
PARAMETRIC_REPRESENTATION_CONTEXT() REPRESENTATION_CONTEXT('2D SPACE',''
  ) );
#1058 = ORIENTED_EDGE('',*,*,#1059,.F.);
#1059 = EDGE_CURVE('',#1060,#1029,#1062,.T.);
#1060 = VERTEX_POINT('',#1061);
#1061 = CARTESIAN_POINT('',(11.686533875108,-109.3774424915,0.));
#1062 = SURFACE_CURVE('',#1063,(#1086),.PCURVE_S1.);
#1063 = B_SPLINE_CURVE_WITH_KNOTS('',6,(#1064,#1065,#1066,#1067,#1068,
    #1069,#1070,#1071,#1072,#1073,#1074,#1075,#1076,#1077,#1078,#1079,
    #1080,#1081,#1082,#1083,#1084,#1085),.UNSPECIFIED.,.F.,.F.,(7,5,5,5,
    7),(0.,0.249985035126,0.500000631737,0.750015759454,1.),
  .UNSPECIFIED.);
#1064 = CARTESIAN_POINT('',(11.686533875108,-109.3774424915,0.));
#1065 = CARTESIAN_POINT('',(11.87924699387,-109.3568518803,0.));
#1066 = CARTESIAN_POINT('',(12.078284948411,-109.321593125,0.));
#1067 = CARTESIAN_POINT('',(12.282141356677,-109.2702307478,0.));
#1068 = CARTESIAN_POINT('',(12.488763556797,-109.201588886,0.));
#1069 = CARTESIAN_POINT('',(12.695523962093,-109.115105193,0.));
#1070 = CARTESIAN_POINT('',(13.103705008105,-108.9069345487,0.));
#1071 = CARTESIAN_POINT('',(13.305124332767,-108.7852427296,0.));
#1072 = CARTESIAN_POINT('',(13.501043218123,-108.6461932998,0.));
#1073 = CARTESIAN_POINT('',(13.688427911558,-108.4908201795,0.));
#1074 = CARTESIAN_POINT('',(13.864483446735,-108.3210823452,0.));
#1075 = CARTESIAN_POINT('',(14.189627979484,-107.9578211109,0.));
#1076 = CARTESIAN_POINT('',(14.338716358678,-107.7642985972,0.));
#1077 = CARTESIAN_POINT('',(14.472161873074,-107.5613520912,0.));
#1078 = CARTESIAN_POINT('',(14.588422800277,-107.3519921465,0.));
#1079 = CARTESIAN_POINT('',(14.686898244871,-107.139304043,0.));
#1080 = CARTESIAN_POINT('',(14.848524735818,-106.7128216797,0.));
#1081 = CARTESIAN_POINT('',(14.9116808308,-106.4990280416,0.));
#1082 = CARTESIAN_POINT('',(14.957310532064,-106.2874348521,0.));
#1083 = CARTESIAN_POINT('',(14.986290419749,-106.0805027217,0.));
#1084 = CARTESIAN_POINT('',(15.,-105.8800677694,0.));
#1085 = CARTESIAN_POINT('',(15.,-105.6874186599,0.));
#1086 = PCURVE('',#967,#1087);
#1087 = DEFINITIONAL_REPRESENTATION('',(#1088),#1111);
#1088 = B_SPLINE_CURVE_WITH_KNOTS('',6,(#1089,#1090,#1091,#1092,#1093,
    #1094,#1095,#1096,#1097,#1098,#1099,#1100,#1101,#1102,#1103,#1104,
    #1105,#1106,#1107,#1108,#1109,#1110),.UNSPECIFIED.,.F.,.F.,(7,5,5,5,
    7),(0.,0.249985035126,0.500000631737,0.750015759454,1.),
  .UNSPECIFIED.);
#1089 = CARTESIAN_POINT('',(0.,362.39359984249));
#1090 = CARTESIAN_POINT('',(7.566574299175,362.34935577637));
#1091 = CARTESIAN_POINT('',(15.132922979693,362.30037920396));
#1092 = CARTESIAN_POINT('',(22.699028873021,362.24663554905));
#1093 = CARTESIAN_POINT('',(30.264889416096,362.18826011463));
#1094 = CARTESIAN_POINT('',(37.830521047854,362.12564672667));
#1095 = CARTESIAN_POINT('',(52.962303280744,361.9931827752));
#1096 = CARTESIAN_POINT('',(60.528457425202,361.9233313211));
#1097 = CARTESIAN_POINT('',(68.094438203931,361.85048617557));
#1098 = CARTESIAN_POINT('',(75.660296136339,361.77549916992));
#1099 = CARTESIAN_POINT('',(83.226096464723,361.69939452841));
#1100 = CARTESIAN_POINT('',(98.357686822409,361.54698909384));
#1101 = CARTESIAN_POINT('',(105.92347932077,361.47068863199));
#1102 = CARTESIAN_POINT('',(113.48933596326,361.39530994864));
#1103 = CARTESIAN_POINT('',(121.05532095463,361.32187958172));
#1104 = CARTESIAN_POINT('',(128.62148267133,361.25125565444));
#1105 = CARTESIAN_POINT('',(143.75327378885,361.11689964311));
#1106 = CARTESIAN_POINT('',(151.31890658556,361.05316669169));
#1107 = CARTESIAN_POINT('',(158.88476865091,360.99351147495));
#1108 = CARTESIAN_POINT('',(166.45087471896,360.93834815603));
#1109 = CARTESIAN_POINT('',(174.01722138316,360.88784000635));
#1110 = CARTESIAN_POINT('',(181.58379159427,360.8419817819));
#1111 = ( GEOMETRIC_REPRESENTATION_CONTEXT(2) 
PARAMETRIC_REPRESENTATION_CONTEXT() REPRESENTATION_CONTEXT('2D SPACE',''
  ) );
#1112 = ORIENTED_EDGE('',*,*,#1113,.F.);
#1113 = EDGE_CURVE('',#957,#1060,#1114,.T.);
#1114 = SURFACE_CURVE('',#1115,(#1134),.PCURVE_S1.);
#1115 = B_SPLINE_CURVE_WITH_KNOTS('',9,(#1116,#1117,#1118,#1119,#1120,
    #1121,#1122,#1123,#1124,#1125,#1126,#1127,#1128,#1129,#1130,#1131,
    #1132,#1133),.UNSPECIFIED.,.F.,.F.,(10,8,10),(180.80980824821,
    362.39359984249,372.80663884545),.UNSPECIFIED.);
#1116 = CARTESIAN_POINT('',(62.096850568825,-1.520883955179E-14,
    -126.3607401211));
#1117 = CARTESIAN_POINT('',(62.096850568825,-12.39355117557,
    -126.3607401211));
#1118 = CARTESIAN_POINT('',(60.642495511647,-24.78669266475,
    -122.8560088522));
#1119 = CARTESIAN_POINT('',(57.735364376561,-37.14209606596,
    -115.848999096));
#1120 = CARTESIAN_POINT('',(53.391210566263,-49.40894261614,
    -105.3147412379));
#1121 = CARTESIAN_POINT('',(47.686186209622,-61.54660227516,
    -91.27652056119));
#1122 = CARTESIAN_POINT('',(40.64727265251,-73.60337601955,
    -73.72247038832));
#1123 = CARTESIAN_POINT('',(32.296313558513,-85.57889094867,
    -52.65906636372));
#1124 = CARTESIAN_POINT('',(22.64163222951,-97.49946816237,
    -28.08470757376));
#1125 = CARTESIAN_POINT('',(11.058306733004,-110.0585925483,
    1.610535570299));
#1126 = CARTESIAN_POINT('',(10.430079590901,-110.7397426052,
    3.221071140598));
#1127 = CARTESIAN_POINT('',(9.801852448797,-111.420892662,4.831606710898
    ));
#1128 = CARTESIAN_POINT('',(9.173625306693,-112.1020427188,
    6.442142281197));
#1129 = CARTESIAN_POINT('',(8.545398164589,-112.7831927757,
    8.052677851496));
#1130 = CARTESIAN_POINT('',(7.917171022485,-113.4643428325,
    9.663213421795));
#1131 = CARTESIAN_POINT('',(7.288943880381,-114.1454928893,
    11.273748992094));
#1132 = CARTESIAN_POINT('',(6.660716738277,-114.8266429462,
    12.884284562393));
#1133 = CARTESIAN_POINT('',(6.032489596174,-115.507793003,
    14.494820132693));
#1134 = PCURVE('',#967,#1135);
#1135 = DEFINITIONAL_REPRESENTATION('',(#1136),#1140);
#1136 = LINE('',#1137,#1138);
#1137 = CARTESIAN_POINT('',(0.,0.));
#1138 = VECTOR('',#1139,1.);
#1139 = DIRECTION('',(0.,1.));
#1140 = ( GEOMETRIC_REPRESENTATION_CONTEXT(2) 
PARAMETRIC_REPRESENTATION_CONTEXT() REPRESENTATION_CONTEXT('2D SPACE',''
  ) );
#1141 = ( GEOMETRIC_REPRESENTATION_CONTEXT(3) 
GLOBAL_UNCERTAINTY_ASSIGNED_CONTEXT((#1145)) 
GLOBAL_UNIT_ASSIGNED_CONTEXT((#1142,#1143,#1144)) REPRESENTATION_CONTEXT
('Context #1','3D Context with UNIT and UNCERTAINTY') );
#1142 = ( LENGTH_UNIT() NAMED_UNIT(*) SI_UNIT(.MILLI.,.METRE.) );
#1143 = ( NAMED_UNIT(*) PLANE_ANGLE_UNIT() SI_UNIT($,.RADIAN.) );
#1144 = ( NAMED_UNIT(*) SI_UNIT($,.STERADIAN.) SOLID_ANGLE_UNIT() );
#1145 = UNCERTAINTY_MEASURE_WITH_UNIT(LENGTH_MEASURE(1.E-04),#1142,
  'distance_accuracy_value','confusion accuracy');
#1146 = CONTEXT_DEPENDENT_SHAPE_REPRESENTATION(#1147,#1149);
#1147 = ( REPRESENTATION_RELATIONSHIP('','',#949,#10) 
REPRESENTATION_RELATIONSHIP_WITH_TRANSFORMATION(#1148) 
SHAPE_REPRESENTATION_RELATIONSHIP() );
#1148 = ITEM_DEFINED_TRANSFORMATION('','',#11,#31);
#1149 = PRODUCT_DEFINITION_SHAPE('Placement','Placement of an item',
  #1150);
#1150 = NEXT_ASSEMBLY_USAGE_OCCURRENCE('5','','',#5,#944,$);
#1151 = PRODUCT_RELATED_PRODUCT_CATEGORY('part',$,(#946));
#1152 = SHAPE_DEFINITION_REPRESENTATION(#1153,#1159);
#1153 = PRODUCT_DEFINITION_SHAPE('','',#1154);
#1154 = PRODUCT_DEFINITION('design','',#1155,#1158);
#1155 = PRODUCT_DEFINITION_FORMATION('','',#1156);
#1156 = PRODUCT('Open CASCADE STEP translator 7.8 1.6',
  'Open CASCADE STEP translator 7.8 1.6','',(#1157));
#1157 = PRODUCT_CONTEXT('',#2,'mechanical');
#1158 = PRODUCT_DEFINITION_CONTEXT('part definition',#2,'design');
#1159 = MANIFOLD_SURFACE_SHAPE_REPRESENTATION('',(#11,#1160),#1262);
#1160 = SHELL_BASED_SURFACE_MODEL('',(#1161));
#1161 = OPEN_SHELL('',(#1162));
#1162 = ADVANCED_FACE('',(#1163),#1177,.T.);
#1163 = FACE_BOUND('',#1164,.T.);
#1164 = EDGE_LOOP('',(#1165,#1188,#1226));
#1165 = ORIENTED_EDGE('',*,*,#1166,.F.);
#1166 = EDGE_CURVE('',#1167,#1169,#1171,.T.);
#1167 = VERTEX_POINT('',#1168);
#1168 = CARTESIAN_POINT('',(15.,-105.6874185199,0.));
#1169 = VERTEX_POINT('',#1170);
#1170 = CARTESIAN_POINT('',(15.,105.68741851997,0.));
#1171 = SURFACE_CURVE('',#1172,(#1176),.PCURVE_S1.);
#1172 = LINE('',#1173,#1174);
#1173 = CARTESIAN_POINT('',(15.,-244.,0.));
#1174 = VECTOR('',#1175,1.);
#1175 = DIRECTION('',(0.,1.,0.));
#1176 = PCURVE('',#1177,#1182);
#1177 = PLANE('',#1178);
#1178 = AXIS2_PLACEMENT_3D('',#1179,#1180,#1181);
#1179 = CARTESIAN_POINT('',(107.5,-244.,-244.));
#1180 = DIRECTION('',(0.935063239715,-0.,0.354480941285));
#1181 = DIRECTION('',(-0.354480941285,0.,0.935063239715));
#1182 = DEFINITIONAL_REPRESENTATION('',(#1183),#1187);
#1183 = LINE('',#1184,#1185);
#1184 = CARTESIAN_POINT('',(260.94491755924,0.));
#1185 = VECTOR('',#1186,1.);
#1186 = DIRECTION('',(0.,-1.));
#1187 = ( GEOMETRIC_REPRESENTATION_CONTEXT(2) 
PARAMETRIC_REPRESENTATION_CONTEXT() REPRESENTATION_CONTEXT('2D SPACE',''
  ) );
#1188 = ORIENTED_EDGE('',*,*,#1189,.F.);
#1189 = EDGE_CURVE('',#1190,#1167,#1192,.T.);
#1190 = VERTEX_POINT('',#1191);
#1191 = CARTESIAN_POINT('',(62.096850568825,-2.84217094304E-14,
    -124.2338544734));
#1192 = SURFACE_CURVE('',#1193,(#1212),.PCURVE_S1.);
#1193 = B_SPLINE_CURVE_WITH_KNOTS('',9,(#1194,#1195,#1196,#1197,#1198,
    #1199,#1200,#1201,#1202,#1203,#1204,#1205,#1206,#1207,#1208,#1209,
    #1210,#1211),.UNSPECIFIED.,.F.,.F.,(10,8,10),(180.80980824821,
    362.39359984249,372.80663884545),.UNSPECIFIED.);
#1194 = CARTESIAN_POINT('',(62.096850568825,-1.491468417191E-14,
    -124.2338544734));
#1195 = CARTESIAN_POINT('',(62.096850568825,-11.84777871756,
    -124.2338544734));
#1196 = CARTESIAN_POINT('',(60.765231256947,-23.69567318412,
    -120.7212586669));
#1197 = CARTESIAN_POINT('',(58.101690218027,-35.54014141552,
    -113.6952693318));
#1198 = CARTESIAN_POINT('',(54.109396248483,-47.38141162995,
    -103.1642452392));
#1199 = CARTESIAN_POINT('',(48.785439836505,-59.22638070243,
    -89.12051156872));
#1200 = CARTESIAN_POINT('',(42.131441238186,-71.06832709668,
    -71.56834229315));
#1201 = CARTESIAN_POINT('',(34.146553153031,-82.91186026096,
    -50.50550237123));
#1202 = CARTESIAN_POINT('',(24.831017939072,-94.75497355495,
    -25.93263110414));
#1203 = CARTESIAN_POINT('',(13.574238439449,-107.2773718736,
    3.760927792155));
#1204 = CARTESIAN_POINT('',(12.963167331871,-107.9571467426,
    5.372834281335));
#1205 = CARTESIAN_POINT('',(12.351541882083,-108.6375382795,
    6.98620303537));
#1206 = CARTESIAN_POINT('',(11.739362090086,-109.3185464842,
    8.601034054259));
#1207 = CARTESIAN_POINT('',(11.12662795588,-110.0001713568,
    10.217327338004));
#1208 = CARTESIAN_POINT('',(10.513339479464,-110.6824128972,
    11.835082886604));
#1209 = CARTESIAN_POINT('',(9.899496660838,-111.3652711055,
    13.454300700059));
#1210 = CARTESIAN_POINT('',(9.285099500003,-112.0487459816,
    15.07498077837));
#1211 = CARTESIAN_POINT('',(8.670147996959,-112.7328375255,
    16.697123121535));
#1212 = PCURVE('',#1177,#1213);
#1213 = DEFINITIONAL_REPRESENTATION('',(#1214),#1225);
#1214 = B_SPLINE_CURVE_WITH_KNOTS('',9,(#1215,#1216,#1217,#1218,#1219,
    #1220,#1221,#1222,#1223,#1224),.UNSPECIFIED.,.F.,.F.,(10,10),(
    180.80980824821,362.39359984249),.PIECEWISE_BEZIER_KNOTS.);
#1215 = CARTESIAN_POINT('',(128.08347119186,-244.));
#1216 = CARTESIAN_POINT('',(128.08347119186,-232.1522212824));
#1217 = CARTESIAN_POINT('',(131.84000407358,-220.3043268158));
#1218 = CARTESIAN_POINT('',(139.35392295807,-208.4598585844));
#1219 = CARTESIAN_POINT('',(150.61628858788,-196.61858837));
#1220 = CARTESIAN_POINT('',(165.63530877177,-184.7736192975));
#1221 = CARTESIAN_POINT('',(184.40641272506,-172.9316729033));
#1222 = CARTESIAN_POINT('',(206.93199070452,-161.088139739));
#1223 = CARTESIAN_POINT('',(233.21135901184,-149.245026445));
#1224 = CARTESIAN_POINT('',(263.2447444335,-137.4017863275));
#1225 = ( GEOMETRIC_REPRESENTATION_CONTEXT(2) 
PARAMETRIC_REPRESENTATION_CONTEXT() REPRESENTATION_CONTEXT('2D SPACE',''
  ) );
#1226 = ORIENTED_EDGE('',*,*,#1227,.F.);
#1227 = EDGE_CURVE('',#1169,#1190,#1228,.T.);
#1228 = SURFACE_CURVE('',#1229,(#1248),.PCURVE_S1.);
#1229 = B_SPLINE_CURVE_WITH_KNOTS('',9,(#1230,#1231,#1232,#1233,#1234,
    #1235,#1236,#1237,#1238,#1239,#1240,#1241,#1242,#1243,#1244,#1245,
    #1246,#1247),.UNSPECIFIED.,.F.,.F.,(10,8,10),(-11.18702234902,
    -0.773983346059,180.80980824821),.UNSPECIFIED.);
#1230 = CARTESIAN_POINT('',(8.670147996959,112.73283752557,
    16.697123121535));
#1231 = CARTESIAN_POINT('',(9.285099500003,112.04874598162,
    15.07498077837));
#1232 = CARTESIAN_POINT('',(9.899496660838,111.36527110551,
    13.454300700059));
#1233 = CARTESIAN_POINT('',(10.513339479464,110.68241289725,
    11.835082886604));
#1234 = CARTESIAN_POINT('',(11.12662795588,110.00017135684,
    10.217327338004));
#1235 = CARTESIAN_POINT('',(11.739362090086,109.31854648427,
    8.601034054259));
#1236 = CARTESIAN_POINT('',(12.351541882083,108.63753827954,
    6.98620303537));
#1237 = CARTESIAN_POINT('',(12.963167331871,107.95714674266,
    5.372834281335));
#1238 = CARTESIAN_POINT('',(13.574238439449,107.27737187362,
    3.760927792155));
#1239 = CARTESIAN_POINT('',(24.831017939071,94.75497355495,
    -25.93263110414));
#1240 = CARTESIAN_POINT('',(34.146553153037,82.911860260977,
    -50.50550237124));
#1241 = CARTESIAN_POINT('',(42.131441238173,71.068327096666,
    -71.56834229313));
#1242 = CARTESIAN_POINT('',(48.785439836522,59.226380702456,
    -89.12051156875));
#1243 = CARTESIAN_POINT('',(54.109396248466,47.381411629933,
    -103.1642452392));
#1244 = CARTESIAN_POINT('',(58.101690218038,35.540141415539,
    -113.6952693318));
#1245 = CARTESIAN_POINT('',(60.765231256942,23.695673184117,
    -120.7212586669));
#1246 = CARTESIAN_POINT('',(62.096850568826,11.847778717567,
    -124.2338544734));
#1247 = CARTESIAN_POINT('',(62.096850568825,-2.84217094304E-14,
    -124.2338544734));
#1248 = PCURVE('',#1177,#1249);
#1249 = DEFINITIONAL_REPRESENTATION('',(#1250),#1261);
#1250 = B_SPLINE_CURVE_WITH_KNOTS('',9,(#1251,#1252,#1253,#1254,#1255,
    #1256,#1257,#1258,#1259,#1260),.UNSPECIFIED.,.F.,.F.,(10,10),(
    -0.773983346059,180.80980824821),.PIECEWISE_BEZIER_KNOTS.);
#1251 = CARTESIAN_POINT('',(263.2447444335,-350.5982136724));
#1252 = CARTESIAN_POINT('',(233.21135901183,-338.7549735549));
#1253 = CARTESIAN_POINT('',(206.93199070455,-326.911860261));
#1254 = CARTESIAN_POINT('',(184.40641272501,-315.0683270965));
#1255 = CARTESIAN_POINT('',(165.63530877185,-303.2263807025));
#1256 = CARTESIAN_POINT('',(150.61628858781,-291.3814116298));
#1257 = CARTESIAN_POINT('',(139.35392295811,-279.5401414156));
#1258 = CARTESIAN_POINT('',(131.84000407356,-267.695673184));
#1259 = CARTESIAN_POINT('',(128.08347119187,-255.8477787175));
#1260 = CARTESIAN_POINT('',(128.08347119186,-244.));
#1261 = ( GEOMETRIC_REPRESENTATION_CONTEXT(2) 
PARAMETRIC_REPRESENTATION_CONTEXT() REPRESENTATION_CONTEXT('2D SPACE',''
  ) );
#1262 = ( GEOMETRIC_REPRESENTATION_CONTEXT(3) 
GLOBAL_UNCERTAINTY_ASSIGNED_CONTEXT((#1266)) 
GLOBAL_UNIT_ASSIGNED_CONTEXT((#1263,#1264,#1265)) REPRESENTATION_CONTEXT
('Context #1','3D Context with UNIT and UNCERTAINTY') );
#1263 = ( LENGTH_UNIT() NAMED_UNIT(*) SI_UNIT(.MILLI.,.METRE.) );
#1264 = ( NAMED_UNIT(*) PLANE_ANGLE_UNIT() SI_UNIT($,.RADIAN.) );
#1265 = ( NAMED_UNIT(*) SI_UNIT($,.STERADIAN.) SOLID_ANGLE_UNIT() );
#1266 = UNCERTAINTY_MEASURE_WITH_UNIT(LENGTH_MEASURE(5.E-05),#1263,
  'distance_accuracy_value','confusion accuracy');
#1267 = CONTEXT_DEPENDENT_SHAPE_REPRESENTATION(#1268,#1270);
#1268 = ( REPRESENTATION_RELATIONSHIP('','',#1159,#10) 
REPRESENTATION_RELATIONSHIP_WITH_TRANSFORMATION(#1269) 
SHAPE_REPRESENTATION_RELATIONSHIP() );
#1269 = ITEM_DEFINED_TRANSFORMATION('','',#11,#35);
#1270 = PRODUCT_DEFINITION_SHAPE('Placement','Placement of an item',
  #1271);
#1271 = NEXT_ASSEMBLY_USAGE_OCCURRENCE('6','','',#5,#1154,$);
#1272 = PRODUCT_RELATED_PRODUCT_CATEGORY('part',$,(#1156));
#1273 = SHAPE_DEFINITION_REPRESENTATION(#1274,#1280);
#1274 = PRODUCT_DEFINITION_SHAPE('','',#1275);
#1275 = PRODUCT_DEFINITION('design','',#1276,#1279);
#1276 = PRODUCT_DEFINITION_FORMATION('','',#1277);
#1277 = PRODUCT('Open CASCADE STEP translator 7.8 1.7',
  'Open CASCADE STEP translator 7.8 1.7','',(#1278));
#1278 = PRODUCT_CONTEXT('',#2,'mechanical');
#1279 = PRODUCT_DEFINITION_CONTEXT('part definition',#2,'design');
#1280 = MANIFOLD_SURFACE_SHAPE_REPRESENTATION('',(#11,#1281),#1369);
#1281 = SHELL_BASED_SURFACE_MODEL('',(#1282));
#1282 = OPEN_SHELL('',(#1283));
#1283 = ADVANCED_FACE('',(#1284),#1298,.T.);
#1284 = FACE_BOUND('',#1285,.T.);
#1285 = EDGE_LOOP('',(#1286,#1309));
#1286 = ORIENTED_EDGE('',*,*,#1287,.T.);
#1287 = EDGE_CURVE('',#1288,#1290,#1292,.T.);
#1288 = VERTEX_POINT('',#1289);
#1289 = CARTESIAN_POINT('',(-15.,-105.6874185199,0.));
#1290 = VERTEX_POINT('',#1291);
#1291 = CARTESIAN_POINT('',(-15.,105.68741851997,0.));
#1292 = SURFACE_CURVE('',#1293,(#1297),.PCURVE_S1.);
#1293 = LINE('',#1294,#1295);
#1294 = CARTESIAN_POINT('',(-15.,-244.,0.));
#1295 = VECTOR('',#1296,1.);
#1296 = DIRECTION('',(0.,1.,0.));
#1297 = PCURVE('',#1298,#1303);
#1298 = PLANE('',#1299);
#1299 = AXIS2_PLACEMENT_3D('',#1300,#1301,#1302);
#1300 = CARTESIAN_POINT('',(-15.,-244.,0.));
#1301 = DIRECTION('',(-0.935063239715,0.,0.354480941285));
#1302 = DIRECTION('',(-0.354480941285,0.,-0.935063239715));
#1303 = DEFINITIONAL_REPRESENTATION('',(#1304),#1308);
#1304 = LINE('',#1305,#1306);
#1305 = CARTESIAN_POINT('',(0.,0.));
#1306 = VECTOR('',#1307,1.);
#1307 = DIRECTION('',(0.,-1.));
#1308 = ( GEOMETRIC_REPRESENTATION_CONTEXT(2) 
PARAMETRIC_REPRESENTATION_CONTEXT() REPRESENTATION_CONTEXT('2D SPACE',''
  ) );
#1309 = ORIENTED_EDGE('',*,*,#1310,.F.);
#1310 = EDGE_CURVE('',#1288,#1290,#1311,.T.);
#1311 = SURFACE_CURVE('',#1312,(#1347),.PCURVE_S1.);
#1312 = B_SPLINE_CURVE_WITH_KNOTS('',9,(#1313,#1314,#1315,#1316,#1317,
    #1318,#1319,#1320,#1321,#1322,#1323,#1324,#1325,#1326,#1327,#1328,
    #1329,#1330,#1331,#1332,#1333,#1334,#1335,#1336,#1337,#1338,#1339,
    #1340,#1341,#1342,#1343,#1344,#1345,#1346),.UNSPECIFIED.,.F.,.F.,(10
    ,8,8,8,10),(-11.16033993943,-0.773142397452,180.61335472349,
    361.99985184443,372.38704938641),.UNSPECIFIED.);
#1313 = CARTESIAN_POINT('',(-8.677849927321,-112.7242696541,
    16.676806678201));
#1314 = CARTESIAN_POINT('',(-9.291942563445,-112.0411335409,
    15.056929886696));
#1315 = CARTESIAN_POINT('',(-9.905481631579,-111.3586132343,
    13.438513317779));
#1316 = CARTESIAN_POINT('',(-10.51846713172,-110.6767087343,
    11.821556971451));
#1317 = CARTESIAN_POINT('',(-11.13089906388,-109.9954200409,
    10.206060847711));
#1318 = CARTESIAN_POINT('',(-11.74277742804,-109.314747154,8.59202494656
    ));
#1319 = CARTESIAN_POINT('',(-12.35410222422,-108.6346900737,
    6.979449267996));
#1320 = CARTESIAN_POINT('',(-12.96487345241,-107.9552488001,
    5.368333812022));
#1321 = CARTESIAN_POINT('',(-13.5750911126,-107.2764233329,
    3.758678578635));
#1322 = CARTESIAN_POINT('',(-24.83101793922,-94.75497355478,
    -25.93263110454));
#1323 = CARTESIAN_POINT('',(-34.14655315247,-82.91186026159,
    -50.50550236978));
#1324 = CARTESIAN_POINT('',(-42.13144123924,-71.06832709548,
    -71.56834229594));
#1325 = CARTESIAN_POINT('',(-48.78543983525,-59.22638070385,
    -89.12051156543));
#1326 = CARTESIAN_POINT('',(-54.10939624941,-47.38141162889,
    -103.1642452416));
#1327 = CARTESIAN_POINT('',(-58.1016902176,-35.540141416,-113.6952693307
    ));
#1328 = CARTESIAN_POINT('',(-60.76523125703,-23.69567318402,
    -120.7212586672));
#1329 = CARTESIAN_POINT('',(-62.09685056882,-11.84777871756,
    -124.2338544734));
#1330 = CARTESIAN_POINT('',(-62.09685056882,11.847778717565,
    -124.2338544734));
#1331 = CARTESIAN_POINT('',(-60.76523125703,23.69567318402,
    -120.7212586672));
#1332 = CARTESIAN_POINT('',(-58.1016902176,35.540141416006,
    -113.6952693307));
#1333 = CARTESIAN_POINT('',(-54.10939624941,47.381411628885,
    -103.1642452417));
#1334 = CARTESIAN_POINT('',(-48.78543983525,59.226380703862,
    -89.12051156543));
#1335 = CARTESIAN_POINT('',(-42.13144123924,71.068327095474,
    -71.56834229594));
#1336 = CARTESIAN_POINT('',(-34.14655315248,82.9118602616,
    -50.50550236978));
#1337 = CARTESIAN_POINT('',(-24.83101793922,94.754973554781,
    -25.93263110454));
#1338 = CARTESIAN_POINT('',(-13.5750911126,107.27642333298,
    3.758678578635));
#1339 = CARTESIAN_POINT('',(-12.96487345241,107.9552488001,
    5.368333812022));
#1340 = CARTESIAN_POINT('',(-12.35410222422,108.63469007379,
    6.979449267996));
#1341 = CARTESIAN_POINT('',(-11.74277742804,109.31474715407,
    8.59202494656));
#1342 = CARTESIAN_POINT('',(-11.13089906388,109.99542004092,
    10.206060847711));
#1343 = CARTESIAN_POINT('',(-10.51846713172,110.67670873435,
    11.821556971451));
#1344 = CARTESIAN_POINT('',(-9.90548163158,111.35861323436,
    13.438513317779));
#1345 = CARTESIAN_POINT('',(-9.291942563445,112.04113354094,
    15.056929886696));
#1346 = CARTESIAN_POINT('',(-8.677849927321,112.72426965411,
    16.676806678201));
#1347 = PCURVE('',#1298,#1348);
#1348 = DEFINITIONAL_REPRESENTATION('',(#1349),#1368);
#1349 = B_SPLINE_CURVE_WITH_KNOTS('',9,(#1350,#1351,#1352,#1353,#1354,
    #1355,#1356,#1357,#1358,#1359,#1360,#1361,#1362,#1363,#1364,#1365,
    #1366,#1367),.UNSPECIFIED.,.F.,.F.,(10,8,10),(-0.773142397452,
    180.61335472349,361.99985184443),.UNSPECIFIED.);
#1350 = CARTESIAN_POINT('',(-2.299826874269,-137.4017863275));
#1351 = CARTESIAN_POINT('',(27.733558547825,-149.2450264452));
#1352 = CARTESIAN_POINT('',(54.012926853157,-161.0881397383));
#1353 = CARTESIAN_POINT('',(76.538504837167,-172.9316729045));
#1354 = CARTESIAN_POINT('',(95.309608783928,-184.7736192961));
#1355 = CARTESIAN_POINT('',(110.32862897401,-196.6185883711));
#1356 = CARTESIAN_POINT('',(121.59099459997,-208.4598585839));
#1357 = CARTESIAN_POINT('',(129.10491348591,-220.3043268159));
#1358 = CARTESIAN_POINT('',(132.86144636737,-232.1522212824));
#1359 = CARTESIAN_POINT('',(132.86144636737,-255.8477787175));
#1360 = CARTESIAN_POINT('',(129.10491348591,-267.695673184));
#1361 = CARTESIAN_POINT('',(121.59099459998,-279.5401414159));
#1362 = CARTESIAN_POINT('',(110.32862897399,-291.3814116289));
#1363 = CARTESIAN_POINT('',(95.309608783946,-303.2263807038));
#1364 = CARTESIAN_POINT('',(76.538504837153,-315.0683270954));
#1365 = CARTESIAN_POINT('',(54.012926853164,-326.9118602615));
#1366 = CARTESIAN_POINT('',(27.733558547823,-338.7549735547));
#1367 = CARTESIAN_POINT('',(-2.299826874269,-350.5982136724));
#1368 = ( GEOMETRIC_REPRESENTATION_CONTEXT(2) 
PARAMETRIC_REPRESENTATION_CONTEXT() REPRESENTATION_CONTEXT('2D SPACE',''
  ) );
#1369 = ( GEOMETRIC_REPRESENTATION_CONTEXT(3) 
GLOBAL_UNCERTAINTY_ASSIGNED_CONTEXT((#1373)) 
GLOBAL_UNIT_ASSIGNED_CONTEXT((#1370,#1371,#1372)) REPRESENTATION_CONTEXT
('Context #1','3D Context with UNIT and UNCERTAINTY') );
#1370 = ( LENGTH_UNIT() NAMED_UNIT(*) SI_UNIT(.MILLI.,.METRE.) );
#1371 = ( NAMED_UNIT(*) PLANE_ANGLE_UNIT() SI_UNIT($,.RADIAN.) );
#1372 = ( NAMED_UNIT(*) SI_UNIT($,.STERADIAN.) SOLID_ANGLE_UNIT() );
#1373 = UNCERTAINTY_MEASURE_WITH_UNIT(LENGTH_MEASURE(5.E-05),#1370,
  'distance_accuracy_value','confusion accuracy');
#1374 = CONTEXT_DEPENDENT_SHAPE_REPRESENTATION(#1375,#1377);
#1375 = ( REPRESENTATION_RELATIONSHIP('','',#1280,#10) 
REPRESENTATION_RELATIONSHIP_WITH_TRANSFORMATION(#1376) 
SHAPE_REPRESENTATION_RELATIONSHIP() );
#1376 = ITEM_DEFINED_TRANSFORMATION('','',#11,#39);
#1377 = PRODUCT_DEFINITION_SHAPE('Placement','Placement of an item',
  #1378);
#1378 = NEXT_ASSEMBLY_USAGE_OCCURRENCE('7','','',#5,#1275,$);
#1379 = PRODUCT_RELATED_PRODUCT_CATEGORY('part',$,(#1277));
#1380 = SHAPE_DEFINITION_REPRESENTATION(#1381,#1387);
#1381 = PRODUCT_DEFINITION_SHAPE('','',#1382);
#1382 = PRODUCT_DEFINITION('design','',#1383,#1386);
#1383 = PRODUCT_DEFINITION_FORMATION('','',#1384);
#1384 = PRODUCT('Open CASCADE STEP translator 7.8 1.8',
  'Open CASCADE STEP translator 7.8 1.8','',(#1385));
#1385 = PRODUCT_CONTEXT('',#2,'mechanical');
#1386 = PRODUCT_DEFINITION_CONTEXT('part definition',#2,'design');
#1387 = MANIFOLD_SURFACE_SHAPE_REPRESENTATION('',(#11,#1388),#1919);
#1388 = SHELL_BASED_SURFACE_MODEL('',(#1389));
#1389 = OPEN_SHELL('',(#1390));
#1390 = ADVANCED_FACE('',(#1391),#1406,.T.);
#1391 = FACE_BOUND('',#1392,.T.);
#1392 = EDGE_LOOP('',(#1393,#1417,#1526,#1549,#1564,#1565,#1674,#1691));
#1393 = ORIENTED_EDGE('',*,*,#1394,.F.);
#1394 = EDGE_CURVE('',#1395,#1397,#1399,.T.);
#1395 = VERTEX_POINT('',#1396);
#1396 = CARTESIAN_POINT('',(0.291701421802,92.499540054427,0.));
#1397 = VERTEX_POINT('',#1398);
#1398 = CARTESIAN_POINT('',(-0.291701421802,92.499540054427,0.));
#1399 = SURFACE_CURVE('',#1400,(#1405),.PCURVE_S1.);
#1400 = CIRCLE('',#1401,92.5);
#1401 = AXIS2_PLACEMENT_3D('',#1402,#1403,#1404);
#1402 = CARTESIAN_POINT('',(0.,0.,0.));
#1403 = DIRECTION('',(0.,0.,1.));
#1404 = DIRECTION('',(1.,0.,-0.));
#1405 = PCURVE('',#1406,#1411);
#1406 = CONICAL_SURFACE('',#1407,0.25,0.362358903356);
#1407 = AXIS2_PLACEMENT_3D('',#1408,#1409,#1410);
#1408 = CARTESIAN_POINT('',(0.,0.,-243.340540541));
#1409 = DIRECTION('',(0.,0.,1.));
#1410 = DIRECTION('',(1.,0.,-0.));
#1411 = DEFINITIONAL_REPRESENTATION('',(#1412),#1416);
#1412 = LINE('',#1413,#1414);
#1413 = CARTESIAN_POINT('',(0.,243.340540541));
#1414 = VECTOR('',#1415,1.);
#1415 = DIRECTION('',(1.,0.));
#1416 = ( GEOMETRIC_REPRESENTATION_CONTEXT(2) 
PARAMETRIC_REPRESENTATION_CONTEXT() REPRESENTATION_CONTEXT('2D SPACE',''
  ) );
#1417 = ORIENTED_EDGE('',*,*,#1418,.T.);
#1418 = EDGE_CURVE('',#1395,#1419,#1421,.T.);
#1419 = VERTEX_POINT('',#1420);
#1420 = CARTESIAN_POINT('',(12.512580069792,0.,-210.9938428433));
#1421 = SURFACE_CURVE('',#1422,(#1480),.PCURVE_S1.);
#1422 = B_SPLINE_CURVE_WITH_KNOTS('',12,(#1423,#1424,#1425,#1426,#1427,
    #1428,#1429,#1430,#1431,#1432,#1433,#1434,#1435,#1436,#1437,#1438,
    #1439,#1440,#1441,#1442,#1443,#1444,#1445,#1446,#1447,#1448,#1449,
    #1450,#1451,#1452,#1453,#1454,#1455,#1456,#1457,#1458,#1459,#1460,
    #1461,#1462,#1463,#1464,#1465,#1466,#1467,#1468,#1469,#1470,#1471,
    #1472,#1473,#1474,#1475,#1476,#1477,#1478,#1479),.UNSPECIFIED.,.F.,
  .F.,(13,11,11,11,11,13),(-4.448201339065,-6.638583370593E-03,0.,
    116.35406127043,174.53109190564,232.70812254086),.UNSPECIFIED.);
#1423 = CARTESIAN_POINT('',(-0.580619664536,98.387249021508,
    15.523487821335));
#1424 = CARTESIAN_POINT('',(-0.507926240673,97.896606608209,
    14.229863836224));
#1425 = CARTESIAN_POINT('',(-0.43523281681,97.405964194797,
    12.936239851113));
#1426 = CARTESIAN_POINT('',(-0.362539392947,96.915321781271,
    11.642615866002));
#1427 = CARTESIAN_POINT('',(-0.289845969084,96.424679367632,
    10.34899188089));
#1428 = CARTESIAN_POINT('',(-0.217152545222,95.934036953879,
    9.055367895779));
#1429 = CARTESIAN_POINT('',(-0.144459121361,95.443394540012,
    7.761743910668));
#1430 = CARTESIAN_POINT('',(-7.176569749942E-02,94.952752126032,
    6.468119925556));
#1431 = CARTESIAN_POINT('',(9.277263615547E-04,94.462109711938,
    5.174495940445));
#1432 = CARTESIAN_POINT('',(7.362115022218E-02,93.971467297731,
    3.880871955334));
#1433 = CARTESIAN_POINT('',(0.146314574082,93.48082488341,2.587247970223
    ));
#1434 = CARTESIAN_POINT('',(0.219007997942,92.990182468975,
    1.293623985111));
#1435 = CARTESIAN_POINT('',(0.291810073054,92.498806715565,
    -1.933515554711E-03));
#1436 = CARTESIAN_POINT('',(0.29191872285,92.498073386454,
    -3.867005068159E-03));
#1437 = CARTESIAN_POINT('',(0.292027371198,92.49734006701,
    -5.800468569433E-03));
#1438 = CARTESIAN_POINT('',(0.292136018079,92.496606757415,
    -7.733905973509E-03));
#1439 = CARTESIAN_POINT('',(0.292244663527,92.495873457378,
    -9.667317477184E-03));
#1440 = CARTESIAN_POINT('',(0.29235330749,92.495140167262,
    -1.160070272548E-02));
#1441 = CARTESIAN_POINT('',(0.292461950036,92.494406886692,
    -1.35340622347E-02));
#1442 = CARTESIAN_POINT('',(0.292570591093,92.493673616001,
    -1.546739540617E-02));
#1443 = CARTESIAN_POINT('',(0.292679230722,92.49294035493,
    -1.740070279344E-02));
#1444 = CARTESIAN_POINT('',(0.292787868882,92.49220710365,
    -1.933398399953E-02));
#1445 = CARTESIAN_POINT('',(0.292896505594,92.49147386207,
    -2.126723923905E-02));
#1446 = CARTESIAN_POINT('',(2.197048913643,79.639429076437,
    -33.90679516017));
#1447 = CARTESIAN_POINT('',(3.654466611825,69.776173622643,
    -59.79448822335));
#1448 = CARTESIAN_POINT('',(4.837608277474,61.744892351852,
    -80.7665918269));
#1449 = CARTESIAN_POINT('',(5.82085602824,55.046106218892,
    -98.15174929063));
#1450 = CARTESIAN_POINT('',(6.656650021739,49.327252928226,
    -112.8861636654));
#1451 = CARTESIAN_POINT('',(7.37700724689,44.372458198265,
    -125.5407372805));
#1452 = CARTESIAN_POINT('',(8.005026238375,40.025335793336,
    -136.5267538501));
#1453 = CARTESIAN_POINT('',(8.558821441691,36.162513573999,
    -146.1662205229));
#1454 = CARTESIAN_POINT('',(9.050173915285,32.702517901268,
    -154.6677765799));
#1455 = CARTESIAN_POINT('',(9.489620558303,29.571393084603,
    -162.2177623687));
#1456 = CARTESIAN_POINT('',(9.884536816372,26.715116564805,
    -168.9461286172));
#1457 = CARTESIAN_POINT('',(10.419092146847,22.772573439744,
    -177.9650789656));
#1458 = CARTESIAN_POINT('',(10.587638121619,21.515382001775,
    -180.7924216416));
#1459 = CARTESIAN_POINT('',(10.747285371821,20.309382716704,
    -183.4538732034));
#1460 = CARTESIAN_POINT('',(10.898663973446,19.14935122169,
    -185.9606185139));
#1461 = CARTESIAN_POINT('',(11.042308736024,18.030529971162,
    -188.3222120144));
#1462 = CARTESIAN_POINT('',(11.178669688539,16.948529622257,
    -190.5467842567));
#1463 = CARTESIAN_POINT('',(11.30811798646,15.899238080233,
    -192.641187314));
#1464 = CARTESIAN_POINT('',(11.430947234806,14.87873719833,
    -194.611078994));
#1465 = CARTESIAN_POINT('',(11.547370233262,13.883227138646,
    -196.4609459434));
#1466 = CARTESIAN_POINT('',(11.657511137389,12.908958387542,
    -198.194065557));
#1467 = CARTESIAN_POINT('',(11.761393040869,11.952171430921,
    -199.8124067619));
#1468 = CARTESIAN_POINT('',(11.95644890985,10.065916740504,
    -202.8205324965));
#1469 = CARTESIAN_POINT('',(12.047628157103,9.136481502654,
    -204.210408546));
#1470 = CARTESIAN_POINT('',(12.132299791022,8.216580591568,
    -205.4855511149));
#1471 = CARTESIAN_POINT('',(12.210532337131,7.30420974207,
    -206.6497341012));
#1472 = CARTESIAN_POINT('',(12.281077800532,6.388829491307,
    -207.6851638872));
#1473 = CARTESIAN_POINT('',(12.345290937889,5.483934136593,
    -208.6196936299));
#1474 = CARTESIAN_POINT('',(12.399378926896,4.550364922649,
    -209.3916752759));
#1475 = CARTESIAN_POINT('',(12.445810310346,3.643811228327,
    -210.0559193544));
#1476 = CARTESIAN_POINT('',(12.480550668271,2.686720487037,
    -210.5399211728));
#1477 = CARTESIAN_POINT('',(12.501926105852,1.768940998607,
    -210.8414119625));
#1478 = CARTESIAN_POINT('',(12.512580069791,0.885592842898,
    -210.9938428433));
#1479 = CARTESIAN_POINT('',(12.512580069792,0.,-210.9938428433));
#1480 = PCURVE('',#1406,#1481);
#1481 = DEFINITIONAL_REPRESENTATION('',(#1482),#1525);
#1482 = B_SPLINE_CURVE_WITH_KNOTS('',11,(#1483,#1484,#1485,#1486,#1487,
    #1488,#1489,#1490,#1491,#1492,#1493,#1494,#1495,#1496,#1497,#1498,
    #1499,#1500,#1501,#1502,#1503,#1504,#1505,#1506,#1507,#1508,#1509,
    #1510,#1511,#1512,#1513,#1514,#1515,#1516,#1517,#1518,#1519,#1520,
    #1521,#1522,#1523,#1524),.UNSPECIFIED.,.F.,.F.,(12,10,10,10,12),(
    -6.638583370593E-03,116.35074197874,174.5294322598,203.61877740033,
    232.70812254086),.UNSPECIFIED.);
#1483 = CARTESIAN_POINT('',(1.567642792684,243.340540541));
#1484 = CARTESIAN_POINT('',(1.544705361798,206.37008911811));
#1485 = CARTESIAN_POINT('',(1.520040091051,178.99737909735));
#1486 = CARTESIAN_POINT('',(1.493439222597,157.11376037008));
#1487 = CARTESIAN_POINT('',(1.464659671989,139.23938848649));
#1488 = CARTESIAN_POINT('',(1.433413276712,124.19161607187));
#1489 = CARTESIAN_POINT('',(1.399359498787,111.41984889223));
#1490 = CARTESIAN_POINT('',(1.362085200163,100.37718948616));
#1491 = CARTESIAN_POINT('',(1.321093178966,90.780956051057));
#1492 = CARTESIAN_POINT('',(1.275767751642,82.362132889445));
#1493 = CARTESIAN_POINT('',(1.225334557932,74.943506531303));
#1494 = CARTESIAN_POINT('',(1.140534954262,65.104001787611));
#1495 = CARTESIAN_POINT('',(1.110744199008,62.038957835477));
#1496 = CARTESIAN_POINT('',(1.079303199005,59.171257373886));
#1497 = CARTESIAN_POINT('',(1.04607544631,56.486300909275));
#1498 = CARTESIAN_POINT('',(1.010909376582,53.971877932786));
#1499 = CARTESIAN_POINT('',(0.973635085415,51.617830188538));
#1500 = CARTESIAN_POINT('',(0.934062333549,49.415837205979));
#1501 = CARTESIAN_POINT('',(0.891979840915,47.359324093783));
#1502 = CARTESIAN_POINT('',(0.847155869556,45.443491597627));
#1503 = CARTESIAN_POINT('',(0.799340095387,43.665468420113));
#1504 = CARTESIAN_POINT('',(0.722730105553,41.204144495765));
#1505 = CARTESIAN_POINT('',(0.696379784197,40.417969541344));
#1506 = CARTESIAN_POINT('',(0.66918105374,39.666099113615));
#1507 = CARTESIAN_POINT('',(0.641105179101,38.948380589106));
#1508 = CARTESIAN_POINT('',(0.61211560855,38.265189268357));
#1509 = CARTESIAN_POINT('',(0.582179696155,37.616981849241));
#1510 = CARTESIAN_POINT('',(0.551271129124,37.004230284113));
#1511 = CARTESIAN_POINT('',(0.519365252528,36.427732797167));
#1512 = CARTESIAN_POINT('',(0.486443006902,35.888708010275));
#1513 = CARTESIAN_POINT('',(0.452509197618,35.38844532687));
#1514 = CARTESIAN_POINT('',(0.382685399686,34.468774576525));
#1515 = CARTESIAN_POINT('',(0.3467956891,34.049359699425));
#1516 = CARTESIAN_POINT('',(0.309961717974,33.672003961609));
#1517 = CARTESIAN_POINT('',(0.272253641389,33.338543216885));
#1518 = CARTESIAN_POINT('',(0.233776449197,33.051127375236));
#1519 = CARTESIAN_POINT('',(0.19472229488,32.811743988321));
#1520 = CARTESIAN_POINT('',(0.155345937168,32.622310308492));
#1521 = CARTESIAN_POINT('',(0.116026797435,32.483325777183));
#1522 = CARTESIAN_POINT('',(7.715911479758E-02,32.392430629737));
#1523 = CARTESIAN_POINT('',(3.860630014902E-02,32.346697697673));
#1524 = CARTESIAN_POINT('',(-1.621586484035E-15,32.346697697674));
#1525 = ( GEOMETRIC_REPRESENTATION_CONTEXT(2) 
PARAMETRIC_REPRESENTATION_CONTEXT() REPRESENTATION_CONTEXT('2D SPACE',''
  ) );
#1526 = ORIENTED_EDGE('',*,*,#1527,.F.);
#1527 = EDGE_CURVE('',#1528,#1419,#1530,.T.);
#1528 = VERTEX_POINT('',#1529);
#1529 = CARTESIAN_POINT('',(0.25,-6.123031769112E-17,-243.340540541));
#1530 = SEAM_CURVE('',#1531,(#1535,#1542),.PCURVE_S1.);
#1531 = LINE('',#1532,#1533);
#1532 = CARTESIAN_POINT('',(0.25,-6.123031769112E-17,-243.340540541));
#1533 = VECTOR('',#1534,1.);
#1534 = DIRECTION('',(0.354480941285,-8.681992260123E-17,0.935063239715)
  );
#1535 = PCURVE('',#1406,#1536);
#1536 = DEFINITIONAL_REPRESENTATION('',(#1537),#1541);
#1537 = LINE('',#1538,#1539);
#1538 = CARTESIAN_POINT('',(0.,-0.));
#1539 = VECTOR('',#1540,1.);
#1540 = DIRECTION('',(0.,1.));
#1541 = ( GEOMETRIC_REPRESENTATION_CONTEXT(2) 
PARAMETRIC_REPRESENTATION_CONTEXT() REPRESENTATION_CONTEXT('2D SPACE',''
  ) );
#1542 = PCURVE('',#1406,#1543);
#1543 = DEFINITIONAL_REPRESENTATION('',(#1544),#1548);
#1544 = LINE('',#1545,#1546);
#1545 = CARTESIAN_POINT('',(6.28318530718,-0.));
#1546 = VECTOR('',#1547,1.);
#1547 = DIRECTION('',(0.,1.));
#1548 = ( GEOMETRIC_REPRESENTATION_CONTEXT(2) 
PARAMETRIC_REPRESENTATION_CONTEXT() REPRESENTATION_CONTEXT('2D SPACE',''
  ) );
#1549 = ORIENTED_EDGE('',*,*,#1550,.T.);
#1550 = EDGE_CURVE('',#1528,#1528,#1551,.T.);
#1551 = SURFACE_CURVE('',#1552,(#1557),.PCURVE_S1.);
#1552 = CIRCLE('',#1553,0.25);
#1553 = AXIS2_PLACEMENT_3D('',#1554,#1555,#1556);
#1554 = CARTESIAN_POINT('',(0.,0.,-243.340540541));
#1555 = DIRECTION('',(0.,0.,1.));
#1556 = DIRECTION('',(1.,0.,-0.));
#1557 = PCURVE('',#1406,#1558);
#1558 = DEFINITIONAL_REPRESENTATION('',(#1559),#1563);
#1559 = LINE('',#1560,#1561);
#1560 = CARTESIAN_POINT('',(0.,0.));
#1561 = VECTOR('',#1562,1.);
#1562 = DIRECTION('',(1.,0.));
#1563 = ( GEOMETRIC_REPRESENTATION_CONTEXT(2) 
PARAMETRIC_REPRESENTATION_CONTEXT() REPRESENTATION_CONTEXT('2D SPACE',''
  ) );
#1564 = ORIENTED_EDGE('',*,*,#1527,.T.);
#1565 = ORIENTED_EDGE('',*,*,#1566,.T.);
#1566 = EDGE_CURVE('',#1419,#1567,#1569,.T.);
#1567 = VERTEX_POINT('',#1568);
#1568 = CARTESIAN_POINT('',(0.291701421802,-92.49954005442,0.));
#1569 = SURFACE_CURVE('',#1570,(#1628),.PCURVE_S1.);
#1570 = B_SPLINE_CURVE_WITH_KNOTS('',12,(#1571,#1572,#1573,#1574,#1575,
    #1576,#1577,#1578,#1579,#1580,#1581,#1582,#1583,#1584,#1585,#1586,
    #1587,#1588,#1589,#1590,#1591,#1592,#1593,#1594,#1595,#1596,#1597,
    #1598,#1599,#1600,#1601,#1602,#1603,#1604,#1605,#1606,#1607,#1608,
    #1609,#1610,#1611,#1612,#1613,#1614,#1615,#1616,#1617,#1618,#1619,
    #1620,#1621,#1622,#1623,#1624,#1625,#1626,#1627),.UNSPECIFIED.,.F.,
  .F.,(13,11,11,11,11,13),(232.70812254086,290.88515317607,
    349.06218381129,465.41624508172,465.42288366509,469.86444642402),
  .UNSPECIFIED.);
#1571 = CARTESIAN_POINT('',(12.512580069792,-3.064597011236E-15,
    -210.9938428433));
#1572 = CARTESIAN_POINT('',(12.512580069792,-0.8855928429,
    -210.9938428433));
#1573 = CARTESIAN_POINT('',(12.501926105847,-1.7689409986,
    -210.8414119624));
#1574 = CARTESIAN_POINT('',(12.480550668285,-2.686720487058,
    -210.5399211731));
#1575 = CARTESIAN_POINT('',(12.445810310322,-3.643811228279,
    -210.055919354));
#1576 = CARTESIAN_POINT('',(12.39937892693,-4.550364922733,
    -209.3916752765));
#1577 = CARTESIAN_POINT('',(12.345290937851,-5.483934136484,
    -208.6196936291));
#1578 = CARTESIAN_POINT('',(12.281077800566,-6.388829491413,
    -207.6851638879));
#1579 = CARTESIAN_POINT('',(12.210532337106,-7.304209741996,
    -206.6497341007));
#1580 = CARTESIAN_POINT('',(12.132299791035,-8.216580591607,
    -205.4855511151));
#1581 = CARTESIAN_POINT('',(12.047628157097,-9.136481502641,
    -204.2104085459));
#1582 = CARTESIAN_POINT('',(11.956448909851,-10.0659167405,
    -202.8205324965));
#1583 = CARTESIAN_POINT('',(11.761393040868,-11.95217143092,
    -199.8124067619));
#1584 = CARTESIAN_POINT('',(11.657511137393,-12.90895838754,
    -198.194065557));
#1585 = CARTESIAN_POINT('',(11.547370233252,-13.88322713864,
    -196.4609459433));
#1586 = CARTESIAN_POINT('',(11.430947234828,-14.87873719833,
    -194.6110789942));
#1587 = CARTESIAN_POINT('',(11.308117986424,-15.89923808022,
    -192.6411873136));
#1588 = CARTESIAN_POINT('',(11.178669688583,-16.94852962227,
    -190.5467842573));
#1589 = CARTESIAN_POINT('',(11.042308735983,-18.03052997114,
    -188.3222120139));
#1590 = CARTESIAN_POINT('',(10.898663973475,-19.1493512217,
    -185.9606185143));
#1591 = CARTESIAN_POINT('',(10.747285371805,-20.30938271669,
    -183.4538732032));
#1592 = CARTESIAN_POINT('',(10.587638121625,-21.51538200177,
    -180.7924216417));
#1593 = CARTESIAN_POINT('',(10.419092146846,-22.77257343974,
    -177.9650789656));
#1594 = CARTESIAN_POINT('',(9.884536816374,-26.7151165648,
    -168.9461286172));
#1595 = CARTESIAN_POINT('',(9.489620558297,-29.57139308458,
    -162.2177623686));
#1596 = CARTESIAN_POINT('',(9.050173915299,-32.7025179013,
    -154.6677765801));
#1597 = CARTESIAN_POINT('',(8.55882144167,-36.16251357394,
    -146.1662205225));
#1598 = CARTESIAN_POINT('',(8.005026238401,-40.02533579339,
    -136.5267538506));
#1599 = CARTESIAN_POINT('',(7.377007246864,-44.37245819822,
    -125.5407372801));
#1600 = CARTESIAN_POINT('',(6.656650021759,-49.32725292824,
    -112.8861636657));
#1601 = CARTESIAN_POINT('',(5.820856028227,-55.04610621888,
    -98.15174929048));
#1602 = CARTESIAN_POINT('',(4.83760827748,-61.74489235185,
    -80.76659182696));
#1603 = CARTESIAN_POINT('',(3.654466611822,-69.77617362264,
    -59.79448822333));
#1604 = CARTESIAN_POINT('',(2.197048913644,-79.63942907644,
    -33.90679516017));
#1605 = CARTESIAN_POINT('',(0.292896505594,-92.49147386206,
    -2.1267239237E-02));
#1606 = CARTESIAN_POINT('',(0.292787868883,-92.49220710367,
    -1.933398401929E-02));
#1607 = CARTESIAN_POINT('',(0.292679230717,-92.49294035485,
    -1.740070273753E-02));
#1608 = CARTESIAN_POINT('',(0.292570591102,-92.49367361615,
    -1.546739550616E-02));
#1609 = CARTESIAN_POINT('',(0.292461950024,-92.49440688648,
    -1.353406210623E-02));
#1610 = CARTESIAN_POINT('',(0.292353307503,-92.49514016746,
    -1.16007028487E-02));
#1611 = CARTESIAN_POINT('',(0.292244663517,-92.49587345722,
    -9.667317388045E-03));
#1612 = CARTESIAN_POINT('',(0.292136018085,-92.49660675749,
    -7.733906021637E-03));
#1613 = CARTESIAN_POINT('',(0.292027371195,-92.49734006698,
    -5.800468550572E-03));
#1614 = CARTESIAN_POINT('',(0.291918722852,-92.49807338646,
    -3.867005073077E-03));
#1615 = CARTESIAN_POINT('',(0.291810073054,-92.49880671556,
    -1.933515553873E-03));
#1616 = CARTESIAN_POINT('',(0.219007998047,-92.99018246981,1.29362398552
    ));
#1617 = CARTESIAN_POINT('',(0.146314574291,-93.48082488474,
    2.587247971041));
#1618 = CARTESIAN_POINT('',(7.362115053299E-02,-93.97146729921,
    3.880871956561));
#1619 = CARTESIAN_POINT('',(9.277267737559E-04,-94.46210971322,
    5.174495942082));
#1620 = CARTESIAN_POINT('',(-7.176569698693E-02,-94.95275212677,
    6.468119927602));
#1621 = CARTESIAN_POINT('',(-0.144459120749,-95.44339453986,
    7.761743913122));
#1622 = CARTESIAN_POINT('',(-0.217152544513,-95.93403695249,
    9.055367898643));
#1623 = CARTESIAN_POINT('',(-0.289845968278,-96.42467936466,
    10.348991884163));
#1624 = CARTESIAN_POINT('',(-0.362539392044,-96.91532177637,
    11.642615869684));
#1625 = CARTESIAN_POINT('',(-0.435232815812,-97.40596418762,
    12.936239855204));
#1626 = CARTESIAN_POINT('',(-0.507926239582,-97.89660659841,
    14.229863840725));
#1627 = CARTESIAN_POINT('',(-0.580619663352,-98.38724900873,
    15.523487826245));
#1628 = PCURVE('',#1406,#1629);
#1629 = DEFINITIONAL_REPRESENTATION('',(#1630),#1673);
#1630 = B_SPLINE_CURVE_WITH_KNOTS('',11,(#1631,#1632,#1633,#1634,#1635,
    #1636,#1637,#1638,#1639,#1640,#1641,#1642,#1643,#1644,#1645,#1646,
    #1647,#1648,#1649,#1650,#1651,#1652,#1653,#1654,#1655,#1656,#1657,
    #1658,#1659,#1660,#1661,#1662,#1663,#1664,#1665,#1666,#1667,#1668,
    #1669,#1670,#1671,#1672),.UNSPECIFIED.,.F.,.F.,(12,10,10,10,12),(
    232.70812254086,261.79746768139,290.88681282192,349.06550310297,
    465.42288366509),.UNSPECIFIED.);
#1631 = CARTESIAN_POINT('',(6.28318530718,32.346697697674));
#1632 = CARTESIAN_POINT('',(6.24457900703,32.346697697674));
#1633 = CARTESIAN_POINT('',(6.206026192382,32.392430629736));
#1634 = CARTESIAN_POINT('',(6.167158509744,32.483325777179));
#1635 = CARTESIAN_POINT('',(6.127839370011,32.622310308502));
#1636 = CARTESIAN_POINT('',(6.088463012299,32.811743988306));
#1637 = CARTESIAN_POINT('',(6.049408857984,33.051127375254));
#1638 = CARTESIAN_POINT('',(6.010931665789,33.33854321687));
#1639 = CARTESIAN_POINT('',(5.973223589206,33.672003961619));
#1640 = CARTESIAN_POINT('',(5.93638961808,34.049359699422));
#1641 = CARTESIAN_POINT('',(5.900499907493,34.468774576526));
#1642 = CARTESIAN_POINT('',(5.830676109561,35.388445326869));
#1643 = CARTESIAN_POINT('',(5.796742300278,35.888708010282));
#1644 = CARTESIAN_POINT('',(5.763820054649,36.427732797152));
#1645 = CARTESIAN_POINT('',(5.731914178059,37.004230284136));
#1646 = CARTESIAN_POINT('',(5.70100561102,37.61698184922));
#1647 = CARTESIAN_POINT('',(5.671069698634,38.265189268377));
#1648 = CARTESIAN_POINT('',(5.642080128076,38.948380589088));
#1649 = CARTESIAN_POINT('',(5.614004253441,39.666099113629));
#1650 = CARTESIAN_POINT('',(5.586805522982,40.417969541339));
#1651 = CARTESIAN_POINT('',(5.560455201627,41.204144495768));
#1652 = CARTESIAN_POINT('',(5.483845211792,43.665468420102));
#1653 = CARTESIAN_POINT('',(5.436029437626,45.443491597644));
#1654 = CARTESIAN_POINT('',(5.391205466261,47.35932409376));
#1655 = CARTESIAN_POINT('',(5.349122973635,49.415837206027));
#1656 = CARTESIAN_POINT('',(5.309550221758,51.617830188478));
#1657 = CARTESIAN_POINT('',(5.272275930604,53.971877932824));
#1658 = CARTESIAN_POINT('',(5.237109860866,56.486300909252));
#1659 = CARTESIAN_POINT('',(5.203882108176,59.171257373904));
#1660 = CARTESIAN_POINT('',(5.17244110817,62.038957835477));
#1661 = CARTESIAN_POINT('',(5.142650352917,65.104001787605));
#1662 = CARTESIAN_POINT('',(5.057850749248,74.943506531311));
#1663 = CARTESIAN_POINT('',(5.007417550411,82.362132871472));
#1664 = CARTESIAN_POINT('',(4.962092158271,90.780956156522));
#1665 = CARTESIAN_POINT('',(4.921100019366,100.3771891782));
#1666 = CARTESIAN_POINT('',(4.883825969366,111.4198494588));
#1667 = CARTESIAN_POINT('',(4.849771829263,124.19161536216));
#1668 = CARTESIAN_POINT('',(4.818525810455,139.2393891064));
#1669 = CARTESIAN_POINT('',(4.789745979428,157.11375999682));
#1670 = CARTESIAN_POINT('',(4.763145257097,178.99737924345));
#1671 = CARTESIAN_POINT('',(4.738479936846,206.37008908749));
#1672 = CARTESIAN_POINT('',(4.715542514496,243.340540541));
#1673 = ( GEOMETRIC_REPRESENTATION_CONTEXT(2) 
PARAMETRIC_REPRESENTATION_CONTEXT() REPRESENTATION_CONTEXT('2D SPACE',''
  ) );
#1674 = ORIENTED_EDGE('',*,*,#1675,.F.);
#1675 = EDGE_CURVE('',#1676,#1567,#1678,.T.);
#1676 = VERTEX_POINT('',#1677);
#1677 = CARTESIAN_POINT('',(-0.291701421802,-92.49954005442,0.));
#1678 = SURFACE_CURVE('',#1679,(#1684),.PCURVE_S1.);
#1679 = CIRCLE('',#1680,92.5);
#1680 = AXIS2_PLACEMENT_3D('',#1681,#1682,#1683);
#1681 = CARTESIAN_POINT('',(0.,0.,0.));
#1682 = DIRECTION('',(0.,0.,1.));
#1683 = DIRECTION('',(1.,0.,-0.));
#1684 = PCURVE('',#1406,#1685);
#1685 = DEFINITIONAL_REPRESENTATION('',(#1686),#1690);
#1686 = LINE('',#1687,#1688);
#1687 = CARTESIAN_POINT('',(0.,243.340540541));
#1688 = VECTOR('',#1689,1.);
#1689 = DIRECTION('',(1.,0.));
#1690 = ( GEOMETRIC_REPRESENTATION_CONTEXT(2) 
PARAMETRIC_REPRESENTATION_CONTEXT() REPRESENTATION_CONTEXT('2D SPACE',''
  ) );
#1691 = ORIENTED_EDGE('',*,*,#1692,.T.);
#1692 = EDGE_CURVE('',#1676,#1397,#1693,.T.);
#1693 = SURFACE_CURVE('',#1694,(#1805),.PCURVE_S1.);
#1694 = B_SPLINE_CURVE_WITH_KNOTS('',13,(#1695,#1696,#1697,#1698,#1699,
    #1700,#1701,#1702,#1703,#1704,#1705,#1706,#1707,#1708,#1709,#1710,
    #1711,#1712,#1713,#1714,#1715,#1716,#1717,#1718,#1719,#1720,#1721,
    #1722,#1723,#1724,#1725,#1726,#1727,#1728,#1729,#1730,#1731,#1732,
    #1733,#1734,#1735,#1736,#1737,#1738,#1739,#1740,#1741,#1742,#1743,
    #1744,#1745,#1746,#1747,#1748,#1749,#1750,#1751,#1752,#1753,#1754,
    #1755,#1756,#1757,#1758,#1759,#1760,#1761,#1762,#1763,#1764,#1765,
    #1766,#1767,#1768,#1769,#1770,#1771,#1772,#1773,#1774,#1775,#1776,
    #1777,#1778,#1779,#1780,#1781,#1782,#1783,#1784,#1785,#1786,#1787,
    #1788,#1789,#1790,#1791,#1792,#1793,#1794,#1795,#1796,#1797,#1798,
    #1799,#1800,#1801,#1802,#1803,#1804),.UNSPECIFIED.,.F.,.F.,(14,12,12
    ,12,12,12,12,12,12,14),(-2.141696806265,-3.445805024885E-03,0.,
    64.295686696627,128.59137339325,337.1148931586,401.41057985523,
    465.70626655185,465.70971235688,467.84796334184),.UNSPECIFIED.);
#1695 = CARTESIAN_POINT('',(0.517375706021,-97.96038554642,
    14.39802289611));
#1696 = CARTESIAN_POINT('',(0.455139003897,-97.54032050334,
    13.290482673333));
#1697 = CARTESIAN_POINT('',(0.392902301771,-97.12025546113,
    12.182942450555));
#1698 = CARTESIAN_POINT('',(0.330665599642,-96.70019041979,
    11.075402227778));
#1699 = CARTESIAN_POINT('',(0.26842889751,-96.28012537933,9.967862005));
#1700 = CARTESIAN_POINT('',(0.206192195375,-95.86006033973,
    8.860321782222));
#1701 = CARTESIAN_POINT('',(0.143955493237,-95.43999530102,
    7.752781559444));
#1702 = CARTESIAN_POINT('',(8.171879109726E-02,-95.01993026317,
    6.645241336667));
#1703 = CARTESIAN_POINT('',(1.948208895428E-02,-94.5998652262,
    5.537701113889));
#1704 = CARTESIAN_POINT('',(-4.275461319146E-02,-94.1798001901,
    4.430160891111));
#1705 = CARTESIAN_POINT('',(-0.10499131534,-93.75973515487,
    3.322620668333));
#1706 = CARTESIAN_POINT('',(-0.167228017491,-93.33967012051,
    2.215080445556));
#1707 = CARTESIAN_POINT('',(-0.229464719645,-92.91960508703,
    1.107540222778));
#1708 = CARTESIAN_POINT('',(-0.291801716642,-92.49886311696,
    -1.784808080373E-03));
#1709 = CARTESIAN_POINT('',(-0.291902010026,-92.49818618921,
    -3.569590119538E-03));
#1710 = CARTESIAN_POINT('',(-0.292002301934,-92.4975092715,
    -5.354345796127E-03));
#1711 = CARTESIAN_POINT('',(-0.292102592419,-92.49683236293,
    -7.139075947035E-03));
#1712 = CARTESIAN_POINT('',(-0.292202881379,-92.49615546538,
    -8.923778916488E-03));
#1713 = CARTESIAN_POINT('',(-0.292303168971,-92.49547857568,
    -1.070845733341E-02));
#1714 = CARTESIAN_POINT('',(-0.292403454998,-92.49480169821,
    -1.249310777839E-02));
#1715 = CARTESIAN_POINT('',(-0.292503739663,-92.49412482798,
    -1.427773393665E-02));
#1716 = CARTESIAN_POINT('',(-0.292604022794,-92.49344796967,
    -1.606233252134E-02));
#1717 = CARTESIAN_POINT('',(-0.292704304511,-92.4927711197,
    -1.7846905943E-02));
#1718 = CARTESIAN_POINT('',(-0.292804584746,-92.49209428026,
    -1.963145277696E-02));
#1719 = CARTESIAN_POINT('',(-0.292904863529,-92.49141745032,
    -2.141597367847E-02));
#1720 = CARTESIAN_POINT('',(-2.164091642683,-79.86187362475,
    -33.32030086454));
#1721 = CARTESIAN_POINT('',(-3.526994878866,-70.63762687449,
    -57.52801928027));
#1722 = CARTESIAN_POINT('',(-4.607026371416,-63.30747817921,
    -76.67461254287));
#1723 = CARTESIAN_POINT('',(-5.483943957679,-57.33662675513,
    -92.18604530482));
#1724 = CARTESIAN_POINT('',(-6.21879623079,-52.31567767847,
    -105.1538025554));
#1725 = CARTESIAN_POINT('',(-6.842754976797,-48.03550332256,
    -116.1352310845));
#1726 = CARTESIAN_POINT('',(-7.380663794873,-44.32938125745,
    -125.5745604752));
#1727 = CARTESIAN_POINT('',(-7.851075540208,-41.07274157599,
    -133.803575741));
#1728 = CARTESIAN_POINT('',(-8.264391643305,-38.19563828742,
    -141.0083542966));
#1729 = CARTESIAN_POINT('',(-8.632185315348,-35.62024838252,
    -147.3959561514));
#1730 = CARTESIAN_POINT('',(-8.960826175982,-33.30360773438,
    -153.0804445107));
#1731 = CARTESIAN_POINT('',(-9.256604091021,-31.20326091602,
    -158.1744969448));
#1732 = CARTESIAN_POINT('',(-9.791650805696,-27.37273208297,
    -167.3470475071));
#1733 = CARTESIAN_POINT('',(-10.03093159686,-25.64246968016,
    -171.4257600326));
#1734 = CARTESIAN_POINT('',(-10.24666734739,-24.06540032856,
    -175.0811622175));
#1735 = CARTESIAN_POINT('',(-10.44239666747,-22.61745600009,
    -178.3768304499));
#1736 = CARTESIAN_POINT('',(-10.62086901916,-21.27982884257,
    -181.3622794969));
#1737 = CARTESIAN_POINT('',(-10.7842798496,-20.03739298427,
    -184.0771696965));
#1738 = CARTESIAN_POINT('',(-10.93441642213,-18.87772501097,
    -186.5539171553));
#1739 = CARTESIAN_POINT('',(-11.07274978522,-17.79048579774,
    -188.8193402339));
#1740 = CARTESIAN_POINT('',(-11.20049835474,-16.76699281924,
    -190.8957975267));
#1741 = CARTESIAN_POINT('',(-11.31867870794,-15.79987866276,
    -192.8020958337));
#1742 = CARTESIAN_POINT('',(-11.4281492199,-14.88279790288,
    -194.5542685054));
#1743 = CARTESIAN_POINT('',(-11.5296422865,-14.01021108054,
    -196.1661476752));
#1744 = CARTESIAN_POINT('',(-11.92904857412,-10.47618000002,
    -202.4602009187));
#1745 = CARTESIAN_POINT('',(-12.15685573111,-8.192487669806,
    -205.9187276269));
#1746 = CARTESIAN_POINT('',(-12.32842957234,-6.164760290594,
    -208.4304682606));
#1747 = CARTESIAN_POINT('',(-12.45185883693,-4.293125879687,
    -210.1761107297));
#1748 = CARTESIAN_POINT('',(-12.53422955498,-2.55977927742,
    -211.304959038));
#1749 = CARTESIAN_POINT('',(-12.57344438839,-0.808116080566,
    -211.8315843281));
#1750 = CARTESIAN_POINT('',(-12.57344438816,0.808116080565,
    -211.8315843254));
#1751 = CARTESIAN_POINT('',(-12.53422955517,2.559779277423,
    -211.3049590402));
#1752 = CARTESIAN_POINT('',(-12.45185883681,4.29312587968,
    -210.1761107282));
#1753 = CARTESIAN_POINT('',(-12.3284295724,6.164760290602,
    -208.4304682614));
#1754 = CARTESIAN_POINT('',(-12.15685573109,8.1924876698,-205.9187276266
    ));
#1755 = CARTESIAN_POINT('',(-11.92904857413,10.476180000033,
    -202.4602009188));
#1756 = CARTESIAN_POINT('',(-11.5296422865,14.01021108054,
    -196.1661476751));
#1757 = CARTESIAN_POINT('',(-11.42814921991,14.882797902911,
    -194.5542685056));
#1758 = CARTESIAN_POINT('',(-11.31867870789,15.799878662689,
    -192.8020958329));
#1759 = CARTESIAN_POINT('',(-11.20049835484,16.766992819409,
    -190.8957975284));
#1760 = CARTESIAN_POINT('',(-11.07274978505,17.790485797468,
    -188.819340231));
#1761 = CARTESIAN_POINT('',(-10.93441642236,18.877725011339,
    -186.5539171592));
#1762 = CARTESIAN_POINT('',(-10.78427984936,20.037392983903,
    -184.0771696923));
#1763 = CARTESIAN_POINT('',(-10.62086901936,21.279828842884,
    -181.3622795005));
#1764 = CARTESIAN_POINT('',(-10.44239666733,22.617455999888,
    -178.3768304475));
#1765 = CARTESIAN_POINT('',(-10.24666734746,24.065400328673,
    -175.0811622187));
#1766 = CARTESIAN_POINT('',(-10.03093159683,25.642469680125,
    -171.4257600322));
#1767 = CARTESIAN_POINT('',(-9.7916508057,27.372732082979,
    -167.3470475072));
#1768 = CARTESIAN_POINT('',(-9.256604091019,31.203260916017,
    -158.1744969448));
#1769 = CARTESIAN_POINT('',(-8.96082617599,33.303607734443,
    -153.0804445108));
#1770 = CARTESIAN_POINT('',(-8.632185315328,35.620248382355,
    -147.3959561511));
#1771 = CARTESIAN_POINT('',(-8.264391643346,38.195638287803,
    -141.0083542971));
#1772 = CARTESIAN_POINT('',(-7.851075540139,41.072741575327,
    -133.80357574));
#1773 = CARTESIAN_POINT('',(-7.380663794966,44.329381258368,
    -125.5745604766));
#1774 = CARTESIAN_POINT('',(-6.842754976697,48.035503321575,
    -116.135231083));
#1775 = CARTESIAN_POINT('',(-6.218796230876,52.31567767932,
    -105.1538025568));
#1776 = CARTESIAN_POINT('',(-5.483943957621,57.336626754575,
    -92.18604530389));
#1777 = CARTESIAN_POINT('',(-4.607026371446,63.307478179495,
    -76.67461254336));
#1778 = CARTESIAN_POINT('',(-3.526994878854,70.637626874394,
    -57.52801928008));
#1779 = CARTESIAN_POINT('',(-2.164091642686,79.861873624772,
    -33.32030086459));
#1780 = CARTESIAN_POINT('',(-0.292904863529,92.491417450327,
    -2.141597367411E-02));
#1781 = CARTESIAN_POINT('',(-0.292804584748,92.492094280225,
    -1.963145282773E-02));
#1782 = CARTESIAN_POINT('',(-0.292704304504,92.492771119833,
    -1.784690578097E-02));
#1783 = CARTESIAN_POINT('',(-0.292604022809,92.493447969405,
    -1.606233286824E-02));
#1784 = CARTESIAN_POINT('',(-0.292503739638,92.494124828409,
    -1.427773338141E-02));
#1785 = CARTESIAN_POINT('',(-0.292403455033,92.494801697696,
    -1.249310847741E-02));
#1786 = CARTESIAN_POINT('',(-0.292303168934,92.495478576189,
    -1.070845663048E-02));
#1787 = CARTESIAN_POINT('',(-0.292202881411,92.49615546499,
    -8.923779486219E-03));
#1788 = CARTESIAN_POINT('',(-0.292102592397,92.496832363177,
    -7.139075578083E-03));
#1789 = CARTESIAN_POINT('',(-0.292002301946,92.497509271388,
    -5.354345982615E-03));
#1790 = CARTESIAN_POINT('',(-0.291902010021,92.498186189258,
    -3.569590050786E-03));
#1791 = CARTESIAN_POINT('',(-0.291801716643,92.498863116959,
    -1.784808095678E-03));
#1792 = CARTESIAN_POINT('',(-0.229464719475,92.91960508943,
    1.107540223846));
#1793 = CARTESIAN_POINT('',(-0.167228017148,93.339670124433,
    2.215080447691));
#1794 = CARTESIAN_POINT('',(-0.104991314821,93.759735159436,
    3.322620671537));
#1795 = CARTESIAN_POINT('',(-4.275461249371E-02,94.179800194439,
    4.430160895382));
#1796 = CARTESIAN_POINT('',(1.948208983335E-02,94.599865229443,
    5.537701119228));
#1797 = CARTESIAN_POINT('',(8.171879216041E-02,95.019930264446,
    6.645241343073));
#1798 = CARTESIAN_POINT('',(0.143955494487,95.439995299449,
    7.752781566919));
#1799 = CARTESIAN_POINT('',(0.206192196815,95.860060334452,
    8.860321790764));
#1800 = CARTESIAN_POINT('',(0.268428899142,96.280125369455,9.96786201461
    ));
#1801 = CARTESIAN_POINT('',(0.330665601469,96.700190404458,
    11.075402238455));
#1802 = CARTESIAN_POINT('',(0.392902303796,97.120255439461,
    12.182942462301));
#1803 = CARTESIAN_POINT('',(0.455139006123,97.540320474465,
    13.290482686146));
#1804 = CARTESIAN_POINT('',(0.51737570845,97.960385509468,
    14.398022909992));
#1805 = PCURVE('',#1406,#1806);
#1806 = DEFINITIONAL_REPRESENTATION('',(#1807),#1918);
#1807 = B_SPLINE_CURVE_WITH_KNOTS('',10,(#1808,#1809,#1810,#1811,#1812,
    #1813,#1814,#1815,#1816,#1817,#1818,#1819,#1820,#1821,#1822,#1823,
    #1824,#1825,#1826,#1827,#1828,#1829,#1830,#1831,#1832,#1833,#1834,
    #1835,#1836,#1837,#1838,#1839,#1840,#1841,#1842,#1843,#1844,#1845,
    #1846,#1847,#1848,#1849,#1850,#1851,#1852,#1853,#1854,#1855,#1856,
    #1857,#1858,#1859,#1860,#1861,#1862,#1863,#1864,#1865,#1866,#1867,
    #1868,#1869,#1870,#1871,#1872,#1873,#1874,#1875,#1876,#1877,#1878,
    #1879,#1880,#1881,#1882,#1883,#1884,#1885,#1886,#1887,#1888,#1889,
    #1890,#1891,#1892,#1893,#1894,#1895,#1896,#1897,#1898,#1899,#1900,
    #1901,#1902,#1903,#1904,#1905,#1906,#1907,#1908,#1909,#1910,#1911,
    #1912,#1913,#1914,#1915,#1916,#1917),.UNSPECIFIED.,.F.,.F.,(11,9,9,9
    ,9,9,9,9,9,9,9,9,11),(-3.445805024885E-03,29.103626580094,
    58.210698965214,116.42484373545,145.53191612057,174.63898850569,
    232.85313327592,291.06727804616,320.17435043128,349.2814228164,
    407.49556758664,436.60263997176,465.70971235688),.UNSPECIFIED.);
#1808 = CARTESIAN_POINT('',(4.709235446273,243.340540541));
#1809 = CARTESIAN_POINT('',(4.697075473096,223.74114392272));
#1810 = CARTESIAN_POINT('',(4.684738354787,207.37141793565));
#1811 = CARTESIAN_POINT('',(4.67222121507,193.34059576985));
#1812 = CARTESIAN_POINT('',(4.659521025951,181.12891494292));
#1813 = CARTESIAN_POINT('',(4.646634920349,170.37185381284));
#1814 = CARTESIAN_POINT('',(4.633559942752,160.80431876028));
#1815 = CARTESIAN_POINT('',(4.620293127217,152.22954479815));
#1816 = CARTESIAN_POINT('',(4.60683162609,144.49207903802));
#1817 = CARTESIAN_POINT('',(4.593172529942,137.4709423339));
#1818 = CARTESIAN_POINT('',(4.565453509757,124.66487662603));
#1819 = CARTESIAN_POINT('',(4.551393583861,118.87995522672));
#1820 = CARTESIAN_POINT('',(4.537130410767,113.61526952062));
#1821 = CARTESIAN_POINT('',(4.522661201043,108.79633088617));
#1822 = CARTESIAN_POINT('',(4.507983218033,104.36450432562));
#1823 = CARTESIAN_POINT('',(4.493093789844,100.27217996595));
#1824 = CARTESIAN_POINT('',(4.477990322665,96.479902347111));
#1825 = CARTESIAN_POINT('',(4.462670315259,92.954710259704));
#1826 = CARTESIAN_POINT('',(4.447131374781,89.66893990311));
#1827 = CARTESIAN_POINT('',(4.399850951883,80.458352575468));
#1828 = CARTESIAN_POINT('',(4.367445869311,75.180247380584));
#1829 = CARTESIAN_POINT('',(4.334137837757,70.574257633852));
#1830 = CARTESIAN_POINT('',(4.299910749995,66.51518829214));
#1831 = CARTESIAN_POINT('',(4.26475099105,62.91048535151));
#1832 = CARTESIAN_POINT('',(4.228648173892,59.690577978958));
#1833 = CARTESIAN_POINT('',(4.191595794526,56.801543513128));
#1834 = CARTESIAN_POINT('',(4.153591935855,54.199451591156));
#1835 = CARTESIAN_POINT('',(4.114640141881,51.849791309348));
#1836 = CARTESIAN_POINT('',(4.054805037228,48.660759777543));
#1837 = CARTESIAN_POINT('',(4.034625472884,47.653661224062));
#1838 = CARTESIAN_POINT('',(4.014212578113,46.698914729635));
#1839 = CARTESIAN_POINT('',(3.993566409828,45.793283405829));
#1840 = CARTESIAN_POINT('',(3.972696919475,44.933936053497));
#1841 = CARTESIAN_POINT('',(3.95158690739,44.118464316178));
#1842 = CARTESIAN_POINT('',(3.930266130513,43.344261039114));
#1843 = CARTESIAN_POINT('',(3.908716954277,42.609493155011));
#1844 = CARTESIAN_POINT('',(3.886952635705,41.912141980955));
#1845 = CARTESIAN_POINT('',(3.842997028005,40.588899466669));
#1846 = CARTESIAN_POINT('',(3.820806036959,39.963000944018));
#1847 = CARTESIAN_POINT('',(3.798406177082,39.371109749933));
#1848 = CARTESIAN_POINT('',(3.775802296058,38.811672941543));
#1849 = CARTESIAN_POINT('',(3.752999756989,38.283286825423));
#1850 = CARTESIAN_POINT('',(3.730004424479,37.784683744122));
#1851 = CARTESIAN_POINT('',(3.706822650721,37.314718862435));
#1852 = CARTESIAN_POINT('',(3.683461261593,36.872356954033));
#1853 = CARTESIAN_POINT('',(3.659927542739,36.456659187709));
#1854 = CARTESIAN_POINT('',(3.588832591515,35.2869913664));
#1855 = CARTESIAN_POINT('',(3.54077767871,34.610455924815));
#1856 = CARTESIAN_POINT('',(3.492126709941,34.030359940963));
#1857 = CARTESIAN_POINT('',(3.442949941467,33.541334136993));
#1858 = CARTESIAN_POINT('',(3.393326309889,33.1391621827));
#1859 = CARTESIAN_POINT('',(3.343341597967,32.820596405404));
#1860 = CARTESIAN_POINT('',(3.293085424066,32.583249862937));
#1861 = CARTESIAN_POINT('',(3.242648359843,32.425544010866));
#1862 = CARTESIAN_POINT('',(3.192120480691,32.346691194084));
#1863 = CARTESIAN_POINT('',(3.091064826489,32.346691194086));
#1864 = CARTESIAN_POINT('',(3.040536947336,32.425544010858));
#1865 = CARTESIAN_POINT('',(2.990099883114,32.583249862955));
#1866 = CARTESIAN_POINT('',(2.939843709211,32.820596405377));
#1867 = CARTESIAN_POINT('',(2.889858997292,33.139162182728));
#1868 = CARTESIAN_POINT('',(2.84023536571,33.541334136971));
#1869 = CARTESIAN_POINT('',(2.79105859724,34.030359940975));
#1870 = CARTESIAN_POINT('',(2.742407628469,34.610455924811));
#1871 = CARTESIAN_POINT('',(2.694352715665,35.286991366401));
#1872 = CARTESIAN_POINT('',(2.623257764441,36.456659187709));
#1873 = CARTESIAN_POINT('',(2.599724045587,36.872356954036));
#1874 = CARTESIAN_POINT('',(2.576362656457,37.314718862427));
#1875 = CARTESIAN_POINT('',(2.553180882702,37.784683744134));
#1876 = CARTESIAN_POINT('',(2.530185550189,38.283286825406));
#1877 = CARTESIAN_POINT('',(2.507383011123,38.811672941558));
#1878 = CARTESIAN_POINT('',(2.484779130097,39.371109749924));
#1879 = CARTESIAN_POINT('',(2.46237927022,39.963000944024));
#1880 = CARTESIAN_POINT('',(2.440188279175,40.588899466669));
#1881 = CARTESIAN_POINT('',(2.396232671475,41.912141980953));
#1882 = CARTESIAN_POINT('',(2.374468352903,42.609493154999));
#1883 = CARTESIAN_POINT('',(2.352919176665,43.344261039128));
#1884 = CARTESIAN_POINT('',(2.331598399796,44.118464316114));
#1885 = CARTESIAN_POINT('',(2.310488387691,44.933936053617));
#1886 = CARTESIAN_POINT('',(2.289618897364,45.793283405715));
#1887 = CARTESIAN_POINT('',(2.268972729059,46.698914729721));
#1888 = CARTESIAN_POINT('',(2.248559834297,47.653661224053));
#1889 = CARTESIAN_POINT('',(2.228380269952,48.660759777547));
#1890 = CARTESIAN_POINT('',(2.168545165299,51.849791309344));
#1891 = CARTESIAN_POINT('',(2.129593371324,54.19945159113));
#1892 = CARTESIAN_POINT('',(2.091589512654,56.80154351324));
#1893 = CARTESIAN_POINT('',(2.054537133287,59.690577978763));
#1894 = CARTESIAN_POINT('',(2.018434316132,62.910485351663));
#1895 = CARTESIAN_POINT('',(1.98327455718,66.515188292198));
#1896 = CARTESIAN_POINT('',(1.949047469428,70.574257633599));
#1897 = CARTESIAN_POINT('',(1.915739437865,75.180247380792));
#1898 = CARTESIAN_POINT('',(1.883334355297,80.458352575453));
#1899 = CARTESIAN_POINT('',(1.836053932399,89.668939903025));
#1900 = CARTESIAN_POINT('',(1.820514991921,92.954710259992));
#1901 = CARTESIAN_POINT('',(1.805194984515,96.47990234661));
#1902 = CARTESIAN_POINT('',(1.790091517332,100.27217996621));
#1903 = CARTESIAN_POINT('',(1.775202089143,104.36450432719));
#1904 = CARTESIAN_POINT('',(1.760524106134,108.79633088747));
#1905 = CARTESIAN_POINT('',(1.74605489642,113.61526951853));
#1906 = CARTESIAN_POINT('',(1.731791723329,118.87995522217));
#1907 = CARTESIAN_POINT('',(1.717731797424,124.66487662512));
#1908 = CARTESIAN_POINT('',(1.690012777222,137.47094234157));
#1909 = CARTESIAN_POINT('',(1.676353683493,144.4920787222));
#1910 = CARTESIAN_POINT('',(1.662892171029,152.22954601751));
#1911 = CARTESIAN_POINT('',(1.649625377524,160.80431698299));
#1912 = CARTESIAN_POINT('',(1.636550381748,170.37185448731));
#1913 = CARTESIAN_POINT('',(1.623664270534,181.12891622868));
#1914 = CARTESIAN_POINT('',(1.610964111229,193.34059301562));
#1915 = CARTESIAN_POINT('',(1.598446938418,207.37142019718));
#1916 = CARTESIAN_POINT('',(1.586109838193,223.74114376146));
#1917 = CARTESIAN_POINT('',(1.573949860906,243.340540541));
#1918 = ( GEOMETRIC_REPRESENTATION_CONTEXT(2) 
PARAMETRIC_REPRESENTATION_CONTEXT() REPRESENTATION_CONTEXT('2D SPACE',''
  ) );
#1919 = ( GEOMETRIC_REPRESENTATION_CONTEXT(3) 
GLOBAL_UNCERTAINTY_ASSIGNED_CONTEXT((#1923)) 
GLOBAL_UNIT_ASSIGNED_CONTEXT((#1920,#1921,#1922)) REPRESENTATION_CONTEXT
('Context #1','3D Context with UNIT and UNCERTAINTY') );
#1920 = ( LENGTH_UNIT() NAMED_UNIT(*) SI_UNIT(.MILLI.,.METRE.) );
#1921 = ( NAMED_UNIT(*) PLANE_ANGLE_UNIT() SI_UNIT($,.RADIAN.) );
#1922 = ( NAMED_UNIT(*) SI_UNIT($,.STERADIAN.) SOLID_ANGLE_UNIT() );
#1923 = UNCERTAINTY_MEASURE_WITH_UNIT(LENGTH_MEASURE(5.E-05),#1920,
  'distance_accuracy_value','confusion accuracy');
#1924 = CONTEXT_DEPENDENT_SHAPE_REPRESENTATION(#1925,#1927);
#1925 = ( REPRESENTATION_RELATIONSHIP('','',#1387,#10) 
REPRESENTATION_RELATIONSHIP_WITH_TRANSFORMATION(#1926) 
SHAPE_REPRESENTATION_RELATIONSHIP() );
#1926 = ITEM_DEFINED_TRANSFORMATION('','',#11,#43);
#1927 = PRODUCT_DEFINITION_SHAPE('Placement','Placement of an item',
  #1928);
#1928 = NEXT_ASSEMBLY_USAGE_OCCURRENCE('8','','',#5,#1382,$);
#1929 = PRODUCT_RELATED_PRODUCT_CATEGORY('part',$,(#1384));
#1930 = SHAPE_DEFINITION_REPRESENTATION(#1931,#1937);
#1931 = PRODUCT_DEFINITION_SHAPE('','',#1932);
#1932 = PRODUCT_DEFINITION('design','',#1933,#1936);
#1933 = PRODUCT_DEFINITION_FORMATION('','',#1934);
#1934 = PRODUCT('Open CASCADE STEP translator 7.8 1.9',
  'Open CASCADE STEP translator 7.8 1.9','',(#1935));
#1935 = PRODUCT_CONTEXT('',#2,'mechanical');
#1936 = PRODUCT_DEFINITION_CONTEXT('part definition',#2,'design');
#1937 = MANIFOLD_SURFACE_SHAPE_REPRESENTATION('',(#11,#1938),#2230);
#1938 = SHELL_BASED_SURFACE_MODEL('',(#1939));
#1939 = OPEN_SHELL('',(#1940));
#1940 = ADVANCED_FACE('',(#1941),#1955,.T.);
#1941 = FACE_BOUND('',#1942,.T.);
#1942 = EDGE_LOOP('',(#1943,#1966,#2020,#2037,#2091,#2107,#2161,#2178));
#1943 = ORIENTED_EDGE('',*,*,#1944,.T.);
#1944 = EDGE_CURVE('',#1945,#1947,#1949,.T.);
#1945 = VERTEX_POINT('',#1946);
#1946 = CARTESIAN_POINT('',(0.75,-92.00873088311,2.84217094304E-14));
#1947 = VERTEX_POINT('',#1948);
#1948 = CARTESIAN_POINT('',(0.75,92.008730883111,2.84217094304E-14));
#1949 = SURFACE_CURVE('',#1950,(#1954),.PCURVE_S1.);
#1950 = LINE('',#1951,#1952);
#1951 = CARTESIAN_POINT('',(0.75,-244.,0.));
#1952 = VECTOR('',#1953,1.);
#1953 = DIRECTION('',(0.,1.,0.));
#1954 = PCURVE('',#1955,#1960);
#1955 = PLANE('',#1956);
#1956 = AXIS2_PLACEMENT_3D('',#1957,#1958,#1959);
#1957 = CARTESIAN_POINT('',(0.,0.,0.));
#1958 = DIRECTION('',(0.,0.,1.));
#1959 = DIRECTION('',(1.,0.,-0.));
#1960 = DEFINITIONAL_REPRESENTATION('',(#1961),#1965);
#1961 = LINE('',#1962,#1963);
#1962 = CARTESIAN_POINT('',(0.75,-244.));
#1963 = VECTOR('',#1964,1.);
#1964 = DIRECTION('',(0.,1.));
#1965 = ( GEOMETRIC_REPRESENTATION_CONTEXT(2) 
PARAMETRIC_REPRESENTATION_CONTEXT() REPRESENTATION_CONTEXT('2D SPACE',''
  ) );
#1966 = ORIENTED_EDGE('',*,*,#1967,.F.);
#1967 = EDGE_CURVE('',#1968,#1947,#1970,.T.);
#1968 = VERTEX_POINT('',#1969);
#1969 = CARTESIAN_POINT('',(0.291701421802,92.499540054427,0.));
#1970 = SURFACE_CURVE('',#1971,(#1994),.PCURVE_S1.);
#1971 = B_SPLINE_CURVE_WITH_KNOTS('',6,(#1972,#1973,#1974,#1975,#1976,
    #1977,#1978,#1979,#1980,#1981,#1982,#1983,#1984,#1985,#1986,#1987,
    #1988,#1989,#1990,#1991,#1992,#1993),.UNSPECIFIED.,.F.,.F.,(7,5,5,5,
    7),(0.,0.240999815141,0.480999876808,0.72100002554,1.),
  .UNSPECIFIED.);
#1972 = CARTESIAN_POINT('',(0.291701421802,92.499540054427,0.));
#1973 = CARTESIAN_POINT('',(0.317514789209,92.49945865082,0.));
#1974 = CARTESIAN_POINT('',(0.34410193424,92.4974798537,0.));
#1975 = CARTESIAN_POINT('',(0.371277501191,92.493399848728,0.));
#1976 = CARTESIAN_POINT('',(0.398794030982,92.487039852587,0.));
#1977 = CARTESIAN_POINT('',(0.426339151575,92.478285517852,0.));
#1978 = CARTESIAN_POINT('',(0.480697599828,92.455993064692,0.));
#1979 = CARTESIAN_POINT('',(0.507513422109,92.44247486921,0.));
#1980 = CARTESIAN_POINT('',(0.533688996871,92.426540795175,0.));
#1981 = CARTESIAN_POINT('',(0.558863654444,92.408259778858,0.));
#1982 = CARTESIAN_POINT('',(0.582694983494,92.387814933982,0.));
#1983 = CARTESIAN_POINT('',(0.627117102208,92.34312207098,0.));
#1984 = CARTESIAN_POINT('',(0.647707804533,92.318874124969,0.));
#1985 = CARTESIAN_POINT('',(0.666400819796,92.292986376795,0.));
#1986 = CARTESIAN_POINT('',(0.682981446407,92.265802081178,0.));
#1987 = CARTESIAN_POINT('',(0.697339061572,92.237702847822,0.));
#1988 = CARTESIAN_POINT('',(0.723535027633,92.175750190992,0.));
#1989 = CARTESIAN_POINT('',(0.734585011941,92.141703825306,0.));
#1990 = CARTESIAN_POINT('',(0.742568976416,92.107490048843,0.));
#1991 = CARTESIAN_POINT('',(0.747621784543,92.073659692769,0.));
#1992 = CARTESIAN_POINT('',(0.75,92.04063797175,0.));
#1993 = CARTESIAN_POINT('',(0.75,92.008730883125,0.));
#1994 = PCURVE('',#1955,#1995);
#1995 = DEFINITIONAL_REPRESENTATION('',(#1996),#2019);
#1996 = B_SPLINE_CURVE_WITH_KNOTS('',6,(#1997,#1998,#1999,#2000,#2001,
    #2002,#2003,#2004,#2005,#2006,#2007,#2008,#2009,#2010,#2011,#2012,
    #2013,#2014,#2015,#2016,#2017,#2018),.UNSPECIFIED.,.F.,.F.,(7,5,5,5,
    7),(0.,0.240999815141,0.480999876808,0.72100002554,1.),
  .UNSPECIFIED.);
#1997 = CARTESIAN_POINT('',(0.291701421802,92.499540054427));
#1998 = CARTESIAN_POINT('',(0.317514789209,92.49945865082));
#1999 = CARTESIAN_POINT('',(0.34410193424,92.4974798537));
#2000 = CARTESIAN_POINT('',(0.371277501191,92.493399848728));
#2001 = CARTESIAN_POINT('',(0.398794030982,92.487039852587));
#2002 = CARTESIAN_POINT('',(0.426339151575,92.478285517852));
#2003 = CARTESIAN_POINT('',(0.480697599828,92.455993064692));
#2004 = CARTESIAN_POINT('',(0.507513422109,92.44247486921));
#2005 = CARTESIAN_POINT('',(0.533688996871,92.426540795175));
#2006 = CARTESIAN_POINT('',(0.558863654444,92.408259778858));
#2007 = CARTESIAN_POINT('',(0.582694983494,92.387814933982));
#2008 = CARTESIAN_POINT('',(0.627117102208,92.34312207098));
#2009 = CARTESIAN_POINT('',(0.647707804533,92.318874124969));
#2010 = CARTESIAN_POINT('',(0.666400819796,92.292986376795));
#2011 = CARTESIAN_POINT('',(0.682981446407,92.265802081178));
#2012 = CARTESIAN_POINT('',(0.697339061572,92.237702847822));
#2013 = CARTESIAN_POINT('',(0.723535027633,92.175750190992));
#2014 = CARTESIAN_POINT('',(0.734585011941,92.141703825306));
#2015 = CARTESIAN_POINT('',(0.742568976416,92.107490048843));
#2016 = CARTESIAN_POINT('',(0.747621784543,92.073659692769));
#2017 = CARTESIAN_POINT('',(0.75,92.04063797175));
#2018 = CARTESIAN_POINT('',(0.75,92.008730883125));
#2019 = ( GEOMETRIC_REPRESENTATION_CONTEXT(2) 
PARAMETRIC_REPRESENTATION_CONTEXT() REPRESENTATION_CONTEXT('2D SPACE',''
  ) );
#2020 = ORIENTED_EDGE('',*,*,#2021,.T.);
#2021 = EDGE_CURVE('',#1968,#2022,#2024,.T.);
#2022 = VERTEX_POINT('',#2023);
#2023 = CARTESIAN_POINT('',(-0.291701421802,92.499540054427,0.));
#2024 = SURFACE_CURVE('',#2025,(#2030),.PCURVE_S1.);
#2025 = CIRCLE('',#2026,92.5);
#2026 = AXIS2_PLACEMENT_3D('',#2027,#2028,#2029);
#2027 = CARTESIAN_POINT('',(0.,0.,0.));
#2028 = DIRECTION('',(0.,0.,1.));
#2029 = DIRECTION('',(1.,0.,-0.));
#2030 = PCURVE('',#1955,#2031);
#2031 = DEFINITIONAL_REPRESENTATION('',(#2032),#2036);
#2032 = CIRCLE('',#2033,92.5);
#2033 = AXIS2_PLACEMENT_2D('',#2034,#2035);
#2034 = CARTESIAN_POINT('',(0.,0.));
#2035 = DIRECTION('',(1.,0.));
#2036 = ( GEOMETRIC_REPRESENTATION_CONTEXT(2) 
PARAMETRIC_REPRESENTATION_CONTEXT() REPRESENTATION_CONTEXT('2D SPACE',''
  ) );
#2037 = ORIENTED_EDGE('',*,*,#2038,.T.);
#2038 = EDGE_CURVE('',#2022,#2039,#2041,.T.);
#2039 = VERTEX_POINT('',#2040);
#2040 = CARTESIAN_POINT('',(-0.75,92.008730883111,0.));
#2041 = SURFACE_CURVE('',#2042,(#2065),.PCURVE_S1.);
#2042 = B_SPLINE_CURVE_WITH_KNOTS('',6,(#2043,#2044,#2045,#2046,#2047,
    #2048,#2049,#2050,#2051,#2052,#2053,#2054,#2055,#2056,#2057,#2058,
    #2059,#2060,#2061,#2062,#2063,#2064),.UNSPECIFIED.,.F.,.F.,(7,5,5,5,
    7),(0.,0.240999954919,0.48099997062,0.721000007185,1.),
  .UNSPECIFIED.);
#2043 = CARTESIAN_POINT('',(-0.291701421802,92.499540054427,0.));
#2044 = CARTESIAN_POINT('',(-0.317514777898,92.499458650861,0.));
#2045 = CARTESIAN_POINT('',(-0.344101915363,92.49747985541,0.));
#2046 = CARTESIAN_POINT('',(-0.371277479445,92.493399852843,0.));
#2047 = CARTESIAN_POINT('',(-0.398794011704,92.487039858302,0.));
#2048 = CARTESIAN_POINT('',(-0.426339139845,92.478285522664,0.));
#2049 = CARTESIAN_POINT('',(-0.480697590601,92.455993068475,0.));
#2050 = CARTESIAN_POINT('',(-0.507513408155,92.442474876642,0.));
#2051 = CARTESIAN_POINT('',(-0.53368898272,92.426540804802,0.));
#2052 = CARTESIAN_POINT('',(-0.5588636436,92.408259787955,0.));
#2053 = CARTESIAN_POINT('',(-0.582694977787,92.387814939723,0.));
#2054 = CARTESIAN_POINT('',(-0.627117101791,92.343122071399,0.));
#2055 = CARTESIAN_POINT('',(-0.647707805058,92.318874124575,0.));
#2056 = CARTESIAN_POINT('',(-0.666400821578,92.292986374618,0.));
#2057 = CARTESIAN_POINT('',(-0.682981448533,92.265802077489,0.));
#2058 = CARTESIAN_POINT('',(-0.697339062958,92.237702844543,0.));
#2059 = CARTESIAN_POINT('',(-0.723535033527,92.175750177055,0.));
#2060 = CARTESIAN_POINT('',(-0.734585019582,92.141703800627,0.));
#2061 = CARTESIAN_POINT('',(-0.742568982221,92.107490019209,0.));
#2062 = CARTESIAN_POINT('',(-0.747621786986,92.073659666008,0.));
#2063 = CARTESIAN_POINT('',(-0.75,92.040637955314,0.));
#2064 = CARTESIAN_POINT('',(-0.75,92.008730883128,0.));
#2065 = PCURVE('',#1955,#2066);
#2066 = DEFINITIONAL_REPRESENTATION('',(#2067),#2090);
#2067 = B_SPLINE_CURVE_WITH_KNOTS('',6,(#2068,#2069,#2070,#2071,#2072,
    #2073,#2074,#2075,#2076,#2077,#2078,#2079,#2080,#2081,#2082,#2083,
    #2084,#2085,#2086,#2087,#2088,#2089),.UNSPECIFIED.,.F.,.F.,(7,5,5,5,
    7),(0.,0.240999954919,0.48099997062,0.721000007185,1.),
  .UNSPECIFIED.);
#2068 = CARTESIAN_POINT('',(-0.291701421802,92.499540054427));
#2069 = CARTESIAN_POINT('',(-0.317514777898,92.499458650861));
#2070 = CARTESIAN_POINT('',(-0.344101915363,92.49747985541));
#2071 = CARTESIAN_POINT('',(-0.371277479445,92.493399852843));
#2072 = CARTESIAN_POINT('',(-0.398794011704,92.487039858302));
#2073 = CARTESIAN_POINT('',(-0.426339139845,92.478285522664));
#2074 = CARTESIAN_POINT('',(-0.480697590601,92.455993068475));
#2075 = CARTESIAN_POINT('',(-0.507513408155,92.442474876642));
#2076 = CARTESIAN_POINT('',(-0.53368898272,92.426540804802));
#2077 = CARTESIAN_POINT('',(-0.5588636436,92.408259787955));
#2078 = CARTESIAN_POINT('',(-0.582694977787,92.387814939723));
#2079 = CARTESIAN_POINT('',(-0.627117101791,92.343122071399));
#2080 = CARTESIAN_POINT('',(-0.647707805058,92.318874124575));
#2081 = CARTESIAN_POINT('',(-0.666400821578,92.292986374618));
#2082 = CARTESIAN_POINT('',(-0.682981448533,92.265802077489));
#2083 = CARTESIAN_POINT('',(-0.697339062958,92.237702844543));
#2084 = CARTESIAN_POINT('',(-0.723535033527,92.175750177055));
#2085 = CARTESIAN_POINT('',(-0.734585019582,92.141703800627));
#2086 = CARTESIAN_POINT('',(-0.742568982221,92.107490019209));
#2087 = CARTESIAN_POINT('',(-0.747621786986,92.073659666008));
#2088 = CARTESIAN_POINT('',(-0.75,92.040637955314));
#2089 = CARTESIAN_POINT('',(-0.75,92.008730883128));
#2090 = ( GEOMETRIC_REPRESENTATION_CONTEXT(2) 
PARAMETRIC_REPRESENTATION_CONTEXT() REPRESENTATION_CONTEXT('2D SPACE',''
  ) );
#2091 = ORIENTED_EDGE('',*,*,#2092,.F.);
#2092 = EDGE_CURVE('',#2093,#2039,#2095,.T.);
#2093 = VERTEX_POINT('',#2094);
#2094 = CARTESIAN_POINT('',(-0.75,-92.00873088311,0.));
#2095 = SURFACE_CURVE('',#2096,(#2100),.PCURVE_S1.);
#2096 = LINE('',#2097,#2098);
#2097 = CARTESIAN_POINT('',(-0.75,-244.,0.));
#2098 = VECTOR('',#2099,1.);
#2099 = DIRECTION('',(0.,1.,0.));
#2100 = PCURVE('',#1955,#2101);
#2101 = DEFINITIONAL_REPRESENTATION('',(#2102),#2106);
#2102 = LINE('',#2103,#2104);
#2103 = CARTESIAN_POINT('',(-0.75,-244.));
#2104 = VECTOR('',#2105,1.);
#2105 = DIRECTION('',(0.,1.));
#2106 = ( GEOMETRIC_REPRESENTATION_CONTEXT(2) 
PARAMETRIC_REPRESENTATION_CONTEXT() REPRESENTATION_CONTEXT('2D SPACE',''
  ) );
#2107 = ORIENTED_EDGE('',*,*,#2108,.F.);
#2108 = EDGE_CURVE('',#2109,#2093,#2111,.T.);
#2109 = VERTEX_POINT('',#2110);
#2110 = CARTESIAN_POINT('',(-0.291701421802,-92.49954005442,0.));
#2111 = SURFACE_CURVE('',#2112,(#2135),.PCURVE_S1.);
#2112 = B_SPLINE_CURVE_WITH_KNOTS('',6,(#2113,#2114,#2115,#2116,#2117,
    #2118,#2119,#2120,#2121,#2122,#2123,#2124,#2125,#2126,#2127,#2128,
    #2129,#2130,#2131,#2132,#2133,#2134),.UNSPECIFIED.,.F.,.F.,(7,5,5,5,
    7),(0.,0.240999954919,0.480999970619,0.721000007184,1.),
  .UNSPECIFIED.);
#2113 = CARTESIAN_POINT('',(-0.291701421802,-92.49954005442,0.));
#2114 = CARTESIAN_POINT('',(-0.317514777898,-92.49945865086,0.));
#2115 = CARTESIAN_POINT('',(-0.344101915363,-92.4974798554,0.));
#2116 = CARTESIAN_POINT('',(-0.371277479445,-92.49339985284,0.));
#2117 = CARTESIAN_POINT('',(-0.398794011704,-92.4870398583,0.));
#2118 = CARTESIAN_POINT('',(-0.426339139845,-92.47828552266,0.));
#2119 = CARTESIAN_POINT('',(-0.480697590601,-92.45599306847,0.));
#2120 = CARTESIAN_POINT('',(-0.507513408155,-92.44247487663,0.));
#2121 = CARTESIAN_POINT('',(-0.53368898272,-92.4265408048,0.));
#2122 = CARTESIAN_POINT('',(-0.558863643599,-92.40825978795,0.));
#2123 = CARTESIAN_POINT('',(-0.582694977787,-92.38781493972,0.));
#2124 = CARTESIAN_POINT('',(-0.627117101791,-92.34312207139,0.));
#2125 = CARTESIAN_POINT('',(-0.647707805058,-92.31887412457,0.));
#2126 = CARTESIAN_POINT('',(-0.666400821578,-92.29298637461,0.));
#2127 = CARTESIAN_POINT('',(-0.682981448532,-92.26580207748,0.));
#2128 = CARTESIAN_POINT('',(-0.697339062958,-92.23770284454,0.));
#2129 = CARTESIAN_POINT('',(-0.723535033527,-92.17575017705,0.));
#2130 = CARTESIAN_POINT('',(-0.734585019582,-92.14170380062,0.));
#2131 = CARTESIAN_POINT('',(-0.742568982221,-92.1074900192,0.));
#2132 = CARTESIAN_POINT('',(-0.747621786986,-92.073659666,0.));
#2133 = CARTESIAN_POINT('',(-0.75,-92.04063795531,0.));
#2134 = CARTESIAN_POINT('',(-0.75,-92.00873088312,0.));
#2135 = PCURVE('',#1955,#2136);
#2136 = DEFINITIONAL_REPRESENTATION('',(#2137),#2160);
#2137 = B_SPLINE_CURVE_WITH_KNOTS('',6,(#2138,#2139,#2140,#2141,#2142,
    #2143,#2144,#2145,#2146,#2147,#2148,#2149,#2150,#2151,#2152,#2153,
    #2154,#2155,#2156,#2157,#2158,#2159),.UNSPECIFIED.,.F.,.F.,(7,5,5,5,
    7),(0.,0.240999954919,0.480999970619,0.721000007184,1.),
  .UNSPECIFIED.);
#2138 = CARTESIAN_POINT('',(-0.291701421802,-92.49954005442));
#2139 = CARTESIAN_POINT('',(-0.317514777898,-92.49945865086));
#2140 = CARTESIAN_POINT('',(-0.344101915363,-92.4974798554));
#2141 = CARTESIAN_POINT('',(-0.371277479445,-92.49339985284));
#2142 = CARTESIAN_POINT('',(-0.398794011704,-92.4870398583));
#2143 = CARTESIAN_POINT('',(-0.426339139845,-92.47828552266));
#2144 = CARTESIAN_POINT('',(-0.480697590601,-92.45599306847));
#2145 = CARTESIAN_POINT('',(-0.507513408155,-92.44247487663));
#2146 = CARTESIAN_POINT('',(-0.53368898272,-92.4265408048));
#2147 = CARTESIAN_POINT('',(-0.558863643599,-92.40825978795));
#2148 = CARTESIAN_POINT('',(-0.582694977787,-92.38781493972));
#2149 = CARTESIAN_POINT('',(-0.627117101791,-92.34312207139));
#2150 = CARTESIAN_POINT('',(-0.647707805058,-92.31887412457));
#2151 = CARTESIAN_POINT('',(-0.666400821578,-92.29298637461));
#2152 = CARTESIAN_POINT('',(-0.682981448532,-92.26580207748));
#2153 = CARTESIAN_POINT('',(-0.697339062958,-92.23770284454));
#2154 = CARTESIAN_POINT('',(-0.723535033527,-92.17575017705));
#2155 = CARTESIAN_POINT('',(-0.734585019582,-92.14170380062));
#2156 = CARTESIAN_POINT('',(-0.742568982221,-92.1074900192));
#2157 = CARTESIAN_POINT('',(-0.747621786986,-92.073659666));
#2158 = CARTESIAN_POINT('',(-0.75,-92.04063795531));
#2159 = CARTESIAN_POINT('',(-0.75,-92.00873088312));
#2160 = ( GEOMETRIC_REPRESENTATION_CONTEXT(2) 
PARAMETRIC_REPRESENTATION_CONTEXT() REPRESENTATION_CONTEXT('2D SPACE',''
  ) );
#2161 = ORIENTED_EDGE('',*,*,#2162,.T.);
#2162 = EDGE_CURVE('',#2109,#2163,#2165,.T.);
#2163 = VERTEX_POINT('',#2164);
#2164 = CARTESIAN_POINT('',(0.291701421802,-92.49954005442,0.));
#2165 = SURFACE_CURVE('',#2166,(#2171),.PCURVE_S1.);
#2166 = CIRCLE('',#2167,92.5);
#2167 = AXIS2_PLACEMENT_3D('',#2168,#2169,#2170);
#2168 = CARTESIAN_POINT('',(0.,0.,0.));
#2169 = DIRECTION('',(0.,0.,1.));
#2170 = DIRECTION('',(1.,0.,-0.));
#2171 = PCURVE('',#1955,#2172);
#2172 = DEFINITIONAL_REPRESENTATION('',(#2173),#2177);
#2173 = CIRCLE('',#2174,92.5);
#2174 = AXIS2_PLACEMENT_2D('',#2175,#2176);
#2175 = CARTESIAN_POINT('',(0.,0.));
#2176 = DIRECTION('',(1.,0.));
#2177 = ( GEOMETRIC_REPRESENTATION_CONTEXT(2) 
PARAMETRIC_REPRESENTATION_CONTEXT() REPRESENTATION_CONTEXT('2D SPACE',''
  ) );
#2178 = ORIENTED_EDGE('',*,*,#2179,.T.);
#2179 = EDGE_CURVE('',#2163,#1945,#2180,.T.);
#2180 = SURFACE_CURVE('',#2181,(#2204),.PCURVE_S1.);
#2181 = B_SPLINE_CURVE_WITH_KNOTS('',6,(#2182,#2183,#2184,#2185,#2186,
    #2187,#2188,#2189,#2190,#2191,#2192,#2193,#2194,#2195,#2196,#2197,
    #2198,#2199,#2200,#2201,#2202,#2203),.UNSPECIFIED.,.F.,.F.,(7,5,5,5,
    7),(0.,0.240999815141,0.480999876808,0.72100002554,1.),
  .UNSPECIFIED.);
#2182 = CARTESIAN_POINT('',(0.291701421802,-92.49954005442,0.));
#2183 = CARTESIAN_POINT('',(0.317514789209,-92.49945865082,0.));
#2184 = CARTESIAN_POINT('',(0.34410193424,-92.4974798537,0.));
#2185 = CARTESIAN_POINT('',(0.371277501191,-92.49339984872,0.));
#2186 = CARTESIAN_POINT('',(0.398794030983,-92.48703985258,0.));
#2187 = CARTESIAN_POINT('',(0.426339151575,-92.47828551785,0.));
#2188 = CARTESIAN_POINT('',(0.480697599828,-92.45599306469,0.));
#2189 = CARTESIAN_POINT('',(0.507513422109,-92.44247486919,0.));
#2190 = CARTESIAN_POINT('',(0.533688996871,-92.42654079518,0.));
#2191 = CARTESIAN_POINT('',(0.558863654444,-92.40825977885,0.));
#2192 = CARTESIAN_POINT('',(0.582694983494,-92.38781493397,0.));
#2193 = CARTESIAN_POINT('',(0.627117102208,-92.34312207097,0.));
#2194 = CARTESIAN_POINT('',(0.647707804533,-92.31887412496,0.));
#2195 = CARTESIAN_POINT('',(0.666400819796,-92.29298637679,0.));
#2196 = CARTESIAN_POINT('',(0.682981446407,-92.26580208117,0.));
#2197 = CARTESIAN_POINT('',(0.697339061572,-92.23770284781,0.));
#2198 = CARTESIAN_POINT('',(0.723535027633,-92.17575019098,0.));
#2199 = CARTESIAN_POINT('',(0.734585011941,-92.1417038253,0.));
#2200 = CARTESIAN_POINT('',(0.742568976416,-92.10749004884,0.));
#2201 = CARTESIAN_POINT('',(0.747621784543,-92.07365969276,0.));
#2202 = CARTESIAN_POINT('',(0.75,-92.04063797174,0.));
#2203 = CARTESIAN_POINT('',(0.75,-92.00873088312,0.));
#2204 = PCURVE('',#1955,#2205);
#2205 = DEFINITIONAL_REPRESENTATION('',(#2206),#2229);
#2206 = B_SPLINE_CURVE_WITH_KNOTS('',6,(#2207,#2208,#2209,#2210,#2211,
    #2212,#2213,#2214,#2215,#2216,#2217,#2218,#2219,#2220,#2221,#2222,
    #2223,#2224,#2225,#2226,#2227,#2228),.UNSPECIFIED.,.F.,.F.,(7,5,5,5,
    7),(0.,0.240999815141,0.480999876808,0.72100002554,1.),
  .UNSPECIFIED.);
#2207 = CARTESIAN_POINT('',(0.291701421802,-92.49954005442));
#2208 = CARTESIAN_POINT('',(0.317514789209,-92.49945865082));
#2209 = CARTESIAN_POINT('',(0.34410193424,-92.4974798537));
#2210 = CARTESIAN_POINT('',(0.371277501191,-92.49339984872));
#2211 = CARTESIAN_POINT('',(0.398794030983,-92.48703985258));
#2212 = CARTESIAN_POINT('',(0.426339151575,-92.47828551785));
#2213 = CARTESIAN_POINT('',(0.480697599828,-92.45599306469));
#2214 = CARTESIAN_POINT('',(0.507513422109,-92.44247486919));
#2215 = CARTESIAN_POINT('',(0.533688996871,-92.42654079518));
#2216 = CARTESIAN_POINT('',(0.558863654444,-92.40825977885));
#2217 = CARTESIAN_POINT('',(0.582694983494,-92.38781493397));
#2218 = CARTESIAN_POINT('',(0.627117102208,-92.34312207097));
#2219 = CARTESIAN_POINT('',(0.647707804533,-92.31887412496));
#2220 = CARTESIAN_POINT('',(0.666400819796,-92.29298637679));
#2221 = CARTESIAN_POINT('',(0.682981446407,-92.26580208117));
#2222 = CARTESIAN_POINT('',(0.697339061572,-92.23770284781));
#2223 = CARTESIAN_POINT('',(0.723535027633,-92.17575019098));
#2224 = CARTESIAN_POINT('',(0.734585011941,-92.1417038253));
#2225 = CARTESIAN_POINT('',(0.742568976416,-92.10749004884));
#2226 = CARTESIAN_POINT('',(0.747621784543,-92.07365969276));
#2227 = CARTESIAN_POINT('',(0.75,-92.04063797174));
#2228 = CARTESIAN_POINT('',(0.75,-92.00873088312));
#2229 = ( GEOMETRIC_REPRESENTATION_CONTEXT(2) 
PARAMETRIC_REPRESENTATION_CONTEXT() REPRESENTATION_CONTEXT('2D SPACE',''
  ) );
#2230 = ( GEOMETRIC_REPRESENTATION_CONTEXT(3) 
GLOBAL_UNCERTAINTY_ASSIGNED_CONTEXT((#2234)) 
GLOBAL_UNIT_ASSIGNED_CONTEXT((#2231,#2232,#2233)) REPRESENTATION_CONTEXT
('Context #1','3D Context with UNIT and UNCERTAINTY') );
#2231 = ( LENGTH_UNIT() NAMED_UNIT(*) SI_UNIT(.MILLI.,.METRE.) );
#2232 = ( NAMED_UNIT(*) PLANE_ANGLE_UNIT() SI_UNIT($,.RADIAN.) );
#2233 = ( NAMED_UNIT(*) SI_UNIT($,.STERADIAN.) SOLID_ANGLE_UNIT() );
#2234 = UNCERTAINTY_MEASURE_WITH_UNIT(LENGTH_MEASURE(5.E-05),#2231,
  'distance_accuracy_value','confusion accuracy');
#2235 = CONTEXT_DEPENDENT_SHAPE_REPRESENTATION(#2236,#2238);
#2236 = ( REPRESENTATION_RELATIONSHIP('','',#1937,#10) 
REPRESENTATION_RELATIONSHIP_WITH_TRANSFORMATION(#2237) 
SHAPE_REPRESENTATION_RELATIONSHIP() );
#2237 = ITEM_DEFINED_TRANSFORMATION('','',#11,#47);
#2238 = PRODUCT_DEFINITION_SHAPE('Placement','Placement of an item',
  #2239);
#2239 = NEXT_ASSEMBLY_USAGE_OCCURRENCE('9','','',#5,#1932,$);
#2240 = PRODUCT_RELATED_PRODUCT_CATEGORY('part',$,(#1934));
#2241 = SHAPE_DEFINITION_REPRESENTATION(#2242,#2248);
#2242 = PRODUCT_DEFINITION_SHAPE('','',#2243);
#2243 = PRODUCT_DEFINITION('design','',#2244,#2247);
#2244 = PRODUCT_DEFINITION_FORMATION('','',#2245);
#2245 = PRODUCT('Open CASCADE STEP translator 7.8 1.10',
  'Open CASCADE STEP translator 7.8 1.10','',(#2246));
#2246 = PRODUCT_CONTEXT('',#2,'mechanical');
#2247 = PRODUCT_DEFINITION_CONTEXT('part definition',#2,'design');
#2248 = MANIFOLD_SURFACE_SHAPE_REPRESENTATION('',(#11,#2249),#2635);
#2249 = SHELL_BASED_SURFACE_MODEL('',(#2250));
#2250 = OPEN_SHELL('',(#2251));
#2251 = ADVANCED_FACE('',(#2252),#2285,.T.);
#2252 = FACE_BOUND('',#2253,.T.);
#2253 = EDGE_LOOP('',(#2254,#2482,#2552,#2567));
#2254 = ORIENTED_EDGE('',*,*,#2255,.T.);
#2255 = EDGE_CURVE('',#2256,#2258,#2260,.T.);
#2256 = VERTEX_POINT('',#2257);
#2257 = CARTESIAN_POINT('',(0.291701421802,92.499540054427,0.));
#2258 = VERTEX_POINT('',#2259);
#2259 = CARTESIAN_POINT('',(0.75,92.008730883111,2.84217094304E-14));
#2260 = SURFACE_CURVE('',#2261,(#2284),.PCURVE_S1.);
#2261 = B_SPLINE_CURVE_WITH_KNOTS('',6,(#2262,#2263,#2264,#2265,#2266,
    #2267,#2268,#2269,#2270,#2271,#2272,#2273,#2274,#2275,#2276,#2277,
    #2278,#2279,#2280,#2281,#2282,#2283),.UNSPECIFIED.,.F.,.F.,(7,5,5,5,
    7),(0.,0.240999815141,0.480999876808,0.72100002554,1.),
  .UNSPECIFIED.);
#2262 = CARTESIAN_POINT('',(0.291701421802,92.499540054427,0.));
#2263 = CARTESIAN_POINT('',(0.317514789209,92.49945865082,0.));
#2264 = CARTESIAN_POINT('',(0.34410193424,92.4974798537,0.));
#2265 = CARTESIAN_POINT('',(0.371277501191,92.493399848728,0.));
#2266 = CARTESIAN_POINT('',(0.398794030982,92.487039852587,0.));
#2267 = CARTESIAN_POINT('',(0.426339151575,92.478285517852,0.));
#2268 = CARTESIAN_POINT('',(0.480697599828,92.455993064692,0.));
#2269 = CARTESIAN_POINT('',(0.507513422109,92.44247486921,0.));
#2270 = CARTESIAN_POINT('',(0.533688996871,92.426540795175,0.));
#2271 = CARTESIAN_POINT('',(0.558863654444,92.408259778858,0.));
#2272 = CARTESIAN_POINT('',(0.582694983494,92.387814933982,0.));
#2273 = CARTESIAN_POINT('',(0.627117102208,92.34312207098,0.));
#2274 = CARTESIAN_POINT('',(0.647707804533,92.318874124969,0.));
#2275 = CARTESIAN_POINT('',(0.666400819796,92.292986376795,0.));
#2276 = CARTESIAN_POINT('',(0.682981446407,92.265802081178,0.));
#2277 = CARTESIAN_POINT('',(0.697339061572,92.237702847822,0.));
#2278 = CARTESIAN_POINT('',(0.723535027633,92.175750190992,0.));
#2279 = CARTESIAN_POINT('',(0.734585011941,92.141703825306,0.));
#2280 = CARTESIAN_POINT('',(0.742568976416,92.107490048843,0.));
#2281 = CARTESIAN_POINT('',(0.747621784543,92.073659692769,0.));
#2282 = CARTESIAN_POINT('',(0.75,92.04063797175,0.));
#2283 = CARTESIAN_POINT('',(0.75,92.008730883125,0.));
#2284 = PCURVE('',#2285,#2457);
#2285 = ( BOUNDED_SURFACE() B_SPLINE_SURFACE(2,12,(
    (#2286,#2287,#2288,#2289,#2290,#2291,#2292,#2293,#2294,#2295,#2296
      ,#2297,#2298,#2299,#2300,#2301,#2302,#2303,#2304,#2305,#2306,#2307
      ,#2308,#2309,#2310,#2311,#2312,#2313,#2314,#2315,#2316,#2317,#2318
      ,#2319,#2320,#2321,#2322,#2323,#2324,#2325,#2326,#2327,#2328,#2329
      ,#2330,#2331,#2332,#2333,#2334,#2335,#2336,#2337,#2338,#2339,#2340
      ,#2341,#2342)
    ,(#2343,#2344,#2345,#2346,#2347,#2348,#2349,#2350,#2351,#2352,#2353
      ,#2354,#2355,#2356,#2357,#2358,#2359,#2360,#2361,#2362,#2363,#2364
      ,#2365,#2366,#2367,#2368,#2369,#2370,#2371,#2372,#2373,#2374,#2375
      ,#2376,#2377,#2378,#2379,#2380,#2381,#2382,#2383,#2384,#2385,#2386
      ,#2387,#2388,#2389,#2390,#2391,#2392,#2393,#2394,#2395,#2396,#2397
      ,#2398,#2399)
    ,(#2400,#2401,#2402,#2403,#2404,#2405,#2406,#2407,#2408,#2409,#2410
      ,#2411,#2412,#2413,#2414,#2415,#2416,#2417,#2418,#2419,#2420,#2421
      ,#2422,#2423,#2424,#2425,#2426,#2427,#2428,#2429,#2430,#2431,#2432
      ,#2433,#2434,#2435,#2436,#2437,#2438,#2439,#2440,#2441,#2442,#2443
      ,#2444,#2445,#2446,#2447,#2448,#2449,#2450,#2451,#2452,#2453,#2454
      ,#2455,#2456
)),.UNSPECIFIED.,.F.,.F.,.F.) B_SPLINE_SURFACE_WITH_KNOTS((3,3),(13,11,
    11,11,11,13),(0.,232.71476112423),(-4.448201339065,
    -6.638583370593E-03,0.,116.35406127043,174.53109190564,
232.70812254086),.UNSPECIFIED.) GEOMETRIC_REPRESENTATION_ITEM() 
RATIONAL_B_SPLINE_SURFACE((
    (1.,1.,1.,1.,1.,1.,1.,1.,1.,1.,1.,1.,1.,1.,1.,1.,1.,1.,1.,1.,1.,1.
      ,1.,1.,1.,1.,1.,1.,1.,1.,1.,1.,1.,1.,1.,1.,1.,1.,1.,1.,1.,1.,1.,1.
      ,1.,1.,1.,1.,1.,1.,1.,1.,1.,1.,1.,1.,1.)
    ,(0.701123405427,0.700856225291,0.700637623362,0.700467599639
      ,0.700346154123,0.700273286813,0.700248997709,0.700273286813
      ,0.700346154123,0.700467599639,0.700637623362,0.700856225291
      ,0.701123804768,0.70112420411,0.701124603454,0.701125002799
      ,0.701125402145,0.701125801492,0.701126200841,0.701126600191
      ,0.701126999542,0.701127398895,0.701127798249,0.708127674888
      ,0.715529738067,0.723367606956,0.731677572351,0.740499087229
      ,0.749874665458,0.759849462673,0.770470272352,0.781783345187
      ,0.793830527646,0.806641658706,0.826999043822,0.833974808736
      ,0.841140503037,0.848493422326,0.856028084393,0.863735579838
      ,0.871602387476,0.879608654154,0.887725939418,0.895914424596
      ,0.904119586665,0.920417086595,0.928509544722,0.936469834351
      ,0.944215060121,0.951605659541,0.958526839138,0.964800577965
      ,0.970095266213,0.974449016718,0.977007989192,0.978214681199
      ,0.978214681199)
    ,(1.,1.,1.,1.,1.,1.,1.,1.,1.,1.,1.,1.,1.,1.,1.,1.,1.,1.,1.,1.,1.,1.
      ,1.,1.,1.,1.,1.,1.,1.,1.,1.,1.,1.,1.,1.,1.,1.,1.,1.,1.,1.,1.,1.,1.
,1.,1.,1.,1.,1.,1.,1.,1.,1.,1.,1.,1.,1.
))) REPRESENTATION_ITEM('') SURFACE() );
#2286 = CARTESIAN_POINT('',(-0.580619664536,98.387249021508,
    15.523487821335));
#2287 = CARTESIAN_POINT('',(-0.507926240673,97.896606608209,
    14.229863836224));
#2288 = CARTESIAN_POINT('',(-0.43523281681,97.405964194797,
    12.936239851113));
#2289 = CARTESIAN_POINT('',(-0.362539392947,96.915321781271,
    11.642615866002));
#2290 = CARTESIAN_POINT('',(-0.289845969084,96.424679367632,
    10.34899188089));
#2291 = CARTESIAN_POINT('',(-0.217152545222,95.934036953879,
    9.055367895779));
#2292 = CARTESIAN_POINT('',(-0.144459121361,95.443394540012,
    7.761743910668));
#2293 = CARTESIAN_POINT('',(-7.176569749942E-02,94.952752126032,
    6.468119925556));
#2294 = CARTESIAN_POINT('',(9.277263615547E-04,94.462109711938,
    5.174495940445));
#2295 = CARTESIAN_POINT('',(7.362115022218E-02,93.971467297731,
    3.880871955334));
#2296 = CARTESIAN_POINT('',(0.146314574082,93.48082488341,2.587247970223
    ));
#2297 = CARTESIAN_POINT('',(0.219007997942,92.990182468975,
    1.293623985111));
#2298 = CARTESIAN_POINT('',(0.291810073054,92.498806715565,
    -1.933515554711E-03));
#2299 = CARTESIAN_POINT('',(0.29191872285,92.498073386454,
    -3.867005068159E-03));
#2300 = CARTESIAN_POINT('',(0.292027371198,92.49734006701,
    -5.800468569433E-03));
#2301 = CARTESIAN_POINT('',(0.292136018079,92.496606757415,
    -7.733905973509E-03));
#2302 = CARTESIAN_POINT('',(0.292244663527,92.495873457378,
    -9.667317477184E-03));
#2303 = CARTESIAN_POINT('',(0.29235330749,92.495140167262,
    -1.160070272548E-02));
#2304 = CARTESIAN_POINT('',(0.292461950036,92.494406886692,
    -1.35340622347E-02));
#2305 = CARTESIAN_POINT('',(0.292570591093,92.493673616001,
    -1.546739540617E-02));
#2306 = CARTESIAN_POINT('',(0.292679230722,92.49294035493,
    -1.740070279344E-02));
#2307 = CARTESIAN_POINT('',(0.292787868882,92.49220710365,
    -1.933398399953E-02));
#2308 = CARTESIAN_POINT('',(0.292896505594,92.49147386207,
    -2.126723923905E-02));
#2309 = CARTESIAN_POINT('',(2.197048913643,79.639429076437,
    -33.90679516017));
#2310 = CARTESIAN_POINT('',(3.654466611825,69.776173622643,
    -59.79448822335));
#2311 = CARTESIAN_POINT('',(4.837608277474,61.744892351852,
    -80.7665918269));
#2312 = CARTESIAN_POINT('',(5.82085602824,55.046106218892,
    -98.15174929063));
#2313 = CARTESIAN_POINT('',(6.656650021739,49.327252928226,
    -112.8861636654));
#2314 = CARTESIAN_POINT('',(7.37700724689,44.372458198265,
    -125.5407372805));
#2315 = CARTESIAN_POINT('',(8.005026238375,40.025335793336,
    -136.5267538501));
#2316 = CARTESIAN_POINT('',(8.558821441691,36.162513573999,
    -146.1662205229));
#2317 = CARTESIAN_POINT('',(9.050173915285,32.702517901268,
    -154.6677765799));
#2318 = CARTESIAN_POINT('',(9.489620558303,29.571393084603,
    -162.2177623687));
#2319 = CARTESIAN_POINT('',(9.884536816372,26.715116564805,
    -168.9461286172));
#2320 = CARTESIAN_POINT('',(10.419092146847,22.772573439744,
    -177.9650789656));
#2321 = CARTESIAN_POINT('',(10.587638121619,21.515382001775,
    -180.7924216416));
#2322 = CARTESIAN_POINT('',(10.747285371821,20.309382716704,
    -183.4538732034));
#2323 = CARTESIAN_POINT('',(10.898663973446,19.14935122169,
    -185.9606185139));
#2324 = CARTESIAN_POINT('',(11.042308736024,18.030529971162,
    -188.3222120144));
#2325 = CARTESIAN_POINT('',(11.178669688539,16.948529622257,
    -190.5467842567));
#2326 = CARTESIAN_POINT('',(11.30811798646,15.899238080233,
    -192.641187314));
#2327 = CARTESIAN_POINT('',(11.430947234806,14.87873719833,
    -194.611078994));
#2328 = CARTESIAN_POINT('',(11.547370233262,13.883227138646,
    -196.4609459434));
#2329 = CARTESIAN_POINT('',(11.657511137389,12.908958387542,
    -198.194065557));
#2330 = CARTESIAN_POINT('',(11.761393040869,11.952171430921,
    -199.8124067619));
#2331 = CARTESIAN_POINT('',(11.95644890985,10.065916740504,
    -202.8205324965));
#2332 = CARTESIAN_POINT('',(12.047628157103,9.136481502654,
    -204.210408546));
#2333 = CARTESIAN_POINT('',(12.132299791022,8.216580591568,
    -205.4855511149));
#2334 = CARTESIAN_POINT('',(12.210532337131,7.30420974207,
    -206.6497341012));
#2335 = CARTESIAN_POINT('',(12.281077800532,6.388829491307,
    -207.6851638872));
#2336 = CARTESIAN_POINT('',(12.345290937889,5.483934136593,
    -208.6196936299));
#2337 = CARTESIAN_POINT('',(12.399378926896,4.550364922649,
    -209.3916752759));
#2338 = CARTESIAN_POINT('',(12.445810310346,3.643811228327,
    -210.0559193544));
#2339 = CARTESIAN_POINT('',(12.480550668271,2.686720487037,
    -210.5399211728));
#2340 = CARTESIAN_POINT('',(12.501926105852,1.768940998607,
    -210.8414119625));
#2341 = CARTESIAN_POINT('',(12.512580069791,0.885592842898,
    -210.9938428433));
#2342 = CARTESIAN_POINT('',(12.512580069792,0.,-210.9938428433));
#2343 = CARTESIAN_POINT('',(-0.119475060713,98.398373953441,
    15.545059308947));
#2344 = CARTESIAN_POINT('',(-4.742860013277E-02,97.909464362224,
    14.256964280886));
#2345 = CARTESIAN_POINT('',(2.472301625813E-02,97.419841180309,
    12.966989206599));
#2346 = CARTESIAN_POINT('',(9.696487552594E-02,96.929605607338,
    11.675400709527));
#2347 = CARTESIAN_POINT('',(0.16928201063,96.438859210131,
    10.382466380484));
#2348 = CARTESIAN_POINT('',(0.241659410738,95.947703852674,
    9.088454593206));
#2349 = CARTESIAN_POINT('',(0.314082031603,95.456241625709,
    7.793634318846));
#2350 = CARTESIAN_POINT('',(0.386534805982,94.964574776031,
    6.498274939702));
#2351 = CARTESIAN_POINT('',(0.459002654083,94.472805635596,
    5.202646062439));
#2352 = CARTESIAN_POINT('',(0.531470494023,93.981036550537,
    3.907017331068));
#2353 = CARTESIAN_POINT('',(0.603923252291,93.489369810194,
    2.611658239978));
#2354 = CARTESIAN_POINT('',(0.676345874183,92.997907576265,
    1.316837947266));
#2355 = CARTESIAN_POINT('',(0.748831471924,92.506017986205,
    2.089173001023E-02));
#2356 = CARTESIAN_POINT('',(0.74893960819,92.505284169882,
    1.895839720245E-02));
#2357 = CARTESIAN_POINT('',(0.749047743009,92.504550363223,
    1.7025090209E-02));
#2358 = CARTESIAN_POINT('',(0.749155876389,92.503816566188,
    1.509180910205E-02));
#2359 = CARTESIAN_POINT('',(0.749264008314,92.503082778858,
    1.315855372948E-02));
#2360 = CARTESIAN_POINT('',(0.749372138807,92.502349001102,
    1.122532433892E-02));
#2361 = CARTESIAN_POINT('',(0.749480267842,92.501615233089,
    9.292120598403E-03));
#2362 = CARTESIAN_POINT('',(0.749588395442,92.500881474641,
    7.35894287628E-03));
#2363 = CARTESIAN_POINT('',(0.749696521592,92.500147725909,
    5.425790830458E-03));
#2364 = CARTESIAN_POINT('',(0.749804646299,92.499413986791,
    3.492664715708E-03));
#2365 = CARTESIAN_POINT('',(0.749912769561,92.498680257339,
    1.559564385659E-03));
#2366 = CARTESIAN_POINT('',(2.626333029244,79.765202947605,
    -33.54634249205));
#2367 = CARTESIAN_POINT('',(4.06603607342,69.949140604061,
    -59.28632076565));
#2368 = CARTESIAN_POINT('',(5.235151004837,61.935688641197,
    -80.18854296748));
#2369 = CARTESIAN_POINT('',(6.206624739434,55.234515328162,
    -97.55720306934));
#2370 = CARTESIAN_POINT('',(7.031554569511,49.501520703486,
    -112.3058527921));
#2371 = CARTESIAN_POINT('',(7.741451004438,44.523606485727,
    -124.9978581924));
#2372 = CARTESIAN_POINT('',(8.359037640406,40.146191740339,
    -136.0394869896));
#2373 = CARTESIAN_POINT('',(8.90197264369,36.248148285777,
    -145.7464437436));
#2374 = CARTESIAN_POINT('',(9.381941968923,32.747708481743,
    -154.3276578026));
#2375 = CARTESIAN_POINT('',(9.809143814122,29.572136334488,
    -161.9654594023));
#2376 = CARTESIAN_POINT('',(10.190768906272,26.667477632986,
    -168.7884091907));
#2377 = CARTESIAN_POINT('',(10.699206180832,22.680526798598,
    -177.8785923737));
#2378 = CARTESIAN_POINT('',(10.856229157397,21.428302299837,
    -180.685954643));
#2379 = CARTESIAN_POINT('',(11.00429579946,20.225288224149,
    -183.3331895469));
#2380 = CARTESIAN_POINT('',(11.143997729585,19.066495776378,
    -185.8308745108));
#2381 = CARTESIAN_POINT('',(11.275838963526,17.947376848142,
    -188.1880206677));
#2382 = CARTESIAN_POINT('',(11.400246778514,16.863721889219,
    -190.4122671658));
#2383 = CARTESIAN_POINT('',(11.517577962624,15.811578946094,
    -192.5099929035));
#2384 = CARTESIAN_POINT('',(11.628121085461,14.787188634508,
    -194.4863571205));
#2385 = CARTESIAN_POINT('',(11.732095290487,13.786930361271,
    -196.3452778122));
#2386 = CARTESIAN_POINT('',(11.829645979525,12.807275459442,
    -198.0893545692));
#2387 = CARTESIAN_POINT('',(11.920837617492,11.844743078553,
    -199.7197399389));
#2388 = CARTESIAN_POINT('',(12.0889482018,9.963767865203,-202.7253339086
    ));
#2389 = CARTESIAN_POINT('',(12.166143625232,9.04437642181,
    -204.1054855517));
#2390 = CARTESIAN_POINT('',(12.237166437645,8.133529507552,
    -205.3752791078));
#2391 = CARTESIAN_POINT('',(12.302226238246,7.230027744003,
    -206.538461933));
#2392 = CARTESIAN_POINT('',(12.360219688847,6.321238617956,
    -207.5753078047));
#2393 = CARTESIAN_POINT('',(12.412789127992,5.425858066228,
    -208.5151795566));
#2394 = CARTESIAN_POINT('',(12.456280515569,4.495808844178,
    -209.2927478023));
#2395 = CARTESIAN_POINT('',(12.493772595689,3.599338586857,
    -209.9630563999));
#2396 = CARTESIAN_POINT('',(12.521191844609,2.645873736488,
    -210.4532761531));
#2397 = CARTESIAN_POINT('',(12.538011928107,1.736497196474,
    -210.7539969064));
#2398 = CARTESIAN_POINT('',(12.546432503608,0.867139515563,
    -210.9045456125));
#2399 = CARTESIAN_POINT('',(12.546432503608,-7.105427357601E-15,
    -210.9045456125));
#2400 = CARTESIAN_POINT('',(-0.128613486007,97.966576450213,
    15.708442174273));
#2401 = CARTESIAN_POINT('',(-5.625583248147E-02,97.475921927157,
    14.414783433216));
#2402 = CARTESIAN_POINT('',(1.610163906592E-02,96.985268637973,
    13.121127945674));
#2403 = CARTESIAN_POINT('',(8.845892863491E-02,96.494616582663,
    11.827475711649));
#2404 = CARTESIAN_POINT('',(0.160816036226,96.003965761225,
    10.533826731139));
#2405 = CARTESIAN_POINT('',(0.233172961838,95.513316173661,
    9.240181004145));
#2406 = CARTESIAN_POINT('',(0.305529705472,95.022667819969,
    7.946538530666));
#2407 = CARTESIAN_POINT('',(0.377886267127,94.53202070015,6.652899310704
    ));
#2408 = CARTESIAN_POINT('',(0.450242646804,94.041374814204,
    5.359263344257));
#2409 = CARTESIAN_POINT('',(0.522598844503,93.550730162131,
    4.065630631326));
#2410 = CARTESIAN_POINT('',(0.594954860223,93.060086743931,
    2.772001171911));
#2411 = CARTESIAN_POINT('',(0.667310693965,92.569444559603,
    1.478374966012));
#2412 = CARTESIAN_POINT('',(0.739774492129,92.078070272476,
    0.182818499617));
#2413 = CARTESIAN_POINT('',(0.739882637072,92.077336945535,
    0.180885011658));
#2414 = CARTESIAN_POINT('',(0.739990780565,92.076603628324,
    0.178951549678));
#2415 = CARTESIAN_POINT('',(0.740098922588,92.07587032082,0.177018113864
    ));
#2416 = CARTESIAN_POINT('',(0.740207063179,92.075137023128,
    0.175084703842));
#2417 = CARTESIAN_POINT('',(0.740315202279,92.074403735,0.173151320208)
  );
#2418 = CARTESIAN_POINT('',(0.740423339963,92.073670456823,
    0.171217962186));
#2419 = CARTESIAN_POINT('',(0.740531476154,92.072937188159,
    0.169284630598));
#2420 = CARTESIAN_POINT('',(0.740639610917,92.072203929381,
    0.167351324736));
#2421 = CARTESIAN_POINT('',(0.740747744207,92.071470680245,
    0.165418045083));
#2422 = CARTESIAN_POINT('',(0.740855876049,92.070737440871,
    0.163484791387));
#2423 = CARTESIAN_POINT('',(2.636158901764,79.2187310925,-33.72201604239
    ));
#2424 = CARTESIAN_POINT('',(4.084122216292,69.355720946457,
    -59.60967697891));
#2425 = CARTESIAN_POINT('',(5.257143686689,61.324938153738,
    -80.5817429092));
#2426 = CARTESIAN_POINT('',(6.22953767627,54.626961331489,
    -97.96685594793));
#2427 = CARTESIAN_POINT('',(7.053668439844,48.909299547567,
    -112.7012194229));
#2428 = CARTESIAN_POINT('',(7.761467865534,43.95616960242,
    -125.3557330832));
#2429 = CARTESIAN_POINT('',(8.375939956917,39.611300765435,
    -136.3416779598));
#2430 = CARTESIAN_POINT('',(8.915094994486,35.751471051052,
    -145.9810539473));
#2431 = CARTESIAN_POINT('',(9.390601099373,32.295409535157,
    -154.4824715544));
#2432 = CARTESIAN_POINT('',(9.812877766043,29.169435369318,
    -162.0322175034));
#2433 = CARTESIAN_POINT('',(10.189191512829,26.319887705157,
    -168.760207491));
#2434 = CARTESIAN_POINT('',(10.69360248483,22.390508590095,
    -177.7784057318));
#2435 = CARTESIAN_POINT('',(10.85172721716,21.138216029483,
    -180.6054659309));
#2436 = CARTESIAN_POINT('',(11.000571607234,19.937687479406,
    -183.2666059362));
#2437 = CARTESIAN_POINT('',(11.140761477062,18.783762963284,
    -185.7730146141));
#2438 = CARTESIAN_POINT('',(11.272831662148,17.67175607315,
    -188.134254113));
#2439 = CARTESIAN_POINT('',(11.397237661352,16.597357394792,
    -190.3584681478));
#2440 = CARTESIAN_POINT('',(11.514363832597,15.556544284403,
    -192.4525285273));
#2441 = CARTESIAN_POINT('',(11.624528129395,14.545496990473,
    -194.4221198382));
#2442 = CARTESIAN_POINT('',(11.727983384099,13.560521128367,
    -196.2717623872));
#2443 = CARTESIAN_POINT('',(11.82491513207,12.597976500224,-198.0047733)
  );
#2444 = CARTESIAN_POINT('',(11.915435981554,11.654212266263,
    -199.6231658626));
#2445 = CARTESIAN_POINT('',(12.083717070376,9.796804660356,
    -202.6318082265));
#2446 = CARTESIAN_POINT('',(12.161482548551,8.883213662659,
    -204.0221516912));
#2447 = CARTESIAN_POINT('',(12.232843478781,7.980468941893,
    -205.297990345));
#2448 = CARTESIAN_POINT('',(12.298017641207,7.087644647163,
    -206.4632178074));
#2449 = CARTESIAN_POINT('',(12.356006564054,6.191203370968,
    -207.4999827294));
#2450 = CARTESIAN_POINT('',(12.408351608481,5.311393042283,
    -208.4358426011));
#2451 = CARTESIAN_POINT('',(12.451692602564,4.397892396736,
    -209.2107220116));
#2452 = CARTESIAN_POINT('',(12.488834569845,3.520159447618,
    -209.874771056));
#2453 = CARTESIAN_POINT('',(12.516155291542,2.58756363273,
    -210.3632292737));
#2454 = CARTESIAN_POINT('',(12.532796282214,1.696504784848,
    -210.660748085));
#2455 = CARTESIAN_POINT('',(12.541099357521,0.846945635837,
    -210.8091960437));
#2456 = CARTESIAN_POINT('',(12.541099357521,0.,-210.8091960437));
#2457 = DEFINITIONAL_REPRESENTATION('',(#2458),#2481);
#2458 = B_SPLINE_CURVE_WITH_KNOTS('',6,(#2459,#2460,#2461,#2462,#2463,
    #2464,#2465,#2466,#2467,#2468,#2469,#2470,#2471,#2472,#2473,#2474,
    #2475,#2476,#2477,#2478,#2479,#2480),.UNSPECIFIED.,.F.,.F.,(7,5,5,5,
    7),(0.,0.240999815141,0.480999876808,0.72100002554,1.),
  .UNSPECIFIED.);
#2459 = CARTESIAN_POINT('',(0.,-6.638583370593E-03));
#2460 = CARTESIAN_POINT('',(9.347381687712,-6.270751397386E-03));
#2461 = CARTESIAN_POINT('',(18.694761243186,-5.712487848145E-03));
#2462 = CARTESIAN_POINT('',(28.042138562323,-4.947075655493E-03));
#2463 = CARTESIAN_POINT('',(37.389513628104,-3.961026931965E-03));
#2464 = CARTESIAN_POINT('',(46.736886543311,-2.747848233698E-03));
#2465 = CARTESIAN_POINT('',(65.39285207287,1.213636807406E-04));
#2466 = CARTESIAN_POINT('',(74.701444758371,1.775544841473E-03));
#2467 = CARTESIAN_POINT('',(84.010035556381,3.649628577612E-03));
#2468 = CARTESIAN_POINT('',(93.318624763342,5.732096194137E-03));
#2469 = CARTESIAN_POINT('',(102.62721281821,8.000874373718E-03));
#2470 = CARTESIAN_POINT('',(121.24439075902,1.285372600666E-02));
#2471 = CARTESIAN_POINT('',(130.55298070187,1.543779144269E-02));
#2472 = CARTESIAN_POINT('',(139.86157032559,1.815087836988E-02));
#2473 = CARTESIAN_POINT('',(149.17016020701,2.095751180275E-02));
#2474 = CARTESIAN_POINT('',(158.47875089339,2.38200162793E-02));
#2475 = CARTESIAN_POINT('',(178.60857313334,3.005549177616E-02));
#2476 = CARTESIAN_POINT('',(189.42980515216,3.343581637424E-02));
#2477 = CARTESIAN_POINT('',(200.25103949263,3.678951397156E-02));
#2478 = CARTESIAN_POINT('',(211.07227678434,4.006625385183E-02));
#2479 = CARTESIAN_POINT('',(221.89351731817,4.322928061791E-02));
#2480 = CARTESIAN_POINT('',(232.71476112423,4.625368651686E-02));
#2481 = ( GEOMETRIC_REPRESENTATION_CONTEXT(2) 
PARAMETRIC_REPRESENTATION_CONTEXT() REPRESENTATION_CONTEXT('2D SPACE',''
  ) );
#2482 = ORIENTED_EDGE('',*,*,#2483,.T.);
#2483 = EDGE_CURVE('',#2258,#2484,#2486,.T.);
#2484 = VERTEX_POINT('',#2485);
#2485 = CARTESIAN_POINT('',(12.541099357521,0.,-210.8091960437));
#2486 = SURFACE_CURVE('',#2487,(#2545),.PCURVE_S1.);
#2487 = B_SPLINE_CURVE_WITH_KNOTS('',12,(#2488,#2489,#2490,#2491,#2492,
    #2493,#2494,#2495,#2496,#2497,#2498,#2499,#2500,#2501,#2502,#2503,
    #2504,#2505,#2506,#2507,#2508,#2509,#2510,#2511,#2512,#2513,#2514,
    #2515,#2516,#2517,#2518,#2519,#2520,#2521,#2522,#2523,#2524,#2525,
    #2526,#2527,#2528,#2529,#2530,#2531,#2532,#2533,#2534,#2535,#2536,
    #2537,#2538,#2539,#2540,#2541,#2542,#2543,#2544),.UNSPECIFIED.,.F.,
  .F.,(13,11,11,11,11,13),(-4.448201339065,-6.638583370593E-03,0.,
    116.35406127043,174.53109190564,232.70812254086),.UNSPECIFIED.);
#2488 = CARTESIAN_POINT('',(-0.128613486007,97.966576450213,
    15.708442174273));
#2489 = CARTESIAN_POINT('',(-5.625583248147E-02,97.475921927157,
    14.414783433216));
#2490 = CARTESIAN_POINT('',(1.610163906592E-02,96.985268637973,
    13.121127945674));
#2491 = CARTESIAN_POINT('',(8.845892863491E-02,96.494616582663,
    11.827475711649));
#2492 = CARTESIAN_POINT('',(0.160816036226,96.003965761225,
    10.533826731139));
#2493 = CARTESIAN_POINT('',(0.233172961838,95.513316173661,
    9.240181004145));
#2494 = CARTESIAN_POINT('',(0.305529705472,95.022667819969,
    7.946538530666));
#2495 = CARTESIAN_POINT('',(0.377886267127,94.53202070015,6.652899310704
    ));
#2496 = CARTESIAN_POINT('',(0.450242646804,94.041374814204,
    5.359263344257));
#2497 = CARTESIAN_POINT('',(0.522598844503,93.550730162131,
    4.065630631326));
#2498 = CARTESIAN_POINT('',(0.594954860223,93.060086743931,
    2.772001171911));
#2499 = CARTESIAN_POINT('',(0.667310693965,92.569444559603,
    1.478374966012));
#2500 = CARTESIAN_POINT('',(0.739774492129,92.078070272476,
    0.182818499617));
#2501 = CARTESIAN_POINT('',(0.739882637072,92.077336945535,
    0.180885011658));
#2502 = CARTESIAN_POINT('',(0.739990780565,92.076603628324,
    0.178951549678));
#2503 = CARTESIAN_POINT('',(0.740098922588,92.07587032082,0.177018113864
    ));
#2504 = CARTESIAN_POINT('',(0.740207063179,92.075137023128,
    0.175084703842));
#2505 = CARTESIAN_POINT('',(0.740315202279,92.074403735,0.173151320208)
  );
#2506 = CARTESIAN_POINT('',(0.740423339963,92.073670456823,
    0.171217962186));
#2507 = CARTESIAN_POINT('',(0.740531476154,92.072937188159,
    0.169284630598));
#2508 = CARTESIAN_POINT('',(0.740639610917,92.072203929381,
    0.167351324736));
#2509 = CARTESIAN_POINT('',(0.740747744207,92.071470680245,
    0.165418045083));
#2510 = CARTESIAN_POINT('',(0.740855876049,92.070737440871,
    0.163484791387));
#2511 = CARTESIAN_POINT('',(2.636158901764,79.2187310925,-33.72201604239
    ));
#2512 = CARTESIAN_POINT('',(4.084122216292,69.355720946457,
    -59.60967697891));
#2513 = CARTESIAN_POINT('',(5.257143686689,61.324938153738,
    -80.5817429092));
#2514 = CARTESIAN_POINT('',(6.22953767627,54.626961331489,
    -97.96685594793));
#2515 = CARTESIAN_POINT('',(7.053668439844,48.909299547567,
    -112.7012194229));
#2516 = CARTESIAN_POINT('',(7.761467865534,43.95616960242,
    -125.3557330832));
#2517 = CARTESIAN_POINT('',(8.375939956917,39.611300765435,
    -136.3416779598));
#2518 = CARTESIAN_POINT('',(8.915094994486,35.751471051052,
    -145.9810539473));
#2519 = CARTESIAN_POINT('',(9.390601099373,32.295409535157,
    -154.4824715544));
#2520 = CARTESIAN_POINT('',(9.812877766043,29.169435369318,
    -162.0322175034));
#2521 = CARTESIAN_POINT('',(10.189191512829,26.319887705157,
    -168.760207491));
#2522 = CARTESIAN_POINT('',(10.69360248483,22.390508590095,
    -177.7784057318));
#2523 = CARTESIAN_POINT('',(10.85172721716,21.138216029483,
    -180.6054659309));
#2524 = CARTESIAN_POINT('',(11.000571607234,19.937687479406,
    -183.2666059362));
#2525 = CARTESIAN_POINT('',(11.140761477062,18.783762963284,
    -185.7730146141));
#2526 = CARTESIAN_POINT('',(11.272831662148,17.67175607315,
    -188.134254113));
#2527 = CARTESIAN_POINT('',(11.397237661352,16.597357394792,
    -190.3584681478));
#2528 = CARTESIAN_POINT('',(11.514363832597,15.556544284403,
    -192.4525285273));
#2529 = CARTESIAN_POINT('',(11.624528129395,14.545496990473,
    -194.4221198382));
#2530 = CARTESIAN_POINT('',(11.727983384099,13.560521128367,
    -196.2717623872));
#2531 = CARTESIAN_POINT('',(11.82491513207,12.597976500224,-198.0047733)
  );
#2532 = CARTESIAN_POINT('',(11.915435981554,11.654212266263,
    -199.6231658626));
#2533 = CARTESIAN_POINT('',(12.083717070376,9.796804660356,
    -202.6318082265));
#2534 = CARTESIAN_POINT('',(12.161482548551,8.883213662659,
    -204.0221516912));
#2535 = CARTESIAN_POINT('',(12.232843478781,7.980468941893,
    -205.297990345));
#2536 = CARTESIAN_POINT('',(12.298017641207,7.087644647163,
    -206.4632178074));
#2537 = CARTESIAN_POINT('',(12.356006564054,6.191203370968,
    -207.4999827294));
#2538 = CARTESIAN_POINT('',(12.408351608481,5.311393042283,
    -208.4358426011));
#2539 = CARTESIAN_POINT('',(12.451692602564,4.397892396736,
    -209.2107220116));
#2540 = CARTESIAN_POINT('',(12.488834569845,3.520159447618,
    -209.874771056));
#2541 = CARTESIAN_POINT('',(12.516155291542,2.58756363273,
    -210.3632292737));
#2542 = CARTESIAN_POINT('',(12.532796282214,1.696504784848,
    -210.660748085));
#2543 = CARTESIAN_POINT('',(12.541099357521,0.846945635837,
    -210.8091960437));
#2544 = CARTESIAN_POINT('',(12.541099357521,0.,-210.8091960437));
#2545 = PCURVE('',#2285,#2546);
#2546 = DEFINITIONAL_REPRESENTATION('',(#2547),#2551);
#2547 = LINE('',#2548,#2549);
#2548 = CARTESIAN_POINT('',(232.71476112423,0.));
#2549 = VECTOR('',#2550,1.);
#2550 = DIRECTION('',(0.,1.));
#2551 = ( GEOMETRIC_REPRESENTATION_CONTEXT(2) 
PARAMETRIC_REPRESENTATION_CONTEXT() REPRESENTATION_CONTEXT('2D SPACE',''
  ) );
#2552 = ORIENTED_EDGE('',*,*,#2553,.F.);
#2553 = EDGE_CURVE('',#2554,#2484,#2556,.T.);
#2554 = VERTEX_POINT('',#2555);
#2555 = CARTESIAN_POINT('',(12.512580069792,0.,-210.9938428433));
#2556 = SURFACE_CURVE('',#2557,(#2561),.PCURVE_S1.);
#2557 = ( BOUNDED_CURVE() B_SPLINE_CURVE(2,(#2558,#2559,#2560),
.UNSPECIFIED.,.F.,.F.) B_SPLINE_CURVE_WITH_KNOTS((3,3),(0.,
232.71476112423),.PIECEWISE_BEZIER_KNOTS.) CURVE() 
GEOMETRIC_REPRESENTATION_ITEM() RATIONAL_B_SPLINE_CURVE((1.,
0.978214681199,1.)) REPRESENTATION_ITEM('') );
#2558 = CARTESIAN_POINT('',(12.512580069792,0.,-210.9938428433));
#2559 = CARTESIAN_POINT('',(12.546432503608,-7.105427357601E-15,
    -210.9045456125));
#2560 = CARTESIAN_POINT('',(12.541099357521,0.,-210.8091960437));
#2561 = PCURVE('',#2285,#2562);
#2562 = DEFINITIONAL_REPRESENTATION('',(#2563),#2566);
#2563 = B_SPLINE_CURVE_WITH_KNOTS('',1,(#2564,#2565),.UNSPECIFIED.,.F.,
  .F.,(2,2),(0.,232.71476112423),.PIECEWISE_BEZIER_KNOTS.);
#2564 = CARTESIAN_POINT('',(0.,232.70812254086));
#2565 = CARTESIAN_POINT('',(232.71476112423,232.70812254086));
#2566 = ( GEOMETRIC_REPRESENTATION_CONTEXT(2) 
PARAMETRIC_REPRESENTATION_CONTEXT() REPRESENTATION_CONTEXT('2D SPACE',''
  ) );
#2567 = ORIENTED_EDGE('',*,*,#2568,.F.);
#2568 = EDGE_CURVE('',#2256,#2554,#2569,.T.);
#2569 = SURFACE_CURVE('',#2570,(#2628),.PCURVE_S1.);
#2570 = B_SPLINE_CURVE_WITH_KNOTS('',12,(#2571,#2572,#2573,#2574,#2575,
    #2576,#2577,#2578,#2579,#2580,#2581,#2582,#2583,#2584,#2585,#2586,
    #2587,#2588,#2589,#2590,#2591,#2592,#2593,#2594,#2595,#2596,#2597,
    #2598,#2599,#2600,#2601,#2602,#2603,#2604,#2605,#2606,#2607,#2608,
    #2609,#2610,#2611,#2612,#2613,#2614,#2615,#2616,#2617,#2618,#2619,
    #2620,#2621,#2622,#2623,#2624,#2625,#2626,#2627),.UNSPECIFIED.,.F.,
  .F.,(13,11,11,11,11,13),(-4.448201339065,-6.638583370593E-03,0.,
    116.35406127043,174.53109190564,232.70812254086),.UNSPECIFIED.);
#2571 = CARTESIAN_POINT('',(-0.580619664536,98.387249021508,
    15.523487821335));
#2572 = CARTESIAN_POINT('',(-0.507926240673,97.896606608209,
    14.229863836224));
#2573 = CARTESIAN_POINT('',(-0.43523281681,97.405964194797,
    12.936239851113));
#2574 = CARTESIAN_POINT('',(-0.362539392947,96.915321781271,
    11.642615866002));
#2575 = CARTESIAN_POINT('',(-0.289845969084,96.424679367632,
    10.34899188089));
#2576 = CARTESIAN_POINT('',(-0.217152545222,95.934036953879,
    9.055367895779));
#2577 = CARTESIAN_POINT('',(-0.144459121361,95.443394540012,
    7.761743910668));
#2578 = CARTESIAN_POINT('',(-7.176569749942E-02,94.952752126032,
    6.468119925556));
#2579 = CARTESIAN_POINT('',(9.277263615547E-04,94.462109711938,
    5.174495940445));
#2580 = CARTESIAN_POINT('',(7.362115022218E-02,93.971467297731,
    3.880871955334));
#2581 = CARTESIAN_POINT('',(0.146314574082,93.48082488341,2.587247970223
    ));
#2582 = CARTESIAN_POINT('',(0.219007997942,92.990182468975,
    1.293623985111));
#2583 = CARTESIAN_POINT('',(0.291810073054,92.498806715565,
    -1.933515554711E-03));
#2584 = CARTESIAN_POINT('',(0.29191872285,92.498073386454,
    -3.867005068159E-03));
#2585 = CARTESIAN_POINT('',(0.292027371198,92.49734006701,
    -5.800468569433E-03));
#2586 = CARTESIAN_POINT('',(0.292136018079,92.496606757415,
    -7.733905973509E-03));
#2587 = CARTESIAN_POINT('',(0.292244663527,92.495873457378,
    -9.667317477184E-03));
#2588 = CARTESIAN_POINT('',(0.29235330749,92.495140167262,
    -1.160070272548E-02));
#2589 = CARTESIAN_POINT('',(0.292461950036,92.494406886692,
    -1.35340622347E-02));
#2590 = CARTESIAN_POINT('',(0.292570591093,92.493673616001,
    -1.546739540617E-02));
#2591 = CARTESIAN_POINT('',(0.292679230722,92.49294035493,
    -1.740070279344E-02));
#2592 = CARTESIAN_POINT('',(0.292787868882,92.49220710365,
    -1.933398399953E-02));
#2593 = CARTESIAN_POINT('',(0.292896505594,92.49147386207,
    -2.126723923905E-02));
#2594 = CARTESIAN_POINT('',(2.197048913643,79.639429076437,
    -33.90679516017));
#2595 = CARTESIAN_POINT('',(3.654466611825,69.776173622643,
    -59.79448822335));
#2596 = CARTESIAN_POINT('',(4.837608277474,61.744892351852,
    -80.7665918269));
#2597 = CARTESIAN_POINT('',(5.82085602824,55.046106218892,
    -98.15174929063));
#2598 = CARTESIAN_POINT('',(6.656650021739,49.327252928226,
    -112.8861636654));
#2599 = CARTESIAN_POINT('',(7.37700724689,44.372458198265,
    -125.5407372805));
#2600 = CARTESIAN_POINT('',(8.005026238375,40.025335793336,
    -136.5267538501));
#2601 = CARTESIAN_POINT('',(8.558821441691,36.162513573999,
    -146.1662205229));
#2602 = CARTESIAN_POINT('',(9.050173915285,32.702517901268,
    -154.6677765799));
#2603 = CARTESIAN_POINT('',(9.489620558303,29.571393084603,
    -162.2177623687));
#2604 = CARTESIAN_POINT('',(9.884536816372,26.715116564805,
    -168.9461286172));
#2605 = CARTESIAN_POINT('',(10.419092146847,22.772573439744,
    -177.9650789656));
#2606 = CARTESIAN_POINT('',(10.587638121619,21.515382001775,
    -180.7924216416));
#2607 = CARTESIAN_POINT('',(10.747285371821,20.309382716704,
    -183.4538732034));
#2608 = CARTESIAN_POINT('',(10.898663973446,19.14935122169,
    -185.9606185139));
#2609 = CARTESIAN_POINT('',(11.042308736024,18.030529971162,
    -188.3222120144));
#2610 = CARTESIAN_POINT('',(11.178669688539,16.948529622257,
    -190.5467842567));
#2611 = CARTESIAN_POINT('',(11.30811798646,15.899238080233,
    -192.641187314));
#2612 = CARTESIAN_POINT('',(11.430947234806,14.87873719833,
    -194.611078994));
#2613 = CARTESIAN_POINT('',(11.547370233262,13.883227138646,
    -196.4609459434));
#2614 = CARTESIAN_POINT('',(11.657511137389,12.908958387542,
    -198.194065557));
#2615 = CARTESIAN_POINT('',(11.761393040869,11.952171430921,
    -199.8124067619));
#2616 = CARTESIAN_POINT('',(11.95644890985,10.065916740504,
    -202.8205324965));
#2617 = CARTESIAN_POINT('',(12.047628157103,9.136481502654,
    -204.210408546));
#2618 = CARTESIAN_POINT('',(12.132299791022,8.216580591568,
    -205.4855511149));
#2619 = CARTESIAN_POINT('',(12.210532337131,7.30420974207,
    -206.6497341012));
#2620 = CARTESIAN_POINT('',(12.281077800532,6.388829491307,
    -207.6851638872));
#2621 = CARTESIAN_POINT('',(12.345290937889,5.483934136593,
    -208.6196936299));
#2622 = CARTESIAN_POINT('',(12.399378926896,4.550364922649,
    -209.3916752759));
#2623 = CARTESIAN_POINT('',(12.445810310346,3.643811228327,
    -210.0559193544));
#2624 = CARTESIAN_POINT('',(12.480550668271,2.686720487037,
    -210.5399211728));
#2625 = CARTESIAN_POINT('',(12.501926105852,1.768940998607,
    -210.8414119625));
#2626 = CARTESIAN_POINT('',(12.512580069791,0.885592842898,
    -210.9938428433));
#2627 = CARTESIAN_POINT('',(12.512580069792,0.,-210.9938428433));
#2628 = PCURVE('',#2285,#2629);
#2629 = DEFINITIONAL_REPRESENTATION('',(#2630),#2634);
#2630 = LINE('',#2631,#2632);
#2631 = CARTESIAN_POINT('',(0.,0.));
#2632 = VECTOR('',#2633,1.);
#2633 = DIRECTION('',(0.,1.));
#2634 = ( GEOMETRIC_REPRESENTATION_CONTEXT(2) 
PARAMETRIC_REPRESENTATION_CONTEXT() REPRESENTATION_CONTEXT('2D SPACE',''
  ) );
#2635 = ( GEOMETRIC_REPRESENTATION_CONTEXT(3) 
GLOBAL_UNCERTAINTY_ASSIGNED_CONTEXT((#2639)) 
GLOBAL_UNIT_ASSIGNED_CONTEXT((#2636,#2637,#2638)) REPRESENTATION_CONTEXT
('Context #1','3D Context with UNIT and UNCERTAINTY') );
#2636 = ( LENGTH_UNIT() NAMED_UNIT(*) SI_UNIT(.MILLI.,.METRE.) );
#2637 = ( NAMED_UNIT(*) PLANE_ANGLE_UNIT() SI_UNIT($,.RADIAN.) );
#2638 = ( NAMED_UNIT(*) SI_UNIT($,.STERADIAN.) SOLID_ANGLE_UNIT() );
#2639 = UNCERTAINTY_MEASURE_WITH_UNIT(LENGTH_MEASURE(5.E-05),#2636,
  'distance_accuracy_value','confusion accuracy');
#2640 = CONTEXT_DEPENDENT_SHAPE_REPRESENTATION(#2641,#2643);
#2641 = ( REPRESENTATION_RELATIONSHIP('','',#2248,#10) 
REPRESENTATION_RELATIONSHIP_WITH_TRANSFORMATION(#2642) 
SHAPE_REPRESENTATION_RELATIONSHIP() );
#2642 = ITEM_DEFINED_TRANSFORMATION('','',#11,#51);
#2643 = PRODUCT_DEFINITION_SHAPE('Placement','Placement of an item',
  #2644);
#2644 = NEXT_ASSEMBLY_USAGE_OCCURRENCE('10','','',#5,#2243,$);
#2645 = PRODUCT_RELATED_PRODUCT_CATEGORY('part',$,(#2245));
#2646 = SHAPE_DEFINITION_REPRESENTATION(#2647,#2653);
#2647 = PRODUCT_DEFINITION_SHAPE('','',#2648);
#2648 = PRODUCT_DEFINITION('design','',#2649,#2652);
#2649 = PRODUCT_DEFINITION_FORMATION('','',#2650);
#2650 = PRODUCT('Open CASCADE STEP translator 7.8 1.11',
  'Open CASCADE STEP translator 7.8 1.11','',(#2651));
#2651 = PRODUCT_CONTEXT('',#2,'mechanical');
#2652 = PRODUCT_DEFINITION_CONTEXT('part definition',#2,'design');
#2653 = MANIFOLD_SURFACE_SHAPE_REPRESENTATION('',(#11,#2654),#3344);
#2654 = SHELL_BASED_SURFACE_MODEL('',(#2655));
#2655 = OPEN_SHELL('',(#2656));
#2656 = ADVANCED_FACE('',(#2657),#2690,.T.);
#2657 = FACE_BOUND('',#2658,.T.);
#2658 = EDGE_LOOP('',(#2659,#3046,#3169,#3223));
#2659 = ORIENTED_EDGE('',*,*,#2660,.T.);
#2660 = EDGE_CURVE('',#2661,#2663,#2665,.T.);
#2661 = VERTEX_POINT('',#2662);
#2662 = CARTESIAN_POINT('',(-0.291701421802,-92.49954005442,0.));
#2663 = VERTEX_POINT('',#2664);
#2664 = CARTESIAN_POINT('',(-0.75,-92.00873088311,0.));
#2665 = SURFACE_CURVE('',#2666,(#2689),.PCURVE_S1.);
#2666 = B_SPLINE_CURVE_WITH_KNOTS('',6,(#2667,#2668,#2669,#2670,#2671,
    #2672,#2673,#2674,#2675,#2676,#2677,#2678,#2679,#2680,#2681,#2682,
    #2683,#2684,#2685,#2686,#2687,#2688),.UNSPECIFIED.,.F.,.F.,(7,5,5,5,
    7),(0.,0.240999954919,0.480999970619,0.721000007184,1.),
  .UNSPECIFIED.);
#2667 = CARTESIAN_POINT('',(-0.291701421802,-92.49954005442,0.));
#2668 = CARTESIAN_POINT('',(-0.317514777898,-92.49945865086,0.));
#2669 = CARTESIAN_POINT('',(-0.344101915363,-92.4974798554,0.));
#2670 = CARTESIAN_POINT('',(-0.371277479445,-92.49339985284,0.));
#2671 = CARTESIAN_POINT('',(-0.398794011704,-92.4870398583,0.));
#2672 = CARTESIAN_POINT('',(-0.426339139845,-92.47828552266,0.));
#2673 = CARTESIAN_POINT('',(-0.480697590601,-92.45599306847,0.));
#2674 = CARTESIAN_POINT('',(-0.507513408155,-92.44247487663,0.));
#2675 = CARTESIAN_POINT('',(-0.53368898272,-92.4265408048,0.));
#2676 = CARTESIAN_POINT('',(-0.558863643599,-92.40825978795,0.));
#2677 = CARTESIAN_POINT('',(-0.582694977787,-92.38781493972,0.));
#2678 = CARTESIAN_POINT('',(-0.627117101791,-92.34312207139,0.));
#2679 = CARTESIAN_POINT('',(-0.647707805058,-92.31887412457,0.));
#2680 = CARTESIAN_POINT('',(-0.666400821578,-92.29298637461,0.));
#2681 = CARTESIAN_POINT('',(-0.682981448532,-92.26580207748,0.));
#2682 = CARTESIAN_POINT('',(-0.697339062958,-92.23770284454,0.));
#2683 = CARTESIAN_POINT('',(-0.723535033527,-92.17575017705,0.));
#2684 = CARTESIAN_POINT('',(-0.734585019582,-92.14170380062,0.));
#2685 = CARTESIAN_POINT('',(-0.742568982221,-92.1074900192,0.));
#2686 = CARTESIAN_POINT('',(-0.747621786986,-92.073659666,0.));
#2687 = CARTESIAN_POINT('',(-0.75,-92.04063795531,0.));
#2688 = CARTESIAN_POINT('',(-0.75,-92.00873088312,0.));
#2689 = PCURVE('',#2690,#3021);
#2690 = ( BOUNDED_SURFACE() B_SPLINE_SURFACE(2,13,(
    (#2691,#2692,#2693,#2694,#2695,#2696,#2697,#2698,#2699,#2700,#2701
      ,#2702,#2703,#2704,#2705,#2706,#2707,#2708,#2709,#2710,#2711,#2712
      ,#2713,#2714,#2715,#2716,#2717,#2718,#2719,#2720,#2721,#2722,#2723
      ,#2724,#2725,#2726,#2727,#2728,#2729,#2730,#2731,#2732,#2733,#2734
      ,#2735,#2736,#2737,#2738,#2739,#2740,#2741,#2742,#2743,#2744,#2745
      ,#2746,#2747,#2748,#2749,#2750,#2751,#2752,#2753,#2754,#2755,#2756
      ,#2757,#2758,#2759,#2760,#2761,#2762,#2763,#2764,#2765,#2766,#2767
      ,#2768,#2769,#2770,#2771,#2772,#2773,#2774,#2775,#2776,#2777,#2778
      ,#2779,#2780,#2781,#2782,#2783,#2784,#2785,#2786,#2787,#2788,#2789
      ,#2790,#2791,#2792,#2793,#2794,#2795,#2796,#2797,#2798,#2799,#2800
      )
    ,(#2801,#2802,#2803,#2804,#2805,#2806,#2807,#2808,#2809,#2810,#2811
      ,#2812,#2813,#2814,#2815,#2816,#2817,#2818,#2819,#2820,#2821,#2822
      ,#2823,#2824,#2825,#2826,#2827,#2828,#2829,#2830,#2831,#2832,#2833
      ,#2834,#2835,#2836,#2837,#2838,#2839,#2840,#2841,#2842,#2843,#2844
      ,#2845,#2846,#2847,#2848,#2849,#2850,#2851,#2852,#2853,#2854,#2855
      ,#2856,#2857,#2858,#2859,#2860,#2861,#2862,#2863,#2864,#2865,#2866
      ,#2867,#2868,#2869,#2870,#2871,#2872,#2873,#2874,#2875,#2876,#2877
      ,#2878,#2879,#2880,#2881,#2882,#2883,#2884,#2885,#2886,#2887,#2888
      ,#2889,#2890,#2891,#2892,#2893,#2894,#2895,#2896,#2897,#2898,#2899
      ,#2900,#2901,#2902,#2903,#2904,#2905,#2906,#2907,#2908,#2909,#2910
      )
    ,(#2911,#2912,#2913,#2914,#2915,#2916,#2917,#2918,#2919,#2920,#2921
      ,#2922,#2923,#2924,#2925,#2926,#2927,#2928,#2929,#2930,#2931,#2932
      ,#2933,#2934,#2935,#2936,#2937,#2938,#2939,#2940,#2941,#2942,#2943
      ,#2944,#2945,#2946,#2947,#2948,#2949,#2950,#2951,#2952,#2953,#2954
      ,#2955,#2956,#2957,#2958,#2959,#2960,#2961,#2962,#2963,#2964,#2965
      ,#2966,#2967,#2968,#2969,#2970,#2971,#2972,#2973,#2974,#2975,#2976
      ,#2977,#2978,#2979,#2980,#2981,#2982,#2983,#2984,#2985,#2986,#2987
      ,#2988,#2989,#2990,#2991,#2992,#2993,#2994,#2995,#2996,#2997,#2998
      ,#2999,#3000,#3001,#3002,#3003,#3004,#3005,#3006,#3007,#3008,#3009
      ,#3010,#3011,#3012,#3013,#3014,#3015,#3016,#3017,#3018,#3019,#3020
)),.UNSPECIFIED.,.F.,.F.,.F.) B_SPLINE_SURFACE_WITH_KNOTS((3,3),(14,12,
    12,12,12,12,12,12,12,14),(0.,465.7131581619),(-2.141696806265,
    -3.445805024885E-03,0.,64.295686696627,128.59137339325,
    337.1148931586,401.41057985523,465.70626655185,465.70971235688,
467.84796334184),.UNSPECIFIED.) GEOMETRIC_REPRESENTATION_ITEM() 
RATIONAL_B_SPLINE_SURFACE((
    (1.,1.,1.,1.,1.,1.,1.,1.,1.,1.,1.,1.,1.,1.,1.,1.,1.,1.,1.,1.,1.,1.
      ,1.,1.,1.,1.,1.,1.,1.,1.,1.,1.,1.,1.,1.,1.,1.,1.,1.,1.,1.,1.,1.,1.
      ,1.,1.,1.,1.,1.,1.,1.,1.,1.,1.,1.,1.,1.,1.,1.,1.,1.,1.,1.,1.,1.,1.
      ,1.,1.,1.,1.,1.,1.,1.,1.,1.,1.,1.,1.,1.,1.,1.,1.,1.,1.,1.,1.,1.,1.
      ,1.,1.,1.,1.,1.,1.,1.,1.,1.,1.,1.,1.,1.,1.,1.,1.,1.,1.,1.,1.,1.,1.
      )
    ,(0.701123405427,0.700894658255,0.700704035612,0.700551537497
      ,0.700437163911,0.700360914853,0.700322790325,0.700322790325
      ,0.700360914853,0.700437163911,0.700551537497,0.700704035612
      ,0.700894658255,0.701123774055,0.701124142682,0.701124511311
      ,0.701124879937,0.70112524857,0.701125617192,0.701125985829
      ,0.701126354451,0.701126723086,0.701127091713,0.701127460344
      ,0.701127828974,0.708006520284,0.714977243288,0.722037769424
      ,0.729184945505,0.736415002044,0.74372348908,0.75110520786
      ,0.758554140165,0.766063375234,0.773625037513,0.781230216652
      ,0.788868904358,0.804190979545,0.811874366926,0.819568945854
      ,0.827262406706,0.83494123778,0.8425906837,0.850194718355
      ,0.857736040297,0.865196094566,0.872555128772,0.879792286966
      ,0.886885747903,0.916279061876,0.936992823183,0.955213963234
      ,0.969947254567,0.980687021955,0.986030958146,0.986030958136
      ,0.980687021963,0.969947254561,0.955213963237,0.936992823182
      ,0.916279061877,0.886885747903,0.879792286967,0.872555128768
      ,0.865196094575,0.857736040282,0.850194718374,0.842590683679
      ,0.834941237798,0.827262406694,0.81956894586,0.811874366924
      ,0.804190979545,0.788868904358,0.781230216653,0.773625037509
      ,0.766063375241,0.758554140153,0.751105207876,0.743723489063
      ,0.736415002058,0.729184945496,0.722037769429,0.714977243286
      ,0.708006520284,0.701127828974,0.701127460344,0.701127091714
      ,0.701126723084,0.701126354454,0.701125985825,0.701125617196
      ,0.701125248567,0.701124879938,0.70112451131,0.701124142682
      ,0.701123774055,0.700894658301,0.700704035696,0.700551537611
      ,0.700437164048,0.700360915006,0.700322790485,0.700322790485
      ,0.700360915006,0.700437164048,0.700551537611,0.700704035696
      ,0.700894658301,0.701123405427)
    ,(1.,1.,1.,1.,1.,1.,1.,1.,1.,1.,1.,1.,1.,1.,1.,1.,1.,1.,1.,1.,1.,1.
      ,1.,1.,1.,1.,1.,1.,1.,1.,1.,1.,1.,1.,1.,1.,1.,1.,1.,1.,1.,1.,1.,1.
      ,1.,1.,1.,1.,1.,1.,1.,1.,1.,1.,1.,1.,1.,1.,1.,1.,1.,1.,1.,1.,1.,1.
      ,1.,1.,1.,1.,1.,1.,1.,1.,1.,1.,1.,1.,1.,1.,1.,1.,1.,1.,1.,1.,1.,1.
      ,1.,1.,1.,1.,1.,1.,1.,1.,1.,1.,1.,1.,1.,1.,1.,1.,1.,1.,1.,1.,1.,1.
))) REPRESENTATION_ITEM('') SURFACE() );
#2691 = CARTESIAN_POINT('',(0.517375706021,-97.96038554642,
    14.39802289611));
#2692 = CARTESIAN_POINT('',(0.455139003897,-97.54032050334,
    13.290482673333));
#2693 = CARTESIAN_POINT('',(0.392902301771,-97.12025546113,
    12.182942450555));
#2694 = CARTESIAN_POINT('',(0.330665599642,-96.70019041979,
    11.075402227778));
#2695 = CARTESIAN_POINT('',(0.26842889751,-96.28012537933,9.967862005));
#2696 = CARTESIAN_POINT('',(0.206192195375,-95.86006033973,
    8.860321782222));
#2697 = CARTESIAN_POINT('',(0.143955493237,-95.43999530102,
    7.752781559444));
#2698 = CARTESIAN_POINT('',(8.171879109726E-02,-95.01993026317,
    6.645241336667));
#2699 = CARTESIAN_POINT('',(1.948208895428E-02,-94.5998652262,
    5.537701113889));
#2700 = CARTESIAN_POINT('',(-4.275461319146E-02,-94.1798001901,
    4.430160891111));
#2701 = CARTESIAN_POINT('',(-0.10499131534,-93.75973515487,
    3.322620668333));
#2702 = CARTESIAN_POINT('',(-0.167228017491,-93.33967012051,
    2.215080445556));
#2703 = CARTESIAN_POINT('',(-0.229464719645,-92.91960508703,
    1.107540222778));
#2704 = CARTESIAN_POINT('',(-0.291801716642,-92.49886311696,
    -1.784808080373E-03));
#2705 = CARTESIAN_POINT('',(-0.291902010026,-92.49818618921,
    -3.569590119538E-03));
#2706 = CARTESIAN_POINT('',(-0.292002301934,-92.4975092715,
    -5.354345796127E-03));
#2707 = CARTESIAN_POINT('',(-0.292102592419,-92.49683236293,
    -7.139075947035E-03));
#2708 = CARTESIAN_POINT('',(-0.292202881379,-92.49615546538,
    -8.923778916488E-03));
#2709 = CARTESIAN_POINT('',(-0.292303168971,-92.49547857568,
    -1.070845733341E-02));
#2710 = CARTESIAN_POINT('',(-0.292403454998,-92.49480169821,
    -1.249310777839E-02));
#2711 = CARTESIAN_POINT('',(-0.292503739663,-92.49412482798,
    -1.427773393665E-02));
#2712 = CARTESIAN_POINT('',(-0.292604022794,-92.49344796967,
    -1.606233252134E-02));
#2713 = CARTESIAN_POINT('',(-0.292704304511,-92.4927711197,
    -1.7846905943E-02));
#2714 = CARTESIAN_POINT('',(-0.292804584746,-92.49209428026,
    -1.963145277696E-02));
#2715 = CARTESIAN_POINT('',(-0.292904863529,-92.49141745032,
    -2.141597367847E-02));
#2716 = CARTESIAN_POINT('',(-2.164091642683,-79.86187362475,
    -33.32030086454));
#2717 = CARTESIAN_POINT('',(-3.526994878866,-70.63762687449,
    -57.52801928027));
#2718 = CARTESIAN_POINT('',(-4.607026371416,-63.30747817921,
    -76.67461254287));
#2719 = CARTESIAN_POINT('',(-5.483943957679,-57.33662675513,
    -92.18604530482));
#2720 = CARTESIAN_POINT('',(-6.21879623079,-52.31567767847,
    -105.1538025554));
#2721 = CARTESIAN_POINT('',(-6.842754976797,-48.03550332256,
    -116.1352310845));
#2722 = CARTESIAN_POINT('',(-7.380663794873,-44.32938125745,
    -125.5745604752));
#2723 = CARTESIAN_POINT('',(-7.851075540208,-41.07274157599,
    -133.803575741));
#2724 = CARTESIAN_POINT('',(-8.264391643305,-38.19563828742,
    -141.0083542966));
#2725 = CARTESIAN_POINT('',(-8.632185315348,-35.62024838252,
    -147.3959561514));
#2726 = CARTESIAN_POINT('',(-8.960826175982,-33.30360773438,
    -153.0804445107));
#2727 = CARTESIAN_POINT('',(-9.256604091021,-31.20326091602,
    -158.1744969448));
#2728 = CARTESIAN_POINT('',(-9.791650805696,-27.37273208297,
    -167.3470475071));
#2729 = CARTESIAN_POINT('',(-10.03093159686,-25.64246968016,
    -171.4257600326));
#2730 = CARTESIAN_POINT('',(-10.24666734739,-24.06540032856,
    -175.0811622175));
#2731 = CARTESIAN_POINT('',(-10.44239666747,-22.61745600009,
    -178.3768304499));
#2732 = CARTESIAN_POINT('',(-10.62086901916,-21.27982884257,
    -181.3622794969));
#2733 = CARTESIAN_POINT('',(-10.7842798496,-20.03739298427,
    -184.0771696965));
#2734 = CARTESIAN_POINT('',(-10.93441642213,-18.87772501097,
    -186.5539171553));
#2735 = CARTESIAN_POINT('',(-11.07274978522,-17.79048579774,
    -188.8193402339));
#2736 = CARTESIAN_POINT('',(-11.20049835474,-16.76699281924,
    -190.8957975267));
#2737 = CARTESIAN_POINT('',(-11.31867870794,-15.79987866276,
    -192.8020958337));
#2738 = CARTESIAN_POINT('',(-11.4281492199,-14.88279790288,
    -194.5542685054));
#2739 = CARTESIAN_POINT('',(-11.5296422865,-14.01021108054,
    -196.1661476752));
#2740 = CARTESIAN_POINT('',(-11.92904857412,-10.47618000002,
    -202.4602009187));
#2741 = CARTESIAN_POINT('',(-12.15685573111,-8.192487669806,
    -205.9187276269));
#2742 = CARTESIAN_POINT('',(-12.32842957234,-6.164760290594,
    -208.4304682606));
#2743 = CARTESIAN_POINT('',(-12.45185883693,-4.293125879687,
    -210.1761107297));
#2744 = CARTESIAN_POINT('',(-12.53422955498,-2.55977927742,
    -211.304959038));
#2745 = CARTESIAN_POINT('',(-12.57344438839,-0.808116080566,
    -211.8315843281));
#2746 = CARTESIAN_POINT('',(-12.57344438816,0.808116080565,
    -211.8315843254));
#2747 = CARTESIAN_POINT('',(-12.53422955517,2.559779277423,
    -211.3049590402));
#2748 = CARTESIAN_POINT('',(-12.45185883681,4.29312587968,
    -210.1761107282));
#2749 = CARTESIAN_POINT('',(-12.3284295724,6.164760290602,
    -208.4304682614));
#2750 = CARTESIAN_POINT('',(-12.15685573109,8.1924876698,-205.9187276266
    ));
#2751 = CARTESIAN_POINT('',(-11.92904857413,10.476180000033,
    -202.4602009188));
#2752 = CARTESIAN_POINT('',(-11.5296422865,14.01021108054,
    -196.1661476751));
#2753 = CARTESIAN_POINT('',(-11.42814921991,14.882797902911,
    -194.5542685056));
#2754 = CARTESIAN_POINT('',(-11.31867870789,15.799878662689,
    -192.8020958329));
#2755 = CARTESIAN_POINT('',(-11.20049835484,16.766992819409,
    -190.8957975284));
#2756 = CARTESIAN_POINT('',(-11.07274978505,17.790485797468,
    -188.819340231));
#2757 = CARTESIAN_POINT('',(-10.93441642236,18.877725011339,
    -186.5539171592));
#2758 = CARTESIAN_POINT('',(-10.78427984936,20.037392983903,
    -184.0771696923));
#2759 = CARTESIAN_POINT('',(-10.62086901936,21.279828842884,
    -181.3622795005));
#2760 = CARTESIAN_POINT('',(-10.44239666733,22.617455999888,
    -178.3768304475));
#2761 = CARTESIAN_POINT('',(-10.24666734746,24.065400328673,
    -175.0811622187));
#2762 = CARTESIAN_POINT('',(-10.03093159683,25.642469680125,
    -171.4257600322));
#2763 = CARTESIAN_POINT('',(-9.7916508057,27.372732082979,
    -167.3470475072));
#2764 = CARTESIAN_POINT('',(-9.256604091019,31.203260916017,
    -158.1744969448));
#2765 = CARTESIAN_POINT('',(-8.96082617599,33.303607734443,
    -153.0804445108));
#2766 = CARTESIAN_POINT('',(-8.632185315328,35.620248382355,
    -147.3959561511));
#2767 = CARTESIAN_POINT('',(-8.264391643346,38.195638287803,
    -141.0083542971));
#2768 = CARTESIAN_POINT('',(-7.851075540139,41.072741575327,
    -133.80357574));
#2769 = CARTESIAN_POINT('',(-7.380663794966,44.329381258368,
    -125.5745604766));
#2770 = CARTESIAN_POINT('',(-6.842754976697,48.035503321575,
    -116.135231083));
#2771 = CARTESIAN_POINT('',(-6.218796230876,52.31567767932,
    -105.1538025568));
#2772 = CARTESIAN_POINT('',(-5.483943957621,57.336626754575,
    -92.18604530389));
#2773 = CARTESIAN_POINT('',(-4.607026371446,63.307478179495,
    -76.67461254336));
#2774 = CARTESIAN_POINT('',(-3.526994878854,70.637626874394,
    -57.52801928008));
#2775 = CARTESIAN_POINT('',(-2.164091642686,79.861873624772,
    -33.32030086459));
#2776 = CARTESIAN_POINT('',(-0.292904863529,92.491417450327,
    -2.141597367411E-02));
#2777 = CARTESIAN_POINT('',(-0.292804584748,92.492094280225,
    -1.963145282773E-02));
#2778 = CARTESIAN_POINT('',(-0.292704304504,92.492771119833,
    -1.784690578097E-02));
#2779 = CARTESIAN_POINT('',(-0.292604022809,92.493447969405,
    -1.606233286824E-02));
#2780 = CARTESIAN_POINT('',(-0.292503739638,92.494124828409,
    -1.427773338141E-02));
#2781 = CARTESIAN_POINT('',(-0.292403455033,92.494801697696,
    -1.249310847741E-02));
#2782 = CARTESIAN_POINT('',(-0.292303168934,92.495478576189,
    -1.070845663048E-02));
#2783 = CARTESIAN_POINT('',(-0.292202881411,92.49615546499,
    -8.923779486219E-03));
#2784 = CARTESIAN_POINT('',(-0.292102592397,92.496832363177,
    -7.139075578083E-03));
#2785 = CARTESIAN_POINT('',(-0.292002301946,92.497509271388,
    -5.354345982615E-03));
#2786 = CARTESIAN_POINT('',(-0.291902010021,92.498186189258,
    -3.569590050786E-03));
#2787 = CARTESIAN_POINT('',(-0.291801716643,92.498863116959,
    -1.784808095678E-03));
#2788 = CARTESIAN_POINT('',(-0.229464719475,92.91960508943,
    1.107540223846));
#2789 = CARTESIAN_POINT('',(-0.167228017148,93.339670124433,
    2.215080447691));
#2790 = CARTESIAN_POINT('',(-0.104991314821,93.759735159436,
    3.322620671537));
#2791 = CARTESIAN_POINT('',(-4.275461249371E-02,94.179800194439,
    4.430160895382));
#2792 = CARTESIAN_POINT('',(1.948208983335E-02,94.599865229443,
    5.537701119228));
#2793 = CARTESIAN_POINT('',(8.171879216041E-02,95.019930264446,
    6.645241343073));
#2794 = CARTESIAN_POINT('',(0.143955494487,95.439995299449,
    7.752781566919));
#2795 = CARTESIAN_POINT('',(0.206192196815,95.860060334452,
    8.860321790764));
#2796 = CARTESIAN_POINT('',(0.268428899142,96.280125369455,9.96786201461
    ));
#2797 = CARTESIAN_POINT('',(0.330665601469,96.700190404458,
    11.075402238455));
#2798 = CARTESIAN_POINT('',(0.392902303796,97.120255439461,
    12.182942462301));
#2799 = CARTESIAN_POINT('',(0.455139006123,97.540320474465,
    13.290482686146));
#2800 = CARTESIAN_POINT('',(0.51737570845,97.960385509468,
    14.398022909992));
#2801 = CARTESIAN_POINT('',(5.653000124836E-02,-97.97122675074,
    14.419685278115));
#2802 = CARTESIAN_POINT('',(-5.169961532903E-03,-97.55252882614,
    13.316571886665));
#2803 = CARTESIAN_POINT('',(-6.694730938567E-02,-97.13330576397,
    12.21207495291));
#2804 = CARTESIAN_POINT('',(-0.128792019574,-96.71362557884,
    11.106373670052));
#2805 = CARTESIAN_POINT('',(-0.190694037545,-96.29355650125,
    9.999647800164));
#2806 = CARTESIAN_POINT('',(-0.252643282363,-95.87316694077,
    8.892077576962));
#2807 = CARTESIAN_POINT('',(-0.314629652181,-95.45252544885,
    7.783843608069));
#2808 = CARTESIAN_POINT('',(-0.376643029726,-95.03170068163,
    6.675126776901));
#2809 = CARTESIAN_POINT('',(-0.4386732878,-94.6107613626,5.566108144274)
  );
#2810 = CARTESIAN_POINT('',(-0.500710294798,-94.18977624515,
    4.45696884986));
#2811 = CARTESIAN_POINT('',(-0.562743920217,-93.76881407521,
    3.347890013578));
#2812 = CARTESIAN_POINT('',(-0.624764040171,-93.34794355378,
    2.239052637069));
#2813 = CARTESIAN_POINT('',(-0.686760542892,-92.92723329965,
    1.130637505332));
#2814 = CARTESIAN_POINT('',(-0.748823155013,-92.50607442503,
    2.104042532592E-02));
#2815 = CARTESIAN_POINT('',(-0.748922974363,-92.50539704758,
    1.925578795999E-02));
#2816 = CARTESIAN_POINT('',(-0.749022792254,-92.50471967993,
    1.747117652241E-02));
#2817 = CARTESIAN_POINT('',(-0.74912260871,-92.50404232183,
    1.568659110248E-02));
#2818 = CARTESIAN_POINT('',(-0.749222423685,-92.50336497376,
    1.390203154564E-02));
#2819 = CARTESIAN_POINT('',(-0.749322237249,-92.50268763497,
    1.21174980501E-02));
#2820 = CARTESIAN_POINT('',(-0.749422049315,-92.50201030643,
    1.033299042707E-02));
#2821 = CARTESIAN_POINT('',(-0.749521859973,-92.50133298708,
    8.548508786646E-03));
#2822 = CARTESIAN_POINT('',(-0.749621669145,-92.50065567789,
    6.764053127284E-03));
#2823 = CARTESIAN_POINT('',(-0.749721476887,-92.49997837813,
    4.979623366978E-03));
#2824 = CARTESIAN_POINT('',(-0.749821283167,-92.49930108825,
    3.195219606056E-03));
#2825 = CARTESIAN_POINT('',(-0.749921087999,-92.49862380802,
    1.410841772696E-03));
#2826 = CARTESIAN_POINT('',(-2.594171286135,-79.98345406913,
    -32.97133324122));
#2827 = CARTESIAN_POINT('',(-3.942635254795,-70.78840474071,
    -57.08007802467));
#2828 = CARTESIAN_POINT('',(-5.011740226373,-63.46249412605,
    -76.1942549739));
#2829 = CARTESIAN_POINT('',(-5.880155392987,-57.47821663558,
    -91.72036475836));
#2830 = CARTESIAN_POINT('',(-6.607178510777,-52.43791794728,
    -104.7185725015));
#2831 = CARTESIAN_POINT('',(-7.223847749095,-48.13337729579,
    -115.7437994468));
#2832 = CARTESIAN_POINT('',(-7.754611262541,-44.40054306974,
    -125.2331461285));
#2833 = CARTESIAN_POINT('',(-8.217648034409,-41.11738174456,
    -133.5116286222));
#2834 = CARTESIAN_POINT('',(-8.623573129082,-38.21255713446,
    -140.7690301817));
#2835 = CARTESIAN_POINT('',(-8.983611146198,-35.61063866688,
    -147.2060317394));
#2836 = CARTESIAN_POINT('',(-9.304259505858,-33.26787647718,
    -152.9387985378));
#2837 = CARTESIAN_POINT('',(-9.591723678277,-31.14246937455,
    -158.0782761422));
#2838 = CARTESIAN_POINT('',(-10.10458474465,-27.30099179296,
    -167.2475508474));
#2839 = CARTESIAN_POINT('',(-10.33113435047,-25.5773433619,
    -171.2979569053));
#2840 = CARTESIAN_POINT('',(-10.53469628907,-24.00241731101,
    -174.9373740046));
#2841 = CARTESIAN_POINT('',(-10.71863385889,-22.55343821776,
    -178.2259334542));
#2842 = CARTESIAN_POINT('',(-10.88558114122,-21.2125075426,-181.21072913
    ));
#2843 = CARTESIAN_POINT('',(-11.03765597629,-19.96517557344,
    -183.9296252008));
#2844 = CARTESIAN_POINT('',(-11.17659361957,-18.79954515309,
    -186.4136457318));
#2845 = CARTESIAN_POINT('',(-11.3038327257,-17.7056950353,
    -188.6885119549));
#2846 = CARTESIAN_POINT('',(-11.42057565599,-16.67527541908,
    -190.7757204955));
#2847 = CARTESIAN_POINT('',(-11.52783620232,-15.70118783303,
    -192.6933966046));
#2848 = CARTESIAN_POINT('',(-11.62647961866,-14.77731653729,
    -194.4570098746));
#2849 = CARTESIAN_POINT('',(-11.7172522734,-13.8983293621,
    -196.0799043806));
#2850 = CARTESIAN_POINT('',(-12.06303308395,-10.426750279,
    -202.2620060209));
#2851 = CARTESIAN_POINT('',(-12.25554219721,-8.17435294654,
    -205.7038132831));
#2852 = CARTESIAN_POINT('',(-12.39748531058,-6.160355255988,
    -208.2415676271));
#2853 = CARTESIAN_POINT('',(-12.49788663968,-4.300307169988,
    -210.0366100419));
#2854 = CARTESIAN_POINT('',(-12.5629396385,-2.552254610677,
    -211.1996712606));
#2855 = CARTESIAN_POINT('',(-12.59442739125,-0.829596785404,
    -211.7626304582));
#2856 = CARTESIAN_POINT('',(-12.59442739121,0.829596785411,
    -211.7626304583));
#2857 = CARTESIAN_POINT('',(-12.56293963853,2.55225461066,
    -211.1996712605));
#2858 = CARTESIAN_POINT('',(-12.49788663966,4.300307170004,
    -210.0366100419));
#2859 = CARTESIAN_POINT('',(-12.39748531059,6.160355255979,
    -208.2415676271));
#2860 = CARTESIAN_POINT('',(-12.25554219721,8.174352946543,
    -205.7038132831));
#2861 = CARTESIAN_POINT('',(-12.06303308395,10.426750279003,
    -202.2620060209));
#2862 = CARTESIAN_POINT('',(-11.7172522734,13.898329362108,
    -196.0799043806));
#2863 = CARTESIAN_POINT('',(-11.62647961866,14.777316537302,
    -194.4570098746));
#2864 = CARTESIAN_POINT('',(-11.52783620233,15.701187833022,
    -192.6933966046));
#2865 = CARTESIAN_POINT('',(-11.42057565598,16.675275419115,
    -190.7757204954));
#2866 = CARTESIAN_POINT('',(-11.30383272571,17.705695035274,
    -188.688511955));
#2867 = CARTESIAN_POINT('',(-11.17659361956,18.79954515312,
    -186.4136457317));
#2868 = CARTESIAN_POINT('',(-11.0376559763,19.965175573438,
    -183.9296252009));
#2869 = CARTESIAN_POINT('',(-10.88558114122,21.212507542582,
    -181.2107291299));
#2870 = CARTESIAN_POINT('',(-10.71863385889,22.553438217788,
    -178.2259334541));
#2871 = CARTESIAN_POINT('',(-10.53469628907,24.002417310995,
    -174.9373740046));
#2872 = CARTESIAN_POINT('',(-10.33113435047,25.577343361917,
    -171.2979569053));
#2873 = CARTESIAN_POINT('',(-10.10458474465,27.300991792963,
    -167.2475508474));
#2874 = CARTESIAN_POINT('',(-9.591723678278,31.142469374553,
    -158.0782761422));
#2875 = CARTESIAN_POINT('',(-9.304259505855,33.267876477181,
    -152.9387985377));
#2876 = CARTESIAN_POINT('',(-8.983611146208,35.6106386669,
    -147.2060317396));
#2877 = CARTESIAN_POINT('',(-8.623573129063,38.21255713442,
    -140.7690301813));
#2878 = CARTESIAN_POINT('',(-8.217648034433,41.117381744666,
    -133.5116286228));
#2879 = CARTESIAN_POINT('',(-7.75461126252,44.400543069556,
    -125.233146128));
#2880 = CARTESIAN_POINT('',(-7.223847749104,48.133377296074,
    -115.7437994471));
#2881 = CARTESIAN_POINT('',(-6.607178510783,52.437917946956,
    -104.7185725015));
#2882 = CARTESIAN_POINT('',(-5.880155392972,57.478216635879,
    -91.72036475818));
#2883 = CARTESIAN_POINT('',(-5.011740226387,63.462494125862,
    -76.19425497411));
#2884 = CARTESIAN_POINT('',(-3.942635254787,70.788404740811,
    -57.08007802454));
#2885 = CARTESIAN_POINT('',(-2.594171286138,79.983454069101,
    -32.97133324126));
#2886 = CARTESIAN_POINT('',(-0.749921087999,92.498623808027,
    1.410841772937E-03));
#2887 = CARTESIAN_POINT('',(-0.749821283167,92.499301088225,
    3.195219599732E-03));
#2888 = CARTESIAN_POINT('',(-0.749721476886,92.499978378214,
    4.979623379754E-03));
#2889 = CARTESIAN_POINT('',(-0.749621669148,92.500655677724,
    6.76405311161E-03));
#2890 = CARTESIAN_POINT('',(-0.749521859967,92.501332987374,
    8.548508792117E-03));
#2891 = CARTESIAN_POINT('',(-0.749422049324,92.502010306052,
    1.03329904393E-02));
#2892 = CARTESIAN_POINT('',(-0.749322237237,92.502687635375,
    1.211749802196E-02));
#2893 = CARTESIAN_POINT('',(-0.749222423697,92.503364973423,
    1.390203157678E-02));
#2894 = CARTESIAN_POINT('',(-0.749122608701,92.504042322063,
    1.568659107831E-02));
#2895 = CARTESIAN_POINT('',(-0.749022792259,92.504719679816,
    1.747117653551E-02));
#2896 = CARTESIAN_POINT('',(-0.748922974361,92.505397047627,
    1.925578795506E-02));
#2897 = CARTESIAN_POINT('',(-0.748823155013,92.506074425021,
    2.104042532686E-02));
#2898 = CARTESIAN_POINT('',(-0.686760543091,92.927233302138,
    1.130637496228));
#2899 = CARTESIAN_POINT('',(-0.62476404051,93.347943559143,
    2.239052619911));
#2900 = CARTESIAN_POINT('',(-0.562743920634,93.768814083868,
    3.347889989454));
#2901 = CARTESIAN_POINT('',(-0.500710295231,94.189776257538,
    4.456968819897));
#2902 = CARTESIAN_POINT('',(-0.438673288184,94.610761379152,
    5.566108109637));
#2903 = CARTESIAN_POINT('',(-0.376643029993,95.03170070281,6.67512673879
    ));
#2904 = CARTESIAN_POINT('',(-0.314629652263,95.452525475119,
    7.783843567724));
#2905 = CARTESIAN_POINT('',(-0.252643282188,95.873166972615,
    8.892077535658));
#2906 = CARTESIAN_POINT('',(-0.19069403704,96.293556539167,
    9.999647759213));
#2907 = CARTESIAN_POINT('',(-0.128792018664,96.713625623325,
    11.106373630801));
#2908 = CARTESIAN_POINT('',(-6.694730799285E-02,97.133305815559,
    12.212074916742));
#2909 = CARTESIAN_POINT('',(-5.169959578856E-03,97.552528885353,
    13.316571854995));
#2910 = CARTESIAN_POINT('',(5.653000384441E-02,97.971226818116,
    14.419685252396));
#2911 = CARTESIAN_POINT('',(6.566252290038E-02,-97.53970839131,
    14.582962561355));
#2912 = CARTESIAN_POINT('',(3.713291761104E-03,-97.1196329784,
    13.475392587683));
#2913 = CARTESIAN_POINT('',(-5.823579660661E-02,-96.69955853454,
    12.367825166703));
#2914 = CARTESIAN_POINT('',(-0.120184742203,-96.27948505972,
    11.260260298416));
#2915 = CARTESIAN_POINT('',(-0.182133545027,-95.85941255395,
    10.152697982821));
#2916 = CARTESIAN_POINT('',(-0.24408220508,-95.43934101723,
    9.045138219919));
#2917 = CARTESIAN_POINT('',(-0.306030722362,-95.01927044955,
    7.937581009709));
#2918 = CARTESIAN_POINT('',(-0.367979096872,-94.59920085092,
    6.830026352192));
#2919 = CARTESIAN_POINT('',(-0.42992732861,-94.17913222134,
    5.722474247367));
#2920 = CARTESIAN_POINT('',(-0.491875417577,-93.75906456081,
    4.614924695234));
#2921 = CARTESIAN_POINT('',(-0.553823363772,-93.33899786932,
    3.507377695794));
#2922 = CARTESIAN_POINT('',(-0.615771167196,-92.91893214688,
    2.399833249046));
#2923 = CARTESIAN_POINT('',(-0.677718827848,-92.49886739349,
    1.292291354991));
#2924 = CARTESIAN_POINT('',(-0.739766174546,-92.0781266737,
    0.182967206969));
#2925 = CARTESIAN_POINT('',(-0.739866001903,-92.077449748,0.181182426389
    ));
#2926 = CARTESIAN_POINT('',(-0.739965827797,-92.07677283219,
    0.179397672035));
#2927 = CARTESIAN_POINT('',(-0.740065652236,-92.0760959259,
    0.177612943544));
#2928 = CARTESIAN_POINT('',(-0.740165475207,-92.07541902991,
    0.175828241589));
#2929 = CARTESIAN_POINT('',(-0.740265296725,-92.07474214289,
    0.174043565186));
#2930 = CARTESIAN_POINT('',(-0.740365116777,-92.07406526667,
    0.172258915481));
#2931 = CARTESIAN_POINT('',(-0.740464935371,-92.07338839919,
    0.170474291403));
#2932 = CARTESIAN_POINT('',(-0.740564752504,-92.07271154235,
    0.168689693746));
#2933 = CARTESIAN_POINT('',(-0.740664568176,-92.07203469473,
    0.166905122047));
#2934 = CARTESIAN_POINT('',(-0.740764382389,-92.07135785717,
    0.165120576511));
#2935 = CARTESIAN_POINT('',(-0.740864195141,-92.07068102929,
    0.16333605707));
#2936 = CARTESIAN_POINT('',(-2.603354796848,-79.44117497554,
    -33.1355222156));
#2937 = CARTESIAN_POINT('',(-3.957352920046,-70.21716276239,
    -57.34321033194));
#2938 = CARTESIAN_POINT('',(-5.028269118745,-62.88746078032,
    -76.48976961651));
#2939 = CARTESIAN_POINT('',(-5.895861256684,-56.91728457162,
    -92.00116474133));
#2940 = CARTESIAN_POINT('',(-6.621178892567,-51.89725646729,
    -104.9688807332));
#2941 = CARTESIAN_POINT('',(-7.235395866106,-47.61826702027,
    -115.9502644411));
#2942 = CARTESIAN_POINT('',(-7.763359082487,-43.91361288889,
    -125.3895455307));
#2943 = CARTESIAN_POINT('',(-8.223626135391,-40.65874411991,
    -133.6185091279));
#2944 = CARTESIAN_POINT('',(-8.626604820123,-37.78373547768,
    -140.8232327909));
#2945 = CARTESIAN_POINT('',(-8.983876544688,-35.21078540724,
    -147.2107767119));
#2946 = CARTESIAN_POINT('',(-9.301821169465,-32.8969517952,
    -152.8952043216));
#2947 = CARTESIAN_POINT('',(-9.586741055612,-30.79980159956,
    -157.9891934666));
#2948 = CARTESIAN_POINT('',(-10.0997780226,-26.97649021868,
    -167.1616130411));
#2949 = CARTESIAN_POINT('',(-10.32790709523,-25.25024864545,
    -171.2402578679));
#2950 = CARTESIAN_POINT('',(-10.53235922953,-23.67763474317,
    -174.8955904839));
#2951 = CARTESIAN_POINT('',(-10.71669043803,-22.23460313318,
    -178.1911876706));
#2952 = CARTESIAN_POINT('',(-10.88367023436,-20.90236850353,
    -181.176564653));
#2953 = CARTESIAN_POINT('',(-11.03551695304,-19.66582712354,
    -183.8913823064));
#2954 = CARTESIAN_POINT('',(-11.1740437447,-18.51257697189,
    -186.3680573553));
#2955 = CARTESIAN_POINT('',(-11.30075066943,-17.4322991596,
    -188.6334088826));
#2956 = CARTESIAN_POINT('',(-11.41688834721,-16.41632976852,
    -190.7097963118));
#2957 = CARTESIAN_POINT('',(-11.52350874458,-15.45731783823,
    -192.6160274077));
#2958 = CARTESIAN_POINT('',(-11.62150871029,-14.54893166789,
    -194.368136635));
#2959 = CARTESIAN_POINT('',(-11.71166198334,-13.68564219209,
    -195.9799574192));
#2960 = CARTESIAN_POINT('',(-12.06369223318,-10.19364655209,
    -202.2737907337));
#2961 = CARTESIAN_POINT('',(-12.2571494679,-7.948778284663,
    -205.7325491484));
#2962 = CARTESIAN_POINT('',(-12.39749898946,-5.96359235221,
    -208.2418121871));
#2963 = CARTESIAN_POINT('',(-12.49564542418,-4.155457032115,
    -209.9965400856));
#2964 = CARTESIAN_POINT('',(-12.55780046326,-2.444749906795,
    -211.1077896328));
#2965 = CARTESIAN_POINT('',(-12.58840430434,-0.821681555847,
    -211.6549456642));
#2966 = CARTESIAN_POINT('',(-12.58840430416,0.821681555851,
    -211.6549456612));
#2967 = CARTESIAN_POINT('',(-12.55780046342,2.444749906789,
    -211.1077896353));
#2968 = CARTESIAN_POINT('',(-12.49564542408,4.155457032116,
    -209.996540084));
#2969 = CARTESIAN_POINT('',(-12.39749898951,5.963592352215,
    -208.241812188));
#2970 = CARTESIAN_POINT('',(-12.25714946788,7.948778284658,
    -205.732549148));
#2971 = CARTESIAN_POINT('',(-12.06369223319,10.193646552096,
    -202.2737907338));
#2972 = CARTESIAN_POINT('',(-11.71166198334,13.685642192094,
    -195.9799574191));
#2973 = CARTESIAN_POINT('',(-11.62150871031,14.548931667922,
    -194.3681366353));
#2974 = CARTESIAN_POINT('',(-11.52350874454,15.457317838156,
    -192.616027407));
#2975 = CARTESIAN_POINT('',(-11.41688834731,16.416329768692,
    -190.7097963135));
#2976 = CARTESIAN_POINT('',(-11.30075066927,17.432299159317,
    -188.6334088796));
#2977 = CARTESIAN_POINT('',(-11.17404374492,18.512576972286,
    -186.3680573593));
#2978 = CARTESIAN_POINT('',(-11.03551695281,19.665827123133,
    -183.8913823021));
#2979 = CARTESIAN_POINT('',(-10.88367023457,20.902368503888,
    -181.1765646567));
#2980 = CARTESIAN_POINT('',(-10.71669043789,22.234603132952,
    -178.1911876681));
#2981 = CARTESIAN_POINT('',(-10.5323592296,23.677634743294,
    -174.8955904851));
#2982 = CARTESIAN_POINT('',(-10.32790709521,25.250248645406,
    -171.2402578675));
#2983 = CARTESIAN_POINT('',(-10.0997780226,26.976490218692,
    -167.1616130412));
#2984 = CARTESIAN_POINT('',(-9.586741055609,30.79980159955,
    -157.9891934666));
#2985 = CARTESIAN_POINT('',(-9.301821169473,32.896951795252,
    -152.8952043217));
#2986 = CARTESIAN_POINT('',(-8.983876544667,35.21078540709,
    -147.2107767116));
#2987 = CARTESIAN_POINT('',(-8.626604820166,37.783735478009,
    -140.8232327916));
#2988 = CARTESIAN_POINT('',(-8.223626135318,40.658744119361,
    -133.6185091267));
#2989 = CARTESIAN_POINT('',(-7.763359082586,43.913612889615,
    -125.3895455323));
#2990 = CARTESIAN_POINT('',(-7.235395865997,47.618267019516,
    -115.9502644394));
#2991 = CARTESIAN_POINT('',(-6.621178892662,51.89725646792,
    -104.9688807347));
#2992 = CARTESIAN_POINT('',(-5.89586125662,56.91728457122,
    -92.00116474031));
#2993 = CARTESIAN_POINT('',(-5.028269118778,62.887460780527,
    -76.48976961703));
#2994 = CARTESIAN_POINT('',(-3.957352920034,70.217162762323,
    -57.34321033174));
#2995 = CARTESIAN_POINT('',(-2.603354796851,79.441174975554,
    -33.13552221564));
#2996 = CARTESIAN_POINT('',(-0.740864195141,92.070681029297,
    0.163336057073));
#2997 = CARTESIAN_POINT('',(-0.74076438239,92.071357857151,
    0.165120576475));
#2998 = CARTESIAN_POINT('',(-0.740664568174,92.072034694814,
    0.166905122162));
#2999 = CARTESIAN_POINT('',(-0.740564752509,92.072711542182,
    0.168689693494));
#3000 = CARTESIAN_POINT('',(-0.740464935363,92.073388399473,
    0.170474291819));
#3001 = CARTESIAN_POINT('',(-0.740365116786,92.074065266328,
    0.17225891494));
#3002 = CARTESIAN_POINT('',(-0.740265296715,92.074742143237,
    0.174043565749));
#3003 = CARTESIAN_POINT('',(-0.740165475215,92.075419029638,
    0.17582824112));
#3004 = CARTESIAN_POINT('',(-0.740065652231,92.076095926078,
    0.177612943855));
#3005 = CARTESIAN_POINT('',(-0.7399658278,92.07677283211,0.179397671875)
  );
#3006 = CARTESIAN_POINT('',(-0.739866001902,92.077449748036,
    0.181182426449));
#3007 = CARTESIAN_POINT('',(-0.739766174546,92.078126673693,
    0.182967206955));
#3008 = CARTESIAN_POINT('',(-0.677718828212,92.49886739516,
    1.292291354968));
#3009 = CARTESIAN_POINT('',(-0.615771167905,92.918932149425,
    2.399833249202));
#3010 = CARTESIAN_POINT('',(-0.553823364809,93.338997871943,
    3.507377696331));
#3011 = CARTESIAN_POINT('',(-0.491875418922,93.759064562714,
    4.614924696354));
#3012 = CARTESIAN_POINT('',(-0.429927330246,94.179132221738,
    5.722474249271));
#3013 = CARTESIAN_POINT('',(-0.367979098779,94.599200849016,
    6.830026355083));
#3014 = CARTESIAN_POINT('',(-0.306030724523,95.019270444546,
    7.93758101379));
#3015 = CARTESIAN_POINT('',(-0.244082207477,95.43934100833,
    9.045138225391));
#3016 = CARTESIAN_POINT('',(-0.182133547641,95.859412540367,
    10.152697989886));
#3017 = CARTESIAN_POINT('',(-0.120184745015,96.279485040658,
    11.260260307276));
#3018 = CARTESIAN_POINT('',(-5.823579959856E-02,96.699558509201,
    12.36782517756));
#3019 = CARTESIAN_POINT('',(3.713288607414E-03,97.119632945998,
    13.475392600739));
#3020 = CARTESIAN_POINT('',(6.566251960333E-02,97.539708351048,
    14.582962576812));
#3021 = DEFINITIONAL_REPRESENTATION('',(#3022),#3045);
#3022 = B_SPLINE_CURVE_WITH_KNOTS('',6,(#3023,#3024,#3025,#3026,#3027,
    #3028,#3029,#3030,#3031,#3032,#3033,#3034,#3035,#3036,#3037,#3038,
    #3039,#3040,#3041,#3042,#3043,#3044),.UNSPECIFIED.,.F.,.F.,(7,5,5,5,
    7),(0.,0.240999954919,0.480999970619,0.721000007184,1.),
  .UNSPECIFIED.);
#3023 = CARTESIAN_POINT('',(0.,-3.445805024883E-03));
#3024 = CARTESIAN_POINT('',(18.706147894743,-3.254881865085E-03));
#3025 = CARTESIAN_POINT('',(37.412294726563,-2.965114877862E-03));
#3026 = CARTESIAN_POINT('',(56.118440445802,-2.567826316589E-03));
#3027 = CARTESIAN_POINT('',(74.824585046434,-2.056013887508E-03));
#3028 = CARTESIAN_POINT('',(93.530728582529,-1.426304645205E-03));
#3029 = CARTESIAN_POINT('',(130.86539950526,6.299312972542E-05));
#3030 = CARTESIAN_POINT('',(149.49392692699,9.216201058841E-04));
#3031 = CARTESIAN_POINT('',(168.12245342066,1.894398516539E-03));
#3032 = CARTESIAN_POINT('',(186.75097913558,2.975353349809E-03));
#3033 = CARTESIAN_POINT('',(205.37950429123,4.15303117211E-03));
#3034 = CARTESIAN_POINT('',(242.63655547981,6.672082656505E-03));
#3035 = CARTESIAN_POINT('',(261.26508154113,8.013452108845E-03));
#3036 = CARTESIAN_POINT('',(279.89360745649,9.421813820767E-03));
#3037 = CARTESIAN_POINT('',(298.5221335108,1.087875605604E-02));
#3038 = CARTESIAN_POINT('',(317.15065997397,1.236472290483E-02));
#3039 = CARTESIAN_POINT('',(357.43484588624,1.560169433202E-02));
#3040 = CARTESIAN_POINT('',(379.09050556898,1.735652379524E-02));
#3041 = CARTESIAN_POINT('',(400.7461664087,1.909756018887E-02));
#3042 = CARTESIAN_POINT('',(422.40182871428,2.079867331023E-02));
#3043 = CARTESIAN_POINT('',(444.05749262768,2.244077793808E-02));
#3044 = CARTESIAN_POINT('',(465.7131581619,2.401093893421E-02));
#3045 = ( GEOMETRIC_REPRESENTATION_CONTEXT(2) 
PARAMETRIC_REPRESENTATION_CONTEXT() REPRESENTATION_CONTEXT('2D SPACE',''
  ) );
#3046 = ORIENTED_EDGE('',*,*,#3047,.T.);
#3047 = EDGE_CURVE('',#2663,#3048,#3050,.T.);
#3048 = VERTEX_POINT('',#3049);
#3049 = CARTESIAN_POINT('',(-0.75,92.008730883111,0.));
#3050 = SURFACE_CURVE('',#3051,(#3162),.PCURVE_S1.);
#3051 = B_SPLINE_CURVE_WITH_KNOTS('',13,(#3052,#3053,#3054,#3055,#3056,
    #3057,#3058,#3059,#3060,#3061,#3062,#3063,#3064,#3065,#3066,#3067,
    #3068,#3069,#3070,#3071,#3072,#3073,#3074,#3075,#3076,#3077,#3078,
    #3079,#3080,#3081,#3082,#3083,#3084,#3085,#3086,#3087,#3088,#3089,
    #3090,#3091,#3092,#3093,#3094,#3095,#3096,#3097,#3098,#3099,#3100,
    #3101,#3102,#3103,#3104,#3105,#3106,#3107,#3108,#3109,#3110,#3111,
    #3112,#3113,#3114,#3115,#3116,#3117,#3118,#3119,#3120,#3121,#3122,
    #3123,#3124,#3125,#3126,#3127,#3128,#3129,#3130,#3131,#3132,#3133,
    #3134,#3135,#3136,#3137,#3138,#3139,#3140,#3141,#3142,#3143,#3144,
    #3145,#3146,#3147,#3148,#3149,#3150,#3151,#3152,#3153,#3154,#3155,
    #3156,#3157,#3158,#3159,#3160,#3161),.UNSPECIFIED.,.F.,.F.,(14,12,12
    ,12,12,12,12,12,12,14),(-2.141696806265,-3.445805024885E-03,0.,
    64.295686696627,128.59137339325,337.1148931586,401.41057985523,
    465.70626655185,465.70971235688,467.84796334184),.UNSPECIFIED.);
#3052 = CARTESIAN_POINT('',(6.566252290038E-02,-97.53970839131,
    14.582962561355));
#3053 = CARTESIAN_POINT('',(3.713291761104E-03,-97.1196329784,
    13.475392587683));
#3054 = CARTESIAN_POINT('',(-5.823579660661E-02,-96.69955853454,
    12.367825166703));
#3055 = CARTESIAN_POINT('',(-0.120184742203,-96.27948505972,
    11.260260298416));
#3056 = CARTESIAN_POINT('',(-0.182133545027,-95.85941255395,
    10.152697982821));
#3057 = CARTESIAN_POINT('',(-0.24408220508,-95.43934101723,
    9.045138219919));
#3058 = CARTESIAN_POINT('',(-0.306030722362,-95.01927044955,
    7.937581009709));
#3059 = CARTESIAN_POINT('',(-0.367979096872,-94.59920085092,
    6.830026352192));
#3060 = CARTESIAN_POINT('',(-0.42992732861,-94.17913222134,
    5.722474247367));
#3061 = CARTESIAN_POINT('',(-0.491875417577,-93.75906456081,
    4.614924695234));
#3062 = CARTESIAN_POINT('',(-0.553823363772,-93.33899786932,
    3.507377695794));
#3063 = CARTESIAN_POINT('',(-0.615771167196,-92.91893214688,
    2.399833249046));
#3064 = CARTESIAN_POINT('',(-0.677718827848,-92.49886739349,
    1.292291354991));
#3065 = CARTESIAN_POINT('',(-0.739766174546,-92.0781266737,
    0.182967206969));
#3066 = CARTESIAN_POINT('',(-0.739866001903,-92.077449748,0.181182426389
    ));
#3067 = CARTESIAN_POINT('',(-0.739965827797,-92.07677283219,
    0.179397672035));
#3068 = CARTESIAN_POINT('',(-0.740065652236,-92.0760959259,
    0.177612943544));
#3069 = CARTESIAN_POINT('',(-0.740165475207,-92.07541902991,
    0.175828241589));
#3070 = CARTESIAN_POINT('',(-0.740265296725,-92.07474214289,
    0.174043565186));
#3071 = CARTESIAN_POINT('',(-0.740365116777,-92.07406526667,
    0.172258915481));
#3072 = CARTESIAN_POINT('',(-0.740464935371,-92.07338839919,
    0.170474291403));
#3073 = CARTESIAN_POINT('',(-0.740564752504,-92.07271154235,
    0.168689693746));
#3074 = CARTESIAN_POINT('',(-0.740664568176,-92.07203469473,
    0.166905122047));
#3075 = CARTESIAN_POINT('',(-0.740764382389,-92.07135785717,
    0.165120576511));
#3076 = CARTESIAN_POINT('',(-0.740864195141,-92.07068102929,
    0.16333605707));
#3077 = CARTESIAN_POINT('',(-2.603354796848,-79.44117497554,
    -33.1355222156));
#3078 = CARTESIAN_POINT('',(-3.957352920046,-70.21716276239,
    -57.34321033194));
#3079 = CARTESIAN_POINT('',(-5.028269118745,-62.88746078032,
    -76.48976961651));
#3080 = CARTESIAN_POINT('',(-5.895861256684,-56.91728457162,
    -92.00116474133));
#3081 = CARTESIAN_POINT('',(-6.621178892567,-51.89725646729,
    -104.9688807332));
#3082 = CARTESIAN_POINT('',(-7.235395866106,-47.61826702027,
    -115.9502644411));
#3083 = CARTESIAN_POINT('',(-7.763359082487,-43.91361288889,
    -125.3895455307));
#3084 = CARTESIAN_POINT('',(-8.223626135391,-40.65874411991,
    -133.6185091279));
#3085 = CARTESIAN_POINT('',(-8.626604820123,-37.78373547768,
    -140.8232327909));
#3086 = CARTESIAN_POINT('',(-8.983876544688,-35.21078540724,
    -147.2107767119));
#3087 = CARTESIAN_POINT('',(-9.301821169465,-32.8969517952,
    -152.8952043216));
#3088 = CARTESIAN_POINT('',(-9.586741055612,-30.79980159956,
    -157.9891934666));
#3089 = CARTESIAN_POINT('',(-10.0997780226,-26.97649021868,
    -167.1616130411));
#3090 = CARTESIAN_POINT('',(-10.32790709523,-25.25024864545,
    -171.2402578679));
#3091 = CARTESIAN_POINT('',(-10.53235922953,-23.67763474317,
    -174.8955904839));
#3092 = CARTESIAN_POINT('',(-10.71669043803,-22.23460313318,
    -178.1911876706));
#3093 = CARTESIAN_POINT('',(-10.88367023436,-20.90236850353,
    -181.176564653));
#3094 = CARTESIAN_POINT('',(-11.03551695304,-19.66582712354,
    -183.8913823064));
#3095 = CARTESIAN_POINT('',(-11.1740437447,-18.51257697189,
    -186.3680573553));
#3096 = CARTESIAN_POINT('',(-11.30075066943,-17.4322991596,
    -188.6334088826));
#3097 = CARTESIAN_POINT('',(-11.41688834721,-16.41632976852,
    -190.7097963118));
#3098 = CARTESIAN_POINT('',(-11.52350874458,-15.45731783823,
    -192.6160274077));
#3099 = CARTESIAN_POINT('',(-11.62150871029,-14.54893166789,
    -194.368136635));
#3100 = CARTESIAN_POINT('',(-11.71166198334,-13.68564219209,
    -195.9799574192));
#3101 = CARTESIAN_POINT('',(-12.06369223318,-10.19364655209,
    -202.2737907337));
#3102 = CARTESIAN_POINT('',(-12.2571494679,-7.948778284663,
    -205.7325491484));
#3103 = CARTESIAN_POINT('',(-12.39749898946,-5.96359235221,
    -208.2418121871));
#3104 = CARTESIAN_POINT('',(-12.49564542418,-4.155457032115,
    -209.9965400856));
#3105 = CARTESIAN_POINT('',(-12.55780046326,-2.444749906795,
    -211.1077896328));
#3106 = CARTESIAN_POINT('',(-12.58840430434,-0.821681555847,
    -211.6549456642));
#3107 = CARTESIAN_POINT('',(-12.58840430416,0.821681555851,
    -211.6549456612));
#3108 = CARTESIAN_POINT('',(-12.55780046342,2.444749906789,
    -211.1077896353));
#3109 = CARTESIAN_POINT('',(-12.49564542408,4.155457032116,
    -209.996540084));
#3110 = CARTESIAN_POINT('',(-12.39749898951,5.963592352215,
    -208.241812188));
#3111 = CARTESIAN_POINT('',(-12.25714946788,7.948778284658,
    -205.732549148));
#3112 = CARTESIAN_POINT('',(-12.06369223319,10.193646552096,
    -202.2737907338));
#3113 = CARTESIAN_POINT('',(-11.71166198334,13.685642192094,
    -195.9799574191));
#3114 = CARTESIAN_POINT('',(-11.62150871031,14.548931667922,
    -194.3681366353));
#3115 = CARTESIAN_POINT('',(-11.52350874454,15.457317838156,
    -192.616027407));
#3116 = CARTESIAN_POINT('',(-11.41688834731,16.416329768692,
    -190.7097963135));
#3117 = CARTESIAN_POINT('',(-11.30075066927,17.432299159317,
    -188.6334088796));
#3118 = CARTESIAN_POINT('',(-11.17404374492,18.512576972286,
    -186.3680573593));
#3119 = CARTESIAN_POINT('',(-11.03551695281,19.665827123133,
    -183.8913823021));
#3120 = CARTESIAN_POINT('',(-10.88367023457,20.902368503888,
    -181.1765646567));
#3121 = CARTESIAN_POINT('',(-10.71669043789,22.234603132952,
    -178.1911876681));
#3122 = CARTESIAN_POINT('',(-10.5323592296,23.677634743294,
    -174.8955904851));
#3123 = CARTESIAN_POINT('',(-10.32790709521,25.250248645406,
    -171.2402578675));
#3124 = CARTESIAN_POINT('',(-10.0997780226,26.976490218692,
    -167.1616130412));
#3125 = CARTESIAN_POINT('',(-9.586741055609,30.79980159955,
    -157.9891934666));
#3126 = CARTESIAN_POINT('',(-9.301821169473,32.896951795252,
    -152.8952043217));
#3127 = CARTESIAN_POINT('',(-8.983876544667,35.21078540709,
    -147.2107767116));
#3128 = CARTESIAN_POINT('',(-8.626604820166,37.783735478009,
    -140.8232327916));
#3129 = CARTESIAN_POINT('',(-8.223626135318,40.658744119361,
    -133.6185091267));
#3130 = CARTESIAN_POINT('',(-7.763359082586,43.913612889615,
    -125.3895455323));
#3131 = CARTESIAN_POINT('',(-7.235395865997,47.618267019516,
    -115.9502644394));
#3132 = CARTESIAN_POINT('',(-6.621178892662,51.89725646792,
    -104.9688807347));
#3133 = CARTESIAN_POINT('',(-5.89586125662,56.91728457122,
    -92.00116474031));
#3134 = CARTESIAN_POINT('',(-5.028269118778,62.887460780527,
    -76.48976961703));
#3135 = CARTESIAN_POINT('',(-3.957352920034,70.217162762323,
    -57.34321033174));
#3136 = CARTESIAN_POINT('',(-2.603354796851,79.441174975554,
    -33.13552221564));
#3137 = CARTESIAN_POINT('',(-0.740864195141,92.070681029297,
    0.163336057073));
#3138 = CARTESIAN_POINT('',(-0.74076438239,92.071357857151,
    0.165120576475));
#3139 = CARTESIAN_POINT('',(-0.740664568174,92.072034694814,
    0.166905122162));
#3140 = CARTESIAN_POINT('',(-0.740564752509,92.072711542182,
    0.168689693494));
#3141 = CARTESIAN_POINT('',(-0.740464935363,92.073388399473,
    0.170474291819));
#3142 = CARTESIAN_POINT('',(-0.740365116786,92.074065266328,
    0.17225891494));
#3143 = CARTESIAN_POINT('',(-0.740265296715,92.074742143237,
    0.174043565749));
#3144 = CARTESIAN_POINT('',(-0.740165475215,92.075419029638,
    0.17582824112));
#3145 = CARTESIAN_POINT('',(-0.740065652231,92.076095926078,
    0.177612943855));
#3146 = CARTESIAN_POINT('',(-0.7399658278,92.07677283211,0.179397671875)
  );
#3147 = CARTESIAN_POINT('',(-0.739866001902,92.077449748036,
    0.181182426449));
#3148 = CARTESIAN_POINT('',(-0.739766174546,92.078126673693,
    0.182967206955));
#3149 = CARTESIAN_POINT('',(-0.677718828212,92.49886739516,
    1.292291354968));
#3150 = CARTESIAN_POINT('',(-0.615771167905,92.918932149425,
    2.399833249202));
#3151 = CARTESIAN_POINT('',(-0.553823364809,93.338997871943,
    3.507377696331));
#3152 = CARTESIAN_POINT('',(-0.491875418922,93.759064562714,
    4.614924696354));
#3153 = CARTESIAN_POINT('',(-0.429927330246,94.179132221738,
    5.722474249271));
#3154 = CARTESIAN_POINT('',(-0.367979098779,94.599200849016,
    6.830026355083));
#3155 = CARTESIAN_POINT('',(-0.306030724523,95.019270444546,
    7.93758101379));
#3156 = CARTESIAN_POINT('',(-0.244082207477,95.43934100833,
    9.045138225391));
#3157 = CARTESIAN_POINT('',(-0.182133547641,95.859412540367,
    10.152697989886));
#3158 = CARTESIAN_POINT('',(-0.120184745015,96.279485040658,
    11.260260307276));
#3159 = CARTESIAN_POINT('',(-5.823579959856E-02,96.699558509201,
    12.36782517756));
#3160 = CARTESIAN_POINT('',(3.713288607414E-03,97.119632945998,
    13.475392600739));
#3161 = CARTESIAN_POINT('',(6.566251960333E-02,97.539708351048,
    14.582962576812));
#3162 = PCURVE('',#2690,#3163);
#3163 = DEFINITIONAL_REPRESENTATION('',(#3164),#3168);
#3164 = LINE('',#3165,#3166);
#3165 = CARTESIAN_POINT('',(465.7131581619,0.));
#3166 = VECTOR('',#3167,1.);
#3167 = DIRECTION('',(0.,1.));
#3168 = ( GEOMETRIC_REPRESENTATION_CONTEXT(2) 
PARAMETRIC_REPRESENTATION_CONTEXT() REPRESENTATION_CONTEXT('2D SPACE',''
  ) );
#3169 = ORIENTED_EDGE('',*,*,#3170,.F.);
#3170 = EDGE_CURVE('',#3171,#3048,#3173,.T.);
#3171 = VERTEX_POINT('',#3172);
#3172 = CARTESIAN_POINT('',(-0.291701421802,92.499540054427,0.));
#3173 = SURFACE_CURVE('',#3174,(#3197),.PCURVE_S1.);
#3174 = B_SPLINE_CURVE_WITH_KNOTS('',6,(#3175,#3176,#3177,#3178,#3179,
    #3180,#3181,#3182,#3183,#3184,#3185,#3186,#3187,#3188,#3189,#3190,
    #3191,#3192,#3193,#3194,#3195,#3196),.UNSPECIFIED.,.F.,.F.,(7,5,5,5,
    7),(0.,0.240999954919,0.48099997062,0.721000007185,1.),
  .UNSPECIFIED.);
#3175 = CARTESIAN_POINT('',(-0.291701421802,92.499540054427,0.));
#3176 = CARTESIAN_POINT('',(-0.317514777898,92.499458650861,0.));
#3177 = CARTESIAN_POINT('',(-0.344101915363,92.49747985541,0.));
#3178 = CARTESIAN_POINT('',(-0.371277479445,92.493399852843,0.));
#3179 = CARTESIAN_POINT('',(-0.398794011704,92.487039858302,0.));
#3180 = CARTESIAN_POINT('',(-0.426339139845,92.478285522664,0.));
#3181 = CARTESIAN_POINT('',(-0.480697590601,92.455993068475,0.));
#3182 = CARTESIAN_POINT('',(-0.507513408155,92.442474876642,0.));
#3183 = CARTESIAN_POINT('',(-0.53368898272,92.426540804802,0.));
#3184 = CARTESIAN_POINT('',(-0.5588636436,92.408259787955,0.));
#3185 = CARTESIAN_POINT('',(-0.582694977787,92.387814939723,0.));
#3186 = CARTESIAN_POINT('',(-0.627117101791,92.343122071399,0.));
#3187 = CARTESIAN_POINT('',(-0.647707805058,92.318874124575,0.));
#3188 = CARTESIAN_POINT('',(-0.666400821578,92.292986374618,0.));
#3189 = CARTESIAN_POINT('',(-0.682981448533,92.265802077489,0.));
#3190 = CARTESIAN_POINT('',(-0.697339062958,92.237702844543,0.));
#3191 = CARTESIAN_POINT('',(-0.723535033527,92.175750177055,0.));
#3192 = CARTESIAN_POINT('',(-0.734585019582,92.141703800627,0.));
#3193 = CARTESIAN_POINT('',(-0.742568982221,92.107490019209,0.));
#3194 = CARTESIAN_POINT('',(-0.747621786986,92.073659666008,0.));
#3195 = CARTESIAN_POINT('',(-0.75,92.040637955314,0.));
#3196 = CARTESIAN_POINT('',(-0.75,92.008730883128,0.));
#3197 = PCURVE('',#2690,#3198);
#3198 = DEFINITIONAL_REPRESENTATION('',(#3199),#3222);
#3199 = B_SPLINE_CURVE_WITH_KNOTS('',6,(#3200,#3201,#3202,#3203,#3204,
    #3205,#3206,#3207,#3208,#3209,#3210,#3211,#3212,#3213,#3214,#3215,
    #3216,#3217,#3218,#3219,#3220,#3221),.UNSPECIFIED.,.F.,.F.,(7,5,5,5,
    7),(0.,0.240999954919,0.48099997062,0.721000007185,1.),
  .UNSPECIFIED.);
#3200 = CARTESIAN_POINT('',(0.,465.70971235688));
#3201 = CARTESIAN_POINT('',(18.706147894737,465.70952143372));
#3202 = CARTESIAN_POINT('',(37.412294726585,465.70923166673));
#3203 = CARTESIAN_POINT('',(56.11844044577,465.70883437817));
#3204 = CARTESIAN_POINT('',(74.824585046459,465.70832256574));
#3205 = CARTESIAN_POINT('',(93.53072858252,465.7076928565));
#3206 = CARTESIAN_POINT('',(130.86539950525,465.70620355872));
#3207 = CARTESIAN_POINT('',(149.49392692701,465.70534493175));
#3208 = CARTESIAN_POINT('',(168.12245342063,465.70437215334));
#3209 = CARTESIAN_POINT('',(186.7509791356,465.7032911985));
#3210 = CARTESIAN_POINT('',(205.37950429122,465.70211352068));
#3211 = CARTESIAN_POINT('',(242.6365554798,465.6995944692));
#3212 = CARTESIAN_POINT('',(261.26508154117,465.69825309974));
#3213 = CARTESIAN_POINT('',(279.89360745642,465.69684473803));
#3214 = CARTESIAN_POINT('',(298.52213351086,465.6953877958));
#3215 = CARTESIAN_POINT('',(317.15065997394,465.69390182895));
#3216 = CARTESIAN_POINT('',(357.43484588622,465.69066485752));
#3217 = CARTESIAN_POINT('',(379.09050556905,465.68891002806));
#3218 = CARTESIAN_POINT('',(400.7461664086,465.68716899166));
#3219 = CARTESIAN_POINT('',(422.40182871436,465.68546787854));
#3220 = CARTESIAN_POINT('',(444.05749262764,465.68382577392));
#3221 = CARTESIAN_POINT('',(465.7131581619,465.68225561292));
#3222 = ( GEOMETRIC_REPRESENTATION_CONTEXT(2) 
PARAMETRIC_REPRESENTATION_CONTEXT() REPRESENTATION_CONTEXT('2D SPACE',''
  ) );
#3223 = ORIENTED_EDGE('',*,*,#3224,.F.);
#3224 = EDGE_CURVE('',#2661,#3171,#3225,.T.);
#3225 = SURFACE_CURVE('',#3226,(#3337),.PCURVE_S1.);
#3226 = B_SPLINE_CURVE_WITH_KNOTS('',13,(#3227,#3228,#3229,#3230,#3231,
    #3232,#3233,#3234,#3235,#3236,#3237,#3238,#3239,#3240,#3241,#3242,
    #3243,#3244,#3245,#3246,#3247,#3248,#3249,#3250,#3251,#3252,#3253,
    #3254,#3255,#3256,#3257,#3258,#3259,#3260,#3261,#3262,#3263,#3264,
    #3265,#3266,#3267,#3268,#3269,#3270,#3271,#3272,#3273,#3274,#3275,
    #3276,#3277,#3278,#3279,#3280,#3281,#3282,#3283,#3284,#3285,#3286,
    #3287,#3288,#3289,#3290,#3291,#3292,#3293,#3294,#3295,#3296,#3297,
    #3298,#3299,#3300,#3301,#3302,#3303,#3304,#3305,#3306,#3307,#3308,
    #3309,#3310,#3311,#3312,#3313,#3314,#3315,#3316,#3317,#3318,#3319,
    #3320,#3321,#3322,#3323,#3324,#3325,#3326,#3327,#3328,#3329,#3330,
    #3331,#3332,#3333,#3334,#3335,#3336),.UNSPECIFIED.,.F.,.F.,(14,12,12
    ,12,12,12,12,12,12,14),(-2.141696806265,-3.445805024885E-03,0.,
    64.295686696627,128.59137339325,337.1148931586,401.41057985523,
    465.70626655185,465.70971235688,467.84796334184),.UNSPECIFIED.);
#3227 = CARTESIAN_POINT('',(0.517375706021,-97.96038554642,
    14.39802289611));
#3228 = CARTESIAN_POINT('',(0.455139003897,-97.54032050334,
    13.290482673333));
#3229 = CARTESIAN_POINT('',(0.392902301771,-97.12025546113,
    12.182942450555));
#3230 = CARTESIAN_POINT('',(0.330665599642,-96.70019041979,
    11.075402227778));
#3231 = CARTESIAN_POINT('',(0.26842889751,-96.28012537933,9.967862005));
#3232 = CARTESIAN_POINT('',(0.206192195375,-95.86006033973,
    8.860321782222));
#3233 = CARTESIAN_POINT('',(0.143955493237,-95.43999530102,
    7.752781559444));
#3234 = CARTESIAN_POINT('',(8.171879109726E-02,-95.01993026317,
    6.645241336667));
#3235 = CARTESIAN_POINT('',(1.948208895428E-02,-94.5998652262,
    5.537701113889));
#3236 = CARTESIAN_POINT('',(-4.275461319146E-02,-94.1798001901,
    4.430160891111));
#3237 = CARTESIAN_POINT('',(-0.10499131534,-93.75973515487,
    3.322620668333));
#3238 = CARTESIAN_POINT('',(-0.167228017491,-93.33967012051,
    2.215080445556));
#3239 = CARTESIAN_POINT('',(-0.229464719645,-92.91960508703,
    1.107540222778));
#3240 = CARTESIAN_POINT('',(-0.291801716642,-92.49886311696,
    -1.784808080373E-03));
#3241 = CARTESIAN_POINT('',(-0.291902010026,-92.49818618921,
    -3.569590119538E-03));
#3242 = CARTESIAN_POINT('',(-0.292002301934,-92.4975092715,
    -5.354345796127E-03));
#3243 = CARTESIAN_POINT('',(-0.292102592419,-92.49683236293,
    -7.139075947035E-03));
#3244 = CARTESIAN_POINT('',(-0.292202881379,-92.49615546538,
    -8.923778916488E-03));
#3245 = CARTESIAN_POINT('',(-0.292303168971,-92.49547857568,
    -1.070845733341E-02));
#3246 = CARTESIAN_POINT('',(-0.292403454998,-92.49480169821,
    -1.249310777839E-02));
#3247 = CARTESIAN_POINT('',(-0.292503739663,-92.49412482798,
    -1.427773393665E-02));
#3248 = CARTESIAN_POINT('',(-0.292604022794,-92.49344796967,
    -1.606233252134E-02));
#3249 = CARTESIAN_POINT('',(-0.292704304511,-92.4927711197,
    -1.7846905943E-02));
#3250 = CARTESIAN_POINT('',(-0.292804584746,-92.49209428026,
    -1.963145277696E-02));
#3251 = CARTESIAN_POINT('',(-0.292904863529,-92.49141745032,
    -2.141597367847E-02));
#3252 = CARTESIAN_POINT('',(-2.164091642683,-79.86187362475,
    -33.32030086454));
#3253 = CARTESIAN_POINT('',(-3.526994878866,-70.63762687449,
    -57.52801928027));
#3254 = CARTESIAN_POINT('',(-4.607026371416,-63.30747817921,
    -76.67461254287));
#3255 = CARTESIAN_POINT('',(-5.483943957679,-57.33662675513,
    -92.18604530482));
#3256 = CARTESIAN_POINT('',(-6.21879623079,-52.31567767847,
    -105.1538025554));
#3257 = CARTESIAN_POINT('',(-6.842754976797,-48.03550332256,
    -116.1352310845));
#3258 = CARTESIAN_POINT('',(-7.380663794873,-44.32938125745,
    -125.5745604752));
#3259 = CARTESIAN_POINT('',(-7.851075540208,-41.07274157599,
    -133.803575741));
#3260 = CARTESIAN_POINT('',(-8.264391643305,-38.19563828742,
    -141.0083542966));
#3261 = CARTESIAN_POINT('',(-8.632185315348,-35.62024838252,
    -147.3959561514));
#3262 = CARTESIAN_POINT('',(-8.960826175982,-33.30360773438,
    -153.0804445107));
#3263 = CARTESIAN_POINT('',(-9.256604091021,-31.20326091602,
    -158.1744969448));
#3264 = CARTESIAN_POINT('',(-9.791650805696,-27.37273208297,
    -167.3470475071));
#3265 = CARTESIAN_POINT('',(-10.03093159686,-25.64246968016,
    -171.4257600326));
#3266 = CARTESIAN_POINT('',(-10.24666734739,-24.06540032856,
    -175.0811622175));
#3267 = CARTESIAN_POINT('',(-10.44239666747,-22.61745600009,
    -178.3768304499));
#3268 = CARTESIAN_POINT('',(-10.62086901916,-21.27982884257,
    -181.3622794969));
#3269 = CARTESIAN_POINT('',(-10.7842798496,-20.03739298427,
    -184.0771696965));
#3270 = CARTESIAN_POINT('',(-10.93441642213,-18.87772501097,
    -186.5539171553));
#3271 = CARTESIAN_POINT('',(-11.07274978522,-17.79048579774,
    -188.8193402339));
#3272 = CARTESIAN_POINT('',(-11.20049835474,-16.76699281924,
    -190.8957975267));
#3273 = CARTESIAN_POINT('',(-11.31867870794,-15.79987866276,
    -192.8020958337));
#3274 = CARTESIAN_POINT('',(-11.4281492199,-14.88279790288,
    -194.5542685054));
#3275 = CARTESIAN_POINT('',(-11.5296422865,-14.01021108054,
    -196.1661476752));
#3276 = CARTESIAN_POINT('',(-11.92904857412,-10.47618000002,
    -202.4602009187));
#3277 = CARTESIAN_POINT('',(-12.15685573111,-8.192487669806,
    -205.9187276269));
#3278 = CARTESIAN_POINT('',(-12.32842957234,-6.164760290594,
    -208.4304682606));
#3279 = CARTESIAN_POINT('',(-12.45185883693,-4.293125879687,
    -210.1761107297));
#3280 = CARTESIAN_POINT('',(-12.53422955498,-2.55977927742,
    -211.304959038));
#3281 = CARTESIAN_POINT('',(-12.57344438839,-0.808116080566,
    -211.8315843281));
#3282 = CARTESIAN_POINT('',(-12.57344438816,0.808116080565,
    -211.8315843254));
#3283 = CARTESIAN_POINT('',(-12.53422955517,2.559779277423,
    -211.3049590402));
#3284 = CARTESIAN_POINT('',(-12.45185883681,4.29312587968,
    -210.1761107282));
#3285 = CARTESIAN_POINT('',(-12.3284295724,6.164760290602,
    -208.4304682614));
#3286 = CARTESIAN_POINT('',(-12.15685573109,8.1924876698,-205.9187276266
    ));
#3287 = CARTESIAN_POINT('',(-11.92904857413,10.476180000033,
    -202.4602009188));
#3288 = CARTESIAN_POINT('',(-11.5296422865,14.01021108054,
    -196.1661476751));
#3289 = CARTESIAN_POINT('',(-11.42814921991,14.882797902911,
    -194.5542685056));
#3290 = CARTESIAN_POINT('',(-11.31867870789,15.799878662689,
    -192.8020958329));
#3291 = CARTESIAN_POINT('',(-11.20049835484,16.766992819409,
    -190.8957975284));
#3292 = CARTESIAN_POINT('',(-11.07274978505,17.790485797468,
    -188.819340231));
#3293 = CARTESIAN_POINT('',(-10.93441642236,18.877725011339,
    -186.5539171592));
#3294 = CARTESIAN_POINT('',(-10.78427984936,20.037392983903,
    -184.0771696923));
#3295 = CARTESIAN_POINT('',(-10.62086901936,21.279828842884,
    -181.3622795005));
#3296 = CARTESIAN_POINT('',(-10.44239666733,22.617455999888,
    -178.3768304475));
#3297 = CARTESIAN_POINT('',(-10.24666734746,24.065400328673,
    -175.0811622187));
#3298 = CARTESIAN_POINT('',(-10.03093159683,25.642469680125,
    -171.4257600322));
#3299 = CARTESIAN_POINT('',(-9.7916508057,27.372732082979,
    -167.3470475072));
#3300 = CARTESIAN_POINT('',(-9.256604091019,31.203260916017,
    -158.1744969448));
#3301 = CARTESIAN_POINT('',(-8.96082617599,33.303607734443,
    -153.0804445108));
#3302 = CARTESIAN_POINT('',(-8.632185315328,35.620248382355,
    -147.3959561511));
#3303 = CARTESIAN_POINT('',(-8.264391643346,38.195638287803,
    -141.0083542971));
#3304 = CARTESIAN_POINT('',(-7.851075540139,41.072741575327,
    -133.80357574));
#3305 = CARTESIAN_POINT('',(-7.380663794966,44.329381258368,
    -125.5745604766));
#3306 = CARTESIAN_POINT('',(-6.842754976697,48.035503321575,
    -116.135231083));
#3307 = CARTESIAN_POINT('',(-6.218796230876,52.31567767932,
    -105.1538025568));
#3308 = CARTESIAN_POINT('',(-5.483943957621,57.336626754575,
    -92.18604530389));
#3309 = CARTESIAN_POINT('',(-4.607026371446,63.307478179495,
    -76.67461254336));
#3310 = CARTESIAN_POINT('',(-3.526994878854,70.637626874394,
    -57.52801928008));
#3311 = CARTESIAN_POINT('',(-2.164091642686,79.861873624772,
    -33.32030086459));
#3312 = CARTESIAN_POINT('',(-0.292904863529,92.491417450327,
    -2.141597367411E-02));
#3313 = CARTESIAN_POINT('',(-0.292804584748,92.492094280225,
    -1.963145282773E-02));
#3314 = CARTESIAN_POINT('',(-0.292704304504,92.492771119833,
    -1.784690578097E-02));
#3315 = CARTESIAN_POINT('',(-0.292604022809,92.493447969405,
    -1.606233286824E-02));
#3316 = CARTESIAN_POINT('',(-0.292503739638,92.494124828409,
    -1.427773338141E-02));
#3317 = CARTESIAN_POINT('',(-0.292403455033,92.494801697696,
    -1.249310847741E-02));
#3318 = CARTESIAN_POINT('',(-0.292303168934,92.495478576189,
    -1.070845663048E-02));
#3319 = CARTESIAN_POINT('',(-0.292202881411,92.49615546499,
    -8.923779486219E-03));
#3320 = CARTESIAN_POINT('',(-0.292102592397,92.496832363177,
    -7.139075578083E-03));
#3321 = CARTESIAN_POINT('',(-0.292002301946,92.497509271388,
    -5.354345982615E-03));
#3322 = CARTESIAN_POINT('',(-0.291902010021,92.498186189258,
    -3.569590050786E-03));
#3323 = CARTESIAN_POINT('',(-0.291801716643,92.498863116959,
    -1.784808095678E-03));
#3324 = CARTESIAN_POINT('',(-0.229464719475,92.91960508943,
    1.107540223846));
#3325 = CARTESIAN_POINT('',(-0.167228017148,93.339670124433,
    2.215080447691));
#3326 = CARTESIAN_POINT('',(-0.104991314821,93.759735159436,
    3.322620671537));
#3327 = CARTESIAN_POINT('',(-4.275461249371E-02,94.179800194439,
    4.430160895382));
#3328 = CARTESIAN_POINT('',(1.948208983335E-02,94.599865229443,
    5.537701119228));
#3329 = CARTESIAN_POINT('',(8.171879216041E-02,95.019930264446,
    6.645241343073));
#3330 = CARTESIAN_POINT('',(0.143955494487,95.439995299449,
    7.752781566919));
#3331 = CARTESIAN_POINT('',(0.206192196815,95.860060334452,
    8.860321790764));
#3332 = CARTESIAN_POINT('',(0.268428899142,96.280125369455,9.96786201461
    ));
#3333 = CARTESIAN_POINT('',(0.330665601469,96.700190404458,
    11.075402238455));
#3334 = CARTESIAN_POINT('',(0.392902303796,97.120255439461,
    12.182942462301));
#3335 = CARTESIAN_POINT('',(0.455139006123,97.540320474465,
    13.290482686146));
#3336 = CARTESIAN_POINT('',(0.51737570845,97.960385509468,
    14.398022909992));
#3337 = PCURVE('',#2690,#3338);
#3338 = DEFINITIONAL_REPRESENTATION('',(#3339),#3343);
#3339 = LINE('',#3340,#3341);
#3340 = CARTESIAN_POINT('',(0.,0.));
#3341 = VECTOR('',#3342,1.);
#3342 = DIRECTION('',(0.,1.));
#3343 = ( GEOMETRIC_REPRESENTATION_CONTEXT(2) 
PARAMETRIC_REPRESENTATION_CONTEXT() REPRESENTATION_CONTEXT('2D SPACE',''
  ) );
#3344 = ( GEOMETRIC_REPRESENTATION_CONTEXT(3) 
GLOBAL_UNCERTAINTY_ASSIGNED_CONTEXT((#3348)) 
GLOBAL_UNIT_ASSIGNED_CONTEXT((#3345,#3346,#3347)) REPRESENTATION_CONTEXT
('Context #1','3D Context with UNIT and UNCERTAINTY') );
#3345 = ( LENGTH_UNIT() NAMED_UNIT(*) SI_UNIT(.MILLI.,.METRE.) );
#3346 = ( NAMED_UNIT(*) PLANE_ANGLE_UNIT() SI_UNIT($,.RADIAN.) );
#3347 = ( NAMED_UNIT(*) SI_UNIT($,.STERADIAN.) SOLID_ANGLE_UNIT() );
#3348 = UNCERTAINTY_MEASURE_WITH_UNIT(LENGTH_MEASURE(1.E-04),#3345,
  'distance_accuracy_value','confusion accuracy');
#3349 = CONTEXT_DEPENDENT_SHAPE_REPRESENTATION(#3350,#3352);
#3350 = ( REPRESENTATION_RELATIONSHIP('','',#2653,#10) 
REPRESENTATION_RELATIONSHIP_WITH_TRANSFORMATION(#3351) 
SHAPE_REPRESENTATION_RELATIONSHIP() );
#3351 = ITEM_DEFINED_TRANSFORMATION('','',#11,#55);
#3352 = PRODUCT_DEFINITION_SHAPE('Placement','Placement of an item',
  #3353);
#3353 = NEXT_ASSEMBLY_USAGE_OCCURRENCE('11','','',#5,#2648,$);
#3354 = PRODUCT_RELATED_PRODUCT_CATEGORY('part',$,(#2650));
#3355 = SHAPE_DEFINITION_REPRESENTATION(#3356,#3362);
#3356 = PRODUCT_DEFINITION_SHAPE('','',#3357);
#3357 = PRODUCT_DEFINITION('design','',#3358,#3361);
#3358 = PRODUCT_DEFINITION_FORMATION('','',#3359);
#3359 = PRODUCT('Open CASCADE STEP translator 7.8 1.12',
  'Open CASCADE STEP translator 7.8 1.12','',(#3360));
#3360 = PRODUCT_CONTEXT('',#2,'mechanical');
#3361 = PRODUCT_DEFINITION_CONTEXT('part definition',#2,'design');
#3362 = MANIFOLD_SURFACE_SHAPE_REPRESENTATION('',(#11,#3363),#3390);
#3363 = SHELL_BASED_SURFACE_MODEL('',(#3364));
#3364 = OPEN_SHELL('',(#3365));
#3365 = ADVANCED_FACE('',(#3366),#3379,.F.);
#3366 = FACE_BOUND('',#3367,.T.);
#3367 = EDGE_LOOP('',(#3368));
#3368 = ORIENTED_EDGE('',*,*,#3369,.F.);
#3369 = EDGE_CURVE('',#3370,#3370,#3372,.T.);
#3370 = VERTEX_POINT('',#3371);
#3371 = CARTESIAN_POINT('',(0.25,-6.123031769112E-17,-243.340540541));
#3372 = SURFACE_CURVE('',#3373,(#3378),.PCURVE_S1.);
#3373 = CIRCLE('',#3374,0.25);
#3374 = AXIS2_PLACEMENT_3D('',#3375,#3376,#3377);
#3375 = CARTESIAN_POINT('',(0.,0.,-243.340540541));
#3376 = DIRECTION('',(0.,0.,1.));
#3377 = DIRECTION('',(1.,0.,-0.));
#3378 = PCURVE('',#3379,#3384);
#3379 = PLANE('',#3380);
#3380 = AXIS2_PLACEMENT_3D('',#3381,#3382,#3383);
#3381 = CARTESIAN_POINT('',(0.,0.,-243.340540541));
#3382 = DIRECTION('',(0.,0.,1.));
#3383 = DIRECTION('',(1.,0.,-0.));
#3384 = DEFINITIONAL_REPRESENTATION('',(#3385),#3389);
#3385 = CIRCLE('',#3386,0.25);
#3386 = AXIS2_PLACEMENT_2D('',#3387,#3388);
#3387 = CARTESIAN_POINT('',(0.,0.));
#3388 = DIRECTION('',(1.,0.));
#3389 = ( GEOMETRIC_REPRESENTATION_CONTEXT(2) 
PARAMETRIC_REPRESENTATION_CONTEXT() REPRESENTATION_CONTEXT('2D SPACE',''
  ) );
#3390 = ( GEOMETRIC_REPRESENTATION_CONTEXT(3) 
GLOBAL_UNCERTAINTY_ASSIGNED_CONTEXT((#3394)) 
GLOBAL_UNIT_ASSIGNED_CONTEXT((#3391,#3392,#3393)) REPRESENTATION_CONTEXT
('Context #1','3D Context with UNIT and UNCERTAINTY') );
#3391 = ( LENGTH_UNIT() NAMED_UNIT(*) SI_UNIT(.MILLI.,.METRE.) );
#3392 = ( NAMED_UNIT(*) PLANE_ANGLE_UNIT() SI_UNIT($,.RADIAN.) );
#3393 = ( NAMED_UNIT(*) SI_UNIT($,.STERADIAN.) SOLID_ANGLE_UNIT() );
#3394 = UNCERTAINTY_MEASURE_WITH_UNIT(LENGTH_MEASURE(1.E-07),#3391,
  'distance_accuracy_value','confusion accuracy');
#3395 = CONTEXT_DEPENDENT_SHAPE_REPRESENTATION(#3396,#3398);
#3396 = ( REPRESENTATION_RELATIONSHIP('','',#3362,#10) 
REPRESENTATION_RELATIONSHIP_WITH_TRANSFORMATION(#3397) 
SHAPE_REPRESENTATION_RELATIONSHIP() );
#3397 = ITEM_DEFINED_TRANSFORMATION('','',#11,#59);
#3398 = PRODUCT_DEFINITION_SHAPE('Placement','Placement of an item',
  #3399);
#3399 = NEXT_ASSEMBLY_USAGE_OCCURRENCE('12','','',#5,#3357,$);
#3400 = PRODUCT_RELATED_PRODUCT_CATEGORY('part',$,(#3359));
#3401 = SHAPE_DEFINITION_REPRESENTATION(#3402,#3408);
#3402 = PRODUCT_DEFINITION_SHAPE('','',#3403);
#3403 = PRODUCT_DEFINITION('design','',#3404,#3407);
#3404 = PRODUCT_DEFINITION_FORMATION('','',#3405);
#3405 = PRODUCT('Open CASCADE STEP translator 7.8 1.13',
  'Open CASCADE STEP translator 7.8 1.13','',(#3406));
#3406 = PRODUCT_CONTEXT('',#2,'mechanical');
#3407 = PRODUCT_DEFINITION_CONTEXT('part definition',#2,'design');
#3408 = MANIFOLD_SURFACE_SHAPE_REPRESENTATION('',(#11,#3409),#3795);
#3409 = SHELL_BASED_SURFACE_MODEL('',(#3410));
#3410 = OPEN_SHELL('',(#3411));
#3411 = ADVANCED_FACE('',(#3412),#3426,.T.);
#3412 = FACE_BOUND('',#3413,.T.);
#3413 = EDGE_LOOP('',(#3414,#3603,#3673,#3727));
#3414 = ORIENTED_EDGE('',*,*,#3415,.T.);
#3415 = EDGE_CURVE('',#3416,#3418,#3420,.T.);
#3416 = VERTEX_POINT('',#3417);
#3417 = CARTESIAN_POINT('',(12.512580069792,0.,-210.9938428433));
#3418 = VERTEX_POINT('',#3419);
#3419 = CARTESIAN_POINT('',(12.541099357521,0.,-210.8091960437));
#3420 = SURFACE_CURVE('',#3421,(#3425),.PCURVE_S1.);
#3421 = ( BOUNDED_CURVE() B_SPLINE_CURVE(2,(#3422,#3423,#3424),
.UNSPECIFIED.,.F.,.F.) B_SPLINE_CURVE_WITH_KNOTS((3,3),(0.,
232.71476112423),.PIECEWISE_BEZIER_KNOTS.) CURVE() 
GEOMETRIC_REPRESENTATION_ITEM() RATIONAL_B_SPLINE_CURVE((1.,
0.978214681199,1.)) REPRESENTATION_ITEM('') );
#3422 = CARTESIAN_POINT('',(12.512580069792,0.,-210.9938428433));
#3423 = CARTESIAN_POINT('',(12.546432503608,-7.105427357601E-15,
    -210.9045456125));
#3424 = CARTESIAN_POINT('',(12.541099357521,0.,-210.8091960437));
#3425 = PCURVE('',#3426,#3598);
#3426 = ( BOUNDED_SURFACE() B_SPLINE_SURFACE(2,12,(
    (#3427,#3428,#3429,#3430,#3431,#3432,#3433,#3434,#3435,#3436,#3437
      ,#3438,#3439,#3440,#3441,#3442,#3443,#3444,#3445,#3446,#3447,#3448
      ,#3449,#3450,#3451,#3452,#3453,#3454,#3455,#3456,#3457,#3458,#3459
      ,#3460,#3461,#3462,#3463,#3464,#3465,#3466,#3467,#3468,#3469,#3470
      ,#3471,#3472,#3473,#3474,#3475,#3476,#3477,#3478,#3479,#3480,#3481
      ,#3482,#3483)
    ,(#3484,#3485,#3486,#3487,#3488,#3489,#3490,#3491,#3492,#3493,#3494
      ,#3495,#3496,#3497,#3498,#3499,#3500,#3501,#3502,#3503,#3504,#3505
      ,#3506,#3507,#3508,#3509,#3510,#3511,#3512,#3513,#3514,#3515,#3516
      ,#3517,#3518,#3519,#3520,#3521,#3522,#3523,#3524,#3525,#3526,#3527
      ,#3528,#3529,#3530,#3531,#3532,#3533,#3534,#3535,#3536,#3537,#3538
      ,#3539,#3540)
    ,(#3541,#3542,#3543,#3544,#3545,#3546,#3547,#3548,#3549,#3550,#3551
      ,#3552,#3553,#3554,#3555,#3556,#3557,#3558,#3559,#3560,#3561,#3562
      ,#3563,#3564,#3565,#3566,#3567,#3568,#3569,#3570,#3571,#3572,#3573
      ,#3574,#3575,#3576,#3577,#3578,#3579,#3580,#3581,#3582,#3583,#3584
      ,#3585,#3586,#3587,#3588,#3589,#3590,#3591,#3592,#3593,#3594,#3595
      ,#3596,#3597
)),.UNSPECIFIED.,.F.,.F.,.F.) B_SPLINE_SURFACE_WITH_KNOTS((3,3),(13,11,
    11,11,11,13),(0.,232.71476112423),(232.70812254086,290.88515317607,
    349.06218381129,465.41624508172,465.42288366509,469.86444642402),
.UNSPECIFIED.) GEOMETRIC_REPRESENTATION_ITEM() RATIONAL_B_SPLINE_SURFACE
((
    (1.,1.,1.,1.,1.,1.,1.,1.,1.,1.,1.,1.,1.,1.,1.,1.,1.,1.,1.,1.,1.,1.
      ,1.,1.,1.,1.,1.,1.,1.,1.,1.,1.,1.,1.,1.,1.,1.,1.,1.,1.,1.,1.,1.,1.
      ,1.,1.,1.,1.,1.,1.,1.,1.,1.,1.,1.,1.,1.)
    ,(0.978214681199,0.978214681199,0.977007989191,0.97444901672
      ,0.97009526621,0.96480057797,0.958526839133,0.951605659545
      ,0.944215060118,0.936469834353,0.928509544722,0.920417086595
      ,0.904119586665,0.895914424597,0.887725939417,0.879608654155
      ,0.871602387473,0.863735579841,0.85602808439,0.848493422328
      ,0.841140503036,0.833974808737,0.826999043822,0.806641658706
      ,0.793830527645,0.781783345189,0.77047027235,0.759849462675
      ,0.749874665456,0.740499087231,0.73167757235,0.723367606956
      ,0.715529738067,0.708127674888,0.701127798249,0.701127398896
      ,0.701126999542,0.701126600193,0.701126200839,0.701125801495
      ,0.701125402143,0.7011250028,0.701124603453,0.701124204111
      ,0.701123804768,0.700856225309,0.700637623394,0.700467599683
      ,0.700346154175,0.70027328687,0.700248997768,0.70027328687
      ,0.700346154175,0.700467599683,0.700637623394,0.700856225309
      ,0.701123405427)
    ,(1.,1.,1.,1.,1.,1.,1.,1.,1.,1.,1.,1.,1.,1.,1.,1.,1.,1.,1.,1.,1.,1.
      ,1.,1.,1.,1.,1.,1.,1.,1.,1.,1.,1.,1.,1.,1.,1.,1.,1.,1.,1.,1.,1.,1.
,1.,1.,1.,1.,1.,1.,1.,1.,1.,1.,1.,1.,1.
))) REPRESENTATION_ITEM('') SURFACE() );
#3427 = CARTESIAN_POINT('',(12.512580069792,-3.064597011236E-15,
    -210.9938428433));
#3428 = CARTESIAN_POINT('',(12.512580069792,-0.8855928429,
    -210.9938428433));
#3429 = CARTESIAN_POINT('',(12.501926105847,-1.7689409986,
    -210.8414119624));
#3430 = CARTESIAN_POINT('',(12.480550668285,-2.686720487058,
    -210.5399211731));
#3431 = CARTESIAN_POINT('',(12.445810310322,-3.643811228279,
    -210.055919354));
#3432 = CARTESIAN_POINT('',(12.39937892693,-4.550364922733,
    -209.3916752765));
#3433 = CARTESIAN_POINT('',(12.345290937851,-5.483934136484,
    -208.6196936291));
#3434 = CARTESIAN_POINT('',(12.281077800566,-6.388829491413,
    -207.6851638879));
#3435 = CARTESIAN_POINT('',(12.210532337106,-7.304209741996,
    -206.6497341007));
#3436 = CARTESIAN_POINT('',(12.132299791035,-8.216580591607,
    -205.4855511151));
#3437 = CARTESIAN_POINT('',(12.047628157097,-9.136481502641,
    -204.2104085459));
#3438 = CARTESIAN_POINT('',(11.956448909851,-10.0659167405,
    -202.8205324965));
#3439 = CARTESIAN_POINT('',(11.761393040868,-11.95217143092,
    -199.8124067619));
#3440 = CARTESIAN_POINT('',(11.657511137393,-12.90895838754,
    -198.194065557));
#3441 = CARTESIAN_POINT('',(11.547370233252,-13.88322713864,
    -196.4609459433));
#3442 = CARTESIAN_POINT('',(11.430947234828,-14.87873719833,
    -194.6110789942));
#3443 = CARTESIAN_POINT('',(11.308117986424,-15.89923808022,
    -192.6411873136));
#3444 = CARTESIAN_POINT('',(11.178669688583,-16.94852962227,
    -190.5467842573));
#3445 = CARTESIAN_POINT('',(11.042308735983,-18.03052997114,
    -188.3222120139));
#3446 = CARTESIAN_POINT('',(10.898663973475,-19.1493512217,
    -185.9606185143));
#3447 = CARTESIAN_POINT('',(10.747285371805,-20.30938271669,
    -183.4538732032));
#3448 = CARTESIAN_POINT('',(10.587638121625,-21.51538200177,
    -180.7924216417));
#3449 = CARTESIAN_POINT('',(10.419092146846,-22.77257343974,
    -177.9650789656));
#3450 = CARTESIAN_POINT('',(9.884536816374,-26.7151165648,
    -168.9461286172));
#3451 = CARTESIAN_POINT('',(9.489620558297,-29.57139308458,
    -162.2177623686));
#3452 = CARTESIAN_POINT('',(9.050173915299,-32.7025179013,
    -154.6677765801));
#3453 = CARTESIAN_POINT('',(8.55882144167,-36.16251357394,
    -146.1662205225));
#3454 = CARTESIAN_POINT('',(8.005026238401,-40.02533579339,
    -136.5267538506));
#3455 = CARTESIAN_POINT('',(7.377007246864,-44.37245819822,
    -125.5407372801));
#3456 = CARTESIAN_POINT('',(6.656650021759,-49.32725292824,
    -112.8861636657));
#3457 = CARTESIAN_POINT('',(5.820856028227,-55.04610621888,
    -98.15174929048));
#3458 = CARTESIAN_POINT('',(4.83760827748,-61.74489235185,
    -80.76659182696));
#3459 = CARTESIAN_POINT('',(3.654466611822,-69.77617362264,
    -59.79448822333));
#3460 = CARTESIAN_POINT('',(2.197048913644,-79.63942907644,
    -33.90679516017));
#3461 = CARTESIAN_POINT('',(0.292896505594,-92.49147386206,
    -2.1267239237E-02));
#3462 = CARTESIAN_POINT('',(0.292787868883,-92.49220710367,
    -1.933398401929E-02));
#3463 = CARTESIAN_POINT('',(0.292679230717,-92.49294035485,
    -1.740070273753E-02));
#3464 = CARTESIAN_POINT('',(0.292570591102,-92.49367361615,
    -1.546739550616E-02));
#3465 = CARTESIAN_POINT('',(0.292461950024,-92.49440688648,
    -1.353406210623E-02));
#3466 = CARTESIAN_POINT('',(0.292353307503,-92.49514016746,
    -1.16007028487E-02));
#3467 = CARTESIAN_POINT('',(0.292244663517,-92.49587345722,
    -9.667317388045E-03));
#3468 = CARTESIAN_POINT('',(0.292136018085,-92.49660675749,
    -7.733906021637E-03));
#3469 = CARTESIAN_POINT('',(0.292027371195,-92.49734006698,
    -5.800468550572E-03));
#3470 = CARTESIAN_POINT('',(0.291918722852,-92.49807338646,
    -3.867005073077E-03));
#3471 = CARTESIAN_POINT('',(0.291810073054,-92.49880671556,
    -1.933515553873E-03));
#3472 = CARTESIAN_POINT('',(0.219007998047,-92.99018246981,1.29362398552
    ));
#3473 = CARTESIAN_POINT('',(0.146314574291,-93.48082488474,
    2.587247971041));
#3474 = CARTESIAN_POINT('',(7.362115053299E-02,-93.97146729921,
    3.880871956561));
#3475 = CARTESIAN_POINT('',(9.277267737559E-04,-94.46210971322,
    5.174495942082));
#3476 = CARTESIAN_POINT('',(-7.176569698693E-02,-94.95275212677,
    6.468119927602));
#3477 = CARTESIAN_POINT('',(-0.144459120749,-95.44339453986,
    7.761743913122));
#3478 = CARTESIAN_POINT('',(-0.217152544513,-95.93403695249,
    9.055367898643));
#3479 = CARTESIAN_POINT('',(-0.289845968278,-96.42467936466,
    10.348991884163));
#3480 = CARTESIAN_POINT('',(-0.362539392044,-96.91532177637,
    11.642615869684));
#3481 = CARTESIAN_POINT('',(-0.435232815812,-97.40596418762,
    12.936239855204));
#3482 = CARTESIAN_POINT('',(-0.507926239582,-97.89660659841,
    14.229863840725));
#3483 = CARTESIAN_POINT('',(-0.580619663352,-98.38724900873,
    15.523487826245));
#3484 = CARTESIAN_POINT('',(12.546432503608,7.105427357601E-15,
    -210.9045456125));
#3485 = CARTESIAN_POINT('',(12.546432503608,-0.867139515567,
    -210.9045456125));
#3486 = CARTESIAN_POINT('',(12.53801192811,-1.736497196457,
    -210.7539969064));
#3487 = CARTESIAN_POINT('',(12.521191844603,-2.645873736531,
    -210.4532761531));
#3488 = CARTESIAN_POINT('',(12.4937725957,-3.599338586779,
    -209.9630563998));
#3489 = CARTESIAN_POINT('',(12.456280515554,-4.49580884429,
    -209.2927478023));
#3490 = CARTESIAN_POINT('',(12.412789128009,-5.425858066103,
    -208.5151795565));
#3491 = CARTESIAN_POINT('',(12.360219688831,-6.321238618063,
    -207.5753078047));
#3492 = CARTESIAN_POINT('',(12.302226238257,-7.230027743937,
    -206.538461933));
#3493 = CARTESIAN_POINT('',(12.23716643764,-8.133529507583,
    -205.3752791078));
#3494 = CARTESIAN_POINT('',(12.166143625234,-9.044376421801,
    -204.1054855517));
#3495 = CARTESIAN_POINT('',(12.088948201799,-9.963767865205,
    -202.7253339086));
#3496 = CARTESIAN_POINT('',(11.920837617492,-11.84474307855,
    -199.7197399389));
#3497 = CARTESIAN_POINT('',(11.829645979525,-12.80727545944,
    -198.0893545692));
#3498 = CARTESIAN_POINT('',(11.732095290488,-13.78693036127,
    -196.3452778122));
#3499 = CARTESIAN_POINT('',(11.628121085458,-14.7871886345,
    -194.4863571205));
#3500 = CARTESIAN_POINT('',(11.517577962628,-15.8115789461,
    -192.5099929035));
#3501 = CARTESIAN_POINT('',(11.40024677851,-16.86372188921,
    -190.4122671658));
#3502 = CARTESIAN_POINT('',(11.27583896353,-17.94737684815,
    -188.1880206677));
#3503 = CARTESIAN_POINT('',(11.143997729583,-19.06649577636,
    -185.8308745108));
#3504 = CARTESIAN_POINT('',(11.004295799462,-20.22528822415,
    -183.3331895469));
#3505 = CARTESIAN_POINT('',(10.856229157397,-21.42830229983,
    -180.685954643));
#3506 = CARTESIAN_POINT('',(10.699206180832,-22.68052679859,
    -177.8785923737));
#3507 = CARTESIAN_POINT('',(10.190768906272,-26.66747763298,
    -168.7884091907));
#3508 = CARTESIAN_POINT('',(9.809143814122,-29.57213633448,
    -161.9654594023));
#3509 = CARTESIAN_POINT('',(9.381941968925,-32.74770848174,
    -154.3276578027));
#3510 = CARTESIAN_POINT('',(8.901972643685,-36.24814828578,
    -145.7464437435));
#3511 = CARTESIAN_POINT('',(8.359037640414,-40.1461917403,
    -136.0394869897));
#3512 = CARTESIAN_POINT('',(7.741451004427,-44.52360648577,
    -124.9978581922));
#3513 = CARTESIAN_POINT('',(7.031554569522,-49.50152070344,
    -112.3058527923));
#3514 = CARTESIAN_POINT('',(6.206624739427,-55.23451532818,
    -97.55720306923));
#3515 = CARTESIAN_POINT('',(5.23515100484,-61.93568864118,
    -80.18854296754));
#3516 = CARTESIAN_POINT('',(4.066036073418,-69.94914060406,
    -59.28632076563));
#3517 = CARTESIAN_POINT('',(2.626333029244,-79.7652029476,
    -33.54634249206));
#3518 = CARTESIAN_POINT('',(0.749912769561,-92.49868025733,
    1.559564386866E-03));
#3519 = CARTESIAN_POINT('',(0.749804646299,-92.4994139868,
    3.492664706641E-03));
#3520 = CARTESIAN_POINT('',(0.749696521593,-92.50014772587,
    5.425790852001E-03));
#3521 = CARTESIAN_POINT('',(0.749588395441,-92.50088147471,
    7.35894284594E-03));
#3522 = CARTESIAN_POINT('',(0.749480267845,-92.50161523298,
    9.292120626242E-03));
#3523 = CARTESIAN_POINT('',(0.749372138803,-92.50234900122,
    1.122532432275E-02));
#3524 = CARTESIAN_POINT('',(0.749264008317,-92.50308277874,
    1.315855373426E-02));
#3525 = CARTESIAN_POINT('',(0.749155876387,-92.50381656627,
    1.509180910404E-02));
#3526 = CARTESIAN_POINT('',(0.74904774301,-92.50455036317,
    1.702509020541E-02));
#3527 = CARTESIAN_POINT('',(0.74893960819,-92.50528416989,
    1.895839720494E-02));
#3528 = CARTESIAN_POINT('',(0.748831471924,-92.5060179862,
    2.089173000954E-02));
#3529 = CARTESIAN_POINT('',(0.676345874067,-92.99790757925,
    1.316837948697));
#3530 = CARTESIAN_POINT('',(0.603923252086,-93.48936981599,
    2.611658242375));
#3531 = CARTESIAN_POINT('',(0.531470493754,-93.98103655897,
    3.907017333981));
#3532 = CARTESIAN_POINT('',(0.459002653773,-94.4728056465,5.202646065437
    ));
#3533 = CARTESIAN_POINT('',(0.386534805655,-94.96457478925,
    6.498274942371));
#3534 = CARTESIAN_POINT('',(0.314082031281,-95.45624164109,7.79363432079
    ));
#3535 = CARTESIAN_POINT('',(0.241659410442,-95.94770387006,9.08845459405
    ));
#3536 = CARTESIAN_POINT('',(0.16928201038,-96.4388592294,10.382466379868
    ));
#3537 = CARTESIAN_POINT('',(9.696487534138E-02,-96.92960562834,
    11.67540070711));
#3538 = CARTESIAN_POINT('',(2.472301615684E-02,-97.41984120293,
    12.966989202061));
#3539 = CARTESIAN_POINT('',(-4.742860013382E-02,-97.90946438634,
    14.256964273923));
#3540 = CARTESIAN_POINT('',(-0.119475060598,-98.39837397893,
    15.545059299276));
#3541 = CARTESIAN_POINT('',(12.541099357521,-3.019038695086E-15,
    -210.8091960437));
#3542 = CARTESIAN_POINT('',(12.541099357522,-0.846945635843,
    -210.8091960437));
#3543 = CARTESIAN_POINT('',(12.532796282208,-1.696504784822,
    -210.6607480849));
#3544 = CARTESIAN_POINT('',(12.516155291557,-2.587563632797,
    -210.363229274));
#3545 = CARTESIAN_POINT('',(12.488834569819,-3.520159447491,
    -209.8747710556));
#3546 = CARTESIAN_POINT('',(12.451692602601,-4.397892396924,
    -209.2107220123));
#3547 = CARTESIAN_POINT('',(12.40835160844,-5.311393042067,
    -208.4358426003));
#3548 = CARTESIAN_POINT('',(12.356006564092,-6.19120337116,
    -207.4999827301));
#3549 = CARTESIAN_POINT('',(12.29801764118,-7.087644647033,
    -206.4632178069));
#3550 = CARTESIAN_POINT('',(12.232843478795,-7.980468941959,
    -205.2979903453));
#3551 = CARTESIAN_POINT('',(12.161482548545,-8.883213662636,
    -204.0221516911));
#3552 = CARTESIAN_POINT('',(12.083717070377,-9.79680466036,
    -202.6318082265));
#3553 = CARTESIAN_POINT('',(11.915435981553,-11.65421226626,
    -199.6231658626));
#3554 = CARTESIAN_POINT('',(11.824915132073,-12.59797650022,-198.0047733
    ));
#3555 = CARTESIAN_POINT('',(11.727983384089,-13.56052112835,
    -196.271762387));
#3556 = CARTESIAN_POINT('',(11.624528129419,-14.54549699049,
    -194.4221198385));
#3557 = CARTESIAN_POINT('',(11.514363832559,-15.55654428436,
    -192.4525285268));
#3558 = CARTESIAN_POINT('',(11.397237661399,-16.59735739483,
    -190.3584681484));
#3559 = CARTESIAN_POINT('',(11.272831662103,-17.6717560731,
    -188.1342541124));
#3560 = CARTESIAN_POINT('',(11.140761477094,-18.78376296331,
    -185.7730146146));
#3561 = CARTESIAN_POINT('',(11.000571607217,-19.93768747938,
    -183.2666059359));
#3562 = CARTESIAN_POINT('',(10.851727217166,-21.13821602948,
    -180.605465931));
#3563 = CARTESIAN_POINT('',(10.693602484829,-22.39050859009,
    -177.7784057318));
#3564 = CARTESIAN_POINT('',(10.189191512831,-26.31988770516,
    -168.760207491));
#3565 = CARTESIAN_POINT('',(9.812877766036,-29.16943536929,
    -162.0322175033));
#3566 = CARTESIAN_POINT('',(9.390601099389,-32.2954095352,
    -154.4824715546));
#3567 = CARTESIAN_POINT('',(8.915094994461,-35.75147105098,
    -145.9810539469));
#3568 = CARTESIAN_POINT('',(8.375939956946,-39.6113007655,
    -136.3416779602));
#3569 = CARTESIAN_POINT('',(7.761467865507,-43.95616960236,
    -125.3557330828));
#3570 = CARTESIAN_POINT('',(7.053668439862,-48.90929954759,
    -112.7012194232));
#3571 = CARTESIAN_POINT('',(6.229537676261,-54.62696133147,
    -97.96685594778));
#3572 = CARTESIAN_POINT('',(5.257143686693,-61.32493815374,
    -80.58174290925));
#3573 = CARTESIAN_POINT('',(4.084122216291,-69.35572094645,
    -59.6096769789));
#3574 = CARTESIAN_POINT('',(2.636158901765,-79.2187310925,
    -33.72201604239));
#3575 = CARTESIAN_POINT('',(0.740855876049,-92.07073744086,
    0.163484791387));
#3576 = CARTESIAN_POINT('',(0.740747744208,-92.07147068028,
    0.165418045083));
#3577 = CARTESIAN_POINT('',(0.740639610915,-92.07220392926,
    0.167351324737));
#3578 = CARTESIAN_POINT('',(0.740531476157,-92.07293718838,
    0.169284630605));
#3579 = CARTESIAN_POINT('',(0.740423339959,-92.07367045651,
    0.171217962163));
#3580 = CARTESIAN_POINT('',(0.740315202283,-92.07440373533,
    0.173151320251));
#3581 = CARTESIAN_POINT('',(0.740207063176,-92.07513702285,
    0.175084703788));
#3582 = CARTESIAN_POINT('',(0.74009892259,-92.07587032098,0.177018113913
    ));
#3583 = CARTESIAN_POINT('',(0.739990780564,-92.07660362824,
    0.178951549647));
#3584 = CARTESIAN_POINT('',(0.739882637073,-92.07733694556,
    0.180885011671));
#3585 = CARTESIAN_POINT('',(0.739774492129,-92.07807027247,
    0.182818499614));
#3586 = CARTESIAN_POINT('',(0.667310693941,-92.56944456348,
    1.478374969296));
#3587 = CARTESIAN_POINT('',(0.594954860209,-93.0600867511,2.772001177841
    ));
#3588 = CARTESIAN_POINT('',(0.522598844531,-93.55073017199,
    4.065630639262));
#3589 = CARTESIAN_POINT('',(0.450242646907,-94.04137482618,5.35926335356
    ));
#3590 = CARTESIAN_POINT('',(0.377886267338,-94.53202071364,
    6.652899320735));
#3591 = CARTESIAN_POINT('',(0.305529705823,-95.02266783438,
    7.946538540786));
#3592 = CARTESIAN_POINT('',(0.233172962363,-95.51331618841,
    9.240181013714));
#3593 = CARTESIAN_POINT('',(0.160816036958,-96.00396577572,
    10.533826739519));
#3594 = CARTESIAN_POINT('',(8.845892960675E-02,-96.49461659631,
    11.827475718201));
#3595 = CARTESIAN_POINT('',(1.610164031027E-02,-96.98526865019,
    13.121127949759));
#3596 = CARTESIAN_POINT('',(-5.625583093169E-02,-97.47592193734,
    14.414783434194));
#3597 = CARTESIAN_POINT('',(-0.128613484119,-97.96657645778,
    15.708442171506));
#3598 = DEFINITIONAL_REPRESENTATION('',(#3599),#3602);
#3599 = B_SPLINE_CURVE_WITH_KNOTS('',1,(#3600,#3601),.UNSPECIFIED.,.F.,
  .F.,(2,2),(0.,232.71476112423),.PIECEWISE_BEZIER_KNOTS.);
#3600 = CARTESIAN_POINT('',(0.,232.70812254086));
#3601 = CARTESIAN_POINT('',(232.71476112423,232.70812254086));
#3602 = ( GEOMETRIC_REPRESENTATION_CONTEXT(2) 
PARAMETRIC_REPRESENTATION_CONTEXT() REPRESENTATION_CONTEXT('2D SPACE',''
  ) );
#3603 = ORIENTED_EDGE('',*,*,#3604,.T.);
#3604 = EDGE_CURVE('',#3418,#3605,#3607,.T.);
#3605 = VERTEX_POINT('',#3606);
#3606 = CARTESIAN_POINT('',(0.75,-92.00873088311,2.84217094304E-14));
#3607 = SURFACE_CURVE('',#3608,(#3666),.PCURVE_S1.);
#3608 = B_SPLINE_CURVE_WITH_KNOTS('',12,(#3609,#3610,#3611,#3612,#3613,
    #3614,#3615,#3616,#3617,#3618,#3619,#3620,#3621,#3622,#3623,#3624,
    #3625,#3626,#3627,#3628,#3629,#3630,#3631,#3632,#3633,#3634,#3635,
    #3636,#3637,#3638,#3639,#3640,#3641,#3642,#3643,#3644,#3645,#3646,
    #3647,#3648,#3649,#3650,#3651,#3652,#3653,#3654,#3655,#3656,#3657,
    #3658,#3659,#3660,#3661,#3662,#3663,#3664,#3665),.UNSPECIFIED.,.F.,
  .F.,(13,11,11,11,11,13),(232.70812254086,290.88515317607,
    349.06218381129,465.41624508172,465.42288366509,469.86444642402),
  .UNSPECIFIED.);
#3609 = CARTESIAN_POINT('',(12.541099357521,-3.019038695086E-15,
    -210.8091960437));
#3610 = CARTESIAN_POINT('',(12.541099357522,-0.846945635843,
    -210.8091960437));
#3611 = CARTESIAN_POINT('',(12.532796282208,-1.696504784822,
    -210.6607480849));
#3612 = CARTESIAN_POINT('',(12.516155291557,-2.587563632797,
    -210.363229274));
#3613 = CARTESIAN_POINT('',(12.488834569819,-3.520159447491,
    -209.8747710556));
#3614 = CARTESIAN_POINT('',(12.451692602601,-4.397892396924,
    -209.2107220123));
#3615 = CARTESIAN_POINT('',(12.40835160844,-5.311393042067,
    -208.4358426003));
#3616 = CARTESIAN_POINT('',(12.356006564092,-6.19120337116,
    -207.4999827301));
#3617 = CARTESIAN_POINT('',(12.29801764118,-7.087644647033,
    -206.4632178069));
#3618 = CARTESIAN_POINT('',(12.232843478795,-7.980468941959,
    -205.2979903453));
#3619 = CARTESIAN_POINT('',(12.161482548545,-8.883213662636,
    -204.0221516911));
#3620 = CARTESIAN_POINT('',(12.083717070377,-9.79680466036,
    -202.6318082265));
#3621 = CARTESIAN_POINT('',(11.915435981553,-11.65421226626,
    -199.6231658626));
#3622 = CARTESIAN_POINT('',(11.824915132073,-12.59797650022,-198.0047733
    ));
#3623 = CARTESIAN_POINT('',(11.727983384089,-13.56052112835,
    -196.271762387));
#3624 = CARTESIAN_POINT('',(11.624528129419,-14.54549699049,
    -194.4221198385));
#3625 = CARTESIAN_POINT('',(11.514363832559,-15.55654428436,
    -192.4525285268));
#3626 = CARTESIAN_POINT('',(11.397237661399,-16.59735739483,
    -190.3584681484));
#3627 = CARTESIAN_POINT('',(11.272831662103,-17.6717560731,
    -188.1342541124));
#3628 = CARTESIAN_POINT('',(11.140761477094,-18.78376296331,
    -185.7730146146));
#3629 = CARTESIAN_POINT('',(11.000571607217,-19.93768747938,
    -183.2666059359));
#3630 = CARTESIAN_POINT('',(10.851727217166,-21.13821602948,
    -180.605465931));
#3631 = CARTESIAN_POINT('',(10.693602484829,-22.39050859009,
    -177.7784057318));
#3632 = CARTESIAN_POINT('',(10.189191512831,-26.31988770516,
    -168.760207491));
#3633 = CARTESIAN_POINT('',(9.812877766036,-29.16943536929,
    -162.0322175033));
#3634 = CARTESIAN_POINT('',(9.390601099389,-32.2954095352,
    -154.4824715546));
#3635 = CARTESIAN_POINT('',(8.915094994461,-35.75147105098,
    -145.9810539469));
#3636 = CARTESIAN_POINT('',(8.375939956946,-39.6113007655,
    -136.3416779602));
#3637 = CARTESIAN_POINT('',(7.761467865507,-43.95616960236,
    -125.3557330828));
#3638 = CARTESIAN_POINT('',(7.053668439862,-48.90929954759,
    -112.7012194232));
#3639 = CARTESIAN_POINT('',(6.229537676261,-54.62696133147,
    -97.96685594778));
#3640 = CARTESIAN_POINT('',(5.257143686693,-61.32493815374,
    -80.58174290925));
#3641 = CARTESIAN_POINT('',(4.084122216291,-69.35572094645,
    -59.6096769789));
#3642 = CARTESIAN_POINT('',(2.636158901765,-79.2187310925,
    -33.72201604239));
#3643 = CARTESIAN_POINT('',(0.740855876049,-92.07073744086,
    0.163484791387));
#3644 = CARTESIAN_POINT('',(0.740747744208,-92.07147068028,
    0.165418045083));
#3645 = CARTESIAN_POINT('',(0.740639610915,-92.07220392926,
    0.167351324737));
#3646 = CARTESIAN_POINT('',(0.740531476157,-92.07293718838,
    0.169284630605));
#3647 = CARTESIAN_POINT('',(0.740423339959,-92.07367045651,
    0.171217962163));
#3648 = CARTESIAN_POINT('',(0.740315202283,-92.07440373533,
    0.173151320251));
#3649 = CARTESIAN_POINT('',(0.740207063176,-92.07513702285,
    0.175084703788));
#3650 = CARTESIAN_POINT('',(0.74009892259,-92.07587032098,0.177018113913
    ));
#3651 = CARTESIAN_POINT('',(0.739990780564,-92.07660362824,
    0.178951549647));
#3652 = CARTESIAN_POINT('',(0.739882637073,-92.07733694556,
    0.180885011671));
#3653 = CARTESIAN_POINT('',(0.739774492129,-92.07807027247,
    0.182818499614));
#3654 = CARTESIAN_POINT('',(0.667310693941,-92.56944456348,
    1.478374969296));
#3655 = CARTESIAN_POINT('',(0.594954860209,-93.0600867511,2.772001177841
    ));
#3656 = CARTESIAN_POINT('',(0.522598844531,-93.55073017199,
    4.065630639262));
#3657 = CARTESIAN_POINT('',(0.450242646907,-94.04137482618,5.35926335356
    ));
#3658 = CARTESIAN_POINT('',(0.377886267338,-94.53202071364,
    6.652899320735));
#3659 = CARTESIAN_POINT('',(0.305529705823,-95.02266783438,
    7.946538540786));
#3660 = CARTESIAN_POINT('',(0.233172962363,-95.51331618841,
    9.240181013714));
#3661 = CARTESIAN_POINT('',(0.160816036958,-96.00396577572,
    10.533826739519));
#3662 = CARTESIAN_POINT('',(8.845892960675E-02,-96.49461659631,
    11.827475718201));
#3663 = CARTESIAN_POINT('',(1.610164031027E-02,-96.98526865019,
    13.121127949759));
#3664 = CARTESIAN_POINT('',(-5.625583093169E-02,-97.47592193734,
    14.414783434194));
#3665 = CARTESIAN_POINT('',(-0.128613484119,-97.96657645778,
    15.708442171506));
#3666 = PCURVE('',#3426,#3667);
#3667 = DEFINITIONAL_REPRESENTATION('',(#3668),#3672);
#3668 = LINE('',#3669,#3670);
#3669 = CARTESIAN_POINT('',(232.71476112423,0.));
#3670 = VECTOR('',#3671,1.);
#3671 = DIRECTION('',(0.,1.));
#3672 = ( GEOMETRIC_REPRESENTATION_CONTEXT(2) 
PARAMETRIC_REPRESENTATION_CONTEXT() REPRESENTATION_CONTEXT('2D SPACE',''
  ) );
#3673 = ORIENTED_EDGE('',*,*,#3674,.F.);
#3674 = EDGE_CURVE('',#3675,#3605,#3677,.T.);
#3675 = VERTEX_POINT('',#3676);
#3676 = CARTESIAN_POINT('',(0.291701421802,-92.49954005442,0.));
#3677 = SURFACE_CURVE('',#3678,(#3701),.PCURVE_S1.);
#3678 = B_SPLINE_CURVE_WITH_KNOTS('',6,(#3679,#3680,#3681,#3682,#3683,
    #3684,#3685,#3686,#3687,#3688,#3689,#3690,#3691,#3692,#3693,#3694,
    #3695,#3696,#3697,#3698,#3699,#3700),.UNSPECIFIED.,.F.,.F.,(7,5,5,5,
    7),(0.,0.240999815141,0.480999876808,0.72100002554,1.),
  .UNSPECIFIED.);
#3679 = CARTESIAN_POINT('',(0.291701421802,-92.49954005442,0.));
#3680 = CARTESIAN_POINT('',(0.317514789209,-92.49945865082,0.));
#3681 = CARTESIAN_POINT('',(0.34410193424,-92.4974798537,0.));
#3682 = CARTESIAN_POINT('',(0.371277501191,-92.49339984872,0.));
#3683 = CARTESIAN_POINT('',(0.398794030983,-92.48703985258,0.));
#3684 = CARTESIAN_POINT('',(0.426339151575,-92.47828551785,0.));
#3685 = CARTESIAN_POINT('',(0.480697599828,-92.45599306469,0.));
#3686 = CARTESIAN_POINT('',(0.507513422109,-92.44247486919,0.));
#3687 = CARTESIAN_POINT('',(0.533688996871,-92.42654079518,0.));
#3688 = CARTESIAN_POINT('',(0.558863654444,-92.40825977885,0.));
#3689 = CARTESIAN_POINT('',(0.582694983494,-92.38781493397,0.));
#3690 = CARTESIAN_POINT('',(0.627117102208,-92.34312207097,0.));
#3691 = CARTESIAN_POINT('',(0.647707804533,-92.31887412496,0.));
#3692 = CARTESIAN_POINT('',(0.666400819796,-92.29298637679,0.));
#3693 = CARTESIAN_POINT('',(0.682981446407,-92.26580208117,0.));
#3694 = CARTESIAN_POINT('',(0.697339061572,-92.23770284781,0.));
#3695 = CARTESIAN_POINT('',(0.723535027633,-92.17575019098,0.));
#3696 = CARTESIAN_POINT('',(0.734585011941,-92.1417038253,0.));
#3697 = CARTESIAN_POINT('',(0.742568976416,-92.10749004884,0.));
#3698 = CARTESIAN_POINT('',(0.747621784543,-92.07365969276,0.));
#3699 = CARTESIAN_POINT('',(0.75,-92.04063797174,0.));
#3700 = CARTESIAN_POINT('',(0.75,-92.00873088312,0.));
#3701 = PCURVE('',#3426,#3702);
#3702 = DEFINITIONAL_REPRESENTATION('',(#3703),#3726);
#3703 = B_SPLINE_CURVE_WITH_KNOTS('',6,(#3704,#3705,#3706,#3707,#3708,
    #3709,#3710,#3711,#3712,#3713,#3714,#3715,#3716,#3717,#3718,#3719,
    #3720,#3721,#3722,#3723,#3724,#3725),.UNSPECIFIED.,.F.,.F.,(7,5,5,5,
    7),(0.,0.240999815141,0.480999876808,0.72100002554,1.),
  .UNSPECIFIED.);
#3704 = CARTESIAN_POINT('',(0.,465.42288366509));
#3705 = CARTESIAN_POINT('',(9.347381687712,465.42251583312));
#3706 = CARTESIAN_POINT('',(18.694761243186,465.42195756957));
#3707 = CARTESIAN_POINT('',(28.042138562324,465.42119215738));
#3708 = CARTESIAN_POINT('',(37.389513628103,465.42020610865));
#3709 = CARTESIAN_POINT('',(46.736886543312,465.41899292995));
#3710 = CARTESIAN_POINT('',(65.39285207287,465.41612371804));
#3711 = CARTESIAN_POINT('',(74.701444758372,465.41446953688));
#3712 = CARTESIAN_POINT('',(84.010035556377,465.41259545314));
#3713 = CARTESIAN_POINT('',(93.318624763346,465.41051298553));
#3714 = CARTESIAN_POINT('',(102.62721281821,465.40824420735));
#3715 = CARTESIAN_POINT('',(121.244390759,465.40339135571));
#3716 = CARTESIAN_POINT('',(130.5529807019,465.40080729028));
#3717 = CARTESIAN_POINT('',(139.86157032555,465.39809420335));
#3718 = CARTESIAN_POINT('',(149.17016020703,465.39528756992));
#3719 = CARTESIAN_POINT('',(158.47875089339,465.39242506544));
#3720 = CARTESIAN_POINT('',(178.60857313335,465.38618958994));
#3721 = CARTESIAN_POINT('',(189.42980515214,465.38280926535));
#3722 = CARTESIAN_POINT('',(200.25103949266,465.37945556775));
#3723 = CARTESIAN_POINT('',(211.07227678432,465.37617882787));
#3724 = CARTESIAN_POINT('',(221.89351731818,465.3730158011));
#3725 = CARTESIAN_POINT('',(232.71476112423,465.3699913952));
#3726 = ( GEOMETRIC_REPRESENTATION_CONTEXT(2) 
PARAMETRIC_REPRESENTATION_CONTEXT() REPRESENTATION_CONTEXT('2D SPACE',''
  ) );
#3727 = ORIENTED_EDGE('',*,*,#3728,.F.);
#3728 = EDGE_CURVE('',#3416,#3675,#3729,.T.);
#3729 = SURFACE_CURVE('',#3730,(#3788),.PCURVE_S1.);
#3730 = B_SPLINE_CURVE_WITH_KNOTS('',12,(#3731,#3732,#3733,#3734,#3735,
    #3736,#3737,#3738,#3739,#3740,#3741,#3742,#3743,#3744,#3745,#3746,
    #3747,#3748,#3749,#3750,#3751,#3752,#3753,#3754,#3755,#3756,#3757,
    #3758,#3759,#3760,#3761,#3762,#3763,#3764,#3765,#3766,#3767,#3768,
    #3769,#3770,#3771,#3772,#3773,#3774,#3775,#3776,#3777,#3778,#3779,
    #3780,#3781,#3782,#3783,#3784,#3785,#3786,#3787),.UNSPECIFIED.,.F.,
  .F.,(13,11,11,11,11,13),(232.70812254086,290.88515317607,
    349.06218381129,465.41624508172,465.42288366509,469.86444642402),
  .UNSPECIFIED.);
#3731 = CARTESIAN_POINT('',(12.512580069792,-3.064597011236E-15,
    -210.9938428433));
#3732 = CARTESIAN_POINT('',(12.512580069792,-0.8855928429,
    -210.9938428433));
#3733 = CARTESIAN_POINT('',(12.501926105847,-1.7689409986,
    -210.8414119624));
#3734 = CARTESIAN_POINT('',(12.480550668285,-2.686720487058,
    -210.5399211731));
#3735 = CARTESIAN_POINT('',(12.445810310322,-3.643811228279,
    -210.055919354));
#3736 = CARTESIAN_POINT('',(12.39937892693,-4.550364922733,
    -209.3916752765));
#3737 = CARTESIAN_POINT('',(12.345290937851,-5.483934136484,
    -208.6196936291));
#3738 = CARTESIAN_POINT('',(12.281077800566,-6.388829491413,
    -207.6851638879));
#3739 = CARTESIAN_POINT('',(12.210532337106,-7.304209741996,
    -206.6497341007));
#3740 = CARTESIAN_POINT('',(12.132299791035,-8.216580591607,
    -205.4855511151));
#3741 = CARTESIAN_POINT('',(12.047628157097,-9.136481502641,
    -204.2104085459));
#3742 = CARTESIAN_POINT('',(11.956448909851,-10.0659167405,
    -202.8205324965));
#3743 = CARTESIAN_POINT('',(11.761393040868,-11.95217143092,
    -199.8124067619));
#3744 = CARTESIAN_POINT('',(11.657511137393,-12.90895838754,
    -198.194065557));
#3745 = CARTESIAN_POINT('',(11.547370233252,-13.88322713864,
    -196.4609459433));
#3746 = CARTESIAN_POINT('',(11.430947234828,-14.87873719833,
    -194.6110789942));
#3747 = CARTESIAN_POINT('',(11.308117986424,-15.89923808022,
    -192.6411873136));
#3748 = CARTESIAN_POINT('',(11.178669688583,-16.94852962227,
    -190.5467842573));
#3749 = CARTESIAN_POINT('',(11.042308735983,-18.03052997114,
    -188.3222120139));
#3750 = CARTESIAN_POINT('',(10.898663973475,-19.1493512217,
    -185.9606185143));
#3751 = CARTESIAN_POINT('',(10.747285371805,-20.30938271669,
    -183.4538732032));
#3752 = CARTESIAN_POINT('',(10.587638121625,-21.51538200177,
    -180.7924216417));
#3753 = CARTESIAN_POINT('',(10.419092146846,-22.77257343974,
    -177.9650789656));
#3754 = CARTESIAN_POINT('',(9.884536816374,-26.7151165648,
    -168.9461286172));
#3755 = CARTESIAN_POINT('',(9.489620558297,-29.57139308458,
    -162.2177623686));
#3756 = CARTESIAN_POINT('',(9.050173915299,-32.7025179013,
    -154.6677765801));
#3757 = CARTESIAN_POINT('',(8.55882144167,-36.16251357394,
    -146.1662205225));
#3758 = CARTESIAN_POINT('',(8.005026238401,-40.02533579339,
    -136.5267538506));
#3759 = CARTESIAN_POINT('',(7.377007246864,-44.37245819822,
    -125.5407372801));
#3760 = CARTESIAN_POINT('',(6.656650021759,-49.32725292824,
    -112.8861636657));
#3761 = CARTESIAN_POINT('',(5.820856028227,-55.04610621888,
    -98.15174929048));
#3762 = CARTESIAN_POINT('',(4.83760827748,-61.74489235185,
    -80.76659182696));
#3763 = CARTESIAN_POINT('',(3.654466611822,-69.77617362264,
    -59.79448822333));
#3764 = CARTESIAN_POINT('',(2.197048913644,-79.63942907644,
    -33.90679516017));
#3765 = CARTESIAN_POINT('',(0.292896505594,-92.49147386206,
    -2.1267239237E-02));
#3766 = CARTESIAN_POINT('',(0.292787868883,-92.49220710367,
    -1.933398401929E-02));
#3767 = CARTESIAN_POINT('',(0.292679230717,-92.49294035485,
    -1.740070273753E-02));
#3768 = CARTESIAN_POINT('',(0.292570591102,-92.49367361615,
    -1.546739550616E-02));
#3769 = CARTESIAN_POINT('',(0.292461950024,-92.49440688648,
    -1.353406210623E-02));
#3770 = CARTESIAN_POINT('',(0.292353307503,-92.49514016746,
    -1.16007028487E-02));
#3771 = CARTESIAN_POINT('',(0.292244663517,-92.49587345722,
    -9.667317388045E-03));
#3772 = CARTESIAN_POINT('',(0.292136018085,-92.49660675749,
    -7.733906021637E-03));
#3773 = CARTESIAN_POINT('',(0.292027371195,-92.49734006698,
    -5.800468550572E-03));
#3774 = CARTESIAN_POINT('',(0.291918722852,-92.49807338646,
    -3.867005073077E-03));
#3775 = CARTESIAN_POINT('',(0.291810073054,-92.49880671556,
    -1.933515553873E-03));
#3776 = CARTESIAN_POINT('',(0.219007998047,-92.99018246981,1.29362398552
    ));
#3777 = CARTESIAN_POINT('',(0.146314574291,-93.48082488474,
    2.587247971041));
#3778 = CARTESIAN_POINT('',(7.362115053299E-02,-93.97146729921,
    3.880871956561));
#3779 = CARTESIAN_POINT('',(9.277267737559E-04,-94.46210971322,
    5.174495942082));
#3780 = CARTESIAN_POINT('',(-7.176569698693E-02,-94.95275212677,
    6.468119927602));
#3781 = CARTESIAN_POINT('',(-0.144459120749,-95.44339453986,
    7.761743913122));
#3782 = CARTESIAN_POINT('',(-0.217152544513,-95.93403695249,
    9.055367898643));
#3783 = CARTESIAN_POINT('',(-0.289845968278,-96.42467936466,
    10.348991884163));
#3784 = CARTESIAN_POINT('',(-0.362539392044,-96.91532177637,
    11.642615869684));
#3785 = CARTESIAN_POINT('',(-0.435232815812,-97.40596418762,
    12.936239855204));
#3786 = CARTESIAN_POINT('',(-0.507926239582,-97.89660659841,
    14.229863840725));
#3787 = CARTESIAN_POINT('',(-0.580619663352,-98.38724900873,
    15.523487826245));
#3788 = PCURVE('',#3426,#3789);
#3789 = DEFINITIONAL_REPRESENTATION('',(#3790),#3794);
#3790 = LINE('',#3791,#3792);
#3791 = CARTESIAN_POINT('',(0.,0.));
#3792 = VECTOR('',#3793,1.);
#3793 = DIRECTION('',(0.,1.));
#3794 = ( GEOMETRIC_REPRESENTATION_CONTEXT(2) 
PARAMETRIC_REPRESENTATION_CONTEXT() REPRESENTATION_CONTEXT('2D SPACE',''
  ) );
#3795 = ( GEOMETRIC_REPRESENTATION_CONTEXT(3) 
GLOBAL_UNCERTAINTY_ASSIGNED_CONTEXT((#3799)) 
GLOBAL_UNIT_ASSIGNED_CONTEXT((#3796,#3797,#3798)) REPRESENTATION_CONTEXT
('Context #1','3D Context with UNIT and UNCERTAINTY') );
#3796 = ( LENGTH_UNIT() NAMED_UNIT(*) SI_UNIT(.MILLI.,.METRE.) );
#3797 = ( NAMED_UNIT(*) PLANE_ANGLE_UNIT() SI_UNIT($,.RADIAN.) );
#3798 = ( NAMED_UNIT(*) SI_UNIT($,.STERADIAN.) SOLID_ANGLE_UNIT() );
#3799 = UNCERTAINTY_MEASURE_WITH_UNIT(LENGTH_MEASURE(5.E-05),#3796,
  'distance_accuracy_value','confusion accuracy');
#3800 = CONTEXT_DEPENDENT_SHAPE_REPRESENTATION(#3801,#3803);
#3801 = ( REPRESENTATION_RELATIONSHIP('','',#3408,#10) 
REPRESENTATION_RELATIONSHIP_WITH_TRANSFORMATION(#3802) 
SHAPE_REPRESENTATION_RELATIONSHIP() );
#3802 = ITEM_DEFINED_TRANSFORMATION('','',#11,#63);
#3803 = PRODUCT_DEFINITION_SHAPE('Placement','Placement of an item',
  #3804);
#3804 = NEXT_ASSEMBLY_USAGE_OCCURRENCE('13','','',#5,#3403,$);
#3805 = PRODUCT_RELATED_PRODUCT_CATEGORY('part',$,(#3405));
#3806 = SHAPE_DEFINITION_REPRESENTATION(#3807,#3813);
#3807 = PRODUCT_DEFINITION_SHAPE('','',#3808);
#3808 = PRODUCT_DEFINITION('design','',#3809,#3812);
#3809 = PRODUCT_DEFINITION_FORMATION('','',#3810);
#3810 = PRODUCT('Open CASCADE STEP translator 7.8 1.14',
  'Open CASCADE STEP translator 7.8 1.14','',(#3811));
#3811 = PRODUCT_CONTEXT('',#2,'mechanical');
#3812 = PRODUCT_DEFINITION_CONTEXT('part definition',#2,'design');
#3813 = MANIFOLD_SURFACE_SHAPE_REPRESENTATION('',(#11,#3814),#4066);
#3814 = SHELL_BASED_SURFACE_MODEL('',(#3815));
#3815 = OPEN_SHELL('',(#3816));
#3816 = ADVANCED_FACE('',(#3817),#3831,.T.);
#3817 = FACE_BOUND('',#3818,.T.);
#3818 = EDGE_LOOP('',(#3819,#3842,#3955));
#3819 = ORIENTED_EDGE('',*,*,#3820,.F.);
#3820 = EDGE_CURVE('',#3821,#3823,#3825,.T.);
#3821 = VERTEX_POINT('',#3822);
#3822 = CARTESIAN_POINT('',(0.75,-92.00873088311,2.84217094304E-14));
#3823 = VERTEX_POINT('',#3824);
#3824 = CARTESIAN_POINT('',(0.75,92.008730883111,2.84217094304E-14));
#3825 = SURFACE_CURVE('',#3826,(#3830),.PCURVE_S1.);
#3826 = LINE('',#3827,#3828);
#3827 = CARTESIAN_POINT('',(0.75,-244.,0.));
#3828 = VECTOR('',#3829,1.);
#3829 = DIRECTION('',(0.,1.,0.));
#3830 = PCURVE('',#3831,#3836);
#3831 = PLANE('',#3832);
#3832 = AXIS2_PLACEMENT_3D('',#3833,#3834,#3835);
#3833 = CARTESIAN_POINT('',(14.397546204,-244.,-244.));
#3834 = DIRECTION('',(0.99843943467,-0.,5.584527998586E-02));
#3835 = DIRECTION('',(-5.584527998586E-02,0.,0.99843943467));
#3836 = DEFINITIONAL_REPRESENTATION('',(#3837),#3841);
#3837 = LINE('',#3838,#3839);
#3838 = CARTESIAN_POINT('',(244.38137309825,0.));
#3839 = VECTOR('',#3840,1.);
#3840 = DIRECTION('',(0.,-1.));
#3841 = ( GEOMETRIC_REPRESENTATION_CONTEXT(2) 
PARAMETRIC_REPRESENTATION_CONTEXT() REPRESENTATION_CONTEXT('2D SPACE',''
  ) );
#3842 = ORIENTED_EDGE('',*,*,#3843,.F.);
#3843 = EDGE_CURVE('',#3844,#3821,#3846,.T.);
#3844 = VERTEX_POINT('',#3845);
#3845 = CARTESIAN_POINT('',(12.541099357521,0.,-210.8091960437));
#3846 = SURFACE_CURVE('',#3847,(#3905),.PCURVE_S1.);
#3847 = B_SPLINE_CURVE_WITH_KNOTS('',12,(#3848,#3849,#3850,#3851,#3852,
    #3853,#3854,#3855,#3856,#3857,#3858,#3859,#3860,#3861,#3862,#3863,
    #3864,#3865,#3866,#3867,#3868,#3869,#3870,#3871,#3872,#3873,#3874,
    #3875,#3876,#3877,#3878,#3879,#3880,#3881,#3882,#3883,#3884,#3885,
    #3886,#3887,#3888,#3889,#3890,#3891,#3892,#3893,#3894,#3895,#3896,
    #3897,#3898,#3899,#3900,#3901,#3902,#3903,#3904),.UNSPECIFIED.,.F.,
  .F.,(13,11,11,11,11,13),(232.70812254086,290.88515317607,
    349.06218381129,465.41624508172,465.42288366509,469.86444642402),
  .UNSPECIFIED.);
#3848 = CARTESIAN_POINT('',(12.541099357521,-3.019038695086E-15,
    -210.8091960437));
#3849 = CARTESIAN_POINT('',(12.541099357522,-0.846945635843,
    -210.8091960437));
#3850 = CARTESIAN_POINT('',(12.532796282208,-1.696504784822,
    -210.6607480849));
#3851 = CARTESIAN_POINT('',(12.516155291557,-2.587563632797,
    -210.363229274));
#3852 = CARTESIAN_POINT('',(12.488834569819,-3.520159447491,
    -209.8747710556));
#3853 = CARTESIAN_POINT('',(12.451692602601,-4.397892396924,
    -209.2107220123));
#3854 = CARTESIAN_POINT('',(12.40835160844,-5.311393042067,
    -208.4358426003));
#3855 = CARTESIAN_POINT('',(12.356006564092,-6.19120337116,
    -207.4999827301));
#3856 = CARTESIAN_POINT('',(12.29801764118,-7.087644647033,
    -206.4632178069));
#3857 = CARTESIAN_POINT('',(12.232843478795,-7.980468941959,
    -205.2979903453));
#3858 = CARTESIAN_POINT('',(12.161482548545,-8.883213662636,
    -204.0221516911));
#3859 = CARTESIAN_POINT('',(12.083717070377,-9.79680466036,
    -202.6318082265));
#3860 = CARTESIAN_POINT('',(11.915435981553,-11.65421226626,
    -199.6231658626));
#3861 = CARTESIAN_POINT('',(11.824915132073,-12.59797650022,-198.0047733
    ));
#3862 = CARTESIAN_POINT('',(11.727983384089,-13.56052112835,
    -196.271762387));
#3863 = CARTESIAN_POINT('',(11.624528129419,-14.54549699049,
    -194.4221198385));
#3864 = CARTESIAN_POINT('',(11.514363832559,-15.55654428436,
    -192.4525285268));
#3865 = CARTESIAN_POINT('',(11.397237661399,-16.59735739483,
    -190.3584681484));
#3866 = CARTESIAN_POINT('',(11.272831662103,-17.6717560731,
    -188.1342541124));
#3867 = CARTESIAN_POINT('',(11.140761477094,-18.78376296331,
    -185.7730146146));
#3868 = CARTESIAN_POINT('',(11.000571607217,-19.93768747938,
    -183.2666059359));
#3869 = CARTESIAN_POINT('',(10.851727217166,-21.13821602948,
    -180.605465931));
#3870 = CARTESIAN_POINT('',(10.693602484829,-22.39050859009,
    -177.7784057318));
#3871 = CARTESIAN_POINT('',(10.189191512831,-26.31988770516,
    -168.760207491));
#3872 = CARTESIAN_POINT('',(9.812877766036,-29.16943536929,
    -162.0322175033));
#3873 = CARTESIAN_POINT('',(9.390601099389,-32.2954095352,
    -154.4824715546));
#3874 = CARTESIAN_POINT('',(8.915094994461,-35.75147105098,
    -145.9810539469));
#3875 = CARTESIAN_POINT('',(8.375939956946,-39.6113007655,
    -136.3416779602));
#3876 = CARTESIAN_POINT('',(7.761467865507,-43.95616960236,
    -125.3557330828));
#3877 = CARTESIAN_POINT('',(7.053668439862,-48.90929954759,
    -112.7012194232));
#3878 = CARTESIAN_POINT('',(6.229537676261,-54.62696133147,
    -97.96685594778));
#3879 = CARTESIAN_POINT('',(5.257143686693,-61.32493815374,
    -80.58174290925));
#3880 = CARTESIAN_POINT('',(4.084122216291,-69.35572094645,
    -59.6096769789));
#3881 = CARTESIAN_POINT('',(2.636158901765,-79.2187310925,
    -33.72201604239));
#3882 = CARTESIAN_POINT('',(0.740855876049,-92.07073744086,
    0.163484791387));
#3883 = CARTESIAN_POINT('',(0.740747744208,-92.07147068028,
    0.165418045083));
#3884 = CARTESIAN_POINT('',(0.740639610915,-92.07220392926,
    0.167351324737));
#3885 = CARTESIAN_POINT('',(0.740531476157,-92.07293718838,
    0.169284630605));
#3886 = CARTESIAN_POINT('',(0.740423339959,-92.07367045651,
    0.171217962163));
#3887 = CARTESIAN_POINT('',(0.740315202283,-92.07440373533,
    0.173151320251));
#3888 = CARTESIAN_POINT('',(0.740207063176,-92.07513702285,
    0.175084703788));
#3889 = CARTESIAN_POINT('',(0.74009892259,-92.07587032098,0.177018113913
    ));
#3890 = CARTESIAN_POINT('',(0.739990780564,-92.07660362824,
    0.178951549647));
#3891 = CARTESIAN_POINT('',(0.739882637073,-92.07733694556,
    0.180885011671));
#3892 = CARTESIAN_POINT('',(0.739774492129,-92.07807027247,
    0.182818499614));
#3893 = CARTESIAN_POINT('',(0.667310693941,-92.56944456348,
    1.478374969296));
#3894 = CARTESIAN_POINT('',(0.594954860209,-93.0600867511,2.772001177841
    ));
#3895 = CARTESIAN_POINT('',(0.522598844531,-93.55073017199,
    4.065630639262));
#3896 = CARTESIAN_POINT('',(0.450242646907,-94.04137482618,5.35926335356
    ));
#3897 = CARTESIAN_POINT('',(0.377886267338,-94.53202071364,
    6.652899320735));
#3898 = CARTESIAN_POINT('',(0.305529705823,-95.02266783438,
    7.946538540786));
#3899 = CARTESIAN_POINT('',(0.233172962363,-95.51331618841,
    9.240181013714));
#3900 = CARTESIAN_POINT('',(0.160816036958,-96.00396577572,
    10.533826739519));
#3901 = CARTESIAN_POINT('',(8.845892960675E-02,-96.49461659631,
    11.827475718201));
#3902 = CARTESIAN_POINT('',(1.610164031027E-02,-96.98526865019,
    13.121127949759));
#3903 = CARTESIAN_POINT('',(-5.625583093169E-02,-97.47592193734,
    14.414783434194));
#3904 = CARTESIAN_POINT('',(-0.128613484119,-97.96657645778,
    15.708442171506));
#3905 = PCURVE('',#3831,#3906);
#3906 = DEFINITIONAL_REPRESENTATION('',(#3907),#3954);
#3907 = B_SPLINE_CURVE_WITH_KNOTS('',12,(#3908,#3909,#3910,#3911,#3912,
    #3913,#3914,#3915,#3916,#3917,#3918,#3919,#3920,#3921,#3922,#3923,
    #3924,#3925,#3926,#3927,#3928,#3929,#3930,#3931,#3932,#3933,#3934,
    #3935,#3936,#3937,#3938,#3939,#3940,#3941,#3942,#3943,#3944,#3945,
    #3946,#3947,#3948,#3949,#3950,#3951,#3952,#3953),.UNSPECIFIED.,.F.,
  .F.,(13,11,11,11,13),(232.70812254086,290.88515317607,349.06218381129,
    465.41624508172,465.42288366509),.UNSPECIFIED.);
#3908 = CARTESIAN_POINT('',(33.242681332223,-244.));
#3909 = CARTESIAN_POINT('',(33.242681332225,-243.1530543641));
#3910 = CARTESIAN_POINT('',(33.391361315794,-242.3034952151));
#3911 = CARTESIAN_POINT('',(33.689345150126,-241.4124363673));
#3912 = CARTESIAN_POINT('',(34.178566830636,-240.4798405522));
#3913 = CARTESIAN_POINT('',(34.843653786017,-239.6021076034));
#3914 = CARTESIAN_POINT('',(35.61974433743,-238.6886069574));
#3915 = CARTESIAN_POINT('',(36.557066961345,-237.8087966292));
#3916 = CARTESIAN_POINT('',(37.595452352376,-236.9123553526));
#3917 = CARTESIAN_POINT('',(38.762501070024,-236.0195310581));
#3918 = CARTESIAN_POINT('',(40.040333865644,-235.1167863373));
#3919 = CARTESIAN_POINT('',(41.43285044338,-234.2031953396));
#3920 = CARTESIAN_POINT('',(44.446195328889,-232.3457877337));
#3921 = CARTESIAN_POINT('',(46.067117446179,-231.4020234997));
#3922 = CARTESIAN_POINT('',(47.802837063336,-230.4394788717));
#3923 = CARTESIAN_POINT('',(49.655370610891,-229.4545030094));
#3924 = CARTESIAN_POINT('',(51.628040403573,-228.4434557156));
#3925 = CARTESIAN_POINT('',(53.725373806781,-227.4026426051));
#3926 = CARTESIAN_POINT('',(55.95306430017,-226.3282439268));
#3927 = CARTESIAN_POINT('',(58.317994425384,-225.2162370367));
#3928 = CARTESIAN_POINT('',(60.828320632404,-224.0623125205));
#3929 = CARTESIAN_POINT('',(63.493620011068,-222.8617839705));
#3930 = CARTESIAN_POINT('',(66.325098918093,-221.6094914098));
#3931 = CARTESIAN_POINT('',(75.357392643346,-217.6801122948));
#3932 = CARTESIAN_POINT('',(82.095898509461,-214.8305646304));
#3933 = CARTESIAN_POINT('',(89.657444745756,-211.7045904653));
#3934 = CARTESIAN_POINT('',(98.172150105998,-208.248528948));
#3935 = CARTESIAN_POINT('',(107.82659248289,-204.3886992357));
#3936 = CARTESIAN_POINT('',(118.82970843905,-200.0438303962));
#3937 = CARTESIAN_POINT('',(131.50400116287,-195.0907004535));
#3938 = CARTESIAN_POINT('',(146.26139451296,-189.3730386677));
#3939 = CARTESIAN_POINT('',(163.6736805625,-182.6750618466));
#3940 = CARTESIAN_POINT('',(184.67852592578,-174.6442790533));
#3941 = CARTESIAN_POINT('',(210.60664939305,-164.7812689075));
#3942 = CARTESIAN_POINT('',(244.5451134171,-151.9292625591));
#3943 = CARTESIAN_POINT('',(244.54704969257,-151.9285293198));
#3944 = CARTESIAN_POINT('',(244.54898599362,-151.9277960704));
#3945 = CARTESIAN_POINT('',(244.55092232194,-151.9270628122));
#3946 = CARTESIAN_POINT('',(244.55285867426,-151.9263295426));
#3947 = CARTESIAN_POINT('',(244.55479505541,-151.9255962656));
#3948 = CARTESIAN_POINT('',(244.55673145975,-151.9248629763));
#3949 = CARTESIAN_POINT('',(244.55866789256,-151.9241296795));
#3950 = CARTESIAN_POINT('',(244.56060434985,-151.9233963714));
#3951 = CARTESIAN_POINT('',(244.56254083405,-151.9226630545));
#3952 = CARTESIAN_POINT('',(244.564477344,-151.9219297275));
#3953 = CARTESIAN_POINT('',(244.56641388011,-151.9211963908));
#3954 = ( GEOMETRIC_REPRESENTATION_CONTEXT(2) 
PARAMETRIC_REPRESENTATION_CONTEXT() REPRESENTATION_CONTEXT('2D SPACE',''
  ) );
#3955 = ORIENTED_EDGE('',*,*,#3956,.F.);
#3956 = EDGE_CURVE('',#3823,#3844,#3957,.T.);
#3957 = SURFACE_CURVE('',#3958,(#4016),.PCURVE_S1.);
#3958 = B_SPLINE_CURVE_WITH_KNOTS('',12,(#3959,#3960,#3961,#3962,#3963,
    #3964,#3965,#3966,#3967,#3968,#3969,#3970,#3971,#3972,#3973,#3974,
    #3975,#3976,#3977,#3978,#3979,#3980,#3981,#3982,#3983,#3984,#3985,
    #3986,#3987,#3988,#3989,#3990,#3991,#3992,#3993,#3994,#3995,#3996,
    #3997,#3998,#3999,#4000,#4001,#4002,#4003,#4004,#4005,#4006,#4007,
    #4008,#4009,#4010,#4011,#4012,#4013,#4014,#4015),.UNSPECIFIED.,.F.,
  .F.,(13,11,11,11,11,13),(-4.448201339065,-6.638583370593E-03,0.,
    116.35406127043,174.53109190564,232.70812254086),.UNSPECIFIED.);
#3959 = CARTESIAN_POINT('',(-0.128613486007,97.966576450213,
    15.708442174273));
#3960 = CARTESIAN_POINT('',(-5.625583248147E-02,97.475921927157,
    14.414783433216));
#3961 = CARTESIAN_POINT('',(1.610163906592E-02,96.985268637973,
    13.121127945674));
#3962 = CARTESIAN_POINT('',(8.845892863491E-02,96.494616582663,
    11.827475711649));
#3963 = CARTESIAN_POINT('',(0.160816036226,96.003965761225,
    10.533826731139));
#3964 = CARTESIAN_POINT('',(0.233172961838,95.513316173661,
    9.240181004145));
#3965 = CARTESIAN_POINT('',(0.305529705472,95.022667819969,
    7.946538530666));
#3966 = CARTESIAN_POINT('',(0.377886267127,94.53202070015,6.652899310704
    ));
#3967 = CARTESIAN_POINT('',(0.450242646804,94.041374814204,
    5.359263344257));
#3968 = CARTESIAN_POINT('',(0.522598844503,93.550730162131,
    4.065630631326));
#3969 = CARTESIAN_POINT('',(0.594954860223,93.060086743931,
    2.772001171911));
#3970 = CARTESIAN_POINT('',(0.667310693965,92.569444559603,
    1.478374966012));
#3971 = CARTESIAN_POINT('',(0.739774492129,92.078070272476,
    0.182818499617));
#3972 = CARTESIAN_POINT('',(0.739882637072,92.077336945535,
    0.180885011658));
#3973 = CARTESIAN_POINT('',(0.739990780565,92.076603628324,
    0.178951549678));
#3974 = CARTESIAN_POINT('',(0.740098922588,92.07587032082,0.177018113864
    ));
#3975 = CARTESIAN_POINT('',(0.740207063179,92.075137023128,
    0.175084703842));
#3976 = CARTESIAN_POINT('',(0.740315202279,92.074403735,0.173151320208)
  );
#3977 = CARTESIAN_POINT('',(0.740423339963,92.073670456823,
    0.171217962186));
#3978 = CARTESIAN_POINT('',(0.740531476154,92.072937188159,
    0.169284630598));
#3979 = CARTESIAN_POINT('',(0.740639610917,92.072203929381,
    0.167351324736));
#3980 = CARTESIAN_POINT('',(0.740747744207,92.071470680245,
    0.165418045083));
#3981 = CARTESIAN_POINT('',(0.740855876049,92.070737440871,
    0.163484791387));
#3982 = CARTESIAN_POINT('',(2.636158901764,79.2187310925,-33.72201604239
    ));
#3983 = CARTESIAN_POINT('',(4.084122216292,69.355720946457,
    -59.60967697891));
#3984 = CARTESIAN_POINT('',(5.257143686689,61.324938153738,
    -80.5817429092));
#3985 = CARTESIAN_POINT('',(6.22953767627,54.626961331489,
    -97.96685594793));
#3986 = CARTESIAN_POINT('',(7.053668439844,48.909299547567,
    -112.7012194229));
#3987 = CARTESIAN_POINT('',(7.761467865534,43.95616960242,
    -125.3557330832));
#3988 = CARTESIAN_POINT('',(8.375939956917,39.611300765435,
    -136.3416779598));
#3989 = CARTESIAN_POINT('',(8.915094994486,35.751471051052,
    -145.9810539473));
#3990 = CARTESIAN_POINT('',(9.390601099373,32.295409535157,
    -154.4824715544));
#3991 = CARTESIAN_POINT('',(9.812877766043,29.169435369318,
    -162.0322175034));
#3992 = CARTESIAN_POINT('',(10.189191512829,26.319887705157,
    -168.760207491));
#3993 = CARTESIAN_POINT('',(10.69360248483,22.390508590095,
    -177.7784057318));
#3994 = CARTESIAN_POINT('',(10.85172721716,21.138216029483,
    -180.6054659309));
#3995 = CARTESIAN_POINT('',(11.000571607234,19.937687479406,
    -183.2666059362));
#3996 = CARTESIAN_POINT('',(11.140761477062,18.783762963284,
    -185.7730146141));
#3997 = CARTESIAN_POINT('',(11.272831662148,17.67175607315,
    -188.134254113));
#3998 = CARTESIAN_POINT('',(11.397237661352,16.597357394792,
    -190.3584681478));
#3999 = CARTESIAN_POINT('',(11.514363832597,15.556544284403,
    -192.4525285273));
#4000 = CARTESIAN_POINT('',(11.624528129395,14.545496990473,
    -194.4221198382));
#4001 = CARTESIAN_POINT('',(11.727983384099,13.560521128367,
    -196.2717623872));
#4002 = CARTESIAN_POINT('',(11.82491513207,12.597976500224,-198.0047733)
  );
#4003 = CARTESIAN_POINT('',(11.915435981554,11.654212266263,
    -199.6231658626));
#4004 = CARTESIAN_POINT('',(12.083717070376,9.796804660356,
    -202.6318082265));
#4005 = CARTESIAN_POINT('',(12.161482548551,8.883213662659,
    -204.0221516912));
#4006 = CARTESIAN_POINT('',(12.232843478781,7.980468941893,
    -205.297990345));
#4007 = CARTESIAN_POINT('',(12.298017641207,7.087644647163,
    -206.4632178074));
#4008 = CARTESIAN_POINT('',(12.356006564054,6.191203370968,
    -207.4999827294));
#4009 = CARTESIAN_POINT('',(12.408351608481,5.311393042283,
    -208.4358426011));
#4010 = CARTESIAN_POINT('',(12.451692602564,4.397892396736,
    -209.2107220116));
#4011 = CARTESIAN_POINT('',(12.488834569845,3.520159447618,
    -209.874771056));
#4012 = CARTESIAN_POINT('',(12.516155291542,2.58756363273,
    -210.3632292737));
#4013 = CARTESIAN_POINT('',(12.532796282214,1.696504784848,
    -210.660748085));
#4014 = CARTESIAN_POINT('',(12.541099357521,0.846945635837,
    -210.8091960437));
#4015 = CARTESIAN_POINT('',(12.541099357521,0.,-210.8091960437));
#4016 = PCURVE('',#3831,#4017);
#4017 = DEFINITIONAL_REPRESENTATION('',(#4018),#4065);
#4018 = B_SPLINE_CURVE_WITH_KNOTS('',12,(#4019,#4020,#4021,#4022,#4023,
    #4024,#4025,#4026,#4027,#4028,#4029,#4030,#4031,#4032,#4033,#4034,
    #4035,#4036,#4037,#4038,#4039,#4040,#4041,#4042,#4043,#4044,#4045,
    #4046,#4047,#4048,#4049,#4050,#4051,#4052,#4053,#4054,#4055,#4056,
    #4057,#4058,#4059,#4060,#4061,#4062,#4063,#4064),.UNSPECIFIED.,.F.,
  .F.,(13,11,11,11,13),(-6.638583370593E-03,0.,116.35406127043,
    174.53109190564,232.70812254086),.UNSPECIFIED.);
#4019 = CARTESIAN_POINT('',(244.56641388011,-336.0788036091));
#4020 = CARTESIAN_POINT('',(244.564477344,-336.0780702724));
#4021 = CARTESIAN_POINT('',(244.56254083404,-336.0773369455));
#4022 = CARTESIAN_POINT('',(244.56060434992,-336.0766036282));
#4023 = CARTESIAN_POINT('',(244.55866789238,-336.0758703209));
#4024 = CARTESIAN_POINT('',(244.55673146007,-336.0751370229));
#4025 = CARTESIAN_POINT('',(244.55479505498,-336.0744037351));
#4026 = CARTESIAN_POINT('',(244.55285867468,-336.0736704566));
#4027 = CARTESIAN_POINT('',(244.55092232164,-336.0729371882));
#4028 = CARTESIAN_POINT('',(244.54898599378,-336.0722039293));
#4029 = CARTESIAN_POINT('',(244.54704969252,-336.0714706802));
#4030 = CARTESIAN_POINT('',(244.5451134171,-336.0707374408));
#4031 = CARTESIAN_POINT('',(210.60664939303,-323.2187310925));
#4032 = CARTESIAN_POINT('',(184.67852592584,-313.3557209463));
#4033 = CARTESIAN_POINT('',(163.67368056234,-305.3249381538));
#4034 = CARTESIAN_POINT('',(146.26139451327,-298.6269613312));
#4035 = CARTESIAN_POINT('',(131.50400116238,-292.9092995477));
#4036 = CARTESIAN_POINT('',(118.82970843965,-287.9561696022));
#4037 = CARTESIAN_POINT('',(107.8265924823,-283.6113007654));
#4038 = CARTESIAN_POINT('',(98.172150106451,-279.751471051));
#4039 = CARTESIAN_POINT('',(89.657444745494,-276.2954095351));
#4040 = CARTESIAN_POINT('',(82.095898509567,-273.1694353693));
#4041 = CARTESIAN_POINT('',(75.357392643322,-270.3198877051));
#4042 = CARTESIAN_POINT('',(66.325098918102,-266.3905085901));
#4043 = CARTESIAN_POINT('',(63.493620011039,-265.1382160292));
#4044 = CARTESIAN_POINT('',(60.828320632474,-263.93768748));
#4045 = CARTESIAN_POINT('',(58.31799442526,-262.783762962));
#4046 = CARTESIAN_POINT('',(55.953064300337,-261.6717560749));
#4047 = CARTESIAN_POINT('',(53.725373806607,-260.5973573928));
#4048 = CARTESIAN_POINT('',(51.628040403712,-259.5565442861));
#4049 = CARTESIAN_POINT('',(49.655370610806,-258.5454969893));
#4050 = CARTESIAN_POINT('',(47.802837063375,-257.5605211289));
#4051 = CARTESIAN_POINT('',(46.067117446165,-256.5979765));
#4052 = CARTESIAN_POINT('',(44.446195328892,-255.6542122663));
#4053 = CARTESIAN_POINT('',(41.432850443376,-253.7968046603));
#4054 = CARTESIAN_POINT('',(40.040333865663,-252.8832136627));
#4055 = CARTESIAN_POINT('',(38.762501069969,-251.9804689417));
#4056 = CARTESIAN_POINT('',(37.595452352483,-251.0876446474));
#4057 = CARTESIAN_POINT('',(36.55706696119,-250.1912033706));
#4058 = CARTESIAN_POINT('',(35.619744337598,-249.3113930425));
#4059 = CARTESIAN_POINT('',(34.843653785876,-248.3978923965));
#4060 = CARTESIAN_POINT('',(34.178566830728,-247.5201594477));
#4061 = CARTESIAN_POINT('',(33.68934515008,-246.5875636326));
#4062 = CARTESIAN_POINT('',(33.391361315812,-245.6965047848));
#4063 = CARTESIAN_POINT('',(33.242681332221,-244.8469456358));
#4064 = CARTESIAN_POINT('',(33.242681332223,-244.));
#4065 = ( GEOMETRIC_REPRESENTATION_CONTEXT(2) 
PARAMETRIC_REPRESENTATION_CONTEXT() REPRESENTATION_CONTEXT('2D SPACE',''
  ) );
#4066 = ( GEOMETRIC_REPRESENTATION_CONTEXT(3) 
GLOBAL_UNCERTAINTY_ASSIGNED_CONTEXT((#4070)) 
GLOBAL_UNIT_ASSIGNED_CONTEXT((#4067,#4068,#4069)) REPRESENTATION_CONTEXT
('Context #1','3D Context with UNIT and UNCERTAINTY') );
#4067 = ( LENGTH_UNIT() NAMED_UNIT(*) SI_UNIT(.MILLI.,.METRE.) );
#4068 = ( NAMED_UNIT(*) PLANE_ANGLE_UNIT() SI_UNIT($,.RADIAN.) );
#4069 = ( NAMED_UNIT(*) SI_UNIT($,.STERADIAN.) SOLID_ANGLE_UNIT() );
#4070 = UNCERTAINTY_MEASURE_WITH_UNIT(LENGTH_MEASURE(5.E-05),#4067,
  'distance_accuracy_value','confusion accuracy');
#4071 = CONTEXT_DEPENDENT_SHAPE_REPRESENTATION(#4072,#4074);
#4072 = ( REPRESENTATION_RELATIONSHIP('','',#3813,#10) 
REPRESENTATION_RELATIONSHIP_WITH_TRANSFORMATION(#4073) 
SHAPE_REPRESENTATION_RELATIONSHIP() );
#4073 = ITEM_DEFINED_TRANSFORMATION('','',#11,#67);
#4074 = PRODUCT_DEFINITION_SHAPE('Placement','Placement of an item',
  #4075);
#4075 = NEXT_ASSEMBLY_USAGE_OCCURRENCE('14','','',#5,#3808,$);
#4076 = PRODUCT_RELATED_PRODUCT_CATEGORY('part',$,(#3810));
#4077 = SHAPE_DEFINITION_REPRESENTATION(#4078,#4084);
#4078 = PRODUCT_DEFINITION_SHAPE('','',#4079);
#4079 = PRODUCT_DEFINITION('design','',#4080,#4083);
#4080 = PRODUCT_DEFINITION_FORMATION('','',#4081);
#4081 = PRODUCT('Open CASCADE STEP translator 7.8 1.15',
  'Open CASCADE STEP translator 7.8 1.15','',(#4082));
#4082 = PRODUCT_CONTEXT('',#2,'mechanical');
#4083 = PRODUCT_DEFINITION_CONTEXT('part definition',#2,'design');
#4084 = MANIFOLD_SURFACE_SHAPE_REPRESENTATION('',(#11,#4085),#4317);
#4085 = SHELL_BASED_SURFACE_MODEL('',(#4086));
#4086 = OPEN_SHELL('',(#4087));
#4087 = ADVANCED_FACE('',(#4088),#4102,.T.);
#4088 = FACE_BOUND('',#4089,.T.);
#4089 = EDGE_LOOP('',(#4090,#4113));
#4090 = ORIENTED_EDGE('',*,*,#4091,.T.);
#4091 = EDGE_CURVE('',#4092,#4094,#4096,.T.);
#4092 = VERTEX_POINT('',#4093);
#4093 = CARTESIAN_POINT('',(-0.75,-92.00873088311,0.));
#4094 = VERTEX_POINT('',#4095);
#4095 = CARTESIAN_POINT('',(-0.75,92.008730883111,0.));
#4096 = SURFACE_CURVE('',#4097,(#4101),.PCURVE_S1.);
#4097 = LINE('',#4098,#4099);
#4098 = CARTESIAN_POINT('',(-0.75,-244.,0.));
#4099 = VECTOR('',#4100,1.);
#4100 = DIRECTION('',(0.,1.,0.));
#4101 = PCURVE('',#4102,#4107);
#4102 = PLANE('',#4103);
#4103 = AXIS2_PLACEMENT_3D('',#4104,#4105,#4106);
#4104 = CARTESIAN_POINT('',(-0.75,-244.,0.));
#4105 = DIRECTION('',(-0.99843943467,0.,5.584527998586E-02));
#4106 = DIRECTION('',(-5.584527998586E-02,0.,-0.99843943467));
#4107 = DEFINITIONAL_REPRESENTATION('',(#4108),#4112);
#4108 = LINE('',#4109,#4110);
#4109 = CARTESIAN_POINT('',(0.,0.));
#4110 = VECTOR('',#4111,1.);
#4111 = DIRECTION('',(0.,-1.));
#4112 = ( GEOMETRIC_REPRESENTATION_CONTEXT(2) 
PARAMETRIC_REPRESENTATION_CONTEXT() REPRESENTATION_CONTEXT('2D SPACE',''
  ) );
#4113 = ORIENTED_EDGE('',*,*,#4114,.F.);
#4114 = EDGE_CURVE('',#4092,#4094,#4115,.T.);
#4115 = SURFACE_CURVE('',#4116,(#4227),.PCURVE_S1.);
#4116 = B_SPLINE_CURVE_WITH_KNOTS('',13,(#4117,#4118,#4119,#4120,#4121,
    #4122,#4123,#4124,#4125,#4126,#4127,#4128,#4129,#4130,#4131,#4132,
    #4133,#4134,#4135,#4136,#4137,#4138,#4139,#4140,#4141,#4142,#4143,
    #4144,#4145,#4146,#4147,#4148,#4149,#4150,#4151,#4152,#4153,#4154,
    #4155,#4156,#4157,#4158,#4159,#4160,#4161,#4162,#4163,#4164,#4165,
    #4166,#4167,#4168,#4169,#4170,#4171,#4172,#4173,#4174,#4175,#4176,
    #4177,#4178,#4179,#4180,#4181,#4182,#4183,#4184,#4185,#4186,#4187,
    #4188,#4189,#4190,#4191,#4192,#4193,#4194,#4195,#4196,#4197,#4198,
    #4199,#4200,#4201,#4202,#4203,#4204,#4205,#4206,#4207,#4208,#4209,
    #4210,#4211,#4212,#4213,#4214,#4215,#4216,#4217,#4218,#4219,#4220,
    #4221,#4222,#4223,#4224,#4225,#4226),.UNSPECIFIED.,.F.,.F.,(14,12,12
    ,12,12,12,12,12,12,14),(-2.141696806265,-3.445805024885E-03,0.,
    64.295686696627,128.59137339325,337.1148931586,401.41057985523,
    465.70626655185,465.70971235688,467.84796334184),.UNSPECIFIED.);
#4117 = CARTESIAN_POINT('',(6.566252290038E-02,-97.53970839131,
    14.582962561355));
#4118 = CARTESIAN_POINT('',(3.713291761104E-03,-97.1196329784,
    13.475392587683));
#4119 = CARTESIAN_POINT('',(-5.823579660661E-02,-96.69955853454,
    12.367825166703));
#4120 = CARTESIAN_POINT('',(-0.120184742203,-96.27948505972,
    11.260260298416));
#4121 = CARTESIAN_POINT('',(-0.182133545027,-95.85941255395,
    10.152697982821));
#4122 = CARTESIAN_POINT('',(-0.24408220508,-95.43934101723,
    9.045138219919));
#4123 = CARTESIAN_POINT('',(-0.306030722362,-95.01927044955,
    7.937581009709));
#4124 = CARTESIAN_POINT('',(-0.367979096872,-94.59920085092,
    6.830026352192));
#4125 = CARTESIAN_POINT('',(-0.42992732861,-94.17913222134,
    5.722474247367));
#4126 = CARTESIAN_POINT('',(-0.491875417577,-93.75906456081,
    4.614924695234));
#4127 = CARTESIAN_POINT('',(-0.553823363772,-93.33899786932,
    3.507377695794));
#4128 = CARTESIAN_POINT('',(-0.615771167196,-92.91893214688,
    2.399833249046));
#4129 = CARTESIAN_POINT('',(-0.677718827848,-92.49886739349,
    1.292291354991));
#4130 = CARTESIAN_POINT('',(-0.739766174546,-92.0781266737,
    0.182967206969));
#4131 = CARTESIAN_POINT('',(-0.739866001903,-92.077449748,0.181182426389
    ));
#4132 = CARTESIAN_POINT('',(-0.739965827797,-92.07677283219,
    0.179397672035));
#4133 = CARTESIAN_POINT('',(-0.740065652236,-92.0760959259,
    0.177612943544));
#4134 = CARTESIAN_POINT('',(-0.740165475207,-92.07541902991,
    0.175828241589));
#4135 = CARTESIAN_POINT('',(-0.740265296725,-92.07474214289,
    0.174043565186));
#4136 = CARTESIAN_POINT('',(-0.740365116777,-92.07406526667,
    0.172258915481));
#4137 = CARTESIAN_POINT('',(-0.740464935371,-92.07338839919,
    0.170474291403));
#4138 = CARTESIAN_POINT('',(-0.740564752504,-92.07271154235,
    0.168689693746));
#4139 = CARTESIAN_POINT('',(-0.740664568176,-92.07203469473,
    0.166905122047));
#4140 = CARTESIAN_POINT('',(-0.740764382389,-92.07135785717,
    0.165120576511));
#4141 = CARTESIAN_POINT('',(-0.740864195141,-92.07068102929,
    0.16333605707));
#4142 = CARTESIAN_POINT('',(-2.603354796848,-79.44117497554,
    -33.1355222156));
#4143 = CARTESIAN_POINT('',(-3.957352920046,-70.21716276239,
    -57.34321033194));
#4144 = CARTESIAN_POINT('',(-5.028269118745,-62.88746078032,
    -76.48976961651));
#4145 = CARTESIAN_POINT('',(-5.895861256684,-56.91728457162,
    -92.00116474133));
#4146 = CARTESIAN_POINT('',(-6.621178892567,-51.89725646729,
    -104.9688807332));
#4147 = CARTESIAN_POINT('',(-7.235395866106,-47.61826702027,
    -115.9502644411));
#4148 = CARTESIAN_POINT('',(-7.763359082487,-43.91361288889,
    -125.3895455307));
#4149 = CARTESIAN_POINT('',(-8.223626135391,-40.65874411991,
    -133.6185091279));
#4150 = CARTESIAN_POINT('',(-8.626604820123,-37.78373547768,
    -140.8232327909));
#4151 = CARTESIAN_POINT('',(-8.983876544688,-35.21078540724,
    -147.2107767119));
#4152 = CARTESIAN_POINT('',(-9.301821169465,-32.8969517952,
    -152.8952043216));
#4153 = CARTESIAN_POINT('',(-9.586741055612,-30.79980159956,
    -157.9891934666));
#4154 = CARTESIAN_POINT('',(-10.0997780226,-26.97649021868,
    -167.1616130411));
#4155 = CARTESIAN_POINT('',(-10.32790709523,-25.25024864545,
    -171.2402578679));
#4156 = CARTESIAN_POINT('',(-10.53235922953,-23.67763474317,
    -174.8955904839));
#4157 = CARTESIAN_POINT('',(-10.71669043803,-22.23460313318,
    -178.1911876706));
#4158 = CARTESIAN_POINT('',(-10.88367023436,-20.90236850353,
    -181.176564653));
#4159 = CARTESIAN_POINT('',(-11.03551695304,-19.66582712354,
    -183.8913823064));
#4160 = CARTESIAN_POINT('',(-11.1740437447,-18.51257697189,
    -186.3680573553));
#4161 = CARTESIAN_POINT('',(-11.30075066943,-17.4322991596,
    -188.6334088826));
#4162 = CARTESIAN_POINT('',(-11.41688834721,-16.41632976852,
    -190.7097963118));
#4163 = CARTESIAN_POINT('',(-11.52350874458,-15.45731783823,
    -192.6160274077));
#4164 = CARTESIAN_POINT('',(-11.62150871029,-14.54893166789,
    -194.368136635));
#4165 = CARTESIAN_POINT('',(-11.71166198334,-13.68564219209,
    -195.9799574192));
#4166 = CARTESIAN_POINT('',(-12.06369223318,-10.19364655209,
    -202.2737907337));
#4167 = CARTESIAN_POINT('',(-12.2571494679,-7.948778284663,
    -205.7325491484));
#4168 = CARTESIAN_POINT('',(-12.39749898946,-5.96359235221,
    -208.2418121871));
#4169 = CARTESIAN_POINT('',(-12.49564542418,-4.155457032115,
    -209.9965400856));
#4170 = CARTESIAN_POINT('',(-12.55780046326,-2.444749906795,
    -211.1077896328));
#4171 = CARTESIAN_POINT('',(-12.58840430434,-0.821681555847,
    -211.6549456642));
#4172 = CARTESIAN_POINT('',(-12.58840430416,0.821681555851,
    -211.6549456612));
#4173 = CARTESIAN_POINT('',(-12.55780046342,2.444749906789,
    -211.1077896353));
#4174 = CARTESIAN_POINT('',(-12.49564542408,4.155457032116,
    -209.996540084));
#4175 = CARTESIAN_POINT('',(-12.39749898951,5.963592352215,
    -208.241812188));
#4176 = CARTESIAN_POINT('',(-12.25714946788,7.948778284658,
    -205.732549148));
#4177 = CARTESIAN_POINT('',(-12.06369223319,10.193646552096,
    -202.2737907338));
#4178 = CARTESIAN_POINT('',(-11.71166198334,13.685642192094,
    -195.9799574191));
#4179 = CARTESIAN_POINT('',(-11.62150871031,14.548931667922,
    -194.3681366353));
#4180 = CARTESIAN_POINT('',(-11.52350874454,15.457317838156,
    -192.616027407));
#4181 = CARTESIAN_POINT('',(-11.41688834731,16.416329768692,
    -190.7097963135));
#4182 = CARTESIAN_POINT('',(-11.30075066927,17.432299159317,
    -188.6334088796));
#4183 = CARTESIAN_POINT('',(-11.17404374492,18.512576972286,
    -186.3680573593));
#4184 = CARTESIAN_POINT('',(-11.03551695281,19.665827123133,
    -183.8913823021));
#4185 = CARTESIAN_POINT('',(-10.88367023457,20.902368503888,
    -181.1765646567));
#4186 = CARTESIAN_POINT('',(-10.71669043789,22.234603132952,
    -178.1911876681));
#4187 = CARTESIAN_POINT('',(-10.5323592296,23.677634743294,
    -174.8955904851));
#4188 = CARTESIAN_POINT('',(-10.32790709521,25.250248645406,
    -171.2402578675));
#4189 = CARTESIAN_POINT('',(-10.0997780226,26.976490218692,
    -167.1616130412));
#4190 = CARTESIAN_POINT('',(-9.586741055609,30.79980159955,
    -157.9891934666));
#4191 = CARTESIAN_POINT('',(-9.301821169473,32.896951795252,
    -152.8952043217));
#4192 = CARTESIAN_POINT('',(-8.983876544667,35.21078540709,
    -147.2107767116));
#4193 = CARTESIAN_POINT('',(-8.626604820166,37.783735478009,
    -140.8232327916));
#4194 = CARTESIAN_POINT('',(-8.223626135318,40.658744119361,
    -133.6185091267));
#4195 = CARTESIAN_POINT('',(-7.763359082586,43.913612889615,
    -125.3895455323));
#4196 = CARTESIAN_POINT('',(-7.235395865997,47.618267019516,
    -115.9502644394));
#4197 = CARTESIAN_POINT('',(-6.621178892662,51.89725646792,
    -104.9688807347));
#4198 = CARTESIAN_POINT('',(-5.89586125662,56.91728457122,
    -92.00116474031));
#4199 = CARTESIAN_POINT('',(-5.028269118778,62.887460780527,
    -76.48976961703));
#4200 = CARTESIAN_POINT('',(-3.957352920034,70.217162762323,
    -57.34321033174));
#4201 = CARTESIAN_POINT('',(-2.603354796851,79.441174975554,
    -33.13552221564));
#4202 = CARTESIAN_POINT('',(-0.740864195141,92.070681029297,
    0.163336057073));
#4203 = CARTESIAN_POINT('',(-0.74076438239,92.071357857151,
    0.165120576475));
#4204 = CARTESIAN_POINT('',(-0.740664568174,92.072034694814,
    0.166905122162));
#4205 = CARTESIAN_POINT('',(-0.740564752509,92.072711542182,
    0.168689693494));
#4206 = CARTESIAN_POINT('',(-0.740464935363,92.073388399473,
    0.170474291819));
#4207 = CARTESIAN_POINT('',(-0.740365116786,92.074065266328,
    0.17225891494));
#4208 = CARTESIAN_POINT('',(-0.740265296715,92.074742143237,
    0.174043565749));
#4209 = CARTESIAN_POINT('',(-0.740165475215,92.075419029638,
    0.17582824112));
#4210 = CARTESIAN_POINT('',(-0.740065652231,92.076095926078,
    0.177612943855));
#4211 = CARTESIAN_POINT('',(-0.7399658278,92.07677283211,0.179397671875)
  );
#4212 = CARTESIAN_POINT('',(-0.739866001902,92.077449748036,
    0.181182426449));
#4213 = CARTESIAN_POINT('',(-0.739766174546,92.078126673693,
    0.182967206955));
#4214 = CARTESIAN_POINT('',(-0.677718828212,92.49886739516,
    1.292291354968));
#4215 = CARTESIAN_POINT('',(-0.615771167905,92.918932149425,
    2.399833249202));
#4216 = CARTESIAN_POINT('',(-0.553823364809,93.338997871943,
    3.507377696331));
#4217 = CARTESIAN_POINT('',(-0.491875418922,93.759064562714,
    4.614924696354));
#4218 = CARTESIAN_POINT('',(-0.429927330246,94.179132221738,
    5.722474249271));
#4219 = CARTESIAN_POINT('',(-0.367979098779,94.599200849016,
    6.830026355083));
#4220 = CARTESIAN_POINT('',(-0.306030724523,95.019270444546,
    7.93758101379));
#4221 = CARTESIAN_POINT('',(-0.244082207477,95.43934100833,
    9.045138225391));
#4222 = CARTESIAN_POINT('',(-0.182133547641,95.859412540367,
    10.152697989886));
#4223 = CARTESIAN_POINT('',(-0.120184745015,96.279485040658,
    11.260260307276));
#4224 = CARTESIAN_POINT('',(-5.823579959856E-02,96.699558509201,
    12.36782517756));
#4225 = CARTESIAN_POINT('',(3.713288607414E-03,97.119632945998,
    13.475392600739));
#4226 = CARTESIAN_POINT('',(6.566251960333E-02,97.539708351048,
    14.582962576812));
#4227 = PCURVE('',#4102,#4228);
#4228 = DEFINITIONAL_REPRESENTATION('',(#4229),#4316);
#4229 = B_SPLINE_CURVE_WITH_KNOTS('',13,(#4230,#4231,#4232,#4233,#4234,
    #4235,#4236,#4237,#4238,#4239,#4240,#4241,#4242,#4243,#4244,#4245,
    #4246,#4247,#4248,#4249,#4250,#4251,#4252,#4253,#4254,#4255,#4256,
    #4257,#4258,#4259,#4260,#4261,#4262,#4263,#4264,#4265,#4266,#4267,
    #4268,#4269,#4270,#4271,#4272,#4273,#4274,#4275,#4276,#4277,#4278,
    #4279,#4280,#4281,#4282,#4283,#4284,#4285,#4286,#4287,#4288,#4289,
    #4290,#4291,#4292,#4293,#4294,#4295,#4296,#4297,#4298,#4299,#4300,
    #4301,#4302,#4303,#4304,#4305,#4306,#4307,#4308,#4309,#4310,#4311,
    #4312,#4313,#4314,#4315),.UNSPECIFIED.,.F.,.F.,(14,12,12,12,12,12,12
    ,14),(-3.445805024885E-03,0.,64.295686696627,128.59137339325,
    337.1148931586,401.41057985523,465.70626655185,465.70971235688),
  .UNSPECIFIED.);
#4230 = CARTESIAN_POINT('',(-0.185040781857,-151.9211963908));
#4231 = CARTESIAN_POINT('',(-0.183253185531,-151.9218733263));
#4232 = CARTESIAN_POINT('',(-0.18146561536,-151.9225502518));
#4233 = CARTESIAN_POINT('',(-0.179678071344,-151.9232271681));
#4234 = CARTESIAN_POINT('',(-0.177890553482,-151.9239040734));
#4235 = CARTESIAN_POINT('',(-0.176103061775,-151.924580971));
#4236 = CARTESIAN_POINT('',(-0.174315596218,-151.9252578558));
#4237 = CARTESIAN_POINT('',(-0.172528156816,-151.9259347345));
#4238 = CARTESIAN_POINT('',(-0.170740743563,-151.9266115998));
#4239 = CARTESIAN_POINT('',(-0.168953356464,-151.9272884582));
#4240 = CARTESIAN_POINT('',(-0.167165995513,-151.9279653049));
#4241 = CARTESIAN_POINT('',(-0.165378660713,-151.9286421429));
#4242 = CARTESIAN_POINT('',(-0.163591352062,-151.9293189706));
#4243 = CARTESIAN_POINT('',(33.187313185967,-164.5588250244));
#4244 = CARTESIAN_POINT('',(57.432838027801,-173.7828372379));
#4245 = CARTESIAN_POINT('',(76.609323470696,-181.1125392187));
#4246 = CARTESIAN_POINT('',(92.144962975955,-187.0827154301));
#4247 = CARTESIAN_POINT('',(105.13294756622,-192.1027435299));
#4248 = CARTESIAN_POINT('',(116.13149522649,-196.381732983));
#4249 = CARTESIAN_POINT('',(125.58552995466,-200.0863871079));
#4250 = CARTESIAN_POINT('',(133.82735545926,-203.3412558825));
#4251 = CARTESIAN_POINT('',(141.04334013757,-206.2162645207));
#4252 = CARTESIAN_POINT('',(147.4408678186,-208.7892145935));
#4253 = CARTESIAN_POINT('',(153.13418021418,-211.1030482045));
#4254 = CARTESIAN_POINT('',(158.23613128718,-213.2001984005));
#4255 = CARTESIAN_POINT('',(167.42288739478,-217.0235097812));
#4256 = CARTESIAN_POINT('',(171.50790716174,-218.749751355));
#4257 = CARTESIAN_POINT('',(175.1689530793,-220.3223652554));
#4258 = CARTESIAN_POINT('',(178.46970129857,-221.7653968696));
#4259 = CARTESIAN_POINT('',(181.45974443973,-223.0976314923));
#4260 = CARTESIAN_POINT('',(184.17880536398,-224.3341728813));
#4261 = CARTESIAN_POINT('',(186.65935146854,-225.4874230235));
#4262 = CARTESIAN_POINT('',(188.92824374928,-226.5677008438));
#4263 = CARTESIAN_POINT('',(191.00787658214,-227.5836702293));
#4264 = CARTESIAN_POINT('',(192.91708712545,-228.5426821627));
#4265 = CARTESIAN_POINT('',(194.67193490755,-229.4510683317));
#4266 = CARTESIAN_POINT('',(196.28627497478,-230.3143578079));
#4267 = CARTESIAN_POINT('',(202.58994557913,-233.8063534478));
#4268 = CARTESIAN_POINT('',(206.0541100487,-236.0512217157));
#4269 = CARTESIAN_POINT('',(208.56729507699,-238.0364076468));
#4270 = CARTESIAN_POINT('',(210.3247656229,-239.8445429694));
#4271 = CARTESIAN_POINT('',(211.43775205847,-241.5552500911));
#4272 = CARTESIAN_POINT('',(211.98576329685,-243.1783184462));
#4273 = CARTESIAN_POINT('',(211.98576329417,-244.821681554));
#4274 = CARTESIAN_POINT('',(211.43775206068,-246.4447499079));
#4275 = CARTESIAN_POINT('',(210.32476562141,-248.1554570314));
#4276 = CARTESIAN_POINT('',(208.56729507778,-249.9635923524));
#4277 = CARTESIAN_POINT('',(206.05411004839,-251.9487782845));
#4278 = CARTESIAN_POINT('',(202.58994557922,-254.1936465521));
#4279 = CARTESIAN_POINT('',(196.28627497475,-257.6856421921));
#4280 = CARTESIAN_POINT('',(194.67193490778,-258.5489316678));
#4281 = CARTESIAN_POINT('',(192.91708712472,-259.4573178383));
#4282 = CARTESIAN_POINT('',(191.00787658378,-260.4163297683));
#4283 = CARTESIAN_POINT('',(188.92824374648,-261.4322991597));
#4284 = CARTESIAN_POINT('',(186.65935147226,-262.5125769718));
#4285 = CARTESIAN_POINT('',(184.17880536004,-263.6658271235));
#4286 = CARTESIAN_POINT('',(181.45974444304,-264.9023685035));
#4287 = CARTESIAN_POINT('',(178.46970129639,-266.2346031332));
#4288 = CARTESIAN_POINT('',(175.1689530804,-267.6776347431));
#4289 = CARTESIAN_POINT('',(171.50790716135,-269.2502486454));
#4290 = CARTESIAN_POINT('',(167.42288739485,-270.9764902186));
#4291 = CARTESIAN_POINT('',(158.23613128713,-274.7998015995));
#4292 = CARTESIAN_POINT('',(153.13418021433,-276.8969517952));
#4293 = CARTESIAN_POINT('',(147.44086781821,-279.2107854069));
#4294 = CARTESIAN_POINT('',(141.04334013839,-281.7837354784));
#4295 = CARTESIAN_POINT('',(133.82735545792,-284.6587441185));
#4296 = CARTESIAN_POINT('',(125.58552995646,-287.9136128907));
#4297 = CARTESIAN_POINT('',(116.13149522456,-291.6182670183));
#4298 = CARTESIAN_POINT('',(105.13294756786,-295.8972564688));
#4299 = CARTESIAN_POINT('',(92.144962974861,-300.9172845706));
#4300 = CARTESIAN_POINT('',(76.609323471253,-306.8874607808));
#4301 = CARTESIAN_POINT('',(57.432838027597,-314.2171627622));
#4302 = CARTESIAN_POINT('',(33.187313186012,-323.4411749755));
#4303 = CARTESIAN_POINT('',(-0.163591352062,-336.0706810293));
#4304 = CARTESIAN_POINT('',(-0.165378660713,-336.0713578571));
#4305 = CARTESIAN_POINT('',(-0.167165995513,-336.0720346949));
#4306 = CARTESIAN_POINT('',(-0.168953356463,-336.072711542));
#4307 = CARTESIAN_POINT('',(-0.170740743564,-336.0733883996));
#4308 = CARTESIAN_POINT('',(-0.172528156815,-336.0740652661));
#4309 = CARTESIAN_POINT('',(-0.174315596218,-336.0747421434));
#4310 = CARTESIAN_POINT('',(-0.176103061774,-336.0754190295));
#4311 = CARTESIAN_POINT('',(-0.177890553482,-336.0760959261));
#4312 = CARTESIAN_POINT('',(-0.179678071344,-336.076772832));
#4313 = CARTESIAN_POINT('',(-0.18146561536,-336.077449748));
#4314 = CARTESIAN_POINT('',(-0.183253185531,-336.0781266736));
#4315 = CARTESIAN_POINT('',(-0.185040781857,-336.0788036091));
#4316 = ( GEOMETRIC_REPRESENTATION_CONTEXT(2) 
PARAMETRIC_REPRESENTATION_CONTEXT() REPRESENTATION_CONTEXT('2D SPACE',''
  ) );
#4317 = ( GEOMETRIC_REPRESENTATION_CONTEXT(3) 
GLOBAL_UNCERTAINTY_ASSIGNED_CONTEXT((#4321)) 
GLOBAL_UNIT_ASSIGNED_CONTEXT((#4318,#4319,#4320)) REPRESENTATION_CONTEXT
('Context #1','3D Context with UNIT and UNCERTAINTY') );
#4318 = ( LENGTH_UNIT() NAMED_UNIT(*) SI_UNIT(.MILLI.,.METRE.) );
#4319 = ( NAMED_UNIT(*) PLANE_ANGLE_UNIT() SI_UNIT($,.RADIAN.) );
#4320 = ( NAMED_UNIT(*) SI_UNIT($,.STERADIAN.) SOLID_ANGLE_UNIT() );
#4321 = UNCERTAINTY_MEASURE_WITH_UNIT(LENGTH_MEASURE(5.E-05),#4318,
  'distance_accuracy_value','confusion accuracy');
#4322 = CONTEXT_DEPENDENT_SHAPE_REPRESENTATION(#4323,#4325);
#4323 = ( REPRESENTATION_RELATIONSHIP('','',#4084,#10) 
REPRESENTATION_RELATIONSHIP_WITH_TRANSFORMATION(#4324) 
SHAPE_REPRESENTATION_RELATIONSHIP() );
#4324 = ITEM_DEFINED_TRANSFORMATION('','',#11,#71);
#4325 = PRODUCT_DEFINITION_SHAPE('Placement','Placement of an item',
  #4326);
#4326 = NEXT_ASSEMBLY_USAGE_OCCURRENCE('15','','',#5,#4079,$);
#4327 = PRODUCT_RELATED_PRODUCT_CATEGORY('part',$,(#4081));
#4328 = SHAPE_DEFINITION_REPRESENTATION(#4329,#4335);
#4329 = PRODUCT_DEFINITION_SHAPE('','',#4330);
#4330 = PRODUCT_DEFINITION('design','',#4331,#4334);
#4331 = PRODUCT_DEFINITION_FORMATION('','',#4332);
#4332 = PRODUCT('Open CASCADE STEP translator 7.8 1.16',
  'Open CASCADE STEP translator 7.8 1.16','',(#4333));
#4333 = PRODUCT_CONTEXT('',#2,'mechanical');
#4334 = PRODUCT_DEFINITION_CONTEXT('part definition',#2,'design');
#4335 = MANIFOLD_SURFACE_SHAPE_REPRESENTATION('',(#11,#4336),#4410);
#4336 = SHELL_BASED_SURFACE_MODEL('',(#4337));
#4337 = OPEN_SHELL('',(#4338));
#4338 = ADVANCED_FACE('',(#4339),#4353,.F.);
#4339 = FACE_BOUND('',#4340,.F.);
#4340 = EDGE_LOOP('',(#4341,#4364,#4380,#4396));
#4341 = ORIENTED_EDGE('',*,*,#4342,.T.);
#4342 = EDGE_CURVE('',#4343,#4345,#4347,.T.);
#4343 = VERTEX_POINT('',#4344);
#4344 = CARTESIAN_POINT('',(15.,-105.6874185199,0.));
#4345 = VERTEX_POINT('',#4346);
#4346 = CARTESIAN_POINT('',(15.,-105.6874185199,30.));
#4347 = SURFACE_CURVE('',#4348,(#4352),.PCURVE_S1.);
#4348 = LINE('',#4349,#4350);
#4349 = CARTESIAN_POINT('',(15.,-105.6874185199,0.));
#4350 = VECTOR('',#4351,1.);
#4351 = DIRECTION('',(0.,0.,1.));
#4352 = PCURVE('',#4353,#4358);
#4353 = PLANE('',#4354);
#4354 = AXIS2_PLACEMENT_3D('',#4355,#4356,#4357);
#4355 = CARTESIAN_POINT('',(15.,-105.6874186599,0.));
#4356 = DIRECTION('',(-1.,0.,0.));
#4357 = DIRECTION('',(0.,1.,0.));
#4358 = DEFINITIONAL_REPRESENTATION('',(#4359),#4363);
#4359 = LINE('',#4360,#4361);
#4360 = CARTESIAN_POINT('',(1.400094049586E-07,0.));
#4361 = VECTOR('',#4362,1.);
#4362 = DIRECTION('',(0.,-1.));
#4363 = ( GEOMETRIC_REPRESENTATION_CONTEXT(2) 
PARAMETRIC_REPRESENTATION_CONTEXT() REPRESENTATION_CONTEXT('2D SPACE',''
  ) );
#4364 = ORIENTED_EDGE('',*,*,#4365,.T.);
#4365 = EDGE_CURVE('',#4345,#4366,#4368,.T.);
#4366 = VERTEX_POINT('',#4367);
#4367 = CARTESIAN_POINT('',(15.,105.68741851997,30.));
#4368 = SURFACE_CURVE('',#4369,(#4373),.PCURVE_S1.);
#4369 = LINE('',#4370,#4371);
#4370 = CARTESIAN_POINT('',(15.,-244.,30.));
#4371 = VECTOR('',#4372,1.);
#4372 = DIRECTION('',(0.,1.,0.));
#4373 = PCURVE('',#4353,#4374);
#4374 = DEFINITIONAL_REPRESENTATION('',(#4375),#4379);
#4375 = LINE('',#4376,#4377);
#4376 = CARTESIAN_POINT('',(-138.31258134,-30.));
#4377 = VECTOR('',#4378,1.);
#4378 = DIRECTION('',(1.,0.));
#4379 = ( GEOMETRIC_REPRESENTATION_CONTEXT(2) 
PARAMETRIC_REPRESENTATION_CONTEXT() REPRESENTATION_CONTEXT('2D SPACE',''
  ) );
#4380 = ORIENTED_EDGE('',*,*,#4381,.F.);
#4381 = EDGE_CURVE('',#4382,#4366,#4384,.T.);
#4382 = VERTEX_POINT('',#4383);
#4383 = CARTESIAN_POINT('',(15.,105.68741851997,0.));
#4384 = SURFACE_CURVE('',#4385,(#4389),.PCURVE_S1.);
#4385 = LINE('',#4386,#4387);
#4386 = CARTESIAN_POINT('',(15.,105.68741851997,0.));
#4387 = VECTOR('',#4388,1.);
#4388 = DIRECTION('',(0.,0.,1.));
#4389 = PCURVE('',#4353,#4390);
#4390 = DEFINITIONAL_REPRESENTATION('',(#4391),#4395);
#4391 = LINE('',#4392,#4393);
#4392 = CARTESIAN_POINT('',(211.37483717995,0.));
#4393 = VECTOR('',#4394,1.);
#4394 = DIRECTION('',(0.,-1.));
#4395 = ( GEOMETRIC_REPRESENTATION_CONTEXT(2) 
PARAMETRIC_REPRESENTATION_CONTEXT() REPRESENTATION_CONTEXT('2D SPACE',''
  ) );
#4396 = ORIENTED_EDGE('',*,*,#4397,.F.);
#4397 = EDGE_CURVE('',#4343,#4382,#4398,.T.);
#4398 = SURFACE_CURVE('',#4399,(#4403),.PCURVE_S1.);
#4399 = LINE('',#4400,#4401);
#4400 = CARTESIAN_POINT('',(15.,-244.,0.));
#4401 = VECTOR('',#4402,1.);
#4402 = DIRECTION('',(0.,1.,0.));
#4403 = PCURVE('',#4353,#4404);
#4404 = DEFINITIONAL_REPRESENTATION('',(#4405),#4409);
#4405 = LINE('',#4406,#4407);
#4406 = CARTESIAN_POINT('',(-138.31258134,0.));
#4407 = VECTOR('',#4408,1.);
#4408 = DIRECTION('',(1.,0.));
#4409 = ( GEOMETRIC_REPRESENTATION_CONTEXT(2) 
PARAMETRIC_REPRESENTATION_CONTEXT() REPRESENTATION_CONTEXT('2D SPACE',''
  ) );
#4410 = ( GEOMETRIC_REPRESENTATION_CONTEXT(3) 
GLOBAL_UNCERTAINTY_ASSIGNED_CONTEXT((#4414)) 
GLOBAL_UNIT_ASSIGNED_CONTEXT((#4411,#4412,#4413)) REPRESENTATION_CONTEXT
('Context #1','3D Context with UNIT and UNCERTAINTY') );
#4411 = ( LENGTH_UNIT() NAMED_UNIT(*) SI_UNIT(.MILLI.,.METRE.) );
#4412 = ( NAMED_UNIT(*) PLANE_ANGLE_UNIT() SI_UNIT($,.RADIAN.) );
#4413 = ( NAMED_UNIT(*) SI_UNIT($,.STERADIAN.) SOLID_ANGLE_UNIT() );
#4414 = UNCERTAINTY_MEASURE_WITH_UNIT(LENGTH_MEASURE(5.E-05),#4411,
  'distance_accuracy_value','confusion accuracy');
#4415 = CONTEXT_DEPENDENT_SHAPE_REPRESENTATION(#4416,#4418);
#4416 = ( REPRESENTATION_RELATIONSHIP('','',#4335,#10) 
REPRESENTATION_RELATIONSHIP_WITH_TRANSFORMATION(#4417) 
SHAPE_REPRESENTATION_RELATIONSHIP() );
#4417 = ITEM_DEFINED_TRANSFORMATION('','',#11,#75);
#4418 = PRODUCT_DEFINITION_SHAPE('Placement','Placement of an item',
  #4419);
#4419 = NEXT_ASSEMBLY_USAGE_OCCURRENCE('16','','',#5,#4330,$);
#4420 = PRODUCT_RELATED_PRODUCT_CATEGORY('part',$,(#4332));
#4421 = SHAPE_DEFINITION_REPRESENTATION(#4422,#4428);
#4422 = PRODUCT_DEFINITION_SHAPE('','',#4423);
#4423 = PRODUCT_DEFINITION('design','',#4424,#4427);
#4424 = PRODUCT_DEFINITION_FORMATION('','',#4425);
#4425 = PRODUCT('Open CASCADE STEP translator 7.8 1.17',
  'Open CASCADE STEP translator 7.8 1.17','',(#4426));
#4426 = PRODUCT_CONTEXT('',#2,'mechanical');
#4427 = PRODUCT_DEFINITION_CONTEXT('part definition',#2,'design');
#4428 = MANIFOLD_SURFACE_SHAPE_REPRESENTATION('',(#11,#4429),#4562);
#4429 = SHELL_BASED_SURFACE_MODEL('',(#4430));
#4430 = OPEN_SHELL('',(#4431));
#4431 = ADVANCED_FACE('',(#4432),#4446,.F.);
#4432 = FACE_BOUND('',#4433,.F.);
#4433 = EDGE_LOOP('',(#4434,#4478,#4513,#4529));
#4434 = ORIENTED_EDGE('',*,*,#4435,.T.);
#4435 = EDGE_CURVE('',#4436,#4438,#4440,.T.);
#4436 = VERTEX_POINT('',#4437);
#4437 = CARTESIAN_POINT('',(11.686533875108,-109.3774424915,0.));
#4438 = VERTEX_POINT('',#4439);
#4439 = CARTESIAN_POINT('',(11.686533875108,-109.3774424915,30.));
#4440 = SURFACE_CURVE('',#4441,(#4445),.PCURVE_S1.);
#4441 = LINE('',#4442,#4443);
#4442 = CARTESIAN_POINT('',(11.686533875108,-109.3774424915,0.));
#4443 = VECTOR('',#4444,1.);
#4444 = DIRECTION('',(0.,0.,1.));
#4445 = PCURVE('',#4446,#4472);
#4446 = SURFACE_OF_LINEAR_EXTRUSION('',#4447,#4470);
#4447 = B_SPLINE_CURVE_WITH_KNOTS('',6,(#4448,#4449,#4450,#4451,#4452,
    #4453,#4454,#4455,#4456,#4457,#4458,#4459,#4460,#4461,#4462,#4463,
    #4464,#4465,#4466,#4467,#4468,#4469),.UNSPECIFIED.,.F.,.F.,(7,5,5,5,
    7),(0.,0.249985035126,0.500000631737,0.750015759454,1.),
  .UNSPECIFIED.);
#4448 = CARTESIAN_POINT('',(11.686533875108,-109.3774424915,0.));
#4449 = CARTESIAN_POINT('',(11.87924699387,-109.3568518803,0.));
#4450 = CARTESIAN_POINT('',(12.078284948411,-109.321593125,0.));
#4451 = CARTESIAN_POINT('',(12.282141356677,-109.2702307478,0.));
#4452 = CARTESIAN_POINT('',(12.488763556797,-109.201588886,0.));
#4453 = CARTESIAN_POINT('',(12.695523962093,-109.115105193,0.));
#4454 = CARTESIAN_POINT('',(13.103705008105,-108.9069345487,0.));
#4455 = CARTESIAN_POINT('',(13.305124332767,-108.7852427296,0.));
#4456 = CARTESIAN_POINT('',(13.501043218123,-108.6461932998,0.));
#4457 = CARTESIAN_POINT('',(13.688427911558,-108.4908201795,0.));
#4458 = CARTESIAN_POINT('',(13.864483446735,-108.3210823452,0.));
#4459 = CARTESIAN_POINT('',(14.189627979484,-107.9578211109,0.));
#4460 = CARTESIAN_POINT('',(14.338716358678,-107.7642985972,0.));
#4461 = CARTESIAN_POINT('',(14.472161873074,-107.5613520912,0.));
#4462 = CARTESIAN_POINT('',(14.588422800277,-107.3519921465,0.));
#4463 = CARTESIAN_POINT('',(14.686898244871,-107.139304043,0.));
#4464 = CARTESIAN_POINT('',(14.848524735818,-106.7128216797,0.));
#4465 = CARTESIAN_POINT('',(14.9116808308,-106.4990280416,0.));
#4466 = CARTESIAN_POINT('',(14.957310532064,-106.2874348521,0.));
#4467 = CARTESIAN_POINT('',(14.986290419749,-106.0805027217,0.));
#4468 = CARTESIAN_POINT('',(15.,-105.8800677694,0.));
#4469 = CARTESIAN_POINT('',(15.,-105.6874186599,0.));
#4470 = VECTOR('',#4471,1.);
#4471 = DIRECTION('',(-0.,-0.,-1.));
#4472 = DEFINITIONAL_REPRESENTATION('',(#4473),#4477);
#4473 = LINE('',#4474,#4475);
#4474 = CARTESIAN_POINT('',(0.,0.));
#4475 = VECTOR('',#4476,1.);
#4476 = DIRECTION('',(0.,-1.));
#4477 = ( GEOMETRIC_REPRESENTATION_CONTEXT(2) 
PARAMETRIC_REPRESENTATION_CONTEXT() REPRESENTATION_CONTEXT('2D SPACE',''
  ) );
#4478 = ORIENTED_EDGE('',*,*,#4479,.T.);
#4479 = EDGE_CURVE('',#4438,#4480,#4482,.T.);
#4480 = VERTEX_POINT('',#4481);
#4481 = CARTESIAN_POINT('',(15.,-105.6874185199,30.));
#4482 = SURFACE_CURVE('',#4483,(#4506),.PCURVE_S1.);
#4483 = B_SPLINE_CURVE_WITH_KNOTS('',6,(#4484,#4485,#4486,#4487,#4488,
    #4489,#4490,#4491,#4492,#4493,#4494,#4495,#4496,#4497,#4498,#4499,
    #4500,#4501,#4502,#4503,#4504,#4505),.UNSPECIFIED.,.F.,.F.,(7,5,5,5,
    7),(0.,0.249985035126,0.500000631737,0.750015759454,1.),
  .UNSPECIFIED.);
#4484 = CARTESIAN_POINT('',(11.686533875108,-109.3774424915,30.));
#4485 = CARTESIAN_POINT('',(11.87924699387,-109.3568518803,30.));
#4486 = CARTESIAN_POINT('',(12.078284948411,-109.321593125,30.));
#4487 = CARTESIAN_POINT('',(12.282141356677,-109.2702307478,30.));
#4488 = CARTESIAN_POINT('',(12.488763556797,-109.201588886,30.));
#4489 = CARTESIAN_POINT('',(12.695523962093,-109.115105193,30.));
#4490 = CARTESIAN_POINT('',(13.103705008105,-108.9069345487,30.));
#4491 = CARTESIAN_POINT('',(13.305124332767,-108.7852427296,30.));
#4492 = CARTESIAN_POINT('',(13.501043218123,-108.6461932998,30.));
#4493 = CARTESIAN_POINT('',(13.688427911558,-108.4908201795,30.));
#4494 = CARTESIAN_POINT('',(13.864483446735,-108.3210823452,30.));
#4495 = CARTESIAN_POINT('',(14.189627979484,-107.9578211109,30.));
#4496 = CARTESIAN_POINT('',(14.338716358678,-107.7642985972,30.));
#4497 = CARTESIAN_POINT('',(14.472161873074,-107.5613520912,30.));
#4498 = CARTESIAN_POINT('',(14.588422800277,-107.3519921465,30.));
#4499 = CARTESIAN_POINT('',(14.686898244871,-107.139304043,30.));
#4500 = CARTESIAN_POINT('',(14.848524735818,-106.7128216797,30.));
#4501 = CARTESIAN_POINT('',(14.9116808308,-106.4990280416,30.));
#4502 = CARTESIAN_POINT('',(14.957310532064,-106.2874348521,30.));
#4503 = CARTESIAN_POINT('',(14.986290419749,-106.0805027217,30.));
#4504 = CARTESIAN_POINT('',(15.,-105.8800677694,30.));
#4505 = CARTESIAN_POINT('',(15.,-105.6874186599,30.));
#4506 = PCURVE('',#4446,#4507);
#4507 = DEFINITIONAL_REPRESENTATION('',(#4508),#4512);
#4508 = LINE('',#4509,#4510);
#4509 = CARTESIAN_POINT('',(0.,-30.));
#4510 = VECTOR('',#4511,1.);
#4511 = DIRECTION('',(1.,0.));
#4512 = ( GEOMETRIC_REPRESENTATION_CONTEXT(2) 
PARAMETRIC_REPRESENTATION_CONTEXT() REPRESENTATION_CONTEXT('2D SPACE',''
  ) );
#4513 = ORIENTED_EDGE('',*,*,#4514,.F.);
#4514 = EDGE_CURVE('',#4515,#4480,#4517,.T.);
#4515 = VERTEX_POINT('',#4516);
#4516 = CARTESIAN_POINT('',(15.,-105.6874185199,0.));
#4517 = SURFACE_CURVE('',#4518,(#4522),.PCURVE_S1.);
#4518 = LINE('',#4519,#4520);
#4519 = CARTESIAN_POINT('',(15.,-105.6874185199,0.));
#4520 = VECTOR('',#4521,1.);
#4521 = DIRECTION('',(0.,0.,1.));
#4522 = PCURVE('',#4446,#4523);
#4523 = DEFINITIONAL_REPRESENTATION('',(#4524),#4528);
#4524 = LINE('',#4525,#4526);
#4525 = CARTESIAN_POINT('',(1.,0.));
#4526 = VECTOR('',#4527,1.);
#4527 = DIRECTION('',(0.,-1.));
#4528 = ( GEOMETRIC_REPRESENTATION_CONTEXT(2) 
PARAMETRIC_REPRESENTATION_CONTEXT() REPRESENTATION_CONTEXT('2D SPACE',''
  ) );
#4529 = ORIENTED_EDGE('',*,*,#4530,.F.);
#4530 = EDGE_CURVE('',#4436,#4515,#4531,.T.);
#4531 = SURFACE_CURVE('',#4532,(#4555),.PCURVE_S1.);
#4532 = B_SPLINE_CURVE_WITH_KNOTS('',6,(#4533,#4534,#4535,#4536,#4537,
    #4538,#4539,#4540,#4541,#4542,#4543,#4544,#4545,#4546,#4547,#4548,
    #4549,#4550,#4551,#4552,#4553,#4554),.UNSPECIFIED.,.F.,.F.,(7,5,5,5,
    7),(0.,0.249985035126,0.500000631737,0.750015759454,1.),
  .UNSPECIFIED.);
#4533 = CARTESIAN_POINT('',(11.686533875108,-109.3774424915,0.));
#4534 = CARTESIAN_POINT('',(11.87924699387,-109.3568518803,0.));
#4535 = CARTESIAN_POINT('',(12.078284948411,-109.321593125,0.));
#4536 = CARTESIAN_POINT('',(12.282141356677,-109.2702307478,0.));
#4537 = CARTESIAN_POINT('',(12.488763556797,-109.201588886,0.));
#4538 = CARTESIAN_POINT('',(12.695523962093,-109.115105193,0.));
#4539 = CARTESIAN_POINT('',(13.103705008105,-108.9069345487,0.));
#4540 = CARTESIAN_POINT('',(13.305124332767,-108.7852427296,0.));
#4541 = CARTESIAN_POINT('',(13.501043218123,-108.6461932998,0.));
#4542 = CARTESIAN_POINT('',(13.688427911558,-108.4908201795,0.));
#4543 = CARTESIAN_POINT('',(13.864483446735,-108.3210823452,0.));
#4544 = CARTESIAN_POINT('',(14.189627979484,-107.9578211109,0.));
#4545 = CARTESIAN_POINT('',(14.338716358678,-107.7642985972,0.));
#4546 = CARTESIAN_POINT('',(14.472161873074,-107.5613520912,0.));
#4547 = CARTESIAN_POINT('',(14.588422800277,-107.3519921465,0.));
#4548 = CARTESIAN_POINT('',(14.686898244871,-107.139304043,0.));
#4549 = CARTESIAN_POINT('',(14.848524735818,-106.7128216797,0.));
#4550 = CARTESIAN_POINT('',(14.9116808308,-106.4990280416,0.));
#4551 = CARTESIAN_POINT('',(14.957310532064,-106.2874348521,0.));
#4552 = CARTESIAN_POINT('',(14.986290419749,-106.0805027217,0.));
#4553 = CARTESIAN_POINT('',(15.,-105.8800677694,0.));
#4554 = CARTESIAN_POINT('',(15.,-105.6874186599,0.));
#4555 = PCURVE('',#4446,#4556);
#4556 = DEFINITIONAL_REPRESENTATION('',(#4557),#4561);
#4557 = LINE('',#4558,#4559);
#4558 = CARTESIAN_POINT('',(0.,0.));
#4559 = VECTOR('',#4560,1.);
#4560 = DIRECTION('',(1.,0.));
#4561 = ( GEOMETRIC_REPRESENTATION_CONTEXT(2) 
PARAMETRIC_REPRESENTATION_CONTEXT() REPRESENTATION_CONTEXT('2D SPACE',''
  ) );
#4562 = ( GEOMETRIC_REPRESENTATION_CONTEXT(3) 
GLOBAL_UNCERTAINTY_ASSIGNED_CONTEXT((#4566)) 
GLOBAL_UNIT_ASSIGNED_CONTEXT((#4563,#4564,#4565)) REPRESENTATION_CONTEXT
('Context #1','3D Context with UNIT and UNCERTAINTY') );
#4563 = ( LENGTH_UNIT() NAMED_UNIT(*) SI_UNIT(.MILLI.,.METRE.) );
#4564 = ( NAMED_UNIT(*) PLANE_ANGLE_UNIT() SI_UNIT($,.RADIAN.) );
#4565 = ( NAMED_UNIT(*) SI_UNIT($,.STERADIAN.) SOLID_ANGLE_UNIT() );
#4566 = UNCERTAINTY_MEASURE_WITH_UNIT(LENGTH_MEASURE(1.E-04),#4563,
  'distance_accuracy_value','confusion accuracy');
#4567 = CONTEXT_DEPENDENT_SHAPE_REPRESENTATION(#4568,#4570);
#4568 = ( REPRESENTATION_RELATIONSHIP('','',#4428,#10) 
REPRESENTATION_RELATIONSHIP_WITH_TRANSFORMATION(#4569) 
SHAPE_REPRESENTATION_RELATIONSHIP() );
#4569 = ITEM_DEFINED_TRANSFORMATION('','',#11,#79);
#4570 = PRODUCT_DEFINITION_SHAPE('Placement','Placement of an item',
  #4571);
#4571 = NEXT_ASSEMBLY_USAGE_OCCURRENCE('17','','',#5,#4423,$);
#4572 = PRODUCT_RELATED_PRODUCT_CATEGORY('part',$,(#4425));
#4573 = SHAPE_DEFINITION_REPRESENTATION(#4574,#4580);
#4574 = PRODUCT_DEFINITION_SHAPE('','',#4575);
#4575 = PRODUCT_DEFINITION('design','',#4576,#4579);
#4576 = PRODUCT_DEFINITION_FORMATION('','',#4577);
#4577 = PRODUCT('Open CASCADE STEP translator 7.8 1.18',
  'Open CASCADE STEP translator 7.8 1.18','',(#4578));
#4578 = PRODUCT_CONTEXT('',#2,'mechanical');
#4579 = PRODUCT_DEFINITION_CONTEXT('part definition',#2,'design');
#4580 = MANIFOLD_SURFACE_SHAPE_REPRESENTATION('',(#11,#4581),#4714);
#4581 = SHELL_BASED_SURFACE_MODEL('',(#4582));
#4582 = OPEN_SHELL('',(#4583));
#4583 = ADVANCED_FACE('',(#4584),#4598,.T.);
#4584 = FACE_BOUND('',#4585,.T.);
#4585 = EDGE_LOOP('',(#4586,#4630,#4665,#4681));
#4586 = ORIENTED_EDGE('',*,*,#4587,.T.);
#4587 = EDGE_CURVE('',#4588,#4590,#4592,.T.);
#4588 = VERTEX_POINT('',#4589);
#4589 = CARTESIAN_POINT('',(11.686533875108,109.37744249152,0.));
#4590 = VERTEX_POINT('',#4591);
#4591 = CARTESIAN_POINT('',(11.686533875108,109.37744249152,30.));
#4592 = SURFACE_CURVE('',#4593,(#4597),.PCURVE_S1.);
#4593 = LINE('',#4594,#4595);
#4594 = CARTESIAN_POINT('',(11.686533875108,109.37744249152,0.));
#4595 = VECTOR('',#4596,1.);
#4596 = DIRECTION('',(0.,0.,1.));
#4597 = PCURVE('',#4598,#4624);
#4598 = SURFACE_OF_LINEAR_EXTRUSION('',#4599,#4622);
#4599 = B_SPLINE_CURVE_WITH_KNOTS('',6,(#4600,#4601,#4602,#4603,#4604,
    #4605,#4606,#4607,#4608,#4609,#4610,#4611,#4612,#4613,#4614,#4615,
    #4616,#4617,#4618,#4619,#4620,#4621),.UNSPECIFIED.,.F.,.F.,(7,5,5,5,
    7),(0.,0.249985035126,0.500000631737,0.750015759454,1.),
  .UNSPECIFIED.);
#4600 = CARTESIAN_POINT('',(11.686533875108,109.37744249152,0.));
#4601 = CARTESIAN_POINT('',(11.87924699387,109.35685188033,0.));
#4602 = CARTESIAN_POINT('',(12.078284948411,109.32159312503,0.));
#4603 = CARTESIAN_POINT('',(12.282141356677,109.2702307478,0.));
#4604 = CARTESIAN_POINT('',(12.488763556797,109.20158888601,0.));
#4605 = CARTESIAN_POINT('',(12.695523962093,109.11510519306,0.));
#4606 = CARTESIAN_POINT('',(13.103705008105,108.90693454877,0.));
#4607 = CARTESIAN_POINT('',(13.305124332767,108.78524272964,0.));
#4608 = CARTESIAN_POINT('',(13.501043218123,108.64619329984,0.));
#4609 = CARTESIAN_POINT('',(13.688427911558,108.49082017951,0.));
#4610 = CARTESIAN_POINT('',(13.864483446735,108.3210823452,0.));
#4611 = CARTESIAN_POINT('',(14.189627979484,107.95782111095,0.));
#4612 = CARTESIAN_POINT('',(14.338716358679,107.76429859729,0.));
#4613 = CARTESIAN_POINT('',(14.472161873073,107.56135209121,0.));
#4614 = CARTESIAN_POINT('',(14.588422800277,107.3519921465,0.));
#4615 = CARTESIAN_POINT('',(14.686898244871,107.13930404307,0.));
#4616 = CARTESIAN_POINT('',(14.848524735818,106.71282167973,0.));
#4617 = CARTESIAN_POINT('',(14.9116808308,106.49902804168,0.));
#4618 = CARTESIAN_POINT('',(14.957310532064,106.28743485211,0.));
#4619 = CARTESIAN_POINT('',(14.986290419749,106.08050272173,0.));
#4620 = CARTESIAN_POINT('',(15.,105.88006776949,0.));
#4621 = CARTESIAN_POINT('',(15.,105.68741865998,0.));
#4622 = VECTOR('',#4623,1.);
#4623 = DIRECTION('',(-0.,-0.,-1.));
#4624 = DEFINITIONAL_REPRESENTATION('',(#4625),#4629);
#4625 = LINE('',#4626,#4627);
#4626 = CARTESIAN_POINT('',(0.,0.));
#4627 = VECTOR('',#4628,1.);
#4628 = DIRECTION('',(0.,-1.));
#4629 = ( GEOMETRIC_REPRESENTATION_CONTEXT(2) 
PARAMETRIC_REPRESENTATION_CONTEXT() REPRESENTATION_CONTEXT('2D SPACE',''
  ) );
#4630 = ORIENTED_EDGE('',*,*,#4631,.T.);
#4631 = EDGE_CURVE('',#4590,#4632,#4634,.T.);
#4632 = VERTEX_POINT('',#4633);
#4633 = CARTESIAN_POINT('',(15.,105.68741851997,30.));
#4634 = SURFACE_CURVE('',#4635,(#4658),.PCURVE_S1.);
#4635 = B_SPLINE_CURVE_WITH_KNOTS('',6,(#4636,#4637,#4638,#4639,#4640,
    #4641,#4642,#4643,#4644,#4645,#4646,#4647,#4648,#4649,#4650,#4651,
    #4652,#4653,#4654,#4655,#4656,#4657),.UNSPECIFIED.,.F.,.F.,(7,5,5,5,
    7),(0.,0.249985035126,0.500000631737,0.750015759454,1.),
  .UNSPECIFIED.);
#4636 = CARTESIAN_POINT('',(11.686533875108,109.37744249152,30.));
#4637 = CARTESIAN_POINT('',(11.87924699387,109.35685188033,30.));
#4638 = CARTESIAN_POINT('',(12.078284948411,109.32159312503,30.));
#4639 = CARTESIAN_POINT('',(12.282141356677,109.2702307478,30.));
#4640 = CARTESIAN_POINT('',(12.488763556797,109.20158888601,30.));
#4641 = CARTESIAN_POINT('',(12.695523962093,109.11510519306,30.));
#4642 = CARTESIAN_POINT('',(13.103705008105,108.90693454877,30.));
#4643 = CARTESIAN_POINT('',(13.305124332767,108.78524272964,30.));
#4644 = CARTESIAN_POINT('',(13.501043218123,108.64619329984,30.));
#4645 = CARTESIAN_POINT('',(13.688427911558,108.49082017951,30.));
#4646 = CARTESIAN_POINT('',(13.864483446735,108.3210823452,30.));
#4647 = CARTESIAN_POINT('',(14.189627979484,107.95782111095,30.));
#4648 = CARTESIAN_POINT('',(14.338716358679,107.76429859729,30.));
#4649 = CARTESIAN_POINT('',(14.472161873073,107.56135209121,30.));
#4650 = CARTESIAN_POINT('',(14.588422800277,107.3519921465,30.));
#4651 = CARTESIAN_POINT('',(14.686898244871,107.13930404307,30.));
#4652 = CARTESIAN_POINT('',(14.848524735818,106.71282167973,30.));
#4653 = CARTESIAN_POINT('',(14.9116808308,106.49902804168,30.));
#4654 = CARTESIAN_POINT('',(14.957310532064,106.28743485211,30.));
#4655 = CARTESIAN_POINT('',(14.986290419749,106.08050272173,30.));
#4656 = CARTESIAN_POINT('',(15.,105.88006776949,30.));
#4657 = CARTESIAN_POINT('',(15.,105.68741865998,30.));
#4658 = PCURVE('',#4598,#4659);
#4659 = DEFINITIONAL_REPRESENTATION('',(#4660),#4664);
#4660 = LINE('',#4661,#4662);
#4661 = CARTESIAN_POINT('',(0.,-30.));
#4662 = VECTOR('',#4663,1.);
#4663 = DIRECTION('',(1.,0.));
#4664 = ( GEOMETRIC_REPRESENTATION_CONTEXT(2) 
PARAMETRIC_REPRESENTATION_CONTEXT() REPRESENTATION_CONTEXT('2D SPACE',''
  ) );
#4665 = ORIENTED_EDGE('',*,*,#4666,.F.);
#4666 = EDGE_CURVE('',#4667,#4632,#4669,.T.);
#4667 = VERTEX_POINT('',#4668);
#4668 = CARTESIAN_POINT('',(15.,105.68741851997,0.));
#4669 = SURFACE_CURVE('',#4670,(#4674),.PCURVE_S1.);
#4670 = LINE('',#4671,#4672);
#4671 = CARTESIAN_POINT('',(15.,105.68741851997,0.));
#4672 = VECTOR('',#4673,1.);
#4673 = DIRECTION('',(0.,0.,1.));
#4674 = PCURVE('',#4598,#4675);
#4675 = DEFINITIONAL_REPRESENTATION('',(#4676),#4680);
#4676 = LINE('',#4677,#4678);
#4677 = CARTESIAN_POINT('',(1.,0.));
#4678 = VECTOR('',#4679,1.);
#4679 = DIRECTION('',(0.,-1.));
#4680 = ( GEOMETRIC_REPRESENTATION_CONTEXT(2) 
PARAMETRIC_REPRESENTATION_CONTEXT() REPRESENTATION_CONTEXT('2D SPACE',''
  ) );
#4681 = ORIENTED_EDGE('',*,*,#4682,.F.);
#4682 = EDGE_CURVE('',#4588,#4667,#4683,.T.);
#4683 = SURFACE_CURVE('',#4684,(#4707),.PCURVE_S1.);
#4684 = B_SPLINE_CURVE_WITH_KNOTS('',6,(#4685,#4686,#4687,#4688,#4689,
    #4690,#4691,#4692,#4693,#4694,#4695,#4696,#4697,#4698,#4699,#4700,
    #4701,#4702,#4703,#4704,#4705,#4706),.UNSPECIFIED.,.F.,.F.,(7,5,5,5,
    7),(0.,0.249985035126,0.500000631737,0.750015759454,1.),
  .UNSPECIFIED.);
#4685 = CARTESIAN_POINT('',(11.686533875108,109.37744249152,0.));
#4686 = CARTESIAN_POINT('',(11.87924699387,109.35685188033,0.));
#4687 = CARTESIAN_POINT('',(12.078284948411,109.32159312503,0.));
#4688 = CARTESIAN_POINT('',(12.282141356677,109.2702307478,0.));
#4689 = CARTESIAN_POINT('',(12.488763556797,109.20158888601,0.));
#4690 = CARTESIAN_POINT('',(12.695523962093,109.11510519306,0.));
#4691 = CARTESIAN_POINT('',(13.103705008105,108.90693454877,0.));
#4692 = CARTESIAN_POINT('',(13.305124332767,108.78524272964,0.));
#4693 = CARTESIAN_POINT('',(13.501043218123,108.64619329984,0.));
#4694 = CARTESIAN_POINT('',(13.688427911558,108.49082017951,0.));
#4695 = CARTESIAN_POINT('',(13.864483446735,108.3210823452,0.));
#4696 = CARTESIAN_POINT('',(14.189627979484,107.95782111095,0.));
#4697 = CARTESIAN_POINT('',(14.338716358679,107.76429859729,0.));
#4698 = CARTESIAN_POINT('',(14.472161873073,107.56135209121,0.));
#4699 = CARTESIAN_POINT('',(14.588422800277,107.3519921465,0.));
#4700 = CARTESIAN_POINT('',(14.686898244871,107.13930404307,0.));
#4701 = CARTESIAN_POINT('',(14.848524735818,106.71282167973,0.));
#4702 = CARTESIAN_POINT('',(14.9116808308,106.49902804168,0.));
#4703 = CARTESIAN_POINT('',(14.957310532064,106.28743485211,0.));
#4704 = CARTESIAN_POINT('',(14.986290419749,106.08050272173,0.));
#4705 = CARTESIAN_POINT('',(15.,105.88006776949,0.));
#4706 = CARTESIAN_POINT('',(15.,105.68741865998,0.));
#4707 = PCURVE('',#4598,#4708);
#4708 = DEFINITIONAL_REPRESENTATION('',(#4709),#4713);
#4709 = LINE('',#4710,#4711);
#4710 = CARTESIAN_POINT('',(0.,0.));
#4711 = VECTOR('',#4712,1.);
#4712 = DIRECTION('',(1.,0.));
#4713 = ( GEOMETRIC_REPRESENTATION_CONTEXT(2) 
PARAMETRIC_REPRESENTATION_CONTEXT() REPRESENTATION_CONTEXT('2D SPACE',''
  ) );
#4714 = ( GEOMETRIC_REPRESENTATION_CONTEXT(3) 
GLOBAL_UNCERTAINTY_ASSIGNED_CONTEXT((#4718)) 
GLOBAL_UNIT_ASSIGNED_CONTEXT((#4715,#4716,#4717)) REPRESENTATION_CONTEXT
('Context #1','3D Context with UNIT and UNCERTAINTY') );
#4715 = ( LENGTH_UNIT() NAMED_UNIT(*) SI_UNIT(.MILLI.,.METRE.) );
#4716 = ( NAMED_UNIT(*) PLANE_ANGLE_UNIT() SI_UNIT($,.RADIAN.) );
#4717 = ( NAMED_UNIT(*) SI_UNIT($,.STERADIAN.) SOLID_ANGLE_UNIT() );
#4718 = UNCERTAINTY_MEASURE_WITH_UNIT(LENGTH_MEASURE(1.E-04),#4715,
  'distance_accuracy_value','confusion accuracy');
#4719 = CONTEXT_DEPENDENT_SHAPE_REPRESENTATION(#4720,#4722);
#4720 = ( REPRESENTATION_RELATIONSHIP('','',#4580,#10) 
REPRESENTATION_RELATIONSHIP_WITH_TRANSFORMATION(#4721) 
SHAPE_REPRESENTATION_RELATIONSHIP() );
#4721 = ITEM_DEFINED_TRANSFORMATION('','',#11,#83);
#4722 = PRODUCT_DEFINITION_SHAPE('Placement','Placement of an item',
  #4723);
#4723 = NEXT_ASSEMBLY_USAGE_OCCURRENCE('18','','',#5,#4575,$);
#4724 = PRODUCT_RELATED_PRODUCT_CATEGORY('part',$,(#4577));
#4725 = SHAPE_DEFINITION_REPRESENTATION(#4726,#4732);
#4726 = PRODUCT_DEFINITION_SHAPE('','',#4727);
#4727 = PRODUCT_DEFINITION('design','',#4728,#4731);
#4728 = PRODUCT_DEFINITION_FORMATION('','',#4729);
#4729 = PRODUCT('Open CASCADE STEP translator 7.8 1.19',
  'Open CASCADE STEP translator 7.8 1.19','',(#4730));
#4730 = PRODUCT_CONTEXT('',#2,'mechanical');
#4731 = PRODUCT_DEFINITION_CONTEXT('part definition',#2,'design');
#4732 = MANIFOLD_SURFACE_SHAPE_REPRESENTATION('',(#11,#4733),#4809);
#4733 = SHELL_BASED_SURFACE_MODEL('',(#4734));
#4734 = OPEN_SHELL('',(#4735));
#4735 = ADVANCED_FACE('',(#4736),#4750,.F.);
#4736 = FACE_BOUND('',#4737,.T.);
#4737 = EDGE_LOOP('',(#4738,#4761,#4778,#4794));
#4738 = ORIENTED_EDGE('',*,*,#4739,.T.);
#4739 = EDGE_CURVE('',#4740,#4742,#4744,.T.);
#4740 = VERTEX_POINT('',#4741);
#4741 = CARTESIAN_POINT('',(-11.6865338751,-109.3774424915,0.));
#4742 = VERTEX_POINT('',#4743);
#4743 = CARTESIAN_POINT('',(-11.6865338751,-109.3774424915,30.));
#4744 = SURFACE_CURVE('',#4745,(#4749),.PCURVE_S1.);
#4745 = LINE('',#4746,#4747);
#4746 = CARTESIAN_POINT('',(-11.6865338751,-109.3774424915,0.));
#4747 = VECTOR('',#4748,1.);
#4748 = DIRECTION('',(0.,0.,1.));
#4749 = PCURVE('',#4750,#4755);
#4750 = CYLINDRICAL_SURFACE('',#4751,110.);
#4751 = AXIS2_PLACEMENT_3D('',#4752,#4753,#4754);
#4752 = CARTESIAN_POINT('',(0.,0.,0.));
#4753 = DIRECTION('',(-0.,-0.,-1.));
#4754 = DIRECTION('',(1.,0.,-0.));
#4755 = DEFINITIONAL_REPRESENTATION('',(#4756),#4760);
#4756 = LINE('',#4757,#4758);
#4757 = CARTESIAN_POINT('',(-4.605946880414,0.));
#4758 = VECTOR('',#4759,1.);
#4759 = DIRECTION('',(-0.,-1.));
#4760 = ( GEOMETRIC_REPRESENTATION_CONTEXT(2) 
PARAMETRIC_REPRESENTATION_CONTEXT() REPRESENTATION_CONTEXT('2D SPACE',''
  ) );
#4761 = ORIENTED_EDGE('',*,*,#4762,.T.);
#4762 = EDGE_CURVE('',#4742,#4763,#4765,.T.);
#4763 = VERTEX_POINT('',#4764);
#4764 = CARTESIAN_POINT('',(11.686533875108,-109.3774424915,30.));
#4765 = SURFACE_CURVE('',#4766,(#4771),.PCURVE_S1.);
#4766 = CIRCLE('',#4767,110.);
#4767 = AXIS2_PLACEMENT_3D('',#4768,#4769,#4770);
#4768 = CARTESIAN_POINT('',(0.,0.,30.));
#4769 = DIRECTION('',(0.,0.,1.));
#4770 = DIRECTION('',(1.,0.,-0.));
#4771 = PCURVE('',#4750,#4772);
#4772 = DEFINITIONAL_REPRESENTATION('',(#4773),#4777);
#4773 = LINE('',#4774,#4775);
#4774 = CARTESIAN_POINT('',(-0.,-30.));
#4775 = VECTOR('',#4776,1.);
#4776 = DIRECTION('',(-1.,0.));
#4777 = ( GEOMETRIC_REPRESENTATION_CONTEXT(2) 
PARAMETRIC_REPRESENTATION_CONTEXT() REPRESENTATION_CONTEXT('2D SPACE',''
  ) );
#4778 = ORIENTED_EDGE('',*,*,#4779,.F.);
#4779 = EDGE_CURVE('',#4780,#4763,#4782,.T.);
#4780 = VERTEX_POINT('',#4781);
#4781 = CARTESIAN_POINT('',(11.686533875108,-109.3774424915,0.));
#4782 = SURFACE_CURVE('',#4783,(#4787),.PCURVE_S1.);
#4783 = LINE('',#4784,#4785);
#4784 = CARTESIAN_POINT('',(11.686533875108,-109.3774424915,0.));
#4785 = VECTOR('',#4786,1.);
#4786 = DIRECTION('',(0.,0.,1.));
#4787 = PCURVE('',#4750,#4788);
#4788 = DEFINITIONAL_REPRESENTATION('',(#4789),#4793);
#4789 = LINE('',#4790,#4791);
#4790 = CARTESIAN_POINT('',(-4.818831080356,0.));
#4791 = VECTOR('',#4792,1.);
#4792 = DIRECTION('',(-0.,-1.));
#4793 = ( GEOMETRIC_REPRESENTATION_CONTEXT(2) 
PARAMETRIC_REPRESENTATION_CONTEXT() REPRESENTATION_CONTEXT('2D SPACE',''
  ) );
#4794 = ORIENTED_EDGE('',*,*,#4795,.F.);
#4795 = EDGE_CURVE('',#4740,#4780,#4796,.T.);
#4796 = SURFACE_CURVE('',#4797,(#4802),.PCURVE_S1.);
#4797 = CIRCLE('',#4798,110.);
#4798 = AXIS2_PLACEMENT_3D('',#4799,#4800,#4801);
#4799 = CARTESIAN_POINT('',(0.,0.,0.));
#4800 = DIRECTION('',(0.,0.,1.));
#4801 = DIRECTION('',(1.,0.,-0.));
#4802 = PCURVE('',#4750,#4803);
#4803 = DEFINITIONAL_REPRESENTATION('',(#4804),#4808);
#4804 = LINE('',#4805,#4806);
#4805 = CARTESIAN_POINT('',(-0.,0.));
#4806 = VECTOR('',#4807,1.);
#4807 = DIRECTION('',(-1.,0.));
#4808 = ( GEOMETRIC_REPRESENTATION_CONTEXT(2) 
PARAMETRIC_REPRESENTATION_CONTEXT() REPRESENTATION_CONTEXT('2D SPACE',''
  ) );
#4809 = ( GEOMETRIC_REPRESENTATION_CONTEXT(3) 
GLOBAL_UNCERTAINTY_ASSIGNED_CONTEXT((#4813)) 
GLOBAL_UNIT_ASSIGNED_CONTEXT((#4810,#4811,#4812)) REPRESENTATION_CONTEXT
('Context #1','3D Context with UNIT and UNCERTAINTY') );
#4810 = ( LENGTH_UNIT() NAMED_UNIT(*) SI_UNIT(.MILLI.,.METRE.) );
#4811 = ( NAMED_UNIT(*) PLANE_ANGLE_UNIT() SI_UNIT($,.RADIAN.) );
#4812 = ( NAMED_UNIT(*) SI_UNIT($,.STERADIAN.) SOLID_ANGLE_UNIT() );
#4813 = UNCERTAINTY_MEASURE_WITH_UNIT(LENGTH_MEASURE(5.E-05),#4810,
  'distance_accuracy_value','confusion accuracy');
#4814 = CONTEXT_DEPENDENT_SHAPE_REPRESENTATION(#4815,#4817);
#4815 = ( REPRESENTATION_RELATIONSHIP('','',#4732,#10) 
REPRESENTATION_RELATIONSHIP_WITH_TRANSFORMATION(#4816) 
SHAPE_REPRESENTATION_RELATIONSHIP() );
#4816 = ITEM_DEFINED_TRANSFORMATION('','',#11,#87);
#4817 = PRODUCT_DEFINITION_SHAPE('Placement','Placement of an item',
  #4818);
#4818 = NEXT_ASSEMBLY_USAGE_OCCURRENCE('19','','',#5,#4727,$);
#4819 = PRODUCT_RELATED_PRODUCT_CATEGORY('part',$,(#4729));
#4820 = SHAPE_DEFINITION_REPRESENTATION(#4821,#4827);
#4821 = PRODUCT_DEFINITION_SHAPE('','',#4822);
#4822 = PRODUCT_DEFINITION('design','',#4823,#4826);
#4823 = PRODUCT_DEFINITION_FORMATION('','',#4824);
#4824 = PRODUCT('Open CASCADE STEP translator 7.8 1.20',
  'Open CASCADE STEP translator 7.8 1.20','',(#4825));
#4825 = PRODUCT_CONTEXT('',#2,'mechanical');
#4826 = PRODUCT_DEFINITION_CONTEXT('part definition',#2,'design');
#4827 = MANIFOLD_SURFACE_SHAPE_REPRESENTATION('',(#11,#4828),#4904);
#4828 = SHELL_BASED_SURFACE_MODEL('',(#4829));
#4829 = OPEN_SHELL('',(#4830));
#4830 = ADVANCED_FACE('',(#4831),#4845,.F.);
#4831 = FACE_BOUND('',#4832,.T.);
#4832 = EDGE_LOOP('',(#4833,#4856,#4873,#4889));
#4833 = ORIENTED_EDGE('',*,*,#4834,.T.);
#4834 = EDGE_CURVE('',#4835,#4837,#4839,.T.);
#4835 = VERTEX_POINT('',#4836);
#4836 = CARTESIAN_POINT('',(11.686533875108,109.37744249152,0.));
#4837 = VERTEX_POINT('',#4838);
#4838 = CARTESIAN_POINT('',(11.686533875108,109.37744249152,30.));
#4839 = SURFACE_CURVE('',#4840,(#4844),.PCURVE_S1.);
#4840 = LINE('',#4841,#4842);
#4841 = CARTESIAN_POINT('',(11.686533875108,109.37744249152,0.));
#4842 = VECTOR('',#4843,1.);
#4843 = DIRECTION('',(0.,0.,1.));
#4844 = PCURVE('',#4845,#4850);
#4845 = CYLINDRICAL_SURFACE('',#4846,110.);
#4846 = AXIS2_PLACEMENT_3D('',#4847,#4848,#4849);
#4847 = CARTESIAN_POINT('',(0.,0.,0.));
#4848 = DIRECTION('',(-0.,-0.,-1.));
#4849 = DIRECTION('',(1.,0.,-0.));
#4850 = DEFINITIONAL_REPRESENTATION('',(#4851),#4855);
#4851 = LINE('',#4852,#4853);
#4852 = CARTESIAN_POINT('',(-1.464354226824,0.));
#4853 = VECTOR('',#4854,1.);
#4854 = DIRECTION('',(-0.,-1.));
#4855 = ( GEOMETRIC_REPRESENTATION_CONTEXT(2) 
PARAMETRIC_REPRESENTATION_CONTEXT() REPRESENTATION_CONTEXT('2D SPACE',''
  ) );
#4856 = ORIENTED_EDGE('',*,*,#4857,.T.);
#4857 = EDGE_CURVE('',#4837,#4858,#4860,.T.);
#4858 = VERTEX_POINT('',#4859);
#4859 = CARTESIAN_POINT('',(-11.6865338751,109.37744249152,30.));
#4860 = SURFACE_CURVE('',#4861,(#4866),.PCURVE_S1.);
#4861 = CIRCLE('',#4862,110.);
#4862 = AXIS2_PLACEMENT_3D('',#4863,#4864,#4865);
#4863 = CARTESIAN_POINT('',(0.,0.,30.));
#4864 = DIRECTION('',(0.,0.,1.));
#4865 = DIRECTION('',(1.,0.,-0.));
#4866 = PCURVE('',#4845,#4867);
#4867 = DEFINITIONAL_REPRESENTATION('',(#4868),#4872);
#4868 = LINE('',#4869,#4870);
#4869 = CARTESIAN_POINT('',(-0.,-30.));
#4870 = VECTOR('',#4871,1.);
#4871 = DIRECTION('',(-1.,0.));
#4872 = ( GEOMETRIC_REPRESENTATION_CONTEXT(2) 
PARAMETRIC_REPRESENTATION_CONTEXT() REPRESENTATION_CONTEXT('2D SPACE',''
  ) );
#4873 = ORIENTED_EDGE('',*,*,#4874,.F.);
#4874 = EDGE_CURVE('',#4875,#4858,#4877,.T.);
#4875 = VERTEX_POINT('',#4876);
#4876 = CARTESIAN_POINT('',(-11.6865338751,109.37744249152,0.));
#4877 = SURFACE_CURVE('',#4878,(#4882),.PCURVE_S1.);
#4878 = LINE('',#4879,#4880);
#4879 = CARTESIAN_POINT('',(-11.6865338751,109.37744249152,0.));
#4880 = VECTOR('',#4881,1.);
#4881 = DIRECTION('',(0.,0.,1.));
#4882 = PCURVE('',#4845,#4883);
#4883 = DEFINITIONAL_REPRESENTATION('',(#4884),#4888);
#4884 = LINE('',#4885,#4886);
#4885 = CARTESIAN_POINT('',(-1.677238426766,0.));
#4886 = VECTOR('',#4887,1.);
#4887 = DIRECTION('',(-0.,-1.));
#4888 = ( GEOMETRIC_REPRESENTATION_CONTEXT(2) 
PARAMETRIC_REPRESENTATION_CONTEXT() REPRESENTATION_CONTEXT('2D SPACE',''
  ) );
#4889 = ORIENTED_EDGE('',*,*,#4890,.F.);
#4890 = EDGE_CURVE('',#4835,#4875,#4891,.T.);
#4891 = SURFACE_CURVE('',#4892,(#4897),.PCURVE_S1.);
#4892 = CIRCLE('',#4893,110.);
#4893 = AXIS2_PLACEMENT_3D('',#4894,#4895,#4896);
#4894 = CARTESIAN_POINT('',(0.,0.,0.));
#4895 = DIRECTION('',(0.,0.,1.));
#4896 = DIRECTION('',(1.,0.,-0.));
#4897 = PCURVE('',#4845,#4898);
#4898 = DEFINITIONAL_REPRESENTATION('',(#4899),#4903);
#4899 = LINE('',#4900,#4901);
#4900 = CARTESIAN_POINT('',(-0.,0.));
#4901 = VECTOR('',#4902,1.);
#4902 = DIRECTION('',(-1.,0.));
#4903 = ( GEOMETRIC_REPRESENTATION_CONTEXT(2) 
PARAMETRIC_REPRESENTATION_CONTEXT() REPRESENTATION_CONTEXT('2D SPACE',''
  ) );
#4904 = ( GEOMETRIC_REPRESENTATION_CONTEXT(3) 
GLOBAL_UNCERTAINTY_ASSIGNED_CONTEXT((#4908)) 
GLOBAL_UNIT_ASSIGNED_CONTEXT((#4905,#4906,#4907)) REPRESENTATION_CONTEXT
('Context #1','3D Context with UNIT and UNCERTAINTY') );
#4905 = ( LENGTH_UNIT() NAMED_UNIT(*) SI_UNIT(.MILLI.,.METRE.) );
#4906 = ( NAMED_UNIT(*) PLANE_ANGLE_UNIT() SI_UNIT($,.RADIAN.) );
#4907 = ( NAMED_UNIT(*) SI_UNIT($,.STERADIAN.) SOLID_ANGLE_UNIT() );
#4908 = UNCERTAINTY_MEASURE_WITH_UNIT(LENGTH_MEASURE(5.E-05),#4905,
  'distance_accuracy_value','confusion accuracy');
#4909 = CONTEXT_DEPENDENT_SHAPE_REPRESENTATION(#4910,#4912);
#4910 = ( REPRESENTATION_RELATIONSHIP('','',#4827,#10) 
REPRESENTATION_RELATIONSHIP_WITH_TRANSFORMATION(#4911) 
SHAPE_REPRESENTATION_RELATIONSHIP() );
#4911 = ITEM_DEFINED_TRANSFORMATION('','',#11,#91);
#4912 = PRODUCT_DEFINITION_SHAPE('Placement','Placement of an item',
  #4913);
#4913 = NEXT_ASSEMBLY_USAGE_OCCURRENCE('20','','',#5,#4822,$);
#4914 = PRODUCT_RELATED_PRODUCT_CATEGORY('part',$,(#4824));
#4915 = SHAPE_DEFINITION_REPRESENTATION(#4916,#4922);
#4916 = PRODUCT_DEFINITION_SHAPE('','',#4917);
#4917 = PRODUCT_DEFINITION('design','',#4918,#4921);
#4918 = PRODUCT_DEFINITION_FORMATION('','',#4919);
#4919 = PRODUCT('Open CASCADE STEP translator 7.8 1.21',
  'Open CASCADE STEP translator 7.8 1.21','',(#4920));
#4920 = PRODUCT_CONTEXT('',#2,'mechanical');
#4921 = PRODUCT_DEFINITION_CONTEXT('part definition',#2,'design');
#4922 = MANIFOLD_SURFACE_SHAPE_REPRESENTATION('',(#11,#4923),#5056);
#4923 = SHELL_BASED_SURFACE_MODEL('',(#4924));
#4924 = OPEN_SHELL('',(#4925));
#4925 = ADVANCED_FACE('',(#4926),#4940,.T.);
#4926 = FACE_BOUND('',#4927,.T.);
#4927 = EDGE_LOOP('',(#4928,#4972,#5007,#5023));
#4928 = ORIENTED_EDGE('',*,*,#4929,.T.);
#4929 = EDGE_CURVE('',#4930,#4932,#4934,.T.);
#4930 = VERTEX_POINT('',#4931);
#4931 = CARTESIAN_POINT('',(-11.6865338751,-109.3774424915,0.));
#4932 = VERTEX_POINT('',#4933);
#4933 = CARTESIAN_POINT('',(-11.6865338751,-109.3774424915,30.));
#4934 = SURFACE_CURVE('',#4935,(#4939),.PCURVE_S1.);
#4935 = LINE('',#4936,#4937);
#4936 = CARTESIAN_POINT('',(-11.6865338751,-109.3774424915,0.));
#4937 = VECTOR('',#4938,1.);
#4938 = DIRECTION('',(0.,0.,1.));
#4939 = PCURVE('',#4940,#4966);
#4940 = SURFACE_OF_LINEAR_EXTRUSION('',#4941,#4964);
#4941 = B_SPLINE_CURVE_WITH_KNOTS('',6,(#4942,#4943,#4944,#4945,#4946,
    #4947,#4948,#4949,#4950,#4951,#4952,#4953,#4954,#4955,#4956,#4957,
    #4958,#4959,#4960,#4961,#4962,#4963),.UNSPECIFIED.,.F.,.F.,(7,5,5,5,
    7),(0.,0.249996249286,0.500000158506,0.750003950085,1.),
  .UNSPECIFIED.);
#4942 = CARTESIAN_POINT('',(-11.6865338751,-109.3774424915,0.));
#4943 = CARTESIAN_POINT('',(-11.87923586692,-109.3568530692,0.));
#4944 = CARTESIAN_POINT('',(-12.07826627144,-109.3215967345,0.));
#4945 = CARTESIAN_POINT('',(-12.2821198145,-109.2702370077,0.));
#4946 = CARTESIAN_POINT('',(-12.48874457577,-109.2015964485,0.));
#4947 = CARTESIAN_POINT('',(-12.69551255155,-109.1151110095,0.));
#4948 = CARTESIAN_POINT('',(-13.10369764927,-108.9069383045,0.));
#4949 = CARTESIAN_POINT('',(-13.30511387214,-108.7852494285,0.));
#4950 = CARTESIAN_POINT('',(-13.50103347748,-108.646201095,0.));
#4951 = CARTESIAN_POINT('',(-13.68842123767,-108.4908266176,0.));
#4952 = CARTESIAN_POINT('',(-13.86448035214,-108.321085796,0.));
#4953 = CARTESIAN_POINT('',(-14.18963120767,-107.9578175108,0.));
#4954 = CARTESIAN_POINT('',(-14.33872225008,-107.7642909477,0.));
#4955 = CARTESIAN_POINT('',(-14.47216873869,-107.5613412148,0.));
#4956 = CARTESIAN_POINT('',(-14.58842841572,-107.3519807773,0.));
#4957 = CARTESIAN_POINT('',(-14.6869012012,-107.1392962347,0.));
#4958 = CARTESIAN_POINT('',(-14.84852923067,-106.7128098266,0.));
#4959 = CARTESIAN_POINT('',(-14.91168623034,-106.4990085522,0.));
#4960 = CARTESIAN_POINT('',(-14.95731438414,-106.2874130192,0.));
#4961 = CARTESIAN_POINT('',(-14.98629199021,-106.0804840049,0.));
#4962 = CARTESIAN_POINT('',(-15.,-105.8800567242,0.));
#4963 = CARTESIAN_POINT('',(-15.,-105.6874186599,0.));
#4964 = VECTOR('',#4965,1.);
#4965 = DIRECTION('',(-0.,-0.,-1.));
#4966 = DEFINITIONAL_REPRESENTATION('',(#4967),#4971);
#4967 = LINE('',#4968,#4969);
#4968 = CARTESIAN_POINT('',(0.,0.));
#4969 = VECTOR('',#4970,1.);
#4970 = DIRECTION('',(0.,-1.));
#4971 = ( GEOMETRIC_REPRESENTATION_CONTEXT(2) 
PARAMETRIC_REPRESENTATION_CONTEXT() REPRESENTATION_CONTEXT('2D SPACE',''
  ) );
#4972 = ORIENTED_EDGE('',*,*,#4973,.T.);
#4973 = EDGE_CURVE('',#4932,#4974,#4976,.T.);
#4974 = VERTEX_POINT('',#4975);
#4975 = CARTESIAN_POINT('',(-15.,-105.6874185199,30.));
#4976 = SURFACE_CURVE('',#4977,(#5000),.PCURVE_S1.);
#4977 = B_SPLINE_CURVE_WITH_KNOTS('',6,(#4978,#4979,#4980,#4981,#4982,
    #4983,#4984,#4985,#4986,#4987,#4988,#4989,#4990,#4991,#4992,#4993,
    #4994,#4995,#4996,#4997,#4998,#4999),.UNSPECIFIED.,.F.,.F.,(7,5,5,5,
    7),(0.,0.249996249286,0.500000158506,0.750003950085,1.),
  .UNSPECIFIED.);
#4978 = CARTESIAN_POINT('',(-11.6865338751,-109.3774424915,30.));
#4979 = CARTESIAN_POINT('',(-11.87923586692,-109.3568530692,30.));
#4980 = CARTESIAN_POINT('',(-12.07826627144,-109.3215967345,30.));
#4981 = CARTESIAN_POINT('',(-12.2821198145,-109.2702370077,30.));
#4982 = CARTESIAN_POINT('',(-12.48874457577,-109.2015964485,30.));
#4983 = CARTESIAN_POINT('',(-12.69551255155,-109.1151110095,30.));
#4984 = CARTESIAN_POINT('',(-13.10369764927,-108.9069383045,30.));
#4985 = CARTESIAN_POINT('',(-13.30511387214,-108.7852494285,30.));
#4986 = CARTESIAN_POINT('',(-13.50103347748,-108.646201095,30.));
#4987 = CARTESIAN_POINT('',(-13.68842123767,-108.4908266176,30.));
#4988 = CARTESIAN_POINT('',(-13.86448035214,-108.321085796,30.));
#4989 = CARTESIAN_POINT('',(-14.18963120767,-107.9578175108,30.));
#4990 = CARTESIAN_POINT('',(-14.33872225008,-107.7642909477,30.));
#4991 = CARTESIAN_POINT('',(-14.47216873869,-107.5613412148,30.));
#4992 = CARTESIAN_POINT('',(-14.58842841572,-107.3519807773,30.));
#4993 = CARTESIAN_POINT('',(-14.6869012012,-107.1392962347,30.));
#4994 = CARTESIAN_POINT('',(-14.84852923067,-106.7128098266,30.));
#4995 = CARTESIAN_POINT('',(-14.91168623034,-106.4990085522,30.));
#4996 = CARTESIAN_POINT('',(-14.95731438414,-106.2874130192,30.));
#4997 = CARTESIAN_POINT('',(-14.98629199021,-106.0804840049,30.));
#4998 = CARTESIAN_POINT('',(-15.,-105.8800567242,30.));
#4999 = CARTESIAN_POINT('',(-15.,-105.6874186599,30.));
#5000 = PCURVE('',#4940,#5001);
#5001 = DEFINITIONAL_REPRESENTATION('',(#5002),#5006);
#5002 = LINE('',#5003,#5004);
#5003 = CARTESIAN_POINT('',(0.,-30.));
#5004 = VECTOR('',#5005,1.);
#5005 = DIRECTION('',(1.,0.));
#5006 = ( GEOMETRIC_REPRESENTATION_CONTEXT(2) 
PARAMETRIC_REPRESENTATION_CONTEXT() REPRESENTATION_CONTEXT('2D SPACE',''
  ) );
#5007 = ORIENTED_EDGE('',*,*,#5008,.F.);
#5008 = EDGE_CURVE('',#5009,#4974,#5011,.T.);
#5009 = VERTEX_POINT('',#5010);
#5010 = CARTESIAN_POINT('',(-15.,-105.6874185199,0.));
#5011 = SURFACE_CURVE('',#5012,(#5016),.PCURVE_S1.);
#5012 = LINE('',#5013,#5014);
#5013 = CARTESIAN_POINT('',(-15.,-105.6874185199,0.));
#5014 = VECTOR('',#5015,1.);
#5015 = DIRECTION('',(0.,0.,1.));
#5016 = PCURVE('',#4940,#5017);
#5017 = DEFINITIONAL_REPRESENTATION('',(#5018),#5022);
#5018 = LINE('',#5019,#5020);
#5019 = CARTESIAN_POINT('',(1.,0.));
#5020 = VECTOR('',#5021,1.);
#5021 = DIRECTION('',(0.,-1.));
#5022 = ( GEOMETRIC_REPRESENTATION_CONTEXT(2) 
PARAMETRIC_REPRESENTATION_CONTEXT() REPRESENTATION_CONTEXT('2D SPACE',''
  ) );
#5023 = ORIENTED_EDGE('',*,*,#5024,.F.);
#5024 = EDGE_CURVE('',#4930,#5009,#5025,.T.);
#5025 = SURFACE_CURVE('',#5026,(#5049),.PCURVE_S1.);
#5026 = B_SPLINE_CURVE_WITH_KNOTS('',6,(#5027,#5028,#5029,#5030,#5031,
    #5032,#5033,#5034,#5035,#5036,#5037,#5038,#5039,#5040,#5041,#5042,
    #5043,#5044,#5045,#5046,#5047,#5048),.UNSPECIFIED.,.F.,.F.,(7,5,5,5,
    7),(0.,0.249996249286,0.500000158506,0.750003950085,1.),
  .UNSPECIFIED.);
#5027 = CARTESIAN_POINT('',(-11.6865338751,-109.3774424915,0.));
#5028 = CARTESIAN_POINT('',(-11.87923586692,-109.3568530692,0.));
#5029 = CARTESIAN_POINT('',(-12.07826627144,-109.3215967345,0.));
#5030 = CARTESIAN_POINT('',(-12.2821198145,-109.2702370077,0.));
#5031 = CARTESIAN_POINT('',(-12.48874457577,-109.2015964485,0.));
#5032 = CARTESIAN_POINT('',(-12.69551255155,-109.1151110095,0.));
#5033 = CARTESIAN_POINT('',(-13.10369764927,-108.9069383045,0.));
#5034 = CARTESIAN_POINT('',(-13.30511387214,-108.7852494285,0.));
#5035 = CARTESIAN_POINT('',(-13.50103347748,-108.646201095,0.));
#5036 = CARTESIAN_POINT('',(-13.68842123767,-108.4908266176,0.));
#5037 = CARTESIAN_POINT('',(-13.86448035214,-108.321085796,0.));
#5038 = CARTESIAN_POINT('',(-14.18963120767,-107.9578175108,0.));
#5039 = CARTESIAN_POINT('',(-14.33872225008,-107.7642909477,0.));
#5040 = CARTESIAN_POINT('',(-14.47216873869,-107.5613412148,0.));
#5041 = CARTESIAN_POINT('',(-14.58842841572,-107.3519807773,0.));
#5042 = CARTESIAN_POINT('',(-14.6869012012,-107.1392962347,0.));
#5043 = CARTESIAN_POINT('',(-14.84852923067,-106.7128098266,0.));
#5044 = CARTESIAN_POINT('',(-14.91168623034,-106.4990085522,0.));
#5045 = CARTESIAN_POINT('',(-14.95731438414,-106.2874130192,0.));
#5046 = CARTESIAN_POINT('',(-14.98629199021,-106.0804840049,0.));
#5047 = CARTESIAN_POINT('',(-15.,-105.8800567242,0.));
#5048 = CARTESIAN_POINT('',(-15.,-105.6874186599,0.));
#5049 = PCURVE('',#4940,#5050);
#5050 = DEFINITIONAL_REPRESENTATION('',(#5051),#5055);
#5051 = LINE('',#5052,#5053);
#5052 = CARTESIAN_POINT('',(0.,0.));
#5053 = VECTOR('',#5054,1.);
#5054 = DIRECTION('',(1.,0.));
#5055 = ( GEOMETRIC_REPRESENTATION_CONTEXT(2) 
PARAMETRIC_REPRESENTATION_CONTEXT() REPRESENTATION_CONTEXT('2D SPACE',''
  ) );
#5056 = ( GEOMETRIC_REPRESENTATION_CONTEXT(3) 
GLOBAL_UNCERTAINTY_ASSIGNED_CONTEXT((#5060)) 
GLOBAL_UNIT_ASSIGNED_CONTEXT((#5057,#5058,#5059)) REPRESENTATION_CONTEXT
('Context #1','3D Context with UNIT and UNCERTAINTY') );
#5057 = ( LENGTH_UNIT() NAMED_UNIT(*) SI_UNIT(.MILLI.,.METRE.) );
#5058 = ( NAMED_UNIT(*) PLANE_ANGLE_UNIT() SI_UNIT($,.RADIAN.) );
#5059 = ( NAMED_UNIT(*) SI_UNIT($,.STERADIAN.) SOLID_ANGLE_UNIT() );
#5060 = UNCERTAINTY_MEASURE_WITH_UNIT(LENGTH_MEASURE(1.E-04),#5057,
  'distance_accuracy_value','confusion accuracy');
#5061 = CONTEXT_DEPENDENT_SHAPE_REPRESENTATION(#5062,#5064);
#5062 = ( REPRESENTATION_RELATIONSHIP('','',#4922,#10) 
REPRESENTATION_RELATIONSHIP_WITH_TRANSFORMATION(#5063) 
SHAPE_REPRESENTATION_RELATIONSHIP() );
#5063 = ITEM_DEFINED_TRANSFORMATION('','',#11,#95);
#5064 = PRODUCT_DEFINITION_SHAPE('Placement','Placement of an item',
  #5065);
#5065 = NEXT_ASSEMBLY_USAGE_OCCURRENCE('21','','',#5,#4917,$);
#5066 = PRODUCT_RELATED_PRODUCT_CATEGORY('part',$,(#4919));
#5067 = SHAPE_DEFINITION_REPRESENTATION(#5068,#5074);
#5068 = PRODUCT_DEFINITION_SHAPE('','',#5069);
#5069 = PRODUCT_DEFINITION('design','',#5070,#5073);
#5070 = PRODUCT_DEFINITION_FORMATION('','',#5071);
#5071 = PRODUCT('Open CASCADE STEP translator 7.8 1.22',
  'Open CASCADE STEP translator 7.8 1.22','',(#5072));
#5072 = PRODUCT_CONTEXT('',#2,'mechanical');
#5073 = PRODUCT_DEFINITION_CONTEXT('part definition',#2,'design');
#5074 = MANIFOLD_SURFACE_SHAPE_REPRESENTATION('',(#11,#5075),#5208);
#5075 = SHELL_BASED_SURFACE_MODEL('',(#5076));
#5076 = OPEN_SHELL('',(#5077));
#5077 = ADVANCED_FACE('',(#5078),#5092,.F.);
#5078 = FACE_BOUND('',#5079,.F.);
#5079 = EDGE_LOOP('',(#5080,#5124,#5159,#5175));
#5080 = ORIENTED_EDGE('',*,*,#5081,.T.);
#5081 = EDGE_CURVE('',#5082,#5084,#5086,.T.);
#5082 = VERTEX_POINT('',#5083);
#5083 = CARTESIAN_POINT('',(-11.6865338751,109.37744249152,0.));
#5084 = VERTEX_POINT('',#5085);
#5085 = CARTESIAN_POINT('',(-11.6865338751,109.37744249152,30.));
#5086 = SURFACE_CURVE('',#5087,(#5091),.PCURVE_S1.);
#5087 = LINE('',#5088,#5089);
#5088 = CARTESIAN_POINT('',(-11.6865338751,109.37744249152,0.));
#5089 = VECTOR('',#5090,1.);
#5090 = DIRECTION('',(0.,0.,1.));
#5091 = PCURVE('',#5092,#5118);
#5092 = SURFACE_OF_LINEAR_EXTRUSION('',#5093,#5116);
#5093 = B_SPLINE_CURVE_WITH_KNOTS('',6,(#5094,#5095,#5096,#5097,#5098,
    #5099,#5100,#5101,#5102,#5103,#5104,#5105,#5106,#5107,#5108,#5109,
    #5110,#5111,#5112,#5113,#5114,#5115),.UNSPECIFIED.,.F.,.F.,(7,5,5,5,
    7),(0.,0.249996249286,0.500000158506,0.750003950086,1.),
  .UNSPECIFIED.);
#5094 = CARTESIAN_POINT('',(-11.6865338751,109.37744249152,0.));
#5095 = CARTESIAN_POINT('',(-11.87923586692,109.3568530692,0.));
#5096 = CARTESIAN_POINT('',(-12.07826627144,109.32159673452,0.));
#5097 = CARTESIAN_POINT('',(-12.2821198145,109.27023700778,0.));
#5098 = CARTESIAN_POINT('',(-12.48874457577,109.20159644852,0.));
#5099 = CARTESIAN_POINT('',(-12.69551255155,109.11511100954,0.));
#5100 = CARTESIAN_POINT('',(-13.10369764927,108.90693830458,0.));
#5101 = CARTESIAN_POINT('',(-13.30511387214,108.78524942858,0.));
#5102 = CARTESIAN_POINT('',(-13.50103347748,108.646201095,0.));
#5103 = CARTESIAN_POINT('',(-13.68842123767,108.49082661764,0.));
#5104 = CARTESIAN_POINT('',(-13.86448035214,108.32108579602,0.));
#5105 = CARTESIAN_POINT('',(-14.18963120767,107.95781751086,0.));
#5106 = CARTESIAN_POINT('',(-14.33872225008,107.76429094776,0.));
#5107 = CARTESIAN_POINT('',(-14.47216873869,107.56134121485,0.));
#5108 = CARTESIAN_POINT('',(-14.58842841572,107.35198077732,0.));
#5109 = CARTESIAN_POINT('',(-14.6869012012,107.13929623478,0.));
#5110 = CARTESIAN_POINT('',(-14.84852923067,106.71280982663,0.));
#5111 = CARTESIAN_POINT('',(-14.91168623034,106.4990085522,0.));
#5112 = CARTESIAN_POINT('',(-14.95731438414,106.28741301922,0.));
#5113 = CARTESIAN_POINT('',(-14.98629199021,106.08048400492,0.));
#5114 = CARTESIAN_POINT('',(-15.,105.88005672423,0.));
#5115 = CARTESIAN_POINT('',(-15.,105.68741865998,0.));
#5116 = VECTOR('',#5117,1.);
#5117 = DIRECTION('',(-0.,-0.,-1.));
#5118 = DEFINITIONAL_REPRESENTATION('',(#5119),#5123);
#5119 = LINE('',#5120,#5121);
#5120 = CARTESIAN_POINT('',(0.,0.));
#5121 = VECTOR('',#5122,1.);
#5122 = DIRECTION('',(0.,-1.));
#5123 = ( GEOMETRIC_REPRESENTATION_CONTEXT(2) 
PARAMETRIC_REPRESENTATION_CONTEXT() REPRESENTATION_CONTEXT('2D SPACE',''
  ) );
#5124 = ORIENTED_EDGE('',*,*,#5125,.T.);
#5125 = EDGE_CURVE('',#5084,#5126,#5128,.T.);
#5126 = VERTEX_POINT('',#5127);
#5127 = CARTESIAN_POINT('',(-15.,105.68741851997,30.));
#5128 = SURFACE_CURVE('',#5129,(#5152),.PCURVE_S1.);
#5129 = B_SPLINE_CURVE_WITH_KNOTS('',6,(#5130,#5131,#5132,#5133,#5134,
    #5135,#5136,#5137,#5138,#5139,#5140,#5141,#5142,#5143,#5144,#5145,
    #5146,#5147,#5148,#5149,#5150,#5151),.UNSPECIFIED.,.F.,.F.,(7,5,5,5,
    7),(0.,0.249996249286,0.500000158506,0.750003950086,1.),
  .UNSPECIFIED.);
#5130 = CARTESIAN_POINT('',(-11.6865338751,109.37744249152,30.));
#5131 = CARTESIAN_POINT('',(-11.87923586692,109.3568530692,30.));
#5132 = CARTESIAN_POINT('',(-12.07826627144,109.32159673452,30.));
#5133 = CARTESIAN_POINT('',(-12.2821198145,109.27023700778,30.));
#5134 = CARTESIAN_POINT('',(-12.48874457577,109.20159644852,30.));
#5135 = CARTESIAN_POINT('',(-12.69551255155,109.11511100954,30.));
#5136 = CARTESIAN_POINT('',(-13.10369764927,108.90693830458,30.));
#5137 = CARTESIAN_POINT('',(-13.30511387214,108.78524942858,30.));
#5138 = CARTESIAN_POINT('',(-13.50103347748,108.646201095,30.));
#5139 = CARTESIAN_POINT('',(-13.68842123767,108.49082661764,30.));
#5140 = CARTESIAN_POINT('',(-13.86448035214,108.32108579602,30.));
#5141 = CARTESIAN_POINT('',(-14.18963120767,107.95781751086,30.));
#5142 = CARTESIAN_POINT('',(-14.33872225008,107.76429094776,30.));
#5143 = CARTESIAN_POINT('',(-14.47216873869,107.56134121485,30.));
#5144 = CARTESIAN_POINT('',(-14.58842841572,107.35198077732,30.));
#5145 = CARTESIAN_POINT('',(-14.6869012012,107.13929623478,30.));
#5146 = CARTESIAN_POINT('',(-14.84852923067,106.71280982663,30.));
#5147 = CARTESIAN_POINT('',(-14.91168623034,106.4990085522,30.));
#5148 = CARTESIAN_POINT('',(-14.95731438414,106.28741301922,30.));
#5149 = CARTESIAN_POINT('',(-14.98629199021,106.08048400492,30.));
#5150 = CARTESIAN_POINT('',(-15.,105.88005672423,30.));
#5151 = CARTESIAN_POINT('',(-15.,105.68741865998,30.));
#5152 = PCURVE('',#5092,#5153);
#5153 = DEFINITIONAL_REPRESENTATION('',(#5154),#5158);
#5154 = LINE('',#5155,#5156);
#5155 = CARTESIAN_POINT('',(0.,-30.));
#5156 = VECTOR('',#5157,1.);
#5157 = DIRECTION('',(1.,0.));
#5158 = ( GEOMETRIC_REPRESENTATION_CONTEXT(2) 
PARAMETRIC_REPRESENTATION_CONTEXT() REPRESENTATION_CONTEXT('2D SPACE',''
  ) );
#5159 = ORIENTED_EDGE('',*,*,#5160,.F.);
#5160 = EDGE_CURVE('',#5161,#5126,#5163,.T.);
#5161 = VERTEX_POINT('',#5162);
#5162 = CARTESIAN_POINT('',(-15.,105.68741851997,0.));
#5163 = SURFACE_CURVE('',#5164,(#5168),.PCURVE_S1.);
#5164 = LINE('',#5165,#5166);
#5165 = CARTESIAN_POINT('',(-15.,105.68741851997,0.));
#5166 = VECTOR('',#5167,1.);
#5167 = DIRECTION('',(0.,0.,1.));
#5168 = PCURVE('',#5092,#5169);
#5169 = DEFINITIONAL_REPRESENTATION('',(#5170),#5174);
#5170 = LINE('',#5171,#5172);
#5171 = CARTESIAN_POINT('',(1.,0.));
#5172 = VECTOR('',#5173,1.);
#5173 = DIRECTION('',(0.,-1.));
#5174 = ( GEOMETRIC_REPRESENTATION_CONTEXT(2) 
PARAMETRIC_REPRESENTATION_CONTEXT() REPRESENTATION_CONTEXT('2D SPACE',''
  ) );
#5175 = ORIENTED_EDGE('',*,*,#5176,.F.);
#5176 = EDGE_CURVE('',#5082,#5161,#5177,.T.);
#5177 = SURFACE_CURVE('',#5178,(#5201),.PCURVE_S1.);
#5178 = B_SPLINE_CURVE_WITH_KNOTS('',6,(#5179,#5180,#5181,#5182,#5183,
    #5184,#5185,#5186,#5187,#5188,#5189,#5190,#5191,#5192,#5193,#5194,
    #5195,#5196,#5197,#5198,#5199,#5200),.UNSPECIFIED.,.F.,.F.,(7,5,5,5,
    7),(0.,0.249996249286,0.500000158506,0.750003950086,1.),
  .UNSPECIFIED.);
#5179 = CARTESIAN_POINT('',(-11.6865338751,109.37744249152,0.));
#5180 = CARTESIAN_POINT('',(-11.87923586692,109.3568530692,0.));
#5181 = CARTESIAN_POINT('',(-12.07826627144,109.32159673452,0.));
#5182 = CARTESIAN_POINT('',(-12.2821198145,109.27023700778,0.));
#5183 = CARTESIAN_POINT('',(-12.48874457577,109.20159644852,0.));
#5184 = CARTESIAN_POINT('',(-12.69551255155,109.11511100954,0.));
#5185 = CARTESIAN_POINT('',(-13.10369764927,108.90693830458,0.));
#5186 = CARTESIAN_POINT('',(-13.30511387214,108.78524942858,0.));
#5187 = CARTESIAN_POINT('',(-13.50103347748,108.646201095,0.));
#5188 = CARTESIAN_POINT('',(-13.68842123767,108.49082661764,0.));
#5189 = CARTESIAN_POINT('',(-13.86448035214,108.32108579602,0.));
#5190 = CARTESIAN_POINT('',(-14.18963120767,107.95781751086,0.));
#5191 = CARTESIAN_POINT('',(-14.33872225008,107.76429094776,0.));
#5192 = CARTESIAN_POINT('',(-14.47216873869,107.56134121485,0.));
#5193 = CARTESIAN_POINT('',(-14.58842841572,107.35198077732,0.));
#5194 = CARTESIAN_POINT('',(-14.6869012012,107.13929623478,0.));
#5195 = CARTESIAN_POINT('',(-14.84852923067,106.71280982663,0.));
#5196 = CARTESIAN_POINT('',(-14.91168623034,106.4990085522,0.));
#5197 = CARTESIAN_POINT('',(-14.95731438414,106.28741301922,0.));
#5198 = CARTESIAN_POINT('',(-14.98629199021,106.08048400492,0.));
#5199 = CARTESIAN_POINT('',(-15.,105.88005672423,0.));
#5200 = CARTESIAN_POINT('',(-15.,105.68741865998,0.));
#5201 = PCURVE('',#5092,#5202);
#5202 = DEFINITIONAL_REPRESENTATION('',(#5203),#5207);
#5203 = LINE('',#5204,#5205);
#5204 = CARTESIAN_POINT('',(0.,0.));
#5205 = VECTOR('',#5206,1.);
#5206 = DIRECTION('',(1.,0.));
#5207 = ( GEOMETRIC_REPRESENTATION_CONTEXT(2) 
PARAMETRIC_REPRESENTATION_CONTEXT() REPRESENTATION_CONTEXT('2D SPACE',''
  ) );
#5208 = ( GEOMETRIC_REPRESENTATION_CONTEXT(3) 
GLOBAL_UNCERTAINTY_ASSIGNED_CONTEXT((#5212)) 
GLOBAL_UNIT_ASSIGNED_CONTEXT((#5209,#5210,#5211)) REPRESENTATION_CONTEXT
('Context #1','3D Context with UNIT and UNCERTAINTY') );
#5209 = ( LENGTH_UNIT() NAMED_UNIT(*) SI_UNIT(.MILLI.,.METRE.) );
#5210 = ( NAMED_UNIT(*) PLANE_ANGLE_UNIT() SI_UNIT($,.RADIAN.) );
#5211 = ( NAMED_UNIT(*) SI_UNIT($,.STERADIAN.) SOLID_ANGLE_UNIT() );
#5212 = UNCERTAINTY_MEASURE_WITH_UNIT(LENGTH_MEASURE(1.E-04),#5209,
  'distance_accuracy_value','confusion accuracy');
#5213 = CONTEXT_DEPENDENT_SHAPE_REPRESENTATION(#5214,#5216);
#5214 = ( REPRESENTATION_RELATIONSHIP('','',#5074,#10) 
REPRESENTATION_RELATIONSHIP_WITH_TRANSFORMATION(#5215) 
SHAPE_REPRESENTATION_RELATIONSHIP() );
#5215 = ITEM_DEFINED_TRANSFORMATION('','',#11,#99);
#5216 = PRODUCT_DEFINITION_SHAPE('Placement','Placement of an item',
  #5217);
#5217 = NEXT_ASSEMBLY_USAGE_OCCURRENCE('22','','',#5,#5069,$);
#5218 = PRODUCT_RELATED_PRODUCT_CATEGORY('part',$,(#5071));
#5219 = SHAPE_DEFINITION_REPRESENTATION(#5220,#5226);
#5220 = PRODUCT_DEFINITION_SHAPE('','',#5221);
#5221 = PRODUCT_DEFINITION('design','',#5222,#5225);
#5222 = PRODUCT_DEFINITION_FORMATION('','',#5223);
#5223 = PRODUCT('Open CASCADE STEP translator 7.8 1.23',
  'Open CASCADE STEP translator 7.8 1.23','',(#5224));
#5224 = PRODUCT_CONTEXT('',#2,'mechanical');
#5225 = PRODUCT_DEFINITION_CONTEXT('part definition',#2,'design');
#5226 = MANIFOLD_SURFACE_SHAPE_REPRESENTATION('',(#11,#5227),#5301);
#5227 = SHELL_BASED_SURFACE_MODEL('',(#5228));
#5228 = OPEN_SHELL('',(#5229));
#5229 = ADVANCED_FACE('',(#5230),#5244,.T.);
#5230 = FACE_BOUND('',#5231,.T.);
#5231 = EDGE_LOOP('',(#5232,#5255,#5271,#5287));
#5232 = ORIENTED_EDGE('',*,*,#5233,.T.);
#5233 = EDGE_CURVE('',#5234,#5236,#5238,.T.);
#5234 = VERTEX_POINT('',#5235);
#5235 = CARTESIAN_POINT('',(-15.,-105.6874185199,0.));
#5236 = VERTEX_POINT('',#5237);
#5237 = CARTESIAN_POINT('',(-15.,-105.6874185199,30.));
#5238 = SURFACE_CURVE('',#5239,(#5243),.PCURVE_S1.);
#5239 = LINE('',#5240,#5241);
#5240 = CARTESIAN_POINT('',(-15.,-105.6874185199,0.));
#5241 = VECTOR('',#5242,1.);
#5242 = DIRECTION('',(0.,0.,1.));
#5243 = PCURVE('',#5244,#5249);
#5244 = PLANE('',#5245);
#5245 = AXIS2_PLACEMENT_3D('',#5246,#5247,#5248);
#5246 = CARTESIAN_POINT('',(-15.,-105.6874186599,0.));
#5247 = DIRECTION('',(-1.,0.,0.));
#5248 = DIRECTION('',(0.,1.,0.));
#5249 = DEFINITIONAL_REPRESENTATION('',(#5250),#5254);
#5250 = LINE('',#5251,#5252);
#5251 = CARTESIAN_POINT('',(1.400093481152E-07,0.));
#5252 = VECTOR('',#5253,1.);
#5253 = DIRECTION('',(0.,-1.));
#5254 = ( GEOMETRIC_REPRESENTATION_CONTEXT(2) 
PARAMETRIC_REPRESENTATION_CONTEXT() REPRESENTATION_CONTEXT('2D SPACE',''
  ) );
#5255 = ORIENTED_EDGE('',*,*,#5256,.T.);
#5256 = EDGE_CURVE('',#5236,#5257,#5259,.T.);
#5257 = VERTEX_POINT('',#5258);
#5258 = CARTESIAN_POINT('',(-15.,105.68741851997,30.));
#5259 = SURFACE_CURVE('',#5260,(#5264),.PCURVE_S1.);
#5260 = LINE('',#5261,#5262);
#5261 = CARTESIAN_POINT('',(-15.,-244.,30.));
#5262 = VECTOR('',#5263,1.);
#5263 = DIRECTION('',(0.,1.,0.));
#5264 = PCURVE('',#5244,#5265);
#5265 = DEFINITIONAL_REPRESENTATION('',(#5266),#5270);
#5266 = LINE('',#5267,#5268);
#5267 = CARTESIAN_POINT('',(-138.31258134,-30.));
#5268 = VECTOR('',#5269,1.);
#5269 = DIRECTION('',(1.,0.));
#5270 = ( GEOMETRIC_REPRESENTATION_CONTEXT(2) 
PARAMETRIC_REPRESENTATION_CONTEXT() REPRESENTATION_CONTEXT('2D SPACE',''
  ) );
#5271 = ORIENTED_EDGE('',*,*,#5272,.F.);
#5272 = EDGE_CURVE('',#5273,#5257,#5275,.T.);
#5273 = VERTEX_POINT('',#5274);
#5274 = CARTESIAN_POINT('',(-15.,105.68741851997,0.));
#5275 = SURFACE_CURVE('',#5276,(#5280),.PCURVE_S1.);
#5276 = LINE('',#5277,#5278);
#5277 = CARTESIAN_POINT('',(-15.,105.68741851997,0.));
#5278 = VECTOR('',#5279,1.);
#5279 = DIRECTION('',(0.,0.,1.));
#5280 = PCURVE('',#5244,#5281);
#5281 = DEFINITIONAL_REPRESENTATION('',(#5282),#5286);
#5282 = LINE('',#5283,#5284);
#5283 = CARTESIAN_POINT('',(211.37483717995,0.));
#5284 = VECTOR('',#5285,1.);
#5285 = DIRECTION('',(0.,-1.));
#5286 = ( GEOMETRIC_REPRESENTATION_CONTEXT(2) 
PARAMETRIC_REPRESENTATION_CONTEXT() REPRESENTATION_CONTEXT('2D SPACE',''
  ) );
#5287 = ORIENTED_EDGE('',*,*,#5288,.F.);
#5288 = EDGE_CURVE('',#5234,#5273,#5289,.T.);
#5289 = SURFACE_CURVE('',#5290,(#5294),.PCURVE_S1.);
#5290 = LINE('',#5291,#5292);
#5291 = CARTESIAN_POINT('',(-15.,-244.,0.));
#5292 = VECTOR('',#5293,1.);
#5293 = DIRECTION('',(0.,1.,0.));
#5294 = PCURVE('',#5244,#5295);
#5295 = DEFINITIONAL_REPRESENTATION('',(#5296),#5300);
#5296 = LINE('',#5297,#5298);
#5297 = CARTESIAN_POINT('',(-138.31258134,0.));
#5298 = VECTOR('',#5299,1.);
#5299 = DIRECTION('',(1.,0.));
#5300 = ( GEOMETRIC_REPRESENTATION_CONTEXT(2) 
PARAMETRIC_REPRESENTATION_CONTEXT() REPRESENTATION_CONTEXT('2D SPACE',''
  ) );
#5301 = ( GEOMETRIC_REPRESENTATION_CONTEXT(3) 
GLOBAL_UNCERTAINTY_ASSIGNED_CONTEXT((#5305)) 
GLOBAL_UNIT_ASSIGNED_CONTEXT((#5302,#5303,#5304)) REPRESENTATION_CONTEXT
('Context #1','3D Context with UNIT and UNCERTAINTY') );
#5302 = ( LENGTH_UNIT() NAMED_UNIT(*) SI_UNIT(.MILLI.,.METRE.) );
#5303 = ( NAMED_UNIT(*) PLANE_ANGLE_UNIT() SI_UNIT($,.RADIAN.) );
#5304 = ( NAMED_UNIT(*) SI_UNIT($,.STERADIAN.) SOLID_ANGLE_UNIT() );
#5305 = UNCERTAINTY_MEASURE_WITH_UNIT(LENGTH_MEASURE(1.E-04),#5302,
  'distance_accuracy_value','confusion accuracy');
#5306 = CONTEXT_DEPENDENT_SHAPE_REPRESENTATION(#5307,#5309);
#5307 = ( REPRESENTATION_RELATIONSHIP('','',#5226,#10) 
REPRESENTATION_RELATIONSHIP_WITH_TRANSFORMATION(#5308) 
SHAPE_REPRESENTATION_RELATIONSHIP() );
#5308 = ITEM_DEFINED_TRANSFORMATION('','',#11,#103);
#5309 = PRODUCT_DEFINITION_SHAPE('Placement','Placement of an item',
  #5310);
#5310 = NEXT_ASSEMBLY_USAGE_OCCURRENCE('23','','',#5,#5221,$);
#5311 = PRODUCT_RELATED_PRODUCT_CATEGORY('part',$,(#5223));
#5312 = SHAPE_DEFINITION_REPRESENTATION(#5313,#5319);
#5313 = PRODUCT_DEFINITION_SHAPE('','',#5314);
#5314 = PRODUCT_DEFINITION('design','',#5315,#5318);
#5315 = PRODUCT_DEFINITION_FORMATION('','',#5316);
#5316 = PRODUCT('Open CASCADE STEP translator 7.8 1.24',
  'Open CASCADE STEP translator 7.8 1.24','',(#5317));
#5317 = PRODUCT_CONTEXT('',#2,'mechanical');
#5318 = PRODUCT_DEFINITION_CONTEXT('part definition',#2,'design');
#5319 = MANIFOLD_SURFACE_SHAPE_REPRESENTATION('',(#11,#5320),#5612);
#5320 = SHELL_BASED_SURFACE_MODEL('',(#5321));
#5321 = OPEN_SHELL('',(#5322));
#5322 = ADVANCED_FACE('',(#5323),#5337,.T.);
#5323 = FACE_BOUND('',#5324,.T.);
#5324 = EDGE_LOOP('',(#5325,#5348,#5402,#5419,#5473,#5489,#5543,#5560));
#5325 = ORIENTED_EDGE('',*,*,#5326,.T.);
#5326 = EDGE_CURVE('',#5327,#5329,#5331,.T.);
#5327 = VERTEX_POINT('',#5328);
#5328 = CARTESIAN_POINT('',(15.,-105.6874185199,0.));
#5329 = VERTEX_POINT('',#5330);
#5330 = CARTESIAN_POINT('',(15.,105.68741851997,0.));
#5331 = SURFACE_CURVE('',#5332,(#5336),.PCURVE_S1.);
#5332 = LINE('',#5333,#5334);
#5333 = CARTESIAN_POINT('',(15.,-244.,0.));
#5334 = VECTOR('',#5335,1.);
#5335 = DIRECTION('',(0.,1.,0.));
#5336 = PCURVE('',#5337,#5342);
#5337 = PLANE('',#5338);
#5338 = AXIS2_PLACEMENT_3D('',#5339,#5340,#5341);
#5339 = CARTESIAN_POINT('',(0.,0.,0.));
#5340 = DIRECTION('',(0.,0.,1.));
#5341 = DIRECTION('',(1.,0.,-0.));
#5342 = DEFINITIONAL_REPRESENTATION('',(#5343),#5347);
#5343 = LINE('',#5344,#5345);
#5344 = CARTESIAN_POINT('',(15.,-244.));
#5345 = VECTOR('',#5346,1.);
#5346 = DIRECTION('',(0.,1.));
#5347 = ( GEOMETRIC_REPRESENTATION_CONTEXT(2) 
PARAMETRIC_REPRESENTATION_CONTEXT() REPRESENTATION_CONTEXT('2D SPACE',''
  ) );
#5348 = ORIENTED_EDGE('',*,*,#5349,.F.);
#5349 = EDGE_CURVE('',#5350,#5329,#5352,.T.);
#5350 = VERTEX_POINT('',#5351);
#5351 = CARTESIAN_POINT('',(11.686533875108,109.37744249152,0.));
#5352 = SURFACE_CURVE('',#5353,(#5376),.PCURVE_S1.);
#5353 = B_SPLINE_CURVE_WITH_KNOTS('',6,(#5354,#5355,#5356,#5357,#5358,
    #5359,#5360,#5361,#5362,#5363,#5364,#5365,#5366,#5367,#5368,#5369,
    #5370,#5371,#5372,#5373,#5374,#5375),.UNSPECIFIED.,.F.,.F.,(7,5,5,5,
    7),(0.,0.249985035126,0.500000631737,0.750015759454,1.),
  .UNSPECIFIED.);
#5354 = CARTESIAN_POINT('',(11.686533875108,109.37744249152,0.));
#5355 = CARTESIAN_POINT('',(11.87924699387,109.35685188033,0.));
#5356 = CARTESIAN_POINT('',(12.078284948411,109.32159312503,0.));
#5357 = CARTESIAN_POINT('',(12.282141356677,109.2702307478,0.));
#5358 = CARTESIAN_POINT('',(12.488763556797,109.20158888601,0.));
#5359 = CARTESIAN_POINT('',(12.695523962093,109.11510519306,0.));
#5360 = CARTESIAN_POINT('',(13.103705008105,108.90693454877,0.));
#5361 = CARTESIAN_POINT('',(13.305124332767,108.78524272964,0.));
#5362 = CARTESIAN_POINT('',(13.501043218123,108.64619329984,0.));
#5363 = CARTESIAN_POINT('',(13.688427911558,108.49082017951,0.));
#5364 = CARTESIAN_POINT('',(13.864483446735,108.3210823452,0.));
#5365 = CARTESIAN_POINT('',(14.189627979484,107.95782111095,0.));
#5366 = CARTESIAN_POINT('',(14.338716358679,107.76429859729,0.));
#5367 = CARTESIAN_POINT('',(14.472161873073,107.56135209121,0.));
#5368 = CARTESIAN_POINT('',(14.588422800277,107.3519921465,0.));
#5369 = CARTESIAN_POINT('',(14.686898244871,107.13930404307,0.));
#5370 = CARTESIAN_POINT('',(14.848524735818,106.71282167973,0.));
#5371 = CARTESIAN_POINT('',(14.9116808308,106.49902804168,0.));
#5372 = CARTESIAN_POINT('',(14.957310532064,106.28743485211,0.));
#5373 = CARTESIAN_POINT('',(14.986290419749,106.08050272173,0.));
#5374 = CARTESIAN_POINT('',(15.,105.88006776949,0.));
#5375 = CARTESIAN_POINT('',(15.,105.68741865998,0.));
#5376 = PCURVE('',#5337,#5377);
#5377 = DEFINITIONAL_REPRESENTATION('',(#5378),#5401);
#5378 = B_SPLINE_CURVE_WITH_KNOTS('',6,(#5379,#5380,#5381,#5382,#5383,
    #5384,#5385,#5386,#5387,#5388,#5389,#5390,#5391,#5392,#5393,#5394,
    #5395,#5396,#5397,#5398,#5399,#5400),.UNSPECIFIED.,.F.,.F.,(7,5,5,5,
    7),(0.,0.249985035126,0.500000631737,0.750015759454,1.),
  .UNSPECIFIED.);
#5379 = CARTESIAN_POINT('',(11.686533875108,109.37744249152));
#5380 = CARTESIAN_POINT('',(11.87924699387,109.35685188033));
#5381 = CARTESIAN_POINT('',(12.078284948411,109.32159312503));
#5382 = CARTESIAN_POINT('',(12.282141356677,109.2702307478));
#5383 = CARTESIAN_POINT('',(12.488763556797,109.20158888601));
#5384 = CARTESIAN_POINT('',(12.695523962093,109.11510519306));
#5385 = CARTESIAN_POINT('',(13.103705008105,108.90693454877));
#5386 = CARTESIAN_POINT('',(13.305124332767,108.78524272964));
#5387 = CARTESIAN_POINT('',(13.501043218123,108.64619329984));
#5388 = CARTESIAN_POINT('',(13.688427911558,108.49082017951));
#5389 = CARTESIAN_POINT('',(13.864483446735,108.3210823452));
#5390 = CARTESIAN_POINT('',(14.189627979484,107.95782111095));
#5391 = CARTESIAN_POINT('',(14.338716358679,107.76429859729));
#5392 = CARTESIAN_POINT('',(14.472161873073,107.56135209121));
#5393 = CARTESIAN_POINT('',(14.588422800277,107.3519921465));
#5394 = CARTESIAN_POINT('',(14.686898244871,107.13930404307));
#5395 = CARTESIAN_POINT('',(14.848524735818,106.71282167973));
#5396 = CARTESIAN_POINT('',(14.9116808308,106.49902804168));
#5397 = CARTESIAN_POINT('',(14.957310532064,106.28743485211));
#5398 = CARTESIAN_POINT('',(14.986290419749,106.08050272173));
#5399 = CARTESIAN_POINT('',(15.,105.88006776949));
#5400 = CARTESIAN_POINT('',(15.,105.68741865998));
#5401 = ( GEOMETRIC_REPRESENTATION_CONTEXT(2) 
PARAMETRIC_REPRESENTATION_CONTEXT() REPRESENTATION_CONTEXT('2D SPACE',''
  ) );
#5402 = ORIENTED_EDGE('',*,*,#5403,.T.);
#5403 = EDGE_CURVE('',#5350,#5404,#5406,.T.);
#5404 = VERTEX_POINT('',#5405);
#5405 = CARTESIAN_POINT('',(-11.6865338751,109.37744249152,0.));
#5406 = SURFACE_CURVE('',#5407,(#5412),.PCURVE_S1.);
#5407 = CIRCLE('',#5408,110.);
#5408 = AXIS2_PLACEMENT_3D('',#5409,#5410,#5411);
#5409 = CARTESIAN_POINT('',(0.,0.,0.));
#5410 = DIRECTION('',(0.,0.,1.));
#5411 = DIRECTION('',(1.,0.,-0.));
#5412 = PCURVE('',#5337,#5413);
#5413 = DEFINITIONAL_REPRESENTATION('',(#5414),#5418);
#5414 = CIRCLE('',#5415,110.);
#5415 = AXIS2_PLACEMENT_2D('',#5416,#5417);
#5416 = CARTESIAN_POINT('',(0.,0.));
#5417 = DIRECTION('',(1.,0.));
#5418 = ( GEOMETRIC_REPRESENTATION_CONTEXT(2) 
PARAMETRIC_REPRESENTATION_CONTEXT() REPRESENTATION_CONTEXT('2D SPACE',''
  ) );
#5419 = ORIENTED_EDGE('',*,*,#5420,.T.);
#5420 = EDGE_CURVE('',#5404,#5421,#5423,.T.);
#5421 = VERTEX_POINT('',#5422);
#5422 = CARTESIAN_POINT('',(-15.,105.68741851997,0.));
#5423 = SURFACE_CURVE('',#5424,(#5447),.PCURVE_S1.);
#5424 = B_SPLINE_CURVE_WITH_KNOTS('',6,(#5425,#5426,#5427,#5428,#5429,
    #5430,#5431,#5432,#5433,#5434,#5435,#5436,#5437,#5438,#5439,#5440,
    #5441,#5442,#5443,#5444,#5445,#5446),.UNSPECIFIED.,.F.,.F.,(7,5,5,5,
    7),(0.,0.249996249286,0.500000158506,0.750003950086,1.),
  .UNSPECIFIED.);
#5425 = CARTESIAN_POINT('',(-11.6865338751,109.37744249152,0.));
#5426 = CARTESIAN_POINT('',(-11.87923586692,109.3568530692,0.));
#5427 = CARTESIAN_POINT('',(-12.07826627144,109.32159673452,0.));
#5428 = CARTESIAN_POINT('',(-12.2821198145,109.27023700778,0.));
#5429 = CARTESIAN_POINT('',(-12.48874457577,109.20159644852,0.));
#5430 = CARTESIAN_POINT('',(-12.69551255155,109.11511100954,0.));
#5431 = CARTESIAN_POINT('',(-13.10369764927,108.90693830458,0.));
#5432 = CARTESIAN_POINT('',(-13.30511387214,108.78524942858,0.));
#5433 = CARTESIAN_POINT('',(-13.50103347748,108.646201095,0.));
#5434 = CARTESIAN_POINT('',(-13.68842123767,108.49082661764,0.));
#5435 = CARTESIAN_POINT('',(-13.86448035214,108.32108579602,0.));
#5436 = CARTESIAN_POINT('',(-14.18963120767,107.95781751086,0.));
#5437 = CARTESIAN_POINT('',(-14.33872225008,107.76429094776,0.));
#5438 = CARTESIAN_POINT('',(-14.47216873869,107.56134121485,0.));
#5439 = CARTESIAN_POINT('',(-14.58842841572,107.35198077732,0.));
#5440 = CARTESIAN_POINT('',(-14.6869012012,107.13929623478,0.));
#5441 = CARTESIAN_POINT('',(-14.84852923067,106.71280982663,0.));
#5442 = CARTESIAN_POINT('',(-14.91168623034,106.4990085522,0.));
#5443 = CARTESIAN_POINT('',(-14.95731438414,106.28741301922,0.));
#5444 = CARTESIAN_POINT('',(-14.98629199021,106.08048400492,0.));
#5445 = CARTESIAN_POINT('',(-15.,105.88005672423,0.));
#5446 = CARTESIAN_POINT('',(-15.,105.68741865998,0.));
#5447 = PCURVE('',#5337,#5448);
#5448 = DEFINITIONAL_REPRESENTATION('',(#5449),#5472);
#5449 = B_SPLINE_CURVE_WITH_KNOTS('',6,(#5450,#5451,#5452,#5453,#5454,
    #5455,#5456,#5457,#5458,#5459,#5460,#5461,#5462,#5463,#5464,#5465,
    #5466,#5467,#5468,#5469,#5470,#5471),.UNSPECIFIED.,.F.,.F.,(7,5,5,5,
    7),(0.,0.249996249286,0.500000158506,0.750003950086,1.),
  .UNSPECIFIED.);
#5450 = CARTESIAN_POINT('',(-11.6865338751,109.37744249152));
#5451 = CARTESIAN_POINT('',(-11.87923586692,109.3568530692));
#5452 = CARTESIAN_POINT('',(-12.07826627144,109.32159673452));
#5453 = CARTESIAN_POINT('',(-12.2821198145,109.27023700778));
#5454 = CARTESIAN_POINT('',(-12.48874457577,109.20159644852));
#5455 = CARTESIAN_POINT('',(-12.69551255155,109.11511100954));
#5456 = CARTESIAN_POINT('',(-13.10369764927,108.90693830458));
#5457 = CARTESIAN_POINT('',(-13.30511387214,108.78524942858));
#5458 = CARTESIAN_POINT('',(-13.50103347748,108.646201095));
#5459 = CARTESIAN_POINT('',(-13.68842123767,108.49082661764));
#5460 = CARTESIAN_POINT('',(-13.86448035214,108.32108579602));
#5461 = CARTESIAN_POINT('',(-14.18963120767,107.95781751086));
#5462 = CARTESIAN_POINT('',(-14.33872225008,107.76429094776));
#5463 = CARTESIAN_POINT('',(-14.47216873869,107.56134121485));
#5464 = CARTESIAN_POINT('',(-14.58842841572,107.35198077732));
#5465 = CARTESIAN_POINT('',(-14.6869012012,107.13929623478));
#5466 = CARTESIAN_POINT('',(-14.84852923067,106.71280982663));
#5467 = CARTESIAN_POINT('',(-14.91168623034,106.4990085522));
#5468 = CARTESIAN_POINT('',(-14.95731438414,106.28741301922));
#5469 = CARTESIAN_POINT('',(-14.98629199021,106.08048400492));
#5470 = CARTESIAN_POINT('',(-15.,105.88005672423));
#5471 = CARTESIAN_POINT('',(-15.,105.68741865998));
#5472 = ( GEOMETRIC_REPRESENTATION_CONTEXT(2) 
PARAMETRIC_REPRESENTATION_CONTEXT() REPRESENTATION_CONTEXT('2D SPACE',''
  ) );
#5473 = ORIENTED_EDGE('',*,*,#5474,.F.);
#5474 = EDGE_CURVE('',#5475,#5421,#5477,.T.);
#5475 = VERTEX_POINT('',#5476);
#5476 = CARTESIAN_POINT('',(-15.,-105.6874185199,0.));
#5477 = SURFACE_CURVE('',#5478,(#5482),.PCURVE_S1.);
#5478 = LINE('',#5479,#5480);
#5479 = CARTESIAN_POINT('',(-15.,-244.,0.));
#5480 = VECTOR('',#5481,1.);
#5481 = DIRECTION('',(0.,1.,0.));
#5482 = PCURVE('',#5337,#5483);
#5483 = DEFINITIONAL_REPRESENTATION('',(#5484),#5488);
#5484 = LINE('',#5485,#5486);
#5485 = CARTESIAN_POINT('',(-15.,-244.));
#5486 = VECTOR('',#5487,1.);
#5487 = DIRECTION('',(0.,1.));
#5488 = ( GEOMETRIC_REPRESENTATION_CONTEXT(2) 
PARAMETRIC_REPRESENTATION_CONTEXT() REPRESENTATION_CONTEXT('2D SPACE',''
  ) );
#5489 = ORIENTED_EDGE('',*,*,#5490,.F.);
#5490 = EDGE_CURVE('',#5491,#5475,#5493,.T.);
#5491 = VERTEX_POINT('',#5492);
#5492 = CARTESIAN_POINT('',(-11.6865338751,-109.3774424915,0.));
#5493 = SURFACE_CURVE('',#5494,(#5517),.PCURVE_S1.);
#5494 = B_SPLINE_CURVE_WITH_KNOTS('',6,(#5495,#5496,#5497,#5498,#5499,
    #5500,#5501,#5502,#5503,#5504,#5505,#5506,#5507,#5508,#5509,#5510,
    #5511,#5512,#5513,#5514,#5515,#5516),.UNSPECIFIED.,.F.,.F.,(7,5,5,5,
    7),(0.,0.249996249286,0.500000158506,0.750003950085,1.),
  .UNSPECIFIED.);
#5495 = CARTESIAN_POINT('',(-11.6865338751,-109.3774424915,0.));
#5496 = CARTESIAN_POINT('',(-11.87923586692,-109.3568530692,0.));
#5497 = CARTESIAN_POINT('',(-12.07826627144,-109.3215967345,0.));
#5498 = CARTESIAN_POINT('',(-12.2821198145,-109.2702370077,0.));
#5499 = CARTESIAN_POINT('',(-12.48874457577,-109.2015964485,0.));
#5500 = CARTESIAN_POINT('',(-12.69551255155,-109.1151110095,0.));
#5501 = CARTESIAN_POINT('',(-13.10369764927,-108.9069383045,0.));
#5502 = CARTESIAN_POINT('',(-13.30511387214,-108.7852494285,0.));
#5503 = CARTESIAN_POINT('',(-13.50103347748,-108.646201095,0.));
#5504 = CARTESIAN_POINT('',(-13.68842123767,-108.4908266176,0.));
#5505 = CARTESIAN_POINT('',(-13.86448035214,-108.321085796,0.));
#5506 = CARTESIAN_POINT('',(-14.18963120767,-107.9578175108,0.));
#5507 = CARTESIAN_POINT('',(-14.33872225008,-107.7642909477,0.));
#5508 = CARTESIAN_POINT('',(-14.47216873869,-107.5613412148,0.));
#5509 = CARTESIAN_POINT('',(-14.58842841572,-107.3519807773,0.));
#5510 = CARTESIAN_POINT('',(-14.6869012012,-107.1392962347,0.));
#5511 = CARTESIAN_POINT('',(-14.84852923067,-106.7128098266,0.));
#5512 = CARTESIAN_POINT('',(-14.91168623034,-106.4990085522,0.));
#5513 = CARTESIAN_POINT('',(-14.95731438414,-106.2874130192,0.));
#5514 = CARTESIAN_POINT('',(-14.98629199021,-106.0804840049,0.));
#5515 = CARTESIAN_POINT('',(-15.,-105.8800567242,0.));
#5516 = CARTESIAN_POINT('',(-15.,-105.6874186599,0.));
#5517 = PCURVE('',#5337,#5518);
#5518 = DEFINITIONAL_REPRESENTATION('',(#5519),#5542);
#5519 = B_SPLINE_CURVE_WITH_KNOTS('',6,(#5520,#5521,#5522,#5523,#5524,
    #5525,#5526,#5527,#5528,#5529,#5530,#5531,#5532,#5533,#5534,#5535,
    #5536,#5537,#5538,#5539,#5540,#5541),.UNSPECIFIED.,.F.,.F.,(7,5,5,5,
    7),(0.,0.249996249286,0.500000158506,0.750003950085,1.),
  .UNSPECIFIED.);
#5520 = CARTESIAN_POINT('',(-11.6865338751,-109.3774424915));
#5521 = CARTESIAN_POINT('',(-11.87923586692,-109.3568530692));
#5522 = CARTESIAN_POINT('',(-12.07826627144,-109.3215967345));
#5523 = CARTESIAN_POINT('',(-12.2821198145,-109.2702370077));
#5524 = CARTESIAN_POINT('',(-12.48874457577,-109.2015964485));
#5525 = CARTESIAN_POINT('',(-12.69551255155,-109.1151110095));
#5526 = CARTESIAN_POINT('',(-13.10369764927,-108.9069383045));
#5527 = CARTESIAN_POINT('',(-13.30511387214,-108.7852494285));
#5528 = CARTESIAN_POINT('',(-13.50103347748,-108.646201095));
#5529 = CARTESIAN_POINT('',(-13.68842123767,-108.4908266176));
#5530 = CARTESIAN_POINT('',(-13.86448035214,-108.321085796));
#5531 = CARTESIAN_POINT('',(-14.18963120767,-107.9578175108));
#5532 = CARTESIAN_POINT('',(-14.33872225008,-107.7642909477));
#5533 = CARTESIAN_POINT('',(-14.47216873869,-107.5613412148));
#5534 = CARTESIAN_POINT('',(-14.58842841572,-107.3519807773));
#5535 = CARTESIAN_POINT('',(-14.6869012012,-107.1392962347));
#5536 = CARTESIAN_POINT('',(-14.84852923067,-106.7128098266));
#5537 = CARTESIAN_POINT('',(-14.91168623034,-106.4990085522));
#5538 = CARTESIAN_POINT('',(-14.95731438414,-106.2874130192));
#5539 = CARTESIAN_POINT('',(-14.98629199021,-106.0804840049));
#5540 = CARTESIAN_POINT('',(-15.,-105.8800567242));
#5541 = CARTESIAN_POINT('',(-15.,-105.6874186599));
#5542 = ( GEOMETRIC_REPRESENTATION_CONTEXT(2) 
PARAMETRIC_REPRESENTATION_CONTEXT() REPRESENTATION_CONTEXT('2D SPACE',''
  ) );
#5543 = ORIENTED_EDGE('',*,*,#5544,.T.);
#5544 = EDGE_CURVE('',#5491,#5545,#5547,.T.);
#5545 = VERTEX_POINT('',#5546);
#5546 = CARTESIAN_POINT('',(11.686533875108,-109.3774424915,0.));
#5547 = SURFACE_CURVE('',#5548,(#5553),.PCURVE_S1.);
#5548 = CIRCLE('',#5549,110.);
#5549 = AXIS2_PLACEMENT_3D('',#5550,#5551,#5552);
#5550 = CARTESIAN_POINT('',(0.,0.,0.));
#5551 = DIRECTION('',(0.,0.,1.));
#5552 = DIRECTION('',(1.,0.,-0.));
#5553 = PCURVE('',#5337,#5554);
#5554 = DEFINITIONAL_REPRESENTATION('',(#5555),#5559);
#5555 = CIRCLE('',#5556,110.);
#5556 = AXIS2_PLACEMENT_2D('',#5557,#5558);
#5557 = CARTESIAN_POINT('',(0.,0.));
#5558 = DIRECTION('',(1.,0.));
#5559 = ( GEOMETRIC_REPRESENTATION_CONTEXT(2) 
PARAMETRIC_REPRESENTATION_CONTEXT() REPRESENTATION_CONTEXT('2D SPACE',''
  ) );
#5560 = ORIENTED_EDGE('',*,*,#5561,.T.);
#5561 = EDGE_CURVE('',#5545,#5327,#5562,.T.);
#5562 = SURFACE_CURVE('',#5563,(#5586),.PCURVE_S1.);
#5563 = B_SPLINE_CURVE_WITH_KNOTS('',6,(#5564,#5565,#5566,#5567,#5568,
    #5569,#5570,#5571,#5572,#5573,#5574,#5575,#5576,#5577,#5578,#5579,
    #5580,#5581,#5582,#5583,#5584,#5585),.UNSPECIFIED.,.F.,.F.,(7,5,5,5,
    7),(0.,0.249985035126,0.500000631737,0.750015759454,1.),
  .UNSPECIFIED.);
#5564 = CARTESIAN_POINT('',(11.686533875108,-109.3774424915,0.));
#5565 = CARTESIAN_POINT('',(11.87924699387,-109.3568518803,0.));
#5566 = CARTESIAN_POINT('',(12.078284948411,-109.321593125,0.));
#5567 = CARTESIAN_POINT('',(12.282141356677,-109.2702307478,0.));
#5568 = CARTESIAN_POINT('',(12.488763556797,-109.201588886,0.));
#5569 = CARTESIAN_POINT('',(12.695523962093,-109.115105193,0.));
#5570 = CARTESIAN_POINT('',(13.103705008105,-108.9069345487,0.));
#5571 = CARTESIAN_POINT('',(13.305124332767,-108.7852427296,0.));
#5572 = CARTESIAN_POINT('',(13.501043218123,-108.6461932998,0.));
#5573 = CARTESIAN_POINT('',(13.688427911558,-108.4908201795,0.));
#5574 = CARTESIAN_POINT('',(13.864483446735,-108.3210823452,0.));
#5575 = CARTESIAN_POINT('',(14.189627979484,-107.9578211109,0.));
#5576 = CARTESIAN_POINT('',(14.338716358678,-107.7642985972,0.));
#5577 = CARTESIAN_POINT('',(14.472161873074,-107.5613520912,0.));
#5578 = CARTESIAN_POINT('',(14.588422800277,-107.3519921465,0.));
#5579 = CARTESIAN_POINT('',(14.686898244871,-107.139304043,0.));
#5580 = CARTESIAN_POINT('',(14.848524735818,-106.7128216797,0.));
#5581 = CARTESIAN_POINT('',(14.9116808308,-106.4990280416,0.));
#5582 = CARTESIAN_POINT('',(14.957310532064,-106.2874348521,0.));
#5583 = CARTESIAN_POINT('',(14.986290419749,-106.0805027217,0.));
#5584 = CARTESIAN_POINT('',(15.,-105.8800677694,0.));
#5585 = CARTESIAN_POINT('',(15.,-105.6874186599,0.));
#5586 = PCURVE('',#5337,#5587);
#5587 = DEFINITIONAL_REPRESENTATION('',(#5588),#5611);
#5588 = B_SPLINE_CURVE_WITH_KNOTS('',6,(#5589,#5590,#5591,#5592,#5593,
    #5594,#5595,#5596,#5597,#5598,#5599,#5600,#5601,#5602,#5603,#5604,
    #5605,#5606,#5607,#5608,#5609,#5610),.UNSPECIFIED.,.F.,.F.,(7,5,5,5,
    7),(0.,0.249985035126,0.500000631737,0.750015759454,1.),
  .UNSPECIFIED.);
#5589 = CARTESIAN_POINT('',(11.686533875108,-109.3774424915));
#5590 = CARTESIAN_POINT('',(11.87924699387,-109.3568518803));
#5591 = CARTESIAN_POINT('',(12.078284948411,-109.321593125));
#5592 = CARTESIAN_POINT('',(12.282141356677,-109.2702307478));
#5593 = CARTESIAN_POINT('',(12.488763556797,-109.201588886));
#5594 = CARTESIAN_POINT('',(12.695523962093,-109.115105193));
#5595 = CARTESIAN_POINT('',(13.103705008105,-108.9069345487));
#5596 = CARTESIAN_POINT('',(13.305124332767,-108.7852427296));
#5597 = CARTESIAN_POINT('',(13.501043218123,-108.6461932998));
#5598 = CARTESIAN_POINT('',(13.688427911558,-108.4908201795));
#5599 = CARTESIAN_POINT('',(13.864483446735,-108.3210823452));
#5600 = CARTESIAN_POINT('',(14.189627979484,-107.9578211109));
#5601 = CARTESIAN_POINT('',(14.338716358678,-107.7642985972));
#5602 = CARTESIAN_POINT('',(14.472161873074,-107.5613520912));
#5603 = CARTESIAN_POINT('',(14.588422800277,-107.3519921465));
#5604 = CARTESIAN_POINT('',(14.686898244871,-107.139304043));
#5605 = CARTESIAN_POINT('',(14.848524735818,-106.7128216797));
#5606 = CARTESIAN_POINT('',(14.9116808308,-106.4990280416));
#5607 = CARTESIAN_POINT('',(14.957310532064,-106.2874348521));
#5608 = CARTESIAN_POINT('',(14.986290419749,-106.0805027217));
#5609 = CARTESIAN_POINT('',(15.,-105.8800677694));
#5610 = CARTESIAN_POINT('',(15.,-105.6874186599));
#5611 = ( GEOMETRIC_REPRESENTATION_CONTEXT(2) 
PARAMETRIC_REPRESENTATION_CONTEXT() REPRESENTATION_CONTEXT('2D SPACE',''
  ) );
#5612 = ( GEOMETRIC_REPRESENTATION_CONTEXT(3) 
GLOBAL_UNCERTAINTY_ASSIGNED_CONTEXT((#5616)) 
GLOBAL_UNIT_ASSIGNED_CONTEXT((#5613,#5614,#5615)) REPRESENTATION_CONTEXT
('Context #1','3D Context with UNIT and UNCERTAINTY') );
#5613 = ( LENGTH_UNIT() NAMED_UNIT(*) SI_UNIT(.MILLI.,.METRE.) );
#5614 = ( NAMED_UNIT(*) PLANE_ANGLE_UNIT() SI_UNIT($,.RADIAN.) );
#5615 = ( NAMED_UNIT(*) SI_UNIT($,.STERADIAN.) SOLID_ANGLE_UNIT() );
#5616 = UNCERTAINTY_MEASURE_WITH_UNIT(LENGTH_MEASURE(5.E-05),#5613,
  'distance_accuracy_value','confusion accuracy');
#5617 = CONTEXT_DEPENDENT_SHAPE_REPRESENTATION(#5618,#5620);
#5618 = ( REPRESENTATION_RELATIONSHIP('','',#5319,#10) 
REPRESENTATION_RELATIONSHIP_WITH_TRANSFORMATION(#5619) 
SHAPE_REPRESENTATION_RELATIONSHIP() );
#5619 = ITEM_DEFINED_TRANSFORMATION('','',#11,#107);
#5620 = PRODUCT_DEFINITION_SHAPE('Placement','Placement of an item',
  #5621);
#5621 = NEXT_ASSEMBLY_USAGE_OCCURRENCE('24','','',#5,#5314,$);
#5622 = PRODUCT_RELATED_PRODUCT_CATEGORY('part',$,(#5316));
ENDSEC;
END-ISO-10303-21;
