ISO-10303-21;
HEADER;
FILE_NAME('Open CASCADE Shape Model','2026-08-27T18:42:06',('Author'),(
    'Open CASCADE'),'Open CASCADE STEP processor 7.8','Open CASCADE 7.8'
  ,'Unknown');
FILE_DESCRIPTION(('Open CASCADE Model'),'2;1');
FILE_SCHEMA(('AUTOMOTIVE_DESIGN { 1 0 10303 214 1 1 1 1 }'));
ENDSEC;
DATA;
#1 = APPLICATION_PROTOCOL_DEFINITION('international standard',
  'automotive_design',2000,#2);
#2 = APPLICATION_CONTEXT(
  'core data for automotive mechanical design processes');
#3 = SHAPE_DEFINITION_REPRESENTATION(#4,#10);
#4 = PRODUCT_DEFINITION_SHAPE('','',#5);
#5 = PRODUCT_DEFINITION('design','',#6,#9);
#6 = PRODUCT_DEFINITION_FORMATION('','',#7);
#7 = PRODUCT('Open CASCADE STEP translator 7.8 1',
  'Open CASCADE STEP translator 7.8 1','',(#8));
#8 = PRODUCT_CONTEXT('',#2,'mechanical');
#9 = PRODUCT_DEFINITION_CONTEXT('part definition',#2,'design');
#10 = SHAPE_REPRESENTATION('',(#11,#15,#19,#23,#27,#31,#35,#39,#43,#47,
    #51,#55,#59,#63,#67,#71,#75,#79,#83,#87,#91,#95,#99,#103,#107),#111
  );
#11 = AXIS2_PLACEMENT_3D('',#12,#13,#14);
#12 = CARTESIAN_POINT('',(0.,0.,0.));
#13 = DIRECTION('',(0.,0.,1.));
#14 = DIRECTION('',(1.,0.,-0.));
#15 = AXIS2_PLACEMENT_3D('',#16,#17,#18);
#16 = CARTESIAN_POINT('',(0.,0.,0.));
#17 = DIRECTION('',(0.,0.,1.));
#18 = DIRECTION('',(1.,0.,-0.));
#19 = AXIS2_PLACEMENT_3D('',#20,#21,#22);
#20 = CARTESIAN_POINT('',(0.,0.,0.));
#21 = DIRECTION('',(0.,0.,1.));
#22 = DIRECTION('',(1.,0.,-0.));
#23 = AXIS2_PLACEMENT_3D('',#24,#25,#26);
#24 = CARTESIAN_POINT('',(0.,0.,0.));
#25 = DIRECTION('',(0.,0.,1.));
#26 = DIRECTION('',(1.,0.,-0.));
#27 = AXIS2_PLACEMENT_3D('',#28,#29,#30);
#28 = CARTESIAN_POINT('',(0.,0.,0.));
#29 = DIRECTION('',(0.,0.,1.));
#30 = DIRECTION('',(1.,0.,-0.));
#31 = AXIS2_PLACEMENT_3D('',#32,#33,#34);
#32 = CARTESIAN_POINT('',(0.,0.,0.));
#33 = DIRECTION('',(0.,0.,1.));
#34 = DIRECTION('',(1.,0.,-0.));
#35 = AXIS2_PLACEMENT_3D('',#36,#37,#38);
#36 = CARTESIAN_POINT('',(0.,0.,0.));
#37 = DIRECTION('',(0.,0.,1.));
#38 = DIRECTION('',(1.,0.,-0.));
#39 = AXIS2_PLACEMENT_3D('',#40,#41,#42);
#40 = CARTESIAN_POINT('',(0.,0.,0.));
#41 = DIRECTION('',(0.,0.,1.));
#42 = DIRECTION('',(1.,0.,-0.));
#43 = AXIS2_PLACEMENT_3D('',#44,#45,#46);
#44 = CARTESIAN_POINT('',(0.,0.,0.));
#45 = DIRECTION('',(0.,0.,1.));
#46 = DIRECTION('',(1.,0.,-0.));
#47 = AXIS2_PLACEMENT_3D('',#48,#49,#50);
#48 = CARTESIAN_POINT('',(0.,0.,0.));
#49 = DIRECTION('',(0.,0.,1.));
#50 = DIRECTION('',(1.,0.,-0.));
#51 = AXIS2_PLACEMENT_3D('',#52,#53,#54);
#52 = CARTESIAN_POINT('',(0.,0.,0.));
#53 = DIRECTION('',(0.,0.,1.));
#54 = DIRECTION('',(1.,0.,-0.));
#55 = AXIS2_PLACEMENT_3D('',#56,#57,#58);
#56 = CARTESIAN_POINT('',(0.,0.,0.));
#57 = DIRECTION('',(0.,0.,1.));
#58 = DIRECTION('',(1.,0.,-0.));
#59 = AXIS2_PLACEMENT_3D('',#60,#61,#62);
#60 = CARTESIAN_POINT('',(0.,0.,0.));
#61 = DIRECTION('',(0.,0.,1.));
#62 = DIRECTION('',(1.,0.,-0.));
#63 = AXIS2_PLACEMENT_3D('',#64,#65,#66);
#64 = CARTESIAN_POINT('',(0.,0.,0.));
#65 = DIRECTION('',(0.,0.,1.));
#66 = DIRECTION('',(1.,0.,-0.));
#67 = AXIS2_PLACEMENT_3D('',#68,#69,#70);
#68 = CARTESIAN_POINT('',(0.,0.,0.));
#69 = DIRECTION('',(0.,0.,1.));
#70 = DIRECTION('',(1.,0.,-0.));
#71 = AXIS2_PLACEMENT_3D('',#72,#73,#74);
#72 = CARTESIAN_POINT('',(0.,0.,0.));
#73 = DIRECTION('',(0.,0.,1.));
#74 = DIRECTION('',(1.,0.,-0.));
#75 = AXIS2_PLACEMENT_3D('',#76,#77,#78);
#76 = CARTESIAN_POINT('',(0.,0.,0.));
#77 = DIRECTION('',(0.,0.,1.));
#78 = DIRECTION('',(1.,0.,-0.));
#79 = AXIS2_PLACEMENT_3D('',#80,#81,#82);
#80 = CARTESIAN_POINT('',(0.,0.,0.));
#81 = DIRECTION('',(0.,0.,1.));
#82 = DIRECTION('',(1.,0.,-0.));
#83 = AXIS2_PLACEMENT_3D('',#84,#85,#86);
#84 = CARTESIAN_POINT('',(0.,0.,0.));
#85 = DIRECTION('',(0.,0.,1.));
#86 = DIRECTION('',(1.,0.,-0.));
#87 = AXIS2_PLACEMENT_3D('',#88,#89,#90);
#88 = CARTESIAN_POINT('',(0.,0.,0.));
#89 = DIRECTION('',(0.,0.,1.));
#90 = DIRECTION('',(1.,0.,-0.));
#91 = AXIS2_PLACEMENT_3D('',#92,#93,#94);
#92 = CARTESIAN_POINT('',(0.,0.,0.));
#93 = DIRECTION('',(0.,0.,1.));
#94 = DIRECTION('',(1.,0.,-0.));
#95 = AXIS2_PLACEMENT_3D('',#96,#97,#98);
#96 = CARTESIAN_POINT('',(0.,0.,0.));
#97 = DIRECTION('',(0.,0.,1.));
#98 = DIRECTION('',(1.,0.,-0.));
#99 = AXIS2_PLACEMENT_3D('',#100,#101,#102);
#100 = CARTESIAN_POINT('',(0.,0.,0.));
#101 = DIRECTION('',(0.,0.,1.));
#102 = DIRECTION('',(1.,0.,-0.));
#103 = AXIS2_PLACEMENT_3D('',#104,#105,#106);
#104 = CARTESIAN_POINT('',(0.,0.,0.));
#105 = DIRECTION('',(0.,0.,1.));
#106 = DIRECTION('',(1.,0.,-0.));
#107 = AXIS2_PLACEMENT_3D('',#108,#109,#110);
#108 = CARTESIAN_POINT('',(0.,0.,30.));
#109 = DIRECTION('',(0.,0.,1.));
#110 = DIRECTION('',(1.,0.,-0.));
#111 = ( GEOMETRIC_REPRESENTATION_CONTEXT(3) 
GLOBAL_UNCERTAINTY_ASSIGNED_CONTEXT((#115)) GLOBAL_UNIT_ASSIGNED_CONTEXT
((#112,#113,#114)) REPRESENTATION_CONTEXT('Context #1',
  '3D Context with UNIT and UNCERTAINTY') );
#112 = ( LENGTH_UNIT() NAMED_UNIT(*) SI_UNIT(.MILLI.,.METRE.) );
#113 = ( NAMED_UNIT(*) PLANE_ANGLE_UNIT() SI_UNIT($,.RADIAN.) );
#114 = ( NAMED_UNIT(*) SI_UNIT($,.STERADIAN.) SOLID_ANGLE_UNIT() );
#115 = UNCERTAINTY_MEASURE_WITH_UNIT(LENGTH_MEASURE(5.E-05),#112,
  'distance_accuracy_value','confusion accuracy');
#116 = PRODUCT_RELATED_PRODUCT_CATEGORY('part',$,(#7));
#117 = SHAPE_DEFINITION_REPRESENTATION(#118,#124);
#118 = PRODUCT_DEFINITION_SHAPE('','',#119);
#119 = PRODUCT_DEFINITION('design','',#120,#123);
#120 = PRODUCT_DEFINITION_FORMATION('','',#121);
#121 = PRODUCT('Open CASCADE STEP translator 7.8 1.1',
  'Open CASCADE STEP translator 7.8 1.1','',(#122));
#122 = PRODUCT_CONTEXT('',#2,'mechanical');
#123 = PRODUCT_DEFINITION_CONTEXT('part definition',#2,'design');
#124 = MANIFOLD_SURFACE_SHAPE_REPRESENTATION('',(#11,#125),#346);
#125 = SHELL_BASED_SURFACE_MODEL('',(#126));
#126 = OPEN_SHELL('',(#127));
#127 = ADVANCED_FACE('',(#128),#143,.T.);
#128 = FACE_BOUND('',#129,.T.);
#129 = EDGE_LOOP('',(#130,#154,#192,#215,#230,#231,#269,#286));
#130 = ORIENTED_EDGE('',*,*,#131,.F.);
#131 = EDGE_CURVE('',#132,#134,#136,.T.);
#132 = VERTEX_POINT('',#133);
#133 = CARTESIAN_POINT('',(11.686533875108,109.37744249152,0.));
#134 = VERTEX_POINT('',#135);
#135 = CARTESIAN_POINT('',(-11.6865338751,109.37744249152,0.));
#136 = SURFACE_CURVE('',#137,(#142),.PCURVE_S1.);
#137 = CIRCLE('',#138,110.);
#138 = AXIS2_PLACEMENT_3D('',#139,#140,#141);
#139 = CARTESIAN_POINT('',(0.,0.,0.));
#140 = DIRECTION('',(0.,0.,1.));
#141 = DIRECTION('',(1.,0.,-0.));
#142 = PCURVE('',#143,#148);
#143 = CONICAL_SURFACE('',#144,17.5,0.362358903357);
#144 = AXIS2_PLACEMENT_3D('',#145,#146,#147);
#145 = CARTESIAN_POINT('',(0.,0.,-244.));
#146 = DIRECTION('',(0.,0.,1.));
#147 = DIRECTION('',(1.,0.,-0.));
#148 = DEFINITIONAL_REPRESENTATION('',(#149),#153);
#149 = LINE('',#150,#151);
#150 = CARTESIAN_POINT('',(0.,244.));
#151 = VECTOR('',#152,1.);
#152 = DIRECTION('',(1.,0.));
#153 = ( GEOMETRIC_REPRESENTATION_CONTEXT(2) 
PARAMETRIC_REPRESENTATION_CONTEXT() REPRESENTATION_CONTEXT('2D SPACE',''
  ) );
#154 = ORIENTED_EDGE('',*,*,#155,.T.);
#155 = EDGE_CURVE('',#132,#156,#158,.T.);
#156 = VERTEX_POINT('',#157);
#157 = CARTESIAN_POINT('',(62.096850568825,0.,-126.3607401211));
#158 = SURFACE_CURVE('',#159,(#178),.PCURVE_S1.);
#159 = B_SPLINE_CURVE_WITH_KNOTS('',9,(#160,#161,#162,#163,#164,#165,
    #166,#167,#168,#169,#170,#171,#172,#173,#174,#175,#176,#177),
  .UNSPECIFIED.,.F.,.F.,(10,8,10),(-11.18702234902,-0.773983346059,
    180.80980824821),.UNSPECIFIED.);
#160 = CARTESIAN_POINT('',(6.032489596173,115.50779300307,
    14.494820132693));
#161 = CARTESIAN_POINT('',(6.660716738277,114.82664294623,
    12.884284562393));
#162 = CARTESIAN_POINT('',(7.288943880381,114.14549288939,
    11.273748992094));
#163 = CARTESIAN_POINT('',(7.917171022485,113.46434283255,9.663213421795
    ));
#164 = CARTESIAN_POINT('',(8.545398164589,112.78319277571,8.052677851496
    ));
#165 = CARTESIAN_POINT('',(9.173625306693,112.10204271887,6.442142281197
    ));
#166 = CARTESIAN_POINT('',(9.801852448797,111.42089266204,4.831606710897
    ));
#167 = CARTESIAN_POINT('',(10.430079590901,110.7397426052,3.221071140598
    ));
#168 = CARTESIAN_POINT('',(11.058306733004,110.05859254836,
    1.610535570299));
#169 = CARTESIAN_POINT('',(22.641632229508,97.499468162371,
    -28.08470757376));
#170 = CARTESIAN_POINT('',(32.296313558519,85.578890948681,
    -52.65906636373));
#171 = CARTESIAN_POINT('',(40.647272652498,73.603376019535,
    -73.72247038829));
#172 = CARTESIAN_POINT('',(47.686186209638,61.546602275188,
    -91.27652056122));
#173 = CARTESIAN_POINT('',(53.391210566248,49.408942616124,
    -105.3147412379));
#174 = CARTESIAN_POINT('',(57.735364376571,37.142096065978,
    -115.848999096));
#175 = CARTESIAN_POINT('',(60.642495511642,24.78669266475,
    -122.8560088522));
#176 = CARTESIAN_POINT('',(62.096850568826,12.393551175571,
    -126.3607401211));
#177 = CARTESIAN_POINT('',(62.096850568825,0.,-126.3607401211));
#178 = PCURVE('',#143,#179);
#179 = DEFINITIONAL_REPRESENTATION('',(#180),#191);
#180 = B_SPLINE_CURVE_WITH_KNOTS('',9,(#181,#182,#183,#184,#185,#186,
    #187,#188,#189,#190),.UNSPECIFIED.,.F.,.F.,(10,10),(-0.773983346059,
    180.80980824821),.PIECEWISE_BEZIER_KNOTS.);
#181 = CARTESIAN_POINT('',(1.464354226824,244.));
#182 = CARTESIAN_POINT('',(1.353853979748,215.91529242622));
#183 = CARTESIAN_POINT('',(1.23099720147,191.34095609957));
#184 = CARTESIAN_POINT('',(1.094444535217,170.27744158568));
#185 = CARTESIAN_POINT('',(0.942771980134,152.72363870987));
#186 = CARTESIAN_POINT('',(0.775785299095,138.68509635686));
#187 = CARTESIAN_POINT('',(0.593166443918,128.15109422621));
#188 = CARTESIAN_POINT('',(0.399160602312,121.14396639225));
#189 = CARTESIAN_POINT('',(0.199584215013,117.63925987885));
#190 = CARTESIAN_POINT('',(8.881784197001E-16,117.63925987884));
#191 = ( GEOMETRIC_REPRESENTATION_CONTEXT(2) 
PARAMETRIC_REPRESENTATION_CONTEXT() REPRESENTATION_CONTEXT('2D SPACE',''
  ) );
#192 = ORIENTED_EDGE('',*,*,#193,.F.);
#193 = EDGE_CURVE('',#194,#156,#196,.T.);
#194 = VERTEX_POINT('',#195);
#195 = CARTESIAN_POINT('',(17.5,-4.286122238378E-15,-244.));
#196 = SEAM_CURVE('',#197,(#201,#208),.PCURVE_S1.);
#197 = LINE('',#198,#199);
#198 = CARTESIAN_POINT('',(17.5,-4.286122238378E-15,-244.));
#199 = VECTOR('',#200,1.);
#200 = DIRECTION('',(0.354480941285,-8.681992260137E-17,0.935063239715)
  );
#201 = PCURVE('',#143,#202);
#202 = DEFINITIONAL_REPRESENTATION('',(#203),#207);
#203 = LINE('',#204,#205);
#204 = CARTESIAN_POINT('',(0.,-0.));
#205 = VECTOR('',#206,1.);
#206 = DIRECTION('',(0.,1.));
#207 = ( GEOMETRIC_REPRESENTATION_CONTEXT(2) 
PARAMETRIC_REPRESENTATION_CONTEXT() REPRESENTATION_CONTEXT('2D SPACE',''
  ) );
#208 = PCURVE('',#143,#209);
#209 = DEFINITIONAL_REPRESENTATION('',(#210),#214);
#210 = LINE('',#211,#212);
#211 = CARTESIAN_POINT('',(6.28318530718,-0.));
#212 = VECTOR('',#213,1.);
#213 = DIRECTION('',(0.,1.));
#214 = ( GEOMETRIC_REPRESENTATION_CONTEXT(2) 
PARAMETRIC_REPRESENTATION_CONTEXT() REPRESENTATION_CONTEXT('2D SPACE',''
  ) );
#215 = ORIENTED_EDGE('',*,*,#216,.T.);
#216 = EDGE_CURVE('',#194,#194,#217,.T.);
#217 = SURFACE_CURVE('',#218,(#223),.PCURVE_S1.);
#218 = CIRCLE('',#219,17.5);
#219 = AXIS2_PLACEMENT_3D('',#220,#221,#222);
#220 = CARTESIAN_POINT('',(0.,0.,-244.));
#221 = DIRECTION('',(0.,0.,1.));
#222 = DIRECTION('',(1.,0.,-0.));
#223 = PCURVE('',#143,#224);
#224 = DEFINITIONAL_REPRESENTATION('',(#225),#229);
#225 = LINE('',#226,#227);
#226 = CARTESIAN_POINT('',(0.,0.));
#227 = VECTOR('',#228,1.);
#228 = DIRECTION('',(1.,0.));
#229 = ( GEOMETRIC_REPRESENTATION_CONTEXT(2) 
PARAMETRIC_REPRESENTATION_CONTEXT() REPRESENTATION_CONTEXT('2D SPACE',''
  ) );
#230 = ORIENTED_EDGE('',*,*,#193,.T.);
#231 = ORIENTED_EDGE('',*,*,#232,.T.);
#232 = EDGE_CURVE('',#156,#233,#235,.T.);
#233 = VERTEX_POINT('',#234);
#234 = CARTESIAN_POINT('',(11.686533875108,-109.3774424915,0.));
#235 = SURFACE_CURVE('',#236,(#255),.PCURVE_S1.);
#236 = B_SPLINE_CURVE_WITH_KNOTS('',9,(#237,#238,#239,#240,#241,#242,
    #243,#244,#245,#246,#247,#248,#249,#250,#251,#252,#253,#254),
  .UNSPECIFIED.,.F.,.F.,(10,8,10),(180.80980824821,362.39359984249,
    372.80663884545),.UNSPECIFIED.);
#237 = CARTESIAN_POINT('',(62.096850568825,-1.520883955179E-14,
    -126.3607401211));
#238 = CARTESIAN_POINT('',(62.096850568825,-12.39355117557,
    -126.3607401211));
#239 = CARTESIAN_POINT('',(60.642495511647,-24.78669266475,
    -122.8560088522));
#240 = CARTESIAN_POINT('',(57.735364376561,-37.14209606596,
    -115.848999096));
#241 = CARTESIAN_POINT('',(53.391210566263,-49.40894261614,
    -105.3147412379));
#242 = CARTESIAN_POINT('',(47.686186209622,-61.54660227516,
    -91.27652056119));
#243 = CARTESIAN_POINT('',(40.64727265251,-73.60337601955,
    -73.72247038832));
#244 = CARTESIAN_POINT('',(32.296313558513,-85.57889094867,
    -52.65906636372));
#245 = CARTESIAN_POINT('',(22.64163222951,-97.49946816237,
    -28.08470757376));
#246 = CARTESIAN_POINT('',(11.058306733004,-110.0585925483,
    1.610535570299));
#247 = CARTESIAN_POINT('',(10.430079590901,-110.7397426052,
    3.221071140598));
#248 = CARTESIAN_POINT('',(9.801852448797,-111.420892662,4.831606710898)
  );
#249 = CARTESIAN_POINT('',(9.173625306693,-112.1020427188,6.442142281197
    ));
#250 = CARTESIAN_POINT('',(8.545398164589,-112.7831927757,8.052677851496
    ));
#251 = CARTESIAN_POINT('',(7.917171022485,-113.4643428325,9.663213421795
    ));
#252 = CARTESIAN_POINT('',(7.288943880381,-114.1454928893,
    11.273748992094));
#253 = CARTESIAN_POINT('',(6.660716738277,-114.8266429462,
    12.884284562393));
#254 = CARTESIAN_POINT('',(6.032489596174,-115.507793003,14.494820132693
    ));
#255 = PCURVE('',#143,#256);
#256 = DEFINITIONAL_REPRESENTATION('',(#257),#268);
#257 = B_SPLINE_CURVE_WITH_KNOTS('',9,(#258,#259,#260,#261,#262,#263,
    #264,#265,#266,#267),.UNSPECIFIED.,.F.,.F.,(10,10),(180.80980824821,
    362.39359984249),.PIECEWISE_BEZIER_KNOTS.);
#258 = CARTESIAN_POINT('',(6.28318530718,117.63925987884));
#259 = CARTESIAN_POINT('',(6.083601092166,117.63925987884));
#260 = CARTESIAN_POINT('',(5.884024704868,121.14396639228));
#261 = CARTESIAN_POINT('',(5.690018863262,128.15109422614));
#262 = CARTESIAN_POINT('',(5.507400008084,138.68509635696));
#263 = CARTESIAN_POINT('',(5.340413327045,152.72363870977));
#264 = CARTESIAN_POINT('',(5.188740771963,170.27744158574));
#265 = CARTESIAN_POINT('',(5.05218810571,191.34095609954));
#266 = CARTESIAN_POINT('',(4.929331327431,215.91529242623));
#267 = CARTESIAN_POINT('',(4.818831080356,244.));
#268 = ( GEOMETRIC_REPRESENTATION_CONTEXT(2) 
PARAMETRIC_REPRESENTATION_CONTEXT() REPRESENTATION_CONTEXT('2D SPACE',''
  ) );
#269 = ORIENTED_EDGE('',*,*,#270,.F.);
#270 = EDGE_CURVE('',#271,#233,#273,.T.);
#271 = VERTEX_POINT('',#272);
#272 = CARTESIAN_POINT('',(-11.6865338751,-109.3774424915,0.));
#273 = SURFACE_CURVE('',#274,(#279),.PCURVE_S1.);
#274 = CIRCLE('',#275,110.);
#275 = AXIS2_PLACEMENT_3D('',#276,#277,#278);
#276 = CARTESIAN_POINT('',(0.,0.,0.));
#277 = DIRECTION('',(0.,0.,1.));
#278 = DIRECTION('',(1.,0.,-0.));
#279 = PCURVE('',#143,#280);
#280 = DEFINITIONAL_REPRESENTATION('',(#281),#285);
#281 = LINE('',#282,#283);
#282 = CARTESIAN_POINT('',(0.,244.));
#283 = VECTOR('',#284,1.);
#284 = DIRECTION('',(1.,0.));
#285 = ( GEOMETRIC_REPRESENTATION_CONTEXT(2) 
PARAMETRIC_REPRESENTATION_CONTEXT() REPRESENTATION_CONTEXT('2D SPACE',''
  ) );
#286 = ORIENTED_EDGE('',*,*,#287,.T.);
#287 = EDGE_CURVE('',#271,#134,#288,.T.);
#288 = SURFACE_CURVE('',#289,(#324),.PCURVE_S1.);
#289 = B_SPLINE_CURVE_WITH_KNOTS('',9,(#290,#291,#292,#293,#294,#295,
    #296,#297,#298,#299,#300,#301,#302,#303,#304,#305,#306,#307,#308,
    #309,#310,#311,#312,#313,#314,#315,#316,#317,#318,#319,#320,#321,
    #322,#323),.UNSPECIFIED.,.F.,.F.,(10,8,8,8,10),(-11.16033993943,
    -0.773142397452,180.61335472349,361.99985184443,372.38704938641),
  .UNSPECIFIED.);
#290 = CARTESIAN_POINT('',(-6.040386270165,-115.4992310999,
    14.474576062517));
#291 = CARTESIAN_POINT('',(-6.667736004048,-114.8190323656,
    12.866289833349));
#292 = CARTESIAN_POINT('',(-7.29508573793,-114.1388336314,11.25800360418
    ));
#293 = CARTESIAN_POINT('',(-7.922435471813,-113.4586348971,
    9.649717375012));
#294 = CARTESIAN_POINT('',(-8.549785205695,-112.7784361628,
    8.041431145843));
#295 = CARTESIAN_POINT('',(-9.177134939578,-112.0982374285,
    6.433144916674));
#296 = CARTESIAN_POINT('',(-9.80448467346,-111.4180386943,4.824858687506
    ));
#297 = CARTESIAN_POINT('',(-10.43183440734,-110.73783996,3.216572458337)
  );
#298 = CARTESIAN_POINT('',(-11.05918414122,-110.0576412257,
    1.608286229169));
#299 = CARTESIAN_POINT('',(-22.64163222948,-97.4994681624,-28.0847075737
    ));
#300 = CARTESIAN_POINT('',(-32.2963135586,-85.57889094857,
    -52.65906636396));
#301 = CARTESIAN_POINT('',(-40.64727265233,-73.60337601974,
    -73.72247038786));
#302 = CARTESIAN_POINT('',(-47.68618620983,-61.54660227494,
    -91.27652056173));
#303 = CARTESIAN_POINT('',(-53.3912105661,-49.40894261631,
    -105.3147412375));
#304 = CARTESIAN_POINT('',(-57.73536437663,-37.14209606589,
    -115.8489990961));
#305 = CARTESIAN_POINT('',(-60.64249551163,-24.78669266477,
    -122.8560088522));
#306 = CARTESIAN_POINT('',(-62.09685056882,-12.39355117557,
    -126.3607401211));
#307 = CARTESIAN_POINT('',(-62.09685056882,12.39355117557,
    -126.3607401211));
#308 = CARTESIAN_POINT('',(-60.64249551163,24.786692664774,
    -122.8560088522));
#309 = CARTESIAN_POINT('',(-57.73536437663,37.142096065886,
    -115.8489990961));
#310 = CARTESIAN_POINT('',(-53.3912105661,49.408942616317,
    -105.3147412375));
#311 = CARTESIAN_POINT('',(-47.68618620983,61.546602274935,
    -91.27652056173));
#312 = CARTESIAN_POINT('',(-40.64727265233,73.603376019748,
    -73.72247038786));
#313 = CARTESIAN_POINT('',(-32.2963135586,85.57889094857,-52.65906636396
    ));
#314 = CARTESIAN_POINT('',(-22.64163222948,97.499468162401,
    -28.0847075737));
#315 = CARTESIAN_POINT('',(-11.05918414122,110.05764122579,
    1.608286229169));
#316 = CARTESIAN_POINT('',(-10.43183440734,110.73783996005,
    3.216572458337));
#317 = CARTESIAN_POINT('',(-9.80448467346,111.41803869432,4.824858687506
    ));
#318 = CARTESIAN_POINT('',(-9.177134939578,112.09823742859,
    6.433144916674));
#319 = CARTESIAN_POINT('',(-8.549785205695,112.77843616286,
    8.041431145843));
#320 = CARTESIAN_POINT('',(-7.922435471813,113.45863489713,
    9.649717375012));
#321 = CARTESIAN_POINT('',(-7.29508573793,114.1388336314,11.25800360418)
  );
#322 = CARTESIAN_POINT('',(-6.667736004048,114.81903236567,
    12.866289833349));
#323 = CARTESIAN_POINT('',(-6.040386270165,115.49923109994,
    14.474576062517));
#324 = PCURVE('',#143,#325);
#325 = DEFINITIONAL_REPRESENTATION('',(#326),#345);
#326 = B_SPLINE_CURVE_WITH_KNOTS('',9,(#327,#328,#329,#330,#331,#332,
    #333,#334,#335,#336,#337,#338,#339,#340,#341,#342,#343,#344),
  .UNSPECIFIED.,.F.,.F.,(10,8,10),(-0.773142397452,180.61335472349,
    361.99985184443),.UNSPECIFIED.);
#327 = CARTESIAN_POINT('',(4.605946880414,244.));
#328 = CARTESIAN_POINT('',(4.495446633338,215.91529242629));
#329 = CARTESIAN_POINT('',(4.372589930278,191.34095605434));
#330 = CARTESIAN_POINT('',(4.236036840731,170.27744176933));
#331 = CARTESIAN_POINT('',(4.084365407227,152.72363837746));
#332 = CARTESIAN_POINT('',(3.917376921181,138.68509669627));
#333 = CARTESIAN_POINT('',(3.734759968271,128.15109403966));
#334 = CARTESIAN_POINT('',(3.540752804119,121.14396643884));
#335 = CARTESIAN_POINT('',(3.341176989174,117.63925987885));
#336 = CARTESIAN_POINT('',(2.942008318005,117.63925987884));
#337 = CARTESIAN_POINT('',(2.74243250306,121.14396643886));
#338 = CARTESIAN_POINT('',(2.548425338908,128.15109403963));
#339 = CARTESIAN_POINT('',(2.365808385998,138.68509669632));
#340 = CARTESIAN_POINT('',(2.198819899954,152.7236383774));
#341 = CARTESIAN_POINT('',(2.047148466448,170.27744176937));
#342 = CARTESIAN_POINT('',(1.910595376902,191.34095605432));
#343 = CARTESIAN_POINT('',(1.787738673841,215.91529242629));
#344 = CARTESIAN_POINT('',(1.677238426766,244.));
#345 = ( GEOMETRIC_REPRESENTATION_CONTEXT(2) 
PARAMETRIC_REPRESENTATION_CONTEXT() REPRESENTATION_CONTEXT('2D SPACE',''
  ) );
#346 = ( GEOMETRIC_REPRESENTATION_CONTEXT(3) 
GLOBAL_UNCERTAINTY_ASSIGNED_CONTEXT((#350)) GLOBAL_UNIT_ASSIGNED_CONTEXT
((#347,#348,#349)) REPRESENTATION_CONTEXT('Context #1',
  '3D Context with UNIT and UNCERTAINTY') );
#347 = ( LENGTH_UNIT() NAMED_UNIT(*) SI_UNIT(.MILLI.,.METRE.) );
#348 = ( NAMED_UNIT(*) PLANE_ANGLE_UNIT() SI_UNIT($,.RADIAN.) );
#349 = ( NAMED_UNIT(*) SI_UNIT($,.STERADIAN.) SOLID_ANGLE_UNIT() );
#350 = UNCERTAINTY_MEASURE_WITH_UNIT(LENGTH_MEASURE(5.E-05),#347,
  'distance_accuracy_value','confusion accuracy');
#351 = CONTEXT_DEPENDENT_SHAPE_REPRESENTATION(#352,#354);
#352 = ( REPRESENTATION_RELATIONSHIP('','',#124,#10) 
REPRESENTATION_RELATIONSHIP_WITH_TRANSFORMATION(#353) 
SHAPE_REPRESENTATION_RELATIONSHIP() );
#353 = ITEM_DEFINED_TRANSFORMATION('','',#11,#15);
#354 = PRODUCT_DEFINITION_SHAPE('Placement','Placement of an item',#355
  );
#355 = NEXT_ASSEMBLY_USAGE_OCCURRENCE('1','','',#5,#119,$);
#356 = PRODUCT_RELATED_PRODUCT_CATEGORY('part',$,(#121));
#357 = SHAPE_DEFINITION_REPRESENTATION(#358,#364);
#358 = PRODUCT_DEFINITION_SHAPE('','',#359);
#359 = PRODUCT_DEFINITION('design','',#360,#363);
#360 = PRODUCT_DEFINITION_FORMATION('','',#361);
#361 = PRODUCT('Open CASCADE STEP translator 7.8 1.2',
  'Open CASCADE STEP translator 7.8 1.2','',(#362));
#362 = PRODUCT_CONTEXT('',#2,'mechanical');
#363 = PRODUCT_DEFINITION_CONTEXT('part definition',#2,'design');
#364 = MANIFOLD_SURFACE_SHAPE_REPRESENTATION('',(#11,#365),#556);
#365 = SHELL_BASED_SURFACE_MODEL('',(#366));
#366 = OPEN_SHELL('',(#367));
#367 = ADVANCED_FACE('',(#368),#401,.T.);
#368 = FACE_BOUND('',#369,.T.);
#369 = EDGE_LOOP('',(#370,#481,#512,#527));
#370 = ORIENTED_EDGE('',*,*,#371,.T.);
#371 = EDGE_CURVE('',#372,#374,#376,.T.);
#372 = VERTEX_POINT('',#373);
#373 = CARTESIAN_POINT('',(11.686533875108,109.37744249152,0.));
#374 = VERTEX_POINT('',#375);
#375 = CARTESIAN_POINT('',(15.,105.68741851997,0.));
#376 = SURFACE_CURVE('',#377,(#400),.PCURVE_S1.);
#377 = B_SPLINE_CURVE_WITH_KNOTS('',6,(#378,#379,#380,#381,#382,#383,
    #384,#385,#386,#387,#388,#389,#390,#391,#392,#393,#394,#395,#396,
    #397,#398,#399),.UNSPECIFIED.,.F.,.F.,(7,5,5,5,7),(0.,0.249985035126
    ,0.500000631737,0.750015759454,1.),.UNSPECIFIED.);
#378 = CARTESIAN_POINT('',(11.686533875108,109.37744249152,0.));
#379 = CARTESIAN_POINT('',(11.87924699387,109.35685188033,0.));
#380 = CARTESIAN_POINT('',(12.078284948411,109.32159312503,0.));
#381 = CARTESIAN_POINT('',(12.282141356677,109.2702307478,0.));
#382 = CARTESIAN_POINT('',(12.488763556797,109.20158888601,0.));
#383 = CARTESIAN_POINT('',(12.695523962093,109.11510519306,0.));
#384 = CARTESIAN_POINT('',(13.103705008105,108.90693454877,0.));
#385 = CARTESIAN_POINT('',(13.305124332767,108.78524272964,0.));
#386 = CARTESIAN_POINT('',(13.501043218123,108.64619329984,0.));
#387 = CARTESIAN_POINT('',(13.688427911558,108.49082017951,0.));
#388 = CARTESIAN_POINT('',(13.864483446735,108.3210823452,0.));
#389 = CARTESIAN_POINT('',(14.189627979484,107.95782111095,0.));
#390 = CARTESIAN_POINT('',(14.338716358679,107.76429859729,0.));
#391 = CARTESIAN_POINT('',(14.472161873073,107.56135209121,0.));
#392 = CARTESIAN_POINT('',(14.588422800277,107.3519921465,0.));
#393 = CARTESIAN_POINT('',(14.686898244871,107.13930404307,0.));
#394 = CARTESIAN_POINT('',(14.848524735818,106.71282167973,0.));
#395 = CARTESIAN_POINT('',(14.9116808308,106.49902804168,0.));
#396 = CARTESIAN_POINT('',(14.957310532064,106.28743485211,0.));
#397 = CARTESIAN_POINT('',(14.986290419749,106.08050272173,0.));
#398 = CARTESIAN_POINT('',(15.,105.88006776949,0.));
#399 = CARTESIAN_POINT('',(15.,105.68741865998,0.));
#400 = PCURVE('',#401,#456);
#401 = ( BOUNDED_SURFACE() B_SPLINE_SURFACE(2,9,(
    (#402,#403,#404,#405,#406,#407,#408,#409,#410,#411,#412,#413,#414
      ,#415,#416,#417,#418,#419)
    ,(#420,#421,#422,#423,#424,#425,#426,#427,#428,#429,#430,#431,#432
      ,#433,#434,#435,#436,#437)
    ,(#438,#439,#440,#441,#442,#443,#444,#445,#446,#447,#448,#449,#450
      ,#451,#452,#453,#454,#455
)),.UNSPECIFIED.,.F.,.F.,.F.) B_SPLINE_SURFACE_WITH_KNOTS((3,3),(10,8,10
    ),(0.,181.58379159427),(-11.18702234902,-0.773983346059,
180.80980824821),.UNSPECIFIED.) GEOMETRIC_REPRESENTATION_ITEM() 
RATIONAL_B_SPLINE_SURFACE((
    (1.,1.,1.,1.,1.,1.,1.,1.,1.,1.,1.,1.,1.,1.,1.,1.,1.,1.)
    ,(0.695425484934,0.69344492984,0.69195951352,0.690969235973
      ,0.690474097199,0.690474097199,0.690969235973,0.69195951352
      ,0.69344492984,0.729962636222,0.765971148593,0.80282418586
      ,0.839401147106,0.873909433655,0.90367630541,0.924588563947
      ,0.935063239715,0.935063239715)
    ,(1.,1.,1.,1.,1.,1.,1.,1.,1.,1.,1.,1.,1.,1.,1.,1.,1.,1.
))) REPRESENTATION_ITEM('') SURFACE() );
#402 = CARTESIAN_POINT('',(6.032489596173,115.50779300307,
    14.494820132693));
#403 = CARTESIAN_POINT('',(6.660716738277,114.82664294623,
    12.884284562393));
#404 = CARTESIAN_POINT('',(7.288943880381,114.14549288939,
    11.273748992094));
#405 = CARTESIAN_POINT('',(7.917171022485,113.46434283255,9.663213421795
    ));
#406 = CARTESIAN_POINT('',(8.545398164589,112.78319277571,8.052677851496
    ));
#407 = CARTESIAN_POINT('',(9.173625306693,112.10204271887,6.442142281197
    ));
#408 = CARTESIAN_POINT('',(9.801852448797,111.42089266204,4.831606710897
    ));
#409 = CARTESIAN_POINT('',(10.430079590901,110.7397426052,3.221071140598
    ));
#410 = CARTESIAN_POINT('',(11.058306733004,110.05859254836,
    1.610535570299));
#411 = CARTESIAN_POINT('',(22.641632229508,97.499468162371,
    -28.08470757376));
#412 = CARTESIAN_POINT('',(32.296313558519,85.578890948681,
    -52.65906636373));
#413 = CARTESIAN_POINT('',(40.647272652498,73.603376019535,
    -73.72247038829));
#414 = CARTESIAN_POINT('',(47.686186209638,61.546602275188,
    -91.27652056122));
#415 = CARTESIAN_POINT('',(53.391210566248,49.408942616124,
    -105.3147412379));
#416 = CARTESIAN_POINT('',(57.735364376571,37.142096065978,
    -115.848999096));
#417 = CARTESIAN_POINT('',(60.642495511642,24.78669266475,
    -122.8560088522));
#418 = CARTESIAN_POINT('',(62.096850568826,12.393551175571,
    -126.3607401211));
#419 = CARTESIAN_POINT('',(62.096850568825,0.,-126.3607401211));
#420 = CARTESIAN_POINT('',(9.102862658458,115.74961380273,
    15.555692014447));
#421 = CARTESIAN_POINT('',(9.699367544357,115.06802093789,
    13.982208855967));
#422 = CARTESIAN_POINT('',(10.302370745027,114.37900281118,
    12.391584196901));
#423 = CARTESIAN_POINT('',(10.910617859199,113.68399275697,
    10.787126944382));
#424 = CARTESIAN_POINT('',(11.522822927842,112.98446016894,9.1722292498)
  );
#425 = CARTESIAN_POINT('',(12.137677429472,112.28190022159,
    7.550342780636));
#426 = CARTESIAN_POINT('',(12.753859575992,111.57782324848,
    5.924954199546));
#427 = CARTESIAN_POINT('',(13.370043770883,110.87374393481,
    4.299560215185));
#428 = CARTESIAN_POINT('',(13.984910087926,110.17117048665,
    2.677642578877));
#429 = CARTESIAN_POINT('',(24.739423054638,97.882588320335,
    -25.69101865223));
#430 = CARTESIAN_POINT('',(33.799762420145,86.148553296475,
    -49.59072465422));
#431 = CARTESIAN_POINT('',(41.750639956462,74.243895228506,
    -70.56385026353));
#432 = CARTESIAN_POINT('',(48.545236289354,62.120546490324,
    -88.48689356326));
#433 = CARTESIAN_POINT('',(54.11901535486,49.801762025095,-103.189618882
    ));
#434 = CARTESIAN_POINT('',(58.373376260615,37.208471243332,
    -114.411933055));
#435 = CARTESIAN_POINT('',(61.154813624431,24.594782589054,
    -121.7489137768));
#436 = CARTESIAN_POINT('',(62.5,12.15988294571,-125.2972972972));
#437 = CARTESIAN_POINT('',(62.5,6.394884621841E-14,-125.2972972972));
#438 = CARTESIAN_POINT('',(8.670147996959,112.73283752557,
    16.697123121535));
#439 = CARTESIAN_POINT('',(9.285099500003,112.04874598162,15.07498077837
    ));
#440 = CARTESIAN_POINT('',(9.899496660838,111.36527110551,
    13.454300700059));
#441 = CARTESIAN_POINT('',(10.513339479464,110.68241289725,
    11.835082886604));
#442 = CARTESIAN_POINT('',(11.12662795588,110.00017135684,
    10.217327338004));
#443 = CARTESIAN_POINT('',(11.739362090086,109.31854648427,
    8.601034054259));
#444 = CARTESIAN_POINT('',(12.351541882083,108.63753827954,6.98620303537
    ));
#445 = CARTESIAN_POINT('',(12.963167331871,107.95714674266,
    5.372834281335));
#446 = CARTESIAN_POINT('',(13.574238439449,107.27737187362,
    3.760927792155));
#447 = CARTESIAN_POINT('',(24.831017939071,94.75497355495,
    -25.93263110414));
#448 = CARTESIAN_POINT('',(34.146553153037,82.911860260977,
    -50.50550237124));
#449 = CARTESIAN_POINT('',(42.131441238173,71.068327096666,
    -71.56834229313));
#450 = CARTESIAN_POINT('',(48.785439836522,59.226380702456,
    -89.12051156875));
#451 = CARTESIAN_POINT('',(54.109396248466,47.381411629933,
    -103.1642452392));
#452 = CARTESIAN_POINT('',(58.101690218038,35.540141415539,
    -113.6952693318));
#453 = CARTESIAN_POINT('',(60.765231256942,23.695673184117,
    -120.7212586669));
#454 = CARTESIAN_POINT('',(62.096850568826,11.847778717567,
    -124.2338544734));
#455 = CARTESIAN_POINT('',(62.096850568825,-2.84217094304E-14,
    -124.2338544734));
#456 = DEFINITIONAL_REPRESENTATION('',(#457),#480);
#457 = B_SPLINE_CURVE_WITH_KNOTS('',6,(#458,#459,#460,#461,#462,#463,
    #464,#465,#466,#467,#468,#469,#470,#471,#472,#473,#474,#475,#476,
    #477,#478,#479),.UNSPECIFIED.,.F.,.F.,(7,5,5,5,7),(0.,0.249985035126
    ,0.500000631737,0.750015759454,1.),.UNSPECIFIED.);
#458 = CARTESIAN_POINT('',(0.,-0.773983346059));
#459 = CARTESIAN_POINT('',(7.566574299175,-0.729739279941));
#460 = CARTESIAN_POINT('',(15.132922979692,-0.68076270753));
#461 = CARTESIAN_POINT('',(22.699028873022,-0.627019052624));
#462 = CARTESIAN_POINT('',(30.264889416097,-0.568643618199));
#463 = CARTESIAN_POINT('',(37.830521047854,-0.506030230244));
#464 = CARTESIAN_POINT('',(52.962303280743,-0.37356627877));
#465 = CARTESIAN_POINT('',(60.528457425205,-0.303714824672));
#466 = CARTESIAN_POINT('',(68.094438203931,-0.230869679144));
#467 = CARTESIAN_POINT('',(75.660296136338,-0.155882673493));
#468 = CARTESIAN_POINT('',(83.226096464724,-7.977803198126E-02));
#469 = CARTESIAN_POINT('',(98.357686822404,7.262740259191E-02));
#470 = CARTESIAN_POINT('',(105.92347932079,0.14892786444));
#471 = CARTESIAN_POINT('',(113.48933596325,0.22430654779));
#472 = CARTESIAN_POINT('',(121.05532095463,0.297736914703));
#473 = CARTESIAN_POINT('',(128.62148267133,0.368360841991));
#474 = CARTESIAN_POINT('',(143.75327378886,0.502716853313));
#475 = CARTESIAN_POINT('',(151.31890658555,0.566449804735));
#476 = CARTESIAN_POINT('',(158.88476865093,0.626105021477));
#477 = CARTESIAN_POINT('',(166.45087471894,0.681268340396));
#478 = CARTESIAN_POINT('',(174.01722138317,0.731776490082));
#479 = CARTESIAN_POINT('',(181.58379159427,0.777634714528));
#480 = ( GEOMETRIC_REPRESENTATION_CONTEXT(2) 
PARAMETRIC_REPRESENTATION_CONTEXT() REPRESENTATION_CONTEXT('2D SPACE',''
  ) );
#481 = ORIENTED_EDGE('',*,*,#482,.T.);
#482 = EDGE_CURVE('',#374,#483,#485,.T.);
#483 = VERTEX_POINT('',#484);
#484 = CARTESIAN_POINT('',(62.096850568825,-2.84217094304E-14,
    -124.2338544734));
#485 = SURFACE_CURVE('',#486,(#505),.PCURVE_S1.);
#486 = B_SPLINE_CURVE_WITH_KNOTS('',9,(#487,#488,#489,#490,#491,#492,
    #493,#494,#495,#496,#497,#498,#499,#500,#501,#502,#503,#504),
  .UNSPECIFIED.,.F.,.F.,(10,8,10),(-11.18702234902,-0.773983346059,
    180.80980824821),.UNSPECIFIED.);
#487 = CARTESIAN_POINT('',(8.670147996959,112.73283752557,
    16.697123121535));
#488 = CARTESIAN_POINT('',(9.285099500003,112.04874598162,15.07498077837
    ));
#489 = CARTESIAN_POINT('',(9.899496660838,111.36527110551,
    13.454300700059));
#490 = CARTESIAN_POINT('',(10.513339479464,110.68241289725,
    11.835082886604));
#491 = CARTESIAN_POINT('',(11.12662795588,110.00017135684,
    10.217327338004));
#492 = CARTESIAN_POINT('',(11.739362090086,109.31854648427,
    8.601034054259));
#493 = CARTESIAN_POINT('',(12.351541882083,108.63753827954,6.98620303537
    ));
#494 = CARTESIAN_POINT('',(12.963167331871,107.95714674266,
    5.372834281335));
#495 = CARTESIAN_POINT('',(13.574238439449,107.27737187362,
    3.760927792155));
#496 = CARTESIAN_POINT('',(24.831017939071,94.75497355495,
    -25.93263110414));
#497 = CARTESIAN_POINT('',(34.146553153037,82.911860260977,
    -50.50550237124));
#498 = CARTESIAN_POINT('',(42.131441238173,71.068327096666,
    -71.56834229313));
#499 = CARTESIAN_POINT('',(48.785439836522,59.226380702456,
    -89.12051156875));
#500 = CARTESIAN_POINT('',(54.109396248466,47.381411629933,
    -103.1642452392));
#501 = CARTESIAN_POINT('',(58.101690218038,35.540141415539,
    -113.6952693318));
#502 = CARTESIAN_POINT('',(60.765231256942,23.695673184117,
    -120.7212586669));
#503 = CARTESIAN_POINT('',(62.096850568826,11.847778717567,
    -124.2338544734));
#504 = CARTESIAN_POINT('',(62.096850568825,-2.84217094304E-14,
    -124.2338544734));
#505 = PCURVE('',#401,#506);
#506 = DEFINITIONAL_REPRESENTATION('',(#507),#511);
#507 = LINE('',#508,#509);
#508 = CARTESIAN_POINT('',(181.58379159427,0.));
#509 = VECTOR('',#510,1.);
#510 = DIRECTION('',(0.,1.));
#511 = ( GEOMETRIC_REPRESENTATION_CONTEXT(2) 
PARAMETRIC_REPRESENTATION_CONTEXT() REPRESENTATION_CONTEXT('2D SPACE',''
  ) );
#512 = ORIENTED_EDGE('',*,*,#513,.F.);
#513 = EDGE_CURVE('',#514,#483,#516,.T.);
#514 = VERTEX_POINT('',#515);
#515 = CARTESIAN_POINT('',(62.096850568825,0.,-126.3607401211));
#516 = SURFACE_CURVE('',#517,(#521),.PCURVE_S1.);
#517 = ( BOUNDED_CURVE() B_SPLINE_CURVE(2,(#518,#519,#520),
.UNSPECIFIED.,.F.,.F.) B_SPLINE_CURVE_WITH_KNOTS((3,3),(0.,
181.58379159427),.PIECEWISE_BEZIER_KNOTS.) CURVE() 
GEOMETRIC_REPRESENTATION_ITEM() RATIONAL_B_SPLINE_CURVE((1.,
0.935063239715,1.)) REPRESENTATION_ITEM('') );
#518 = CARTESIAN_POINT('',(62.096850568825,0.,-126.3607401211));
#519 = CARTESIAN_POINT('',(62.5,6.394884621841E-14,-125.2972972972));
#520 = CARTESIAN_POINT('',(62.096850568825,-2.84217094304E-14,
    -124.2338544734));
#521 = PCURVE('',#401,#522);
#522 = DEFINITIONAL_REPRESENTATION('',(#523),#526);
#523 = B_SPLINE_CURVE_WITH_KNOTS('',1,(#524,#525),.UNSPECIFIED.,.F.,.F.,
  (2,2),(0.,181.58379159427),.PIECEWISE_BEZIER_KNOTS.);
#524 = CARTESIAN_POINT('',(0.,180.80980824821));
#525 = CARTESIAN_POINT('',(181.58379159427,180.80980824821));
#526 = ( GEOMETRIC_REPRESENTATION_CONTEXT(2) 
PARAMETRIC_REPRESENTATION_CONTEXT() REPRESENTATION_CONTEXT('2D SPACE',''
  ) );
#527 = ORIENTED_EDGE('',*,*,#528,.F.);
#528 = EDGE_CURVE('',#372,#514,#529,.T.);
#529 = SURFACE_CURVE('',#530,(#549),.PCURVE_S1.);
#530 = B_SPLINE_CURVE_WITH_KNOTS('',9,(#531,#532,#533,#534,#535,#536,
    #537,#538,#539,#540,#541,#542,#543,#544,#545,#546,#547,#548),
  .UNSPECIFIED.,.F.,.F.,(10,8,10),(-11.18702234902,-0.773983346059,
    180.80980824821),.UNSPECIFIED.);
#531 = CARTESIAN_POINT('',(6.032489596173,115.50779300307,
    14.494820132693));
#532 = CARTESIAN_POINT('',(6.660716738277,114.82664294623,
    12.884284562393));
#533 = CARTESIAN_POINT('',(7.288943880381,114.14549288939,
    11.273748992094));
#534 = CARTESIAN_POINT('',(7.917171022485,113.46434283255,9.663213421795
    ));
#535 = CARTESIAN_POINT('',(8.545398164589,112.78319277571,8.052677851496
    ));
#536 = CARTESIAN_POINT('',(9.173625306693,112.10204271887,6.442142281197
    ));
#537 = CARTESIAN_POINT('',(9.801852448797,111.42089266204,4.831606710897
    ));
#538 = CARTESIAN_POINT('',(10.430079590901,110.7397426052,3.221071140598
    ));
#539 = CARTESIAN_POINT('',(11.058306733004,110.05859254836,
    1.610535570299));
#540 = CARTESIAN_POINT('',(22.641632229508,97.499468162371,
    -28.08470757376));
#541 = CARTESIAN_POINT('',(32.296313558519,85.578890948681,
    -52.65906636373));
#542 = CARTESIAN_POINT('',(40.647272652498,73.603376019535,
    -73.72247038829));
#543 = CARTESIAN_POINT('',(47.686186209638,61.546602275188,
    -91.27652056122));
#544 = CARTESIAN_POINT('',(53.391210566248,49.408942616124,
    -105.3147412379));
#545 = CARTESIAN_POINT('',(57.735364376571,37.142096065978,
    -115.848999096));
#546 = CARTESIAN_POINT('',(60.642495511642,24.78669266475,
    -122.8560088522));
#547 = CARTESIAN_POINT('',(62.096850568826,12.393551175571,
    -126.3607401211));
#548 = CARTESIAN_POINT('',(62.096850568825,0.,-126.3607401211));
#549 = PCURVE('',#401,#550);
#550 = DEFINITIONAL_REPRESENTATION('',(#551),#555);
#551 = LINE('',#552,#553);
#552 = CARTESIAN_POINT('',(0.,0.));
#553 = VECTOR('',#554,1.);
#554 = DIRECTION('',(0.,1.));
#555 = ( GEOMETRIC_REPRESENTATION_CONTEXT(2) 
PARAMETRIC_REPRESENTATION_CONTEXT() REPRESENTATION_CONTEXT('2D SPACE',''
  ) );
#556 = ( GEOMETRIC_REPRESENTATION_CONTEXT(3) 
GLOBAL_UNCERTAINTY_ASSIGNED_CONTEXT((#560)) GLOBAL_UNIT_ASSIGNED_CONTEXT
((#557,#558,#559)) REPRESENTATION_CONTEXT('Context #1',
  '3D Context with UNIT and UNCERTAINTY') );
#557 = ( LENGTH_UNIT() NAMED_UNIT(*) SI_UNIT(.MILLI.,.METRE.) );
#558 = ( NAMED_UNIT(*) PLANE_ANGLE_UNIT() SI_UNIT($,.RADIAN.) );
#559 = ( NAMED_UNIT(*) SI_UNIT($,.STERADIAN.) SOLID_ANGLE_UNIT() );
#560 = UNCERTAINTY_MEASURE_WITH_UNIT(LENGTH_MEASURE(1.E-04),#557,
  'distance_accuracy_value','confusion accuracy');
#561 = CONTEXT_DEPENDENT_SHAPE_REPRESENTATION(#562,#564);
#562 = ( REPRESENTATION_RELATIONSHIP('','',#364,#10) 
REPRESENTATION_RELATIONSHIP_WITH_TRANSFORMATION(#563) 
SHAPE_REPRESENTATION_RELATIONSHIP() );
#563 = ITEM_DEFINED_TRANSFORMATION('','',#11,#19);
#564 = PRODUCT_DEFINITION_SHAPE('Placement','Placement of an item',#565
  );
#565 = NEXT_ASSEMBLY_USAGE_OCCURRENCE('2','','',#5,#359,$);
#566 = PRODUCT_RELATED_PRODUCT_CATEGORY('part',$,(#361));
#567 = SHAPE_DEFINITION_REPRESENTATION(#568,#574);
#568 = PRODUCT_DEFINITION_SHAPE('','',#569);
#569 = PRODUCT_DEFINITION('design','',#570,#573);
#570 = PRODUCT_DEFINITION_FORMATION('','',#571);
#571 = PRODUCT('Open CASCADE STEP translator 7.8 1.3',
  'Open CASCADE STEP translator 7.8 1.3','',(#572));
#572 = PRODUCT_CONTEXT('',#2,'mechanical');
#573 = PRODUCT_DEFINITION_CONTEXT('part definition',#2,'design');
#574 = MANIFOLD_SURFACE_SHAPE_REPRESENTATION('',(#11,#575),#885);
#575 = SHELL_BASED_SURFACE_MODEL('',(#576));
#576 = OPEN_SHELL('',(#577));
#577 = ADVANCED_FACE('',(#578),#611,.T.);
#578 = FACE_BOUND('',#579,.T.);
#579 = EDGE_LOOP('',(#580,#739,#786,#840));
#580 = ORIENTED_EDGE('',*,*,#581,.T.);
#581 = EDGE_CURVE('',#582,#584,#586,.T.);
#582 = VERTEX_POINT('',#583);
#583 = CARTESIAN_POINT('',(-11.6865338751,-109.3774424915,0.));
#584 = VERTEX_POINT('',#585);
#585 = CARTESIAN_POINT('',(-15.,-105.6874185199,0.));
#586 = SURFACE_CURVE('',#587,(#610),.PCURVE_S1.);
#587 = B_SPLINE_CURVE_WITH_KNOTS('',6,(#588,#589,#590,#591,#592,#593,
    #594,#595,#596,#597,#598,#599,#600,#601,#602,#603,#604,#605,#606,
    #607,#608,#609),.UNSPECIFIED.,.F.,.F.,(7,5,5,5,7),(0.,0.249996249286
    ,0.500000158506,0.750003950085,1.),.UNSPECIFIED.);
#588 = CARTESIAN_POINT('',(-11.6865338751,-109.3774424915,0.));
#589 = CARTESIAN_POINT('',(-11.87923586692,-109.3568530692,0.));
#590 = CARTESIAN_POINT('',(-12.07826627144,-109.3215967345,0.));
#591 = CARTESIAN_POINT('',(-12.2821198145,-109.2702370077,0.));
#592 = CARTESIAN_POINT('',(-12.48874457577,-109.2015964485,0.));
#593 = CARTESIAN_POINT('',(-12.69551255155,-109.1151110095,0.));
#594 = CARTESIAN_POINT('',(-13.10369764927,-108.9069383045,0.));
#595 = CARTESIAN_POINT('',(-13.30511387214,-108.7852494285,0.));
#596 = CARTESIAN_POINT('',(-13.50103347748,-108.646201095,0.));
#597 = CARTESIAN_POINT('',(-13.68842123767,-108.4908266176,0.));
#598 = CARTESIAN_POINT('',(-13.86448035214,-108.321085796,0.));
#599 = CARTESIAN_POINT('',(-14.18963120767,-107.9578175108,0.));
#600 = CARTESIAN_POINT('',(-14.33872225008,-107.7642909477,0.));
#601 = CARTESIAN_POINT('',(-14.47216873869,-107.5613412148,0.));
#602 = CARTESIAN_POINT('',(-14.58842841572,-107.3519807773,0.));
#603 = CARTESIAN_POINT('',(-14.6869012012,-107.1392962347,0.));
#604 = CARTESIAN_POINT('',(-14.84852923067,-106.7128098266,0.));
#605 = CARTESIAN_POINT('',(-14.91168623034,-106.4990085522,0.));
#606 = CARTESIAN_POINT('',(-14.95731438414,-106.2874130192,0.));
#607 = CARTESIAN_POINT('',(-14.98629199021,-106.0804840049,0.));
#608 = CARTESIAN_POINT('',(-15.,-105.8800567242,0.));
#609 = CARTESIAN_POINT('',(-15.,-105.6874186599,0.));
#610 = PCURVE('',#611,#714);
#611 = ( BOUNDED_SURFACE() B_SPLINE_SURFACE(2,9,(
    (#612,#613,#614,#615,#616,#617,#618,#619,#620,#621,#622,#623,#624
      ,#625,#626,#627,#628,#629,#630,#631,#632,#633,#634,#635,#636,#637
      ,#638,#639,#640,#641,#642,#643,#644,#645)
    ,(#646,#647,#648,#649,#650,#651,#652,#653,#654,#655,#656,#657,#658
      ,#659,#660,#661,#662,#663,#664,#665,#666,#667,#668,#669,#670,#671
      ,#672,#673,#674,#675,#676,#677,#678,#679)
    ,(#680,#681,#682,#683,#684,#685,#686,#687,#688,#689,#690,#691,#692
      ,#693,#694,#695,#696,#697,#698,#699,#700,#701,#702,#703,#704,#705
      ,#706,#707,#708,#709,#710,#711,#712,#713
)),.UNSPECIFIED.,.F.,.F.,.F.) B_SPLINE_SURFACE_WITH_KNOTS((3,3),(10,8,8,
    8,10),(0.,362.77299424188),(-11.16033993943,-0.773142397452,
    180.61335472349,361.99985184443,372.38704938641),.UNSPECIFIED.) 
GEOMETRIC_REPRESENTATION_ITEM() RATIONAL_B_SPLINE_SURFACE((
    (1.,1.,1.,1.,1.,1.,1.,1.,1.,1.,1.,1.,1.,1.,1.,1.,1.,1.,1.,1.,1.,1.
      ,1.,1.,1.,1.,1.,1.,1.,1.,1.,1.,1.,1.)
    ,(0.695425484934,0.693447695966,0.69196435424,0.690975459756
      ,0.690481012514,0.690481012514,0.690975459756,0.69196435424
      ,0.693447695966,0.729962636222,0.765971148593,0.80282418586
      ,0.839401147107,0.873909433655,0.90367630541,0.924588563947
      ,0.935063239715,0.935063239715,0.924588563947,0.90367630541
      ,0.873909433655,0.839401147107,0.80282418586,0.765971148593
      ,0.729962636222,0.693447695966,0.69196435424,0.690975459756
      ,0.690481012514,0.690481012514,0.690975459756,0.69196435424
      ,0.693447695966,0.695425484934)
    ,(1.,1.,1.,1.,1.,1.,1.,1.,1.,1.,1.,1.,1.,1.,1.,1.,1.,1.,1.,1.,1.,1.
,1.,1.,1.,1.,1.,1.,1.,1.,1.,1.,1.,1.
  ))) REPRESENTATION_ITEM('') SURFACE() );
#612 = CARTESIAN_POINT('',(-6.040386270165,-115.4992310999,
    14.474576062517));
#613 = CARTESIAN_POINT('',(-6.667736004048,-114.8190323656,
    12.866289833349));
#614 = CARTESIAN_POINT('',(-7.29508573793,-114.1388336314,11.25800360418
    ));
#615 = CARTESIAN_POINT('',(-7.922435471813,-113.4586348971,
    9.649717375012));
#616 = CARTESIAN_POINT('',(-8.549785205695,-112.7784361628,
    8.041431145843));
#617 = CARTESIAN_POINT('',(-9.177134939578,-112.0982374285,
    6.433144916674));
#618 = CARTESIAN_POINT('',(-9.80448467346,-111.4180386943,4.824858687506
    ));
#619 = CARTESIAN_POINT('',(-10.43183440734,-110.73783996,3.216572458337)
  );
#620 = CARTESIAN_POINT('',(-11.05918414122,-110.0576412257,
    1.608286229169));
#621 = CARTESIAN_POINT('',(-22.64163222948,-97.4994681624,-28.0847075737
    ));
#622 = CARTESIAN_POINT('',(-32.2963135586,-85.57889094857,
    -52.65906636396));
#623 = CARTESIAN_POINT('',(-40.64727265233,-73.60337601974,
    -73.72247038786));
#624 = CARTESIAN_POINT('',(-47.68618620983,-61.54660227494,
    -91.27652056173));
#625 = CARTESIAN_POINT('',(-53.3912105661,-49.40894261631,
    -105.3147412375));
#626 = CARTESIAN_POINT('',(-57.73536437663,-37.14209606589,
    -115.8489990961));
#627 = CARTESIAN_POINT('',(-60.64249551163,-24.78669266477,
    -122.8560088522));
#628 = CARTESIAN_POINT('',(-62.09685056882,-12.39355117557,
    -126.3607401211));
#629 = CARTESIAN_POINT('',(-62.09685056882,12.39355117557,
    -126.3607401211));
#630 = CARTESIAN_POINT('',(-60.64249551163,24.786692664774,
    -122.8560088522));
#631 = CARTESIAN_POINT('',(-57.73536437663,37.142096065886,
    -115.8489990961));
#632 = CARTESIAN_POINT('',(-53.3912105661,49.408942616317,
    -105.3147412375));
#633 = CARTESIAN_POINT('',(-47.68618620983,61.546602274935,
    -91.27652056173));
#634 = CARTESIAN_POINT('',(-40.64727265233,73.603376019748,
    -73.72247038786));
#635 = CARTESIAN_POINT('',(-32.2963135586,85.57889094857,-52.65906636396
    ));
#636 = CARTESIAN_POINT('',(-22.64163222948,97.499468162401,
    -28.0847075737));
#637 = CARTESIAN_POINT('',(-11.05918414122,110.05764122579,
    1.608286229169));
#638 = CARTESIAN_POINT('',(-10.43183440734,110.73783996005,
    3.216572458337));
#639 = CARTESIAN_POINT('',(-9.80448467346,111.41803869432,4.824858687506
    ));
#640 = CARTESIAN_POINT('',(-9.177134939578,112.09823742859,
    6.433144916674));
#641 = CARTESIAN_POINT('',(-8.549785205695,112.77843616286,
    8.041431145843));
#642 = CARTESIAN_POINT('',(-7.922435471813,113.45863489713,
    9.649717375012));
#643 = CARTESIAN_POINT('',(-7.29508573793,114.1388336314,11.25800360418)
  );
#644 = CARTESIAN_POINT('',(-6.667736004048,114.81903236567,
    12.866289833349));
#645 = CARTESIAN_POINT('',(-6.040386270165,115.49923109994,
    14.474576062517));
#646 = CARTESIAN_POINT('',(-9.110536214317,-115.7408456584,
    15.535450418449));
#647 = CARTESIAN_POINT('',(-9.706227506342,-115.0601824419,
    13.964113388676));
#648 = CARTESIAN_POINT('',(-10.30839902059,-114.3721146369,
    12.375682583526));
#649 = CARTESIAN_POINT('',(-10.91579978791,-113.678071656,
    10.773457856748));
#650 = CARTESIAN_POINT('',(-11.52714741336,-112.9795188205,
    9.160821958266));
#651 = CARTESIAN_POINT('',(-12.14113703425,-112.2779471241,
    7.541216904224));
#652 = CARTESIAN_POINT('',(-12.75645057713,-111.5748626559,
    5.918119558702));
#653 = CARTESIAN_POINT('',(-13.37176617608,-110.8717758384,
    4.295016789577));
#654 = CARTESIAN_POINT('',(-13.98576761157,-110.1701906421,
    2.675380570537));
#655 = CARTESIAN_POINT('',(-24.73942305461,-97.88258832036,
    -25.69101865216));
#656 = CARTESIAN_POINT('',(-33.79976242024,-86.14855329636,
    -49.59072465447));
#657 = CARTESIAN_POINT('',(-41.75063995629,-74.24389522869,
    -70.56385026308));
#658 = CARTESIAN_POINT('',(-48.54523628954,-62.1205464901,
    -88.48689356377));
#659 = CARTESIAN_POINT('',(-54.11901535472,-49.80176202524,
    -103.1896188816));
#660 = CARTESIAN_POINT('',(-58.37337626067,-37.20847124326,
    -114.4119330551));
#661 = CARTESIAN_POINT('',(-61.15481362441,-24.59478258907,
    -121.7489137768));
#662 = CARTESIAN_POINT('',(-62.5,-12.1598829457,-125.2972972972));
#663 = CARTESIAN_POINT('',(-62.5,12.159882945709,-125.2972972972));
#664 = CARTESIAN_POINT('',(-61.15481362441,24.594782589071,
    -121.7489137768));
#665 = CARTESIAN_POINT('',(-58.37337626067,37.208471243262,
    -114.4119330551));
#666 = CARTESIAN_POINT('',(-54.11901535472,49.80176202525,
    -103.1896188816));
#667 = CARTESIAN_POINT('',(-48.54523628954,62.120546490108,
    -88.48689356377));
#668 = CARTESIAN_POINT('',(-41.75063995629,74.2438952287,-70.56385026307
    ));
#669 = CARTESIAN_POINT('',(-33.79976242024,86.148553296368,
    -49.59072465447));
#670 = CARTESIAN_POINT('',(-24.73942305461,97.882588320366,
    -25.69101865216));
#671 = CARTESIAN_POINT('',(-13.98576761157,110.17019064219,
    2.675380570537));
#672 = CARTESIAN_POINT('',(-13.37176617608,110.87177583845,
    4.295016789577));
#673 = CARTESIAN_POINT('',(-12.75645057713,111.57486265598,
    5.918119558702));
#674 = CARTESIAN_POINT('',(-12.14113703425,112.27794712415,
    7.541216904224));
#675 = CARTESIAN_POINT('',(-11.52714741336,112.97951882052,
    9.160821958266));
#676 = CARTESIAN_POINT('',(-10.91579978791,113.67807165604,
    10.773457856748));
#677 = CARTESIAN_POINT('',(-10.30839902059,114.3721146369,
    12.375682583526));
#678 = CARTESIAN_POINT('',(-9.706227506342,115.06018244192,
    13.964113388676));
#679 = CARTESIAN_POINT('',(-9.110536214317,115.74084565842,
    15.535450418449));
#680 = CARTESIAN_POINT('',(-8.677849927321,-112.7242696541,
    16.676806678201));
#681 = CARTESIAN_POINT('',(-9.291942563445,-112.0411335409,
    15.056929886696));
#682 = CARTESIAN_POINT('',(-9.905481631579,-111.3586132343,
    13.438513317779));
#683 = CARTESIAN_POINT('',(-10.51846713172,-110.6767087343,
    11.821556971451));
#684 = CARTESIAN_POINT('',(-11.13089906388,-109.9954200409,
    10.206060847711));
#685 = CARTESIAN_POINT('',(-11.74277742804,-109.314747154,8.59202494656)
  );
#686 = CARTESIAN_POINT('',(-12.35410222422,-108.6346900737,
    6.979449267996));
#687 = CARTESIAN_POINT('',(-12.96487345241,-107.9552488001,
    5.368333812022));
#688 = CARTESIAN_POINT('',(-13.5750911126,-107.2764233329,3.758678578635
    ));
#689 = CARTESIAN_POINT('',(-24.83101793922,-94.75497355478,
    -25.93263110454));
#690 = CARTESIAN_POINT('',(-34.14655315247,-82.91186026159,
    -50.50550236978));
#691 = CARTESIAN_POINT('',(-42.13144123924,-71.06832709548,
    -71.56834229594));
#692 = CARTESIAN_POINT('',(-48.78543983525,-59.22638070385,
    -89.12051156543));
#693 = CARTESIAN_POINT('',(-54.10939624941,-47.38141162889,
    -103.1642452416));
#694 = CARTESIAN_POINT('',(-58.1016902176,-35.540141416,-113.6952693307)
  );
#695 = CARTESIAN_POINT('',(-60.76523125703,-23.69567318402,
    -120.7212586672));
#696 = CARTESIAN_POINT('',(-62.09685056882,-11.84777871756,
    -124.2338544734));
#697 = CARTESIAN_POINT('',(-62.09685056882,11.847778717565,
    -124.2338544734));
#698 = CARTESIAN_POINT('',(-60.76523125703,23.69567318402,
    -120.7212586672));
#699 = CARTESIAN_POINT('',(-58.1016902176,35.540141416006,
    -113.6952693307));
#700 = CARTESIAN_POINT('',(-54.10939624941,47.381411628885,
    -103.1642452417));
#701 = CARTESIAN_POINT('',(-48.78543983525,59.226380703862,
    -89.12051156543));
#702 = CARTESIAN_POINT('',(-42.13144123924,71.068327095474,
    -71.56834229594));
#703 = CARTESIAN_POINT('',(-34.14655315248,82.9118602616,-50.50550236978
    ));
#704 = CARTESIAN_POINT('',(-24.83101793922,94.754973554781,
    -25.93263110454));
#705 = CARTESIAN_POINT('',(-13.5750911126,107.27642333298,3.758678578635
    ));
#706 = CARTESIAN_POINT('',(-12.96487345241,107.9552488001,5.368333812022
    ));
#707 = CARTESIAN_POINT('',(-12.35410222422,108.63469007379,
    6.979449267996));
#708 = CARTESIAN_POINT('',(-11.74277742804,109.31474715407,8.59202494656
    ));
#709 = CARTESIAN_POINT('',(-11.13089906388,109.99542004092,
    10.206060847711));
#710 = CARTESIAN_POINT('',(-10.51846713172,110.67670873435,
    11.821556971451));
#711 = CARTESIAN_POINT('',(-9.90548163158,111.35861323436,
    13.438513317779));
#712 = CARTESIAN_POINT('',(-9.291942563445,112.04113354094,
    15.056929886696));
#713 = CARTESIAN_POINT('',(-8.677849927321,112.72426965411,
    16.676806678201));
#714 = DEFINITIONAL_REPRESENTATION('',(#715),#738);
#715 = B_SPLINE_CURVE_WITH_KNOTS('',6,(#716,#717,#718,#719,#720,#721,
    #722,#723,#724,#725,#726,#727,#728,#729,#730,#731,#732,#733,#734,
    #735,#736,#737),.UNSPECIFIED.,.F.,.F.,(7,5,5,5,7),(0.,0.249996249286
    ,0.500000158506,0.750003950085,1.),.UNSPECIFIED.);
#716 = CARTESIAN_POINT('',(0.,-0.773142397452));
#717 = CARTESIAN_POINT('',(15.115833311286,-0.728948955214));
#718 = CARTESIAN_POINT('',(30.231553676172,-0.680027706306));
#719 = CARTESIAN_POINT('',(45.347152489161,-0.626343652104));
#720 = CARTESIAN_POINT('',(60.462628450653,-0.568031428116));
#721 = CARTESIAN_POINT('',(75.577989781269,-0.505484116416));
#722 = CARTESIAN_POINT('',(105.80897228887,-0.373162777612));
#723 = CARTESIAN_POINT('',(120.92459526045,-0.303388545624));
#724 = CARTESIAN_POINT('',(136.04013141501,-0.230622661329));
#725 = CARTESIAN_POINT('',(151.15560604525,-0.155716186537));
#726 = CARTESIAN_POINT('',(166.27105183031,-7.969279892887E-02));
#727 = CARTESIAN_POINT('',(196.501938237,7.2550001397E-02));
#728 = CARTESIAN_POINT('',(211.61738009746,0.148769063647));
#729 = CARTESIAN_POINT('',(226.73285408197,0.224066811635));
#730 = CARTESIAN_POINT('',(241.8483923492,0.297417259708));
#731 = CARTESIAN_POINT('',(256.96401911741,0.367963067083));
#732 = CARTESIAN_POINT('',(287.19500608013,0.502174371876));
#733 = CARTESIAN_POINT('',(302.31036799592,0.56584007673));
#734 = CARTESIAN_POINT('',(317.4258447214,0.62543072095));
#735 = CARTESIAN_POINT('',(332.54144362301,0.680532899028));
#736 = CARTESIAN_POINT('',(347.65716297833,0.730984026427));
#737 = CARTESIAN_POINT('',(362.77299424188,0.776789798621));
#738 = ( GEOMETRIC_REPRESENTATION_CONTEXT(2) 
PARAMETRIC_REPRESENTATION_CONTEXT() REPRESENTATION_CONTEXT('2D SPACE',''
  ) );
#739 = ORIENTED_EDGE('',*,*,#740,.T.);
#740 = EDGE_CURVE('',#584,#741,#743,.T.);
#741 = VERTEX_POINT('',#742);
#742 = CARTESIAN_POINT('',(-15.,105.68741851997,0.));
#743 = SURFACE_CURVE('',#744,(#779),.PCURVE_S1.);
#744 = B_SPLINE_CURVE_WITH_KNOTS('',9,(#745,#746,#747,#748,#749,#750,
    #751,#752,#753,#754,#755,#756,#757,#758,#759,#760,#761,#762,#763,
    #764,#765,#766,#767,#768,#769,#770,#771,#772,#773,#774,#775,#776,
    #777,#778),.UNSPECIFIED.,.F.,.F.,(10,8,8,8,10),(-11.16033993943,
    -0.773142397452,180.61335472349,361.99985184443,372.38704938641),
  .UNSPECIFIED.);
#745 = CARTESIAN_POINT('',(-8.677849927321,-112.7242696541,
    16.676806678201));
#746 = CARTESIAN_POINT('',(-9.291942563445,-112.0411335409,
    15.056929886696));
#747 = CARTESIAN_POINT('',(-9.905481631579,-111.3586132343,
    13.438513317779));
#748 = CARTESIAN_POINT('',(-10.51846713172,-110.6767087343,
    11.821556971451));
#749 = CARTESIAN_POINT('',(-11.13089906388,-109.9954200409,
    10.206060847711));
#750 = CARTESIAN_POINT('',(-11.74277742804,-109.314747154,8.59202494656)
  );
#751 = CARTESIAN_POINT('',(-12.35410222422,-108.6346900737,
    6.979449267996));
#752 = CARTESIAN_POINT('',(-12.96487345241,-107.9552488001,
    5.368333812022));
#753 = CARTESIAN_POINT('',(-13.5750911126,-107.2764233329,3.758678578635
    ));
#754 = CARTESIAN_POINT('',(-24.83101793922,-94.75497355478,
    -25.93263110454));
#755 = CARTESIAN_POINT('',(-34.14655315247,-82.91186026159,
    -50.50550236978));
#756 = CARTESIAN_POINT('',(-42.13144123924,-71.06832709548,
    -71.56834229594));
#757 = CARTESIAN_POINT('',(-48.78543983525,-59.22638070385,
    -89.12051156543));
#758 = CARTESIAN_POINT('',(-54.10939624941,-47.38141162889,
    -103.1642452416));
#759 = CARTESIAN_POINT('',(-58.1016902176,-35.540141416,-113.6952693307)
  );
#760 = CARTESIAN_POINT('',(-60.76523125703,-23.69567318402,
    -120.7212586672));
#761 = CARTESIAN_POINT('',(-62.09685056882,-11.84777871756,
    -124.2338544734));
#762 = CARTESIAN_POINT('',(-62.09685056882,11.847778717565,
    -124.2338544734));
#763 = CARTESIAN_POINT('',(-60.76523125703,23.69567318402,
    -120.7212586672));
#764 = CARTESIAN_POINT('',(-58.1016902176,35.540141416006,
    -113.6952693307));
#765 = CARTESIAN_POINT('',(-54.10939624941,47.381411628885,
    -103.1642452417));
#766 = CARTESIAN_POINT('',(-48.78543983525,59.226380703862,
    -89.12051156543));
#767 = CARTESIAN_POINT('',(-42.13144123924,71.068327095474,
    -71.56834229594));
#768 = CARTESIAN_POINT('',(-34.14655315248,82.9118602616,-50.50550236978
    ));
#769 = CARTESIAN_POINT('',(-24.83101793922,94.754973554781,
    -25.93263110454));
#770 = CARTESIAN_POINT('',(-13.5750911126,107.27642333298,3.758678578635
    ));
#771 = CARTESIAN_POINT('',(-12.96487345241,107.9552488001,5.368333812022
    ));
#772 = CARTESIAN_POINT('',(-12.35410222422,108.63469007379,
    6.979449267996));
#773 = CARTESIAN_POINT('',(-11.74277742804,109.31474715407,8.59202494656
    ));
#774 = CARTESIAN_POINT('',(-11.13089906388,109.99542004092,
    10.206060847711));
#775 = CARTESIAN_POINT('',(-10.51846713172,110.67670873435,
    11.821556971451));
#776 = CARTESIAN_POINT('',(-9.90548163158,111.35861323436,
    13.438513317779));
#777 = CARTESIAN_POINT('',(-9.291942563445,112.04113354094,
    15.056929886696));
#778 = CARTESIAN_POINT('',(-8.677849927321,112.72426965411,
    16.676806678201));
#779 = PCURVE('',#611,#780);
#780 = DEFINITIONAL_REPRESENTATION('',(#781),#785);
#781 = LINE('',#782,#783);
#782 = CARTESIAN_POINT('',(362.77299424188,0.));
#783 = VECTOR('',#784,1.);
#784 = DIRECTION('',(0.,1.));
#785 = ( GEOMETRIC_REPRESENTATION_CONTEXT(2) 
PARAMETRIC_REPRESENTATION_CONTEXT() REPRESENTATION_CONTEXT('2D SPACE',''
  ) );
#786 = ORIENTED_EDGE('',*,*,#787,.F.);
#787 = EDGE_CURVE('',#788,#741,#790,.T.);
#788 = VERTEX_POINT('',#789);
#789 = CARTESIAN_POINT('',(-11.6865338751,109.37744249152,0.));
#790 = SURFACE_CURVE('',#791,(#814),.PCURVE_S1.);
#791 = B_SPLINE_CURVE_WITH_KNOTS('',6,(#792,#793,#794,#795,#796,#797,
    #798,#799,#800,#801,#802,#803,#804,#805,#806,#807,#808,#809,#810,
    #811,#812,#813),.UNSPECIFIED.,.F.,.F.,(7,5,5,5,7),(0.,0.249996249286
    ,0.500000158506,0.750003950086,1.),.UNSPECIFIED.);
#792 = CARTESIAN_POINT('',(-11.6865338751,109.37744249152,0.));
#793 = CARTESIAN_POINT('',(-11.87923586692,109.3568530692,0.));
#794 = CARTESIAN_POINT('',(-12.07826627144,109.32159673452,0.));
#795 = CARTESIAN_POINT('',(-12.2821198145,109.27023700778,0.));
#796 = CARTESIAN_POINT('',(-12.48874457577,109.20159644852,0.));
#797 = CARTESIAN_POINT('',(-12.69551255155,109.11511100954,0.));
#798 = CARTESIAN_POINT('',(-13.10369764927,108.90693830458,0.));
#799 = CARTESIAN_POINT('',(-13.30511387214,108.78524942858,0.));
#800 = CARTESIAN_POINT('',(-13.50103347748,108.646201095,0.));
#801 = CARTESIAN_POINT('',(-13.68842123767,108.49082661764,0.));
#802 = CARTESIAN_POINT('',(-13.86448035214,108.32108579602,0.));
#803 = CARTESIAN_POINT('',(-14.18963120767,107.95781751086,0.));
#804 = CARTESIAN_POINT('',(-14.33872225008,107.76429094776,0.));
#805 = CARTESIAN_POINT('',(-14.47216873869,107.56134121485,0.));
#806 = CARTESIAN_POINT('',(-14.58842841572,107.35198077732,0.));
#807 = CARTESIAN_POINT('',(-14.6869012012,107.13929623478,0.));
#808 = CARTESIAN_POINT('',(-14.84852923067,106.71280982663,0.));
#809 = CARTESIAN_POINT('',(-14.91168623034,106.4990085522,0.));
#810 = CARTESIAN_POINT('',(-14.95731438414,106.28741301922,0.));
#811 = CARTESIAN_POINT('',(-14.98629199021,106.08048400492,0.));
#812 = CARTESIAN_POINT('',(-15.,105.88005672423,0.));
#813 = CARTESIAN_POINT('',(-15.,105.68741865998,0.));
#814 = PCURVE('',#611,#815);
#815 = DEFINITIONAL_REPRESENTATION('',(#816),#839);
#816 = B_SPLINE_CURVE_WITH_KNOTS('',6,(#817,#818,#819,#820,#821,#822,
    #823,#824,#825,#826,#827,#828,#829,#830,#831,#832,#833,#834,#835,
    #836,#837,#838),.UNSPECIFIED.,.F.,.F.,(7,5,5,5,7),(0.,0.249996249286
    ,0.500000158506,0.750003950086,1.),.UNSPECIFIED.);
#817 = CARTESIAN_POINT('',(0.,361.99985184443));
#818 = CARTESIAN_POINT('',(15.115833311286,361.95565840219));
#819 = CARTESIAN_POINT('',(30.231553676169,361.90673715329));
#820 = CARTESIAN_POINT('',(45.347152489167,361.85305309908));
#821 = CARTESIAN_POINT('',(60.462628450647,361.7947408751));
#822 = CARTESIAN_POINT('',(75.57798978127,361.7321935634));
#823 = CARTESIAN_POINT('',(105.80897228886,361.59987222459));
#824 = CARTESIAN_POINT('',(120.92459526049,361.5300979926));
#825 = CARTESIAN_POINT('',(136.04013141495,361.45733210831));
#826 = CARTESIAN_POINT('',(151.15560604529,361.38242563352));
#827 = CARTESIAN_POINT('',(166.2710518303,361.30640224591));
#828 = CARTESIAN_POINT('',(196.50193823699,361.15415944558));
#829 = CARTESIAN_POINT('',(211.6173800975,361.07794038333));
#830 = CARTESIAN_POINT('',(226.73285408193,361.00264263534));
#831 = CARTESIAN_POINT('',(241.84839234924,360.92929218727));
#832 = CARTESIAN_POINT('',(256.9640191174,360.8587463799));
#833 = CARTESIAN_POINT('',(287.19500608015,360.7245350751));
#834 = CARTESIAN_POINT('',(302.31036799589,360.66086937025));
#835 = CARTESIAN_POINT('',(317.42584472144,360.60127872603));
#836 = CARTESIAN_POINT('',(332.54144362298,360.54617654795));
#837 = CARTESIAN_POINT('',(347.65716297835,360.49572542055));
#838 = CARTESIAN_POINT('',(362.77299424188,360.44991964836));
#839 = ( GEOMETRIC_REPRESENTATION_CONTEXT(2) 
PARAMETRIC_REPRESENTATION_CONTEXT() REPRESENTATION_CONTEXT('2D SPACE',''
  ) );
#840 = ORIENTED_EDGE('',*,*,#841,.F.);
#841 = EDGE_CURVE('',#582,#788,#842,.T.);
#842 = SURFACE_CURVE('',#843,(#878),.PCURVE_S1.);
#843 = B_SPLINE_CURVE_WITH_KNOTS('',9,(#844,#845,#846,#847,#848,#849,
    #850,#851,#852,#853,#854,#855,#856,#857,#858,#859,#860,#861,#862,
    #863,#864,#865,#866,#867,#868,#869,#870,#871,#872,#873,#874,#875,
    #876,#877),.UNSPECIFIED.,.F.,.F.,(10,8,8,8,10),(-11.16033993943,
    -0.773142397452,180.61335472349,361.99985184443,372.38704938641),
  .UNSPECIFIED.);
#844 = CARTESIAN_POINT('',(-6.040386270165,-115.4992310999,
    14.474576062517));
#845 = CARTESIAN_POINT('',(-6.667736004048,-114.8190323656,
    12.866289833349));
#846 = CARTESIAN_POINT('',(-7.29508573793,-114.1388336314,11.25800360418
    ));
#847 = CARTESIAN_POINT('',(-7.922435471813,-113.4586348971,
    9.649717375012));
#848 = CARTESIAN_POINT('',(-8.549785205695,-112.7784361628,
    8.041431145843));
#849 = CARTESIAN_POINT('',(-9.177134939578,-112.0982374285,
    6.433144916674));
#850 = CARTESIAN_POINT('',(-9.80448467346,-111.4180386943,4.824858687506
    ));
#851 = CARTESIAN_POINT('',(-10.43183440734,-110.73783996,3.216572458337)
  );
#852 = CARTESIAN_POINT('',(-11.05918414122,-110.0576412257,
    1.608286229169));
#853 = CARTESIAN_POINT('',(-22.64163222948,-97.4994681624,-28.0847075737
    ));
#854 = CARTESIAN_POINT('',(-32.2963135586,-85.57889094857,
    -52.65906636396));
#855 = CARTESIAN_POINT('',(-40.64727265233,-73.60337601974,
    -73.72247038786));
#856 = CARTESIAN_POINT('',(-47.68618620983,-61.54660227494,
    -91.27652056173));
#857 = CARTESIAN_POINT('',(-53.3912105661,-49.40894261631,
    -105.3147412375));
#858 = CARTESIAN_POINT('',(-57.73536437663,-37.14209606589,
    -115.8489990961));
#859 = CARTESIAN_POINT('',(-60.64249551163,-24.78669266477,
    -122.8560088522));
#860 = CARTESIAN_POINT('',(-62.09685056882,-12.39355117557,
    -126.3607401211));
#861 = CARTESIAN_POINT('',(-62.09685056882,12.39355117557,
    -126.3607401211));
#862 = CARTESIAN_POINT('',(-60.64249551163,24.786692664774,
    -122.8560088522));
#863 = CARTESIAN_POINT('',(-57.73536437663,37.142096065886,
    -115.8489990961));
#864 = CARTESIAN_POINT('',(-53.3912105661,49.408942616317,
    -105.3147412375));
#865 = CARTESIAN_POINT('',(-47.68618620983,61.546602274935,
    -91.27652056173));
#866 = CARTESIAN_POINT('',(-40.64727265233,73.603376019748,
    -73.72247038786));
#867 = CARTESIAN_POINT('',(-32.2963135586,85.57889094857,-52.65906636396
    ));
#868 = CARTESIAN_POINT('',(-22.64163222948,97.499468162401,
    -28.0847075737));
#869 = CARTESIAN_POINT('',(-11.05918414122,110.05764122579,
    1.608286229169));
#870 = CARTESIAN_POINT('',(-10.43183440734,110.73783996005,
    3.216572458337));
#871 = CARTESIAN_POINT('',(-9.80448467346,111.41803869432,4.824858687506
    ));
#872 = CARTESIAN_POINT('',(-9.177134939578,112.09823742859,
    6.433144916674));
#873 = CARTESIAN_POINT('',(-8.549785205695,112.77843616286,
    8.041431145843));
#874 = CARTESIAN_POINT('',(-7.922435471813,113.45863489713,
    9.649717375012));
#875 = CARTESIAN_POINT('',(-7.29508573793,114.1388336314,11.25800360418)
  );
#876 = CARTESIAN_POINT('',(-6.667736004048,114.81903236567,
    12.866289833349));
#877 = CARTESIAN_POINT('',(-6.040386270165,115.49923109994,
    14.474576062517));
#878 = PCURVE('',#611,#879);
#879 = DEFINITIONAL_REPRESENTATION('',(#880),#884);
#880 = LINE('',#881,#882);
#881 = CARTESIAN_POINT('',(0.,0.));
#882 = VECTOR('',#883,1.);
#883 = DIRECTION('',(0.,1.));
#884 = ( GEOMETRIC_REPRESENTATION_CONTEXT(2) 
PARAMETRIC_REPRESENTATION_CONTEXT() REPRESENTATION_CONTEXT('2D SPACE',''
  ) );
#885 = ( GEOMETRIC_REPRESENTATION_CONTEXT(3) 
GLOBAL_UNCERTAINTY_ASSIGNED_CONTEXT((#889)) GLOBAL_UNIT_ASSIGNED_CONTEXT
((#886,#887,#888)) REPRESENTATION_CONTEXT('Context #1',
  '3D Context with UNIT and UNCERTAINTY') );
#886 = ( LENGTH_UNIT() NAMED_UNIT(*) SI_UNIT(.MILLI.,.METRE.) );
#887 = ( NAMED_UNIT(*) PLANE_ANGLE_UNIT() SI_UNIT($,.RADIAN.) );
#888 = ( NAMED_UNIT(*) SI_UNIT($,.STERADIAN.) SOLID_ANGLE_UNIT() );
#889 = UNCERTAINTY_MEASURE_WITH_UNIT(LENGTH_MEASURE(1.E-04),#886,
  'distance_accuracy_value','confusion accuracy');
#890 = CONTEXT_DEPENDENT_SHAPE_REPRESENTATION(#891,#893);
#891 = ( REPRESENTATION_RELATIONSHIP('','',#574,#10) 
REPRESENTATION_RELATIONSHIP_WITH_TRANSFORMATION(#892) 
SHAPE_REPRESENTATION_RELATIONSHIP() );
#892 = ITEM_DEFINED_TRANSFORMATION('','',#11,#23);
#893 = PRODUCT_DEFINITION_SHAPE('Placement','Placement of an item',#894
  );
#894 = NEXT_ASSEMBLY_USAGE_OCCURRENCE('3','','',#5,#569,$);
#895 = PRODUCT_RELATED_PRODUCT_CATEGORY('part',$,(#571));
#896 = SHAPE_DEFINITION_REPRESENTATION(#897,#903);
#897 = PRODUCT_DEFINITION_SHAPE('','',#898);
#898 = PRODUCT_DEFINITION('design','',#899,#902);
#899 = PRODUCT_DEFINITION_FORMATION('','',#900);
#900 = PRODUCT('Open CASCADE STEP translator 7.8 1.4',
  'Open CASCADE STEP translator 7.8 1.4','',(#901));
#901 = PRODUCT_CONTEXT('',#2,'mechanical');
#902 = PRODUCT_DEFINITION_CONTEXT('part definition',#2,'design');
#903 = MANIFOLD_SURFACE_SHAPE_REPRESENTATION('',(#11,#904),#931);
#904 = SHELL_BASED_SURFACE_MODEL('',(#905));
#905 = OPEN_SHELL('',(#906));
#906 = ADVANCED_FACE('',(#907),#920,.F.);
#907 = FACE_BOUND('',#908,.T.);
#908 = EDGE_LOOP('',(#909));
#909 = ORIENTED_EDGE('',*,*,#910,.F.);
#910 = EDGE_CURVE('',#911,#911,#913,.T.);
#911 = VERTEX_POINT('',#912);
#912 = CARTESIAN_POINT('',(17.5,-4.286122238378E-15,-244.));
#913 = SURFACE_CURVE('',#914,(#919),.PCURVE_S1.);
#914 = CIRCLE('',#915,17.5);
#915 = AXIS2_PLACEMENT_3D('',#916,#917,#918);
#916 = CARTESIAN_POINT('',(0.,0.,-244.));
#917 = DIRECTION('',(0.,0.,1.));
#918 = DIRECTION('',(1.,0.,-0.));
#919 = PCURVE('',#920,#925);
#920 = PLANE('',#921);
#921 = AXIS2_PLACEMENT_3D('',#922,#923,#924);
#922 = CARTESIAN_POINT('',(0.,0.,-244.));
#923 = DIRECTION('',(0.,0.,1.));
#924 = DIRECTION('',(1.,0.,-0.));
#925 = DEFINITIONAL_REPRESENTATION('',(#926),#930);
#926 = CIRCLE('',#927,17.5);
#927 = AXIS2_PLACEMENT_2D('',#928,#929);
#928 = CARTESIAN_POINT('',(0.,0.));
#929 = DIRECTION('',(1.,0.));
#930 = ( GEOMETRIC_REPRESENTATION_CONTEXT(2) 
PARAMETRIC_REPRESENTATION_CONTEXT() REPRESENTATION_CONTEXT('2D SPACE',''
  ) );
#931 = ( GEOMETRIC_REPRESENTATION_CONTEXT(3) 
GLOBAL_UNCERTAINTY_ASSIGNED_CONTEXT((#935)) GLOBAL_UNIT_ASSIGNED_CONTEXT
((#932,#933,#934)) REPRESENTATION_CONTEXT('Context #1',
  '3D Context with UNIT and UNCERTAINTY') );
#932 = ( LENGTH_UNIT() NAMED_UNIT(*) SI_UNIT(.MILLI.,.METRE.) );
#933 = ( NAMED_UNIT(*) PLANE_ANGLE_UNIT() SI_UNIT($,.RADIAN.) );
#934 = ( NAMED_UNIT(*) SI_UNIT($,.STERADIAN.) SOLID_ANGLE_UNIT() );
#935 = UNCERTAINTY_MEASURE_WITH_UNIT(LENGTH_MEASURE(1.E-07),#932,
  'distance_accuracy_value','confusion accuracy');
#936 = CONTEXT_DEPENDENT_SHAPE_REPRESENTATION(#937,#939);
#937 = ( REPRESENTATION_RELATIONSHIP('','',#903,#10) 
REPRESENTATION_RELATIONSHIP_WITH_TRANSFORMATION(#938) 
SHAPE_REPRESENTATION_RELATIONSHIP() );
#938 = ITEM_DEFINED_TRANSFORMATION('','',#11,#27);
#939 = PRODUCT_DEFINITION_SHAPE('Placement','Placement of an item',#940
  );
#940 = NEXT_ASSEMBLY_USAGE_OCCURRENCE('4','','',#5,#898,$);
#941 = PRODUCT_RELATED_PRODUCT_CATEGORY('part',$,(#900));
#942 = SHAPE_DEFINITION_REPRESENTATION(#943,#949);
#943 = PRODUCT_DEFINITION_SHAPE('','',#944);
#944 = PRODUCT_DEFINITION('design','',#945,#948);
#945 = PRODUCT_DEFINITION_FORMATION('','',#946);
#946 = PRODUCT('Open CASCADE STEP translator 7.8 1.5',
  'Open CASCADE STEP translator 7.8 1.5','',(#947));
#947 = PRODUCT_CONTEXT('',#2,'mechanical');
#948 = PRODUCT_DEFINITION_CONTEXT('part definition',#2,'design');
#949 = MANIFOLD_SURFACE_SHAPE_REPRESENTATION('',(#11,#950),#1141);
#950 = SHELL_BASED_SURFACE_MODEL('',(#951));
#951 = OPEN_SHELL('',(#952));
#952 = ADVANCED_FACE('',(#953),#967,.T.);
#953 = FACE_BOUND('',#954,.T.);
#954 = EDGE_LOOP('',(#955,#1027,#1058,#1112));
#955 = ORIENTED_EDGE('',*,*,#956,.T.);
#956 = EDGE_CURVE('',#957,#959,#961,.T.);
#957 = VERTEX_POINT('',#958);
#958 = CARTESIAN_POINT('',(62.096850568825,0.,-126.3607401211));
#959 = VERTEX_POINT('',#960);
#960 = CARTESIAN_POINT('',(62.096850568825,-2.84217094304E-14,
    -124.2338544734));
#961 = SURFACE_CURVE('',#962,(#966),.PCURVE_S1.);
#962 = ( BOUNDED_CURVE() B_SPLINE_CURVE(2,(#963,#964,#965),
.UNSPECIFIED.,.F.,.F.) B_SPLINE_CURVE_WITH_KNOTS((3,3),(0.,
181.58379159427),.PIECEWISE_BEZIER_KNOTS.) CURVE() 
GEOMETRIC_REPRESENTATION_ITEM() RATIONAL_B_SPLINE_CURVE((1.,
0.935063239715,1.)) REPRESENTATION_ITEM('') );
#963 = CARTESIAN_POINT('',(62.096850568825,0.,-126.3607401211));
#964 = CARTESIAN_POINT('',(62.5,6.394884621841E-14,-125.2972972972));
#965 = CARTESIAN_POINT('',(62.096850568825,-2.84217094304E-14,
    -124.2338544734));
#966 = PCURVE('',#967,#1022);
#967 = ( BOUNDED_SURFACE() B_SPLINE_SURFACE(2,9,(
    (#968,#969,#970,#971,#972,#973,#974,#975,#976,#977,#978,#979,#980
      ,#981,#982,#983,#984,#985)
    ,(#986,#987,#988,#989,#990,#991,#992,#993,#994,#995,#996,#997,#998
      ,#999,#1000,#1001,#1002,#1003)
    ,(#1004,#1005,#1006,#1007,#1008,#1009,#1010,#1011,#1012,#1013,#1014
      ,#1015,#1016,#1017,#1018,#1019,#1020,#1021
)),.UNSPECIFIED.,.F.,.F.,.F.) B_SPLINE_SURFACE_WITH_KNOTS((3,3),(10,8,10
    ),(0.,181.58379159427),(180.80980824821,362.39359984249,
372.80663884545),.UNSPECIFIED.) GEOMETRIC_REPRESENTATION_ITEM() 
RATIONAL_B_SPLINE_SURFACE((
    (1.,1.,1.,1.,1.,1.,1.,1.,1.,1.,1.,1.,1.,1.,1.,1.,1.,1.)
    ,(0.935063239715,0.935063239715,0.924588563947,0.903676305409
      ,0.873909433655,0.839401147106,0.802824185861,0.765971148593
      ,0.729962636222,0.69344492984,0.69195951352,0.690969235973
      ,0.690474097199,0.690474097199,0.690969235973,0.69195951352
      ,0.69344492984,0.695425484934)
    ,(1.,1.,1.,1.,1.,1.,1.,1.,1.,1.,1.,1.,1.,1.,1.,1.,1.,1.
))) REPRESENTATION_ITEM('') SURFACE() );
#968 = CARTESIAN_POINT('',(62.096850568825,-1.520883955179E-14,
    -126.3607401211));
#969 = CARTESIAN_POINT('',(62.096850568825,-12.39355117557,
    -126.3607401211));
#970 = CARTESIAN_POINT('',(60.642495511647,-24.78669266475,
    -122.8560088522));
#971 = CARTESIAN_POINT('',(57.735364376561,-37.14209606596,
    -115.848999096));
#972 = CARTESIAN_POINT('',(53.391210566263,-49.40894261614,
    -105.3147412379));
#973 = CARTESIAN_POINT('',(47.686186209622,-61.54660227516,
    -91.27652056119));
#974 = CARTESIAN_POINT('',(40.64727265251,-73.60337601955,
    -73.72247038832));
#975 = CARTESIAN_POINT('',(32.296313558513,-85.57889094867,
    -52.65906636372));
#976 = CARTESIAN_POINT('',(22.64163222951,-97.49946816237,
    -28.08470757376));
#977 = CARTESIAN_POINT('',(11.058306733004,-110.0585925483,
    1.610535570299));
#978 = CARTESIAN_POINT('',(10.430079590901,-110.7397426052,
    3.221071140598));
#979 = CARTESIAN_POINT('',(9.801852448797,-111.420892662,4.831606710898)
  );
#980 = CARTESIAN_POINT('',(9.173625306693,-112.1020427188,6.442142281197
    ));
#981 = CARTESIAN_POINT('',(8.545398164589,-112.7831927757,8.052677851496
    ));
#982 = CARTESIAN_POINT('',(7.917171022485,-113.4643428325,9.663213421795
    ));
#983 = CARTESIAN_POINT('',(7.288943880381,-114.1454928893,
    11.273748992094));
#984 = CARTESIAN_POINT('',(6.660716738277,-114.8266429462,
    12.884284562393));
#985 = CARTESIAN_POINT('',(6.032489596174,-115.507793003,14.494820132693
    ));
#986 = CARTESIAN_POINT('',(62.5,2.13162820728E-14,-125.2972972972));
#987 = CARTESIAN_POINT('',(62.5,-12.1598829457,-125.2972972972));
#988 = CARTESIAN_POINT('',(61.15481362443,-24.59478258905,
    -121.7489137768));
#989 = CARTESIAN_POINT('',(58.373376260617,-37.20847124332,
    -114.411933055));
#990 = CARTESIAN_POINT('',(54.119015354858,-49.80176202509,
    -103.189618882));
#991 = CARTESIAN_POINT('',(48.545236289353,-62.12054649032,
    -88.48689356327));
#992 = CARTESIAN_POINT('',(41.750639956464,-74.2438952285,
    -70.56385026353));
#993 = CARTESIAN_POINT('',(33.799762420143,-86.14855329647,
    -49.59072465421));
#994 = CARTESIAN_POINT('',(24.739423054639,-97.88258832033,
    -25.69101865223));
#995 = CARTESIAN_POINT('',(13.984910087926,-110.1711704866,
    2.677642578877));
#996 = CARTESIAN_POINT('',(13.370043770883,-110.8737439348,
    4.299560215185));
#997 = CARTESIAN_POINT('',(12.753859575992,-111.5778232484,
    5.924954199546));
#998 = CARTESIAN_POINT('',(12.137677429472,-112.2819002215,
    7.550342780636));
#999 = CARTESIAN_POINT('',(11.522822927842,-112.9844601689,9.1722292498)
  );
#1000 = CARTESIAN_POINT('',(10.910617859199,-113.6839927569,
    10.787126944383));
#1001 = CARTESIAN_POINT('',(10.302370745027,-114.3790028111,
    12.391584196901));
#1002 = CARTESIAN_POINT('',(9.699367544357,-115.0680209378,
    13.982208855967));
#1003 = CARTESIAN_POINT('',(9.102862658458,-115.7496138027,
    15.555692014447));
#1004 = CARTESIAN_POINT('',(62.096850568825,-1.491468417191E-14,
    -124.2338544734));
#1005 = CARTESIAN_POINT('',(62.096850568825,-11.84777871756,
    -124.2338544734));
#1006 = CARTESIAN_POINT('',(60.765231256947,-23.69567318412,
    -120.7212586669));
#1007 = CARTESIAN_POINT('',(58.101690218027,-35.54014141552,
    -113.6952693318));
#1008 = CARTESIAN_POINT('',(54.109396248483,-47.38141162995,
    -103.1642452392));
#1009 = CARTESIAN_POINT('',(48.785439836505,-59.22638070243,
    -89.12051156872));
#1010 = CARTESIAN_POINT('',(42.131441238186,-71.06832709668,
    -71.56834229315));
#1011 = CARTESIAN_POINT('',(34.146553153031,-82.91186026096,
    -50.50550237123));
#1012 = CARTESIAN_POINT('',(24.831017939072,-94.75497355495,
    -25.93263110414));
#1013 = CARTESIAN_POINT('',(13.574238439449,-107.2773718736,
    3.760927792155));
#1014 = CARTESIAN_POINT('',(12.963167331871,-107.9571467426,
    5.372834281335));
#1015 = CARTESIAN_POINT('',(12.351541882083,-108.6375382795,
    6.98620303537));
#1016 = CARTESIAN_POINT('',(11.739362090086,-109.3185464842,
    8.601034054259));
#1017 = CARTESIAN_POINT('',(11.12662795588,-110.0001713568,
    10.217327338004));
#1018 = CARTESIAN_POINT('',(10.513339479464,-110.6824128972,
    11.835082886604));
#1019 = CARTESIAN_POINT('',(9.899496660838,-111.3652711055,
    13.454300700059));
#1020 = CARTESIAN_POINT('',(9.285099500003,-112.0487459816,
    15.07498077837));
#1021 = CARTESIAN_POINT('',(8.670147996959,-112.7328375255,
    16.697123121535));
#1022 = DEFINITIONAL_REPRESENTATION('',(#1023),#1026);
#1023 = B_SPLINE_CURVE_WITH_KNOTS('',1,(#1024,#1025),.UNSPECIFIED.,.F.,
  .F.,(2,2),(0.,181.58379159427),.PIECEWISE_BEZIER_KNOTS.);
#1024 = CARTESIAN_POINT('',(0.,180.80980824821));
#1025 = CARTESIAN_POINT('',(181.58379159427,180.80980824821));
#1026 = ( GEOMETRIC_REPRESENTATION_CONTEXT(2) 
PARAMETRIC_REPRESENTATION_CONTEXT() REPRESENTATION_CONTEXT('2D SPACE',''
  ) );
#1027 = ORIENTED_EDGE('',*,*,#1028,.T.);
#1028 = EDGE_CURVE('',#959,#1029,#1031,.T.);
#1029 = VERTEX_POINT('',#1030);
#1030 = CARTESIAN_POINT('',(15.,-105.6874185199,0.));
#1031 = SURFACE_CURVE('',#1032,(#1051),.PCURVE_S1.);
#1032 = B_SPLINE_CURVE_WITH_KNOTS('',9,(#1033,#1034,#1035,#1036,#1037,
    #1038,#1039,#1040,#1041,#1042,#1043,#1044,#1045,#1046,#1047,#1048,
    #1049,#1050),.UNSPECIFIED.,.F.,.F.,(10,8,10),(180.80980824821,
    362.39359984249,372.80663884545),.UNSPECIFIED.);
#1033 = CARTESIAN_POINT('',(62.096850568825,-1.491468417191E-14,
    -124.2338544734));
#1034 = CARTESIAN_POINT('',(62.096850568825,-11.84777871756,
    -124.2338544734));
#1035 = CARTESIAN_POINT('',(60.765231256947,-23.69567318412,
    -120.7212586669));
#1036 = CARTESIAN_POINT('',(58.101690218027,-35.54014141552,
    -113.6952693318));
#1037 = CARTESIAN_POINT('',(54.109396248483,-47.38141162995,
    -103.1642452392));
#1038 = CARTESIAN_POINT('',(48.785439836505,-59.22638070243,
    -89.12051156872));
#1039 = CARTESIAN_POINT('',(42.131441238186,-71.06832709668,
    -71.56834229315));
#1040 = CARTESIAN_POINT('',(34.146553153031,-82.91186026096,
    -50.50550237123));
#1041 = CARTESIAN_POINT('',(24.831017939072,-94.75497355495,
    -25.93263110414));
#1042 = CARTESIAN_POINT('',(13.574238439449,-107.2773718736,
    3.760927792155));
#1043 = CARTESIAN_POINT('',(12.963167331871,-107.9571467426,
    5.372834281335));
#1044 = CARTESIAN_POINT('',(12.351541882083,-108.6375382795,
    6.98620303537));
#1045 = CARTESIAN_POINT('',(11.739362090086,-109.3185464842,
    8.601034054259));
#1046 = CARTESIAN_POINT('',(11.12662795588,-110.0001713568,
    10.217327338004));
#1047 = CARTESIAN_POINT('',(10.513339479464,-110.6824128972,
    11.835082886604));
#1048 = CARTESIAN_POINT('',(9.899496660838,-111.3652711055,
    13.454300700059));
#1049 = CARTESIAN_POINT('',(9.285099500003,-112.0487459816,
    15.07498077837));
#1050 = CARTESIAN_POINT('',(8.670147996959,-112.7328375255,
    16.697123121535));
#1051 = PCURVE('',#967,#1052);
#1052 = DEFINITIONAL_REPRESENTATION('',(#1053),#1057);
#1053 = LINE('',#1054,#1055);
#1054 = CARTESIAN_POINT('',(181.58379159427,0.));
#1055 = VECTOR('',#1056,1.);
#1056 = DIRECTION('',(0.,1.));
#1057 = ( GEOMETRIC_REPRESENTATION_CONTEXT(2) 
PARAMETRIC_REPRESENTATION_CONTEXT() REPRESENTATION_CONTEXT('2D SPACE',''
  ) );
#1058 = ORIENTED_EDGE('',*,*,#1059,.F.);
#1059 = EDGE_CURVE('',#1060,#1029,#1062,.T.);
#1060 = VERTEX_POINT('',#1061);
#1061 = CARTESIAN_POINT('',(11.686533875108,-109.3774424915,0.));
#1062 = SURFACE_CURVE('',#1063,(#1086),.PCURVE_S1.);
#1063 = B_SPLINE_CURVE_WITH_KNOTS('',6,(#1064,#1065,#1066,#1067,#1068,
    #1069,#1070,#1071,#1072,#1073,#1074,#1075,#1076,#1077,#1078,#1079,
    #1080,#1081,#1082,#1083,#1084,#1085),.UNSPECIFIED.,.F.,.F.,(7,5,5,5,
    7),(0.,0.249985035126,0.500000631737,0.750015759454,1.),
  .UNSPECIFIED.);
#1064 = CARTESIAN_POINT('',(11.686533875108,-109.3774424915,0.));
#1065 = CARTESIAN_POINT('',(11.87924699387,-109.3568518803,0.));
#1066 = CARTESIAN_POINT('',(12.078284948411,-109.321593125,0.));
#1067 = CARTESIAN_POINT('',(12.282141356677,-109.2702307478,0.));
#1068 = CARTESIAN_POINT('',(12.488763556797,-109.201588886,0.));
#1069 = CARTESIAN_POINT('',(12.695523962093,-109.115105193,0.));
#1070 = CARTESIAN_POINT('',(13.103705008105,-108.9069345487,0.));
#1071 = CARTESIAN_POINT('',(13.305124332767,-108.7852427296,0.));
#1072 = CARTESIAN_POINT('',(13.501043218123,-108.6461932998,0.));
#1073 = CARTESIAN_POINT('',(13.688427911558,-108.4908201795,0.));
#1074 = CARTESIAN_POINT('',(13.864483446735,-108.3210823452,0.));
#1075 = CARTESIAN_POINT('',(14.189627979484,-107.9578211109,0.));
#1076 = CARTESIAN_POINT('',(14.338716358678,-107.7642985972,0.));
#1077 = CARTESIAN_POINT('',(14.472161873074,-107.5613520912,0.));
#1078 = CARTESIAN_POINT('',(14.588422800277,-107.3519921465,0.));
#1079 = CARTESIAN_POINT('',(14.686898244871,-107.139304043,0.));
#1080 = CARTESIAN_POINT('',(14.848524735818,-106.7128216797,0.));
#1081 = CARTESIAN_POINT('',(14.9116808308,-106.4990280416,0.));
#1082 = CARTESIAN_POINT('',(14.957310532064,-106.2874348521,0.));
#1083 = CARTESIAN_POINT('',(14.986290419749,-106.0805027217,0.));
#1084 = CARTESIAN_POINT('',(15.,-105.8800677694,0.));
#1085 = CARTESIAN_POINT('',(15.,-105.6874186599,0.));
#1086 = PCURVE('',#967,#1087);
#1087 = DEFINITIONAL_REPRESENTATION('',(#1088),#1111);
#1088 = B_SPLINE_CURVE_WITH_KNOTS('',6,(#1089,#1090,#1091,#1092,#1093,
    #1094,#1095,#1096,#1097,#1098,#1099,#1100,#1101,#1102,#1103,#1104,
    #1105,#1106,#1107,#1108,#1109,#1110),.UNSPECIFIED.,.F.,.F.,(7,5,5,5,
    7),(0.,0.249985035126,0.500000631737,0.750015759454,1.),
  .UNSPECIFIED.);
#1089 = CARTESIAN_POINT('',(0.,362.39359984249));
#1090 = CARTESIAN_POINT('',(7.566574299175,362.34935577637));
#1091 = CARTESIAN_POINT('',(15.132922979693,362.30037920396));
#1092 = CARTESIAN_POINT('',(22.699028873021,362.24663554905));
#1093 = CARTESIAN_POINT('',(30.264889416096,362.18826011463));
#1094 = CARTESIAN_POINT('',(37.830521047854,362.12564672667));
#1095 = CARTESIAN_POINT('',(52.962303280744,361.9931827752));
#1096 = CARTESIAN_POINT('',(60.528457425202,361.9233313211));
#1097 = CARTESIAN_POINT('',(68.094438203931,361.85048617557));
#1098 = CARTESIAN_POINT('',(75.660296136339,361.77549916992));
#1099 = CARTESIAN_POINT('',(83.226096464723,361.69939452841));
#1100 = CARTESIAN_POINT('',(98.357686822409,361.54698909384));
#1101 = CARTESIAN_POINT('',(105.92347932077,361.47068863199));
#1102 = CARTESIAN_POINT('',(113.48933596326,361.39530994864));
#1103 = CARTESIAN_POINT('',(121.05532095463,361.32187958172));
#1104 = CARTESIAN_POINT('',(128.62148267133,361.25125565444));
#1105 = CARTESIAN_POINT('',(143.75327378885,361.11689964311));
#1106 = CARTESIAN_POINT('',(151.31890658556,361.05316669169));
#1107 = CARTESIAN_POINT('',(158.88476865091,360.99351147495));
#1108 = CARTESIAN_POINT('',(166.45087471896,360.93834815603));
#1109 = CARTESIAN_POINT('',(174.01722138316,360.88784000635));
#1110 = CARTESIAN_POINT('',(181.58379159427,360.8419817819));
#1111 = ( GEOMETRIC_REPRESENTATION_CONTEXT(2) 
PARAMETRIC_REPRESENTATION_CONTEXT() REPRESENTATION_CONTEXT('2D SPACE',''
  ) );
#1112 = ORIENTED_EDGE('',*,*,#1113,.F.);
#1113 = EDGE_CURVE('',#957,#1060,#1114,.T.);
#1114 = SURFACE_CURVE('',#1115,(#1134),.PCURVE_S1.);
#1115 = B_SPLINE_CURVE_WITH_KNOTS('',9,(#1116,#1117,#1118,#1119,#1120,
    #1121,#1122,#1123,#1124,#1125,#1126,#1127,#1128,#1129,#1130,#1131,
    #1132,#1133),.UNSPECIFIED.,.F.,.F.,(10,8,10),(180.80980824821,
    362.39359984249,372.80663884545),.UNSPECIFIED.);
#1116 = CARTESIAN_POINT('',(62.096850568825,-1.520883955179E-14,
    -126.3607401211));
#1117 = CARTESIAN_POINT('',(62.096850568825,-12.39355117557,
    -126.3607401211));
#1118 = CARTESIAN_POINT('',(60.642495511647,-24.78669266475,
    -122.8560088522));
#1119 = CARTESIAN_POINT('',(57.735364376561,-37.14209606596,
    -115.848999096));
#1120 = CARTESIAN_POINT('',(53.391210566263,-49.40894261614,
    -105.3147412379));
#1121 = CARTESIAN_POINT('',(47.686186209622,-61.54660227516,
    -91.27652056119));
#1122 = CARTESIAN_POINT('',(40.64727265251,-73.60337601955,
    -73.72247038832));
#1123 = CARTESIAN_POINT('',(32.296313558513,-85.57889094867,
    -52.65906636372));
#1124 = CARTESIAN_POINT('',(22.64163222951,-97.49946816237,
    -28.08470757376));
#1125 = CARTESIAN_POINT('',(11.058306733004,-110.0585925483,
    1.610535570299));
#1126 = CARTESIAN_POINT('',(10.430079590901,-110.7397426052,
    3.221071140598));
#1127 = CARTESIAN_POINT('',(9.801852448797,-111.420892662,4.831606710898
    ));
#1128 = CARTESIAN_POINT('',(9.173625306693,-112.1020427188,
    6.442142281197));
#1129 = CARTESIAN_POINT('',(8.545398164589,-112.7831927757,
    8.052677851496));
#1130 = CARTESIAN_POINT('',(7.917171022485,-113.4643428325,
    9.663213421795));
#1131 = CARTESIAN_POINT('',(7.288943880381,-114.1454928893,
    11.273748992094));
#1132 = CARTESIAN_POINT('',(6.660716738277,-114.8266429462,
    12.884284562393));
#1133 = CARTESIAN_POINT('',(6.032489596174,-115.507793003,
    14.494820132693));
#1134 = PCURVE('',#967,#1135);
#1135 = DEFINITIONAL_REPRESENTATION('',(#1136),#1140);
#1136 = LINE('',#1137,#1138);
#1137 = CARTESIAN_POINT('',(0.,0.));
#1138 = VECTOR('',#1139,1.);
#1139 = DIRECTION('',(0.,1.));
#1140 = ( GEOMETRIC_REPRESENTATION_CONTEXT(2) 
PARAMETRIC_REPRESENTATION_CONTEXT() REPRESENTATION_CONTEXT('2D SPACE',''
  ) );
#1141 = ( GEOMETRIC_REPRESENTATION_CONTEXT(3) 
GLOBAL_UNCERTAINTY_ASSIGNED_CONTEXT((#1145)) 
GLOBAL_UNIT_ASSIGNED_CONTEXT((#1142,#1143,#1144)) REPRESENTATION_CONTEXT
('Context #1','3D Context with UNIT and UNCERTAINTY') );
#1142 = ( LENGTH_UNIT() NAMED_UNIT(*) SI_UNIT(.MILLI.,.METRE.) );
#1143 = ( NAMED_UNIT(*) PLANE_ANGLE_UNIT() SI_UNIT($,.RADIAN.) );
#1144 = ( NAMED_UNIT(*) SI_UNIT($,.STERADIAN.) SOLID_ANGLE_UNIT() );
#1145 = UNCERTAINTY_MEASURE_WITH_UNIT(LENGTH_MEASURE(1.E-04),#1142,
  'distance_accuracy_value','confusion accuracy');
#1146 = CONTEXT_DEPENDENT_SHAPE_REPRESENTATION(#1147,#1149);
#1147 = ( REPRESENTATION_RELATIONSHIP('','',#949,#10) 
REPRESENTATION_RELATIONSHIP_WITH_TRANSFORMATION(#1148) 
SHAPE_REPRESENTATION_RELATIONSHIP() );
#1148 = ITEM_DEFINED_TRANSFORMATION('','',#11,#31);
#1149 = PRODUCT_DEFINITION_SHAPE('Placement','Placement of an item',
  #1150);
#1150 = NEXT_ASSEMBLY_USAGE_OCCURRENCE('5','','',#5,#944,$);
#1151 = PRODUCT_RELATED_PRODUCT_CATEGORY('part',$,(#946));
#1152 = SHAPE_DEFINITION_REPRESENTATION(#1153,#1159);
#1153 = PRODUCT_DEFINITION_SHAPE('','',#1154);
#1154 = PRODUCT_DEFINITION('design','',#1155,#1158);
#1155 = PRODUCT_DEFINITION_FORMATION('','',#1156);
#1156 = PRODUCT('Open CASCADE STEP translator 7.8 1.6',
  'Open CASCADE STEP translator 7.8 1.6','',(#1157));
#1157 = PRODUCT_CONTEXT('',#2,'mechanical');
#1158 = PRODUCT_DEFINITION_CONTEXT('part definition',#2,'design');
#1159 = MANIFOLD_SURFACE_SHAPE_REPRESENTATION('',(#11,#1160),#1262);
#1160 = SHELL_BASED_SURFACE_MODEL('',(#1161));
#1161 = OPEN_SHELL('',(#1162));
#1162 = ADVANCED_FACE('',(#1163),#1177,.T.);
#1163 = FACE_BOUND('',#1164,.T.);
#1164 = EDGE_LOOP('',(#1165,#1188,#1226));
#1165 = ORIENTED_EDGE('',*,*,#1166,.F.);
#1166 = EDGE_CURVE('',#1167,#1169,#1171,.T.);
#1167 = VERTEX_POINT('',#1168);
#1168 = CARTESIAN_POINT('',(15.,-105.6874185199,0.));
#1169 = VERTEX_POINT('',#1170);
#1170 = CARTESIAN_POINT('',(15.,105.68741851997,0.));
#1171 = SURFACE_CURVE('',#1172,(#1176),.PCURVE_S1.);
#1172 = LINE('',#1173,#1174);
#1173 = CARTESIAN_POINT('',(15.,-244.,0.));
#1174 = VECTOR('',#1175,1.);
#1175 = DIRECTION('',(0.,1.,0.));
#1176 = PCURVE('',#1177,#1182);
#1177 = PLANE('',#1178);
#1178 = AXIS2_PLACEMENT_3D('',#1179,#1180,#1181);
#1179 = CARTESIAN_POINT('',(107.5,-244.,-244.));
#1180 = DIRECTION('',(0.935063239715,-0.,0.354480941285));
#1181 = DIRECTION('',(-0.354480941285,0.,0.935063239715));
#1182 = DEFINITIONAL_REPRESENTATION('',(#1183),#1187);
#1183 = LINE('',#1184,#1185);
#1184 = CARTESIAN_POINT('',(260.94491755924,0.));
#1185 = VECTOR('',#1186,1.);
#1186 = DIRECTION('',(0.,-1.));
#1187 = ( GEOMETRIC_REPRESENTATION_CONTEXT(2) 
PARAMETRIC_REPRESENTATION_CONTEXT() REPRESENTATION_CONTEXT('2D SPACE',''
  ) );
#1188 = ORIENTED_EDGE('',*,*,#1189,.F.);
#1189 = EDGE_CURVE('',#1190,#1167,#1192,.T.);
#1190 = VERTEX_POINT('',#1191);
#1191 = CARTESIAN_POINT('',(62.096850568825,-2.84217094304E-14,
    -124.2338544734));
#1192 = SURFACE_CURVE('',#1193,(#1212),.PCURVE_S1.);
#1193 = B_SPLINE_CURVE_WITH_KNOTS('',9,(#1194,#1195,#1196,#1197,#1198,
    #1199,#1200,#1201,#1202,#1203,#1204,#1205,#1206,#1207,#1208,#1209,
    #1210,#1211),.UNSPECIFIED.,.F.,.F.,(10,8,10),(180.80980824821,
    362.39359984249,372.80663884545),.UNSPECIFIED.);
#1194 = CARTESIAN_POINT('',(62.096850568825,-1.491468417191E-14,
    -124.2338544734));
#1195 = CARTESIAN_POINT('',(62.096850568825,-11.84777871756,
    -124.2338544734));
#1196 = CARTESIAN_POINT('',(60.765231256947,-23.69567318412,
    -120.7212586669));
#1197 = CARTESIAN_POINT('',(58.101690218027,-35.54014141552,
    -113.6952693318));
#1198 = CARTESIAN_POINT('',(54.109396248483,-47.38141162995,
    -103.1642452392));
#1199 = CARTESIAN_POINT('',(48.785439836505,-59.22638070243,
    -89.12051156872));
#1200 = CARTESIAN_POINT('',(42.131441238186,-71.06832709668,
    -71.56834229315));
#1201 = CARTESIAN_POINT('',(34.146553153031,-82.91186026096,
    -50.50550237123));
#1202 = CARTESIAN_POINT('',(24.831017939072,-94.75497355495,
    -25.93263110414));
#1203 = CARTESIAN_POINT('',(13.574238439449,-107.2773718736,
    3.760927792155));
#1204 = CARTESIAN_POINT('',(12.963167331871,-107.9571467426,
    5.372834281335));
#1205 = CARTESIAN_POINT('',(12.351541882083,-108.6375382795,
    6.98620303537));
#1206 = CARTESIAN_POINT('',(11.739362090086,-109.3185464842,
    8.601034054259));
#1207 = CARTESIAN_POINT('',(11.12662795588,-110.0001713568,
    10.217327338004));
#1208 = CARTESIAN_POINT('',(10.513339479464,-110.6824128972,
    11.835082886604));
#1209 = CARTESIAN_POINT('',(9.899496660838,-111.3652711055,
    13.454300700059));
#1210 = CARTESIAN_POINT('',(9.285099500003,-112.0487459816,
    15.07498077837));
#1211 = CARTESIAN_POINT('',(8.670147996959,-112.7328375255,
    16.697123121535));
#1212 = PCURVE('',#1177,#1213);
#1213 = DEFINITIONAL_REPRESENTATION('',(#1214),#1225);
#1214 = B_SPLINE_CURVE_WITH_KNOTS('',9,(#1215,#1216,#1217,#1218,#1219,
    #1220,#1221,#1222,#1223,#1224),.UNSPECIFIED.,.F.,.F.,(10,10),(
    180.80980824821,362.39359984249),.PIECEWISE_BEZIER_KNOTS.);
#1215 = CARTESIAN_POINT('',(128.08347119186,-244.));
#1216 = CARTESIAN_POINT('',(128.08347119186,-232.1522212824));
#1217 = CARTESIAN_POINT('',(131.84000407358,-220.3043268158));
#1218 = CARTESIAN_POINT('',(139.35392295807,-208.4598585844));
#1219 = CARTESIAN_POINT('',(150.61628858788,-196.61858837));
#1220 = CARTESIAN_POINT('',(165.63530877177,-184.7736192975));
#1221 = CARTESIAN_POINT('',(184.40641272506,-172.9316729033));
#1222 = CARTESIAN_POINT('',(206.93199070452,-161.088139739));
#1223 = CARTESIAN_POINT('',(233.21135901184,-149.245026445));
#1224 = CARTESIAN_POINT('',(263.2447444335,-137.4017863275));
#1225 = ( GEOMETRIC_REPRESENTATION_CONTEXT(2) 
PARAMETRIC_REPRESENTATION_CONTEXT() REPRESENTATION_CONTEXT('2D SPACE',''
  ) );
#1226 = ORIENTED_EDGE('',*,*,#1227,.F.);
#1227 = EDGE_CURVE('',#1169,#1190,#1228,.T.);
#1228 = SURFACE_CURVE('',#1229,(#1248),.PCURVE_S1.);
#1229 = B_SPLINE_CURVE_WITH_KNOTS('',9,(#1230,#1231,#1232,#1233,#1234,
    #1235,#1236,#1237,#1238,#1239,#1240,#1241,#1242,#1243,#1244,#1245,
    #1246,#1247),.UNSPECIFIED.,.F.,.F.,(10,8,10),(-11.18702234902,
    -0.773983346059,180.80980824821),.UNSPECIFIED.);
#1230 = CARTESIAN_POINT('',(8.670147996959,112.73283752557,
    16.697123121535));
#1231 = CARTESIAN_POINT('',(9.285099500003,112.04874598162,
    15.07498077837));
#1232 = CARTESIAN_POINT('',(9.899496660838,111.36527110551,
    13.454300700059));
#1233 = CARTESIAN_POINT('',(10.513339479464,110.68241289725,
    11.835082886604));
#1234 = CARTESIAN_POINT('',(11.12662795588,110.00017135684,
    10.217327338004));
#1235 = CARTESIAN_POINT('',(11.739362090086,109.31854648427,
    8.601034054259));
#1236 = CARTESIAN_POINT('',(12.351541882083,108.63753827954,
    6.98620303537));
#1237 = CARTESIAN_POINT('',(12.963167331871,107.95714674266,
    5.372834281335));
#1238 = CARTESIAN_POINT('',(13.574238439449,107.27737187362,
    3.760927792155));
#1239 = CARTESIAN_POINT('',(24.831017939071,94.75497355495,
    -25.93263110414));
#1240 = CARTESIAN_POINT('',(34.146553153037,82.911860260977,
    -50.50550237124));
#1241 = CARTESIAN_POINT('',(42.131441238173,71.068327096666,
    -71.56834229313));
#1242 = CARTESIAN_POINT('',(48.785439836522,59.226380702456,
    -89.12051156875));
#1243 = CARTESIAN_POINT('',(54.109396248466,47.381411629933,
    -103.1642452392));
#1244 = CARTESIAN_POINT('',(58.101690218038,35.540141415539,
    -113.6952693318));
#1245 = CARTESIAN_POINT('',(60.765231256942,23.695673184117,
    -120.7212586669));
#1246 = CARTESIAN_POINT('',(62.096850568826,11.847778717567,
    -124.2338544734));
#1247 = CARTESIAN_POINT('',(62.096850568825,-2.84217094304E-14,
    -124.2338544734));
#1248 = PCURVE('',#1177,#1249);
#1249 = DEFINITIONAL_REPRESENTATION('',(#1250),#1261);
#1250 = B_SPLINE_CURVE_WITH_KNOTS('',9,(#1251,#1252,#1253,#1254,#1255,
    #1256,#1257,#1258,#1259,#1260),.UNSPECIFIED.,.F.,.F.,(10,10),(
    -0.773983346059,180.80980824821),.PIECEWISE_BEZIER_KNOTS.);
#1251 = CARTESIAN_POINT('',(263.2447444335,-350.5982136724));
#1252 = CARTESIAN_POINT('',(233.21135901183,-338.7549735549));
#1253 = CARTESIAN_POINT('',(206.93199070455,-326.911860261));
#1254 = CARTESIAN_POINT('',(184.40641272501,-315.0683270965));
#1255 = CARTESIAN_POINT('',(165.63530877185,-303.2263807025));
#1256 = CARTESIAN_POINT('',(150.61628858781,-291.3814116298));
#1257 = CARTESIAN_POINT('',(139.35392295811,-279.5401414156));
#1258 = CARTESIAN_POINT('',(131.84000407356,-267.695673184));
#1259 = CARTESIAN_POINT('',(128.08347119187,-255.8477787175));
#1260 = CARTESIAN_POINT('',(128.08347119186,-244.));
#1261 = ( GEOMETRIC_REPRESENTATION_CONTEXT(2) 
PARAMETRIC_REPRESENTATION_CONTEXT() REPRESENTATION_CONTEXT('2D SPACE',''
  ) );
#1262 = ( GEOMETRIC_REPRESENTATION_CONTEXT(3) 
GLOBAL_UNCERTAINTY_ASSIGNED_CONTEXT((#1266)) 
GLOBAL_UNIT_ASSIGNED_CONTEXT((#1263,#1264,#1265)) REPRESENTATION_CONTEXT
('Context #1','3D Context with UNIT and UNCERTAINTY') );
#1263 = ( LENGTH_UNIT() NAMED_UNIT(*) SI_UNIT(.MILLI.,.METRE.) );
#1264 = ( NAMED_UNIT(*) PLANE_ANGLE_UNIT() SI_UNIT($,.RADIAN.) );
#1265 = ( NAMED_UNIT(*) SI_UNIT($,.STERADIAN.) SOLID_ANGLE_UNIT() );
#1266 = UNCERTAINTY_MEASURE_WITH_UNIT(LENGTH_MEASURE(5.E-05),#1263,
  'distance_accuracy_value','confusion accuracy');
#1267 = CONTEXT_DEPENDENT_SHAPE_REPRESENTATION(#1268,#1270);
#1268 = ( REPRESENTATION_RELATIONSHIP('','',#1159,#10) 
REPRESENTATION_RELATIONSHIP_WITH_TRANSFORMATION(#1269) 
SHAPE_REPRESENTATION_RELATIONSHIP() );
#1269 = ITEM_DEFINED_TRANSFORMATION('','',#11,#35);
#1270 = PRODUCT_DEFINITION_SHAPE('Placement','Placement of an item',
  #1271);
#1271 = NEXT_ASSEMBLY_USAGE_OCCURRENCE('6','','',#5,#1154,$);
#1272 = PRODUCT_RELATED_PRODUCT_CATEGORY('part',$,(#1156));
#1273 = SHAPE_DEFINITION_REPRESENTATION(#1274,#1280);
#1274 = PRODUCT_DEFINITION_SHAPE('','',#1275);
#1275 = PRODUCT_DEFINITION('design','',#1276,#1279);
#1276 = PRODUCT_DEFINITION_FORMATION('','',#1277);
#1277 = PRODUCT('Open CASCADE STEP translator 7.8 1.7',
  'Open CASCADE STEP translator 7.8 1.7','',(#1278));
#1278 = PRODUCT_CONTEXT('',#2,'mechanical');
#1279 = PRODUCT_DEFINITION_CONTEXT('part definition',#2,'design');
#1280 = MANIFOLD_SURFACE_SHAPE_REPRESENTATION('',(#11,#1281),#1369);
#1281 = SHELL_BASED_SURFACE_MODEL('',(#1282));
#1282 = OPEN_SHELL('',(#1283));
#1283 = ADVANCED_FACE('',(#1284),#1298,.T.);
#1284 = FACE_BOUND('',#1285,.T.);
#1285 = EDGE_LOOP('',(#1286,#1309));
#1286 = ORIENTED_EDGE('',*,*,#1287,.T.);
#1287 = EDGE_CURVE('',#1288,#1290,#1292,.T.);
#1288 = VERTEX_POINT('',#1289);
#1289 = CARTESIAN_POINT('',(-15.,-105.6874185199,0.));
#1290 = VERTEX_POINT('',#1291);
#1291 = CARTESIAN_POINT('',(-15.,105.68741851997,0.));
#1292 = SURFACE_CURVE('',#1293,(#1297),.PCURVE_S1.);
#1293 = LINE('',#1294,#1295);
#1294 = CARTESIAN_POINT('',(-15.,-244.,0.));
#1295 = VECTOR('',#1296,1.);
#1296 = DIRECTION('',(0.,1.,0.));
#1297 = PCURVE('',#1298,#1303);
#1298 = PLANE('',#1299);
#1299 = AXIS2_PLACEMENT_3D('',#1300,#1301,#1302);
#1300 = CARTESIAN_POINT('',(-15.,-244.,0.));
#1301 = DIRECTION('',(-0.935063239715,0.,0.354480941285));
#1302 = DIRECTION('',(-0.354480941285,0.,-0.935063239715));
#1303 = DEFINITIONAL_REPRESENTATION('',(#1304),#1308);
#1304 = LINE('',#1305,#1306);
#1305 = CARTESIAN_POINT('',(0.,0.));
#1306 = VECTOR('',#1307,1.);
#1307 = DIRECTION('',(0.,-1.));
#1308 = ( GEOMETRIC_REPRESENTATION_CONTEXT(2) 
PARAMETRIC_REPRESENTATION_CONTEXT() REPRESENTATION_CONTEXT('2D SPACE',''
  ) );
#1309 = ORIENTED_EDGE('',*,*,#1310,.F.);
#1310 = EDGE_CURVE('',#1288,#1290,#1311,.T.);
#1311 = SURFACE_CURVE('',#1312,(#1347),.PCURVE_S1.);
#1312 = B_SPLINE_CURVE_WITH_KNOTS('',9,(#1313,#1314,#1315,#1316,#1317,
    #1318,#1319,#1320,#1321,#1322,#1323,#1324,#1325,#1326,#1327,#1328,
    #1329,#1330,#1331,#1332,#1333,#1334,#1335,#1336,#1337,#1338,#1339,
    #1340,#1341,#1342,#1343,#1344,#1345,#1346),.UNSPECIFIED.,.F.,.F.,(10
    ,8,8,8,10),(-11.16033993943,-0.773142397452,180.61335472349,
    361.99985184443,372.38704938641),.UNSPECIFIED.);
#1313 = CARTESIAN_POINT('',(-8.677849927321,-112.7242696541,
    16.676806678201));
#1314 = CARTESIAN_POINT('',(-9.291942563445,-112.0411335409,
    15.056929886696));
#1315 = CARTESIAN_POINT('',(-9.905481631579,-111.3586132343,
    13.438513317779));
#1316 = CARTESIAN_POINT('',(-10.51846713172,-110.6767087343,
    11.821556971451));
#1317 = CARTESIAN_POINT('',(-11.13089906388,-109.9954200409,
    10.206060847711));
#1318 = CARTESIAN_POINT('',(-11.74277742804,-109.314747154,8.59202494656
    ));
#1319 = CARTESIAN_POINT('',(-12.35410222422,-108.6346900737,
    6.979449267996));
#1320 = CARTESIAN_POINT('',(-12.96487345241,-107.9552488001,
    5.368333812022));
#1321 = CARTESIAN_POINT('',(-13.5750911126,-107.2764233329,
    3.758678578635));
#1322 = CARTESIAN_POINT('',(-24.83101793922,-94.75497355478,
    -25.93263110454));
#1323 = CARTESIAN_POINT('',(-34.14655315247,-82.91186026159,
    -50.50550236978));
#1324 = CARTESIAN_POINT('',(-42.13144123924,-71.06832709548,
    -71.56834229594));
#1325 = CARTESIAN_POINT('',(-48.78543983525,-59.22638070385,
    -89.12051156543));
#1326 = CARTESIAN_POINT('',(-54.10939624941,-47.38141162889,
    -103.1642452416));
#1327 = CARTESIAN_POINT('',(-58.1016902176,-35.540141416,-113.6952693307
    ));
#1328 = CARTESIAN_POINT('',(-60.76523125703,-23.69567318402,
    -120.7212586672));
#1329 = CARTESIAN_POINT('',(-62.09685056882,-11.84777871756,
    -124.2338544734));
#1330 = CARTESIAN_POINT('',(-62.09685056882,11.847778717565,
    -124.2338544734));
#1331 = CARTESIAN_POINT('',(-60.76523125703,23.69567318402,
    -120.7212586672));
#1332 = CARTESIAN_POINT('',(-58.1016902176,35.540141416006,
    -113.6952693307));
#1333 = CARTESIAN_POINT('',(-54.10939624941,47.381411628885,
    -103.1642452417));
#1334 = CARTESIAN_POINT('',(-48.78543983525,59.226380703862,
    -89.12051156543));
#1335 = CARTESIAN_POINT('',(-42.13144123924,71.068327095474,
    -71.56834229594));
#1336 = CARTESIAN_POINT('',(-34.14655315248,82.9118602616,
    -50.50550236978));
#1337 = CARTESIAN_POINT('',(-24.83101793922,94.754973554781,
    -25.93263110454));
#1338 = CARTESIAN_POINT('',(-13.5750911126,107.27642333298,
    3.758678578635));
#1339 = CARTESIAN_POINT('',(-12.96487345241,107.9552488001,
    5.368333812022));
#1340 = CARTESIAN_POINT('',(-12.35410222422,108.63469007379,
    6.979449267996));
#1341 = CARTESIAN_POINT('',(-11.74277742804,109.31474715407,
    8.59202494656));
#1342 = CARTESIAN_POINT('',(-11.13089906388,109.99542004092,
    10.206060847711));
#1343 = CARTESIAN_POINT('',(-10.51846713172,110.67670873435,
    11.821556971451));
#1344 = CARTESIAN_POINT('',(-9.90548163158,111.35861323436,
    13.438513317779));
#1345 = CARTESIAN_POINT('',(-9.291942563445,112.04113354094,
    15.056929886696));
#1346 = CARTESIAN_POINT('',(-8.677849927321,112.72426965411,
    16.676806678201));
#1347 = PCURVE('',#1298,#1348);
#1348 = DEFINITIONAL_REPRESENTATION('',(#1349),#1368);
#1349 = B_SPLINE_CURVE_WITH_KNOTS('',9,(#1350,#1351,#1352,#1353,#1354,
    #1355,#1356,#1357,#1358,#1359,#1360,#1361,#1362,#1363,#1364,#1365,
    #1366,#1367),.UNSPECIFIED.,.F.,.F.,(10,8,10),(-0.773142397452,
    180.61335472349,361.99985184443),.UNSPECIFIED.);
#1350 = CARTESIAN_POINT('',(-2.299826874269,-137.4017863275));
#1351 = CARTESIAN_POINT('',(27.733558547825,-149.2450264452));
#1352 = CARTESIAN_POINT('',(54.012926853157,-161.0881397383));
#1353 = CARTESIAN_POINT('',(76.538504837167,-172.9316729045));
#1354 = CARTESIAN_POINT('',(95.309608783928,-184.7736192961));
#1355 = CARTESIAN_POINT('',(110.32862897401,-196.6185883711));
#1356 = CARTESIAN_POINT('',(121.59099459997,-208.4598585839));
#1357 = CARTESIAN_POINT('',(129.10491348591,-220.3043268159));
#1358 = CARTESIAN_POINT('',(132.86144636737,-232.1522212824));
#1359 = CARTESIAN_POINT('',(132.86144636737,-255.8477787175));
#1360 = CARTESIAN_POINT('',(129.10491348591,-267.695673184));
#1361 = CARTESIAN_POINT('',(121.59099459998,-279.5401414159));
#1362 = CARTESIAN_POINT('',(110.32862897399,-291.3814116289));
#1363 = CARTESIAN_POINT('',(95.309608783946,-303.2263807038));
#1364 = CARTESIAN_POINT('',(76.538504837153,-315.0683270954));
#1365 = CARTESIAN_POINT('',(54.012926853164,-326.9118602615));
#1366 = CARTESIAN_POINT('',(27.733558547823,-338.7549735547));
#1367 = CARTESIAN_POINT('',(-2.299826874269,-350.5982136724));
#1368 = ( GEOMETRIC_REPRESENTATION_CONTEXT(2) 
PARAMETRIC_REPRESENTATION_CONTEXT() REPRESENTATION_CONTEXT('2D SPACE',''
  ) );
#1369 = ( GEOMETRIC_REPRESENTATION_CONTEXT(3) 
GLOBAL_UNCERTAINTY_ASSIGNED_CONTEXT((#1373)) 
GLOBAL_UNIT_ASSIGNED_CONTEXT((#1370,#1371,#1372)) REPRESENTATION_CONTEXT
('Context #1','3D Context with UNIT and UNCERTAINTY') );
#1370 = ( LENGTH_UNIT() NAMED_UNIT(*) SI_UNIT(.MILLI.,.METRE.) );
#1371 = ( NAMED_UNIT(*) PLANE_ANGLE_UNIT() SI_UNIT($,.RADIAN.) );
#1372 = ( NAMED_UNIT(*) SI_UNIT($,.STERADIAN.) SOLID_ANGLE_UNIT() );
#1373 = UNCERTAINTY_MEASURE_WITH_UNIT(LENGTH_MEASURE(5.E-05),#1370,
  'distance_accuracy_value','confusion accuracy');
#1374 = CONTEXT_DEPENDENT_SHAPE_REPRESENTATION(#1375,#1377);
#1375 = ( REPRESENTATION_RELATIONSHIP('','',#1280,#10) 
REPRESENTATION_RELATIONSHIP_WITH_TRANSFORMATION(#1376) 
SHAPE_REPRESENTATION_RELATIONSHIP() );
#1376 = ITEM_DEFINED_TRANSFORMATION('','',#11,#39);
#1377 = PRODUCT_DEFINITION_SHAPE('Placement','Placement of an item',
  #1378);
#1378 = NEXT_ASSEMBLY_USAGE_OCCURRENCE('7','','',#5,#1275,$);
#1379 = PRODUCT_RELATED_PRODUCT_CATEGORY('part',$,(#1277));
#1380 = SHAPE_DEFINITION_REPRESENTATION(#1381,#1387);
#1381 = PRODUCT_DEFINITION_SHAPE('','',#1382);
#1382 = PRODUCT_DEFINITION('design','',#1383,#1386);
#1383 = PRODUCT_DEFINITION_FORMATION('','',#1384);
#1384 = PRODUCT('Open CASCADE STEP translator 7.8 1.8',
  'Open CASCADE STEP translator 7.8 1.8','',(#1385));
#1385 = PRODUCT_CONTEXT('',#2,'mechanical');
#1386 = PRODUCT_DEFINITION_CONTEXT('part definition',#2,'design');
#1387 = MANIFOLD_SURFACE_SHAPE_REPRESENTATION('',(#11,#1388),#1753);
#1388 = SHELL_BASED_SURFACE_MODEL('',(#1389));
#1389 = OPEN_SHELL('',(#1390));
#1390 = ADVANCED_FACE('',(#1391),#1406,.T.);
#1391 = FACE_BOUND('',#1392,.T.);
#1392 = EDGE_LOOP('',(#1393,#1417,#1501,#1524,#1539,#1540,#1624,#1641));
#1393 = ORIENTED_EDGE('',*,*,#1394,.F.);
#1394 = EDGE_CURVE('',#1395,#1397,#1399,.T.);
#1395 = VERTEX_POINT('',#1396);
#1396 = CARTESIAN_POINT('',(0.247788830585,105.624709352,0.));
#1397 = VERTEX_POINT('',#1398);
#1398 = CARTESIAN_POINT('',(-0.247788830585,105.624709352,0.));
#1399 = SURFACE_CURVE('',#1400,(#1405),.PCURVE_S1.);
#1400 = CIRCLE('',#1401,105.625);
#1401 = AXIS2_PLACEMENT_3D('',#1402,#1403,#1404);
#1402 = CARTESIAN_POINT('',(0.,0.,0.));
#1403 = DIRECTION('',(0.,0.,1.));
#1404 = DIRECTION('',(1.,0.,-0.));
#1405 = PCURVE('',#1406,#1411);
#1406 = CONICAL_SURFACE('',#1407,0.25,0.408533970316);
#1407 = AXIS2_PLACEMENT_3D('',#1408,#1409,#1410);
#1408 = CARTESIAN_POINT('',(0.,0.,-243.422485207));
#1409 = DIRECTION('',(0.,0.,1.));
#1410 = DIRECTION('',(1.,0.,-0.));
#1411 = DEFINITIONAL_REPRESENTATION('',(#1412),#1416);
#1412 = LINE('',#1413,#1414);
#1413 = CARTESIAN_POINT('',(0.,243.422485207));
#1414 = VECTOR('',#1415,1.);
#1415 = DIRECTION('',(1.,0.));
#1416 = ( GEOMETRIC_REPRESENTATION_CONTEXT(2) 
PARAMETRIC_REPRESENTATION_CONTEXT() REPRESENTATION_CONTEXT('2D SPACE',''
  ) );
#1417 = ORIENTED_EDGE('',*,*,#1418,.T.);
#1418 = EDGE_CURVE('',#1395,#1419,#1421,.T.);
#1419 = VERTEX_POINT('',#1420);
#1420 = CARTESIAN_POINT('',(37.194942302672,0.,-158.0774823966));
#1421 = SURFACE_CURVE('',#1422,(#1465),.PCURVE_S1.);
#1422 = B_SPLINE_CURVE_WITH_KNOTS('',11,(#1423,#1424,#1425,#1426,#1427,
    #1428,#1429,#1430,#1431,#1432,#1433,#1434,#1435,#1436,#1437,#1438,
    #1439,#1440,#1441,#1442,#1443,#1444,#1445,#1446,#1447,#1448,#1449,
    #1450,#1451,#1452,#1453,#1454,#1455,#1456,#1457,#1458,#1459,#1460,
    #1461,#1462,#1463,#1464),.UNSPECIFIED.,.F.,.F.,(12,10,10,10,12),(
    -7.79283366508,-4.978268307251E-02,0.,99.684668702734,
    199.36933740546),.UNSPECIFIED.);
#1423 = CARTESIAN_POINT('',(-3.155839717639,111.98264733555,
    14.668727467476));
#1424 = CARTESIAN_POINT('',(-2.846416938798,111.40464923529,
    13.335198161707));
#1425 = CARTESIAN_POINT('',(-2.536994560303,110.82665188266,
    12.001670581319));
#1426 = CARTESIAN_POINT('',(-2.227572582154,110.24865527765,
    10.668144726313));
#1427 = CARTESIAN_POINT('',(-1.918151004351,109.67065942026,
    9.334620596688));
#1428 = CARTESIAN_POINT('',(-1.608729826894,109.0926643105,
    8.001098192445));
#1429 = CARTESIAN_POINT('',(-1.299309049782,108.51466994835,
    6.667577513584));
#1430 = CARTESIAN_POINT('',(-0.989888673017,107.93667633384,
    5.334058560104));
#1431 = CARTESIAN_POINT('',(-0.680468696598,107.35868346694,
    4.000541332006));
#1432 = CARTESIAN_POINT('',(-0.371049120524,106.78069134767,
    2.667025829289));
#1433 = CARTESIAN_POINT('',(-6.162994479646E-02,106.20269997602,
    1.333512051954));
#1434 = CARTESIAN_POINT('',(0.249778188122,105.62099325558,
    -8.573598186302E-03));
#1435 = CARTESIAN_POINT('',(0.251767450315,105.61727729686,
    -1.714678285005E-02));
#1436 = CARTESIAN_POINT('',(0.253756617156,105.61356147567,
    -2.571955396543E-02));
#1437 = CARTESIAN_POINT('',(0.255745688688,105.60984579235,
    -3.42919116993E-02));
#1438 = CARTESIAN_POINT('',(0.257734664854,105.60613024633,
    -4.286385584136E-02));
#1439 = CARTESIAN_POINT('',(0.259723545752,105.60241483829,
    -5.143538675935E-02));
#1440 = CARTESIAN_POINT('',(0.261712331287,105.59869956752,
    -6.000650410956E-02));
#1441 = CARTESIAN_POINT('',(0.263701021558,105.59498443458,
    -6.857720825835E-02));
#1442 = CARTESIAN_POINT('',(0.265689616507,105.59126943908,
    -7.714749899943E-02));
#1443 = CARTESIAN_POINT('',(0.267678116177,105.58755458121,
    -8.571737649223E-02));
#1444 = CARTESIAN_POINT('',(4.251240434576,98.145496984019,
    -17.25375173541));
#1445 = CARTESIAN_POINT('',(7.850761460831,91.258698568743,
    -32.75619843483));
#1446 = CARTESIAN_POINT('',(11.116161581275,84.843878047602,
    -46.80885669806));
#1447 = CARTESIAN_POINT('',(14.086697906325,78.834458326257,
    -59.5814475377));
#1448 = CARTESIAN_POINT('',(16.794412550073,73.174498673025,
    -71.21251221398));
#1449 = CARTESIAN_POINT('',(19.265418117848,67.816620574823,
    -81.81500787432));
#1450 = CARTESIAN_POINT('',(21.52099533374,62.720199878979,
    -91.48110915964));
#1451 = CARTESIAN_POINT('',(23.578489333932,57.849812535603,
    -100.2861550913));
#1452 = CARTESIAN_POINT('',(25.451991153907,53.173921262182,
    -108.2916805625));
#1453 = CARTESIAN_POINT('',(27.152790935329,48.663790444189,
    -115.5474717468));
#1454 = CARTESIAN_POINT('',(30.226387825216,39.921442740941,
    -128.6376977474));
#1455 = CARTESIAN_POINT('',(31.599173809036,35.689111836162,
    -134.4720849253));
#1456 = CARTESIAN_POINT('',(32.816793581017,31.569798946849,
    -139.6354123216));
#1457 = CARTESIAN_POINT('',(33.88486489606,27.533912267854,
    -144.1539121297));
#1458 = CARTESIAN_POINT('',(34.808554464374,23.571266269907,
    -148.052202863));
#1459 = CARTESIAN_POINT('',(35.587357062887,19.62853082665,
    -151.3313180617));
#1460 = CARTESIAN_POINT('',(36.221703949262,15.729789677543,
    -153.9966252841));
#1461 = CARTESIAN_POINT('',(36.70939673031,11.793157803169,
    -156.0423556322));
#1462 = CARTESIAN_POINT('',(37.032890683966,7.851943150554,
    -157.3981969188));
#1463 = CARTESIAN_POINT('',(37.194942302674,3.926605342954,
    -158.0774823966));
#1464 = CARTESIAN_POINT('',(37.194942302672,0.,-158.0774823966));
#1465 = PCURVE('',#1406,#1466);
#1466 = DEFINITIONAL_REPRESENTATION('',(#1467),#1500);
#1467 = B_SPLINE_CURVE_WITH_KNOTS('',11,(#1468,#1469,#1470,#1471,#1472,
    #1473,#1474,#1475,#1476,#1477,#1478,#1479,#1480,#1481,#1482,#1483,
    #1484,#1485,#1486,#1487,#1488,#1489,#1490,#1491,#1492,#1493,#1494,
    #1495,#1496,#1497,#1498,#1499),.UNSPECIFIED.,.F.,.F.,(12,10,10,12),(
    -4.978268307251E-02,0.,99.684668702734,199.36933740546),
  .UNSPECIFIED.);
#1468 = CARTESIAN_POINT('',(1.568450394886,243.422485207));
#1469 = CARTESIAN_POINT('',(1.568431478249,243.4139116088));
#1470 = CARTESIAN_POINT('',(1.568412561056,243.4053384242));
#1471 = CARTESIAN_POINT('',(1.568393643305,243.39676565291));
#1472 = CARTESIAN_POINT('',(1.568374725,243.38819329547));
#1473 = CARTESIAN_POINT('',(1.568355806135,243.37962135096));
#1474 = CARTESIAN_POINT('',(1.568336886717,243.3710498204));
#1475 = CARTESIAN_POINT('',(1.568317966739,243.36247870279));
#1476 = CARTESIAN_POINT('',(1.568299046206,243.35390799878));
#1477 = CARTESIAN_POINT('',(1.568280125116,243.34533770798));
#1478 = CARTESIAN_POINT('',(1.568261203469,243.3367678305));
#1479 = CARTESIAN_POINT('',(1.530352527202,226.16873347159));
#1480 = CARTESIAN_POINT('',(1.490230047799,210.66628677214));
#1481 = CARTESIAN_POINT('',(1.447714077164,196.613628509));
#1482 = CARTESIAN_POINT('',(1.402621155436,183.84103766913));
#1483 = CARTESIAN_POINT('',(1.354746872819,172.20997299324));
#1484 = CARTESIAN_POINT('',(1.303868313491,161.60747733243));
#1485 = CARTESIAN_POINT('',(1.249747959485,151.94137604753));
#1486 = CARTESIAN_POINT('',(1.192139814432,143.13633011555));
#1487 = CARTESIAN_POINT('',(1.130798507336,135.13080464451));
#1488 = CARTESIAN_POINT('',(1.06549213627,127.87501346015));
#1489 = CARTESIAN_POINT('',(0.926547087925,114.78478745952));
#1490 = CARTESIAN_POINT('',(0.852904931829,108.95040028167));
#1491 = CARTESIAN_POINT('',(0.774925210435,103.78707288527));
#1492 = CARTESIAN_POINT('',(0.692285466483,99.268573077455));
#1493 = CARTESIAN_POINT('',(0.605320210089,95.370282343655));
#1494 = CARTESIAN_POINT('',(0.513007219506,92.09116714554));
#1495 = CARTESIAN_POINT('',(0.416997388706,89.425859922706));
#1496 = CARTESIAN_POINT('',(0.315587132256,87.380129574885));
#1497 = CARTESIAN_POINT('',(0.211102101481,86.024288288069));
#1498 = CARTESIAN_POINT('',(0.105568260088,85.3450028104));
#1499 = CARTESIAN_POINT('',(-1.146299537753E-16,85.345002810397));
#1500 = ( GEOMETRIC_REPRESENTATION_CONTEXT(2) 
PARAMETRIC_REPRESENTATION_CONTEXT() REPRESENTATION_CONTEXT('2D SPACE',''
  ) );
#1501 = ORIENTED_EDGE('',*,*,#1502,.F.);
#1502 = EDGE_CURVE('',#1503,#1419,#1505,.T.);
#1503 = VERTEX_POINT('',#1504);
#1504 = CARTESIAN_POINT('',(0.25,-6.123031769112E-17,-243.422485207));
#1505 = SEAM_CURVE('',#1506,(#1510,#1517),.PCURVE_S1.);
#1506 = LINE('',#1507,#1508);
#1507 = CARTESIAN_POINT('',(0.25,-6.123031769112E-17,-243.422485207));
#1508 = VECTOR('',#1509,1.);
#1509 = DIRECTION('',(0.397264373762,-9.729849525118E-17,0.917704210157)
  );
#1510 = PCURVE('',#1406,#1511);
#1511 = DEFINITIONAL_REPRESENTATION('',(#1512),#1516);
#1512 = LINE('',#1513,#1514);
#1513 = CARTESIAN_POINT('',(0.,-0.));
#1514 = VECTOR('',#1515,1.);
#1515 = DIRECTION('',(0.,1.));
#1516 = ( GEOMETRIC_REPRESENTATION_CONTEXT(2) 
PARAMETRIC_REPRESENTATION_CONTEXT() REPRESENTATION_CONTEXT('2D SPACE',''
  ) );
#1517 = PCURVE('',#1406,#1518);
#1518 = DEFINITIONAL_REPRESENTATION('',(#1519),#1523);
#1519 = LINE('',#1520,#1521);
#1520 = CARTESIAN_POINT('',(6.28318530718,-0.));
#1521 = VECTOR('',#1522,1.);
#1522 = DIRECTION('',(0.,1.));
#1523 = ( GEOMETRIC_REPRESENTATION_CONTEXT(2) 
PARAMETRIC_REPRESENTATION_CONTEXT() REPRESENTATION_CONTEXT('2D SPACE',''
  ) );
#1524 = ORIENTED_EDGE('',*,*,#1525,.T.);
#1525 = EDGE_CURVE('',#1503,#1503,#1526,.T.);
#1526 = SURFACE_CURVE('',#1527,(#1532),.PCURVE_S1.);
#1527 = CIRCLE('',#1528,0.25);
#1528 = AXIS2_PLACEMENT_3D('',#1529,#1530,#1531);
#1529 = CARTESIAN_POINT('',(0.,0.,-243.422485207));
#1530 = DIRECTION('',(0.,0.,1.));
#1531 = DIRECTION('',(1.,0.,-0.));
#1532 = PCURVE('',#1406,#1533);
#1533 = DEFINITIONAL_REPRESENTATION('',(#1534),#1538);
#1534 = LINE('',#1535,#1536);
#1535 = CARTESIAN_POINT('',(0.,0.));
#1536 = VECTOR('',#1537,1.);
#1537 = DIRECTION('',(1.,0.));
#1538 = ( GEOMETRIC_REPRESENTATION_CONTEXT(2) 
PARAMETRIC_REPRESENTATION_CONTEXT() REPRESENTATION_CONTEXT('2D SPACE',''
  ) );
#1539 = ORIENTED_EDGE('',*,*,#1502,.T.);
#1540 = ORIENTED_EDGE('',*,*,#1541,.T.);
#1541 = EDGE_CURVE('',#1419,#1542,#1544,.T.);
#1542 = VERTEX_POINT('',#1543);
#1543 = CARTESIAN_POINT('',(0.247788830585,-105.624709352,0.));
#1544 = SURFACE_CURVE('',#1545,(#1588),.PCURVE_S1.);
#1545 = B_SPLINE_CURVE_WITH_KNOTS('',11,(#1546,#1547,#1548,#1549,#1550,
    #1551,#1552,#1553,#1554,#1555,#1556,#1557,#1558,#1559,#1560,#1561,
    #1562,#1563,#1564,#1565,#1566,#1567,#1568,#1569,#1570,#1571,#1572,
    #1573,#1574,#1575,#1576,#1577,#1578,#1579,#1580,#1581,#1582,#1583,
    #1584,#1585,#1586,#1587),.UNSPECIFIED.,.F.,.F.,(12,10,10,10,12),(
    199.36933740546,299.0540061082,398.73867481094,398.78845749401,
    406.53150847121),.UNSPECIFIED.);
#1546 = CARTESIAN_POINT('',(37.194942302672,-9.109832534782E-15,
    -158.0774823966));
#1547 = CARTESIAN_POINT('',(37.194942302673,-3.926605342952,
    -158.0774823966));
#1548 = CARTESIAN_POINT('',(37.032890683966,-7.851943150563,
    -157.3981969188));
#1549 = CARTESIAN_POINT('',(36.709396730309,-11.79315780314,
    -156.0423556322));
#1550 = CARTESIAN_POINT('',(36.221703949262,-15.72978967758,
    -153.9966252841));
#1551 = CARTESIAN_POINT('',(35.587357062887,-19.6285308266,
    -151.3313180617));
#1552 = CARTESIAN_POINT('',(34.808554464374,-23.57126626995,
    -148.052202863));
#1553 = CARTESIAN_POINT('',(33.884864896059,-27.53391226782,
    -144.1539121297));
#1554 = CARTESIAN_POINT('',(32.816793581018,-31.56979894686,
    -139.6354123216));
#1555 = CARTESIAN_POINT('',(31.599173809036,-35.68911183615,
    -134.4720849253));
#1556 = CARTESIAN_POINT('',(30.226387825216,-39.92144274094,
    -128.6376977474));
#1557 = CARTESIAN_POINT('',(27.152790935331,-48.66379044419,
    -115.5474717468));
#1558 = CARTESIAN_POINT('',(25.451991153898,-53.17392126215,
    -108.2916805624));
#1559 = CARTESIAN_POINT('',(23.578489333954,-57.84981253567,
    -100.2861550914));
#1560 = CARTESIAN_POINT('',(21.520995333704,-62.72019987886,
    -91.48110915947));
#1561 = CARTESIAN_POINT('',(19.265418117892,-67.81662057496,
    -81.81500787452));
#1562 = CARTESIAN_POINT('',(16.794412550033,-73.1744986729,
    -71.2125122138));
#1563 = CARTESIAN_POINT('',(14.086697906351,-78.83445832633,
    -59.58144753782));
#1564 = CARTESIAN_POINT('',(11.116161581262,-84.84387804756,
    -46.808856698));
#1565 = CARTESIAN_POINT('',(7.850761460835,-91.25869856875,
    -32.75619843485));
#1566 = CARTESIAN_POINT('',(4.251240434575,-98.14549698402,
    -17.2537517354));
#1567 = CARTESIAN_POINT('',(0.267678116176,-105.5875545812,
    -8.571737649157E-02));
#1568 = CARTESIAN_POINT('',(0.265689616509,-105.5912694391,
    -7.71474990058E-02));
#1569 = CARTESIAN_POINT('',(0.263701021554,-105.5949844345,
    -6.857720824117E-02));
#1570 = CARTESIAN_POINT('',(0.261712331294,-105.5986995675,
    -6.000650414031E-02));
#1571 = CARTESIAN_POINT('',(0.259723545744,-105.6024148381,
    -5.143538671857E-02));
#1572 = CARTESIAN_POINT('',(0.257734664862,-105.6061302464,
    -4.286385588286E-02));
#1573 = CARTESIAN_POINT('',(0.255745688683,-105.6098457922,
    -3.42919116668E-02));
#1574 = CARTESIAN_POINT('',(0.253756617159,-105.6135614757,
    -2.571955398445E-02));
#1575 = CARTESIAN_POINT('',(0.251767450314,-105.6172772968,
    -1.714678284226E-02));
#1576 = CARTESIAN_POINT('',(0.249778188123,-105.6209932555,
    -8.573598188178E-03));
#1577 = CARTESIAN_POINT('',(-6.162994464773E-02,-106.2026999744,
    1.333512051415));
#1578 = CARTESIAN_POINT('',(-0.371049120254,-106.7806913448,
    2.667025828333));
#1579 = CARTESIAN_POINT('',(-0.680468696235,-107.3586834631,
    4.000541330755));
#1580 = CARTESIAN_POINT('',(-0.989888672589,-107.9366763293,
    5.334058558679));
#1581 = CARTESIAN_POINT('',(-1.299309049316,-108.5146699434,
    6.667577512108));
#1582 = CARTESIAN_POINT('',(-1.608729826417,-109.0926643054,
    8.001098191039));
#1583 = CARTESIAN_POINT('',(-1.918151003892,-109.6706594152,
    9.334620595474));
#1584 = CARTESIAN_POINT('',(-2.227572581741,-110.248655273,
    10.668144725412));
#1585 = CARTESIAN_POINT('',(-2.536994559963,-110.8266518787,
    12.001670580854));
#1586 = CARTESIAN_POINT('',(-2.846416938559,-111.4046492323,
    13.335198161799));
#1587 = CARTESIAN_POINT('',(-3.155839717529,-111.9826473338,
    14.668727468247));
#1588 = PCURVE('',#1406,#1589);
#1589 = DEFINITIONAL_REPRESENTATION('',(#1590),#1623);
#1590 = B_SPLINE_CURVE_WITH_KNOTS('',11,(#1591,#1592,#1593,#1594,#1595,
    #1596,#1597,#1598,#1599,#1600,#1601,#1602,#1603,#1604,#1605,#1606,
    #1607,#1608,#1609,#1610,#1611,#1612,#1613,#1614,#1615,#1616,#1617,
    #1618,#1619,#1620,#1621,#1622),.UNSPECIFIED.,.F.,.F.,(12,10,10,12),(
    199.36933740546,299.0540061082,398.73867481094,398.78845749401),
  .UNSPECIFIED.);
#1591 = CARTESIAN_POINT('',(6.28318530718,85.345002810397));
#1592 = CARTESIAN_POINT('',(6.177617047092,85.345002810401));
#1593 = CARTESIAN_POINT('',(6.072083205698,86.024288288062));
#1594 = CARTESIAN_POINT('',(5.967598174926,87.380129574905));
#1595 = CARTESIAN_POINT('',(5.866187918469,89.425859922666));
#1596 = CARTESIAN_POINT('',(5.770178087681,92.091167145598));
#1597 = CARTESIAN_POINT('',(5.677865097084,95.370282343594));
#1598 = CARTESIAN_POINT('',(5.590899840702,99.268573077503));
#1599 = CARTESIAN_POINT('',(5.508260096742,103.78707288524));
#1600 = CARTESIAN_POINT('',(5.430280375351,108.95040028169));
#1601 = CARTESIAN_POINT('',(5.356638219254,114.78478745951));
#1602 = CARTESIAN_POINT('',(5.21769317091,127.87501346016));
#1603 = CARTESIAN_POINT('',(5.152386799841,135.13080464442));
#1604 = CARTESIAN_POINT('',(5.091045492753,143.13633011578));
#1605 = CARTESIAN_POINT('',(5.033437347686,151.94137604714));
#1606 = CARTESIAN_POINT('',(4.979316993698,161.60747733292));
#1607 = CARTESIAN_POINT('',(4.928438434352,172.20997299279));
#1608 = CARTESIAN_POINT('',(4.880564151749,183.84103766944));
#1609 = CARTESIAN_POINT('',(4.835471230012,196.61362850884));
#1610 = CARTESIAN_POINT('',(4.792955259382,210.6662867722));
#1611 = CARTESIAN_POINT('',(4.752832779978,226.16873347157));
#1612 = CARTESIAN_POINT('',(4.714924103711,243.33676783051));
#1613 = CARTESIAN_POINT('',(4.714905182063,243.34533770797));
#1614 = CARTESIAN_POINT('',(4.714886260974,243.35390799882));
#1615 = CARTESIAN_POINT('',(4.714867340439,243.36247870275));
#1616 = CARTESIAN_POINT('',(4.714848420464,243.37104982039));
#1617 = CARTESIAN_POINT('',(4.714829501043,243.37962135101));
#1618 = CARTESIAN_POINT('',(4.71481058218,243.3881932954));
#1619 = CARTESIAN_POINT('',(4.714791663874,243.39676565297));
#1620 = CARTESIAN_POINT('',(4.714772746124,243.40533842417));
#1621 = CARTESIAN_POINT('',(4.71475382893,243.4139116088));
#1622 = CARTESIAN_POINT('',(4.714734912293,243.422485207));
#1623 = ( GEOMETRIC_REPRESENTATION_CONTEXT(2) 
PARAMETRIC_REPRESENTATION_CONTEXT() REPRESENTATION_CONTEXT('2D SPACE',''
  ) );
#1624 = ORIENTED_EDGE('',*,*,#1625,.F.);
#1625 = EDGE_CURVE('',#1626,#1542,#1628,.T.);
#1626 = VERTEX_POINT('',#1627);
#1627 = CARTESIAN_POINT('',(-0.247788830585,-105.624709352,0.));
#1628 = SURFACE_CURVE('',#1629,(#1634),.PCURVE_S1.);
#1629 = CIRCLE('',#1630,105.625);
#1630 = AXIS2_PLACEMENT_3D('',#1631,#1632,#1633);
#1631 = CARTESIAN_POINT('',(0.,0.,0.));
#1632 = DIRECTION('',(0.,0.,1.));
#1633 = DIRECTION('',(1.,0.,-0.));
#1634 = PCURVE('',#1406,#1635);
#1635 = DEFINITIONAL_REPRESENTATION('',(#1636),#1640);
#1636 = LINE('',#1637,#1638);
#1637 = CARTESIAN_POINT('',(0.,243.422485207));
#1638 = VECTOR('',#1639,1.);
#1639 = DIRECTION('',(1.,0.));
#1640 = ( GEOMETRIC_REPRESENTATION_CONTEXT(2) 
PARAMETRIC_REPRESENTATION_CONTEXT() REPRESENTATION_CONTEXT('2D SPACE',''
  ) );
#1641 = ORIENTED_EDGE('',*,*,#1642,.T.);
#1642 = EDGE_CURVE('',#1626,#1397,#1643,.T.);
#1643 = SURFACE_CURVE('',#1644,(#1707),.PCURVE_S1.);
#1644 = B_SPLINE_CURVE_WITH_KNOTS('',11,(#1645,#1646,#1647,#1648,#1649,
    #1650,#1651,#1652,#1653,#1654,#1655,#1656,#1657,#1658,#1659,#1660,
    #1661,#1662,#1663,#1664,#1665,#1666,#1667,#1668,#1669,#1670,#1671,
    #1672,#1673,#1674,#1675,#1676,#1677,#1678,#1679,#1680,#1681,#1682,
    #1683,#1684,#1685,#1686,#1687,#1688,#1689,#1690,#1691,#1692,#1693,
    #1694,#1695,#1696,#1697,#1698,#1699,#1700,#1701,#1702,#1703,#1704,
    #1705,#1706),.UNSPECIFIED.,.F.,.F.,(12,10,10,10,10,10,12),(
    -6.194781740718,-4.166495355328E-02,0.,199.383405096,398.76681019201
    ,398.80847514556,404.96159193149),.UNSPECIFIED.);
#1645 = CARTESIAN_POINT('',(2.984058747355,-111.6617625132,
    13.928397491254));
#1646 = CARTESIAN_POINT('',(2.690252521517,-111.1129359473,
    12.662171346543));
#1647 = CARTESIAN_POINT('',(2.396446675794,-110.5641100916,
    11.395946840025));
#1648 = CARTESIAN_POINT('',(2.102641210184,-110.0152849461,
    10.129723971698));
#1649 = CARTESIAN_POINT('',(1.808836124688,-109.466460511,8.863502741564
    ));
#1650 = CARTESIAN_POINT('',(1.515031419307,-108.917636786,7.597283149621
    ));
#1651 = CARTESIAN_POINT('',(1.22122709404,-108.3688137714,6.331065195871
    ));
#1652 = CARTESIAN_POINT('',(0.927423148887,-107.819991467,5.064848880312
    ));
#1653 = CARTESIAN_POINT('',(0.633619583848,-107.2711698728,
    3.798634202946));
#1654 = CARTESIAN_POINT('',(0.339816398923,-106.722348989,2.532421163772
    ));
#1655 = CARTESIAN_POINT('',(4.601359411164E-02,-106.1735288153,
    1.26620976279));
#1656 = CARTESIAN_POINT('',(-0.249778271839,-105.6209930992,
    -8.573958983746E-03));
#1657 = CARTESIAN_POINT('',(-0.251767600994,-105.6172770153,
    -1.71474322414E-02));
#1658 = CARTESIAN_POINT('',(-0.25375681807,-105.6135611004,
    -2.57204198347E-02));
#1659 = CARTESIAN_POINT('',(-0.255745923048,-105.6098453543,
    -3.429292175554E-02));
#1660 = CARTESIAN_POINT('',(-0.257734915988,-105.6061297774,
    -4.286493811722E-02));
#1661 = CARTESIAN_POINT('',(-0.259723796828,-105.602414369,
    -5.143646887406E-02));
#1662 = CARTESIAN_POINT('',(-0.261712565657,-105.5986991298,
    -6.000751414019E-02));
#1663 = CARTESIAN_POINT('',(-0.263701222412,-105.5949840592,
    -6.857807390658E-02));
#1664 = CARTESIAN_POINT('',(-0.265689767153,-105.5912691576,
    -7.714814823551E-02));
#1665 = CARTESIAN_POINT('',(-0.267678199863,-105.5875544248,
    -8.571773715957E-02));
#1666 = CARTESIAN_POINT('',(-9.784573347439,-87.80817100527,
    -41.10086192836));
#1667 = CARTESIAN_POINT('',(-16.73439899407,-73.89826139871,
    -70.99282383654));
#1668 = CARTESIAN_POINT('',(-22.12120279394,-62.24250727047,
    -94.10574068717));
#1669 = CARTESIAN_POINT('',(-26.33844200478,-52.18786323946,
    -112.1435507482));
#1670 = CARTESIAN_POINT('',(-29.67945706548,-43.23455079019,
    -126.3783866805));
#1671 = CARTESIAN_POINT('',(-32.28955442575,-35.10657256293,
    -137.4479798212));
#1672 = CARTESIAN_POINT('',(-34.29473709057,-27.55239031515,
    -145.9077104303));
#1673 = CARTESIAN_POINT('',(-35.75475006825,-20.40612826319,
    -152.0408328178));
#1674 = CARTESIAN_POINT('',(-36.7149707271,-13.51739869056,
    -156.0656780983));
#1675 = CARTESIAN_POINT('',(-37.19494230267,-6.75872657248,
    -158.0774823966));
#1676 = CARTESIAN_POINT('',(-37.19494230267,6.75872657248,
    -158.0774823966));
#1677 = CARTESIAN_POINT('',(-36.71497072711,13.517398690563,
    -156.0656780983));
#1678 = CARTESIAN_POINT('',(-35.75475006824,20.406128263189,
    -152.0408328178));
#1679 = CARTESIAN_POINT('',(-34.29473709059,27.552390315148,
    -145.9077104304));
#1680 = CARTESIAN_POINT('',(-32.28955442572,35.106572562944,
    -137.4479798211));
#1681 = CARTESIAN_POINT('',(-29.67945706551,43.23455079019,
    -126.3783866805));
#1682 = CARTESIAN_POINT('',(-26.33844200476,52.187863239468,
    -112.1435507481));
#1683 = CARTESIAN_POINT('',(-22.12120279395,62.242507270471,
    -94.1057406872));
#1684 = CARTESIAN_POINT('',(-16.73439899407,73.898261398711,
    -70.99282383652));
#1685 = CARTESIAN_POINT('',(-9.78457334744,87.808171005274,
    -41.10086192837));
#1686 = CARTESIAN_POINT('',(-0.267678199863,105.58755442486,
    -8.571773715883E-02));
#1687 = CARTESIAN_POINT('',(-0.265689767152,105.59126915767,
    -7.714814824257E-02));
#1688 = CARTESIAN_POINT('',(-0.263701222415,105.59498405931,
    -6.857807388674E-02));
#1689 = CARTESIAN_POINT('',(-0.261712565652,105.59869912977,
    -6.000751417601E-02));
#1690 = CARTESIAN_POINT('',(-0.259723796833,105.60241436914,
    -5.143646882802E-02));
#1691 = CARTESIAN_POINT('',(-0.257734915983,105.60612977731,
    -4.286493816042E-02));
#1692 = CARTESIAN_POINT('',(-0.255745923052,105.60984535445,
    -3.429292172582E-02));
#1693 = CARTESIAN_POINT('',(-0.253756818068,105.61356110043,
    -2.572041984976E-02));
#1694 = CARTESIAN_POINT('',(-0.251767600995,105.61727701535,
    -1.714743223596E-02));
#1695 = CARTESIAN_POINT('',(-0.249778271839,105.6209930992,
    -8.57395898484E-03));
#1696 = CARTESIAN_POINT('',(4.601359401728E-02,106.17352881585,
    1.266209762698));
#1697 = CARTESIAN_POINT('',(0.339816398748,106.72234898977,
    2.532421163646));
#1698 = CARTESIAN_POINT('',(0.633619583606,107.27116987377,
    3.798634202843));
#1699 = CARTESIAN_POINT('',(0.927423148592,107.81999146784,
    5.064848880291));
#1700 = CARTESIAN_POINT('',(1.221227093707,108.36881377198,
    6.331065195987));
#1701 = CARTESIAN_POINT('',(1.515031418949,108.9176367862,7.597283149934
    ));
#1702 = CARTESIAN_POINT('',(1.808836124319,109.4664605105,8.86350274213)
  );
#1703 = CARTESIAN_POINT('',(2.102641209817,110.01528494487,
    10.129723972576));
#1704 = CARTESIAN_POINT('',(2.396446675443,110.56411008931,
    11.395946841271));
#1705 = CARTESIAN_POINT('',(2.690252521197,111.11293594383,
    12.662171348217));
#1706 = CARTESIAN_POINT('',(2.984058747079,111.66176250842,
    13.928397493411));
#1707 = PCURVE('',#1406,#1708);
#1708 = DEFINITIONAL_REPRESENTATION('',(#1709),#1752);
#1709 = B_SPLINE_CURVE_WITH_KNOTS('',11,(#1710,#1711,#1712,#1713,#1714,
    #1715,#1716,#1717,#1718,#1719,#1720,#1721,#1722,#1723,#1724,#1725,
    #1726,#1727,#1728,#1729,#1730,#1731,#1732,#1733,#1734,#1735,#1736,
    #1737,#1738,#1739,#1740,#1741,#1742,#1743,#1744,#1745,#1746,#1747,
    #1748,#1749,#1750,#1751),.UNSPECIFIED.,.F.,.F.,(12,10,10,10,12),(
    -4.166495355328E-02,0.,199.383405096,398.76681019201,398.80847514556
    ),.UNSPECIFIED.);
#1710 = CARTESIAN_POINT('',(4.710043048476,243.422485207));
#1711 = CARTESIAN_POINT('',(4.710024131043,243.41391124803));
#1712 = CARTESIAN_POINT('',(4.710005213212,243.40533777467));
#1713 = CARTESIAN_POINT('',(4.709986294986,243.39676478736));
#1714 = CARTESIAN_POINT('',(4.709967376357,243.38819228489));
#1715 = CARTESIAN_POINT('',(4.70994845734,243.37962026932));
#1716 = CARTESIAN_POINT('',(4.709929537915,243.3710487377));
#1717 = CARTESIAN_POINT('',(4.709910618102,243.36247769316));
#1718 = CARTESIAN_POINT('',(4.709891697884,243.35390713294));
#1719 = CARTESIAN_POINT('',(4.709872777273,243.34533705881));
#1720 = CARTESIAN_POINT('',(4.709853856262,243.33676746983));
#1721 = CARTESIAN_POINT('',(4.619288460673,202.32162327864));
#1722 = CARTESIAN_POINT('',(4.519639417611,172.42966137045));
#1723 = CARTESIAN_POINT('',(4.409871778617,149.31674451983));
#1724 = CARTESIAN_POINT('',(4.288973866107,131.27893445879));
#1725 = CARTESIAN_POINT('',(4.156023693216,117.04409852649));
#1726 = CARTESIAN_POINT('',(4.010442131649,105.9745053858));
#1727 = CARTESIAN_POINT('',(3.852248582923,97.514774776618));
#1728 = CARTESIAN_POINT('',(3.682672937968,91.381652389129));
#1729 = CARTESIAN_POINT('',(3.505014744536,87.356807108683));
#1730 = CARTESIAN_POINT('',(3.323303557118,85.345002810397));
#1731 = CARTESIAN_POINT('',(2.959881750062,85.345002810398));
#1732 = CARTESIAN_POINT('',(2.778170562644,87.356807108679));
#1733 = CARTESIAN_POINT('',(2.600512369211,91.381652389145));
#1734 = CARTESIAN_POINT('',(2.430936724258,97.514774776577));
#1735 = CARTESIAN_POINT('',(2.272743175529,105.97450538587));
#1736 = CARTESIAN_POINT('',(2.127161613966,117.0440985264));
#1737 = CARTESIAN_POINT('',(1.994211441071,131.27893445886));
#1738 = CARTESIAN_POINT('',(1.873313528564,149.31674451978));
#1739 = CARTESIAN_POINT('',(1.763545889568,172.42966137047));
#1740 = CARTESIAN_POINT('',(1.663896846507,202.32162327862));
#1741 = CARTESIAN_POINT('',(1.573331450917,243.33676746984));
#1742 = CARTESIAN_POINT('',(1.573312529907,243.34533705876));
#1743 = CARTESIAN_POINT('',(1.573293609295,243.3539071331));
#1744 = CARTESIAN_POINT('',(1.573274689079,243.36247769283));
#1745 = CARTESIAN_POINT('',(1.573255769263,243.37104873817));
#1746 = CARTESIAN_POINT('',(1.573236849842,243.37962026882));
#1747 = CARTESIAN_POINT('',(1.57321793082,243.38819228528));
#1748 = CARTESIAN_POINT('',(1.573199012194,243.39676478714));
#1749 = CARTESIAN_POINT('',(1.573180093967,243.40533777476));
#1750 = CARTESIAN_POINT('',(1.573161176137,243.41391124801));
#1751 = CARTESIAN_POINT('',(1.573142258704,243.422485207));
#1752 = ( GEOMETRIC_REPRESENTATION_CONTEXT(2) 
PARAMETRIC_REPRESENTATION_CONTEXT() REPRESENTATION_CONTEXT('2D SPACE',''
  ) );
#1753 = ( GEOMETRIC_REPRESENTATION_CONTEXT(3) 
GLOBAL_UNCERTAINTY_ASSIGNED_CONTEXT((#1757)) 
GLOBAL_UNIT_ASSIGNED_CONTEXT((#1754,#1755,#1756)) REPRESENTATION_CONTEXT
('Context #1','3D Context with UNIT and UNCERTAINTY') );
#1754 = ( LENGTH_UNIT() NAMED_UNIT(*) SI_UNIT(.MILLI.,.METRE.) );
#1755 = ( NAMED_UNIT(*) PLANE_ANGLE_UNIT() SI_UNIT($,.RADIAN.) );
#1756 = ( NAMED_UNIT(*) SI_UNIT($,.STERADIAN.) SOLID_ANGLE_UNIT() );
#1757 = UNCERTAINTY_MEASURE_WITH_UNIT(LENGTH_MEASURE(2.E-05),#1754,
  'distance_accuracy_value','confusion accuracy');
#1758 = CONTEXT_DEPENDENT_SHAPE_REPRESENTATION(#1759,#1761);
#1759 = ( REPRESENTATION_RELATIONSHIP('','',#1387,#10) 
REPRESENTATION_RELATIONSHIP_WITH_TRANSFORMATION(#1760) 
SHAPE_REPRESENTATION_RELATIONSHIP() );
#1760 = ITEM_DEFINED_TRANSFORMATION('','',#11,#43);
#1761 = PRODUCT_DEFINITION_SHAPE('Placement','Placement of an item',
  #1762);
#1762 = NEXT_ASSEMBLY_USAGE_OCCURRENCE('8','','',#5,#1382,$);
#1763 = PRODUCT_RELATED_PRODUCT_CATEGORY('part',$,(#1384));
#1764 = SHAPE_DEFINITION_REPRESENTATION(#1765,#1771);
#1765 = PRODUCT_DEFINITION_SHAPE('','',#1766);
#1766 = PRODUCT_DEFINITION('design','',#1767,#1770);
#1767 = PRODUCT_DEFINITION_FORMATION('','',#1768);
#1768 = PRODUCT('Open CASCADE STEP translator 7.8 1.9',
  'Open CASCADE STEP translator 7.8 1.9','',(#1769));
#1769 = PRODUCT_CONTEXT('',#2,'mechanical');
#1770 = PRODUCT_DEFINITION_CONTEXT('part definition',#2,'design');
#1771 = MANIFOLD_SURFACE_SHAPE_REPRESENTATION('',(#11,#1772),#2064);
#1772 = SHELL_BASED_SURFACE_MODEL('',(#1773));
#1773 = OPEN_SHELL('',(#1774));
#1774 = ADVANCED_FACE('',(#1775),#1789,.T.);
#1775 = FACE_BOUND('',#1776,.T.);
#1776 = EDGE_LOOP('',(#1777,#1800,#1854,#1871,#1925,#1941,#1995,#2012));
#1777 = ORIENTED_EDGE('',*,*,#1778,.T.);
#1778 = EDGE_CURVE('',#1779,#1781,#1783,.T.);
#1779 = VERTEX_POINT('',#1780);
#1780 = CARTESIAN_POINT('',(0.75,-105.0903180674,0.));
#1781 = VERTEX_POINT('',#1782);
#1782 = CARTESIAN_POINT('',(0.75,105.09031806743,0.));
#1783 = SURFACE_CURVE('',#1784,(#1788),.PCURVE_S1.);
#1784 = LINE('',#1785,#1786);
#1785 = CARTESIAN_POINT('',(0.75,-244.,0.));
#1786 = VECTOR('',#1787,1.);
#1787 = DIRECTION('',(0.,1.,0.));
#1788 = PCURVE('',#1789,#1794);
#1789 = PLANE('',#1790);
#1790 = AXIS2_PLACEMENT_3D('',#1791,#1792,#1793);
#1791 = CARTESIAN_POINT('',(0.,0.,0.));
#1792 = DIRECTION('',(0.,0.,1.));
#1793 = DIRECTION('',(1.,0.,-0.));
#1794 = DEFINITIONAL_REPRESENTATION('',(#1795),#1799);
#1795 = LINE('',#1796,#1797);
#1796 = CARTESIAN_POINT('',(0.75,-244.));
#1797 = VECTOR('',#1798,1.);
#1798 = DIRECTION('',(0.,1.));
#1799 = ( GEOMETRIC_REPRESENTATION_CONTEXT(2) 
PARAMETRIC_REPRESENTATION_CONTEXT() REPRESENTATION_CONTEXT('2D SPACE',''
  ) );
#1800 = ORIENTED_EDGE('',*,*,#1801,.F.);
#1801 = EDGE_CURVE('',#1802,#1781,#1804,.T.);
#1802 = VERTEX_POINT('',#1803);
#1803 = CARTESIAN_POINT('',(0.247788830585,105.624709352,0.));
#1804 = SURFACE_CURVE('',#1805,(#1828),.PCURVE_S1.);
#1805 = B_SPLINE_CURVE_WITH_KNOTS('',6,(#1806,#1807,#1808,#1809,#1810,
    #1811,#1812,#1813,#1814,#1815,#1816,#1817,#1818,#1819,#1820,#1821,
    #1822,#1823,#1824,#1825,#1826,#1827),.UNSPECIFIED.,.F.,.F.,(7,5,5,5,
    7),(0.,0.249999626619,0.499999816637,0.75000013237,1.),
  .UNSPECIFIED.);
#1806 = CARTESIAN_POINT('',(0.247788830585,105.624709352,0.));
#1807 = CARTESIAN_POINT('',(0.276064586328,105.62464301888,0.));
#1808 = CARTESIAN_POINT('',(0.305441148573,105.62235158917,0.));
#1809 = CARTESIAN_POINT('',(0.335707962167,105.61756565779,0.));
#1810 = CARTESIAN_POINT('',(0.366565242118,105.61004485199,0.));
#1811 = CARTESIAN_POINT('',(0.397611375995,105.59963813845,0.));
#1812 = CARTESIAN_POINT('',(0.459192119621,105.57302164167,0.));
#1813 = CARTESIAN_POINT('',(0.489726609597,105.55681172379,0.));
#1814 = CARTESIAN_POINT('',(0.519561506148,105.53768396037,0.));
#1815 = CARTESIAN_POINT('',(0.548206321896,105.51575344251,0.));
#1816 = CARTESIAN_POINT('',(0.575197429531,105.49130403291,0.));
#1817 = CARTESIAN_POINT('',(0.625149075249,105.43814020593,0.));
#1818 = CARTESIAN_POINT('',(0.648109468103,105.40942593996,0.));
#1819 = CARTESIAN_POINT('',(0.668691955836,105.37896479944,0.));
#1820 = CARTESIAN_POINT('',(0.686631332293,105.34724991764,0.));
#1821 = CARTESIAN_POINT('',(0.701821369523,105.31480180362,0.));
#1822 = CARTESIAN_POINT('',(0.726736605412,105.24937970384,0.));
#1823 = CARTESIAN_POINT('',(0.73646192923,105.21640584335,0.));
#1824 = CARTESIAN_POINT('',(0.743471372658,105.18364044484,0.));
#1825 = CARTESIAN_POINT('',(0.747908423458,105.15150851157,0.));
#1826 = CARTESIAN_POINT('',(0.75,105.12032692833,0.));
#1827 = CARTESIAN_POINT('',(0.75,105.09031806743,0.));
#1828 = PCURVE('',#1789,#1829);
#1829 = DEFINITIONAL_REPRESENTATION('',(#1830),#1853);
#1830 = B_SPLINE_CURVE_WITH_KNOTS('',6,(#1831,#1832,#1833,#1834,#1835,
    #1836,#1837,#1838,#1839,#1840,#1841,#1842,#1843,#1844,#1845,#1846,
    #1847,#1848,#1849,#1850,#1851,#1852),.UNSPECIFIED.,.F.,.F.,(7,5,5,5,
    7),(0.,0.249999626619,0.499999816637,0.75000013237,1.),
  .UNSPECIFIED.);
#1831 = CARTESIAN_POINT('',(0.247788830585,105.624709352));
#1832 = CARTESIAN_POINT('',(0.276064586328,105.62464301888));
#1833 = CARTESIAN_POINT('',(0.305441148573,105.62235158917));
#1834 = CARTESIAN_POINT('',(0.335707962167,105.61756565779));
#1835 = CARTESIAN_POINT('',(0.366565242118,105.61004485199));
#1836 = CARTESIAN_POINT('',(0.397611375995,105.59963813845));
#1837 = CARTESIAN_POINT('',(0.459192119621,105.57302164167));
#1838 = CARTESIAN_POINT('',(0.489726609597,105.55681172379));
#1839 = CARTESIAN_POINT('',(0.519561506148,105.53768396037));
#1840 = CARTESIAN_POINT('',(0.548206321896,105.51575344251));
#1841 = CARTESIAN_POINT('',(0.575197429531,105.49130403291));
#1842 = CARTESIAN_POINT('',(0.625149075249,105.43814020593));
#1843 = CARTESIAN_POINT('',(0.648109468103,105.40942593996));
#1844 = CARTESIAN_POINT('',(0.668691955836,105.37896479944));
#1845 = CARTESIAN_POINT('',(0.686631332293,105.34724991764));
#1846 = CARTESIAN_POINT('',(0.701821369523,105.31480180362));
#1847 = CARTESIAN_POINT('',(0.726736605412,105.24937970384));
#1848 = CARTESIAN_POINT('',(0.73646192923,105.21640584335));
#1849 = CARTESIAN_POINT('',(0.743471372658,105.18364044484));
#1850 = CARTESIAN_POINT('',(0.747908423458,105.15150851157));
#1851 = CARTESIAN_POINT('',(0.75,105.12032692833));
#1852 = CARTESIAN_POINT('',(0.75,105.09031806743));
#1853 = ( GEOMETRIC_REPRESENTATION_CONTEXT(2) 
PARAMETRIC_REPRESENTATION_CONTEXT() REPRESENTATION_CONTEXT('2D SPACE',''
  ) );
#1854 = ORIENTED_EDGE('',*,*,#1855,.T.);
#1855 = EDGE_CURVE('',#1802,#1856,#1858,.T.);
#1856 = VERTEX_POINT('',#1857);
#1857 = CARTESIAN_POINT('',(-0.247788830585,105.624709352,0.));
#1858 = SURFACE_CURVE('',#1859,(#1864),.PCURVE_S1.);
#1859 = CIRCLE('',#1860,105.625);
#1860 = AXIS2_PLACEMENT_3D('',#1861,#1862,#1863);
#1861 = CARTESIAN_POINT('',(0.,0.,0.));
#1862 = DIRECTION('',(0.,0.,1.));
#1863 = DIRECTION('',(1.,0.,-0.));
#1864 = PCURVE('',#1789,#1865);
#1865 = DEFINITIONAL_REPRESENTATION('',(#1866),#1870);
#1866 = CIRCLE('',#1867,105.625);
#1867 = AXIS2_PLACEMENT_2D('',#1868,#1869);
#1868 = CARTESIAN_POINT('',(0.,0.));
#1869 = DIRECTION('',(1.,0.));
#1870 = ( GEOMETRIC_REPRESENTATION_CONTEXT(2) 
PARAMETRIC_REPRESENTATION_CONTEXT() REPRESENTATION_CONTEXT('2D SPACE',''
  ) );
#1871 = ORIENTED_EDGE('',*,*,#1872,.T.);
#1872 = EDGE_CURVE('',#1856,#1873,#1875,.T.);
#1873 = VERTEX_POINT('',#1874);
#1874 = CARTESIAN_POINT('',(-0.75,105.09031806743,0.));
#1875 = SURFACE_CURVE('',#1876,(#1899),.PCURVE_S1.);
#1876 = B_SPLINE_CURVE_WITH_KNOTS('',6,(#1877,#1878,#1879,#1880,#1881,
    #1882,#1883,#1884,#1885,#1886,#1887,#1888,#1889,#1890,#1891,#1892,
    #1893,#1894,#1895,#1896,#1897,#1898),.UNSPECIFIED.,.F.,.F.,(7,5,5,5,
    7),(0.,0.249999909668,0.499999956704,0.750000033426,1.),
  .UNSPECIFIED.);
#1877 = CARTESIAN_POINT('',(-0.247788830585,105.624709352,0.));
#1878 = CARTESIAN_POINT('',(-0.276064559674,105.62464301894,0.));
#1879 = CARTESIAN_POINT('',(-0.305441103118,105.62235159346,0.));
#1880 = CARTESIAN_POINT('',(-0.335707908752,105.61756566835,0.));
#1881 = CARTESIAN_POINT('',(-0.366565194066,105.61004486699,0.));
#1882 = CARTESIAN_POINT('',(-0.397611346515,105.59963815119,0.));
#1883 = CARTESIAN_POINT('',(-0.459192096632,105.57302165161,0.));
#1884 = CARTESIAN_POINT('',(-0.489726575098,105.55681174318,0.));
#1885 = CARTESIAN_POINT('',(-0.519561471843,105.53768398513,0.));
#1886 = CARTESIAN_POINT('',(-0.5482062965,105.51575346516,0.));
#1887 = CARTESIAN_POINT('',(-0.575197416698,105.49130404656,0.));
#1888 = CARTESIAN_POINT('',(-0.625149078403,105.43814020259,0.));
#1889 = CARTESIAN_POINT('',(-0.648109476031,105.40942593048,0.));
#1890 = CARTESIAN_POINT('',(-0.668691966976,105.37896478297,0.));
#1891 = CARTESIAN_POINT('',(-0.686631342331,105.347249898,0.));
#1892 = CARTESIAN_POINT('',(-0.701821375115,105.314801789,0.));
#1893 = CARTESIAN_POINT('',(-0.726736616621,105.24937967453,0.));
#1894 = CARTESIAN_POINT('',(-0.73646194305,105.21640579383,0.));
#1895 = CARTESIAN_POINT('',(-0.743471382714,105.18364038803,0.));
#1896 = CARTESIAN_POINT('',(-0.747908427605,105.15150846199,0.));
#1897 = CARTESIAN_POINT('',(-0.75,105.12032689871,0.));
#1898 = CARTESIAN_POINT('',(-0.75,105.0903180676,0.));
#1899 = PCURVE('',#1789,#1900);
#1900 = DEFINITIONAL_REPRESENTATION('',(#1901),#1924);
#1901 = B_SPLINE_CURVE_WITH_KNOTS('',6,(#1902,#1903,#1904,#1905,#1906,
    #1907,#1908,#1909,#1910,#1911,#1912,#1913,#1914,#1915,#1916,#1917,
    #1918,#1919,#1920,#1921,#1922,#1923),.UNSPECIFIED.,.F.,.F.,(7,5,5,5,
    7),(0.,0.249999909668,0.499999956704,0.750000033426,1.),
  .UNSPECIFIED.);
#1902 = CARTESIAN_POINT('',(-0.247788830585,105.624709352));
#1903 = CARTESIAN_POINT('',(-0.276064559674,105.62464301894));
#1904 = CARTESIAN_POINT('',(-0.305441103118,105.62235159346));
#1905 = CARTESIAN_POINT('',(-0.335707908752,105.61756566835));
#1906 = CARTESIAN_POINT('',(-0.366565194066,105.61004486699));
#1907 = CARTESIAN_POINT('',(-0.397611346515,105.59963815119));
#1908 = CARTESIAN_POINT('',(-0.459192096632,105.57302165161));
#1909 = CARTESIAN_POINT('',(-0.489726575098,105.55681174318));
#1910 = CARTESIAN_POINT('',(-0.519561471843,105.53768398513));
#1911 = CARTESIAN_POINT('',(-0.5482062965,105.51575346516));
#1912 = CARTESIAN_POINT('',(-0.575197416698,105.49130404656));
#1913 = CARTESIAN_POINT('',(-0.625149078403,105.43814020259));
#1914 = CARTESIAN_POINT('',(-0.648109476031,105.40942593048));
#1915 = CARTESIAN_POINT('',(-0.668691966976,105.37896478297));
#1916 = CARTESIAN_POINT('',(-0.686631342331,105.347249898));
#1917 = CARTESIAN_POINT('',(-0.701821375115,105.314801789));
#1918 = CARTESIAN_POINT('',(-0.726736616621,105.24937967453));
#1919 = CARTESIAN_POINT('',(-0.73646194305,105.21640579383));
#1920 = CARTESIAN_POINT('',(-0.743471382714,105.18364038803));
#1921 = CARTESIAN_POINT('',(-0.747908427605,105.15150846199));
#1922 = CARTESIAN_POINT('',(-0.75,105.12032689871));
#1923 = CARTESIAN_POINT('',(-0.75,105.0903180676));
#1924 = ( GEOMETRIC_REPRESENTATION_CONTEXT(2) 
PARAMETRIC_REPRESENTATION_CONTEXT() REPRESENTATION_CONTEXT('2D SPACE',''
  ) );
#1925 = ORIENTED_EDGE('',*,*,#1926,.F.);
#1926 = EDGE_CURVE('',#1927,#1873,#1929,.T.);
#1927 = VERTEX_POINT('',#1928);
#1928 = CARTESIAN_POINT('',(-0.75,-105.0903180674,0.));
#1929 = SURFACE_CURVE('',#1930,(#1934),.PCURVE_S1.);
#1930 = LINE('',#1931,#1932);
#1931 = CARTESIAN_POINT('',(-0.75,-244.,0.));
#1932 = VECTOR('',#1933,1.);
#1933 = DIRECTION('',(0.,1.,0.));
#1934 = PCURVE('',#1789,#1935);
#1935 = DEFINITIONAL_REPRESENTATION('',(#1936),#1940);
#1936 = LINE('',#1937,#1938);
#1937 = CARTESIAN_POINT('',(-0.75,-244.));
#1938 = VECTOR('',#1939,1.);
#1939 = DIRECTION('',(0.,1.));
#1940 = ( GEOMETRIC_REPRESENTATION_CONTEXT(2) 
PARAMETRIC_REPRESENTATION_CONTEXT() REPRESENTATION_CONTEXT('2D SPACE',''
  ) );
#1941 = ORIENTED_EDGE('',*,*,#1942,.F.);
#1942 = EDGE_CURVE('',#1943,#1927,#1945,.T.);
#1943 = VERTEX_POINT('',#1944);
#1944 = CARTESIAN_POINT('',(-0.247788830585,-105.624709352,0.));
#1945 = SURFACE_CURVE('',#1946,(#1969),.PCURVE_S1.);
#1946 = B_SPLINE_CURVE_WITH_KNOTS('',6,(#1947,#1948,#1949,#1950,#1951,
    #1952,#1953,#1954,#1955,#1956,#1957,#1958,#1959,#1960,#1961,#1962,
    #1963,#1964,#1965,#1966,#1967,#1968),.UNSPECIFIED.,.F.,.F.,(7,5,5,5,
    7),(0.,0.249999909668,0.499999956704,0.750000033426,1.),
  .UNSPECIFIED.);
#1947 = CARTESIAN_POINT('',(-0.247788830585,-105.624709352,0.));
#1948 = CARTESIAN_POINT('',(-0.276064559674,-105.6246430189,0.));
#1949 = CARTESIAN_POINT('',(-0.305441103117,-105.6223515934,0.));
#1950 = CARTESIAN_POINT('',(-0.335707908753,-105.6175656683,0.));
#1951 = CARTESIAN_POINT('',(-0.366565194066,-105.6100448669,0.));
#1952 = CARTESIAN_POINT('',(-0.397611346515,-105.5996381511,0.));
#1953 = CARTESIAN_POINT('',(-0.459192096632,-105.5730216516,0.));
#1954 = CARTESIAN_POINT('',(-0.489726575098,-105.5568117431,0.));
#1955 = CARTESIAN_POINT('',(-0.519561471844,-105.5376839851,0.));
#1956 = CARTESIAN_POINT('',(-0.548206296499,-105.5157534651,0.));
#1957 = CARTESIAN_POINT('',(-0.575197416698,-105.4913040465,0.));
#1958 = CARTESIAN_POINT('',(-0.625149078403,-105.4381402025,0.));
#1959 = CARTESIAN_POINT('',(-0.648109476031,-105.4094259304,0.));
#1960 = CARTESIAN_POINT('',(-0.668691966975,-105.3789647829,0.));
#1961 = CARTESIAN_POINT('',(-0.686631342331,-105.347249898,0.));
#1962 = CARTESIAN_POINT('',(-0.701821375115,-105.314801789,0.));
#1963 = CARTESIAN_POINT('',(-0.726736616621,-105.2493796745,0.));
#1964 = CARTESIAN_POINT('',(-0.73646194305,-105.2164057938,0.));
#1965 = CARTESIAN_POINT('',(-0.743471382714,-105.183640388,0.));
#1966 = CARTESIAN_POINT('',(-0.747908427605,-105.1515084619,0.));
#1967 = CARTESIAN_POINT('',(-0.75,-105.1203268987,0.));
#1968 = CARTESIAN_POINT('',(-0.75,-105.0903180676,0.));
#1969 = PCURVE('',#1789,#1970);
#1970 = DEFINITIONAL_REPRESENTATION('',(#1971),#1994);
#1971 = B_SPLINE_CURVE_WITH_KNOTS('',6,(#1972,#1973,#1974,#1975,#1976,
    #1977,#1978,#1979,#1980,#1981,#1982,#1983,#1984,#1985,#1986,#1987,
    #1988,#1989,#1990,#1991,#1992,#1993),.UNSPECIFIED.,.F.,.F.,(7,5,5,5,
    7),(0.,0.249999909668,0.499999956704,0.750000033426,1.),
  .UNSPECIFIED.);
#1972 = CARTESIAN_POINT('',(-0.247788830585,-105.624709352));
#1973 = CARTESIAN_POINT('',(-0.276064559674,-105.6246430189));
#1974 = CARTESIAN_POINT('',(-0.305441103117,-105.6223515934));
#1975 = CARTESIAN_POINT('',(-0.335707908753,-105.6175656683));
#1976 = CARTESIAN_POINT('',(-0.366565194066,-105.6100448669));
#1977 = CARTESIAN_POINT('',(-0.397611346515,-105.5996381511));
#1978 = CARTESIAN_POINT('',(-0.459192096632,-105.5730216516));
#1979 = CARTESIAN_POINT('',(-0.489726575098,-105.5568117431));
#1980 = CARTESIAN_POINT('',(-0.519561471844,-105.5376839851));
#1981 = CARTESIAN_POINT('',(-0.548206296499,-105.5157534651));
#1982 = CARTESIAN_POINT('',(-0.575197416698,-105.4913040465));
#1983 = CARTESIAN_POINT('',(-0.625149078403,-105.4381402025));
#1984 = CARTESIAN_POINT('',(-0.648109476031,-105.4094259304));
#1985 = CARTESIAN_POINT('',(-0.668691966975,-105.3789647829));
#1986 = CARTESIAN_POINT('',(-0.686631342331,-105.347249898));
#1987 = CARTESIAN_POINT('',(-0.701821375115,-105.314801789));
#1988 = CARTESIAN_POINT('',(-0.726736616621,-105.2493796745));
#1989 = CARTESIAN_POINT('',(-0.73646194305,-105.2164057938));
#1990 = CARTESIAN_POINT('',(-0.743471382714,-105.183640388));
#1991 = CARTESIAN_POINT('',(-0.747908427605,-105.1515084619));
#1992 = CARTESIAN_POINT('',(-0.75,-105.1203268987));
#1993 = CARTESIAN_POINT('',(-0.75,-105.0903180676));
#1994 = ( GEOMETRIC_REPRESENTATION_CONTEXT(2) 
PARAMETRIC_REPRESENTATION_CONTEXT() REPRESENTATION_CONTEXT('2D SPACE',''
  ) );
#1995 = ORIENTED_EDGE('',*,*,#1996,.T.);
#1996 = EDGE_CURVE('',#1943,#1997,#1999,.T.);
#1997 = VERTEX_POINT('',#1998);
#1998 = CARTESIAN_POINT('',(0.247788830585,-105.624709352,0.));
#1999 = SURFACE_CURVE('',#2000,(#2005),.PCURVE_S1.);
#2000 = CIRCLE('',#2001,105.625);
#2001 = AXIS2_PLACEMENT_3D('',#2002,#2003,#2004);
#2002 = CARTESIAN_POINT('',(0.,0.,0.));
#2003 = DIRECTION('',(0.,0.,1.));
#2004 = DIRECTION('',(1.,0.,-0.));
#2005 = PCURVE('',#1789,#2006);
#2006 = DEFINITIONAL_REPRESENTATION('',(#2007),#2011);
#2007 = CIRCLE('',#2008,105.625);
#2008 = AXIS2_PLACEMENT_2D('',#2009,#2010);
#2009 = CARTESIAN_POINT('',(0.,0.));
#2010 = DIRECTION('',(1.,0.));
#2011 = ( GEOMETRIC_REPRESENTATION_CONTEXT(2) 
PARAMETRIC_REPRESENTATION_CONTEXT() REPRESENTATION_CONTEXT('2D SPACE',''
  ) );
#2012 = ORIENTED_EDGE('',*,*,#2013,.T.);
#2013 = EDGE_CURVE('',#1997,#1779,#2014,.T.);
#2014 = SURFACE_CURVE('',#2015,(#2038),.PCURVE_S1.);
#2015 = B_SPLINE_CURVE_WITH_KNOTS('',6,(#2016,#2017,#2018,#2019,#2020,
    #2021,#2022,#2023,#2024,#2025,#2026,#2027,#2028,#2029,#2030,#2031,
    #2032,#2033,#2034,#2035,#2036,#2037),.UNSPECIFIED.,.F.,.F.,(7,5,5,5,
    7),(0.,0.24999962662,0.499999816638,0.750000132371,1.),
  .UNSPECIFIED.);
#2016 = CARTESIAN_POINT('',(0.247788830585,-105.624709352,0.));
#2017 = CARTESIAN_POINT('',(0.276064586327,-105.6246430188,0.));
#2018 = CARTESIAN_POINT('',(0.305441148573,-105.6223515891,0.));
#2019 = CARTESIAN_POINT('',(0.335707962167,-105.6175656578,0.));
#2020 = CARTESIAN_POINT('',(0.366565242118,-105.6100448519,0.));
#2021 = CARTESIAN_POINT('',(0.397611375995,-105.5996381384,0.));
#2022 = CARTESIAN_POINT('',(0.459192119621,-105.5730216416,0.));
#2023 = CARTESIAN_POINT('',(0.489726609596,-105.5568117237,0.));
#2024 = CARTESIAN_POINT('',(0.519561506148,-105.5376839603,0.));
#2025 = CARTESIAN_POINT('',(0.548206321896,-105.5157534425,0.));
#2026 = CARTESIAN_POINT('',(0.57519742953,-105.4913040329,0.));
#2027 = CARTESIAN_POINT('',(0.625149075249,-105.4381402059,0.));
#2028 = CARTESIAN_POINT('',(0.648109468103,-105.4094259399,0.));
#2029 = CARTESIAN_POINT('',(0.668691955836,-105.3789647994,0.));
#2030 = CARTESIAN_POINT('',(0.686631332293,-105.3472499176,0.));
#2031 = CARTESIAN_POINT('',(0.701821369523,-105.3148018036,0.));
#2032 = CARTESIAN_POINT('',(0.726736605412,-105.2493797038,0.));
#2033 = CARTESIAN_POINT('',(0.73646192923,-105.2164058433,0.));
#2034 = CARTESIAN_POINT('',(0.743471372657,-105.1836404448,0.));
#2035 = CARTESIAN_POINT('',(0.747908423458,-105.1515085115,0.));
#2036 = CARTESIAN_POINT('',(0.75,-105.1203269283,0.));
#2037 = CARTESIAN_POINT('',(0.75,-105.0903180674,0.));
#2038 = PCURVE('',#1789,#2039);
#2039 = DEFINITIONAL_REPRESENTATION('',(#2040),#2063);
#2040 = B_SPLINE_CURVE_WITH_KNOTS('',6,(#2041,#2042,#2043,#2044,#2045,
    #2046,#2047,#2048,#2049,#2050,#2051,#2052,#2053,#2054,#2055,#2056,
    #2057,#2058,#2059,#2060,#2061,#2062),.UNSPECIFIED.,.F.,.F.,(7,5,5,5,
    7),(0.,0.24999962662,0.499999816638,0.750000132371,1.),
  .UNSPECIFIED.);
#2041 = CARTESIAN_POINT('',(0.247788830585,-105.624709352));
#2042 = CARTESIAN_POINT('',(0.276064586327,-105.6246430188));
#2043 = CARTESIAN_POINT('',(0.305441148573,-105.6223515891));
#2044 = CARTESIAN_POINT('',(0.335707962167,-105.6175656578));
#2045 = CARTESIAN_POINT('',(0.366565242118,-105.6100448519));
#2046 = CARTESIAN_POINT('',(0.397611375995,-105.5996381384));
#2047 = CARTESIAN_POINT('',(0.459192119621,-105.5730216416));
#2048 = CARTESIAN_POINT('',(0.489726609596,-105.5568117237));
#2049 = CARTESIAN_POINT('',(0.519561506148,-105.5376839603));
#2050 = CARTESIAN_POINT('',(0.548206321896,-105.5157534425));
#2051 = CARTESIAN_POINT('',(0.57519742953,-105.4913040329));
#2052 = CARTESIAN_POINT('',(0.625149075249,-105.4381402059));
#2053 = CARTESIAN_POINT('',(0.648109468103,-105.4094259399));
#2054 = CARTESIAN_POINT('',(0.668691955836,-105.3789647994));
#2055 = CARTESIAN_POINT('',(0.686631332293,-105.3472499176));
#2056 = CARTESIAN_POINT('',(0.701821369523,-105.3148018036));
#2057 = CARTESIAN_POINT('',(0.726736605412,-105.2493797038));
#2058 = CARTESIAN_POINT('',(0.73646192923,-105.2164058433));
#2059 = CARTESIAN_POINT('',(0.743471372657,-105.1836404448));
#2060 = CARTESIAN_POINT('',(0.747908423458,-105.1515085115));
#2061 = CARTESIAN_POINT('',(0.75,-105.1203269283));
#2062 = CARTESIAN_POINT('',(0.75,-105.0903180674));
#2063 = ( GEOMETRIC_REPRESENTATION_CONTEXT(2) 
PARAMETRIC_REPRESENTATION_CONTEXT() REPRESENTATION_CONTEXT('2D SPACE',''
  ) );
#2064 = ( GEOMETRIC_REPRESENTATION_CONTEXT(3) 
GLOBAL_UNCERTAINTY_ASSIGNED_CONTEXT((#2068)) 
GLOBAL_UNIT_ASSIGNED_CONTEXT((#2065,#2066,#2067)) REPRESENTATION_CONTEXT
('Context #1','3D Context with UNIT and UNCERTAINTY') );
#2065 = ( LENGTH_UNIT() NAMED_UNIT(*) SI_UNIT(.MILLI.,.METRE.) );
#2066 = ( NAMED_UNIT(*) PLANE_ANGLE_UNIT() SI_UNIT($,.RADIAN.) );
#2067 = ( NAMED_UNIT(*) SI_UNIT($,.STERADIAN.) SOLID_ANGLE_UNIT() );
#2068 = UNCERTAINTY_MEASURE_WITH_UNIT(LENGTH_MEASURE(2.E-05),#2065,
  'distance_accuracy_value','confusion accuracy');
#2069 = CONTEXT_DEPENDENT_SHAPE_REPRESENTATION(#2070,#2072);
#2070 = ( REPRESENTATION_RELATIONSHIP('','',#1771,#10) 
REPRESENTATION_RELATIONSHIP_WITH_TRANSFORMATION(#2071) 
SHAPE_REPRESENTATION_RELATIONSHIP() );
#2071 = ITEM_DEFINED_TRANSFORMATION('','',#11,#47);
#2072 = PRODUCT_DEFINITION_SHAPE('Placement','Placement of an item',
  #2073);
#2073 = NEXT_ASSEMBLY_USAGE_OCCURRENCE('9','','',#5,#1766,$);
#2074 = PRODUCT_RELATED_PRODUCT_CATEGORY('part',$,(#1768));
#2075 = SHAPE_DEFINITION_REPRESENTATION(#2076,#2082);
#2076 = PRODUCT_DEFINITION_SHAPE('','',#2077);
#2077 = PRODUCT_DEFINITION('design','',#2078,#2081);
#2078 = PRODUCT_DEFINITION_FORMATION('','',#2079);
#2079 = PRODUCT('Open CASCADE STEP translator 7.8 1.10',
  'Open CASCADE STEP translator 7.8 1.10','',(#2080));
#2080 = PRODUCT_CONTEXT('',#2,'mechanical');
#2081 = PRODUCT_DEFINITION_CONTEXT('part definition',#2,'design');
#2082 = MANIFOLD_SURFACE_SHAPE_REPRESENTATION('',(#11,#2083),#2394);
#2083 = SHELL_BASED_SURFACE_MODEL('',(#2084));
#2084 = OPEN_SHELL('',(#2085));
#2085 = ADVANCED_FACE('',(#2086),#2119,.T.);
#2086 = FACE_BOUND('',#2087,.T.);
#2087 = EDGE_LOOP('',(#2088,#2271,#2326,#2341));
#2088 = ORIENTED_EDGE('',*,*,#2089,.T.);
#2089 = EDGE_CURVE('',#2090,#2092,#2094,.T.);
#2090 = VERTEX_POINT('',#2091);
#2091 = CARTESIAN_POINT('',(0.247788830585,105.624709352,0.));
#2092 = VERTEX_POINT('',#2093);
#2093 = CARTESIAN_POINT('',(0.75,105.09031806743,0.));
#2094 = SURFACE_CURVE('',#2095,(#2118),.PCURVE_S1.);
#2095 = B_SPLINE_CURVE_WITH_KNOTS('',6,(#2096,#2097,#2098,#2099,#2100,
    #2101,#2102,#2103,#2104,#2105,#2106,#2107,#2108,#2109,#2110,#2111,
    #2112,#2113,#2114,#2115,#2116,#2117),.UNSPECIFIED.,.F.,.F.,(7,5,5,5,
    7),(0.,0.249999626619,0.499999816637,0.75000013237,1.),
  .UNSPECIFIED.);
#2096 = CARTESIAN_POINT('',(0.247788830585,105.624709352,0.));
#2097 = CARTESIAN_POINT('',(0.276064586328,105.62464301888,0.));
#2098 = CARTESIAN_POINT('',(0.305441148573,105.62235158917,0.));
#2099 = CARTESIAN_POINT('',(0.335707962167,105.61756565779,0.));
#2100 = CARTESIAN_POINT('',(0.366565242118,105.61004485199,0.));
#2101 = CARTESIAN_POINT('',(0.397611375995,105.59963813845,0.));
#2102 = CARTESIAN_POINT('',(0.459192119621,105.57302164167,0.));
#2103 = CARTESIAN_POINT('',(0.489726609597,105.55681172379,0.));
#2104 = CARTESIAN_POINT('',(0.519561506148,105.53768396037,0.));
#2105 = CARTESIAN_POINT('',(0.548206321896,105.51575344251,0.));
#2106 = CARTESIAN_POINT('',(0.575197429531,105.49130403291,0.));
#2107 = CARTESIAN_POINT('',(0.625149075249,105.43814020593,0.));
#2108 = CARTESIAN_POINT('',(0.648109468103,105.40942593996,0.));
#2109 = CARTESIAN_POINT('',(0.668691955836,105.37896479944,0.));
#2110 = CARTESIAN_POINT('',(0.686631332293,105.34724991764,0.));
#2111 = CARTESIAN_POINT('',(0.701821369523,105.31480180362,0.));
#2112 = CARTESIAN_POINT('',(0.726736605412,105.24937970384,0.));
#2113 = CARTESIAN_POINT('',(0.73646192923,105.21640584335,0.));
#2114 = CARTESIAN_POINT('',(0.743471372658,105.18364044484,0.));
#2115 = CARTESIAN_POINT('',(0.747908423458,105.15150851157,0.));
#2116 = CARTESIAN_POINT('',(0.75,105.12032692833,0.));
#2117 = CARTESIAN_POINT('',(0.75,105.09031806743,0.));
#2118 = PCURVE('',#2119,#2246);
#2119 = ( BOUNDED_SURFACE() B_SPLINE_SURFACE(2,11,(
    (#2120,#2121,#2122,#2123,#2124,#2125,#2126,#2127,#2128,#2129,#2130
      ,#2131,#2132,#2133,#2134,#2135,#2136,#2137,#2138,#2139,#2140,#2141
      ,#2142,#2143,#2144,#2145,#2146,#2147,#2148,#2149,#2150,#2151,#2152
      ,#2153,#2154,#2155,#2156,#2157,#2158,#2159,#2160,#2161)
    ,(#2162,#2163,#2164,#2165,#2166,#2167,#2168,#2169,#2170,#2171,#2172
      ,#2173,#2174,#2175,#2176,#2177,#2178,#2179,#2180,#2181,#2182,#2183
      ,#2184,#2185,#2186,#2187,#2188,#2189,#2190,#2191,#2192,#2193,#2194
      ,#2195,#2196,#2197,#2198,#2199,#2200,#2201,#2202,#2203)
    ,(#2204,#2205,#2206,#2207,#2208,#2209,#2210,#2211,#2212,#2213,#2214
      ,#2215,#2216,#2217,#2218,#2219,#2220,#2221,#2222,#2223,#2224,#2225
      ,#2226,#2227,#2228,#2229,#2230,#2231,#2232,#2233,#2234,#2235,#2236
      ,#2237,#2238,#2239,#2240,#2241,#2242,#2243,#2244,#2245
)),.UNSPECIFIED.,.F.,.F.,.F.) B_SPLINE_SURFACE_WITH_KNOTS((3,3),(12,10,
    10,10,12),(0.,199.41912008854),(-7.79283366508,-4.978268307251E-02,
    0.,99.684668702734,199.36933740546),.UNSPECIFIED.) 
GEOMETRIC_REPRESENTATION_ITEM() RATIONAL_B_SPLINE_SURFACE((
    (1.,1.,1.,1.,1.,1.,1.,1.,1.,1.,1.,1.,1.,1.,1.,1.,1.,1.,1.,1.,1.,1.
      ,1.,1.,1.,1.,1.,1.,1.,1.,1.,1.,1.,1.,1.,1.,1.,1.,1.,1.,1.,1.)
    ,(0.675514360568,0.674540751636,0.67376186449,0.673177699131
      ,0.672788255558,0.672593533772,0.672593533772,0.672788255558
      ,0.673177699131,0.67376186449,0.674540751636,0.675520620228
      ,0.675526880008,0.675533139907,0.675539399929,0.675545660067
      ,0.675551920329,0.675558180707,0.675564441209,0.675570701829
      ,0.67557696257,0.688119948553,0.701138100107,0.714633986922
      ,0.728598768578,0.74301591672,0.757856486797,0.773072750269
      ,0.788590737275,0.804302239822,0.820056825502,0.851251998028
      ,0.866692480126,0.881777959069,0.896253004011,0.909832202811
      ,0.922130854281,0.932745122633,0.941262369057,0.94703480121
      ,0.94991461176,0.94991461176)
    ,(1.,1.,1.,1.,1.,1.,1.,1.,1.,1.,1.,1.,1.,1.,1.,1.,1.,1.,1.,1.,1.,1.
      ,1.,1.,1.,1.,1.,1.,1.,1.,1.,1.,1.,1.,1.,1.,1.,1.,1.,1.,1.,1.
))) REPRESENTATION_ITEM('') SURFACE() );
#2120 = CARTESIAN_POINT('',(-3.155839717639,111.98264733555,
    14.668727467476));
#2121 = CARTESIAN_POINT('',(-2.846416938798,111.40464923529,
    13.335198161707));
#2122 = CARTESIAN_POINT('',(-2.536994560303,110.82665188266,
    12.001670581319));
#2123 = CARTESIAN_POINT('',(-2.227572582154,110.24865527765,
    10.668144726313));
#2124 = CARTESIAN_POINT('',(-1.918151004351,109.67065942026,
    9.334620596688));
#2125 = CARTESIAN_POINT('',(-1.608729826894,109.0926643105,
    8.001098192445));
#2126 = CARTESIAN_POINT('',(-1.299309049782,108.51466994835,
    6.667577513584));
#2127 = CARTESIAN_POINT('',(-0.989888673017,107.93667633384,
    5.334058560104));
#2128 = CARTESIAN_POINT('',(-0.680468696598,107.35868346694,
    4.000541332006));
#2129 = CARTESIAN_POINT('',(-0.371049120524,106.78069134767,
    2.667025829289));
#2130 = CARTESIAN_POINT('',(-6.162994479646E-02,106.20269997602,
    1.333512051954));
#2131 = CARTESIAN_POINT('',(0.249778188122,105.62099325558,
    -8.573598186302E-03));
#2132 = CARTESIAN_POINT('',(0.251767450315,105.61727729686,
    -1.714678285005E-02));
#2133 = CARTESIAN_POINT('',(0.253756617156,105.61356147567,
    -2.571955396543E-02));
#2134 = CARTESIAN_POINT('',(0.255745688688,105.60984579235,
    -3.42919116993E-02));
#2135 = CARTESIAN_POINT('',(0.257734664854,105.60613024633,
    -4.286385584136E-02));
#2136 = CARTESIAN_POINT('',(0.259723545752,105.60241483829,
    -5.143538675935E-02));
#2137 = CARTESIAN_POINT('',(0.261712331287,105.59869956752,
    -6.000650410956E-02));
#2138 = CARTESIAN_POINT('',(0.263701021558,105.59498443458,
    -6.857720825835E-02));
#2139 = CARTESIAN_POINT('',(0.265689616507,105.59126943908,
    -7.714749899943E-02));
#2140 = CARTESIAN_POINT('',(0.267678116177,105.58755458121,
    -8.571737649223E-02));
#2141 = CARTESIAN_POINT('',(4.251240434576,98.145496984019,
    -17.25375173541));
#2142 = CARTESIAN_POINT('',(7.850761460831,91.258698568743,
    -32.75619843483));
#2143 = CARTESIAN_POINT('',(11.116161581275,84.843878047602,
    -46.80885669806));
#2144 = CARTESIAN_POINT('',(14.086697906325,78.834458326257,
    -59.5814475377));
#2145 = CARTESIAN_POINT('',(16.794412550073,73.174498673025,
    -71.21251221398));
#2146 = CARTESIAN_POINT('',(19.265418117848,67.816620574823,
    -81.81500787432));
#2147 = CARTESIAN_POINT('',(21.52099533374,62.720199878979,
    -91.48110915964));
#2148 = CARTESIAN_POINT('',(23.578489333932,57.849812535603,
    -100.2861550913));
#2149 = CARTESIAN_POINT('',(25.451991153907,53.173921262182,
    -108.2916805625));
#2150 = CARTESIAN_POINT('',(27.152790935329,48.663790444189,
    -115.5474717468));
#2151 = CARTESIAN_POINT('',(30.226387825216,39.921442740941,
    -128.6376977474));
#2152 = CARTESIAN_POINT('',(31.599173809036,35.689111836162,
    -134.4720849253));
#2153 = CARTESIAN_POINT('',(32.816793581017,31.569798946849,
    -139.6354123216));
#2154 = CARTESIAN_POINT('',(33.88486489606,27.533912267854,
    -144.1539121297));
#2155 = CARTESIAN_POINT('',(34.808554464374,23.571266269907,
    -148.052202863));
#2156 = CARTESIAN_POINT('',(35.587357062887,19.62853082665,
    -151.3313180617));
#2157 = CARTESIAN_POINT('',(36.221703949262,15.729789677543,
    -153.9966252841));
#2158 = CARTESIAN_POINT('',(36.70939673031,11.793157803169,
    -156.0423556322));
#2159 = CARTESIAN_POINT('',(37.032890683966,7.851943150554,
    -157.3981969188));
#2160 = CARTESIAN_POINT('',(37.194942302674,3.926605342954,
    -158.0774823966));
#2161 = CARTESIAN_POINT('',(37.194942302672,0.,-158.0774823966));
#2162 = CARTESIAN_POINT('',(-2.66128509488,112.03640993222,
    14.759684317767));
#2163 = CARTESIAN_POINT('',(-2.357591450635,111.46548704299,
    13.445686163496));
#2164 = CARTESIAN_POINT('',(-2.052215464066,110.89140146742,
    12.12440898067));
#2165 = CARTESIAN_POINT('',(-1.745416292612,110.31464040344,
    10.796974071635));
#2166 = CARTESIAN_POINT('',(-1.437456615237,109.7356976692,
    9.464517975405));
#2167 = CARTESIAN_POINT('',(-1.128601887246,109.15507230216,
    8.128189243442));
#2168 = CARTESIAN_POINT('',(-0.819119579801,108.57326712949,
    6.789145149277));
#2169 = CARTESIAN_POINT('',(-0.509278408718,107.99078731818,
    5.448548351693));
#2170 = CARTESIAN_POINT('',(-0.199347557176,107.40813891386,
    4.107563531646));
#2171 = CARTESIAN_POINT('',(0.110404102907,106.825827377,2.767354023332)
  );
#2172 = CARTESIAN_POINT('',(0.419708786142,106.24435612546,
    1.429078459845));
#2173 = CARTESIAN_POINT('',(0.730281723426,105.66050064469,
    8.531551290378E-02));
#2174 = CARTESIAN_POINT('',(0.732262794077,105.65677632798,
    7.674396974505E-02));
#2175 = CARTESIAN_POINT('',(0.734243772814,105.65305214215,
    6.817282427245E-02));
#2176 = CARTESIAN_POINT('',(0.736224659707,105.64932808702,
    5.960207617937E-02));
#2177 = CARTESIAN_POINT('',(0.738205454653,105.64560416289,
    5.103172592763E-02));
#2178 = CARTESIAN_POINT('',(0.740186157807,105.64188036931,
    4.24617728099E-02));
#2179 = CARTESIAN_POINT('',(0.742166769017,105.63815670675,
    3.389221754016E-02));
#2180 = CARTESIAN_POINT('',(0.744147288425,105.63443317478,
    2.53230594422E-02));
#2181 = CARTESIAN_POINT('',(0.746127715948,105.63070977367,
    1.675429892882E-02));
#2182 = CARTESIAN_POINT('',(0.748108051637,105.62698650327,
    8.185935741949E-03));
#2183 = CARTESIAN_POINT('',(4.643043677549,98.303954382419,
    -16.84412006608));
#2184 = CARTESIAN_POINT('',(8.178412813789,91.49494027162,
    -32.14068161049));
#2185 = CARTESIAN_POINT('',(11.399106638677,85.123954074549,
    -46.07573037334));
#2186 = CARTESIAN_POINT('',(14.340336737128,79.130089828171,
    -58.80161711484));
#2187 = CARTESIAN_POINT('',(17.030912807516,73.461705931767,
    -70.44299340815));
#2188 = CARTESIAN_POINT('',(19.494270478098,68.074727844851,
    -81.10125871561));
#2189 = CARTESIAN_POINT('',(21.74930479559,62.931256988308,
    -90.85816666302));
#2190 = CARTESIAN_POINT('',(23.811051786052,57.99844086588,
    -99.77877396404));
#2191 = CARTESIAN_POINT('',(25.691238192218,53.247590776002,
    -107.9138189815));
#2192 = CARTESIAN_POINT('',(27.39870434889,48.653554062166,
    -115.3015513919));
#2193 = CARTESIAN_POINT('',(30.424213885699,39.898582825388,
    -128.3920918842));
#2194 = CARTESIAN_POINT('',(31.757355842532,35.718750989727,
    -134.1602273191));
#2195 = CARTESIAN_POINT('',(32.945785170732,31.631803416077,
    -139.302231353));
#2196 = CARTESIAN_POINT('',(33.992951788429,27.609414356713,
    -143.8330308247));
#2197 = CARTESIAN_POINT('',(34.902274557854,23.646725410602,
    -147.7674182028));
#2198 = CARTESIAN_POINT('',(35.670968330487,19.686867233002,
    -151.093342922));
#2199 = CARTESIAN_POINT('',(36.297762996449,15.768002892289,
    -153.8053095694));
#2200 = CARTESIAN_POINT('',(36.77937216483,11.800221948209,
    -155.889098843));
#2201 = CARTESIAN_POINT('',(37.096418150191,7.836020385657,
    -157.2608688734));
#2202 = CARTESIAN_POINT('',(37.253754971103,3.906176600206,
    -157.9416216524));
#2203 = CARTESIAN_POINT('',(37.253754971103,1.42108547152E-14,
    -157.9416216524));
#2204 = CARTESIAN_POINT('',(-2.705661231925,111.57088629246,
    14.951687550984));
#2205 = CARTESIAN_POINT('',(-2.397347620519,110.99269270287,
    13.617700080586));
#2206 = CARTESIAN_POINT('',(-2.089045058895,110.41451983518,
    12.28376041952));
#2207 = CARTESIAN_POINT('',(-1.780753547052,109.83636768939,
    10.949868567787));
#2208 = CARTESIAN_POINT('',(-1.47247308499,109.25823626551,
    9.616024525387));
#2209 = CARTESIAN_POINT('',(-1.16420367271,108.68012556354,
    8.282228292319));
#2210 = CARTESIAN_POINT('',(-0.855945310211,108.10203558347,
    6.948479868583));
#2211 = CARTESIAN_POINT('',(-0.547697997494,107.5239663253,
    5.614779254179));
#2212 = CARTESIAN_POINT('',(-0.239461734558,106.94591778904,
    4.281126449108));
#2213 = CARTESIAN_POINT('',(6.876347859656E-02,106.36788997469,
    2.947521453369));
#2214 = CARTESIAN_POINT('',(0.37697764197,105.78988288224,1.613964266963
    ));
#2215 = CARTESIAN_POINT('',(0.687162297199,105.20818044262,0.2718813089)
  );
#2216 = CARTESIAN_POINT('',(0.689143743257,105.20446451141,
    0.263308141452));
#2217 = CARTESIAN_POINT('',(0.691125093754,105.20074871789,
    0.254735387494));
#2218 = CARTESIAN_POINT('',(0.69310634867,105.19703306242,0.246163047047
    ));
#2219 = CARTESIAN_POINT('',(0.695087508057,105.19331754438,
    0.237591119979));
#2220 = CARTESIAN_POINT('',(0.697068571864,105.18960216453,
    0.229019606406));
#2221 = CARTESIAN_POINT('',(0.699049540158,105.18588692207,
    0.220448506129));
#2222 = CARTESIAN_POINT('',(0.7010304129,105.18217181764,0.211877819267)
  );
#2223 = CARTESIAN_POINT('',(0.703011190123,105.17845685079,
    0.203307545685));
#2224 = CARTESIAN_POINT('',(0.704991871824,105.17474202173,
    0.194737685405));
#2225 = CARTESIAN_POINT('',(4.672891245734,97.732742486668,
    -16.97326221393));
#2226 = CARTESIAN_POINT('',(8.255837001872,90.846657975907,
    -32.47567459493));
#2227 = CARTESIAN_POINT('',(11.503704633601,84.433335137695,
    -46.52829688198));
#2228 = CARTESIAN_POINT('',(14.455719913688,78.426349569475,
    -59.30084811264));
#2229 = CARTESIAN_POINT('',(17.14390278168,72.769936995394,
    -70.93186968303));
#2230 = CARTESIAN_POINT('',(19.594360333565,67.416924355468,
    -81.5343197554));
#2231 = CARTESIAN_POINT('',(21.82839596644,62.326928666304,
    -91.20037221946));
#2232 = CARTESIAN_POINT('',(23.86342114233,57.464806199222,
    -100.0053616414));
#2233 = CARTESIAN_POINT('',(25.713656238192,52.799334529251,
    -108.0108156477));
#2234 = CARTESIAN_POINT('',(27.390606946279,48.30211000007,
    -115.2665161771));
#2235 = CARTESIAN_POINT('',(30.415998436439,39.591176314644,
    -128.3565459142));
#2236 = CARTESIAN_POINT('',(31.764428493117,35.377345822781,
    -134.1908287162));
#2237 = CARTESIAN_POINT('',(32.957760095777,31.279701900652,
    -139.3540435319));
#2238 = CARTESIAN_POINT('',(34.002080265034,27.26866387213,
    -143.8725272107));
#2239 = CARTESIAN_POINT('',(34.903024946262,23.335053407226,
    -147.7706649253));
#2240 = CARTESIAN_POINT('',(35.661033779176,19.424093251807,
    -151.0503588743));
#2241 = CARTESIAN_POINT('',(36.276997883042,15.561873051345,
    -153.715464684));
#2242 = CARTESIAN_POINT('',(36.750240384388,11.663933429472,
    -155.7630537102));
#2243 = CARTESIAN_POINT('',(37.063605722109,7.76297843957,
    -157.1188985993));
#2244 = CARTESIAN_POINT('',(37.220417550811,3.8807890474,-157.7973798826
    ));
#2245 = CARTESIAN_POINT('',(37.220417550809,0.,-157.7973798826));
#2246 = DEFINITIONAL_REPRESENTATION('',(#2247),#2270);
#2247 = B_SPLINE_CURVE_WITH_KNOTS('',6,(#2248,#2249,#2250,#2251,#2252,
    #2253,#2254,#2255,#2256,#2257,#2258,#2259,#2260,#2261,#2262,#2263,
    #2264,#2265,#2266,#2267,#2268,#2269),.UNSPECIFIED.,.F.,.F.,(7,5,5,5,
    7),(0.,0.249999626619,0.499999816637,0.75000013237,1.),
  .UNSPECIFIED.);
#2248 = CARTESIAN_POINT('',(0.,-4.978268307251E-02));
#2249 = CARTESIAN_POINT('',(8.309140387033,-4.699281329762E-02));
#2250 = CARTESIAN_POINT('',(16.61827690332,-4.368381470271E-02));
#2251 = CARTESIAN_POINT('',(24.927409171221,-3.982655102759E-02));
#2252 = CARTESIAN_POINT('',(33.236537012578,-3.540598075122E-02));
#2253 = CARTESIAN_POINT('',(41.545660551285,-3.043352277775E-02));
#2254 = CARTESIAN_POINT('',(58.163918217426,-1.946612634219E-02));
#2255 = CARTESIAN_POINT('',(66.473052450411,-1.347117466978E-02));
#2256 = CARTESIAN_POINT('',(74.78218289713,-7.005427654923E-03));
#2257 = CARTESIAN_POINT('',(83.091310273762,-1.381746305125E-04));
#2258 = CARTESIAN_POINT('',(91.400435664117,7.032718369772E-03));
#2259 = CARTESIAN_POINT('',(108.01868863665,2.176807293441E-02));
#2260 = CARTESIAN_POINT('',(116.32781630181,2.933249234275E-02));
#2261 = CARTESIAN_POINT('',(124.63694409801,3.698687918873E-02));
#2262 = CARTESIAN_POINT('',(132.94607333276,4.461405439567E-02));
#2263 = CARTESIAN_POINT('',(141.25520510488,5.210730750862E-02));
#2264 = CARTESIAN_POINT('',(157.87346016649,6.66552210851E-02));
#2265 = CARTESIAN_POINT('',(166.18258352194,7.370987055843E-02));
#2266 = CARTESIAN_POINT('',(174.4917108524,8.04596084272E-02));
#2267 = CARTESIAN_POINT('',(182.80084268717,8.683981901345E-02));
#2268 = CARTESIAN_POINT('',(191.10997915561,9.281406748688E-02));
#2269 = CARTESIAN_POINT('',(199.41912008854,9.836606412307E-02));
#2270 = ( GEOMETRIC_REPRESENTATION_CONTEXT(2) 
PARAMETRIC_REPRESENTATION_CONTEXT() REPRESENTATION_CONTEXT('2D SPACE',''
  ) );
#2271 = ORIENTED_EDGE('',*,*,#2272,.T.);
#2272 = EDGE_CURVE('',#2092,#2273,#2275,.T.);
#2273 = VERTEX_POINT('',#2274);
#2274 = CARTESIAN_POINT('',(37.220417550809,0.,-157.7973798826));
#2275 = SURFACE_CURVE('',#2276,(#2319),.PCURVE_S1.);
#2276 = B_SPLINE_CURVE_WITH_KNOTS('',11,(#2277,#2278,#2279,#2280,#2281,
    #2282,#2283,#2284,#2285,#2286,#2287,#2288,#2289,#2290,#2291,#2292,
    #2293,#2294,#2295,#2296,#2297,#2298,#2299,#2300,#2301,#2302,#2303,
    #2304,#2305,#2306,#2307,#2308,#2309,#2310,#2311,#2312,#2313,#2314,
    #2315,#2316,#2317,#2318),.UNSPECIFIED.,.F.,.F.,(12,10,10,10,12),(
    -7.79283366508,-4.978268307251E-02,0.,99.684668702734,
    199.36933740546),.UNSPECIFIED.);
#2277 = CARTESIAN_POINT('',(-2.705661231925,111.57088629246,
    14.951687550984));
#2278 = CARTESIAN_POINT('',(-2.397347620519,110.99269270287,
    13.617700080586));
#2279 = CARTESIAN_POINT('',(-2.089045058895,110.41451983518,
    12.28376041952));
#2280 = CARTESIAN_POINT('',(-1.780753547052,109.83636768939,
    10.949868567787));
#2281 = CARTESIAN_POINT('',(-1.47247308499,109.25823626551,
    9.616024525387));
#2282 = CARTESIAN_POINT('',(-1.16420367271,108.68012556354,
    8.282228292319));
#2283 = CARTESIAN_POINT('',(-0.855945310211,108.10203558347,
    6.948479868583));
#2284 = CARTESIAN_POINT('',(-0.547697997494,107.5239663253,
    5.614779254179));
#2285 = CARTESIAN_POINT('',(-0.239461734558,106.94591778904,
    4.281126449108));
#2286 = CARTESIAN_POINT('',(6.876347859656E-02,106.36788997469,
    2.947521453369));
#2287 = CARTESIAN_POINT('',(0.37697764197,105.78988288224,1.613964266963
    ));
#2288 = CARTESIAN_POINT('',(0.687162297199,105.20818044262,0.2718813089)
  );
#2289 = CARTESIAN_POINT('',(0.689143743257,105.20446451141,
    0.263308141452));
#2290 = CARTESIAN_POINT('',(0.691125093754,105.20074871789,
    0.254735387494));
#2291 = CARTESIAN_POINT('',(0.69310634867,105.19703306242,0.246163047047
    ));
#2292 = CARTESIAN_POINT('',(0.695087508057,105.19331754438,
    0.237591119979));
#2293 = CARTESIAN_POINT('',(0.697068571864,105.18960216453,
    0.229019606406));
#2294 = CARTESIAN_POINT('',(0.699049540158,105.18588692207,
    0.220448506129));
#2295 = CARTESIAN_POINT('',(0.7010304129,105.18217181764,0.211877819267)
  );
#2296 = CARTESIAN_POINT('',(0.703011190123,105.17845685079,
    0.203307545685));
#2297 = CARTESIAN_POINT('',(0.704991871824,105.17474202173,
    0.194737685405));
#2298 = CARTESIAN_POINT('',(4.672891245734,97.732742486668,
    -16.97326221393));
#2299 = CARTESIAN_POINT('',(8.255837001872,90.846657975907,
    -32.47567459493));
#2300 = CARTESIAN_POINT('',(11.503704633601,84.433335137695,
    -46.52829688198));
#2301 = CARTESIAN_POINT('',(14.455719913688,78.426349569475,
    -59.30084811264));
#2302 = CARTESIAN_POINT('',(17.14390278168,72.769936995394,
    -70.93186968303));
#2303 = CARTESIAN_POINT('',(19.594360333565,67.416924355468,
    -81.5343197554));
#2304 = CARTESIAN_POINT('',(21.82839596644,62.326928666304,
    -91.20037221946));
#2305 = CARTESIAN_POINT('',(23.86342114233,57.464806199222,
    -100.0053616414));
#2306 = CARTESIAN_POINT('',(25.713656238192,52.799334529251,
    -108.0108156477));
#2307 = CARTESIAN_POINT('',(27.390606946279,48.30211000007,
    -115.2665161771));
#2308 = CARTESIAN_POINT('',(30.415998436439,39.591176314644,
    -128.3565459142));
#2309 = CARTESIAN_POINT('',(31.764428493117,35.377345822781,
    -134.1908287162));
#2310 = CARTESIAN_POINT('',(32.957760095777,31.279701900652,
    -139.3540435319));
#2311 = CARTESIAN_POINT('',(34.002080265034,27.26866387213,
    -143.8725272107));
#2312 = CARTESIAN_POINT('',(34.903024946262,23.335053407226,
    -147.7706649253));
#2313 = CARTESIAN_POINT('',(35.661033779176,19.424093251807,
    -151.0503588743));
#2314 = CARTESIAN_POINT('',(36.276997883042,15.561873051345,
    -153.715464684));
#2315 = CARTESIAN_POINT('',(36.750240384388,11.663933429472,
    -155.7630537102));
#2316 = CARTESIAN_POINT('',(37.063605722109,7.76297843957,
    -157.1188985993));
#2317 = CARTESIAN_POINT('',(37.220417550811,3.8807890474,-157.7973798826
    ));
#2318 = CARTESIAN_POINT('',(37.220417550809,0.,-157.7973798826));
#2319 = PCURVE('',#2119,#2320);
#2320 = DEFINITIONAL_REPRESENTATION('',(#2321),#2325);
#2321 = LINE('',#2322,#2323);
#2322 = CARTESIAN_POINT('',(199.41912008854,0.));
#2323 = VECTOR('',#2324,1.);
#2324 = DIRECTION('',(0.,1.));
#2325 = ( GEOMETRIC_REPRESENTATION_CONTEXT(2) 
PARAMETRIC_REPRESENTATION_CONTEXT() REPRESENTATION_CONTEXT('2D SPACE',''
  ) );
#2326 = ORIENTED_EDGE('',*,*,#2327,.F.);
#2327 = EDGE_CURVE('',#2328,#2273,#2330,.T.);
#2328 = VERTEX_POINT('',#2329);
#2329 = CARTESIAN_POINT('',(37.194942302672,0.,-158.0774823966));
#2330 = SURFACE_CURVE('',#2331,(#2335),.PCURVE_S1.);
#2331 = ( BOUNDED_CURVE() B_SPLINE_CURVE(2,(#2332,#2333,#2334),
.UNSPECIFIED.,.F.,.F.) B_SPLINE_CURVE_WITH_KNOTS((3,3),(0.,
199.41912008854),.PIECEWISE_BEZIER_KNOTS.) CURVE() 
GEOMETRIC_REPRESENTATION_ITEM() RATIONAL_B_SPLINE_CURVE((1.,
0.94991461176,1.)) REPRESENTATION_ITEM('') );
#2332 = CARTESIAN_POINT('',(37.194942302672,0.,-158.0774823966));
#2333 = CARTESIAN_POINT('',(37.253754971103,1.42108547152E-14,
    -157.9416216524));
#2334 = CARTESIAN_POINT('',(37.220417550809,0.,-157.7973798826));
#2335 = PCURVE('',#2119,#2336);
#2336 = DEFINITIONAL_REPRESENTATION('',(#2337),#2340);
#2337 = B_SPLINE_CURVE_WITH_KNOTS('',1,(#2338,#2339),.UNSPECIFIED.,.F.,
  .F.,(2,2),(0.,199.41912008854),.PIECEWISE_BEZIER_KNOTS.);
#2338 = CARTESIAN_POINT('',(0.,199.36933740546));
#2339 = CARTESIAN_POINT('',(199.41912008854,199.36933740546));
#2340 = ( GEOMETRIC_REPRESENTATION_CONTEXT(2) 
PARAMETRIC_REPRESENTATION_CONTEXT() REPRESENTATION_CONTEXT('2D SPACE',''
  ) );
#2341 = ORIENTED_EDGE('',*,*,#2342,.F.);
#2342 = EDGE_CURVE('',#2090,#2328,#2343,.T.);
#2343 = SURFACE_CURVE('',#2344,(#2387),.PCURVE_S1.);
#2344 = B_SPLINE_CURVE_WITH_KNOTS('',11,(#2345,#2346,#2347,#2348,#2349,
    #2350,#2351,#2352,#2353,#2354,#2355,#2356,#2357,#2358,#2359,#2360,
    #2361,#2362,#2363,#2364,#2365,#2366,#2367,#2368,#2369,#2370,#2371,
    #2372,#2373,#2374,#2375,#2376,#2377,#2378,#2379,#2380,#2381,#2382,
    #2383,#2384,#2385,#2386),.UNSPECIFIED.,.F.,.F.,(12,10,10,10,12),(
    -7.79283366508,-4.978268307251E-02,0.,99.684668702734,
    199.36933740546),.UNSPECIFIED.);
#2345 = CARTESIAN_POINT('',(-3.155839717639,111.98264733555,
    14.668727467476));
#2346 = CARTESIAN_POINT('',(-2.846416938798,111.40464923529,
    13.335198161707));
#2347 = CARTESIAN_POINT('',(-2.536994560303,110.82665188266,
    12.001670581319));
#2348 = CARTESIAN_POINT('',(-2.227572582154,110.24865527765,
    10.668144726313));
#2349 = CARTESIAN_POINT('',(-1.918151004351,109.67065942026,
    9.334620596688));
#2350 = CARTESIAN_POINT('',(-1.608729826894,109.0926643105,
    8.001098192445));
#2351 = CARTESIAN_POINT('',(-1.299309049782,108.51466994835,
    6.667577513584));
#2352 = CARTESIAN_POINT('',(-0.989888673017,107.93667633384,
    5.334058560104));
#2353 = CARTESIAN_POINT('',(-0.680468696598,107.35868346694,
    4.000541332006));
#2354 = CARTESIAN_POINT('',(-0.371049120524,106.78069134767,
    2.667025829289));
#2355 = CARTESIAN_POINT('',(-6.162994479646E-02,106.20269997602,
    1.333512051954));
#2356 = CARTESIAN_POINT('',(0.249778188122,105.62099325558,
    -8.573598186302E-03));
#2357 = CARTESIAN_POINT('',(0.251767450315,105.61727729686,
    -1.714678285005E-02));
#2358 = CARTESIAN_POINT('',(0.253756617156,105.61356147567,
    -2.571955396543E-02));
#2359 = CARTESIAN_POINT('',(0.255745688688,105.60984579235,
    -3.42919116993E-02));
#2360 = CARTESIAN_POINT('',(0.257734664854,105.60613024633,
    -4.286385584136E-02));
#2361 = CARTESIAN_POINT('',(0.259723545752,105.60241483829,
    -5.143538675935E-02));
#2362 = CARTESIAN_POINT('',(0.261712331287,105.59869956752,
    -6.000650410956E-02));
#2363 = CARTESIAN_POINT('',(0.263701021558,105.59498443458,
    -6.857720825835E-02));
#2364 = CARTESIAN_POINT('',(0.265689616507,105.59126943908,
    -7.714749899943E-02));
#2365 = CARTESIAN_POINT('',(0.267678116177,105.58755458121,
    -8.571737649223E-02));
#2366 = CARTESIAN_POINT('',(4.251240434576,98.145496984019,
    -17.25375173541));
#2367 = CARTESIAN_POINT('',(7.850761460831,91.258698568743,
    -32.75619843483));
#2368 = CARTESIAN_POINT('',(11.116161581275,84.843878047602,
    -46.80885669806));
#2369 = CARTESIAN_POINT('',(14.086697906325,78.834458326257,
    -59.5814475377));
#2370 = CARTESIAN_POINT('',(16.794412550073,73.174498673025,
    -71.21251221398));
#2371 = CARTESIAN_POINT('',(19.265418117848,67.816620574823,
    -81.81500787432));
#2372 = CARTESIAN_POINT('',(21.52099533374,62.720199878979,
    -91.48110915964));
#2373 = CARTESIAN_POINT('',(23.578489333932,57.849812535603,
    -100.2861550913));
#2374 = CARTESIAN_POINT('',(25.451991153907,53.173921262182,
    -108.2916805625));
#2375 = CARTESIAN_POINT('',(27.152790935329,48.663790444189,
    -115.5474717468));
#2376 = CARTESIAN_POINT('',(30.226387825216,39.921442740941,
    -128.6376977474));
#2377 = CARTESIAN_POINT('',(31.599173809036,35.689111836162,
    -134.4720849253));
#2378 = CARTESIAN_POINT('',(32.816793581017,31.569798946849,
    -139.6354123216));
#2379 = CARTESIAN_POINT('',(33.88486489606,27.533912267854,
    -144.1539121297));
#2380 = CARTESIAN_POINT('',(34.808554464374,23.571266269907,
    -148.052202863));
#2381 = CARTESIAN_POINT('',(35.587357062887,19.62853082665,
    -151.3313180617));
#2382 = CARTESIAN_POINT('',(36.221703949262,15.729789677543,
    -153.9966252841));
#2383 = CARTESIAN_POINT('',(36.70939673031,11.793157803169,
    -156.0423556322));
#2384 = CARTESIAN_POINT('',(37.032890683966,7.851943150554,
    -157.3981969188));
#2385 = CARTESIAN_POINT('',(37.194942302674,3.926605342954,
    -158.0774823966));
#2386 = CARTESIAN_POINT('',(37.194942302672,0.,-158.0774823966));
#2387 = PCURVE('',#2119,#2388);
#2388 = DEFINITIONAL_REPRESENTATION('',(#2389),#2393);
#2389 = LINE('',#2390,#2391);
#2390 = CARTESIAN_POINT('',(0.,0.));
#2391 = VECTOR('',#2392,1.);
#2392 = DIRECTION('',(0.,1.));
#2393 = ( GEOMETRIC_REPRESENTATION_CONTEXT(2) 
PARAMETRIC_REPRESENTATION_CONTEXT() REPRESENTATION_CONTEXT('2D SPACE',''
  ) );
#2394 = ( GEOMETRIC_REPRESENTATION_CONTEXT(3) 
GLOBAL_UNCERTAINTY_ASSIGNED_CONTEXT((#2398)) 
GLOBAL_UNIT_ASSIGNED_CONTEXT((#2395,#2396,#2397)) REPRESENTATION_CONTEXT
('Context #1','3D Context with UNIT and UNCERTAINTY') );
#2395 = ( LENGTH_UNIT() NAMED_UNIT(*) SI_UNIT(.MILLI.,.METRE.) );
#2396 = ( NAMED_UNIT(*) PLANE_ANGLE_UNIT() SI_UNIT($,.RADIAN.) );
#2397 = ( NAMED_UNIT(*) SI_UNIT($,.STERADIAN.) SOLID_ANGLE_UNIT() );
#2398 = UNCERTAINTY_MEASURE_WITH_UNIT(LENGTH_MEASURE(5.E-05),#2395,
  'distance_accuracy_value','confusion accuracy');
#2399 = CONTEXT_DEPENDENT_SHAPE_REPRESENTATION(#2400,#2402);
#2400 = ( REPRESENTATION_RELATIONSHIP('','',#2082,#10) 
REPRESENTATION_RELATIONSHIP_WITH_TRANSFORMATION(#2401) 
SHAPE_REPRESENTATION_RELATIONSHIP() );
#2401 = ITEM_DEFINED_TRANSFORMATION('','',#11,#51);
#2402 = PRODUCT_DEFINITION_SHAPE('Placement','Placement of an item',
  #2403);
#2403 = NEXT_ASSEMBLY_USAGE_OCCURRENCE('10','','',#5,#2077,$);
#2404 = PRODUCT_RELATED_PRODUCT_CATEGORY('part',$,(#2079));
#2405 = SHAPE_DEFINITION_REPRESENTATION(#2406,#2412);
#2406 = PRODUCT_DEFINITION_SHAPE('','',#2407);
#2407 = PRODUCT_DEFINITION('design','',#2408,#2411);
#2408 = PRODUCT_DEFINITION_FORMATION('','',#2409);
#2409 = PRODUCT('Open CASCADE STEP translator 7.8 1.11',
  'Open CASCADE STEP translator 7.8 1.11','',(#2410));
#2410 = PRODUCT_CONTEXT('',#2,'mechanical');
#2411 = PRODUCT_DEFINITION_CONTEXT('part definition',#2,'design');
#2412 = MANIFOLD_SURFACE_SHAPE_REPRESENTATION('',(#11,#2413),#2863);
#2413 = SHELL_BASED_SURFACE_MODEL('',(#2414));
#2414 = OPEN_SHELL('',(#2415));
#2415 = ADVANCED_FACE('',(#2416),#2449,.T.);
#2416 = FACE_BOUND('',#2417,.T.);
#2417 = EDGE_LOOP('',(#2418,#2661,#2736,#2790));
#2418 = ORIENTED_EDGE('',*,*,#2419,.T.);
#2419 = EDGE_CURVE('',#2420,#2422,#2424,.T.);
#2420 = VERTEX_POINT('',#2421);
#2421 = CARTESIAN_POINT('',(-0.247788830585,-105.624709352,0.));
#2422 = VERTEX_POINT('',#2423);
#2423 = CARTESIAN_POINT('',(-0.75,-105.0903180674,0.));
#2424 = SURFACE_CURVE('',#2425,(#2448),.PCURVE_S1.);
#2425 = B_SPLINE_CURVE_WITH_KNOTS('',6,(#2426,#2427,#2428,#2429,#2430,
    #2431,#2432,#2433,#2434,#2435,#2436,#2437,#2438,#2439,#2440,#2441,
    #2442,#2443,#2444,#2445,#2446,#2447),.UNSPECIFIED.,.F.,.F.,(7,5,5,5,
    7),(0.,0.249999909668,0.499999956704,0.750000033426,1.),
  .UNSPECIFIED.);
#2426 = CARTESIAN_POINT('',(-0.247788830585,-105.624709352,0.));
#2427 = CARTESIAN_POINT('',(-0.276064559674,-105.6246430189,0.));
#2428 = CARTESIAN_POINT('',(-0.305441103117,-105.6223515934,0.));
#2429 = CARTESIAN_POINT('',(-0.335707908753,-105.6175656683,0.));
#2430 = CARTESIAN_POINT('',(-0.366565194066,-105.6100448669,0.));
#2431 = CARTESIAN_POINT('',(-0.397611346515,-105.5996381511,0.));
#2432 = CARTESIAN_POINT('',(-0.459192096632,-105.5730216516,0.));
#2433 = CARTESIAN_POINT('',(-0.489726575098,-105.5568117431,0.));
#2434 = CARTESIAN_POINT('',(-0.519561471844,-105.5376839851,0.));
#2435 = CARTESIAN_POINT('',(-0.548206296499,-105.5157534651,0.));
#2436 = CARTESIAN_POINT('',(-0.575197416698,-105.4913040465,0.));
#2437 = CARTESIAN_POINT('',(-0.625149078403,-105.4381402025,0.));
#2438 = CARTESIAN_POINT('',(-0.648109476031,-105.4094259304,0.));
#2439 = CARTESIAN_POINT('',(-0.668691966975,-105.3789647829,0.));
#2440 = CARTESIAN_POINT('',(-0.686631342331,-105.347249898,0.));
#2441 = CARTESIAN_POINT('',(-0.701821375115,-105.314801789,0.));
#2442 = CARTESIAN_POINT('',(-0.726736616621,-105.2493796745,0.));
#2443 = CARTESIAN_POINT('',(-0.73646194305,-105.2164057938,0.));
#2444 = CARTESIAN_POINT('',(-0.743471382714,-105.183640388,0.));
#2445 = CARTESIAN_POINT('',(-0.747908427605,-105.1515084619,0.));
#2446 = CARTESIAN_POINT('',(-0.75,-105.1203268987,0.));
#2447 = CARTESIAN_POINT('',(-0.75,-105.0903180676,0.));
#2448 = PCURVE('',#2449,#2636);
#2449 = ( BOUNDED_SURFACE() B_SPLINE_SURFACE(2,11,(
    (#2450,#2451,#2452,#2453,#2454,#2455,#2456,#2457,#2458,#2459,#2460
      ,#2461,#2462,#2463,#2464,#2465,#2466,#2467,#2468,#2469,#2470,#2471
      ,#2472,#2473,#2474,#2475,#2476,#2477,#2478,#2479,#2480,#2481,#2482
      ,#2483,#2484,#2485,#2486,#2487,#2488,#2489,#2490,#2491,#2492,#2493
      ,#2494,#2495,#2496,#2497,#2498,#2499,#2500,#2501,#2502,#2503,#2504
      ,#2505,#2506,#2507,#2508,#2509,#2510,#2511)
    ,(#2512,#2513,#2514,#2515,#2516,#2517,#2518,#2519,#2520,#2521,#2522
      ,#2523,#2524,#2525,#2526,#2527,#2528,#2529,#2530,#2531,#2532,#2533
      ,#2534,#2535,#2536,#2537,#2538,#2539,#2540,#2541,#2542,#2543,#2544
      ,#2545,#2546,#2547,#2548,#2549,#2550,#2551,#2552,#2553,#2554,#2555
      ,#2556,#2557,#2558,#2559,#2560,#2561,#2562,#2563,#2564,#2565,#2566
      ,#2567,#2568,#2569,#2570,#2571,#2572,#2573)
    ,(#2574,#2575,#2576,#2577,#2578,#2579,#2580,#2581,#2582,#2583,#2584
      ,#2585,#2586,#2587,#2588,#2589,#2590,#2591,#2592,#2593,#2594,#2595
      ,#2596,#2597,#2598,#2599,#2600,#2601,#2602,#2603,#2604,#2605,#2606
      ,#2607,#2608,#2609,#2610,#2611,#2612,#2613,#2614,#2615,#2616,#2617
      ,#2618,#2619,#2620,#2621,#2622,#2623,#2624,#2625,#2626,#2627,#2628
      ,#2629,#2630,#2631,#2632,#2633,#2634,#2635
)),.UNSPECIFIED.,.F.,.F.,.F.) B_SPLINE_SURFACE_WITH_KNOTS((3,3),(12,10,
    10,10,10,10,12),(0.,398.85014009911),(-6.194781740718,
    -4.166495355328E-02,0.,199.383405096,398.76681019201,398.80847514556
,404.96159193149),.UNSPECIFIED.) GEOMETRIC_REPRESENTATION_ITEM() 
RATIONAL_B_SPLINE_SURFACE((
    (1.,1.,1.,1.,1.,1.,1.,1.,1.,1.,1.,1.,1.,1.,1.,1.,1.,1.,1.,1.,1.,1.
      ,1.,1.,1.,1.,1.,1.,1.,1.,1.,1.,1.,1.,1.,1.,1.,1.,1.,1.,1.,1.,1.,1.
      ,1.,1.,1.,1.,1.,1.,1.,1.,1.,1.,1.,1.,1.,1.,1.,1.,1.,1.)
    ,(0.675514360568,0.674589889617,0.673850312856,0.673295630285
      ,0.672925841905,0.672740947715,0.672740947715,0.672925841905
      ,0.673295630285,0.673850312856,0.674589889617,0.675520620491
      ,0.675526880482,0.67553314054,0.675539400665,0.675545660859
      ,0.675551921117,0.675558181447,0.675564441841,0.675570702303
      ,0.675576962833,0.705542675154,0.737044622076,0.769844079149
      ,0.803474803594,0.837225550576,0.869817089483,0.89970460762
      ,0.924275790661,0.941367688438,0.94991461176,0.94991461176
      ,0.941367688438,0.924275790661,0.89970460762,0.869817089482
      ,0.837225550576,0.803474803594,0.769844079149,0.737044622076
      ,0.705542675154,0.675576962833,0.675570702303,0.675564441841
      ,0.675558181446,0.675551921118,0.675545660858,0.675539400665
      ,0.67553314054,0.675526880482,0.675520620491,0.674589889622
      ,0.673850312866,0.673295630298,0.67292584192,0.672740947731
      ,0.672740947731,0.67292584192,0.673295630298,0.673850312866
      ,0.674589889622,0.675514360568)
    ,(1.,1.,1.,1.,1.,1.,1.,1.,1.,1.,1.,1.,1.,1.,1.,1.,1.,1.,1.,1.,1.,1.
      ,1.,1.,1.,1.,1.,1.,1.,1.,1.,1.,1.,1.,1.,1.,1.,1.,1.,1.,1.,1.,1.,1.
      ,1.,1.,1.,1.,1.,1.,1.,1.,1.,1.,1.,1.,1.,1.,1.,1.,1.,1.
))) REPRESENTATION_ITEM('') SURFACE() );
#2450 = CARTESIAN_POINT('',(2.984058747355,-111.6617625132,
    13.928397491254));
#2451 = CARTESIAN_POINT('',(2.690252521517,-111.1129359473,
    12.662171346543));
#2452 = CARTESIAN_POINT('',(2.396446675794,-110.5641100916,
    11.395946840025));
#2453 = CARTESIAN_POINT('',(2.102641210184,-110.0152849461,
    10.129723971698));
#2454 = CARTESIAN_POINT('',(1.808836124688,-109.466460511,8.863502741564
    ));
#2455 = CARTESIAN_POINT('',(1.515031419307,-108.917636786,7.597283149621
    ));
#2456 = CARTESIAN_POINT('',(1.22122709404,-108.3688137714,6.331065195871
    ));
#2457 = CARTESIAN_POINT('',(0.927423148887,-107.819991467,5.064848880312
    ));
#2458 = CARTESIAN_POINT('',(0.633619583848,-107.2711698728,
    3.798634202946));
#2459 = CARTESIAN_POINT('',(0.339816398923,-106.722348989,2.532421163772
    ));
#2460 = CARTESIAN_POINT('',(4.601359411164E-02,-106.1735288153,
    1.26620976279));
#2461 = CARTESIAN_POINT('',(-0.249778271839,-105.6209930992,
    -8.573958983746E-03));
#2462 = CARTESIAN_POINT('',(-0.251767600994,-105.6172770153,
    -1.71474322414E-02));
#2463 = CARTESIAN_POINT('',(-0.25375681807,-105.6135611004,
    -2.57204198347E-02));
#2464 = CARTESIAN_POINT('',(-0.255745923048,-105.6098453543,
    -3.429292175554E-02));
#2465 = CARTESIAN_POINT('',(-0.257734915988,-105.6061297774,
    -4.286493811722E-02));
#2466 = CARTESIAN_POINT('',(-0.259723796828,-105.602414369,
    -5.143646887406E-02));
#2467 = CARTESIAN_POINT('',(-0.261712565657,-105.5986991298,
    -6.000751414019E-02));
#2468 = CARTESIAN_POINT('',(-0.263701222412,-105.5949840592,
    -6.857807390658E-02));
#2469 = CARTESIAN_POINT('',(-0.265689767153,-105.5912691576,
    -7.714814823551E-02));
#2470 = CARTESIAN_POINT('',(-0.267678199863,-105.5875544248,
    -8.571773715957E-02));
#2471 = CARTESIAN_POINT('',(-9.784573347439,-87.80817100527,
    -41.10086192836));
#2472 = CARTESIAN_POINT('',(-16.73439899407,-73.89826139871,
    -70.99282383654));
#2473 = CARTESIAN_POINT('',(-22.12120279394,-62.24250727047,
    -94.10574068717));
#2474 = CARTESIAN_POINT('',(-26.33844200478,-52.18786323946,
    -112.1435507482));
#2475 = CARTESIAN_POINT('',(-29.67945706548,-43.23455079019,
    -126.3783866805));
#2476 = CARTESIAN_POINT('',(-32.28955442575,-35.10657256293,
    -137.4479798212));
#2477 = CARTESIAN_POINT('',(-34.29473709057,-27.55239031515,
    -145.9077104303));
#2478 = CARTESIAN_POINT('',(-35.75475006825,-20.40612826319,
    -152.0408328178));
#2479 = CARTESIAN_POINT('',(-36.7149707271,-13.51739869056,
    -156.0656780983));
#2480 = CARTESIAN_POINT('',(-37.19494230267,-6.75872657248,
    -158.0774823966));
#2481 = CARTESIAN_POINT('',(-37.19494230267,6.75872657248,
    -158.0774823966));
#2482 = CARTESIAN_POINT('',(-36.71497072711,13.517398690563,
    -156.0656780983));
#2483 = CARTESIAN_POINT('',(-35.75475006824,20.406128263189,
    -152.0408328178));
#2484 = CARTESIAN_POINT('',(-34.29473709059,27.552390315148,
    -145.9077104304));
#2485 = CARTESIAN_POINT('',(-32.28955442572,35.106572562944,
    -137.4479798211));
#2486 = CARTESIAN_POINT('',(-29.67945706551,43.23455079019,
    -126.3783866805));
#2487 = CARTESIAN_POINT('',(-26.33844200476,52.187863239468,
    -112.1435507481));
#2488 = CARTESIAN_POINT('',(-22.12120279395,62.242507270471,
    -94.1057406872));
#2489 = CARTESIAN_POINT('',(-16.73439899407,73.898261398711,
    -70.99282383652));
#2490 = CARTESIAN_POINT('',(-9.78457334744,87.808171005274,
    -41.10086192837));
#2491 = CARTESIAN_POINT('',(-0.267678199863,105.58755442486,
    -8.571773715883E-02));
#2492 = CARTESIAN_POINT('',(-0.265689767152,105.59126915767,
    -7.714814824257E-02));
#2493 = CARTESIAN_POINT('',(-0.263701222415,105.59498405931,
    -6.857807388674E-02));
#2494 = CARTESIAN_POINT('',(-0.261712565652,105.59869912977,
    -6.000751417601E-02));
#2495 = CARTESIAN_POINT('',(-0.259723796833,105.60241436914,
    -5.143646882802E-02));
#2496 = CARTESIAN_POINT('',(-0.257734915983,105.60612977731,
    -4.286493816042E-02));
#2497 = CARTESIAN_POINT('',(-0.255745923052,105.60984535445,
    -3.429292172582E-02));
#2498 = CARTESIAN_POINT('',(-0.253756818068,105.61356110043,
    -2.572041984976E-02));
#2499 = CARTESIAN_POINT('',(-0.251767600995,105.61727701535,
    -1.714743223596E-02));
#2500 = CARTESIAN_POINT('',(-0.249778271839,105.6209930992,
    -8.57395898484E-03));
#2501 = CARTESIAN_POINT('',(4.601359401728E-02,106.17352881585,
    1.266209762698));
#2502 = CARTESIAN_POINT('',(0.339816398748,106.72234898977,
    2.532421163646));
#2503 = CARTESIAN_POINT('',(0.633619583606,107.27116987377,
    3.798634202843));
#2504 = CARTESIAN_POINT('',(0.927423148592,107.81999146784,
    5.064848880291));
#2505 = CARTESIAN_POINT('',(1.221227093707,108.36881377198,
    6.331065195987));
#2506 = CARTESIAN_POINT('',(1.515031418949,108.9176367862,7.597283149934
    ));
#2507 = CARTESIAN_POINT('',(1.808836124319,109.4664605105,8.86350274213)
  );
#2508 = CARTESIAN_POINT('',(2.102641209817,110.01528494487,
    10.129723972576));
#2509 = CARTESIAN_POINT('',(2.396446675443,110.56411008931,
    11.395946841271));
#2510 = CARTESIAN_POINT('',(2.690252521197,111.11293594383,
    12.662171348217));
#2511 = CARTESIAN_POINT('',(2.984058747079,111.66176250842,
    13.928397493411));
#2512 = CARTESIAN_POINT('',(2.490212868794,-111.7148060743,
    14.019502247799));
#2513 = CARTESIAN_POINT('',(2.20163319275,-111.1722963915,
    12.770898041595));
#2514 = CARTESIAN_POINT('',(1.911536407668,-110.6269346495,
    11.515729725434));
#2515 = CARTESIAN_POINT('',(1.620156505227,-110.0791607362,10.2550097164
    ));
#2516 = CARTESIAN_POINT('',(1.327730492503,-109.5294202085,
    8.989763478357));
#2517 = CARTESIAN_POINT('',(1.034497753011,-108.9781630907,
    7.721026757378));
#2518 = CARTESIAN_POINT('',(0.740699395329,-108.4258426501,
    6.449842763392));
#2519 = CARTESIAN_POINT('',(0.446577592988,-107.8729141561,
    5.177259314094));
#2520 = CARTESIAN_POINT('',(0.152374919444,-107.3198336298,3.90432595753
    ));
#2521 = CARTESIAN_POINT('',(-0.141666318062,-106.7670565921,
    2.63209108992));
#2522 = CARTESIAN_POINT('',(-0.435304741895,-106.215036816,
    1.361599085334));
#2523 = CARTESIAN_POINT('',(-0.730281806798,-105.6605004879,
    8.53151521772E-02));
#2524 = CARTESIAN_POINT('',(-0.732262944134,-105.6567760458,
    7.674332047931E-02));
#2525 = CARTESIAN_POINT('',(-0.734243972901,-105.6530517659,
    6.817195857187E-02));
#2526 = CARTESIAN_POINT('',(-0.736224893103,-105.6493276483,
    5.960106631247E-02));
#2527 = CARTESIAN_POINT('',(-0.738205704751,-105.6456036926,
    5.103064385139E-02));
#2528 = CARTESIAN_POINT('',(-0.740186407856,-105.6418798993,
    4.246069089507E-02));
#2529 = CARTESIAN_POINT('',(-0.74216700242,-105.6381562678,
    3.389120768492E-02));
#2530 = CARTESIAN_POINT('',(-0.744147488459,-105.6344327987,
    2.532219394689E-02));
#2531 = CARTESIAN_POINT('',(-0.746127865975,-105.6307094915,
    1.675364980198E-02));
#2532 = CARTESIAN_POINT('',(-0.748108134981,-105.6269863465,
    8.185575134377E-03));
#2533 = CARTESIAN_POINT('',(-9.82348803103,-88.5639832906,
    -39.25846573317));
#2534 = CARTESIAN_POINT('',(-16.61414806931,-74.91644179465,
    -68.63976799607));
#2535 = CARTESIAN_POINT('',(-21.95077188141,-63.33805590963,
    -91.72985885659));
#2536 = CARTESIAN_POINT('',(-26.18934997027,-53.2290037663,
    -110.0690104694));
#2537 = CARTESIAN_POINT('',(-29.58192973912,-44.14318867124,
    -124.7477620309));
#2538 = CARTESIAN_POINT('',(-32.25876053916,-35.82239069707,
    -136.3296663522));
#2539 = CARTESIAN_POINT('',(-34.32521633171,-28.03409219761,
    -145.2706473337));
#2540 = CARTESIAN_POINT('',(-35.82042483922,-20.64621964882,
    -151.7399997762));
#2541 = CARTESIAN_POINT('',(-36.78469255066,-13.57309344907,
    -155.9121186767));
#2542 = CARTESIAN_POINT('',(-37.2537549711,-6.725484322074,
    -157.9416216524));
#2543 = CARTESIAN_POINT('',(-37.2537549711,6.725484322073,
    -157.9416216524));
#2544 = CARTESIAN_POINT('',(-36.78469255066,13.573093449079,
    -155.9121186767));
#2545 = CARTESIAN_POINT('',(-35.82042483921,20.64621964882,
    -151.7399997762));
#2546 = CARTESIAN_POINT('',(-34.32521633172,28.034092197617,
    -145.2706473337));
#2547 = CARTESIAN_POINT('',(-32.25876053914,35.822390697072,
    -136.3296663522));
#2548 = CARTESIAN_POINT('',(-29.58192973915,44.143188671241,
    -124.7477620309));
#2549 = CARTESIAN_POINT('',(-26.18934997024,53.229003766307,
    -110.0690104694));
#2550 = CARTESIAN_POINT('',(-21.95077188142,63.338055909642,
    -91.72985885662));
#2551 = CARTESIAN_POINT('',(-16.6141480693,74.916441794648,
    -68.63976799606));
#2552 = CARTESIAN_POINT('',(-9.823488031032,88.563983290609,
    -39.25846573318));
#2553 = CARTESIAN_POINT('',(-0.748108134981,105.62698634657,
    8.185575135201E-03));
#2554 = CARTESIAN_POINT('',(-0.746127865977,105.63070949159,
    1.675364979431E-02));
#2555 = CARTESIAN_POINT('',(-0.744147488453,105.63443279871,
    2.532219396963E-02));
#2556 = CARTESIAN_POINT('',(-0.742167002432,105.63815626791,
    3.389120764052E-02));
#2557 = CARTESIAN_POINT('',(-0.74018640784,105.64187989925,
    4.246069095846E-02));
#2558 = CARTESIAN_POINT('',(-0.738205704767,105.64560369266,
    5.103064378346E-02));
#2559 = CARTESIAN_POINT('',(-0.73622489309,105.64932764826,
    5.960106636691E-02));
#2560 = CARTESIAN_POINT('',(-0.734243972908,105.65305176598,
    6.817195853969E-02));
#2561 = CARTESIAN_POINT('',(-0.732262944132,105.65677604588,
    7.674332049247E-02));
#2562 = CARTESIAN_POINT('',(-0.730281806799,105.66050048795,
    8.531515217412E-02));
#2563 = CARTESIAN_POINT('',(-0.43530474186,106.21503681551,
    1.361599085524));
#2564 = CARTESIAN_POINT('',(-0.141666317995,106.76705659113,
    2.632091090284));
#2565 = CARTESIAN_POINT('',(0.152374919541,107.31983362839,
    3.904325958059));
#2566 = CARTESIAN_POINT('',(0.446577593115,107.87291415414,
    5.177259314783));
#2567 = CARTESIAN_POINT('',(0.740699395484,108.42584264767,
    6.449842764244));
#2568 = CARTESIAN_POINT('',(1.034497753198,108.97816308778,
    7.721026758401));
#2569 = CARTESIAN_POINT('',(1.327730492724,109.52942020511,
    8.989763479564));
#2570 = CARTESIAN_POINT('',(1.620156505488,110.07916073234,
    10.255009717811));
#2571 = CARTESIAN_POINT('',(1.911536407973,110.62693464514,
    11.515729727075));
#2572 = CARTESIAN_POINT('',(2.201633193107,111.17229638673,
    12.770898043497));
#2573 = CARTESIAN_POINT('',(2.490212869212,111.71480606907,14.01950225)
  );
#2574 = CARTESIAN_POINT('',(2.534525597822,-111.2499483832,
    14.211231139199));
#2575 = CARTESIAN_POINT('',(2.241772559982,-110.7009361947,
    12.944569953693));
#2576 = CARTESIAN_POINT('',(1.949030014194,-110.1519436826,
    11.677954164393));
#2577 = CARTESIAN_POINT('',(1.656297960459,-109.6029708469,
    10.411383771297));
#2578 = CARTESIAN_POINT('',(1.363576398775,-109.0540176876,
    9.144858774407));
#2579 = CARTESIAN_POINT('',(1.070865329143,-108.5050842047,
    7.878379173722));
#2580 = CARTESIAN_POINT('',(0.778164751564,-107.9561703982,
    6.611944969243));
#2581 = CARTESIAN_POINT('',(0.485474666036,-107.4072762681,
    5.345556160968));
#2582 = CARTESIAN_POINT('',(0.192795072561,-106.8584018144,
    4.079212748899));
#2583 = CARTESIAN_POINT('',(-9.987402886278E-02,-106.3095470371,
    2.812914733035));
#2584 = CARTESIAN_POINT('',(-0.392532638234,-105.7607119362,
    1.546662113376));
#2585 = CARTESIAN_POINT('',(-0.68716238058,-105.2081802862,
    0.271880948134));
#2586 = CARTESIAN_POINT('',(-0.689143893345,-105.2044642298,
    0.263307492074));
#2587 = CARTESIAN_POINT('',(-0.691125293861,-105.2007483427,
    0.254734521669));
#2588 = CARTESIAN_POINT('',(-0.693106582127,-105.1970326243,
    0.246162036962));
#2589 = CARTESIAN_POINT('',(-0.695087758174,-105.1933170755,
    0.23759003777));
#2590 = CARTESIAN_POINT('',(-0.697068821978,-105.1896016952,
    0.229018524245));
#2591 = CARTESIAN_POINT('',(-0.699049773587,-105.1858864844,
    0.220447496145));
#2592 = CARTESIAN_POINT('',(-0.701030612974,-105.1821714423,
    0.211876953599));
#2593 = CARTESIAN_POINT('',(-0.703011340174,-105.1784565693,
    0.203306896459));
#2594 = CARTESIAN_POINT('',(-0.704991955182,-105.1747418653,
    0.194737324737));
#2595 = CARTESIAN_POINT('',(-10.18446768051,-87.39549715862,
    -40.82032454108));
#2596 = CARTESIAN_POINT('',(-17.093131699,-73.48947573619,
    -70.71219729215));
#2597 = CARTESIAN_POINT('',(-22.43500499457,-61.84255746024,
    -93.82500121142));
#2598 = CARTESIAN_POINT('',(-26.60392369491,-51.80349513469,
    -111.8627559736));
#2599 = CARTESIAN_POINT('',(-29.89386800434,-42.87370988464,
    -126.097432373));
#2600 = CARTESIAN_POINT('',(-32.45228684749,-34.78069555024,
    -137.1670010044));
#2601 = CARTESIAN_POINT('',(-34.40753297719,-27.27259515586,
    -145.6268086241));
#2602 = CARTESIAN_POINT('',(-35.82499027425,-20.18710444529,
    -151.7597531472));
#2603 = CARTESIAN_POINT('',(-36.75538145221,-13.3682946749,
    -155.7852976846));
#2604 = CARTESIAN_POINT('',(-37.2204175508,-6.684172950244,
    -157.7973798826));
#2605 = CARTESIAN_POINT('',(-37.2204175508,6.684172950244,
    -157.7973798826));
#2606 = CARTESIAN_POINT('',(-36.75538145222,13.3682946749,
    -155.7852976846));
#2607 = CARTESIAN_POINT('',(-35.82499027424,20.187104445298,
    -151.7597531471));
#2608 = CARTESIAN_POINT('',(-34.40753297721,27.272595155851,
    -145.6268086242));
#2609 = CARTESIAN_POINT('',(-32.45228684746,34.78069555027,
    -137.1670010043));
#2610 = CARTESIAN_POINT('',(-29.89386800436,42.87370988462,
    -126.0974323731));
#2611 = CARTESIAN_POINT('',(-26.60392369489,51.803495134707,
    -111.8627559735));
#2612 = CARTESIAN_POINT('',(-22.43500499458,61.842557460236,
    -93.82500121146));
#2613 = CARTESIAN_POINT('',(-17.093131699,73.489475736196,
    -70.71219729214));
#2614 = CARTESIAN_POINT('',(-10.18446768051,87.395497158625,
    -40.82032454108));
#2615 = CARTESIAN_POINT('',(-0.704991955182,105.17474186538,
    0.194737324737));
#2616 = CARTESIAN_POINT('',(-0.703011340171,105.17845656938,
    0.203306896465));
#2617 = CARTESIAN_POINT('',(-0.701030612981,105.18217144234,
    0.211876953582));
#2618 = CARTESIAN_POINT('',(-0.699049773574,105.18588648437,
    0.220447496174));
#2619 = CARTESIAN_POINT('',(-0.697068821994,105.18960169532,
    0.22901852421));
#2620 = CARTESIAN_POINT('',(-0.695087758159,105.19331707545,
    0.237590037803));
#2621 = CARTESIAN_POINT('',(-0.693106582138,105.19703262447,
    0.246162036938));
#2622 = CARTESIAN_POINT('',(-0.691125293855,105.20074834269,
    0.254734521682));
#2623 = CARTESIAN_POINT('',(-0.689143893347,105.2044642299,
    0.263307492069));
#2624 = CARTESIAN_POINT('',(-0.687162380579,105.20818028626,
    0.271880948135));
#2625 = CARTESIAN_POINT('',(-0.392532638378,105.76071193661,
    1.546662112964));
#2626 = CARTESIAN_POINT('',(-9.987402912181E-02,106.30954703776,
    2.812914732326));
#2627 = CARTESIAN_POINT('',(0.192795072214,106.85840181515,4.07921274801
    ));
#2628 = CARTESIAN_POINT('',(0.485474665631,107.40727626879,
    5.345556160015));
#2629 = CARTESIAN_POINT('',(0.778164751128,107.95617039867,
    6.611944968341));
#2630 = CARTESIAN_POINT('',(1.070865328705,108.50508420479,
    7.878379172988));
#2631 = CARTESIAN_POINT('',(1.363576398363,109.05401768716,
    9.144858773956));
#2632 = CARTESIAN_POINT('',(1.656297960101,109.60297084576,
    10.411383771245));
#2633 = CARTESIAN_POINT('',(1.949030013919,110.15194368062,
    11.677954164855));
#2634 = CARTESIAN_POINT('',(2.241772559818,110.70093619171,
    12.944569954787));
#2635 = CARTESIAN_POINT('',(2.534525597797,111.24994837905,
    14.211231141039));
#2636 = DEFINITIONAL_REPRESENTATION('',(#2637),#2660);
#2637 = B_SPLINE_CURVE_WITH_KNOTS('',6,(#2638,#2639,#2640,#2641,#2642,
    #2643,#2644,#2645,#2646,#2647,#2648,#2649,#2650,#2651,#2652,#2653,
    #2654,#2655,#2656,#2657,#2658,#2659),.UNSPECIFIED.,.F.,.F.,(7,5,5,5,
    7),(0.,0.249999909668,0.499999956704,0.750000033426,1.),
  .UNSPECIFIED.);
#2638 = CARTESIAN_POINT('',(0.,-4.166495355328E-02));
#2639 = CARTESIAN_POINT('',(16.6187609395,-3.933010965968E-02));
#2640 = CARTESIAN_POINT('',(33.23751996902,-3.656079288194E-02));
#2641 = CARTESIAN_POINT('',(49.85627690874,-3.333260924088E-02));
#2642 = CARTESIAN_POINT('',(66.475031677362,-2.963295671042E-02));
#2643 = CARTESIAN_POINT('',(83.093784342486,-2.547137384409E-02));
#2644 = CARTESIAN_POINT('',(116.33129483831,-1.62923574307E-02));
#2645 = CARTESIAN_POINT('',(132.95005272095,-1.127491430872E-02));
#2646 = CARTESIAN_POINT('',(149.56880876344,-5.863374934434E-03));
#2647 = CARTESIAN_POINT('',(166.18756331994,-1.157112544691E-04));
#2648 = CARTESIAN_POINT('',(182.80631692295,5.886181127863E-03));
#2649 = CARTESIAN_POINT('',(216.04382516141,1.821956317915E-02));
#2650 = CARTESIAN_POINT('',(232.66257983895,2.455101739563E-02));
#2651 = CARTESIAN_POINT('',(249.28133459396,3.095787511213E-02));
#2652 = CARTESIAN_POINT('',(265.90009006453,3.734205800956E-02));
#2653 = CARTESIAN_POINT('',(282.51884678552,4.361423904532E-02));
#2654 = CARTESIAN_POINT('',(315.75635605224,5.57916592652E-02));
#2655 = CARTESIAN_POINT('',(332.3751086311,6.169688870086E-02));
#2656 = CARTESIAN_POINT('',(348.99386315893,6.734696728457E-02));
#2657 = CARTESIAN_POINT('',(365.6126198943,7.26877912472E-02));
#2658 = CARTESIAN_POINT('',(382.23137890159,7.768884521343E-02));
#2659 = CARTESIAN_POINT('',(398.85014009911,8.233647864029E-02));
#2660 = ( GEOMETRIC_REPRESENTATION_CONTEXT(2) 
PARAMETRIC_REPRESENTATION_CONTEXT() REPRESENTATION_CONTEXT('2D SPACE',''
  ) );
#2661 = ORIENTED_EDGE('',*,*,#2662,.T.);
#2662 = EDGE_CURVE('',#2422,#2663,#2665,.T.);
#2663 = VERTEX_POINT('',#2664);
#2664 = CARTESIAN_POINT('',(-0.75,105.09031806743,0.));
#2665 = SURFACE_CURVE('',#2666,(#2729),.PCURVE_S1.);
#2666 = B_SPLINE_CURVE_WITH_KNOTS('',11,(#2667,#2668,#2669,#2670,#2671,
    #2672,#2673,#2674,#2675,#2676,#2677,#2678,#2679,#2680,#2681,#2682,
    #2683,#2684,#2685,#2686,#2687,#2688,#2689,#2690,#2691,#2692,#2693,
    #2694,#2695,#2696,#2697,#2698,#2699,#2700,#2701,#2702,#2703,#2704,
    #2705,#2706,#2707,#2708,#2709,#2710,#2711,#2712,#2713,#2714,#2715,
    #2716,#2717,#2718,#2719,#2720,#2721,#2722,#2723,#2724,#2725,#2726,
    #2727,#2728),.UNSPECIFIED.,.F.,.F.,(12,10,10,10,10,10,12),(
    -6.194781740718,-4.166495355328E-02,0.,199.383405096,398.76681019201
    ,398.80847514556,404.96159193149),.UNSPECIFIED.);
#2667 = CARTESIAN_POINT('',(2.534525597822,-111.2499483832,
    14.211231139199));
#2668 = CARTESIAN_POINT('',(2.241772559982,-110.7009361947,
    12.944569953693));
#2669 = CARTESIAN_POINT('',(1.949030014194,-110.1519436826,
    11.677954164393));
#2670 = CARTESIAN_POINT('',(1.656297960459,-109.6029708469,
    10.411383771297));
#2671 = CARTESIAN_POINT('',(1.363576398775,-109.0540176876,
    9.144858774407));
#2672 = CARTESIAN_POINT('',(1.070865329143,-108.5050842047,
    7.878379173722));
#2673 = CARTESIAN_POINT('',(0.778164751564,-107.9561703982,
    6.611944969243));
#2674 = CARTESIAN_POINT('',(0.485474666036,-107.4072762681,
    5.345556160968));
#2675 = CARTESIAN_POINT('',(0.192795072561,-106.8584018144,
    4.079212748899));
#2676 = CARTESIAN_POINT('',(-9.987402886278E-02,-106.3095470371,
    2.812914733035));
#2677 = CARTESIAN_POINT('',(-0.392532638234,-105.7607119362,
    1.546662113376));
#2678 = CARTESIAN_POINT('',(-0.68716238058,-105.2081802862,
    0.271880948134));
#2679 = CARTESIAN_POINT('',(-0.689143893345,-105.2044642298,
    0.263307492074));
#2680 = CARTESIAN_POINT('',(-0.691125293861,-105.2007483427,
    0.254734521669));
#2681 = CARTESIAN_POINT('',(-0.693106582127,-105.1970326243,
    0.246162036962));
#2682 = CARTESIAN_POINT('',(-0.695087758174,-105.1933170755,
    0.23759003777));
#2683 = CARTESIAN_POINT('',(-0.697068821978,-105.1896016952,
    0.229018524245));
#2684 = CARTESIAN_POINT('',(-0.699049773587,-105.1858864844,
    0.220447496145));
#2685 = CARTESIAN_POINT('',(-0.701030612974,-105.1821714423,
    0.211876953599));
#2686 = CARTESIAN_POINT('',(-0.703011340174,-105.1784565693,
    0.203306896459));
#2687 = CARTESIAN_POINT('',(-0.704991955182,-105.1747418653,
    0.194737324737));
#2688 = CARTESIAN_POINT('',(-10.18446768051,-87.39549715862,
    -40.82032454108));
#2689 = CARTESIAN_POINT('',(-17.093131699,-73.48947573619,
    -70.71219729215));
#2690 = CARTESIAN_POINT('',(-22.43500499457,-61.84255746024,
    -93.82500121142));
#2691 = CARTESIAN_POINT('',(-26.60392369491,-51.80349513469,
    -111.8627559736));
#2692 = CARTESIAN_POINT('',(-29.89386800434,-42.87370988464,
    -126.097432373));
#2693 = CARTESIAN_POINT('',(-32.45228684749,-34.78069555024,
    -137.1670010044));
#2694 = CARTESIAN_POINT('',(-34.40753297719,-27.27259515586,
    -145.6268086241));
#2695 = CARTESIAN_POINT('',(-35.82499027425,-20.18710444529,
    -151.7597531472));
#2696 = CARTESIAN_POINT('',(-36.75538145221,-13.3682946749,
    -155.7852976846));
#2697 = CARTESIAN_POINT('',(-37.2204175508,-6.684172950244,
    -157.7973798826));
#2698 = CARTESIAN_POINT('',(-37.2204175508,6.684172950244,
    -157.7973798826));
#2699 = CARTESIAN_POINT('',(-36.75538145222,13.3682946749,
    -155.7852976846));
#2700 = CARTESIAN_POINT('',(-35.82499027424,20.187104445298,
    -151.7597531471));
#2701 = CARTESIAN_POINT('',(-34.40753297721,27.272595155851,
    -145.6268086242));
#2702 = CARTESIAN_POINT('',(-32.45228684746,34.78069555027,
    -137.1670010043));
#2703 = CARTESIAN_POINT('',(-29.89386800436,42.87370988462,
    -126.0974323731));
#2704 = CARTESIAN_POINT('',(-26.60392369489,51.803495134707,
    -111.8627559735));
#2705 = CARTESIAN_POINT('',(-22.43500499458,61.842557460236,
    -93.82500121146));
#2706 = CARTESIAN_POINT('',(-17.093131699,73.489475736196,
    -70.71219729214));
#2707 = CARTESIAN_POINT('',(-10.18446768051,87.395497158625,
    -40.82032454108));
#2708 = CARTESIAN_POINT('',(-0.704991955182,105.17474186538,
    0.194737324737));
#2709 = CARTESIAN_POINT('',(-0.703011340171,105.17845656938,
    0.203306896465));
#2710 = CARTESIAN_POINT('',(-0.701030612981,105.18217144234,
    0.211876953582));
#2711 = CARTESIAN_POINT('',(-0.699049773574,105.18588648437,
    0.220447496174));
#2712 = CARTESIAN_POINT('',(-0.697068821994,105.18960169532,
    0.22901852421));
#2713 = CARTESIAN_POINT('',(-0.695087758159,105.19331707545,
    0.237590037803));
#2714 = CARTESIAN_POINT('',(-0.693106582138,105.19703262447,
    0.246162036938));
#2715 = CARTESIAN_POINT('',(-0.691125293855,105.20074834269,
    0.254734521682));
#2716 = CARTESIAN_POINT('',(-0.689143893347,105.2044642299,
    0.263307492069));
#2717 = CARTESIAN_POINT('',(-0.687162380579,105.20818028626,
    0.271880948135));
#2718 = CARTESIAN_POINT('',(-0.392532638378,105.76071193661,
    1.546662112964));
#2719 = CARTESIAN_POINT('',(-9.987402912181E-02,106.30954703776,
    2.812914732326));
#2720 = CARTESIAN_POINT('',(0.192795072214,106.85840181515,4.07921274801
    ));
#2721 = CARTESIAN_POINT('',(0.485474665631,107.40727626879,
    5.345556160015));
#2722 = CARTESIAN_POINT('',(0.778164751128,107.95617039867,
    6.611944968341));
#2723 = CARTESIAN_POINT('',(1.070865328705,108.50508420479,
    7.878379172988));
#2724 = CARTESIAN_POINT('',(1.363576398363,109.05401768716,
    9.144858773956));
#2725 = CARTESIAN_POINT('',(1.656297960101,109.60297084576,
    10.411383771245));
#2726 = CARTESIAN_POINT('',(1.949030013919,110.15194368062,
    11.677954164855));
#2727 = CARTESIAN_POINT('',(2.241772559818,110.70093619171,
    12.944569954787));
#2728 = CARTESIAN_POINT('',(2.534525597797,111.24994837905,
    14.211231141039));
#2729 = PCURVE('',#2449,#2730);
#2730 = DEFINITIONAL_REPRESENTATION('',(#2731),#2735);
#2731 = LINE('',#2732,#2733);
#2732 = CARTESIAN_POINT('',(398.85014009911,0.));
#2733 = VECTOR('',#2734,1.);
#2734 = DIRECTION('',(0.,1.));
#2735 = ( GEOMETRIC_REPRESENTATION_CONTEXT(2) 
PARAMETRIC_REPRESENTATION_CONTEXT() REPRESENTATION_CONTEXT('2D SPACE',''
  ) );
#2736 = ORIENTED_EDGE('',*,*,#2737,.F.);
#2737 = EDGE_CURVE('',#2738,#2663,#2740,.T.);
#2738 = VERTEX_POINT('',#2739);
#2739 = CARTESIAN_POINT('',(-0.247788830585,105.624709352,0.));
#2740 = SURFACE_CURVE('',#2741,(#2764),.PCURVE_S1.);
#2741 = B_SPLINE_CURVE_WITH_KNOTS('',6,(#2742,#2743,#2744,#2745,#2746,
    #2747,#2748,#2749,#2750,#2751,#2752,#2753,#2754,#2755,#2756,#2757,
    #2758,#2759,#2760,#2761,#2762,#2763),.UNSPECIFIED.,.F.,.F.,(7,5,5,5,
    7),(0.,0.249999909668,0.499999956704,0.750000033426,1.),
  .UNSPECIFIED.);
#2742 = CARTESIAN_POINT('',(-0.247788830585,105.624709352,0.));
#2743 = CARTESIAN_POINT('',(-0.276064559674,105.62464301894,0.));
#2744 = CARTESIAN_POINT('',(-0.305441103118,105.62235159346,0.));
#2745 = CARTESIAN_POINT('',(-0.335707908752,105.61756566835,0.));
#2746 = CARTESIAN_POINT('',(-0.366565194066,105.61004486699,0.));
#2747 = CARTESIAN_POINT('',(-0.397611346515,105.59963815119,0.));
#2748 = CARTESIAN_POINT('',(-0.459192096632,105.57302165161,0.));
#2749 = CARTESIAN_POINT('',(-0.489726575098,105.55681174318,0.));
#2750 = CARTESIAN_POINT('',(-0.519561471843,105.53768398513,0.));
#2751 = CARTESIAN_POINT('',(-0.5482062965,105.51575346516,0.));
#2752 = CARTESIAN_POINT('',(-0.575197416698,105.49130404656,0.));
#2753 = CARTESIAN_POINT('',(-0.625149078403,105.43814020259,0.));
#2754 = CARTESIAN_POINT('',(-0.648109476031,105.40942593048,0.));
#2755 = CARTESIAN_POINT('',(-0.668691966976,105.37896478297,0.));
#2756 = CARTESIAN_POINT('',(-0.686631342331,105.347249898,0.));
#2757 = CARTESIAN_POINT('',(-0.701821375115,105.314801789,0.));
#2758 = CARTESIAN_POINT('',(-0.726736616621,105.24937967453,0.));
#2759 = CARTESIAN_POINT('',(-0.73646194305,105.21640579383,0.));
#2760 = CARTESIAN_POINT('',(-0.743471382714,105.18364038803,0.));
#2761 = CARTESIAN_POINT('',(-0.747908427605,105.15150846199,0.));
#2762 = CARTESIAN_POINT('',(-0.75,105.12032689871,0.));
#2763 = CARTESIAN_POINT('',(-0.75,105.0903180676,0.));
#2764 = PCURVE('',#2449,#2765);
#2765 = DEFINITIONAL_REPRESENTATION('',(#2766),#2789);
#2766 = B_SPLINE_CURVE_WITH_KNOTS('',6,(#2767,#2768,#2769,#2770,#2771,
    #2772,#2773,#2774,#2775,#2776,#2777,#2778,#2779,#2780,#2781,#2782,
    #2783,#2784,#2785,#2786,#2787,#2788),.UNSPECIFIED.,.F.,.F.,(7,5,5,5,
    7),(0.,0.249999909668,0.499999956704,0.750000033426,1.),
  .UNSPECIFIED.);
#2767 = CARTESIAN_POINT('',(0.,398.80847514556));
#2768 = CARTESIAN_POINT('',(16.618760939498,398.80614030167));
#2769 = CARTESIAN_POINT('',(33.237519969027,398.80337098489));
#2770 = CARTESIAN_POINT('',(49.856276908731,398.80014280125));
#2771 = CARTESIAN_POINT('',(66.475031677368,398.79644314872));
#2772 = CARTESIAN_POINT('',(83.093784342484,398.79228156585));
#2773 = CARTESIAN_POINT('',(116.33129483831,398.78310254944));
#2774 = CARTESIAN_POINT('',(132.95005272098,398.77808510632));
#2775 = CARTESIAN_POINT('',(149.56880876339,398.77267356694));
#2776 = CARTESIAN_POINT('',(166.18756331998,398.76692590326));
#2777 = CARTESIAN_POINT('',(182.80631692293,398.76092401088));
#2778 = CARTESIAN_POINT('',(216.04382516142,398.74859062883));
#2779 = CARTESIAN_POINT('',(232.66257983894,398.74225917461));
#2780 = CARTESIAN_POINT('',(249.28133459397,398.7358523169));
#2781 = CARTESIAN_POINT('',(265.90009006452,398.729468134));
#2782 = CARTESIAN_POINT('',(282.51884678553,398.72319595296));
#2783 = CARTESIAN_POINT('',(315.75635605222,398.71101853274));
#2784 = CARTESIAN_POINT('',(332.37510863118,398.70511330331));
#2785 = CARTESIAN_POINT('',(348.99386315881,398.69946322472));
#2786 = CARTESIAN_POINT('',(365.6126198944,398.69412240076));
#2787 = CARTESIAN_POINT('',(382.23137890155,398.6891213468));
#2788 = CARTESIAN_POINT('',(398.85014009911,398.68447371337));
#2789 = ( GEOMETRIC_REPRESENTATION_CONTEXT(2) 
PARAMETRIC_REPRESENTATION_CONTEXT() REPRESENTATION_CONTEXT('2D SPACE',''
  ) );
#2790 = ORIENTED_EDGE('',*,*,#2791,.F.);
#2791 = EDGE_CURVE('',#2420,#2738,#2792,.T.);
#2792 = SURFACE_CURVE('',#2793,(#2856),.PCURVE_S1.);
#2793 = B_SPLINE_CURVE_WITH_KNOTS('',11,(#2794,#2795,#2796,#2797,#2798,
    #2799,#2800,#2801,#2802,#2803,#2804,#2805,#2806,#2807,#2808,#2809,
    #2810,#2811,#2812,#2813,#2814,#2815,#2816,#2817,#2818,#2819,#2820,
    #2821,#2822,#2823,#2824,#2825,#2826,#2827,#2828,#2829,#2830,#2831,
    #2832,#2833,#2834,#2835,#2836,#2837,#2838,#2839,#2840,#2841,#2842,
    #2843,#2844,#2845,#2846,#2847,#2848,#2849,#2850,#2851,#2852,#2853,
    #2854,#2855),.UNSPECIFIED.,.F.,.F.,(12,10,10,10,10,10,12),(
    -6.194781740718,-4.166495355328E-02,0.,199.383405096,398.76681019201
    ,398.80847514556,404.96159193149),.UNSPECIFIED.);
#2794 = CARTESIAN_POINT('',(2.984058747355,-111.6617625132,
    13.928397491254));
#2795 = CARTESIAN_POINT('',(2.690252521517,-111.1129359473,
    12.662171346543));
#2796 = CARTESIAN_POINT('',(2.396446675794,-110.5641100916,
    11.395946840025));
#2797 = CARTESIAN_POINT('',(2.102641210184,-110.0152849461,
    10.129723971698));
#2798 = CARTESIAN_POINT('',(1.808836124688,-109.466460511,8.863502741564
    ));
#2799 = CARTESIAN_POINT('',(1.515031419307,-108.917636786,7.597283149621
    ));
#2800 = CARTESIAN_POINT('',(1.22122709404,-108.3688137714,6.331065195871
    ));
#2801 = CARTESIAN_POINT('',(0.927423148887,-107.819991467,5.064848880312
    ));
#2802 = CARTESIAN_POINT('',(0.633619583848,-107.2711698728,
    3.798634202946));
#2803 = CARTESIAN_POINT('',(0.339816398923,-106.722348989,2.532421163772
    ));
#2804 = CARTESIAN_POINT('',(4.601359411164E-02,-106.1735288153,
    1.26620976279));
#2805 = CARTESIAN_POINT('',(-0.249778271839,-105.6209930992,
    -8.573958983746E-03));
#2806 = CARTESIAN_POINT('',(-0.251767600994,-105.6172770153,
    -1.71474322414E-02));
#2807 = CARTESIAN_POINT('',(-0.25375681807,-105.6135611004,
    -2.57204198347E-02));
#2808 = CARTESIAN_POINT('',(-0.255745923048,-105.6098453543,
    -3.429292175554E-02));
#2809 = CARTESIAN_POINT('',(-0.257734915988,-105.6061297774,
    -4.286493811722E-02));
#2810 = CARTESIAN_POINT('',(-0.259723796828,-105.602414369,
    -5.143646887406E-02));
#2811 = CARTESIAN_POINT('',(-0.261712565657,-105.5986991298,
    -6.000751414019E-02));
#2812 = CARTESIAN_POINT('',(-0.263701222412,-105.5949840592,
    -6.857807390658E-02));
#2813 = CARTESIAN_POINT('',(-0.265689767153,-105.5912691576,
    -7.714814823551E-02));
#2814 = CARTESIAN_POINT('',(-0.267678199863,-105.5875544248,
    -8.571773715957E-02));
#2815 = CARTESIAN_POINT('',(-9.784573347439,-87.80817100527,
    -41.10086192836));
#2816 = CARTESIAN_POINT('',(-16.73439899407,-73.89826139871,
    -70.99282383654));
#2817 = CARTESIAN_POINT('',(-22.12120279394,-62.24250727047,
    -94.10574068717));
#2818 = CARTESIAN_POINT('',(-26.33844200478,-52.18786323946,
    -112.1435507482));
#2819 = CARTESIAN_POINT('',(-29.67945706548,-43.23455079019,
    -126.3783866805));
#2820 = CARTESIAN_POINT('',(-32.28955442575,-35.10657256293,
    -137.4479798212));
#2821 = CARTESIAN_POINT('',(-34.29473709057,-27.55239031515,
    -145.9077104303));
#2822 = CARTESIAN_POINT('',(-35.75475006825,-20.40612826319,
    -152.0408328178));
#2823 = CARTESIAN_POINT('',(-36.7149707271,-13.51739869056,
    -156.0656780983));
#2824 = CARTESIAN_POINT('',(-37.19494230267,-6.75872657248,
    -158.0774823966));
#2825 = CARTESIAN_POINT('',(-37.19494230267,6.75872657248,
    -158.0774823966));
#2826 = CARTESIAN_POINT('',(-36.71497072711,13.517398690563,
    -156.0656780983));
#2827 = CARTESIAN_POINT('',(-35.75475006824,20.406128263189,
    -152.0408328178));
#2828 = CARTESIAN_POINT('',(-34.29473709059,27.552390315148,
    -145.9077104304));
#2829 = CARTESIAN_POINT('',(-32.28955442572,35.106572562944,
    -137.4479798211));
#2830 = CARTESIAN_POINT('',(-29.67945706551,43.23455079019,
    -126.3783866805));
#2831 = CARTESIAN_POINT('',(-26.33844200476,52.187863239468,
    -112.1435507481));
#2832 = CARTESIAN_POINT('',(-22.12120279395,62.242507270471,
    -94.1057406872));
#2833 = CARTESIAN_POINT('',(-16.73439899407,73.898261398711,
    -70.99282383652));
#2834 = CARTESIAN_POINT('',(-9.78457334744,87.808171005274,
    -41.10086192837));
#2835 = CARTESIAN_POINT('',(-0.267678199863,105.58755442486,
    -8.571773715883E-02));
#2836 = CARTESIAN_POINT('',(-0.265689767152,105.59126915767,
    -7.714814824257E-02));
#2837 = CARTESIAN_POINT('',(-0.263701222415,105.59498405931,
    -6.857807388674E-02));
#2838 = CARTESIAN_POINT('',(-0.261712565652,105.59869912977,
    -6.000751417601E-02));
#2839 = CARTESIAN_POINT('',(-0.259723796833,105.60241436914,
    -5.143646882802E-02));
#2840 = CARTESIAN_POINT('',(-0.257734915983,105.60612977731,
    -4.286493816042E-02));
#2841 = CARTESIAN_POINT('',(-0.255745923052,105.60984535445,
    -3.429292172582E-02));
#2842 = CARTESIAN_POINT('',(-0.253756818068,105.61356110043,
    -2.572041984976E-02));
#2843 = CARTESIAN_POINT('',(-0.251767600995,105.61727701535,
    -1.714743223596E-02));
#2844 = CARTESIAN_POINT('',(-0.249778271839,105.6209930992,
    -8.57395898484E-03));
#2845 = CARTESIAN_POINT('',(4.601359401728E-02,106.17352881585,
    1.266209762698));
#2846 = CARTESIAN_POINT('',(0.339816398748,106.72234898977,
    2.532421163646));
#2847 = CARTESIAN_POINT('',(0.633619583606,107.27116987377,
    3.798634202843));
#2848 = CARTESIAN_POINT('',(0.927423148592,107.81999146784,
    5.064848880291));
#2849 = CARTESIAN_POINT('',(1.221227093707,108.36881377198,
    6.331065195987));
#2850 = CARTESIAN_POINT('',(1.515031418949,108.9176367862,7.597283149934
    ));
#2851 = CARTESIAN_POINT('',(1.808836124319,109.4664605105,8.86350274213)
  );
#2852 = CARTESIAN_POINT('',(2.102641209817,110.01528494487,
    10.129723972576));
#2853 = CARTESIAN_POINT('',(2.396446675443,110.56411008931,
    11.395946841271));
#2854 = CARTESIAN_POINT('',(2.690252521197,111.11293594383,
    12.662171348217));
#2855 = CARTESIAN_POINT('',(2.984058747079,111.66176250842,
    13.928397493411));
#2856 = PCURVE('',#2449,#2857);
#2857 = DEFINITIONAL_REPRESENTATION('',(#2858),#2862);
#2858 = LINE('',#2859,#2860);
#2859 = CARTESIAN_POINT('',(0.,0.));
#2860 = VECTOR('',#2861,1.);
#2861 = DIRECTION('',(0.,1.));
#2862 = ( GEOMETRIC_REPRESENTATION_CONTEXT(2) 
PARAMETRIC_REPRESENTATION_CONTEXT() REPRESENTATION_CONTEXT('2D SPACE',''
  ) );
#2863 = ( GEOMETRIC_REPRESENTATION_CONTEXT(3) 
GLOBAL_UNCERTAINTY_ASSIGNED_CONTEXT((#2867)) 
GLOBAL_UNIT_ASSIGNED_CONTEXT((#2864,#2865,#2866)) REPRESENTATION_CONTEXT
('Context #1','3D Context with UNIT and UNCERTAINTY') );
#2864 = ( LENGTH_UNIT() NAMED_UNIT(*) SI_UNIT(.MILLI.,.METRE.) );
#2865 = ( NAMED_UNIT(*) PLANE_ANGLE_UNIT() SI_UNIT($,.RADIAN.) );
#2866 = ( NAMED_UNIT(*) SI_UNIT($,.STERADIAN.) SOLID_ANGLE_UNIT() );
#2867 = UNCERTAINTY_MEASURE_WITH_UNIT(LENGTH_MEASURE(2.E-05),#2864,
  'distance_accuracy_value','confusion accuracy');
#2868 = CONTEXT_DEPENDENT_SHAPE_REPRESENTATION(#2869,#2871);
#2869 = ( REPRESENTATION_RELATIONSHIP('','',#2412,#10) 
REPRESENTATION_RELATIONSHIP_WITH_TRANSFORMATION(#2870) 
SHAPE_REPRESENTATION_RELATIONSHIP() );
#2870 = ITEM_DEFINED_TRANSFORMATION('','',#11,#55);
#2871 = PRODUCT_DEFINITION_SHAPE('Placement','Placement of an item',
  #2872);
#2872 = NEXT_ASSEMBLY_USAGE_OCCURRENCE('11','','',#5,#2407,$);
#2873 = PRODUCT_RELATED_PRODUCT_CATEGORY('part',$,(#2409));
#2874 = SHAPE_DEFINITION_REPRESENTATION(#2875,#2881);
#2875 = PRODUCT_DEFINITION_SHAPE('','',#2876);
#2876 = PRODUCT_DEFINITION('design','',#2877,#2880);
#2877 = PRODUCT_DEFINITION_FORMATION('','',#2878);
#2878 = PRODUCT('Open CASCADE STEP translator 7.8 1.12',
  'Open CASCADE STEP translator 7.8 1.12','',(#2879));
#2879 = PRODUCT_CONTEXT('',#2,'mechanical');
#2880 = PRODUCT_DEFINITION_CONTEXT('part definition',#2,'design');
#2881 = MANIFOLD_SURFACE_SHAPE_REPRESENTATION('',(#11,#2882),#2909);
#2882 = SHELL_BASED_SURFACE_MODEL('',(#2883));
#2883 = OPEN_SHELL('',(#2884));
#2884 = ADVANCED_FACE('',(#2885),#2898,.F.);
#2885 = FACE_BOUND('',#2886,.T.);
#2886 = EDGE_LOOP('',(#2887));
#2887 = ORIENTED_EDGE('',*,*,#2888,.F.);
#2888 = EDGE_CURVE('',#2889,#2889,#2891,.T.);
#2889 = VERTEX_POINT('',#2890);
#2890 = CARTESIAN_POINT('',(0.25,-6.123031769112E-17,-243.422485207));
#2891 = SURFACE_CURVE('',#2892,(#2897),.PCURVE_S1.);
#2892 = CIRCLE('',#2893,0.25);
#2893 = AXIS2_PLACEMENT_3D('',#2894,#2895,#2896);
#2894 = CARTESIAN_POINT('',(0.,0.,-243.422485207));
#2895 = DIRECTION('',(0.,0.,1.));
#2896 = DIRECTION('',(1.,0.,-0.));
#2897 = PCURVE('',#2898,#2903);
#2898 = PLANE('',#2899);
#2899 = AXIS2_PLACEMENT_3D('',#2900,#2901,#2902);
#2900 = CARTESIAN_POINT('',(0.,0.,-243.422485207));
#2901 = DIRECTION('',(0.,0.,1.));
#2902 = DIRECTION('',(1.,0.,-0.));
#2903 = DEFINITIONAL_REPRESENTATION('',(#2904),#2908);
#2904 = CIRCLE('',#2905,0.25);
#2905 = AXIS2_PLACEMENT_2D('',#2906,#2907);
#2906 = CARTESIAN_POINT('',(0.,0.));
#2907 = DIRECTION('',(1.,0.));
#2908 = ( GEOMETRIC_REPRESENTATION_CONTEXT(2) 
PARAMETRIC_REPRESENTATION_CONTEXT() REPRESENTATION_CONTEXT('2D SPACE',''
  ) );
#2909 = ( GEOMETRIC_REPRESENTATION_CONTEXT(3) 
GLOBAL_UNCERTAINTY_ASSIGNED_CONTEXT((#2913)) 
GLOBAL_UNIT_ASSIGNED_CONTEXT((#2910,#2911,#2912)) REPRESENTATION_CONTEXT
('Context #1','3D Context with UNIT and UNCERTAINTY') );
#2910 = ( LENGTH_UNIT() NAMED_UNIT(*) SI_UNIT(.MILLI.,.METRE.) );
#2911 = ( NAMED_UNIT(*) PLANE_ANGLE_UNIT() SI_UNIT($,.RADIAN.) );
#2912 = ( NAMED_UNIT(*) SI_UNIT($,.STERADIAN.) SOLID_ANGLE_UNIT() );
#2913 = UNCERTAINTY_MEASURE_WITH_UNIT(LENGTH_MEASURE(1.E-07),#2910,
  'distance_accuracy_value','confusion accuracy');
#2914 = CONTEXT_DEPENDENT_SHAPE_REPRESENTATION(#2915,#2917);
#2915 = ( REPRESENTATION_RELATIONSHIP('','',#2881,#10) 
REPRESENTATION_RELATIONSHIP_WITH_TRANSFORMATION(#2916) 
SHAPE_REPRESENTATION_RELATIONSHIP() );
#2916 = ITEM_DEFINED_TRANSFORMATION('','',#11,#59);
#2917 = PRODUCT_DEFINITION_SHAPE('Placement','Placement of an item',
  #2918);
#2918 = NEXT_ASSEMBLY_USAGE_OCCURRENCE('12','','',#5,#2876,$);
#2919 = PRODUCT_RELATED_PRODUCT_CATEGORY('part',$,(#2878));
#2920 = SHAPE_DEFINITION_REPRESENTATION(#2921,#2927);
#2921 = PRODUCT_DEFINITION_SHAPE('','',#2922);
#2922 = PRODUCT_DEFINITION('design','',#2923,#2926);
#2923 = PRODUCT_DEFINITION_FORMATION('','',#2924);
#2924 = PRODUCT('Open CASCADE STEP translator 7.8 1.13',
  'Open CASCADE STEP translator 7.8 1.13','',(#2925));
#2925 = PRODUCT_CONTEXT('',#2,'mechanical');
#2926 = PRODUCT_DEFINITION_CONTEXT('part definition',#2,'design');
#2927 = MANIFOLD_SURFACE_SHAPE_REPRESENTATION('',(#11,#2928),#3239);
#2928 = SHELL_BASED_SURFACE_MODEL('',(#2929));
#2929 = OPEN_SHELL('',(#2930));
#2930 = ADVANCED_FACE('',(#2931),#2945,.T.);
#2931 = FACE_BOUND('',#2932,.T.);
#2932 = EDGE_LOOP('',(#2933,#3077,#3132,#3186));
#2933 = ORIENTED_EDGE('',*,*,#2934,.T.);
#2934 = EDGE_CURVE('',#2935,#2937,#2939,.T.);
#2935 = VERTEX_POINT('',#2936);
#2936 = CARTESIAN_POINT('',(37.194942302672,0.,-158.0774823966));
#2937 = VERTEX_POINT('',#2938);
#2938 = CARTESIAN_POINT('',(37.220417550809,0.,-157.7973798826));
#2939 = SURFACE_CURVE('',#2940,(#2944),.PCURVE_S1.);
#2940 = ( BOUNDED_CURVE() B_SPLINE_CURVE(2,(#2941,#2942,#2943),
.UNSPECIFIED.,.F.,.F.) B_SPLINE_CURVE_WITH_KNOTS((3,3),(0.,
199.41912008854),.PIECEWISE_BEZIER_KNOTS.) CURVE() 
GEOMETRIC_REPRESENTATION_ITEM() RATIONAL_B_SPLINE_CURVE((1.,
0.94991461176,1.)) REPRESENTATION_ITEM('') );
#2941 = CARTESIAN_POINT('',(37.194942302672,0.,-158.0774823966));
#2942 = CARTESIAN_POINT('',(37.253754971103,1.42108547152E-14,
    -157.9416216524));
#2943 = CARTESIAN_POINT('',(37.220417550809,0.,-157.7973798826));
#2944 = PCURVE('',#2945,#3072);
#2945 = ( BOUNDED_SURFACE() B_SPLINE_SURFACE(2,11,(
    (#2946,#2947,#2948,#2949,#2950,#2951,#2952,#2953,#2954,#2955,#2956
      ,#2957,#2958,#2959,#2960,#2961,#2962,#2963,#2964,#2965,#2966,#2967
      ,#2968,#2969,#2970,#2971,#2972,#2973,#2974,#2975,#2976,#2977,#2978
      ,#2979,#2980,#2981,#2982,#2983,#2984,#2985,#2986,#2987)
    ,(#2988,#2989,#2990,#2991,#2992,#2993,#2994,#2995,#2996,#2997,#2998
      ,#2999,#3000,#3001,#3002,#3003,#3004,#3005,#3006,#3007,#3008,#3009
      ,#3010,#3011,#3012,#3013,#3014,#3015,#3016,#3017,#3018,#3019,#3020
      ,#3021,#3022,#3023,#3024,#3025,#3026,#3027,#3028,#3029)
    ,(#3030,#3031,#3032,#3033,#3034,#3035,#3036,#3037,#3038,#3039,#3040
      ,#3041,#3042,#3043,#3044,#3045,#3046,#3047,#3048,#3049,#3050,#3051
      ,#3052,#3053,#3054,#3055,#3056,#3057,#3058,#3059,#3060,#3061,#3062
      ,#3063,#3064,#3065,#3066,#3067,#3068,#3069,#3070,#3071
)),.UNSPECIFIED.,.F.,.F.,.F.) B_SPLINE_SURFACE_WITH_KNOTS((3,3),(12,10,
    10,10,12),(0.,199.41912008854),(199.36933740546,299.0540061082,
    398.73867481094,398.78845749401,406.53150847121),.UNSPECIFIED.) 
GEOMETRIC_REPRESENTATION_ITEM() RATIONAL_B_SPLINE_SURFACE((
    (1.,1.,1.,1.,1.,1.,1.,1.,1.,1.,1.,1.,1.,1.,1.,1.,1.,1.,1.,1.,1.,1.
      ,1.,1.,1.,1.,1.,1.,1.,1.,1.,1.,1.,1.,1.,1.,1.,1.,1.,1.,1.,1.)
    ,(0.94991461176,0.94991461176,0.94703480121,0.941262369057
      ,0.932745122633,0.922130854282,0.909832202811,0.896253004011
      ,0.881777959069,0.866692480126,0.851251998028,0.820056825502
      ,0.804302239822,0.788590737275,0.773072750268,0.757856486799
      ,0.743015916718,0.728598768579,0.714633986922,0.701138100108
      ,0.688119948553,0.675576962569,0.675570701829,0.675564441209
      ,0.675558180708,0.675551920328,0.675545660068,0.675539399928
      ,0.675533139908,0.675526880008,0.675520620228,0.674540751626
      ,0.673761864473,0.673177699108,0.672788255531,0.672593533743
      ,0.672593533743,0.672788255531,0.673177699108,0.673761864473
      ,0.674540751626,0.675514360568)
    ,(1.,1.,1.,1.,1.,1.,1.,1.,1.,1.,1.,1.,1.,1.,1.,1.,1.,1.,1.,1.,1.,1.
      ,1.,1.,1.,1.,1.,1.,1.,1.,1.,1.,1.,1.,1.,1.,1.,1.,1.,1.,1.,1.
))) REPRESENTATION_ITEM('') SURFACE() );
#2946 = CARTESIAN_POINT('',(37.194942302672,-9.109832534782E-15,
    -158.0774823966));
#2947 = CARTESIAN_POINT('',(37.194942302673,-3.926605342952,
    -158.0774823966));
#2948 = CARTESIAN_POINT('',(37.032890683966,-7.851943150563,
    -157.3981969188));
#2949 = CARTESIAN_POINT('',(36.709396730309,-11.79315780314,
    -156.0423556322));
#2950 = CARTESIAN_POINT('',(36.221703949262,-15.72978967758,
    -153.9966252841));
#2951 = CARTESIAN_POINT('',(35.587357062887,-19.6285308266,
    -151.3313180617));
#2952 = CARTESIAN_POINT('',(34.808554464374,-23.57126626995,
    -148.052202863));
#2953 = CARTESIAN_POINT('',(33.884864896059,-27.53391226782,
    -144.1539121297));
#2954 = CARTESIAN_POINT('',(32.816793581018,-31.56979894686,
    -139.6354123216));
#2955 = CARTESIAN_POINT('',(31.599173809036,-35.68911183615,
    -134.4720849253));
#2956 = CARTESIAN_POINT('',(30.226387825216,-39.92144274094,
    -128.6376977474));
#2957 = CARTESIAN_POINT('',(27.152790935331,-48.66379044419,
    -115.5474717468));
#2958 = CARTESIAN_POINT('',(25.451991153898,-53.17392126215,
    -108.2916805624));
#2959 = CARTESIAN_POINT('',(23.578489333954,-57.84981253567,
    -100.2861550914));
#2960 = CARTESIAN_POINT('',(21.520995333704,-62.72019987886,
    -91.48110915947));
#2961 = CARTESIAN_POINT('',(19.265418117892,-67.81662057496,
    -81.81500787452));
#2962 = CARTESIAN_POINT('',(16.794412550033,-73.1744986729,
    -71.2125122138));
#2963 = CARTESIAN_POINT('',(14.086697906351,-78.83445832633,
    -59.58144753782));
#2964 = CARTESIAN_POINT('',(11.116161581262,-84.84387804756,
    -46.808856698));
#2965 = CARTESIAN_POINT('',(7.850761460835,-91.25869856875,
    -32.75619843485));
#2966 = CARTESIAN_POINT('',(4.251240434575,-98.14549698402,
    -17.2537517354));
#2967 = CARTESIAN_POINT('',(0.267678116176,-105.5875545812,
    -8.571737649157E-02));
#2968 = CARTESIAN_POINT('',(0.265689616509,-105.5912694391,
    -7.71474990058E-02));
#2969 = CARTESIAN_POINT('',(0.263701021554,-105.5949844345,
    -6.857720824117E-02));
#2970 = CARTESIAN_POINT('',(0.261712331294,-105.5986995675,
    -6.000650414031E-02));
#2971 = CARTESIAN_POINT('',(0.259723545744,-105.6024148381,
    -5.143538671857E-02));
#2972 = CARTESIAN_POINT('',(0.257734664862,-105.6061302464,
    -4.286385588286E-02));
#2973 = CARTESIAN_POINT('',(0.255745688683,-105.6098457922,
    -3.42919116668E-02));
#2974 = CARTESIAN_POINT('',(0.253756617159,-105.6135614757,
    -2.571955398445E-02));
#2975 = CARTESIAN_POINT('',(0.251767450314,-105.6172772968,
    -1.714678284226E-02));
#2976 = CARTESIAN_POINT('',(0.249778188123,-105.6209932555,
    -8.573598188178E-03));
#2977 = CARTESIAN_POINT('',(-6.162994464773E-02,-106.2026999744,
    1.333512051415));
#2978 = CARTESIAN_POINT('',(-0.371049120254,-106.7806913448,
    2.667025828333));
#2979 = CARTESIAN_POINT('',(-0.680468696235,-107.3586834631,
    4.000541330755));
#2980 = CARTESIAN_POINT('',(-0.989888672589,-107.9366763293,
    5.334058558679));
#2981 = CARTESIAN_POINT('',(-1.299309049316,-108.5146699434,
    6.667577512108));
#2982 = CARTESIAN_POINT('',(-1.608729826417,-109.0926643054,
    8.001098191039));
#2983 = CARTESIAN_POINT('',(-1.918151003892,-109.6706594152,
    9.334620595474));
#2984 = CARTESIAN_POINT('',(-2.227572581741,-110.248655273,
    10.668144725412));
#2985 = CARTESIAN_POINT('',(-2.536994559963,-110.8266518787,
    12.001670580854));
#2986 = CARTESIAN_POINT('',(-2.846416938559,-111.4046492323,
    13.335198161799));
#2987 = CARTESIAN_POINT('',(-3.155839717529,-111.9826473338,
    14.668727468247));
#2988 = CARTESIAN_POINT('',(37.253754971103,0.,-157.9416216524));
#2989 = CARTESIAN_POINT('',(37.253754971103,-3.906176600206,
    -157.9416216524));
#2990 = CARTESIAN_POINT('',(37.096418150193,-7.836020385656,
    -157.2608688734));
#2991 = CARTESIAN_POINT('',(36.779372164825,-11.8002219482,
    -155.889098843));
#2992 = CARTESIAN_POINT('',(36.297762996459,-15.76800289229,
    -153.8053095694));
#2993 = CARTESIAN_POINT('',(35.670968330475,-19.68686723299,
    -151.093342922));
#2994 = CARTESIAN_POINT('',(34.902274557865,-23.64672541061,
    -147.7674182028));
#2995 = CARTESIAN_POINT('',(33.992951788421,-27.6094143567,
    -143.8330308248));
#2996 = CARTESIAN_POINT('',(32.945785170736,-31.63180341608,
    -139.302231353));
#2997 = CARTESIAN_POINT('',(31.75735584253,-35.71875098972,
    -134.1602273191));
#2998 = CARTESIAN_POINT('',(30.4242138857,-39.89858282538,
    -128.3920918842));
#2999 = CARTESIAN_POINT('',(27.398704348889,-48.65355406216,
    -115.3015513919));
#3000 = CARTESIAN_POINT('',(25.69123819222,-53.24759077599,
    -107.9138189815));
#3001 = CARTESIAN_POINT('',(23.811051786047,-57.99844086589,
    -99.77877396403));
#3002 = CARTESIAN_POINT('',(21.749304795594,-62.93125698829,
    -90.85816666302));
#3003 = CARTESIAN_POINT('',(19.494270478099,-68.07472784485,
    -81.10125871564));
#3004 = CARTESIAN_POINT('',(17.030912807508,-73.46170593178,
    -70.44299340809));
#3005 = CARTESIAN_POINT('',(14.340336737139,-79.13008982815,
    -58.80161711491));
#3006 = CARTESIAN_POINT('',(11.399106638669,-85.12395407456,
    -46.07573037329));
#3007 = CARTESIAN_POINT('',(8.178412813793,-91.49494027161,
    -32.14068161052));
#3008 = CARTESIAN_POINT('',(4.643043677548,-98.30395438241,
    -16.84412006607));
#3009 = CARTESIAN_POINT('',(0.748108051637,-105.6269865032,
    8.185935743228E-03));
#3010 = CARTESIAN_POINT('',(0.746127715951,-105.6307097736,
    1.675429891658E-02));
#3011 = CARTESIAN_POINT('',(0.744147288416,-105.6344331748,
    2.532305947719E-02));
#3012 = CARTESIAN_POINT('',(0.742166769034,-105.6381567066,
    3.389221747463E-02));
#3013 = CARTESIAN_POINT('',(0.740186157782,-105.6418803693,
    4.246177289981E-02));
#3014 = CARTESIAN_POINT('',(0.738205454679,-105.6456041628,
    5.103172583368E-02));
#3015 = CARTESIAN_POINT('',(0.736224659685,-105.649328087,
    5.960207625466E-02));
#3016 = CARTESIAN_POINT('',(0.734243772827,-105.6530521421,
    6.817282422674E-02));
#3017 = CARTESIAN_POINT('',(0.732262794071,-105.6567763279,
    7.674396976482E-02));
#3018 = CARTESIAN_POINT('',(0.730281723428,-105.6605006446,
    8.531551289889E-02));
#3019 = CARTESIAN_POINT('',(0.419708786116,-106.2443561256,
    1.429078459789));
#3020 = CARTESIAN_POINT('',(0.110404102847,-106.8258273773,
    2.767354023252));
#3021 = CARTESIAN_POINT('',(-0.199347557274,-107.4081389144,
    4.107563531561));
#3022 = CARTESIAN_POINT('',(-0.509278408856,-107.9907873189,
    5.448548351611));
#3023 = CARTESIAN_POINT('',(-0.819119579978,-108.5732671304,
    6.789145149193));
#3024 = CARTESIAN_POINT('',(-1.128601887458,-109.1550723032,
    8.128189243341));
#3025 = CARTESIAN_POINT('',(-1.437456615479,-109.7356976705,
    9.464517975261));
#3026 = CARTESIAN_POINT('',(-1.745416292873,-110.3146404049,
    10.796974071408));
#3027 = CARTESIAN_POINT('',(-2.052215464336,-110.891401469,
    12.12440898031));
#3028 = CARTESIAN_POINT('',(-2.357591450898,-111.4654870446,
    13.445686162942));
#3029 = CARTESIAN_POINT('',(-2.66128509512,-112.0364099339,
    14.759684316946));
#3030 = CARTESIAN_POINT('',(37.220417550809,-9.06819126797E-15,
    -157.7973798826));
#3031 = CARTESIAN_POINT('',(37.22041755081,-3.880789047399,
    -157.7973798826));
#3032 = CARTESIAN_POINT('',(37.06360572211,-7.762978439577,
    -157.1188985993));
#3033 = CARTESIAN_POINT('',(36.750240384386,-11.66393342945,
    -155.7630537102));
#3034 = CARTESIAN_POINT('',(36.276997883046,-15.56187305137,
    -153.7154646839));
#3035 = CARTESIAN_POINT('',(35.66103377917,-19.42409325176,
    -151.0503588743));
#3036 = CARTESIAN_POINT('',(34.903024946269,-23.33505340726,
    -147.7706649253));
#3037 = CARTESIAN_POINT('',(34.002080265027,-27.2686638721,
    -143.8725272108));
#3038 = CARTESIAN_POINT('',(32.957760095781,-31.27970190066,
    -139.3540435319));
#3039 = CARTESIAN_POINT('',(31.764428493116,-35.37734582277,
    -134.1908287162));
#3040 = CARTESIAN_POINT('',(30.415998436438,-39.59117631464,
    -128.3565459142));
#3041 = CARTESIAN_POINT('',(27.39060694628,-48.30211000007,
    -115.2665161771));
#3042 = CARTESIAN_POINT('',(25.713656238182,-52.79933452922,
    -108.0108156477));
#3043 = CARTESIAN_POINT('',(23.863421142354,-57.46480619928,
    -100.0053616415));
#3044 = CARTESIAN_POINT('',(21.828395966399,-62.32692866619,
    -91.20037221929));
#3045 = CARTESIAN_POINT('',(19.594360333615,-67.41692435559,
    -81.53431975561));
#3046 = CARTESIAN_POINT('',(17.143902781633,-72.76993699528,
    -70.93186968284));
#3047 = CARTESIAN_POINT('',(14.455719913721,-78.42634956954,
    -59.30084811278));
#3048 = CARTESIAN_POINT('',(11.503704633585,-84.43333513766,
    -46.52829688191));
#3049 = CARTESIAN_POINT('',(8.255837001878,-90.84665797591,
    -32.47567459496));
#3050 = CARTESIAN_POINT('',(4.672891245733,-97.73274248666,
    -16.97326221392));
#3051 = CARTESIAN_POINT('',(0.704991871824,-105.1747420217,
    0.194737685405));
#3052 = CARTESIAN_POINT('',(0.703011190124,-105.1784568508,
    0.203307545688));
#3053 = CARTESIAN_POINT('',(0.701030412899,-105.1821718176,
    0.211877819256));
#3054 = CARTESIAN_POINT('',(0.699049540158,-105.1858869221,
    0.220448506149));
#3055 = CARTESIAN_POINT('',(0.697068571866,-105.1896021644,0.22901960638
    ));
#3056 = CARTESIAN_POINT('',(0.695087508054,-105.1933175444,
    0.237591120004));
#3057 = CARTESIAN_POINT('',(0.693106348672,-105.1970330623,
    0.246163047029));
#3058 = CARTESIAN_POINT('',(0.691125093752,-105.2007487179,
    0.254735387503));
#3059 = CARTESIAN_POINT('',(0.689143743258,-105.2044645113,
    0.263308141449));
#3060 = CARTESIAN_POINT('',(0.687162297199,-105.2081804426,
    0.271881308901));
#3061 = CARTESIAN_POINT('',(0.376977642204,-105.7898828808,
    1.613964266023));
#3062 = CARTESIAN_POINT('',(6.87634790239E-02,-106.3678899721,
    2.947521451672));
#3063 = CARTESIAN_POINT('',(-0.239461733978,-106.9459177856,
    4.281126446836));
#3064 = CARTESIAN_POINT('',(-0.547697996801,-107.5239663214,
    5.614779251514));
#3065 = CARTESIAN_POINT('',(-0.855945309447,-108.1020355793,
    6.948479865708));
#3066 = CARTESIAN_POINT('',(-1.164203671915,-108.6801255595,
    8.282228289416));
#3067 = CARTESIAN_POINT('',(-1.472473084204,-109.2582362618,
    9.616024522638));
#3068 = CARTESIAN_POINT('',(-1.780753546316,-109.8363676864,
    10.949868565376));
#3069 = CARTESIAN_POINT('',(-2.08904505825,-110.4145198331,
    12.283760417628));
#3070 = CARTESIAN_POINT('',(-2.397347620005,-110.9926927021,
    13.617700079395));
#3071 = CARTESIAN_POINT('',(-2.705661231583,-111.5708862933,
    14.951687550676));
#3072 = DEFINITIONAL_REPRESENTATION('',(#3073),#3076);
#3073 = B_SPLINE_CURVE_WITH_KNOTS('',1,(#3074,#3075),.UNSPECIFIED.,.F.,
  .F.,(2,2),(0.,199.41912008854),.PIECEWISE_BEZIER_KNOTS.);
#3074 = CARTESIAN_POINT('',(0.,199.36933740546));
#3075 = CARTESIAN_POINT('',(199.41912008854,199.36933740546));
#3076 = ( GEOMETRIC_REPRESENTATION_CONTEXT(2) 
PARAMETRIC_REPRESENTATION_CONTEXT() REPRESENTATION_CONTEXT('2D SPACE',''
  ) );
#3077 = ORIENTED_EDGE('',*,*,#3078,.T.);
#3078 = EDGE_CURVE('',#2937,#3079,#3081,.T.);
#3079 = VERTEX_POINT('',#3080);
#3080 = CARTESIAN_POINT('',(0.75,-105.0903180674,0.));
#3081 = SURFACE_CURVE('',#3082,(#3125),.PCURVE_S1.);
#3082 = B_SPLINE_CURVE_WITH_KNOTS('',11,(#3083,#3084,#3085,#3086,#3087,
    #3088,#3089,#3090,#3091,#3092,#3093,#3094,#3095,#3096,#3097,#3098,
    #3099,#3100,#3101,#3102,#3103,#3104,#3105,#3106,#3107,#3108,#3109,
    #3110,#3111,#3112,#3113,#3114,#3115,#3116,#3117,#3118,#3119,#3120,
    #3121,#3122,#3123,#3124),.UNSPECIFIED.,.F.,.F.,(12,10,10,10,12),(
    199.36933740546,299.0540061082,398.73867481094,398.78845749401,
    406.53150847121),.UNSPECIFIED.);
#3083 = CARTESIAN_POINT('',(37.220417550809,-9.06819126797E-15,
    -157.7973798826));
#3084 = CARTESIAN_POINT('',(37.22041755081,-3.880789047399,
    -157.7973798826));
#3085 = CARTESIAN_POINT('',(37.06360572211,-7.762978439577,
    -157.1188985993));
#3086 = CARTESIAN_POINT('',(36.750240384386,-11.66393342945,
    -155.7630537102));
#3087 = CARTESIAN_POINT('',(36.276997883046,-15.56187305137,
    -153.7154646839));
#3088 = CARTESIAN_POINT('',(35.66103377917,-19.42409325176,
    -151.0503588743));
#3089 = CARTESIAN_POINT('',(34.903024946269,-23.33505340726,
    -147.7706649253));
#3090 = CARTESIAN_POINT('',(34.002080265027,-27.2686638721,
    -143.8725272108));
#3091 = CARTESIAN_POINT('',(32.957760095781,-31.27970190066,
    -139.3540435319));
#3092 = CARTESIAN_POINT('',(31.764428493116,-35.37734582277,
    -134.1908287162));
#3093 = CARTESIAN_POINT('',(30.415998436438,-39.59117631464,
    -128.3565459142));
#3094 = CARTESIAN_POINT('',(27.39060694628,-48.30211000007,
    -115.2665161771));
#3095 = CARTESIAN_POINT('',(25.713656238182,-52.79933452922,
    -108.0108156477));
#3096 = CARTESIAN_POINT('',(23.863421142354,-57.46480619928,
    -100.0053616415));
#3097 = CARTESIAN_POINT('',(21.828395966399,-62.32692866619,
    -91.20037221929));
#3098 = CARTESIAN_POINT('',(19.594360333615,-67.41692435559,
    -81.53431975561));
#3099 = CARTESIAN_POINT('',(17.143902781633,-72.76993699528,
    -70.93186968284));
#3100 = CARTESIAN_POINT('',(14.455719913721,-78.42634956954,
    -59.30084811278));
#3101 = CARTESIAN_POINT('',(11.503704633585,-84.43333513766,
    -46.52829688191));
#3102 = CARTESIAN_POINT('',(8.255837001878,-90.84665797591,
    -32.47567459496));
#3103 = CARTESIAN_POINT('',(4.672891245733,-97.73274248666,
    -16.97326221392));
#3104 = CARTESIAN_POINT('',(0.704991871824,-105.1747420217,
    0.194737685405));
#3105 = CARTESIAN_POINT('',(0.703011190124,-105.1784568508,
    0.203307545688));
#3106 = CARTESIAN_POINT('',(0.701030412899,-105.1821718176,
    0.211877819256));
#3107 = CARTESIAN_POINT('',(0.699049540158,-105.1858869221,
    0.220448506149));
#3108 = CARTESIAN_POINT('',(0.697068571866,-105.1896021644,0.22901960638
    ));
#3109 = CARTESIAN_POINT('',(0.695087508054,-105.1933175444,
    0.237591120004));
#3110 = CARTESIAN_POINT('',(0.693106348672,-105.1970330623,
    0.246163047029));
#3111 = CARTESIAN_POINT('',(0.691125093752,-105.2007487179,
    0.254735387503));
#3112 = CARTESIAN_POINT('',(0.689143743258,-105.2044645113,
    0.263308141449));
#3113 = CARTESIAN_POINT('',(0.687162297199,-105.2081804426,
    0.271881308901));
#3114 = CARTESIAN_POINT('',(0.376977642204,-105.7898828808,
    1.613964266023));
#3115 = CARTESIAN_POINT('',(6.87634790239E-02,-106.3678899721,
    2.947521451672));
#3116 = CARTESIAN_POINT('',(-0.239461733978,-106.9459177856,
    4.281126446836));
#3117 = CARTESIAN_POINT('',(-0.547697996801,-107.5239663214,
    5.614779251514));
#3118 = CARTESIAN_POINT('',(-0.855945309447,-108.1020355793,
    6.948479865708));
#3119 = CARTESIAN_POINT('',(-1.164203671915,-108.6801255595,
    8.282228289416));
#3120 = CARTESIAN_POINT('',(-1.472473084204,-109.2582362618,
    9.616024522638));
#3121 = CARTESIAN_POINT('',(-1.780753546316,-109.8363676864,
    10.949868565376));
#3122 = CARTESIAN_POINT('',(-2.08904505825,-110.4145198331,
    12.283760417628));
#3123 = CARTESIAN_POINT('',(-2.397347620005,-110.9926927021,
    13.617700079395));
#3124 = CARTESIAN_POINT('',(-2.705661231583,-111.5708862933,
    14.951687550676));
#3125 = PCURVE('',#2945,#3126);
#3126 = DEFINITIONAL_REPRESENTATION('',(#3127),#3131);
#3127 = LINE('',#3128,#3129);
#3128 = CARTESIAN_POINT('',(199.41912008854,0.));
#3129 = VECTOR('',#3130,1.);
#3130 = DIRECTION('',(0.,1.));
#3131 = ( GEOMETRIC_REPRESENTATION_CONTEXT(2) 
PARAMETRIC_REPRESENTATION_CONTEXT() REPRESENTATION_CONTEXT('2D SPACE',''
  ) );
#3132 = ORIENTED_EDGE('',*,*,#3133,.F.);
#3133 = EDGE_CURVE('',#3134,#3079,#3136,.T.);
#3134 = VERTEX_POINT('',#3135);
#3135 = CARTESIAN_POINT('',(0.247788830585,-105.624709352,0.));
#3136 = SURFACE_CURVE('',#3137,(#3160),.PCURVE_S1.);
#3137 = B_SPLINE_CURVE_WITH_KNOTS('',6,(#3138,#3139,#3140,#3141,#3142,
    #3143,#3144,#3145,#3146,#3147,#3148,#3149,#3150,#3151,#3152,#3153,
    #3154,#3155,#3156,#3157,#3158,#3159),.UNSPECIFIED.,.F.,.F.,(7,5,5,5,
    7),(0.,0.24999962662,0.499999816638,0.750000132371,1.),
  .UNSPECIFIED.);
#3138 = CARTESIAN_POINT('',(0.247788830585,-105.624709352,0.));
#3139 = CARTESIAN_POINT('',(0.276064586327,-105.6246430188,0.));
#3140 = CARTESIAN_POINT('',(0.305441148573,-105.6223515891,0.));
#3141 = CARTESIAN_POINT('',(0.335707962167,-105.6175656578,0.));
#3142 = CARTESIAN_POINT('',(0.366565242118,-105.6100448519,0.));
#3143 = CARTESIAN_POINT('',(0.397611375995,-105.5996381384,0.));
#3144 = CARTESIAN_POINT('',(0.459192119621,-105.5730216416,0.));
#3145 = CARTESIAN_POINT('',(0.489726609596,-105.5568117237,0.));
#3146 = CARTESIAN_POINT('',(0.519561506148,-105.5376839603,0.));
#3147 = CARTESIAN_POINT('',(0.548206321896,-105.5157534425,0.));
#3148 = CARTESIAN_POINT('',(0.57519742953,-105.4913040329,0.));
#3149 = CARTESIAN_POINT('',(0.625149075249,-105.4381402059,0.));
#3150 = CARTESIAN_POINT('',(0.648109468103,-105.4094259399,0.));
#3151 = CARTESIAN_POINT('',(0.668691955836,-105.3789647994,0.));
#3152 = CARTESIAN_POINT('',(0.686631332293,-105.3472499176,0.));
#3153 = CARTESIAN_POINT('',(0.701821369523,-105.3148018036,0.));
#3154 = CARTESIAN_POINT('',(0.726736605412,-105.2493797038,0.));
#3155 = CARTESIAN_POINT('',(0.73646192923,-105.2164058433,0.));
#3156 = CARTESIAN_POINT('',(0.743471372657,-105.1836404448,0.));
#3157 = CARTESIAN_POINT('',(0.747908423458,-105.1515085115,0.));
#3158 = CARTESIAN_POINT('',(0.75,-105.1203269283,0.));
#3159 = CARTESIAN_POINT('',(0.75,-105.0903180674,0.));
#3160 = PCURVE('',#2945,#3161);
#3161 = DEFINITIONAL_REPRESENTATION('',(#3162),#3185);
#3162 = B_SPLINE_CURVE_WITH_KNOTS('',6,(#3163,#3164,#3165,#3166,#3167,
    #3168,#3169,#3170,#3171,#3172,#3173,#3174,#3175,#3176,#3177,#3178,
    #3179,#3180,#3181,#3182,#3183,#3184),.UNSPECIFIED.,.F.,.F.,(7,5,5,5,
    7),(0.,0.24999962662,0.499999816638,0.750000132371,1.),
  .UNSPECIFIED.);
#3163 = CARTESIAN_POINT('',(0.,398.78845749401));
#3164 = CARTESIAN_POINT('',(8.309140387033,398.78566762423));
#3165 = CARTESIAN_POINT('',(16.618276903321,398.78235862564));
#3166 = CARTESIAN_POINT('',(24.92740917122,398.77850136196));
#3167 = CARTESIAN_POINT('',(33.236537012581,398.77408079169));
#3168 = CARTESIAN_POINT('',(41.545660551285,398.76910833371));
#3169 = CARTESIAN_POINT('',(58.163918217429,398.75814093728));
#3170 = CARTESIAN_POINT('',(66.473052450412,398.75214598561));
#3171 = CARTESIAN_POINT('',(74.782182897132,398.74568023859));
#3172 = CARTESIAN_POINT('',(83.091310273766,398.73881298557));
#3173 = CARTESIAN_POINT('',(91.400435664119,398.73164209257));
#3174 = CARTESIAN_POINT('',(108.01868863664,398.716906738));
#3175 = CARTESIAN_POINT('',(116.32781630186,398.70934231859));
#3176 = CARTESIAN_POINT('',(124.63694409796,398.70168793175));
#3177 = CARTESIAN_POINT('',(132.94607333279,398.69406075654));
#3178 = CARTESIAN_POINT('',(141.25520510487,398.68656750343));
#3179 = CARTESIAN_POINT('',(157.87346016649,398.67201958985));
#3180 = CARTESIAN_POINT('',(166.18258352197,398.66496494038));
#3181 = CARTESIAN_POINT('',(174.49171085236,398.65821520251));
#3182 = CARTESIAN_POINT('',(182.80084268721,398.65183499192));
#3183 = CARTESIAN_POINT('',(191.1099791556,398.64586074345));
#3184 = CARTESIAN_POINT('',(199.41912008854,398.64030874681));
#3185 = ( GEOMETRIC_REPRESENTATION_CONTEXT(2) 
PARAMETRIC_REPRESENTATION_CONTEXT() REPRESENTATION_CONTEXT('2D SPACE',''
  ) );
#3186 = ORIENTED_EDGE('',*,*,#3187,.F.);
#3187 = EDGE_CURVE('',#2935,#3134,#3188,.T.);
#3188 = SURFACE_CURVE('',#3189,(#3232),.PCURVE_S1.);
#3189 = B_SPLINE_CURVE_WITH_KNOTS('',11,(#3190,#3191,#3192,#3193,#3194,
    #3195,#3196,#3197,#3198,#3199,#3200,#3201,#3202,#3203,#3204,#3205,
    #3206,#3207,#3208,#3209,#3210,#3211,#3212,#3213,#3214,#3215,#3216,
    #3217,#3218,#3219,#3220,#3221,#3222,#3223,#3224,#3225,#3226,#3227,
    #3228,#3229,#3230,#3231),.UNSPECIFIED.,.F.,.F.,(12,10,10,10,12),(
    199.36933740546,299.0540061082,398.73867481094,398.78845749401,
    406.53150847121),.UNSPECIFIED.);
#3190 = CARTESIAN_POINT('',(37.194942302672,-9.109832534782E-15,
    -158.0774823966));
#3191 = CARTESIAN_POINT('',(37.194942302673,-3.926605342952,
    -158.0774823966));
#3192 = CARTESIAN_POINT('',(37.032890683966,-7.851943150563,
    -157.3981969188));
#3193 = CARTESIAN_POINT('',(36.709396730309,-11.79315780314,
    -156.0423556322));
#3194 = CARTESIAN_POINT('',(36.221703949262,-15.72978967758,
    -153.9966252841));
#3195 = CARTESIAN_POINT('',(35.587357062887,-19.6285308266,
    -151.3313180617));
#3196 = CARTESIAN_POINT('',(34.808554464374,-23.57126626995,
    -148.052202863));
#3197 = CARTESIAN_POINT('',(33.884864896059,-27.53391226782,
    -144.1539121297));
#3198 = CARTESIAN_POINT('',(32.816793581018,-31.56979894686,
    -139.6354123216));
#3199 = CARTESIAN_POINT('',(31.599173809036,-35.68911183615,
    -134.4720849253));
#3200 = CARTESIAN_POINT('',(30.226387825216,-39.92144274094,
    -128.6376977474));
#3201 = CARTESIAN_POINT('',(27.152790935331,-48.66379044419,
    -115.5474717468));
#3202 = CARTESIAN_POINT('',(25.451991153898,-53.17392126215,
    -108.2916805624));
#3203 = CARTESIAN_POINT('',(23.578489333954,-57.84981253567,
    -100.2861550914));
#3204 = CARTESIAN_POINT('',(21.520995333704,-62.72019987886,
    -91.48110915947));
#3205 = CARTESIAN_POINT('',(19.265418117892,-67.81662057496,
    -81.81500787452));
#3206 = CARTESIAN_POINT('',(16.794412550033,-73.1744986729,
    -71.2125122138));
#3207 = CARTESIAN_POINT('',(14.086697906351,-78.83445832633,
    -59.58144753782));
#3208 = CARTESIAN_POINT('',(11.116161581262,-84.84387804756,
    -46.808856698));
#3209 = CARTESIAN_POINT('',(7.850761460835,-91.25869856875,
    -32.75619843485));
#3210 = CARTESIAN_POINT('',(4.251240434575,-98.14549698402,
    -17.2537517354));
#3211 = CARTESIAN_POINT('',(0.267678116176,-105.5875545812,
    -8.571737649157E-02));
#3212 = CARTESIAN_POINT('',(0.265689616509,-105.5912694391,
    -7.71474990058E-02));
#3213 = CARTESIAN_POINT('',(0.263701021554,-105.5949844345,
    -6.857720824117E-02));
#3214 = CARTESIAN_POINT('',(0.261712331294,-105.5986995675,
    -6.000650414031E-02));
#3215 = CARTESIAN_POINT('',(0.259723545744,-105.6024148381,
    -5.143538671857E-02));
#3216 = CARTESIAN_POINT('',(0.257734664862,-105.6061302464,
    -4.286385588286E-02));
#3217 = CARTESIAN_POINT('',(0.255745688683,-105.6098457922,
    -3.42919116668E-02));
#3218 = CARTESIAN_POINT('',(0.253756617159,-105.6135614757,
    -2.571955398445E-02));
#3219 = CARTESIAN_POINT('',(0.251767450314,-105.6172772968,
    -1.714678284226E-02));
#3220 = CARTESIAN_POINT('',(0.249778188123,-105.6209932555,
    -8.573598188178E-03));
#3221 = CARTESIAN_POINT('',(-6.162994464773E-02,-106.2026999744,
    1.333512051415));
#3222 = CARTESIAN_POINT('',(-0.371049120254,-106.7806913448,
    2.667025828333));
#3223 = CARTESIAN_POINT('',(-0.680468696235,-107.3586834631,
    4.000541330755));
#3224 = CARTESIAN_POINT('',(-0.989888672589,-107.9366763293,
    5.334058558679));
#3225 = CARTESIAN_POINT('',(-1.299309049316,-108.5146699434,
    6.667577512108));
#3226 = CARTESIAN_POINT('',(-1.608729826417,-109.0926643054,
    8.001098191039));
#3227 = CARTESIAN_POINT('',(-1.918151003892,-109.6706594152,
    9.334620595474));
#3228 = CARTESIAN_POINT('',(-2.227572581741,-110.248655273,
    10.668144725412));
#3229 = CARTESIAN_POINT('',(-2.536994559963,-110.8266518787,
    12.001670580854));
#3230 = CARTESIAN_POINT('',(-2.846416938559,-111.4046492323,
    13.335198161799));
#3231 = CARTESIAN_POINT('',(-3.155839717529,-111.9826473338,
    14.668727468247));
#3232 = PCURVE('',#2945,#3233);
#3233 = DEFINITIONAL_REPRESENTATION('',(#3234),#3238);
#3234 = LINE('',#3235,#3236);
#3235 = CARTESIAN_POINT('',(0.,0.));
#3236 = VECTOR('',#3237,1.);
#3237 = DIRECTION('',(0.,1.));
#3238 = ( GEOMETRIC_REPRESENTATION_CONTEXT(2) 
PARAMETRIC_REPRESENTATION_CONTEXT() REPRESENTATION_CONTEXT('2D SPACE',''
  ) );
#3239 = ( GEOMETRIC_REPRESENTATION_CONTEXT(3) 
GLOBAL_UNCERTAINTY_ASSIGNED_CONTEXT((#3243)) 
GLOBAL_UNIT_ASSIGNED_CONTEXT((#3240,#3241,#3242)) REPRESENTATION_CONTEXT
('Context #1','3D Context with UNIT and UNCERTAINTY') );
#3240 = ( LENGTH_UNIT() NAMED_UNIT(*) SI_UNIT(.MILLI.,.METRE.) );
#3241 = ( NAMED_UNIT(*) PLANE_ANGLE_UNIT() SI_UNIT($,.RADIAN.) );
#3242 = ( NAMED_UNIT(*) SI_UNIT($,.STERADIAN.) SOLID_ANGLE_UNIT() );
#3243 = UNCERTAINTY_MEASURE_WITH_UNIT(LENGTH_MEASURE(5.E-05),#3240,
  'distance_accuracy_value','confusion accuracy');
#3244 = CONTEXT_DEPENDENT_SHAPE_REPRESENTATION(#3245,#3247);
#3245 = ( REPRESENTATION_RELATIONSHIP('','',#2927,#10) 
REPRESENTATION_RELATIONSHIP_WITH_TRANSFORMATION(#3246) 
SHAPE_REPRESENTATION_RELATIONSHIP() );
#3246 = ITEM_DEFINED_TRANSFORMATION('','',#11,#63);
#3247 = PRODUCT_DEFINITION_SHAPE('Placement','Placement of an item',
  #3248);
#3248 = NEXT_ASSEMBLY_USAGE_OCCURRENCE('13','','',#5,#2922,$);
#3249 = PRODUCT_RELATED_PRODUCT_CATEGORY('part',$,(#2924));
#3250 = SHAPE_DEFINITION_REPRESENTATION(#3251,#3257);
#3251 = PRODUCT_DEFINITION_SHAPE('','',#3252);
#3252 = PRODUCT_DEFINITION('design','',#3253,#3256);
#3253 = PRODUCT_DEFINITION_FORMATION('','',#3254);
#3254 = PRODUCT('Open CASCADE STEP translator 7.8 1.14',
  'Open CASCADE STEP translator 7.8 1.14','',(#3255));
#3255 = PRODUCT_CONTEXT('',#2,'mechanical');
#3256 = PRODUCT_DEFINITION_CONTEXT('part definition',#2,'design');
#3257 = MANIFOLD_SURFACE_SHAPE_REPRESENTATION('',(#11,#3258),#3452);
#3258 = SHELL_BASED_SURFACE_MODEL('',(#3259));
#3259 = OPEN_SHELL('',(#3260));
#3260 = ADVANCED_FACE('',(#3261),#3275,.T.);
#3261 = FACE_BOUND('',#3262,.T.);
#3262 = EDGE_LOOP('',(#3263,#3286,#3370));
#3263 = ORIENTED_EDGE('',*,*,#3264,.F.);
#3264 = EDGE_CURVE('',#3265,#3267,#3269,.T.);
#3265 = VERTEX_POINT('',#3266);
#3266 = CARTESIAN_POINT('',(0.75,-105.0903180674,0.));
#3267 = VERTEX_POINT('',#3268);
#3268 = CARTESIAN_POINT('',(0.75,105.09031806743,0.));
#3269 = SURFACE_CURVE('',#3270,(#3274),.PCURVE_S1.);
#3270 = LINE('',#3271,#3272);
#3271 = CARTESIAN_POINT('',(0.75,-244.,0.));
#3272 = VECTOR('',#3273,1.);
#3273 = DIRECTION('',(0.,1.,0.));
#3274 = PCURVE('',#3275,#3280);
#3275 = PLANE('',#3276);
#3276 = AXIS2_PLACEMENT_3D('',#3277,#3278,#3279);
#3277 = CARTESIAN_POINT('',(57.143723958,-244.,-244.));
#3278 = DIRECTION('',(0.974315872684,-0.,0.225185657262));
#3279 = DIRECTION('',(-0.225185657262,0.,0.974315872684));
#3280 = DEFINITIONAL_REPRESENTATION('',(#3281),#3285);
#3281 = LINE('',#3282,#3283);
#3282 = CARTESIAN_POINT('',(250.43213072976,0.));
#3283 = VECTOR('',#3284,1.);
#3284 = DIRECTION('',(0.,-1.));
#3285 = ( GEOMETRIC_REPRESENTATION_CONTEXT(2) 
PARAMETRIC_REPRESENTATION_CONTEXT() REPRESENTATION_CONTEXT('2D SPACE',''
  ) );
#3286 = ORIENTED_EDGE('',*,*,#3287,.F.);
#3287 = EDGE_CURVE('',#3288,#3265,#3290,.T.);
#3288 = VERTEX_POINT('',#3289);
#3289 = CARTESIAN_POINT('',(37.220417550809,0.,-157.7973798826));
#3290 = SURFACE_CURVE('',#3291,(#3334),.PCURVE_S1.);
#3291 = B_SPLINE_CURVE_WITH_KNOTS('',11,(#3292,#3293,#3294,#3295,#3296,
    #3297,#3298,#3299,#3300,#3301,#3302,#3303,#3304,#3305,#3306,#3307,
    #3308,#3309,#3310,#3311,#3312,#3313,#3314,#3315,#3316,#3317,#3318,
    #3319,#3320,#3321,#3322,#3323,#3324,#3325,#3326,#3327,#3328,#3329,
    #3330,#3331,#3332,#3333),.UNSPECIFIED.,.F.,.F.,(12,10,10,10,12),(
    199.36933740546,299.0540061082,398.73867481094,398.78845749401,
    406.53150847121),.UNSPECIFIED.);
#3292 = CARTESIAN_POINT('',(37.220417550809,-9.06819126797E-15,
    -157.7973798826));
#3293 = CARTESIAN_POINT('',(37.22041755081,-3.880789047399,
    -157.7973798826));
#3294 = CARTESIAN_POINT('',(37.06360572211,-7.762978439577,
    -157.1188985993));
#3295 = CARTESIAN_POINT('',(36.750240384386,-11.66393342945,
    -155.7630537102));
#3296 = CARTESIAN_POINT('',(36.276997883046,-15.56187305137,
    -153.7154646839));
#3297 = CARTESIAN_POINT('',(35.66103377917,-19.42409325176,
    -151.0503588743));
#3298 = CARTESIAN_POINT('',(34.903024946269,-23.33505340726,
    -147.7706649253));
#3299 = CARTESIAN_POINT('',(34.002080265027,-27.2686638721,
    -143.8725272108));
#3300 = CARTESIAN_POINT('',(32.957760095781,-31.27970190066,
    -139.3540435319));
#3301 = CARTESIAN_POINT('',(31.764428493116,-35.37734582277,
    -134.1908287162));
#3302 = CARTESIAN_POINT('',(30.415998436438,-39.59117631464,
    -128.3565459142));
#3303 = CARTESIAN_POINT('',(27.39060694628,-48.30211000007,
    -115.2665161771));
#3304 = CARTESIAN_POINT('',(25.713656238182,-52.79933452922,
    -108.0108156477));
#3305 = CARTESIAN_POINT('',(23.863421142354,-57.46480619928,
    -100.0053616415));
#3306 = CARTESIAN_POINT('',(21.828395966399,-62.32692866619,
    -91.20037221929));
#3307 = CARTESIAN_POINT('',(19.594360333615,-67.41692435559,
    -81.53431975561));
#3308 = CARTESIAN_POINT('',(17.143902781633,-72.76993699528,
    -70.93186968284));
#3309 = CARTESIAN_POINT('',(14.455719913721,-78.42634956954,
    -59.30084811278));
#3310 = CARTESIAN_POINT('',(11.503704633585,-84.43333513766,
    -46.52829688191));
#3311 = CARTESIAN_POINT('',(8.255837001878,-90.84665797591,
    -32.47567459496));
#3312 = CARTESIAN_POINT('',(4.672891245733,-97.73274248666,
    -16.97326221392));
#3313 = CARTESIAN_POINT('',(0.704991871824,-105.1747420217,
    0.194737685405));
#3314 = CARTESIAN_POINT('',(0.703011190124,-105.1784568508,
    0.203307545688));
#3315 = CARTESIAN_POINT('',(0.701030412899,-105.1821718176,
    0.211877819256));
#3316 = CARTESIAN_POINT('',(0.699049540158,-105.1858869221,
    0.220448506149));
#3317 = CARTESIAN_POINT('',(0.697068571866,-105.1896021644,0.22901960638
    ));
#3318 = CARTESIAN_POINT('',(0.695087508054,-105.1933175444,
    0.237591120004));
#3319 = CARTESIAN_POINT('',(0.693106348672,-105.1970330623,
    0.246163047029));
#3320 = CARTESIAN_POINT('',(0.691125093752,-105.2007487179,
    0.254735387503));
#3321 = CARTESIAN_POINT('',(0.689143743258,-105.2044645113,
    0.263308141449));
#3322 = CARTESIAN_POINT('',(0.687162297199,-105.2081804426,
    0.271881308901));
#3323 = CARTESIAN_POINT('',(0.376977642204,-105.7898828808,
    1.613964266023));
#3324 = CARTESIAN_POINT('',(6.87634790239E-02,-106.3678899721,
    2.947521451672));
#3325 = CARTESIAN_POINT('',(-0.239461733978,-106.9459177856,
    4.281126446836));
#3326 = CARTESIAN_POINT('',(-0.547697996801,-107.5239663214,
    5.614779251514));
#3327 = CARTESIAN_POINT('',(-0.855945309447,-108.1020355793,
    6.948479865708));
#3328 = CARTESIAN_POINT('',(-1.164203671915,-108.6801255595,
    8.282228289416));
#3329 = CARTESIAN_POINT('',(-1.472473084204,-109.2582362618,
    9.616024522638));
#3330 = CARTESIAN_POINT('',(-1.780753546316,-109.8363676864,
    10.949868565376));
#3331 = CARTESIAN_POINT('',(-2.08904505825,-110.4145198331,
    12.283760417628));
#3332 = CARTESIAN_POINT('',(-2.397347620005,-110.9926927021,
    13.617700079395));
#3333 = CARTESIAN_POINT('',(-2.705661231583,-111.5708862933,
    14.951687550676));
#3334 = PCURVE('',#3275,#3335);
#3335 = DEFINITIONAL_REPRESENTATION('',(#3336),#3369);
#3336 = B_SPLINE_CURVE_WITH_KNOTS('',11,(#3337,#3338,#3339,#3340,#3341,
    #3342,#3343,#3344,#3345,#3346,#3347,#3348,#3349,#3350,#3351,#3352,
    #3353,#3354,#3355,#3356,#3357,#3358,#3359,#3360,#3361,#3362,#3363,
    #3364,#3365,#3366,#3367,#3368),.UNSPECIFIED.,.F.,.F.,(12,10,10,12),(
    199.36933740546,299.0540061082,398.73867481094,398.78845749401),
  .UNSPECIFIED.);
#3337 = CARTESIAN_POINT('',(88.475023895404,-244.));
#3338 = CARTESIAN_POINT('',(88.475023895409,-240.1192109526));
#3339 = CARTESIAN_POINT('',(89.171390753732,-236.2370215603));
#3340 = CARTESIAN_POINT('',(90.562977329769,-232.3360665706));
#3341 = CARTESIAN_POINT('',(92.664543242159,-228.4381269484));
#3342 = CARTESIAN_POINT('',(95.399904416943,-224.5759067484));
#3343 = CARTESIAN_POINT('',(98.766055005666,-220.6649465924));
#3344 = CARTESIAN_POINT('',(102.76695227556,-216.731336128));
#3345 = CARTESIAN_POINT('',(107.40454856771,-212.7202980992));
#3346 = CARTESIAN_POINT('',(112.70387187815,-208.6226541772));
#3347 = CARTESIAN_POINT('',(118.69195332638,-204.4088236853));
#3348 = CARTESIAN_POINT('',(132.12705184441,-195.6978899999));
#3349 = CARTESIAN_POINT('',(139.57402128489,-191.2006654706));
#3350 = CARTESIAN_POINT('',(147.79050859766,-186.5351938009));
#3351 = CARTESIAN_POINT('',(156.82760803167,-181.6730713334));
#3352 = CARTESIAN_POINT('',(166.74846915652,-176.5830756447));
#3353 = CARTESIAN_POINT('',(177.63041244517,-171.2300630043));
#3354 = CARTESIAN_POINT('',(189.56804160319,-165.5736504307));
#3355 = CARTESIAN_POINT('',(202.67729250267,-159.5666648622));
#3356 = CARTESIAN_POINT('',(217.10035865728,-153.1533420241));
#3357 = CARTESIAN_POINT('',(233.01143309996,-146.2672575133));
#3358 = CARTESIAN_POINT('',(250.63200193259,-138.8252579782));
#3359 = CARTESIAN_POINT('',(250.64079770459,-138.8215431491));
#3360 = CARTESIAN_POINT('',(250.64959390082,-138.8178281824));
#3361 = CARTESIAN_POINT('',(250.65839052116,-138.8141130777));
#3362 = CARTESIAN_POINT('',(250.66718756588,-138.8103978357));
#3363 = CARTESIAN_POINT('',(250.67598503477,-138.8066824553));
#3364 = CARTESIAN_POINT('',(250.68478292802,-138.8029669377));
#3365 = CARTESIAN_POINT('',(250.69358124561,-138.7992512819));
#3366 = CARTESIAN_POINT('',(250.70237998755,-138.7955354886));
#3367 = CARTESIAN_POINT('',(250.71117915392,-138.7918195573));
#3368 = CARTESIAN_POINT('',(250.71997874471,-138.7881034883));
#3369 = ( GEOMETRIC_REPRESENTATION_CONTEXT(2) 
PARAMETRIC_REPRESENTATION_CONTEXT() REPRESENTATION_CONTEXT('2D SPACE',''
  ) );
#3370 = ORIENTED_EDGE('',*,*,#3371,.F.);
#3371 = EDGE_CURVE('',#3267,#3288,#3372,.T.);
#3372 = SURFACE_CURVE('',#3373,(#3416),.PCURVE_S1.);
#3373 = B_SPLINE_CURVE_WITH_KNOTS('',11,(#3374,#3375,#3376,#3377,#3378,
    #3379,#3380,#3381,#3382,#3383,#3384,#3385,#3386,#3387,#3388,#3389,
    #3390,#3391,#3392,#3393,#3394,#3395,#3396,#3397,#3398,#3399,#3400,
    #3401,#3402,#3403,#3404,#3405,#3406,#3407,#3408,#3409,#3410,#3411,
    #3412,#3413,#3414,#3415),.UNSPECIFIED.,.F.,.F.,(12,10,10,10,12),(
    -7.79283366508,-4.978268307251E-02,0.,99.684668702734,
    199.36933740546),.UNSPECIFIED.);
#3374 = CARTESIAN_POINT('',(-2.705661231925,111.57088629246,
    14.951687550984));
#3375 = CARTESIAN_POINT('',(-2.397347620519,110.99269270287,
    13.617700080586));
#3376 = CARTESIAN_POINT('',(-2.089045058895,110.41451983518,
    12.28376041952));
#3377 = CARTESIAN_POINT('',(-1.780753547052,109.83636768939,
    10.949868567787));
#3378 = CARTESIAN_POINT('',(-1.47247308499,109.25823626551,
    9.616024525387));
#3379 = CARTESIAN_POINT('',(-1.16420367271,108.68012556354,
    8.282228292319));
#3380 = CARTESIAN_POINT('',(-0.855945310211,108.10203558347,
    6.948479868583));
#3381 = CARTESIAN_POINT('',(-0.547697997494,107.5239663253,
    5.614779254179));
#3382 = CARTESIAN_POINT('',(-0.239461734558,106.94591778904,
    4.281126449108));
#3383 = CARTESIAN_POINT('',(6.876347859656E-02,106.36788997469,
    2.947521453369));
#3384 = CARTESIAN_POINT('',(0.37697764197,105.78988288224,1.613964266963
    ));
#3385 = CARTESIAN_POINT('',(0.687162297199,105.20818044262,0.2718813089)
  );
#3386 = CARTESIAN_POINT('',(0.689143743257,105.20446451141,
    0.263308141452));
#3387 = CARTESIAN_POINT('',(0.691125093754,105.20074871789,
    0.254735387494));
#3388 = CARTESIAN_POINT('',(0.69310634867,105.19703306242,0.246163047047
    ));
#3389 = CARTESIAN_POINT('',(0.695087508057,105.19331754438,
    0.237591119979));
#3390 = CARTESIAN_POINT('',(0.697068571864,105.18960216453,
    0.229019606406));
#3391 = CARTESIAN_POINT('',(0.699049540158,105.18588692207,
    0.220448506129));
#3392 = CARTESIAN_POINT('',(0.7010304129,105.18217181764,0.211877819267)
  );
#3393 = CARTESIAN_POINT('',(0.703011190123,105.17845685079,
    0.203307545685));
#3394 = CARTESIAN_POINT('',(0.704991871824,105.17474202173,
    0.194737685405));
#3395 = CARTESIAN_POINT('',(4.672891245734,97.732742486668,
    -16.97326221393));
#3396 = CARTESIAN_POINT('',(8.255837001872,90.846657975907,
    -32.47567459493));
#3397 = CARTESIAN_POINT('',(11.503704633601,84.433335137695,
    -46.52829688198));
#3398 = CARTESIAN_POINT('',(14.455719913688,78.426349569475,
    -59.30084811264));
#3399 = CARTESIAN_POINT('',(17.14390278168,72.769936995394,
    -70.93186968303));
#3400 = CARTESIAN_POINT('',(19.594360333565,67.416924355468,
    -81.5343197554));
#3401 = CARTESIAN_POINT('',(21.82839596644,62.326928666304,
    -91.20037221946));
#3402 = CARTESIAN_POINT('',(23.86342114233,57.464806199222,
    -100.0053616414));
#3403 = CARTESIAN_POINT('',(25.713656238192,52.799334529251,
    -108.0108156477));
#3404 = CARTESIAN_POINT('',(27.390606946279,48.30211000007,
    -115.2665161771));
#3405 = CARTESIAN_POINT('',(30.415998436439,39.591176314644,
    -128.3565459142));
#3406 = CARTESIAN_POINT('',(31.764428493117,35.377345822781,
    -134.1908287162));
#3407 = CARTESIAN_POINT('',(32.957760095777,31.279701900652,
    -139.3540435319));
#3408 = CARTESIAN_POINT('',(34.002080265034,27.26866387213,
    -143.8725272107));
#3409 = CARTESIAN_POINT('',(34.903024946262,23.335053407226,
    -147.7706649253));
#3410 = CARTESIAN_POINT('',(35.661033779176,19.424093251807,
    -151.0503588743));
#3411 = CARTESIAN_POINT('',(36.276997883042,15.561873051345,
    -153.715464684));
#3412 = CARTESIAN_POINT('',(36.750240384388,11.663933429472,
    -155.7630537102));
#3413 = CARTESIAN_POINT('',(37.063605722109,7.76297843957,
    -157.1188985993));
#3414 = CARTESIAN_POINT('',(37.220417550811,3.8807890474,-157.7973798826
    ));
#3415 = CARTESIAN_POINT('',(37.220417550809,0.,-157.7973798826));
#3416 = PCURVE('',#3275,#3417);
#3417 = DEFINITIONAL_REPRESENTATION('',(#3418),#3451);
#3418 = B_SPLINE_CURVE_WITH_KNOTS('',11,(#3419,#3420,#3421,#3422,#3423,
    #3424,#3425,#3426,#3427,#3428,#3429,#3430,#3431,#3432,#3433,#3434,
    #3435,#3436,#3437,#3438,#3439,#3440,#3441,#3442,#3443,#3444,#3445,
    #3446,#3447,#3448,#3449,#3450),.UNSPECIFIED.,.F.,.F.,(12,10,10,12),(
    -4.978268307251E-02,0.,99.684668702734,199.36933740546),
  .UNSPECIFIED.);
#3419 = CARTESIAN_POINT('',(250.71997874471,-349.2118965116));
#3420 = CARTESIAN_POINT('',(250.71117915391,-349.2081804426));
#3421 = CARTESIAN_POINT('',(250.70237998757,-349.2044645114));
#3422 = CARTESIAN_POINT('',(250.69358124557,-349.2007487178));
#3423 = CARTESIAN_POINT('',(250.68478292805,-349.1970330625));
#3424 = CARTESIAN_POINT('',(250.67598503477,-349.1933175442));
#3425 = CARTESIAN_POINT('',(250.66718756583,-349.1896021646));
#3426 = CARTESIAN_POINT('',(250.65839052122,-349.185886922));
#3427 = CARTESIAN_POINT('',(250.64959390077,-349.1821718176));
#3428 = CARTESIAN_POINT('',(250.64079770461,-349.1784568507));
#3429 = CARTESIAN_POINT('',(250.63200193259,-349.1747420217));
#3430 = CARTESIAN_POINT('',(233.01143309998,-341.7327424866));
#3431 = CARTESIAN_POINT('',(217.1003586572,-334.8466579759));
#3432 = CARTESIAN_POINT('',(202.67729250287,-328.4333351376));
#3433 = CARTESIAN_POINT('',(189.56804160281,-322.4263495695));
#3434 = CARTESIAN_POINT('',(177.63041244571,-316.7699369953));
#3435 = CARTESIAN_POINT('',(166.74846915596,-311.4169243555));
#3436 = CARTESIAN_POINT('',(156.82760803212,-306.3269286662));
#3437 = CARTESIAN_POINT('',(147.7905085974,-301.4648061992));
#3438 = CARTESIAN_POINT('',(139.57402128499,-296.7993345292));
#3439 = CARTESIAN_POINT('',(132.12705184439,-292.30211));
#3440 = CARTESIAN_POINT('',(118.69195332639,-283.5911763146));
#3441 = CARTESIAN_POINT('',(112.70387187814,-279.3773458228));
#3442 = CARTESIAN_POINT('',(107.40454856772,-275.2797019005));
#3443 = CARTESIAN_POINT('',(102.76695227554,-271.2686638723));
#3444 = CARTESIAN_POINT('',(98.766055005699,-267.3350534069));
#3445 = CARTESIAN_POINT('',(95.399904416904,-263.424093252));
#3446 = CARTESIAN_POINT('',(92.664543242189,-259.5618730512));
#3447 = CARTESIAN_POINT('',(90.562977329753,-255.6639334295));
#3448 = CARTESIAN_POINT('',(89.171390753738,-251.7629784395));
#3449 = CARTESIAN_POINT('',(88.475023895408,-247.8807890474));
#3450 = CARTESIAN_POINT('',(88.475023895404,-244.));
#3451 = ( GEOMETRIC_REPRESENTATION_CONTEXT(2) 
PARAMETRIC_REPRESENTATION_CONTEXT() REPRESENTATION_CONTEXT('2D SPACE',''
  ) );
#3452 = ( GEOMETRIC_REPRESENTATION_CONTEXT(3) 
GLOBAL_UNCERTAINTY_ASSIGNED_CONTEXT((#3456)) 
GLOBAL_UNIT_ASSIGNED_CONTEXT((#3453,#3454,#3455)) REPRESENTATION_CONTEXT
('Context #1','3D Context with UNIT and UNCERTAINTY') );
#3453 = ( LENGTH_UNIT() NAMED_UNIT(*) SI_UNIT(.MILLI.,.METRE.) );
#3454 = ( NAMED_UNIT(*) PLANE_ANGLE_UNIT() SI_UNIT($,.RADIAN.) );
#3455 = ( NAMED_UNIT(*) SI_UNIT($,.STERADIAN.) SOLID_ANGLE_UNIT() );
#3456 = UNCERTAINTY_MEASURE_WITH_UNIT(LENGTH_MEASURE(5.E-05),#3453,
  'distance_accuracy_value','confusion accuracy');
#3457 = CONTEXT_DEPENDENT_SHAPE_REPRESENTATION(#3458,#3460);
#3458 = ( REPRESENTATION_RELATIONSHIP('','',#3257,#10) 
REPRESENTATION_RELATIONSHIP_WITH_TRANSFORMATION(#3459) 
SHAPE_REPRESENTATION_RELATIONSHIP() );
#3459 = ITEM_DEFINED_TRANSFORMATION('','',#11,#67);
#3460 = PRODUCT_DEFINITION_SHAPE('Placement','Placement of an item',
  #3461);
#3461 = NEXT_ASSEMBLY_USAGE_OCCURRENCE('14','','',#5,#3252,$);
#3462 = PRODUCT_RELATED_PRODUCT_CATEGORY('part',$,(#3254));
#3463 = SHAPE_DEFINITION_REPRESENTATION(#3464,#3470);
#3464 = PRODUCT_DEFINITION_SHAPE('','',#3465);
#3465 = PRODUCT_DEFINITION('design','',#3466,#3469);
#3466 = PRODUCT_DEFINITION_FORMATION('','',#3467);
#3467 = PRODUCT('Open CASCADE STEP translator 7.8 1.15',
  'Open CASCADE STEP translator 7.8 1.15','',(#3468));
#3468 = PRODUCT_CONTEXT('',#2,'mechanical');
#3469 = PRODUCT_DEFINITION_CONTEXT('part definition',#2,'design');
#3470 = MANIFOLD_SURFACE_SHAPE_REPRESENTATION('',(#11,#3471),#3611);
#3471 = SHELL_BASED_SURFACE_MODEL('',(#3472));
#3472 = OPEN_SHELL('',(#3473));
#3473 = ADVANCED_FACE('',(#3474),#3488,.T.);
#3474 = FACE_BOUND('',#3475,.T.);
#3475 = EDGE_LOOP('',(#3476,#3499));
#3476 = ORIENTED_EDGE('',*,*,#3477,.T.);
#3477 = EDGE_CURVE('',#3478,#3480,#3482,.T.);
#3478 = VERTEX_POINT('',#3479);
#3479 = CARTESIAN_POINT('',(-0.75,-105.0903180674,0.));
#3480 = VERTEX_POINT('',#3481);
#3481 = CARTESIAN_POINT('',(-0.75,105.09031806743,0.));
#3482 = SURFACE_CURVE('',#3483,(#3487),.PCURVE_S1.);
#3483 = LINE('',#3484,#3485);
#3484 = CARTESIAN_POINT('',(-0.75,-244.,0.));
#3485 = VECTOR('',#3486,1.);
#3486 = DIRECTION('',(0.,1.,0.));
#3487 = PCURVE('',#3488,#3493);
#3488 = PLANE('',#3489);
#3489 = AXIS2_PLACEMENT_3D('',#3490,#3491,#3492);
#3490 = CARTESIAN_POINT('',(-0.75,-244.,0.));
#3491 = DIRECTION('',(-0.974315872684,0.,0.225185657262));
#3492 = DIRECTION('',(-0.225185657262,0.,-0.974315872684));
#3493 = DEFINITIONAL_REPRESENTATION('',(#3494),#3498);
#3494 = LINE('',#3495,#3496);
#3495 = CARTESIAN_POINT('',(0.,0.));
#3496 = VECTOR('',#3497,1.);
#3497 = DIRECTION('',(0.,-1.));
#3498 = ( GEOMETRIC_REPRESENTATION_CONTEXT(2) 
PARAMETRIC_REPRESENTATION_CONTEXT() REPRESENTATION_CONTEXT('2D SPACE',''
  ) );
#3499 = ORIENTED_EDGE('',*,*,#3500,.F.);
#3500 = EDGE_CURVE('',#3478,#3480,#3501,.T.);
#3501 = SURFACE_CURVE('',#3502,(#3565),.PCURVE_S1.);
#3502 = B_SPLINE_CURVE_WITH_KNOTS('',11,(#3503,#3504,#3505,#3506,#3507,
    #3508,#3509,#3510,#3511,#3512,#3513,#3514,#3515,#3516,#3517,#3518,
    #3519,#3520,#3521,#3522,#3523,#3524,#3525,#3526,#3527,#3528,#3529,
    #3530,#3531,#3532,#3533,#3534,#3535,#3536,#3537,#3538,#3539,#3540,
    #3541,#3542,#3543,#3544,#3545,#3546,#3547,#3548,#3549,#3550,#3551,
    #3552,#3553,#3554,#3555,#3556,#3557,#3558,#3559,#3560,#3561,#3562,
    #3563,#3564),.UNSPECIFIED.,.F.,.F.,(12,10,10,10,10,10,12),(
    -6.194781740718,-4.166495355328E-02,0.,199.383405096,398.76681019201
    ,398.80847514556,404.96159193149),.UNSPECIFIED.);
#3503 = CARTESIAN_POINT('',(2.534525597822,-111.2499483832,
    14.211231139199));
#3504 = CARTESIAN_POINT('',(2.241772559982,-110.7009361947,
    12.944569953693));
#3505 = CARTESIAN_POINT('',(1.949030014194,-110.1519436826,
    11.677954164393));
#3506 = CARTESIAN_POINT('',(1.656297960459,-109.6029708469,
    10.411383771297));
#3507 = CARTESIAN_POINT('',(1.363576398775,-109.0540176876,
    9.144858774407));
#3508 = CARTESIAN_POINT('',(1.070865329143,-108.5050842047,
    7.878379173722));
#3509 = CARTESIAN_POINT('',(0.778164751564,-107.9561703982,
    6.611944969243));
#3510 = CARTESIAN_POINT('',(0.485474666036,-107.4072762681,
    5.345556160968));
#3511 = CARTESIAN_POINT('',(0.192795072561,-106.8584018144,
    4.079212748899));
#3512 = CARTESIAN_POINT('',(-9.987402886278E-02,-106.3095470371,
    2.812914733035));
#3513 = CARTESIAN_POINT('',(-0.392532638234,-105.7607119362,
    1.546662113376));
#3514 = CARTESIAN_POINT('',(-0.68716238058,-105.2081802862,
    0.271880948134));
#3515 = CARTESIAN_POINT('',(-0.689143893345,-105.2044642298,
    0.263307492074));
#3516 = CARTESIAN_POINT('',(-0.691125293861,-105.2007483427,
    0.254734521669));
#3517 = CARTESIAN_POINT('',(-0.693106582127,-105.1970326243,
    0.246162036962));
#3518 = CARTESIAN_POINT('',(-0.695087758174,-105.1933170755,
    0.23759003777));
#3519 = CARTESIAN_POINT('',(-0.697068821978,-105.1896016952,
    0.229018524245));
#3520 = CARTESIAN_POINT('',(-0.699049773587,-105.1858864844,
    0.220447496145));
#3521 = CARTESIAN_POINT('',(-0.701030612974,-105.1821714423,
    0.211876953599));
#3522 = CARTESIAN_POINT('',(-0.703011340174,-105.1784565693,
    0.203306896459));
#3523 = CARTESIAN_POINT('',(-0.704991955182,-105.1747418653,
    0.194737324737));
#3524 = CARTESIAN_POINT('',(-10.18446768051,-87.39549715862,
    -40.82032454108));
#3525 = CARTESIAN_POINT('',(-17.093131699,-73.48947573619,
    -70.71219729215));
#3526 = CARTESIAN_POINT('',(-22.43500499457,-61.84255746024,
    -93.82500121142));
#3527 = CARTESIAN_POINT('',(-26.60392369491,-51.80349513469,
    -111.8627559736));
#3528 = CARTESIAN_POINT('',(-29.89386800434,-42.87370988464,
    -126.097432373));
#3529 = CARTESIAN_POINT('',(-32.45228684749,-34.78069555024,
    -137.1670010044));
#3530 = CARTESIAN_POINT('',(-34.40753297719,-27.27259515586,
    -145.6268086241));
#3531 = CARTESIAN_POINT('',(-35.82499027425,-20.18710444529,
    -151.7597531472));
#3532 = CARTESIAN_POINT('',(-36.75538145221,-13.3682946749,
    -155.7852976846));
#3533 = CARTESIAN_POINT('',(-37.2204175508,-6.684172950244,
    -157.7973798826));
#3534 = CARTESIAN_POINT('',(-37.2204175508,6.684172950244,
    -157.7973798826));
#3535 = CARTESIAN_POINT('',(-36.75538145222,13.3682946749,
    -155.7852976846));
#3536 = CARTESIAN_POINT('',(-35.82499027424,20.187104445298,
    -151.7597531471));
#3537 = CARTESIAN_POINT('',(-34.40753297721,27.272595155851,
    -145.6268086242));
#3538 = CARTESIAN_POINT('',(-32.45228684746,34.78069555027,
    -137.1670010043));
#3539 = CARTESIAN_POINT('',(-29.89386800436,42.87370988462,
    -126.0974323731));
#3540 = CARTESIAN_POINT('',(-26.60392369489,51.803495134707,
    -111.8627559735));
#3541 = CARTESIAN_POINT('',(-22.43500499458,61.842557460236,
    -93.82500121146));
#3542 = CARTESIAN_POINT('',(-17.093131699,73.489475736196,
    -70.71219729214));
#3543 = CARTESIAN_POINT('',(-10.18446768051,87.395497158625,
    -40.82032454108));
#3544 = CARTESIAN_POINT('',(-0.704991955182,105.17474186538,
    0.194737324737));
#3545 = CARTESIAN_POINT('',(-0.703011340171,105.17845656938,
    0.203306896465));
#3546 = CARTESIAN_POINT('',(-0.701030612981,105.18217144234,
    0.211876953582));
#3547 = CARTESIAN_POINT('',(-0.699049773574,105.18588648437,
    0.220447496174));
#3548 = CARTESIAN_POINT('',(-0.697068821994,105.18960169532,
    0.22901852421));
#3549 = CARTESIAN_POINT('',(-0.695087758159,105.19331707545,
    0.237590037803));
#3550 = CARTESIAN_POINT('',(-0.693106582138,105.19703262447,
    0.246162036938));
#3551 = CARTESIAN_POINT('',(-0.691125293855,105.20074834269,
    0.254734521682));
#3552 = CARTESIAN_POINT('',(-0.689143893347,105.2044642299,
    0.263307492069));
#3553 = CARTESIAN_POINT('',(-0.687162380579,105.20818028626,
    0.271880948135));
#3554 = CARTESIAN_POINT('',(-0.392532638378,105.76071193661,
    1.546662112964));
#3555 = CARTESIAN_POINT('',(-9.987402912181E-02,106.30954703776,
    2.812914732326));
#3556 = CARTESIAN_POINT('',(0.192795072214,106.85840181515,4.07921274801
    ));
#3557 = CARTESIAN_POINT('',(0.485474665631,107.40727626879,
    5.345556160015));
#3558 = CARTESIAN_POINT('',(0.778164751128,107.95617039867,
    6.611944968341));
#3559 = CARTESIAN_POINT('',(1.070865328705,108.50508420479,
    7.878379172988));
#3560 = CARTESIAN_POINT('',(1.363576398363,109.05401768716,
    9.144858773956));
#3561 = CARTESIAN_POINT('',(1.656297960101,109.60297084576,
    10.411383771245));
#3562 = CARTESIAN_POINT('',(1.949030013919,110.15194368062,
    11.677954164855));
#3563 = CARTESIAN_POINT('',(2.241772559818,110.70093619171,
    12.944569954787));
#3564 = CARTESIAN_POINT('',(2.534525597797,111.24994837905,
    14.211231141039));
#3565 = PCURVE('',#3488,#3566);
#3566 = DEFINITIONAL_REPRESENTATION('',(#3567),#3610);
#3567 = B_SPLINE_CURVE_WITH_KNOTS('',11,(#3568,#3569,#3570,#3571,#3572,
    #3573,#3574,#3575,#3576,#3577,#3578,#3579,#3580,#3581,#3582,#3583,
    #3584,#3585,#3586,#3587,#3588,#3589,#3590,#3591,#3592,#3593,#3594,
    #3595,#3596,#3597,#3598,#3599,#3600,#3601,#3602,#3603,#3604,#3605,
    #3606,#3607,#3608,#3609),.UNSPECIFIED.,.F.,.F.,(12,10,10,10,12),(
    -4.166495355328E-02,0.,199.383405096,398.76681019201,398.80847514556
    ),.UNSPECIFIED.);
#3568 = CARTESIAN_POINT('',(-0.287848014987,-138.7881034882));
#3569 = CARTESIAN_POINT('',(-0.279048053878,-138.7918197137));
#3570 = CARTESIAN_POINT('',(-0.270248591294,-138.79553577));
#3571 = CARTESIAN_POINT('',(-0.261449627195,-138.7992516574));
#3572 = CARTESIAN_POINT('',(-0.252651161539,-138.8029673752));
#3573 = CARTESIAN_POINT('',(-0.243853194287,-138.8066829248));
#3574 = CARTESIAN_POINT('',(-0.235055725396,-138.8103983043));
#3575 = CARTESIAN_POINT('',(-0.226258754829,-138.8141135158));
#3576 = CARTESIAN_POINT('',(-0.217462282542,-138.8178285575));
#3577 = CARTESIAN_POINT('',(-0.208666308496,-138.8215434306));
#3578 = CARTESIAN_POINT('',(-0.19987083265,-138.8252581346));
#3579 = CARTESIAN_POINT('',(41.896396934036,-156.6045028413));
#3580 = CARTESIAN_POINT('',(72.576255067454,-170.5105242638));
#3581 = CARTESIAN_POINT('',(96.298340037296,-182.1574425397));
#3582 = CARTESIAN_POINT('',(114.81159150731,-192.1965048654));
#3583 = CARTESIAN_POINT('',(129.42151093746,-201.1262901152));
#3584 = CARTESIAN_POINT('',(140.78288658745,-209.2193044499));
#3585 = CARTESIAN_POINT('',(149.4657048161,-216.727404844));
#3586 = CARTESIAN_POINT('',(155.76032106424,-223.8128955547));
#3587 = CARTESIAN_POINT('',(159.89198375217,-230.631705325));
#3588 = CARTESIAN_POINT('',(161.95710683436,-237.3158270497));
#3589 = CARTESIAN_POINT('',(161.95710683436,-250.6841729502));
#3590 = CARTESIAN_POINT('',(159.89198375219,-257.3682946749));
#3591 = CARTESIAN_POINT('',(155.76032106419,-264.1871044451));
#3592 = CARTESIAN_POINT('',(149.46570481619,-271.272595156));
#3593 = CARTESIAN_POINT('',(140.78288658733,-278.7806955499));
#3594 = CARTESIAN_POINT('',(129.42151093759,-286.8737098849));
#3595 = CARTESIAN_POINT('',(114.81159150721,-295.8034951344));
#3596 = CARTESIAN_POINT('',(96.29834003735,-305.8425574603));
#3597 = CARTESIAN_POINT('',(72.576255067432,-317.4894757361));
#3598 = CARTESIAN_POINT('',(41.896396934041,-331.3954971586));
#3599 = CARTESIAN_POINT('',(-0.19987083265,-349.1747418653));
#3600 = CARTESIAN_POINT('',(-0.208666308496,-349.1784565693));
#3601 = CARTESIAN_POINT('',(-0.217462282542,-349.1821714423));
#3602 = CARTESIAN_POINT('',(-0.226258754829,-349.1858864843));
#3603 = CARTESIAN_POINT('',(-0.235055725397,-349.1896016953));
#3604 = CARTESIAN_POINT('',(-0.243853194286,-349.1933170753));
#3605 = CARTESIAN_POINT('',(-0.252651161539,-349.1970326245));
#3606 = CARTESIAN_POINT('',(-0.261449627195,-349.2007483426));
#3607 = CARTESIAN_POINT('',(-0.270248591294,-349.2044642299));
#3608 = CARTESIAN_POINT('',(-0.279048053878,-349.2081802862));
#3609 = CARTESIAN_POINT('',(-0.287848014987,-349.2118965117));
#3610 = ( GEOMETRIC_REPRESENTATION_CONTEXT(2) 
PARAMETRIC_REPRESENTATION_CONTEXT() REPRESENTATION_CONTEXT('2D SPACE',''
  ) );
#3611 = ( GEOMETRIC_REPRESENTATION_CONTEXT(3) 
GLOBAL_UNCERTAINTY_ASSIGNED_CONTEXT((#3615)) 
GLOBAL_UNIT_ASSIGNED_CONTEXT((#3612,#3613,#3614)) REPRESENTATION_CONTEXT
('Context #1','3D Context with UNIT and UNCERTAINTY') );
#3612 = ( LENGTH_UNIT() NAMED_UNIT(*) SI_UNIT(.MILLI.,.METRE.) );
#3613 = ( NAMED_UNIT(*) PLANE_ANGLE_UNIT() SI_UNIT($,.RADIAN.) );
#3614 = ( NAMED_UNIT(*) SI_UNIT($,.STERADIAN.) SOLID_ANGLE_UNIT() );
#3615 = UNCERTAINTY_MEASURE_WITH_UNIT(LENGTH_MEASURE(5.E-05),#3612,
  'distance_accuracy_value','confusion accuracy');
#3616 = CONTEXT_DEPENDENT_SHAPE_REPRESENTATION(#3617,#3619);
#3617 = ( REPRESENTATION_RELATIONSHIP('','',#3470,#10) 
REPRESENTATION_RELATIONSHIP_WITH_TRANSFORMATION(#3618) 
SHAPE_REPRESENTATION_RELATIONSHIP() );
#3618 = ITEM_DEFINED_TRANSFORMATION('','',#11,#71);
#3619 = PRODUCT_DEFINITION_SHAPE('Placement','Placement of an item',
  #3620);
#3620 = NEXT_ASSEMBLY_USAGE_OCCURRENCE('15','','',#5,#3465,$);
#3621 = PRODUCT_RELATED_PRODUCT_CATEGORY('part',$,(#3467));
#3622 = SHAPE_DEFINITION_REPRESENTATION(#3623,#3629);
#3623 = PRODUCT_DEFINITION_SHAPE('','',#3624);
#3624 = PRODUCT_DEFINITION('design','',#3625,#3628);
#3625 = PRODUCT_DEFINITION_FORMATION('','',#3626);
#3626 = PRODUCT('Open CASCADE STEP translator 7.8 1.16',
  'Open CASCADE STEP translator 7.8 1.16','',(#3627));
#3627 = PRODUCT_CONTEXT('',#2,'mechanical');
#3628 = PRODUCT_DEFINITION_CONTEXT('part definition',#2,'design');
#3629 = MANIFOLD_SURFACE_SHAPE_REPRESENTATION('',(#11,#3630),#3704);
#3630 = SHELL_BASED_SURFACE_MODEL('',(#3631));
#3631 = OPEN_SHELL('',(#3632));
#3632 = ADVANCED_FACE('',(#3633),#3647,.F.);
#3633 = FACE_BOUND('',#3634,.F.);
#3634 = EDGE_LOOP('',(#3635,#3658,#3674,#3690));
#3635 = ORIENTED_EDGE('',*,*,#3636,.T.);
#3636 = EDGE_CURVE('',#3637,#3639,#3641,.T.);
#3637 = VERTEX_POINT('',#3638);
#3638 = CARTESIAN_POINT('',(15.,-105.6874185199,0.));
#3639 = VERTEX_POINT('',#3640);
#3640 = CARTESIAN_POINT('',(15.,-105.6874185199,30.));
#3641 = SURFACE_CURVE('',#3642,(#3646),.PCURVE_S1.);
#3642 = LINE('',#3643,#3644);
#3643 = CARTESIAN_POINT('',(15.,-105.6874185199,0.));
#3644 = VECTOR('',#3645,1.);
#3645 = DIRECTION('',(0.,0.,1.));
#3646 = PCURVE('',#3647,#3652);
#3647 = PLANE('',#3648);
#3648 = AXIS2_PLACEMENT_3D('',#3649,#3650,#3651);
#3649 = CARTESIAN_POINT('',(15.,-105.6874186599,0.));
#3650 = DIRECTION('',(-1.,0.,0.));
#3651 = DIRECTION('',(0.,1.,0.));
#3652 = DEFINITIONAL_REPRESENTATION('',(#3653),#3657);
#3653 = LINE('',#3654,#3655);
#3654 = CARTESIAN_POINT('',(1.400094049586E-07,0.));
#3655 = VECTOR('',#3656,1.);
#3656 = DIRECTION('',(0.,-1.));
#3657 = ( GEOMETRIC_REPRESENTATION_CONTEXT(2) 
PARAMETRIC_REPRESENTATION_CONTEXT() REPRESENTATION_CONTEXT('2D SPACE',''
  ) );
#3658 = ORIENTED_EDGE('',*,*,#3659,.T.);
#3659 = EDGE_CURVE('',#3639,#3660,#3662,.T.);
#3660 = VERTEX_POINT('',#3661);
#3661 = CARTESIAN_POINT('',(15.,105.68741851997,30.));
#3662 = SURFACE_CURVE('',#3663,(#3667),.PCURVE_S1.);
#3663 = LINE('',#3664,#3665);
#3664 = CARTESIAN_POINT('',(15.,-244.,30.));
#3665 = VECTOR('',#3666,1.);
#3666 = DIRECTION('',(0.,1.,0.));
#3667 = PCURVE('',#3647,#3668);
#3668 = DEFINITIONAL_REPRESENTATION('',(#3669),#3673);
#3669 = LINE('',#3670,#3671);
#3670 = CARTESIAN_POINT('',(-138.31258134,-30.));
#3671 = VECTOR('',#3672,1.);
#3672 = DIRECTION('',(1.,0.));
#3673 = ( GEOMETRIC_REPRESENTATION_CONTEXT(2) 
PARAMETRIC_REPRESENTATION_CONTEXT() REPRESENTATION_CONTEXT('2D SPACE',''
  ) );
#3674 = ORIENTED_EDGE('',*,*,#3675,.F.);
#3675 = EDGE_CURVE('',#3676,#3660,#3678,.T.);
#3676 = VERTEX_POINT('',#3677);
#3677 = CARTESIAN_POINT('',(15.,105.68741851997,0.));
#3678 = SURFACE_CURVE('',#3679,(#3683),.PCURVE_S1.);
#3679 = LINE('',#3680,#3681);
#3680 = CARTESIAN_POINT('',(15.,105.68741851997,0.));
#3681 = VECTOR('',#3682,1.);
#3682 = DIRECTION('',(0.,0.,1.));
#3683 = PCURVE('',#3647,#3684);
#3684 = DEFINITIONAL_REPRESENTATION('',(#3685),#3689);
#3685 = LINE('',#3686,#3687);
#3686 = CARTESIAN_POINT('',(211.37483717995,0.));
#3687 = VECTOR('',#3688,1.);
#3688 = DIRECTION('',(0.,-1.));
#3689 = ( GEOMETRIC_REPRESENTATION_CONTEXT(2) 
PARAMETRIC_REPRESENTATION_CONTEXT() REPRESENTATION_CONTEXT('2D SPACE',''
  ) );
#3690 = ORIENTED_EDGE('',*,*,#3691,.F.);
#3691 = EDGE_CURVE('',#3637,#3676,#3692,.T.);
#3692 = SURFACE_CURVE('',#3693,(#3697),.PCURVE_S1.);
#3693 = LINE('',#3694,#3695);
#3694 = CARTESIAN_POINT('',(15.,-244.,0.));
#3695 = VECTOR('',#3696,1.);
#3696 = DIRECTION('',(0.,1.,0.));
#3697 = PCURVE('',#3647,#3698);
#3698 = DEFINITIONAL_REPRESENTATION('',(#3699),#3703);
#3699 = LINE('',#3700,#3701);
#3700 = CARTESIAN_POINT('',(-138.31258134,0.));
#3701 = VECTOR('',#3702,1.);
#3702 = DIRECTION('',(1.,0.));
#3703 = ( GEOMETRIC_REPRESENTATION_CONTEXT(2) 
PARAMETRIC_REPRESENTATION_CONTEXT() REPRESENTATION_CONTEXT('2D SPACE',''
  ) );
#3704 = ( GEOMETRIC_REPRESENTATION_CONTEXT(3) 
GLOBAL_UNCERTAINTY_ASSIGNED_CONTEXT((#3708)) 
GLOBAL_UNIT_ASSIGNED_CONTEXT((#3705,#3706,#3707)) REPRESENTATION_CONTEXT
('Context #1','3D Context with UNIT and UNCERTAINTY') );
#3705 = ( LENGTH_UNIT() NAMED_UNIT(*) SI_UNIT(.MILLI.,.METRE.) );
#3706 = ( NAMED_UNIT(*) PLANE_ANGLE_UNIT() SI_UNIT($,.RADIAN.) );
#3707 = ( NAMED_UNIT(*) SI_UNIT($,.STERADIAN.) SOLID_ANGLE_UNIT() );
#3708 = UNCERTAINTY_MEASURE_WITH_UNIT(LENGTH_MEASURE(5.E-05),#3705,
  'distance_accuracy_value','confusion accuracy');
#3709 = CONTEXT_DEPENDENT_SHAPE_REPRESENTATION(#3710,#3712);
#3710 = ( REPRESENTATION_RELATIONSHIP('','',#3629,#10) 
REPRESENTATION_RELATIONSHIP_WITH_TRANSFORMATION(#3711) 
SHAPE_REPRESENTATION_RELATIONSHIP() );
#3711 = ITEM_DEFINED_TRANSFORMATION('','',#11,#75);
#3712 = PRODUCT_DEFINITION_SHAPE('Placement','Placement of an item',
  #3713);
#3713 = NEXT_ASSEMBLY_USAGE_OCCURRENCE('16','','',#5,#3624,$);
#3714 = PRODUCT_RELATED_PRODUCT_CATEGORY('part',$,(#3626));
#3715 = SHAPE_DEFINITION_REPRESENTATION(#3716,#3722);
#3716 = PRODUCT_DEFINITION_SHAPE('','',#3717);
#3717 = PRODUCT_DEFINITION('design','',#3718,#3721);
#3718 = PRODUCT_DEFINITION_FORMATION('','',#3719);
#3719 = PRODUCT('Open CASCADE STEP translator 7.8 1.17',
  'Open CASCADE STEP translator 7.8 1.17','',(#3720));
#3720 = PRODUCT_CONTEXT('',#2,'mechanical');
#3721 = PRODUCT_DEFINITION_CONTEXT('part definition',#2,'design');
#3722 = MANIFOLD_SURFACE_SHAPE_REPRESENTATION('',(#11,#3723),#3856);
#3723 = SHELL_BASED_SURFACE_MODEL('',(#3724));
#3724 = OPEN_SHELL('',(#3725));
#3725 = ADVANCED_FACE('',(#3726),#3740,.F.);
#3726 = FACE_BOUND('',#3727,.F.);
#3727 = EDGE_LOOP('',(#3728,#3772,#3807,#3823));
#3728 = ORIENTED_EDGE('',*,*,#3729,.T.);
#3729 = EDGE_CURVE('',#3730,#3732,#3734,.T.);
#3730 = VERTEX_POINT('',#3731);
#3731 = CARTESIAN_POINT('',(11.686533875108,-109.3774424915,0.));
#3732 = VERTEX_POINT('',#3733);
#3733 = CARTESIAN_POINT('',(11.686533875108,-109.3774424915,30.));
#3734 = SURFACE_CURVE('',#3735,(#3739),.PCURVE_S1.);
#3735 = LINE('',#3736,#3737);
#3736 = CARTESIAN_POINT('',(11.686533875108,-109.3774424915,0.));
#3737 = VECTOR('',#3738,1.);
#3738 = DIRECTION('',(0.,0.,1.));
#3739 = PCURVE('',#3740,#3766);
#3740 = SURFACE_OF_LINEAR_EXTRUSION('',#3741,#3764);
#3741 = B_SPLINE_CURVE_WITH_KNOTS('',6,(#3742,#3743,#3744,#3745,#3746,
    #3747,#3748,#3749,#3750,#3751,#3752,#3753,#3754,#3755,#3756,#3757,
    #3758,#3759,#3760,#3761,#3762,#3763),.UNSPECIFIED.,.F.,.F.,(7,5,5,5,
    7),(0.,0.249985035126,0.500000631737,0.750015759454,1.),
  .UNSPECIFIED.);
#3742 = CARTESIAN_POINT('',(11.686533875108,-109.3774424915,0.));
#3743 = CARTESIAN_POINT('',(11.87924699387,-109.3568518803,0.));
#3744 = CARTESIAN_POINT('',(12.078284948411,-109.321593125,0.));
#3745 = CARTESIAN_POINT('',(12.282141356677,-109.2702307478,0.));
#3746 = CARTESIAN_POINT('',(12.488763556797,-109.201588886,0.));
#3747 = CARTESIAN_POINT('',(12.695523962093,-109.115105193,0.));
#3748 = CARTESIAN_POINT('',(13.103705008105,-108.9069345487,0.));
#3749 = CARTESIAN_POINT('',(13.305124332767,-108.7852427296,0.));
#3750 = CARTESIAN_POINT('',(13.501043218123,-108.6461932998,0.));
#3751 = CARTESIAN_POINT('',(13.688427911558,-108.4908201795,0.));
#3752 = CARTESIAN_POINT('',(13.864483446735,-108.3210823452,0.));
#3753 = CARTESIAN_POINT('',(14.189627979484,-107.9578211109,0.));
#3754 = CARTESIAN_POINT('',(14.338716358678,-107.7642985972,0.));
#3755 = CARTESIAN_POINT('',(14.472161873074,-107.5613520912,0.));
#3756 = CARTESIAN_POINT('',(14.588422800277,-107.3519921465,0.));
#3757 = CARTESIAN_POINT('',(14.686898244871,-107.139304043,0.));
#3758 = CARTESIAN_POINT('',(14.848524735818,-106.7128216797,0.));
#3759 = CARTESIAN_POINT('',(14.9116808308,-106.4990280416,0.));
#3760 = CARTESIAN_POINT('',(14.957310532064,-106.2874348521,0.));
#3761 = CARTESIAN_POINT('',(14.986290419749,-106.0805027217,0.));
#3762 = CARTESIAN_POINT('',(15.,-105.8800677694,0.));
#3763 = CARTESIAN_POINT('',(15.,-105.6874186599,0.));
#3764 = VECTOR('',#3765,1.);
#3765 = DIRECTION('',(-0.,-0.,-1.));
#3766 = DEFINITIONAL_REPRESENTATION('',(#3767),#3771);
#3767 = LINE('',#3768,#3769);
#3768 = CARTESIAN_POINT('',(0.,0.));
#3769 = VECTOR('',#3770,1.);
#3770 = DIRECTION('',(0.,-1.));
#3771 = ( GEOMETRIC_REPRESENTATION_CONTEXT(2) 
PARAMETRIC_REPRESENTATION_CONTEXT() REPRESENTATION_CONTEXT('2D SPACE',''
  ) );
#3772 = ORIENTED_EDGE('',*,*,#3773,.T.);
#3773 = EDGE_CURVE('',#3732,#3774,#3776,.T.);
#3774 = VERTEX_POINT('',#3775);
#3775 = CARTESIAN_POINT('',(15.,-105.6874185199,30.));
#3776 = SURFACE_CURVE('',#3777,(#3800),.PCURVE_S1.);
#3777 = B_SPLINE_CURVE_WITH_KNOTS('',6,(#3778,#3779,#3780,#3781,#3782,
    #3783,#3784,#3785,#3786,#3787,#3788,#3789,#3790,#3791,#3792,#3793,
    #3794,#3795,#3796,#3797,#3798,#3799),.UNSPECIFIED.,.F.,.F.,(7,5,5,5,
    7),(0.,0.249985035126,0.500000631737,0.750015759454,1.),
  .UNSPECIFIED.);
#3778 = CARTESIAN_POINT('',(11.686533875108,-109.3774424915,30.));
#3779 = CARTESIAN_POINT('',(11.87924699387,-109.3568518803,30.));
#3780 = CARTESIAN_POINT('',(12.078284948411,-109.321593125,30.));
#3781 = CARTESIAN_POINT('',(12.282141356677,-109.2702307478,30.));
#3782 = CARTESIAN_POINT('',(12.488763556797,-109.201588886,30.));
#3783 = CARTESIAN_POINT('',(12.695523962093,-109.115105193,30.));
#3784 = CARTESIAN_POINT('',(13.103705008105,-108.9069345487,30.));
#3785 = CARTESIAN_POINT('',(13.305124332767,-108.7852427296,30.));
#3786 = CARTESIAN_POINT('',(13.501043218123,-108.6461932998,30.));
#3787 = CARTESIAN_POINT('',(13.688427911558,-108.4908201795,30.));
#3788 = CARTESIAN_POINT('',(13.864483446735,-108.3210823452,30.));
#3789 = CARTESIAN_POINT('',(14.189627979484,-107.9578211109,30.));
#3790 = CARTESIAN_POINT('',(14.338716358678,-107.7642985972,30.));
#3791 = CARTESIAN_POINT('',(14.472161873074,-107.5613520912,30.));
#3792 = CARTESIAN_POINT('',(14.588422800277,-107.3519921465,30.));
#3793 = CARTESIAN_POINT('',(14.686898244871,-107.139304043,30.));
#3794 = CARTESIAN_POINT('',(14.848524735818,-106.7128216797,30.));
#3795 = CARTESIAN_POINT('',(14.9116808308,-106.4990280416,30.));
#3796 = CARTESIAN_POINT('',(14.957310532064,-106.2874348521,30.));
#3797 = CARTESIAN_POINT('',(14.986290419749,-106.0805027217,30.));
#3798 = CARTESIAN_POINT('',(15.,-105.8800677694,30.));
#3799 = CARTESIAN_POINT('',(15.,-105.6874186599,30.));
#3800 = PCURVE('',#3740,#3801);
#3801 = DEFINITIONAL_REPRESENTATION('',(#3802),#3806);
#3802 = LINE('',#3803,#3804);
#3803 = CARTESIAN_POINT('',(0.,-30.));
#3804 = VECTOR('',#3805,1.);
#3805 = DIRECTION('',(1.,0.));
#3806 = ( GEOMETRIC_REPRESENTATION_CONTEXT(2) 
PARAMETRIC_REPRESENTATION_CONTEXT() REPRESENTATION_CONTEXT('2D SPACE',''
  ) );
#3807 = ORIENTED_EDGE('',*,*,#3808,.F.);
#3808 = EDGE_CURVE('',#3809,#3774,#3811,.T.);
#3809 = VERTEX_POINT('',#3810);
#3810 = CARTESIAN_POINT('',(15.,-105.6874185199,0.));
#3811 = SURFACE_CURVE('',#3812,(#3816),.PCURVE_S1.);
#3812 = LINE('',#3813,#3814);
#3813 = CARTESIAN_POINT('',(15.,-105.6874185199,0.));
#3814 = VECTOR('',#3815,1.);
#3815 = DIRECTION('',(0.,0.,1.));
#3816 = PCURVE('',#3740,#3817);
#3817 = DEFINITIONAL_REPRESENTATION('',(#3818),#3822);
#3818 = LINE('',#3819,#3820);
#3819 = CARTESIAN_POINT('',(1.,0.));
#3820 = VECTOR('',#3821,1.);
#3821 = DIRECTION('',(0.,-1.));
#3822 = ( GEOMETRIC_REPRESENTATION_CONTEXT(2) 
PARAMETRIC_REPRESENTATION_CONTEXT() REPRESENTATION_CONTEXT('2D SPACE',''
  ) );
#3823 = ORIENTED_EDGE('',*,*,#3824,.F.);
#3824 = EDGE_CURVE('',#3730,#3809,#3825,.T.);
#3825 = SURFACE_CURVE('',#3826,(#3849),.PCURVE_S1.);
#3826 = B_SPLINE_CURVE_WITH_KNOTS('',6,(#3827,#3828,#3829,#3830,#3831,
    #3832,#3833,#3834,#3835,#3836,#3837,#3838,#3839,#3840,#3841,#3842,
    #3843,#3844,#3845,#3846,#3847,#3848),.UNSPECIFIED.,.F.,.F.,(7,5,5,5,
    7),(0.,0.249985035126,0.500000631737,0.750015759454,1.),
  .UNSPECIFIED.);
#3827 = CARTESIAN_POINT('',(11.686533875108,-109.3774424915,0.));
#3828 = CARTESIAN_POINT('',(11.87924699387,-109.3568518803,0.));
#3829 = CARTESIAN_POINT('',(12.078284948411,-109.321593125,0.));
#3830 = CARTESIAN_POINT('',(12.282141356677,-109.2702307478,0.));
#3831 = CARTESIAN_POINT('',(12.488763556797,-109.201588886,0.));
#3832 = CARTESIAN_POINT('',(12.695523962093,-109.115105193,0.));
#3833 = CARTESIAN_POINT('',(13.103705008105,-108.9069345487,0.));
#3834 = CARTESIAN_POINT('',(13.305124332767,-108.7852427296,0.));
#3835 = CARTESIAN_POINT('',(13.501043218123,-108.6461932998,0.));
#3836 = CARTESIAN_POINT('',(13.688427911558,-108.4908201795,0.));
#3837 = CARTESIAN_POINT('',(13.864483446735,-108.3210823452,0.));
#3838 = CARTESIAN_POINT('',(14.189627979484,-107.9578211109,0.));
#3839 = CARTESIAN_POINT('',(14.338716358678,-107.7642985972,0.));
#3840 = CARTESIAN_POINT('',(14.472161873074,-107.5613520912,0.));
#3841 = CARTESIAN_POINT('',(14.588422800277,-107.3519921465,0.));
#3842 = CARTESIAN_POINT('',(14.686898244871,-107.139304043,0.));
#3843 = CARTESIAN_POINT('',(14.848524735818,-106.7128216797,0.));
#3844 = CARTESIAN_POINT('',(14.9116808308,-106.4990280416,0.));
#3845 = CARTESIAN_POINT('',(14.957310532064,-106.2874348521,0.));
#3846 = CARTESIAN_POINT('',(14.986290419749,-106.0805027217,0.));
#3847 = CARTESIAN_POINT('',(15.,-105.8800677694,0.));
#3848 = CARTESIAN_POINT('',(15.,-105.6874186599,0.));
#3849 = PCURVE('',#3740,#3850);
#3850 = DEFINITIONAL_REPRESENTATION('',(#3851),#3855);
#3851 = LINE('',#3852,#3853);
#3852 = CARTESIAN_POINT('',(0.,0.));
#3853 = VECTOR('',#3854,1.);
#3854 = DIRECTION('',(1.,0.));
#3855 = ( GEOMETRIC_REPRESENTATION_CONTEXT(2) 
PARAMETRIC_REPRESENTATION_CONTEXT() REPRESENTATION_CONTEXT('2D SPACE',''
  ) );
#3856 = ( GEOMETRIC_REPRESENTATION_CONTEXT(3) 
GLOBAL_UNCERTAINTY_ASSIGNED_CONTEXT((#3860)) 
GLOBAL_UNIT_ASSIGNED_CONTEXT((#3857,#3858,#3859)) REPRESENTATION_CONTEXT
('Context #1','3D Context with UNIT and UNCERTAINTY') );
#3857 = ( LENGTH_UNIT() NAMED_UNIT(*) SI_UNIT(.MILLI.,.METRE.) );
#3858 = ( NAMED_UNIT(*) PLANE_ANGLE_UNIT() SI_UNIT($,.RADIAN.) );
#3859 = ( NAMED_UNIT(*) SI_UNIT($,.STERADIAN.) SOLID_ANGLE_UNIT() );
#3860 = UNCERTAINTY_MEASURE_WITH_UNIT(LENGTH_MEASURE(1.E-04),#3857,
  'distance_accuracy_value','confusion accuracy');
#3861 = CONTEXT_DEPENDENT_SHAPE_REPRESENTATION(#3862,#3864);
#3862 = ( REPRESENTATION_RELATIONSHIP('','',#3722,#10) 
REPRESENTATION_RELATIONSHIP_WITH_TRANSFORMATION(#3863) 
SHAPE_REPRESENTATION_RELATIONSHIP() );
#3863 = ITEM_DEFINED_TRANSFORMATION('','',#11,#79);
#3864 = PRODUCT_DEFINITION_SHAPE('Placement','Placement of an item',
  #3865);
#3865 = NEXT_ASSEMBLY_USAGE_OCCURRENCE('17','','',#5,#3717,$);
#3866 = PRODUCT_RELATED_PRODUCT_CATEGORY('part',$,(#3719));
#3867 = SHAPE_DEFINITION_REPRESENTATION(#3868,#3874);
#3868 = PRODUCT_DEFINITION_SHAPE('','',#3869);
#3869 = PRODUCT_DEFINITION('design','',#3870,#3873);
#3870 = PRODUCT_DEFINITION_FORMATION('','',#3871);
#3871 = PRODUCT('Open CASCADE STEP translator 7.8 1.18',
  'Open CASCADE STEP translator 7.8 1.18','',(#3872));
#3872 = PRODUCT_CONTEXT('',#2,'mechanical');
#3873 = PRODUCT_DEFINITION_CONTEXT('part definition',#2,'design');
#3874 = MANIFOLD_SURFACE_SHAPE_REPRESENTATION('',(#11,#3875),#4008);
#3875 = SHELL_BASED_SURFACE_MODEL('',(#3876));
#3876 = OPEN_SHELL('',(#3877));
#3877 = ADVANCED_FACE('',(#3878),#3892,.T.);
#3878 = FACE_BOUND('',#3879,.T.);
#3879 = EDGE_LOOP('',(#3880,#3924,#3959,#3975));
#3880 = ORIENTED_EDGE('',*,*,#3881,.T.);
#3881 = EDGE_CURVE('',#3882,#3884,#3886,.T.);
#3882 = VERTEX_POINT('',#3883);
#3883 = CARTESIAN_POINT('',(11.686533875108,109.37744249152,0.));
#3884 = VERTEX_POINT('',#3885);
#3885 = CARTESIAN_POINT('',(11.686533875108,109.37744249152,30.));
#3886 = SURFACE_CURVE('',#3887,(#3891),.PCURVE_S1.);
#3887 = LINE('',#3888,#3889);
#3888 = CARTESIAN_POINT('',(11.686533875108,109.37744249152,0.));
#3889 = VECTOR('',#3890,1.);
#3890 = DIRECTION('',(0.,0.,1.));
#3891 = PCURVE('',#3892,#3918);
#3892 = SURFACE_OF_LINEAR_EXTRUSION('',#3893,#3916);
#3893 = B_SPLINE_CURVE_WITH_KNOTS('',6,(#3894,#3895,#3896,#3897,#3898,
    #3899,#3900,#3901,#3902,#3903,#3904,#3905,#3906,#3907,#3908,#3909,
    #3910,#3911,#3912,#3913,#3914,#3915),.UNSPECIFIED.,.F.,.F.,(7,5,5,5,
    7),(0.,0.249985035126,0.500000631737,0.750015759454,1.),
  .UNSPECIFIED.);
#3894 = CARTESIAN_POINT('',(11.686533875108,109.37744249152,0.));
#3895 = CARTESIAN_POINT('',(11.87924699387,109.35685188033,0.));
#3896 = CARTESIAN_POINT('',(12.078284948411,109.32159312503,0.));
#3897 = CARTESIAN_POINT('',(12.282141356677,109.2702307478,0.));
#3898 = CARTESIAN_POINT('',(12.488763556797,109.20158888601,0.));
#3899 = CARTESIAN_POINT('',(12.695523962093,109.11510519306,0.));
#3900 = CARTESIAN_POINT('',(13.103705008105,108.90693454877,0.));
#3901 = CARTESIAN_POINT('',(13.305124332767,108.78524272964,0.));
#3902 = CARTESIAN_POINT('',(13.501043218123,108.64619329984,0.));
#3903 = CARTESIAN_POINT('',(13.688427911558,108.49082017951,0.));
#3904 = CARTESIAN_POINT('',(13.864483446735,108.3210823452,0.));
#3905 = CARTESIAN_POINT('',(14.189627979484,107.95782111095,0.));
#3906 = CARTESIAN_POINT('',(14.338716358679,107.76429859729,0.));
#3907 = CARTESIAN_POINT('',(14.472161873073,107.56135209121,0.));
#3908 = CARTESIAN_POINT('',(14.588422800277,107.3519921465,0.));
#3909 = CARTESIAN_POINT('',(14.686898244871,107.13930404307,0.));
#3910 = CARTESIAN_POINT('',(14.848524735818,106.71282167973,0.));
#3911 = CARTESIAN_POINT('',(14.9116808308,106.49902804168,0.));
#3912 = CARTESIAN_POINT('',(14.957310532064,106.28743485211,0.));
#3913 = CARTESIAN_POINT('',(14.986290419749,106.08050272173,0.));
#3914 = CARTESIAN_POINT('',(15.,105.88006776949,0.));
#3915 = CARTESIAN_POINT('',(15.,105.68741865998,0.));
#3916 = VECTOR('',#3917,1.);
#3917 = DIRECTION('',(-0.,-0.,-1.));
#3918 = DEFINITIONAL_REPRESENTATION('',(#3919),#3923);
#3919 = LINE('',#3920,#3921);
#3920 = CARTESIAN_POINT('',(0.,0.));
#3921 = VECTOR('',#3922,1.);
#3922 = DIRECTION('',(0.,-1.));
#3923 = ( GEOMETRIC_REPRESENTATION_CONTEXT(2) 
PARAMETRIC_REPRESENTATION_CONTEXT() REPRESENTATION_CONTEXT('2D SPACE',''
  ) );
#3924 = ORIENTED_EDGE('',*,*,#3925,.T.);
#3925 = EDGE_CURVE('',#3884,#3926,#3928,.T.);
#3926 = VERTEX_POINT('',#3927);
#3927 = CARTESIAN_POINT('',(15.,105.68741851997,30.));
#3928 = SURFACE_CURVE('',#3929,(#3952),.PCURVE_S1.);
#3929 = B_SPLINE_CURVE_WITH_KNOTS('',6,(#3930,#3931,#3932,#3933,#3934,
    #3935,#3936,#3937,#3938,#3939,#3940,#3941,#3942,#3943,#3944,#3945,
    #3946,#3947,#3948,#3949,#3950,#3951),.UNSPECIFIED.,.F.,.F.,(7,5,5,5,
    7),(0.,0.249985035126,0.500000631737,0.750015759454,1.),
  .UNSPECIFIED.);
#3930 = CARTESIAN_POINT('',(11.686533875108,109.37744249152,30.));
#3931 = CARTESIAN_POINT('',(11.87924699387,109.35685188033,30.));
#3932 = CARTESIAN_POINT('',(12.078284948411,109.32159312503,30.));
#3933 = CARTESIAN_POINT('',(12.282141356677,109.2702307478,30.));
#3934 = CARTESIAN_POINT('',(12.488763556797,109.20158888601,30.));
#3935 = CARTESIAN_POINT('',(12.695523962093,109.11510519306,30.));
#3936 = CARTESIAN_POINT('',(13.103705008105,108.90693454877,30.));
#3937 = CARTESIAN_POINT('',(13.305124332767,108.78524272964,30.));
#3938 = CARTESIAN_POINT('',(13.501043218123,108.64619329984,30.));
#3939 = CARTESIAN_POINT('',(13.688427911558,108.49082017951,30.));
#3940 = CARTESIAN_POINT('',(13.864483446735,108.3210823452,30.));
#3941 = CARTESIAN_POINT('',(14.189627979484,107.95782111095,30.));
#3942 = CARTESIAN_POINT('',(14.338716358679,107.76429859729,30.));
#3943 = CARTESIAN_POINT('',(14.472161873073,107.56135209121,30.));
#3944 = CARTESIAN_POINT('',(14.588422800277,107.3519921465,30.));
#3945 = CARTESIAN_POINT('',(14.686898244871,107.13930404307,30.));
#3946 = CARTESIAN_POINT('',(14.848524735818,106.71282167973,30.));
#3947 = CARTESIAN_POINT('',(14.9116808308,106.49902804168,30.));
#3948 = CARTESIAN_POINT('',(14.957310532064,106.28743485211,30.));
#3949 = CARTESIAN_POINT('',(14.986290419749,106.08050272173,30.));
#3950 = CARTESIAN_POINT('',(15.,105.88006776949,30.));
#3951 = CARTESIAN_POINT('',(15.,105.68741865998,30.));
#3952 = PCURVE('',#3892,#3953);
#3953 = DEFINITIONAL_REPRESENTATION('',(#3954),#3958);
#3954 = LINE('',#3955,#3956);
#3955 = CARTESIAN_POINT('',(0.,-30.));
#3956 = VECTOR('',#3957,1.);
#3957 = DIRECTION('',(1.,0.));
#3958 = ( GEOMETRIC_REPRESENTATION_CONTEXT(2) 
PARAMETRIC_REPRESENTATION_CONTEXT() REPRESENTATION_CONTEXT('2D SPACE',''
  ) );
#3959 = ORIENTED_EDGE('',*,*,#3960,.F.);
#3960 = EDGE_CURVE('',#3961,#3926,#3963,.T.);
#3961 = VERTEX_POINT('',#3962);
#3962 = CARTESIAN_POINT('',(15.,105.68741851997,0.));
#3963 = SURFACE_CURVE('',#3964,(#3968),.PCURVE_S1.);
#3964 = LINE('',#3965,#3966);
#3965 = CARTESIAN_POINT('',(15.,105.68741851997,0.));
#3966 = VECTOR('',#3967,1.);
#3967 = DIRECTION('',(0.,0.,1.));
#3968 = PCURVE('',#3892,#3969);
#3969 = DEFINITIONAL_REPRESENTATION('',(#3970),#3974);
#3970 = LINE('',#3971,#3972);
#3971 = CARTESIAN_POINT('',(1.,0.));
#3972 = VECTOR('',#3973,1.);
#3973 = DIRECTION('',(0.,-1.));
#3974 = ( GEOMETRIC_REPRESENTATION_CONTEXT(2) 
PARAMETRIC_REPRESENTATION_CONTEXT() REPRESENTATION_CONTEXT('2D SPACE',''
  ) );
#3975 = ORIENTED_EDGE('',*,*,#3976,.F.);
#3976 = EDGE_CURVE('',#3882,#3961,#3977,.T.);
#3977 = SURFACE_CURVE('',#3978,(#4001),.PCURVE_S1.);
#3978 = B_SPLINE_CURVE_WITH_KNOTS('',6,(#3979,#3980,#3981,#3982,#3983,
    #3984,#3985,#3986,#3987,#3988,#3989,#3990,#3991,#3992,#3993,#3994,
    #3995,#3996,#3997,#3998,#3999,#4000),.UNSPECIFIED.,.F.,.F.,(7,5,5,5,
    7),(0.,0.249985035126,0.500000631737,0.750015759454,1.),
  .UNSPECIFIED.);
#3979 = CARTESIAN_POINT('',(11.686533875108,109.37744249152,0.));
#3980 = CARTESIAN_POINT('',(11.87924699387,109.35685188033,0.));
#3981 = CARTESIAN_POINT('',(12.078284948411,109.32159312503,0.));
#3982 = CARTESIAN_POINT('',(12.282141356677,109.2702307478,0.));
#3983 = CARTESIAN_POINT('',(12.488763556797,109.20158888601,0.));
#3984 = CARTESIAN_POINT('',(12.695523962093,109.11510519306,0.));
#3985 = CARTESIAN_POINT('',(13.103705008105,108.90693454877,0.));
#3986 = CARTESIAN_POINT('',(13.305124332767,108.78524272964,0.));
#3987 = CARTESIAN_POINT('',(13.501043218123,108.64619329984,0.));
#3988 = CARTESIAN_POINT('',(13.688427911558,108.49082017951,0.));
#3989 = CARTESIAN_POINT('',(13.864483446735,108.3210823452,0.));
#3990 = CARTESIAN_POINT('',(14.189627979484,107.95782111095,0.));
#3991 = CARTESIAN_POINT('',(14.338716358679,107.76429859729,0.));
#3992 = CARTESIAN_POINT('',(14.472161873073,107.56135209121,0.));
#3993 = CARTESIAN_POINT('',(14.588422800277,107.3519921465,0.));
#3994 = CARTESIAN_POINT('',(14.686898244871,107.13930404307,0.));
#3995 = CARTESIAN_POINT('',(14.848524735818,106.71282167973,0.));
#3996 = CARTESIAN_POINT('',(14.9116808308,106.49902804168,0.));
#3997 = CARTESIAN_POINT('',(14.957310532064,106.28743485211,0.));
#3998 = CARTESIAN_POINT('',(14.986290419749,106.08050272173,0.));
#3999 = CARTESIAN_POINT('',(15.,105.88006776949,0.));
#4000 = CARTESIAN_POINT('',(15.,105.68741865998,0.));
#4001 = PCURVE('',#3892,#4002);
#4002 = DEFINITIONAL_REPRESENTATION('',(#4003),#4007);
#4003 = LINE('',#4004,#4005);
#4004 = CARTESIAN_POINT('',(0.,0.));
#4005 = VECTOR('',#4006,1.);
#4006 = DIRECTION('',(1.,0.));
#4007 = ( GEOMETRIC_REPRESENTATION_CONTEXT(2) 
PARAMETRIC_REPRESENTATION_CONTEXT() REPRESENTATION_CONTEXT('2D SPACE',''
  ) );
#4008 = ( GEOMETRIC_REPRESENTATION_CONTEXT(3) 
GLOBAL_UNCERTAINTY_ASSIGNED_CONTEXT((#4012)) 
GLOBAL_UNIT_ASSIGNED_CONTEXT((#4009,#4010,#4011)) REPRESENTATION_CONTEXT
('Context #1','3D Context with UNIT and UNCERTAINTY') );
#4009 = ( LENGTH_UNIT() NAMED_UNIT(*) SI_UNIT(.MILLI.,.METRE.) );
#4010 = ( NAMED_UNIT(*) PLANE_ANGLE_UNIT() SI_UNIT($,.RADIAN.) );
#4011 = ( NAMED_UNIT(*) SI_UNIT($,.STERADIAN.) SOLID_ANGLE_UNIT() );
#4012 = UNCERTAINTY_MEASURE_WITH_UNIT(LENGTH_MEASURE(1.E-04),#4009,
  'distance_accuracy_value','confusion accuracy');
#4013 = CONTEXT_DEPENDENT_SHAPE_REPRESENTATION(#4014,#4016);
#4014 = ( REPRESENTATION_RELATIONSHIP('','',#3874,#10) 
REPRESENTATION_RELATIONSHIP_WITH_TRANSFORMATION(#4015) 
SHAPE_REPRESENTATION_RELATIONSHIP() );
#4015 = ITEM_DEFINED_TRANSFORMATION('','',#11,#83);
#4016 = PRODUCT_DEFINITION_SHAPE('Placement','Placement of an item',
  #4017);
#4017 = NEXT_ASSEMBLY_USAGE_OCCURRENCE('18','','',#5,#3869,$);
#4018 = PRODUCT_RELATED_PRODUCT_CATEGORY('part',$,(#3871));
#4019 = SHAPE_DEFINITION_REPRESENTATION(#4020,#4026);
#4020 = PRODUCT_DEFINITION_SHAPE('','',#4021);
#4021 = PRODUCT_DEFINITION('design','',#4022,#4025);
#4022 = PRODUCT_DEFINITION_FORMATION('','',#4023);
#4023 = PRODUCT('Open CASCADE STEP translator 7.8 1.19',
  'Open CASCADE STEP translator 7.8 1.19','',(#4024));
#4024 = PRODUCT_CONTEXT('',#2,'mechanical');
#4025 = PRODUCT_DEFINITION_CONTEXT('part definition',#2,'design');
#4026 = MANIFOLD_SURFACE_SHAPE_REPRESENTATION('',(#11,#4027),#4103);
#4027 = SHELL_BASED_SURFACE_MODEL('',(#4028));
#4028 = OPEN_SHELL('',(#4029));
#4029 = ADVANCED_FACE('',(#4030),#4044,.F.);
#4030 = FACE_BOUND('',#4031,.T.);
#4031 = EDGE_LOOP('',(#4032,#4055,#4072,#4088));
#4032 = ORIENTED_EDGE('',*,*,#4033,.T.);
#4033 = EDGE_CURVE('',#4034,#4036,#4038,.T.);
#4034 = VERTEX_POINT('',#4035);
#4035 = CARTESIAN_POINT('',(-11.6865338751,-109.3774424915,0.));
#4036 = VERTEX_POINT('',#4037);
#4037 = CARTESIAN_POINT('',(-11.6865338751,-109.3774424915,30.));
#4038 = SURFACE_CURVE('',#4039,(#4043),.PCURVE_S1.);
#4039 = LINE('',#4040,#4041);
#4040 = CARTESIAN_POINT('',(-11.6865338751,-109.3774424915,0.));
#4041 = VECTOR('',#4042,1.);
#4042 = DIRECTION('',(0.,0.,1.));
#4043 = PCURVE('',#4044,#4049);
#4044 = CYLINDRICAL_SURFACE('',#4045,110.);
#4045 = AXIS2_PLACEMENT_3D('',#4046,#4047,#4048);
#4046 = CARTESIAN_POINT('',(0.,0.,0.));
#4047 = DIRECTION('',(-0.,-0.,-1.));
#4048 = DIRECTION('',(1.,0.,-0.));
#4049 = DEFINITIONAL_REPRESENTATION('',(#4050),#4054);
#4050 = LINE('',#4051,#4052);
#4051 = CARTESIAN_POINT('',(-4.605946880414,0.));
#4052 = VECTOR('',#4053,1.);
#4053 = DIRECTION('',(-0.,-1.));
#4054 = ( GEOMETRIC_REPRESENTATION_CONTEXT(2) 
PARAMETRIC_REPRESENTATION_CONTEXT() REPRESENTATION_CONTEXT('2D SPACE',''
  ) );
#4055 = ORIENTED_EDGE('',*,*,#4056,.T.);
#4056 = EDGE_CURVE('',#4036,#4057,#4059,.T.);
#4057 = VERTEX_POINT('',#4058);
#4058 = CARTESIAN_POINT('',(11.686533875108,-109.3774424915,30.));
#4059 = SURFACE_CURVE('',#4060,(#4065),.PCURVE_S1.);
#4060 = CIRCLE('',#4061,110.);
#4061 = AXIS2_PLACEMENT_3D('',#4062,#4063,#4064);
#4062 = CARTESIAN_POINT('',(0.,0.,30.));
#4063 = DIRECTION('',(0.,0.,1.));
#4064 = DIRECTION('',(1.,0.,-0.));
#4065 = PCURVE('',#4044,#4066);
#4066 = DEFINITIONAL_REPRESENTATION('',(#4067),#4071);
#4067 = LINE('',#4068,#4069);
#4068 = CARTESIAN_POINT('',(-0.,-30.));
#4069 = VECTOR('',#4070,1.);
#4070 = DIRECTION('',(-1.,0.));
#4071 = ( GEOMETRIC_REPRESENTATION_CONTEXT(2) 
PARAMETRIC_REPRESENTATION_CONTEXT() REPRESENTATION_CONTEXT('2D SPACE',''
  ) );
#4072 = ORIENTED_EDGE('',*,*,#4073,.F.);
#4073 = EDGE_CURVE('',#4074,#4057,#4076,.T.);
#4074 = VERTEX_POINT('',#4075);
#4075 = CARTESIAN_POINT('',(11.686533875108,-109.3774424915,0.));
#4076 = SURFACE_CURVE('',#4077,(#4081),.PCURVE_S1.);
#4077 = LINE('',#4078,#4079);
#4078 = CARTESIAN_POINT('',(11.686533875108,-109.3774424915,0.));
#4079 = VECTOR('',#4080,1.);
#4080 = DIRECTION('',(0.,0.,1.));
#4081 = PCURVE('',#4044,#4082);
#4082 = DEFINITIONAL_REPRESENTATION('',(#4083),#4087);
#4083 = LINE('',#4084,#4085);
#4084 = CARTESIAN_POINT('',(-4.818831080356,0.));
#4085 = VECTOR('',#4086,1.);
#4086 = DIRECTION('',(-0.,-1.));
#4087 = ( GEOMETRIC_REPRESENTATION_CONTEXT(2) 
PARAMETRIC_REPRESENTATION_CONTEXT() REPRESENTATION_CONTEXT('2D SPACE',''
  ) );
#4088 = ORIENTED_EDGE('',*,*,#4089,.F.);
#4089 = EDGE_CURVE('',#4034,#4074,#4090,.T.);
#4090 = SURFACE_CURVE('',#4091,(#4096),.PCURVE_S1.);
#4091 = CIRCLE('',#4092,110.);
#4092 = AXIS2_PLACEMENT_3D('',#4093,#4094,#4095);
#4093 = CARTESIAN_POINT('',(0.,0.,0.));
#4094 = DIRECTION('',(0.,0.,1.));
#4095 = DIRECTION('',(1.,0.,-0.));
#4096 = PCURVE('',#4044,#4097);
#4097 = DEFINITIONAL_REPRESENTATION('',(#4098),#4102);
#4098 = LINE('',#4099,#4100);
#4099 = CARTESIAN_POINT('',(-0.,0.));
#4100 = VECTOR('',#4101,1.);
#4101 = DIRECTION('',(-1.,0.));
#4102 = ( GEOMETRIC_REPRESENTATION_CONTEXT(2) 
PARAMETRIC_REPRESENTATION_CONTEXT() REPRESENTATION_CONTEXT('2D SPACE',''
  ) );
#4103 = ( GEOMETRIC_REPRESENTATION_CONTEXT(3) 
GLOBAL_UNCERTAINTY_ASSIGNED_CONTEXT((#4107)) 
GLOBAL_UNIT_ASSIGNED_CONTEXT((#4104,#4105,#4106)) REPRESENTATION_CONTEXT
('Context #1','3D Context with UNIT and UNCERTAINTY') );
#4104 = ( LENGTH_UNIT() NAMED_UNIT(*) SI_UNIT(.MILLI.,.METRE.) );
#4105 = ( NAMED_UNIT(*) PLANE_ANGLE_UNIT() SI_UNIT($,.RADIAN.) );
#4106 = ( NAMED_UNIT(*) SI_UNIT($,.STERADIAN.) SOLID_ANGLE_UNIT() );
#4107 = UNCERTAINTY_MEASURE_WITH_UNIT(LENGTH_MEASURE(5.E-05),#4104,
  'distance_accuracy_value','confusion accuracy');
#4108 = CONTEXT_DEPENDENT_SHAPE_REPRESENTATION(#4109,#4111);
#4109 = ( REPRESENTATION_RELATIONSHIP('','',#4026,#10) 
REPRESENTATION_RELATIONSHIP_WITH_TRANSFORMATION(#4110) 
SHAPE_REPRESENTATION_RELATIONSHIP() );
#4110 = ITEM_DEFINED_TRANSFORMATION('','',#11,#87);
#4111 = PRODUCT_DEFINITION_SHAPE('Placement','Placement of an item',
  #4112);
#4112 = NEXT_ASSEMBLY_USAGE_OCCURRENCE('19','','',#5,#4021,$);
#4113 = PRODUCT_RELATED_PRODUCT_CATEGORY('part',$,(#4023));
#4114 = SHAPE_DEFINITION_REPRESENTATION(#4115,#4121);
#4115 = PRODUCT_DEFINITION_SHAPE('','',#4116);
#4116 = PRODUCT_DEFINITION('design','',#4117,#4120);
#4117 = PRODUCT_DEFINITION_FORMATION('','',#4118);
#4118 = PRODUCT('Open CASCADE STEP translator 7.8 1.20',
  'Open CASCADE STEP translator 7.8 1.20','',(#4119));
#4119 = PRODUCT_CONTEXT('',#2,'mechanical');
#4120 = PRODUCT_DEFINITION_CONTEXT('part definition',#2,'design');
#4121 = MANIFOLD_SURFACE_SHAPE_REPRESENTATION('',(#11,#4122),#4198);
#4122 = SHELL_BASED_SURFACE_MODEL('',(#4123));
#4123 = OPEN_SHELL('',(#4124));
#4124 = ADVANCED_FACE('',(#4125),#4139,.F.);
#4125 = FACE_BOUND('',#4126,.T.);
#4126 = EDGE_LOOP('',(#4127,#4150,#4167,#4183));
#4127 = ORIENTED_EDGE('',*,*,#4128,.T.);
#4128 = EDGE_CURVE('',#4129,#4131,#4133,.T.);
#4129 = VERTEX_POINT('',#4130);
#4130 = CARTESIAN_POINT('',(11.686533875108,109.37744249152,0.));
#4131 = VERTEX_POINT('',#4132);
#4132 = CARTESIAN_POINT('',(11.686533875108,109.37744249152,30.));
#4133 = SURFACE_CURVE('',#4134,(#4138),.PCURVE_S1.);
#4134 = LINE('',#4135,#4136);
#4135 = CARTESIAN_POINT('',(11.686533875108,109.37744249152,0.));
#4136 = VECTOR('',#4137,1.);
#4137 = DIRECTION('',(0.,0.,1.));
#4138 = PCURVE('',#4139,#4144);
#4139 = CYLINDRICAL_SURFACE('',#4140,110.);
#4140 = AXIS2_PLACEMENT_3D('',#4141,#4142,#4143);
#4141 = CARTESIAN_POINT('',(0.,0.,0.));
#4142 = DIRECTION('',(-0.,-0.,-1.));
#4143 = DIRECTION('',(1.,0.,-0.));
#4144 = DEFINITIONAL_REPRESENTATION('',(#4145),#4149);
#4145 = LINE('',#4146,#4147);
#4146 = CARTESIAN_POINT('',(-1.464354226824,0.));
#4147 = VECTOR('',#4148,1.);
#4148 = DIRECTION('',(-0.,-1.));
#4149 = ( GEOMETRIC_REPRESENTATION_CONTEXT(2) 
PARAMETRIC_REPRESENTATION_CONTEXT() REPRESENTATION_CONTEXT('2D SPACE',''
  ) );
#4150 = ORIENTED_EDGE('',*,*,#4151,.T.);
#4151 = EDGE_CURVE('',#4131,#4152,#4154,.T.);
#4152 = VERTEX_POINT('',#4153);
#4153 = CARTESIAN_POINT('',(-11.6865338751,109.37744249152,30.));
#4154 = SURFACE_CURVE('',#4155,(#4160),.PCURVE_S1.);
#4155 = CIRCLE('',#4156,110.);
#4156 = AXIS2_PLACEMENT_3D('',#4157,#4158,#4159);
#4157 = CARTESIAN_POINT('',(0.,0.,30.));
#4158 = DIRECTION('',(0.,0.,1.));
#4159 = DIRECTION('',(1.,0.,-0.));
#4160 = PCURVE('',#4139,#4161);
#4161 = DEFINITIONAL_REPRESENTATION('',(#4162),#4166);
#4162 = LINE('',#4163,#4164);
#4163 = CARTESIAN_POINT('',(-0.,-30.));
#4164 = VECTOR('',#4165,1.);
#4165 = DIRECTION('',(-1.,0.));
#4166 = ( GEOMETRIC_REPRESENTATION_CONTEXT(2) 
PARAMETRIC_REPRESENTATION_CONTEXT() REPRESENTATION_CONTEXT('2D SPACE',''
  ) );
#4167 = ORIENTED_EDGE('',*,*,#4168,.F.);
#4168 = EDGE_CURVE('',#4169,#4152,#4171,.T.);
#4169 = VERTEX_POINT('',#4170);
#4170 = CARTESIAN_POINT('',(-11.6865338751,109.37744249152,0.));
#4171 = SURFACE_CURVE('',#4172,(#4176),.PCURVE_S1.);
#4172 = LINE('',#4173,#4174);
#4173 = CARTESIAN_POINT('',(-11.6865338751,109.37744249152,0.));
#4174 = VECTOR('',#4175,1.);
#4175 = DIRECTION('',(0.,0.,1.));
#4176 = PCURVE('',#4139,#4177);
#4177 = DEFINITIONAL_REPRESENTATION('',(#4178),#4182);
#4178 = LINE('',#4179,#4180);
#4179 = CARTESIAN_POINT('',(-1.677238426766,0.));
#4180 = VECTOR('',#4181,1.);
#4181 = DIRECTION('',(-0.,-1.));
#4182 = ( GEOMETRIC_REPRESENTATION_CONTEXT(2) 
PARAMETRIC_REPRESENTATION_CONTEXT() REPRESENTATION_CONTEXT('2D SPACE',''
  ) );
#4183 = ORIENTED_EDGE('',*,*,#4184,.F.);
#4184 = EDGE_CURVE('',#4129,#4169,#4185,.T.);
#4185 = SURFACE_CURVE('',#4186,(#4191),.PCURVE_S1.);
#4186 = CIRCLE('',#4187,110.);
#4187 = AXIS2_PLACEMENT_3D('',#4188,#4189,#4190);
#4188 = CARTESIAN_POINT('',(0.,0.,0.));
#4189 = DIRECTION('',(0.,0.,1.));
#4190 = DIRECTION('',(1.,0.,-0.));
#4191 = PCURVE('',#4139,#4192);
#4192 = DEFINITIONAL_REPRESENTATION('',(#4193),#4197);
#4193 = LINE('',#4194,#4195);
#4194 = CARTESIAN_POINT('',(-0.,0.));
#4195 = VECTOR('',#4196,1.);
#4196 = DIRECTION('',(-1.,0.));
#4197 = ( GEOMETRIC_REPRESENTATION_CONTEXT(2) 
PARAMETRIC_REPRESENTATION_CONTEXT() REPRESENTATION_CONTEXT('2D SPACE',''
  ) );
#4198 = ( GEOMETRIC_REPRESENTATION_CONTEXT(3) 
GLOBAL_UNCERTAINTY_ASSIGNED_CONTEXT((#4202)) 
GLOBAL_UNIT_ASSIGNED_CONTEXT((#4199,#4200,#4201)) REPRESENTATION_CONTEXT
('Context #1','3D Context with UNIT and UNCERTAINTY') );
#4199 = ( LENGTH_UNIT() NAMED_UNIT(*) SI_UNIT(.MILLI.,.METRE.) );
#4200 = ( NAMED_UNIT(*) PLANE_ANGLE_UNIT() SI_UNIT($,.RADIAN.) );
#4201 = ( NAMED_UNIT(*) SI_UNIT($,.STERADIAN.) SOLID_ANGLE_UNIT() );
#4202 = UNCERTAINTY_MEASURE_WITH_UNIT(LENGTH_MEASURE(5.E-05),#4199,
  'distance_accuracy_value','confusion accuracy');
#4203 = CONTEXT_DEPENDENT_SHAPE_REPRESENTATION(#4204,#4206);
#4204 = ( REPRESENTATION_RELATIONSHIP('','',#4121,#10) 
REPRESENTATION_RELATIONSHIP_WITH_TRANSFORMATION(#4205) 
SHAPE_REPRESENTATION_RELATIONSHIP() );
#4205 = ITEM_DEFINED_TRANSFORMATION('','',#11,#91);
#4206 = PRODUCT_DEFINITION_SHAPE('Placement','Placement of an item',
  #4207);
#4207 = NEXT_ASSEMBLY_USAGE_OCCURRENCE('20','','',#5,#4116,$);
#4208 = PRODUCT_RELATED_PRODUCT_CATEGORY('part',$,(#4118));
#4209 = SHAPE_DEFINITION_REPRESENTATION(#4210,#4216);
#4210 = PRODUCT_DEFINITION_SHAPE('','',#4211);
#4211 = PRODUCT_DEFINITION('design','',#4212,#4215);
#4212 = PRODUCT_DEFINITION_FORMATION('','',#4213);
#4213 = PRODUCT('Open CASCADE STEP translator 7.8 1.21',
  'Open CASCADE STEP translator 7.8 1.21','',(#4214));
#4214 = PRODUCT_CONTEXT('',#2,'mechanical');
#4215 = PRODUCT_DEFINITION_CONTEXT('part definition',#2,'design');
#4216 = MANIFOLD_SURFACE_SHAPE_REPRESENTATION('',(#11,#4217),#4350);
#4217 = SHELL_BASED_SURFACE_MODEL('',(#4218));
#4218 = OPEN_SHELL('',(#4219));
#4219 = ADVANCED_FACE('',(#4220),#4234,.T.);
#4220 = FACE_BOUND('',#4221,.T.);
#4221 = EDGE_LOOP('',(#4222,#4266,#4301,#4317));
#4222 = ORIENTED_EDGE('',*,*,#4223,.T.);
#4223 = EDGE_CURVE('',#4224,#4226,#4228,.T.);
#4224 = VERTEX_POINT('',#4225);
#4225 = CARTESIAN_POINT('',(-11.6865338751,-109.3774424915,0.));
#4226 = VERTEX_POINT('',#4227);
#4227 = CARTESIAN_POINT('',(-11.6865338751,-109.3774424915,30.));
#4228 = SURFACE_CURVE('',#4229,(#4233),.PCURVE_S1.);
#4229 = LINE('',#4230,#4231);
#4230 = CARTESIAN_POINT('',(-11.6865338751,-109.3774424915,0.));
#4231 = VECTOR('',#4232,1.);
#4232 = DIRECTION('',(0.,0.,1.));
#4233 = PCURVE('',#4234,#4260);
#4234 = SURFACE_OF_LINEAR_EXTRUSION('',#4235,#4258);
#4235 = B_SPLINE_CURVE_WITH_KNOTS('',6,(#4236,#4237,#4238,#4239,#4240,
    #4241,#4242,#4243,#4244,#4245,#4246,#4247,#4248,#4249,#4250,#4251,
    #4252,#4253,#4254,#4255,#4256,#4257),.UNSPECIFIED.,.F.,.F.,(7,5,5,5,
    7),(0.,0.249996249286,0.500000158506,0.750003950085,1.),
  .UNSPECIFIED.);
#4236 = CARTESIAN_POINT('',(-11.6865338751,-109.3774424915,0.));
#4237 = CARTESIAN_POINT('',(-11.87923586692,-109.3568530692,0.));
#4238 = CARTESIAN_POINT('',(-12.07826627144,-109.3215967345,0.));
#4239 = CARTESIAN_POINT('',(-12.2821198145,-109.2702370077,0.));
#4240 = CARTESIAN_POINT('',(-12.48874457577,-109.2015964485,0.));
#4241 = CARTESIAN_POINT('',(-12.69551255155,-109.1151110095,0.));
#4242 = CARTESIAN_POINT('',(-13.10369764927,-108.9069383045,0.));
#4243 = CARTESIAN_POINT('',(-13.30511387214,-108.7852494285,0.));
#4244 = CARTESIAN_POINT('',(-13.50103347748,-108.646201095,0.));
#4245 = CARTESIAN_POINT('',(-13.68842123767,-108.4908266176,0.));
#4246 = CARTESIAN_POINT('',(-13.86448035214,-108.321085796,0.));
#4247 = CARTESIAN_POINT('',(-14.18963120767,-107.9578175108,0.));
#4248 = CARTESIAN_POINT('',(-14.33872225008,-107.7642909477,0.));
#4249 = CARTESIAN_POINT('',(-14.47216873869,-107.5613412148,0.));
#4250 = CARTESIAN_POINT('',(-14.58842841572,-107.3519807773,0.));
#4251 = CARTESIAN_POINT('',(-14.6869012012,-107.1392962347,0.));
#4252 = CARTESIAN_POINT('',(-14.84852923067,-106.7128098266,0.));
#4253 = CARTESIAN_POINT('',(-14.91168623034,-106.4990085522,0.));
#4254 = CARTESIAN_POINT('',(-14.95731438414,-106.2874130192,0.));
#4255 = CARTESIAN_POINT('',(-14.98629199021,-106.0804840049,0.));
#4256 = CARTESIAN_POINT('',(-15.,-105.8800567242,0.));
#4257 = CARTESIAN_POINT('',(-15.,-105.6874186599,0.));
#4258 = VECTOR('',#4259,1.);
#4259 = DIRECTION('',(-0.,-0.,-1.));
#4260 = DEFINITIONAL_REPRESENTATION('',(#4261),#4265);
#4261 = LINE('',#4262,#4263);
#4262 = CARTESIAN_POINT('',(0.,0.));
#4263 = VECTOR('',#4264,1.);
#4264 = DIRECTION('',(0.,-1.));
#4265 = ( GEOMETRIC_REPRESENTATION_CONTEXT(2) 
PARAMETRIC_REPRESENTATION_CONTEXT() REPRESENTATION_CONTEXT('2D SPACE',''
  ) );
#4266 = ORIENTED_EDGE('',*,*,#4267,.T.);
#4267 = EDGE_CURVE('',#4226,#4268,#4270,.T.);
#4268 = VERTEX_POINT('',#4269);
#4269 = CARTESIAN_POINT('',(-15.,-105.6874185199,30.));
#4270 = SURFACE_CURVE('',#4271,(#4294),.PCURVE_S1.);
#4271 = B_SPLINE_CURVE_WITH_KNOTS('',6,(#4272,#4273,#4274,#4275,#4276,
    #4277,#4278,#4279,#4280,#4281,#4282,#4283,#4284,#4285,#4286,#4287,
    #4288,#4289,#4290,#4291,#4292,#4293),.UNSPECIFIED.,.F.,.F.,(7,5,5,5,
    7),(0.,0.249996249286,0.500000158506,0.750003950085,1.),
  .UNSPECIFIED.);
#4272 = CARTESIAN_POINT('',(-11.6865338751,-109.3774424915,30.));
#4273 = CARTESIAN_POINT('',(-11.87923586692,-109.3568530692,30.));
#4274 = CARTESIAN_POINT('',(-12.07826627144,-109.3215967345,30.));
#4275 = CARTESIAN_POINT('',(-12.2821198145,-109.2702370077,30.));
#4276 = CARTESIAN_POINT('',(-12.48874457577,-109.2015964485,30.));
#4277 = CARTESIAN_POINT('',(-12.69551255155,-109.1151110095,30.));
#4278 = CARTESIAN_POINT('',(-13.10369764927,-108.9069383045,30.));
#4279 = CARTESIAN_POINT('',(-13.30511387214,-108.7852494285,30.));
#4280 = CARTESIAN_POINT('',(-13.50103347748,-108.646201095,30.));
#4281 = CARTESIAN_POINT('',(-13.68842123767,-108.4908266176,30.));
#4282 = CARTESIAN_POINT('',(-13.86448035214,-108.321085796,30.));
#4283 = CARTESIAN_POINT('',(-14.18963120767,-107.9578175108,30.));
#4284 = CARTESIAN_POINT('',(-14.33872225008,-107.7642909477,30.));
#4285 = CARTESIAN_POINT('',(-14.47216873869,-107.5613412148,30.));
#4286 = CARTESIAN_POINT('',(-14.58842841572,-107.3519807773,30.));
#4287 = CARTESIAN_POINT('',(-14.6869012012,-107.1392962347,30.));
#4288 = CARTESIAN_POINT('',(-14.84852923067,-106.7128098266,30.));
#4289 = CARTESIAN_POINT('',(-14.91168623034,-106.4990085522,30.));
#4290 = CARTESIAN_POINT('',(-14.95731438414,-106.2874130192,30.));
#4291 = CARTESIAN_POINT('',(-14.98629199021,-106.0804840049,30.));
#4292 = CARTESIAN_POINT('',(-15.,-105.8800567242,30.));
#4293 = CARTESIAN_POINT('',(-15.,-105.6874186599,30.));
#4294 = PCURVE('',#4234,#4295);
#4295 = DEFINITIONAL_REPRESENTATION('',(#4296),#4300);
#4296 = LINE('',#4297,#4298);
#4297 = CARTESIAN_POINT('',(0.,-30.));
#4298 = VECTOR('',#4299,1.);
#4299 = DIRECTION('',(1.,0.));
#4300 = ( GEOMETRIC_REPRESENTATION_CONTEXT(2) 
PARAMETRIC_REPRESENTATION_CONTEXT() REPRESENTATION_CONTEXT('2D SPACE',''
  ) );
#4301 = ORIENTED_EDGE('',*,*,#4302,.F.);
#4302 = EDGE_CURVE('',#4303,#4268,#4305,.T.);
#4303 = VERTEX_POINT('',#4304);
#4304 = CARTESIAN_POINT('',(-15.,-105.6874185199,0.));
#4305 = SURFACE_CURVE('',#4306,(#4310),.PCURVE_S1.);
#4306 = LINE('',#4307,#4308);
#4307 = CARTESIAN_POINT('',(-15.,-105.6874185199,0.));
#4308 = VECTOR('',#4309,1.);
#4309 = DIRECTION('',(0.,0.,1.));
#4310 = PCURVE('',#4234,#4311);
#4311 = DEFINITIONAL_REPRESENTATION('',(#4312),#4316);
#4312 = LINE('',#4313,#4314);
#4313 = CARTESIAN_POINT('',(1.,0.));
#4314 = VECTOR('',#4315,1.);
#4315 = DIRECTION('',(0.,-1.));
#4316 = ( GEOMETRIC_REPRESENTATION_CONTEXT(2) 
PARAMETRIC_REPRESENTATION_CONTEXT() REPRESENTATION_CONTEXT('2D SPACE',''
  ) );
#4317 = ORIENTED_EDGE('',*,*,#4318,.F.);
#4318 = EDGE_CURVE('',#4224,#4303,#4319,.T.);
#4319 = SURFACE_CURVE('',#4320,(#4343),.PCURVE_S1.);
#4320 = B_SPLINE_CURVE_WITH_KNOTS('',6,(#4321,#4322,#4323,#4324,#4325,
    #4326,#4327,#4328,#4329,#4330,#4331,#4332,#4333,#4334,#4335,#4336,
    #4337,#4338,#4339,#4340,#4341,#4342),.UNSPECIFIED.,.F.,.F.,(7,5,5,5,
    7),(0.,0.249996249286,0.500000158506,0.750003950085,1.),
  .UNSPECIFIED.);
#4321 = CARTESIAN_POINT('',(-11.6865338751,-109.3774424915,0.));
#4322 = CARTESIAN_POINT('',(-11.87923586692,-109.3568530692,0.));
#4323 = CARTESIAN_POINT('',(-12.07826627144,-109.3215967345,0.));
#4324 = CARTESIAN_POINT('',(-12.2821198145,-109.2702370077,0.));
#4325 = CARTESIAN_POINT('',(-12.48874457577,-109.2015964485,0.));
#4326 = CARTESIAN_POINT('',(-12.69551255155,-109.1151110095,0.));
#4327 = CARTESIAN_POINT('',(-13.10369764927,-108.9069383045,0.));
#4328 = CARTESIAN_POINT('',(-13.30511387214,-108.7852494285,0.));
#4329 = CARTESIAN_POINT('',(-13.50103347748,-108.646201095,0.));
#4330 = CARTESIAN_POINT('',(-13.68842123767,-108.4908266176,0.));
#4331 = CARTESIAN_POINT('',(-13.86448035214,-108.321085796,0.));
#4332 = CARTESIAN_POINT('',(-14.18963120767,-107.9578175108,0.));
#4333 = CARTESIAN_POINT('',(-14.33872225008,-107.7642909477,0.));
#4334 = CARTESIAN_POINT('',(-14.47216873869,-107.5613412148,0.));
#4335 = CARTESIAN_POINT('',(-14.58842841572,-107.3519807773,0.));
#4336 = CARTESIAN_POINT('',(-14.6869012012,-107.1392962347,0.));
#4337 = CARTESIAN_POINT('',(-14.84852923067,-106.7128098266,0.));
#4338 = CARTESIAN_POINT('',(-14.91168623034,-106.4990085522,0.));
#4339 = CARTESIAN_POINT('',(-14.95731438414,-106.2874130192,0.));
#4340 = CARTESIAN_POINT('',(-14.98629199021,-106.0804840049,0.));
#4341 = CARTESIAN_POINT('',(-15.,-105.8800567242,0.));
#4342 = CARTESIAN_POINT('',(-15.,-105.6874186599,0.));
#4343 = PCURVE('',#4234,#4344);
#4344 = DEFINITIONAL_REPRESENTATION('',(#4345),#4349);
#4345 = LINE('',#4346,#4347);
#4346 = CARTESIAN_POINT('',(0.,0.));
#4347 = VECTOR('',#4348,1.);
#4348 = DIRECTION('',(1.,0.));
#4349 = ( GEOMETRIC_REPRESENTATION_CONTEXT(2) 
PARAMETRIC_REPRESENTATION_CONTEXT() REPRESENTATION_CONTEXT('2D SPACE',''
  ) );
#4350 = ( GEOMETRIC_REPRESENTATION_CONTEXT(3) 
GLOBAL_UNCERTAINTY_ASSIGNED_CONTEXT((#4354)) 
GLOBAL_UNIT_ASSIGNED_CONTEXT((#4351,#4352,#4353)) REPRESENTATION_CONTEXT
('Context #1','3D Context with UNIT and UNCERTAINTY') );
#4351 = ( LENGTH_UNIT() NAMED_UNIT(*) SI_UNIT(.MILLI.,.METRE.) );
#4352 = ( NAMED_UNIT(*) PLANE_ANGLE_UNIT() SI_UNIT($,.RADIAN.) );
#4353 = ( NAMED_UNIT(*) SI_UNIT($,.STERADIAN.) SOLID_ANGLE_UNIT() );
#4354 = UNCERTAINTY_MEASURE_WITH_UNIT(LENGTH_MEASURE(1.E-04),#4351,
  'distance_accuracy_value','confusion accuracy');
#4355 = CONTEXT_DEPENDENT_SHAPE_REPRESENTATION(#4356,#4358);
#4356 = ( REPRESENTATION_RELATIONSHIP('','',#4216,#10) 
REPRESENTATION_RELATIONSHIP_WITH_TRANSFORMATION(#4357) 
SHAPE_REPRESENTATION_RELATIONSHIP() );
#4357 = ITEM_DEFINED_TRANSFORMATION('','',#11,#95);
#4358 = PRODUCT_DEFINITION_SHAPE('Placement','Placement of an item',
  #4359);
#4359 = NEXT_ASSEMBLY_USAGE_OCCURRENCE('21','','',#5,#4211,$);
#4360 = PRODUCT_RELATED_PRODUCT_CATEGORY('part',$,(#4213));
#4361 = SHAPE_DEFINITION_REPRESENTATION(#4362,#4368);
#4362 = PRODUCT_DEFINITION_SHAPE('','',#4363);
#4363 = PRODUCT_DEFINITION('design','',#4364,#4367);
#4364 = PRODUCT_DEFINITION_FORMATION('','',#4365);
#4365 = PRODUCT('Open CASCADE STEP translator 7.8 1.22',
  'Open CASCADE STEP translator 7.8 1.22','',(#4366));
#4366 = PRODUCT_CONTEXT('',#2,'mechanical');
#4367 = PRODUCT_DEFINITION_CONTEXT('part definition',#2,'design');
#4368 = MANIFOLD_SURFACE_SHAPE_REPRESENTATION('',(#11,#4369),#4502);
#4369 = SHELL_BASED_SURFACE_MODEL('',(#4370));
#4370 = OPEN_SHELL('',(#4371));
#4371 = ADVANCED_FACE('',(#4372),#4386,.F.);
#4372 = FACE_BOUND('',#4373,.F.);
#4373 = EDGE_LOOP('',(#4374,#4418,#4453,#4469));
#4374 = ORIENTED_EDGE('',*,*,#4375,.T.);
#4375 = EDGE_CURVE('',#4376,#4378,#4380,.T.);
#4376 = VERTEX_POINT('',#4377);
#4377 = CARTESIAN_POINT('',(-11.6865338751,109.37744249152,0.));
#4378 = VERTEX_POINT('',#4379);
#4379 = CARTESIAN_POINT('',(-11.6865338751,109.37744249152,30.));
#4380 = SURFACE_CURVE('',#4381,(#4385),.PCURVE_S1.);
#4381 = LINE('',#4382,#4383);
#4382 = CARTESIAN_POINT('',(-11.6865338751,109.37744249152,0.));
#4383 = VECTOR('',#4384,1.);
#4384 = DIRECTION('',(0.,0.,1.));
#4385 = PCURVE('',#4386,#4412);
#4386 = SURFACE_OF_LINEAR_EXTRUSION('',#4387,#4410);
#4387 = B_SPLINE_CURVE_WITH_KNOTS('',6,(#4388,#4389,#4390,#4391,#4392,
    #4393,#4394,#4395,#4396,#4397,#4398,#4399,#4400,#4401,#4402,#4403,
    #4404,#4405,#4406,#4407,#4408,#4409),.UNSPECIFIED.,.F.,.F.,(7,5,5,5,
    7),(0.,0.249996249286,0.500000158506,0.750003950086,1.),
  .UNSPECIFIED.);
#4388 = CARTESIAN_POINT('',(-11.6865338751,109.37744249152,0.));
#4389 = CARTESIAN_POINT('',(-11.87923586692,109.3568530692,0.));
#4390 = CARTESIAN_POINT('',(-12.07826627144,109.32159673452,0.));
#4391 = CARTESIAN_POINT('',(-12.2821198145,109.27023700778,0.));
#4392 = CARTESIAN_POINT('',(-12.48874457577,109.20159644852,0.));
#4393 = CARTESIAN_POINT('',(-12.69551255155,109.11511100954,0.));
#4394 = CARTESIAN_POINT('',(-13.10369764927,108.90693830458,0.));
#4395 = CARTESIAN_POINT('',(-13.30511387214,108.78524942858,0.));
#4396 = CARTESIAN_POINT('',(-13.50103347748,108.646201095,0.));
#4397 = CARTESIAN_POINT('',(-13.68842123767,108.49082661764,0.));
#4398 = CARTESIAN_POINT('',(-13.86448035214,108.32108579602,0.));
#4399 = CARTESIAN_POINT('',(-14.18963120767,107.95781751086,0.));
#4400 = CARTESIAN_POINT('',(-14.33872225008,107.76429094776,0.));
#4401 = CARTESIAN_POINT('',(-14.47216873869,107.56134121485,0.));
#4402 = CARTESIAN_POINT('',(-14.58842841572,107.35198077732,0.));
#4403 = CARTESIAN_POINT('',(-14.6869012012,107.13929623478,0.));
#4404 = CARTESIAN_POINT('',(-14.84852923067,106.71280982663,0.));
#4405 = CARTESIAN_POINT('',(-14.91168623034,106.4990085522,0.));
#4406 = CARTESIAN_POINT('',(-14.95731438414,106.28741301922,0.));
#4407 = CARTESIAN_POINT('',(-14.98629199021,106.08048400492,0.));
#4408 = CARTESIAN_POINT('',(-15.,105.88005672423,0.));
#4409 = CARTESIAN_POINT('',(-15.,105.68741865998,0.));
#4410 = VECTOR('',#4411,1.);
#4411 = DIRECTION('',(-0.,-0.,-1.));
#4412 = DEFINITIONAL_REPRESENTATION('',(#4413),#4417);
#4413 = LINE('',#4414,#4415);
#4414 = CARTESIAN_POINT('',(0.,0.));
#4415 = VECTOR('',#4416,1.);
#4416 = DIRECTION('',(0.,-1.));
#4417 = ( GEOMETRIC_REPRESENTATION_CONTEXT(2) 
PARAMETRIC_REPRESENTATION_CONTEXT() REPRESENTATION_CONTEXT('2D SPACE',''
  ) );
#4418 = ORIENTED_EDGE('',*,*,#4419,.T.);
#4419 = EDGE_CURVE('',#4378,#4420,#4422,.T.);
#4420 = VERTEX_POINT('',#4421);
#4421 = CARTESIAN_POINT('',(-15.,105.68741851997,30.));
#4422 = SURFACE_CURVE('',#4423,(#4446),.PCURVE_S1.);
#4423 = B_SPLINE_CURVE_WITH_KNOTS('',6,(#4424,#4425,#4426,#4427,#4428,
    #4429,#4430,#4431,#4432,#4433,#4434,#4435,#4436,#4437,#4438,#4439,
    #4440,#4441,#4442,#4443,#4444,#4445),.UNSPECIFIED.,.F.,.F.,(7,5,5,5,
    7),(0.,0.249996249286,0.500000158506,0.750003950086,1.),
  .UNSPECIFIED.);
#4424 = CARTESIAN_POINT('',(-11.6865338751,109.37744249152,30.));
#4425 = CARTESIAN_POINT('',(-11.87923586692,109.3568530692,30.));
#4426 = CARTESIAN_POINT('',(-12.07826627144,109.32159673452,30.));
#4427 = CARTESIAN_POINT('',(-12.2821198145,109.27023700778,30.));
#4428 = CARTESIAN_POINT('',(-12.48874457577,109.20159644852,30.));
#4429 = CARTESIAN_POINT('',(-12.69551255155,109.11511100954,30.));
#4430 = CARTESIAN_POINT('',(-13.10369764927,108.90693830458,30.));
#4431 = CARTESIAN_POINT('',(-13.30511387214,108.78524942858,30.));
#4432 = CARTESIAN_POINT('',(-13.50103347748,108.646201095,30.));
#4433 = CARTESIAN_POINT('',(-13.68842123767,108.49082661764,30.));
#4434 = CARTESIAN_POINT('',(-13.86448035214,108.32108579602,30.));
#4435 = CARTESIAN_POINT('',(-14.18963120767,107.95781751086,30.));
#4436 = CARTESIAN_POINT('',(-14.33872225008,107.76429094776,30.));
#4437 = CARTESIAN_POINT('',(-14.47216873869,107.56134121485,30.));
#4438 = CARTESIAN_POINT('',(-14.58842841572,107.35198077732,30.));
#4439 = CARTESIAN_POINT('',(-14.6869012012,107.13929623478,30.));
#4440 = CARTESIAN_POINT('',(-14.84852923067,106.71280982663,30.));
#4441 = CARTESIAN_POINT('',(-14.91168623034,106.4990085522,30.));
#4442 = CARTESIAN_POINT('',(-14.95731438414,106.28741301922,30.));
#4443 = CARTESIAN_POINT('',(-14.98629199021,106.08048400492,30.));
#4444 = CARTESIAN_POINT('',(-15.,105.88005672423,30.));
#4445 = CARTESIAN_POINT('',(-15.,105.68741865998,30.));
#4446 = PCURVE('',#4386,#4447);
#4447 = DEFINITIONAL_REPRESENTATION('',(#4448),#4452);
#4448 = LINE('',#4449,#4450);
#4449 = CARTESIAN_POINT('',(0.,-30.));
#4450 = VECTOR('',#4451,1.);
#4451 = DIRECTION('',(1.,0.));
#4452 = ( GEOMETRIC_REPRESENTATION_CONTEXT(2) 
PARAMETRIC_REPRESENTATION_CONTEXT() REPRESENTATION_CONTEXT('2D SPACE',''
  ) );
#4453 = ORIENTED_EDGE('',*,*,#4454,.F.);
#4454 = EDGE_CURVE('',#4455,#4420,#4457,.T.);
#4455 = VERTEX_POINT('',#4456);
#4456 = CARTESIAN_POINT('',(-15.,105.68741851997,0.));
#4457 = SURFACE_CURVE('',#4458,(#4462),.PCURVE_S1.);
#4458 = LINE('',#4459,#4460);
#4459 = CARTESIAN_POINT('',(-15.,105.68741851997,0.));
#4460 = VECTOR('',#4461,1.);
#4461 = DIRECTION('',(0.,0.,1.));
#4462 = PCURVE('',#4386,#4463);
#4463 = DEFINITIONAL_REPRESENTATION('',(#4464),#4468);
#4464 = LINE('',#4465,#4466);
#4465 = CARTESIAN_POINT('',(1.,0.));
#4466 = VECTOR('',#4467,1.);
#4467 = DIRECTION('',(0.,-1.));
#4468 = ( GEOMETRIC_REPRESENTATION_CONTEXT(2) 
PARAMETRIC_REPRESENTATION_CONTEXT() REPRESENTATION_CONTEXT('2D SPACE',''
  ) );
#4469 = ORIENTED_EDGE('',*,*,#4470,.F.);
#4470 = EDGE_CURVE('',#4376,#4455,#4471,.T.);
#4471 = SURFACE_CURVE('',#4472,(#4495),.PCURVE_S1.);
#4472 = B_SPLINE_CURVE_WITH_KNOTS('',6,(#4473,#4474,#4475,#4476,#4477,
    #4478,#4479,#4480,#4481,#4482,#4483,#4484,#4485,#4486,#4487,#4488,
    #4489,#4490,#4491,#4492,#4493,#4494),.UNSPECIFIED.,.F.,.F.,(7,5,5,5,
    7),(0.,0.249996249286,0.500000158506,0.750003950086,1.),
  .UNSPECIFIED.);
#4473 = CARTESIAN_POINT('',(-11.6865338751,109.37744249152,0.));
#4474 = CARTESIAN_POINT('',(-11.87923586692,109.3568530692,0.));
#4475 = CARTESIAN_POINT('',(-12.07826627144,109.32159673452,0.));
#4476 = CARTESIAN_POINT('',(-12.2821198145,109.27023700778,0.));
#4477 = CARTESIAN_POINT('',(-12.48874457577,109.20159644852,0.));
#4478 = CARTESIAN_POINT('',(-12.69551255155,109.11511100954,0.));
#4479 = CARTESIAN_POINT('',(-13.10369764927,108.90693830458,0.));
#4480 = CARTESIAN_POINT('',(-13.30511387214,108.78524942858,0.));
#4481 = CARTESIAN_POINT('',(-13.50103347748,108.646201095,0.));
#4482 = CARTESIAN_POINT('',(-13.68842123767,108.49082661764,0.));
#4483 = CARTESIAN_POINT('',(-13.86448035214,108.32108579602,0.));
#4484 = CARTESIAN_POINT('',(-14.18963120767,107.95781751086,0.));
#4485 = CARTESIAN_POINT('',(-14.33872225008,107.76429094776,0.));
#4486 = CARTESIAN_POINT('',(-14.47216873869,107.56134121485,0.));
#4487 = CARTESIAN_POINT('',(-14.58842841572,107.35198077732,0.));
#4488 = CARTESIAN_POINT('',(-14.6869012012,107.13929623478,0.));
#4489 = CARTESIAN_POINT('',(-14.84852923067,106.71280982663,0.));
#4490 = CARTESIAN_POINT('',(-14.91168623034,106.4990085522,0.));
#4491 = CARTESIAN_POINT('',(-14.95731438414,106.28741301922,0.));
#4492 = CARTESIAN_POINT('',(-14.98629199021,106.08048400492,0.));
#4493 = CARTESIAN_POINT('',(-15.,105.88005672423,0.));
#4494 = CARTESIAN_POINT('',(-15.,105.68741865998,0.));
#4495 = PCURVE('',#4386,#4496);
#4496 = DEFINITIONAL_REPRESENTATION('',(#4497),#4501);
#4497 = LINE('',#4498,#4499);
#4498 = CARTESIAN_POINT('',(0.,0.));
#4499 = VECTOR('',#4500,1.);
#4500 = DIRECTION('',(1.,0.));
#4501 = ( GEOMETRIC_REPRESENTATION_CONTEXT(2) 
PARAMETRIC_REPRESENTATION_CONTEXT() REPRESENTATION_CONTEXT('2D SPACE',''
  ) );
#4502 = ( GEOMETRIC_REPRESENTATION_CONTEXT(3) 
GLOBAL_UNCERTAINTY_ASSIGNED_CONTEXT((#4506)) 
GLOBAL_UNIT_ASSIGNED_CONTEXT((#4503,#4504,#4505)) REPRESENTATION_CONTEXT
('Context #1','3D Context with UNIT and UNCERTAINTY') );
#4503 = ( LENGTH_UNIT() NAMED_UNIT(*) SI_UNIT(.MILLI.,.METRE.) );
#4504 = ( NAMED_UNIT(*) PLANE_ANGLE_UNIT() SI_UNIT($,.RADIAN.) );
#4505 = ( NAMED_UNIT(*) SI_UNIT($,.STERADIAN.) SOLID_ANGLE_UNIT() );
#4506 = UNCERTAINTY_MEASURE_WITH_UNIT(LENGTH_MEASURE(1.E-04),#4503,
  'distance_accuracy_value','confusion accuracy');
#4507 = CONTEXT_DEPENDENT_SHAPE_REPRESENTATION(#4508,#4510);
#4508 = ( REPRESENTATION_RELATIONSHIP('','',#4368,#10) 
REPRESENTATION_RELATIONSHIP_WITH_TRANSFORMATION(#4509) 
SHAPE_REPRESENTATION_RELATIONSHIP() );
#4509 = ITEM_DEFINED_TRANSFORMATION('','',#11,#99);
#4510 = PRODUCT_DEFINITION_SHAPE('Placement','Placement of an item',
  #4511);
#4511 = NEXT_ASSEMBLY_USAGE_OCCURRENCE('22','','',#5,#4363,$);
#4512 = PRODUCT_RELATED_PRODUCT_CATEGORY('part',$,(#4365));
#4513 = SHAPE_DEFINITION_REPRESENTATION(#4514,#4520);
#4514 = PRODUCT_DEFINITION_SHAPE('','',#4515);
#4515 = PRODUCT_DEFINITION('design','',#4516,#4519);
#4516 = PRODUCT_DEFINITION_FORMATION('','',#4517);
#4517 = PRODUCT('Open CASCADE STEP translator 7.8 1.23',
  'Open CASCADE STEP translator 7.8 1.23','',(#4518));
#4518 = PRODUCT_CONTEXT('',#2,'mechanical');
#4519 = PRODUCT_DEFINITION_CONTEXT('part definition',#2,'design');
#4520 = MANIFOLD_SURFACE_SHAPE_REPRESENTATION('',(#11,#4521),#4595);
#4521 = SHELL_BASED_SURFACE_MODEL('',(#4522));
#4522 = OPEN_SHELL('',(#4523));
#4523 = ADVANCED_FACE('',(#4524),#4538,.T.);
#4524 = FACE_BOUND('',#4525,.T.);
#4525 = EDGE_LOOP('',(#4526,#4549,#4565,#4581));
#4526 = ORIENTED_EDGE('',*,*,#4527,.T.);
#4527 = EDGE_CURVE('',#4528,#4530,#4532,.T.);
#4528 = VERTEX_POINT('',#4529);
#4529 = CARTESIAN_POINT('',(-15.,-105.6874185199,0.));
#4530 = VERTEX_POINT('',#4531);
#4531 = CARTESIAN_POINT('',(-15.,-105.6874185199,30.));
#4532 = SURFACE_CURVE('',#4533,(#4537),.PCURVE_S1.);
#4533 = LINE('',#4534,#4535);
#4534 = CARTESIAN_POINT('',(-15.,-105.6874185199,0.));
#4535 = VECTOR('',#4536,1.);
#4536 = DIRECTION('',(0.,0.,1.));
#4537 = PCURVE('',#4538,#4543);
#4538 = PLANE('',#4539);
#4539 = AXIS2_PLACEMENT_3D('',#4540,#4541,#4542);
#4540 = CARTESIAN_POINT('',(-15.,-105.6874186599,0.));
#4541 = DIRECTION('',(-1.,0.,0.));
#4542 = DIRECTION('',(0.,1.,0.));
#4543 = DEFINITIONAL_REPRESENTATION('',(#4544),#4548);
#4544 = LINE('',#4545,#4546);
#4545 = CARTESIAN_POINT('',(1.400093481152E-07,0.));
#4546 = VECTOR('',#4547,1.);
#4547 = DIRECTION('',(0.,-1.));
#4548 = ( GEOMETRIC_REPRESENTATION_CONTEXT(2) 
PARAMETRIC_REPRESENTATION_CONTEXT() REPRESENTATION_CONTEXT('2D SPACE',''
  ) );
#4549 = ORIENTED_EDGE('',*,*,#4550,.T.);
#4550 = EDGE_CURVE('',#4530,#4551,#4553,.T.);
#4551 = VERTEX_POINT('',#4552);
#4552 = CARTESIAN_POINT('',(-15.,105.68741851997,30.));
#4553 = SURFACE_CURVE('',#4554,(#4558),.PCURVE_S1.);
#4554 = LINE('',#4555,#4556);
#4555 = CARTESIAN_POINT('',(-15.,-244.,30.));
#4556 = VECTOR('',#4557,1.);
#4557 = DIRECTION('',(0.,1.,0.));
#4558 = PCURVE('',#4538,#4559);
#4559 = DEFINITIONAL_REPRESENTATION('',(#4560),#4564);
#4560 = LINE('',#4561,#4562);
#4561 = CARTESIAN_POINT('',(-138.31258134,-30.));
#4562 = VECTOR('',#4563,1.);
#4563 = DIRECTION('',(1.,0.));
#4564 = ( GEOMETRIC_REPRESENTATION_CONTEXT(2) 
PARAMETRIC_REPRESENTATION_CONTEXT() REPRESENTATION_CONTEXT('2D SPACE',''
  ) );
#4565 = ORIENTED_EDGE('',*,*,#4566,.F.);
#4566 = EDGE_CURVE('',#4567,#4551,#4569,.T.);
#4567 = VERTEX_POINT('',#4568);
#4568 = CARTESIAN_POINT('',(-15.,105.68741851997,0.));
#4569 = SURFACE_CURVE('',#4570,(#4574),.PCURVE_S1.);
#4570 = LINE('',#4571,#4572);
#4571 = CARTESIAN_POINT('',(-15.,105.68741851997,0.));
#4572 = VECTOR('',#4573,1.);
#4573 = DIRECTION('',(0.,0.,1.));
#4574 = PCURVE('',#4538,#4575);
#4575 = DEFINITIONAL_REPRESENTATION('',(#4576),#4580);
#4576 = LINE('',#4577,#4578);
#4577 = CARTESIAN_POINT('',(211.37483717995,0.));
#4578 = VECTOR('',#4579,1.);
#4579 = DIRECTION('',(0.,-1.));
#4580 = ( GEOMETRIC_REPRESENTATION_CONTEXT(2) 
PARAMETRIC_REPRESENTATION_CONTEXT() REPRESENTATION_CONTEXT('2D SPACE',''
  ) );
#4581 = ORIENTED_EDGE('',*,*,#4582,.F.);
#4582 = EDGE_CURVE('',#4528,#4567,#4583,.T.);
#4583 = SURFACE_CURVE('',#4584,(#4588),.PCURVE_S1.);
#4584 = LINE('',#4585,#4586);
#4585 = CARTESIAN_POINT('',(-15.,-244.,0.));
#4586 = VECTOR('',#4587,1.);
#4587 = DIRECTION('',(0.,1.,0.));
#4588 = PCURVE('',#4538,#4589);
#4589 = DEFINITIONAL_REPRESENTATION('',(#4590),#4594);
#4590 = LINE('',#4591,#4592);
#4591 = CARTESIAN_POINT('',(-138.31258134,0.));
#4592 = VECTOR('',#4593,1.);
#4593 = DIRECTION('',(1.,0.));
#4594 = ( GEOMETRIC_REPRESENTATION_CONTEXT(2) 
PARAMETRIC_REPRESENTATION_CONTEXT() REPRESENTATION_CONTEXT('2D SPACE',''
  ) );
#4595 = ( GEOMETRIC_REPRESENTATION_CONTEXT(3) 
GLOBAL_UNCERTAINTY_ASSIGNED_CONTEXT((#4599)) 
GLOBAL_UNIT_ASSIGNED_CONTEXT((#4596,#4597,#4598)) REPRESENTATION_CONTEXT
('Context #1','3D Context with UNIT and UNCERTAINTY') );
#4596 = ( LENGTH_UNIT() NAMED_UNIT(*) SI_UNIT(.MILLI.,.METRE.) );
#4597 = ( NAMED_UNIT(*) PLANE_ANGLE_UNIT() SI_UNIT($,.RADIAN.) );
#4598 = ( NAMED_UNIT(*) SI_UNIT($,.STERADIAN.) SOLID_ANGLE_UNIT() );
#4599 = UNCERTAINTY_MEASURE_WITH_UNIT(LENGTH_MEASURE(1.E-04),#4596,
  'distance_accuracy_value','confusion accuracy');
#4600 = CONTEXT_DEPENDENT_SHAPE_REPRESENTATION(#4601,#4603);
#4601 = ( REPRESENTATION_RELATIONSHIP('','',#4520,#10) 
REPRESENTATION_RELATIONSHIP_WITH_TRANSFORMATION(#4602) 
SHAPE_REPRESENTATION_RELATIONSHIP() );
#4602 = ITEM_DEFINED_TRANSFORMATION('','',#11,#103);
#4603 = PRODUCT_DEFINITION_SHAPE('Placement','Placement of an item',
  #4604);
#4604 = NEXT_ASSEMBLY_USAGE_OCCURRENCE('23','','',#5,#4515,$);
#4605 = PRODUCT_RELATED_PRODUCT_CATEGORY('part',$,(#4517));
#4606 = SHAPE_DEFINITION_REPRESENTATION(#4607,#4613);
#4607 = PRODUCT_DEFINITION_SHAPE('','',#4608);
#4608 = PRODUCT_DEFINITION('design','',#4609,#4612);
#4609 = PRODUCT_DEFINITION_FORMATION('','',#4610);
#4610 = PRODUCT('Open CASCADE STEP translator 7.8 1.24',
  'Open CASCADE STEP translator 7.8 1.24','',(#4611));
#4611 = PRODUCT_CONTEXT('',#2,'mechanical');
#4612 = PRODUCT_DEFINITION_CONTEXT('part definition',#2,'design');
#4613 = MANIFOLD_SURFACE_SHAPE_REPRESENTATION('',(#11,#4614),#4906);
#4614 = SHELL_BASED_SURFACE_MODEL('',(#4615));
#4615 = OPEN_SHELL('',(#4616));
#4616 = ADVANCED_FACE('',(#4617),#4631,.T.);
#4617 = FACE_BOUND('',#4618,.T.);
#4618 = EDGE_LOOP('',(#4619,#4642,#4696,#4713,#4767,#4783,#4837,#4854));
#4619 = ORIENTED_EDGE('',*,*,#4620,.T.);
#4620 = EDGE_CURVE('',#4621,#4623,#4625,.T.);
#4621 = VERTEX_POINT('',#4622);
#4622 = CARTESIAN_POINT('',(15.,-105.6874185199,0.));
#4623 = VERTEX_POINT('',#4624);
#4624 = CARTESIAN_POINT('',(15.,105.68741851997,0.));
#4625 = SURFACE_CURVE('',#4626,(#4630),.PCURVE_S1.);
#4626 = LINE('',#4627,#4628);
#4627 = CARTESIAN_POINT('',(15.,-244.,0.));
#4628 = VECTOR('',#4629,1.);
#4629 = DIRECTION('',(0.,1.,0.));
#4630 = PCURVE('',#4631,#4636);
#4631 = PLANE('',#4632);
#4632 = AXIS2_PLACEMENT_3D('',#4633,#4634,#4635);
#4633 = CARTESIAN_POINT('',(0.,0.,0.));
#4634 = DIRECTION('',(0.,0.,1.));
#4635 = DIRECTION('',(1.,0.,-0.));
#4636 = DEFINITIONAL_REPRESENTATION('',(#4637),#4641);
#4637 = LINE('',#4638,#4639);
#4638 = CARTESIAN_POINT('',(15.,-244.));
#4639 = VECTOR('',#4640,1.);
#4640 = DIRECTION('',(0.,1.));
#4641 = ( GEOMETRIC_REPRESENTATION_CONTEXT(2) 
PARAMETRIC_REPRESENTATION_CONTEXT() REPRESENTATION_CONTEXT('2D SPACE',''
  ) );
#4642 = ORIENTED_EDGE('',*,*,#4643,.F.);
#4643 = EDGE_CURVE('',#4644,#4623,#4646,.T.);
#4644 = VERTEX_POINT('',#4645);
#4645 = CARTESIAN_POINT('',(11.686533875108,109.37744249152,0.));
#4646 = SURFACE_CURVE('',#4647,(#4670),.PCURVE_S1.);
#4647 = B_SPLINE_CURVE_WITH_KNOTS('',6,(#4648,#4649,#4650,#4651,#4652,
    #4653,#4654,#4655,#4656,#4657,#4658,#4659,#4660,#4661,#4662,#4663,
    #4664,#4665,#4666,#4667,#4668,#4669),.UNSPECIFIED.,.F.,.F.,(7,5,5,5,
    7),(0.,0.249985035126,0.500000631737,0.750015759454,1.),
  .UNSPECIFIED.);
#4648 = CARTESIAN_POINT('',(11.686533875108,109.37744249152,0.));
#4649 = CARTESIAN_POINT('',(11.87924699387,109.35685188033,0.));
#4650 = CARTESIAN_POINT('',(12.078284948411,109.32159312503,0.));
#4651 = CARTESIAN_POINT('',(12.282141356677,109.2702307478,0.));
#4652 = CARTESIAN_POINT('',(12.488763556797,109.20158888601,0.));
#4653 = CARTESIAN_POINT('',(12.695523962093,109.11510519306,0.));
#4654 = CARTESIAN_POINT('',(13.103705008105,108.90693454877,0.));
#4655 = CARTESIAN_POINT('',(13.305124332767,108.78524272964,0.));
#4656 = CARTESIAN_POINT('',(13.501043218123,108.64619329984,0.));
#4657 = CARTESIAN_POINT('',(13.688427911558,108.49082017951,0.));
#4658 = CARTESIAN_POINT('',(13.864483446735,108.3210823452,0.));
#4659 = CARTESIAN_POINT('',(14.189627979484,107.95782111095,0.));
#4660 = CARTESIAN_POINT('',(14.338716358679,107.76429859729,0.));
#4661 = CARTESIAN_POINT('',(14.472161873073,107.56135209121,0.));
#4662 = CARTESIAN_POINT('',(14.588422800277,107.3519921465,0.));
#4663 = CARTESIAN_POINT('',(14.686898244871,107.13930404307,0.));
#4664 = CARTESIAN_POINT('',(14.848524735818,106.71282167973,0.));
#4665 = CARTESIAN_POINT('',(14.9116808308,106.49902804168,0.));
#4666 = CARTESIAN_POINT('',(14.957310532064,106.28743485211,0.));
#4667 = CARTESIAN_POINT('',(14.986290419749,106.08050272173,0.));
#4668 = CARTESIAN_POINT('',(15.,105.88006776949,0.));
#4669 = CARTESIAN_POINT('',(15.,105.68741865998,0.));
#4670 = PCURVE('',#4631,#4671);
#4671 = DEFINITIONAL_REPRESENTATION('',(#4672),#4695);
#4672 = B_SPLINE_CURVE_WITH_KNOTS('',6,(#4673,#4674,#4675,#4676,#4677,
    #4678,#4679,#4680,#4681,#4682,#4683,#4684,#4685,#4686,#4687,#4688,
    #4689,#4690,#4691,#4692,#4693,#4694),.UNSPECIFIED.,.F.,.F.,(7,5,5,5,
    7),(0.,0.249985035126,0.500000631737,0.750015759454,1.),
  .UNSPECIFIED.);
#4673 = CARTESIAN_POINT('',(11.686533875108,109.37744249152));
#4674 = CARTESIAN_POINT('',(11.87924699387,109.35685188033));
#4675 = CARTESIAN_POINT('',(12.078284948411,109.32159312503));
#4676 = CARTESIAN_POINT('',(12.282141356677,109.2702307478));
#4677 = CARTESIAN_POINT('',(12.488763556797,109.20158888601));
#4678 = CARTESIAN_POINT('',(12.695523962093,109.11510519306));
#4679 = CARTESIAN_POINT('',(13.103705008105,108.90693454877));
#4680 = CARTESIAN_POINT('',(13.305124332767,108.78524272964));
#4681 = CARTESIAN_POINT('',(13.501043218123,108.64619329984));
#4682 = CARTESIAN_POINT('',(13.688427911558,108.49082017951));
#4683 = CARTESIAN_POINT('',(13.864483446735,108.3210823452));
#4684 = CARTESIAN_POINT('',(14.189627979484,107.95782111095));
#4685 = CARTESIAN_POINT('',(14.338716358679,107.76429859729));
#4686 = CARTESIAN_POINT('',(14.472161873073,107.56135209121));
#4687 = CARTESIAN_POINT('',(14.588422800277,107.3519921465));
#4688 = CARTESIAN_POINT('',(14.686898244871,107.13930404307));
#4689 = CARTESIAN_POINT('',(14.848524735818,106.71282167973));
#4690 = CARTESIAN_POINT('',(14.9116808308,106.49902804168));
#4691 = CARTESIAN_POINT('',(14.957310532064,106.28743485211));
#4692 = CARTESIAN_POINT('',(14.986290419749,106.08050272173));
#4693 = CARTESIAN_POINT('',(15.,105.88006776949));
#4694 = CARTESIAN_POINT('',(15.,105.68741865998));
#4695 = ( GEOMETRIC_REPRESENTATION_CONTEXT(2) 
PARAMETRIC_REPRESENTATION_CONTEXT() REPRESENTATION_CONTEXT('2D SPACE',''
  ) );
#4696 = ORIENTED_EDGE('',*,*,#4697,.T.);
#4697 = EDGE_CURVE('',#4644,#4698,#4700,.T.);
#4698 = VERTEX_POINT('',#4699);
#4699 = CARTESIAN_POINT('',(-11.6865338751,109.37744249152,0.));
#4700 = SURFACE_CURVE('',#4701,(#4706),.PCURVE_S1.);
#4701 = CIRCLE('',#4702,110.);
#4702 = AXIS2_PLACEMENT_3D('',#4703,#4704,#4705);
#4703 = CARTESIAN_POINT('',(0.,0.,0.));
#4704 = DIRECTION('',(0.,0.,1.));
#4705 = DIRECTION('',(1.,0.,-0.));
#4706 = PCURVE('',#4631,#4707);
#4707 = DEFINITIONAL_REPRESENTATION('',(#4708),#4712);
#4708 = CIRCLE('',#4709,110.);
#4709 = AXIS2_PLACEMENT_2D('',#4710,#4711);
#4710 = CARTESIAN_POINT('',(0.,0.));
#4711 = DIRECTION('',(1.,0.));
#4712 = ( GEOMETRIC_REPRESENTATION_CONTEXT(2) 
PARAMETRIC_REPRESENTATION_CONTEXT() REPRESENTATION_CONTEXT('2D SPACE',''
  ) );
#4713 = ORIENTED_EDGE('',*,*,#4714,.T.);
#4714 = EDGE_CURVE('',#4698,#4715,#4717,.T.);
#4715 = VERTEX_POINT('',#4716);
#4716 = CARTESIAN_POINT('',(-15.,105.68741851997,0.));
#4717 = SURFACE_CURVE('',#4718,(#4741),.PCURVE_S1.);
#4718 = B_SPLINE_CURVE_WITH_KNOTS('',6,(#4719,#4720,#4721,#4722,#4723,
    #4724,#4725,#4726,#4727,#4728,#4729,#4730,#4731,#4732,#4733,#4734,
    #4735,#4736,#4737,#4738,#4739,#4740),.UNSPECIFIED.,.F.,.F.,(7,5,5,5,
    7),(0.,0.249996249286,0.500000158506,0.750003950086,1.),
  .UNSPECIFIED.);
#4719 = CARTESIAN_POINT('',(-11.6865338751,109.37744249152,0.));
#4720 = CARTESIAN_POINT('',(-11.87923586692,109.3568530692,0.));
#4721 = CARTESIAN_POINT('',(-12.07826627144,109.32159673452,0.));
#4722 = CARTESIAN_POINT('',(-12.2821198145,109.27023700778,0.));
#4723 = CARTESIAN_POINT('',(-12.48874457577,109.20159644852,0.));
#4724 = CARTESIAN_POINT('',(-12.69551255155,109.11511100954,0.));
#4725 = CARTESIAN_POINT('',(-13.10369764927,108.90693830458,0.));
#4726 = CARTESIAN_POINT('',(-13.30511387214,108.78524942858,0.));
#4727 = CARTESIAN_POINT('',(-13.50103347748,108.646201095,0.));
#4728 = CARTESIAN_POINT('',(-13.68842123767,108.49082661764,0.));
#4729 = CARTESIAN_POINT('',(-13.86448035214,108.32108579602,0.));
#4730 = CARTESIAN_POINT('',(-14.18963120767,107.95781751086,0.));
#4731 = CARTESIAN_POINT('',(-14.33872225008,107.76429094776,0.));
#4732 = CARTESIAN_POINT('',(-14.47216873869,107.56134121485,0.));
#4733 = CARTESIAN_POINT('',(-14.58842841572,107.35198077732,0.));
#4734 = CARTESIAN_POINT('',(-14.6869012012,107.13929623478,0.));
#4735 = CARTESIAN_POINT('',(-14.84852923067,106.71280982663,0.));
#4736 = CARTESIAN_POINT('',(-14.91168623034,106.4990085522,0.));
#4737 = CARTESIAN_POINT('',(-14.95731438414,106.28741301922,0.));
#4738 = CARTESIAN_POINT('',(-14.98629199021,106.08048400492,0.));
#4739 = CARTESIAN_POINT('',(-15.,105.88005672423,0.));
#4740 = CARTESIAN_POINT('',(-15.,105.68741865998,0.));
#4741 = PCURVE('',#4631,#4742);
#4742 = DEFINITIONAL_REPRESENTATION('',(#4743),#4766);
#4743 = B_SPLINE_CURVE_WITH_KNOTS('',6,(#4744,#4745,#4746,#4747,#4748,
    #4749,#4750,#4751,#4752,#4753,#4754,#4755,#4756,#4757,#4758,#4759,
    #4760,#4761,#4762,#4763,#4764,#4765),.UNSPECIFIED.,.F.,.F.,(7,5,5,5,
    7),(0.,0.249996249286,0.500000158506,0.750003950086,1.),
  .UNSPECIFIED.);
#4744 = CARTESIAN_POINT('',(-11.6865338751,109.37744249152));
#4745 = CARTESIAN_POINT('',(-11.87923586692,109.3568530692));
#4746 = CARTESIAN_POINT('',(-12.07826627144,109.32159673452));
#4747 = CARTESIAN_POINT('',(-12.2821198145,109.27023700778));
#4748 = CARTESIAN_POINT('',(-12.48874457577,109.20159644852));
#4749 = CARTESIAN_POINT('',(-12.69551255155,109.11511100954));
#4750 = CARTESIAN_POINT('',(-13.10369764927,108.90693830458));
#4751 = CARTESIAN_POINT('',(-13.30511387214,108.78524942858));
#4752 = CARTESIAN_POINT('',(-13.50103347748,108.646201095));
#4753 = CARTESIAN_POINT('',(-13.68842123767,108.49082661764));
#4754 = CARTESIAN_POINT('',(-13.86448035214,108.32108579602));
#4755 = CARTESIAN_POINT('',(-14.18963120767,107.95781751086));
#4756 = CARTESIAN_POINT('',(-14.33872225008,107.76429094776));
#4757 = CARTESIAN_POINT('',(-14.47216873869,107.56134121485));
#4758 = CARTESIAN_POINT('',(-14.58842841572,107.35198077732));
#4759 = CARTESIAN_POINT('',(-14.6869012012,107.13929623478));
#4760 = CARTESIAN_POINT('',(-14.84852923067,106.71280982663));
#4761 = CARTESIAN_POINT('',(-14.91168623034,106.4990085522));
#4762 = CARTESIAN_POINT('',(-14.95731438414,106.28741301922));
#4763 = CARTESIAN_POINT('',(-14.98629199021,106.08048400492));
#4764 = CARTESIAN_POINT('',(-15.,105.88005672423));
#4765 = CARTESIAN_POINT('',(-15.,105.68741865998));
#4766 = ( GEOMETRIC_REPRESENTATION_CONTEXT(2) 
PARAMETRIC_REPRESENTATION_CONTEXT() REPRESENTATION_CONTEXT('2D SPACE',''
  ) );
#4767 = ORIENTED_EDGE('',*,*,#4768,.F.);
#4768 = EDGE_CURVE('',#4769,#4715,#4771,.T.);
#4769 = VERTEX_POINT('',#4770);
#4770 = CARTESIAN_POINT('',(-15.,-105.6874185199,0.));
#4771 = SURFACE_CURVE('',#4772,(#4776),.PCURVE_S1.);
#4772 = LINE('',#4773,#4774);
#4773 = CARTESIAN_POINT('',(-15.,-244.,0.));
#4774 = VECTOR('',#4775,1.);
#4775 = DIRECTION('',(0.,1.,0.));
#4776 = PCURVE('',#4631,#4777);
#4777 = DEFINITIONAL_REPRESENTATION('',(#4778),#4782);
#4778 = LINE('',#4779,#4780);
#4779 = CARTESIAN_POINT('',(-15.,-244.));
#4780 = VECTOR('',#4781,1.);
#4781 = DIRECTION('',(0.,1.));
#4782 = ( GEOMETRIC_REPRESENTATION_CONTEXT(2) 
PARAMETRIC_REPRESENTATION_CONTEXT() REPRESENTATION_CONTEXT('2D SPACE',''
  ) );
#4783 = ORIENTED_EDGE('',*,*,#4784,.F.);
#4784 = EDGE_CURVE('',#4785,#4769,#4787,.T.);
#4785 = VERTEX_POINT('',#4786);
#4786 = CARTESIAN_POINT('',(-11.6865338751,-109.3774424915,0.));
#4787 = SURFACE_CURVE('',#4788,(#4811),.PCURVE_S1.);
#4788 = B_SPLINE_CURVE_WITH_KNOTS('',6,(#4789,#4790,#4791,#4792,#4793,
    #4794,#4795,#4796,#4797,#4798,#4799,#4800,#4801,#4802,#4803,#4804,
    #4805,#4806,#4807,#4808,#4809,#4810),.UNSPECIFIED.,.F.,.F.,(7,5,5,5,
    7),(0.,0.249996249286,0.500000158506,0.750003950085,1.),
  .UNSPECIFIED.);
#4789 = CARTESIAN_POINT('',(-11.6865338751,-109.3774424915,0.));
#4790 = CARTESIAN_POINT('',(-11.87923586692,-109.3568530692,0.));
#4791 = CARTESIAN_POINT('',(-12.07826627144,-109.3215967345,0.));
#4792 = CARTESIAN_POINT('',(-12.2821198145,-109.2702370077,0.));
#4793 = CARTESIAN_POINT('',(-12.48874457577,-109.2015964485,0.));
#4794 = CARTESIAN_POINT('',(-12.69551255155,-109.1151110095,0.));
#4795 = CARTESIAN_POINT('',(-13.10369764927,-108.9069383045,0.));
#4796 = CARTESIAN_POINT('',(-13.30511387214,-108.7852494285,0.));
#4797 = CARTESIAN_POINT('',(-13.50103347748,-108.646201095,0.));
#4798 = CARTESIAN_POINT('',(-13.68842123767,-108.4908266176,0.));
#4799 = CARTESIAN_POINT('',(-13.86448035214,-108.321085796,0.));
#4800 = CARTESIAN_POINT('',(-14.18963120767,-107.9578175108,0.));
#4801 = CARTESIAN_POINT('',(-14.33872225008,-107.7642909477,0.));
#4802 = CARTESIAN_POINT('',(-14.47216873869,-107.5613412148,0.));
#4803 = CARTESIAN_POINT('',(-14.58842841572,-107.3519807773,0.));
#4804 = CARTESIAN_POINT('',(-14.6869012012,-107.1392962347,0.));
#4805 = CARTESIAN_POINT('',(-14.84852923067,-106.7128098266,0.));
#4806 = CARTESIAN_POINT('',(-14.91168623034,-106.4990085522,0.));
#4807 = CARTESIAN_POINT('',(-14.95731438414,-106.2874130192,0.));
#4808 = CARTESIAN_POINT('',(-14.98629199021,-106.0804840049,0.));
#4809 = CARTESIAN_POINT('',(-15.,-105.8800567242,0.));
#4810 = CARTESIAN_POINT('',(-15.,-105.6874186599,0.));
#4811 = PCURVE('',#4631,#4812);
#4812 = DEFINITIONAL_REPRESENTATION('',(#4813),#4836);
#4813 = B_SPLINE_CURVE_WITH_KNOTS('',6,(#4814,#4815,#4816,#4817,#4818,
    #4819,#4820,#4821,#4822,#4823,#4824,#4825,#4826,#4827,#4828,#4829,
    #4830,#4831,#4832,#4833,#4834,#4835),.UNSPECIFIED.,.F.,.F.,(7,5,5,5,
    7),(0.,0.249996249286,0.500000158506,0.750003950085,1.),
  .UNSPECIFIED.);
#4814 = CARTESIAN_POINT('',(-11.6865338751,-109.3774424915));
#4815 = CARTESIAN_POINT('',(-11.87923586692,-109.3568530692));
#4816 = CARTESIAN_POINT('',(-12.07826627144,-109.3215967345));
#4817 = CARTESIAN_POINT('',(-12.2821198145,-109.2702370077));
#4818 = CARTESIAN_POINT('',(-12.48874457577,-109.2015964485));
#4819 = CARTESIAN_POINT('',(-12.69551255155,-109.1151110095));
#4820 = CARTESIAN_POINT('',(-13.10369764927,-108.9069383045));
#4821 = CARTESIAN_POINT('',(-13.30511387214,-108.7852494285));
#4822 = CARTESIAN_POINT('',(-13.50103347748,-108.646201095));
#4823 = CARTESIAN_POINT('',(-13.68842123767,-108.4908266176));
#4824 = CARTESIAN_POINT('',(-13.86448035214,-108.321085796));
#4825 = CARTESIAN_POINT('',(-14.18963120767,-107.9578175108));
#4826 = CARTESIAN_POINT('',(-14.33872225008,-107.7642909477));
#4827 = CARTESIAN_POINT('',(-14.47216873869,-107.5613412148));
#4828 = CARTESIAN_POINT('',(-14.58842841572,-107.3519807773));
#4829 = CARTESIAN_POINT('',(-14.6869012012,-107.1392962347));
#4830 = CARTESIAN_POINT('',(-14.84852923067,-106.7128098266));
#4831 = CARTESIAN_POINT('',(-14.91168623034,-106.4990085522));
#4832 = CARTESIAN_POINT('',(-14.95731438414,-106.2874130192));
#4833 = CARTESIAN_POINT('',(-14.98629199021,-106.0804840049));
#4834 = CARTESIAN_POINT('',(-15.,-105.8800567242));
#4835 = CARTESIAN_POINT('',(-15.,-105.6874186599));
#4836 = ( GEOMETRIC_REPRESENTATION_CONTEXT(2) 
PARAMETRIC_REPRESENTATION_CONTEXT() REPRESENTATION_CONTEXT('2D SPACE',''
  ) );
#4837 = ORIENTED_EDGE('',*,*,#4838,.T.);
#4838 = EDGE_CURVE('',#4785,#4839,#4841,.T.);
#4839 = VERTEX_POINT('',#4840);
#4840 = CARTESIAN_POINT('',(11.686533875108,-109.3774424915,0.));
#4841 = SURFACE_CURVE('',#4842,(#4847),.PCURVE_S1.);
#4842 = CIRCLE('',#4843,110.);
#4843 = AXIS2_PLACEMENT_3D('',#4844,#4845,#4846);
#4844 = CARTESIAN_POINT('',(0.,0.,0.));
#4845 = DIRECTION('',(0.,0.,1.));
#4846 = DIRECTION('',(1.,0.,-0.));
#4847 = PCURVE('',#4631,#4848);
#4848 = DEFINITIONAL_REPRESENTATION('',(#4849),#4853);
#4849 = CIRCLE('',#4850,110.);
#4850 = AXIS2_PLACEMENT_2D('',#4851,#4852);
#4851 = CARTESIAN_POINT('',(0.,0.));
#4852 = DIRECTION('',(1.,0.));
#4853 = ( GEOMETRIC_REPRESENTATION_CONTEXT(2) 
PARAMETRIC_REPRESENTATION_CONTEXT() REPRESENTATION_CONTEXT('2D SPACE',''
  ) );
#4854 = ORIENTED_EDGE('',*,*,#4855,.T.);
#4855 = EDGE_CURVE('',#4839,#4621,#4856,.T.);
#4856 = SURFACE_CURVE('',#4857,(#4880),.PCURVE_S1.);
#4857 = B_SPLINE_CURVE_WITH_KNOTS('',6,(#4858,#4859,#4860,#4861,#4862,
    #4863,#4864,#4865,#4866,#4867,#4868,#4869,#4870,#4871,#4872,#4873,
    #4874,#4875,#4876,#4877,#4878,#4879),.UNSPECIFIED.,.F.,.F.,(7,5,5,5,
    7),(0.,0.249985035126,0.500000631737,0.750015759454,1.),
  .UNSPECIFIED.);
#4858 = CARTESIAN_POINT('',(11.686533875108,-109.3774424915,0.));
#4859 = CARTESIAN_POINT('',(11.87924699387,-109.3568518803,0.));
#4860 = CARTESIAN_POINT('',(12.078284948411,-109.321593125,0.));
#4861 = CARTESIAN_POINT('',(12.282141356677,-109.2702307478,0.));
#4862 = CARTESIAN_POINT('',(12.488763556797,-109.201588886,0.));
#4863 = CARTESIAN_POINT('',(12.695523962093,-109.115105193,0.));
#4864 = CARTESIAN_POINT('',(13.103705008105,-108.9069345487,0.));
#4865 = CARTESIAN_POINT('',(13.305124332767,-108.7852427296,0.));
#4866 = CARTESIAN_POINT('',(13.501043218123,-108.6461932998,0.));
#4867 = CARTESIAN_POINT('',(13.688427911558,-108.4908201795,0.));
#4868 = CARTESIAN_POINT('',(13.864483446735,-108.3210823452,0.));
#4869 = CARTESIAN_POINT('',(14.189627979484,-107.9578211109,0.));
#4870 = CARTESIAN_POINT('',(14.338716358678,-107.7642985972,0.));
#4871 = CARTESIAN_POINT('',(14.472161873074,-107.5613520912,0.));
#4872 = CARTESIAN_POINT('',(14.588422800277,-107.3519921465,0.));
#4873 = CARTESIAN_POINT('',(14.686898244871,-107.139304043,0.));
#4874 = CARTESIAN_POINT('',(14.848524735818,-106.7128216797,0.));
#4875 = CARTESIAN_POINT('',(14.9116808308,-106.4990280416,0.));
#4876 = CARTESIAN_POINT('',(14.957310532064,-106.2874348521,0.));
#4877 = CARTESIAN_POINT('',(14.986290419749,-106.0805027217,0.));
#4878 = CARTESIAN_POINT('',(15.,-105.8800677694,0.));
#4879 = CARTESIAN_POINT('',(15.,-105.6874186599,0.));
#4880 = PCURVE('',#4631,#4881);
#4881 = DEFINITIONAL_REPRESENTATION('',(#4882),#4905);
#4882 = B_SPLINE_CURVE_WITH_KNOTS('',6,(#4883,#4884,#4885,#4886,#4887,
    #4888,#4889,#4890,#4891,#4892,#4893,#4894,#4895,#4896,#4897,#4898,
    #4899,#4900,#4901,#4902,#4903,#4904),.UNSPECIFIED.,.F.,.F.,(7,5,5,5,
    7),(0.,0.249985035126,0.500000631737,0.750015759454,1.),
  .UNSPECIFIED.);
#4883 = CARTESIAN_POINT('',(11.686533875108,-109.3774424915));
#4884 = CARTESIAN_POINT('',(11.87924699387,-109.3568518803));
#4885 = CARTESIAN_POINT('',(12.078284948411,-109.321593125));
#4886 = CARTESIAN_POINT('',(12.282141356677,-109.2702307478));
#4887 = CARTESIAN_POINT('',(12.488763556797,-109.201588886));
#4888 = CARTESIAN_POINT('',(12.695523962093,-109.115105193));
#4889 = CARTESIAN_POINT('',(13.103705008105,-108.9069345487));
#4890 = CARTESIAN_POINT('',(13.305124332767,-108.7852427296));
#4891 = CARTESIAN_POINT('',(13.501043218123,-108.6461932998));
#4892 = CARTESIAN_POINT('',(13.688427911558,-108.4908201795));
#4893 = CARTESIAN_POINT('',(13.864483446735,-108.3210823452));
#4894 = CARTESIAN_POINT('',(14.189627979484,-107.9578211109));
#4895 = CARTESIAN_POINT('',(14.338716358678,-107.7642985972));
#4896 = CARTESIAN_POINT('',(14.472161873074,-107.5613520912));
#4897 = CARTESIAN_POINT('',(14.588422800277,-107.3519921465));
#4898 = CARTESIAN_POINT('',(14.686898244871,-107.139304043));
#4899 = CARTESIAN_POINT('',(14.848524735818,-106.7128216797));
#4900 = CARTESIAN_POINT('',(14.9116808308,-106.4990280416));
#4901 = CARTESIAN_POINT('',(14.957310532064,-106.2874348521));
#4902 = CARTESIAN_POINT('',(14.986290419749,-106.0805027217));
#4903 = CARTESIAN_POINT('',(15.,-105.8800677694));
#4904 = CARTESIAN_POINT('',(15.,-105.6874186599));
#4905 = ( GEOMETRIC_REPRESENTATION_CONTEXT(2) 
PARAMETRIC_REPRESENTATION_CONTEXT() REPRESENTATION_CONTEXT('2D SPACE',''
  ) );
#4906 = ( GEOMETRIC_REPRESENTATION_CONTEXT(3) 
GLOBAL_UNCERTAINTY_ASSIGNED_CONTEXT((#4910)) 
GLOBAL_UNIT_ASSIGNED_CONTEXT((#4907,#4908,#4909)) REPRESENTATION_CONTEXT
('Context #1','3D Context with UNIT and UNCERTAINTY') );
#4907 = ( LENGTH_UNIT() NAMED_UNIT(*) SI_UNIT(.MILLI.,.METRE.) );
#4908 = ( NAMED_UNIT(*) PLANE_ANGLE_UNIT() SI_UNIT($,.RADIAN.) );
#4909 = ( NAMED_UNIT(*) SI_UNIT($,.STERADIAN.) SOLID_ANGLE_UNIT() );
#4910 = UNCERTAINTY_MEASURE_WITH_UNIT(LENGTH_MEASURE(5.E-05),#4907,
  'distance_accuracy_value','confusion accuracy');
#4911 = CONTEXT_DEPENDENT_SHAPE_REPRESENTATION(#4912,#4914);
#4912 = ( REPRESENTATION_RELATIONSHIP('','',#4613,#10) 
REPRESENTATION_RELATIONSHIP_WITH_TRANSFORMATION(#4913) 
SHAPE_REPRESENTATION_RELATIONSHIP() );
#4913 = ITEM_DEFINED_TRANSFORMATION('','',#11,#107);
#4914 = PRODUCT_DEFINITION_SHAPE('Placement','Placement of an item',
  #4915);
#4915 = NEXT_ASSEMBLY_USAGE_OCCURRENCE('24','','',#5,#4608,$);
#4916 = PRODUCT_RELATED_PRODUCT_CATEGORY('part',$,(#4610));
ENDSEC;
END-ISO-10303-21;
