ISO-10303-21;
HEADER;
FILE_NAME('Open CASCADE Shape Model','2026-09-03T18:08:32',('Author'),(
    'Open CASCADE'),'Open CASCADE STEP processor 7.8','Open CASCADE 7.8'
  ,'Unknown');
FILE_DESCRIPTION(('Open CASCADE Model'),'2;1');
FILE_SCHEMA(('AUTOMOTIVE_DESIGN { 1 0 10303 214 1 1 1 1 }'));
ENDSEC;
DATA;
#1 = APPLICATION_PROTOCOL_DEFINITION('international standard',
  'automotive_design',2000,#2);
#2 = APPLICATION_CONTEXT(
  'core data for automotive mechanical design processes');
#3 = SHAPE_DEFINITION_REPRESENTATION(#4,#10);
#4 = PRODUCT_DEFINITION_SHAPE('','',#5);
#5 = PRODUCT_DEFINITION('design','',#6,#9);
#6 = PRODUCT_DEFINITION_FORMATION('','',#7);
#7 = PRODUCT('Open CASCADE STEP translator 7.8 1',
  'Open CASCADE STEP translator 7.8 1','',(#8));
#8 = PRODUCT_CONTEXT('',#2,'mechanical');
#9 = PRODUCT_DEFINITION_CONTEXT('part definition',#2,'design');
#10 = SHAPE_REPRESENTATION('',(#11,#15,#19,#23,#27,#31,#35,#39,#43,#47,
    #51,#55,#59,#63,#67,#71,#75,#79,#83,#87,#91,#95,#99,#103,#107),#111
  );
#11 = AXIS2_PLACEMENT_3D('',#12,#13,#14);
#12 = CARTESIAN_POINT('',(0.,0.,0.));
#13 = DIRECTION('',(0.,0.,1.));
#14 = DIRECTION('',(1.,0.,-0.));
#15 = AXIS2_PLACEMENT_3D('',#16,#17,#18);
#16 = CARTESIAN_POINT('',(0.,0.,0.));
#17 = DIRECTION('',(0.,0.,1.));
#18 = DIRECTION('',(1.,0.,-0.));
#19 = AXIS2_PLACEMENT_3D('',#20,#21,#22);
#20 = CARTESIAN_POINT('',(0.,0.,0.));
#21 = DIRECTION('',(0.,0.,1.));
#22 = DIRECTION('',(1.,0.,-0.));
#23 = AXIS2_PLACEMENT_3D('',#24,#25,#26);
#24 = CARTESIAN_POINT('',(0.,0.,0.));
#25 = DIRECTION('',(0.,0.,1.));
#26 = DIRECTION('',(1.,0.,-0.));
#27 = AXIS2_PLACEMENT_3D('',#28,#29,#30);
#28 = CARTESIAN_POINT('',(0.,0.,0.));
#29 = DIRECTION('',(0.,0.,1.));
#30 = DIRECTION('',(1.,0.,-0.));
#31 = AXIS2_PLACEMENT_3D('',#32,#33,#34);
#32 = CARTESIAN_POINT('',(0.,0.,0.));
#33 = DIRECTION('',(0.,0.,1.));
#34 = DIRECTION('',(1.,0.,-0.));
#35 = AXIS2_PLACEMENT_3D('',#36,#37,#38);
#36 = CARTESIAN_POINT('',(0.,0.,0.));
#37 = DIRECTION('',(0.,0.,1.));
#38 = DIRECTION('',(1.,0.,-0.));
#39 = AXIS2_PLACEMENT_3D('',#40,#41,#42);
#40 = CARTESIAN_POINT('',(0.,0.,0.));
#41 = DIRECTION('',(0.,0.,1.));
#42 = DIRECTION('',(1.,0.,-0.));
#43 = AXIS2_PLACEMENT_3D('',#44,#45,#46);
#44 = CARTESIAN_POINT('',(0.,0.,0.));
#45 = DIRECTION('',(0.,0.,1.));
#46 = DIRECTION('',(1.,0.,-0.));
#47 = AXIS2_PLACEMENT_3D('',#48,#49,#50);
#48 = CARTESIAN_POINT('',(0.,0.,0.));
#49 = DIRECTION('',(0.,0.,1.));
#50 = DIRECTION('',(1.,0.,-0.));
#51 = AXIS2_PLACEMENT_3D('',#52,#53,#54);
#52 = CARTESIAN_POINT('',(0.,0.,0.));
#53 = DIRECTION('',(0.,0.,1.));
#54 = DIRECTION('',(1.,0.,-0.));
#55 = AXIS2_PLACEMENT_3D('',#56,#57,#58);
#56 = CARTESIAN_POINT('',(0.,0.,0.));
#57 = DIRECTION('',(0.,0.,1.));
#58 = DIRECTION('',(1.,0.,-0.));
#59 = AXIS2_PLACEMENT_3D('',#60,#61,#62);
#60 = CARTESIAN_POINT('',(0.,0.,0.));
#61 = DIRECTION('',(0.,0.,1.));
#62 = DIRECTION('',(1.,0.,-0.));
#63 = AXIS2_PLACEMENT_3D('',#64,#65,#66);
#64 = CARTESIAN_POINT('',(0.,0.,0.));
#65 = DIRECTION('',(0.,0.,1.));
#66 = DIRECTION('',(1.,0.,-0.));
#67 = AXIS2_PLACEMENT_3D('',#68,#69,#70);
#68 = CARTESIAN_POINT('',(0.,0.,0.));
#69 = DIRECTION('',(0.,0.,1.));
#70 = DIRECTION('',(1.,0.,-0.));
#71 = AXIS2_PLACEMENT_3D('',#72,#73,#74);
#72 = CARTESIAN_POINT('',(0.,0.,0.));
#73 = DIRECTION('',(0.,0.,1.));
#74 = DIRECTION('',(1.,0.,-0.));
#75 = AXIS2_PLACEMENT_3D('',#76,#77,#78);
#76 = CARTESIAN_POINT('',(0.,0.,0.));
#77 = DIRECTION('',(0.,0.,1.));
#78 = DIRECTION('',(1.,0.,-0.));
#79 = AXIS2_PLACEMENT_3D('',#80,#81,#82);
#80 = CARTESIAN_POINT('',(0.,0.,0.));
#81 = DIRECTION('',(0.,0.,1.));
#82 = DIRECTION('',(1.,0.,-0.));
#83 = AXIS2_PLACEMENT_3D('',#84,#85,#86);
#84 = CARTESIAN_POINT('',(0.,0.,0.));
#85 = DIRECTION('',(0.,0.,1.));
#86 = DIRECTION('',(1.,0.,-0.));
#87 = AXIS2_PLACEMENT_3D('',#88,#89,#90);
#88 = CARTESIAN_POINT('',(0.,0.,0.));
#89 = DIRECTION('',(0.,0.,1.));
#90 = DIRECTION('',(1.,0.,-0.));
#91 = AXIS2_PLACEMENT_3D('',#92,#93,#94);
#92 = CARTESIAN_POINT('',(0.,0.,0.));
#93 = DIRECTION('',(0.,0.,1.));
#94 = DIRECTION('',(1.,0.,-0.));
#95 = AXIS2_PLACEMENT_3D('',#96,#97,#98);
#96 = CARTESIAN_POINT('',(0.,0.,0.));
#97 = DIRECTION('',(0.,0.,1.));
#98 = DIRECTION('',(1.,0.,-0.));
#99 = AXIS2_PLACEMENT_3D('',#100,#101,#102);
#100 = CARTESIAN_POINT('',(0.,0.,0.));
#101 = DIRECTION('',(0.,0.,1.));
#102 = DIRECTION('',(1.,0.,-0.));
#103 = AXIS2_PLACEMENT_3D('',#104,#105,#106);
#104 = CARTESIAN_POINT('',(0.,0.,0.));
#105 = DIRECTION('',(0.,0.,1.));
#106 = DIRECTION('',(1.,0.,-0.));
#107 = AXIS2_PLACEMENT_3D('',#108,#109,#110);
#108 = CARTESIAN_POINT('',(0.,0.,30.));
#109 = DIRECTION('',(0.,0.,1.));
#110 = DIRECTION('',(1.,0.,-0.));
#111 = ( GEOMETRIC_REPRESENTATION_CONTEXT(3) 
GLOBAL_UNCERTAINTY_ASSIGNED_CONTEXT((#115)) GLOBAL_UNIT_ASSIGNED_CONTEXT
((#112,#113,#114)) REPRESENTATION_CONTEXT('Context #1',
  '3D Context with UNIT and UNCERTAINTY') );
#112 = ( LENGTH_UNIT() NAMED_UNIT(*) SI_UNIT(.MILLI.,.METRE.) );
#113 = ( NAMED_UNIT(*) PLANE_ANGLE_UNIT() SI_UNIT($,.RADIAN.) );
#114 = ( NAMED_UNIT(*) SI_UNIT($,.STERADIAN.) SOLID_ANGLE_UNIT() );
#115 = UNCERTAINTY_MEASURE_WITH_UNIT(LENGTH_MEASURE(5.E-05),#112,
  'distance_accuracy_value','confusion accuracy');
#116 = PRODUCT_RELATED_PRODUCT_CATEGORY('part',$,(#7));
#117 = SHAPE_DEFINITION_REPRESENTATION(#118,#124);
#118 = PRODUCT_DEFINITION_SHAPE('','',#119);
#119 = PRODUCT_DEFINITION('design','',#120,#123);
#120 = PRODUCT_DEFINITION_FORMATION('','',#121);
#121 = PRODUCT('Open CASCADE STEP translator 7.8 1.1',
  'Open CASCADE STEP translator 7.8 1.1','',(#122));
#122 = PRODUCT_CONTEXT('',#2,'mechanical');
#123 = PRODUCT_DEFINITION_CONTEXT('part definition',#2,'design');
#124 = MANIFOLD_SURFACE_SHAPE_REPRESENTATION('',(#11,#125),#346);
#125 = SHELL_BASED_SURFACE_MODEL('',(#126));
#126 = OPEN_SHELL('',(#127));
#127 = ADVANCED_FACE('',(#128),#143,.T.);
#128 = FACE_BOUND('',#129,.T.);
#129 = EDGE_LOOP('',(#130,#154,#192,#215,#230,#231,#269,#286));
#130 = ORIENTED_EDGE('',*,*,#131,.F.);
#131 = EDGE_CURVE('',#132,#134,#136,.T.);
#132 = VERTEX_POINT('',#133);
#133 = CARTESIAN_POINT('',(11.686533875108,109.37744249152,0.));
#134 = VERTEX_POINT('',#135);
#135 = CARTESIAN_POINT('',(-11.6865338751,109.37744249152,0.));
#136 = SURFACE_CURVE('',#137,(#142),.PCURVE_S1.);
#137 = CIRCLE('',#138,110.);
#138 = AXIS2_PLACEMENT_3D('',#139,#140,#141);
#139 = CARTESIAN_POINT('',(0.,0.,0.));
#140 = DIRECTION('',(0.,0.,1.));
#141 = DIRECTION('',(1.,0.,-0.));
#142 = PCURVE('',#143,#148);
#143 = CONICAL_SURFACE('',#144,17.5,0.362358903357);
#144 = AXIS2_PLACEMENT_3D('',#145,#146,#147);
#145 = CARTESIAN_POINT('',(0.,0.,-244.));
#146 = DIRECTION('',(0.,0.,1.));
#147 = DIRECTION('',(1.,0.,-0.));
#148 = DEFINITIONAL_REPRESENTATION('',(#149),#153);
#149 = LINE('',#150,#151);
#150 = CARTESIAN_POINT('',(0.,244.));
#151 = VECTOR('',#152,1.);
#152 = DIRECTION('',(1.,0.));
#153 = ( GEOMETRIC_REPRESENTATION_CONTEXT(2) 
PARAMETRIC_REPRESENTATION_CONTEXT() REPRESENTATION_CONTEXT('2D SPACE',''
  ) );
#154 = ORIENTED_EDGE('',*,*,#155,.T.);
#155 = EDGE_CURVE('',#132,#156,#158,.T.);
#156 = VERTEX_POINT('',#157);
#157 = CARTESIAN_POINT('',(62.096850568825,0.,-126.3607401211));
#158 = SURFACE_CURVE('',#159,(#178),.PCURVE_S1.);
#159 = B_SPLINE_CURVE_WITH_KNOTS('',9,(#160,#161,#162,#163,#164,#165,
    #166,#167,#168,#169,#170,#171,#172,#173,#174,#175,#176,#177),
  .UNSPECIFIED.,.F.,.F.,(10,8,10),(-11.18702234902,-0.773983346059,
    180.80980824821),.UNSPECIFIED.);
#160 = CARTESIAN_POINT('',(6.032489596173,115.50779300307,
    14.494820132693));
#161 = CARTESIAN_POINT('',(6.660716738277,114.82664294623,
    12.884284562393));
#162 = CARTESIAN_POINT('',(7.288943880381,114.14549288939,
    11.273748992094));
#163 = CARTESIAN_POINT('',(7.917171022485,113.46434283255,9.663213421795
    ));
#164 = CARTESIAN_POINT('',(8.545398164589,112.78319277571,8.052677851496
    ));
#165 = CARTESIAN_POINT('',(9.173625306693,112.10204271887,6.442142281197
    ));
#166 = CARTESIAN_POINT('',(9.801852448797,111.42089266204,4.831606710897
    ));
#167 = CARTESIAN_POINT('',(10.430079590901,110.7397426052,3.221071140598
    ));
#168 = CARTESIAN_POINT('',(11.058306733004,110.05859254836,
    1.610535570299));
#169 = CARTESIAN_POINT('',(22.641632229508,97.499468162371,
    -28.08470757376));
#170 = CARTESIAN_POINT('',(32.296313558519,85.578890948681,
    -52.65906636373));
#171 = CARTESIAN_POINT('',(40.647272652498,73.603376019535,
    -73.72247038829));
#172 = CARTESIAN_POINT('',(47.686186209638,61.546602275188,
    -91.27652056122));
#173 = CARTESIAN_POINT('',(53.391210566248,49.408942616124,
    -105.3147412379));
#174 = CARTESIAN_POINT('',(57.735364376571,37.142096065978,
    -115.848999096));
#175 = CARTESIAN_POINT('',(60.642495511642,24.78669266475,
    -122.8560088522));
#176 = CARTESIAN_POINT('',(62.096850568826,12.393551175571,
    -126.3607401211));
#177 = CARTESIAN_POINT('',(62.096850568825,0.,-126.3607401211));
#178 = PCURVE('',#143,#179);
#179 = DEFINITIONAL_REPRESENTATION('',(#180),#191);
#180 = B_SPLINE_CURVE_WITH_KNOTS('',9,(#181,#182,#183,#184,#185,#186,
    #187,#188,#189,#190),.UNSPECIFIED.,.F.,.F.,(10,10),(-0.773983346059,
    180.80980824821),.PIECEWISE_BEZIER_KNOTS.);
#181 = CARTESIAN_POINT('',(1.464354226824,244.));
#182 = CARTESIAN_POINT('',(1.353853979748,215.91529242622));
#183 = CARTESIAN_POINT('',(1.23099720147,191.34095609957));
#184 = CARTESIAN_POINT('',(1.094444535217,170.27744158568));
#185 = CARTESIAN_POINT('',(0.942771980134,152.72363870987));
#186 = CARTESIAN_POINT('',(0.775785299095,138.68509635686));
#187 = CARTESIAN_POINT('',(0.593166443918,128.15109422621));
#188 = CARTESIAN_POINT('',(0.399160602312,121.14396639225));
#189 = CARTESIAN_POINT('',(0.199584215013,117.63925987885));
#190 = CARTESIAN_POINT('',(8.881784197001E-16,117.63925987884));
#191 = ( GEOMETRIC_REPRESENTATION_CONTEXT(2) 
PARAMETRIC_REPRESENTATION_CONTEXT() REPRESENTATION_CONTEXT('2D SPACE',''
  ) );
#192 = ORIENTED_EDGE('',*,*,#193,.F.);
#193 = EDGE_CURVE('',#194,#156,#196,.T.);
#194 = VERTEX_POINT('',#195);
#195 = CARTESIAN_POINT('',(17.5,-4.286122238378E-15,-244.));
#196 = SEAM_CURVE('',#197,(#201,#208),.PCURVE_S1.);
#197 = LINE('',#198,#199);
#198 = CARTESIAN_POINT('',(17.5,-4.286122238378E-15,-244.));
#199 = VECTOR('',#200,1.);
#200 = DIRECTION('',(0.354480941285,-8.681992260137E-17,0.935063239715)
  );
#201 = PCURVE('',#143,#202);
#202 = DEFINITIONAL_REPRESENTATION('',(#203),#207);
#203 = LINE('',#204,#205);
#204 = CARTESIAN_POINT('',(0.,-0.));
#205 = VECTOR('',#206,1.);
#206 = DIRECTION('',(0.,1.));
#207 = ( GEOMETRIC_REPRESENTATION_CONTEXT(2) 
PARAMETRIC_REPRESENTATION_CONTEXT() REPRESENTATION_CONTEXT('2D SPACE',''
  ) );
#208 = PCURVE('',#143,#209);
#209 = DEFINITIONAL_REPRESENTATION('',(#210),#214);
#210 = LINE('',#211,#212);
#211 = CARTESIAN_POINT('',(6.28318530718,-0.));
#212 = VECTOR('',#213,1.);
#213 = DIRECTION('',(0.,1.));
#214 = ( GEOMETRIC_REPRESENTATION_CONTEXT(2) 
PARAMETRIC_REPRESENTATION_CONTEXT() REPRESENTATION_CONTEXT('2D SPACE',''
  ) );
#215 = ORIENTED_EDGE('',*,*,#216,.T.);
#216 = EDGE_CURVE('',#194,#194,#217,.T.);
#217 = SURFACE_CURVE('',#218,(#223),.PCURVE_S1.);
#218 = CIRCLE('',#219,17.5);
#219 = AXIS2_PLACEMENT_3D('',#220,#221,#222);
#220 = CARTESIAN_POINT('',(0.,0.,-244.));
#221 = DIRECTION('',(0.,0.,1.));
#222 = DIRECTION('',(1.,0.,-0.));
#223 = PCURVE('',#143,#224);
#224 = DEFINITIONAL_REPRESENTATION('',(#225),#229);
#225 = LINE('',#226,#227);
#226 = CARTESIAN_POINT('',(0.,0.));
#227 = VECTOR('',#228,1.);
#228 = DIRECTION('',(1.,0.));
#229 = ( GEOMETRIC_REPRESENTATION_CONTEXT(2) 
PARAMETRIC_REPRESENTATION_CONTEXT() REPRESENTATION_CONTEXT('2D SPACE',''
  ) );
#230 = ORIENTED_EDGE('',*,*,#193,.T.);
#231 = ORIENTED_EDGE('',*,*,#232,.T.);
#232 = EDGE_CURVE('',#156,#233,#235,.T.);
#233 = VERTEX_POINT('',#234);
#234 = CARTESIAN_POINT('',(11.686533875108,-109.3774424915,0.));
#235 = SURFACE_CURVE('',#236,(#255),.PCURVE_S1.);
#236 = B_SPLINE_CURVE_WITH_KNOTS('',9,(#237,#238,#239,#240,#241,#242,
    #243,#244,#245,#246,#247,#248,#249,#250,#251,#252,#253,#254),
  .UNSPECIFIED.,.F.,.F.,(10,8,10),(180.80980824821,362.39359984249,
    372.80663884545),.UNSPECIFIED.);
#237 = CARTESIAN_POINT('',(62.096850568825,-1.520883955179E-14,
    -126.3607401211));
#238 = CARTESIAN_POINT('',(62.096850568825,-12.39355117557,
    -126.3607401211));
#239 = CARTESIAN_POINT('',(60.642495511647,-24.78669266475,
    -122.8560088522));
#240 = CARTESIAN_POINT('',(57.735364376561,-37.14209606596,
    -115.848999096));
#241 = CARTESIAN_POINT('',(53.391210566263,-49.40894261614,
    -105.3147412379));
#242 = CARTESIAN_POINT('',(47.686186209622,-61.54660227516,
    -91.27652056119));
#243 = CARTESIAN_POINT('',(40.64727265251,-73.60337601955,
    -73.72247038832));
#244 = CARTESIAN_POINT('',(32.296313558513,-85.57889094867,
    -52.65906636372));
#245 = CARTESIAN_POINT('',(22.64163222951,-97.49946816237,
    -28.08470757376));
#246 = CARTESIAN_POINT('',(11.058306733004,-110.0585925483,
    1.610535570299));
#247 = CARTESIAN_POINT('',(10.430079590901,-110.7397426052,
    3.221071140598));
#248 = CARTESIAN_POINT('',(9.801852448797,-111.420892662,4.831606710898)
  );
#249 = CARTESIAN_POINT('',(9.173625306693,-112.1020427188,6.442142281197
    ));
#250 = CARTESIAN_POINT('',(8.545398164589,-112.7831927757,8.052677851496
    ));
#251 = CARTESIAN_POINT('',(7.917171022485,-113.4643428325,9.663213421795
    ));
#252 = CARTESIAN_POINT('',(7.288943880381,-114.1454928893,
    11.273748992094));
#253 = CARTESIAN_POINT('',(6.660716738277,-114.8266429462,
    12.884284562393));
#254 = CARTESIAN_POINT('',(6.032489596174,-115.507793003,14.494820132693
    ));
#255 = PCURVE('',#143,#256);
#256 = DEFINITIONAL_REPRESENTATION('',(#257),#268);
#257 = B_SPLINE_CURVE_WITH_KNOTS('',9,(#258,#259,#260,#261,#262,#263,
    #264,#265,#266,#267),.UNSPECIFIED.,.F.,.F.,(10,10),(180.80980824821,
    362.39359984249),.PIECEWISE_BEZIER_KNOTS.);
#258 = CARTESIAN_POINT('',(6.28318530718,117.63925987884));
#259 = CARTESIAN_POINT('',(6.083601092166,117.63925987884));
#260 = CARTESIAN_POINT('',(5.884024704868,121.14396639228));
#261 = CARTESIAN_POINT('',(5.690018863262,128.15109422614));
#262 = CARTESIAN_POINT('',(5.507400008084,138.68509635696));
#263 = CARTESIAN_POINT('',(5.340413327045,152.72363870977));
#264 = CARTESIAN_POINT('',(5.188740771963,170.27744158574));
#265 = CARTESIAN_POINT('',(5.05218810571,191.34095609954));
#266 = CARTESIAN_POINT('',(4.929331327431,215.91529242623));
#267 = CARTESIAN_POINT('',(4.818831080356,244.));
#268 = ( GEOMETRIC_REPRESENTATION_CONTEXT(2) 
PARAMETRIC_REPRESENTATION_CONTEXT() REPRESENTATION_CONTEXT('2D SPACE',''
  ) );
#269 = ORIENTED_EDGE('',*,*,#270,.F.);
#270 = EDGE_CURVE('',#271,#233,#273,.T.);
#271 = VERTEX_POINT('',#272);
#272 = CARTESIAN_POINT('',(-11.6865338751,-109.3774424915,0.));
#273 = SURFACE_CURVE('',#274,(#279),.PCURVE_S1.);
#274 = CIRCLE('',#275,110.);
#275 = AXIS2_PLACEMENT_3D('',#276,#277,#278);
#276 = CARTESIAN_POINT('',(0.,0.,0.));
#277 = DIRECTION('',(0.,0.,1.));
#278 = DIRECTION('',(1.,0.,-0.));
#279 = PCURVE('',#143,#280);
#280 = DEFINITIONAL_REPRESENTATION('',(#281),#285);
#281 = LINE('',#282,#283);
#282 = CARTESIAN_POINT('',(0.,244.));
#283 = VECTOR('',#284,1.);
#284 = DIRECTION('',(1.,0.));
#285 = ( GEOMETRIC_REPRESENTATION_CONTEXT(2) 
PARAMETRIC_REPRESENTATION_CONTEXT() REPRESENTATION_CONTEXT('2D SPACE',''
  ) );
#286 = ORIENTED_EDGE('',*,*,#287,.T.);
#287 = EDGE_CURVE('',#271,#134,#288,.T.);
#288 = SURFACE_CURVE('',#289,(#324),.PCURVE_S1.);
#289 = B_SPLINE_CURVE_WITH_KNOTS('',9,(#290,#291,#292,#293,#294,#295,
    #296,#297,#298,#299,#300,#301,#302,#303,#304,#305,#306,#307,#308,
    #309,#310,#311,#312,#313,#314,#315,#316,#317,#318,#319,#320,#321,
    #322,#323),.UNSPECIFIED.,.F.,.F.,(10,8,8,8,10),(-11.16033993943,
    -0.773142397452,180.61335472349,361.99985184443,372.38704938641),
  .UNSPECIFIED.);
#290 = CARTESIAN_POINT('',(-6.040386270165,-115.4992310999,
    14.474576062517));
#291 = CARTESIAN_POINT('',(-6.667736004048,-114.8190323656,
    12.866289833349));
#292 = CARTESIAN_POINT('',(-7.29508573793,-114.1388336314,11.25800360418
    ));
#293 = CARTESIAN_POINT('',(-7.922435471813,-113.4586348971,
    9.649717375012));
#294 = CARTESIAN_POINT('',(-8.549785205695,-112.7784361628,
    8.041431145843));
#295 = CARTESIAN_POINT('',(-9.177134939578,-112.0982374285,
    6.433144916674));
#296 = CARTESIAN_POINT('',(-9.80448467346,-111.4180386943,4.824858687506
    ));
#297 = CARTESIAN_POINT('',(-10.43183440734,-110.73783996,3.216572458337)
  );
#298 = CARTESIAN_POINT('',(-11.05918414122,-110.0576412257,
    1.608286229169));
#299 = CARTESIAN_POINT('',(-22.64163222948,-97.4994681624,-28.0847075737
    ));
#300 = CARTESIAN_POINT('',(-32.2963135586,-85.57889094857,
    -52.65906636396));
#301 = CARTESIAN_POINT('',(-40.64727265233,-73.60337601974,
    -73.72247038786));
#302 = CARTESIAN_POINT('',(-47.68618620983,-61.54660227494,
    -91.27652056173));
#303 = CARTESIAN_POINT('',(-53.3912105661,-49.40894261631,
    -105.3147412375));
#304 = CARTESIAN_POINT('',(-57.73536437663,-37.14209606589,
    -115.8489990961));
#305 = CARTESIAN_POINT('',(-60.64249551163,-24.78669266477,
    -122.8560088522));
#306 = CARTESIAN_POINT('',(-62.09685056882,-12.39355117557,
    -126.3607401211));
#307 = CARTESIAN_POINT('',(-62.09685056882,12.39355117557,
    -126.3607401211));
#308 = CARTESIAN_POINT('',(-60.64249551163,24.786692664774,
    -122.8560088522));
#309 = CARTESIAN_POINT('',(-57.73536437663,37.142096065886,
    -115.8489990961));
#310 = CARTESIAN_POINT('',(-53.3912105661,49.408942616317,
    -105.3147412375));
#311 = CARTESIAN_POINT('',(-47.68618620983,61.546602274935,
    -91.27652056173));
#312 = CARTESIAN_POINT('',(-40.64727265233,73.603376019748,
    -73.72247038786));
#313 = CARTESIAN_POINT('',(-32.2963135586,85.57889094857,-52.65906636396
    ));
#314 = CARTESIAN_POINT('',(-22.64163222948,97.499468162401,
    -28.0847075737));
#315 = CARTESIAN_POINT('',(-11.05918414122,110.05764122579,
    1.608286229169));
#316 = CARTESIAN_POINT('',(-10.43183440734,110.73783996005,
    3.216572458337));
#317 = CARTESIAN_POINT('',(-9.80448467346,111.41803869432,4.824858687506
    ));
#318 = CARTESIAN_POINT('',(-9.177134939578,112.09823742859,
    6.433144916674));
#319 = CARTESIAN_POINT('',(-8.549785205695,112.77843616286,
    8.041431145843));
#320 = CARTESIAN_POINT('',(-7.922435471813,113.45863489713,
    9.649717375012));
#321 = CARTESIAN_POINT('',(-7.29508573793,114.1388336314,11.25800360418)
  );
#322 = CARTESIAN_POINT('',(-6.667736004048,114.81903236567,
    12.866289833349));
#323 = CARTESIAN_POINT('',(-6.040386270165,115.49923109994,
    14.474576062517));
#324 = PCURVE('',#143,#325);
#325 = DEFINITIONAL_REPRESENTATION('',(#326),#345);
#326 = B_SPLINE_CURVE_WITH_KNOTS('',9,(#327,#328,#329,#330,#331,#332,
    #333,#334,#335,#336,#337,#338,#339,#340,#341,#342,#343,#344),
  .UNSPECIFIED.,.F.,.F.,(10,8,10),(-0.773142397452,180.61335472349,
    361.99985184443),.UNSPECIFIED.);
#327 = CARTESIAN_POINT('',(4.605946880414,244.));
#328 = CARTESIAN_POINT('',(4.495446633338,215.91529242629));
#329 = CARTESIAN_POINT('',(4.372589930278,191.34095605434));
#330 = CARTESIAN_POINT('',(4.236036840731,170.27744176933));
#331 = CARTESIAN_POINT('',(4.084365407227,152.72363837746));
#332 = CARTESIAN_POINT('',(3.917376921181,138.68509669627));
#333 = CARTESIAN_POINT('',(3.734759968271,128.15109403966));
#334 = CARTESIAN_POINT('',(3.540752804119,121.14396643884));
#335 = CARTESIAN_POINT('',(3.341176989174,117.63925987885));
#336 = CARTESIAN_POINT('',(2.942008318005,117.63925987884));
#337 = CARTESIAN_POINT('',(2.74243250306,121.14396643886));
#338 = CARTESIAN_POINT('',(2.548425338908,128.15109403963));
#339 = CARTESIAN_POINT('',(2.365808385998,138.68509669632));
#340 = CARTESIAN_POINT('',(2.198819899954,152.7236383774));
#341 = CARTESIAN_POINT('',(2.047148466448,170.27744176937));
#342 = CARTESIAN_POINT('',(1.910595376902,191.34095605432));
#343 = CARTESIAN_POINT('',(1.787738673841,215.91529242629));
#344 = CARTESIAN_POINT('',(1.677238426766,244.));
#345 = ( GEOMETRIC_REPRESENTATION_CONTEXT(2) 
PARAMETRIC_REPRESENTATION_CONTEXT() REPRESENTATION_CONTEXT('2D SPACE',''
  ) );
#346 = ( GEOMETRIC_REPRESENTATION_CONTEXT(3) 
GLOBAL_UNCERTAINTY_ASSIGNED_CONTEXT((#350)) GLOBAL_UNIT_ASSIGNED_CONTEXT
((#347,#348,#349)) REPRESENTATION_CONTEXT('Context #1',
  '3D Context with UNIT and UNCERTAINTY') );
#347 = ( LENGTH_UNIT() NAMED_UNIT(*) SI_UNIT(.MILLI.,.METRE.) );
#348 = ( NAMED_UNIT(*) PLANE_ANGLE_UNIT() SI_UNIT($,.RADIAN.) );
#349 = ( NAMED_UNIT(*) SI_UNIT($,.STERADIAN.) SOLID_ANGLE_UNIT() );
#350 = UNCERTAINTY_MEASURE_WITH_UNIT(LENGTH_MEASURE(5.E-05),#347,
  'distance_accuracy_value','confusion accuracy');
#351 = CONTEXT_DEPENDENT_SHAPE_REPRESENTATION(#352,#354);
#352 = ( REPRESENTATION_RELATIONSHIP('','',#124,#10) 
REPRESENTATION_RELATIONSHIP_WITH_TRANSFORMATION(#353) 
SHAPE_REPRESENTATION_RELATIONSHIP() );
#353 = ITEM_DEFINED_TRANSFORMATION('','',#11,#15);
#354 = PRODUCT_DEFINITION_SHAPE('Placement','Placement of an item',#355
  );
#355 = NEXT_ASSEMBLY_USAGE_OCCURRENCE('1','','',#5,#119,$);
#356 = PRODUCT_RELATED_PRODUCT_CATEGORY('part',$,(#121));
#357 = SHAPE_DEFINITION_REPRESENTATION(#358,#364);
#358 = PRODUCT_DEFINITION_SHAPE('','',#359);
#359 = PRODUCT_DEFINITION('design','',#360,#363);
#360 = PRODUCT_DEFINITION_FORMATION('','',#361);
#361 = PRODUCT('Open CASCADE STEP translator 7.8 1.2',
  'Open CASCADE STEP translator 7.8 1.2','',(#362));
#362 = PRODUCT_CONTEXT('',#2,'mechanical');
#363 = PRODUCT_DEFINITION_CONTEXT('part definition',#2,'design');
#364 = MANIFOLD_SURFACE_SHAPE_REPRESENTATION('',(#11,#365),#556);
#365 = SHELL_BASED_SURFACE_MODEL('',(#366));
#366 = OPEN_SHELL('',(#367));
#367 = ADVANCED_FACE('',(#368),#401,.T.);
#368 = FACE_BOUND('',#369,.T.);
#369 = EDGE_LOOP('',(#370,#481,#512,#527));
#370 = ORIENTED_EDGE('',*,*,#371,.T.);
#371 = EDGE_CURVE('',#372,#374,#376,.T.);
#372 = VERTEX_POINT('',#373);
#373 = CARTESIAN_POINT('',(11.686533875108,109.37744249152,0.));
#374 = VERTEX_POINT('',#375);
#375 = CARTESIAN_POINT('',(15.,105.68741851997,0.));
#376 = SURFACE_CURVE('',#377,(#400),.PCURVE_S1.);
#377 = B_SPLINE_CURVE_WITH_KNOTS('',6,(#378,#379,#380,#381,#382,#383,
    #384,#385,#386,#387,#388,#389,#390,#391,#392,#393,#394,#395,#396,
    #397,#398,#399),.UNSPECIFIED.,.F.,.F.,(7,5,5,5,7),(0.,0.249985035126
    ,0.500000631737,0.750015759454,1.),.UNSPECIFIED.);
#378 = CARTESIAN_POINT('',(11.686533875108,109.37744249152,0.));
#379 = CARTESIAN_POINT('',(11.87924699387,109.35685188033,0.));
#380 = CARTESIAN_POINT('',(12.078284948411,109.32159312503,0.));
#381 = CARTESIAN_POINT('',(12.282141356677,109.2702307478,0.));
#382 = CARTESIAN_POINT('',(12.488763556797,109.20158888601,0.));
#383 = CARTESIAN_POINT('',(12.695523962093,109.11510519306,0.));
#384 = CARTESIAN_POINT('',(13.103705008105,108.90693454877,0.));
#385 = CARTESIAN_POINT('',(13.305124332767,108.78524272964,0.));
#386 = CARTESIAN_POINT('',(13.501043218123,108.64619329984,0.));
#387 = CARTESIAN_POINT('',(13.688427911558,108.49082017951,0.));
#388 = CARTESIAN_POINT('',(13.864483446735,108.3210823452,0.));
#389 = CARTESIAN_POINT('',(14.189627979484,107.95782111095,0.));
#390 = CARTESIAN_POINT('',(14.338716358679,107.76429859729,0.));
#391 = CARTESIAN_POINT('',(14.472161873073,107.56135209121,0.));
#392 = CARTESIAN_POINT('',(14.588422800277,107.3519921465,0.));
#393 = CARTESIAN_POINT('',(14.686898244871,107.13930404307,0.));
#394 = CARTESIAN_POINT('',(14.848524735818,106.71282167973,0.));
#395 = CARTESIAN_POINT('',(14.9116808308,106.49902804168,0.));
#396 = CARTESIAN_POINT('',(14.957310532064,106.28743485211,0.));
#397 = CARTESIAN_POINT('',(14.986290419749,106.08050272173,0.));
#398 = CARTESIAN_POINT('',(15.,105.88006776949,0.));
#399 = CARTESIAN_POINT('',(15.,105.68741865998,0.));
#400 = PCURVE('',#401,#456);
#401 = ( BOUNDED_SURFACE() B_SPLINE_SURFACE(2,9,(
    (#402,#403,#404,#405,#406,#407,#408,#409,#410,#411,#412,#413,#414
      ,#415,#416,#417,#418,#419)
    ,(#420,#421,#422,#423,#424,#425,#426,#427,#428,#429,#430,#431,#432
      ,#433,#434,#435,#436,#437)
    ,(#438,#439,#440,#441,#442,#443,#444,#445,#446,#447,#448,#449,#450
      ,#451,#452,#453,#454,#455
)),.UNSPECIFIED.,.F.,.F.,.F.) B_SPLINE_SURFACE_WITH_KNOTS((3,3),(10,8,10
    ),(0.,181.58379159427),(-11.18702234902,-0.773983346059,
180.80980824821),.UNSPECIFIED.) GEOMETRIC_REPRESENTATION_ITEM() 
RATIONAL_B_SPLINE_SURFACE((
    (1.,1.,1.,1.,1.,1.,1.,1.,1.,1.,1.,1.,1.,1.,1.,1.,1.,1.)
    ,(0.695425484934,0.69344492984,0.69195951352,0.690969235973
      ,0.690474097199,0.690474097199,0.690969235973,0.69195951352
      ,0.69344492984,0.729962636222,0.765971148593,0.80282418586
      ,0.839401147106,0.873909433655,0.90367630541,0.924588563947
      ,0.935063239715,0.935063239715)
    ,(1.,1.,1.,1.,1.,1.,1.,1.,1.,1.,1.,1.,1.,1.,1.,1.,1.,1.
))) REPRESENTATION_ITEM('') SURFACE() );
#402 = CARTESIAN_POINT('',(6.032489596173,115.50779300307,
    14.494820132693));
#403 = CARTESIAN_POINT('',(6.660716738277,114.82664294623,
    12.884284562393));
#404 = CARTESIAN_POINT('',(7.288943880381,114.14549288939,
    11.273748992094));
#405 = CARTESIAN_POINT('',(7.917171022485,113.46434283255,9.663213421795
    ));
#406 = CARTESIAN_POINT('',(8.545398164589,112.78319277571,8.052677851496
    ));
#407 = CARTESIAN_POINT('',(9.173625306693,112.10204271887,6.442142281197
    ));
#408 = CARTESIAN_POINT('',(9.801852448797,111.42089266204,4.831606710897
    ));
#409 = CARTESIAN_POINT('',(10.430079590901,110.7397426052,3.221071140598
    ));
#410 = CARTESIAN_POINT('',(11.058306733004,110.05859254836,
    1.610535570299));
#411 = CARTESIAN_POINT('',(22.641632229508,97.499468162371,
    -28.08470757376));
#412 = CARTESIAN_POINT('',(32.296313558519,85.578890948681,
    -52.65906636373));
#413 = CARTESIAN_POINT('',(40.647272652498,73.603376019535,
    -73.72247038829));
#414 = CARTESIAN_POINT('',(47.686186209638,61.546602275188,
    -91.27652056122));
#415 = CARTESIAN_POINT('',(53.391210566248,49.408942616124,
    -105.3147412379));
#416 = CARTESIAN_POINT('',(57.735364376571,37.142096065978,
    -115.848999096));
#417 = CARTESIAN_POINT('',(60.642495511642,24.78669266475,
    -122.8560088522));
#418 = CARTESIAN_POINT('',(62.096850568826,12.393551175571,
    -126.3607401211));
#419 = CARTESIAN_POINT('',(62.096850568825,0.,-126.3607401211));
#420 = CARTESIAN_POINT('',(9.102862658458,115.74961380273,
    15.555692014447));
#421 = CARTESIAN_POINT('',(9.699367544357,115.06802093789,
    13.982208855967));
#422 = CARTESIAN_POINT('',(10.302370745027,114.37900281118,
    12.391584196901));
#423 = CARTESIAN_POINT('',(10.910617859199,113.68399275697,
    10.787126944382));
#424 = CARTESIAN_POINT('',(11.522822927842,112.98446016894,9.1722292498)
  );
#425 = CARTESIAN_POINT('',(12.137677429472,112.28190022159,
    7.550342780636));
#426 = CARTESIAN_POINT('',(12.753859575992,111.57782324848,
    5.924954199546));
#427 = CARTESIAN_POINT('',(13.370043770883,110.87374393481,
    4.299560215185));
#428 = CARTESIAN_POINT('',(13.984910087926,110.17117048665,
    2.677642578877));
#429 = CARTESIAN_POINT('',(24.739423054638,97.882588320335,
    -25.69101865223));
#430 = CARTESIAN_POINT('',(33.799762420145,86.148553296475,
    -49.59072465422));
#431 = CARTESIAN_POINT('',(41.750639956462,74.243895228506,
    -70.56385026353));
#432 = CARTESIAN_POINT('',(48.545236289354,62.120546490324,
    -88.48689356326));
#433 = CARTESIAN_POINT('',(54.11901535486,49.801762025095,-103.189618882
    ));
#434 = CARTESIAN_POINT('',(58.373376260615,37.208471243332,
    -114.411933055));
#435 = CARTESIAN_POINT('',(61.154813624431,24.594782589054,
    -121.7489137768));
#436 = CARTESIAN_POINT('',(62.5,12.15988294571,-125.2972972972));
#437 = CARTESIAN_POINT('',(62.5,6.394884621841E-14,-125.2972972972));
#438 = CARTESIAN_POINT('',(8.670147996959,112.73283752557,
    16.697123121535));
#439 = CARTESIAN_POINT('',(9.285099500003,112.04874598162,15.07498077837
    ));
#440 = CARTESIAN_POINT('',(9.899496660838,111.36527110551,
    13.454300700059));
#441 = CARTESIAN_POINT('',(10.513339479464,110.68241289725,
    11.835082886604));
#442 = CARTESIAN_POINT('',(11.12662795588,110.00017135684,
    10.217327338004));
#443 = CARTESIAN_POINT('',(11.739362090086,109.31854648427,
    8.601034054259));
#444 = CARTESIAN_POINT('',(12.351541882083,108.63753827954,6.98620303537
    ));
#445 = CARTESIAN_POINT('',(12.963167331871,107.95714674266,
    5.372834281335));
#446 = CARTESIAN_POINT('',(13.574238439449,107.27737187362,
    3.760927792155));
#447 = CARTESIAN_POINT('',(24.831017939071,94.75497355495,
    -25.93263110414));
#448 = CARTESIAN_POINT('',(34.146553153037,82.911860260977,
    -50.50550237124));
#449 = CARTESIAN_POINT('',(42.131441238173,71.068327096666,
    -71.56834229313));
#450 = CARTESIAN_POINT('',(48.785439836522,59.226380702456,
    -89.12051156875));
#451 = CARTESIAN_POINT('',(54.109396248466,47.381411629933,
    -103.1642452392));
#452 = CARTESIAN_POINT('',(58.101690218038,35.540141415539,
    -113.6952693318));
#453 = CARTESIAN_POINT('',(60.765231256942,23.695673184117,
    -120.7212586669));
#454 = CARTESIAN_POINT('',(62.096850568826,11.847778717567,
    -124.2338544734));
#455 = CARTESIAN_POINT('',(62.096850568825,-2.84217094304E-14,
    -124.2338544734));
#456 = DEFINITIONAL_REPRESENTATION('',(#457),#480);
#457 = B_SPLINE_CURVE_WITH_KNOTS('',6,(#458,#459,#460,#461,#462,#463,
    #464,#465,#466,#467,#468,#469,#470,#471,#472,#473,#474,#475,#476,
    #477,#478,#479),.UNSPECIFIED.,.F.,.F.,(7,5,5,5,7),(0.,0.249985035126
    ,0.500000631737,0.750015759454,1.),.UNSPECIFIED.);
#458 = CARTESIAN_POINT('',(0.,-0.773983346059));
#459 = CARTESIAN_POINT('',(7.566574299175,-0.729739279941));
#460 = CARTESIAN_POINT('',(15.132922979692,-0.68076270753));
#461 = CARTESIAN_POINT('',(22.699028873022,-0.627019052624));
#462 = CARTESIAN_POINT('',(30.264889416097,-0.568643618199));
#463 = CARTESIAN_POINT('',(37.830521047854,-0.506030230244));
#464 = CARTESIAN_POINT('',(52.962303280743,-0.37356627877));
#465 = CARTESIAN_POINT('',(60.528457425205,-0.303714824672));
#466 = CARTESIAN_POINT('',(68.094438203931,-0.230869679144));
#467 = CARTESIAN_POINT('',(75.660296136338,-0.155882673493));
#468 = CARTESIAN_POINT('',(83.226096464724,-7.977803198126E-02));
#469 = CARTESIAN_POINT('',(98.357686822404,7.262740259191E-02));
#470 = CARTESIAN_POINT('',(105.92347932079,0.14892786444));
#471 = CARTESIAN_POINT('',(113.48933596325,0.22430654779));
#472 = CARTESIAN_POINT('',(121.05532095463,0.297736914703));
#473 = CARTESIAN_POINT('',(128.62148267133,0.368360841991));
#474 = CARTESIAN_POINT('',(143.75327378886,0.502716853313));
#475 = CARTESIAN_POINT('',(151.31890658555,0.566449804735));
#476 = CARTESIAN_POINT('',(158.88476865093,0.626105021477));
#477 = CARTESIAN_POINT('',(166.45087471894,0.681268340396));
#478 = CARTESIAN_POINT('',(174.01722138317,0.731776490082));
#479 = CARTESIAN_POINT('',(181.58379159427,0.777634714528));
#480 = ( GEOMETRIC_REPRESENTATION_CONTEXT(2) 
PARAMETRIC_REPRESENTATION_CONTEXT() REPRESENTATION_CONTEXT('2D SPACE',''
  ) );
#481 = ORIENTED_EDGE('',*,*,#482,.T.);
#482 = EDGE_CURVE('',#374,#483,#485,.T.);
#483 = VERTEX_POINT('',#484);
#484 = CARTESIAN_POINT('',(62.096850568825,-2.84217094304E-14,
    -124.2338544734));
#485 = SURFACE_CURVE('',#486,(#505),.PCURVE_S1.);
#486 = B_SPLINE_CURVE_WITH_KNOTS('',9,(#487,#488,#489,#490,#491,#492,
    #493,#494,#495,#496,#497,#498,#499,#500,#501,#502,#503,#504),
  .UNSPECIFIED.,.F.,.F.,(10,8,10),(-11.18702234902,-0.773983346059,
    180.80980824821),.UNSPECIFIED.);
#487 = CARTESIAN_POINT('',(8.670147996959,112.73283752557,
    16.697123121535));
#488 = CARTESIAN_POINT('',(9.285099500003,112.04874598162,15.07498077837
    ));
#489 = CARTESIAN_POINT('',(9.899496660838,111.36527110551,
    13.454300700059));
#490 = CARTESIAN_POINT('',(10.513339479464,110.68241289725,
    11.835082886604));
#491 = CARTESIAN_POINT('',(11.12662795588,110.00017135684,
    10.217327338004));
#492 = CARTESIAN_POINT('',(11.739362090086,109.31854648427,
    8.601034054259));
#493 = CARTESIAN_POINT('',(12.351541882083,108.63753827954,6.98620303537
    ));
#494 = CARTESIAN_POINT('',(12.963167331871,107.95714674266,
    5.372834281335));
#495 = CARTESIAN_POINT('',(13.574238439449,107.27737187362,
    3.760927792155));
#496 = CARTESIAN_POINT('',(24.831017939071,94.75497355495,
    -25.93263110414));
#497 = CARTESIAN_POINT('',(34.146553153037,82.911860260977,
    -50.50550237124));
#498 = CARTESIAN_POINT('',(42.131441238173,71.068327096666,
    -71.56834229313));
#499 = CARTESIAN_POINT('',(48.785439836522,59.226380702456,
    -89.12051156875));
#500 = CARTESIAN_POINT('',(54.109396248466,47.381411629933,
    -103.1642452392));
#501 = CARTESIAN_POINT('',(58.101690218038,35.540141415539,
    -113.6952693318));
#502 = CARTESIAN_POINT('',(60.765231256942,23.695673184117,
    -120.7212586669));
#503 = CARTESIAN_POINT('',(62.096850568826,11.847778717567,
    -124.2338544734));
#504 = CARTESIAN_POINT('',(62.096850568825,-2.84217094304E-14,
    -124.2338544734));
#505 = PCURVE('',#401,#506);
#506 = DEFINITIONAL_REPRESENTATION('',(#507),#511);
#507 = LINE('',#508,#509);
#508 = CARTESIAN_POINT('',(181.58379159427,0.));
#509 = VECTOR('',#510,1.);
#510 = DIRECTION('',(0.,1.));
#511 = ( GEOMETRIC_REPRESENTATION_CONTEXT(2) 
PARAMETRIC_REPRESENTATION_CONTEXT() REPRESENTATION_CONTEXT('2D SPACE',''
  ) );
#512 = ORIENTED_EDGE('',*,*,#513,.F.);
#513 = EDGE_CURVE('',#514,#483,#516,.T.);
#514 = VERTEX_POINT('',#515);
#515 = CARTESIAN_POINT('',(62.096850568825,0.,-126.3607401211));
#516 = SURFACE_CURVE('',#517,(#521),.PCURVE_S1.);
#517 = ( BOUNDED_CURVE() B_SPLINE_CURVE(2,(#518,#519,#520),
.UNSPECIFIED.,.F.,.F.) B_SPLINE_CURVE_WITH_KNOTS((3,3),(0.,
181.58379159427),.PIECEWISE_BEZIER_KNOTS.) CURVE() 
GEOMETRIC_REPRESENTATION_ITEM() RATIONAL_B_SPLINE_CURVE((1.,
0.935063239715,1.)) REPRESENTATION_ITEM('') );
#518 = CARTESIAN_POINT('',(62.096850568825,0.,-126.3607401211));
#519 = CARTESIAN_POINT('',(62.5,6.394884621841E-14,-125.2972972972));
#520 = CARTESIAN_POINT('',(62.096850568825,-2.84217094304E-14,
    -124.2338544734));
#521 = PCURVE('',#401,#522);
#522 = DEFINITIONAL_REPRESENTATION('',(#523),#526);
#523 = B_SPLINE_CURVE_WITH_KNOTS('',1,(#524,#525),.UNSPECIFIED.,.F.,.F.,
  (2,2),(0.,181.58379159427),.PIECEWISE_BEZIER_KNOTS.);
#524 = CARTESIAN_POINT('',(0.,180.80980824821));
#525 = CARTESIAN_POINT('',(181.58379159427,180.80980824821));
#526 = ( GEOMETRIC_REPRESENTATION_CONTEXT(2) 
PARAMETRIC_REPRESENTATION_CONTEXT() REPRESENTATION_CONTEXT('2D SPACE',''
  ) );
#527 = ORIENTED_EDGE('',*,*,#528,.F.);
#528 = EDGE_CURVE('',#372,#514,#529,.T.);
#529 = SURFACE_CURVE('',#530,(#549),.PCURVE_S1.);
#530 = B_SPLINE_CURVE_WITH_KNOTS('',9,(#531,#532,#533,#534,#535,#536,
    #537,#538,#539,#540,#541,#542,#543,#544,#545,#546,#547,#548),
  .UNSPECIFIED.,.F.,.F.,(10,8,10),(-11.18702234902,-0.773983346059,
    180.80980824821),.UNSPECIFIED.);
#531 = CARTESIAN_POINT('',(6.032489596173,115.50779300307,
    14.494820132693));
#532 = CARTESIAN_POINT('',(6.660716738277,114.82664294623,
    12.884284562393));
#533 = CARTESIAN_POINT('',(7.288943880381,114.14549288939,
    11.273748992094));
#534 = CARTESIAN_POINT('',(7.917171022485,113.46434283255,9.663213421795
    ));
#535 = CARTESIAN_POINT('',(8.545398164589,112.78319277571,8.052677851496
    ));
#536 = CARTESIAN_POINT('',(9.173625306693,112.10204271887,6.442142281197
    ));
#537 = CARTESIAN_POINT('',(9.801852448797,111.42089266204,4.831606710897
    ));
#538 = CARTESIAN_POINT('',(10.430079590901,110.7397426052,3.221071140598
    ));
#539 = CARTESIAN_POINT('',(11.058306733004,110.05859254836,
    1.610535570299));
#540 = CARTESIAN_POINT('',(22.641632229508,97.499468162371,
    -28.08470757376));
#541 = CARTESIAN_POINT('',(32.296313558519,85.578890948681,
    -52.65906636373));
#542 = CARTESIAN_POINT('',(40.647272652498,73.603376019535,
    -73.72247038829));
#543 = CARTESIAN_POINT('',(47.686186209638,61.546602275188,
    -91.27652056122));
#544 = CARTESIAN_POINT('',(53.391210566248,49.408942616124,
    -105.3147412379));
#545 = CARTESIAN_POINT('',(57.735364376571,37.142096065978,
    -115.848999096));
#546 = CARTESIAN_POINT('',(60.642495511642,24.78669266475,
    -122.8560088522));
#547 = CARTESIAN_POINT('',(62.096850568826,12.393551175571,
    -126.3607401211));
#548 = CARTESIAN_POINT('',(62.096850568825,0.,-126.3607401211));
#549 = PCURVE('',#401,#550);
#550 = DEFINITIONAL_REPRESENTATION('',(#551),#555);
#551 = LINE('',#552,#553);
#552 = CARTESIAN_POINT('',(0.,0.));
#553 = VECTOR('',#554,1.);
#554 = DIRECTION('',(0.,1.));
#555 = ( GEOMETRIC_REPRESENTATION_CONTEXT(2) 
PARAMETRIC_REPRESENTATION_CONTEXT() REPRESENTATION_CONTEXT('2D SPACE',''
  ) );
#556 = ( GEOMETRIC_REPRESENTATION_CONTEXT(3) 
GLOBAL_UNCERTAINTY_ASSIGNED_CONTEXT((#560)) GLOBAL_UNIT_ASSIGNED_CONTEXT
((#557,#558,#559)) REPRESENTATION_CONTEXT('Context #1',
  '3D Context with UNIT and UNCERTAINTY') );
#557 = ( LENGTH_UNIT() NAMED_UNIT(*) SI_UNIT(.MILLI.,.METRE.) );
#558 = ( NAMED_UNIT(*) PLANE_ANGLE_UNIT() SI_UNIT($,.RADIAN.) );
#559 = ( NAMED_UNIT(*) SI_UNIT($,.STERADIAN.) SOLID_ANGLE_UNIT() );
#560 = UNCERTAINTY_MEASURE_WITH_UNIT(LENGTH_MEASURE(1.E-04),#557,
  'distance_accuracy_value','confusion accuracy');
#561 = CONTEXT_DEPENDENT_SHAPE_REPRESENTATION(#562,#564);
#562 = ( REPRESENTATION_RELATIONSHIP('','',#364,#10) 
REPRESENTATION_RELATIONSHIP_WITH_TRANSFORMATION(#563) 
SHAPE_REPRESENTATION_RELATIONSHIP() );
#563 = ITEM_DEFINED_TRANSFORMATION('','',#11,#19);
#564 = PRODUCT_DEFINITION_SHAPE('Placement','Placement of an item',#565
  );
#565 = NEXT_ASSEMBLY_USAGE_OCCURRENCE('2','','',#5,#359,$);
#566 = PRODUCT_RELATED_PRODUCT_CATEGORY('part',$,(#361));
#567 = SHAPE_DEFINITION_REPRESENTATION(#568,#574);
#568 = PRODUCT_DEFINITION_SHAPE('','',#569);
#569 = PRODUCT_DEFINITION('design','',#570,#573);
#570 = PRODUCT_DEFINITION_FORMATION('','',#571);
#571 = PRODUCT('Open CASCADE STEP translator 7.8 1.3',
  'Open CASCADE STEP translator 7.8 1.3','',(#572));
#572 = PRODUCT_CONTEXT('',#2,'mechanical');
#573 = PRODUCT_DEFINITION_CONTEXT('part definition',#2,'design');
#574 = MANIFOLD_SURFACE_SHAPE_REPRESENTATION('',(#11,#575),#885);
#575 = SHELL_BASED_SURFACE_MODEL('',(#576));
#576 = OPEN_SHELL('',(#577));
#577 = ADVANCED_FACE('',(#578),#611,.T.);
#578 = FACE_BOUND('',#579,.T.);
#579 = EDGE_LOOP('',(#580,#739,#786,#840));
#580 = ORIENTED_EDGE('',*,*,#581,.T.);
#581 = EDGE_CURVE('',#582,#584,#586,.T.);
#582 = VERTEX_POINT('',#583);
#583 = CARTESIAN_POINT('',(-11.6865338751,-109.3774424915,0.));
#584 = VERTEX_POINT('',#585);
#585 = CARTESIAN_POINT('',(-15.,-105.6874185199,0.));
#586 = SURFACE_CURVE('',#587,(#610),.PCURVE_S1.);
#587 = B_SPLINE_CURVE_WITH_KNOTS('',6,(#588,#589,#590,#591,#592,#593,
    #594,#595,#596,#597,#598,#599,#600,#601,#602,#603,#604,#605,#606,
    #607,#608,#609),.UNSPECIFIED.,.F.,.F.,(7,5,5,5,7),(0.,0.249996249286
    ,0.500000158506,0.750003950085,1.),.UNSPECIFIED.);
#588 = CARTESIAN_POINT('',(-11.6865338751,-109.3774424915,0.));
#589 = CARTESIAN_POINT('',(-11.87923586692,-109.3568530692,0.));
#590 = CARTESIAN_POINT('',(-12.07826627144,-109.3215967345,0.));
#591 = CARTESIAN_POINT('',(-12.2821198145,-109.2702370077,0.));
#592 = CARTESIAN_POINT('',(-12.48874457577,-109.2015964485,0.));
#593 = CARTESIAN_POINT('',(-12.69551255155,-109.1151110095,0.));
#594 = CARTESIAN_POINT('',(-13.10369764927,-108.9069383045,0.));
#595 = CARTESIAN_POINT('',(-13.30511387214,-108.7852494285,0.));
#596 = CARTESIAN_POINT('',(-13.50103347748,-108.646201095,0.));
#597 = CARTESIAN_POINT('',(-13.68842123767,-108.4908266176,0.));
#598 = CARTESIAN_POINT('',(-13.86448035214,-108.321085796,0.));
#599 = CARTESIAN_POINT('',(-14.18963120767,-107.9578175108,0.));
#600 = CARTESIAN_POINT('',(-14.33872225008,-107.7642909477,0.));
#601 = CARTESIAN_POINT('',(-14.47216873869,-107.5613412148,0.));
#602 = CARTESIAN_POINT('',(-14.58842841572,-107.3519807773,0.));
#603 = CARTESIAN_POINT('',(-14.6869012012,-107.1392962347,0.));
#604 = CARTESIAN_POINT('',(-14.84852923067,-106.7128098266,0.));
#605 = CARTESIAN_POINT('',(-14.91168623034,-106.4990085522,0.));
#606 = CARTESIAN_POINT('',(-14.95731438414,-106.2874130192,0.));
#607 = CARTESIAN_POINT('',(-14.98629199021,-106.0804840049,0.));
#608 = CARTESIAN_POINT('',(-15.,-105.8800567242,0.));
#609 = CARTESIAN_POINT('',(-15.,-105.6874186599,0.));
#610 = PCURVE('',#611,#714);
#611 = ( BOUNDED_SURFACE() B_SPLINE_SURFACE(2,9,(
    (#612,#613,#614,#615,#616,#617,#618,#619,#620,#621,#622,#623,#624
      ,#625,#626,#627,#628,#629,#630,#631,#632,#633,#634,#635,#636,#637
      ,#638,#639,#640,#641,#642,#643,#644,#645)
    ,(#646,#647,#648,#649,#650,#651,#652,#653,#654,#655,#656,#657,#658
      ,#659,#660,#661,#662,#663,#664,#665,#666,#667,#668,#669,#670,#671
      ,#672,#673,#674,#675,#676,#677,#678,#679)
    ,(#680,#681,#682,#683,#684,#685,#686,#687,#688,#689,#690,#691,#692
      ,#693,#694,#695,#696,#697,#698,#699,#700,#701,#702,#703,#704,#705
      ,#706,#707,#708,#709,#710,#711,#712,#713
)),.UNSPECIFIED.,.F.,.F.,.F.) B_SPLINE_SURFACE_WITH_KNOTS((3,3),(10,8,8,
    8,10),(0.,362.77299424188),(-11.16033993943,-0.773142397452,
    180.61335472349,361.99985184443,372.38704938641),.UNSPECIFIED.) 
GEOMETRIC_REPRESENTATION_ITEM() RATIONAL_B_SPLINE_SURFACE((
    (1.,1.,1.,1.,1.,1.,1.,1.,1.,1.,1.,1.,1.,1.,1.,1.,1.,1.,1.,1.,1.,1.
      ,1.,1.,1.,1.,1.,1.,1.,1.,1.,1.,1.,1.)
    ,(0.695425484934,0.693447695966,0.69196435424,0.690975459756
      ,0.690481012514,0.690481012514,0.690975459756,0.69196435424
      ,0.693447695966,0.729962636222,0.765971148593,0.80282418586
      ,0.839401147107,0.873909433655,0.90367630541,0.924588563947
      ,0.935063239715,0.935063239715,0.924588563947,0.90367630541
      ,0.873909433655,0.839401147107,0.80282418586,0.765971148593
      ,0.729962636222,0.693447695966,0.69196435424,0.690975459756
      ,0.690481012514,0.690481012514,0.690975459756,0.69196435424
      ,0.693447695966,0.695425484934)
    ,(1.,1.,1.,1.,1.,1.,1.,1.,1.,1.,1.,1.,1.,1.,1.,1.,1.,1.,1.,1.,1.,1.
,1.,1.,1.,1.,1.,1.,1.,1.,1.,1.,1.,1.
  ))) REPRESENTATION_ITEM('') SURFACE() );
#612 = CARTESIAN_POINT('',(-6.040386270165,-115.4992310999,
    14.474576062517));
#613 = CARTESIAN_POINT('',(-6.667736004048,-114.8190323656,
    12.866289833349));
#614 = CARTESIAN_POINT('',(-7.29508573793,-114.1388336314,11.25800360418
    ));
#615 = CARTESIAN_POINT('',(-7.922435471813,-113.4586348971,
    9.649717375012));
#616 = CARTESIAN_POINT('',(-8.549785205695,-112.7784361628,
    8.041431145843));
#617 = CARTESIAN_POINT('',(-9.177134939578,-112.0982374285,
    6.433144916674));
#618 = CARTESIAN_POINT('',(-9.80448467346,-111.4180386943,4.824858687506
    ));
#619 = CARTESIAN_POINT('',(-10.43183440734,-110.73783996,3.216572458337)
  );
#620 = CARTESIAN_POINT('',(-11.05918414122,-110.0576412257,
    1.608286229169));
#621 = CARTESIAN_POINT('',(-22.64163222948,-97.4994681624,-28.0847075737
    ));
#622 = CARTESIAN_POINT('',(-32.2963135586,-85.57889094857,
    -52.65906636396));
#623 = CARTESIAN_POINT('',(-40.64727265233,-73.60337601974,
    -73.72247038786));
#624 = CARTESIAN_POINT('',(-47.68618620983,-61.54660227494,
    -91.27652056173));
#625 = CARTESIAN_POINT('',(-53.3912105661,-49.40894261631,
    -105.3147412375));
#626 = CARTESIAN_POINT('',(-57.73536437663,-37.14209606589,
    -115.8489990961));
#627 = CARTESIAN_POINT('',(-60.64249551163,-24.78669266477,
    -122.8560088522));
#628 = CARTESIAN_POINT('',(-62.09685056882,-12.39355117557,
    -126.3607401211));
#629 = CARTESIAN_POINT('',(-62.09685056882,12.39355117557,
    -126.3607401211));
#630 = CARTESIAN_POINT('',(-60.64249551163,24.786692664774,
    -122.8560088522));
#631 = CARTESIAN_POINT('',(-57.73536437663,37.142096065886,
    -115.8489990961));
#632 = CARTESIAN_POINT('',(-53.3912105661,49.408942616317,
    -105.3147412375));
#633 = CARTESIAN_POINT('',(-47.68618620983,61.546602274935,
    -91.27652056173));
#634 = CARTESIAN_POINT('',(-40.64727265233,73.603376019748,
    -73.72247038786));
#635 = CARTESIAN_POINT('',(-32.2963135586,85.57889094857,-52.65906636396
    ));
#636 = CARTESIAN_POINT('',(-22.64163222948,97.499468162401,
    -28.0847075737));
#637 = CARTESIAN_POINT('',(-11.05918414122,110.05764122579,
    1.608286229169));
#638 = CARTESIAN_POINT('',(-10.43183440734,110.73783996005,
    3.216572458337));
#639 = CARTESIAN_POINT('',(-9.80448467346,111.41803869432,4.824858687506
    ));
#640 = CARTESIAN_POINT('',(-9.177134939578,112.09823742859,
    6.433144916674));
#641 = CARTESIAN_POINT('',(-8.549785205695,112.77843616286,
    8.041431145843));
#642 = CARTESIAN_POINT('',(-7.922435471813,113.45863489713,
    9.649717375012));
#643 = CARTESIAN_POINT('',(-7.29508573793,114.1388336314,11.25800360418)
  );
#644 = CARTESIAN_POINT('',(-6.667736004048,114.81903236567,
    12.866289833349));
#645 = CARTESIAN_POINT('',(-6.040386270165,115.49923109994,
    14.474576062517));
#646 = CARTESIAN_POINT('',(-9.110536214317,-115.7408456584,
    15.535450418449));
#647 = CARTESIAN_POINT('',(-9.706227506342,-115.0601824419,
    13.964113388676));
#648 = CARTESIAN_POINT('',(-10.30839902059,-114.3721146369,
    12.375682583526));
#649 = CARTESIAN_POINT('',(-10.91579978791,-113.678071656,
    10.773457856748));
#650 = CARTESIAN_POINT('',(-11.52714741336,-112.9795188205,
    9.160821958266));
#651 = CARTESIAN_POINT('',(-12.14113703425,-112.2779471241,
    7.541216904224));
#652 = CARTESIAN_POINT('',(-12.75645057713,-111.5748626559,
    5.918119558702));
#653 = CARTESIAN_POINT('',(-13.37176617608,-110.8717758384,
    4.295016789577));
#654 = CARTESIAN_POINT('',(-13.98576761157,-110.1701906421,
    2.675380570537));
#655 = CARTESIAN_POINT('',(-24.73942305461,-97.88258832036,
    -25.69101865216));
#656 = CARTESIAN_POINT('',(-33.79976242024,-86.14855329636,
    -49.59072465447));
#657 = CARTESIAN_POINT('',(-41.75063995629,-74.24389522869,
    -70.56385026308));
#658 = CARTESIAN_POINT('',(-48.54523628954,-62.1205464901,
    -88.48689356377));
#659 = CARTESIAN_POINT('',(-54.11901535472,-49.80176202524,
    -103.1896188816));
#660 = CARTESIAN_POINT('',(-58.37337626067,-37.20847124326,
    -114.4119330551));
#661 = CARTESIAN_POINT('',(-61.15481362441,-24.59478258907,
    -121.7489137768));
#662 = CARTESIAN_POINT('',(-62.5,-12.1598829457,-125.2972972972));
#663 = CARTESIAN_POINT('',(-62.5,12.159882945709,-125.2972972972));
#664 = CARTESIAN_POINT('',(-61.15481362441,24.594782589071,
    -121.7489137768));
#665 = CARTESIAN_POINT('',(-58.37337626067,37.208471243262,
    -114.4119330551));
#666 = CARTESIAN_POINT('',(-54.11901535472,49.80176202525,
    -103.1896188816));
#667 = CARTESIAN_POINT('',(-48.54523628954,62.120546490108,
    -88.48689356377));
#668 = CARTESIAN_POINT('',(-41.75063995629,74.2438952287,-70.56385026307
    ));
#669 = CARTESIAN_POINT('',(-33.79976242024,86.148553296368,
    -49.59072465447));
#670 = CARTESIAN_POINT('',(-24.73942305461,97.882588320366,
    -25.69101865216));
#671 = CARTESIAN_POINT('',(-13.98576761157,110.17019064219,
    2.675380570537));
#672 = CARTESIAN_POINT('',(-13.37176617608,110.87177583845,
    4.295016789577));
#673 = CARTESIAN_POINT('',(-12.75645057713,111.57486265598,
    5.918119558702));
#674 = CARTESIAN_POINT('',(-12.14113703425,112.27794712415,
    7.541216904224));
#675 = CARTESIAN_POINT('',(-11.52714741336,112.97951882052,
    9.160821958266));
#676 = CARTESIAN_POINT('',(-10.91579978791,113.67807165604,
    10.773457856748));
#677 = CARTESIAN_POINT('',(-10.30839902059,114.3721146369,
    12.375682583526));
#678 = CARTESIAN_POINT('',(-9.706227506342,115.06018244192,
    13.964113388676));
#679 = CARTESIAN_POINT('',(-9.110536214317,115.74084565842,
    15.535450418449));
#680 = CARTESIAN_POINT('',(-8.677849927321,-112.7242696541,
    16.676806678201));
#681 = CARTESIAN_POINT('',(-9.291942563445,-112.0411335409,
    15.056929886696));
#682 = CARTESIAN_POINT('',(-9.905481631579,-111.3586132343,
    13.438513317779));
#683 = CARTESIAN_POINT('',(-10.51846713172,-110.6767087343,
    11.821556971451));
#684 = CARTESIAN_POINT('',(-11.13089906388,-109.9954200409,
    10.206060847711));
#685 = CARTESIAN_POINT('',(-11.74277742804,-109.314747154,8.59202494656)
  );
#686 = CARTESIAN_POINT('',(-12.35410222422,-108.6346900737,
    6.979449267996));
#687 = CARTESIAN_POINT('',(-12.96487345241,-107.9552488001,
    5.368333812022));
#688 = CARTESIAN_POINT('',(-13.5750911126,-107.2764233329,3.758678578635
    ));
#689 = CARTESIAN_POINT('',(-24.83101793922,-94.75497355478,
    -25.93263110454));
#690 = CARTESIAN_POINT('',(-34.14655315247,-82.91186026159,
    -50.50550236978));
#691 = CARTESIAN_POINT('',(-42.13144123924,-71.06832709548,
    -71.56834229594));
#692 = CARTESIAN_POINT('',(-48.78543983525,-59.22638070385,
    -89.12051156543));
#693 = CARTESIAN_POINT('',(-54.10939624941,-47.38141162889,
    -103.1642452416));
#694 = CARTESIAN_POINT('',(-58.1016902176,-35.540141416,-113.6952693307)
  );
#695 = CARTESIAN_POINT('',(-60.76523125703,-23.69567318402,
    -120.7212586672));
#696 = CARTESIAN_POINT('',(-62.09685056882,-11.84777871756,
    -124.2338544734));
#697 = CARTESIAN_POINT('',(-62.09685056882,11.847778717565,
    -124.2338544734));
#698 = CARTESIAN_POINT('',(-60.76523125703,23.69567318402,
    -120.7212586672));
#699 = CARTESIAN_POINT('',(-58.1016902176,35.540141416006,
    -113.6952693307));
#700 = CARTESIAN_POINT('',(-54.10939624941,47.381411628885,
    -103.1642452417));
#701 = CARTESIAN_POINT('',(-48.78543983525,59.226380703862,
    -89.12051156543));
#702 = CARTESIAN_POINT('',(-42.13144123924,71.068327095474,
    -71.56834229594));
#703 = CARTESIAN_POINT('',(-34.14655315248,82.9118602616,-50.50550236978
    ));
#704 = CARTESIAN_POINT('',(-24.83101793922,94.754973554781,
    -25.93263110454));
#705 = CARTESIAN_POINT('',(-13.5750911126,107.27642333298,3.758678578635
    ));
#706 = CARTESIAN_POINT('',(-12.96487345241,107.9552488001,5.368333812022
    ));
#707 = CARTESIAN_POINT('',(-12.35410222422,108.63469007379,
    6.979449267996));
#708 = CARTESIAN_POINT('',(-11.74277742804,109.31474715407,8.59202494656
    ));
#709 = CARTESIAN_POINT('',(-11.13089906388,109.99542004092,
    10.206060847711));
#710 = CARTESIAN_POINT('',(-10.51846713172,110.67670873435,
    11.821556971451));
#711 = CARTESIAN_POINT('',(-9.90548163158,111.35861323436,
    13.438513317779));
#712 = CARTESIAN_POINT('',(-9.291942563445,112.04113354094,
    15.056929886696));
#713 = CARTESIAN_POINT('',(-8.677849927321,112.72426965411,
    16.676806678201));
#714 = DEFINITIONAL_REPRESENTATION('',(#715),#738);
#715 = B_SPLINE_CURVE_WITH_KNOTS('',6,(#716,#717,#718,#719,#720,#721,
    #722,#723,#724,#725,#726,#727,#728,#729,#730,#731,#732,#733,#734,
    #735,#736,#737),.UNSPECIFIED.,.F.,.F.,(7,5,5,5,7),(0.,0.249996249286
    ,0.500000158506,0.750003950085,1.),.UNSPECIFIED.);
#716 = CARTESIAN_POINT('',(0.,-0.773142397452));
#717 = CARTESIAN_POINT('',(15.115833311286,-0.728948955214));
#718 = CARTESIAN_POINT('',(30.231553676172,-0.680027706306));
#719 = CARTESIAN_POINT('',(45.347152489161,-0.626343652104));
#720 = CARTESIAN_POINT('',(60.462628450653,-0.568031428116));
#721 = CARTESIAN_POINT('',(75.577989781269,-0.505484116416));
#722 = CARTESIAN_POINT('',(105.80897228887,-0.373162777612));
#723 = CARTESIAN_POINT('',(120.92459526045,-0.303388545624));
#724 = CARTESIAN_POINT('',(136.04013141501,-0.230622661329));
#725 = CARTESIAN_POINT('',(151.15560604525,-0.155716186537));
#726 = CARTESIAN_POINT('',(166.27105183031,-7.969279892887E-02));
#727 = CARTESIAN_POINT('',(196.501938237,7.2550001397E-02));
#728 = CARTESIAN_POINT('',(211.61738009746,0.148769063647));
#729 = CARTESIAN_POINT('',(226.73285408197,0.224066811635));
#730 = CARTESIAN_POINT('',(241.8483923492,0.297417259708));
#731 = CARTESIAN_POINT('',(256.96401911741,0.367963067083));
#732 = CARTESIAN_POINT('',(287.19500608013,0.502174371876));
#733 = CARTESIAN_POINT('',(302.31036799592,0.56584007673));
#734 = CARTESIAN_POINT('',(317.4258447214,0.62543072095));
#735 = CARTESIAN_POINT('',(332.54144362301,0.680532899028));
#736 = CARTESIAN_POINT('',(347.65716297833,0.730984026427));
#737 = CARTESIAN_POINT('',(362.77299424188,0.776789798621));
#738 = ( GEOMETRIC_REPRESENTATION_CONTEXT(2) 
PARAMETRIC_REPRESENTATION_CONTEXT() REPRESENTATION_CONTEXT('2D SPACE',''
  ) );
#739 = ORIENTED_EDGE('',*,*,#740,.T.);
#740 = EDGE_CURVE('',#584,#741,#743,.T.);
#741 = VERTEX_POINT('',#742);
#742 = CARTESIAN_POINT('',(-15.,105.68741851997,0.));
#743 = SURFACE_CURVE('',#744,(#779),.PCURVE_S1.);
#744 = B_SPLINE_CURVE_WITH_KNOTS('',9,(#745,#746,#747,#748,#749,#750,
    #751,#752,#753,#754,#755,#756,#757,#758,#759,#760,#761,#762,#763,
    #764,#765,#766,#767,#768,#769,#770,#771,#772,#773,#774,#775,#776,
    #777,#778),.UNSPECIFIED.,.F.,.F.,(10,8,8,8,10),(-11.16033993943,
    -0.773142397452,180.61335472349,361.99985184443,372.38704938641),
  .UNSPECIFIED.);
#745 = CARTESIAN_POINT('',(-8.677849927321,-112.7242696541,
    16.676806678201));
#746 = CARTESIAN_POINT('',(-9.291942563445,-112.0411335409,
    15.056929886696));
#747 = CARTESIAN_POINT('',(-9.905481631579,-111.3586132343,
    13.438513317779));
#748 = CARTESIAN_POINT('',(-10.51846713172,-110.6767087343,
    11.821556971451));
#749 = CARTESIAN_POINT('',(-11.13089906388,-109.9954200409,
    10.206060847711));
#750 = CARTESIAN_POINT('',(-11.74277742804,-109.314747154,8.59202494656)
  );
#751 = CARTESIAN_POINT('',(-12.35410222422,-108.6346900737,
    6.979449267996));
#752 = CARTESIAN_POINT('',(-12.96487345241,-107.9552488001,
    5.368333812022));
#753 = CARTESIAN_POINT('',(-13.5750911126,-107.2764233329,3.758678578635
    ));
#754 = CARTESIAN_POINT('',(-24.83101793922,-94.75497355478,
    -25.93263110454));
#755 = CARTESIAN_POINT('',(-34.14655315247,-82.91186026159,
    -50.50550236978));
#756 = CARTESIAN_POINT('',(-42.13144123924,-71.06832709548,
    -71.56834229594));
#757 = CARTESIAN_POINT('',(-48.78543983525,-59.22638070385,
    -89.12051156543));
#758 = CARTESIAN_POINT('',(-54.10939624941,-47.38141162889,
    -103.1642452416));
#759 = CARTESIAN_POINT('',(-58.1016902176,-35.540141416,-113.6952693307)
  );
#760 = CARTESIAN_POINT('',(-60.76523125703,-23.69567318402,
    -120.7212586672));
#761 = CARTESIAN_POINT('',(-62.09685056882,-11.84777871756,
    -124.2338544734));
#762 = CARTESIAN_POINT('',(-62.09685056882,11.847778717565,
    -124.2338544734));
#763 = CARTESIAN_POINT('',(-60.76523125703,23.69567318402,
    -120.7212586672));
#764 = CARTESIAN_POINT('',(-58.1016902176,35.540141416006,
    -113.6952693307));
#765 = CARTESIAN_POINT('',(-54.10939624941,47.381411628885,
    -103.1642452417));
#766 = CARTESIAN_POINT('',(-48.78543983525,59.226380703862,
    -89.12051156543));
#767 = CARTESIAN_POINT('',(-42.13144123924,71.068327095474,
    -71.56834229594));
#768 = CARTESIAN_POINT('',(-34.14655315248,82.9118602616,-50.50550236978
    ));
#769 = CARTESIAN_POINT('',(-24.83101793922,94.754973554781,
    -25.93263110454));
#770 = CARTESIAN_POINT('',(-13.5750911126,107.27642333298,3.758678578635
    ));
#771 = CARTESIAN_POINT('',(-12.96487345241,107.9552488001,5.368333812022
    ));
#772 = CARTESIAN_POINT('',(-12.35410222422,108.63469007379,
    6.979449267996));
#773 = CARTESIAN_POINT('',(-11.74277742804,109.31474715407,8.59202494656
    ));
#774 = CARTESIAN_POINT('',(-11.13089906388,109.99542004092,
    10.206060847711));
#775 = CARTESIAN_POINT('',(-10.51846713172,110.67670873435,
    11.821556971451));
#776 = CARTESIAN_POINT('',(-9.90548163158,111.35861323436,
    13.438513317779));
#777 = CARTESIAN_POINT('',(-9.291942563445,112.04113354094,
    15.056929886696));
#778 = CARTESIAN_POINT('',(-8.677849927321,112.72426965411,
    16.676806678201));
#779 = PCURVE('',#611,#780);
#780 = DEFINITIONAL_REPRESENTATION('',(#781),#785);
#781 = LINE('',#782,#783);
#782 = CARTESIAN_POINT('',(362.77299424188,0.));
#783 = VECTOR('',#784,1.);
#784 = DIRECTION('',(0.,1.));
#785 = ( GEOMETRIC_REPRESENTATION_CONTEXT(2) 
PARAMETRIC_REPRESENTATION_CONTEXT() REPRESENTATION_CONTEXT('2D SPACE',''
  ) );
#786 = ORIENTED_EDGE('',*,*,#787,.F.);
#787 = EDGE_CURVE('',#788,#741,#790,.T.);
#788 = VERTEX_POINT('',#789);
#789 = CARTESIAN_POINT('',(-11.6865338751,109.37744249152,0.));
#790 = SURFACE_CURVE('',#791,(#814),.PCURVE_S1.);
#791 = B_SPLINE_CURVE_WITH_KNOTS('',6,(#792,#793,#794,#795,#796,#797,
    #798,#799,#800,#801,#802,#803,#804,#805,#806,#807,#808,#809,#810,
    #811,#812,#813),.UNSPECIFIED.,.F.,.F.,(7,5,5,5,7),(0.,0.249996249286
    ,0.500000158506,0.750003950086,1.),.UNSPECIFIED.);
#792 = CARTESIAN_POINT('',(-11.6865338751,109.37744249152,0.));
#793 = CARTESIAN_POINT('',(-11.87923586692,109.3568530692,0.));
#794 = CARTESIAN_POINT('',(-12.07826627144,109.32159673452,0.));
#795 = CARTESIAN_POINT('',(-12.2821198145,109.27023700778,0.));
#796 = CARTESIAN_POINT('',(-12.48874457577,109.20159644852,0.));
#797 = CARTESIAN_POINT('',(-12.69551255155,109.11511100954,0.));
#798 = CARTESIAN_POINT('',(-13.10369764927,108.90693830458,0.));
#799 = CARTESIAN_POINT('',(-13.30511387214,108.78524942858,0.));
#800 = CARTESIAN_POINT('',(-13.50103347748,108.646201095,0.));
#801 = CARTESIAN_POINT('',(-13.68842123767,108.49082661764,0.));
#802 = CARTESIAN_POINT('',(-13.86448035214,108.32108579602,0.));
#803 = CARTESIAN_POINT('',(-14.18963120767,107.95781751086,0.));
#804 = CARTESIAN_POINT('',(-14.33872225008,107.76429094776,0.));
#805 = CARTESIAN_POINT('',(-14.47216873869,107.56134121485,0.));
#806 = CARTESIAN_POINT('',(-14.58842841572,107.35198077732,0.));
#807 = CARTESIAN_POINT('',(-14.6869012012,107.13929623478,0.));
#808 = CARTESIAN_POINT('',(-14.84852923067,106.71280982663,0.));
#809 = CARTESIAN_POINT('',(-14.91168623034,106.4990085522,0.));
#810 = CARTESIAN_POINT('',(-14.95731438414,106.28741301922,0.));
#811 = CARTESIAN_POINT('',(-14.98629199021,106.08048400492,0.));
#812 = CARTESIAN_POINT('',(-15.,105.88005672423,0.));
#813 = CARTESIAN_POINT('',(-15.,105.68741865998,0.));
#814 = PCURVE('',#611,#815);
#815 = DEFINITIONAL_REPRESENTATION('',(#816),#839);
#816 = B_SPLINE_CURVE_WITH_KNOTS('',6,(#817,#818,#819,#820,#821,#822,
    #823,#824,#825,#826,#827,#828,#829,#830,#831,#832,#833,#834,#835,
    #836,#837,#838),.UNSPECIFIED.,.F.,.F.,(7,5,5,5,7),(0.,0.249996249286
    ,0.500000158506,0.750003950086,1.),.UNSPECIFIED.);
#817 = CARTESIAN_POINT('',(0.,361.99985184443));
#818 = CARTESIAN_POINT('',(15.115833311286,361.95565840219));
#819 = CARTESIAN_POINT('',(30.231553676169,361.90673715329));
#820 = CARTESIAN_POINT('',(45.347152489167,361.85305309908));
#821 = CARTESIAN_POINT('',(60.462628450647,361.7947408751));
#822 = CARTESIAN_POINT('',(75.57798978127,361.7321935634));
#823 = CARTESIAN_POINT('',(105.80897228886,361.59987222459));
#824 = CARTESIAN_POINT('',(120.92459526049,361.5300979926));
#825 = CARTESIAN_POINT('',(136.04013141495,361.45733210831));
#826 = CARTESIAN_POINT('',(151.15560604529,361.38242563352));
#827 = CARTESIAN_POINT('',(166.2710518303,361.30640224591));
#828 = CARTESIAN_POINT('',(196.50193823699,361.15415944558));
#829 = CARTESIAN_POINT('',(211.6173800975,361.07794038333));
#830 = CARTESIAN_POINT('',(226.73285408193,361.00264263534));
#831 = CARTESIAN_POINT('',(241.84839234924,360.92929218727));
#832 = CARTESIAN_POINT('',(256.9640191174,360.8587463799));
#833 = CARTESIAN_POINT('',(287.19500608015,360.7245350751));
#834 = CARTESIAN_POINT('',(302.31036799589,360.66086937025));
#835 = CARTESIAN_POINT('',(317.42584472144,360.60127872603));
#836 = CARTESIAN_POINT('',(332.54144362298,360.54617654795));
#837 = CARTESIAN_POINT('',(347.65716297835,360.49572542055));
#838 = CARTESIAN_POINT('',(362.77299424188,360.44991964836));
#839 = ( GEOMETRIC_REPRESENTATION_CONTEXT(2) 
PARAMETRIC_REPRESENTATION_CONTEXT() REPRESENTATION_CONTEXT('2D SPACE',''
  ) );
#840 = ORIENTED_EDGE('',*,*,#841,.F.);
#841 = EDGE_CURVE('',#582,#788,#842,.T.);
#842 = SURFACE_CURVE('',#843,(#878),.PCURVE_S1.);
#843 = B_SPLINE_CURVE_WITH_KNOTS('',9,(#844,#845,#846,#847,#848,#849,
    #850,#851,#852,#853,#854,#855,#856,#857,#858,#859,#860,#861,#862,
    #863,#864,#865,#866,#867,#868,#869,#870,#871,#872,#873,#874,#875,
    #876,#877),.UNSPECIFIED.,.F.,.F.,(10,8,8,8,10),(-11.16033993943,
    -0.773142397452,180.61335472349,361.99985184443,372.38704938641),
  .UNSPECIFIED.);
#844 = CARTESIAN_POINT('',(-6.040386270165,-115.4992310999,
    14.474576062517));
#845 = CARTESIAN_POINT('',(-6.667736004048,-114.8190323656,
    12.866289833349));
#846 = CARTESIAN_POINT('',(-7.29508573793,-114.1388336314,11.25800360418
    ));
#847 = CARTESIAN_POINT('',(-7.922435471813,-113.4586348971,
    9.649717375012));
#848 = CARTESIAN_POINT('',(-8.549785205695,-112.7784361628,
    8.041431145843));
#849 = CARTESIAN_POINT('',(-9.177134939578,-112.0982374285,
    6.433144916674));
#850 = CARTESIAN_POINT('',(-9.80448467346,-111.4180386943,4.824858687506
    ));
#851 = CARTESIAN_POINT('',(-10.43183440734,-110.73783996,3.216572458337)
  );
#852 = CARTESIAN_POINT('',(-11.05918414122,-110.0576412257,
    1.608286229169));
#853 = CARTESIAN_POINT('',(-22.64163222948,-97.4994681624,-28.0847075737
    ));
#854 = CARTESIAN_POINT('',(-32.2963135586,-85.57889094857,
    -52.65906636396));
#855 = CARTESIAN_POINT('',(-40.64727265233,-73.60337601974,
    -73.72247038786));
#856 = CARTESIAN_POINT('',(-47.68618620983,-61.54660227494,
    -91.27652056173));
#857 = CARTESIAN_POINT('',(-53.3912105661,-49.40894261631,
    -105.3147412375));
#858 = CARTESIAN_POINT('',(-57.73536437663,-37.14209606589,
    -115.8489990961));
#859 = CARTESIAN_POINT('',(-60.64249551163,-24.78669266477,
    -122.8560088522));
#860 = CARTESIAN_POINT('',(-62.09685056882,-12.39355117557,
    -126.3607401211));
#861 = CARTESIAN_POINT('',(-62.09685056882,12.39355117557,
    -126.3607401211));
#862 = CARTESIAN_POINT('',(-60.64249551163,24.786692664774,
    -122.8560088522));
#863 = CARTESIAN_POINT('',(-57.73536437663,37.142096065886,
    -115.8489990961));
#864 = CARTESIAN_POINT('',(-53.3912105661,49.408942616317,
    -105.3147412375));
#865 = CARTESIAN_POINT('',(-47.68618620983,61.546602274935,
    -91.27652056173));
#866 = CARTESIAN_POINT('',(-40.64727265233,73.603376019748,
    -73.72247038786));
#867 = CARTESIAN_POINT('',(-32.2963135586,85.57889094857,-52.65906636396
    ));
#868 = CARTESIAN_POINT('',(-22.64163222948,97.499468162401,
    -28.0847075737));
#869 = CARTESIAN_POINT('',(-11.05918414122,110.05764122579,
    1.608286229169));
#870 = CARTESIAN_POINT('',(-10.43183440734,110.73783996005,
    3.216572458337));
#871 = CARTESIAN_POINT('',(-9.80448467346,111.41803869432,4.824858687506
    ));
#872 = CARTESIAN_POINT('',(-9.177134939578,112.09823742859,
    6.433144916674));
#873 = CARTESIAN_POINT('',(-8.549785205695,112.77843616286,
    8.041431145843));
#874 = CARTESIAN_POINT('',(-7.922435471813,113.45863489713,
    9.649717375012));
#875 = CARTESIAN_POINT('',(-7.29508573793,114.1388336314,11.25800360418)
  );
#876 = CARTESIAN_POINT('',(-6.667736004048,114.81903236567,
    12.866289833349));
#877 = CARTESIAN_POINT('',(-6.040386270165,115.49923109994,
    14.474576062517));
#878 = PCURVE('',#611,#879);
#879 = DEFINITIONAL_REPRESENTATION('',(#880),#884);
#880 = LINE('',#881,#882);
#881 = CARTESIAN_POINT('',(0.,0.));
#882 = VECTOR('',#883,1.);
#883 = DIRECTION('',(0.,1.));
#884 = ( GEOMETRIC_REPRESENTATION_CONTEXT(2) 
PARAMETRIC_REPRESENTATION_CONTEXT() REPRESENTATION_CONTEXT('2D SPACE',''
  ) );
#885 = ( GEOMETRIC_REPRESENTATION_CONTEXT(3) 
GLOBAL_UNCERTAINTY_ASSIGNED_CONTEXT((#889)) GLOBAL_UNIT_ASSIGNED_CONTEXT
((#886,#887,#888)) REPRESENTATION_CONTEXT('Context #1',
  '3D Context with UNIT and UNCERTAINTY') );
#886 = ( LENGTH_UNIT() NAMED_UNIT(*) SI_UNIT(.MILLI.,.METRE.) );
#887 = ( NAMED_UNIT(*) PLANE_ANGLE_UNIT() SI_UNIT($,.RADIAN.) );
#888 = ( NAMED_UNIT(*) SI_UNIT($,.STERADIAN.) SOLID_ANGLE_UNIT() );
#889 = UNCERTAINTY_MEASURE_WITH_UNIT(LENGTH_MEASURE(1.E-04),#886,
  'distance_accuracy_value','confusion accuracy');
#890 = CONTEXT_DEPENDENT_SHAPE_REPRESENTATION(#891,#893);
#891 = ( REPRESENTATION_RELATIONSHIP('','',#574,#10) 
REPRESENTATION_RELATIONSHIP_WITH_TRANSFORMATION(#892) 
SHAPE_REPRESENTATION_RELATIONSHIP() );
#892 = ITEM_DEFINED_TRANSFORMATION('','',#11,#23);
#893 = PRODUCT_DEFINITION_SHAPE('Placement','Placement of an item',#894
  );
#894 = NEXT_ASSEMBLY_USAGE_OCCURRENCE('3','','',#5,#569,$);
#895 = PRODUCT_RELATED_PRODUCT_CATEGORY('part',$,(#571));
#896 = SHAPE_DEFINITION_REPRESENTATION(#897,#903);
#897 = PRODUCT_DEFINITION_SHAPE('','',#898);
#898 = PRODUCT_DEFINITION('design','',#899,#902);
#899 = PRODUCT_DEFINITION_FORMATION('','',#900);
#900 = PRODUCT('Open CASCADE STEP translator 7.8 1.4',
  'Open CASCADE STEP translator 7.8 1.4','',(#901));
#901 = PRODUCT_CONTEXT('',#2,'mechanical');
#902 = PRODUCT_DEFINITION_CONTEXT('part definition',#2,'design');
#903 = MANIFOLD_SURFACE_SHAPE_REPRESENTATION('',(#11,#904),#931);
#904 = SHELL_BASED_SURFACE_MODEL('',(#905));
#905 = OPEN_SHELL('',(#906));
#906 = ADVANCED_FACE('',(#907),#920,.F.);
#907 = FACE_BOUND('',#908,.T.);
#908 = EDGE_LOOP('',(#909));
#909 = ORIENTED_EDGE('',*,*,#910,.F.);
#910 = EDGE_CURVE('',#911,#911,#913,.T.);
#911 = VERTEX_POINT('',#912);
#912 = CARTESIAN_POINT('',(17.5,-4.286122238378E-15,-244.));
#913 = SURFACE_CURVE('',#914,(#919),.PCURVE_S1.);
#914 = CIRCLE('',#915,17.5);
#915 = AXIS2_PLACEMENT_3D('',#916,#917,#918);
#916 = CARTESIAN_POINT('',(0.,0.,-244.));
#917 = DIRECTION('',(0.,0.,1.));
#918 = DIRECTION('',(1.,0.,-0.));
#919 = PCURVE('',#920,#925);
#920 = PLANE('',#921);
#921 = AXIS2_PLACEMENT_3D('',#922,#923,#924);
#922 = CARTESIAN_POINT('',(0.,0.,-244.));
#923 = DIRECTION('',(0.,0.,1.));
#924 = DIRECTION('',(1.,0.,-0.));
#925 = DEFINITIONAL_REPRESENTATION('',(#926),#930);
#926 = CIRCLE('',#927,17.5);
#927 = AXIS2_PLACEMENT_2D('',#928,#929);
#928 = CARTESIAN_POINT('',(0.,0.));
#929 = DIRECTION('',(1.,0.));
#930 = ( GEOMETRIC_REPRESENTATION_CONTEXT(2) 
PARAMETRIC_REPRESENTATION_CONTEXT() REPRESENTATION_CONTEXT('2D SPACE',''
  ) );
#931 = ( GEOMETRIC_REPRESENTATION_CONTEXT(3) 
GLOBAL_UNCERTAINTY_ASSIGNED_CONTEXT((#935)) GLOBAL_UNIT_ASSIGNED_CONTEXT
((#932,#933,#934)) REPRESENTATION_CONTEXT('Context #1',
  '3D Context with UNIT and UNCERTAINTY') );
#932 = ( LENGTH_UNIT() NAMED_UNIT(*) SI_UNIT(.MILLI.,.METRE.) );
#933 = ( NAMED_UNIT(*) PLANE_ANGLE_UNIT() SI_UNIT($,.RADIAN.) );
#934 = ( NAMED_UNIT(*) SI_UNIT($,.STERADIAN.) SOLID_ANGLE_UNIT() );
#935 = UNCERTAINTY_MEASURE_WITH_UNIT(LENGTH_MEASURE(1.E-07),#932,
  'distance_accuracy_value','confusion accuracy');
#936 = CONTEXT_DEPENDENT_SHAPE_REPRESENTATION(#937,#939);
#937 = ( REPRESENTATION_RELATIONSHIP('','',#903,#10) 
REPRESENTATION_RELATIONSHIP_WITH_TRANSFORMATION(#938) 
SHAPE_REPRESENTATION_RELATIONSHIP() );
#938 = ITEM_DEFINED_TRANSFORMATION('','',#11,#27);
#939 = PRODUCT_DEFINITION_SHAPE('Placement','Placement of an item',#940
  );
#940 = NEXT_ASSEMBLY_USAGE_OCCURRENCE('4','','',#5,#898,$);
#941 = PRODUCT_RELATED_PRODUCT_CATEGORY('part',$,(#900));
#942 = SHAPE_DEFINITION_REPRESENTATION(#943,#949);
#943 = PRODUCT_DEFINITION_SHAPE('','',#944);
#944 = PRODUCT_DEFINITION('design','',#945,#948);
#945 = PRODUCT_DEFINITION_FORMATION('','',#946);
#946 = PRODUCT('Open CASCADE STEP translator 7.8 1.5',
  'Open CASCADE STEP translator 7.8 1.5','',(#947));
#947 = PRODUCT_CONTEXT('',#2,'mechanical');
#948 = PRODUCT_DEFINITION_CONTEXT('part definition',#2,'design');
#949 = MANIFOLD_SURFACE_SHAPE_REPRESENTATION('',(#11,#950),#1141);
#950 = SHELL_BASED_SURFACE_MODEL('',(#951));
#951 = OPEN_SHELL('',(#952));
#952 = ADVANCED_FACE('',(#953),#967,.T.);
#953 = FACE_BOUND('',#954,.T.);
#954 = EDGE_LOOP('',(#955,#1027,#1058,#1112));
#955 = ORIENTED_EDGE('',*,*,#956,.T.);
#956 = EDGE_CURVE('',#957,#959,#961,.T.);
#957 = VERTEX_POINT('',#958);
#958 = CARTESIAN_POINT('',(62.096850568825,0.,-126.3607401211));
#959 = VERTEX_POINT('',#960);
#960 = CARTESIAN_POINT('',(62.096850568825,-2.84217094304E-14,
    -124.2338544734));
#961 = SURFACE_CURVE('',#962,(#966),.PCURVE_S1.);
#962 = ( BOUNDED_CURVE() B_SPLINE_CURVE(2,(#963,#964,#965),
.UNSPECIFIED.,.F.,.F.) B_SPLINE_CURVE_WITH_KNOTS((3,3),(0.,
181.58379159427),.PIECEWISE_BEZIER_KNOTS.) CURVE() 
GEOMETRIC_REPRESENTATION_ITEM() RATIONAL_B_SPLINE_CURVE((1.,
0.935063239715,1.)) REPRESENTATION_ITEM('') );
#963 = CARTESIAN_POINT('',(62.096850568825,0.,-126.3607401211));
#964 = CARTESIAN_POINT('',(62.5,6.394884621841E-14,-125.2972972972));
#965 = CARTESIAN_POINT('',(62.096850568825,-2.84217094304E-14,
    -124.2338544734));
#966 = PCURVE('',#967,#1022);
#967 = ( BOUNDED_SURFACE() B_SPLINE_SURFACE(2,9,(
    (#968,#969,#970,#971,#972,#973,#974,#975,#976,#977,#978,#979,#980
      ,#981,#982,#983,#984,#985)
    ,(#986,#987,#988,#989,#990,#991,#992,#993,#994,#995,#996,#997,#998
      ,#999,#1000,#1001,#1002,#1003)
    ,(#1004,#1005,#1006,#1007,#1008,#1009,#1010,#1011,#1012,#1013,#1014
      ,#1015,#1016,#1017,#1018,#1019,#1020,#1021
)),.UNSPECIFIED.,.F.,.F.,.F.) B_SPLINE_SURFACE_WITH_KNOTS((3,3),(10,8,10
    ),(0.,181.58379159427),(180.80980824821,362.39359984249,
372.80663884545),.UNSPECIFIED.) GEOMETRIC_REPRESENTATION_ITEM() 
RATIONAL_B_SPLINE_SURFACE((
    (1.,1.,1.,1.,1.,1.,1.,1.,1.,1.,1.,1.,1.,1.,1.,1.,1.,1.)
    ,(0.935063239715,0.935063239715,0.924588563947,0.903676305409
      ,0.873909433655,0.839401147106,0.802824185861,0.765971148593
      ,0.729962636222,0.69344492984,0.69195951352,0.690969235973
      ,0.690474097199,0.690474097199,0.690969235973,0.69195951352
      ,0.69344492984,0.695425484934)
    ,(1.,1.,1.,1.,1.,1.,1.,1.,1.,1.,1.,1.,1.,1.,1.,1.,1.,1.
))) REPRESENTATION_ITEM('') SURFACE() );
#968 = CARTESIAN_POINT('',(62.096850568825,-1.520883955179E-14,
    -126.3607401211));
#969 = CARTESIAN_POINT('',(62.096850568825,-12.39355117557,
    -126.3607401211));
#970 = CARTESIAN_POINT('',(60.642495511647,-24.78669266475,
    -122.8560088522));
#971 = CARTESIAN_POINT('',(57.735364376561,-37.14209606596,
    -115.848999096));
#972 = CARTESIAN_POINT('',(53.391210566263,-49.40894261614,
    -105.3147412379));
#973 = CARTESIAN_POINT('',(47.686186209622,-61.54660227516,
    -91.27652056119));
#974 = CARTESIAN_POINT('',(40.64727265251,-73.60337601955,
    -73.72247038832));
#975 = CARTESIAN_POINT('',(32.296313558513,-85.57889094867,
    -52.65906636372));
#976 = CARTESIAN_POINT('',(22.64163222951,-97.49946816237,
    -28.08470757376));
#977 = CARTESIAN_POINT('',(11.058306733004,-110.0585925483,
    1.610535570299));
#978 = CARTESIAN_POINT('',(10.430079590901,-110.7397426052,
    3.221071140598));
#979 = CARTESIAN_POINT('',(9.801852448797,-111.420892662,4.831606710898)
  );
#980 = CARTESIAN_POINT('',(9.173625306693,-112.1020427188,6.442142281197
    ));
#981 = CARTESIAN_POINT('',(8.545398164589,-112.7831927757,8.052677851496
    ));
#982 = CARTESIAN_POINT('',(7.917171022485,-113.4643428325,9.663213421795
    ));
#983 = CARTESIAN_POINT('',(7.288943880381,-114.1454928893,
    11.273748992094));
#984 = CARTESIAN_POINT('',(6.660716738277,-114.8266429462,
    12.884284562393));
#985 = CARTESIAN_POINT('',(6.032489596174,-115.507793003,14.494820132693
    ));
#986 = CARTESIAN_POINT('',(62.5,2.13162820728E-14,-125.2972972972));
#987 = CARTESIAN_POINT('',(62.5,-12.1598829457,-125.2972972972));
#988 = CARTESIAN_POINT('',(61.15481362443,-24.59478258905,
    -121.7489137768));
#989 = CARTESIAN_POINT('',(58.373376260617,-37.20847124332,
    -114.411933055));
#990 = CARTESIAN_POINT('',(54.119015354858,-49.80176202509,
    -103.189618882));
#991 = CARTESIAN_POINT('',(48.545236289353,-62.12054649032,
    -88.48689356327));
#992 = CARTESIAN_POINT('',(41.750639956464,-74.2438952285,
    -70.56385026353));
#993 = CARTESIAN_POINT('',(33.799762420143,-86.14855329647,
    -49.59072465421));
#994 = CARTESIAN_POINT('',(24.739423054639,-97.88258832033,
    -25.69101865223));
#995 = CARTESIAN_POINT('',(13.984910087926,-110.1711704866,
    2.677642578877));
#996 = CARTESIAN_POINT('',(13.370043770883,-110.8737439348,
    4.299560215185));
#997 = CARTESIAN_POINT('',(12.753859575992,-111.5778232484,
    5.924954199546));
#998 = CARTESIAN_POINT('',(12.137677429472,-112.2819002215,
    7.550342780636));
#999 = CARTESIAN_POINT('',(11.522822927842,-112.9844601689,9.1722292498)
  );
#1000 = CARTESIAN_POINT('',(10.910617859199,-113.6839927569,
    10.787126944383));
#1001 = CARTESIAN_POINT('',(10.302370745027,-114.3790028111,
    12.391584196901));
#1002 = CARTESIAN_POINT('',(9.699367544357,-115.0680209378,
    13.982208855967));
#1003 = CARTESIAN_POINT('',(9.102862658458,-115.7496138027,
    15.555692014447));
#1004 = CARTESIAN_POINT('',(62.096850568825,-1.491468417191E-14,
    -124.2338544734));
#1005 = CARTESIAN_POINT('',(62.096850568825,-11.84777871756,
    -124.2338544734));
#1006 = CARTESIAN_POINT('',(60.765231256947,-23.69567318412,
    -120.7212586669));
#1007 = CARTESIAN_POINT('',(58.101690218027,-35.54014141552,
    -113.6952693318));
#1008 = CARTESIAN_POINT('',(54.109396248483,-47.38141162995,
    -103.1642452392));
#1009 = CARTESIAN_POINT('',(48.785439836505,-59.22638070243,
    -89.12051156872));
#1010 = CARTESIAN_POINT('',(42.131441238186,-71.06832709668,
    -71.56834229315));
#1011 = CARTESIAN_POINT('',(34.146553153031,-82.91186026096,
    -50.50550237123));
#1012 = CARTESIAN_POINT('',(24.831017939072,-94.75497355495,
    -25.93263110414));
#1013 = CARTESIAN_POINT('',(13.574238439449,-107.2773718736,
    3.760927792155));
#1014 = CARTESIAN_POINT('',(12.963167331871,-107.9571467426,
    5.372834281335));
#1015 = CARTESIAN_POINT('',(12.351541882083,-108.6375382795,
    6.98620303537));
#1016 = CARTESIAN_POINT('',(11.739362090086,-109.3185464842,
    8.601034054259));
#1017 = CARTESIAN_POINT('',(11.12662795588,-110.0001713568,
    10.217327338004));
#1018 = CARTESIAN_POINT('',(10.513339479464,-110.6824128972,
    11.835082886604));
#1019 = CARTESIAN_POINT('',(9.899496660838,-111.3652711055,
    13.454300700059));
#1020 = CARTESIAN_POINT('',(9.285099500003,-112.0487459816,
    15.07498077837));
#1021 = CARTESIAN_POINT('',(8.670147996959,-112.7328375255,
    16.697123121535));
#1022 = DEFINITIONAL_REPRESENTATION('',(#1023),#1026);
#1023 = B_SPLINE_CURVE_WITH_KNOTS('',1,(#1024,#1025),.UNSPECIFIED.,.F.,
  .F.,(2,2),(0.,181.58379159427),.PIECEWISE_BEZIER_KNOTS.);
#1024 = CARTESIAN_POINT('',(0.,180.80980824821));
#1025 = CARTESIAN_POINT('',(181.58379159427,180.80980824821));
#1026 = ( GEOMETRIC_REPRESENTATION_CONTEXT(2) 
PARAMETRIC_REPRESENTATION_CONTEXT() REPRESENTATION_CONTEXT('2D SPACE',''
  ) );
#1027 = ORIENTED_EDGE('',*,*,#1028,.T.);
#1028 = EDGE_CURVE('',#959,#1029,#1031,.T.);
#1029 = VERTEX_POINT('',#1030);
#1030 = CARTESIAN_POINT('',(15.,-105.6874185199,0.));
#1031 = SURFACE_CURVE('',#1032,(#1051),.PCURVE_S1.);
#1032 = B_SPLINE_CURVE_WITH_KNOTS('',9,(#1033,#1034,#1035,#1036,#1037,
    #1038,#1039,#1040,#1041,#1042,#1043,#1044,#1045,#1046,#1047,#1048,
    #1049,#1050),.UNSPECIFIED.,.F.,.F.,(10,8,10),(180.80980824821,
    362.39359984249,372.80663884545),.UNSPECIFIED.);
#1033 = CARTESIAN_POINT('',(62.096850568825,-1.491468417191E-14,
    -124.2338544734));
#1034 = CARTESIAN_POINT('',(62.096850568825,-11.84777871756,
    -124.2338544734));
#1035 = CARTESIAN_POINT('',(60.765231256947,-23.69567318412,
    -120.7212586669));
#1036 = CARTESIAN_POINT('',(58.101690218027,-35.54014141552,
    -113.6952693318));
#1037 = CARTESIAN_POINT('',(54.109396248483,-47.38141162995,
    -103.1642452392));
#1038 = CARTESIAN_POINT('',(48.785439836505,-59.22638070243,
    -89.12051156872));
#1039 = CARTESIAN_POINT('',(42.131441238186,-71.06832709668,
    -71.56834229315));
#1040 = CARTESIAN_POINT('',(34.146553153031,-82.91186026096,
    -50.50550237123));
#1041 = CARTESIAN_POINT('',(24.831017939072,-94.75497355495,
    -25.93263110414));
#1042 = CARTESIAN_POINT('',(13.574238439449,-107.2773718736,
    3.760927792155));
#1043 = CARTESIAN_POINT('',(12.963167331871,-107.9571467426,
    5.372834281335));
#1044 = CARTESIAN_POINT('',(12.351541882083,-108.6375382795,
    6.98620303537));
#1045 = CARTESIAN_POINT('',(11.739362090086,-109.3185464842,
    8.601034054259));
#1046 = CARTESIAN_POINT('',(11.12662795588,-110.0001713568,
    10.217327338004));
#1047 = CARTESIAN_POINT('',(10.513339479464,-110.6824128972,
    11.835082886604));
#1048 = CARTESIAN_POINT('',(9.899496660838,-111.3652711055,
    13.454300700059));
#1049 = CARTESIAN_POINT('',(9.285099500003,-112.0487459816,
    15.07498077837));
#1050 = CARTESIAN_POINT('',(8.670147996959,-112.7328375255,
    16.697123121535));
#1051 = PCURVE('',#967,#1052);
#1052 = DEFINITIONAL_REPRESENTATION('',(#1053),#1057);
#1053 = LINE('',#1054,#1055);
#1054 = CARTESIAN_POINT('',(181.58379159427,0.));
#1055 = VECTOR('',#1056,1.);
#1056 = DIRECTION('',(0.,1.));
#1057 = ( GEOMETRIC_REPRESENTATION_CONTEXT(2) 
PARAMETRIC_REPRESENTATION_CONTEXT() REPRESENTATION_CONTEXT('2D SPACE',''
  ) );
#1058 = ORIENTED_EDGE('',*,*,#1059,.F.);
#1059 = EDGE_CURVE('',#1060,#1029,#1062,.T.);
#1060 = VERTEX_POINT('',#1061);
#1061 = CARTESIAN_POINT('',(11.686533875108,-109.3774424915,0.));
#1062 = SURFACE_CURVE('',#1063,(#1086),.PCURVE_S1.);
#1063 = B_SPLINE_CURVE_WITH_KNOTS('',6,(#1064,#1065,#1066,#1067,#1068,
    #1069,#1070,#1071,#1072,#1073,#1074,#1075,#1076,#1077,#1078,#1079,
    #1080,#1081,#1082,#1083,#1084,#1085),.UNSPECIFIED.,.F.,.F.,(7,5,5,5,
    7),(0.,0.249985035126,0.500000631737,0.750015759454,1.),
  .UNSPECIFIED.);
#1064 = CARTESIAN_POINT('',(11.686533875108,-109.3774424915,0.));
#1065 = CARTESIAN_POINT('',(11.87924699387,-109.3568518803,0.));
#1066 = CARTESIAN_POINT('',(12.078284948411,-109.321593125,0.));
#1067 = CARTESIAN_POINT('',(12.282141356677,-109.2702307478,0.));
#1068 = CARTESIAN_POINT('',(12.488763556797,-109.201588886,0.));
#1069 = CARTESIAN_POINT('',(12.695523962093,-109.115105193,0.));
#1070 = CARTESIAN_POINT('',(13.103705008105,-108.9069345487,0.));
#1071 = CARTESIAN_POINT('',(13.305124332767,-108.7852427296,0.));
#1072 = CARTESIAN_POINT('',(13.501043218123,-108.6461932998,0.));
#1073 = CARTESIAN_POINT('',(13.688427911558,-108.4908201795,0.));
#1074 = CARTESIAN_POINT('',(13.864483446735,-108.3210823452,0.));
#1075 = CARTESIAN_POINT('',(14.189627979484,-107.9578211109,0.));
#1076 = CARTESIAN_POINT('',(14.338716358678,-107.7642985972,0.));
#1077 = CARTESIAN_POINT('',(14.472161873074,-107.5613520912,0.));
#1078 = CARTESIAN_POINT('',(14.588422800277,-107.3519921465,0.));
#1079 = CARTESIAN_POINT('',(14.686898244871,-107.139304043,0.));
#1080 = CARTESIAN_POINT('',(14.848524735818,-106.7128216797,0.));
#1081 = CARTESIAN_POINT('',(14.9116808308,-106.4990280416,0.));
#1082 = CARTESIAN_POINT('',(14.957310532064,-106.2874348521,0.));
#1083 = CARTESIAN_POINT('',(14.986290419749,-106.0805027217,0.));
#1084 = CARTESIAN_POINT('',(15.,-105.8800677694,0.));
#1085 = CARTESIAN_POINT('',(15.,-105.6874186599,0.));
#1086 = PCURVE('',#967,#1087);
#1087 = DEFINITIONAL_REPRESENTATION('',(#1088),#1111);
#1088 = B_SPLINE_CURVE_WITH_KNOTS('',6,(#1089,#1090,#1091,#1092,#1093,
    #1094,#1095,#1096,#1097,#1098,#1099,#1100,#1101,#1102,#1103,#1104,
    #1105,#1106,#1107,#1108,#1109,#1110),.UNSPECIFIED.,.F.,.F.,(7,5,5,5,
    7),(0.,0.249985035126,0.500000631737,0.750015759454,1.),
  .UNSPECIFIED.);
#1089 = CARTESIAN_POINT('',(0.,362.39359984249));
#1090 = CARTESIAN_POINT('',(7.566574299175,362.34935577637));
#1091 = CARTESIAN_POINT('',(15.132922979693,362.30037920396));
#1092 = CARTESIAN_POINT('',(22.699028873021,362.24663554905));
#1093 = CARTESIAN_POINT('',(30.264889416096,362.18826011463));
#1094 = CARTESIAN_POINT('',(37.830521047854,362.12564672667));
#1095 = CARTESIAN_POINT('',(52.962303280744,361.9931827752));
#1096 = CARTESIAN_POINT('',(60.528457425202,361.9233313211));
#1097 = CARTESIAN_POINT('',(68.094438203931,361.85048617557));
#1098 = CARTESIAN_POINT('',(75.660296136339,361.77549916992));
#1099 = CARTESIAN_POINT('',(83.226096464723,361.69939452841));
#1100 = CARTESIAN_POINT('',(98.357686822409,361.54698909384));
#1101 = CARTESIAN_POINT('',(105.92347932077,361.47068863199));
#1102 = CARTESIAN_POINT('',(113.48933596326,361.39530994864));
#1103 = CARTESIAN_POINT('',(121.05532095463,361.32187958172));
#1104 = CARTESIAN_POINT('',(128.62148267133,361.25125565444));
#1105 = CARTESIAN_POINT('',(143.75327378885,361.11689964311));
#1106 = CARTESIAN_POINT('',(151.31890658556,361.05316669169));
#1107 = CARTESIAN_POINT('',(158.88476865091,360.99351147495));
#1108 = CARTESIAN_POINT('',(166.45087471896,360.93834815603));
#1109 = CARTESIAN_POINT('',(174.01722138316,360.88784000635));
#1110 = CARTESIAN_POINT('',(181.58379159427,360.8419817819));
#1111 = ( GEOMETRIC_REPRESENTATION_CONTEXT(2) 
PARAMETRIC_REPRESENTATION_CONTEXT() REPRESENTATION_CONTEXT('2D SPACE',''
  ) );
#1112 = ORIENTED_EDGE('',*,*,#1113,.F.);
#1113 = EDGE_CURVE('',#957,#1060,#1114,.T.);
#1114 = SURFACE_CURVE('',#1115,(#1134),.PCURVE_S1.);
#1115 = B_SPLINE_CURVE_WITH_KNOTS('',9,(#1116,#1117,#1118,#1119,#1120,
    #1121,#1122,#1123,#1124,#1125,#1126,#1127,#1128,#1129,#1130,#1131,
    #1132,#1133),.UNSPECIFIED.,.F.,.F.,(10,8,10),(180.80980824821,
    362.39359984249,372.80663884545),.UNSPECIFIED.);
#1116 = CARTESIAN_POINT('',(62.096850568825,-1.520883955179E-14,
    -126.3607401211));
#1117 = CARTESIAN_POINT('',(62.096850568825,-12.39355117557,
    -126.3607401211));
#1118 = CARTESIAN_POINT('',(60.642495511647,-24.78669266475,
    -122.8560088522));
#1119 = CARTESIAN_POINT('',(57.735364376561,-37.14209606596,
    -115.848999096));
#1120 = CARTESIAN_POINT('',(53.391210566263,-49.40894261614,
    -105.3147412379));
#1121 = CARTESIAN_POINT('',(47.686186209622,-61.54660227516,
    -91.27652056119));
#1122 = CARTESIAN_POINT('',(40.64727265251,-73.60337601955,
    -73.72247038832));
#1123 = CARTESIAN_POINT('',(32.296313558513,-85.57889094867,
    -52.65906636372));
#1124 = CARTESIAN_POINT('',(22.64163222951,-97.49946816237,
    -28.08470757376));
#1125 = CARTESIAN_POINT('',(11.058306733004,-110.0585925483,
    1.610535570299));
#1126 = CARTESIAN_POINT('',(10.430079590901,-110.7397426052,
    3.221071140598));
#1127 = CARTESIAN_POINT('',(9.801852448797,-111.420892662,4.831606710898
    ));
#1128 = CARTESIAN_POINT('',(9.173625306693,-112.1020427188,
    6.442142281197));
#1129 = CARTESIAN_POINT('',(8.545398164589,-112.7831927757,
    8.052677851496));
#1130 = CARTESIAN_POINT('',(7.917171022485,-113.4643428325,
    9.663213421795));
#1131 = CARTESIAN_POINT('',(7.288943880381,-114.1454928893,
    11.273748992094));
#1132 = CARTESIAN_POINT('',(6.660716738277,-114.8266429462,
    12.884284562393));
#1133 = CARTESIAN_POINT('',(6.032489596174,-115.507793003,
    14.494820132693));
#1134 = PCURVE('',#967,#1135);
#1135 = DEFINITIONAL_REPRESENTATION('',(#1136),#1140);
#1136 = LINE('',#1137,#1138);
#1137 = CARTESIAN_POINT('',(0.,0.));
#1138 = VECTOR('',#1139,1.);
#1139 = DIRECTION('',(0.,1.));
#1140 = ( GEOMETRIC_REPRESENTATION_CONTEXT(2) 
PARAMETRIC_REPRESENTATION_CONTEXT() REPRESENTATION_CONTEXT('2D SPACE',''
  ) );
#1141 = ( GEOMETRIC_REPRESENTATION_CONTEXT(3) 
GLOBAL_UNCERTAINTY_ASSIGNED_CONTEXT((#1145)) 
GLOBAL_UNIT_ASSIGNED_CONTEXT((#1142,#1143,#1144)) REPRESENTATION_CONTEXT
('Context #1','3D Context with UNIT and UNCERTAINTY') );
#1142 = ( LENGTH_UNIT() NAMED_UNIT(*) SI_UNIT(.MILLI.,.METRE.) );
#1143 = ( NAMED_UNIT(*) PLANE_ANGLE_UNIT() SI_UNIT($,.RADIAN.) );
#1144 = ( NAMED_UNIT(*) SI_UNIT($,.STERADIAN.) SOLID_ANGLE_UNIT() );
#1145 = UNCERTAINTY_MEASURE_WITH_UNIT(LENGTH_MEASURE(1.E-04),#1142,
  'distance_accuracy_value','confusion accuracy');
#1146 = CONTEXT_DEPENDENT_SHAPE_REPRESENTATION(#1147,#1149);
#1147 = ( REPRESENTATION_RELATIONSHIP('','',#949,#10) 
REPRESENTATION_RELATIONSHIP_WITH_TRANSFORMATION(#1148) 
SHAPE_REPRESENTATION_RELATIONSHIP() );
#1148 = ITEM_DEFINED_TRANSFORMATION('','',#11,#31);
#1149 = PRODUCT_DEFINITION_SHAPE('Placement','Placement of an item',
  #1150);
#1150 = NEXT_ASSEMBLY_USAGE_OCCURRENCE('5','','',#5,#944,$);
#1151 = PRODUCT_RELATED_PRODUCT_CATEGORY('part',$,(#946));
#1152 = SHAPE_DEFINITION_REPRESENTATION(#1153,#1159);
#1153 = PRODUCT_DEFINITION_SHAPE('','',#1154);
#1154 = PRODUCT_DEFINITION('design','',#1155,#1158);
#1155 = PRODUCT_DEFINITION_FORMATION('','',#1156);
#1156 = PRODUCT('Open CASCADE STEP translator 7.8 1.6',
  'Open CASCADE STEP translator 7.8 1.6','',(#1157));
#1157 = PRODUCT_CONTEXT('',#2,'mechanical');
#1158 = PRODUCT_DEFINITION_CONTEXT('part definition',#2,'design');
#1159 = MANIFOLD_SURFACE_SHAPE_REPRESENTATION('',(#11,#1160),#1262);
#1160 = SHELL_BASED_SURFACE_MODEL('',(#1161));
#1161 = OPEN_SHELL('',(#1162));
#1162 = ADVANCED_FACE('',(#1163),#1177,.T.);
#1163 = FACE_BOUND('',#1164,.T.);
#1164 = EDGE_LOOP('',(#1165,#1188,#1226));
#1165 = ORIENTED_EDGE('',*,*,#1166,.F.);
#1166 = EDGE_CURVE('',#1167,#1169,#1171,.T.);
#1167 = VERTEX_POINT('',#1168);
#1168 = CARTESIAN_POINT('',(15.,-105.6874185199,0.));
#1169 = VERTEX_POINT('',#1170);
#1170 = CARTESIAN_POINT('',(15.,105.68741851997,0.));
#1171 = SURFACE_CURVE('',#1172,(#1176),.PCURVE_S1.);
#1172 = LINE('',#1173,#1174);
#1173 = CARTESIAN_POINT('',(15.,-244.,0.));
#1174 = VECTOR('',#1175,1.);
#1175 = DIRECTION('',(0.,1.,0.));
#1176 = PCURVE('',#1177,#1182);
#1177 = PLANE('',#1178);
#1178 = AXIS2_PLACEMENT_3D('',#1179,#1180,#1181);
#1179 = CARTESIAN_POINT('',(107.5,-244.,-244.));
#1180 = DIRECTION('',(0.935063239715,-0.,0.354480941285));
#1181 = DIRECTION('',(-0.354480941285,0.,0.935063239715));
#1182 = DEFINITIONAL_REPRESENTATION('',(#1183),#1187);
#1183 = LINE('',#1184,#1185);
#1184 = CARTESIAN_POINT('',(260.94491755924,0.));
#1185 = VECTOR('',#1186,1.);
#1186 = DIRECTION('',(0.,-1.));
#1187 = ( GEOMETRIC_REPRESENTATION_CONTEXT(2) 
PARAMETRIC_REPRESENTATION_CONTEXT() REPRESENTATION_CONTEXT('2D SPACE',''
  ) );
#1188 = ORIENTED_EDGE('',*,*,#1189,.F.);
#1189 = EDGE_CURVE('',#1190,#1167,#1192,.T.);
#1190 = VERTEX_POINT('',#1191);
#1191 = CARTESIAN_POINT('',(62.096850568825,-2.84217094304E-14,
    -124.2338544734));
#1192 = SURFACE_CURVE('',#1193,(#1212),.PCURVE_S1.);
#1193 = B_SPLINE_CURVE_WITH_KNOTS('',9,(#1194,#1195,#1196,#1197,#1198,
    #1199,#1200,#1201,#1202,#1203,#1204,#1205,#1206,#1207,#1208,#1209,
    #1210,#1211),.UNSPECIFIED.,.F.,.F.,(10,8,10),(180.80980824821,
    362.39359984249,372.80663884545),.UNSPECIFIED.);
#1194 = CARTESIAN_POINT('',(62.096850568825,-1.491468417191E-14,
    -124.2338544734));
#1195 = CARTESIAN_POINT('',(62.096850568825,-11.84777871756,
    -124.2338544734));
#1196 = CARTESIAN_POINT('',(60.765231256947,-23.69567318412,
    -120.7212586669));
#1197 = CARTESIAN_POINT('',(58.101690218027,-35.54014141552,
    -113.6952693318));
#1198 = CARTESIAN_POINT('',(54.109396248483,-47.38141162995,
    -103.1642452392));
#1199 = CARTESIAN_POINT('',(48.785439836505,-59.22638070243,
    -89.12051156872));
#1200 = CARTESIAN_POINT('',(42.131441238186,-71.06832709668,
    -71.56834229315));
#1201 = CARTESIAN_POINT('',(34.146553153031,-82.91186026096,
    -50.50550237123));
#1202 = CARTESIAN_POINT('',(24.831017939072,-94.75497355495,
    -25.93263110414));
#1203 = CARTESIAN_POINT('',(13.574238439449,-107.2773718736,
    3.760927792155));
#1204 = CARTESIAN_POINT('',(12.963167331871,-107.9571467426,
    5.372834281335));
#1205 = CARTESIAN_POINT('',(12.351541882083,-108.6375382795,
    6.98620303537));
#1206 = CARTESIAN_POINT('',(11.739362090086,-109.3185464842,
    8.601034054259));
#1207 = CARTESIAN_POINT('',(11.12662795588,-110.0001713568,
    10.217327338004));
#1208 = CARTESIAN_POINT('',(10.513339479464,-110.6824128972,
    11.835082886604));
#1209 = CARTESIAN_POINT('',(9.899496660838,-111.3652711055,
    13.454300700059));
#1210 = CARTESIAN_POINT('',(9.285099500003,-112.0487459816,
    15.07498077837));
#1211 = CARTESIAN_POINT('',(8.670147996959,-112.7328375255,
    16.697123121535));
#1212 = PCURVE('',#1177,#1213);
#1213 = DEFINITIONAL_REPRESENTATION('',(#1214),#1225);
#1214 = B_SPLINE_CURVE_WITH_KNOTS('',9,(#1215,#1216,#1217,#1218,#1219,
    #1220,#1221,#1222,#1223,#1224),.UNSPECIFIED.,.F.,.F.,(10,10),(
    180.80980824821,362.39359984249),.PIECEWISE_BEZIER_KNOTS.);
#1215 = CARTESIAN_POINT('',(128.08347119186,-244.));
#1216 = CARTESIAN_POINT('',(128.08347119186,-232.1522212824));
#1217 = CARTESIAN_POINT('',(131.84000407358,-220.3043268158));
#1218 = CARTESIAN_POINT('',(139.35392295807,-208.4598585844));
#1219 = CARTESIAN_POINT('',(150.61628858788,-196.61858837));
#1220 = CARTESIAN_POINT('',(165.63530877177,-184.7736192975));
#1221 = CARTESIAN_POINT('',(184.40641272506,-172.9316729033));
#1222 = CARTESIAN_POINT('',(206.93199070452,-161.088139739));
#1223 = CARTESIAN_POINT('',(233.21135901184,-149.245026445));
#1224 = CARTESIAN_POINT('',(263.2447444335,-137.4017863275));
#1225 = ( GEOMETRIC_REPRESENTATION_CONTEXT(2) 
PARAMETRIC_REPRESENTATION_CONTEXT() REPRESENTATION_CONTEXT('2D SPACE',''
  ) );
#1226 = ORIENTED_EDGE('',*,*,#1227,.F.);
#1227 = EDGE_CURVE('',#1169,#1190,#1228,.T.);
#1228 = SURFACE_CURVE('',#1229,(#1248),.PCURVE_S1.);
#1229 = B_SPLINE_CURVE_WITH_KNOTS('',9,(#1230,#1231,#1232,#1233,#1234,
    #1235,#1236,#1237,#1238,#1239,#1240,#1241,#1242,#1243,#1244,#1245,
    #1246,#1247),.UNSPECIFIED.,.F.,.F.,(10,8,10),(-11.18702234902,
    -0.773983346059,180.80980824821),.UNSPECIFIED.);
#1230 = CARTESIAN_POINT('',(8.670147996959,112.73283752557,
    16.697123121535));
#1231 = CARTESIAN_POINT('',(9.285099500003,112.04874598162,
    15.07498077837));
#1232 = CARTESIAN_POINT('',(9.899496660838,111.36527110551,
    13.454300700059));
#1233 = CARTESIAN_POINT('',(10.513339479464,110.68241289725,
    11.835082886604));
#1234 = CARTESIAN_POINT('',(11.12662795588,110.00017135684,
    10.217327338004));
#1235 = CARTESIAN_POINT('',(11.739362090086,109.31854648427,
    8.601034054259));
#1236 = CARTESIAN_POINT('',(12.351541882083,108.63753827954,
    6.98620303537));
#1237 = CARTESIAN_POINT('',(12.963167331871,107.95714674266,
    5.372834281335));
#1238 = CARTESIAN_POINT('',(13.574238439449,107.27737187362,
    3.760927792155));
#1239 = CARTESIAN_POINT('',(24.831017939071,94.75497355495,
    -25.93263110414));
#1240 = CARTESIAN_POINT('',(34.146553153037,82.911860260977,
    -50.50550237124));
#1241 = CARTESIAN_POINT('',(42.131441238173,71.068327096666,
    -71.56834229313));
#1242 = CARTESIAN_POINT('',(48.785439836522,59.226380702456,
    -89.12051156875));
#1243 = CARTESIAN_POINT('',(54.109396248466,47.381411629933,
    -103.1642452392));
#1244 = CARTESIAN_POINT('',(58.101690218038,35.540141415539,
    -113.6952693318));
#1245 = CARTESIAN_POINT('',(60.765231256942,23.695673184117,
    -120.7212586669));
#1246 = CARTESIAN_POINT('',(62.096850568826,11.847778717567,
    -124.2338544734));
#1247 = CARTESIAN_POINT('',(62.096850568825,-2.84217094304E-14,
    -124.2338544734));
#1248 = PCURVE('',#1177,#1249);
#1249 = DEFINITIONAL_REPRESENTATION('',(#1250),#1261);
#1250 = B_SPLINE_CURVE_WITH_KNOTS('',9,(#1251,#1252,#1253,#1254,#1255,
    #1256,#1257,#1258,#1259,#1260),.UNSPECIFIED.,.F.,.F.,(10,10),(
    -0.773983346059,180.80980824821),.PIECEWISE_BEZIER_KNOTS.);
#1251 = CARTESIAN_POINT('',(263.2447444335,-350.5982136724));
#1252 = CARTESIAN_POINT('',(233.21135901183,-338.7549735549));
#1253 = CARTESIAN_POINT('',(206.93199070455,-326.911860261));
#1254 = CARTESIAN_POINT('',(184.40641272501,-315.0683270965));
#1255 = CARTESIAN_POINT('',(165.63530877185,-303.2263807025));
#1256 = CARTESIAN_POINT('',(150.61628858781,-291.3814116298));
#1257 = CARTESIAN_POINT('',(139.35392295811,-279.5401414156));
#1258 = CARTESIAN_POINT('',(131.84000407356,-267.695673184));
#1259 = CARTESIAN_POINT('',(128.08347119187,-255.8477787175));
#1260 = CARTESIAN_POINT('',(128.08347119186,-244.));
#1261 = ( GEOMETRIC_REPRESENTATION_CONTEXT(2) 
PARAMETRIC_REPRESENTATION_CONTEXT() REPRESENTATION_CONTEXT('2D SPACE',''
  ) );
#1262 = ( GEOMETRIC_REPRESENTATION_CONTEXT(3) 
GLOBAL_UNCERTAINTY_ASSIGNED_CONTEXT((#1266)) 
GLOBAL_UNIT_ASSIGNED_CONTEXT((#1263,#1264,#1265)) REPRESENTATION_CONTEXT
('Context #1','3D Context with UNIT and UNCERTAINTY') );
#1263 = ( LENGTH_UNIT() NAMED_UNIT(*) SI_UNIT(.MILLI.,.METRE.) );
#1264 = ( NAMED_UNIT(*) PLANE_ANGLE_UNIT() SI_UNIT($,.RADIAN.) );
#1265 = ( NAMED_UNIT(*) SI_UNIT($,.STERADIAN.) SOLID_ANGLE_UNIT() );
#1266 = UNCERTAINTY_MEASURE_WITH_UNIT(LENGTH_MEASURE(5.E-05),#1263,
  'distance_accuracy_value','confusion accuracy');
#1267 = CONTEXT_DEPENDENT_SHAPE_REPRESENTATION(#1268,#1270);
#1268 = ( REPRESENTATION_RELATIONSHIP('','',#1159,#10) 
REPRESENTATION_RELATIONSHIP_WITH_TRANSFORMATION(#1269) 
SHAPE_REPRESENTATION_RELATIONSHIP() );
#1269 = ITEM_DEFINED_TRANSFORMATION('','',#11,#35);
#1270 = PRODUCT_DEFINITION_SHAPE('Placement','Placement of an item',
  #1271);
#1271 = NEXT_ASSEMBLY_USAGE_OCCURRENCE('6','','',#5,#1154,$);
#1272 = PRODUCT_RELATED_PRODUCT_CATEGORY('part',$,(#1156));
#1273 = SHAPE_DEFINITION_REPRESENTATION(#1274,#1280);
#1274 = PRODUCT_DEFINITION_SHAPE('','',#1275);
#1275 = PRODUCT_DEFINITION('design','',#1276,#1279);
#1276 = PRODUCT_DEFINITION_FORMATION('','',#1277);
#1277 = PRODUCT('Open CASCADE STEP translator 7.8 1.7',
  'Open CASCADE STEP translator 7.8 1.7','',(#1278));
#1278 = PRODUCT_CONTEXT('',#2,'mechanical');
#1279 = PRODUCT_DEFINITION_CONTEXT('part definition',#2,'design');
#1280 = MANIFOLD_SURFACE_SHAPE_REPRESENTATION('',(#11,#1281),#1369);
#1281 = SHELL_BASED_SURFACE_MODEL('',(#1282));
#1282 = OPEN_SHELL('',(#1283));
#1283 = ADVANCED_FACE('',(#1284),#1298,.T.);
#1284 = FACE_BOUND('',#1285,.T.);
#1285 = EDGE_LOOP('',(#1286,#1309));
#1286 = ORIENTED_EDGE('',*,*,#1287,.T.);
#1287 = EDGE_CURVE('',#1288,#1290,#1292,.T.);
#1288 = VERTEX_POINT('',#1289);
#1289 = CARTESIAN_POINT('',(-15.,-105.6874185199,0.));
#1290 = VERTEX_POINT('',#1291);
#1291 = CARTESIAN_POINT('',(-15.,105.68741851997,0.));
#1292 = SURFACE_CURVE('',#1293,(#1297),.PCURVE_S1.);
#1293 = LINE('',#1294,#1295);
#1294 = CARTESIAN_POINT('',(-15.,-244.,0.));
#1295 = VECTOR('',#1296,1.);
#1296 = DIRECTION('',(0.,1.,0.));
#1297 = PCURVE('',#1298,#1303);
#1298 = PLANE('',#1299);
#1299 = AXIS2_PLACEMENT_3D('',#1300,#1301,#1302);
#1300 = CARTESIAN_POINT('',(-15.,-244.,0.));
#1301 = DIRECTION('',(-0.935063239715,0.,0.354480941285));
#1302 = DIRECTION('',(-0.354480941285,0.,-0.935063239715));
#1303 = DEFINITIONAL_REPRESENTATION('',(#1304),#1308);
#1304 = LINE('',#1305,#1306);
#1305 = CARTESIAN_POINT('',(0.,0.));
#1306 = VECTOR('',#1307,1.);
#1307 = DIRECTION('',(0.,-1.));
#1308 = ( GEOMETRIC_REPRESENTATION_CONTEXT(2) 
PARAMETRIC_REPRESENTATION_CONTEXT() REPRESENTATION_CONTEXT('2D SPACE',''
  ) );
#1309 = ORIENTED_EDGE('',*,*,#1310,.F.);
#1310 = EDGE_CURVE('',#1288,#1290,#1311,.T.);
#1311 = SURFACE_CURVE('',#1312,(#1347),.PCURVE_S1.);
#1312 = B_SPLINE_CURVE_WITH_KNOTS('',9,(#1313,#1314,#1315,#1316,#1317,
    #1318,#1319,#1320,#1321,#1322,#1323,#1324,#1325,#1326,#1327,#1328,
    #1329,#1330,#1331,#1332,#1333,#1334,#1335,#1336,#1337,#1338,#1339,
    #1340,#1341,#1342,#1343,#1344,#1345,#1346),.UNSPECIFIED.,.F.,.F.,(10
    ,8,8,8,10),(-11.16033993943,-0.773142397452,180.61335472349,
    361.99985184443,372.38704938641),.UNSPECIFIED.);
#1313 = CARTESIAN_POINT('',(-8.677849927321,-112.7242696541,
    16.676806678201));
#1314 = CARTESIAN_POINT('',(-9.291942563445,-112.0411335409,
    15.056929886696));
#1315 = CARTESIAN_POINT('',(-9.905481631579,-111.3586132343,
    13.438513317779));
#1316 = CARTESIAN_POINT('',(-10.51846713172,-110.6767087343,
    11.821556971451));
#1317 = CARTESIAN_POINT('',(-11.13089906388,-109.9954200409,
    10.206060847711));
#1318 = CARTESIAN_POINT('',(-11.74277742804,-109.314747154,8.59202494656
    ));
#1319 = CARTESIAN_POINT('',(-12.35410222422,-108.6346900737,
    6.979449267996));
#1320 = CARTESIAN_POINT('',(-12.96487345241,-107.9552488001,
    5.368333812022));
#1321 = CARTESIAN_POINT('',(-13.5750911126,-107.2764233329,
    3.758678578635));
#1322 = CARTESIAN_POINT('',(-24.83101793922,-94.75497355478,
    -25.93263110454));
#1323 = CARTESIAN_POINT('',(-34.14655315247,-82.91186026159,
    -50.50550236978));
#1324 = CARTESIAN_POINT('',(-42.13144123924,-71.06832709548,
    -71.56834229594));
#1325 = CARTESIAN_POINT('',(-48.78543983525,-59.22638070385,
    -89.12051156543));
#1326 = CARTESIAN_POINT('',(-54.10939624941,-47.38141162889,
    -103.1642452416));
#1327 = CARTESIAN_POINT('',(-58.1016902176,-35.540141416,-113.6952693307
    ));
#1328 = CARTESIAN_POINT('',(-60.76523125703,-23.69567318402,
    -120.7212586672));
#1329 = CARTESIAN_POINT('',(-62.09685056882,-11.84777871756,
    -124.2338544734));
#1330 = CARTESIAN_POINT('',(-62.09685056882,11.847778717565,
    -124.2338544734));
#1331 = CARTESIAN_POINT('',(-60.76523125703,23.69567318402,
    -120.7212586672));
#1332 = CARTESIAN_POINT('',(-58.1016902176,35.540141416006,
    -113.6952693307));
#1333 = CARTESIAN_POINT('',(-54.10939624941,47.381411628885,
    -103.1642452417));
#1334 = CARTESIAN_POINT('',(-48.78543983525,59.226380703862,
    -89.12051156543));
#1335 = CARTESIAN_POINT('',(-42.13144123924,71.068327095474,
    -71.56834229594));
#1336 = CARTESIAN_POINT('',(-34.14655315248,82.9118602616,
    -50.50550236978));
#1337 = CARTESIAN_POINT('',(-24.83101793922,94.754973554781,
    -25.93263110454));
#1338 = CARTESIAN_POINT('',(-13.5750911126,107.27642333298,
    3.758678578635));
#1339 = CARTESIAN_POINT('',(-12.96487345241,107.9552488001,
    5.368333812022));
#1340 = CARTESIAN_POINT('',(-12.35410222422,108.63469007379,
    6.979449267996));
#1341 = CARTESIAN_POINT('',(-11.74277742804,109.31474715407,
    8.59202494656));
#1342 = CARTESIAN_POINT('',(-11.13089906388,109.99542004092,
    10.206060847711));
#1343 = CARTESIAN_POINT('',(-10.51846713172,110.67670873435,
    11.821556971451));
#1344 = CARTESIAN_POINT('',(-9.90548163158,111.35861323436,
    13.438513317779));
#1345 = CARTESIAN_POINT('',(-9.291942563445,112.04113354094,
    15.056929886696));
#1346 = CARTESIAN_POINT('',(-8.677849927321,112.72426965411,
    16.676806678201));
#1347 = PCURVE('',#1298,#1348);
#1348 = DEFINITIONAL_REPRESENTATION('',(#1349),#1368);
#1349 = B_SPLINE_CURVE_WITH_KNOTS('',9,(#1350,#1351,#1352,#1353,#1354,
    #1355,#1356,#1357,#1358,#1359,#1360,#1361,#1362,#1363,#1364,#1365,
    #1366,#1367),.UNSPECIFIED.,.F.,.F.,(10,8,10),(-0.773142397452,
    180.61335472349,361.99985184443),.UNSPECIFIED.);
#1350 = CARTESIAN_POINT('',(-2.299826874269,-137.4017863275));
#1351 = CARTESIAN_POINT('',(27.733558547825,-149.2450264452));
#1352 = CARTESIAN_POINT('',(54.012926853157,-161.0881397383));
#1353 = CARTESIAN_POINT('',(76.538504837167,-172.9316729045));
#1354 = CARTESIAN_POINT('',(95.309608783928,-184.7736192961));
#1355 = CARTESIAN_POINT('',(110.32862897401,-196.6185883711));
#1356 = CARTESIAN_POINT('',(121.59099459997,-208.4598585839));
#1357 = CARTESIAN_POINT('',(129.10491348591,-220.3043268159));
#1358 = CARTESIAN_POINT('',(132.86144636737,-232.1522212824));
#1359 = CARTESIAN_POINT('',(132.86144636737,-255.8477787175));
#1360 = CARTESIAN_POINT('',(129.10491348591,-267.695673184));
#1361 = CARTESIAN_POINT('',(121.59099459998,-279.5401414159));
#1362 = CARTESIAN_POINT('',(110.32862897399,-291.3814116289));
#1363 = CARTESIAN_POINT('',(95.309608783946,-303.2263807038));
#1364 = CARTESIAN_POINT('',(76.538504837153,-315.0683270954));
#1365 = CARTESIAN_POINT('',(54.012926853164,-326.9118602615));
#1366 = CARTESIAN_POINT('',(27.733558547823,-338.7549735547));
#1367 = CARTESIAN_POINT('',(-2.299826874269,-350.5982136724));
#1368 = ( GEOMETRIC_REPRESENTATION_CONTEXT(2) 
PARAMETRIC_REPRESENTATION_CONTEXT() REPRESENTATION_CONTEXT('2D SPACE',''
  ) );
#1369 = ( GEOMETRIC_REPRESENTATION_CONTEXT(3) 
GLOBAL_UNCERTAINTY_ASSIGNED_CONTEXT((#1373)) 
GLOBAL_UNIT_ASSIGNED_CONTEXT((#1370,#1371,#1372)) REPRESENTATION_CONTEXT
('Context #1','3D Context with UNIT and UNCERTAINTY') );
#1370 = ( LENGTH_UNIT() NAMED_UNIT(*) SI_UNIT(.MILLI.,.METRE.) );
#1371 = ( NAMED_UNIT(*) PLANE_ANGLE_UNIT() SI_UNIT($,.RADIAN.) );
#1372 = ( NAMED_UNIT(*) SI_UNIT($,.STERADIAN.) SOLID_ANGLE_UNIT() );
#1373 = UNCERTAINTY_MEASURE_WITH_UNIT(LENGTH_MEASURE(5.E-05),#1370,
  'distance_accuracy_value','confusion accuracy');
#1374 = CONTEXT_DEPENDENT_SHAPE_REPRESENTATION(#1375,#1377);
#1375 = ( REPRESENTATION_RELATIONSHIP('','',#1280,#10) 
REPRESENTATION_RELATIONSHIP_WITH_TRANSFORMATION(#1376) 
SHAPE_REPRESENTATION_RELATIONSHIP() );
#1376 = ITEM_DEFINED_TRANSFORMATION('','',#11,#39);
#1377 = PRODUCT_DEFINITION_SHAPE('Placement','Placement of an item',
  #1378);
#1378 = NEXT_ASSEMBLY_USAGE_OCCURRENCE('7','','',#5,#1275,$);
#1379 = PRODUCT_RELATED_PRODUCT_CATEGORY('part',$,(#1277));
#1380 = SHAPE_DEFINITION_REPRESENTATION(#1381,#1387);
#1381 = PRODUCT_DEFINITION_SHAPE('','',#1382);
#1382 = PRODUCT_DEFINITION('design','',#1383,#1386);
#1383 = PRODUCT_DEFINITION_FORMATION('','',#1384);
#1384 = PRODUCT('Open CASCADE STEP translator 7.8 1.8',
  'Open CASCADE STEP translator 7.8 1.8','',(#1385));
#1385 = PRODUCT_CONTEXT('',#2,'mechanical');
#1386 = PRODUCT_DEFINITION_CONTEXT('part definition',#2,'design');
#1387 = MANIFOLD_SURFACE_SHAPE_REPRESENTATION('',(#11,#1388),#1761);
#1388 = SHELL_BASED_SURFACE_MODEL('',(#1389));
#1389 = OPEN_SHELL('',(#1390));
#1390 = ADVANCED_FACE('',(#1391),#1406,.T.);
#1391 = FACE_BOUND('',#1392,.T.);
#1392 = EDGE_LOOP('',(#1393,#1417,#1509,#1532,#1547,#1548,#1640,#1657));
#1393 = ORIENTED_EDGE('',*,*,#1394,.F.);
#1394 = EDGE_CURVE('',#1395,#1397,#1399,.T.);
#1395 = VERTEX_POINT('',#1396);
#1396 = CARTESIAN_POINT('',(0.268798163564,105.624657976,0.));
#1397 = VERTEX_POINT('',#1398);
#1398 = CARTESIAN_POINT('',(-0.268798163564,105.624657976,0.));
#1399 = SURFACE_CURVE('',#1400,(#1405),.PCURVE_S1.);
#1400 = CIRCLE('',#1401,105.625);
#1401 = AXIS2_PLACEMENT_3D('',#1402,#1403,#1404);
#1402 = CARTESIAN_POINT('',(0.,0.,0.));
#1403 = DIRECTION('',(0.,0.,1.));
#1404 = DIRECTION('',(1.,0.,-0.));
#1405 = PCURVE('',#1406,#1411);
#1406 = CONICAL_SURFACE('',#1407,0.25,0.408533970316);
#1407 = AXIS2_PLACEMENT_3D('',#1408,#1409,#1410);
#1408 = CARTESIAN_POINT('',(0.,0.,-243.422485207));
#1409 = DIRECTION('',(0.,0.,1.));
#1410 = DIRECTION('',(1.,0.,-0.));
#1411 = DEFINITIONAL_REPRESENTATION('',(#1412),#1416);
#1412 = LINE('',#1413,#1414);
#1413 = CARTESIAN_POINT('',(0.,243.422485207));
#1414 = VECTOR('',#1415,1.);
#1415 = DIRECTION('',(1.,0.));
#1416 = ( GEOMETRIC_REPRESENTATION_CONTEXT(2) 
PARAMETRIC_REPRESENTATION_CONTEXT() REPRESENTATION_CONTEXT('2D SPACE',''
  ) );
#1417 = ORIENTED_EDGE('',*,*,#1418,.T.);
#1418 = EDGE_CURVE('',#1395,#1419,#1421,.T.);
#1419 = VERTEX_POINT('',#1420);
#1420 = CARTESIAN_POINT('',(27.905524487098,0.,-179.5365872202));
#1421 = SURFACE_CURVE('',#1422,(#1473),.PCURVE_S1.);
#1422 = B_SPLINE_CURVE_WITH_KNOTS('',13,(#1423,#1424,#1425,#1426,#1427,
    #1428,#1429,#1430,#1431,#1432,#1433,#1434,#1435,#1436,#1437,#1438,
    #1439,#1440,#1441,#1442,#1443,#1444,#1445,#1446,#1447,#1448,#1449,
    #1450,#1451,#1452,#1453,#1454,#1455,#1456,#1457,#1458,#1459,#1460,
    #1461,#1462,#1463,#1464,#1465,#1466,#1467,#1468,#1469,#1470,#1471,
    #1472),.UNSPECIFIED.,.F.,.F.,(14,12,12,12,14),(-6.569607965655,
    -2.64616619503E-02,0.,107.2469840027,214.4939680054),.UNSPECIFIED.);
#1423 = CARTESIAN_POINT('',(-2.030918177336,112.16974668299,
    15.105973851036));
#1424 = CARTESIAN_POINT('',(-1.854016729992,111.66627778311,
    13.943974612211));
#1425 = CARTESIAN_POINT('',(-1.677115314373,111.16280897287,
    12.781975581767));
#1426 = CARTESIAN_POINT('',(-1.50021393048,110.65934025226,
    11.619976759703));
#1427 = CARTESIAN_POINT('',(-1.323312578312,110.15587162129,
    10.45797814602));
#1428 = CARTESIAN_POINT('',(-1.146411257869,109.65240307994,
    9.295979740718));
#1429 = CARTESIAN_POINT('',(-0.969509969151,109.14893462824,
    8.133981543796));
#1430 = CARTESIAN_POINT('',(-0.792608712159,108.64546626616,
    6.971983555255));
#1431 = CARTESIAN_POINT('',(-0.615707486891,108.14199799372,
    5.809985775094));
#1432 = CARTESIAN_POINT('',(-0.43880629335,107.63852981091,
    4.647988203314));
#1433 = CARTESIAN_POINT('',(-0.261905131533,107.13506171773,
    3.485990839915));
#1434 = CARTESIAN_POINT('',(-8.500400144204E-02,106.63159371419,
    2.323993684896));
#1435 = CARTESIAN_POINT('',(9.189709692385E-02,106.12812580027,
    1.161996738258));
#1436 = CARTESIAN_POINT('',(0.269513583335,105.62262186145,
    -4.699324063366E-03));
#1437 = CARTESIAN_POINT('',(0.270228982934,105.62058579941,
    -9.398514882412E-03));
#1438 = CARTESIAN_POINT('',(0.270944362382,105.61854978944,
    -1.409757247355E-02));
#1439 = CARTESIAN_POINT('',(0.271659721632,105.61651383261,
    -1.879649683965E-02));
#1440 = CARTESIAN_POINT('',(0.272375060782,105.61447792692,
    -2.349528795341E-02));
#1441 = CARTESIAN_POINT('',(0.273090379676,105.61244207531,
    -2.819394594536E-02));
#1442 = CARTESIAN_POINT('',(0.273805678525,105.61040627425,
    -3.289247058605E-02));
#1443 = CARTESIAN_POINT('',(0.274520957095,105.60837052721,
    -3.759086219726E-02));
#1444 = CARTESIAN_POINT('',(0.275236215607,105.60633483136,
    -4.228912047635E-02));
#1445 = CARTESIAN_POINT('',(0.275951453893,105.6042991886,
    -4.698724566323E-02));
#1446 = CARTESIAN_POINT('',(0.276666672059,105.60226359788,
    -5.168523763225E-02));
#1447 = CARTESIAN_POINT('',(0.277381870055,105.60022805966,
    -5.638309644685E-02));
#1448 = CARTESIAN_POINT('',(3.176655236297,97.348532298361,
    -19.10058441556));
#1449 = CARTESIAN_POINT('',(5.744160005111,89.959116136944,
    -35.95279097122));
#1450 = CARTESIAN_POINT('',(8.035484827652,83.281696148824,
    -50.97939315637));
#1451 = CARTESIAN_POINT('',(10.093293279516,77.200303437462,
    -64.46154518914));
#1452 = CARTESIAN_POINT('',(11.951215411361,71.622729411375,
    -76.62081707375));
#1453 = CARTESIAN_POINT('',(13.636097185145,66.474475059186,
    -87.63403942274));
#1454 = CARTESIAN_POINT('',(15.169584505699,61.694472026257,
    -97.64376575427));
#1455 = CARTESIAN_POINT('',(16.569251295933,57.232011899704,
    -106.7657358261));
#1456 = CARTESIAN_POINT('',(17.849428986936,53.044452753628,
    -115.094380294));
#1457 = CARTESIAN_POINT('',(19.021842708402,49.095404615915,
    -122.7070636362));
#1458 = CARTESIAN_POINT('',(20.096107389188,45.353228169371,
    -129.6674190249));
#1459 = CARTESIAN_POINT('',(21.080084892033,41.789813609126,
    -136.0277854791));
#1460 = CARTESIAN_POINT('',(22.880017566548,34.969664838436,
    -147.633043241));
#1461 = CARTESIAN_POINT('',(23.695958633498,31.712887889534,
    -152.8778452508));
#1462 = CARTESIAN_POINT('',(24.434341256839,28.58433645833,
    -157.608290696));
#1463 = CARTESIAN_POINT('',(25.098995588392,25.558973916834,
    -161.8510655983));
#1464 = CARTESIAN_POINT('',(25.696299602656,22.623675451318,
    -165.6493040947));
#1465 = CARTESIAN_POINT('',(26.221392266874,19.735766874816,
    -168.9746852892));
#1466 = CARTESIAN_POINT('',(26.687612717587,16.922488477529,
    -171.9157576142));
#1467 = CARTESIAN_POINT('',(27.077703523079,14.081918599462,
    -174.3656596549));
#1468 = CARTESIAN_POINT('',(27.406032261412,11.307969138783,
    -176.4215212293));
#1469 = CARTESIAN_POINT('',(27.657853008591,8.45070059443,
    -177.9927356673));
#1470 = CARTESIAN_POINT('',(27.8228356725,5.611597280285,-179.0208728269
    ));
#1471 = CARTESIAN_POINT('',(27.905524487101,2.806757924498,
    -179.5365872202));
#1472 = CARTESIAN_POINT('',(27.905524487098,0.,-179.5365872202));
#1473 = PCURVE('',#1406,#1474);
#1474 = DEFINITIONAL_REPRESENTATION('',(#1475),#1508);
#1475 = B_SPLINE_CURVE_WITH_KNOTS('',11,(#1476,#1477,#1478,#1479,#1480,
    #1481,#1482,#1483,#1484,#1485,#1486,#1487,#1488,#1489,#1490,#1491,
    #1492,#1493,#1494,#1495,#1496,#1497,#1498,#1499,#1500,#1501,#1502,
    #1503,#1504,#1505,#1506,#1507),.UNSPECIFIED.,.F.,.F.,(12,10,10,12),(
    -2.64616619503E-02,107.23375317172,160.86386058856,214.4939680054),
  .UNSPECIFIED.);
#1476 = CARTESIAN_POINT('',(1.568251489363,243.422485207));
#1477 = CARTESIAN_POINT('',(1.535570200863,220.9108206987));
#1478 = CARTESIAN_POINT('',(1.50073294632,201.50330187666));
#1479 = CARTESIAN_POINT('',(1.463580052994,184.57241264775));
#1480 = CARTESIAN_POINT('',(1.423914073912,169.66533268784));
#1481 = CARTESIAN_POINT('',(1.381496593113,156.44548421595));
#1482 = CARTESIAN_POINT('',(1.336047463604,144.65680956999));
#1483 = CARTESIAN_POINT('',(1.287245401713,134.10178177756));
#1484 = CARTESIAN_POINT('',(1.234729601612,124.62683382512));
#1485 = CARTESIAN_POINT('',(1.17810277365,116.11157578302));
#1486 = CARTESIAN_POINT('',(1.11693675014,108.46085245211));
#1487 = CARTESIAN_POINT('',(1.017705438252,98.171640266737));
#1488 = CARTESIAN_POINT('',(0.983381171546,94.939726141446));
#1489 = CARTESIAN_POINT('',(0.947754429515,91.896361663437));
#1490 = CARTESIAN_POINT('',(0.910766038676,89.033904667455));
#1491 = CARTESIAN_POINT('',(0.872359602328,86.345548420728));
#1492 = CARTESIAN_POINT('',(0.832476604038,83.825742299441));
#1493 = CARTESIAN_POINT('',(0.791057327205,81.47018067859));
#1494 = CARTESIAN_POINT('',(0.748045709738,79.275473524696));
#1495 = CARTESIAN_POINT('',(0.703390893997,77.23921428328));
#1496 = CARTESIAN_POINT('',(0.657046744547,75.360602817754));
#1497 = CARTESIAN_POINT('',(0.560939237639,71.919524073643));
#1498 = CARTESIAN_POINT('',(0.511175705099,70.357066449259));
#1499 = CARTESIAN_POINT('',(0.459681605188,68.953168638595));
#1500 = CARTESIAN_POINT('',(0.406457422521,67.709756844763));
#1501 = CARTESIAN_POINT('',(0.351546351124,66.630222813135));
#1502 = CARTESIAN_POINT('',(0.295038383146,65.719880423521));
#1503 = CARTESIAN_POINT('',(0.237148982054,64.984996340684));
#1504 = CARTESIAN_POINT('',(0.178195926815,64.433850139455));
#1505 = CARTESIAN_POINT('',(0.11885847502,64.068787198519));
#1506 = CARTESIAN_POINT('',(5.944139787499E-02,63.885897986744));
#1507 = CARTESIAN_POINT('',(5.551115123126E-17,63.885897986738));
#1508 = ( GEOMETRIC_REPRESENTATION_CONTEXT(2) 
PARAMETRIC_REPRESENTATION_CONTEXT() REPRESENTATION_CONTEXT('2D SPACE',''
  ) );
#1509 = ORIENTED_EDGE('',*,*,#1510,.F.);
#1510 = EDGE_CURVE('',#1511,#1419,#1513,.T.);
#1511 = VERTEX_POINT('',#1512);
#1512 = CARTESIAN_POINT('',(0.25,-6.123031769112E-17,-243.422485207));
#1513 = SEAM_CURVE('',#1514,(#1518,#1525),.PCURVE_S1.);
#1514 = LINE('',#1515,#1516);
#1515 = CARTESIAN_POINT('',(0.25,-6.123031769112E-17,-243.422485207));
#1516 = VECTOR('',#1517,1.);
#1517 = DIRECTION('',(0.397264373762,-9.729849525118E-17,0.917704210157)
  );
#1518 = PCURVE('',#1406,#1519);
#1519 = DEFINITIONAL_REPRESENTATION('',(#1520),#1524);
#1520 = LINE('',#1521,#1522);
#1521 = CARTESIAN_POINT('',(0.,-0.));
#1522 = VECTOR('',#1523,1.);
#1523 = DIRECTION('',(0.,1.));
#1524 = ( GEOMETRIC_REPRESENTATION_CONTEXT(2) 
PARAMETRIC_REPRESENTATION_CONTEXT() REPRESENTATION_CONTEXT('2D SPACE',''
  ) );
#1525 = PCURVE('',#1406,#1526);
#1526 = DEFINITIONAL_REPRESENTATION('',(#1527),#1531);
#1527 = LINE('',#1528,#1529);
#1528 = CARTESIAN_POINT('',(6.28318530718,-0.));
#1529 = VECTOR('',#1530,1.);
#1530 = DIRECTION('',(0.,1.));
#1531 = ( GEOMETRIC_REPRESENTATION_CONTEXT(2) 
PARAMETRIC_REPRESENTATION_CONTEXT() REPRESENTATION_CONTEXT('2D SPACE',''
  ) );
#1532 = ORIENTED_EDGE('',*,*,#1533,.T.);
#1533 = EDGE_CURVE('',#1511,#1511,#1534,.T.);
#1534 = SURFACE_CURVE('',#1535,(#1540),.PCURVE_S1.);
#1535 = CIRCLE('',#1536,0.25);
#1536 = AXIS2_PLACEMENT_3D('',#1537,#1538,#1539);
#1537 = CARTESIAN_POINT('',(0.,0.,-243.422485207));
#1538 = DIRECTION('',(0.,0.,1.));
#1539 = DIRECTION('',(1.,0.,-0.));
#1540 = PCURVE('',#1406,#1541);
#1541 = DEFINITIONAL_REPRESENTATION('',(#1542),#1546);
#1542 = LINE('',#1543,#1544);
#1543 = CARTESIAN_POINT('',(0.,0.));
#1544 = VECTOR('',#1545,1.);
#1545 = DIRECTION('',(1.,0.));
#1546 = ( GEOMETRIC_REPRESENTATION_CONTEXT(2) 
PARAMETRIC_REPRESENTATION_CONTEXT() REPRESENTATION_CONTEXT('2D SPACE',''
  ) );
#1547 = ORIENTED_EDGE('',*,*,#1510,.T.);
#1548 = ORIENTED_EDGE('',*,*,#1549,.T.);
#1549 = EDGE_CURVE('',#1419,#1550,#1552,.T.);
#1550 = VERTEX_POINT('',#1551);
#1551 = CARTESIAN_POINT('',(0.268798163564,-105.624657976,0.));
#1552 = SURFACE_CURVE('',#1553,(#1604),.PCURVE_S1.);
#1553 = B_SPLINE_CURVE_WITH_KNOTS('',13,(#1554,#1555,#1556,#1557,#1558,
    #1559,#1560,#1561,#1562,#1563,#1564,#1565,#1566,#1567,#1568,#1569,
    #1570,#1571,#1572,#1573,#1574,#1575,#1576,#1577,#1578,#1579,#1580,
    #1581,#1582,#1583,#1584,#1585,#1586,#1587,#1588,#1589,#1590,#1591,
    #1592,#1593,#1594,#1595,#1596,#1597,#1598,#1599,#1600,#1601,#1602,
    #1603),.UNSPECIFIED.,.F.,.F.,(14,12,12,12,14),(214.4939680054,
    321.7409520081,428.9879360108,429.01439767276,435.55754397266),
  .UNSPECIFIED.);
#1554 = CARTESIAN_POINT('',(27.905524487098,-6.834656518729E-15,
    -179.5365872202));
#1555 = CARTESIAN_POINT('',(27.905524487092,-2.806757924492,
    -179.5365872202));
#1556 = CARTESIAN_POINT('',(27.822835672537,-5.611597280315,
    -179.0208728271));
#1557 = CARTESIAN_POINT('',(27.657853008488,-8.450700594346,
    -177.9927356668));
#1558 = CARTESIAN_POINT('',(27.406032261617,-11.30796913895,
    -176.4215212304));
#1559 = CARTESIAN_POINT('',(27.077703522764,-14.08191859919,
    -174.3656596531));
#1560 = CARTESIAN_POINT('',(26.687612717971,-16.92248847785,
    -171.9157576163));
#1561 = CARTESIAN_POINT('',(26.221392266503,-19.73576687449,
    -168.9746852871));
#1562 = CARTESIAN_POINT('',(25.696299602942,-22.62367545156,
    -165.6493040963));
#1563 = CARTESIAN_POINT('',(25.098995588219,-25.55897391668,
    -161.8510655973));
#1564 = CARTESIAN_POINT('',(24.434341256918,-28.5843364584,
    -157.6082906965));
#1565 = CARTESIAN_POINT('',(23.695958633473,-31.71288788951,
    -152.8778452506));
#1566 = CARTESIAN_POINT('',(22.880017566551,-34.96966483843,
    -147.633043241));
#1567 = CARTESIAN_POINT('',(21.080084892032,-41.78981360913,
    -136.0277854791));
#1568 = CARTESIAN_POINT('',(20.096107389184,-45.35322816934,
    -129.6674190248));
#1569 = CARTESIAN_POINT('',(19.021842708418,-49.09540461601,
    -122.7070636363));
#1570 = CARTESIAN_POINT('',(17.849428986898,-53.04445275342,
    -115.0943802938));
#1571 = CARTESIAN_POINT('',(16.569251295998,-57.23201190003,
    -106.7657358266));
#1572 = CARTESIAN_POINT('',(15.169584505615,-61.69447202584,
    -97.64376575364));
#1573 = CARTESIAN_POINT('',(13.636097185231,-66.47447505957,
    -87.63403942338));
#1574 = CARTESIAN_POINT('',(11.951215411294,-71.62272941108,
    -76.62081707323));
#1575 = CARTESIAN_POINT('',(10.093293279558,-77.20030343761,
    -64.46154518947));
#1576 = CARTESIAN_POINT('',(8.035484827631,-83.28169614877,
    -50.97939315621));
#1577 = CARTESIAN_POINT('',(5.744160005118,-89.95911613694,
    -35.95279097128));
#1578 = CARTESIAN_POINT('',(3.176655236295,-97.34853229837,
    -19.10058441555));
#1579 = CARTESIAN_POINT('',(0.277381870056,-105.6002280596,
    -5.63830964446E-02));
#1580 = CARTESIAN_POINT('',(0.276666672057,-105.602263598,
    -5.168523765645E-02));
#1581 = CARTESIAN_POINT('',(0.275951453897,-105.6042991882,
    -4.69872455844E-02));
#1582 = CARTESIAN_POINT('',(0.275236215599,-105.6063348321,
    -4.228912064486E-02));
#1583 = CARTESIAN_POINT('',(0.274520957106,-105.6083705258,
    -3.759086192923E-02));
#1584 = CARTESIAN_POINT('',(0.273805678515,-105.6104062759,
    -3.289247091687E-02));
#1585 = CARTESIAN_POINT('',(0.273090379683,-105.6124420736,
    -2.819394562398E-02));
#1586 = CARTESIAN_POINT('',(0.27237506078,-105.6144779283,
    -2.349528820052E-02));
#1587 = CARTESIAN_POINT('',(0.271659721632,-105.6165138316,
    -1.879649668964E-02));
#1588 = CARTESIAN_POINT('',(0.270944362383,-105.6185497899,
    -1.409757254392E-02));
#1589 = CARTESIAN_POINT('',(0.270228982933,-105.6205857992,
    -9.398514858363E-03));
#1590 = CARTESIAN_POINT('',(0.269513583335,-105.6226218614,
    -4.699324068385E-03));
#1591 = CARTESIAN_POINT('',(9.189709697653E-02,-106.1281257898,
    1.161996738823));
#1592 = CARTESIAN_POINT('',(-8.500400131168E-02,-106.6315936952,
    2.323993685895));
#1593 = CARTESIAN_POINT('',(-0.2619051313,-107.135061692,3.485990841215)
  );
#1594 = CARTESIAN_POINT('',(-0.438806292989,-107.6385297802,
    4.647988204783));
#1595 = CARTESIAN_POINT('',(-0.615707486378,-108.14199796,5.8099857766)
  );
#1596 = CARTESIAN_POINT('',(-0.792608711468,-108.6454662312,
    6.971983556665));
#1597 = CARTESIAN_POINT('',(-0.969509968258,-109.1489345938,
    8.133981544978));
#1598 = CARTESIAN_POINT('',(-1.146411256748,-109.652403048,
    9.295979741539));
#1599 = CARTESIAN_POINT('',(-1.323312576939,-110.1558715936,
    10.457978146349));
#1600 = CARTESIAN_POINT('',(-1.500213928829,-110.6593402307,
    11.619976759407));
#1601 = CARTESIAN_POINT('',(-1.677115312421,-111.1628089592,
    12.781975580713));
#1602 = CARTESIAN_POINT('',(-1.854016727712,-111.6662777792,
    13.943974610268));
#1603 = CARTESIAN_POINT('',(-2.030918174704,-112.1697466907,
    15.105973848071));
#1604 = PCURVE('',#1406,#1605);
#1605 = DEFINITIONAL_REPRESENTATION('',(#1606),#1639);
#1606 = B_SPLINE_CURVE_WITH_KNOTS('',11,(#1607,#1608,#1609,#1610,#1611,
    #1612,#1613,#1614,#1615,#1616,#1617,#1618,#1619,#1620,#1621,#1622,
    #1623,#1624,#1625,#1626,#1627,#1628,#1629,#1630,#1631,#1632,#1633,
    #1634,#1635,#1636,#1637,#1638),.UNSPECIFIED.,.F.,.F.,(12,10,10,12),(
    214.4939680054,268.12407542224,321.75418283908,429.01439767276),
  .UNSPECIFIED.);
#1607 = CARTESIAN_POINT('',(6.28318530718,63.885897986738));
#1608 = CARTESIAN_POINT('',(6.223743909305,63.88589798673));
#1609 = CARTESIAN_POINT('',(6.16432683216,64.068787198552));
#1610 = CARTESIAN_POINT('',(6.104989380365,64.43385013941));
#1611 = CARTESIAN_POINT('',(6.046036325126,64.984996340742));
#1612 = CARTESIAN_POINT('',(5.988146924032,65.719880423446));
#1613 = CARTESIAN_POINT('',(5.931638956058,66.630222813219));
#1614 = CARTESIAN_POINT('',(5.876727884657,67.709756844692));
#1615 = CARTESIAN_POINT('',(5.823503701993,68.95316863864));
#1616 = CARTESIAN_POINT('',(5.77200960208,70.357066449238));
#1617 = CARTESIAN_POINT('',(5.72224606954,71.91952407365));
#1618 = CARTESIAN_POINT('',(5.626138562632,75.360602817745));
#1619 = CARTESIAN_POINT('',(5.579794413185,77.239214283323));
#1620 = CARTESIAN_POINT('',(5.535139597435,79.275473524594));
#1621 = CARTESIAN_POINT('',(5.492127979986,81.470180678738));
#1622 = CARTESIAN_POINT('',(5.450708703127,83.825742299302));
#1623 = CARTESIAN_POINT('',(5.410825704864,86.345548420832));
#1624 = CARTESIAN_POINT('',(5.372419268495,89.033904667369));
#1625 = CARTESIAN_POINT('',(5.335430877669,91.89636166351));
#1626 = CARTESIAN_POINT('',(5.299804135632,94.939726141404));
#1627 = CARTESIAN_POINT('',(5.265479868928,98.171640266744));
#1628 = CARTESIAN_POINT('',(5.166248557039,108.46085245211));
#1629 = CARTESIAN_POINT('',(5.105082530461,116.11157571794));
#1630 = CARTESIAN_POINT('',(5.04845571068,124.62683393349));
#1631 = CARTESIAN_POINT('',(4.995939906661,134.10178180299));
#1632 = CARTESIAN_POINT('',(4.947137837366,144.65680943839));
#1633 = CARTESIAN_POINT('',(4.90168871224,156.44548417717));
#1634 = CARTESIAN_POINT('',(4.859271240824,169.66533284775));
#1635 = CARTESIAN_POINT('',(4.819605256572,184.57241269853));
#1636 = CARTESIAN_POINT('',(4.782452349611,201.50330163855));
#1637 = CARTESIAN_POINT('',(4.747615113135,220.91082084286));
#1638 = CARTESIAN_POINT('',(4.714933817816,243.422485207));
#1639 = ( GEOMETRIC_REPRESENTATION_CONTEXT(2) 
PARAMETRIC_REPRESENTATION_CONTEXT() REPRESENTATION_CONTEXT('2D SPACE',''
  ) );
#1640 = ORIENTED_EDGE('',*,*,#1641,.F.);
#1641 = EDGE_CURVE('',#1642,#1550,#1644,.T.);
#1642 = VERTEX_POINT('',#1643);
#1643 = CARTESIAN_POINT('',(-0.268798163564,-105.624657976,0.));
#1644 = SURFACE_CURVE('',#1645,(#1650),.PCURVE_S1.);
#1645 = CIRCLE('',#1646,105.625);
#1646 = AXIS2_PLACEMENT_3D('',#1647,#1648,#1649);
#1647 = CARTESIAN_POINT('',(0.,0.,0.));
#1648 = DIRECTION('',(0.,0.,1.));
#1649 = DIRECTION('',(1.,0.,-0.));
#1650 = PCURVE('',#1406,#1651);
#1651 = DEFINITIONAL_REPRESENTATION('',(#1652),#1656);
#1652 = LINE('',#1653,#1654);
#1653 = CARTESIAN_POINT('',(0.,243.422485207));
#1654 = VECTOR('',#1655,1.);
#1655 = DIRECTION('',(1.,0.));
#1656 = ( GEOMETRIC_REPRESENTATION_CONTEXT(2) 
PARAMETRIC_REPRESENTATION_CONTEXT() REPRESENTATION_CONTEXT('2D SPACE',''
  ) );
#1657 = ORIENTED_EDGE('',*,*,#1658,.T.);
#1658 = EDGE_CURVE('',#1642,#1397,#1659,.T.);
#1659 = SURFACE_CURVE('',#1660,(#1715),.PCURVE_S1.);
#1660 = B_SPLINE_CURVE_WITH_KNOTS('',14,(#1661,#1662,#1663,#1664,#1665,
    #1666,#1667,#1668,#1669,#1670,#1671,#1672,#1673,#1674,#1675,#1676,
    #1677,#1678,#1679,#1680,#1681,#1682,#1683,#1684,#1685,#1686,#1687,
    #1688,#1689,#1690,#1691,#1692,#1693,#1694,#1695,#1696,#1697,#1698,
    #1699,#1700,#1701,#1702,#1703,#1704,#1705,#1706,#1707,#1708,#1709,
    #1710,#1711,#1712,#1713,#1714),.UNSPECIFIED.,.F.,.F.,(15,13,13,13,15
    ),(-4.451203777278,-1.918743166233E-02,214.53097498321,
    429.08113739809,433.51315374371),.UNSPECIFIED.);
#1661 = CARTESIAN_POINT('',(1.879542820162,-111.7389261019,
    14.111645933733));
#1662 = CARTESIAN_POINT('',(1.726089892753,-111.3021926643,
    13.103671224181));
#1663 = CARTESIAN_POINT('',(1.572636965344,-110.8654592268,
    12.095696514629));
#1664 = CARTESIAN_POINT('',(1.419184037935,-110.4287257892,
    11.087721805077));
#1665 = CARTESIAN_POINT('',(1.265731110526,-109.9919923516,
    10.079747095525));
#1666 = CARTESIAN_POINT('',(1.112278183117,-109.5552589141,
    9.071772385973));
#1667 = CARTESIAN_POINT('',(0.958825255708,-109.1185254765,
    8.063797676421));
#1668 = CARTESIAN_POINT('',(0.805372328299,-108.6817920389,
    7.055822966869));
#1669 = CARTESIAN_POINT('',(0.65191940089,-108.2450586014,6.047848257316
    ));
#1670 = CARTESIAN_POINT('',(0.498466473481,-107.8083251638,
    5.039873547764));
#1671 = CARTESIAN_POINT('',(0.345013546072,-107.3715917262,
    4.031898838211));
#1672 = CARTESIAN_POINT('',(0.191560618663,-106.9348582887,
    3.023924128659));
#1673 = CARTESIAN_POINT('',(3.810769125382E-02,-106.4981248511,
    2.015949419106));
#1674 = CARTESIAN_POINT('',(-0.115345236155,-106.0613914135,
    1.007974709553));
#1675 = CARTESIAN_POINT('',(-7.697324579367,-84.48276167977,
    -48.79520308146));
#1676 = CARTESIAN_POINT('',(-12.54068255087,-70.16353909614,
    -80.52631493942));
#1677 = CARTESIAN_POINT('',(-16.15449384946,-59.03879484757,
    -104.133928224));
#1678 = CARTESIAN_POINT('',(-18.88125233003,-50.18618848095,
    -121.8780752197));
#1679 = CARTESIAN_POINT('',(-21.06674441053,-42.66809945867,
    -136.0407306381));
#1680 = CARTESIAN_POINT('',(-22.78316072709,-36.27727286454,
    -147.1015725354));
#1681 = CARTESIAN_POINT('',(-24.20292237145,-30.52179530359,
    -156.2002232577));
#1682 = CARTESIAN_POINT('',(-25.31374399193,-25.41584311437,
    -163.2645621514));
#1683 = CARTESIAN_POINT('',(-26.2148725579,-20.66566801935,
    -168.9603714351));
#1684 = CARTESIAN_POINT('',(-26.90042106622,-16.25522625673,
    -173.2630573367));
#1685 = CARTESIAN_POINT('',(-27.40671118781,-12.04809320688,
    -176.4272397398));
#1686 = CARTESIAN_POINT('',(-27.73914311108,-7.98569536868,
    -178.4994087639));
#1687 = CARTESIAN_POINT('',(-27.90552448709,-3.992808158403,
    -179.5365872202));
#1688 = CARTESIAN_POINT('',(-27.9055244871,3.992808158404,
    -179.5365872203));
#1689 = CARTESIAN_POINT('',(-27.73914311102,7.985695368665,
    -178.4994087636));
#1690 = CARTESIAN_POINT('',(-27.40671118798,12.048093206926,
    -176.4272397406));
#1691 = CARTESIAN_POINT('',(-26.9004210659,16.255226256671,
    -173.2630573352));
#1692 = CARTESIAN_POINT('',(-26.21487255837,20.665668019406,
    -168.9603714372));
#1693 = CARTESIAN_POINT('',(-25.31374399138,25.415843114399,
    -163.2645621492));
#1694 = CARTESIAN_POINT('',(-24.20292237196,30.521795303455,
    -156.2002232595));
#1695 = CARTESIAN_POINT('',(-22.78316072671,36.277272864775,
    -147.1015725344));
#1696 = CARTESIAN_POINT('',(-21.06674441075,42.668099458414,
    -136.0407306385));
#1697 = CARTESIAN_POINT('',(-18.88125232993,50.186188481155,
    -121.8780752197));
#1698 = CARTESIAN_POINT('',(-16.15449384949,59.038794847459,
    -104.1339282239));
#1699 = CARTESIAN_POINT('',(-12.54068255086,70.163539096191,
    -80.52631493948));
#1700 = CARTESIAN_POINT('',(-7.697324579368,84.48276167976,
    -48.79520308144));
#1701 = CARTESIAN_POINT('',(-0.115345236155,106.06139141356,
    1.007974709553));
#1702 = CARTESIAN_POINT('',(3.810769125389E-02,106.49812485113,
    2.015949419105));
#1703 = CARTESIAN_POINT('',(0.191560618663,106.9348582887,3.023924128658
    ));
#1704 = CARTESIAN_POINT('',(0.345013546072,107.37159172627,
    4.031898838211));
#1705 = CARTESIAN_POINT('',(0.498466473481,107.80832516384,
    5.039873547763));
#1706 = CARTESIAN_POINT('',(0.651919400891,108.24505860141,
    6.047848257316));
#1707 = CARTESIAN_POINT('',(0.8053723283,108.68179203897,7.055822966868)
  );
#1708 = CARTESIAN_POINT('',(0.958825255709,109.11852547654,
    8.063797676421));
#1709 = CARTESIAN_POINT('',(1.112278183118,109.55525891411,
    9.071772385974));
#1710 = CARTESIAN_POINT('',(1.265731110527,109.99199235168,
    10.079747095526));
#1711 = CARTESIAN_POINT('',(1.419184037936,110.42872578925,
    11.087721805079));
#1712 = CARTESIAN_POINT('',(1.572636965346,110.86545922681,
    12.095696514632));
#1713 = CARTESIAN_POINT('',(1.726089892755,111.30219266438,
    13.103671224184));
#1714 = CARTESIAN_POINT('',(1.879542820164,111.73892610195,
    14.111645933737));
#1715 = PCURVE('',#1406,#1716);
#1716 = DEFINITIONAL_REPRESENTATION('',(#1717),#1760);
#1717 = B_SPLINE_CURVE_WITH_KNOTS('',11,(#1718,#1719,#1720,#1721,#1722,
    #1723,#1724,#1725,#1726,#1727,#1728,#1729,#1730,#1731,#1732,#1733,
    #1734,#1735,#1736,#1737,#1738,#1739,#1740,#1741,#1742,#1743,#1744,
    #1745,#1746,#1747,#1748,#1749,#1750,#1751,#1752,#1753,#1754,#1755,
    #1756,#1757,#1758,#1759),.UNSPECIFIED.,.F.,.F.,(12,10,10,10,12),(
    -1.918743166232E-02,107.25589377577,214.53097498321,321.80605619065,
    429.08113739809),.UNSPECIFIED.);
#1718 = CARTESIAN_POINT('',(4.709844142953,243.422485207));
#1719 = CARTESIAN_POINT('',(4.664765167206,212.37099233695));
#1720 = CARTESIAN_POINT('',(4.617257356399,188.37780430401));
#1721 = CARTESIAN_POINT('',(4.567279742267,168.9777144116));
#1722 = CARTESIAN_POINT('',(4.51478124898,152.97070091796));
#1723 = CARTESIAN_POINT('',(4.45968097028,139.5203645306));
#1724 = CARTESIAN_POINT('',(4.401891361804,128.09470147417));
#1725 = CARTESIAN_POINT('',(4.341282928829,118.29227978069));
#1726 = CARTESIAN_POINT('',(4.277747053077,109.83464332187));
#1727 = CARTESIAN_POINT('',(4.211209367801,102.50733762654));
#1728 = CARTESIAN_POINT('',(4.141655655013,96.149907959017));
#1729 = CARTESIAN_POINT('',(3.996623487618,85.125123860872));
#1730 = CARTESIAN_POINT('',(3.921145212641,80.457806790859));
#1731 = CARTESIAN_POINT('',(3.842757270705,76.510748628313));
#1732 = CARTESIAN_POINT('',(3.76158593751,73.196400940124));
#1733 = CARTESIAN_POINT('',(3.677825043583,70.44818019851));
#1734 = CARTESIAN_POINT('',(3.59176317471,68.217769609995));
#1735 = CARTESIAN_POINT('',(3.50375915179,66.468284281547));
#1736 = CARTESIAN_POINT('',(3.414238390653,65.172507978011));
#1737 = CARTESIAN_POINT('',(3.323698505438,64.314883726424));
#1738 = CARTESIAN_POINT('',(3.232645626106,63.885897986741));
#1739 = CARTESIAN_POINT('',(3.050539681074,63.885897986753));
#1740 = CARTESIAN_POINT('',(2.959486801734,64.314883726389));
#1741 = CARTESIAN_POINT('',(2.86894691654,65.172507978069));
#1742 = CARTESIAN_POINT('',(2.779426155376,66.468284281504));
#1743 = CARTESIAN_POINT('',(2.691422132473,68.217769610022));
#1744 = CARTESIAN_POINT('',(2.605360263605,70.448180198498));
#1745 = CARTESIAN_POINT('',(2.521599369659,73.196400940126));
#1746 = CARTESIAN_POINT('',(2.44042803648,76.510748628314));
#1747 = CARTESIAN_POINT('',(2.362040094538,80.45780679086));
#1748 = CARTESIAN_POINT('',(2.286561819561,85.125123860871));
#1749 = CARTESIAN_POINT('',(2.141529652167,96.149907959021));
#1750 = CARTESIAN_POINT('',(2.071975939377,102.50733762653));
#1751 = CARTESIAN_POINT('',(2.005438254106,109.8346433219));
#1752 = CARTESIAN_POINT('',(1.941902378343,118.29227978068));
#1753 = CARTESIAN_POINT('',(1.881293945385,128.09470147416));
#1754 = CARTESIAN_POINT('',(1.823504336891,139.52036453066));
#1755 = CARTESIAN_POINT('',(1.768404058204,152.97070091787));
#1756 = CARTESIAN_POINT('',(1.715905564911,168.9777144117));
#1757 = CARTESIAN_POINT('',(1.665927950779,188.37780430393));
#1758 = CARTESIAN_POINT('',(1.618420139975,212.37099233699));
#1759 = CARTESIAN_POINT('',(1.573341164226,243.422485207));
#1760 = ( GEOMETRIC_REPRESENTATION_CONTEXT(2) 
PARAMETRIC_REPRESENTATION_CONTEXT() REPRESENTATION_CONTEXT('2D SPACE',''
  ) );
#1761 = ( GEOMETRIC_REPRESENTATION_CONTEXT(3) 
GLOBAL_UNCERTAINTY_ASSIGNED_CONTEXT((#1765)) 
GLOBAL_UNIT_ASSIGNED_CONTEXT((#1762,#1763,#1764)) REPRESENTATION_CONTEXT
('Context #1','3D Context with UNIT and UNCERTAINTY') );
#1762 = ( LENGTH_UNIT() NAMED_UNIT(*) SI_UNIT(.MILLI.,.METRE.) );
#1763 = ( NAMED_UNIT(*) PLANE_ANGLE_UNIT() SI_UNIT($,.RADIAN.) );
#1764 = ( NAMED_UNIT(*) SI_UNIT($,.STERADIAN.) SOLID_ANGLE_UNIT() );
#1765 = UNCERTAINTY_MEASURE_WITH_UNIT(LENGTH_MEASURE(2.E-05),#1762,
  'distance_accuracy_value','confusion accuracy');
#1766 = CONTEXT_DEPENDENT_SHAPE_REPRESENTATION(#1767,#1769);
#1767 = ( REPRESENTATION_RELATIONSHIP('','',#1387,#10) 
REPRESENTATION_RELATIONSHIP_WITH_TRANSFORMATION(#1768) 
SHAPE_REPRESENTATION_RELATIONSHIP() );
#1768 = ITEM_DEFINED_TRANSFORMATION('','',#11,#43);
#1769 = PRODUCT_DEFINITION_SHAPE('Placement','Placement of an item',
  #1770);
#1770 = NEXT_ASSEMBLY_USAGE_OCCURRENCE('8','','',#5,#1382,$);
#1771 = PRODUCT_RELATED_PRODUCT_CATEGORY('part',$,(#1384));
#1772 = SHAPE_DEFINITION_REPRESENTATION(#1773,#1779);
#1773 = PRODUCT_DEFINITION_SHAPE('','',#1774);
#1774 = PRODUCT_DEFINITION('design','',#1775,#1778);
#1775 = PRODUCT_DEFINITION_FORMATION('','',#1776);
#1776 = PRODUCT('Open CASCADE STEP translator 7.8 1.9',
  'Open CASCADE STEP translator 7.8 1.9','',(#1777));
#1777 = PRODUCT_CONTEXT('',#2,'mechanical');
#1778 = PRODUCT_DEFINITION_CONTEXT('part definition',#2,'design');
#1779 = MANIFOLD_SURFACE_SHAPE_REPRESENTATION('',(#11,#1780),#2072);
#1780 = SHELL_BASED_SURFACE_MODEL('',(#1781));
#1781 = OPEN_SHELL('',(#1782));
#1782 = ADVANCED_FACE('',(#1783),#1797,.T.);
#1783 = FACE_BOUND('',#1784,.T.);
#1784 = EDGE_LOOP('',(#1785,#1808,#1862,#1879,#1933,#1949,#2003,#2020));
#1785 = ORIENTED_EDGE('',*,*,#1786,.T.);
#1786 = EDGE_CURVE('',#1787,#1789,#1791,.T.);
#1787 = VERTEX_POINT('',#1788);
#1788 = CARTESIAN_POINT('',(0.75,-105.1049977207,0.));
#1789 = VERTEX_POINT('',#1790);
#1790 = CARTESIAN_POINT('',(0.75,105.10499772075,0.));
#1791 = SURFACE_CURVE('',#1792,(#1796),.PCURVE_S1.);
#1792 = LINE('',#1793,#1794);
#1793 = CARTESIAN_POINT('',(0.75,-244.,0.));
#1794 = VECTOR('',#1795,1.);
#1795 = DIRECTION('',(0.,1.,0.));
#1796 = PCURVE('',#1797,#1802);
#1797 = PLANE('',#1798);
#1798 = AXIS2_PLACEMENT_3D('',#1799,#1800,#1801);
#1799 = CARTESIAN_POINT('',(0.,0.,0.));
#1800 = DIRECTION('',(0.,0.,1.));
#1801 = DIRECTION('',(1.,0.,-0.));
#1802 = DEFINITIONAL_REPRESENTATION('',(#1803),#1807);
#1803 = LINE('',#1804,#1805);
#1804 = CARTESIAN_POINT('',(0.75,-244.));
#1805 = VECTOR('',#1806,1.);
#1806 = DIRECTION('',(0.,1.));
#1807 = ( GEOMETRIC_REPRESENTATION_CONTEXT(2) 
PARAMETRIC_REPRESENTATION_CONTEXT() REPRESENTATION_CONTEXT('2D SPACE',''
  ) );
#1808 = ORIENTED_EDGE('',*,*,#1809,.F.);
#1809 = EDGE_CURVE('',#1810,#1789,#1812,.T.);
#1810 = VERTEX_POINT('',#1811);
#1811 = CARTESIAN_POINT('',(0.268798163564,105.624657976,0.));
#1812 = SURFACE_CURVE('',#1813,(#1836),.PCURVE_S1.);
#1813 = B_SPLINE_CURVE_WITH_KNOTS('',6,(#1814,#1815,#1816,#1817,#1818,
    #1819,#1820,#1821,#1822,#1823,#1824,#1825,#1826,#1827,#1828,#1829,
    #1830,#1831,#1832,#1833,#1834,#1835),.UNSPECIFIED.,.F.,.F.,(7,5,5,5,
    7),(0.,0.244999707768,0.490999815178,0.737000052996,1.),
  .UNSPECIFIED.);
#1814 = CARTESIAN_POINT('',(0.268798163564,105.624657976,0.));
#1815 = CARTESIAN_POINT('',(0.29578104753,105.62458930878,0.));
#1816 = CARTESIAN_POINT('',(0.323703334753,105.62244327662,0.));
#1817 = CARTESIAN_POINT('',(0.352368398491,105.61798179058,0.));
#1818 = CARTESIAN_POINT('',(0.381504631934,105.61099390118,0.));
#1819 = CARTESIAN_POINT('',(0.410758098067,105.6013453191,0.));
#1820 = CARTESIAN_POINT('',(0.46884126399,105.57663634693,0.));
#1821 = CARTESIAN_POINT('',(0.497668652551,105.56155392181,0.));
#1822 = CARTESIAN_POINT('',(0.525830331484,105.54374803222,0.));
#1823 = CARTESIAN_POINT('',(0.552896089557,105.52331077897,0.));
#1824 = CARTESIAN_POINT('',(0.578457766013,105.50047927196,0.));
#1825 = CARTESIAN_POINT('',(0.625924995747,105.45068985086,0.));
#1826 = CARTESIAN_POINT('',(0.647830430167,105.42373204879,0.));
#1827 = CARTESIAN_POINT('',(0.667583072773,105.39504145874,0.));
#1828 = CARTESIAN_POINT('',(0.684938608726,105.36504611114,0.));
#1829 = CARTESIAN_POINT('',(0.699785756294,105.3342091654,0.));
#1830 = CARTESIAN_POINT('',(0.725309877517,105.26955205812,0.));
#1831 = CARTESIAN_POINT('',(0.735627898201,105.23567312549,0.));
#1832 = CARTESIAN_POINT('',(0.743071303232,105.20184955775,0.));
#1833 = CARTESIAN_POINT('',(0.747781609459,105.1685682584,0.));
#1834 = CARTESIAN_POINT('',(0.75,105.13619731487,0.));
#1835 = CARTESIAN_POINT('',(0.75,105.10499772076,0.));
#1836 = PCURVE('',#1797,#1837);
#1837 = DEFINITIONAL_REPRESENTATION('',(#1838),#1861);
#1838 = B_SPLINE_CURVE_WITH_KNOTS('',6,(#1839,#1840,#1841,#1842,#1843,
    #1844,#1845,#1846,#1847,#1848,#1849,#1850,#1851,#1852,#1853,#1854,
    #1855,#1856,#1857,#1858,#1859,#1860),.UNSPECIFIED.,.F.,.F.,(7,5,5,5,
    7),(0.,0.244999707768,0.490999815178,0.737000052996,1.),
  .UNSPECIFIED.);
#1839 = CARTESIAN_POINT('',(0.268798163564,105.624657976));
#1840 = CARTESIAN_POINT('',(0.29578104753,105.62458930878));
#1841 = CARTESIAN_POINT('',(0.323703334753,105.62244327662));
#1842 = CARTESIAN_POINT('',(0.352368398491,105.61798179058));
#1843 = CARTESIAN_POINT('',(0.381504631934,105.61099390118));
#1844 = CARTESIAN_POINT('',(0.410758098067,105.6013453191));
#1845 = CARTESIAN_POINT('',(0.46884126399,105.57663634693));
#1846 = CARTESIAN_POINT('',(0.497668652551,105.56155392181));
#1847 = CARTESIAN_POINT('',(0.525830331484,105.54374803222));
#1848 = CARTESIAN_POINT('',(0.552896089557,105.52331077897));
#1849 = CARTESIAN_POINT('',(0.578457766013,105.50047927196));
#1850 = CARTESIAN_POINT('',(0.625924995747,105.45068985086));
#1851 = CARTESIAN_POINT('',(0.647830430167,105.42373204879));
#1852 = CARTESIAN_POINT('',(0.667583072773,105.39504145874));
#1853 = CARTESIAN_POINT('',(0.684938608726,105.36504611114));
#1854 = CARTESIAN_POINT('',(0.699785756294,105.3342091654));
#1855 = CARTESIAN_POINT('',(0.725309877517,105.26955205812));
#1856 = CARTESIAN_POINT('',(0.735627898201,105.23567312549));
#1857 = CARTESIAN_POINT('',(0.743071303232,105.20184955775));
#1858 = CARTESIAN_POINT('',(0.747781609459,105.1685682584));
#1859 = CARTESIAN_POINT('',(0.75,105.13619731487));
#1860 = CARTESIAN_POINT('',(0.75,105.10499772076));
#1861 = ( GEOMETRIC_REPRESENTATION_CONTEXT(2) 
PARAMETRIC_REPRESENTATION_CONTEXT() REPRESENTATION_CONTEXT('2D SPACE',''
  ) );
#1862 = ORIENTED_EDGE('',*,*,#1863,.T.);
#1863 = EDGE_CURVE('',#1810,#1864,#1866,.T.);
#1864 = VERTEX_POINT('',#1865);
#1865 = CARTESIAN_POINT('',(-0.268798163564,105.624657976,0.));
#1866 = SURFACE_CURVE('',#1867,(#1872),.PCURVE_S1.);
#1867 = CIRCLE('',#1868,105.625);
#1868 = AXIS2_PLACEMENT_3D('',#1869,#1870,#1871);
#1869 = CARTESIAN_POINT('',(0.,0.,0.));
#1870 = DIRECTION('',(0.,0.,1.));
#1871 = DIRECTION('',(1.,0.,-0.));
#1872 = PCURVE('',#1797,#1873);
#1873 = DEFINITIONAL_REPRESENTATION('',(#1874),#1878);
#1874 = CIRCLE('',#1875,105.625);
#1875 = AXIS2_PLACEMENT_2D('',#1876,#1877);
#1876 = CARTESIAN_POINT('',(0.,0.));
#1877 = DIRECTION('',(1.,0.));
#1878 = ( GEOMETRIC_REPRESENTATION_CONTEXT(2) 
PARAMETRIC_REPRESENTATION_CONTEXT() REPRESENTATION_CONTEXT('2D SPACE',''
  ) );
#1879 = ORIENTED_EDGE('',*,*,#1880,.T.);
#1880 = EDGE_CURVE('',#1864,#1881,#1883,.T.);
#1881 = VERTEX_POINT('',#1882);
#1882 = CARTESIAN_POINT('',(-0.75,105.10499772075,0.));
#1883 = SURFACE_CURVE('',#1884,(#1907),.PCURVE_S1.);
#1884 = B_SPLINE_CURVE_WITH_KNOTS('',6,(#1885,#1886,#1887,#1888,#1889,
    #1890,#1891,#1892,#1893,#1894,#1895,#1896,#1897,#1898,#1899,#1900,
    #1901,#1902,#1903,#1904,#1905,#1906),.UNSPECIFIED.,.F.,.F.,(7,5,5,5,
    7),(0.,0.244999929628,0.490999956664,0.737000014368,1.),
  .UNSPECIFIED.);
#1885 = CARTESIAN_POINT('',(-0.268798163564,105.624657976,0.));
#1886 = CARTESIAN_POINT('',(-0.295781029509,105.62458930884,0.));
#1887 = CARTESIAN_POINT('',(-0.323703304246,105.62244327945,0.));
#1888 = CARTESIAN_POINT('',(-0.352368362853,105.61798179753,0.));
#1889 = CARTESIAN_POINT('',(-0.381504599968,105.61099391098,0.));
#1890 = CARTESIAN_POINT('',(-0.410758078451,105.60134532745,0.));
#1891 = CARTESIAN_POINT('',(-0.468841247859,105.57663635379,0.));
#1892 = CARTESIAN_POINT('',(-0.497668628078,105.56155393535,0.));
#1893 = CARTESIAN_POINT('',(-0.525830306709,105.54374804976,0.));
#1894 = CARTESIAN_POINT('',(-0.552896070738,105.52331079545,0.));
#1895 = CARTESIAN_POINT('',(-0.578457756231,105.50047928224,0.));
#1896 = CARTESIAN_POINT('',(-0.625924995887,105.45068985075,0.));
#1897 = CARTESIAN_POINT('',(-0.64783043252,105.42373204632,0.));
#1898 = CARTESIAN_POINT('',(-0.667583077381,105.39504145248,0.));
#1899 = CARTESIAN_POINT('',(-0.684938613496,105.36504610228,0.));
#1900 = CARTESIAN_POINT('',(-0.699785759176,105.33420915817,0.));
#1901 = CARTESIAN_POINT('',(-0.725309886011,105.26955203671,0.));
#1902 = CARTESIAN_POINT('',(-0.735627908957,105.2356730884,0.));
#1903 = CARTESIAN_POINT('',(-0.743071311226,105.20184951424,0.));
#1904 = CARTESIAN_POINT('',(-0.747781612793,105.16856821981,0.));
#1905 = CARTESIAN_POINT('',(-0.75,105.13619729155,0.));
#1906 = CARTESIAN_POINT('',(-0.75,105.10499772094,0.));
#1907 = PCURVE('',#1797,#1908);
#1908 = DEFINITIONAL_REPRESENTATION('',(#1909),#1932);
#1909 = B_SPLINE_CURVE_WITH_KNOTS('',6,(#1910,#1911,#1912,#1913,#1914,
    #1915,#1916,#1917,#1918,#1919,#1920,#1921,#1922,#1923,#1924,#1925,
    #1926,#1927,#1928,#1929,#1930,#1931),.UNSPECIFIED.,.F.,.F.,(7,5,5,5,
    7),(0.,0.244999929628,0.490999956664,0.737000014368,1.),
  .UNSPECIFIED.);
#1910 = CARTESIAN_POINT('',(-0.268798163564,105.624657976));
#1911 = CARTESIAN_POINT('',(-0.295781029509,105.62458930884));
#1912 = CARTESIAN_POINT('',(-0.323703304246,105.62244327945));
#1913 = CARTESIAN_POINT('',(-0.352368362853,105.61798179753));
#1914 = CARTESIAN_POINT('',(-0.381504599968,105.61099391098));
#1915 = CARTESIAN_POINT('',(-0.410758078451,105.60134532745));
#1916 = CARTESIAN_POINT('',(-0.468841247859,105.57663635379));
#1917 = CARTESIAN_POINT('',(-0.497668628078,105.56155393535));
#1918 = CARTESIAN_POINT('',(-0.525830306709,105.54374804976));
#1919 = CARTESIAN_POINT('',(-0.552896070738,105.52331079545));
#1920 = CARTESIAN_POINT('',(-0.578457756231,105.50047928224));
#1921 = CARTESIAN_POINT('',(-0.625924995887,105.45068985075));
#1922 = CARTESIAN_POINT('',(-0.64783043252,105.42373204632));
#1923 = CARTESIAN_POINT('',(-0.667583077381,105.39504145248));
#1924 = CARTESIAN_POINT('',(-0.684938613496,105.36504610228));
#1925 = CARTESIAN_POINT('',(-0.699785759176,105.33420915817));
#1926 = CARTESIAN_POINT('',(-0.725309886011,105.26955203671));
#1927 = CARTESIAN_POINT('',(-0.735627908957,105.2356730884));
#1928 = CARTESIAN_POINT('',(-0.743071311226,105.20184951424));
#1929 = CARTESIAN_POINT('',(-0.747781612793,105.16856821981));
#1930 = CARTESIAN_POINT('',(-0.75,105.13619729155));
#1931 = CARTESIAN_POINT('',(-0.75,105.10499772094));
#1932 = ( GEOMETRIC_REPRESENTATION_CONTEXT(2) 
PARAMETRIC_REPRESENTATION_CONTEXT() REPRESENTATION_CONTEXT('2D SPACE',''
  ) );
#1933 = ORIENTED_EDGE('',*,*,#1934,.F.);
#1934 = EDGE_CURVE('',#1935,#1881,#1937,.T.);
#1935 = VERTEX_POINT('',#1936);
#1936 = CARTESIAN_POINT('',(-0.75,-105.1049977207,0.));
#1937 = SURFACE_CURVE('',#1938,(#1942),.PCURVE_S1.);
#1938 = LINE('',#1939,#1940);
#1939 = CARTESIAN_POINT('',(-0.75,-244.,0.));
#1940 = VECTOR('',#1941,1.);
#1941 = DIRECTION('',(0.,1.,0.));
#1942 = PCURVE('',#1797,#1943);
#1943 = DEFINITIONAL_REPRESENTATION('',(#1944),#1948);
#1944 = LINE('',#1945,#1946);
#1945 = CARTESIAN_POINT('',(-0.75,-244.));
#1946 = VECTOR('',#1947,1.);
#1947 = DIRECTION('',(0.,1.));
#1948 = ( GEOMETRIC_REPRESENTATION_CONTEXT(2) 
PARAMETRIC_REPRESENTATION_CONTEXT() REPRESENTATION_CONTEXT('2D SPACE',''
  ) );
#1949 = ORIENTED_EDGE('',*,*,#1950,.F.);
#1950 = EDGE_CURVE('',#1951,#1935,#1953,.T.);
#1951 = VERTEX_POINT('',#1952);
#1952 = CARTESIAN_POINT('',(-0.268798163564,-105.624657976,0.));
#1953 = SURFACE_CURVE('',#1954,(#1977),.PCURVE_S1.);
#1954 = B_SPLINE_CURVE_WITH_KNOTS('',6,(#1955,#1956,#1957,#1958,#1959,
    #1960,#1961,#1962,#1963,#1964,#1965,#1966,#1967,#1968,#1969,#1970,
    #1971,#1972,#1973,#1974,#1975,#1976),.UNSPECIFIED.,.F.,.F.,(7,5,5,5,
    7),(0.,0.244999929628,0.490999956664,0.737000014368,1.),
  .UNSPECIFIED.);
#1955 = CARTESIAN_POINT('',(-0.268798163564,-105.624657976,0.));
#1956 = CARTESIAN_POINT('',(-0.295781029509,-105.6245893088,0.));
#1957 = CARTESIAN_POINT('',(-0.323703304245,-105.6224432794,0.));
#1958 = CARTESIAN_POINT('',(-0.352368362854,-105.6179817975,0.));
#1959 = CARTESIAN_POINT('',(-0.381504599968,-105.6109939109,0.));
#1960 = CARTESIAN_POINT('',(-0.410758078451,-105.6013453274,0.));
#1961 = CARTESIAN_POINT('',(-0.468841247859,-105.5766363537,0.));
#1962 = CARTESIAN_POINT('',(-0.497668628078,-105.5615539353,0.));
#1963 = CARTESIAN_POINT('',(-0.525830306709,-105.5437480497,0.));
#1964 = CARTESIAN_POINT('',(-0.552896070738,-105.5233107954,0.));
#1965 = CARTESIAN_POINT('',(-0.578457756231,-105.5004792822,0.));
#1966 = CARTESIAN_POINT('',(-0.625924995887,-105.4506898507,0.));
#1967 = CARTESIAN_POINT('',(-0.64783043252,-105.4237320463,0.));
#1968 = CARTESIAN_POINT('',(-0.667583077381,-105.3950414524,0.));
#1969 = CARTESIAN_POINT('',(-0.684938613496,-105.3650461022,0.));
#1970 = CARTESIAN_POINT('',(-0.699785759176,-105.3342091581,0.));
#1971 = CARTESIAN_POINT('',(-0.725309886011,-105.2695520367,0.));
#1972 = CARTESIAN_POINT('',(-0.735627908956,-105.2356730884,0.));
#1973 = CARTESIAN_POINT('',(-0.743071311227,-105.2018495142,0.));
#1974 = CARTESIAN_POINT('',(-0.747781612791,-105.1685682198,0.));
#1975 = CARTESIAN_POINT('',(-0.75,-105.1361972915,0.));
#1976 = CARTESIAN_POINT('',(-0.75,-105.1049977209,0.));
#1977 = PCURVE('',#1797,#1978);
#1978 = DEFINITIONAL_REPRESENTATION('',(#1979),#2002);
#1979 = B_SPLINE_CURVE_WITH_KNOTS('',6,(#1980,#1981,#1982,#1983,#1984,
    #1985,#1986,#1987,#1988,#1989,#1990,#1991,#1992,#1993,#1994,#1995,
    #1996,#1997,#1998,#1999,#2000,#2001),.UNSPECIFIED.,.F.,.F.,(7,5,5,5,
    7),(0.,0.244999929628,0.490999956664,0.737000014368,1.),
  .UNSPECIFIED.);
#1980 = CARTESIAN_POINT('',(-0.268798163564,-105.624657976));
#1981 = CARTESIAN_POINT('',(-0.295781029509,-105.6245893088));
#1982 = CARTESIAN_POINT('',(-0.323703304245,-105.6224432794));
#1983 = CARTESIAN_POINT('',(-0.352368362854,-105.6179817975));
#1984 = CARTESIAN_POINT('',(-0.381504599968,-105.6109939109));
#1985 = CARTESIAN_POINT('',(-0.410758078451,-105.6013453274));
#1986 = CARTESIAN_POINT('',(-0.468841247859,-105.5766363537));
#1987 = CARTESIAN_POINT('',(-0.497668628078,-105.5615539353));
#1988 = CARTESIAN_POINT('',(-0.525830306709,-105.5437480497));
#1989 = CARTESIAN_POINT('',(-0.552896070738,-105.5233107954));
#1990 = CARTESIAN_POINT('',(-0.578457756231,-105.5004792822));
#1991 = CARTESIAN_POINT('',(-0.625924995887,-105.4506898507));
#1992 = CARTESIAN_POINT('',(-0.64783043252,-105.4237320463));
#1993 = CARTESIAN_POINT('',(-0.667583077381,-105.3950414524));
#1994 = CARTESIAN_POINT('',(-0.684938613496,-105.3650461022));
#1995 = CARTESIAN_POINT('',(-0.699785759176,-105.3342091581));
#1996 = CARTESIAN_POINT('',(-0.725309886011,-105.2695520367));
#1997 = CARTESIAN_POINT('',(-0.735627908956,-105.2356730884));
#1998 = CARTESIAN_POINT('',(-0.743071311227,-105.2018495142));
#1999 = CARTESIAN_POINT('',(-0.747781612791,-105.1685682198));
#2000 = CARTESIAN_POINT('',(-0.75,-105.1361972915));
#2001 = CARTESIAN_POINT('',(-0.75,-105.1049977209));
#2002 = ( GEOMETRIC_REPRESENTATION_CONTEXT(2) 
PARAMETRIC_REPRESENTATION_CONTEXT() REPRESENTATION_CONTEXT('2D SPACE',''
  ) );
#2003 = ORIENTED_EDGE('',*,*,#2004,.T.);
#2004 = EDGE_CURVE('',#1951,#2005,#2007,.T.);
#2005 = VERTEX_POINT('',#2006);
#2006 = CARTESIAN_POINT('',(0.268798163564,-105.624657976,0.));
#2007 = SURFACE_CURVE('',#2008,(#2013),.PCURVE_S1.);
#2008 = CIRCLE('',#2009,105.625);
#2009 = AXIS2_PLACEMENT_3D('',#2010,#2011,#2012);
#2010 = CARTESIAN_POINT('',(0.,0.,0.));
#2011 = DIRECTION('',(0.,0.,1.));
#2012 = DIRECTION('',(1.,0.,-0.));
#2013 = PCURVE('',#1797,#2014);
#2014 = DEFINITIONAL_REPRESENTATION('',(#2015),#2019);
#2015 = CIRCLE('',#2016,105.625);
#2016 = AXIS2_PLACEMENT_2D('',#2017,#2018);
#2017 = CARTESIAN_POINT('',(0.,0.));
#2018 = DIRECTION('',(1.,0.));
#2019 = ( GEOMETRIC_REPRESENTATION_CONTEXT(2) 
PARAMETRIC_REPRESENTATION_CONTEXT() REPRESENTATION_CONTEXT('2D SPACE',''
  ) );
#2020 = ORIENTED_EDGE('',*,*,#2021,.T.);
#2021 = EDGE_CURVE('',#2005,#1787,#2022,.T.);
#2022 = SURFACE_CURVE('',#2023,(#2046),.PCURVE_S1.);
#2023 = B_SPLINE_CURVE_WITH_KNOTS('',6,(#2024,#2025,#2026,#2027,#2028,
    #2029,#2030,#2031,#2032,#2033,#2034,#2035,#2036,#2037,#2038,#2039,
    #2040,#2041,#2042,#2043,#2044,#2045),.UNSPECIFIED.,.F.,.F.,(7,5,5,5,
    7),(0.,0.244999707768,0.490999815177,0.737000052996,1.),
  .UNSPECIFIED.);
#2024 = CARTESIAN_POINT('',(0.268798163564,-105.624657976,0.));
#2025 = CARTESIAN_POINT('',(0.295781047529,-105.6245893088,0.));
#2026 = CARTESIAN_POINT('',(0.323703334753,-105.6224432765,0.));
#2027 = CARTESIAN_POINT('',(0.35236839849,-105.6179817906,0.));
#2028 = CARTESIAN_POINT('',(0.381504631934,-105.6109939011,0.));
#2029 = CARTESIAN_POINT('',(0.410758098067,-105.6013453191,0.));
#2030 = CARTESIAN_POINT('',(0.46884126399,-105.5766363469,0.));
#2031 = CARTESIAN_POINT('',(0.497668652551,-105.5615539218,0.));
#2032 = CARTESIAN_POINT('',(0.525830331485,-105.5437480322,0.));
#2033 = CARTESIAN_POINT('',(0.552896089557,-105.5233107789,0.));
#2034 = CARTESIAN_POINT('',(0.578457766014,-105.5004792719,0.));
#2035 = CARTESIAN_POINT('',(0.625924995748,-105.4506898508,0.));
#2036 = CARTESIAN_POINT('',(0.647830430167,-105.4237320487,0.));
#2037 = CARTESIAN_POINT('',(0.667583072774,-105.3950414587,0.));
#2038 = CARTESIAN_POINT('',(0.684938608727,-105.3650461111,0.));
#2039 = CARTESIAN_POINT('',(0.699785756294,-105.3342091654,0.));
#2040 = CARTESIAN_POINT('',(0.725309877518,-105.2695520581,0.));
#2041 = CARTESIAN_POINT('',(0.735627898201,-105.2356731254,0.));
#2042 = CARTESIAN_POINT('',(0.743071303232,-105.2018495577,0.));
#2043 = CARTESIAN_POINT('',(0.74778160946,-105.1685682583,0.));
#2044 = CARTESIAN_POINT('',(0.75,-105.1361973148,0.));
#2045 = CARTESIAN_POINT('',(0.75,-105.1049977207,0.));
#2046 = PCURVE('',#1797,#2047);
#2047 = DEFINITIONAL_REPRESENTATION('',(#2048),#2071);
#2048 = B_SPLINE_CURVE_WITH_KNOTS('',6,(#2049,#2050,#2051,#2052,#2053,
    #2054,#2055,#2056,#2057,#2058,#2059,#2060,#2061,#2062,#2063,#2064,
    #2065,#2066,#2067,#2068,#2069,#2070),.UNSPECIFIED.,.F.,.F.,(7,5,5,5,
    7),(0.,0.244999707768,0.490999815177,0.737000052996,1.),
  .UNSPECIFIED.);
#2049 = CARTESIAN_POINT('',(0.268798163564,-105.624657976));
#2050 = CARTESIAN_POINT('',(0.295781047529,-105.6245893088));
#2051 = CARTESIAN_POINT('',(0.323703334753,-105.6224432765));
#2052 = CARTESIAN_POINT('',(0.35236839849,-105.6179817906));
#2053 = CARTESIAN_POINT('',(0.381504631934,-105.6109939011));
#2054 = CARTESIAN_POINT('',(0.410758098067,-105.6013453191));
#2055 = CARTESIAN_POINT('',(0.46884126399,-105.5766363469));
#2056 = CARTESIAN_POINT('',(0.497668652551,-105.5615539218));
#2057 = CARTESIAN_POINT('',(0.525830331485,-105.5437480322));
#2058 = CARTESIAN_POINT('',(0.552896089557,-105.5233107789));
#2059 = CARTESIAN_POINT('',(0.578457766014,-105.5004792719));
#2060 = CARTESIAN_POINT('',(0.625924995748,-105.4506898508));
#2061 = CARTESIAN_POINT('',(0.647830430167,-105.4237320487));
#2062 = CARTESIAN_POINT('',(0.667583072774,-105.3950414587));
#2063 = CARTESIAN_POINT('',(0.684938608727,-105.3650461111));
#2064 = CARTESIAN_POINT('',(0.699785756294,-105.3342091654));
#2065 = CARTESIAN_POINT('',(0.725309877518,-105.2695520581));
#2066 = CARTESIAN_POINT('',(0.735627898201,-105.2356731254));
#2067 = CARTESIAN_POINT('',(0.743071303232,-105.2018495577));
#2068 = CARTESIAN_POINT('',(0.74778160946,-105.1685682583));
#2069 = CARTESIAN_POINT('',(0.75,-105.1361973148));
#2070 = CARTESIAN_POINT('',(0.75,-105.1049977207));
#2071 = ( GEOMETRIC_REPRESENTATION_CONTEXT(2) 
PARAMETRIC_REPRESENTATION_CONTEXT() REPRESENTATION_CONTEXT('2D SPACE',''
  ) );
#2072 = ( GEOMETRIC_REPRESENTATION_CONTEXT(3) 
GLOBAL_UNCERTAINTY_ASSIGNED_CONTEXT((#2076)) 
GLOBAL_UNIT_ASSIGNED_CONTEXT((#2073,#2074,#2075)) REPRESENTATION_CONTEXT
('Context #1','3D Context with UNIT and UNCERTAINTY') );
#2073 = ( LENGTH_UNIT() NAMED_UNIT(*) SI_UNIT(.MILLI.,.METRE.) );
#2074 = ( NAMED_UNIT(*) PLANE_ANGLE_UNIT() SI_UNIT($,.RADIAN.) );
#2075 = ( NAMED_UNIT(*) SI_UNIT($,.STERADIAN.) SOLID_ANGLE_UNIT() );
#2076 = UNCERTAINTY_MEASURE_WITH_UNIT(LENGTH_MEASURE(2.E-05),#2073,
  'distance_accuracy_value','confusion accuracy');
#2077 = CONTEXT_DEPENDENT_SHAPE_REPRESENTATION(#2078,#2080);
#2078 = ( REPRESENTATION_RELATIONSHIP('','',#1779,#10) 
REPRESENTATION_RELATIONSHIP_WITH_TRANSFORMATION(#2079) 
SHAPE_REPRESENTATION_RELATIONSHIP() );
#2079 = ITEM_DEFINED_TRANSFORMATION('','',#11,#47);
#2080 = PRODUCT_DEFINITION_SHAPE('Placement','Placement of an item',
  #2081);
#2081 = NEXT_ASSEMBLY_USAGE_OCCURRENCE('9','','',#5,#1774,$);
#2082 = PRODUCT_RELATED_PRODUCT_CATEGORY('part',$,(#1776));
#2083 = SHAPE_DEFINITION_REPRESENTATION(#2084,#2090);
#2084 = PRODUCT_DEFINITION_SHAPE('','',#2085);
#2085 = PRODUCT_DEFINITION('design','',#2086,#2089);
#2086 = PRODUCT_DEFINITION_FORMATION('','',#2087);
#2087 = PRODUCT('Open CASCADE STEP translator 7.8 1.10',
  'Open CASCADE STEP translator 7.8 1.10','',(#2088));
#2088 = PRODUCT_CONTEXT('',#2,'mechanical');
#2089 = PRODUCT_DEFINITION_CONTEXT('part definition',#2,'design');
#2090 = MANIFOLD_SURFACE_SHAPE_REPRESENTATION('',(#11,#2091),#2442);
#2091 = SHELL_BASED_SURFACE_MODEL('',(#2092));
#2092 = OPEN_SHELL('',(#2093));
#2093 = ADVANCED_FACE('',(#2094),#2127,.T.);
#2094 = FACE_BOUND('',#2095,.T.);
#2095 = EDGE_LOOP('',(#2096,#2303,#2366,#2381));
#2096 = ORIENTED_EDGE('',*,*,#2097,.T.);
#2097 = EDGE_CURVE('',#2098,#2100,#2102,.T.);
#2098 = VERTEX_POINT('',#2099);
#2099 = CARTESIAN_POINT('',(0.268798163564,105.624657976,0.));
#2100 = VERTEX_POINT('',#2101);
#2101 = CARTESIAN_POINT('',(0.75,105.10499772075,0.));
#2102 = SURFACE_CURVE('',#2103,(#2126),.PCURVE_S1.);
#2103 = B_SPLINE_CURVE_WITH_KNOTS('',6,(#2104,#2105,#2106,#2107,#2108,
    #2109,#2110,#2111,#2112,#2113,#2114,#2115,#2116,#2117,#2118,#2119,
    #2120,#2121,#2122,#2123,#2124,#2125),.UNSPECIFIED.,.F.,.F.,(7,5,5,5,
    7),(0.,0.244999707768,0.490999815178,0.737000052996,1.),
  .UNSPECIFIED.);
#2104 = CARTESIAN_POINT('',(0.268798163564,105.624657976,0.));
#2105 = CARTESIAN_POINT('',(0.29578104753,105.62458930878,0.));
#2106 = CARTESIAN_POINT('',(0.323703334753,105.62244327662,0.));
#2107 = CARTESIAN_POINT('',(0.352368398491,105.61798179058,0.));
#2108 = CARTESIAN_POINT('',(0.381504631934,105.61099390118,0.));
#2109 = CARTESIAN_POINT('',(0.410758098067,105.6013453191,0.));
#2110 = CARTESIAN_POINT('',(0.46884126399,105.57663634693,0.));
#2111 = CARTESIAN_POINT('',(0.497668652551,105.56155392181,0.));
#2112 = CARTESIAN_POINT('',(0.525830331484,105.54374803222,0.));
#2113 = CARTESIAN_POINT('',(0.552896089557,105.52331077897,0.));
#2114 = CARTESIAN_POINT('',(0.578457766013,105.50047927196,0.));
#2115 = CARTESIAN_POINT('',(0.625924995747,105.45068985086,0.));
#2116 = CARTESIAN_POINT('',(0.647830430167,105.42373204879,0.));
#2117 = CARTESIAN_POINT('',(0.667583072773,105.39504145874,0.));
#2118 = CARTESIAN_POINT('',(0.684938608726,105.36504611114,0.));
#2119 = CARTESIAN_POINT('',(0.699785756294,105.3342091654,0.));
#2120 = CARTESIAN_POINT('',(0.725309877517,105.26955205812,0.));
#2121 = CARTESIAN_POINT('',(0.735627898201,105.23567312549,0.));
#2122 = CARTESIAN_POINT('',(0.743071303232,105.20184955775,0.));
#2123 = CARTESIAN_POINT('',(0.747781609459,105.1685682584,0.));
#2124 = CARTESIAN_POINT('',(0.75,105.13619731487,0.));
#2125 = CARTESIAN_POINT('',(0.75,105.10499772076,0.));
#2126 = PCURVE('',#2127,#2278);
#2127 = ( BOUNDED_SURFACE() B_SPLINE_SURFACE(2,13,(
    (#2128,#2129,#2130,#2131,#2132,#2133,#2134,#2135,#2136,#2137,#2138
      ,#2139,#2140,#2141,#2142,#2143,#2144,#2145,#2146,#2147,#2148,#2149
      ,#2150,#2151,#2152,#2153,#2154,#2155,#2156,#2157,#2158,#2159,#2160
      ,#2161,#2162,#2163,#2164,#2165,#2166,#2167,#2168,#2169,#2170,#2171
      ,#2172,#2173,#2174,#2175,#2176,#2177)
    ,(#2178,#2179,#2180,#2181,#2182,#2183,#2184,#2185,#2186,#2187,#2188
      ,#2189,#2190,#2191,#2192,#2193,#2194,#2195,#2196,#2197,#2198,#2199
      ,#2200,#2201,#2202,#2203,#2204,#2205,#2206,#2207,#2208,#2209,#2210
      ,#2211,#2212,#2213,#2214,#2215,#2216,#2217,#2218,#2219,#2220,#2221
      ,#2222,#2223,#2224,#2225,#2226,#2227)
    ,(#2228,#2229,#2230,#2231,#2232,#2233,#2234,#2235,#2236,#2237,#2238
      ,#2239,#2240,#2241,#2242,#2243,#2244,#2245,#2246,#2247,#2248,#2249
      ,#2250,#2251,#2252,#2253,#2254,#2255,#2256,#2257,#2258,#2259,#2260
      ,#2261,#2262,#2263,#2264,#2265,#2266,#2267,#2268,#2269,#2270,#2271
      ,#2272,#2273,#2274,#2275,#2276,#2277
)),.UNSPECIFIED.,.F.,.F.,.F.) B_SPLINE_SURFACE_WITH_KNOTS((3,3),(14,12,
    12,12,14),(0.,214.52042966735),(-6.569607965655,-2.64616619503E-02,
    0.,107.2469840027,214.4939680054),.UNSPECIFIED.) 
GEOMETRIC_REPRESENTATION_ITEM() RATIONAL_B_SPLINE_SURFACE((
    (1.,1.,1.,1.,1.,1.,1.,1.,1.,1.,1.,1.,1.,1.,1.,1.,1.,1.,1.,1.,1.,1.
      ,1.,1.,1.,1.,1.,1.,1.,1.,1.,1.,1.,1.,1.,1.,1.,1.,1.,1.,1.,1.,1.,1.
      ,1.,1.,1.,1.,1.,1.)
    ,(0.686567176226,0.686009838921,0.685545391167,0.685173832964
      ,0.684895164312,0.68470938521,0.684616495659,0.684616495659
      ,0.68470938521,0.684895164312,0.685173832964,0.685545391167
      ,0.686009838921,0.686569430198,0.686571684194,0.68657393821
      ,0.686576192253,0.68657844631,0.686580700402,0.686582954503
      ,0.686585208639,0.686587462788,0.686589716965,0.686591971161
      ,0.686594225382,0.695732743371,0.705238791945,0.715118511274
      ,0.725376935784,0.736019297871,0.747049674597,0.758469137741
      ,0.770273317893,0.782449297495,0.794971752335,0.807798265238
      ,0.82086374023,0.847283959319,0.860638395333,0.874046003247
      ,0.887367407453,0.900494297168,0.9131078205,0.925150160009
      ,0.936063573855,0.945660702041,0.95343897862,0.958626161866
      ,0.961189798944,0.961189798944)
    ,(1.,1.,1.,1.,1.,1.,1.,1.,1.,1.,1.,1.,1.,1.,1.,1.,1.,1.,1.,1.,1.,1.
      ,1.,1.,1.,1.,1.,1.,1.,1.,1.,1.,1.,1.,1.,1.,1.,1.,1.,1.,1.,1.,1.,1.
,1.,1.,1.,1.,1.,1.))) REPRESENTATION_ITEM('') SURFACE() );
#2128 = CARTESIAN_POINT('',(-2.030918177336,112.16974668299,
    15.105973851036));
#2129 = CARTESIAN_POINT('',(-1.854016729992,111.66627778311,
    13.943974612211));
#2130 = CARTESIAN_POINT('',(-1.677115314373,111.16280897287,
    12.781975581767));
#2131 = CARTESIAN_POINT('',(-1.50021393048,110.65934025226,
    11.619976759703));
#2132 = CARTESIAN_POINT('',(-1.323312578312,110.15587162129,
    10.45797814602));
#2133 = CARTESIAN_POINT('',(-1.146411257869,109.65240307994,
    9.295979740718));
#2134 = CARTESIAN_POINT('',(-0.969509969151,109.14893462824,
    8.133981543796));
#2135 = CARTESIAN_POINT('',(-0.792608712159,108.64546626616,
    6.971983555255));
#2136 = CARTESIAN_POINT('',(-0.615707486891,108.14199799372,
    5.809985775094));
#2137 = CARTESIAN_POINT('',(-0.43880629335,107.63852981091,
    4.647988203314));
#2138 = CARTESIAN_POINT('',(-0.261905131533,107.13506171773,
    3.485990839915));
#2139 = CARTESIAN_POINT('',(-8.500400144204E-02,106.63159371419,
    2.323993684896));
#2140 = CARTESIAN_POINT('',(9.189709692385E-02,106.12812580027,
    1.161996738258));
#2141 = CARTESIAN_POINT('',(0.269513583335,105.62262186145,
    -4.699324063366E-03));
#2142 = CARTESIAN_POINT('',(0.270228982934,105.62058579941,
    -9.398514882412E-03));
#2143 = CARTESIAN_POINT('',(0.270944362382,105.61854978944,
    -1.409757247355E-02));
#2144 = CARTESIAN_POINT('',(0.271659721632,105.61651383261,
    -1.879649683965E-02));
#2145 = CARTESIAN_POINT('',(0.272375060782,105.61447792692,
    -2.349528795341E-02));
#2146 = CARTESIAN_POINT('',(0.273090379676,105.61244207531,
    -2.819394594536E-02));
#2147 = CARTESIAN_POINT('',(0.273805678525,105.61040627425,
    -3.289247058605E-02));
#2148 = CARTESIAN_POINT('',(0.274520957095,105.60837052721,
    -3.759086219726E-02));
#2149 = CARTESIAN_POINT('',(0.275236215607,105.60633483136,
    -4.228912047635E-02));
#2150 = CARTESIAN_POINT('',(0.275951453893,105.6042991886,
    -4.698724566323E-02));
#2151 = CARTESIAN_POINT('',(0.276666672059,105.60226359788,
    -5.168523763225E-02));
#2152 = CARTESIAN_POINT('',(0.277381870055,105.60022805966,
    -5.638309644685E-02));
#2153 = CARTESIAN_POINT('',(3.176655236297,97.348532298361,
    -19.10058441556));
#2154 = CARTESIAN_POINT('',(5.744160005111,89.959116136944,
    -35.95279097122));
#2155 = CARTESIAN_POINT('',(8.035484827652,83.281696148824,
    -50.97939315637));
#2156 = CARTESIAN_POINT('',(10.093293279516,77.200303437462,
    -64.46154518914));
#2157 = CARTESIAN_POINT('',(11.951215411361,71.622729411375,
    -76.62081707375));
#2158 = CARTESIAN_POINT('',(13.636097185145,66.474475059186,
    -87.63403942274));
#2159 = CARTESIAN_POINT('',(15.169584505699,61.694472026257,
    -97.64376575427));
#2160 = CARTESIAN_POINT('',(16.569251295933,57.232011899704,
    -106.7657358261));
#2161 = CARTESIAN_POINT('',(17.849428986936,53.044452753628,
    -115.094380294));
#2162 = CARTESIAN_POINT('',(19.021842708402,49.095404615915,
    -122.7070636362));
#2163 = CARTESIAN_POINT('',(20.096107389188,45.353228169371,
    -129.6674190249));
#2164 = CARTESIAN_POINT('',(21.080084892033,41.789813609126,
    -136.0277854791));
#2165 = CARTESIAN_POINT('',(22.880017566548,34.969664838436,
    -147.633043241));
#2166 = CARTESIAN_POINT('',(23.695958633498,31.712887889534,
    -152.8778452508));
#2167 = CARTESIAN_POINT('',(24.434341256839,28.58433645833,
    -157.608290696));
#2168 = CARTESIAN_POINT('',(25.098995588392,25.558973916834,
    -161.8510655983));
#2169 = CARTESIAN_POINT('',(25.696299602656,22.623675451318,
    -165.6493040947));
#2170 = CARTESIAN_POINT('',(26.221392266874,19.735766874816,
    -168.9746852892));
#2171 = CARTESIAN_POINT('',(26.687612717587,16.922488477529,
    -171.9157576142));
#2172 = CARTESIAN_POINT('',(27.077703523079,14.081918599462,
    -174.3656596549));
#2173 = CARTESIAN_POINT('',(27.406032261412,11.307969138783,
    -176.4215212293));
#2174 = CARTESIAN_POINT('',(27.657853008591,8.45070059443,
    -177.9927356673));
#2175 = CARTESIAN_POINT('',(27.8228356725,5.611597280285,-179.0208728269
    ));
#2176 = CARTESIAN_POINT('',(27.905524487101,2.806757924498,
    -179.5365872202));
#2177 = CARTESIAN_POINT('',(27.905524487098,0.,-179.5365872202));
#2178 = CARTESIAN_POINT('',(-1.549475003568,112.20403562332,
    15.164105435054));
#2179 = CARTESIAN_POINT('',(-1.375018410914,111.70477527192,
    14.013634931681));
#2180 = CARTESIAN_POINT('',(-1.20001501213,111.20395006926,
    12.859558463555));
#2181 = CARTESIAN_POINT('',(-1.024534871293,110.70176052489,
    11.702338074864));
#2182 = CARTESIAN_POINT('',(-0.848648611477,110.19840874813,
    10.542439496152));
#2183 = CARTESIAN_POINT('',(-0.672427320462,109.69409817817,
    9.380331522499));
#2184 = CARTESIAN_POINT('',(-0.495942455223,109.18903331078,
    8.216485383691));
#2185 = CARTESIAN_POINT('',(-0.319265745479,108.68341942226,
    7.051374108154));
#2186 = CARTESIAN_POINT('',(-0.142469096571,108.17746229152,
    5.88547188245));
#2187 = CARTESIAN_POINT('',(3.4375508066E-02,107.67136792094,
    4.719253408155));
#2188 = CARTESIAN_POINT('',(0.211196104541,107.16534225698,
    3.553193257958));
#2189 = CARTESIAN_POINT('',(0.387920845989,106.6595909112,2.387765232799
    ));
#2190 = CARTESIAN_POINT('',(0.564478099622,106.15431888251,
    1.223441721884));
#2191 = CARTESIAN_POINT('',(0.741509025412,105.64769129755,
    5.599453511971E-02));
#2192 = CARTESIAN_POINT('',(0.742221487953,105.64565236488,
    5.129613350756E-02));
#2193 = CARTESIAN_POINT('',(0.742933930665,105.64361348358,
    4.659786261031E-02));
#2194 = CARTESIAN_POINT('',(0.743646353604,105.64157465338,
    4.189972224107E-02));
#2195 = CARTESIAN_POINT('',(0.744358756655,105.6395358748,
    3.720171275212E-02));
#2196 = CARTESIAN_POINT('',(0.745071140017,105.63749714698,
    3.250383356747E-02));
#2197 = CARTESIAN_POINT('',(0.745783503415,105.63545847109,
    2.78060854088E-02));
#2198 = CARTESIAN_POINT('',(0.746495847165,105.63341984578,
    2.310846750154E-02));
#2199 = CARTESIAN_POINT('',(0.747208170973,105.63138127234,
    1.841098051051E-02));
#2200 = CARTESIAN_POINT('',(0.747920475066,105.62934274975,
    1.371362393671E-02));
#2201 = CARTESIAN_POINT('',(0.748632759307,105.62730427864,
    9.016398071608E-03));
#2202 = CARTESIAN_POINT('',(0.749345023761,105.62526585871,
    4.31930276352E-03));
#2203 = CARTESIAN_POINT('',(3.59881074979,97.4703971036,-18.78675197159)
  );
#2204 = CARTESIAN_POINT('',(6.128879487333,90.142988311475,
    -35.47152959214));
#2205 = CARTESIAN_POINT('',(8.391937382961,83.501106463195,
    -50.39547895788));
#2206 = CARTESIAN_POINT('',(10.428323261891,77.434782561226,
    -63.82461826764));
#2207 = CARTESIAN_POINT('',(12.269965769847,71.856111540898,
    -75.96950399569));
#2208 = CARTESIAN_POINT('',(13.942442012333,66.693703689609,
    -86.9988067841));
#2209 = CARTESIAN_POINT('',(15.466422435999,61.888771223487,
    -97.04883984813));
#2210 = CARTESIAN_POINT('',(16.858698473334,57.392320811648,
    -106.2303358782));
#2211 = CARTESIAN_POINT('',(18.132936503725,53.163063305191,
    -114.6334191056));
#2212 = CARTESIAN_POINT('',(19.300252500387,49.165781867036,
    -122.3313948674));
#2213 = CARTESIAN_POINT('',(20.369656877036,45.370017573208,
    -129.383683189));
#2214 = CARTESIAN_POINT('',(21.348378811752,41.749036319658,
    -135.8379575693));
#2215 = CARTESIAN_POINT('',(23.107842188684,34.917427396577,
    -147.4409052443));
#2216 = CARTESIAN_POINT('',(23.894050136492,31.696458631035,
    -152.6256279271));
#2217 = CARTESIAN_POINT('',(24.606513578509,28.592958301843,
    -157.3240354907));
#2218 = CARTESIAN_POINT('',(25.248345599424,25.583126513394,
    -161.5566574663));
#2219 = CARTESIAN_POINT('',(25.826081507358,22.655891191645,
    -165.3665915623));
#2220 = CARTESIAN_POINT('',(26.333318224521,19.766868798755,
    -168.7116120748));
#2221 = CARTESIAN_POINT('',(26.784948701185,16.951046305792,
    -171.6899319757));
#2222 = CARTESIAN_POINT('',(27.1613791945,14.095375974579,
    -174.1723384715));
#2223 = CARTESIAN_POINT('',(27.478667889559,11.313254353724,
    -176.2647287853));
#2224 = CARTESIAN_POINT('',(27.721161590346,8.435538437746,
    -177.8638764335));
#2225 = CARTESIAN_POINT('',(27.878597135849,5.586293932309,
    -178.902100031));
#2226 = CARTESIAN_POINT('',(27.956836108669,2.785653475746,
    -179.4180543382));
#2227 = CARTESIAN_POINT('',(27.956836108668,-7.105427357601E-15,
    -179.4180543382));
#2228 = CARTESIAN_POINT('',(-1.578208068905,111.75735489431,
    15.353588352822));
#2229 = CARTESIAN_POINT('',(-1.401976279656,111.25381071985,
    14.191411147724));
#2230 = CARTESIAN_POINT('',(-1.225746793776,110.75027312611,
    13.029249132382));
#2231 = CARTESIAN_POINT('',(-1.049519611265,110.24674211309,
    11.867102306798));
#2232 = CARTESIAN_POINT('',(-0.873294732124,109.74321768078,
    10.704970670971));
#2233 = CARTESIAN_POINT('',(-0.697072156353,109.23969982918,
    9.542854224901));
#2234 = CARTESIAN_POINT('',(-0.52085188395,108.7361885583,8.380752968588
    ));
#2235 = CARTESIAN_POINT('',(-0.344633914918,108.23268386814,
    7.218666902032));
#2236 = CARTESIAN_POINT('',(-0.168418249254,107.72918575869,
    6.056596025234));
#2237 = CARTESIAN_POINT('',(7.795113039412E-03,107.22569422995,
    4.894540338192));
#2238 = CARTESIAN_POINT('',(0.184006171964,106.72220928193,
    3.732499840908));
#2239 = CARTESIAN_POINT('',(0.360214927519,106.21873091463,2.57047453338
    ));
#2240 = CARTESIAN_POINT('',(0.536421379704,105.71525912804,1.40846441561
    ));
#2241 = CARTESIAN_POINT('',(0.713338129829,105.20975781821,
    0.241770170855));
#2242 = CARTESIAN_POINT('',(0.714050710936,105.20772176678,
    0.237070987352));
#2243 = CARTESIAN_POINT('',(0.71476327183,105.20568576743,0.232371937092
    ));
#2244 = CARTESIAN_POINT('',(0.715475812546,105.20364982127,
    0.227673020027));
#2245 = CARTESIAN_POINT('',(0.716188333014,105.20161392624,0.22297423626
    ));
#2246 = CARTESIAN_POINT('',(0.716900833351,105.19957808532,
    0.218275585554));
#2247 = CARTESIAN_POINT('',(0.717613313406,105.197542295,0.213577068275)
  );
#2248 = CARTESIAN_POINT('',(0.718325773344,105.19550655866,
    0.208878683938));
#2249 = CARTESIAN_POINT('',(0.719038213022,105.19347087362,
    0.204180433021));
#2250 = CARTESIAN_POINT('',(0.719750632544,105.19143524159,
    0.199482315124));
#2251 = CARTESIAN_POINT('',(0.720463031852,105.1893996617,0.194784330491
    ));
#2252 = CARTESIAN_POINT('',(0.721175410973,105.18736413429,
    0.190086478991));
#2253 = CARTESIAN_POINT('',(3.609021111185,96.935712324192,
    -18.85408516565));
#2254 = CARTESIAN_POINT('',(6.164474232113,89.54668404293,
    -35.70626250364));
#2255 = CARTESIAN_POINT('',(8.443093649622,82.870058802218,
    -50.73283379754));
#2256 = CARTESIAN_POINT('',(10.487513114054,76.789939018735,
    -64.21495134665));
#2257 = CARTESIAN_POINT('',(12.331331159503,71.214198963868,
    -76.37418386279));
#2258 = CARTESIAN_POINT('',(14.001362176126,66.068436326624,
    -87.38736137754));
#2259 = CARTESIAN_POINT('',(15.519222813971,61.291695994555,
    -97.39703693552));
#2260 = CARTESIAN_POINT('',(16.902463531246,56.833402984678,
    -106.5189486924));
#2261 = CARTESIAN_POINT('',(18.165403104469,52.651073318974,
    -114.8475231755));
#2262 = CARTESIAN_POINT('',(19.31977192018,48.70850348369,
    -122.4601175276));
#2263 = CARTESIAN_POINT('',(20.375217873459,44.974270980737,
    -129.420355706));
#2264 = CARTESIAN_POINT('',(21.339676700278,41.420510321424,
    -135.780570672));
#2265 = CARTESIAN_POINT('',(23.099436451551,34.623611037691,
    -147.3854728156));
#2266 = CARTESIAN_POINT('',(23.894723226137,31.380422197288,
    -152.6300666804));
#2267 = CARTESIAN_POINT('',(24.612015764404,28.2677605376,
    -157.3603201761));
#2268 = CARTESIAN_POINT('',(25.25533579943,25.260461968502,
    -161.6027550014));
#2269 = CARTESIAN_POINT('',(25.831314268502,22.347044072098,
    -165.4010995007));
#2270 = CARTESIAN_POINT('',(26.335498851505,19.481760901907,
    -168.7259924257));
#2271 = CARTESIAN_POINT('',(26.781562076677,16.69824701177,
    -171.6675985601));
#2272 = CARTESIAN_POINT('',(27.153172569299,13.885642981792,
    -174.1182191052));
#2273 = CARTESIAN_POINT('',(27.464941462584,11.147936560668,
    -176.1742085643));
#2274 = CARTESIAN_POINT('',(27.703734700244,8.325953367048,
    -177.7489531582));
#2275 = CARTESIAN_POINT('',(27.859542877401,5.523955383784,
    -178.7764449212));
#2276 = CARTESIAN_POINT('',(27.937471382055,2.760759450896,
    -179.2903518167));
#2277 = CARTESIAN_POINT('',(27.937471382052,0.,-179.2903518167));
#2278 = DEFINITIONAL_REPRESENTATION('',(#2279),#2302);
#2279 = B_SPLINE_CURVE_WITH_KNOTS('',6,(#2280,#2281,#2282,#2283,#2284,
    #2285,#2286,#2287,#2288,#2289,#2290,#2291,#2292,#2293,#2294,#2295,
    #2296,#2297,#2298,#2299,#2300,#2301),.UNSPECIFIED.,.F.,.F.,(7,5,5,5,
    7),(0.,0.244999707768,0.490999815178,0.737000052996,1.),
  .UNSPECIFIED.);
#2280 = CARTESIAN_POINT('',(0.,-2.64616619503E-02));
#2281 = CARTESIAN_POINT('',(8.759591972419,-2.498763403645E-02));
#2282 = CARTESIAN_POINT('',(17.519181018301,-2.314020880185E-02));
#2283 = CARTESIAN_POINT('',(26.278766897648,-2.089306409761E-02));
#2284 = CARTESIAN_POINT('',(35.038349500661,-1.8228137588E-02));
#2285 = CARTESIAN_POINT('',(43.79792891044,-1.514370370825E-02));
#2286 = CARTESIAN_POINT('',(61.352849319147,-8.157309824354E-03));
#2287 = CARTESIAN_POINT('',(70.148190375759,-4.252052859611E-03));
#2288 = CARTESIAN_POINT('',(78.943528511562,4.016790898262E-05));
#2289 = CARTESIAN_POINT('',(87.738864186526,4.681822577043E-03));
#2290 = CARTESIAN_POINT('',(96.534198120327,9.614053920963E-03));
#2291 = CARTESIAN_POINT('',(114.12486848391,1.992184104857E-02));
#2292 = CARTESIAN_POINT('',(122.92020498605,2.529737306113E-02));
#2293 = CARTESIAN_POINT('',(131.71554117437,3.082571122259E-02));
#2294 = CARTESIAN_POINT('',(140.51087799427,3.642716965266E-02));
#2295 = CARTESIAN_POINT('',(149.30621630012,4.202376675911E-02));
#2296 = CARTESIAN_POINT('',(167.5046941326,5.34551370251E-02));
#2297 = CARTESIAN_POINT('',(176.90783400708,5.927963074216E-02));
#2298 = CARTESIAN_POINT('',(186.31097705029,6.49400482635E-02));
#2299 = CARTESIAN_POINT('',(195.71412389666,7.036833703496E-02));
#2300 = CARTESIAN_POINT('',(205.11727478689,7.552028880521E-02));
#2301 = CARTESIAN_POINT('',(214.52042966735,8.037009536617E-02));
#2302 = ( GEOMETRIC_REPRESENTATION_CONTEXT(2) 
PARAMETRIC_REPRESENTATION_CONTEXT() REPRESENTATION_CONTEXT('2D SPACE',''
  ) );
#2303 = ORIENTED_EDGE('',*,*,#2304,.T.);
#2304 = EDGE_CURVE('',#2100,#2305,#2307,.T.);
#2305 = VERTEX_POINT('',#2306);
#2306 = CARTESIAN_POINT('',(27.937471382052,0.,-179.2903518167));
#2307 = SURFACE_CURVE('',#2308,(#2359),.PCURVE_S1.);
#2308 = B_SPLINE_CURVE_WITH_KNOTS('',13,(#2309,#2310,#2311,#2312,#2313,
    #2314,#2315,#2316,#2317,#2318,#2319,#2320,#2321,#2322,#2323,#2324,
    #2325,#2326,#2327,#2328,#2329,#2330,#2331,#2332,#2333,#2334,#2335,
    #2336,#2337,#2338,#2339,#2340,#2341,#2342,#2343,#2344,#2345,#2346,
    #2347,#2348,#2349,#2350,#2351,#2352,#2353,#2354,#2355,#2356,#2357,
    #2358),.UNSPECIFIED.,.F.,.F.,(14,12,12,12,14),(-6.569607965655,
    -2.64616619503E-02,0.,107.2469840027,214.4939680054),.UNSPECIFIED.);
#2309 = CARTESIAN_POINT('',(-1.578208068905,111.75735489431,
    15.353588352822));
#2310 = CARTESIAN_POINT('',(-1.401976279656,111.25381071985,
    14.191411147724));
#2311 = CARTESIAN_POINT('',(-1.225746793776,110.75027312611,
    13.029249132382));
#2312 = CARTESIAN_POINT('',(-1.049519611265,110.24674211309,
    11.867102306798));
#2313 = CARTESIAN_POINT('',(-0.873294732124,109.74321768078,
    10.704970670971));
#2314 = CARTESIAN_POINT('',(-0.697072156353,109.23969982918,
    9.542854224901));
#2315 = CARTESIAN_POINT('',(-0.52085188395,108.7361885583,8.380752968588
    ));
#2316 = CARTESIAN_POINT('',(-0.344633914918,108.23268386814,
    7.218666902032));
#2317 = CARTESIAN_POINT('',(-0.168418249254,107.72918575869,
    6.056596025234));
#2318 = CARTESIAN_POINT('',(7.795113039412E-03,107.22569422995,
    4.894540338192));
#2319 = CARTESIAN_POINT('',(0.184006171964,106.72220928193,
    3.732499840908));
#2320 = CARTESIAN_POINT('',(0.360214927519,106.21873091463,2.57047453338
    ));
#2321 = CARTESIAN_POINT('',(0.536421379704,105.71525912804,1.40846441561
    ));
#2322 = CARTESIAN_POINT('',(0.713338129829,105.20975781821,
    0.241770170855));
#2323 = CARTESIAN_POINT('',(0.714050710936,105.20772176678,
    0.237070987352));
#2324 = CARTESIAN_POINT('',(0.71476327183,105.20568576743,0.232371937092
    ));
#2325 = CARTESIAN_POINT('',(0.715475812546,105.20364982127,
    0.227673020027));
#2326 = CARTESIAN_POINT('',(0.716188333014,105.20161392624,0.22297423626
    ));
#2327 = CARTESIAN_POINT('',(0.716900833351,105.19957808532,
    0.218275585554));
#2328 = CARTESIAN_POINT('',(0.717613313406,105.197542295,0.213577068275)
  );
#2329 = CARTESIAN_POINT('',(0.718325773344,105.19550655866,
    0.208878683938));
#2330 = CARTESIAN_POINT('',(0.719038213022,105.19347087362,
    0.204180433021));
#2331 = CARTESIAN_POINT('',(0.719750632544,105.19143524159,
    0.199482315124));
#2332 = CARTESIAN_POINT('',(0.720463031852,105.1893996617,0.194784330491
    ));
#2333 = CARTESIAN_POINT('',(0.721175410973,105.18736413429,
    0.190086478991));
#2334 = CARTESIAN_POINT('',(3.609021111185,96.935712324192,
    -18.85408516565));
#2335 = CARTESIAN_POINT('',(6.164474232113,89.54668404293,
    -35.70626250364));
#2336 = CARTESIAN_POINT('',(8.443093649622,82.870058802218,
    -50.73283379754));
#2337 = CARTESIAN_POINT('',(10.487513114054,76.789939018735,
    -64.21495134665));
#2338 = CARTESIAN_POINT('',(12.331331159503,71.214198963868,
    -76.37418386279));
#2339 = CARTESIAN_POINT('',(14.001362176126,66.068436326624,
    -87.38736137754));
#2340 = CARTESIAN_POINT('',(15.519222813971,61.291695994555,
    -97.39703693552));
#2341 = CARTESIAN_POINT('',(16.902463531246,56.833402984678,
    -106.5189486924));
#2342 = CARTESIAN_POINT('',(18.165403104469,52.651073318974,
    -114.8475231755));
#2343 = CARTESIAN_POINT('',(19.31977192018,48.70850348369,
    -122.4601175276));
#2344 = CARTESIAN_POINT('',(20.375217873459,44.974270980737,
    -129.420355706));
#2345 = CARTESIAN_POINT('',(21.339676700278,41.420510321424,
    -135.780570672));
#2346 = CARTESIAN_POINT('',(23.099436451551,34.623611037691,
    -147.3854728156));
#2347 = CARTESIAN_POINT('',(23.894723226137,31.380422197288,
    -152.6300666804));
#2348 = CARTESIAN_POINT('',(24.612015764404,28.2677605376,
    -157.3603201761));
#2349 = CARTESIAN_POINT('',(25.25533579943,25.260461968502,
    -161.6027550014));
#2350 = CARTESIAN_POINT('',(25.831314268502,22.347044072098,
    -165.4010995007));
#2351 = CARTESIAN_POINT('',(26.335498851505,19.481760901907,
    -168.7259924257));
#2352 = CARTESIAN_POINT('',(26.781562076677,16.69824701177,
    -171.6675985601));
#2353 = CARTESIAN_POINT('',(27.153172569299,13.885642981792,
    -174.1182191052));
#2354 = CARTESIAN_POINT('',(27.464941462584,11.147936560668,
    -176.1742085643));
#2355 = CARTESIAN_POINT('',(27.703734700244,8.325953367048,
    -177.7489531582));
#2356 = CARTESIAN_POINT('',(27.859542877401,5.523955383784,
    -178.7764449212));
#2357 = CARTESIAN_POINT('',(27.937471382055,2.760759450896,
    -179.2903518167));
#2358 = CARTESIAN_POINT('',(27.937471382052,0.,-179.2903518167));
#2359 = PCURVE('',#2127,#2360);
#2360 = DEFINITIONAL_REPRESENTATION('',(#2361),#2365);
#2361 = LINE('',#2362,#2363);
#2362 = CARTESIAN_POINT('',(214.52042966735,0.));
#2363 = VECTOR('',#2364,1.);
#2364 = DIRECTION('',(0.,1.));
#2365 = ( GEOMETRIC_REPRESENTATION_CONTEXT(2) 
PARAMETRIC_REPRESENTATION_CONTEXT() REPRESENTATION_CONTEXT('2D SPACE',''
  ) );
#2366 = ORIENTED_EDGE('',*,*,#2367,.F.);
#2367 = EDGE_CURVE('',#2368,#2305,#2370,.T.);
#2368 = VERTEX_POINT('',#2369);
#2369 = CARTESIAN_POINT('',(27.905524487098,0.,-179.5365872202));
#2370 = SURFACE_CURVE('',#2371,(#2375),.PCURVE_S1.);
#2371 = ( BOUNDED_CURVE() B_SPLINE_CURVE(2,(#2372,#2373,#2374),
.UNSPECIFIED.,.F.,.F.) B_SPLINE_CURVE_WITH_KNOTS((3,3),(0.,
214.52042966735),.PIECEWISE_BEZIER_KNOTS.) CURVE() 
GEOMETRIC_REPRESENTATION_ITEM() RATIONAL_B_SPLINE_CURVE((1.,
0.961189798944,1.)) REPRESENTATION_ITEM('') );
#2372 = CARTESIAN_POINT('',(27.905524487098,0.,-179.5365872202));
#2373 = CARTESIAN_POINT('',(27.956836108668,-7.105427357601E-15,
    -179.4180543382));
#2374 = CARTESIAN_POINT('',(27.937471382052,0.,-179.2903518167));
#2375 = PCURVE('',#2127,#2376);
#2376 = DEFINITIONAL_REPRESENTATION('',(#2377),#2380);
#2377 = B_SPLINE_CURVE_WITH_KNOTS('',1,(#2378,#2379),.UNSPECIFIED.,.F.,
  .F.,(2,2),(0.,214.52042966735),.PIECEWISE_BEZIER_KNOTS.);
#2378 = CARTESIAN_POINT('',(0.,214.4939680054));
#2379 = CARTESIAN_POINT('',(214.52042966735,214.4939680054));
#2380 = ( GEOMETRIC_REPRESENTATION_CONTEXT(2) 
PARAMETRIC_REPRESENTATION_CONTEXT() REPRESENTATION_CONTEXT('2D SPACE',''
  ) );
#2381 = ORIENTED_EDGE('',*,*,#2382,.F.);
#2382 = EDGE_CURVE('',#2098,#2368,#2383,.T.);
#2383 = SURFACE_CURVE('',#2384,(#2435),.PCURVE_S1.);
#2384 = B_SPLINE_CURVE_WITH_KNOTS('',13,(#2385,#2386,#2387,#2388,#2389,
    #2390,#2391,#2392,#2393,#2394,#2395,#2396,#2397,#2398,#2399,#2400,
    #2401,#2402,#2403,#2404,#2405,#2406,#2407,#2408,#2409,#2410,#2411,
    #2412,#2413,#2414,#2415,#2416,#2417,#2418,#2419,#2420,#2421,#2422,
    #2423,#2424,#2425,#2426,#2427,#2428,#2429,#2430,#2431,#2432,#2433,
    #2434),.UNSPECIFIED.,.F.,.F.,(14,12,12,12,14),(-6.569607965655,
    -2.64616619503E-02,0.,107.2469840027,214.4939680054),.UNSPECIFIED.);
#2385 = CARTESIAN_POINT('',(-2.030918177336,112.16974668299,
    15.105973851036));
#2386 = CARTESIAN_POINT('',(-1.854016729992,111.66627778311,
    13.943974612211));
#2387 = CARTESIAN_POINT('',(-1.677115314373,111.16280897287,
    12.781975581767));
#2388 = CARTESIAN_POINT('',(-1.50021393048,110.65934025226,
    11.619976759703));
#2389 = CARTESIAN_POINT('',(-1.323312578312,110.15587162129,
    10.45797814602));
#2390 = CARTESIAN_POINT('',(-1.146411257869,109.65240307994,
    9.295979740718));
#2391 = CARTESIAN_POINT('',(-0.969509969151,109.14893462824,
    8.133981543796));
#2392 = CARTESIAN_POINT('',(-0.792608712159,108.64546626616,
    6.971983555255));
#2393 = CARTESIAN_POINT('',(-0.615707486891,108.14199799372,
    5.809985775094));
#2394 = CARTESIAN_POINT('',(-0.43880629335,107.63852981091,
    4.647988203314));
#2395 = CARTESIAN_POINT('',(-0.261905131533,107.13506171773,
    3.485990839915));
#2396 = CARTESIAN_POINT('',(-8.500400144204E-02,106.63159371419,
    2.323993684896));
#2397 = CARTESIAN_POINT('',(9.189709692385E-02,106.12812580027,
    1.161996738258));
#2398 = CARTESIAN_POINT('',(0.269513583335,105.62262186145,
    -4.699324063366E-03));
#2399 = CARTESIAN_POINT('',(0.270228982934,105.62058579941,
    -9.398514882412E-03));
#2400 = CARTESIAN_POINT('',(0.270944362382,105.61854978944,
    -1.409757247355E-02));
#2401 = CARTESIAN_POINT('',(0.271659721632,105.61651383261,
    -1.879649683965E-02));
#2402 = CARTESIAN_POINT('',(0.272375060782,105.61447792692,
    -2.349528795341E-02));
#2403 = CARTESIAN_POINT('',(0.273090379676,105.61244207531,
    -2.819394594536E-02));
#2404 = CARTESIAN_POINT('',(0.273805678525,105.61040627425,
    -3.289247058605E-02));
#2405 = CARTESIAN_POINT('',(0.274520957095,105.60837052721,
    -3.759086219726E-02));
#2406 = CARTESIAN_POINT('',(0.275236215607,105.60633483136,
    -4.228912047635E-02));
#2407 = CARTESIAN_POINT('',(0.275951453893,105.6042991886,
    -4.698724566323E-02));
#2408 = CARTESIAN_POINT('',(0.276666672059,105.60226359788,
    -5.168523763225E-02));
#2409 = CARTESIAN_POINT('',(0.277381870055,105.60022805966,
    -5.638309644685E-02));
#2410 = CARTESIAN_POINT('',(3.176655236297,97.348532298361,
    -19.10058441556));
#2411 = CARTESIAN_POINT('',(5.744160005111,89.959116136944,
    -35.95279097122));
#2412 = CARTESIAN_POINT('',(8.035484827652,83.281696148824,
    -50.97939315637));
#2413 = CARTESIAN_POINT('',(10.093293279516,77.200303437462,
    -64.46154518914));
#2414 = CARTESIAN_POINT('',(11.951215411361,71.622729411375,
    -76.62081707375));
#2415 = CARTESIAN_POINT('',(13.636097185145,66.474475059186,
    -87.63403942274));
#2416 = CARTESIAN_POINT('',(15.169584505699,61.694472026257,
    -97.64376575427));
#2417 = CARTESIAN_POINT('',(16.569251295933,57.232011899704,
    -106.7657358261));
#2418 = CARTESIAN_POINT('',(17.849428986936,53.044452753628,
    -115.094380294));
#2419 = CARTESIAN_POINT('',(19.021842708402,49.095404615915,
    -122.7070636362));
#2420 = CARTESIAN_POINT('',(20.096107389188,45.353228169371,
    -129.6674190249));
#2421 = CARTESIAN_POINT('',(21.080084892033,41.789813609126,
    -136.0277854791));
#2422 = CARTESIAN_POINT('',(22.880017566548,34.969664838436,
    -147.633043241));
#2423 = CARTESIAN_POINT('',(23.695958633498,31.712887889534,
    -152.8778452508));
#2424 = CARTESIAN_POINT('',(24.434341256839,28.58433645833,
    -157.608290696));
#2425 = CARTESIAN_POINT('',(25.098995588392,25.558973916834,
    -161.8510655983));
#2426 = CARTESIAN_POINT('',(25.696299602656,22.623675451318,
    -165.6493040947));
#2427 = CARTESIAN_POINT('',(26.221392266874,19.735766874816,
    -168.9746852892));
#2428 = CARTESIAN_POINT('',(26.687612717587,16.922488477529,
    -171.9157576142));
#2429 = CARTESIAN_POINT('',(27.077703523079,14.081918599462,
    -174.3656596549));
#2430 = CARTESIAN_POINT('',(27.406032261412,11.307969138783,
    -176.4215212293));
#2431 = CARTESIAN_POINT('',(27.657853008591,8.45070059443,
    -177.9927356673));
#2432 = CARTESIAN_POINT('',(27.8228356725,5.611597280285,-179.0208728269
    ));
#2433 = CARTESIAN_POINT('',(27.905524487101,2.806757924498,
    -179.5365872202));
#2434 = CARTESIAN_POINT('',(27.905524487098,0.,-179.5365872202));
#2435 = PCURVE('',#2127,#2436);
#2436 = DEFINITIONAL_REPRESENTATION('',(#2437),#2441);
#2437 = LINE('',#2438,#2439);
#2438 = CARTESIAN_POINT('',(0.,0.));
#2439 = VECTOR('',#2440,1.);
#2440 = DIRECTION('',(0.,1.));
#2441 = ( GEOMETRIC_REPRESENTATION_CONTEXT(2) 
PARAMETRIC_REPRESENTATION_CONTEXT() REPRESENTATION_CONTEXT('2D SPACE',''
  ) );
#2442 = ( GEOMETRIC_REPRESENTATION_CONTEXT(3) 
GLOBAL_UNCERTAINTY_ASSIGNED_CONTEXT((#2446)) 
GLOBAL_UNIT_ASSIGNED_CONTEXT((#2443,#2444,#2445)) REPRESENTATION_CONTEXT
('Context #1','3D Context with UNIT and UNCERTAINTY') );
#2443 = ( LENGTH_UNIT() NAMED_UNIT(*) SI_UNIT(.MILLI.,.METRE.) );
#2444 = ( NAMED_UNIT(*) PLANE_ANGLE_UNIT() SI_UNIT($,.RADIAN.) );
#2445 = ( NAMED_UNIT(*) SI_UNIT($,.STERADIAN.) SOLID_ANGLE_UNIT() );
#2446 = UNCERTAINTY_MEASURE_WITH_UNIT(LENGTH_MEASURE(5.E-05),#2443,
  'distance_accuracy_value','confusion accuracy');
#2447 = CONTEXT_DEPENDENT_SHAPE_REPRESENTATION(#2448,#2450);
#2448 = ( REPRESENTATION_RELATIONSHIP('','',#2090,#10) 
REPRESENTATION_RELATIONSHIP_WITH_TRANSFORMATION(#2449) 
SHAPE_REPRESENTATION_RELATIONSHIP() );
#2449 = ITEM_DEFINED_TRANSFORMATION('','',#11,#51);
#2450 = PRODUCT_DEFINITION_SHAPE('Placement','Placement of an item',
  #2451);
#2451 = NEXT_ASSEMBLY_USAGE_OCCURRENCE('10','','',#5,#2085,$);
#2452 = PRODUCT_RELATED_PRODUCT_CATEGORY('part',$,(#2087));
#2453 = SHAPE_DEFINITION_REPRESENTATION(#2454,#2460);
#2454 = PRODUCT_DEFINITION_SHAPE('','',#2455);
#2455 = PRODUCT_DEFINITION('design','',#2456,#2459);
#2456 = PRODUCT_DEFINITION_FORMATION('','',#2457);
#2457 = PRODUCT('Open CASCADE STEP translator 7.8 1.11',
  'Open CASCADE STEP translator 7.8 1.11','',(#2458));
#2458 = PRODUCT_CONTEXT('',#2,'mechanical');
#2459 = PRODUCT_DEFINITION_CONTEXT('part definition',#2,'design');
#2460 = MANIFOLD_SURFACE_SHAPE_REPRESENTATION('',(#11,#2461),#2871);
#2461 = SHELL_BASED_SURFACE_MODEL('',(#2462));
#2462 = OPEN_SHELL('',(#2463));
#2463 = ADVANCED_FACE('',(#2464),#2497,.T.);
#2464 = FACE_BOUND('',#2465,.T.);
#2465 = EDGE_LOOP('',(#2466,#2685,#2752,#2806));
#2466 = ORIENTED_EDGE('',*,*,#2467,.T.);
#2467 = EDGE_CURVE('',#2468,#2470,#2472,.T.);
#2468 = VERTEX_POINT('',#2469);
#2469 = CARTESIAN_POINT('',(-0.268798163564,-105.624657976,0.));
#2470 = VERTEX_POINT('',#2471);
#2471 = CARTESIAN_POINT('',(-0.75,-105.1049977207,0.));
#2472 = SURFACE_CURVE('',#2473,(#2496),.PCURVE_S1.);
#2473 = B_SPLINE_CURVE_WITH_KNOTS('',6,(#2474,#2475,#2476,#2477,#2478,
    #2479,#2480,#2481,#2482,#2483,#2484,#2485,#2486,#2487,#2488,#2489,
    #2490,#2491,#2492,#2493,#2494,#2495),.UNSPECIFIED.,.F.,.F.,(7,5,5,5,
    7),(0.,0.244999929628,0.490999956664,0.737000014368,1.),
  .UNSPECIFIED.);
#2474 = CARTESIAN_POINT('',(-0.268798163564,-105.624657976,0.));
#2475 = CARTESIAN_POINT('',(-0.295781029509,-105.6245893088,0.));
#2476 = CARTESIAN_POINT('',(-0.323703304245,-105.6224432794,0.));
#2477 = CARTESIAN_POINT('',(-0.352368362854,-105.6179817975,0.));
#2478 = CARTESIAN_POINT('',(-0.381504599968,-105.6109939109,0.));
#2479 = CARTESIAN_POINT('',(-0.410758078451,-105.6013453274,0.));
#2480 = CARTESIAN_POINT('',(-0.468841247859,-105.5766363537,0.));
#2481 = CARTESIAN_POINT('',(-0.497668628078,-105.5615539353,0.));
#2482 = CARTESIAN_POINT('',(-0.525830306709,-105.5437480497,0.));
#2483 = CARTESIAN_POINT('',(-0.552896070738,-105.5233107954,0.));
#2484 = CARTESIAN_POINT('',(-0.578457756231,-105.5004792822,0.));
#2485 = CARTESIAN_POINT('',(-0.625924995887,-105.4506898507,0.));
#2486 = CARTESIAN_POINT('',(-0.64783043252,-105.4237320463,0.));
#2487 = CARTESIAN_POINT('',(-0.667583077381,-105.3950414524,0.));
#2488 = CARTESIAN_POINT('',(-0.684938613496,-105.3650461022,0.));
#2489 = CARTESIAN_POINT('',(-0.699785759176,-105.3342091581,0.));
#2490 = CARTESIAN_POINT('',(-0.725309886011,-105.2695520367,0.));
#2491 = CARTESIAN_POINT('',(-0.735627908956,-105.2356730884,0.));
#2492 = CARTESIAN_POINT('',(-0.743071311227,-105.2018495142,0.));
#2493 = CARTESIAN_POINT('',(-0.747781612791,-105.1685682198,0.));
#2494 = CARTESIAN_POINT('',(-0.75,-105.1361972915,0.));
#2495 = CARTESIAN_POINT('',(-0.75,-105.1049977209,0.));
#2496 = PCURVE('',#2497,#2660);
#2497 = ( BOUNDED_SURFACE() B_SPLINE_SURFACE(2,14,(
    (#2498,#2499,#2500,#2501,#2502,#2503,#2504,#2505,#2506,#2507,#2508
      ,#2509,#2510,#2511,#2512,#2513,#2514,#2515,#2516,#2517,#2518,#2519
      ,#2520,#2521,#2522,#2523,#2524,#2525,#2526,#2527,#2528,#2529,#2530
      ,#2531,#2532,#2533,#2534,#2535,#2536,#2537,#2538,#2539,#2540,#2541
      ,#2542,#2543,#2544,#2545,#2546,#2547,#2548,#2549,#2550,#2551)
    ,(#2552,#2553,#2554,#2555,#2556,#2557,#2558,#2559,#2560,#2561,#2562
      ,#2563,#2564,#2565,#2566,#2567,#2568,#2569,#2570,#2571,#2572,#2573
      ,#2574,#2575,#2576,#2577,#2578,#2579,#2580,#2581,#2582,#2583,#2584
      ,#2585,#2586,#2587,#2588,#2589,#2590,#2591,#2592,#2593,#2594,#2595
      ,#2596,#2597,#2598,#2599,#2600,#2601,#2602,#2603,#2604,#2605)
    ,(#2606,#2607,#2608,#2609,#2610,#2611,#2612,#2613,#2614,#2615,#2616
      ,#2617,#2618,#2619,#2620,#2621,#2622,#2623,#2624,#2625,#2626,#2627
      ,#2628,#2629,#2630,#2631,#2632,#2633,#2634,#2635,#2636,#2637,#2638
      ,#2639,#2640,#2641,#2642,#2643,#2644,#2645,#2646,#2647,#2648,#2649
      ,#2650,#2651,#2652,#2653,#2654,#2655,#2656,#2657,#2658,#2659
)),.UNSPECIFIED.,.F.,.F.,.F.) B_SPLINE_SURFACE_WITH_KNOTS((3,3),(15,13,
    13,13,15),(0.,429.10032482976),(-4.451203777278,-1.918743166233E-02,
    214.53097498321,429.08113739809,433.51315374371),.UNSPECIFIED.) 
GEOMETRIC_REPRESENTATION_ITEM() RATIONAL_B_SPLINE_SURFACE((
    (1.,1.,1.,1.,1.,1.,1.,1.,1.,1.,1.,1.,1.,1.,1.,1.,1.,1.,1.,1.,1.,1.
      ,1.,1.,1.,1.,1.,1.,1.,1.,1.,1.,1.,1.,1.,1.,1.,1.,1.,1.,1.,1.,1.,1.
      ,1.,1.,1.,1.,1.,1.,1.,1.,1.,1.)
    ,(0.686567176226,0.686083713649,0.68567462993,0.685339925069
      ,0.685079599066,0.684893651921,0.684782083634,0.684744894205
      ,0.684782083634,0.684893651921,0.685079599066,0.685339925069
      ,0.68567462993,0.686083713649,0.709971190638,0.734451475055
      ,0.759780108487,0.785690913971,0.811926207414,0.83807151455
      ,0.863881583688,0.888462220937,0.91096162049,0.930334069724
      ,0.945581375827,0.955987071263,0.961189798944,0.961189798944
      ,0.955987071262,0.945581375832,0.930334069716,0.910961620501
      ,0.888462220925,0.863881583698,0.838071514544,0.811926207416
      ,0.785690913971,0.759780108486,0.734451475055,0.709971190638
      ,0.686083713649,0.68567462993,0.685339925069,0.685079599066
      ,0.684893651921,0.684782083634,0.684744894205,0.684782083634
      ,0.684893651921,0.685079599066,0.685339925069,0.68567462993
      ,0.686083713649,0.686567176226)
    ,(1.,1.,1.,1.,1.,1.,1.,1.,1.,1.,1.,1.,1.,1.,1.,1.,1.,1.,1.,1.,1.,1.
      ,1.,1.,1.,1.,1.,1.,1.,1.,1.,1.,1.,1.,1.,1.,1.,1.,1.,1.,1.,1.,1.,1.
,1.,1.,1.,1.,1.,1.,1.,1.,1.,1.))) REPRESENTATION_ITEM('') SURFACE() );
#2498 = CARTESIAN_POINT('',(1.879542820162,-111.7389261019,
    14.111645933733));
#2499 = CARTESIAN_POINT('',(1.726089892753,-111.3021926643,
    13.103671224181));
#2500 = CARTESIAN_POINT('',(1.572636965344,-110.8654592268,
    12.095696514629));
#2501 = CARTESIAN_POINT('',(1.419184037935,-110.4287257892,
    11.087721805077));
#2502 = CARTESIAN_POINT('',(1.265731110526,-109.9919923516,
    10.079747095525));
#2503 = CARTESIAN_POINT('',(1.112278183117,-109.5552589141,
    9.071772385973));
#2504 = CARTESIAN_POINT('',(0.958825255708,-109.1185254765,
    8.063797676421));
#2505 = CARTESIAN_POINT('',(0.805372328299,-108.6817920389,
    7.055822966869));
#2506 = CARTESIAN_POINT('',(0.65191940089,-108.2450586014,6.047848257316
    ));
#2507 = CARTESIAN_POINT('',(0.498466473481,-107.8083251638,
    5.039873547764));
#2508 = CARTESIAN_POINT('',(0.345013546072,-107.3715917262,
    4.031898838211));
#2509 = CARTESIAN_POINT('',(0.191560618663,-106.9348582887,
    3.023924128659));
#2510 = CARTESIAN_POINT('',(3.810769125382E-02,-106.4981248511,
    2.015949419106));
#2511 = CARTESIAN_POINT('',(-0.115345236155,-106.0613914135,
    1.007974709553));
#2512 = CARTESIAN_POINT('',(-7.697324579367,-84.48276167977,
    -48.79520308146));
#2513 = CARTESIAN_POINT('',(-12.54068255087,-70.16353909614,
    -80.52631493942));
#2514 = CARTESIAN_POINT('',(-16.15449384946,-59.03879484757,
    -104.133928224));
#2515 = CARTESIAN_POINT('',(-18.88125233003,-50.18618848095,
    -121.8780752197));
#2516 = CARTESIAN_POINT('',(-21.06674441053,-42.66809945867,
    -136.0407306381));
#2517 = CARTESIAN_POINT('',(-22.78316072709,-36.27727286454,
    -147.1015725354));
#2518 = CARTESIAN_POINT('',(-24.20292237145,-30.52179530359,
    -156.2002232577));
#2519 = CARTESIAN_POINT('',(-25.31374399193,-25.41584311437,
    -163.2645621514));
#2520 = CARTESIAN_POINT('',(-26.2148725579,-20.66566801935,
    -168.9603714351));
#2521 = CARTESIAN_POINT('',(-26.90042106622,-16.25522625673,
    -173.2630573367));
#2522 = CARTESIAN_POINT('',(-27.40671118781,-12.04809320688,
    -176.4272397398));
#2523 = CARTESIAN_POINT('',(-27.73914311108,-7.98569536868,
    -178.4994087639));
#2524 = CARTESIAN_POINT('',(-27.90552448709,-3.992808158403,
    -179.5365872202));
#2525 = CARTESIAN_POINT('',(-27.9055244871,3.992808158404,
    -179.5365872203));
#2526 = CARTESIAN_POINT('',(-27.73914311102,7.985695368665,
    -178.4994087636));
#2527 = CARTESIAN_POINT('',(-27.40671118798,12.048093206926,
    -176.4272397406));
#2528 = CARTESIAN_POINT('',(-26.9004210659,16.255226256671,
    -173.2630573352));
#2529 = CARTESIAN_POINT('',(-26.21487255837,20.665668019406,
    -168.9603714372));
#2530 = CARTESIAN_POINT('',(-25.31374399138,25.415843114399,
    -163.2645621492));
#2531 = CARTESIAN_POINT('',(-24.20292237196,30.521795303455,
    -156.2002232595));
#2532 = CARTESIAN_POINT('',(-22.78316072671,36.277272864775,
    -147.1015725344));
#2533 = CARTESIAN_POINT('',(-21.06674441075,42.668099458414,
    -136.0407306385));
#2534 = CARTESIAN_POINT('',(-18.88125232993,50.186188481155,
    -121.8780752197));
#2535 = CARTESIAN_POINT('',(-16.15449384949,59.038794847459,
    -104.1339282239));
#2536 = CARTESIAN_POINT('',(-12.54068255086,70.163539096191,
    -80.52631493948));
#2537 = CARTESIAN_POINT('',(-7.697324579368,84.48276167976,
    -48.79520308144));
#2538 = CARTESIAN_POINT('',(-0.115345236155,106.06139141356,
    1.007974709553));
#2539 = CARTESIAN_POINT('',(3.810769125389E-02,106.49812485113,
    2.015949419105));
#2540 = CARTESIAN_POINT('',(0.191560618663,106.9348582887,3.023924128658
    ));
#2541 = CARTESIAN_POINT('',(0.345013546072,107.37159172627,
    4.031898838211));
#2542 = CARTESIAN_POINT('',(0.498466473481,107.80832516384,
    5.039873547763));
#2543 = CARTESIAN_POINT('',(0.651919400891,108.24505860141,
    6.047848257316));
#2544 = CARTESIAN_POINT('',(0.8053723283,108.68179203897,7.055822966868)
  );
#2545 = CARTESIAN_POINT('',(0.958825255709,109.11852547654,
    8.063797676421));
#2546 = CARTESIAN_POINT('',(1.112278183118,109.55525891411,
    9.071772385974));
#2547 = CARTESIAN_POINT('',(1.265731110527,109.99199235168,
    10.079747095526));
#2548 = CARTESIAN_POINT('',(1.419184037936,110.42872578925,
    11.087721805079));
#2549 = CARTESIAN_POINT('',(1.572636965346,110.86545922681,
    12.095696514632));
#2550 = CARTESIAN_POINT('',(1.726089892755,111.30219266438,
    13.103671224184));
#2551 = CARTESIAN_POINT('',(1.879542820164,111.73892610195,
    14.111645933737));
#2552 = CARTESIAN_POINT('',(1.398721338015,-111.7726083763,
    14.16994612096));
#2553 = CARTESIAN_POINT('',(1.247299263359,-111.3392682709,
    13.171378925932));
#2554 = CARTESIAN_POINT('',(1.09546431958,-110.9047466156,
    12.170089026416));
#2555 = CARTESIAN_POINT('',(0.943265202564,-110.4691827683,
    11.166397552042));
#2556 = CARTESIAN_POINT('',(0.790750951165,-110.0327170686,
    10.160627894166));
#2557 = CARTESIAN_POINT('',(0.637970894784,-109.5954906874,
    9.153105360196));
#2558 = CARTESIAN_POINT('',(0.484974600346,-109.1576454756,
    8.144156823902));
#2559 = CARTESIAN_POINT('',(0.331811818777,-108.7193238105,
    7.134110372475));
#2560 = CARTESIAN_POINT('',(0.178532431119,-108.2806684417,
    6.123294951163));
#2561 = CARTESIAN_POINT('',(2.51863943938E-02,-107.8418223365,
    5.112040006272));
#2562 = CARTESIAN_POINT('',(-0.128176312656,-107.4029285241,
    4.100675127347));
#2563 = CARTESIAN_POINT('',(-0.281505743826,-106.9641299407,
    3.089529689362));
#2564 = CARTESIAN_POINT('',(-0.434752039583,-106.5255692744,
    2.07893249572));
#2565 = CARTESIAN_POINT('',(-0.587865480958,-106.0873888112,
    1.069211422873));
#2566 = CARTESIAN_POINT('',(-7.894971930133,-85.17589168837,
    -47.11819326897));
#2567 = CARTESIAN_POINT('',(-12.66116304895,-70.99336203232,
    -78.54929145798));
#2568 = CARTESIAN_POINT('',(-16.23723806126,-59.8939429946,
    -102.1320564039));
#2569 = CARTESIAN_POINT('',(-18.96223474829,-50.96339330624,
    -120.1023048267));
#2570 = CARTESIAN_POINT('',(-21.14317325319,-43.36735170382,
    -134.4847101018));
#2571 = CARTESIAN_POINT('',(-22.86821900613,-36.85551730064,
    -145.8606875004));
#2572 = CARTESIAN_POINT('',(-24.28672557016,-31.00103568417,
    -155.2151632189));
#2573 = CARTESIAN_POINT('',(-25.40488067001,-25.75919123522,
    -162.5889427973));
#2574 = CARTESIAN_POINT('',(-26.30153644678,-20.9008017972,
    -168.5020241351));
#2575 = CARTESIAN_POINT('',(-26.9822077851,-16.38021420259,
    -172.9907756641));
#2576 = CARTESIAN_POINT('',(-27.47769433089,-12.09109618706,
    -176.2583085603));
#2577 = CARTESIAN_POINT('',(-27.79879696162,-7.975068823281,
    -178.3758502334));
#2578 = CARTESIAN_POINT('',(-27.95683610866,-3.965929794357,
    -179.4180543382));
#2579 = CARTESIAN_POINT('',(-27.95683610867,3.965929794359,
    -179.4180543382));
#2580 = CARTESIAN_POINT('',(-27.7987969616,7.97506882326,-178.3758502333
    ));
#2581 = CARTESIAN_POINT('',(-27.47769433093,12.09109618712,
    -176.2583085606));
#2582 = CARTESIAN_POINT('',(-26.98220778501,16.380214202529,
    -172.9907756635));
#2583 = CARTESIAN_POINT('',(-26.30153644694,20.90080179724,
    -168.5020241362));
#2584 = CARTESIAN_POINT('',(-25.40488066977,25.759191235286,
    -162.5889427957));
#2585 = CARTESIAN_POINT('',(-24.28672557045,31.001035684012,
    -155.2151632208));
#2586 = CARTESIAN_POINT('',(-22.86821900585,36.85551730086,
    -145.8606874986));
#2587 = CARTESIAN_POINT('',(-21.14317325341,43.367351703653,
    -134.4847101031));
#2588 = CARTESIAN_POINT('',(-18.96223474815,50.963393306341,
    -120.1023048259));
#2589 = CARTESIAN_POINT('',(-16.23723806133,59.893942994578,
    -102.1320564042));
#2590 = CARTESIAN_POINT('',(-12.66116304893,70.993362032327,
    -78.54929145786));
#2591 = CARTESIAN_POINT('',(-7.894971930136,85.175891688378,
    -47.11819326899));
#2592 = CARTESIAN_POINT('',(-0.587865480958,106.08738881121,
    1.069211422873));
#2593 = CARTESIAN_POINT('',(-0.434752039583,106.52556927444,
    2.07893249572));
#2594 = CARTESIAN_POINT('',(-0.281505743826,106.96412994071,
    3.089529689363));
#2595 = CARTESIAN_POINT('',(-0.128176312656,107.40292852412,
    4.100675127348));
#2596 = CARTESIAN_POINT('',(2.518639439406E-02,107.84182233654,
    5.112040006273));
#2597 = CARTESIAN_POINT('',(0.17853243112,108.28066844178,6.123294951165
    ));
#2598 = CARTESIAN_POINT('',(0.331811818777,108.71932381053,
    7.134110372477));
#2599 = CARTESIAN_POINT('',(0.484974600346,109.15764547566,
    8.144156823904));
#2600 = CARTESIAN_POINT('',(0.637970894784,109.59549068747,
    9.153105360198));
#2601 = CARTESIAN_POINT('',(0.790750951165,110.03271706862,
    10.160627894167));
#2602 = CARTESIAN_POINT('',(0.943265202564,110.46918276835,
    11.166397552044));
#2603 = CARTESIAN_POINT('',(1.09546431958,110.90474661564,
    12.170089026418));
#2604 = CARTESIAN_POINT('',(1.247299263359,111.33926827097,
    13.171378925933));
#2605 = CARTESIAN_POINT('',(1.398721338015,111.77260837632,
    14.169946120961));
#2606 = CARTESIAN_POINT('',(1.427417407839,-111.3265032232,
    14.359185067912));
#2607 = CARTESIAN_POINT('',(1.274545374229,-110.889704489,
    13.351055981406));
#2608 = CARTESIAN_POINT('',(1.121675159677,-110.4529109523,
    12.342938890842));
#2609 = CARTESIAN_POINT('',(0.968806764181,-110.0161226132,
    11.334833796221));
#2610 = CARTESIAN_POINT('',(0.815940187742,-109.5793394717,
    10.326740697542));
#2611 = CARTESIAN_POINT('',(0.66307543036,-109.1425615277,9.318659594806
    ));
#2612 = CARTESIAN_POINT('',(0.510212492035,-108.7057887813,
    8.310590488012));
#2613 = CARTESIAN_POINT('',(0.357351372766,-108.2690212324,
    7.302533377161));
#2614 = CARTESIAN_POINT('',(0.204492072555,-107.8322588811,
    6.294488262252));
#2615 = CARTESIAN_POINT('',(5.16345913999E-02,-107.3955017274,
    5.286455143286));
#2616 = CARTESIAN_POINT('',(-0.101221070698,-106.9587497712,
    4.278434020262));
#2617 = CARTESIAN_POINT('',(-0.254074913739,-106.5220030126,
    3.270424893181));
#2618 = CARTESIAN_POINT('',(-0.406926937723,-106.0852614515,
    2.262427762042));
#2619 = CARTESIAN_POINT('',(-0.55977714265,-105.648525088,1.254442626846
    ));
#2620 = CARTESIAN_POINT('',(-8.111886599794,-84.07000759393,
    -48.54865757701));
#2621 = CARTESIAN_POINT('',(-12.92356198247,-69.75312998511,
    -80.27970604661));
#2622 = CARTESIAN_POINT('',(-16.50339713113,-58.63356736413,
    -103.8872675674));
#2623 = CARTESIAN_POINT('',(-19.19407863274,-49.78970984125,
    -121.6312212537));
#2624 = CARTESIAN_POINT('',(-21.34170691808,-42.28451512367,
    -135.7939591355));
#2625 = CARTESIAN_POINT('',(-23.01884927128,-35.91193048414,
    -146.8540330322));
#2626 = CARTESIAN_POINT('',(-24.39867492331,-30.18023710238,
    -155.9534238186));
#2627 = CARTESIAN_POINT('',(-25.46975187359,-25.10529855897,
    -163.0167420853));
#2628 = CARTESIAN_POINT('',(-26.33360924383,-20.39361760981,
    -168.7135312296));
#2629 = CARTESIAN_POINT('',(-26.98596644444,-16.02875875763,
    -173.0155624985));
#2630 = CARTESIAN_POINT('',(-27.46585098336,-11.87439454516,
    -176.1802064848));
#2631 = CARTESIAN_POINT('',(-27.78015439665,-7.868524999839,
    -178.2529100752));
#2632 = CARTESIAN_POINT('',(-27.93747138204,-3.934225073217,
    -179.2903518167));
#2633 = CARTESIAN_POINT('',(-27.93747138206,3.934225073219,
    -179.2903518168));
#2634 = CARTESIAN_POINT('',(-27.78015439658,7.868524999812,
    -178.2529100747));
#2635 = CARTESIAN_POINT('',(-27.46585098353,11.874394545244,
    -176.1802064861));
#2636 = CARTESIAN_POINT('',(-26.9859664441,16.028758757499,
    -173.015562496));
#2637 = CARTESIAN_POINT('',(-26.33360924433,20.393617609977,
    -168.7135312332));
#2638 = CARTESIAN_POINT('',(-25.46975187303,25.105298558872,
    -163.0167420811));
#2639 = CARTESIAN_POINT('',(-24.39867492382,30.180237102351,
    -155.9534238225));
#2640 = CARTESIAN_POINT('',(-23.01884927092,35.911930484293,
    -146.8540330293));
#2641 = CARTESIAN_POINT('',(-21.34170691829,42.284515123468,
    -135.7939591372));
#2642 = CARTESIAN_POINT('',(-19.19407863266,49.789709841424,
    -121.6312212529));
#2643 = CARTESIAN_POINT('',(-16.50339713115,58.633567364034,
    -103.8872675677));
#2644 = CARTESIAN_POINT('',(-12.92356198247,69.753129985159,
    -80.27970604654));
#2645 = CARTESIAN_POINT('',(-8.111886599794,84.070007593927,
    -48.54865757702));
#2646 = CARTESIAN_POINT('',(-0.55977714265,105.64852508809,
    1.254442626846));
#2647 = CARTESIAN_POINT('',(-0.406926937723,106.08526145158,
    2.262427762043));
#2648 = CARTESIAN_POINT('',(-0.254074913739,106.52200301264,
    3.270424893182));
#2649 = CARTESIAN_POINT('',(-0.101221070698,106.95874977125,
    4.278434020263));
#2650 = CARTESIAN_POINT('',(5.16345914E-02,107.39550172743,
    5.286455143287));
#2651 = CARTESIAN_POINT('',(0.204492072555,107.83225888117,
    6.294488262254));
#2652 = CARTESIAN_POINT('',(0.357351372766,108.26902123246,
    7.302533377163));
#2653 = CARTESIAN_POINT('',(0.510212492035,108.70578878132,
    8.310590488015));
#2654 = CARTESIAN_POINT('',(0.66307543036,109.14256152774,9.318659594809
    ));
#2655 = CARTESIAN_POINT('',(0.815940187742,109.57933947172,
    10.326740697545));
#2656 = CARTESIAN_POINT('',(0.968806764181,110.01612261327,
    11.334833796225));
#2657 = CARTESIAN_POINT('',(1.121675159677,110.45291095237,
    12.342938890846));
#2658 = CARTESIAN_POINT('',(1.27454537423,110.88970448904,13.35105598141
    ));
#2659 = CARTESIAN_POINT('',(1.42741740784,111.32650322326,
    14.359185067917));
#2660 = DEFINITIONAL_REPRESENTATION('',(#2661),#2684);
#2661 = B_SPLINE_CURVE_WITH_KNOTS('',6,(#2662,#2663,#2664,#2665,#2666,
    #2667,#2668,#2669,#2670,#2671,#2672,#2673,#2674,#2675,#2676,#2677,
    #2678,#2679,#2680,#2681,#2682,#2683),.UNSPECIFIED.,.F.,.F.,(7,5,5,5,
    7),(0.,0.244999929628,0.490999956664,0.737000014368,1.),
  .UNSPECIFIED.);
#2662 = CARTESIAN_POINT('',(0.,-1.918743166232E-02));
#2663 = CARTESIAN_POINT('',(17.521600419988,-1.811864572693E-02));
#2664 = CARTESIAN_POINT('',(35.043199391278,-1.677911260214E-02));
#2665 = CARTESIAN_POINT('',(52.564796800613,-1.514974189596E-02));
#2666 = CARTESIAN_POINT('',(70.08639259971,-1.321742974371E-02));
#2667 = CARTESIAN_POINT('',(87.607986835845,-1.098091445316E-02));
#2668 = CARTESIAN_POINT('',(122.72269601966,-5.915038833793E-03));
#2669 = CARTESIAN_POINT('',(140.3158109957,-3.083288367054E-03));
#2670 = CARTESIAN_POINT('',(157.90892455408,2.909072630755E-05));
#2671 = CARTESIAN_POINT('',(175.50203692504,3.394898626628E-03));
#2672 = CARTESIAN_POINT('',(193.09514846402,6.971468730421E-03));
#2673 = CARTESIAN_POINT('',(228.28137271422,1.444620280092E-02));
#2674 = CARTESIAN_POINT('',(245.87448546167,1.834434938433E-02));
#2675 = CARTESIAN_POINT('',(263.46759807484,2.235337144498E-02));
#2676 = CARTESIAN_POINT('',(281.06071101473,2.64154889388E-02));
#2677 = CARTESIAN_POINT('',(298.65382469726,3.047415024708E-02));
#2678 = CARTESIAN_POINT('',(335.05583301545,3.876433696434E-02));
#2679 = CARTESIAN_POINT('',(353.86472782385,4.298841687738E-02));
#2680 = CARTESIAN_POINT('',(372.67362419232,4.709357751539E-02));
#2681 = CARTESIAN_POINT('',(391.4825224288,5.103045494657E-02));
#2682 = CARTESIAN_POINT('',(410.29142265031,5.476697470223E-02));
#2683 = CARTESIAN_POINT('',(429.10032482976,5.828440716662E-02));
#2684 = ( GEOMETRIC_REPRESENTATION_CONTEXT(2) 
PARAMETRIC_REPRESENTATION_CONTEXT() REPRESENTATION_CONTEXT('2D SPACE',''
  ) );
#2685 = ORIENTED_EDGE('',*,*,#2686,.T.);
#2686 = EDGE_CURVE('',#2470,#2687,#2689,.T.);
#2687 = VERTEX_POINT('',#2688);
#2688 = CARTESIAN_POINT('',(-0.75,105.10499772075,0.));
#2689 = SURFACE_CURVE('',#2690,(#2745),.PCURVE_S1.);
#2690 = B_SPLINE_CURVE_WITH_KNOTS('',14,(#2691,#2692,#2693,#2694,#2695,
    #2696,#2697,#2698,#2699,#2700,#2701,#2702,#2703,#2704,#2705,#2706,
    #2707,#2708,#2709,#2710,#2711,#2712,#2713,#2714,#2715,#2716,#2717,
    #2718,#2719,#2720,#2721,#2722,#2723,#2724,#2725,#2726,#2727,#2728,
    #2729,#2730,#2731,#2732,#2733,#2734,#2735,#2736,#2737,#2738,#2739,
    #2740,#2741,#2742,#2743,#2744),.UNSPECIFIED.,.F.,.F.,(15,13,13,13,15
    ),(-4.451203777278,-1.918743166233E-02,214.53097498321,
    429.08113739809,433.51315374371),.UNSPECIFIED.);
#2691 = CARTESIAN_POINT('',(1.427417407839,-111.3265032232,
    14.359185067912));
#2692 = CARTESIAN_POINT('',(1.274545374229,-110.889704489,
    13.351055981406));
#2693 = CARTESIAN_POINT('',(1.121675159677,-110.4529109523,
    12.342938890842));
#2694 = CARTESIAN_POINT('',(0.968806764181,-110.0161226132,
    11.334833796221));
#2695 = CARTESIAN_POINT('',(0.815940187742,-109.5793394717,
    10.326740697542));
#2696 = CARTESIAN_POINT('',(0.66307543036,-109.1425615277,9.318659594806
    ));
#2697 = CARTESIAN_POINT('',(0.510212492035,-108.7057887813,
    8.310590488012));
#2698 = CARTESIAN_POINT('',(0.357351372766,-108.2690212324,
    7.302533377161));
#2699 = CARTESIAN_POINT('',(0.204492072555,-107.8322588811,
    6.294488262252));
#2700 = CARTESIAN_POINT('',(5.16345913999E-02,-107.3955017274,
    5.286455143286));
#2701 = CARTESIAN_POINT('',(-0.101221070698,-106.9587497712,
    4.278434020262));
#2702 = CARTESIAN_POINT('',(-0.254074913739,-106.5220030126,
    3.270424893181));
#2703 = CARTESIAN_POINT('',(-0.406926937723,-106.0852614515,
    2.262427762042));
#2704 = CARTESIAN_POINT('',(-0.55977714265,-105.648525088,1.254442626846
    ));
#2705 = CARTESIAN_POINT('',(-8.111886599794,-84.07000759393,
    -48.54865757701));
#2706 = CARTESIAN_POINT('',(-12.92356198247,-69.75312998511,
    -80.27970604661));
#2707 = CARTESIAN_POINT('',(-16.50339713113,-58.63356736413,
    -103.8872675674));
#2708 = CARTESIAN_POINT('',(-19.19407863274,-49.78970984125,
    -121.6312212537));
#2709 = CARTESIAN_POINT('',(-21.34170691808,-42.28451512367,
    -135.7939591355));
#2710 = CARTESIAN_POINT('',(-23.01884927128,-35.91193048414,
    -146.8540330322));
#2711 = CARTESIAN_POINT('',(-24.39867492331,-30.18023710238,
    -155.9534238186));
#2712 = CARTESIAN_POINT('',(-25.46975187359,-25.10529855897,
    -163.0167420853));
#2713 = CARTESIAN_POINT('',(-26.33360924383,-20.39361760981,
    -168.7135312296));
#2714 = CARTESIAN_POINT('',(-26.98596644444,-16.02875875763,
    -173.0155624985));
#2715 = CARTESIAN_POINT('',(-27.46585098336,-11.87439454516,
    -176.1802064848));
#2716 = CARTESIAN_POINT('',(-27.78015439665,-7.868524999839,
    -178.2529100752));
#2717 = CARTESIAN_POINT('',(-27.93747138204,-3.934225073217,
    -179.2903518167));
#2718 = CARTESIAN_POINT('',(-27.93747138206,3.934225073219,
    -179.2903518168));
#2719 = CARTESIAN_POINT('',(-27.78015439658,7.868524999812,
    -178.2529100747));
#2720 = CARTESIAN_POINT('',(-27.46585098353,11.874394545244,
    -176.1802064861));
#2721 = CARTESIAN_POINT('',(-26.9859664441,16.028758757499,
    -173.015562496));
#2722 = CARTESIAN_POINT('',(-26.33360924433,20.393617609977,
    -168.7135312332));
#2723 = CARTESIAN_POINT('',(-25.46975187303,25.105298558872,
    -163.0167420811));
#2724 = CARTESIAN_POINT('',(-24.39867492382,30.180237102351,
    -155.9534238225));
#2725 = CARTESIAN_POINT('',(-23.01884927092,35.911930484293,
    -146.8540330293));
#2726 = CARTESIAN_POINT('',(-21.34170691829,42.284515123468,
    -135.7939591372));
#2727 = CARTESIAN_POINT('',(-19.19407863266,49.789709841424,
    -121.6312212529));
#2728 = CARTESIAN_POINT('',(-16.50339713115,58.633567364034,
    -103.8872675677));
#2729 = CARTESIAN_POINT('',(-12.92356198247,69.753129985159,
    -80.27970604654));
#2730 = CARTESIAN_POINT('',(-8.111886599794,84.070007593927,
    -48.54865757702));
#2731 = CARTESIAN_POINT('',(-0.55977714265,105.64852508809,
    1.254442626846));
#2732 = CARTESIAN_POINT('',(-0.406926937723,106.08526145158,
    2.262427762043));
#2733 = CARTESIAN_POINT('',(-0.254074913739,106.52200301264,
    3.270424893182));
#2734 = CARTESIAN_POINT('',(-0.101221070698,106.95874977125,
    4.278434020263));
#2735 = CARTESIAN_POINT('',(5.16345914E-02,107.39550172743,
    5.286455143287));
#2736 = CARTESIAN_POINT('',(0.204492072555,107.83225888117,
    6.294488262254));
#2737 = CARTESIAN_POINT('',(0.357351372766,108.26902123246,
    7.302533377163));
#2738 = CARTESIAN_POINT('',(0.510212492035,108.70578878132,
    8.310590488015));
#2739 = CARTESIAN_POINT('',(0.66307543036,109.14256152774,9.318659594809
    ));
#2740 = CARTESIAN_POINT('',(0.815940187742,109.57933947172,
    10.326740697545));
#2741 = CARTESIAN_POINT('',(0.968806764181,110.01612261327,
    11.334833796225));
#2742 = CARTESIAN_POINT('',(1.121675159677,110.45291095237,
    12.342938890846));
#2743 = CARTESIAN_POINT('',(1.27454537423,110.88970448904,13.35105598141
    ));
#2744 = CARTESIAN_POINT('',(1.42741740784,111.32650322326,
    14.359185067917));
#2745 = PCURVE('',#2497,#2746);
#2746 = DEFINITIONAL_REPRESENTATION('',(#2747),#2751);
#2747 = LINE('',#2748,#2749);
#2748 = CARTESIAN_POINT('',(429.10032482976,0.));
#2749 = VECTOR('',#2750,1.);
#2750 = DIRECTION('',(0.,1.));
#2751 = ( GEOMETRIC_REPRESENTATION_CONTEXT(2) 
PARAMETRIC_REPRESENTATION_CONTEXT() REPRESENTATION_CONTEXT('2D SPACE',''
  ) );
#2752 = ORIENTED_EDGE('',*,*,#2753,.F.);
#2753 = EDGE_CURVE('',#2754,#2687,#2756,.T.);
#2754 = VERTEX_POINT('',#2755);
#2755 = CARTESIAN_POINT('',(-0.268798163564,105.624657976,0.));
#2756 = SURFACE_CURVE('',#2757,(#2780),.PCURVE_S1.);
#2757 = B_SPLINE_CURVE_WITH_KNOTS('',6,(#2758,#2759,#2760,#2761,#2762,
    #2763,#2764,#2765,#2766,#2767,#2768,#2769,#2770,#2771,#2772,#2773,
    #2774,#2775,#2776,#2777,#2778,#2779),.UNSPECIFIED.,.F.,.F.,(7,5,5,5,
    7),(0.,0.244999929628,0.490999956664,0.737000014368,1.),
  .UNSPECIFIED.);
#2758 = CARTESIAN_POINT('',(-0.268798163564,105.624657976,0.));
#2759 = CARTESIAN_POINT('',(-0.295781029509,105.62458930884,0.));
#2760 = CARTESIAN_POINT('',(-0.323703304246,105.62244327945,0.));
#2761 = CARTESIAN_POINT('',(-0.352368362853,105.61798179753,0.));
#2762 = CARTESIAN_POINT('',(-0.381504599968,105.61099391098,0.));
#2763 = CARTESIAN_POINT('',(-0.410758078451,105.60134532745,0.));
#2764 = CARTESIAN_POINT('',(-0.468841247859,105.57663635379,0.));
#2765 = CARTESIAN_POINT('',(-0.497668628078,105.56155393535,0.));
#2766 = CARTESIAN_POINT('',(-0.525830306709,105.54374804976,0.));
#2767 = CARTESIAN_POINT('',(-0.552896070738,105.52331079545,0.));
#2768 = CARTESIAN_POINT('',(-0.578457756231,105.50047928224,0.));
#2769 = CARTESIAN_POINT('',(-0.625924995887,105.45068985075,0.));
#2770 = CARTESIAN_POINT('',(-0.64783043252,105.42373204632,0.));
#2771 = CARTESIAN_POINT('',(-0.667583077381,105.39504145248,0.));
#2772 = CARTESIAN_POINT('',(-0.684938613496,105.36504610228,0.));
#2773 = CARTESIAN_POINT('',(-0.699785759176,105.33420915817,0.));
#2774 = CARTESIAN_POINT('',(-0.725309886011,105.26955203671,0.));
#2775 = CARTESIAN_POINT('',(-0.735627908957,105.2356730884,0.));
#2776 = CARTESIAN_POINT('',(-0.743071311226,105.20184951424,0.));
#2777 = CARTESIAN_POINT('',(-0.747781612793,105.16856821981,0.));
#2778 = CARTESIAN_POINT('',(-0.75,105.13619729155,0.));
#2779 = CARTESIAN_POINT('',(-0.75,105.10499772094,0.));
#2780 = PCURVE('',#2497,#2781);
#2781 = DEFINITIONAL_REPRESENTATION('',(#2782),#2805);
#2782 = B_SPLINE_CURVE_WITH_KNOTS('',6,(#2783,#2784,#2785,#2786,#2787,
    #2788,#2789,#2790,#2791,#2792,#2793,#2794,#2795,#2796,#2797,#2798,
    #2799,#2800,#2801,#2802,#2803,#2804),.UNSPECIFIED.,.F.,.F.,(7,5,5,5,
    7),(0.,0.244999929628,0.490999956664,0.737000014368,1.),
  .UNSPECIFIED.);
#2783 = CARTESIAN_POINT('',(0.,429.08113739809));
#2784 = CARTESIAN_POINT('',(17.521600419992,429.08006861216));
#2785 = CARTESIAN_POINT('',(35.043199391266,429.07872907903));
#2786 = CARTESIAN_POINT('',(52.564796800627,429.07709970833));
#2787 = CARTESIAN_POINT('',(70.086392599702,429.07516739617));
#2788 = CARTESIAN_POINT('',(87.607986835847,429.07293088088));
#2789 = CARTESIAN_POINT('',(122.72269601967,429.06786500526));
#2790 = CARTESIAN_POINT('',(140.31581099566,429.0650332548));
#2791 = CARTESIAN_POINT('',(157.90892455416,429.0619208757));
#2792 = CARTESIAN_POINT('',(175.50203692498,429.0585550678));
#2793 = CARTESIAN_POINT('',(193.09514846404,429.0549784977));
#2794 = CARTESIAN_POINT('',(228.28137271422,429.04750376363));
#2795 = CARTESIAN_POINT('',(245.87448546169,429.04360561705));
#2796 = CARTESIAN_POINT('',(263.46759807481,429.03959659499));
#2797 = CARTESIAN_POINT('',(281.06071101475,429.03553447749));
#2798 = CARTESIAN_POINT('',(298.65382469725,429.03147581618));
#2799 = CARTESIAN_POINT('',(335.05583301543,429.02318562947));
#2800 = CARTESIAN_POINT('',(353.8647278239,429.01896154955));
#2801 = CARTESIAN_POINT('',(372.67362419224,429.01485638892));
#2802 = CARTESIAN_POINT('',(391.48252242886,429.01091951148));
#2803 = CARTESIAN_POINT('',(410.29142265029,429.00718299173));
#2804 = CARTESIAN_POINT('',(429.10032482976,429.00366555927));
#2805 = ( GEOMETRIC_REPRESENTATION_CONTEXT(2) 
PARAMETRIC_REPRESENTATION_CONTEXT() REPRESENTATION_CONTEXT('2D SPACE',''
  ) );
#2806 = ORIENTED_EDGE('',*,*,#2807,.F.);
#2807 = EDGE_CURVE('',#2468,#2754,#2808,.T.);
#2808 = SURFACE_CURVE('',#2809,(#2864),.PCURVE_S1.);
#2809 = B_SPLINE_CURVE_WITH_KNOTS('',14,(#2810,#2811,#2812,#2813,#2814,
    #2815,#2816,#2817,#2818,#2819,#2820,#2821,#2822,#2823,#2824,#2825,
    #2826,#2827,#2828,#2829,#2830,#2831,#2832,#2833,#2834,#2835,#2836,
    #2837,#2838,#2839,#2840,#2841,#2842,#2843,#2844,#2845,#2846,#2847,
    #2848,#2849,#2850,#2851,#2852,#2853,#2854,#2855,#2856,#2857,#2858,
    #2859,#2860,#2861,#2862,#2863),.UNSPECIFIED.,.F.,.F.,(15,13,13,13,15
    ),(-4.451203777278,-1.918743166233E-02,214.53097498321,
    429.08113739809,433.51315374371),.UNSPECIFIED.);
#2810 = CARTESIAN_POINT('',(1.879542820162,-111.7389261019,
    14.111645933733));
#2811 = CARTESIAN_POINT('',(1.726089892753,-111.3021926643,
    13.103671224181));
#2812 = CARTESIAN_POINT('',(1.572636965344,-110.8654592268,
    12.095696514629));
#2813 = CARTESIAN_POINT('',(1.419184037935,-110.4287257892,
    11.087721805077));
#2814 = CARTESIAN_POINT('',(1.265731110526,-109.9919923516,
    10.079747095525));
#2815 = CARTESIAN_POINT('',(1.112278183117,-109.5552589141,
    9.071772385973));
#2816 = CARTESIAN_POINT('',(0.958825255708,-109.1185254765,
    8.063797676421));
#2817 = CARTESIAN_POINT('',(0.805372328299,-108.6817920389,
    7.055822966869));
#2818 = CARTESIAN_POINT('',(0.65191940089,-108.2450586014,6.047848257316
    ));
#2819 = CARTESIAN_POINT('',(0.498466473481,-107.8083251638,
    5.039873547764));
#2820 = CARTESIAN_POINT('',(0.345013546072,-107.3715917262,
    4.031898838211));
#2821 = CARTESIAN_POINT('',(0.191560618663,-106.9348582887,
    3.023924128659));
#2822 = CARTESIAN_POINT('',(3.810769125382E-02,-106.4981248511,
    2.015949419106));
#2823 = CARTESIAN_POINT('',(-0.115345236155,-106.0613914135,
    1.007974709553));
#2824 = CARTESIAN_POINT('',(-7.697324579367,-84.48276167977,
    -48.79520308146));
#2825 = CARTESIAN_POINT('',(-12.54068255087,-70.16353909614,
    -80.52631493942));
#2826 = CARTESIAN_POINT('',(-16.15449384946,-59.03879484757,
    -104.133928224));
#2827 = CARTESIAN_POINT('',(-18.88125233003,-50.18618848095,
    -121.8780752197));
#2828 = CARTESIAN_POINT('',(-21.06674441053,-42.66809945867,
    -136.0407306381));
#2829 = CARTESIAN_POINT('',(-22.78316072709,-36.27727286454,
    -147.1015725354));
#2830 = CARTESIAN_POINT('',(-24.20292237145,-30.52179530359,
    -156.2002232577));
#2831 = CARTESIAN_POINT('',(-25.31374399193,-25.41584311437,
    -163.2645621514));
#2832 = CARTESIAN_POINT('',(-26.2148725579,-20.66566801935,
    -168.9603714351));
#2833 = CARTESIAN_POINT('',(-26.90042106622,-16.25522625673,
    -173.2630573367));
#2834 = CARTESIAN_POINT('',(-27.40671118781,-12.04809320688,
    -176.4272397398));
#2835 = CARTESIAN_POINT('',(-27.73914311108,-7.98569536868,
    -178.4994087639));
#2836 = CARTESIAN_POINT('',(-27.90552448709,-3.992808158403,
    -179.5365872202));
#2837 = CARTESIAN_POINT('',(-27.9055244871,3.992808158404,
    -179.5365872203));
#2838 = CARTESIAN_POINT('',(-27.73914311102,7.985695368665,
    -178.4994087636));
#2839 = CARTESIAN_POINT('',(-27.40671118798,12.048093206926,
    -176.4272397406));
#2840 = CARTESIAN_POINT('',(-26.9004210659,16.255226256671,
    -173.2630573352));
#2841 = CARTESIAN_POINT('',(-26.21487255837,20.665668019406,
    -168.9603714372));
#2842 = CARTESIAN_POINT('',(-25.31374399138,25.415843114399,
    -163.2645621492));
#2843 = CARTESIAN_POINT('',(-24.20292237196,30.521795303455,
    -156.2002232595));
#2844 = CARTESIAN_POINT('',(-22.78316072671,36.277272864775,
    -147.1015725344));
#2845 = CARTESIAN_POINT('',(-21.06674441075,42.668099458414,
    -136.0407306385));
#2846 = CARTESIAN_POINT('',(-18.88125232993,50.186188481155,
    -121.8780752197));
#2847 = CARTESIAN_POINT('',(-16.15449384949,59.038794847459,
    -104.1339282239));
#2848 = CARTESIAN_POINT('',(-12.54068255086,70.163539096191,
    -80.52631493948));
#2849 = CARTESIAN_POINT('',(-7.697324579368,84.48276167976,
    -48.79520308144));
#2850 = CARTESIAN_POINT('',(-0.115345236155,106.06139141356,
    1.007974709553));
#2851 = CARTESIAN_POINT('',(3.810769125389E-02,106.49812485113,
    2.015949419105));
#2852 = CARTESIAN_POINT('',(0.191560618663,106.9348582887,3.023924128658
    ));
#2853 = CARTESIAN_POINT('',(0.345013546072,107.37159172627,
    4.031898838211));
#2854 = CARTESIAN_POINT('',(0.498466473481,107.80832516384,
    5.039873547763));
#2855 = CARTESIAN_POINT('',(0.651919400891,108.24505860141,
    6.047848257316));
#2856 = CARTESIAN_POINT('',(0.8053723283,108.68179203897,7.055822966868)
  );
#2857 = CARTESIAN_POINT('',(0.958825255709,109.11852547654,
    8.063797676421));
#2858 = CARTESIAN_POINT('',(1.112278183118,109.55525891411,
    9.071772385974));
#2859 = CARTESIAN_POINT('',(1.265731110527,109.99199235168,
    10.079747095526));
#2860 = CARTESIAN_POINT('',(1.419184037936,110.42872578925,
    11.087721805079));
#2861 = CARTESIAN_POINT('',(1.572636965346,110.86545922681,
    12.095696514632));
#2862 = CARTESIAN_POINT('',(1.726089892755,111.30219266438,
    13.103671224184));
#2863 = CARTESIAN_POINT('',(1.879542820164,111.73892610195,
    14.111645933737));
#2864 = PCURVE('',#2497,#2865);
#2865 = DEFINITIONAL_REPRESENTATION('',(#2866),#2870);
#2866 = LINE('',#2867,#2868);
#2867 = CARTESIAN_POINT('',(0.,0.));
#2868 = VECTOR('',#2869,1.);
#2869 = DIRECTION('',(0.,1.));
#2870 = ( GEOMETRIC_REPRESENTATION_CONTEXT(2) 
PARAMETRIC_REPRESENTATION_CONTEXT() REPRESENTATION_CONTEXT('2D SPACE',''
  ) );
#2871 = ( GEOMETRIC_REPRESENTATION_CONTEXT(3) 
GLOBAL_UNCERTAINTY_ASSIGNED_CONTEXT((#2875)) 
GLOBAL_UNIT_ASSIGNED_CONTEXT((#2872,#2873,#2874)) REPRESENTATION_CONTEXT
('Context #1','3D Context with UNIT and UNCERTAINTY') );
#2872 = ( LENGTH_UNIT() NAMED_UNIT(*) SI_UNIT(.MILLI.,.METRE.) );
#2873 = ( NAMED_UNIT(*) PLANE_ANGLE_UNIT() SI_UNIT($,.RADIAN.) );
#2874 = ( NAMED_UNIT(*) SI_UNIT($,.STERADIAN.) SOLID_ANGLE_UNIT() );
#2875 = UNCERTAINTY_MEASURE_WITH_UNIT(LENGTH_MEASURE(2.E-05),#2872,
  'distance_accuracy_value','confusion accuracy');
#2876 = CONTEXT_DEPENDENT_SHAPE_REPRESENTATION(#2877,#2879);
#2877 = ( REPRESENTATION_RELATIONSHIP('','',#2460,#10) 
REPRESENTATION_RELATIONSHIP_WITH_TRANSFORMATION(#2878) 
SHAPE_REPRESENTATION_RELATIONSHIP() );
#2878 = ITEM_DEFINED_TRANSFORMATION('','',#11,#55);
#2879 = PRODUCT_DEFINITION_SHAPE('Placement','Placement of an item',
  #2880);
#2880 = NEXT_ASSEMBLY_USAGE_OCCURRENCE('11','','',#5,#2455,$);
#2881 = PRODUCT_RELATED_PRODUCT_CATEGORY('part',$,(#2457));
#2882 = SHAPE_DEFINITION_REPRESENTATION(#2883,#2889);
#2883 = PRODUCT_DEFINITION_SHAPE('','',#2884);
#2884 = PRODUCT_DEFINITION('design','',#2885,#2888);
#2885 = PRODUCT_DEFINITION_FORMATION('','',#2886);
#2886 = PRODUCT('Open CASCADE STEP translator 7.8 1.12',
  'Open CASCADE STEP translator 7.8 1.12','',(#2887));
#2887 = PRODUCT_CONTEXT('',#2,'mechanical');
#2888 = PRODUCT_DEFINITION_CONTEXT('part definition',#2,'design');
#2889 = MANIFOLD_SURFACE_SHAPE_REPRESENTATION('',(#11,#2890),#2917);
#2890 = SHELL_BASED_SURFACE_MODEL('',(#2891));
#2891 = OPEN_SHELL('',(#2892));
#2892 = ADVANCED_FACE('',(#2893),#2906,.F.);
#2893 = FACE_BOUND('',#2894,.T.);
#2894 = EDGE_LOOP('',(#2895));
#2895 = ORIENTED_EDGE('',*,*,#2896,.F.);
#2896 = EDGE_CURVE('',#2897,#2897,#2899,.T.);
#2897 = VERTEX_POINT('',#2898);
#2898 = CARTESIAN_POINT('',(0.25,-6.123031769112E-17,-243.422485207));
#2899 = SURFACE_CURVE('',#2900,(#2905),.PCURVE_S1.);
#2900 = CIRCLE('',#2901,0.25);
#2901 = AXIS2_PLACEMENT_3D('',#2902,#2903,#2904);
#2902 = CARTESIAN_POINT('',(0.,0.,-243.422485207));
#2903 = DIRECTION('',(0.,0.,1.));
#2904 = DIRECTION('',(1.,0.,-0.));
#2905 = PCURVE('',#2906,#2911);
#2906 = PLANE('',#2907);
#2907 = AXIS2_PLACEMENT_3D('',#2908,#2909,#2910);
#2908 = CARTESIAN_POINT('',(0.,0.,-243.422485207));
#2909 = DIRECTION('',(0.,0.,1.));
#2910 = DIRECTION('',(1.,0.,-0.));
#2911 = DEFINITIONAL_REPRESENTATION('',(#2912),#2916);
#2912 = CIRCLE('',#2913,0.25);
#2913 = AXIS2_PLACEMENT_2D('',#2914,#2915);
#2914 = CARTESIAN_POINT('',(0.,0.));
#2915 = DIRECTION('',(1.,0.));
#2916 = ( GEOMETRIC_REPRESENTATION_CONTEXT(2) 
PARAMETRIC_REPRESENTATION_CONTEXT() REPRESENTATION_CONTEXT('2D SPACE',''
  ) );
#2917 = ( GEOMETRIC_REPRESENTATION_CONTEXT(3) 
GLOBAL_UNCERTAINTY_ASSIGNED_CONTEXT((#2921)) 
GLOBAL_UNIT_ASSIGNED_CONTEXT((#2918,#2919,#2920)) REPRESENTATION_CONTEXT
('Context #1','3D Context with UNIT and UNCERTAINTY') );
#2918 = ( LENGTH_UNIT() NAMED_UNIT(*) SI_UNIT(.MILLI.,.METRE.) );
#2919 = ( NAMED_UNIT(*) PLANE_ANGLE_UNIT() SI_UNIT($,.RADIAN.) );
#2920 = ( NAMED_UNIT(*) SI_UNIT($,.STERADIAN.) SOLID_ANGLE_UNIT() );
#2921 = UNCERTAINTY_MEASURE_WITH_UNIT(LENGTH_MEASURE(1.E-07),#2918,
  'distance_accuracy_value','confusion accuracy');
#2922 = CONTEXT_DEPENDENT_SHAPE_REPRESENTATION(#2923,#2925);
#2923 = ( REPRESENTATION_RELATIONSHIP('','',#2889,#10) 
REPRESENTATION_RELATIONSHIP_WITH_TRANSFORMATION(#2924) 
SHAPE_REPRESENTATION_RELATIONSHIP() );
#2924 = ITEM_DEFINED_TRANSFORMATION('','',#11,#59);
#2925 = PRODUCT_DEFINITION_SHAPE('Placement','Placement of an item',
  #2926);
#2926 = NEXT_ASSEMBLY_USAGE_OCCURRENCE('12','','',#5,#2884,$);
#2927 = PRODUCT_RELATED_PRODUCT_CATEGORY('part',$,(#2886));
#2928 = SHAPE_DEFINITION_REPRESENTATION(#2929,#2935);
#2929 = PRODUCT_DEFINITION_SHAPE('','',#2930);
#2930 = PRODUCT_DEFINITION('design','',#2931,#2934);
#2931 = PRODUCT_DEFINITION_FORMATION('','',#2932);
#2932 = PRODUCT('Open CASCADE STEP translator 7.8 1.13',
  'Open CASCADE STEP translator 7.8 1.13','',(#2933));
#2933 = PRODUCT_CONTEXT('',#2,'mechanical');
#2934 = PRODUCT_DEFINITION_CONTEXT('part definition',#2,'design');
#2935 = MANIFOLD_SURFACE_SHAPE_REPRESENTATION('',(#11,#2936),#3287);
#2936 = SHELL_BASED_SURFACE_MODEL('',(#2937));
#2937 = OPEN_SHELL('',(#2938));
#2938 = ADVANCED_FACE('',(#2939),#2953,.T.);
#2939 = FACE_BOUND('',#2940,.T.);
#2940 = EDGE_LOOP('',(#2941,#3109,#3172,#3226));
#2941 = ORIENTED_EDGE('',*,*,#2942,.T.);
#2942 = EDGE_CURVE('',#2943,#2945,#2947,.T.);
#2943 = VERTEX_POINT('',#2944);
#2944 = CARTESIAN_POINT('',(27.905524487098,0.,-179.5365872202));
#2945 = VERTEX_POINT('',#2946);
#2946 = CARTESIAN_POINT('',(27.937471382052,0.,-179.2903518167));
#2947 = SURFACE_CURVE('',#2948,(#2952),.PCURVE_S1.);
#2948 = ( BOUNDED_CURVE() B_SPLINE_CURVE(2,(#2949,#2950,#2951),
.UNSPECIFIED.,.F.,.F.) B_SPLINE_CURVE_WITH_KNOTS((3,3),(0.,
214.52042966735),.PIECEWISE_BEZIER_KNOTS.) CURVE() 
GEOMETRIC_REPRESENTATION_ITEM() RATIONAL_B_SPLINE_CURVE((1.,
0.961189798944,1.)) REPRESENTATION_ITEM('') );
#2949 = CARTESIAN_POINT('',(27.905524487098,0.,-179.5365872202));
#2950 = CARTESIAN_POINT('',(27.956836108668,-7.105427357601E-15,
    -179.4180543382));
#2951 = CARTESIAN_POINT('',(27.937471382052,0.,-179.2903518167));
#2952 = PCURVE('',#2953,#3104);
#2953 = ( BOUNDED_SURFACE() B_SPLINE_SURFACE(2,13,(
    (#2954,#2955,#2956,#2957,#2958,#2959,#2960,#2961,#2962,#2963,#2964
      ,#2965,#2966,#2967,#2968,#2969,#2970,#2971,#2972,#2973,#2974,#2975
      ,#2976,#2977,#2978,#2979,#2980,#2981,#2982,#2983,#2984,#2985,#2986
      ,#2987,#2988,#2989,#2990,#2991,#2992,#2993,#2994,#2995,#2996,#2997
      ,#2998,#2999,#3000,#3001,#3002,#3003)
    ,(#3004,#3005,#3006,#3007,#3008,#3009,#3010,#3011,#3012,#3013,#3014
      ,#3015,#3016,#3017,#3018,#3019,#3020,#3021,#3022,#3023,#3024,#3025
      ,#3026,#3027,#3028,#3029,#3030,#3031,#3032,#3033,#3034,#3035,#3036
      ,#3037,#3038,#3039,#3040,#3041,#3042,#3043,#3044,#3045,#3046,#3047
      ,#3048,#3049,#3050,#3051,#3052,#3053)
    ,(#3054,#3055,#3056,#3057,#3058,#3059,#3060,#3061,#3062,#3063,#3064
      ,#3065,#3066,#3067,#3068,#3069,#3070,#3071,#3072,#3073,#3074,#3075
      ,#3076,#3077,#3078,#3079,#3080,#3081,#3082,#3083,#3084,#3085,#3086
      ,#3087,#3088,#3089,#3090,#3091,#3092,#3093,#3094,#3095,#3096,#3097
      ,#3098,#3099,#3100,#3101,#3102,#3103
)),.UNSPECIFIED.,.F.,.F.,.F.) B_SPLINE_SURFACE_WITH_KNOTS((3,3),(14,12,
    12,12,14),(0.,214.52042966735),(214.4939680054,321.7409520081,
    428.9879360108,429.01439767276,435.55754397266),.UNSPECIFIED.) 
GEOMETRIC_REPRESENTATION_ITEM() RATIONAL_B_SPLINE_SURFACE((
    (1.,1.,1.,1.,1.,1.,1.,1.,1.,1.,1.,1.,1.,1.,1.,1.,1.,1.,1.,1.,1.,1.
      ,1.,1.,1.,1.,1.,1.,1.,1.,1.,1.,1.,1.,1.,1.,1.,1.,1.,1.,1.,1.,1.,1.
      ,1.,1.,1.,1.,1.,1.)
    ,(0.961189798944,0.961189798944,0.958626161867,0.953438978618
      ,0.945660702045,0.936063573849,0.925150160016,0.913107820493
      ,0.900494297173,0.88736740745,0.874046003248,0.860638395332
      ,0.847283959319,0.82086374023,0.807798265238,0.794971752336
      ,0.782449297493,0.770273317896,0.758469137737,0.747049674602
      ,0.736019297868,0.725376935786,0.715118511273,0.705238791945
      ,0.695732743371,0.686594225382,0.686591971162,0.686589716962
      ,0.686587462793,0.686585208631,0.686582954513,0.686580700392
      ,0.686578446319,0.686576192248,0.686573938213,0.686571684193
      ,0.686569430199,0.68600983886,0.685545391055,0.685173832811
      ,0.684895164128,0.684709385006,0.684616495445,0.684616495445
      ,0.684709385006,0.684895164128,0.685173832811,0.685545391055
      ,0.68600983886,0.686567176226)
    ,(1.,1.,1.,1.,1.,1.,1.,1.,1.,1.,1.,1.,1.,1.,1.,1.,1.,1.,1.,1.,1.,1.
      ,1.,1.,1.,1.,1.,1.,1.,1.,1.,1.,1.,1.,1.,1.,1.,1.,1.,1.,1.,1.,1.,1.
,1.,1.,1.,1.,1.,1.))) REPRESENTATION_ITEM('') SURFACE() );
#2954 = CARTESIAN_POINT('',(27.905524487098,-6.834656518729E-15,
    -179.5365872202));
#2955 = CARTESIAN_POINT('',(27.905524487092,-2.806757924492,
    -179.5365872202));
#2956 = CARTESIAN_POINT('',(27.822835672537,-5.611597280315,
    -179.0208728271));
#2957 = CARTESIAN_POINT('',(27.657853008488,-8.450700594346,
    -177.9927356668));
#2958 = CARTESIAN_POINT('',(27.406032261617,-11.30796913895,
    -176.4215212304));
#2959 = CARTESIAN_POINT('',(27.077703522764,-14.08191859919,
    -174.3656596531));
#2960 = CARTESIAN_POINT('',(26.687612717971,-16.92248847785,
    -171.9157576163));
#2961 = CARTESIAN_POINT('',(26.221392266503,-19.73576687449,
    -168.9746852871));
#2962 = CARTESIAN_POINT('',(25.696299602942,-22.62367545156,
    -165.6493040963));
#2963 = CARTESIAN_POINT('',(25.098995588219,-25.55897391668,
    -161.8510655973));
#2964 = CARTESIAN_POINT('',(24.434341256918,-28.5843364584,
    -157.6082906965));
#2965 = CARTESIAN_POINT('',(23.695958633473,-31.71288788951,
    -152.8778452506));
#2966 = CARTESIAN_POINT('',(22.880017566551,-34.96966483843,
    -147.633043241));
#2967 = CARTESIAN_POINT('',(21.080084892032,-41.78981360913,
    -136.0277854791));
#2968 = CARTESIAN_POINT('',(20.096107389184,-45.35322816934,
    -129.6674190248));
#2969 = CARTESIAN_POINT('',(19.021842708418,-49.09540461601,
    -122.7070636363));
#2970 = CARTESIAN_POINT('',(17.849428986898,-53.04445275342,
    -115.0943802938));
#2971 = CARTESIAN_POINT('',(16.569251295998,-57.23201190003,
    -106.7657358266));
#2972 = CARTESIAN_POINT('',(15.169584505615,-61.69447202584,
    -97.64376575364));
#2973 = CARTESIAN_POINT('',(13.636097185231,-66.47447505957,
    -87.63403942338));
#2974 = CARTESIAN_POINT('',(11.951215411294,-71.62272941108,
    -76.62081707323));
#2975 = CARTESIAN_POINT('',(10.093293279558,-77.20030343761,
    -64.46154518947));
#2976 = CARTESIAN_POINT('',(8.035484827631,-83.28169614877,
    -50.97939315621));
#2977 = CARTESIAN_POINT('',(5.744160005118,-89.95911613694,
    -35.95279097128));
#2978 = CARTESIAN_POINT('',(3.176655236295,-97.34853229837,
    -19.10058441555));
#2979 = CARTESIAN_POINT('',(0.277381870056,-105.6002280596,
    -5.63830964446E-02));
#2980 = CARTESIAN_POINT('',(0.276666672057,-105.602263598,
    -5.168523765645E-02));
#2981 = CARTESIAN_POINT('',(0.275951453897,-105.6042991882,
    -4.69872455844E-02));
#2982 = CARTESIAN_POINT('',(0.275236215599,-105.6063348321,
    -4.228912064486E-02));
#2983 = CARTESIAN_POINT('',(0.274520957106,-105.6083705258,
    -3.759086192923E-02));
#2984 = CARTESIAN_POINT('',(0.273805678515,-105.6104062759,
    -3.289247091687E-02));
#2985 = CARTESIAN_POINT('',(0.273090379683,-105.6124420736,
    -2.819394562398E-02));
#2986 = CARTESIAN_POINT('',(0.27237506078,-105.6144779283,
    -2.349528820052E-02));
#2987 = CARTESIAN_POINT('',(0.271659721632,-105.6165138316,
    -1.879649668964E-02));
#2988 = CARTESIAN_POINT('',(0.270944362383,-105.6185497899,
    -1.409757254392E-02));
#2989 = CARTESIAN_POINT('',(0.270228982933,-105.6205857992,
    -9.398514858363E-03));
#2990 = CARTESIAN_POINT('',(0.269513583335,-105.6226218614,
    -4.699324068385E-03));
#2991 = CARTESIAN_POINT('',(9.189709697653E-02,-106.1281257898,
    1.161996738823));
#2992 = CARTESIAN_POINT('',(-8.500400131168E-02,-106.6315936952,
    2.323993685895));
#2993 = CARTESIAN_POINT('',(-0.2619051313,-107.135061692,3.485990841215)
  );
#2994 = CARTESIAN_POINT('',(-0.438806292989,-107.6385297802,
    4.647988204783));
#2995 = CARTESIAN_POINT('',(-0.615707486378,-108.14199796,5.8099857766)
  );
#2996 = CARTESIAN_POINT('',(-0.792608711468,-108.6454662312,
    6.971983556665));
#2997 = CARTESIAN_POINT('',(-0.969509968258,-109.1489345938,
    8.133981544978));
#2998 = CARTESIAN_POINT('',(-1.146411256748,-109.652403048,
    9.295979741539));
#2999 = CARTESIAN_POINT('',(-1.323312576939,-110.1558715936,
    10.457978146349));
#3000 = CARTESIAN_POINT('',(-1.500213928829,-110.6593402307,
    11.619976759407));
#3001 = CARTESIAN_POINT('',(-1.677115312421,-111.1628089592,
    12.781975580713));
#3002 = CARTESIAN_POINT('',(-1.854016727712,-111.6662777792,
    13.943974610268));
#3003 = CARTESIAN_POINT('',(-2.030918174704,-112.1697466907,
    15.105973848071));
#3004 = CARTESIAN_POINT('',(27.956836108668,0.,-179.4180543382));
#3005 = CARTESIAN_POINT('',(27.956836108668,-2.785653475744,
    -179.4180543382));
#3006 = CARTESIAN_POINT('',(27.878597135854,-5.586293932315,
    -178.902100031));
#3007 = CARTESIAN_POINT('',(27.721161590334,-8.435538437736,
    -177.8638764336));
#3008 = CARTESIAN_POINT('',(27.478667889585,-11.31325435372,
    -176.2647287852));
#3009 = CARTESIAN_POINT('',(27.161379194455,-14.0953759746,
    -174.1723384716));
#3010 = CARTESIAN_POINT('',(26.784948701247,-16.95104630573,
    -171.6899319756));
#3011 = CARTESIAN_POINT('',(26.333318224452,-19.76686879884,
    -168.7116120748));
#3012 = CARTESIAN_POINT('',(25.826081507419,-22.65589119155,
    -165.3665915623));
#3013 = CARTESIAN_POINT('',(25.248345599382,-25.58312651345,
    -161.5566574662));
#3014 = CARTESIAN_POINT('',(24.606513578531,-28.5929583018,
    -157.3240354908));
#3015 = CARTESIAN_POINT('',(23.894050136484,-31.69645863104,
    -152.625627927));
#3016 = CARTESIAN_POINT('',(23.107842188686,-34.91742739657,
    -147.4409052443));
#3017 = CARTESIAN_POINT('',(21.348378811751,-41.74903631966,
    -135.8379575693));
#3018 = CARTESIAN_POINT('',(20.369656877038,-45.37001757319,
    -129.3836831891));
#3019 = CARTESIAN_POINT('',(19.300252500383,-49.16578186706,
    -122.3313948673));
#3020 = CARTESIAN_POINT('',(18.13293650373,-53.16306330514,
    -114.6334191057));
#3021 = CARTESIAN_POINT('',(16.858698473334,-57.3923208117,
    -106.2303358781));
#3022 = CARTESIAN_POINT('',(15.466422435989,-61.88877122344,
    -97.04883984821));
#3023 = CARTESIAN_POINT('',(13.942442012355,-66.69370368961,
    -86.99880678409));
#3024 = CARTESIAN_POINT('',(12.269965769819,-71.85611154092,
    -75.96950399563));
#3025 = CARTESIAN_POINT('',(10.428323261918,-77.43478256119,
    -63.82461826772));
#3026 = CARTESIAN_POINT('',(8.391937382942,-83.50110646321,
    -50.39547895781));
#3027 = CARTESIAN_POINT('',(6.128879487342,-90.14298831146,
    -35.47152959218));
#3028 = CARTESIAN_POINT('',(3.598810749787,-97.4703971036,
    -18.78675197158));
#3029 = CARTESIAN_POINT('',(0.749345023762,-105.6252658587,
    4.319302763648E-03));
#3030 = CARTESIAN_POINT('',(0.748632759303,-105.6273042786,
    9.016398071708E-03));
#3031 = CARTESIAN_POINT('',(0.747920475078,-105.6293427498,
    1.371362393438E-02));
#3032 = CARTESIAN_POINT('',(0.747208170947,-105.6313812722,
    1.841098051761E-02));
#3033 = CARTESIAN_POINT('',(0.746495847204,-105.6334198459,
    2.310846749387E-02));
#3034 = CARTESIAN_POINT('',(0.745783503368,-105.6354584709,
    2.780608540549E-02));
#3035 = CARTESIAN_POINT('',(0.745071140061,-105.6374971471,
    3.250383359041E-02));
#3036 = CARTESIAN_POINT('',(0.744358756622,-105.6395358746,
    3.720171271642E-02));
#3037 = CARTESIAN_POINT('',(0.743646353625,-105.6415746534,
    4.189972227316E-02));
#3038 = CARTESIAN_POINT('',(0.742933930656,-105.6436134835,
    4.659786259126E-02));
#3039 = CARTESIAN_POINT('',(0.742221487956,-105.6456523649,
    5.129613351534E-02));
#3040 = CARTESIAN_POINT('',(0.741509025411,-105.6476912975,
    5.599453511786E-02));
#3041 = CARTESIAN_POINT('',(0.564478099869,-106.1543188831,
    1.223441721777));
#3042 = CARTESIAN_POINT('',(0.387920846458,-106.6595909125,
    2.387765232758));
#3043 = CARTESIAN_POINT('',(0.211196105213,-107.165342259,3.553193258104
    ));
#3044 = CARTESIAN_POINT('',(3.437550893137E-02,-107.6713679238,
    4.719253408559));
#3045 = CARTESIAN_POINT('',(-0.142469095515,-108.1774622951,
    5.885471883128));
#3046 = CARTESIAN_POINT('',(-0.319265744228,-108.6834194266,
    7.051374109073));
#3047 = CARTESIAN_POINT('',(-0.495942453763,-109.1890333159,
    8.216485384763));
#3048 = CARTESIAN_POINT('',(-0.672427318773,-109.694098184,
    9.380331523584));
#3049 = CARTESIAN_POINT('',(-0.84864860953,-110.1984087545,
    10.542439497059));
#3050 = CARTESIAN_POINT('',(-1.024534869051,-110.7017605318,
    11.70233807535));
#3051 = CARTESIAN_POINT('',(-1.200015009549,-111.2039500765,
    12.859558463325));
#3052 = CARTESIAN_POINT('',(-1.375018407943,-111.7047752794,
    14.013634930391));
#3053 = CARTESIAN_POINT('',(-1.549475000147,-112.2040356308,
    15.164105432309));
#3054 = CARTESIAN_POINT('',(27.937471382052,-6.792485257214E-15,
    -179.2903518167));
#3055 = CARTESIAN_POINT('',(27.937471382047,-2.760759450886,
    -179.2903518167));
#3056 = CARTESIAN_POINT('',(27.859542877438,-5.52395538383,
    -178.7764449215));
#3057 = CARTESIAN_POINT('',(27.703734700141,-8.325953366925,
    -177.7489531575));
#3058 = CARTESIAN_POINT('',(27.464941462789,-11.1479365609,
    -176.1742085656));
#3059 = CARTESIAN_POINT('',(27.153172568987,-13.88564298143,
    -174.1182191032));
#3060 = CARTESIAN_POINT('',(26.781562077055,-16.69824701219,
    -171.6675985626));
#3061 = CARTESIAN_POINT('',(26.335498851138,-19.4817609015,
    -168.7259924232));
#3062 = CARTESIAN_POINT('',(25.831314268787,-22.34704407241,
    -165.4010995026));
#3063 = CARTESIAN_POINT('',(25.255335799255,-25.2604619683,
    -161.6027550002));
#3064 = CARTESIAN_POINT('',(24.612015764486,-28.26776053769,
    -157.3603201767));
#3065 = CARTESIAN_POINT('',(23.894723226111,-31.38042219725,
    -152.6300666802));
#3066 = CARTESIAN_POINT('',(23.099436451555,-34.62361103769,
    -147.3854728156));
#3067 = CARTESIAN_POINT('',(21.339676700277,-41.42051032142,
    -135.780570672));
#3068 = CARTESIAN_POINT('',(20.375217873456,-44.97427098071,
    -129.420355706));
#3069 = CARTESIAN_POINT('',(19.319771920192,-48.70850348376,
    -122.4601175277));
#3070 = CARTESIAN_POINT('',(18.165403104438,-52.6510733188,
    -114.8475231752));
#3071 = CARTESIAN_POINT('',(16.902463531302,-56.83340298494,
    -106.5189486928));
#3072 = CARTESIAN_POINT('',(15.519222813896,-61.29169599423,
    -97.39703693495));
#3073 = CARTESIAN_POINT('',(14.001362176202,-66.06843632692,
    -87.38736137812));
#3074 = CARTESIAN_POINT('',(12.331331159443,-71.21419896366,
    -76.37418386233));
#3075 = CARTESIAN_POINT('',(10.487513114092,-76.78993901883,
    -64.21495134693));
#3076 = CARTESIAN_POINT('',(8.443093649604,-82.87005880219,
    -50.73283379741));
#3077 = CARTESIAN_POINT('',(6.164474232119,-89.54668404291,
    -35.70626250369));
#3078 = CARTESIAN_POINT('',(3.609021111184,-96.93571232421,
    -18.85408516565));
#3079 = CARTESIAN_POINT('',(0.721175410972,-105.1873641342,
    0.190086478995));
#3080 = CARTESIAN_POINT('',(0.720463031854,-105.1893996618,
    0.194784330456));
#3081 = CARTESIAN_POINT('',(0.719750632537,-105.1914352412,
    0.199482315233));
#3082 = CARTESIAN_POINT('',(0.719038213036,-105.1934708744,
    0.204180432792));
#3083 = CARTESIAN_POINT('',(0.718325773323,-105.1955065572,0.2088786843)
  );
#3084 = CARTESIAN_POINT('',(0.717613313433,-105.1975422967,
    0.213577067827));
#3085 = CARTESIAN_POINT('',(0.716900833326,-105.1995780835,
    0.218275585998));
#3086 = CARTESIAN_POINT('',(0.716188333033,-105.2016139277,
    0.222974235906));
#3087 = CARTESIAN_POINT('',(0.715475812534,-105.2036498203,
    0.227673020253));
#3088 = CARTESIAN_POINT('',(0.714763271835,-105.2056857679,
    0.232371936978));
#3089 = CARTESIAN_POINT('',(0.714050710934,-105.2077217665,
    0.237070987393));
#3090 = CARTESIAN_POINT('',(0.713338129829,-105.2097578182,
    0.241770170846));
#3091 = CARTESIAN_POINT('',(0.536421379712,-105.715259117,1.408464417137
    ));
#3092 = CARTESIAN_POINT('',(0.360214927583,-106.2187308944,
    2.570474536207));
#3093 = CARTESIAN_POINT('',(0.184006172132,-106.7222092543,
    3.732499844807));
#3094 = CARTESIAN_POINT('',(7.795113358801E-03,-107.2256941967,
    4.894540342938));
#3095 = CARTESIAN_POINT('',(-0.168418248736,-107.7291857215,
    6.056596030599));
#3096 = CARTESIAN_POINT('',(-0.344633914151,-108.2326838289,
    7.21866690779));
#3097 = CARTESIAN_POINT('',(-0.520851882889,-108.7361885188,
    8.380752974511));
#3098 = CARTESIAN_POINT('',(-0.697072154948,-109.2396997912,
    9.542854230762));
#3099 = CARTESIAN_POINT('',(-0.873294730329,-109.7432176461,
    10.704970676544));
#3100 = CARTESIAN_POINT('',(-1.049519609031,-110.2467420835,
    11.867102311856));
#3101 = CARTESIAN_POINT('',(-1.225746791055,-110.7502731034,
    13.029249136698));
#3102 = CARTESIAN_POINT('',(-1.401976276401,-111.2538107058,
    14.19141115107));
#3103 = CARTESIAN_POINT('',(-1.578208065068,-111.7573548906,
    15.353588354973));
#3104 = DEFINITIONAL_REPRESENTATION('',(#3105),#3108);
#3105 = B_SPLINE_CURVE_WITH_KNOTS('',1,(#3106,#3107),.UNSPECIFIED.,.F.,
  .F.,(2,2),(0.,214.52042966735),.PIECEWISE_BEZIER_KNOTS.);
#3106 = CARTESIAN_POINT('',(0.,214.4939680054));
#3107 = CARTESIAN_POINT('',(214.52042966735,214.4939680054));
#3108 = ( GEOMETRIC_REPRESENTATION_CONTEXT(2) 
PARAMETRIC_REPRESENTATION_CONTEXT() REPRESENTATION_CONTEXT('2D SPACE',''
  ) );
#3109 = ORIENTED_EDGE('',*,*,#3110,.T.);
#3110 = EDGE_CURVE('',#2945,#3111,#3113,.T.);
#3111 = VERTEX_POINT('',#3112);
#3112 = CARTESIAN_POINT('',(0.75,-105.1049977207,0.));
#3113 = SURFACE_CURVE('',#3114,(#3165),.PCURVE_S1.);
#3114 = B_SPLINE_CURVE_WITH_KNOTS('',13,(#3115,#3116,#3117,#3118,#3119,
    #3120,#3121,#3122,#3123,#3124,#3125,#3126,#3127,#3128,#3129,#3130,
    #3131,#3132,#3133,#3134,#3135,#3136,#3137,#3138,#3139,#3140,#3141,
    #3142,#3143,#3144,#3145,#3146,#3147,#3148,#3149,#3150,#3151,#3152,
    #3153,#3154,#3155,#3156,#3157,#3158,#3159,#3160,#3161,#3162,#3163,
    #3164),.UNSPECIFIED.,.F.,.F.,(14,12,12,12,14),(214.4939680054,
    321.7409520081,428.9879360108,429.01439767276,435.55754397266),
  .UNSPECIFIED.);
#3115 = CARTESIAN_POINT('',(27.937471382052,-6.792485257214E-15,
    -179.2903518167));
#3116 = CARTESIAN_POINT('',(27.937471382047,-2.760759450886,
    -179.2903518167));
#3117 = CARTESIAN_POINT('',(27.859542877438,-5.52395538383,
    -178.7764449215));
#3118 = CARTESIAN_POINT('',(27.703734700141,-8.325953366925,
    -177.7489531575));
#3119 = CARTESIAN_POINT('',(27.464941462789,-11.1479365609,
    -176.1742085656));
#3120 = CARTESIAN_POINT('',(27.153172568987,-13.88564298143,
    -174.1182191032));
#3121 = CARTESIAN_POINT('',(26.781562077055,-16.69824701219,
    -171.6675985626));
#3122 = CARTESIAN_POINT('',(26.335498851138,-19.4817609015,
    -168.7259924232));
#3123 = CARTESIAN_POINT('',(25.831314268787,-22.34704407241,
    -165.4010995026));
#3124 = CARTESIAN_POINT('',(25.255335799255,-25.2604619683,
    -161.6027550002));
#3125 = CARTESIAN_POINT('',(24.612015764486,-28.26776053769,
    -157.3603201767));
#3126 = CARTESIAN_POINT('',(23.894723226111,-31.38042219725,
    -152.6300666802));
#3127 = CARTESIAN_POINT('',(23.099436451555,-34.62361103769,
    -147.3854728156));
#3128 = CARTESIAN_POINT('',(21.339676700277,-41.42051032142,
    -135.780570672));
#3129 = CARTESIAN_POINT('',(20.375217873456,-44.97427098071,
    -129.420355706));
#3130 = CARTESIAN_POINT('',(19.319771920192,-48.70850348376,
    -122.4601175277));
#3131 = CARTESIAN_POINT('',(18.165403104438,-52.6510733188,
    -114.8475231752));
#3132 = CARTESIAN_POINT('',(16.902463531302,-56.83340298494,
    -106.5189486928));
#3133 = CARTESIAN_POINT('',(15.519222813896,-61.29169599423,
    -97.39703693495));
#3134 = CARTESIAN_POINT('',(14.001362176202,-66.06843632692,
    -87.38736137812));
#3135 = CARTESIAN_POINT('',(12.331331159443,-71.21419896366,
    -76.37418386233));
#3136 = CARTESIAN_POINT('',(10.487513114092,-76.78993901883,
    -64.21495134693));
#3137 = CARTESIAN_POINT('',(8.443093649604,-82.87005880219,
    -50.73283379741));
#3138 = CARTESIAN_POINT('',(6.164474232119,-89.54668404291,
    -35.70626250369));
#3139 = CARTESIAN_POINT('',(3.609021111184,-96.93571232421,
    -18.85408516565));
#3140 = CARTESIAN_POINT('',(0.721175410972,-105.1873641342,
    0.190086478995));
#3141 = CARTESIAN_POINT('',(0.720463031854,-105.1893996618,
    0.194784330456));
#3142 = CARTESIAN_POINT('',(0.719750632537,-105.1914352412,
    0.199482315233));
#3143 = CARTESIAN_POINT('',(0.719038213036,-105.1934708744,
    0.204180432792));
#3144 = CARTESIAN_POINT('',(0.718325773323,-105.1955065572,0.2088786843)
  );
#3145 = CARTESIAN_POINT('',(0.717613313433,-105.1975422967,
    0.213577067827));
#3146 = CARTESIAN_POINT('',(0.716900833326,-105.1995780835,
    0.218275585998));
#3147 = CARTESIAN_POINT('',(0.716188333033,-105.2016139277,
    0.222974235906));
#3148 = CARTESIAN_POINT('',(0.715475812534,-105.2036498203,
    0.227673020253));
#3149 = CARTESIAN_POINT('',(0.714763271835,-105.2056857679,
    0.232371936978));
#3150 = CARTESIAN_POINT('',(0.714050710934,-105.2077217665,
    0.237070987393));
#3151 = CARTESIAN_POINT('',(0.713338129829,-105.2097578182,
    0.241770170846));
#3152 = CARTESIAN_POINT('',(0.536421379712,-105.715259117,1.408464417137
    ));
#3153 = CARTESIAN_POINT('',(0.360214927583,-106.2187308944,
    2.570474536207));
#3154 = CARTESIAN_POINT('',(0.184006172132,-106.7222092543,
    3.732499844807));
#3155 = CARTESIAN_POINT('',(7.795113358801E-03,-107.2256941967,
    4.894540342938));
#3156 = CARTESIAN_POINT('',(-0.168418248736,-107.7291857215,
    6.056596030599));
#3157 = CARTESIAN_POINT('',(-0.344633914151,-108.2326838289,
    7.21866690779));
#3158 = CARTESIAN_POINT('',(-0.520851882889,-108.7361885188,
    8.380752974511));
#3159 = CARTESIAN_POINT('',(-0.697072154948,-109.2396997912,
    9.542854230762));
#3160 = CARTESIAN_POINT('',(-0.873294730329,-109.7432176461,
    10.704970676544));
#3161 = CARTESIAN_POINT('',(-1.049519609031,-110.2467420835,
    11.867102311856));
#3162 = CARTESIAN_POINT('',(-1.225746791055,-110.7502731034,
    13.029249136698));
#3163 = CARTESIAN_POINT('',(-1.401976276401,-111.2538107058,
    14.19141115107));
#3164 = CARTESIAN_POINT('',(-1.578208065068,-111.7573548906,
    15.353588354973));
#3165 = PCURVE('',#2953,#3166);
#3166 = DEFINITIONAL_REPRESENTATION('',(#3167),#3171);
#3167 = LINE('',#3168,#3169);
#3168 = CARTESIAN_POINT('',(214.52042966735,0.));
#3169 = VECTOR('',#3170,1.);
#3170 = DIRECTION('',(0.,1.));
#3171 = ( GEOMETRIC_REPRESENTATION_CONTEXT(2) 
PARAMETRIC_REPRESENTATION_CONTEXT() REPRESENTATION_CONTEXT('2D SPACE',''
  ) );
#3172 = ORIENTED_EDGE('',*,*,#3173,.F.);
#3173 = EDGE_CURVE('',#3174,#3111,#3176,.T.);
#3174 = VERTEX_POINT('',#3175);
#3175 = CARTESIAN_POINT('',(0.268798163564,-105.624657976,0.));
#3176 = SURFACE_CURVE('',#3177,(#3200),.PCURVE_S1.);
#3177 = B_SPLINE_CURVE_WITH_KNOTS('',6,(#3178,#3179,#3180,#3181,#3182,
    #3183,#3184,#3185,#3186,#3187,#3188,#3189,#3190,#3191,#3192,#3193,
    #3194,#3195,#3196,#3197,#3198,#3199),.UNSPECIFIED.,.F.,.F.,(7,5,5,5,
    7),(0.,0.244999707768,0.490999815177,0.737000052996,1.),
  .UNSPECIFIED.);
#3178 = CARTESIAN_POINT('',(0.268798163564,-105.624657976,0.));
#3179 = CARTESIAN_POINT('',(0.295781047529,-105.6245893088,0.));
#3180 = CARTESIAN_POINT('',(0.323703334753,-105.6224432765,0.));
#3181 = CARTESIAN_POINT('',(0.35236839849,-105.6179817906,0.));
#3182 = CARTESIAN_POINT('',(0.381504631934,-105.6109939011,0.));
#3183 = CARTESIAN_POINT('',(0.410758098067,-105.6013453191,0.));
#3184 = CARTESIAN_POINT('',(0.46884126399,-105.5766363469,0.));
#3185 = CARTESIAN_POINT('',(0.497668652551,-105.5615539218,0.));
#3186 = CARTESIAN_POINT('',(0.525830331485,-105.5437480322,0.));
#3187 = CARTESIAN_POINT('',(0.552896089557,-105.5233107789,0.));
#3188 = CARTESIAN_POINT('',(0.578457766014,-105.5004792719,0.));
#3189 = CARTESIAN_POINT('',(0.625924995748,-105.4506898508,0.));
#3190 = CARTESIAN_POINT('',(0.647830430167,-105.4237320487,0.));
#3191 = CARTESIAN_POINT('',(0.667583072774,-105.3950414587,0.));
#3192 = CARTESIAN_POINT('',(0.684938608727,-105.3650461111,0.));
#3193 = CARTESIAN_POINT('',(0.699785756294,-105.3342091654,0.));
#3194 = CARTESIAN_POINT('',(0.725309877518,-105.2695520581,0.));
#3195 = CARTESIAN_POINT('',(0.735627898201,-105.2356731254,0.));
#3196 = CARTESIAN_POINT('',(0.743071303232,-105.2018495577,0.));
#3197 = CARTESIAN_POINT('',(0.74778160946,-105.1685682583,0.));
#3198 = CARTESIAN_POINT('',(0.75,-105.1361973148,0.));
#3199 = CARTESIAN_POINT('',(0.75,-105.1049977207,0.));
#3200 = PCURVE('',#2953,#3201);
#3201 = DEFINITIONAL_REPRESENTATION('',(#3202),#3225);
#3202 = B_SPLINE_CURVE_WITH_KNOTS('',6,(#3203,#3204,#3205,#3206,#3207,
    #3208,#3209,#3210,#3211,#3212,#3213,#3214,#3215,#3216,#3217,#3218,
    #3219,#3220,#3221,#3222,#3223,#3224),.UNSPECIFIED.,.F.,.F.,(7,5,5,5,
    7),(0.,0.244999707768,0.490999815177,0.737000052996,1.),
  .UNSPECIFIED.);
#3203 = CARTESIAN_POINT('',(0.,429.01439767276));
#3204 = CARTESIAN_POINT('',(8.759591972417,429.01292364484));
#3205 = CARTESIAN_POINT('',(17.51918101831,429.0110762196));
#3206 = CARTESIAN_POINT('',(26.278766897639,429.00882907491));
#3207 = CARTESIAN_POINT('',(35.038349500671,429.00616414839));
#3208 = CARTESIAN_POINT('',(43.797928910441,429.00307971451));
#3209 = CARTESIAN_POINT('',(61.352849319146,428.99609332063));
#3210 = CARTESIAN_POINT('',(70.14819037577,428.99218806367));
#3211 = CARTESIAN_POINT('',(78.943528511562,428.98789584289));
#3212 = CARTESIAN_POINT('',(87.738864186529,428.98325418823));
#3213 = CARTESIAN_POINT('',(96.534198120331,428.97832195688));
#3214 = CARTESIAN_POINT('',(114.12486848392,428.96801416976));
#3215 = CARTESIAN_POINT('',(122.92020498601,428.96263863774));
#3216 = CARTESIAN_POINT('',(131.71554117444,428.95711029958));
#3217 = CARTESIAN_POINT('',(140.51087799422,428.95150884115));
#3218 = CARTESIAN_POINT('',(149.30621630014,428.94591224404));
#3219 = CARTESIAN_POINT('',(167.5046941326,428.93448087378));
#3220 = CARTESIAN_POINT('',(176.90783400709,428.92865638006));
#3221 = CARTESIAN_POINT('',(186.31097705029,428.92299596254));
#3222 = CARTESIAN_POINT('',(195.71412389666,428.91756767377));
#3223 = CARTESIAN_POINT('',(205.11727478689,428.912415722));
#3224 = CARTESIAN_POINT('',(214.52042966735,428.90756591544));
#3225 = ( GEOMETRIC_REPRESENTATION_CONTEXT(2) 
PARAMETRIC_REPRESENTATION_CONTEXT() REPRESENTATION_CONTEXT('2D SPACE',''
  ) );
#3226 = ORIENTED_EDGE('',*,*,#3227,.F.);
#3227 = EDGE_CURVE('',#2943,#3174,#3228,.T.);
#3228 = SURFACE_CURVE('',#3229,(#3280),.PCURVE_S1.);
#3229 = B_SPLINE_CURVE_WITH_KNOTS('',13,(#3230,#3231,#3232,#3233,#3234,
    #3235,#3236,#3237,#3238,#3239,#3240,#3241,#3242,#3243,#3244,#3245,
    #3246,#3247,#3248,#3249,#3250,#3251,#3252,#3253,#3254,#3255,#3256,
    #3257,#3258,#3259,#3260,#3261,#3262,#3263,#3264,#3265,#3266,#3267,
    #3268,#3269,#3270,#3271,#3272,#3273,#3274,#3275,#3276,#3277,#3278,
    #3279),.UNSPECIFIED.,.F.,.F.,(14,12,12,12,14),(214.4939680054,
    321.7409520081,428.9879360108,429.01439767276,435.55754397266),
  .UNSPECIFIED.);
#3230 = CARTESIAN_POINT('',(27.905524487098,-6.834656518729E-15,
    -179.5365872202));
#3231 = CARTESIAN_POINT('',(27.905524487092,-2.806757924492,
    -179.5365872202));
#3232 = CARTESIAN_POINT('',(27.822835672537,-5.611597280315,
    -179.0208728271));
#3233 = CARTESIAN_POINT('',(27.657853008488,-8.450700594346,
    -177.9927356668));
#3234 = CARTESIAN_POINT('',(27.406032261617,-11.30796913895,
    -176.4215212304));
#3235 = CARTESIAN_POINT('',(27.077703522764,-14.08191859919,
    -174.3656596531));
#3236 = CARTESIAN_POINT('',(26.687612717971,-16.92248847785,
    -171.9157576163));
#3237 = CARTESIAN_POINT('',(26.221392266503,-19.73576687449,
    -168.9746852871));
#3238 = CARTESIAN_POINT('',(25.696299602942,-22.62367545156,
    -165.6493040963));
#3239 = CARTESIAN_POINT('',(25.098995588219,-25.55897391668,
    -161.8510655973));
#3240 = CARTESIAN_POINT('',(24.434341256918,-28.5843364584,
    -157.6082906965));
#3241 = CARTESIAN_POINT('',(23.695958633473,-31.71288788951,
    -152.8778452506));
#3242 = CARTESIAN_POINT('',(22.880017566551,-34.96966483843,
    -147.633043241));
#3243 = CARTESIAN_POINT('',(21.080084892032,-41.78981360913,
    -136.0277854791));
#3244 = CARTESIAN_POINT('',(20.096107389184,-45.35322816934,
    -129.6674190248));
#3245 = CARTESIAN_POINT('',(19.021842708418,-49.09540461601,
    -122.7070636363));
#3246 = CARTESIAN_POINT('',(17.849428986898,-53.04445275342,
    -115.0943802938));
#3247 = CARTESIAN_POINT('',(16.569251295998,-57.23201190003,
    -106.7657358266));
#3248 = CARTESIAN_POINT('',(15.169584505615,-61.69447202584,
    -97.64376575364));
#3249 = CARTESIAN_POINT('',(13.636097185231,-66.47447505957,
    -87.63403942338));
#3250 = CARTESIAN_POINT('',(11.951215411294,-71.62272941108,
    -76.62081707323));
#3251 = CARTESIAN_POINT('',(10.093293279558,-77.20030343761,
    -64.46154518947));
#3252 = CARTESIAN_POINT('',(8.035484827631,-83.28169614877,
    -50.97939315621));
#3253 = CARTESIAN_POINT('',(5.744160005118,-89.95911613694,
    -35.95279097128));
#3254 = CARTESIAN_POINT('',(3.176655236295,-97.34853229837,
    -19.10058441555));
#3255 = CARTESIAN_POINT('',(0.277381870056,-105.6002280596,
    -5.63830964446E-02));
#3256 = CARTESIAN_POINT('',(0.276666672057,-105.602263598,
    -5.168523765645E-02));
#3257 = CARTESIAN_POINT('',(0.275951453897,-105.6042991882,
    -4.69872455844E-02));
#3258 = CARTESIAN_POINT('',(0.275236215599,-105.6063348321,
    -4.228912064486E-02));
#3259 = CARTESIAN_POINT('',(0.274520957106,-105.6083705258,
    -3.759086192923E-02));
#3260 = CARTESIAN_POINT('',(0.273805678515,-105.6104062759,
    -3.289247091687E-02));
#3261 = CARTESIAN_POINT('',(0.273090379683,-105.6124420736,
    -2.819394562398E-02));
#3262 = CARTESIAN_POINT('',(0.27237506078,-105.6144779283,
    -2.349528820052E-02));
#3263 = CARTESIAN_POINT('',(0.271659721632,-105.6165138316,
    -1.879649668964E-02));
#3264 = CARTESIAN_POINT('',(0.270944362383,-105.6185497899,
    -1.409757254392E-02));
#3265 = CARTESIAN_POINT('',(0.270228982933,-105.6205857992,
    -9.398514858363E-03));
#3266 = CARTESIAN_POINT('',(0.269513583335,-105.6226218614,
    -4.699324068385E-03));
#3267 = CARTESIAN_POINT('',(9.189709697653E-02,-106.1281257898,
    1.161996738823));
#3268 = CARTESIAN_POINT('',(-8.500400131168E-02,-106.6315936952,
    2.323993685895));
#3269 = CARTESIAN_POINT('',(-0.2619051313,-107.135061692,3.485990841215)
  );
#3270 = CARTESIAN_POINT('',(-0.438806292989,-107.6385297802,
    4.647988204783));
#3271 = CARTESIAN_POINT('',(-0.615707486378,-108.14199796,5.8099857766)
  );
#3272 = CARTESIAN_POINT('',(-0.792608711468,-108.6454662312,
    6.971983556665));
#3273 = CARTESIAN_POINT('',(-0.969509968258,-109.1489345938,
    8.133981544978));
#3274 = CARTESIAN_POINT('',(-1.146411256748,-109.652403048,
    9.295979741539));
#3275 = CARTESIAN_POINT('',(-1.323312576939,-110.1558715936,
    10.457978146349));
#3276 = CARTESIAN_POINT('',(-1.500213928829,-110.6593402307,
    11.619976759407));
#3277 = CARTESIAN_POINT('',(-1.677115312421,-111.1628089592,
    12.781975580713));
#3278 = CARTESIAN_POINT('',(-1.854016727712,-111.6662777792,
    13.943974610268));
#3279 = CARTESIAN_POINT('',(-2.030918174704,-112.1697466907,
    15.105973848071));
#3280 = PCURVE('',#2953,#3281);
#3281 = DEFINITIONAL_REPRESENTATION('',(#3282),#3286);
#3282 = LINE('',#3283,#3284);
#3283 = CARTESIAN_POINT('',(0.,0.));
#3284 = VECTOR('',#3285,1.);
#3285 = DIRECTION('',(0.,1.));
#3286 = ( GEOMETRIC_REPRESENTATION_CONTEXT(2) 
PARAMETRIC_REPRESENTATION_CONTEXT() REPRESENTATION_CONTEXT('2D SPACE',''
  ) );
#3287 = ( GEOMETRIC_REPRESENTATION_CONTEXT(3) 
GLOBAL_UNCERTAINTY_ASSIGNED_CONTEXT((#3291)) 
GLOBAL_UNIT_ASSIGNED_CONTEXT((#3288,#3289,#3290)) REPRESENTATION_CONTEXT
('Context #1','3D Context with UNIT and UNCERTAINTY') );
#3288 = ( LENGTH_UNIT() NAMED_UNIT(*) SI_UNIT(.MILLI.,.METRE.) );
#3289 = ( NAMED_UNIT(*) PLANE_ANGLE_UNIT() SI_UNIT($,.RADIAN.) );
#3290 = ( NAMED_UNIT(*) SI_UNIT($,.STERADIAN.) SOLID_ANGLE_UNIT() );
#3291 = UNCERTAINTY_MEASURE_WITH_UNIT(LENGTH_MEASURE(5.E-05),#3288,
  'distance_accuracy_value','confusion accuracy');
#3292 = CONTEXT_DEPENDENT_SHAPE_REPRESENTATION(#3293,#3295);
#3293 = ( REPRESENTATION_RELATIONSHIP('','',#2935,#10) 
REPRESENTATION_RELATIONSHIP_WITH_TRANSFORMATION(#3294) 
SHAPE_REPRESENTATION_RELATIONSHIP() );
#3294 = ITEM_DEFINED_TRANSFORMATION('','',#11,#63);
#3295 = PRODUCT_DEFINITION_SHAPE('Placement','Placement of an item',
  #3296);
#3296 = NEXT_ASSEMBLY_USAGE_OCCURRENCE('13','','',#5,#2930,$);
#3297 = PRODUCT_RELATED_PRODUCT_CATEGORY('part',$,(#2932));
#3298 = SHAPE_DEFINITION_REPRESENTATION(#3299,#3305);
#3299 = PRODUCT_DEFINITION_SHAPE('','',#3300);
#3300 = PRODUCT_DEFINITION('design','',#3301,#3304);
#3301 = PRODUCT_DEFINITION_FORMATION('','',#3302);
#3302 = PRODUCT('Open CASCADE STEP translator 7.8 1.14',
  'Open CASCADE STEP translator 7.8 1.14','',(#3303));
#3303 = PRODUCT_CONTEXT('',#2,'mechanical');
#3304 = PRODUCT_DEFINITION_CONTEXT('part definition',#2,'design');
#3305 = MANIFOLD_SURFACE_SHAPE_REPRESENTATION('',(#11,#3306),#3528);
#3306 = SHELL_BASED_SURFACE_MODEL('',(#3307));
#3307 = OPEN_SHELL('',(#3308));
#3308 = ADVANCED_FACE('',(#3309),#3323,.T.);
#3309 = FACE_BOUND('',#3310,.T.);
#3310 = EDGE_LOOP('',(#3311,#3334,#3432));
#3311 = ORIENTED_EDGE('',*,*,#3312,.F.);
#3312 = EDGE_CURVE('',#3313,#3315,#3317,.T.);
#3313 = VERTEX_POINT('',#3314);
#3314 = CARTESIAN_POINT('',(0.75,-105.1049977207,0.));
#3315 = VERTEX_POINT('',#3316);
#3316 = CARTESIAN_POINT('',(0.75,105.10499772075,0.));
#3317 = SURFACE_CURVE('',#3318,(#3322),.PCURVE_S1.);
#3318 = LINE('',#3319,#3320);
#3319 = CARTESIAN_POINT('',(0.75,-244.,0.));
#3320 = VECTOR('',#3321,1.);
#3321 = DIRECTION('',(0.,1.,0.));
#3322 = PCURVE('',#3323,#3328);
#3323 = PLANE('',#3324);
#3324 = AXIS2_PLACEMENT_3D('',#3325,#3326,#3327);
#3325 = CARTESIAN_POINT('',(37.75,-244.,-244.));
#3326 = DIRECTION('',(0.988697310053,-0.,0.14992541177));
#3327 = DIRECTION('',(-0.14992541177,0.,0.988697310053));
#3328 = DEFINITIONAL_REPRESENTATION('',(#3329),#3333);
#3329 = LINE('',#3330,#3331);
#3330 = CARTESIAN_POINT('',(246.78938388836,0.));
#3331 = VECTOR('',#3332,1.);
#3332 = DIRECTION('',(0.,-1.));
#3333 = ( GEOMETRIC_REPRESENTATION_CONTEXT(2) 
PARAMETRIC_REPRESENTATION_CONTEXT() REPRESENTATION_CONTEXT('2D SPACE',''
  ) );
#3334 = ORIENTED_EDGE('',*,*,#3335,.F.);
#3335 = EDGE_CURVE('',#3336,#3313,#3338,.T.);
#3336 = VERTEX_POINT('',#3337);
#3337 = CARTESIAN_POINT('',(27.937471382052,0.,-179.2903518167));
#3338 = SURFACE_CURVE('',#3339,(#3390),.PCURVE_S1.);
#3339 = B_SPLINE_CURVE_WITH_KNOTS('',13,(#3340,#3341,#3342,#3343,#3344,
    #3345,#3346,#3347,#3348,#3349,#3350,#3351,#3352,#3353,#3354,#3355,
    #3356,#3357,#3358,#3359,#3360,#3361,#3362,#3363,#3364,#3365,#3366,
    #3367,#3368,#3369,#3370,#3371,#3372,#3373,#3374,#3375,#3376,#3377,
    #3378,#3379,#3380,#3381,#3382,#3383,#3384,#3385,#3386,#3387,#3388,
    #3389),.UNSPECIFIED.,.F.,.F.,(14,12,12,12,14),(214.4939680054,
    321.7409520081,428.9879360108,429.01439767276,435.55754397266),
  .UNSPECIFIED.);
#3340 = CARTESIAN_POINT('',(27.937471382052,-6.792485257214E-15,
    -179.2903518167));
#3341 = CARTESIAN_POINT('',(27.937471382047,-2.760759450886,
    -179.2903518167));
#3342 = CARTESIAN_POINT('',(27.859542877438,-5.52395538383,
    -178.7764449215));
#3343 = CARTESIAN_POINT('',(27.703734700141,-8.325953366925,
    -177.7489531575));
#3344 = CARTESIAN_POINT('',(27.464941462789,-11.1479365609,
    -176.1742085656));
#3345 = CARTESIAN_POINT('',(27.153172568987,-13.88564298143,
    -174.1182191032));
#3346 = CARTESIAN_POINT('',(26.781562077055,-16.69824701219,
    -171.6675985626));
#3347 = CARTESIAN_POINT('',(26.335498851138,-19.4817609015,
    -168.7259924232));
#3348 = CARTESIAN_POINT('',(25.831314268787,-22.34704407241,
    -165.4010995026));
#3349 = CARTESIAN_POINT('',(25.255335799255,-25.2604619683,
    -161.6027550002));
#3350 = CARTESIAN_POINT('',(24.612015764486,-28.26776053769,
    -157.3603201767));
#3351 = CARTESIAN_POINT('',(23.894723226111,-31.38042219725,
    -152.6300666802));
#3352 = CARTESIAN_POINT('',(23.099436451555,-34.62361103769,
    -147.3854728156));
#3353 = CARTESIAN_POINT('',(21.339676700277,-41.42051032142,
    -135.780570672));
#3354 = CARTESIAN_POINT('',(20.375217873456,-44.97427098071,
    -129.420355706));
#3355 = CARTESIAN_POINT('',(19.319771920192,-48.70850348376,
    -122.4601175277));
#3356 = CARTESIAN_POINT('',(18.165403104438,-52.6510733188,
    -114.8475231752));
#3357 = CARTESIAN_POINT('',(16.902463531302,-56.83340298494,
    -106.5189486928));
#3358 = CARTESIAN_POINT('',(15.519222813896,-61.29169599423,
    -97.39703693495));
#3359 = CARTESIAN_POINT('',(14.001362176202,-66.06843632692,
    -87.38736137812));
#3360 = CARTESIAN_POINT('',(12.331331159443,-71.21419896366,
    -76.37418386233));
#3361 = CARTESIAN_POINT('',(10.487513114092,-76.78993901883,
    -64.21495134693));
#3362 = CARTESIAN_POINT('',(8.443093649604,-82.87005880219,
    -50.73283379741));
#3363 = CARTESIAN_POINT('',(6.164474232119,-89.54668404291,
    -35.70626250369));
#3364 = CARTESIAN_POINT('',(3.609021111184,-96.93571232421,
    -18.85408516565));
#3365 = CARTESIAN_POINT('',(0.721175410972,-105.1873641342,
    0.190086478995));
#3366 = CARTESIAN_POINT('',(0.720463031854,-105.1893996618,
    0.194784330456));
#3367 = CARTESIAN_POINT('',(0.719750632537,-105.1914352412,
    0.199482315233));
#3368 = CARTESIAN_POINT('',(0.719038213036,-105.1934708744,
    0.204180432792));
#3369 = CARTESIAN_POINT('',(0.718325773323,-105.1955065572,0.2088786843)
  );
#3370 = CARTESIAN_POINT('',(0.717613313433,-105.1975422967,
    0.213577067827));
#3371 = CARTESIAN_POINT('',(0.716900833326,-105.1995780835,
    0.218275585998));
#3372 = CARTESIAN_POINT('',(0.716188333033,-105.2016139277,
    0.222974235906));
#3373 = CARTESIAN_POINT('',(0.715475812534,-105.2036498203,
    0.227673020253));
#3374 = CARTESIAN_POINT('',(0.714763271835,-105.2056857679,
    0.232371936978));
#3375 = CARTESIAN_POINT('',(0.714050710934,-105.2077217665,
    0.237070987393));
#3376 = CARTESIAN_POINT('',(0.713338129829,-105.2097578182,
    0.241770170846));
#3377 = CARTESIAN_POINT('',(0.536421379712,-105.715259117,1.408464417137
    ));
#3378 = CARTESIAN_POINT('',(0.360214927583,-106.2187308944,
    2.570474536207));
#3379 = CARTESIAN_POINT('',(0.184006172132,-106.7222092543,
    3.732499844807));
#3380 = CARTESIAN_POINT('',(7.795113358801E-03,-107.2256941967,
    4.894540342938));
#3381 = CARTESIAN_POINT('',(-0.168418248736,-107.7291857215,
    6.056596030599));
#3382 = CARTESIAN_POINT('',(-0.344633914151,-108.2326838289,
    7.21866690779));
#3383 = CARTESIAN_POINT('',(-0.520851882889,-108.7361885188,
    8.380752974511));
#3384 = CARTESIAN_POINT('',(-0.697072154948,-109.2396997912,
    9.542854230762));
#3385 = CARTESIAN_POINT('',(-0.873294730329,-109.7432176461,
    10.704970676544));
#3386 = CARTESIAN_POINT('',(-1.049519609031,-110.2467420835,
    11.867102311856));
#3387 = CARTESIAN_POINT('',(-1.225746791055,-110.7502731034,
    13.029249136698));
#3388 = CARTESIAN_POINT('',(-1.401976276401,-111.2538107058,
    14.19141115107));
#3389 = CARTESIAN_POINT('',(-1.578208065068,-111.7573548906,
    15.353588354973));
#3390 = PCURVE('',#3323,#3391);
#3391 = DEFINITIONAL_REPRESENTATION('',(#3392),#3431);
#3392 = B_SPLINE_CURVE_WITH_KNOTS('',13,(#3393,#3394,#3395,#3396,#3397,
    #3398,#3399,#3400,#3401,#3402,#3403,#3404,#3405,#3406,#3407,#3408,
    #3409,#3410,#3411,#3412,#3413,#3414,#3415,#3416,#3417,#3418,#3419,
    #3420,#3421,#3422,#3423,#3424,#3425,#3426,#3427,#3428,#3429,#3430),
  .UNSPECIFIED.,.F.,.F.,(14,12,12,14),(214.4939680054,321.7409520081,
    428.9879360108,429.01439767276),.UNSPECIFIED.);
#3393 = CARTESIAN_POINT('',(65.44940248677,-244.));
#3394 = CARTESIAN_POINT('',(65.44940248675,-241.239240549));
#3395 = CARTESIAN_POINT('',(65.969184315125,-238.4760446163));
#3396 = CARTESIAN_POINT('',(67.008422262388,-235.6740466324));
#3397 = CARTESIAN_POINT('',(68.601169181082,-232.8520634402));
#3398 = CARTESIAN_POINT('',(70.680662508131,-230.1143570167));
#3399 = CARTESIAN_POINT('',(73.159298305577,-227.3017529899));
#3400 = CARTESIAN_POINT('',(76.134532590236,-224.5182390963));
#3401 = CARTESIAN_POINT('',(79.497435362926,-221.6529559292));
#3402 = CARTESIAN_POINT('',(83.339202160958,-218.7395380306));
#3403 = CARTESIAN_POINT('',(87.630136082038,-215.7322394627));
#3404 = CARTESIAN_POINT('',(92.414465368249,-212.6195778025));
#3405 = CARTESIAN_POINT('',(97.719014911859,-209.3763889623));
#3406 = CARTESIAN_POINT('',(109.45658314993,-202.5794896785));
#3407 = CARTESIAN_POINT('',(115.88950746491,-199.0257290191));
#3408 = CARTESIAN_POINT('',(122.92931439858,-195.2914965166));
#3409 = CARTESIAN_POINT('',(130.6289351766,-191.3489266802));
#3410 = CARTESIAN_POINT('',(139.05272110111,-187.1665970166));
#3411 = CARTESIAN_POINT('',(148.27891365034,-182.7083040036));
#3412 = CARTESIAN_POINT('',(158.40301883191,-177.9315636752));
#3413 = CARTESIAN_POINT('',(169.54209790208,-172.7858010345));
#3414 = CARTESIAN_POINT('',(181.84033356395,-167.2100609822));
#3415 = CARTESIAN_POINT('',(195.476577348,-161.1299411972));
#3416 = CARTESIAN_POINT('',(210.67493092022,-154.4533159572));
#3417 = CARTESIAN_POINT('',(227.71976068425,-147.0642876757));
#3418 = CARTESIAN_POINT('',(246.98164341717,-138.8126358656));
#3419 = CARTESIAN_POINT('',(246.98639497434,-138.8106003383));
#3420 = CARTESIAN_POINT('',(246.99114666474,-138.8085647581));
#3421 = CARTESIAN_POINT('',(246.9958984937,-138.8065291268));
#3422 = CARTESIAN_POINT('',(247.00065045004,-138.8044934406));
#3423 = CARTESIAN_POINT('',(247.00540255188,-138.8024577057));
#3424 = CARTESIAN_POINT('',(247.01015477564,-138.8004219139));
#3425 = CARTESIAN_POINT('',(247.01490714657,-138.7983860742));
#3426 = CARTESIAN_POINT('',(247.01965964226,-138.7963501784));
#3427 = CARTESIAN_POINT('',(247.02441227927,-138.7943142326));
#3428 = CARTESIAN_POINT('',(247.02916504752,-138.7922782331));
#3429 = CARTESIAN_POINT('',(247.03391795198,-138.7902421817));
#3430 = CARTESIAN_POINT('',(247.03867099079,-138.7882060778));
#3431 = ( GEOMETRIC_REPRESENTATION_CONTEXT(2) 
PARAMETRIC_REPRESENTATION_CONTEXT() REPRESENTATION_CONTEXT('2D SPACE',''
  ) );
#3432 = ORIENTED_EDGE('',*,*,#3433,.F.);
#3433 = EDGE_CURVE('',#3315,#3336,#3434,.T.);
#3434 = SURFACE_CURVE('',#3435,(#3486),.PCURVE_S1.);
#3435 = B_SPLINE_CURVE_WITH_KNOTS('',13,(#3436,#3437,#3438,#3439,#3440,
    #3441,#3442,#3443,#3444,#3445,#3446,#3447,#3448,#3449,#3450,#3451,
    #3452,#3453,#3454,#3455,#3456,#3457,#3458,#3459,#3460,#3461,#3462,
    #3463,#3464,#3465,#3466,#3467,#3468,#3469,#3470,#3471,#3472,#3473,
    #3474,#3475,#3476,#3477,#3478,#3479,#3480,#3481,#3482,#3483,#3484,
    #3485),.UNSPECIFIED.,.F.,.F.,(14,12,12,12,14),(-6.569607965655,
    -2.64616619503E-02,0.,107.2469840027,214.4939680054),.UNSPECIFIED.);
#3436 = CARTESIAN_POINT('',(-1.578208068905,111.75735489431,
    15.353588352822));
#3437 = CARTESIAN_POINT('',(-1.401976279656,111.25381071985,
    14.191411147724));
#3438 = CARTESIAN_POINT('',(-1.225746793776,110.75027312611,
    13.029249132382));
#3439 = CARTESIAN_POINT('',(-1.049519611265,110.24674211309,
    11.867102306798));
#3440 = CARTESIAN_POINT('',(-0.873294732124,109.74321768078,
    10.704970670971));
#3441 = CARTESIAN_POINT('',(-0.697072156353,109.23969982918,
    9.542854224901));
#3442 = CARTESIAN_POINT('',(-0.52085188395,108.7361885583,8.380752968588
    ));
#3443 = CARTESIAN_POINT('',(-0.344633914918,108.23268386814,
    7.218666902032));
#3444 = CARTESIAN_POINT('',(-0.168418249254,107.72918575869,
    6.056596025234));
#3445 = CARTESIAN_POINT('',(7.795113039412E-03,107.22569422995,
    4.894540338192));
#3446 = CARTESIAN_POINT('',(0.184006171964,106.72220928193,
    3.732499840908));
#3447 = CARTESIAN_POINT('',(0.360214927519,106.21873091463,2.57047453338
    ));
#3448 = CARTESIAN_POINT('',(0.536421379704,105.71525912804,1.40846441561
    ));
#3449 = CARTESIAN_POINT('',(0.713338129829,105.20975781821,
    0.241770170855));
#3450 = CARTESIAN_POINT('',(0.714050710936,105.20772176678,
    0.237070987352));
#3451 = CARTESIAN_POINT('',(0.71476327183,105.20568576743,0.232371937092
    ));
#3452 = CARTESIAN_POINT('',(0.715475812546,105.20364982127,
    0.227673020027));
#3453 = CARTESIAN_POINT('',(0.716188333014,105.20161392624,0.22297423626
    ));
#3454 = CARTESIAN_POINT('',(0.716900833351,105.19957808532,
    0.218275585554));
#3455 = CARTESIAN_POINT('',(0.717613313406,105.197542295,0.213577068275)
  );
#3456 = CARTESIAN_POINT('',(0.718325773344,105.19550655866,
    0.208878683938));
#3457 = CARTESIAN_POINT('',(0.719038213022,105.19347087362,
    0.204180433021));
#3458 = CARTESIAN_POINT('',(0.719750632544,105.19143524159,
    0.199482315124));
#3459 = CARTESIAN_POINT('',(0.720463031852,105.1893996617,0.194784330491
    ));
#3460 = CARTESIAN_POINT('',(0.721175410973,105.18736413429,
    0.190086478991));
#3461 = CARTESIAN_POINT('',(3.609021111185,96.935712324192,
    -18.85408516565));
#3462 = CARTESIAN_POINT('',(6.164474232113,89.54668404293,
    -35.70626250364));
#3463 = CARTESIAN_POINT('',(8.443093649622,82.870058802218,
    -50.73283379754));
#3464 = CARTESIAN_POINT('',(10.487513114054,76.789939018735,
    -64.21495134665));
#3465 = CARTESIAN_POINT('',(12.331331159503,71.214198963868,
    -76.37418386279));
#3466 = CARTESIAN_POINT('',(14.001362176126,66.068436326624,
    -87.38736137754));
#3467 = CARTESIAN_POINT('',(15.519222813971,61.291695994555,
    -97.39703693552));
#3468 = CARTESIAN_POINT('',(16.902463531246,56.833402984678,
    -106.5189486924));
#3469 = CARTESIAN_POINT('',(18.165403104469,52.651073318974,
    -114.8475231755));
#3470 = CARTESIAN_POINT('',(19.31977192018,48.70850348369,
    -122.4601175276));
#3471 = CARTESIAN_POINT('',(20.375217873459,44.974270980737,
    -129.420355706));
#3472 = CARTESIAN_POINT('',(21.339676700278,41.420510321424,
    -135.780570672));
#3473 = CARTESIAN_POINT('',(23.099436451551,34.623611037691,
    -147.3854728156));
#3474 = CARTESIAN_POINT('',(23.894723226137,31.380422197288,
    -152.6300666804));
#3475 = CARTESIAN_POINT('',(24.612015764404,28.2677605376,
    -157.3603201761));
#3476 = CARTESIAN_POINT('',(25.25533579943,25.260461968502,
    -161.6027550014));
#3477 = CARTESIAN_POINT('',(25.831314268502,22.347044072098,
    -165.4010995007));
#3478 = CARTESIAN_POINT('',(26.335498851505,19.481760901907,
    -168.7259924257));
#3479 = CARTESIAN_POINT('',(26.781562076677,16.69824701177,
    -171.6675985601));
#3480 = CARTESIAN_POINT('',(27.153172569299,13.885642981792,
    -174.1182191052));
#3481 = CARTESIAN_POINT('',(27.464941462584,11.147936560668,
    -176.1742085643));
#3482 = CARTESIAN_POINT('',(27.703734700244,8.325953367048,
    -177.7489531582));
#3483 = CARTESIAN_POINT('',(27.859542877401,5.523955383784,
    -178.7764449212));
#3484 = CARTESIAN_POINT('',(27.937471382055,2.760759450896,
    -179.2903518167));
#3485 = CARTESIAN_POINT('',(27.937471382052,0.,-179.2903518167));
#3486 = PCURVE('',#3323,#3487);
#3487 = DEFINITIONAL_REPRESENTATION('',(#3488),#3527);
#3488 = B_SPLINE_CURVE_WITH_KNOTS('',13,(#3489,#3490,#3491,#3492,#3493,
    #3494,#3495,#3496,#3497,#3498,#3499,#3500,#3501,#3502,#3503,#3504,
    #3505,#3506,#3507,#3508,#3509,#3510,#3511,#3512,#3513,#3514,#3515,
    #3516,#3517,#3518,#3519,#3520,#3521,#3522,#3523,#3524,#3525,#3526),
  .UNSPECIFIED.,.F.,.F.,(14,12,12,14),(-2.64616619503E-02,0.,
    107.2469840027,214.4939680054),.UNSPECIFIED.);
#3489 = CARTESIAN_POINT('',(247.03867099079,-349.2117939221));
#3490 = CARTESIAN_POINT('',(247.0339179519,-349.2097578181));
#3491 = CARTESIAN_POINT('',(247.02916504791,-349.2077217668));
#3492 = CARTESIAN_POINT('',(247.02441227826,-349.2056857672));
#3493 = CARTESIAN_POINT('',(247.01965964422,-349.2036498215));
#3494 = CARTESIAN_POINT('',(247.01490714362,-349.2016139259));
#3495 = CARTESIAN_POINT('',(247.01015477924,-349.1995780854));
#3496 = CARTESIAN_POINT('',(247.00540254831,-349.1975422949));
#3497 = CARTESIAN_POINT('',(247.00065045289,-349.1955065585));
#3498 = CARTESIAN_POINT('',(246.9958984919,-349.1934708737));
#3499 = CARTESIAN_POINT('',(246.99114666559,-349.1914352415));
#3500 = CARTESIAN_POINT('',(246.98639497408,-349.1893996617));
#3501 = CARTESIAN_POINT('',(246.9816434172,-349.1873641342));
#3502 = CARTESIAN_POINT('',(227.71976068423,-340.9357123242));
#3503 = CARTESIAN_POINT('',(210.67493092017,-333.5466840428));
#3504 = CARTESIAN_POINT('',(195.47657734824,-326.8700588024));
#3505 = CARTESIAN_POINT('',(181.84033356337,-320.7899390182));
#3506 = CARTESIAN_POINT('',(169.54209790307,-315.2141989646));
#3507 = CARTESIAN_POINT('',(158.40301883062,-310.0684363256));
#3508 = CARTESIAN_POINT('',(148.27891365164,-305.2916959954));
#3509 = CARTESIAN_POINT('',(139.05272110008,-300.8334029839));
#3510 = CARTESIAN_POINT('',(130.62893517724,-296.6510733194));
#3511 = CARTESIAN_POINT('',(122.92931439829,-292.7085034834));
#3512 = CARTESIAN_POINT('',(115.889507465,-288.9742709807));
#3513 = CARTESIAN_POINT('',(109.45658314992,-285.4205103214));
#3514 = CARTESIAN_POINT('',(97.719014911852,-278.6236110376));
#3515 = CARTESIAN_POINT('',(92.414465368331,-275.3804221973));
#3516 = CARTESIAN_POINT('',(87.630136081763,-272.2677605373));
#3517 = CARTESIAN_POINT('',(83.339202161568,-269.2604619691));
#3518 = CARTESIAN_POINT('',(79.497435361908,-266.347044071));
#3519 = CARTESIAN_POINT('',(76.13453259157,-263.4817609031));
#3520 = CARTESIAN_POINT('',(73.159298304188,-260.6982470104));
#3521 = CARTESIAN_POINT('',(70.680662509279,-257.8856429828));
#3522 = CARTESIAN_POINT('',(68.601169180338,-255.1479365599));
#3523 = CARTESIAN_POINT('',(67.008422262758,-252.3259533673));
#3524 = CARTESIAN_POINT('',(65.969184314991,-249.5239553836));
#3525 = CARTESIAN_POINT('',(65.449402486779,-246.7607594509));
#3526 = CARTESIAN_POINT('',(65.44940248677,-244.));
#3527 = ( GEOMETRIC_REPRESENTATION_CONTEXT(2) 
PARAMETRIC_REPRESENTATION_CONTEXT() REPRESENTATION_CONTEXT('2D SPACE',''
  ) );
#3528 = ( GEOMETRIC_REPRESENTATION_CONTEXT(3) 
GLOBAL_UNCERTAINTY_ASSIGNED_CONTEXT((#3532)) 
GLOBAL_UNIT_ASSIGNED_CONTEXT((#3529,#3530,#3531)) REPRESENTATION_CONTEXT
('Context #1','3D Context with UNIT and UNCERTAINTY') );
#3529 = ( LENGTH_UNIT() NAMED_UNIT(*) SI_UNIT(.MILLI.,.METRE.) );
#3530 = ( NAMED_UNIT(*) PLANE_ANGLE_UNIT() SI_UNIT($,.RADIAN.) );
#3531 = ( NAMED_UNIT(*) SI_UNIT($,.STERADIAN.) SOLID_ANGLE_UNIT() );
#3532 = UNCERTAINTY_MEASURE_WITH_UNIT(LENGTH_MEASURE(2.E-05),#3529,
  'distance_accuracy_value','confusion accuracy');
#3533 = CONTEXT_DEPENDENT_SHAPE_REPRESENTATION(#3534,#3536);
#3534 = ( REPRESENTATION_RELATIONSHIP('','',#3305,#10) 
REPRESENTATION_RELATIONSHIP_WITH_TRANSFORMATION(#3535) 
SHAPE_REPRESENTATION_RELATIONSHIP() );
#3535 = ITEM_DEFINED_TRANSFORMATION('','',#11,#67);
#3536 = PRODUCT_DEFINITION_SHAPE('Placement','Placement of an item',
  #3537);
#3537 = NEXT_ASSEMBLY_USAGE_OCCURRENCE('14','','',#5,#3300,$);
#3538 = PRODUCT_RELATED_PRODUCT_CATEGORY('part',$,(#3302));
#3539 = SHAPE_DEFINITION_REPRESENTATION(#3540,#3546);
#3540 = PRODUCT_DEFINITION_SHAPE('','',#3541);
#3541 = PRODUCT_DEFINITION('design','',#3542,#3545);
#3542 = PRODUCT_DEFINITION_FORMATION('','',#3543);
#3543 = PRODUCT('Open CASCADE STEP translator 7.8 1.15',
  'Open CASCADE STEP translator 7.8 1.15','',(#3544));
#3544 = PRODUCT_CONTEXT('',#2,'mechanical');
#3545 = PRODUCT_DEFINITION_CONTEXT('part definition',#2,'design');
#3546 = MANIFOLD_SURFACE_SHAPE_REPRESENTATION('',(#11,#3547),#3665);
#3547 = SHELL_BASED_SURFACE_MODEL('',(#3548));
#3548 = OPEN_SHELL('',(#3549));
#3549 = ADVANCED_FACE('',(#3550),#3564,.T.);
#3550 = FACE_BOUND('',#3551,.T.);
#3551 = EDGE_LOOP('',(#3552,#3575));
#3552 = ORIENTED_EDGE('',*,*,#3553,.T.);
#3553 = EDGE_CURVE('',#3554,#3556,#3558,.T.);
#3554 = VERTEX_POINT('',#3555);
#3555 = CARTESIAN_POINT('',(-0.75,-105.1049977207,0.));
#3556 = VERTEX_POINT('',#3557);
#3557 = CARTESIAN_POINT('',(-0.75,105.10499772075,0.));
#3558 = SURFACE_CURVE('',#3559,(#3563),.PCURVE_S1.);
#3559 = LINE('',#3560,#3561);
#3560 = CARTESIAN_POINT('',(-0.75,-244.,0.));
#3561 = VECTOR('',#3562,1.);
#3562 = DIRECTION('',(0.,1.,0.));
#3563 = PCURVE('',#3564,#3569);
#3564 = PLANE('',#3565);
#3565 = AXIS2_PLACEMENT_3D('',#3566,#3567,#3568);
#3566 = CARTESIAN_POINT('',(-0.75,-244.,0.));
#3567 = DIRECTION('',(-0.988697310053,0.,0.14992541177));
#3568 = DIRECTION('',(-0.14992541177,0.,-0.988697310053));
#3569 = DEFINITIONAL_REPRESENTATION('',(#3570),#3574);
#3570 = LINE('',#3571,#3572);
#3571 = CARTESIAN_POINT('',(0.,0.));
#3572 = VECTOR('',#3573,1.);
#3573 = DIRECTION('',(0.,-1.));
#3574 = ( GEOMETRIC_REPRESENTATION_CONTEXT(2) 
PARAMETRIC_REPRESENTATION_CONTEXT() REPRESENTATION_CONTEXT('2D SPACE',''
  ) );
#3575 = ORIENTED_EDGE('',*,*,#3576,.F.);
#3576 = EDGE_CURVE('',#3554,#3556,#3577,.T.);
#3577 = SURFACE_CURVE('',#3578,(#3633),.PCURVE_S1.);
#3578 = B_SPLINE_CURVE_WITH_KNOTS('',14,(#3579,#3580,#3581,#3582,#3583,
    #3584,#3585,#3586,#3587,#3588,#3589,#3590,#3591,#3592,#3593,#3594,
    #3595,#3596,#3597,#3598,#3599,#3600,#3601,#3602,#3603,#3604,#3605,
    #3606,#3607,#3608,#3609,#3610,#3611,#3612,#3613,#3614,#3615,#3616,
    #3617,#3618,#3619,#3620,#3621,#3622,#3623,#3624,#3625,#3626,#3627,
    #3628,#3629,#3630,#3631,#3632),.UNSPECIFIED.,.F.,.F.,(15,13,13,13,15
    ),(-4.451203777278,-1.918743166233E-02,214.53097498321,
    429.08113739809,433.51315374371),.UNSPECIFIED.);
#3579 = CARTESIAN_POINT('',(1.427417407839,-111.3265032232,
    14.359185067912));
#3580 = CARTESIAN_POINT('',(1.274545374229,-110.889704489,
    13.351055981406));
#3581 = CARTESIAN_POINT('',(1.121675159677,-110.4529109523,
    12.342938890842));
#3582 = CARTESIAN_POINT('',(0.968806764181,-110.0161226132,
    11.334833796221));
#3583 = CARTESIAN_POINT('',(0.815940187742,-109.5793394717,
    10.326740697542));
#3584 = CARTESIAN_POINT('',(0.66307543036,-109.1425615277,9.318659594806
    ));
#3585 = CARTESIAN_POINT('',(0.510212492035,-108.7057887813,
    8.310590488012));
#3586 = CARTESIAN_POINT('',(0.357351372766,-108.2690212324,
    7.302533377161));
#3587 = CARTESIAN_POINT('',(0.204492072555,-107.8322588811,
    6.294488262252));
#3588 = CARTESIAN_POINT('',(5.16345913999E-02,-107.3955017274,
    5.286455143286));
#3589 = CARTESIAN_POINT('',(-0.101221070698,-106.9587497712,
    4.278434020262));
#3590 = CARTESIAN_POINT('',(-0.254074913739,-106.5220030126,
    3.270424893181));
#3591 = CARTESIAN_POINT('',(-0.406926937723,-106.0852614515,
    2.262427762042));
#3592 = CARTESIAN_POINT('',(-0.55977714265,-105.648525088,1.254442626846
    ));
#3593 = CARTESIAN_POINT('',(-8.111886599794,-84.07000759393,
    -48.54865757701));
#3594 = CARTESIAN_POINT('',(-12.92356198247,-69.75312998511,
    -80.27970604661));
#3595 = CARTESIAN_POINT('',(-16.50339713113,-58.63356736413,
    -103.8872675674));
#3596 = CARTESIAN_POINT('',(-19.19407863274,-49.78970984125,
    -121.6312212537));
#3597 = CARTESIAN_POINT('',(-21.34170691808,-42.28451512367,
    -135.7939591355));
#3598 = CARTESIAN_POINT('',(-23.01884927128,-35.91193048414,
    -146.8540330322));
#3599 = CARTESIAN_POINT('',(-24.39867492331,-30.18023710238,
    -155.9534238186));
#3600 = CARTESIAN_POINT('',(-25.46975187359,-25.10529855897,
    -163.0167420853));
#3601 = CARTESIAN_POINT('',(-26.33360924383,-20.39361760981,
    -168.7135312296));
#3602 = CARTESIAN_POINT('',(-26.98596644444,-16.02875875763,
    -173.0155624985));
#3603 = CARTESIAN_POINT('',(-27.46585098336,-11.87439454516,
    -176.1802064848));
#3604 = CARTESIAN_POINT('',(-27.78015439665,-7.868524999839,
    -178.2529100752));
#3605 = CARTESIAN_POINT('',(-27.93747138204,-3.934225073217,
    -179.2903518167));
#3606 = CARTESIAN_POINT('',(-27.93747138206,3.934225073219,
    -179.2903518168));
#3607 = CARTESIAN_POINT('',(-27.78015439658,7.868524999812,
    -178.2529100747));
#3608 = CARTESIAN_POINT('',(-27.46585098353,11.874394545244,
    -176.1802064861));
#3609 = CARTESIAN_POINT('',(-26.9859664441,16.028758757499,
    -173.015562496));
#3610 = CARTESIAN_POINT('',(-26.33360924433,20.393617609977,
    -168.7135312332));
#3611 = CARTESIAN_POINT('',(-25.46975187303,25.105298558872,
    -163.0167420811));
#3612 = CARTESIAN_POINT('',(-24.39867492382,30.180237102351,
    -155.9534238225));
#3613 = CARTESIAN_POINT('',(-23.01884927092,35.911930484293,
    -146.8540330293));
#3614 = CARTESIAN_POINT('',(-21.34170691829,42.284515123468,
    -135.7939591372));
#3615 = CARTESIAN_POINT('',(-19.19407863266,49.789709841424,
    -121.6312212529));
#3616 = CARTESIAN_POINT('',(-16.50339713115,58.633567364034,
    -103.8872675677));
#3617 = CARTESIAN_POINT('',(-12.92356198247,69.753129985159,
    -80.27970604654));
#3618 = CARTESIAN_POINT('',(-8.111886599794,84.070007593927,
    -48.54865757702));
#3619 = CARTESIAN_POINT('',(-0.55977714265,105.64852508809,
    1.254442626846));
#3620 = CARTESIAN_POINT('',(-0.406926937723,106.08526145158,
    2.262427762043));
#3621 = CARTESIAN_POINT('',(-0.254074913739,106.52200301264,
    3.270424893182));
#3622 = CARTESIAN_POINT('',(-0.101221070698,106.95874977125,
    4.278434020263));
#3623 = CARTESIAN_POINT('',(5.16345914E-02,107.39550172743,
    5.286455143287));
#3624 = CARTESIAN_POINT('',(0.204492072555,107.83225888117,
    6.294488262254));
#3625 = CARTESIAN_POINT('',(0.357351372766,108.26902123246,
    7.302533377163));
#3626 = CARTESIAN_POINT('',(0.510212492035,108.70578878132,
    8.310590488015));
#3627 = CARTESIAN_POINT('',(0.66307543036,109.14256152774,9.318659594809
    ));
#3628 = CARTESIAN_POINT('',(0.815940187742,109.57933947172,
    10.326740697545));
#3629 = CARTESIAN_POINT('',(0.968806764181,110.01612261327,
    11.334833796225));
#3630 = CARTESIAN_POINT('',(1.121675159677,110.45291095237,
    12.342938890846));
#3631 = CARTESIAN_POINT('',(1.27454537423,110.88970448904,13.35105598141
    ));
#3632 = CARTESIAN_POINT('',(1.42741740784,111.32650322326,
    14.359185067917));
#3633 = PCURVE('',#3564,#3634);
#3634 = DEFINITIONAL_REPRESENTATION('',(#3635),#3664);
#3635 = B_SPLINE_CURVE_WITH_KNOTS('',14,(#3636,#3637,#3638,#3639,#3640,
    #3641,#3642,#3643,#3644,#3645,#3646,#3647,#3648,#3649,#3650,#3651,
    #3652,#3653,#3654,#3655,#3656,#3657,#3658,#3659,#3660,#3661,#3662,
    #3663),.UNSPECIFIED.,.F.,.F.,(15,13,15),(-1.918743166233E-02,
    214.53097498321,429.08113739809),.UNSPECIFIED.);
#3636 = CARTESIAN_POINT('',(-0.249287102419,-138.7882060778));
#3637 = CARTESIAN_POINT('',(49.103661032916,-159.9299924061));
#3638 = CARTESIAN_POINT('',(81.197455713199,-174.2468700146));
#3639 = CARTESIAN_POINT('',(105.07489654391,-185.3664326364));
#3640 = CARTESIAN_POINT('',(123.02169735666,-194.2102901576));
#3641 = CARTESIAN_POINT('',(137.346342256,-201.7154848778));
#3642 = CARTESIAN_POINT('',(148.5328538279,-208.0880695141));
#3643 = CARTESIAN_POINT('',(157.73626794667,-213.819762899));
#3644 = CARTESIAN_POINT('',(164.88033337357,-218.89470144));
#3645 = CARTESIAN_POINT('',(170.64224764547,-223.6063823907));
#3646 = CARTESIAN_POINT('',(174.99345931258,-227.9712412421));
#3647 = CARTESIAN_POINT('',(178.19428119529,-232.1256054548));
#3648 = CARTESIAN_POINT('',(180.29067972865,-236.1314750001));
#3649 = CARTESIAN_POINT('',(181.33998140156,-240.0657749267));
#3650 = CARTESIAN_POINT('',(181.33998140166,-247.9342250733));
#3651 = CARTESIAN_POINT('',(180.2906797282,-251.8685249993));
#3652 = CARTESIAN_POINT('',(178.19428119652,-255.8743945467));
#3653 = CARTESIAN_POINT('',(174.99345931015,-260.0287587545));
#3654 = CARTESIAN_POINT('',(170.64224764914,-264.3936176144));
#3655 = CARTESIAN_POINT('',(164.88033336915,-269.1052985534));
#3656 = CARTESIAN_POINT('',(157.73626795096,-274.1802371076));
#3657 = CARTESIAN_POINT('',(148.53285382454,-279.91193048));
#3658 = CARTESIAN_POINT('',(137.34634225811,-286.2845151263));
#3659 = CARTESIAN_POINT('',(123.0216973556,-293.7897098398));
#3660 = CARTESIAN_POINT('',(105.07489654433,-302.6335673647));
#3661 = CARTESIAN_POINT('',(81.19745571308,-313.7531299849));
#3662 = CARTESIAN_POINT('',(49.103661032937,-328.0700075939));
#3663 = CARTESIAN_POINT('',(-0.249287102419,-349.2117939221));
#3664 = ( GEOMETRIC_REPRESENTATION_CONTEXT(2) 
PARAMETRIC_REPRESENTATION_CONTEXT() REPRESENTATION_CONTEXT('2D SPACE',''
  ) );
#3665 = ( GEOMETRIC_REPRESENTATION_CONTEXT(3) 
GLOBAL_UNCERTAINTY_ASSIGNED_CONTEXT((#3669)) 
GLOBAL_UNIT_ASSIGNED_CONTEXT((#3666,#3667,#3668)) REPRESENTATION_CONTEXT
('Context #1','3D Context with UNIT and UNCERTAINTY') );
#3666 = ( LENGTH_UNIT() NAMED_UNIT(*) SI_UNIT(.MILLI.,.METRE.) );
#3667 = ( NAMED_UNIT(*) PLANE_ANGLE_UNIT() SI_UNIT($,.RADIAN.) );
#3668 = ( NAMED_UNIT(*) SI_UNIT($,.STERADIAN.) SOLID_ANGLE_UNIT() );
#3669 = UNCERTAINTY_MEASURE_WITH_UNIT(LENGTH_MEASURE(5.E-05),#3666,
  'distance_accuracy_value','confusion accuracy');
#3670 = CONTEXT_DEPENDENT_SHAPE_REPRESENTATION(#3671,#3673);
#3671 = ( REPRESENTATION_RELATIONSHIP('','',#3546,#10) 
REPRESENTATION_RELATIONSHIP_WITH_TRANSFORMATION(#3672) 
SHAPE_REPRESENTATION_RELATIONSHIP() );
#3672 = ITEM_DEFINED_TRANSFORMATION('','',#11,#71);
#3673 = PRODUCT_DEFINITION_SHAPE('Placement','Placement of an item',
  #3674);
#3674 = NEXT_ASSEMBLY_USAGE_OCCURRENCE('15','','',#5,#3541,$);
#3675 = PRODUCT_RELATED_PRODUCT_CATEGORY('part',$,(#3543));
#3676 = SHAPE_DEFINITION_REPRESENTATION(#3677,#3683);
#3677 = PRODUCT_DEFINITION_SHAPE('','',#3678);
#3678 = PRODUCT_DEFINITION('design','',#3679,#3682);
#3679 = PRODUCT_DEFINITION_FORMATION('','',#3680);
#3680 = PRODUCT('Open CASCADE STEP translator 7.8 1.16',
  'Open CASCADE STEP translator 7.8 1.16','',(#3681));
#3681 = PRODUCT_CONTEXT('',#2,'mechanical');
#3682 = PRODUCT_DEFINITION_CONTEXT('part definition',#2,'design');
#3683 = MANIFOLD_SURFACE_SHAPE_REPRESENTATION('',(#11,#3684),#3758);
#3684 = SHELL_BASED_SURFACE_MODEL('',(#3685));
#3685 = OPEN_SHELL('',(#3686));
#3686 = ADVANCED_FACE('',(#3687),#3701,.F.);
#3687 = FACE_BOUND('',#3688,.F.);
#3688 = EDGE_LOOP('',(#3689,#3712,#3728,#3744));
#3689 = ORIENTED_EDGE('',*,*,#3690,.T.);
#3690 = EDGE_CURVE('',#3691,#3693,#3695,.T.);
#3691 = VERTEX_POINT('',#3692);
#3692 = CARTESIAN_POINT('',(15.,-105.6874185199,0.));
#3693 = VERTEX_POINT('',#3694);
#3694 = CARTESIAN_POINT('',(15.,-105.6874185199,30.));
#3695 = SURFACE_CURVE('',#3696,(#3700),.PCURVE_S1.);
#3696 = LINE('',#3697,#3698);
#3697 = CARTESIAN_POINT('',(15.,-105.6874185199,0.));
#3698 = VECTOR('',#3699,1.);
#3699 = DIRECTION('',(0.,0.,1.));
#3700 = PCURVE('',#3701,#3706);
#3701 = PLANE('',#3702);
#3702 = AXIS2_PLACEMENT_3D('',#3703,#3704,#3705);
#3703 = CARTESIAN_POINT('',(15.,-105.6874186599,0.));
#3704 = DIRECTION('',(-1.,0.,0.));
#3705 = DIRECTION('',(0.,1.,0.));
#3706 = DEFINITIONAL_REPRESENTATION('',(#3707),#3711);
#3707 = LINE('',#3708,#3709);
#3708 = CARTESIAN_POINT('',(1.400094049586E-07,0.));
#3709 = VECTOR('',#3710,1.);
#3710 = DIRECTION('',(0.,-1.));
#3711 = ( GEOMETRIC_REPRESENTATION_CONTEXT(2) 
PARAMETRIC_REPRESENTATION_CONTEXT() REPRESENTATION_CONTEXT('2D SPACE',''
  ) );
#3712 = ORIENTED_EDGE('',*,*,#3713,.T.);
#3713 = EDGE_CURVE('',#3693,#3714,#3716,.T.);
#3714 = VERTEX_POINT('',#3715);
#3715 = CARTESIAN_POINT('',(15.,105.68741851997,30.));
#3716 = SURFACE_CURVE('',#3717,(#3721),.PCURVE_S1.);
#3717 = LINE('',#3718,#3719);
#3718 = CARTESIAN_POINT('',(15.,-244.,30.));
#3719 = VECTOR('',#3720,1.);
#3720 = DIRECTION('',(0.,1.,0.));
#3721 = PCURVE('',#3701,#3722);
#3722 = DEFINITIONAL_REPRESENTATION('',(#3723),#3727);
#3723 = LINE('',#3724,#3725);
#3724 = CARTESIAN_POINT('',(-138.31258134,-30.));
#3725 = VECTOR('',#3726,1.);
#3726 = DIRECTION('',(1.,0.));
#3727 = ( GEOMETRIC_REPRESENTATION_CONTEXT(2) 
PARAMETRIC_REPRESENTATION_CONTEXT() REPRESENTATION_CONTEXT('2D SPACE',''
  ) );
#3728 = ORIENTED_EDGE('',*,*,#3729,.F.);
#3729 = EDGE_CURVE('',#3730,#3714,#3732,.T.);
#3730 = VERTEX_POINT('',#3731);
#3731 = CARTESIAN_POINT('',(15.,105.68741851997,0.));
#3732 = SURFACE_CURVE('',#3733,(#3737),.PCURVE_S1.);
#3733 = LINE('',#3734,#3735);
#3734 = CARTESIAN_POINT('',(15.,105.68741851997,0.));
#3735 = VECTOR('',#3736,1.);
#3736 = DIRECTION('',(0.,0.,1.));
#3737 = PCURVE('',#3701,#3738);
#3738 = DEFINITIONAL_REPRESENTATION('',(#3739),#3743);
#3739 = LINE('',#3740,#3741);
#3740 = CARTESIAN_POINT('',(211.37483717995,0.));
#3741 = VECTOR('',#3742,1.);
#3742 = DIRECTION('',(0.,-1.));
#3743 = ( GEOMETRIC_REPRESENTATION_CONTEXT(2) 
PARAMETRIC_REPRESENTATION_CONTEXT() REPRESENTATION_CONTEXT('2D SPACE',''
  ) );
#3744 = ORIENTED_EDGE('',*,*,#3745,.F.);
#3745 = EDGE_CURVE('',#3691,#3730,#3746,.T.);
#3746 = SURFACE_CURVE('',#3747,(#3751),.PCURVE_S1.);
#3747 = LINE('',#3748,#3749);
#3748 = CARTESIAN_POINT('',(15.,-244.,0.));
#3749 = VECTOR('',#3750,1.);
#3750 = DIRECTION('',(0.,1.,0.));
#3751 = PCURVE('',#3701,#3752);
#3752 = DEFINITIONAL_REPRESENTATION('',(#3753),#3757);
#3753 = LINE('',#3754,#3755);
#3754 = CARTESIAN_POINT('',(-138.31258134,0.));
#3755 = VECTOR('',#3756,1.);
#3756 = DIRECTION('',(1.,0.));
#3757 = ( GEOMETRIC_REPRESENTATION_CONTEXT(2) 
PARAMETRIC_REPRESENTATION_CONTEXT() REPRESENTATION_CONTEXT('2D SPACE',''
  ) );
#3758 = ( GEOMETRIC_REPRESENTATION_CONTEXT(3) 
GLOBAL_UNCERTAINTY_ASSIGNED_CONTEXT((#3762)) 
GLOBAL_UNIT_ASSIGNED_CONTEXT((#3759,#3760,#3761)) REPRESENTATION_CONTEXT
('Context #1','3D Context with UNIT and UNCERTAINTY') );
#3759 = ( LENGTH_UNIT() NAMED_UNIT(*) SI_UNIT(.MILLI.,.METRE.) );
#3760 = ( NAMED_UNIT(*) PLANE_ANGLE_UNIT() SI_UNIT($,.RADIAN.) );
#3761 = ( NAMED_UNIT(*) SI_UNIT($,.STERADIAN.) SOLID_ANGLE_UNIT() );
#3762 = UNCERTAINTY_MEASURE_WITH_UNIT(LENGTH_MEASURE(5.E-05),#3759,
  'distance_accuracy_value','confusion accuracy');
#3763 = CONTEXT_DEPENDENT_SHAPE_REPRESENTATION(#3764,#3766);
#3764 = ( REPRESENTATION_RELATIONSHIP('','',#3683,#10) 
REPRESENTATION_RELATIONSHIP_WITH_TRANSFORMATION(#3765) 
SHAPE_REPRESENTATION_RELATIONSHIP() );
#3765 = ITEM_DEFINED_TRANSFORMATION('','',#11,#75);
#3766 = PRODUCT_DEFINITION_SHAPE('Placement','Placement of an item',
  #3767);
#3767 = NEXT_ASSEMBLY_USAGE_OCCURRENCE('16','','',#5,#3678,$);
#3768 = PRODUCT_RELATED_PRODUCT_CATEGORY('part',$,(#3680));
#3769 = SHAPE_DEFINITION_REPRESENTATION(#3770,#3776);
#3770 = PRODUCT_DEFINITION_SHAPE('','',#3771);
#3771 = PRODUCT_DEFINITION('design','',#3772,#3775);
#3772 = PRODUCT_DEFINITION_FORMATION('','',#3773);
#3773 = PRODUCT('Open CASCADE STEP translator 7.8 1.17',
  'Open CASCADE STEP translator 7.8 1.17','',(#3774));
#3774 = PRODUCT_CONTEXT('',#2,'mechanical');
#3775 = PRODUCT_DEFINITION_CONTEXT('part definition',#2,'design');
#3776 = MANIFOLD_SURFACE_SHAPE_REPRESENTATION('',(#11,#3777),#3910);
#3777 = SHELL_BASED_SURFACE_MODEL('',(#3778));
#3778 = OPEN_SHELL('',(#3779));
#3779 = ADVANCED_FACE('',(#3780),#3794,.F.);
#3780 = FACE_BOUND('',#3781,.F.);
#3781 = EDGE_LOOP('',(#3782,#3826,#3861,#3877));
#3782 = ORIENTED_EDGE('',*,*,#3783,.T.);
#3783 = EDGE_CURVE('',#3784,#3786,#3788,.T.);
#3784 = VERTEX_POINT('',#3785);
#3785 = CARTESIAN_POINT('',(11.686533875108,-109.3774424915,0.));
#3786 = VERTEX_POINT('',#3787);
#3787 = CARTESIAN_POINT('',(11.686533875108,-109.3774424915,30.));
#3788 = SURFACE_CURVE('',#3789,(#3793),.PCURVE_S1.);
#3789 = LINE('',#3790,#3791);
#3790 = CARTESIAN_POINT('',(11.686533875108,-109.3774424915,0.));
#3791 = VECTOR('',#3792,1.);
#3792 = DIRECTION('',(0.,0.,1.));
#3793 = PCURVE('',#3794,#3820);
#3794 = SURFACE_OF_LINEAR_EXTRUSION('',#3795,#3818);
#3795 = B_SPLINE_CURVE_WITH_KNOTS('',6,(#3796,#3797,#3798,#3799,#3800,
    #3801,#3802,#3803,#3804,#3805,#3806,#3807,#3808,#3809,#3810,#3811,
    #3812,#3813,#3814,#3815,#3816,#3817),.UNSPECIFIED.,.F.,.F.,(7,5,5,5,
    7),(0.,0.249985035126,0.500000631737,0.750015759454,1.),
  .UNSPECIFIED.);
#3796 = CARTESIAN_POINT('',(11.686533875108,-109.3774424915,0.));
#3797 = CARTESIAN_POINT('',(11.87924699387,-109.3568518803,0.));
#3798 = CARTESIAN_POINT('',(12.078284948411,-109.321593125,0.));
#3799 = CARTESIAN_POINT('',(12.282141356677,-109.2702307478,0.));
#3800 = CARTESIAN_POINT('',(12.488763556797,-109.201588886,0.));
#3801 = CARTESIAN_POINT('',(12.695523962093,-109.115105193,0.));
#3802 = CARTESIAN_POINT('',(13.103705008105,-108.9069345487,0.));
#3803 = CARTESIAN_POINT('',(13.305124332767,-108.7852427296,0.));
#3804 = CARTESIAN_POINT('',(13.501043218123,-108.6461932998,0.));
#3805 = CARTESIAN_POINT('',(13.688427911558,-108.4908201795,0.));
#3806 = CARTESIAN_POINT('',(13.864483446735,-108.3210823452,0.));
#3807 = CARTESIAN_POINT('',(14.189627979484,-107.9578211109,0.));
#3808 = CARTESIAN_POINT('',(14.338716358678,-107.7642985972,0.));
#3809 = CARTESIAN_POINT('',(14.472161873074,-107.5613520912,0.));
#3810 = CARTESIAN_POINT('',(14.588422800277,-107.3519921465,0.));
#3811 = CARTESIAN_POINT('',(14.686898244871,-107.139304043,0.));
#3812 = CARTESIAN_POINT('',(14.848524735818,-106.7128216797,0.));
#3813 = CARTESIAN_POINT('',(14.9116808308,-106.4990280416,0.));
#3814 = CARTESIAN_POINT('',(14.957310532064,-106.2874348521,0.));
#3815 = CARTESIAN_POINT('',(14.986290419749,-106.0805027217,0.));
#3816 = CARTESIAN_POINT('',(15.,-105.8800677694,0.));
#3817 = CARTESIAN_POINT('',(15.,-105.6874186599,0.));
#3818 = VECTOR('',#3819,1.);
#3819 = DIRECTION('',(-0.,-0.,-1.));
#3820 = DEFINITIONAL_REPRESENTATION('',(#3821),#3825);
#3821 = LINE('',#3822,#3823);
#3822 = CARTESIAN_POINT('',(0.,0.));
#3823 = VECTOR('',#3824,1.);
#3824 = DIRECTION('',(0.,-1.));
#3825 = ( GEOMETRIC_REPRESENTATION_CONTEXT(2) 
PARAMETRIC_REPRESENTATION_CONTEXT() REPRESENTATION_CONTEXT('2D SPACE',''
  ) );
#3826 = ORIENTED_EDGE('',*,*,#3827,.T.);
#3827 = EDGE_CURVE('',#3786,#3828,#3830,.T.);
#3828 = VERTEX_POINT('',#3829);
#3829 = CARTESIAN_POINT('',(15.,-105.6874185199,30.));
#3830 = SURFACE_CURVE('',#3831,(#3854),.PCURVE_S1.);
#3831 = B_SPLINE_CURVE_WITH_KNOTS('',6,(#3832,#3833,#3834,#3835,#3836,
    #3837,#3838,#3839,#3840,#3841,#3842,#3843,#3844,#3845,#3846,#3847,
    #3848,#3849,#3850,#3851,#3852,#3853),.UNSPECIFIED.,.F.,.F.,(7,5,5,5,
    7),(0.,0.249985035126,0.500000631737,0.750015759454,1.),
  .UNSPECIFIED.);
#3832 = CARTESIAN_POINT('',(11.686533875108,-109.3774424915,30.));
#3833 = CARTESIAN_POINT('',(11.87924699387,-109.3568518803,30.));
#3834 = CARTESIAN_POINT('',(12.078284948411,-109.321593125,30.));
#3835 = CARTESIAN_POINT('',(12.282141356677,-109.2702307478,30.));
#3836 = CARTESIAN_POINT('',(12.488763556797,-109.201588886,30.));
#3837 = CARTESIAN_POINT('',(12.695523962093,-109.115105193,30.));
#3838 = CARTESIAN_POINT('',(13.103705008105,-108.9069345487,30.));
#3839 = CARTESIAN_POINT('',(13.305124332767,-108.7852427296,30.));
#3840 = CARTESIAN_POINT('',(13.501043218123,-108.6461932998,30.));
#3841 = CARTESIAN_POINT('',(13.688427911558,-108.4908201795,30.));
#3842 = CARTESIAN_POINT('',(13.864483446735,-108.3210823452,30.));
#3843 = CARTESIAN_POINT('',(14.189627979484,-107.9578211109,30.));
#3844 = CARTESIAN_POINT('',(14.338716358678,-107.7642985972,30.));
#3845 = CARTESIAN_POINT('',(14.472161873074,-107.5613520912,30.));
#3846 = CARTESIAN_POINT('',(14.588422800277,-107.3519921465,30.));
#3847 = CARTESIAN_POINT('',(14.686898244871,-107.139304043,30.));
#3848 = CARTESIAN_POINT('',(14.848524735818,-106.7128216797,30.));
#3849 = CARTESIAN_POINT('',(14.9116808308,-106.4990280416,30.));
#3850 = CARTESIAN_POINT('',(14.957310532064,-106.2874348521,30.));
#3851 = CARTESIAN_POINT('',(14.986290419749,-106.0805027217,30.));
#3852 = CARTESIAN_POINT('',(15.,-105.8800677694,30.));
#3853 = CARTESIAN_POINT('',(15.,-105.6874186599,30.));
#3854 = PCURVE('',#3794,#3855);
#3855 = DEFINITIONAL_REPRESENTATION('',(#3856),#3860);
#3856 = LINE('',#3857,#3858);
#3857 = CARTESIAN_POINT('',(0.,-30.));
#3858 = VECTOR('',#3859,1.);
#3859 = DIRECTION('',(1.,0.));
#3860 = ( GEOMETRIC_REPRESENTATION_CONTEXT(2) 
PARAMETRIC_REPRESENTATION_CONTEXT() REPRESENTATION_CONTEXT('2D SPACE',''
  ) );
#3861 = ORIENTED_EDGE('',*,*,#3862,.F.);
#3862 = EDGE_CURVE('',#3863,#3828,#3865,.T.);
#3863 = VERTEX_POINT('',#3864);
#3864 = CARTESIAN_POINT('',(15.,-105.6874185199,0.));
#3865 = SURFACE_CURVE('',#3866,(#3870),.PCURVE_S1.);
#3866 = LINE('',#3867,#3868);
#3867 = CARTESIAN_POINT('',(15.,-105.6874185199,0.));
#3868 = VECTOR('',#3869,1.);
#3869 = DIRECTION('',(0.,0.,1.));
#3870 = PCURVE('',#3794,#3871);
#3871 = DEFINITIONAL_REPRESENTATION('',(#3872),#3876);
#3872 = LINE('',#3873,#3874);
#3873 = CARTESIAN_POINT('',(1.,0.));
#3874 = VECTOR('',#3875,1.);
#3875 = DIRECTION('',(0.,-1.));
#3876 = ( GEOMETRIC_REPRESENTATION_CONTEXT(2) 
PARAMETRIC_REPRESENTATION_CONTEXT() REPRESENTATION_CONTEXT('2D SPACE',''
  ) );
#3877 = ORIENTED_EDGE('',*,*,#3878,.F.);
#3878 = EDGE_CURVE('',#3784,#3863,#3879,.T.);
#3879 = SURFACE_CURVE('',#3880,(#3903),.PCURVE_S1.);
#3880 = B_SPLINE_CURVE_WITH_KNOTS('',6,(#3881,#3882,#3883,#3884,#3885,
    #3886,#3887,#3888,#3889,#3890,#3891,#3892,#3893,#3894,#3895,#3896,
    #3897,#3898,#3899,#3900,#3901,#3902),.UNSPECIFIED.,.F.,.F.,(7,5,5,5,
    7),(0.,0.249985035126,0.500000631737,0.750015759454,1.),
  .UNSPECIFIED.);
#3881 = CARTESIAN_POINT('',(11.686533875108,-109.3774424915,0.));
#3882 = CARTESIAN_POINT('',(11.87924699387,-109.3568518803,0.));
#3883 = CARTESIAN_POINT('',(12.078284948411,-109.321593125,0.));
#3884 = CARTESIAN_POINT('',(12.282141356677,-109.2702307478,0.));
#3885 = CARTESIAN_POINT('',(12.488763556797,-109.201588886,0.));
#3886 = CARTESIAN_POINT('',(12.695523962093,-109.115105193,0.));
#3887 = CARTESIAN_POINT('',(13.103705008105,-108.9069345487,0.));
#3888 = CARTESIAN_POINT('',(13.305124332767,-108.7852427296,0.));
#3889 = CARTESIAN_POINT('',(13.501043218123,-108.6461932998,0.));
#3890 = CARTESIAN_POINT('',(13.688427911558,-108.4908201795,0.));
#3891 = CARTESIAN_POINT('',(13.864483446735,-108.3210823452,0.));
#3892 = CARTESIAN_POINT('',(14.189627979484,-107.9578211109,0.));
#3893 = CARTESIAN_POINT('',(14.338716358678,-107.7642985972,0.));
#3894 = CARTESIAN_POINT('',(14.472161873074,-107.5613520912,0.));
#3895 = CARTESIAN_POINT('',(14.588422800277,-107.3519921465,0.));
#3896 = CARTESIAN_POINT('',(14.686898244871,-107.139304043,0.));
#3897 = CARTESIAN_POINT('',(14.848524735818,-106.7128216797,0.));
#3898 = CARTESIAN_POINT('',(14.9116808308,-106.4990280416,0.));
#3899 = CARTESIAN_POINT('',(14.957310532064,-106.2874348521,0.));
#3900 = CARTESIAN_POINT('',(14.986290419749,-106.0805027217,0.));
#3901 = CARTESIAN_POINT('',(15.,-105.8800677694,0.));
#3902 = CARTESIAN_POINT('',(15.,-105.6874186599,0.));
#3903 = PCURVE('',#3794,#3904);
#3904 = DEFINITIONAL_REPRESENTATION('',(#3905),#3909);
#3905 = LINE('',#3906,#3907);
#3906 = CARTESIAN_POINT('',(0.,0.));
#3907 = VECTOR('',#3908,1.);
#3908 = DIRECTION('',(1.,0.));
#3909 = ( GEOMETRIC_REPRESENTATION_CONTEXT(2) 
PARAMETRIC_REPRESENTATION_CONTEXT() REPRESENTATION_CONTEXT('2D SPACE',''
  ) );
#3910 = ( GEOMETRIC_REPRESENTATION_CONTEXT(3) 
GLOBAL_UNCERTAINTY_ASSIGNED_CONTEXT((#3914)) 
GLOBAL_UNIT_ASSIGNED_CONTEXT((#3911,#3912,#3913)) REPRESENTATION_CONTEXT
('Context #1','3D Context with UNIT and UNCERTAINTY') );
#3911 = ( LENGTH_UNIT() NAMED_UNIT(*) SI_UNIT(.MILLI.,.METRE.) );
#3912 = ( NAMED_UNIT(*) PLANE_ANGLE_UNIT() SI_UNIT($,.RADIAN.) );
#3913 = ( NAMED_UNIT(*) SI_UNIT($,.STERADIAN.) SOLID_ANGLE_UNIT() );
#3914 = UNCERTAINTY_MEASURE_WITH_UNIT(LENGTH_MEASURE(1.E-04),#3911,
  'distance_accuracy_value','confusion accuracy');
#3915 = CONTEXT_DEPENDENT_SHAPE_REPRESENTATION(#3916,#3918);
#3916 = ( REPRESENTATION_RELATIONSHIP('','',#3776,#10) 
REPRESENTATION_RELATIONSHIP_WITH_TRANSFORMATION(#3917) 
SHAPE_REPRESENTATION_RELATIONSHIP() );
#3917 = ITEM_DEFINED_TRANSFORMATION('','',#11,#79);
#3918 = PRODUCT_DEFINITION_SHAPE('Placement','Placement of an item',
  #3919);
#3919 = NEXT_ASSEMBLY_USAGE_OCCURRENCE('17','','',#5,#3771,$);
#3920 = PRODUCT_RELATED_PRODUCT_CATEGORY('part',$,(#3773));
#3921 = SHAPE_DEFINITION_REPRESENTATION(#3922,#3928);
#3922 = PRODUCT_DEFINITION_SHAPE('','',#3923);
#3923 = PRODUCT_DEFINITION('design','',#3924,#3927);
#3924 = PRODUCT_DEFINITION_FORMATION('','',#3925);
#3925 = PRODUCT('Open CASCADE STEP translator 7.8 1.18',
  'Open CASCADE STEP translator 7.8 1.18','',(#3926));
#3926 = PRODUCT_CONTEXT('',#2,'mechanical');
#3927 = PRODUCT_DEFINITION_CONTEXT('part definition',#2,'design');
#3928 = MANIFOLD_SURFACE_SHAPE_REPRESENTATION('',(#11,#3929),#4062);
#3929 = SHELL_BASED_SURFACE_MODEL('',(#3930));
#3930 = OPEN_SHELL('',(#3931));
#3931 = ADVANCED_FACE('',(#3932),#3946,.T.);
#3932 = FACE_BOUND('',#3933,.T.);
#3933 = EDGE_LOOP('',(#3934,#3978,#4013,#4029));
#3934 = ORIENTED_EDGE('',*,*,#3935,.T.);
#3935 = EDGE_CURVE('',#3936,#3938,#3940,.T.);
#3936 = VERTEX_POINT('',#3937);
#3937 = CARTESIAN_POINT('',(11.686533875108,109.37744249152,0.));
#3938 = VERTEX_POINT('',#3939);
#3939 = CARTESIAN_POINT('',(11.686533875108,109.37744249152,30.));
#3940 = SURFACE_CURVE('',#3941,(#3945),.PCURVE_S1.);
#3941 = LINE('',#3942,#3943);
#3942 = CARTESIAN_POINT('',(11.686533875108,109.37744249152,0.));
#3943 = VECTOR('',#3944,1.);
#3944 = DIRECTION('',(0.,0.,1.));
#3945 = PCURVE('',#3946,#3972);
#3946 = SURFACE_OF_LINEAR_EXTRUSION('',#3947,#3970);
#3947 = B_SPLINE_CURVE_WITH_KNOTS('',6,(#3948,#3949,#3950,#3951,#3952,
    #3953,#3954,#3955,#3956,#3957,#3958,#3959,#3960,#3961,#3962,#3963,
    #3964,#3965,#3966,#3967,#3968,#3969),.UNSPECIFIED.,.F.,.F.,(7,5,5,5,
    7),(0.,0.249985035126,0.500000631737,0.750015759454,1.),
  .UNSPECIFIED.);
#3948 = CARTESIAN_POINT('',(11.686533875108,109.37744249152,0.));
#3949 = CARTESIAN_POINT('',(11.87924699387,109.35685188033,0.));
#3950 = CARTESIAN_POINT('',(12.078284948411,109.32159312503,0.));
#3951 = CARTESIAN_POINT('',(12.282141356677,109.2702307478,0.));
#3952 = CARTESIAN_POINT('',(12.488763556797,109.20158888601,0.));
#3953 = CARTESIAN_POINT('',(12.695523962093,109.11510519306,0.));
#3954 = CARTESIAN_POINT('',(13.103705008105,108.90693454877,0.));
#3955 = CARTESIAN_POINT('',(13.305124332767,108.78524272964,0.));
#3956 = CARTESIAN_POINT('',(13.501043218123,108.64619329984,0.));
#3957 = CARTESIAN_POINT('',(13.688427911558,108.49082017951,0.));
#3958 = CARTESIAN_POINT('',(13.864483446735,108.3210823452,0.));
#3959 = CARTESIAN_POINT('',(14.189627979484,107.95782111095,0.));
#3960 = CARTESIAN_POINT('',(14.338716358679,107.76429859729,0.));
#3961 = CARTESIAN_POINT('',(14.472161873073,107.56135209121,0.));
#3962 = CARTESIAN_POINT('',(14.588422800277,107.3519921465,0.));
#3963 = CARTESIAN_POINT('',(14.686898244871,107.13930404307,0.));
#3964 = CARTESIAN_POINT('',(14.848524735818,106.71282167973,0.));
#3965 = CARTESIAN_POINT('',(14.9116808308,106.49902804168,0.));
#3966 = CARTESIAN_POINT('',(14.957310532064,106.28743485211,0.));
#3967 = CARTESIAN_POINT('',(14.986290419749,106.08050272173,0.));
#3968 = CARTESIAN_POINT('',(15.,105.88006776949,0.));
#3969 = CARTESIAN_POINT('',(15.,105.68741865998,0.));
#3970 = VECTOR('',#3971,1.);
#3971 = DIRECTION('',(-0.,-0.,-1.));
#3972 = DEFINITIONAL_REPRESENTATION('',(#3973),#3977);
#3973 = LINE('',#3974,#3975);
#3974 = CARTESIAN_POINT('',(0.,0.));
#3975 = VECTOR('',#3976,1.);
#3976 = DIRECTION('',(0.,-1.));
#3977 = ( GEOMETRIC_REPRESENTATION_CONTEXT(2) 
PARAMETRIC_REPRESENTATION_CONTEXT() REPRESENTATION_CONTEXT('2D SPACE',''
  ) );
#3978 = ORIENTED_EDGE('',*,*,#3979,.T.);
#3979 = EDGE_CURVE('',#3938,#3980,#3982,.T.);
#3980 = VERTEX_POINT('',#3981);
#3981 = CARTESIAN_POINT('',(15.,105.68741851997,30.));
#3982 = SURFACE_CURVE('',#3983,(#4006),.PCURVE_S1.);
#3983 = B_SPLINE_CURVE_WITH_KNOTS('',6,(#3984,#3985,#3986,#3987,#3988,
    #3989,#3990,#3991,#3992,#3993,#3994,#3995,#3996,#3997,#3998,#3999,
    #4000,#4001,#4002,#4003,#4004,#4005),.UNSPECIFIED.,.F.,.F.,(7,5,5,5,
    7),(0.,0.249985035126,0.500000631737,0.750015759454,1.),
  .UNSPECIFIED.);
#3984 = CARTESIAN_POINT('',(11.686533875108,109.37744249152,30.));
#3985 = CARTESIAN_POINT('',(11.87924699387,109.35685188033,30.));
#3986 = CARTESIAN_POINT('',(12.078284948411,109.32159312503,30.));
#3987 = CARTESIAN_POINT('',(12.282141356677,109.2702307478,30.));
#3988 = CARTESIAN_POINT('',(12.488763556797,109.20158888601,30.));
#3989 = CARTESIAN_POINT('',(12.695523962093,109.11510519306,30.));
#3990 = CARTESIAN_POINT('',(13.103705008105,108.90693454877,30.));
#3991 = CARTESIAN_POINT('',(13.305124332767,108.78524272964,30.));
#3992 = CARTESIAN_POINT('',(13.501043218123,108.64619329984,30.));
#3993 = CARTESIAN_POINT('',(13.688427911558,108.49082017951,30.));
#3994 = CARTESIAN_POINT('',(13.864483446735,108.3210823452,30.));
#3995 = CARTESIAN_POINT('',(14.189627979484,107.95782111095,30.));
#3996 = CARTESIAN_POINT('',(14.338716358679,107.76429859729,30.));
#3997 = CARTESIAN_POINT('',(14.472161873073,107.56135209121,30.));
#3998 = CARTESIAN_POINT('',(14.588422800277,107.3519921465,30.));
#3999 = CARTESIAN_POINT('',(14.686898244871,107.13930404307,30.));
#4000 = CARTESIAN_POINT('',(14.848524735818,106.71282167973,30.));
#4001 = CARTESIAN_POINT('',(14.9116808308,106.49902804168,30.));
#4002 = CARTESIAN_POINT('',(14.957310532064,106.28743485211,30.));
#4003 = CARTESIAN_POINT('',(14.986290419749,106.08050272173,30.));
#4004 = CARTESIAN_POINT('',(15.,105.88006776949,30.));
#4005 = CARTESIAN_POINT('',(15.,105.68741865998,30.));
#4006 = PCURVE('',#3946,#4007);
#4007 = DEFINITIONAL_REPRESENTATION('',(#4008),#4012);
#4008 = LINE('',#4009,#4010);
#4009 = CARTESIAN_POINT('',(0.,-30.));
#4010 = VECTOR('',#4011,1.);
#4011 = DIRECTION('',(1.,0.));
#4012 = ( GEOMETRIC_REPRESENTATION_CONTEXT(2) 
PARAMETRIC_REPRESENTATION_CONTEXT() REPRESENTATION_CONTEXT('2D SPACE',''
  ) );
#4013 = ORIENTED_EDGE('',*,*,#4014,.F.);
#4014 = EDGE_CURVE('',#4015,#3980,#4017,.T.);
#4015 = VERTEX_POINT('',#4016);
#4016 = CARTESIAN_POINT('',(15.,105.68741851997,0.));
#4017 = SURFACE_CURVE('',#4018,(#4022),.PCURVE_S1.);
#4018 = LINE('',#4019,#4020);
#4019 = CARTESIAN_POINT('',(15.,105.68741851997,0.));
#4020 = VECTOR('',#4021,1.);
#4021 = DIRECTION('',(0.,0.,1.));
#4022 = PCURVE('',#3946,#4023);
#4023 = DEFINITIONAL_REPRESENTATION('',(#4024),#4028);
#4024 = LINE('',#4025,#4026);
#4025 = CARTESIAN_POINT('',(1.,0.));
#4026 = VECTOR('',#4027,1.);
#4027 = DIRECTION('',(0.,-1.));
#4028 = ( GEOMETRIC_REPRESENTATION_CONTEXT(2) 
PARAMETRIC_REPRESENTATION_CONTEXT() REPRESENTATION_CONTEXT('2D SPACE',''
  ) );
#4029 = ORIENTED_EDGE('',*,*,#4030,.F.);
#4030 = EDGE_CURVE('',#3936,#4015,#4031,.T.);
#4031 = SURFACE_CURVE('',#4032,(#4055),.PCURVE_S1.);
#4032 = B_SPLINE_CURVE_WITH_KNOTS('',6,(#4033,#4034,#4035,#4036,#4037,
    #4038,#4039,#4040,#4041,#4042,#4043,#4044,#4045,#4046,#4047,#4048,
    #4049,#4050,#4051,#4052,#4053,#4054),.UNSPECIFIED.,.F.,.F.,(7,5,5,5,
    7),(0.,0.249985035126,0.500000631737,0.750015759454,1.),
  .UNSPECIFIED.);
#4033 = CARTESIAN_POINT('',(11.686533875108,109.37744249152,0.));
#4034 = CARTESIAN_POINT('',(11.87924699387,109.35685188033,0.));
#4035 = CARTESIAN_POINT('',(12.078284948411,109.32159312503,0.));
#4036 = CARTESIAN_POINT('',(12.282141356677,109.2702307478,0.));
#4037 = CARTESIAN_POINT('',(12.488763556797,109.20158888601,0.));
#4038 = CARTESIAN_POINT('',(12.695523962093,109.11510519306,0.));
#4039 = CARTESIAN_POINT('',(13.103705008105,108.90693454877,0.));
#4040 = CARTESIAN_POINT('',(13.305124332767,108.78524272964,0.));
#4041 = CARTESIAN_POINT('',(13.501043218123,108.64619329984,0.));
#4042 = CARTESIAN_POINT('',(13.688427911558,108.49082017951,0.));
#4043 = CARTESIAN_POINT('',(13.864483446735,108.3210823452,0.));
#4044 = CARTESIAN_POINT('',(14.189627979484,107.95782111095,0.));
#4045 = CARTESIAN_POINT('',(14.338716358679,107.76429859729,0.));
#4046 = CARTESIAN_POINT('',(14.472161873073,107.56135209121,0.));
#4047 = CARTESIAN_POINT('',(14.588422800277,107.3519921465,0.));
#4048 = CARTESIAN_POINT('',(14.686898244871,107.13930404307,0.));
#4049 = CARTESIAN_POINT('',(14.848524735818,106.71282167973,0.));
#4050 = CARTESIAN_POINT('',(14.9116808308,106.49902804168,0.));
#4051 = CARTESIAN_POINT('',(14.957310532064,106.28743485211,0.));
#4052 = CARTESIAN_POINT('',(14.986290419749,106.08050272173,0.));
#4053 = CARTESIAN_POINT('',(15.,105.88006776949,0.));
#4054 = CARTESIAN_POINT('',(15.,105.68741865998,0.));
#4055 = PCURVE('',#3946,#4056);
#4056 = DEFINITIONAL_REPRESENTATION('',(#4057),#4061);
#4057 = LINE('',#4058,#4059);
#4058 = CARTESIAN_POINT('',(0.,0.));
#4059 = VECTOR('',#4060,1.);
#4060 = DIRECTION('',(1.,0.));
#4061 = ( GEOMETRIC_REPRESENTATION_CONTEXT(2) 
PARAMETRIC_REPRESENTATION_CONTEXT() REPRESENTATION_CONTEXT('2D SPACE',''
  ) );
#4062 = ( GEOMETRIC_REPRESENTATION_CONTEXT(3) 
GLOBAL_UNCERTAINTY_ASSIGNED_CONTEXT((#4066)) 
GLOBAL_UNIT_ASSIGNED_CONTEXT((#4063,#4064,#4065)) REPRESENTATION_CONTEXT
('Context #1','3D Context with UNIT and UNCERTAINTY') );
#4063 = ( LENGTH_UNIT() NAMED_UNIT(*) SI_UNIT(.MILLI.,.METRE.) );
#4064 = ( NAMED_UNIT(*) PLANE_ANGLE_UNIT() SI_UNIT($,.RADIAN.) );
#4065 = ( NAMED_UNIT(*) SI_UNIT($,.STERADIAN.) SOLID_ANGLE_UNIT() );
#4066 = UNCERTAINTY_MEASURE_WITH_UNIT(LENGTH_MEASURE(1.E-04),#4063,
  'distance_accuracy_value','confusion accuracy');
#4067 = CONTEXT_DEPENDENT_SHAPE_REPRESENTATION(#4068,#4070);
#4068 = ( REPRESENTATION_RELATIONSHIP('','',#3928,#10) 
REPRESENTATION_RELATIONSHIP_WITH_TRANSFORMATION(#4069) 
SHAPE_REPRESENTATION_RELATIONSHIP() );
#4069 = ITEM_DEFINED_TRANSFORMATION('','',#11,#83);
#4070 = PRODUCT_DEFINITION_SHAPE('Placement','Placement of an item',
  #4071);
#4071 = NEXT_ASSEMBLY_USAGE_OCCURRENCE('18','','',#5,#3923,$);
#4072 = PRODUCT_RELATED_PRODUCT_CATEGORY('part',$,(#3925));
#4073 = SHAPE_DEFINITION_REPRESENTATION(#4074,#4080);
#4074 = PRODUCT_DEFINITION_SHAPE('','',#4075);
#4075 = PRODUCT_DEFINITION('design','',#4076,#4079);
#4076 = PRODUCT_DEFINITION_FORMATION('','',#4077);
#4077 = PRODUCT('Open CASCADE STEP translator 7.8 1.19',
  'Open CASCADE STEP translator 7.8 1.19','',(#4078));
#4078 = PRODUCT_CONTEXT('',#2,'mechanical');
#4079 = PRODUCT_DEFINITION_CONTEXT('part definition',#2,'design');
#4080 = MANIFOLD_SURFACE_SHAPE_REPRESENTATION('',(#11,#4081),#4157);
#4081 = SHELL_BASED_SURFACE_MODEL('',(#4082));
#4082 = OPEN_SHELL('',(#4083));
#4083 = ADVANCED_FACE('',(#4084),#4098,.F.);
#4084 = FACE_BOUND('',#4085,.T.);
#4085 = EDGE_LOOP('',(#4086,#4109,#4126,#4142));
#4086 = ORIENTED_EDGE('',*,*,#4087,.T.);
#4087 = EDGE_CURVE('',#4088,#4090,#4092,.T.);
#4088 = VERTEX_POINT('',#4089);
#4089 = CARTESIAN_POINT('',(-11.6865338751,-109.3774424915,0.));
#4090 = VERTEX_POINT('',#4091);
#4091 = CARTESIAN_POINT('',(-11.6865338751,-109.3774424915,30.));
#4092 = SURFACE_CURVE('',#4093,(#4097),.PCURVE_S1.);
#4093 = LINE('',#4094,#4095);
#4094 = CARTESIAN_POINT('',(-11.6865338751,-109.3774424915,0.));
#4095 = VECTOR('',#4096,1.);
#4096 = DIRECTION('',(0.,0.,1.));
#4097 = PCURVE('',#4098,#4103);
#4098 = CYLINDRICAL_SURFACE('',#4099,110.);
#4099 = AXIS2_PLACEMENT_3D('',#4100,#4101,#4102);
#4100 = CARTESIAN_POINT('',(0.,0.,0.));
#4101 = DIRECTION('',(-0.,-0.,-1.));
#4102 = DIRECTION('',(1.,0.,-0.));
#4103 = DEFINITIONAL_REPRESENTATION('',(#4104),#4108);
#4104 = LINE('',#4105,#4106);
#4105 = CARTESIAN_POINT('',(-4.605946880414,0.));
#4106 = VECTOR('',#4107,1.);
#4107 = DIRECTION('',(-0.,-1.));
#4108 = ( GEOMETRIC_REPRESENTATION_CONTEXT(2) 
PARAMETRIC_REPRESENTATION_CONTEXT() REPRESENTATION_CONTEXT('2D SPACE',''
  ) );
#4109 = ORIENTED_EDGE('',*,*,#4110,.T.);
#4110 = EDGE_CURVE('',#4090,#4111,#4113,.T.);
#4111 = VERTEX_POINT('',#4112);
#4112 = CARTESIAN_POINT('',(11.686533875108,-109.3774424915,30.));
#4113 = SURFACE_CURVE('',#4114,(#4119),.PCURVE_S1.);
#4114 = CIRCLE('',#4115,110.);
#4115 = AXIS2_PLACEMENT_3D('',#4116,#4117,#4118);
#4116 = CARTESIAN_POINT('',(0.,0.,30.));
#4117 = DIRECTION('',(0.,0.,1.));
#4118 = DIRECTION('',(1.,0.,-0.));
#4119 = PCURVE('',#4098,#4120);
#4120 = DEFINITIONAL_REPRESENTATION('',(#4121),#4125);
#4121 = LINE('',#4122,#4123);
#4122 = CARTESIAN_POINT('',(-0.,-30.));
#4123 = VECTOR('',#4124,1.);
#4124 = DIRECTION('',(-1.,0.));
#4125 = ( GEOMETRIC_REPRESENTATION_CONTEXT(2) 
PARAMETRIC_REPRESENTATION_CONTEXT() REPRESENTATION_CONTEXT('2D SPACE',''
  ) );
#4126 = ORIENTED_EDGE('',*,*,#4127,.F.);
#4127 = EDGE_CURVE('',#4128,#4111,#4130,.T.);
#4128 = VERTEX_POINT('',#4129);
#4129 = CARTESIAN_POINT('',(11.686533875108,-109.3774424915,0.));
#4130 = SURFACE_CURVE('',#4131,(#4135),.PCURVE_S1.);
#4131 = LINE('',#4132,#4133);
#4132 = CARTESIAN_POINT('',(11.686533875108,-109.3774424915,0.));
#4133 = VECTOR('',#4134,1.);
#4134 = DIRECTION('',(0.,0.,1.));
#4135 = PCURVE('',#4098,#4136);
#4136 = DEFINITIONAL_REPRESENTATION('',(#4137),#4141);
#4137 = LINE('',#4138,#4139);
#4138 = CARTESIAN_POINT('',(-4.818831080356,0.));
#4139 = VECTOR('',#4140,1.);
#4140 = DIRECTION('',(-0.,-1.));
#4141 = ( GEOMETRIC_REPRESENTATION_CONTEXT(2) 
PARAMETRIC_REPRESENTATION_CONTEXT() REPRESENTATION_CONTEXT('2D SPACE',''
  ) );
#4142 = ORIENTED_EDGE('',*,*,#4143,.F.);
#4143 = EDGE_CURVE('',#4088,#4128,#4144,.T.);
#4144 = SURFACE_CURVE('',#4145,(#4150),.PCURVE_S1.);
#4145 = CIRCLE('',#4146,110.);
#4146 = AXIS2_PLACEMENT_3D('',#4147,#4148,#4149);
#4147 = CARTESIAN_POINT('',(0.,0.,0.));
#4148 = DIRECTION('',(0.,0.,1.));
#4149 = DIRECTION('',(1.,0.,-0.));
#4150 = PCURVE('',#4098,#4151);
#4151 = DEFINITIONAL_REPRESENTATION('',(#4152),#4156);
#4152 = LINE('',#4153,#4154);
#4153 = CARTESIAN_POINT('',(-0.,0.));
#4154 = VECTOR('',#4155,1.);
#4155 = DIRECTION('',(-1.,0.));
#4156 = ( GEOMETRIC_REPRESENTATION_CONTEXT(2) 
PARAMETRIC_REPRESENTATION_CONTEXT() REPRESENTATION_CONTEXT('2D SPACE',''
  ) );
#4157 = ( GEOMETRIC_REPRESENTATION_CONTEXT(3) 
GLOBAL_UNCERTAINTY_ASSIGNED_CONTEXT((#4161)) 
GLOBAL_UNIT_ASSIGNED_CONTEXT((#4158,#4159,#4160)) REPRESENTATION_CONTEXT
('Context #1','3D Context with UNIT and UNCERTAINTY') );
#4158 = ( LENGTH_UNIT() NAMED_UNIT(*) SI_UNIT(.MILLI.,.METRE.) );
#4159 = ( NAMED_UNIT(*) PLANE_ANGLE_UNIT() SI_UNIT($,.RADIAN.) );
#4160 = ( NAMED_UNIT(*) SI_UNIT($,.STERADIAN.) SOLID_ANGLE_UNIT() );
#4161 = UNCERTAINTY_MEASURE_WITH_UNIT(LENGTH_MEASURE(5.E-05),#4158,
  'distance_accuracy_value','confusion accuracy');
#4162 = CONTEXT_DEPENDENT_SHAPE_REPRESENTATION(#4163,#4165);
#4163 = ( REPRESENTATION_RELATIONSHIP('','',#4080,#10) 
REPRESENTATION_RELATIONSHIP_WITH_TRANSFORMATION(#4164) 
SHAPE_REPRESENTATION_RELATIONSHIP() );
#4164 = ITEM_DEFINED_TRANSFORMATION('','',#11,#87);
#4165 = PRODUCT_DEFINITION_SHAPE('Placement','Placement of an item',
  #4166);
#4166 = NEXT_ASSEMBLY_USAGE_OCCURRENCE('19','','',#5,#4075,$);
#4167 = PRODUCT_RELATED_PRODUCT_CATEGORY('part',$,(#4077));
#4168 = SHAPE_DEFINITION_REPRESENTATION(#4169,#4175);
#4169 = PRODUCT_DEFINITION_SHAPE('','',#4170);
#4170 = PRODUCT_DEFINITION('design','',#4171,#4174);
#4171 = PRODUCT_DEFINITION_FORMATION('','',#4172);
#4172 = PRODUCT('Open CASCADE STEP translator 7.8 1.20',
  'Open CASCADE STEP translator 7.8 1.20','',(#4173));
#4173 = PRODUCT_CONTEXT('',#2,'mechanical');
#4174 = PRODUCT_DEFINITION_CONTEXT('part definition',#2,'design');
#4175 = MANIFOLD_SURFACE_SHAPE_REPRESENTATION('',(#11,#4176),#4252);
#4176 = SHELL_BASED_SURFACE_MODEL('',(#4177));
#4177 = OPEN_SHELL('',(#4178));
#4178 = ADVANCED_FACE('',(#4179),#4193,.F.);
#4179 = FACE_BOUND('',#4180,.T.);
#4180 = EDGE_LOOP('',(#4181,#4204,#4221,#4237));
#4181 = ORIENTED_EDGE('',*,*,#4182,.T.);
#4182 = EDGE_CURVE('',#4183,#4185,#4187,.T.);
#4183 = VERTEX_POINT('',#4184);
#4184 = CARTESIAN_POINT('',(11.686533875108,109.37744249152,0.));
#4185 = VERTEX_POINT('',#4186);
#4186 = CARTESIAN_POINT('',(11.686533875108,109.37744249152,30.));
#4187 = SURFACE_CURVE('',#4188,(#4192),.PCURVE_S1.);
#4188 = LINE('',#4189,#4190);
#4189 = CARTESIAN_POINT('',(11.686533875108,109.37744249152,0.));
#4190 = VECTOR('',#4191,1.);
#4191 = DIRECTION('',(0.,0.,1.));
#4192 = PCURVE('',#4193,#4198);
#4193 = CYLINDRICAL_SURFACE('',#4194,110.);
#4194 = AXIS2_PLACEMENT_3D('',#4195,#4196,#4197);
#4195 = CARTESIAN_POINT('',(0.,0.,0.));
#4196 = DIRECTION('',(-0.,-0.,-1.));
#4197 = DIRECTION('',(1.,0.,-0.));
#4198 = DEFINITIONAL_REPRESENTATION('',(#4199),#4203);
#4199 = LINE('',#4200,#4201);
#4200 = CARTESIAN_POINT('',(-1.464354226824,0.));
#4201 = VECTOR('',#4202,1.);
#4202 = DIRECTION('',(-0.,-1.));
#4203 = ( GEOMETRIC_REPRESENTATION_CONTEXT(2) 
PARAMETRIC_REPRESENTATION_CONTEXT() REPRESENTATION_CONTEXT('2D SPACE',''
  ) );
#4204 = ORIENTED_EDGE('',*,*,#4205,.T.);
#4205 = EDGE_CURVE('',#4185,#4206,#4208,.T.);
#4206 = VERTEX_POINT('',#4207);
#4207 = CARTESIAN_POINT('',(-11.6865338751,109.37744249152,30.));
#4208 = SURFACE_CURVE('',#4209,(#4214),.PCURVE_S1.);
#4209 = CIRCLE('',#4210,110.);
#4210 = AXIS2_PLACEMENT_3D('',#4211,#4212,#4213);
#4211 = CARTESIAN_POINT('',(0.,0.,30.));
#4212 = DIRECTION('',(0.,0.,1.));
#4213 = DIRECTION('',(1.,0.,-0.));
#4214 = PCURVE('',#4193,#4215);
#4215 = DEFINITIONAL_REPRESENTATION('',(#4216),#4220);
#4216 = LINE('',#4217,#4218);
#4217 = CARTESIAN_POINT('',(-0.,-30.));
#4218 = VECTOR('',#4219,1.);
#4219 = DIRECTION('',(-1.,0.));
#4220 = ( GEOMETRIC_REPRESENTATION_CONTEXT(2) 
PARAMETRIC_REPRESENTATION_CONTEXT() REPRESENTATION_CONTEXT('2D SPACE',''
  ) );
#4221 = ORIENTED_EDGE('',*,*,#4222,.F.);
#4222 = EDGE_CURVE('',#4223,#4206,#4225,.T.);
#4223 = VERTEX_POINT('',#4224);
#4224 = CARTESIAN_POINT('',(-11.6865338751,109.37744249152,0.));
#4225 = SURFACE_CURVE('',#4226,(#4230),.PCURVE_S1.);
#4226 = LINE('',#4227,#4228);
#4227 = CARTESIAN_POINT('',(-11.6865338751,109.37744249152,0.));
#4228 = VECTOR('',#4229,1.);
#4229 = DIRECTION('',(0.,0.,1.));
#4230 = PCURVE('',#4193,#4231);
#4231 = DEFINITIONAL_REPRESENTATION('',(#4232),#4236);
#4232 = LINE('',#4233,#4234);
#4233 = CARTESIAN_POINT('',(-1.677238426766,0.));
#4234 = VECTOR('',#4235,1.);
#4235 = DIRECTION('',(-0.,-1.));
#4236 = ( GEOMETRIC_REPRESENTATION_CONTEXT(2) 
PARAMETRIC_REPRESENTATION_CONTEXT() REPRESENTATION_CONTEXT('2D SPACE',''
  ) );
#4237 = ORIENTED_EDGE('',*,*,#4238,.F.);
#4238 = EDGE_CURVE('',#4183,#4223,#4239,.T.);
#4239 = SURFACE_CURVE('',#4240,(#4245),.PCURVE_S1.);
#4240 = CIRCLE('',#4241,110.);
#4241 = AXIS2_PLACEMENT_3D('',#4242,#4243,#4244);
#4242 = CARTESIAN_POINT('',(0.,0.,0.));
#4243 = DIRECTION('',(0.,0.,1.));
#4244 = DIRECTION('',(1.,0.,-0.));
#4245 = PCURVE('',#4193,#4246);
#4246 = DEFINITIONAL_REPRESENTATION('',(#4247),#4251);
#4247 = LINE('',#4248,#4249);
#4248 = CARTESIAN_POINT('',(-0.,0.));
#4249 = VECTOR('',#4250,1.);
#4250 = DIRECTION('',(-1.,0.));
#4251 = ( GEOMETRIC_REPRESENTATION_CONTEXT(2) 
PARAMETRIC_REPRESENTATION_CONTEXT() REPRESENTATION_CONTEXT('2D SPACE',''
  ) );
#4252 = ( GEOMETRIC_REPRESENTATION_CONTEXT(3) 
GLOBAL_UNCERTAINTY_ASSIGNED_CONTEXT((#4256)) 
GLOBAL_UNIT_ASSIGNED_CONTEXT((#4253,#4254,#4255)) REPRESENTATION_CONTEXT
('Context #1','3D Context with UNIT and UNCERTAINTY') );
#4253 = ( LENGTH_UNIT() NAMED_UNIT(*) SI_UNIT(.MILLI.,.METRE.) );
#4254 = ( NAMED_UNIT(*) PLANE_ANGLE_UNIT() SI_UNIT($,.RADIAN.) );
#4255 = ( NAMED_UNIT(*) SI_UNIT($,.STERADIAN.) SOLID_ANGLE_UNIT() );
#4256 = UNCERTAINTY_MEASURE_WITH_UNIT(LENGTH_MEASURE(5.E-05),#4253,
  'distance_accuracy_value','confusion accuracy');
#4257 = CONTEXT_DEPENDENT_SHAPE_REPRESENTATION(#4258,#4260);
#4258 = ( REPRESENTATION_RELATIONSHIP('','',#4175,#10) 
REPRESENTATION_RELATIONSHIP_WITH_TRANSFORMATION(#4259) 
SHAPE_REPRESENTATION_RELATIONSHIP() );
#4259 = ITEM_DEFINED_TRANSFORMATION('','',#11,#91);
#4260 = PRODUCT_DEFINITION_SHAPE('Placement','Placement of an item',
  #4261);
#4261 = NEXT_ASSEMBLY_USAGE_OCCURRENCE('20','','',#5,#4170,$);
#4262 = PRODUCT_RELATED_PRODUCT_CATEGORY('part',$,(#4172));
#4263 = SHAPE_DEFINITION_REPRESENTATION(#4264,#4270);
#4264 = PRODUCT_DEFINITION_SHAPE('','',#4265);
#4265 = PRODUCT_DEFINITION('design','',#4266,#4269);
#4266 = PRODUCT_DEFINITION_FORMATION('','',#4267);
#4267 = PRODUCT('Open CASCADE STEP translator 7.8 1.21',
  'Open CASCADE STEP translator 7.8 1.21','',(#4268));
#4268 = PRODUCT_CONTEXT('',#2,'mechanical');
#4269 = PRODUCT_DEFINITION_CONTEXT('part definition',#2,'design');
#4270 = MANIFOLD_SURFACE_SHAPE_REPRESENTATION('',(#11,#4271),#4404);
#4271 = SHELL_BASED_SURFACE_MODEL('',(#4272));
#4272 = OPEN_SHELL('',(#4273));
#4273 = ADVANCED_FACE('',(#4274),#4288,.T.);
#4274 = FACE_BOUND('',#4275,.T.);
#4275 = EDGE_LOOP('',(#4276,#4320,#4355,#4371));
#4276 = ORIENTED_EDGE('',*,*,#4277,.T.);
#4277 = EDGE_CURVE('',#4278,#4280,#4282,.T.);
#4278 = VERTEX_POINT('',#4279);
#4279 = CARTESIAN_POINT('',(-11.6865338751,-109.3774424915,0.));
#4280 = VERTEX_POINT('',#4281);
#4281 = CARTESIAN_POINT('',(-11.6865338751,-109.3774424915,30.));
#4282 = SURFACE_CURVE('',#4283,(#4287),.PCURVE_S1.);
#4283 = LINE('',#4284,#4285);
#4284 = CARTESIAN_POINT('',(-11.6865338751,-109.3774424915,0.));
#4285 = VECTOR('',#4286,1.);
#4286 = DIRECTION('',(0.,0.,1.));
#4287 = PCURVE('',#4288,#4314);
#4288 = SURFACE_OF_LINEAR_EXTRUSION('',#4289,#4312);
#4289 = B_SPLINE_CURVE_WITH_KNOTS('',6,(#4290,#4291,#4292,#4293,#4294,
    #4295,#4296,#4297,#4298,#4299,#4300,#4301,#4302,#4303,#4304,#4305,
    #4306,#4307,#4308,#4309,#4310,#4311),.UNSPECIFIED.,.F.,.F.,(7,5,5,5,
    7),(0.,0.249996249286,0.500000158506,0.750003950085,1.),
  .UNSPECIFIED.);
#4290 = CARTESIAN_POINT('',(-11.6865338751,-109.3774424915,0.));
#4291 = CARTESIAN_POINT('',(-11.87923586692,-109.3568530692,0.));
#4292 = CARTESIAN_POINT('',(-12.07826627144,-109.3215967345,0.));
#4293 = CARTESIAN_POINT('',(-12.2821198145,-109.2702370077,0.));
#4294 = CARTESIAN_POINT('',(-12.48874457577,-109.2015964485,0.));
#4295 = CARTESIAN_POINT('',(-12.69551255155,-109.1151110095,0.));
#4296 = CARTESIAN_POINT('',(-13.10369764927,-108.9069383045,0.));
#4297 = CARTESIAN_POINT('',(-13.30511387214,-108.7852494285,0.));
#4298 = CARTESIAN_POINT('',(-13.50103347748,-108.646201095,0.));
#4299 = CARTESIAN_POINT('',(-13.68842123767,-108.4908266176,0.));
#4300 = CARTESIAN_POINT('',(-13.86448035214,-108.321085796,0.));
#4301 = CARTESIAN_POINT('',(-14.18963120767,-107.9578175108,0.));
#4302 = CARTESIAN_POINT('',(-14.33872225008,-107.7642909477,0.));
#4303 = CARTESIAN_POINT('',(-14.47216873869,-107.5613412148,0.));
#4304 = CARTESIAN_POINT('',(-14.58842841572,-107.3519807773,0.));
#4305 = CARTESIAN_POINT('',(-14.6869012012,-107.1392962347,0.));
#4306 = CARTESIAN_POINT('',(-14.84852923067,-106.7128098266,0.));
#4307 = CARTESIAN_POINT('',(-14.91168623034,-106.4990085522,0.));
#4308 = CARTESIAN_POINT('',(-14.95731438414,-106.2874130192,0.));
#4309 = CARTESIAN_POINT('',(-14.98629199021,-106.0804840049,0.));
#4310 = CARTESIAN_POINT('',(-15.,-105.8800567242,0.));
#4311 = CARTESIAN_POINT('',(-15.,-105.6874186599,0.));
#4312 = VECTOR('',#4313,1.);
#4313 = DIRECTION('',(-0.,-0.,-1.));
#4314 = DEFINITIONAL_REPRESENTATION('',(#4315),#4319);
#4315 = LINE('',#4316,#4317);
#4316 = CARTESIAN_POINT('',(0.,0.));
#4317 = VECTOR('',#4318,1.);
#4318 = DIRECTION('',(0.,-1.));
#4319 = ( GEOMETRIC_REPRESENTATION_CONTEXT(2) 
PARAMETRIC_REPRESENTATION_CONTEXT() REPRESENTATION_CONTEXT('2D SPACE',''
  ) );
#4320 = ORIENTED_EDGE('',*,*,#4321,.T.);
#4321 = EDGE_CURVE('',#4280,#4322,#4324,.T.);
#4322 = VERTEX_POINT('',#4323);
#4323 = CARTESIAN_POINT('',(-15.,-105.6874185199,30.));
#4324 = SURFACE_CURVE('',#4325,(#4348),.PCURVE_S1.);
#4325 = B_SPLINE_CURVE_WITH_KNOTS('',6,(#4326,#4327,#4328,#4329,#4330,
    #4331,#4332,#4333,#4334,#4335,#4336,#4337,#4338,#4339,#4340,#4341,
    #4342,#4343,#4344,#4345,#4346,#4347),.UNSPECIFIED.,.F.,.F.,(7,5,5,5,
    7),(0.,0.249996249286,0.500000158506,0.750003950085,1.),
  .UNSPECIFIED.);
#4326 = CARTESIAN_POINT('',(-11.6865338751,-109.3774424915,30.));
#4327 = CARTESIAN_POINT('',(-11.87923586692,-109.3568530692,30.));
#4328 = CARTESIAN_POINT('',(-12.07826627144,-109.3215967345,30.));
#4329 = CARTESIAN_POINT('',(-12.2821198145,-109.2702370077,30.));
#4330 = CARTESIAN_POINT('',(-12.48874457577,-109.2015964485,30.));
#4331 = CARTESIAN_POINT('',(-12.69551255155,-109.1151110095,30.));
#4332 = CARTESIAN_POINT('',(-13.10369764927,-108.9069383045,30.));
#4333 = CARTESIAN_POINT('',(-13.30511387214,-108.7852494285,30.));
#4334 = CARTESIAN_POINT('',(-13.50103347748,-108.646201095,30.));
#4335 = CARTESIAN_POINT('',(-13.68842123767,-108.4908266176,30.));
#4336 = CARTESIAN_POINT('',(-13.86448035214,-108.321085796,30.));
#4337 = CARTESIAN_POINT('',(-14.18963120767,-107.9578175108,30.));
#4338 = CARTESIAN_POINT('',(-14.33872225008,-107.7642909477,30.));
#4339 = CARTESIAN_POINT('',(-14.47216873869,-107.5613412148,30.));
#4340 = CARTESIAN_POINT('',(-14.58842841572,-107.3519807773,30.));
#4341 = CARTESIAN_POINT('',(-14.6869012012,-107.1392962347,30.));
#4342 = CARTESIAN_POINT('',(-14.84852923067,-106.7128098266,30.));
#4343 = CARTESIAN_POINT('',(-14.91168623034,-106.4990085522,30.));
#4344 = CARTESIAN_POINT('',(-14.95731438414,-106.2874130192,30.));
#4345 = CARTESIAN_POINT('',(-14.98629199021,-106.0804840049,30.));
#4346 = CARTESIAN_POINT('',(-15.,-105.8800567242,30.));
#4347 = CARTESIAN_POINT('',(-15.,-105.6874186599,30.));
#4348 = PCURVE('',#4288,#4349);
#4349 = DEFINITIONAL_REPRESENTATION('',(#4350),#4354);
#4350 = LINE('',#4351,#4352);
#4351 = CARTESIAN_POINT('',(0.,-30.));
#4352 = VECTOR('',#4353,1.);
#4353 = DIRECTION('',(1.,0.));
#4354 = ( GEOMETRIC_REPRESENTATION_CONTEXT(2) 
PARAMETRIC_REPRESENTATION_CONTEXT() REPRESENTATION_CONTEXT('2D SPACE',''
  ) );
#4355 = ORIENTED_EDGE('',*,*,#4356,.F.);
#4356 = EDGE_CURVE('',#4357,#4322,#4359,.T.);
#4357 = VERTEX_POINT('',#4358);
#4358 = CARTESIAN_POINT('',(-15.,-105.6874185199,0.));
#4359 = SURFACE_CURVE('',#4360,(#4364),.PCURVE_S1.);
#4360 = LINE('',#4361,#4362);
#4361 = CARTESIAN_POINT('',(-15.,-105.6874185199,0.));
#4362 = VECTOR('',#4363,1.);
#4363 = DIRECTION('',(0.,0.,1.));
#4364 = PCURVE('',#4288,#4365);
#4365 = DEFINITIONAL_REPRESENTATION('',(#4366),#4370);
#4366 = LINE('',#4367,#4368);
#4367 = CARTESIAN_POINT('',(1.,0.));
#4368 = VECTOR('',#4369,1.);
#4369 = DIRECTION('',(0.,-1.));
#4370 = ( GEOMETRIC_REPRESENTATION_CONTEXT(2) 
PARAMETRIC_REPRESENTATION_CONTEXT() REPRESENTATION_CONTEXT('2D SPACE',''
  ) );
#4371 = ORIENTED_EDGE('',*,*,#4372,.F.);
#4372 = EDGE_CURVE('',#4278,#4357,#4373,.T.);
#4373 = SURFACE_CURVE('',#4374,(#4397),.PCURVE_S1.);
#4374 = B_SPLINE_CURVE_WITH_KNOTS('',6,(#4375,#4376,#4377,#4378,#4379,
    #4380,#4381,#4382,#4383,#4384,#4385,#4386,#4387,#4388,#4389,#4390,
    #4391,#4392,#4393,#4394,#4395,#4396),.UNSPECIFIED.,.F.,.F.,(7,5,5,5,
    7),(0.,0.249996249286,0.500000158506,0.750003950085,1.),
  .UNSPECIFIED.);
#4375 = CARTESIAN_POINT('',(-11.6865338751,-109.3774424915,0.));
#4376 = CARTESIAN_POINT('',(-11.87923586692,-109.3568530692,0.));
#4377 = CARTESIAN_POINT('',(-12.07826627144,-109.3215967345,0.));
#4378 = CARTESIAN_POINT('',(-12.2821198145,-109.2702370077,0.));
#4379 = CARTESIAN_POINT('',(-12.48874457577,-109.2015964485,0.));
#4380 = CARTESIAN_POINT('',(-12.69551255155,-109.1151110095,0.));
#4381 = CARTESIAN_POINT('',(-13.10369764927,-108.9069383045,0.));
#4382 = CARTESIAN_POINT('',(-13.30511387214,-108.7852494285,0.));
#4383 = CARTESIAN_POINT('',(-13.50103347748,-108.646201095,0.));
#4384 = CARTESIAN_POINT('',(-13.68842123767,-108.4908266176,0.));
#4385 = CARTESIAN_POINT('',(-13.86448035214,-108.321085796,0.));
#4386 = CARTESIAN_POINT('',(-14.18963120767,-107.9578175108,0.));
#4387 = CARTESIAN_POINT('',(-14.33872225008,-107.7642909477,0.));
#4388 = CARTESIAN_POINT('',(-14.47216873869,-107.5613412148,0.));
#4389 = CARTESIAN_POINT('',(-14.58842841572,-107.3519807773,0.));
#4390 = CARTESIAN_POINT('',(-14.6869012012,-107.1392962347,0.));
#4391 = CARTESIAN_POINT('',(-14.84852923067,-106.7128098266,0.));
#4392 = CARTESIAN_POINT('',(-14.91168623034,-106.4990085522,0.));
#4393 = CARTESIAN_POINT('',(-14.95731438414,-106.2874130192,0.));
#4394 = CARTESIAN_POINT('',(-14.98629199021,-106.0804840049,0.));
#4395 = CARTESIAN_POINT('',(-15.,-105.8800567242,0.));
#4396 = CARTESIAN_POINT('',(-15.,-105.6874186599,0.));
#4397 = PCURVE('',#4288,#4398);
#4398 = DEFINITIONAL_REPRESENTATION('',(#4399),#4403);
#4399 = LINE('',#4400,#4401);
#4400 = CARTESIAN_POINT('',(0.,0.));
#4401 = VECTOR('',#4402,1.);
#4402 = DIRECTION('',(1.,0.));
#4403 = ( GEOMETRIC_REPRESENTATION_CONTEXT(2) 
PARAMETRIC_REPRESENTATION_CONTEXT() REPRESENTATION_CONTEXT('2D SPACE',''
  ) );
#4404 = ( GEOMETRIC_REPRESENTATION_CONTEXT(3) 
GLOBAL_UNCERTAINTY_ASSIGNED_CONTEXT((#4408)) 
GLOBAL_UNIT_ASSIGNED_CONTEXT((#4405,#4406,#4407)) REPRESENTATION_CONTEXT
('Context #1','3D Context with UNIT and UNCERTAINTY') );
#4405 = ( LENGTH_UNIT() NAMED_UNIT(*) SI_UNIT(.MILLI.,.METRE.) );
#4406 = ( NAMED_UNIT(*) PLANE_ANGLE_UNIT() SI_UNIT($,.RADIAN.) );
#4407 = ( NAMED_UNIT(*) SI_UNIT($,.STERADIAN.) SOLID_ANGLE_UNIT() );
#4408 = UNCERTAINTY_MEASURE_WITH_UNIT(LENGTH_MEASURE(1.E-04),#4405,
  'distance_accuracy_value','confusion accuracy');
#4409 = CONTEXT_DEPENDENT_SHAPE_REPRESENTATION(#4410,#4412);
#4410 = ( REPRESENTATION_RELATIONSHIP('','',#4270,#10) 
REPRESENTATION_RELATIONSHIP_WITH_TRANSFORMATION(#4411) 
SHAPE_REPRESENTATION_RELATIONSHIP() );
#4411 = ITEM_DEFINED_TRANSFORMATION('','',#11,#95);
#4412 = PRODUCT_DEFINITION_SHAPE('Placement','Placement of an item',
  #4413);
#4413 = NEXT_ASSEMBLY_USAGE_OCCURRENCE('21','','',#5,#4265,$);
#4414 = PRODUCT_RELATED_PRODUCT_CATEGORY('part',$,(#4267));
#4415 = SHAPE_DEFINITION_REPRESENTATION(#4416,#4422);
#4416 = PRODUCT_DEFINITION_SHAPE('','',#4417);
#4417 = PRODUCT_DEFINITION('design','',#4418,#4421);
#4418 = PRODUCT_DEFINITION_FORMATION('','',#4419);
#4419 = PRODUCT('Open CASCADE STEP translator 7.8 1.22',
  'Open CASCADE STEP translator 7.8 1.22','',(#4420));
#4420 = PRODUCT_CONTEXT('',#2,'mechanical');
#4421 = PRODUCT_DEFINITION_CONTEXT('part definition',#2,'design');
#4422 = MANIFOLD_SURFACE_SHAPE_REPRESENTATION('',(#11,#4423),#4556);
#4423 = SHELL_BASED_SURFACE_MODEL('',(#4424));
#4424 = OPEN_SHELL('',(#4425));
#4425 = ADVANCED_FACE('',(#4426),#4440,.F.);
#4426 = FACE_BOUND('',#4427,.F.);
#4427 = EDGE_LOOP('',(#4428,#4472,#4507,#4523));
#4428 = ORIENTED_EDGE('',*,*,#4429,.T.);
#4429 = EDGE_CURVE('',#4430,#4432,#4434,.T.);
#4430 = VERTEX_POINT('',#4431);
#4431 = CARTESIAN_POINT('',(-11.6865338751,109.37744249152,0.));
#4432 = VERTEX_POINT('',#4433);
#4433 = CARTESIAN_POINT('',(-11.6865338751,109.37744249152,30.));
#4434 = SURFACE_CURVE('',#4435,(#4439),.PCURVE_S1.);
#4435 = LINE('',#4436,#4437);
#4436 = CARTESIAN_POINT('',(-11.6865338751,109.37744249152,0.));
#4437 = VECTOR('',#4438,1.);
#4438 = DIRECTION('',(0.,0.,1.));
#4439 = PCURVE('',#4440,#4466);
#4440 = SURFACE_OF_LINEAR_EXTRUSION('',#4441,#4464);
#4441 = B_SPLINE_CURVE_WITH_KNOTS('',6,(#4442,#4443,#4444,#4445,#4446,
    #4447,#4448,#4449,#4450,#4451,#4452,#4453,#4454,#4455,#4456,#4457,
    #4458,#4459,#4460,#4461,#4462,#4463),.UNSPECIFIED.,.F.,.F.,(7,5,5,5,
    7),(0.,0.249996249286,0.500000158506,0.750003950086,1.),
  .UNSPECIFIED.);
#4442 = CARTESIAN_POINT('',(-11.6865338751,109.37744249152,0.));
#4443 = CARTESIAN_POINT('',(-11.87923586692,109.3568530692,0.));
#4444 = CARTESIAN_POINT('',(-12.07826627144,109.32159673452,0.));
#4445 = CARTESIAN_POINT('',(-12.2821198145,109.27023700778,0.));
#4446 = CARTESIAN_POINT('',(-12.48874457577,109.20159644852,0.));
#4447 = CARTESIAN_POINT('',(-12.69551255155,109.11511100954,0.));
#4448 = CARTESIAN_POINT('',(-13.10369764927,108.90693830458,0.));
#4449 = CARTESIAN_POINT('',(-13.30511387214,108.78524942858,0.));
#4450 = CARTESIAN_POINT('',(-13.50103347748,108.646201095,0.));
#4451 = CARTESIAN_POINT('',(-13.68842123767,108.49082661764,0.));
#4452 = CARTESIAN_POINT('',(-13.86448035214,108.32108579602,0.));
#4453 = CARTESIAN_POINT('',(-14.18963120767,107.95781751086,0.));
#4454 = CARTESIAN_POINT('',(-14.33872225008,107.76429094776,0.));
#4455 = CARTESIAN_POINT('',(-14.47216873869,107.56134121485,0.));
#4456 = CARTESIAN_POINT('',(-14.58842841572,107.35198077732,0.));
#4457 = CARTESIAN_POINT('',(-14.6869012012,107.13929623478,0.));
#4458 = CARTESIAN_POINT('',(-14.84852923067,106.71280982663,0.));
#4459 = CARTESIAN_POINT('',(-14.91168623034,106.4990085522,0.));
#4460 = CARTESIAN_POINT('',(-14.95731438414,106.28741301922,0.));
#4461 = CARTESIAN_POINT('',(-14.98629199021,106.08048400492,0.));
#4462 = CARTESIAN_POINT('',(-15.,105.88005672423,0.));
#4463 = CARTESIAN_POINT('',(-15.,105.68741865998,0.));
#4464 = VECTOR('',#4465,1.);
#4465 = DIRECTION('',(-0.,-0.,-1.));
#4466 = DEFINITIONAL_REPRESENTATION('',(#4467),#4471);
#4467 = LINE('',#4468,#4469);
#4468 = CARTESIAN_POINT('',(0.,0.));
#4469 = VECTOR('',#4470,1.);
#4470 = DIRECTION('',(0.,-1.));
#4471 = ( GEOMETRIC_REPRESENTATION_CONTEXT(2) 
PARAMETRIC_REPRESENTATION_CONTEXT() REPRESENTATION_CONTEXT('2D SPACE',''
  ) );
#4472 = ORIENTED_EDGE('',*,*,#4473,.T.);
#4473 = EDGE_CURVE('',#4432,#4474,#4476,.T.);
#4474 = VERTEX_POINT('',#4475);
#4475 = CARTESIAN_POINT('',(-15.,105.68741851997,30.));
#4476 = SURFACE_CURVE('',#4477,(#4500),.PCURVE_S1.);
#4477 = B_SPLINE_CURVE_WITH_KNOTS('',6,(#4478,#4479,#4480,#4481,#4482,
    #4483,#4484,#4485,#4486,#4487,#4488,#4489,#4490,#4491,#4492,#4493,
    #4494,#4495,#4496,#4497,#4498,#4499),.UNSPECIFIED.,.F.,.F.,(7,5,5,5,
    7),(0.,0.249996249286,0.500000158506,0.750003950086,1.),
  .UNSPECIFIED.);
#4478 = CARTESIAN_POINT('',(-11.6865338751,109.37744249152,30.));
#4479 = CARTESIAN_POINT('',(-11.87923586692,109.3568530692,30.));
#4480 = CARTESIAN_POINT('',(-12.07826627144,109.32159673452,30.));
#4481 = CARTESIAN_POINT('',(-12.2821198145,109.27023700778,30.));
#4482 = CARTESIAN_POINT('',(-12.48874457577,109.20159644852,30.));
#4483 = CARTESIAN_POINT('',(-12.69551255155,109.11511100954,30.));
#4484 = CARTESIAN_POINT('',(-13.10369764927,108.90693830458,30.));
#4485 = CARTESIAN_POINT('',(-13.30511387214,108.78524942858,30.));
#4486 = CARTESIAN_POINT('',(-13.50103347748,108.646201095,30.));
#4487 = CARTESIAN_POINT('',(-13.68842123767,108.49082661764,30.));
#4488 = CARTESIAN_POINT('',(-13.86448035214,108.32108579602,30.));
#4489 = CARTESIAN_POINT('',(-14.18963120767,107.95781751086,30.));
#4490 = CARTESIAN_POINT('',(-14.33872225008,107.76429094776,30.));
#4491 = CARTESIAN_POINT('',(-14.47216873869,107.56134121485,30.));
#4492 = CARTESIAN_POINT('',(-14.58842841572,107.35198077732,30.));
#4493 = CARTESIAN_POINT('',(-14.6869012012,107.13929623478,30.));
#4494 = CARTESIAN_POINT('',(-14.84852923067,106.71280982663,30.));
#4495 = CARTESIAN_POINT('',(-14.91168623034,106.4990085522,30.));
#4496 = CARTESIAN_POINT('',(-14.95731438414,106.28741301922,30.));
#4497 = CARTESIAN_POINT('',(-14.98629199021,106.08048400492,30.));
#4498 = CARTESIAN_POINT('',(-15.,105.88005672423,30.));
#4499 = CARTESIAN_POINT('',(-15.,105.68741865998,30.));
#4500 = PCURVE('',#4440,#4501);
#4501 = DEFINITIONAL_REPRESENTATION('',(#4502),#4506);
#4502 = LINE('',#4503,#4504);
#4503 = CARTESIAN_POINT('',(0.,-30.));
#4504 = VECTOR('',#4505,1.);
#4505 = DIRECTION('',(1.,0.));
#4506 = ( GEOMETRIC_REPRESENTATION_CONTEXT(2) 
PARAMETRIC_REPRESENTATION_CONTEXT() REPRESENTATION_CONTEXT('2D SPACE',''
  ) );
#4507 = ORIENTED_EDGE('',*,*,#4508,.F.);
#4508 = EDGE_CURVE('',#4509,#4474,#4511,.T.);
#4509 = VERTEX_POINT('',#4510);
#4510 = CARTESIAN_POINT('',(-15.,105.68741851997,0.));
#4511 = SURFACE_CURVE('',#4512,(#4516),.PCURVE_S1.);
#4512 = LINE('',#4513,#4514);
#4513 = CARTESIAN_POINT('',(-15.,105.68741851997,0.));
#4514 = VECTOR('',#4515,1.);
#4515 = DIRECTION('',(0.,0.,1.));
#4516 = PCURVE('',#4440,#4517);
#4517 = DEFINITIONAL_REPRESENTATION('',(#4518),#4522);
#4518 = LINE('',#4519,#4520);
#4519 = CARTESIAN_POINT('',(1.,0.));
#4520 = VECTOR('',#4521,1.);
#4521 = DIRECTION('',(0.,-1.));
#4522 = ( GEOMETRIC_REPRESENTATION_CONTEXT(2) 
PARAMETRIC_REPRESENTATION_CONTEXT() REPRESENTATION_CONTEXT('2D SPACE',''
  ) );
#4523 = ORIENTED_EDGE('',*,*,#4524,.F.);
#4524 = EDGE_CURVE('',#4430,#4509,#4525,.T.);
#4525 = SURFACE_CURVE('',#4526,(#4549),.PCURVE_S1.);
#4526 = B_SPLINE_CURVE_WITH_KNOTS('',6,(#4527,#4528,#4529,#4530,#4531,
    #4532,#4533,#4534,#4535,#4536,#4537,#4538,#4539,#4540,#4541,#4542,
    #4543,#4544,#4545,#4546,#4547,#4548),.UNSPECIFIED.,.F.,.F.,(7,5,5,5,
    7),(0.,0.249996249286,0.500000158506,0.750003950086,1.),
  .UNSPECIFIED.);
#4527 = CARTESIAN_POINT('',(-11.6865338751,109.37744249152,0.));
#4528 = CARTESIAN_POINT('',(-11.87923586692,109.3568530692,0.));
#4529 = CARTESIAN_POINT('',(-12.07826627144,109.32159673452,0.));
#4530 = CARTESIAN_POINT('',(-12.2821198145,109.27023700778,0.));
#4531 = CARTESIAN_POINT('',(-12.48874457577,109.20159644852,0.));
#4532 = CARTESIAN_POINT('',(-12.69551255155,109.11511100954,0.));
#4533 = CARTESIAN_POINT('',(-13.10369764927,108.90693830458,0.));
#4534 = CARTESIAN_POINT('',(-13.30511387214,108.78524942858,0.));
#4535 = CARTESIAN_POINT('',(-13.50103347748,108.646201095,0.));
#4536 = CARTESIAN_POINT('',(-13.68842123767,108.49082661764,0.));
#4537 = CARTESIAN_POINT('',(-13.86448035214,108.32108579602,0.));
#4538 = CARTESIAN_POINT('',(-14.18963120767,107.95781751086,0.));
#4539 = CARTESIAN_POINT('',(-14.33872225008,107.76429094776,0.));
#4540 = CARTESIAN_POINT('',(-14.47216873869,107.56134121485,0.));
#4541 = CARTESIAN_POINT('',(-14.58842841572,107.35198077732,0.));
#4542 = CARTESIAN_POINT('',(-14.6869012012,107.13929623478,0.));
#4543 = CARTESIAN_POINT('',(-14.84852923067,106.71280982663,0.));
#4544 = CARTESIAN_POINT('',(-14.91168623034,106.4990085522,0.));
#4545 = CARTESIAN_POINT('',(-14.95731438414,106.28741301922,0.));
#4546 = CARTESIAN_POINT('',(-14.98629199021,106.08048400492,0.));
#4547 = CARTESIAN_POINT('',(-15.,105.88005672423,0.));
#4548 = CARTESIAN_POINT('',(-15.,105.68741865998,0.));
#4549 = PCURVE('',#4440,#4550);
#4550 = DEFINITIONAL_REPRESENTATION('',(#4551),#4555);
#4551 = LINE('',#4552,#4553);
#4552 = CARTESIAN_POINT('',(0.,0.));
#4553 = VECTOR('',#4554,1.);
#4554 = DIRECTION('',(1.,0.));
#4555 = ( GEOMETRIC_REPRESENTATION_CONTEXT(2) 
PARAMETRIC_REPRESENTATION_CONTEXT() REPRESENTATION_CONTEXT('2D SPACE',''
  ) );
#4556 = ( GEOMETRIC_REPRESENTATION_CONTEXT(3) 
GLOBAL_UNCERTAINTY_ASSIGNED_CONTEXT((#4560)) 
GLOBAL_UNIT_ASSIGNED_CONTEXT((#4557,#4558,#4559)) REPRESENTATION_CONTEXT
('Context #1','3D Context with UNIT and UNCERTAINTY') );
#4557 = ( LENGTH_UNIT() NAMED_UNIT(*) SI_UNIT(.MILLI.,.METRE.) );
#4558 = ( NAMED_UNIT(*) PLANE_ANGLE_UNIT() SI_UNIT($,.RADIAN.) );
#4559 = ( NAMED_UNIT(*) SI_UNIT($,.STERADIAN.) SOLID_ANGLE_UNIT() );
#4560 = UNCERTAINTY_MEASURE_WITH_UNIT(LENGTH_MEASURE(1.E-04),#4557,
  'distance_accuracy_value','confusion accuracy');
#4561 = CONTEXT_DEPENDENT_SHAPE_REPRESENTATION(#4562,#4564);
#4562 = ( REPRESENTATION_RELATIONSHIP('','',#4422,#10) 
REPRESENTATION_RELATIONSHIP_WITH_TRANSFORMATION(#4563) 
SHAPE_REPRESENTATION_RELATIONSHIP() );
#4563 = ITEM_DEFINED_TRANSFORMATION('','',#11,#99);
#4564 = PRODUCT_DEFINITION_SHAPE('Placement','Placement of an item',
  #4565);
#4565 = NEXT_ASSEMBLY_USAGE_OCCURRENCE('22','','',#5,#4417,$);
#4566 = PRODUCT_RELATED_PRODUCT_CATEGORY('part',$,(#4419));
#4567 = SHAPE_DEFINITION_REPRESENTATION(#4568,#4574);
#4568 = PRODUCT_DEFINITION_SHAPE('','',#4569);
#4569 = PRODUCT_DEFINITION('design','',#4570,#4573);
#4570 = PRODUCT_DEFINITION_FORMATION('','',#4571);
#4571 = PRODUCT('Open CASCADE STEP translator 7.8 1.23',
  'Open CASCADE STEP translator 7.8 1.23','',(#4572));
#4572 = PRODUCT_CONTEXT('',#2,'mechanical');
#4573 = PRODUCT_DEFINITION_CONTEXT('part definition',#2,'design');
#4574 = MANIFOLD_SURFACE_SHAPE_REPRESENTATION('',(#11,#4575),#4649);
#4575 = SHELL_BASED_SURFACE_MODEL('',(#4576));
#4576 = OPEN_SHELL('',(#4577));
#4577 = ADVANCED_FACE('',(#4578),#4592,.T.);
#4578 = FACE_BOUND('',#4579,.T.);
#4579 = EDGE_LOOP('',(#4580,#4603,#4619,#4635));
#4580 = ORIENTED_EDGE('',*,*,#4581,.T.);
#4581 = EDGE_CURVE('',#4582,#4584,#4586,.T.);
#4582 = VERTEX_POINT('',#4583);
#4583 = CARTESIAN_POINT('',(-15.,-105.6874185199,0.));
#4584 = VERTEX_POINT('',#4585);
#4585 = CARTESIAN_POINT('',(-15.,-105.6874185199,30.));
#4586 = SURFACE_CURVE('',#4587,(#4591),.PCURVE_S1.);
#4587 = LINE('',#4588,#4589);
#4588 = CARTESIAN_POINT('',(-15.,-105.6874185199,0.));
#4589 = VECTOR('',#4590,1.);
#4590 = DIRECTION('',(0.,0.,1.));
#4591 = PCURVE('',#4592,#4597);
#4592 = PLANE('',#4593);
#4593 = AXIS2_PLACEMENT_3D('',#4594,#4595,#4596);
#4594 = CARTESIAN_POINT('',(-15.,-105.6874186599,0.));
#4595 = DIRECTION('',(-1.,0.,0.));
#4596 = DIRECTION('',(0.,1.,0.));
#4597 = DEFINITIONAL_REPRESENTATION('',(#4598),#4602);
#4598 = LINE('',#4599,#4600);
#4599 = CARTESIAN_POINT('',(1.400093481152E-07,0.));
#4600 = VECTOR('',#4601,1.);
#4601 = DIRECTION('',(0.,-1.));
#4602 = ( GEOMETRIC_REPRESENTATION_CONTEXT(2) 
PARAMETRIC_REPRESENTATION_CONTEXT() REPRESENTATION_CONTEXT('2D SPACE',''
  ) );
#4603 = ORIENTED_EDGE('',*,*,#4604,.T.);
#4604 = EDGE_CURVE('',#4584,#4605,#4607,.T.);
#4605 = VERTEX_POINT('',#4606);
#4606 = CARTESIAN_POINT('',(-15.,105.68741851997,30.));
#4607 = SURFACE_CURVE('',#4608,(#4612),.PCURVE_S1.);
#4608 = LINE('',#4609,#4610);
#4609 = CARTESIAN_POINT('',(-15.,-244.,30.));
#4610 = VECTOR('',#4611,1.);
#4611 = DIRECTION('',(0.,1.,0.));
#4612 = PCURVE('',#4592,#4613);
#4613 = DEFINITIONAL_REPRESENTATION('',(#4614),#4618);
#4614 = LINE('',#4615,#4616);
#4615 = CARTESIAN_POINT('',(-138.31258134,-30.));
#4616 = VECTOR('',#4617,1.);
#4617 = DIRECTION('',(1.,0.));
#4618 = ( GEOMETRIC_REPRESENTATION_CONTEXT(2) 
PARAMETRIC_REPRESENTATION_CONTEXT() REPRESENTATION_CONTEXT('2D SPACE',''
  ) );
#4619 = ORIENTED_EDGE('',*,*,#4620,.F.);
#4620 = EDGE_CURVE('',#4621,#4605,#4623,.T.);
#4621 = VERTEX_POINT('',#4622);
#4622 = CARTESIAN_POINT('',(-15.,105.68741851997,0.));
#4623 = SURFACE_CURVE('',#4624,(#4628),.PCURVE_S1.);
#4624 = LINE('',#4625,#4626);
#4625 = CARTESIAN_POINT('',(-15.,105.68741851997,0.));
#4626 = VECTOR('',#4627,1.);
#4627 = DIRECTION('',(0.,0.,1.));
#4628 = PCURVE('',#4592,#4629);
#4629 = DEFINITIONAL_REPRESENTATION('',(#4630),#4634);
#4630 = LINE('',#4631,#4632);
#4631 = CARTESIAN_POINT('',(211.37483717995,0.));
#4632 = VECTOR('',#4633,1.);
#4633 = DIRECTION('',(0.,-1.));
#4634 = ( GEOMETRIC_REPRESENTATION_CONTEXT(2) 
PARAMETRIC_REPRESENTATION_CONTEXT() REPRESENTATION_CONTEXT('2D SPACE',''
  ) );
#4635 = ORIENTED_EDGE('',*,*,#4636,.F.);
#4636 = EDGE_CURVE('',#4582,#4621,#4637,.T.);
#4637 = SURFACE_CURVE('',#4638,(#4642),.PCURVE_S1.);
#4638 = LINE('',#4639,#4640);
#4639 = CARTESIAN_POINT('',(-15.,-244.,0.));
#4640 = VECTOR('',#4641,1.);
#4641 = DIRECTION('',(0.,1.,0.));
#4642 = PCURVE('',#4592,#4643);
#4643 = DEFINITIONAL_REPRESENTATION('',(#4644),#4648);
#4644 = LINE('',#4645,#4646);
#4645 = CARTESIAN_POINT('',(-138.31258134,0.));
#4646 = VECTOR('',#4647,1.);
#4647 = DIRECTION('',(1.,0.));
#4648 = ( GEOMETRIC_REPRESENTATION_CONTEXT(2) 
PARAMETRIC_REPRESENTATION_CONTEXT() REPRESENTATION_CONTEXT('2D SPACE',''
  ) );
#4649 = ( GEOMETRIC_REPRESENTATION_CONTEXT(3) 
GLOBAL_UNCERTAINTY_ASSIGNED_CONTEXT((#4653)) 
GLOBAL_UNIT_ASSIGNED_CONTEXT((#4650,#4651,#4652)) REPRESENTATION_CONTEXT
('Context #1','3D Context with UNIT and UNCERTAINTY') );
#4650 = ( LENGTH_UNIT() NAMED_UNIT(*) SI_UNIT(.MILLI.,.METRE.) );
#4651 = ( NAMED_UNIT(*) PLANE_ANGLE_UNIT() SI_UNIT($,.RADIAN.) );
#4652 = ( NAMED_UNIT(*) SI_UNIT($,.STERADIAN.) SOLID_ANGLE_UNIT() );
#4653 = UNCERTAINTY_MEASURE_WITH_UNIT(LENGTH_MEASURE(1.E-04),#4650,
  'distance_accuracy_value','confusion accuracy');
#4654 = CONTEXT_DEPENDENT_SHAPE_REPRESENTATION(#4655,#4657);
#4655 = ( REPRESENTATION_RELATIONSHIP('','',#4574,#10) 
REPRESENTATION_RELATIONSHIP_WITH_TRANSFORMATION(#4656) 
SHAPE_REPRESENTATION_RELATIONSHIP() );
#4656 = ITEM_DEFINED_TRANSFORMATION('','',#11,#103);
#4657 = PRODUCT_DEFINITION_SHAPE('Placement','Placement of an item',
  #4658);
#4658 = NEXT_ASSEMBLY_USAGE_OCCURRENCE('23','','',#5,#4569,$);
#4659 = PRODUCT_RELATED_PRODUCT_CATEGORY('part',$,(#4571));
#4660 = SHAPE_DEFINITION_REPRESENTATION(#4661,#4667);
#4661 = PRODUCT_DEFINITION_SHAPE('','',#4662);
#4662 = PRODUCT_DEFINITION('design','',#4663,#4666);
#4663 = PRODUCT_DEFINITION_FORMATION('','',#4664);
#4664 = PRODUCT('Open CASCADE STEP translator 7.8 1.24',
  'Open CASCADE STEP translator 7.8 1.24','',(#4665));
#4665 = PRODUCT_CONTEXT('',#2,'mechanical');
#4666 = PRODUCT_DEFINITION_CONTEXT('part definition',#2,'design');
#4667 = MANIFOLD_SURFACE_SHAPE_REPRESENTATION('',(#11,#4668),#4960);
#4668 = SHELL_BASED_SURFACE_MODEL('',(#4669));
#4669 = OPEN_SHELL('',(#4670));
#4670 = ADVANCED_FACE('',(#4671),#4685,.T.);
#4671 = FACE_BOUND('',#4672,.T.);
#4672 = EDGE_LOOP('',(#4673,#4696,#4750,#4767,#4821,#4837,#4891,#4908));
#4673 = ORIENTED_EDGE('',*,*,#4674,.T.);
#4674 = EDGE_CURVE('',#4675,#4677,#4679,.T.);
#4675 = VERTEX_POINT('',#4676);
#4676 = CARTESIAN_POINT('',(15.,-105.6874185199,0.));
#4677 = VERTEX_POINT('',#4678);
#4678 = CARTESIAN_POINT('',(15.,105.68741851997,0.));
#4679 = SURFACE_CURVE('',#4680,(#4684),.PCURVE_S1.);
#4680 = LINE('',#4681,#4682);
#4681 = CARTESIAN_POINT('',(15.,-244.,0.));
#4682 = VECTOR('',#4683,1.);
#4683 = DIRECTION('',(0.,1.,0.));
#4684 = PCURVE('',#4685,#4690);
#4685 = PLANE('',#4686);
#4686 = AXIS2_PLACEMENT_3D('',#4687,#4688,#4689);
#4687 = CARTESIAN_POINT('',(0.,0.,0.));
#4688 = DIRECTION('',(0.,0.,1.));
#4689 = DIRECTION('',(1.,0.,-0.));
#4690 = DEFINITIONAL_REPRESENTATION('',(#4691),#4695);
#4691 = LINE('',#4692,#4693);
#4692 = CARTESIAN_POINT('',(15.,-244.));
#4693 = VECTOR('',#4694,1.);
#4694 = DIRECTION('',(0.,1.));
#4695 = ( GEOMETRIC_REPRESENTATION_CONTEXT(2) 
PARAMETRIC_REPRESENTATION_CONTEXT() REPRESENTATION_CONTEXT('2D SPACE',''
  ) );
#4696 = ORIENTED_EDGE('',*,*,#4697,.F.);
#4697 = EDGE_CURVE('',#4698,#4677,#4700,.T.);
#4698 = VERTEX_POINT('',#4699);
#4699 = CARTESIAN_POINT('',(11.686533875108,109.37744249152,0.));
#4700 = SURFACE_CURVE('',#4701,(#4724),.PCURVE_S1.);
#4701 = B_SPLINE_CURVE_WITH_KNOTS('',6,(#4702,#4703,#4704,#4705,#4706,
    #4707,#4708,#4709,#4710,#4711,#4712,#4713,#4714,#4715,#4716,#4717,
    #4718,#4719,#4720,#4721,#4722,#4723),.UNSPECIFIED.,.F.,.F.,(7,5,5,5,
    7),(0.,0.249985035126,0.500000631737,0.750015759454,1.),
  .UNSPECIFIED.);
#4702 = CARTESIAN_POINT('',(11.686533875108,109.37744249152,0.));
#4703 = CARTESIAN_POINT('',(11.87924699387,109.35685188033,0.));
#4704 = CARTESIAN_POINT('',(12.078284948411,109.32159312503,0.));
#4705 = CARTESIAN_POINT('',(12.282141356677,109.2702307478,0.));
#4706 = CARTESIAN_POINT('',(12.488763556797,109.20158888601,0.));
#4707 = CARTESIAN_POINT('',(12.695523962093,109.11510519306,0.));
#4708 = CARTESIAN_POINT('',(13.103705008105,108.90693454877,0.));
#4709 = CARTESIAN_POINT('',(13.305124332767,108.78524272964,0.));
#4710 = CARTESIAN_POINT('',(13.501043218123,108.64619329984,0.));
#4711 = CARTESIAN_POINT('',(13.688427911558,108.49082017951,0.));
#4712 = CARTESIAN_POINT('',(13.864483446735,108.3210823452,0.));
#4713 = CARTESIAN_POINT('',(14.189627979484,107.95782111095,0.));
#4714 = CARTESIAN_POINT('',(14.338716358679,107.76429859729,0.));
#4715 = CARTESIAN_POINT('',(14.472161873073,107.56135209121,0.));
#4716 = CARTESIAN_POINT('',(14.588422800277,107.3519921465,0.));
#4717 = CARTESIAN_POINT('',(14.686898244871,107.13930404307,0.));
#4718 = CARTESIAN_POINT('',(14.848524735818,106.71282167973,0.));
#4719 = CARTESIAN_POINT('',(14.9116808308,106.49902804168,0.));
#4720 = CARTESIAN_POINT('',(14.957310532064,106.28743485211,0.));
#4721 = CARTESIAN_POINT('',(14.986290419749,106.08050272173,0.));
#4722 = CARTESIAN_POINT('',(15.,105.88006776949,0.));
#4723 = CARTESIAN_POINT('',(15.,105.68741865998,0.));
#4724 = PCURVE('',#4685,#4725);
#4725 = DEFINITIONAL_REPRESENTATION('',(#4726),#4749);
#4726 = B_SPLINE_CURVE_WITH_KNOTS('',6,(#4727,#4728,#4729,#4730,#4731,
    #4732,#4733,#4734,#4735,#4736,#4737,#4738,#4739,#4740,#4741,#4742,
    #4743,#4744,#4745,#4746,#4747,#4748),.UNSPECIFIED.,.F.,.F.,(7,5,5,5,
    7),(0.,0.249985035126,0.500000631737,0.750015759454,1.),
  .UNSPECIFIED.);
#4727 = CARTESIAN_POINT('',(11.686533875108,109.37744249152));
#4728 = CARTESIAN_POINT('',(11.87924699387,109.35685188033));
#4729 = CARTESIAN_POINT('',(12.078284948411,109.32159312503));
#4730 = CARTESIAN_POINT('',(12.282141356677,109.2702307478));
#4731 = CARTESIAN_POINT('',(12.488763556797,109.20158888601));
#4732 = CARTESIAN_POINT('',(12.695523962093,109.11510519306));
#4733 = CARTESIAN_POINT('',(13.103705008105,108.90693454877));
#4734 = CARTESIAN_POINT('',(13.305124332767,108.78524272964));
#4735 = CARTESIAN_POINT('',(13.501043218123,108.64619329984));
#4736 = CARTESIAN_POINT('',(13.688427911558,108.49082017951));
#4737 = CARTESIAN_POINT('',(13.864483446735,108.3210823452));
#4738 = CARTESIAN_POINT('',(14.189627979484,107.95782111095));
#4739 = CARTESIAN_POINT('',(14.338716358679,107.76429859729));
#4740 = CARTESIAN_POINT('',(14.472161873073,107.56135209121));
#4741 = CARTESIAN_POINT('',(14.588422800277,107.3519921465));
#4742 = CARTESIAN_POINT('',(14.686898244871,107.13930404307));
#4743 = CARTESIAN_POINT('',(14.848524735818,106.71282167973));
#4744 = CARTESIAN_POINT('',(14.9116808308,106.49902804168));
#4745 = CARTESIAN_POINT('',(14.957310532064,106.28743485211));
#4746 = CARTESIAN_POINT('',(14.986290419749,106.08050272173));
#4747 = CARTESIAN_POINT('',(15.,105.88006776949));
#4748 = CARTESIAN_POINT('',(15.,105.68741865998));
#4749 = ( GEOMETRIC_REPRESENTATION_CONTEXT(2) 
PARAMETRIC_REPRESENTATION_CONTEXT() REPRESENTATION_CONTEXT('2D SPACE',''
  ) );
#4750 = ORIENTED_EDGE('',*,*,#4751,.T.);
#4751 = EDGE_CURVE('',#4698,#4752,#4754,.T.);
#4752 = VERTEX_POINT('',#4753);
#4753 = CARTESIAN_POINT('',(-11.6865338751,109.37744249152,0.));
#4754 = SURFACE_CURVE('',#4755,(#4760),.PCURVE_S1.);
#4755 = CIRCLE('',#4756,110.);
#4756 = AXIS2_PLACEMENT_3D('',#4757,#4758,#4759);
#4757 = CARTESIAN_POINT('',(0.,0.,0.));
#4758 = DIRECTION('',(0.,0.,1.));
#4759 = DIRECTION('',(1.,0.,-0.));
#4760 = PCURVE('',#4685,#4761);
#4761 = DEFINITIONAL_REPRESENTATION('',(#4762),#4766);
#4762 = CIRCLE('',#4763,110.);
#4763 = AXIS2_PLACEMENT_2D('',#4764,#4765);
#4764 = CARTESIAN_POINT('',(0.,0.));
#4765 = DIRECTION('',(1.,0.));
#4766 = ( GEOMETRIC_REPRESENTATION_CONTEXT(2) 
PARAMETRIC_REPRESENTATION_CONTEXT() REPRESENTATION_CONTEXT('2D SPACE',''
  ) );
#4767 = ORIENTED_EDGE('',*,*,#4768,.T.);
#4768 = EDGE_CURVE('',#4752,#4769,#4771,.T.);
#4769 = VERTEX_POINT('',#4770);
#4770 = CARTESIAN_POINT('',(-15.,105.68741851997,0.));
#4771 = SURFACE_CURVE('',#4772,(#4795),.PCURVE_S1.);
#4772 = B_SPLINE_CURVE_WITH_KNOTS('',6,(#4773,#4774,#4775,#4776,#4777,
    #4778,#4779,#4780,#4781,#4782,#4783,#4784,#4785,#4786,#4787,#4788,
    #4789,#4790,#4791,#4792,#4793,#4794),.UNSPECIFIED.,.F.,.F.,(7,5,5,5,
    7),(0.,0.249996249286,0.500000158506,0.750003950086,1.),
  .UNSPECIFIED.);
#4773 = CARTESIAN_POINT('',(-11.6865338751,109.37744249152,0.));
#4774 = CARTESIAN_POINT('',(-11.87923586692,109.3568530692,0.));
#4775 = CARTESIAN_POINT('',(-12.07826627144,109.32159673452,0.));
#4776 = CARTESIAN_POINT('',(-12.2821198145,109.27023700778,0.));
#4777 = CARTESIAN_POINT('',(-12.48874457577,109.20159644852,0.));
#4778 = CARTESIAN_POINT('',(-12.69551255155,109.11511100954,0.));
#4779 = CARTESIAN_POINT('',(-13.10369764927,108.90693830458,0.));
#4780 = CARTESIAN_POINT('',(-13.30511387214,108.78524942858,0.));
#4781 = CARTESIAN_POINT('',(-13.50103347748,108.646201095,0.));
#4782 = CARTESIAN_POINT('',(-13.68842123767,108.49082661764,0.));
#4783 = CARTESIAN_POINT('',(-13.86448035214,108.32108579602,0.));
#4784 = CARTESIAN_POINT('',(-14.18963120767,107.95781751086,0.));
#4785 = CARTESIAN_POINT('',(-14.33872225008,107.76429094776,0.));
#4786 = CARTESIAN_POINT('',(-14.47216873869,107.56134121485,0.));
#4787 = CARTESIAN_POINT('',(-14.58842841572,107.35198077732,0.));
#4788 = CARTESIAN_POINT('',(-14.6869012012,107.13929623478,0.));
#4789 = CARTESIAN_POINT('',(-14.84852923067,106.71280982663,0.));
#4790 = CARTESIAN_POINT('',(-14.91168623034,106.4990085522,0.));
#4791 = CARTESIAN_POINT('',(-14.95731438414,106.28741301922,0.));
#4792 = CARTESIAN_POINT('',(-14.98629199021,106.08048400492,0.));
#4793 = CARTESIAN_POINT('',(-15.,105.88005672423,0.));
#4794 = CARTESIAN_POINT('',(-15.,105.68741865998,0.));
#4795 = PCURVE('',#4685,#4796);
#4796 = DEFINITIONAL_REPRESENTATION('',(#4797),#4820);
#4797 = B_SPLINE_CURVE_WITH_KNOTS('',6,(#4798,#4799,#4800,#4801,#4802,
    #4803,#4804,#4805,#4806,#4807,#4808,#4809,#4810,#4811,#4812,#4813,
    #4814,#4815,#4816,#4817,#4818,#4819),.UNSPECIFIED.,.F.,.F.,(7,5,5,5,
    7),(0.,0.249996249286,0.500000158506,0.750003950086,1.),
  .UNSPECIFIED.);
#4798 = CARTESIAN_POINT('',(-11.6865338751,109.37744249152));
#4799 = CARTESIAN_POINT('',(-11.87923586692,109.3568530692));
#4800 = CARTESIAN_POINT('',(-12.07826627144,109.32159673452));
#4801 = CARTESIAN_POINT('',(-12.2821198145,109.27023700778));
#4802 = CARTESIAN_POINT('',(-12.48874457577,109.20159644852));
#4803 = CARTESIAN_POINT('',(-12.69551255155,109.11511100954));
#4804 = CARTESIAN_POINT('',(-13.10369764927,108.90693830458));
#4805 = CARTESIAN_POINT('',(-13.30511387214,108.78524942858));
#4806 = CARTESIAN_POINT('',(-13.50103347748,108.646201095));
#4807 = CARTESIAN_POINT('',(-13.68842123767,108.49082661764));
#4808 = CARTESIAN_POINT('',(-13.86448035214,108.32108579602));
#4809 = CARTESIAN_POINT('',(-14.18963120767,107.95781751086));
#4810 = CARTESIAN_POINT('',(-14.33872225008,107.76429094776));
#4811 = CARTESIAN_POINT('',(-14.47216873869,107.56134121485));
#4812 = CARTESIAN_POINT('',(-14.58842841572,107.35198077732));
#4813 = CARTESIAN_POINT('',(-14.6869012012,107.13929623478));
#4814 = CARTESIAN_POINT('',(-14.84852923067,106.71280982663));
#4815 = CARTESIAN_POINT('',(-14.91168623034,106.4990085522));
#4816 = CARTESIAN_POINT('',(-14.95731438414,106.28741301922));
#4817 = CARTESIAN_POINT('',(-14.98629199021,106.08048400492));
#4818 = CARTESIAN_POINT('',(-15.,105.88005672423));
#4819 = CARTESIAN_POINT('',(-15.,105.68741865998));
#4820 = ( GEOMETRIC_REPRESENTATION_CONTEXT(2) 
PARAMETRIC_REPRESENTATION_CONTEXT() REPRESENTATION_CONTEXT('2D SPACE',''
  ) );
#4821 = ORIENTED_EDGE('',*,*,#4822,.F.);
#4822 = EDGE_CURVE('',#4823,#4769,#4825,.T.);
#4823 = VERTEX_POINT('',#4824);
#4824 = CARTESIAN_POINT('',(-15.,-105.6874185199,0.));
#4825 = SURFACE_CURVE('',#4826,(#4830),.PCURVE_S1.);
#4826 = LINE('',#4827,#4828);
#4827 = CARTESIAN_POINT('',(-15.,-244.,0.));
#4828 = VECTOR('',#4829,1.);
#4829 = DIRECTION('',(0.,1.,0.));
#4830 = PCURVE('',#4685,#4831);
#4831 = DEFINITIONAL_REPRESENTATION('',(#4832),#4836);
#4832 = LINE('',#4833,#4834);
#4833 = CARTESIAN_POINT('',(-15.,-244.));
#4834 = VECTOR('',#4835,1.);
#4835 = DIRECTION('',(0.,1.));
#4836 = ( GEOMETRIC_REPRESENTATION_CONTEXT(2) 
PARAMETRIC_REPRESENTATION_CONTEXT() REPRESENTATION_CONTEXT('2D SPACE',''
  ) );
#4837 = ORIENTED_EDGE('',*,*,#4838,.F.);
#4838 = EDGE_CURVE('',#4839,#4823,#4841,.T.);
#4839 = VERTEX_POINT('',#4840);
#4840 = CARTESIAN_POINT('',(-11.6865338751,-109.3774424915,0.));
#4841 = SURFACE_CURVE('',#4842,(#4865),.PCURVE_S1.);
#4842 = B_SPLINE_CURVE_WITH_KNOTS('',6,(#4843,#4844,#4845,#4846,#4847,
    #4848,#4849,#4850,#4851,#4852,#4853,#4854,#4855,#4856,#4857,#4858,
    #4859,#4860,#4861,#4862,#4863,#4864),.UNSPECIFIED.,.F.,.F.,(7,5,5,5,
    7),(0.,0.249996249286,0.500000158506,0.750003950085,1.),
  .UNSPECIFIED.);
#4843 = CARTESIAN_POINT('',(-11.6865338751,-109.3774424915,0.));
#4844 = CARTESIAN_POINT('',(-11.87923586692,-109.3568530692,0.));
#4845 = CARTESIAN_POINT('',(-12.07826627144,-109.3215967345,0.));
#4846 = CARTESIAN_POINT('',(-12.2821198145,-109.2702370077,0.));
#4847 = CARTESIAN_POINT('',(-12.48874457577,-109.2015964485,0.));
#4848 = CARTESIAN_POINT('',(-12.69551255155,-109.1151110095,0.));
#4849 = CARTESIAN_POINT('',(-13.10369764927,-108.9069383045,0.));
#4850 = CARTESIAN_POINT('',(-13.30511387214,-108.7852494285,0.));
#4851 = CARTESIAN_POINT('',(-13.50103347748,-108.646201095,0.));
#4852 = CARTESIAN_POINT('',(-13.68842123767,-108.4908266176,0.));
#4853 = CARTESIAN_POINT('',(-13.86448035214,-108.321085796,0.));
#4854 = CARTESIAN_POINT('',(-14.18963120767,-107.9578175108,0.));
#4855 = CARTESIAN_POINT('',(-14.33872225008,-107.7642909477,0.));
#4856 = CARTESIAN_POINT('',(-14.47216873869,-107.5613412148,0.));
#4857 = CARTESIAN_POINT('',(-14.58842841572,-107.3519807773,0.));
#4858 = CARTESIAN_POINT('',(-14.6869012012,-107.1392962347,0.));
#4859 = CARTESIAN_POINT('',(-14.84852923067,-106.7128098266,0.));
#4860 = CARTESIAN_POINT('',(-14.91168623034,-106.4990085522,0.));
#4861 = CARTESIAN_POINT('',(-14.95731438414,-106.2874130192,0.));
#4862 = CARTESIAN_POINT('',(-14.98629199021,-106.0804840049,0.));
#4863 = CARTESIAN_POINT('',(-15.,-105.8800567242,0.));
#4864 = CARTESIAN_POINT('',(-15.,-105.6874186599,0.));
#4865 = PCURVE('',#4685,#4866);
#4866 = DEFINITIONAL_REPRESENTATION('',(#4867),#4890);
#4867 = B_SPLINE_CURVE_WITH_KNOTS('',6,(#4868,#4869,#4870,#4871,#4872,
    #4873,#4874,#4875,#4876,#4877,#4878,#4879,#4880,#4881,#4882,#4883,
    #4884,#4885,#4886,#4887,#4888,#4889),.UNSPECIFIED.,.F.,.F.,(7,5,5,5,
    7),(0.,0.249996249286,0.500000158506,0.750003950085,1.),
  .UNSPECIFIED.);
#4868 = CARTESIAN_POINT('',(-11.6865338751,-109.3774424915));
#4869 = CARTESIAN_POINT('',(-11.87923586692,-109.3568530692));
#4870 = CARTESIAN_POINT('',(-12.07826627144,-109.3215967345));
#4871 = CARTESIAN_POINT('',(-12.2821198145,-109.2702370077));
#4872 = CARTESIAN_POINT('',(-12.48874457577,-109.2015964485));
#4873 = CARTESIAN_POINT('',(-12.69551255155,-109.1151110095));
#4874 = CARTESIAN_POINT('',(-13.10369764927,-108.9069383045));
#4875 = CARTESIAN_POINT('',(-13.30511387214,-108.7852494285));
#4876 = CARTESIAN_POINT('',(-13.50103347748,-108.646201095));
#4877 = CARTESIAN_POINT('',(-13.68842123767,-108.4908266176));
#4878 = CARTESIAN_POINT('',(-13.86448035214,-108.321085796));
#4879 = CARTESIAN_POINT('',(-14.18963120767,-107.9578175108));
#4880 = CARTESIAN_POINT('',(-14.33872225008,-107.7642909477));
#4881 = CARTESIAN_POINT('',(-14.47216873869,-107.5613412148));
#4882 = CARTESIAN_POINT('',(-14.58842841572,-107.3519807773));
#4883 = CARTESIAN_POINT('',(-14.6869012012,-107.1392962347));
#4884 = CARTESIAN_POINT('',(-14.84852923067,-106.7128098266));
#4885 = CARTESIAN_POINT('',(-14.91168623034,-106.4990085522));
#4886 = CARTESIAN_POINT('',(-14.95731438414,-106.2874130192));
#4887 = CARTESIAN_POINT('',(-14.98629199021,-106.0804840049));
#4888 = CARTESIAN_POINT('',(-15.,-105.8800567242));
#4889 = CARTESIAN_POINT('',(-15.,-105.6874186599));
#4890 = ( GEOMETRIC_REPRESENTATION_CONTEXT(2) 
PARAMETRIC_REPRESENTATION_CONTEXT() REPRESENTATION_CONTEXT('2D SPACE',''
  ) );
#4891 = ORIENTED_EDGE('',*,*,#4892,.T.);
#4892 = EDGE_CURVE('',#4839,#4893,#4895,.T.);
#4893 = VERTEX_POINT('',#4894);
#4894 = CARTESIAN_POINT('',(11.686533875108,-109.3774424915,0.));
#4895 = SURFACE_CURVE('',#4896,(#4901),.PCURVE_S1.);
#4896 = CIRCLE('',#4897,110.);
#4897 = AXIS2_PLACEMENT_3D('',#4898,#4899,#4900);
#4898 = CARTESIAN_POINT('',(0.,0.,0.));
#4899 = DIRECTION('',(0.,0.,1.));
#4900 = DIRECTION('',(1.,0.,-0.));
#4901 = PCURVE('',#4685,#4902);
#4902 = DEFINITIONAL_REPRESENTATION('',(#4903),#4907);
#4903 = CIRCLE('',#4904,110.);
#4904 = AXIS2_PLACEMENT_2D('',#4905,#4906);
#4905 = CARTESIAN_POINT('',(0.,0.));
#4906 = DIRECTION('',(1.,0.));
#4907 = ( GEOMETRIC_REPRESENTATION_CONTEXT(2) 
PARAMETRIC_REPRESENTATION_CONTEXT() REPRESENTATION_CONTEXT('2D SPACE',''
  ) );
#4908 = ORIENTED_EDGE('',*,*,#4909,.T.);
#4909 = EDGE_CURVE('',#4893,#4675,#4910,.T.);
#4910 = SURFACE_CURVE('',#4911,(#4934),.PCURVE_S1.);
#4911 = B_SPLINE_CURVE_WITH_KNOTS('',6,(#4912,#4913,#4914,#4915,#4916,
    #4917,#4918,#4919,#4920,#4921,#4922,#4923,#4924,#4925,#4926,#4927,
    #4928,#4929,#4930,#4931,#4932,#4933),.UNSPECIFIED.,.F.,.F.,(7,5,5,5,
    7),(0.,0.249985035126,0.500000631737,0.750015759454,1.),
  .UNSPECIFIED.);
#4912 = CARTESIAN_POINT('',(11.686533875108,-109.3774424915,0.));
#4913 = CARTESIAN_POINT('',(11.87924699387,-109.3568518803,0.));
#4914 = CARTESIAN_POINT('',(12.078284948411,-109.321593125,0.));
#4915 = CARTESIAN_POINT('',(12.282141356677,-109.2702307478,0.));
#4916 = CARTESIAN_POINT('',(12.488763556797,-109.201588886,0.));
#4917 = CARTESIAN_POINT('',(12.695523962093,-109.115105193,0.));
#4918 = CARTESIAN_POINT('',(13.103705008105,-108.9069345487,0.));
#4919 = CARTESIAN_POINT('',(13.305124332767,-108.7852427296,0.));
#4920 = CARTESIAN_POINT('',(13.501043218123,-108.6461932998,0.));
#4921 = CARTESIAN_POINT('',(13.688427911558,-108.4908201795,0.));
#4922 = CARTESIAN_POINT('',(13.864483446735,-108.3210823452,0.));
#4923 = CARTESIAN_POINT('',(14.189627979484,-107.9578211109,0.));
#4924 = CARTESIAN_POINT('',(14.338716358678,-107.7642985972,0.));
#4925 = CARTESIAN_POINT('',(14.472161873074,-107.5613520912,0.));
#4926 = CARTESIAN_POINT('',(14.588422800277,-107.3519921465,0.));
#4927 = CARTESIAN_POINT('',(14.686898244871,-107.139304043,0.));
#4928 = CARTESIAN_POINT('',(14.848524735818,-106.7128216797,0.));
#4929 = CARTESIAN_POINT('',(14.9116808308,-106.4990280416,0.));
#4930 = CARTESIAN_POINT('',(14.957310532064,-106.2874348521,0.));
#4931 = CARTESIAN_POINT('',(14.986290419749,-106.0805027217,0.));
#4932 = CARTESIAN_POINT('',(15.,-105.8800677694,0.));
#4933 = CARTESIAN_POINT('',(15.,-105.6874186599,0.));
#4934 = PCURVE('',#4685,#4935);
#4935 = DEFINITIONAL_REPRESENTATION('',(#4936),#4959);
#4936 = B_SPLINE_CURVE_WITH_KNOTS('',6,(#4937,#4938,#4939,#4940,#4941,
    #4942,#4943,#4944,#4945,#4946,#4947,#4948,#4949,#4950,#4951,#4952,
    #4953,#4954,#4955,#4956,#4957,#4958),.UNSPECIFIED.,.F.,.F.,(7,5,5,5,
    7),(0.,0.249985035126,0.500000631737,0.750015759454,1.),
  .UNSPECIFIED.);
#4937 = CARTESIAN_POINT('',(11.686533875108,-109.3774424915));
#4938 = CARTESIAN_POINT('',(11.87924699387,-109.3568518803));
#4939 = CARTESIAN_POINT('',(12.078284948411,-109.321593125));
#4940 = CARTESIAN_POINT('',(12.282141356677,-109.2702307478));
#4941 = CARTESIAN_POINT('',(12.488763556797,-109.201588886));
#4942 = CARTESIAN_POINT('',(12.695523962093,-109.115105193));
#4943 = CARTESIAN_POINT('',(13.103705008105,-108.9069345487));
#4944 = CARTESIAN_POINT('',(13.305124332767,-108.7852427296));
#4945 = CARTESIAN_POINT('',(13.501043218123,-108.6461932998));
#4946 = CARTESIAN_POINT('',(13.688427911558,-108.4908201795));
#4947 = CARTESIAN_POINT('',(13.864483446735,-108.3210823452));
#4948 = CARTESIAN_POINT('',(14.189627979484,-107.9578211109));
#4949 = CARTESIAN_POINT('',(14.338716358678,-107.7642985972));
#4950 = CARTESIAN_POINT('',(14.472161873074,-107.5613520912));
#4951 = CARTESIAN_POINT('',(14.588422800277,-107.3519921465));
#4952 = CARTESIAN_POINT('',(14.686898244871,-107.139304043));
#4953 = CARTESIAN_POINT('',(14.848524735818,-106.7128216797));
#4954 = CARTESIAN_POINT('',(14.9116808308,-106.4990280416));
#4955 = CARTESIAN_POINT('',(14.957310532064,-106.2874348521));
#4956 = CARTESIAN_POINT('',(14.986290419749,-106.0805027217));
#4957 = CARTESIAN_POINT('',(15.,-105.8800677694));
#4958 = CARTESIAN_POINT('',(15.,-105.6874186599));
#4959 = ( GEOMETRIC_REPRESENTATION_CONTEXT(2) 
PARAMETRIC_REPRESENTATION_CONTEXT() REPRESENTATION_CONTEXT('2D SPACE',''
  ) );
#4960 = ( GEOMETRIC_REPRESENTATION_CONTEXT(3) 
GLOBAL_UNCERTAINTY_ASSIGNED_CONTEXT((#4964)) 
GLOBAL_UNIT_ASSIGNED_CONTEXT((#4961,#4962,#4963)) REPRESENTATION_CONTEXT
('Context #1','3D Context with UNIT and UNCERTAINTY') );
#4961 = ( LENGTH_UNIT() NAMED_UNIT(*) SI_UNIT(.MILLI.,.METRE.) );
#4962 = ( NAMED_UNIT(*) PLANE_ANGLE_UNIT() SI_UNIT($,.RADIAN.) );
#4963 = ( NAMED_UNIT(*) SI_UNIT($,.STERADIAN.) SOLID_ANGLE_UNIT() );
#4964 = UNCERTAINTY_MEASURE_WITH_UNIT(LENGTH_MEASURE(5.E-05),#4961,
  'distance_accuracy_value','confusion accuracy');
#4965 = CONTEXT_DEPENDENT_SHAPE_REPRESENTATION(#4966,#4968);
#4966 = ( REPRESENTATION_RELATIONSHIP('','',#4667,#10) 
REPRESENTATION_RELATIONSHIP_WITH_TRANSFORMATION(#4967) 
SHAPE_REPRESENTATION_RELATIONSHIP() );
#4967 = ITEM_DEFINED_TRANSFORMATION('','',#11,#107);
#4968 = PRODUCT_DEFINITION_SHAPE('Placement','Placement of an item',
  #4969);
#4969 = NEXT_ASSEMBLY_USAGE_OCCURRENCE('24','','',#5,#4662,$);
#4970 = PRODUCT_RELATED_PRODUCT_CATEGORY('part',$,(#4664));
ENDSEC;
END-ISO-10303-21;
