ISO-10303-21;
HEADER;
FILE_NAME('Open CASCADE Shape Model','2026-09-03T18:08:31',('Author'),(
    'Open CASCADE'),'Open CASCADE STEP processor 7.8','Open CASCADE 7.8'
  ,'Unknown');
FILE_DESCRIPTION(('Open CASCADE Model'),'2;1');
FILE_SCHEMA(('AUTOMOTIVE_DESIGN { 1 0 10303 214 1 1 1 1 }'));
ENDSEC;
DATA;
#1 = APPLICATION_PROTOCOL_DEFINITION('international standard',
  'automotive_design',2000,#2);
#2 = APPLICATION_CONTEXT(
  'core data for automotive mechanical design processes');
#3 = SHAPE_DEFINITION_REPRESENTATION(#4,#10);
#4 = PRODUCT_DEFINITION_SHAPE('','',#5);
#5 = PRODUCT_DEFINITION('design','',#6,#9);
#6 = PRODUCT_DEFINITION_FORMATION('','',#7);
#7 = PRODUCT('Open CASCADE STEP translator 7.8 1',
  'Open CASCADE STEP translator 7.8 1','',(#8));
#8 = PRODUCT_CONTEXT('',#2,'mechanical');
#9 = PRODUCT_DEFINITION_CONTEXT('part definition',#2,'design');
#10 = SHAPE_REPRESENTATION('',(#11,#15,#19,#23,#27,#31,#35,#39,#43,#47,
    #51,#55,#59,#63,#67,#71,#75,#79,#83,#87,#91,#95,#99,#103,#107),#111
  );
#11 = AXIS2_PLACEMENT_3D('',#12,#13,#14);
#12 = CARTESIAN_POINT('',(0.,0.,0.));
#13 = DIRECTION('',(0.,0.,1.));
#14 = DIRECTION('',(1.,0.,-0.));
#15 = AXIS2_PLACEMENT_3D('',#16,#17,#18);
#16 = CARTESIAN_POINT('',(0.,0.,0.));
#17 = DIRECTION('',(0.,0.,1.));
#18 = DIRECTION('',(1.,0.,-0.));
#19 = AXIS2_PLACEMENT_3D('',#20,#21,#22);
#20 = CARTESIAN_POINT('',(0.,0.,0.));
#21 = DIRECTION('',(0.,0.,1.));
#22 = DIRECTION('',(1.,0.,-0.));
#23 = AXIS2_PLACEMENT_3D('',#24,#25,#26);
#24 = CARTESIAN_POINT('',(0.,0.,0.));
#25 = DIRECTION('',(0.,0.,1.));
#26 = DIRECTION('',(1.,0.,-0.));
#27 = AXIS2_PLACEMENT_3D('',#28,#29,#30);
#28 = CARTESIAN_POINT('',(0.,0.,0.));
#29 = DIRECTION('',(0.,0.,1.));
#30 = DIRECTION('',(1.,0.,-0.));
#31 = AXIS2_PLACEMENT_3D('',#32,#33,#34);
#32 = CARTESIAN_POINT('',(0.,0.,0.));
#33 = DIRECTION('',(0.,0.,1.));
#34 = DIRECTION('',(1.,0.,-0.));
#35 = AXIS2_PLACEMENT_3D('',#36,#37,#38);
#36 = CARTESIAN_POINT('',(0.,0.,0.));
#37 = DIRECTION('',(0.,0.,1.));
#38 = DIRECTION('',(1.,0.,-0.));
#39 = AXIS2_PLACEMENT_3D('',#40,#41,#42);
#40 = CARTESIAN_POINT('',(0.,0.,0.));
#41 = DIRECTION('',(0.,0.,1.));
#42 = DIRECTION('',(1.,0.,-0.));
#43 = AXIS2_PLACEMENT_3D('',#44,#45,#46);
#44 = CARTESIAN_POINT('',(0.,0.,0.));
#45 = DIRECTION('',(0.,0.,1.));
#46 = DIRECTION('',(1.,0.,-0.));
#47 = AXIS2_PLACEMENT_3D('',#48,#49,#50);
#48 = CARTESIAN_POINT('',(0.,0.,0.));
#49 = DIRECTION('',(0.,0.,1.));
#50 = DIRECTION('',(1.,0.,-0.));
#51 = AXIS2_PLACEMENT_3D('',#52,#53,#54);
#52 = CARTESIAN_POINT('',(0.,0.,0.));
#53 = DIRECTION('',(0.,0.,1.));
#54 = DIRECTION('',(1.,0.,-0.));
#55 = AXIS2_PLACEMENT_3D('',#56,#57,#58);
#56 = CARTESIAN_POINT('',(0.,0.,0.));
#57 = DIRECTION('',(0.,0.,1.));
#58 = DIRECTION('',(1.,0.,-0.));
#59 = AXIS2_PLACEMENT_3D('',#60,#61,#62);
#60 = CARTESIAN_POINT('',(0.,0.,0.));
#61 = DIRECTION('',(0.,0.,1.));
#62 = DIRECTION('',(1.,0.,-0.));
#63 = AXIS2_PLACEMENT_3D('',#64,#65,#66);
#64 = CARTESIAN_POINT('',(0.,0.,0.));
#65 = DIRECTION('',(0.,0.,1.));
#66 = DIRECTION('',(1.,0.,-0.));
#67 = AXIS2_PLACEMENT_3D('',#68,#69,#70);
#68 = CARTESIAN_POINT('',(0.,0.,0.));
#69 = DIRECTION('',(0.,0.,1.));
#70 = DIRECTION('',(1.,0.,-0.));
#71 = AXIS2_PLACEMENT_3D('',#72,#73,#74);
#72 = CARTESIAN_POINT('',(0.,0.,0.));
#73 = DIRECTION('',(0.,0.,1.));
#74 = DIRECTION('',(1.,0.,-0.));
#75 = AXIS2_PLACEMENT_3D('',#76,#77,#78);
#76 = CARTESIAN_POINT('',(0.,0.,0.));
#77 = DIRECTION('',(0.,0.,1.));
#78 = DIRECTION('',(1.,0.,-0.));
#79 = AXIS2_PLACEMENT_3D('',#80,#81,#82);
#80 = CARTESIAN_POINT('',(0.,0.,0.));
#81 = DIRECTION('',(0.,0.,1.));
#82 = DIRECTION('',(1.,0.,-0.));
#83 = AXIS2_PLACEMENT_3D('',#84,#85,#86);
#84 = CARTESIAN_POINT('',(0.,0.,0.));
#85 = DIRECTION('',(0.,0.,1.));
#86 = DIRECTION('',(1.,0.,-0.));
#87 = AXIS2_PLACEMENT_3D('',#88,#89,#90);
#88 = CARTESIAN_POINT('',(0.,0.,0.));
#89 = DIRECTION('',(0.,0.,1.));
#90 = DIRECTION('',(1.,0.,-0.));
#91 = AXIS2_PLACEMENT_3D('',#92,#93,#94);
#92 = CARTESIAN_POINT('',(0.,0.,0.));
#93 = DIRECTION('',(0.,0.,1.));
#94 = DIRECTION('',(1.,0.,-0.));
#95 = AXIS2_PLACEMENT_3D('',#96,#97,#98);
#96 = CARTESIAN_POINT('',(0.,0.,0.));
#97 = DIRECTION('',(0.,0.,1.));
#98 = DIRECTION('',(1.,0.,-0.));
#99 = AXIS2_PLACEMENT_3D('',#100,#101,#102);
#100 = CARTESIAN_POINT('',(0.,0.,0.));
#101 = DIRECTION('',(0.,0.,1.));
#102 = DIRECTION('',(1.,0.,-0.));
#103 = AXIS2_PLACEMENT_3D('',#104,#105,#106);
#104 = CARTESIAN_POINT('',(0.,0.,0.));
#105 = DIRECTION('',(0.,0.,1.));
#106 = DIRECTION('',(1.,0.,-0.));
#107 = AXIS2_PLACEMENT_3D('',#108,#109,#110);
#108 = CARTESIAN_POINT('',(0.,0.,30.));
#109 = DIRECTION('',(0.,0.,1.));
#110 = DIRECTION('',(1.,0.,-0.));
#111 = ( GEOMETRIC_REPRESENTATION_CONTEXT(3) 
GLOBAL_UNCERTAINTY_ASSIGNED_CONTEXT((#115)) GLOBAL_UNIT_ASSIGNED_CONTEXT
((#112,#113,#114)) REPRESENTATION_CONTEXT('Context #1',
  '3D Context with UNIT and UNCERTAINTY') );
#112 = ( LENGTH_UNIT() NAMED_UNIT(*) SI_UNIT(.MILLI.,.METRE.) );
#113 = ( NAMED_UNIT(*) PLANE_ANGLE_UNIT() SI_UNIT($,.RADIAN.) );
#114 = ( NAMED_UNIT(*) SI_UNIT($,.STERADIAN.) SOLID_ANGLE_UNIT() );
#115 = UNCERTAINTY_MEASURE_WITH_UNIT(LENGTH_MEASURE(5.E-05),#112,
  'distance_accuracy_value','confusion accuracy');
#116 = PRODUCT_RELATED_PRODUCT_CATEGORY('part',$,(#7));
#117 = SHAPE_DEFINITION_REPRESENTATION(#118,#124);
#118 = PRODUCT_DEFINITION_SHAPE('','',#119);
#119 = PRODUCT_DEFINITION('design','',#120,#123);
#120 = PRODUCT_DEFINITION_FORMATION('','',#121);
#121 = PRODUCT('Open CASCADE STEP translator 7.8 1.1',
  'Open CASCADE STEP translator 7.8 1.1','',(#122));
#122 = PRODUCT_CONTEXT('',#2,'mechanical');
#123 = PRODUCT_DEFINITION_CONTEXT('part definition',#2,'design');
#124 = MANIFOLD_SURFACE_SHAPE_REPRESENTATION('',(#11,#125),#346);
#125 = SHELL_BASED_SURFACE_MODEL('',(#126));
#126 = OPEN_SHELL('',(#127));
#127 = ADVANCED_FACE('',(#128),#143,.T.);
#128 = FACE_BOUND('',#129,.T.);
#129 = EDGE_LOOP('',(#130,#154,#192,#215,#230,#231,#269,#286));
#130 = ORIENTED_EDGE('',*,*,#131,.F.);
#131 = EDGE_CURVE('',#132,#134,#136,.T.);
#132 = VERTEX_POINT('',#133);
#133 = CARTESIAN_POINT('',(11.686533875108,109.37744249152,0.));
#134 = VERTEX_POINT('',#135);
#135 = CARTESIAN_POINT('',(-11.6865338751,109.37744249152,0.));
#136 = SURFACE_CURVE('',#137,(#142),.PCURVE_S1.);
#137 = CIRCLE('',#138,110.);
#138 = AXIS2_PLACEMENT_3D('',#139,#140,#141);
#139 = CARTESIAN_POINT('',(0.,0.,0.));
#140 = DIRECTION('',(0.,0.,1.));
#141 = DIRECTION('',(1.,0.,-0.));
#142 = PCURVE('',#143,#148);
#143 = CONICAL_SURFACE('',#144,17.5,0.362358903357);
#144 = AXIS2_PLACEMENT_3D('',#145,#146,#147);
#145 = CARTESIAN_POINT('',(0.,0.,-244.));
#146 = DIRECTION('',(0.,0.,1.));
#147 = DIRECTION('',(1.,0.,-0.));
#148 = DEFINITIONAL_REPRESENTATION('',(#149),#153);
#149 = LINE('',#150,#151);
#150 = CARTESIAN_POINT('',(0.,244.));
#151 = VECTOR('',#152,1.);
#152 = DIRECTION('',(1.,0.));
#153 = ( GEOMETRIC_REPRESENTATION_CONTEXT(2) 
PARAMETRIC_REPRESENTATION_CONTEXT() REPRESENTATION_CONTEXT('2D SPACE',''
  ) );
#154 = ORIENTED_EDGE('',*,*,#155,.T.);
#155 = EDGE_CURVE('',#132,#156,#158,.T.);
#156 = VERTEX_POINT('',#157);
#157 = CARTESIAN_POINT('',(62.096850568825,0.,-126.3607401211));
#158 = SURFACE_CURVE('',#159,(#178),.PCURVE_S1.);
#159 = B_SPLINE_CURVE_WITH_KNOTS('',9,(#160,#161,#162,#163,#164,#165,
    #166,#167,#168,#169,#170,#171,#172,#173,#174,#175,#176,#177),
  .UNSPECIFIED.,.F.,.F.,(10,8,10),(-11.18702234902,-0.773983346059,
    180.80980824821),.UNSPECIFIED.);
#160 = CARTESIAN_POINT('',(6.032489596173,115.50779300307,
    14.494820132693));
#161 = CARTESIAN_POINT('',(6.660716738277,114.82664294623,
    12.884284562393));
#162 = CARTESIAN_POINT('',(7.288943880381,114.14549288939,
    11.273748992094));
#163 = CARTESIAN_POINT('',(7.917171022485,113.46434283255,9.663213421795
    ));
#164 = CARTESIAN_POINT('',(8.545398164589,112.78319277571,8.052677851496
    ));
#165 = CARTESIAN_POINT('',(9.173625306693,112.10204271887,6.442142281197
    ));
#166 = CARTESIAN_POINT('',(9.801852448797,111.42089266204,4.831606710897
    ));
#167 = CARTESIAN_POINT('',(10.430079590901,110.7397426052,3.221071140598
    ));
#168 = CARTESIAN_POINT('',(11.058306733004,110.05859254836,
    1.610535570299));
#169 = CARTESIAN_POINT('',(22.641632229508,97.499468162371,
    -28.08470757376));
#170 = CARTESIAN_POINT('',(32.296313558519,85.578890948681,
    -52.65906636373));
#171 = CARTESIAN_POINT('',(40.647272652498,73.603376019535,
    -73.72247038829));
#172 = CARTESIAN_POINT('',(47.686186209638,61.546602275188,
    -91.27652056122));
#173 = CARTESIAN_POINT('',(53.391210566248,49.408942616124,
    -105.3147412379));
#174 = CARTESIAN_POINT('',(57.735364376571,37.142096065978,
    -115.848999096));
#175 = CARTESIAN_POINT('',(60.642495511642,24.78669266475,
    -122.8560088522));
#176 = CARTESIAN_POINT('',(62.096850568826,12.393551175571,
    -126.3607401211));
#177 = CARTESIAN_POINT('',(62.096850568825,0.,-126.3607401211));
#178 = PCURVE('',#143,#179);
#179 = DEFINITIONAL_REPRESENTATION('',(#180),#191);
#180 = B_SPLINE_CURVE_WITH_KNOTS('',9,(#181,#182,#183,#184,#185,#186,
    #187,#188,#189,#190),.UNSPECIFIED.,.F.,.F.,(10,10),(-0.773983346059,
    180.80980824821),.PIECEWISE_BEZIER_KNOTS.);
#181 = CARTESIAN_POINT('',(1.464354226824,244.));
#182 = CARTESIAN_POINT('',(1.353853979748,215.91529242622));
#183 = CARTESIAN_POINT('',(1.23099720147,191.34095609957));
#184 = CARTESIAN_POINT('',(1.094444535217,170.27744158568));
#185 = CARTESIAN_POINT('',(0.942771980134,152.72363870987));
#186 = CARTESIAN_POINT('',(0.775785299095,138.68509635686));
#187 = CARTESIAN_POINT('',(0.593166443918,128.15109422621));
#188 = CARTESIAN_POINT('',(0.399160602312,121.14396639225));
#189 = CARTESIAN_POINT('',(0.199584215013,117.63925987885));
#190 = CARTESIAN_POINT('',(8.881784197001E-16,117.63925987884));
#191 = ( GEOMETRIC_REPRESENTATION_CONTEXT(2) 
PARAMETRIC_REPRESENTATION_CONTEXT() REPRESENTATION_CONTEXT('2D SPACE',''
  ) );
#192 = ORIENTED_EDGE('',*,*,#193,.F.);
#193 = EDGE_CURVE('',#194,#156,#196,.T.);
#194 = VERTEX_POINT('',#195);
#195 = CARTESIAN_POINT('',(17.5,-4.286122238378E-15,-244.));
#196 = SEAM_CURVE('',#197,(#201,#208),.PCURVE_S1.);
#197 = LINE('',#198,#199);
#198 = CARTESIAN_POINT('',(17.5,-4.286122238378E-15,-244.));
#199 = VECTOR('',#200,1.);
#200 = DIRECTION('',(0.354480941285,-8.681992260137E-17,0.935063239715)
  );
#201 = PCURVE('',#143,#202);
#202 = DEFINITIONAL_REPRESENTATION('',(#203),#207);
#203 = LINE('',#204,#205);
#204 = CARTESIAN_POINT('',(0.,-0.));
#205 = VECTOR('',#206,1.);
#206 = DIRECTION('',(0.,1.));
#207 = ( GEOMETRIC_REPRESENTATION_CONTEXT(2) 
PARAMETRIC_REPRESENTATION_CONTEXT() REPRESENTATION_CONTEXT('2D SPACE',''
  ) );
#208 = PCURVE('',#143,#209);
#209 = DEFINITIONAL_REPRESENTATION('',(#210),#214);
#210 = LINE('',#211,#212);
#211 = CARTESIAN_POINT('',(6.28318530718,-0.));
#212 = VECTOR('',#213,1.);
#213 = DIRECTION('',(0.,1.));
#214 = ( GEOMETRIC_REPRESENTATION_CONTEXT(2) 
PARAMETRIC_REPRESENTATION_CONTEXT() REPRESENTATION_CONTEXT('2D SPACE',''
  ) );
#215 = ORIENTED_EDGE('',*,*,#216,.T.);
#216 = EDGE_CURVE('',#194,#194,#217,.T.);
#217 = SURFACE_CURVE('',#218,(#223),.PCURVE_S1.);
#218 = CIRCLE('',#219,17.5);
#219 = AXIS2_PLACEMENT_3D('',#220,#221,#222);
#220 = CARTESIAN_POINT('',(0.,0.,-244.));
#221 = DIRECTION('',(0.,0.,1.));
#222 = DIRECTION('',(1.,0.,-0.));
#223 = PCURVE('',#143,#224);
#224 = DEFINITIONAL_REPRESENTATION('',(#225),#229);
#225 = LINE('',#226,#227);
#226 = CARTESIAN_POINT('',(0.,0.));
#227 = VECTOR('',#228,1.);
#228 = DIRECTION('',(1.,0.));
#229 = ( GEOMETRIC_REPRESENTATION_CONTEXT(2) 
PARAMETRIC_REPRESENTATION_CONTEXT() REPRESENTATION_CONTEXT('2D SPACE',''
  ) );
#230 = ORIENTED_EDGE('',*,*,#193,.T.);
#231 = ORIENTED_EDGE('',*,*,#232,.T.);
#232 = EDGE_CURVE('',#156,#233,#235,.T.);
#233 = VERTEX_POINT('',#234);
#234 = CARTESIAN_POINT('',(11.686533875108,-109.3774424915,0.));
#235 = SURFACE_CURVE('',#236,(#255),.PCURVE_S1.);
#236 = B_SPLINE_CURVE_WITH_KNOTS('',9,(#237,#238,#239,#240,#241,#242,
    #243,#244,#245,#246,#247,#248,#249,#250,#251,#252,#253,#254),
  .UNSPECIFIED.,.F.,.F.,(10,8,10),(180.80980824821,362.39359984249,
    372.80663884545),.UNSPECIFIED.);
#237 = CARTESIAN_POINT('',(62.096850568825,-1.520883955179E-14,
    -126.3607401211));
#238 = CARTESIAN_POINT('',(62.096850568825,-12.39355117557,
    -126.3607401211));
#239 = CARTESIAN_POINT('',(60.642495511647,-24.78669266475,
    -122.8560088522));
#240 = CARTESIAN_POINT('',(57.735364376561,-37.14209606596,
    -115.848999096));
#241 = CARTESIAN_POINT('',(53.391210566263,-49.40894261614,
    -105.3147412379));
#242 = CARTESIAN_POINT('',(47.686186209622,-61.54660227516,
    -91.27652056119));
#243 = CARTESIAN_POINT('',(40.64727265251,-73.60337601955,
    -73.72247038832));
#244 = CARTESIAN_POINT('',(32.296313558513,-85.57889094867,
    -52.65906636372));
#245 = CARTESIAN_POINT('',(22.64163222951,-97.49946816237,
    -28.08470757376));
#246 = CARTESIAN_POINT('',(11.058306733004,-110.0585925483,
    1.610535570299));
#247 = CARTESIAN_POINT('',(10.430079590901,-110.7397426052,
    3.221071140598));
#248 = CARTESIAN_POINT('',(9.801852448797,-111.420892662,4.831606710898)
  );
#249 = CARTESIAN_POINT('',(9.173625306693,-112.1020427188,6.442142281197
    ));
#250 = CARTESIAN_POINT('',(8.545398164589,-112.7831927757,8.052677851496
    ));
#251 = CARTESIAN_POINT('',(7.917171022485,-113.4643428325,9.663213421795
    ));
#252 = CARTESIAN_POINT('',(7.288943880381,-114.1454928893,
    11.273748992094));
#253 = CARTESIAN_POINT('',(6.660716738277,-114.8266429462,
    12.884284562393));
#254 = CARTESIAN_POINT('',(6.032489596174,-115.507793003,14.494820132693
    ));
#255 = PCURVE('',#143,#256);
#256 = DEFINITIONAL_REPRESENTATION('',(#257),#268);
#257 = B_SPLINE_CURVE_WITH_KNOTS('',9,(#258,#259,#260,#261,#262,#263,
    #264,#265,#266,#267),.UNSPECIFIED.,.F.,.F.,(10,10),(180.80980824821,
    362.39359984249),.PIECEWISE_BEZIER_KNOTS.);
#258 = CARTESIAN_POINT('',(6.28318530718,117.63925987884));
#259 = CARTESIAN_POINT('',(6.083601092166,117.63925987884));
#260 = CARTESIAN_POINT('',(5.884024704868,121.14396639228));
#261 = CARTESIAN_POINT('',(5.690018863262,128.15109422614));
#262 = CARTESIAN_POINT('',(5.507400008084,138.68509635696));
#263 = CARTESIAN_POINT('',(5.340413327045,152.72363870977));
#264 = CARTESIAN_POINT('',(5.188740771963,170.27744158574));
#265 = CARTESIAN_POINT('',(5.05218810571,191.34095609954));
#266 = CARTESIAN_POINT('',(4.929331327431,215.91529242623));
#267 = CARTESIAN_POINT('',(4.818831080356,244.));
#268 = ( GEOMETRIC_REPRESENTATION_CONTEXT(2) 
PARAMETRIC_REPRESENTATION_CONTEXT() REPRESENTATION_CONTEXT('2D SPACE',''
  ) );
#269 = ORIENTED_EDGE('',*,*,#270,.F.);
#270 = EDGE_CURVE('',#271,#233,#273,.T.);
#271 = VERTEX_POINT('',#272);
#272 = CARTESIAN_POINT('',(-11.6865338751,-109.3774424915,0.));
#273 = SURFACE_CURVE('',#274,(#279),.PCURVE_S1.);
#274 = CIRCLE('',#275,110.);
#275 = AXIS2_PLACEMENT_3D('',#276,#277,#278);
#276 = CARTESIAN_POINT('',(0.,0.,0.));
#277 = DIRECTION('',(0.,0.,1.));
#278 = DIRECTION('',(1.,0.,-0.));
#279 = PCURVE('',#143,#280);
#280 = DEFINITIONAL_REPRESENTATION('',(#281),#285);
#281 = LINE('',#282,#283);
#282 = CARTESIAN_POINT('',(0.,244.));
#283 = VECTOR('',#284,1.);
#284 = DIRECTION('',(1.,0.));
#285 = ( GEOMETRIC_REPRESENTATION_CONTEXT(2) 
PARAMETRIC_REPRESENTATION_CONTEXT() REPRESENTATION_CONTEXT('2D SPACE',''
  ) );
#286 = ORIENTED_EDGE('',*,*,#287,.T.);
#287 = EDGE_CURVE('',#271,#134,#288,.T.);
#288 = SURFACE_CURVE('',#289,(#324),.PCURVE_S1.);
#289 = B_SPLINE_CURVE_WITH_KNOTS('',9,(#290,#291,#292,#293,#294,#295,
    #296,#297,#298,#299,#300,#301,#302,#303,#304,#305,#306,#307,#308,
    #309,#310,#311,#312,#313,#314,#315,#316,#317,#318,#319,#320,#321,
    #322,#323),.UNSPECIFIED.,.F.,.F.,(10,8,8,8,10),(-11.16033993943,
    -0.773142397452,180.61335472349,361.99985184443,372.38704938641),
  .UNSPECIFIED.);
#290 = CARTESIAN_POINT('',(-6.040386270165,-115.4992310999,
    14.474576062517));
#291 = CARTESIAN_POINT('',(-6.667736004048,-114.8190323656,
    12.866289833349));
#292 = CARTESIAN_POINT('',(-7.29508573793,-114.1388336314,11.25800360418
    ));
#293 = CARTESIAN_POINT('',(-7.922435471813,-113.4586348971,
    9.649717375012));
#294 = CARTESIAN_POINT('',(-8.549785205695,-112.7784361628,
    8.041431145843));
#295 = CARTESIAN_POINT('',(-9.177134939578,-112.0982374285,
    6.433144916674));
#296 = CARTESIAN_POINT('',(-9.80448467346,-111.4180386943,4.824858687506
    ));
#297 = CARTESIAN_POINT('',(-10.43183440734,-110.73783996,3.216572458337)
  );
#298 = CARTESIAN_POINT('',(-11.05918414122,-110.0576412257,
    1.608286229169));
#299 = CARTESIAN_POINT('',(-22.64163222948,-97.4994681624,-28.0847075737
    ));
#300 = CARTESIAN_POINT('',(-32.2963135586,-85.57889094857,
    -52.65906636396));
#301 = CARTESIAN_POINT('',(-40.64727265233,-73.60337601974,
    -73.72247038786));
#302 = CARTESIAN_POINT('',(-47.68618620983,-61.54660227494,
    -91.27652056173));
#303 = CARTESIAN_POINT('',(-53.3912105661,-49.40894261631,
    -105.3147412375));
#304 = CARTESIAN_POINT('',(-57.73536437663,-37.14209606589,
    -115.8489990961));
#305 = CARTESIAN_POINT('',(-60.64249551163,-24.78669266477,
    -122.8560088522));
#306 = CARTESIAN_POINT('',(-62.09685056882,-12.39355117557,
    -126.3607401211));
#307 = CARTESIAN_POINT('',(-62.09685056882,12.39355117557,
    -126.3607401211));
#308 = CARTESIAN_POINT('',(-60.64249551163,24.786692664774,
    -122.8560088522));
#309 = CARTESIAN_POINT('',(-57.73536437663,37.142096065886,
    -115.8489990961));
#310 = CARTESIAN_POINT('',(-53.3912105661,49.408942616317,
    -105.3147412375));
#311 = CARTESIAN_POINT('',(-47.68618620983,61.546602274935,
    -91.27652056173));
#312 = CARTESIAN_POINT('',(-40.64727265233,73.603376019748,
    -73.72247038786));
#313 = CARTESIAN_POINT('',(-32.2963135586,85.57889094857,-52.65906636396
    ));
#314 = CARTESIAN_POINT('',(-22.64163222948,97.499468162401,
    -28.0847075737));
#315 = CARTESIAN_POINT('',(-11.05918414122,110.05764122579,
    1.608286229169));
#316 = CARTESIAN_POINT('',(-10.43183440734,110.73783996005,
    3.216572458337));
#317 = CARTESIAN_POINT('',(-9.80448467346,111.41803869432,4.824858687506
    ));
#318 = CARTESIAN_POINT('',(-9.177134939578,112.09823742859,
    6.433144916674));
#319 = CARTESIAN_POINT('',(-8.549785205695,112.77843616286,
    8.041431145843));
#320 = CARTESIAN_POINT('',(-7.922435471813,113.45863489713,
    9.649717375012));
#321 = CARTESIAN_POINT('',(-7.29508573793,114.1388336314,11.25800360418)
  );
#322 = CARTESIAN_POINT('',(-6.667736004048,114.81903236567,
    12.866289833349));
#323 = CARTESIAN_POINT('',(-6.040386270165,115.49923109994,
    14.474576062517));
#324 = PCURVE('',#143,#325);
#325 = DEFINITIONAL_REPRESENTATION('',(#326),#345);
#326 = B_SPLINE_CURVE_WITH_KNOTS('',9,(#327,#328,#329,#330,#331,#332,
    #333,#334,#335,#336,#337,#338,#339,#340,#341,#342,#343,#344),
  .UNSPECIFIED.,.F.,.F.,(10,8,10),(-0.773142397452,180.61335472349,
    361.99985184443),.UNSPECIFIED.);
#327 = CARTESIAN_POINT('',(4.605946880414,244.));
#328 = CARTESIAN_POINT('',(4.495446633338,215.91529242629));
#329 = CARTESIAN_POINT('',(4.372589930278,191.34095605434));
#330 = CARTESIAN_POINT('',(4.236036840731,170.27744176933));
#331 = CARTESIAN_POINT('',(4.084365407227,152.72363837746));
#332 = CARTESIAN_POINT('',(3.917376921181,138.68509669627));
#333 = CARTESIAN_POINT('',(3.734759968271,128.15109403966));
#334 = CARTESIAN_POINT('',(3.540752804119,121.14396643884));
#335 = CARTESIAN_POINT('',(3.341176989174,117.63925987885));
#336 = CARTESIAN_POINT('',(2.942008318005,117.63925987884));
#337 = CARTESIAN_POINT('',(2.74243250306,121.14396643886));
#338 = CARTESIAN_POINT('',(2.548425338908,128.15109403963));
#339 = CARTESIAN_POINT('',(2.365808385998,138.68509669632));
#340 = CARTESIAN_POINT('',(2.198819899954,152.7236383774));
#341 = CARTESIAN_POINT('',(2.047148466448,170.27744176937));
#342 = CARTESIAN_POINT('',(1.910595376902,191.34095605432));
#343 = CARTESIAN_POINT('',(1.787738673841,215.91529242629));
#344 = CARTESIAN_POINT('',(1.677238426766,244.));
#345 = ( GEOMETRIC_REPRESENTATION_CONTEXT(2) 
PARAMETRIC_REPRESENTATION_CONTEXT() REPRESENTATION_CONTEXT('2D SPACE',''
  ) );
#346 = ( GEOMETRIC_REPRESENTATION_CONTEXT(3) 
GLOBAL_UNCERTAINTY_ASSIGNED_CONTEXT((#350)) GLOBAL_UNIT_ASSIGNED_CONTEXT
((#347,#348,#349)) REPRESENTATION_CONTEXT('Context #1',
  '3D Context with UNIT and UNCERTAINTY') );
#347 = ( LENGTH_UNIT() NAMED_UNIT(*) SI_UNIT(.MILLI.,.METRE.) );
#348 = ( NAMED_UNIT(*) PLANE_ANGLE_UNIT() SI_UNIT($,.RADIAN.) );
#349 = ( NAMED_UNIT(*) SI_UNIT($,.STERADIAN.) SOLID_ANGLE_UNIT() );
#350 = UNCERTAINTY_MEASURE_WITH_UNIT(LENGTH_MEASURE(5.E-05),#347,
  'distance_accuracy_value','confusion accuracy');
#351 = CONTEXT_DEPENDENT_SHAPE_REPRESENTATION(#352,#354);
#352 = ( REPRESENTATION_RELATIONSHIP('','',#124,#10) 
REPRESENTATION_RELATIONSHIP_WITH_TRANSFORMATION(#353) 
SHAPE_REPRESENTATION_RELATIONSHIP() );
#353 = ITEM_DEFINED_TRANSFORMATION('','',#11,#15);
#354 = PRODUCT_DEFINITION_SHAPE('Placement','Placement of an item',#355
  );
#355 = NEXT_ASSEMBLY_USAGE_OCCURRENCE('1','','',#5,#119,$);
#356 = PRODUCT_RELATED_PRODUCT_CATEGORY('part',$,(#121));
#357 = SHAPE_DEFINITION_REPRESENTATION(#358,#364);
#358 = PRODUCT_DEFINITION_SHAPE('','',#359);
#359 = PRODUCT_DEFINITION('design','',#360,#363);
#360 = PRODUCT_DEFINITION_FORMATION('','',#361);
#361 = PRODUCT('Open CASCADE STEP translator 7.8 1.2',
  'Open CASCADE STEP translator 7.8 1.2','',(#362));
#362 = PRODUCT_CONTEXT('',#2,'mechanical');
#363 = PRODUCT_DEFINITION_CONTEXT('part definition',#2,'design');
#364 = MANIFOLD_SURFACE_SHAPE_REPRESENTATION('',(#11,#365),#556);
#365 = SHELL_BASED_SURFACE_MODEL('',(#366));
#366 = OPEN_SHELL('',(#367));
#367 = ADVANCED_FACE('',(#368),#401,.T.);
#368 = FACE_BOUND('',#369,.T.);
#369 = EDGE_LOOP('',(#370,#481,#512,#527));
#370 = ORIENTED_EDGE('',*,*,#371,.T.);
#371 = EDGE_CURVE('',#372,#374,#376,.T.);
#372 = VERTEX_POINT('',#373);
#373 = CARTESIAN_POINT('',(11.686533875108,109.37744249152,0.));
#374 = VERTEX_POINT('',#375);
#375 = CARTESIAN_POINT('',(15.,105.68741851997,0.));
#376 = SURFACE_CURVE('',#377,(#400),.PCURVE_S1.);
#377 = B_SPLINE_CURVE_WITH_KNOTS('',6,(#378,#379,#380,#381,#382,#383,
    #384,#385,#386,#387,#388,#389,#390,#391,#392,#393,#394,#395,#396,
    #397,#398,#399),.UNSPECIFIED.,.F.,.F.,(7,5,5,5,7),(0.,0.249985035126
    ,0.500000631737,0.750015759454,1.),.UNSPECIFIED.);
#378 = CARTESIAN_POINT('',(11.686533875108,109.37744249152,0.));
#379 = CARTESIAN_POINT('',(11.87924699387,109.35685188033,0.));
#380 = CARTESIAN_POINT('',(12.078284948411,109.32159312503,0.));
#381 = CARTESIAN_POINT('',(12.282141356677,109.2702307478,0.));
#382 = CARTESIAN_POINT('',(12.488763556797,109.20158888601,0.));
#383 = CARTESIAN_POINT('',(12.695523962093,109.11510519306,0.));
#384 = CARTESIAN_POINT('',(13.103705008105,108.90693454877,0.));
#385 = CARTESIAN_POINT('',(13.305124332767,108.78524272964,0.));
#386 = CARTESIAN_POINT('',(13.501043218123,108.64619329984,0.));
#387 = CARTESIAN_POINT('',(13.688427911558,108.49082017951,0.));
#388 = CARTESIAN_POINT('',(13.864483446735,108.3210823452,0.));
#389 = CARTESIAN_POINT('',(14.189627979484,107.95782111095,0.));
#390 = CARTESIAN_POINT('',(14.338716358679,107.76429859729,0.));
#391 = CARTESIAN_POINT('',(14.472161873073,107.56135209121,0.));
#392 = CARTESIAN_POINT('',(14.588422800277,107.3519921465,0.));
#393 = CARTESIAN_POINT('',(14.686898244871,107.13930404307,0.));
#394 = CARTESIAN_POINT('',(14.848524735818,106.71282167973,0.));
#395 = CARTESIAN_POINT('',(14.9116808308,106.49902804168,0.));
#396 = CARTESIAN_POINT('',(14.957310532064,106.28743485211,0.));
#397 = CARTESIAN_POINT('',(14.986290419749,106.08050272173,0.));
#398 = CARTESIAN_POINT('',(15.,105.88006776949,0.));
#399 = CARTESIAN_POINT('',(15.,105.68741865998,0.));
#400 = PCURVE('',#401,#456);
#401 = ( BOUNDED_SURFACE() B_SPLINE_SURFACE(2,9,(
    (#402,#403,#404,#405,#406,#407,#408,#409,#410,#411,#412,#413,#414
      ,#415,#416,#417,#418,#419)
    ,(#420,#421,#422,#423,#424,#425,#426,#427,#428,#429,#430,#431,#432
      ,#433,#434,#435,#436,#437)
    ,(#438,#439,#440,#441,#442,#443,#444,#445,#446,#447,#448,#449,#450
      ,#451,#452,#453,#454,#455
)),.UNSPECIFIED.,.F.,.F.,.F.) B_SPLINE_SURFACE_WITH_KNOTS((3,3),(10,8,10
    ),(0.,181.58379159427),(-11.18702234902,-0.773983346059,
180.80980824821),.UNSPECIFIED.) GEOMETRIC_REPRESENTATION_ITEM() 
RATIONAL_B_SPLINE_SURFACE((
    (1.,1.,1.,1.,1.,1.,1.,1.,1.,1.,1.,1.,1.,1.,1.,1.,1.,1.)
    ,(0.695425484934,0.69344492984,0.69195951352,0.690969235973
      ,0.690474097199,0.690474097199,0.690969235973,0.69195951352
      ,0.69344492984,0.729962636222,0.765971148593,0.80282418586
      ,0.839401147106,0.873909433655,0.90367630541,0.924588563947
      ,0.935063239715,0.935063239715)
    ,(1.,1.,1.,1.,1.,1.,1.,1.,1.,1.,1.,1.,1.,1.,1.,1.,1.,1.
))) REPRESENTATION_ITEM('') SURFACE() );
#402 = CARTESIAN_POINT('',(6.032489596173,115.50779300307,
    14.494820132693));
#403 = CARTESIAN_POINT('',(6.660716738277,114.82664294623,
    12.884284562393));
#404 = CARTESIAN_POINT('',(7.288943880381,114.14549288939,
    11.273748992094));
#405 = CARTESIAN_POINT('',(7.917171022485,113.46434283255,9.663213421795
    ));
#406 = CARTESIAN_POINT('',(8.545398164589,112.78319277571,8.052677851496
    ));
#407 = CARTESIAN_POINT('',(9.173625306693,112.10204271887,6.442142281197
    ));
#408 = CARTESIAN_POINT('',(9.801852448797,111.42089266204,4.831606710897
    ));
#409 = CARTESIAN_POINT('',(10.430079590901,110.7397426052,3.221071140598
    ));
#410 = CARTESIAN_POINT('',(11.058306733004,110.05859254836,
    1.610535570299));
#411 = CARTESIAN_POINT('',(22.641632229508,97.499468162371,
    -28.08470757376));
#412 = CARTESIAN_POINT('',(32.296313558519,85.578890948681,
    -52.65906636373));
#413 = CARTESIAN_POINT('',(40.647272652498,73.603376019535,
    -73.72247038829));
#414 = CARTESIAN_POINT('',(47.686186209638,61.546602275188,
    -91.27652056122));
#415 = CARTESIAN_POINT('',(53.391210566248,49.408942616124,
    -105.3147412379));
#416 = CARTESIAN_POINT('',(57.735364376571,37.142096065978,
    -115.848999096));
#417 = CARTESIAN_POINT('',(60.642495511642,24.78669266475,
    -122.8560088522));
#418 = CARTESIAN_POINT('',(62.096850568826,12.393551175571,
    -126.3607401211));
#419 = CARTESIAN_POINT('',(62.096850568825,0.,-126.3607401211));
#420 = CARTESIAN_POINT('',(9.102862658458,115.74961380273,
    15.555692014447));
#421 = CARTESIAN_POINT('',(9.699367544357,115.06802093789,
    13.982208855967));
#422 = CARTESIAN_POINT('',(10.302370745027,114.37900281118,
    12.391584196901));
#423 = CARTESIAN_POINT('',(10.910617859199,113.68399275697,
    10.787126944382));
#424 = CARTESIAN_POINT('',(11.522822927842,112.98446016894,9.1722292498)
  );
#425 = CARTESIAN_POINT('',(12.137677429472,112.28190022159,
    7.550342780636));
#426 = CARTESIAN_POINT('',(12.753859575992,111.57782324848,
    5.924954199546));
#427 = CARTESIAN_POINT('',(13.370043770883,110.87374393481,
    4.299560215185));
#428 = CARTESIAN_POINT('',(13.984910087926,110.17117048665,
    2.677642578877));
#429 = CARTESIAN_POINT('',(24.739423054638,97.882588320335,
    -25.69101865223));
#430 = CARTESIAN_POINT('',(33.799762420145,86.148553296475,
    -49.59072465422));
#431 = CARTESIAN_POINT('',(41.750639956462,74.243895228506,
    -70.56385026353));
#432 = CARTESIAN_POINT('',(48.545236289354,62.120546490324,
    -88.48689356326));
#433 = CARTESIAN_POINT('',(54.11901535486,49.801762025095,-103.189618882
    ));
#434 = CARTESIAN_POINT('',(58.373376260615,37.208471243332,
    -114.411933055));
#435 = CARTESIAN_POINT('',(61.154813624431,24.594782589054,
    -121.7489137768));
#436 = CARTESIAN_POINT('',(62.5,12.15988294571,-125.2972972972));
#437 = CARTESIAN_POINT('',(62.5,6.394884621841E-14,-125.2972972972));
#438 = CARTESIAN_POINT('',(8.670147996959,112.73283752557,
    16.697123121535));
#439 = CARTESIAN_POINT('',(9.285099500003,112.04874598162,15.07498077837
    ));
#440 = CARTESIAN_POINT('',(9.899496660838,111.36527110551,
    13.454300700059));
#441 = CARTESIAN_POINT('',(10.513339479464,110.68241289725,
    11.835082886604));
#442 = CARTESIAN_POINT('',(11.12662795588,110.00017135684,
    10.217327338004));
#443 = CARTESIAN_POINT('',(11.739362090086,109.31854648427,
    8.601034054259));
#444 = CARTESIAN_POINT('',(12.351541882083,108.63753827954,6.98620303537
    ));
#445 = CARTESIAN_POINT('',(12.963167331871,107.95714674266,
    5.372834281335));
#446 = CARTESIAN_POINT('',(13.574238439449,107.27737187362,
    3.760927792155));
#447 = CARTESIAN_POINT('',(24.831017939071,94.75497355495,
    -25.93263110414));
#448 = CARTESIAN_POINT('',(34.146553153037,82.911860260977,
    -50.50550237124));
#449 = CARTESIAN_POINT('',(42.131441238173,71.068327096666,
    -71.56834229313));
#450 = CARTESIAN_POINT('',(48.785439836522,59.226380702456,
    -89.12051156875));
#451 = CARTESIAN_POINT('',(54.109396248466,47.381411629933,
    -103.1642452392));
#452 = CARTESIAN_POINT('',(58.101690218038,35.540141415539,
    -113.6952693318));
#453 = CARTESIAN_POINT('',(60.765231256942,23.695673184117,
    -120.7212586669));
#454 = CARTESIAN_POINT('',(62.096850568826,11.847778717567,
    -124.2338544734));
#455 = CARTESIAN_POINT('',(62.096850568825,-2.84217094304E-14,
    -124.2338544734));
#456 = DEFINITIONAL_REPRESENTATION('',(#457),#480);
#457 = B_SPLINE_CURVE_WITH_KNOTS('',6,(#458,#459,#460,#461,#462,#463,
    #464,#465,#466,#467,#468,#469,#470,#471,#472,#473,#474,#475,#476,
    #477,#478,#479),.UNSPECIFIED.,.F.,.F.,(7,5,5,5,7),(0.,0.249985035126
    ,0.500000631737,0.750015759454,1.),.UNSPECIFIED.);
#458 = CARTESIAN_POINT('',(0.,-0.773983346059));
#459 = CARTESIAN_POINT('',(7.566574299175,-0.729739279941));
#460 = CARTESIAN_POINT('',(15.132922979692,-0.68076270753));
#461 = CARTESIAN_POINT('',(22.699028873022,-0.627019052624));
#462 = CARTESIAN_POINT('',(30.264889416097,-0.568643618199));
#463 = CARTESIAN_POINT('',(37.830521047854,-0.506030230244));
#464 = CARTESIAN_POINT('',(52.962303280743,-0.37356627877));
#465 = CARTESIAN_POINT('',(60.528457425205,-0.303714824672));
#466 = CARTESIAN_POINT('',(68.094438203931,-0.230869679144));
#467 = CARTESIAN_POINT('',(75.660296136338,-0.155882673493));
#468 = CARTESIAN_POINT('',(83.226096464724,-7.977803198126E-02));
#469 = CARTESIAN_POINT('',(98.357686822404,7.262740259191E-02));
#470 = CARTESIAN_POINT('',(105.92347932079,0.14892786444));
#471 = CARTESIAN_POINT('',(113.48933596325,0.22430654779));
#472 = CARTESIAN_POINT('',(121.05532095463,0.297736914703));
#473 = CARTESIAN_POINT('',(128.62148267133,0.368360841991));
#474 = CARTESIAN_POINT('',(143.75327378886,0.502716853313));
#475 = CARTESIAN_POINT('',(151.31890658555,0.566449804735));
#476 = CARTESIAN_POINT('',(158.88476865093,0.626105021477));
#477 = CARTESIAN_POINT('',(166.45087471894,0.681268340396));
#478 = CARTESIAN_POINT('',(174.01722138317,0.731776490082));
#479 = CARTESIAN_POINT('',(181.58379159427,0.777634714528));
#480 = ( GEOMETRIC_REPRESENTATION_CONTEXT(2) 
PARAMETRIC_REPRESENTATION_CONTEXT() REPRESENTATION_CONTEXT('2D SPACE',''
  ) );
#481 = ORIENTED_EDGE('',*,*,#482,.T.);
#482 = EDGE_CURVE('',#374,#483,#485,.T.);
#483 = VERTEX_POINT('',#484);
#484 = CARTESIAN_POINT('',(62.096850568825,-2.84217094304E-14,
    -124.2338544734));
#485 = SURFACE_CURVE('',#486,(#505),.PCURVE_S1.);
#486 = B_SPLINE_CURVE_WITH_KNOTS('',9,(#487,#488,#489,#490,#491,#492,
    #493,#494,#495,#496,#497,#498,#499,#500,#501,#502,#503,#504),
  .UNSPECIFIED.,.F.,.F.,(10,8,10),(-11.18702234902,-0.773983346059,
    180.80980824821),.UNSPECIFIED.);
#487 = CARTESIAN_POINT('',(8.670147996959,112.73283752557,
    16.697123121535));
#488 = CARTESIAN_POINT('',(9.285099500003,112.04874598162,15.07498077837
    ));
#489 = CARTESIAN_POINT('',(9.899496660838,111.36527110551,
    13.454300700059));
#490 = CARTESIAN_POINT('',(10.513339479464,110.68241289725,
    11.835082886604));
#491 = CARTESIAN_POINT('',(11.12662795588,110.00017135684,
    10.217327338004));
#492 = CARTESIAN_POINT('',(11.739362090086,109.31854648427,
    8.601034054259));
#493 = CARTESIAN_POINT('',(12.351541882083,108.63753827954,6.98620303537
    ));
#494 = CARTESIAN_POINT('',(12.963167331871,107.95714674266,
    5.372834281335));
#495 = CARTESIAN_POINT('',(13.574238439449,107.27737187362,
    3.760927792155));
#496 = CARTESIAN_POINT('',(24.831017939071,94.75497355495,
    -25.93263110414));
#497 = CARTESIAN_POINT('',(34.146553153037,82.911860260977,
    -50.50550237124));
#498 = CARTESIAN_POINT('',(42.131441238173,71.068327096666,
    -71.56834229313));
#499 = CARTESIAN_POINT('',(48.785439836522,59.226380702456,
    -89.12051156875));
#500 = CARTESIAN_POINT('',(54.109396248466,47.381411629933,
    -103.1642452392));
#501 = CARTESIAN_POINT('',(58.101690218038,35.540141415539,
    -113.6952693318));
#502 = CARTESIAN_POINT('',(60.765231256942,23.695673184117,
    -120.7212586669));
#503 = CARTESIAN_POINT('',(62.096850568826,11.847778717567,
    -124.2338544734));
#504 = CARTESIAN_POINT('',(62.096850568825,-2.84217094304E-14,
    -124.2338544734));
#505 = PCURVE('',#401,#506);
#506 = DEFINITIONAL_REPRESENTATION('',(#507),#511);
#507 = LINE('',#508,#509);
#508 = CARTESIAN_POINT('',(181.58379159427,0.));
#509 = VECTOR('',#510,1.);
#510 = DIRECTION('',(0.,1.));
#511 = ( GEOMETRIC_REPRESENTATION_CONTEXT(2) 
PARAMETRIC_REPRESENTATION_CONTEXT() REPRESENTATION_CONTEXT('2D SPACE',''
  ) );
#512 = ORIENTED_EDGE('',*,*,#513,.F.);
#513 = EDGE_CURVE('',#514,#483,#516,.T.);
#514 = VERTEX_POINT('',#515);
#515 = CARTESIAN_POINT('',(62.096850568825,0.,-126.3607401211));
#516 = SURFACE_CURVE('',#517,(#521),.PCURVE_S1.);
#517 = ( BOUNDED_CURVE() B_SPLINE_CURVE(2,(#518,#519,#520),
.UNSPECIFIED.,.F.,.F.) B_SPLINE_CURVE_WITH_KNOTS((3,3),(0.,
181.58379159427),.PIECEWISE_BEZIER_KNOTS.) CURVE() 
GEOMETRIC_REPRESENTATION_ITEM() RATIONAL_B_SPLINE_CURVE((1.,
0.935063239715,1.)) REPRESENTATION_ITEM('') );
#518 = CARTESIAN_POINT('',(62.096850568825,0.,-126.3607401211));
#519 = CARTESIAN_POINT('',(62.5,6.394884621841E-14,-125.2972972972));
#520 = CARTESIAN_POINT('',(62.096850568825,-2.84217094304E-14,
    -124.2338544734));
#521 = PCURVE('',#401,#522);
#522 = DEFINITIONAL_REPRESENTATION('',(#523),#526);
#523 = B_SPLINE_CURVE_WITH_KNOTS('',1,(#524,#525),.UNSPECIFIED.,.F.,.F.,
  (2,2),(0.,181.58379159427),.PIECEWISE_BEZIER_KNOTS.);
#524 = CARTESIAN_POINT('',(0.,180.80980824821));
#525 = CARTESIAN_POINT('',(181.58379159427,180.80980824821));
#526 = ( GEOMETRIC_REPRESENTATION_CONTEXT(2) 
PARAMETRIC_REPRESENTATION_CONTEXT() REPRESENTATION_CONTEXT('2D SPACE',''
  ) );
#527 = ORIENTED_EDGE('',*,*,#528,.F.);
#528 = EDGE_CURVE('',#372,#514,#529,.T.);
#529 = SURFACE_CURVE('',#530,(#549),.PCURVE_S1.);
#530 = B_SPLINE_CURVE_WITH_KNOTS('',9,(#531,#532,#533,#534,#535,#536,
    #537,#538,#539,#540,#541,#542,#543,#544,#545,#546,#547,#548),
  .UNSPECIFIED.,.F.,.F.,(10,8,10),(-11.18702234902,-0.773983346059,
    180.80980824821),.UNSPECIFIED.);
#531 = CARTESIAN_POINT('',(6.032489596173,115.50779300307,
    14.494820132693));
#532 = CARTESIAN_POINT('',(6.660716738277,114.82664294623,
    12.884284562393));
#533 = CARTESIAN_POINT('',(7.288943880381,114.14549288939,
    11.273748992094));
#534 = CARTESIAN_POINT('',(7.917171022485,113.46434283255,9.663213421795
    ));
#535 = CARTESIAN_POINT('',(8.545398164589,112.78319277571,8.052677851496
    ));
#536 = CARTESIAN_POINT('',(9.173625306693,112.10204271887,6.442142281197
    ));
#537 = CARTESIAN_POINT('',(9.801852448797,111.42089266204,4.831606710897
    ));
#538 = CARTESIAN_POINT('',(10.430079590901,110.7397426052,3.221071140598
    ));
#539 = CARTESIAN_POINT('',(11.058306733004,110.05859254836,
    1.610535570299));
#540 = CARTESIAN_POINT('',(22.641632229508,97.499468162371,
    -28.08470757376));
#541 = CARTESIAN_POINT('',(32.296313558519,85.578890948681,
    -52.65906636373));
#542 = CARTESIAN_POINT('',(40.647272652498,73.603376019535,
    -73.72247038829));
#543 = CARTESIAN_POINT('',(47.686186209638,61.546602275188,
    -91.27652056122));
#544 = CARTESIAN_POINT('',(53.391210566248,49.408942616124,
    -105.3147412379));
#545 = CARTESIAN_POINT('',(57.735364376571,37.142096065978,
    -115.848999096));
#546 = CARTESIAN_POINT('',(60.642495511642,24.78669266475,
    -122.8560088522));
#547 = CARTESIAN_POINT('',(62.096850568826,12.393551175571,
    -126.3607401211));
#548 = CARTESIAN_POINT('',(62.096850568825,0.,-126.3607401211));
#549 = PCURVE('',#401,#550);
#550 = DEFINITIONAL_REPRESENTATION('',(#551),#555);
#551 = LINE('',#552,#553);
#552 = CARTESIAN_POINT('',(0.,0.));
#553 = VECTOR('',#554,1.);
#554 = DIRECTION('',(0.,1.));
#555 = ( GEOMETRIC_REPRESENTATION_CONTEXT(2) 
PARAMETRIC_REPRESENTATION_CONTEXT() REPRESENTATION_CONTEXT('2D SPACE',''
  ) );
#556 = ( GEOMETRIC_REPRESENTATION_CONTEXT(3) 
GLOBAL_UNCERTAINTY_ASSIGNED_CONTEXT((#560)) GLOBAL_UNIT_ASSIGNED_CONTEXT
((#557,#558,#559)) REPRESENTATION_CONTEXT('Context #1',
  '3D Context with UNIT and UNCERTAINTY') );
#557 = ( LENGTH_UNIT() NAMED_UNIT(*) SI_UNIT(.MILLI.,.METRE.) );
#558 = ( NAMED_UNIT(*) PLANE_ANGLE_UNIT() SI_UNIT($,.RADIAN.) );
#559 = ( NAMED_UNIT(*) SI_UNIT($,.STERADIAN.) SOLID_ANGLE_UNIT() );
#560 = UNCERTAINTY_MEASURE_WITH_UNIT(LENGTH_MEASURE(1.E-04),#557,
  'distance_accuracy_value','confusion accuracy');
#561 = CONTEXT_DEPENDENT_SHAPE_REPRESENTATION(#562,#564);
#562 = ( REPRESENTATION_RELATIONSHIP('','',#364,#10) 
REPRESENTATION_RELATIONSHIP_WITH_TRANSFORMATION(#563) 
SHAPE_REPRESENTATION_RELATIONSHIP() );
#563 = ITEM_DEFINED_TRANSFORMATION('','',#11,#19);
#564 = PRODUCT_DEFINITION_SHAPE('Placement','Placement of an item',#565
  );
#565 = NEXT_ASSEMBLY_USAGE_OCCURRENCE('2','','',#5,#359,$);
#566 = PRODUCT_RELATED_PRODUCT_CATEGORY('part',$,(#361));
#567 = SHAPE_DEFINITION_REPRESENTATION(#568,#574);
#568 = PRODUCT_DEFINITION_SHAPE('','',#569);
#569 = PRODUCT_DEFINITION('design','',#570,#573);
#570 = PRODUCT_DEFINITION_FORMATION('','',#571);
#571 = PRODUCT('Open CASCADE STEP translator 7.8 1.3',
  'Open CASCADE STEP translator 7.8 1.3','',(#572));
#572 = PRODUCT_CONTEXT('',#2,'mechanical');
#573 = PRODUCT_DEFINITION_CONTEXT('part definition',#2,'design');
#574 = MANIFOLD_SURFACE_SHAPE_REPRESENTATION('',(#11,#575),#885);
#575 = SHELL_BASED_SURFACE_MODEL('',(#576));
#576 = OPEN_SHELL('',(#577));
#577 = ADVANCED_FACE('',(#578),#611,.T.);
#578 = FACE_BOUND('',#579,.T.);
#579 = EDGE_LOOP('',(#580,#739,#786,#840));
#580 = ORIENTED_EDGE('',*,*,#581,.T.);
#581 = EDGE_CURVE('',#582,#584,#586,.T.);
#582 = VERTEX_POINT('',#583);
#583 = CARTESIAN_POINT('',(-11.6865338751,-109.3774424915,0.));
#584 = VERTEX_POINT('',#585);
#585 = CARTESIAN_POINT('',(-15.,-105.6874185199,0.));
#586 = SURFACE_CURVE('',#587,(#610),.PCURVE_S1.);
#587 = B_SPLINE_CURVE_WITH_KNOTS('',6,(#588,#589,#590,#591,#592,#593,
    #594,#595,#596,#597,#598,#599,#600,#601,#602,#603,#604,#605,#606,
    #607,#608,#609),.UNSPECIFIED.,.F.,.F.,(7,5,5,5,7),(0.,0.249996249286
    ,0.500000158506,0.750003950085,1.),.UNSPECIFIED.);
#588 = CARTESIAN_POINT('',(-11.6865338751,-109.3774424915,0.));
#589 = CARTESIAN_POINT('',(-11.87923586692,-109.3568530692,0.));
#590 = CARTESIAN_POINT('',(-12.07826627144,-109.3215967345,0.));
#591 = CARTESIAN_POINT('',(-12.2821198145,-109.2702370077,0.));
#592 = CARTESIAN_POINT('',(-12.48874457577,-109.2015964485,0.));
#593 = CARTESIAN_POINT('',(-12.69551255155,-109.1151110095,0.));
#594 = CARTESIAN_POINT('',(-13.10369764927,-108.9069383045,0.));
#595 = CARTESIAN_POINT('',(-13.30511387214,-108.7852494285,0.));
#596 = CARTESIAN_POINT('',(-13.50103347748,-108.646201095,0.));
#597 = CARTESIAN_POINT('',(-13.68842123767,-108.4908266176,0.));
#598 = CARTESIAN_POINT('',(-13.86448035214,-108.321085796,0.));
#599 = CARTESIAN_POINT('',(-14.18963120767,-107.9578175108,0.));
#600 = CARTESIAN_POINT('',(-14.33872225008,-107.7642909477,0.));
#601 = CARTESIAN_POINT('',(-14.47216873869,-107.5613412148,0.));
#602 = CARTESIAN_POINT('',(-14.58842841572,-107.3519807773,0.));
#603 = CARTESIAN_POINT('',(-14.6869012012,-107.1392962347,0.));
#604 = CARTESIAN_POINT('',(-14.84852923067,-106.7128098266,0.));
#605 = CARTESIAN_POINT('',(-14.91168623034,-106.4990085522,0.));
#606 = CARTESIAN_POINT('',(-14.95731438414,-106.2874130192,0.));
#607 = CARTESIAN_POINT('',(-14.98629199021,-106.0804840049,0.));
#608 = CARTESIAN_POINT('',(-15.,-105.8800567242,0.));
#609 = CARTESIAN_POINT('',(-15.,-105.6874186599,0.));
#610 = PCURVE('',#611,#714);
#611 = ( BOUNDED_SURFACE() B_SPLINE_SURFACE(2,9,(
    (#612,#613,#614,#615,#616,#617,#618,#619,#620,#621,#622,#623,#624
      ,#625,#626,#627,#628,#629,#630,#631,#632,#633,#634,#635,#636,#637
      ,#638,#639,#640,#641,#642,#643,#644,#645)
    ,(#646,#647,#648,#649,#650,#651,#652,#653,#654,#655,#656,#657,#658
      ,#659,#660,#661,#662,#663,#664,#665,#666,#667,#668,#669,#670,#671
      ,#672,#673,#674,#675,#676,#677,#678,#679)
    ,(#680,#681,#682,#683,#684,#685,#686,#687,#688,#689,#690,#691,#692
      ,#693,#694,#695,#696,#697,#698,#699,#700,#701,#702,#703,#704,#705
      ,#706,#707,#708,#709,#710,#711,#712,#713
)),.UNSPECIFIED.,.F.,.F.,.F.) B_SPLINE_SURFACE_WITH_KNOTS((3,3),(10,8,8,
    8,10),(0.,362.77299424188),(-11.16033993943,-0.773142397452,
    180.61335472349,361.99985184443,372.38704938641),.UNSPECIFIED.) 
GEOMETRIC_REPRESENTATION_ITEM() RATIONAL_B_SPLINE_SURFACE((
    (1.,1.,1.,1.,1.,1.,1.,1.,1.,1.,1.,1.,1.,1.,1.,1.,1.,1.,1.,1.,1.,1.
      ,1.,1.,1.,1.,1.,1.,1.,1.,1.,1.,1.,1.)
    ,(0.695425484934,0.693447695966,0.69196435424,0.690975459756
      ,0.690481012514,0.690481012514,0.690975459756,0.69196435424
      ,0.693447695966,0.729962636222,0.765971148593,0.80282418586
      ,0.839401147107,0.873909433655,0.90367630541,0.924588563947
      ,0.935063239715,0.935063239715,0.924588563947,0.90367630541
      ,0.873909433655,0.839401147107,0.80282418586,0.765971148593
      ,0.729962636222,0.693447695966,0.69196435424,0.690975459756
      ,0.690481012514,0.690481012514,0.690975459756,0.69196435424
      ,0.693447695966,0.695425484934)
    ,(1.,1.,1.,1.,1.,1.,1.,1.,1.,1.,1.,1.,1.,1.,1.,1.,1.,1.,1.,1.,1.,1.
,1.,1.,1.,1.,1.,1.,1.,1.,1.,1.,1.,1.
  ))) REPRESENTATION_ITEM('') SURFACE() );
#612 = CARTESIAN_POINT('',(-6.040386270165,-115.4992310999,
    14.474576062517));
#613 = CARTESIAN_POINT('',(-6.667736004048,-114.8190323656,
    12.866289833349));
#614 = CARTESIAN_POINT('',(-7.29508573793,-114.1388336314,11.25800360418
    ));
#615 = CARTESIAN_POINT('',(-7.922435471813,-113.4586348971,
    9.649717375012));
#616 = CARTESIAN_POINT('',(-8.549785205695,-112.7784361628,
    8.041431145843));
#617 = CARTESIAN_POINT('',(-9.177134939578,-112.0982374285,
    6.433144916674));
#618 = CARTESIAN_POINT('',(-9.80448467346,-111.4180386943,4.824858687506
    ));
#619 = CARTESIAN_POINT('',(-10.43183440734,-110.73783996,3.216572458337)
  );
#620 = CARTESIAN_POINT('',(-11.05918414122,-110.0576412257,
    1.608286229169));
#621 = CARTESIAN_POINT('',(-22.64163222948,-97.4994681624,-28.0847075737
    ));
#622 = CARTESIAN_POINT('',(-32.2963135586,-85.57889094857,
    -52.65906636396));
#623 = CARTESIAN_POINT('',(-40.64727265233,-73.60337601974,
    -73.72247038786));
#624 = CARTESIAN_POINT('',(-47.68618620983,-61.54660227494,
    -91.27652056173));
#625 = CARTESIAN_POINT('',(-53.3912105661,-49.40894261631,
    -105.3147412375));
#626 = CARTESIAN_POINT('',(-57.73536437663,-37.14209606589,
    -115.8489990961));
#627 = CARTESIAN_POINT('',(-60.64249551163,-24.78669266477,
    -122.8560088522));
#628 = CARTESIAN_POINT('',(-62.09685056882,-12.39355117557,
    -126.3607401211));
#629 = CARTESIAN_POINT('',(-62.09685056882,12.39355117557,
    -126.3607401211));
#630 = CARTESIAN_POINT('',(-60.64249551163,24.786692664774,
    -122.8560088522));
#631 = CARTESIAN_POINT('',(-57.73536437663,37.142096065886,
    -115.8489990961));
#632 = CARTESIAN_POINT('',(-53.3912105661,49.408942616317,
    -105.3147412375));
#633 = CARTESIAN_POINT('',(-47.68618620983,61.546602274935,
    -91.27652056173));
#634 = CARTESIAN_POINT('',(-40.64727265233,73.603376019748,
    -73.72247038786));
#635 = CARTESIAN_POINT('',(-32.2963135586,85.57889094857,-52.65906636396
    ));
#636 = CARTESIAN_POINT('',(-22.64163222948,97.499468162401,
    -28.0847075737));
#637 = CARTESIAN_POINT('',(-11.05918414122,110.05764122579,
    1.608286229169));
#638 = CARTESIAN_POINT('',(-10.43183440734,110.73783996005,
    3.216572458337));
#639 = CARTESIAN_POINT('',(-9.80448467346,111.41803869432,4.824858687506
    ));
#640 = CARTESIAN_POINT('',(-9.177134939578,112.09823742859,
    6.433144916674));
#641 = CARTESIAN_POINT('',(-8.549785205695,112.77843616286,
    8.041431145843));
#642 = CARTESIAN_POINT('',(-7.922435471813,113.45863489713,
    9.649717375012));
#643 = CARTESIAN_POINT('',(-7.29508573793,114.1388336314,11.25800360418)
  );
#644 = CARTESIAN_POINT('',(-6.667736004048,114.81903236567,
    12.866289833349));
#645 = CARTESIAN_POINT('',(-6.040386270165,115.49923109994,
    14.474576062517));
#646 = CARTESIAN_POINT('',(-9.110536214317,-115.7408456584,
    15.535450418449));
#647 = CARTESIAN_POINT('',(-9.706227506342,-115.0601824419,
    13.964113388676));
#648 = CARTESIAN_POINT('',(-10.30839902059,-114.3721146369,
    12.375682583526));
#649 = CARTESIAN_POINT('',(-10.91579978791,-113.678071656,
    10.773457856748));
#650 = CARTESIAN_POINT('',(-11.52714741336,-112.9795188205,
    9.160821958266));
#651 = CARTESIAN_POINT('',(-12.14113703425,-112.2779471241,
    7.541216904224));
#652 = CARTESIAN_POINT('',(-12.75645057713,-111.5748626559,
    5.918119558702));
#653 = CARTESIAN_POINT('',(-13.37176617608,-110.8717758384,
    4.295016789577));
#654 = CARTESIAN_POINT('',(-13.98576761157,-110.1701906421,
    2.675380570537));
#655 = CARTESIAN_POINT('',(-24.73942305461,-97.88258832036,
    -25.69101865216));
#656 = CARTESIAN_POINT('',(-33.79976242024,-86.14855329636,
    -49.59072465447));
#657 = CARTESIAN_POINT('',(-41.75063995629,-74.24389522869,
    -70.56385026308));
#658 = CARTESIAN_POINT('',(-48.54523628954,-62.1205464901,
    -88.48689356377));
#659 = CARTESIAN_POINT('',(-54.11901535472,-49.80176202524,
    -103.1896188816));
#660 = CARTESIAN_POINT('',(-58.37337626067,-37.20847124326,
    -114.4119330551));
#661 = CARTESIAN_POINT('',(-61.15481362441,-24.59478258907,
    -121.7489137768));
#662 = CARTESIAN_POINT('',(-62.5,-12.1598829457,-125.2972972972));
#663 = CARTESIAN_POINT('',(-62.5,12.159882945709,-125.2972972972));
#664 = CARTESIAN_POINT('',(-61.15481362441,24.594782589071,
    -121.7489137768));
#665 = CARTESIAN_POINT('',(-58.37337626067,37.208471243262,
    -114.4119330551));
#666 = CARTESIAN_POINT('',(-54.11901535472,49.80176202525,
    -103.1896188816));
#667 = CARTESIAN_POINT('',(-48.54523628954,62.120546490108,
    -88.48689356377));
#668 = CARTESIAN_POINT('',(-41.75063995629,74.2438952287,-70.56385026307
    ));
#669 = CARTESIAN_POINT('',(-33.79976242024,86.148553296368,
    -49.59072465447));
#670 = CARTESIAN_POINT('',(-24.73942305461,97.882588320366,
    -25.69101865216));
#671 = CARTESIAN_POINT('',(-13.98576761157,110.17019064219,
    2.675380570537));
#672 = CARTESIAN_POINT('',(-13.37176617608,110.87177583845,
    4.295016789577));
#673 = CARTESIAN_POINT('',(-12.75645057713,111.57486265598,
    5.918119558702));
#674 = CARTESIAN_POINT('',(-12.14113703425,112.27794712415,
    7.541216904224));
#675 = CARTESIAN_POINT('',(-11.52714741336,112.97951882052,
    9.160821958266));
#676 = CARTESIAN_POINT('',(-10.91579978791,113.67807165604,
    10.773457856748));
#677 = CARTESIAN_POINT('',(-10.30839902059,114.3721146369,
    12.375682583526));
#678 = CARTESIAN_POINT('',(-9.706227506342,115.06018244192,
    13.964113388676));
#679 = CARTESIAN_POINT('',(-9.110536214317,115.74084565842,
    15.535450418449));
#680 = CARTESIAN_POINT('',(-8.677849927321,-112.7242696541,
    16.676806678201));
#681 = CARTESIAN_POINT('',(-9.291942563445,-112.0411335409,
    15.056929886696));
#682 = CARTESIAN_POINT('',(-9.905481631579,-111.3586132343,
    13.438513317779));
#683 = CARTESIAN_POINT('',(-10.51846713172,-110.6767087343,
    11.821556971451));
#684 = CARTESIAN_POINT('',(-11.13089906388,-109.9954200409,
    10.206060847711));
#685 = CARTESIAN_POINT('',(-11.74277742804,-109.314747154,8.59202494656)
  );
#686 = CARTESIAN_POINT('',(-12.35410222422,-108.6346900737,
    6.979449267996));
#687 = CARTESIAN_POINT('',(-12.96487345241,-107.9552488001,
    5.368333812022));
#688 = CARTESIAN_POINT('',(-13.5750911126,-107.2764233329,3.758678578635
    ));
#689 = CARTESIAN_POINT('',(-24.83101793922,-94.75497355478,
    -25.93263110454));
#690 = CARTESIAN_POINT('',(-34.14655315247,-82.91186026159,
    -50.50550236978));
#691 = CARTESIAN_POINT('',(-42.13144123924,-71.06832709548,
    -71.56834229594));
#692 = CARTESIAN_POINT('',(-48.78543983525,-59.22638070385,
    -89.12051156543));
#693 = CARTESIAN_POINT('',(-54.10939624941,-47.38141162889,
    -103.1642452416));
#694 = CARTESIAN_POINT('',(-58.1016902176,-35.540141416,-113.6952693307)
  );
#695 = CARTESIAN_POINT('',(-60.76523125703,-23.69567318402,
    -120.7212586672));
#696 = CARTESIAN_POINT('',(-62.09685056882,-11.84777871756,
    -124.2338544734));
#697 = CARTESIAN_POINT('',(-62.09685056882,11.847778717565,
    -124.2338544734));
#698 = CARTESIAN_POINT('',(-60.76523125703,23.69567318402,
    -120.7212586672));
#699 = CARTESIAN_POINT('',(-58.1016902176,35.540141416006,
    -113.6952693307));
#700 = CARTESIAN_POINT('',(-54.10939624941,47.381411628885,
    -103.1642452417));
#701 = CARTESIAN_POINT('',(-48.78543983525,59.226380703862,
    -89.12051156543));
#702 = CARTESIAN_POINT('',(-42.13144123924,71.068327095474,
    -71.56834229594));
#703 = CARTESIAN_POINT('',(-34.14655315248,82.9118602616,-50.50550236978
    ));
#704 = CARTESIAN_POINT('',(-24.83101793922,94.754973554781,
    -25.93263110454));
#705 = CARTESIAN_POINT('',(-13.5750911126,107.27642333298,3.758678578635
    ));
#706 = CARTESIAN_POINT('',(-12.96487345241,107.9552488001,5.368333812022
    ));
#707 = CARTESIAN_POINT('',(-12.35410222422,108.63469007379,
    6.979449267996));
#708 = CARTESIAN_POINT('',(-11.74277742804,109.31474715407,8.59202494656
    ));
#709 = CARTESIAN_POINT('',(-11.13089906388,109.99542004092,
    10.206060847711));
#710 = CARTESIAN_POINT('',(-10.51846713172,110.67670873435,
    11.821556971451));
#711 = CARTESIAN_POINT('',(-9.90548163158,111.35861323436,
    13.438513317779));
#712 = CARTESIAN_POINT('',(-9.291942563445,112.04113354094,
    15.056929886696));
#713 = CARTESIAN_POINT('',(-8.677849927321,112.72426965411,
    16.676806678201));
#714 = DEFINITIONAL_REPRESENTATION('',(#715),#738);
#715 = B_SPLINE_CURVE_WITH_KNOTS('',6,(#716,#717,#718,#719,#720,#721,
    #722,#723,#724,#725,#726,#727,#728,#729,#730,#731,#732,#733,#734,
    #735,#736,#737),.UNSPECIFIED.,.F.,.F.,(7,5,5,5,7),(0.,0.249996249286
    ,0.500000158506,0.750003950085,1.),.UNSPECIFIED.);
#716 = CARTESIAN_POINT('',(0.,-0.773142397452));
#717 = CARTESIAN_POINT('',(15.115833311286,-0.728948955214));
#718 = CARTESIAN_POINT('',(30.231553676172,-0.680027706306));
#719 = CARTESIAN_POINT('',(45.347152489161,-0.626343652104));
#720 = CARTESIAN_POINT('',(60.462628450653,-0.568031428116));
#721 = CARTESIAN_POINT('',(75.577989781269,-0.505484116416));
#722 = CARTESIAN_POINT('',(105.80897228887,-0.373162777612));
#723 = CARTESIAN_POINT('',(120.92459526045,-0.303388545624));
#724 = CARTESIAN_POINT('',(136.04013141501,-0.230622661329));
#725 = CARTESIAN_POINT('',(151.15560604525,-0.155716186537));
#726 = CARTESIAN_POINT('',(166.27105183031,-7.969279892887E-02));
#727 = CARTESIAN_POINT('',(196.501938237,7.2550001397E-02));
#728 = CARTESIAN_POINT('',(211.61738009746,0.148769063647));
#729 = CARTESIAN_POINT('',(226.73285408197,0.224066811635));
#730 = CARTESIAN_POINT('',(241.8483923492,0.297417259708));
#731 = CARTESIAN_POINT('',(256.96401911741,0.367963067083));
#732 = CARTESIAN_POINT('',(287.19500608013,0.502174371876));
#733 = CARTESIAN_POINT('',(302.31036799592,0.56584007673));
#734 = CARTESIAN_POINT('',(317.4258447214,0.62543072095));
#735 = CARTESIAN_POINT('',(332.54144362301,0.680532899028));
#736 = CARTESIAN_POINT('',(347.65716297833,0.730984026427));
#737 = CARTESIAN_POINT('',(362.77299424188,0.776789798621));
#738 = ( GEOMETRIC_REPRESENTATION_CONTEXT(2) 
PARAMETRIC_REPRESENTATION_CONTEXT() REPRESENTATION_CONTEXT('2D SPACE',''
  ) );
#739 = ORIENTED_EDGE('',*,*,#740,.T.);
#740 = EDGE_CURVE('',#584,#741,#743,.T.);
#741 = VERTEX_POINT('',#742);
#742 = CARTESIAN_POINT('',(-15.,105.68741851997,0.));
#743 = SURFACE_CURVE('',#744,(#779),.PCURVE_S1.);
#744 = B_SPLINE_CURVE_WITH_KNOTS('',9,(#745,#746,#747,#748,#749,#750,
    #751,#752,#753,#754,#755,#756,#757,#758,#759,#760,#761,#762,#763,
    #764,#765,#766,#767,#768,#769,#770,#771,#772,#773,#774,#775,#776,
    #777,#778),.UNSPECIFIED.,.F.,.F.,(10,8,8,8,10),(-11.16033993943,
    -0.773142397452,180.61335472349,361.99985184443,372.38704938641),
  .UNSPECIFIED.);
#745 = CARTESIAN_POINT('',(-8.677849927321,-112.7242696541,
    16.676806678201));
#746 = CARTESIAN_POINT('',(-9.291942563445,-112.0411335409,
    15.056929886696));
#747 = CARTESIAN_POINT('',(-9.905481631579,-111.3586132343,
    13.438513317779));
#748 = CARTESIAN_POINT('',(-10.51846713172,-110.6767087343,
    11.821556971451));
#749 = CARTESIAN_POINT('',(-11.13089906388,-109.9954200409,
    10.206060847711));
#750 = CARTESIAN_POINT('',(-11.74277742804,-109.314747154,8.59202494656)
  );
#751 = CARTESIAN_POINT('',(-12.35410222422,-108.6346900737,
    6.979449267996));
#752 = CARTESIAN_POINT('',(-12.96487345241,-107.9552488001,
    5.368333812022));
#753 = CARTESIAN_POINT('',(-13.5750911126,-107.2764233329,3.758678578635
    ));
#754 = CARTESIAN_POINT('',(-24.83101793922,-94.75497355478,
    -25.93263110454));
#755 = CARTESIAN_POINT('',(-34.14655315247,-82.91186026159,
    -50.50550236978));
#756 = CARTESIAN_POINT('',(-42.13144123924,-71.06832709548,
    -71.56834229594));
#757 = CARTESIAN_POINT('',(-48.78543983525,-59.22638070385,
    -89.12051156543));
#758 = CARTESIAN_POINT('',(-54.10939624941,-47.38141162889,
    -103.1642452416));
#759 = CARTESIAN_POINT('',(-58.1016902176,-35.540141416,-113.6952693307)
  );
#760 = CARTESIAN_POINT('',(-60.76523125703,-23.69567318402,
    -120.7212586672));
#761 = CARTESIAN_POINT('',(-62.09685056882,-11.84777871756,
    -124.2338544734));
#762 = CARTESIAN_POINT('',(-62.09685056882,11.847778717565,
    -124.2338544734));
#763 = CARTESIAN_POINT('',(-60.76523125703,23.69567318402,
    -120.7212586672));
#764 = CARTESIAN_POINT('',(-58.1016902176,35.540141416006,
    -113.6952693307));
#765 = CARTESIAN_POINT('',(-54.10939624941,47.381411628885,
    -103.1642452417));
#766 = CARTESIAN_POINT('',(-48.78543983525,59.226380703862,
    -89.12051156543));
#767 = CARTESIAN_POINT('',(-42.13144123924,71.068327095474,
    -71.56834229594));
#768 = CARTESIAN_POINT('',(-34.14655315248,82.9118602616,-50.50550236978
    ));
#769 = CARTESIAN_POINT('',(-24.83101793922,94.754973554781,
    -25.93263110454));
#770 = CARTESIAN_POINT('',(-13.5750911126,107.27642333298,3.758678578635
    ));
#771 = CARTESIAN_POINT('',(-12.96487345241,107.9552488001,5.368333812022
    ));
#772 = CARTESIAN_POINT('',(-12.35410222422,108.63469007379,
    6.979449267996));
#773 = CARTESIAN_POINT('',(-11.74277742804,109.31474715407,8.59202494656
    ));
#774 = CARTESIAN_POINT('',(-11.13089906388,109.99542004092,
    10.206060847711));
#775 = CARTESIAN_POINT('',(-10.51846713172,110.67670873435,
    11.821556971451));
#776 = CARTESIAN_POINT('',(-9.90548163158,111.35861323436,
    13.438513317779));
#777 = CARTESIAN_POINT('',(-9.291942563445,112.04113354094,
    15.056929886696));
#778 = CARTESIAN_POINT('',(-8.677849927321,112.72426965411,
    16.676806678201));
#779 = PCURVE('',#611,#780);
#780 = DEFINITIONAL_REPRESENTATION('',(#781),#785);
#781 = LINE('',#782,#783);
#782 = CARTESIAN_POINT('',(362.77299424188,0.));
#783 = VECTOR('',#784,1.);
#784 = DIRECTION('',(0.,1.));
#785 = ( GEOMETRIC_REPRESENTATION_CONTEXT(2) 
PARAMETRIC_REPRESENTATION_CONTEXT() REPRESENTATION_CONTEXT('2D SPACE',''
  ) );
#786 = ORIENTED_EDGE('',*,*,#787,.F.);
#787 = EDGE_CURVE('',#788,#741,#790,.T.);
#788 = VERTEX_POINT('',#789);
#789 = CARTESIAN_POINT('',(-11.6865338751,109.37744249152,0.));
#790 = SURFACE_CURVE('',#791,(#814),.PCURVE_S1.);
#791 = B_SPLINE_CURVE_WITH_KNOTS('',6,(#792,#793,#794,#795,#796,#797,
    #798,#799,#800,#801,#802,#803,#804,#805,#806,#807,#808,#809,#810,
    #811,#812,#813),.UNSPECIFIED.,.F.,.F.,(7,5,5,5,7),(0.,0.249996249286
    ,0.500000158506,0.750003950086,1.),.UNSPECIFIED.);
#792 = CARTESIAN_POINT('',(-11.6865338751,109.37744249152,0.));
#793 = CARTESIAN_POINT('',(-11.87923586692,109.3568530692,0.));
#794 = CARTESIAN_POINT('',(-12.07826627144,109.32159673452,0.));
#795 = CARTESIAN_POINT('',(-12.2821198145,109.27023700778,0.));
#796 = CARTESIAN_POINT('',(-12.48874457577,109.20159644852,0.));
#797 = CARTESIAN_POINT('',(-12.69551255155,109.11511100954,0.));
#798 = CARTESIAN_POINT('',(-13.10369764927,108.90693830458,0.));
#799 = CARTESIAN_POINT('',(-13.30511387214,108.78524942858,0.));
#800 = CARTESIAN_POINT('',(-13.50103347748,108.646201095,0.));
#801 = CARTESIAN_POINT('',(-13.68842123767,108.49082661764,0.));
#802 = CARTESIAN_POINT('',(-13.86448035214,108.32108579602,0.));
#803 = CARTESIAN_POINT('',(-14.18963120767,107.95781751086,0.));
#804 = CARTESIAN_POINT('',(-14.33872225008,107.76429094776,0.));
#805 = CARTESIAN_POINT('',(-14.47216873869,107.56134121485,0.));
#806 = CARTESIAN_POINT('',(-14.58842841572,107.35198077732,0.));
#807 = CARTESIAN_POINT('',(-14.6869012012,107.13929623478,0.));
#808 = CARTESIAN_POINT('',(-14.84852923067,106.71280982663,0.));
#809 = CARTESIAN_POINT('',(-14.91168623034,106.4990085522,0.));
#810 = CARTESIAN_POINT('',(-14.95731438414,106.28741301922,0.));
#811 = CARTESIAN_POINT('',(-14.98629199021,106.08048400492,0.));
#812 = CARTESIAN_POINT('',(-15.,105.88005672423,0.));
#813 = CARTESIAN_POINT('',(-15.,105.68741865998,0.));
#814 = PCURVE('',#611,#815);
#815 = DEFINITIONAL_REPRESENTATION('',(#816),#839);
#816 = B_SPLINE_CURVE_WITH_KNOTS('',6,(#817,#818,#819,#820,#821,#822,
    #823,#824,#825,#826,#827,#828,#829,#830,#831,#832,#833,#834,#835,
    #836,#837,#838),.UNSPECIFIED.,.F.,.F.,(7,5,5,5,7),(0.,0.249996249286
    ,0.500000158506,0.750003950086,1.),.UNSPECIFIED.);
#817 = CARTESIAN_POINT('',(0.,361.99985184443));
#818 = CARTESIAN_POINT('',(15.115833311286,361.95565840219));
#819 = CARTESIAN_POINT('',(30.231553676169,361.90673715329));
#820 = CARTESIAN_POINT('',(45.347152489167,361.85305309908));
#821 = CARTESIAN_POINT('',(60.462628450647,361.7947408751));
#822 = CARTESIAN_POINT('',(75.57798978127,361.7321935634));
#823 = CARTESIAN_POINT('',(105.80897228886,361.59987222459));
#824 = CARTESIAN_POINT('',(120.92459526049,361.5300979926));
#825 = CARTESIAN_POINT('',(136.04013141495,361.45733210831));
#826 = CARTESIAN_POINT('',(151.15560604529,361.38242563352));
#827 = CARTESIAN_POINT('',(166.2710518303,361.30640224591));
#828 = CARTESIAN_POINT('',(196.50193823699,361.15415944558));
#829 = CARTESIAN_POINT('',(211.6173800975,361.07794038333));
#830 = CARTESIAN_POINT('',(226.73285408193,361.00264263534));
#831 = CARTESIAN_POINT('',(241.84839234924,360.92929218727));
#832 = CARTESIAN_POINT('',(256.9640191174,360.8587463799));
#833 = CARTESIAN_POINT('',(287.19500608015,360.7245350751));
#834 = CARTESIAN_POINT('',(302.31036799589,360.66086937025));
#835 = CARTESIAN_POINT('',(317.42584472144,360.60127872603));
#836 = CARTESIAN_POINT('',(332.54144362298,360.54617654795));
#837 = CARTESIAN_POINT('',(347.65716297835,360.49572542055));
#838 = CARTESIAN_POINT('',(362.77299424188,360.44991964836));
#839 = ( GEOMETRIC_REPRESENTATION_CONTEXT(2) 
PARAMETRIC_REPRESENTATION_CONTEXT() REPRESENTATION_CONTEXT('2D SPACE',''
  ) );
#840 = ORIENTED_EDGE('',*,*,#841,.F.);
#841 = EDGE_CURVE('',#582,#788,#842,.T.);
#842 = SURFACE_CURVE('',#843,(#878),.PCURVE_S1.);
#843 = B_SPLINE_CURVE_WITH_KNOTS('',9,(#844,#845,#846,#847,#848,#849,
    #850,#851,#852,#853,#854,#855,#856,#857,#858,#859,#860,#861,#862,
    #863,#864,#865,#866,#867,#868,#869,#870,#871,#872,#873,#874,#875,
    #876,#877),.UNSPECIFIED.,.F.,.F.,(10,8,8,8,10),(-11.16033993943,
    -0.773142397452,180.61335472349,361.99985184443,372.38704938641),
  .UNSPECIFIED.);
#844 = CARTESIAN_POINT('',(-6.040386270165,-115.4992310999,
    14.474576062517));
#845 = CARTESIAN_POINT('',(-6.667736004048,-114.8190323656,
    12.866289833349));
#846 = CARTESIAN_POINT('',(-7.29508573793,-114.1388336314,11.25800360418
    ));
#847 = CARTESIAN_POINT('',(-7.922435471813,-113.4586348971,
    9.649717375012));
#848 = CARTESIAN_POINT('',(-8.549785205695,-112.7784361628,
    8.041431145843));
#849 = CARTESIAN_POINT('',(-9.177134939578,-112.0982374285,
    6.433144916674));
#850 = CARTESIAN_POINT('',(-9.80448467346,-111.4180386943,4.824858687506
    ));
#851 = CARTESIAN_POINT('',(-10.43183440734,-110.73783996,3.216572458337)
  );
#852 = CARTESIAN_POINT('',(-11.05918414122,-110.0576412257,
    1.608286229169));
#853 = CARTESIAN_POINT('',(-22.64163222948,-97.4994681624,-28.0847075737
    ));
#854 = CARTESIAN_POINT('',(-32.2963135586,-85.57889094857,
    -52.65906636396));
#855 = CARTESIAN_POINT('',(-40.64727265233,-73.60337601974,
    -73.72247038786));
#856 = CARTESIAN_POINT('',(-47.68618620983,-61.54660227494,
    -91.27652056173));
#857 = CARTESIAN_POINT('',(-53.3912105661,-49.40894261631,
    -105.3147412375));
#858 = CARTESIAN_POINT('',(-57.73536437663,-37.14209606589,
    -115.8489990961));
#859 = CARTESIAN_POINT('',(-60.64249551163,-24.78669266477,
    -122.8560088522));
#860 = CARTESIAN_POINT('',(-62.09685056882,-12.39355117557,
    -126.3607401211));
#861 = CARTESIAN_POINT('',(-62.09685056882,12.39355117557,
    -126.3607401211));
#862 = CARTESIAN_POINT('',(-60.64249551163,24.786692664774,
    -122.8560088522));
#863 = CARTESIAN_POINT('',(-57.73536437663,37.142096065886,
    -115.8489990961));
#864 = CARTESIAN_POINT('',(-53.3912105661,49.408942616317,
    -105.3147412375));
#865 = CARTESIAN_POINT('',(-47.68618620983,61.546602274935,
    -91.27652056173));
#866 = CARTESIAN_POINT('',(-40.64727265233,73.603376019748,
    -73.72247038786));
#867 = CARTESIAN_POINT('',(-32.2963135586,85.57889094857,-52.65906636396
    ));
#868 = CARTESIAN_POINT('',(-22.64163222948,97.499468162401,
    -28.0847075737));
#869 = CARTESIAN_POINT('',(-11.05918414122,110.05764122579,
    1.608286229169));
#870 = CARTESIAN_POINT('',(-10.43183440734,110.73783996005,
    3.216572458337));
#871 = CARTESIAN_POINT('',(-9.80448467346,111.41803869432,4.824858687506
    ));
#872 = CARTESIAN_POINT('',(-9.177134939578,112.09823742859,
    6.433144916674));
#873 = CARTESIAN_POINT('',(-8.549785205695,112.77843616286,
    8.041431145843));
#874 = CARTESIAN_POINT('',(-7.922435471813,113.45863489713,
    9.649717375012));
#875 = CARTESIAN_POINT('',(-7.29508573793,114.1388336314,11.25800360418)
  );
#876 = CARTESIAN_POINT('',(-6.667736004048,114.81903236567,
    12.866289833349));
#877 = CARTESIAN_POINT('',(-6.040386270165,115.49923109994,
    14.474576062517));
#878 = PCURVE('',#611,#879);
#879 = DEFINITIONAL_REPRESENTATION('',(#880),#884);
#880 = LINE('',#881,#882);
#881 = CARTESIAN_POINT('',(0.,0.));
#882 = VECTOR('',#883,1.);
#883 = DIRECTION('',(0.,1.));
#884 = ( GEOMETRIC_REPRESENTATION_CONTEXT(2) 
PARAMETRIC_REPRESENTATION_CONTEXT() REPRESENTATION_CONTEXT('2D SPACE',''
  ) );
#885 = ( GEOMETRIC_REPRESENTATION_CONTEXT(3) 
GLOBAL_UNCERTAINTY_ASSIGNED_CONTEXT((#889)) GLOBAL_UNIT_ASSIGNED_CONTEXT
((#886,#887,#888)) REPRESENTATION_CONTEXT('Context #1',
  '3D Context with UNIT and UNCERTAINTY') );
#886 = ( LENGTH_UNIT() NAMED_UNIT(*) SI_UNIT(.MILLI.,.METRE.) );
#887 = ( NAMED_UNIT(*) PLANE_ANGLE_UNIT() SI_UNIT($,.RADIAN.) );
#888 = ( NAMED_UNIT(*) SI_UNIT($,.STERADIAN.) SOLID_ANGLE_UNIT() );
#889 = UNCERTAINTY_MEASURE_WITH_UNIT(LENGTH_MEASURE(1.E-04),#886,
  'distance_accuracy_value','confusion accuracy');
#890 = CONTEXT_DEPENDENT_SHAPE_REPRESENTATION(#891,#893);
#891 = ( REPRESENTATION_RELATIONSHIP('','',#574,#10) 
REPRESENTATION_RELATIONSHIP_WITH_TRANSFORMATION(#892) 
SHAPE_REPRESENTATION_RELATIONSHIP() );
#892 = ITEM_DEFINED_TRANSFORMATION('','',#11,#23);
#893 = PRODUCT_DEFINITION_SHAPE('Placement','Placement of an item',#894
  );
#894 = NEXT_ASSEMBLY_USAGE_OCCURRENCE('3','','',#5,#569,$);
#895 = PRODUCT_RELATED_PRODUCT_CATEGORY('part',$,(#571));
#896 = SHAPE_DEFINITION_REPRESENTATION(#897,#903);
#897 = PRODUCT_DEFINITION_SHAPE('','',#898);
#898 = PRODUCT_DEFINITION('design','',#899,#902);
#899 = PRODUCT_DEFINITION_FORMATION('','',#900);
#900 = PRODUCT('Open CASCADE STEP translator 7.8 1.4',
  'Open CASCADE STEP translator 7.8 1.4','',(#901));
#901 = PRODUCT_CONTEXT('',#2,'mechanical');
#902 = PRODUCT_DEFINITION_CONTEXT('part definition',#2,'design');
#903 = MANIFOLD_SURFACE_SHAPE_REPRESENTATION('',(#11,#904),#931);
#904 = SHELL_BASED_SURFACE_MODEL('',(#905));
#905 = OPEN_SHELL('',(#906));
#906 = ADVANCED_FACE('',(#907),#920,.F.);
#907 = FACE_BOUND('',#908,.T.);
#908 = EDGE_LOOP('',(#909));
#909 = ORIENTED_EDGE('',*,*,#910,.F.);
#910 = EDGE_CURVE('',#911,#911,#913,.T.);
#911 = VERTEX_POINT('',#912);
#912 = CARTESIAN_POINT('',(17.5,-4.286122238378E-15,-244.));
#913 = SURFACE_CURVE('',#914,(#919),.PCURVE_S1.);
#914 = CIRCLE('',#915,17.5);
#915 = AXIS2_PLACEMENT_3D('',#916,#917,#918);
#916 = CARTESIAN_POINT('',(0.,0.,-244.));
#917 = DIRECTION('',(0.,0.,1.));
#918 = DIRECTION('',(1.,0.,-0.));
#919 = PCURVE('',#920,#925);
#920 = PLANE('',#921);
#921 = AXIS2_PLACEMENT_3D('',#922,#923,#924);
#922 = CARTESIAN_POINT('',(0.,0.,-244.));
#923 = DIRECTION('',(0.,0.,1.));
#924 = DIRECTION('',(1.,0.,-0.));
#925 = DEFINITIONAL_REPRESENTATION('',(#926),#930);
#926 = CIRCLE('',#927,17.5);
#927 = AXIS2_PLACEMENT_2D('',#928,#929);
#928 = CARTESIAN_POINT('',(0.,0.));
#929 = DIRECTION('',(1.,0.));
#930 = ( GEOMETRIC_REPRESENTATION_CONTEXT(2) 
PARAMETRIC_REPRESENTATION_CONTEXT() REPRESENTATION_CONTEXT('2D SPACE',''
  ) );
#931 = ( GEOMETRIC_REPRESENTATION_CONTEXT(3) 
GLOBAL_UNCERTAINTY_ASSIGNED_CONTEXT((#935)) GLOBAL_UNIT_ASSIGNED_CONTEXT
((#932,#933,#934)) REPRESENTATION_CONTEXT('Context #1',
  '3D Context with UNIT and UNCERTAINTY') );
#932 = ( LENGTH_UNIT() NAMED_UNIT(*) SI_UNIT(.MILLI.,.METRE.) );
#933 = ( NAMED_UNIT(*) PLANE_ANGLE_UNIT() SI_UNIT($,.RADIAN.) );
#934 = ( NAMED_UNIT(*) SI_UNIT($,.STERADIAN.) SOLID_ANGLE_UNIT() );
#935 = UNCERTAINTY_MEASURE_WITH_UNIT(LENGTH_MEASURE(1.E-07),#932,
  'distance_accuracy_value','confusion accuracy');
#936 = CONTEXT_DEPENDENT_SHAPE_REPRESENTATION(#937,#939);
#937 = ( REPRESENTATION_RELATIONSHIP('','',#903,#10) 
REPRESENTATION_RELATIONSHIP_WITH_TRANSFORMATION(#938) 
SHAPE_REPRESENTATION_RELATIONSHIP() );
#938 = ITEM_DEFINED_TRANSFORMATION('','',#11,#27);
#939 = PRODUCT_DEFINITION_SHAPE('Placement','Placement of an item',#940
  );
#940 = NEXT_ASSEMBLY_USAGE_OCCURRENCE('4','','',#5,#898,$);
#941 = PRODUCT_RELATED_PRODUCT_CATEGORY('part',$,(#900));
#942 = SHAPE_DEFINITION_REPRESENTATION(#943,#949);
#943 = PRODUCT_DEFINITION_SHAPE('','',#944);
#944 = PRODUCT_DEFINITION('design','',#945,#948);
#945 = PRODUCT_DEFINITION_FORMATION('','',#946);
#946 = PRODUCT('Open CASCADE STEP translator 7.8 1.5',
  'Open CASCADE STEP translator 7.8 1.5','',(#947));
#947 = PRODUCT_CONTEXT('',#2,'mechanical');
#948 = PRODUCT_DEFINITION_CONTEXT('part definition',#2,'design');
#949 = MANIFOLD_SURFACE_SHAPE_REPRESENTATION('',(#11,#950),#1141);
#950 = SHELL_BASED_SURFACE_MODEL('',(#951));
#951 = OPEN_SHELL('',(#952));
#952 = ADVANCED_FACE('',(#953),#967,.T.);
#953 = FACE_BOUND('',#954,.T.);
#954 = EDGE_LOOP('',(#955,#1027,#1058,#1112));
#955 = ORIENTED_EDGE('',*,*,#956,.T.);
#956 = EDGE_CURVE('',#957,#959,#961,.T.);
#957 = VERTEX_POINT('',#958);
#958 = CARTESIAN_POINT('',(62.096850568825,0.,-126.3607401211));
#959 = VERTEX_POINT('',#960);
#960 = CARTESIAN_POINT('',(62.096850568825,-2.84217094304E-14,
    -124.2338544734));
#961 = SURFACE_CURVE('',#962,(#966),.PCURVE_S1.);
#962 = ( BOUNDED_CURVE() B_SPLINE_CURVE(2,(#963,#964,#965),
.UNSPECIFIED.,.F.,.F.) B_SPLINE_CURVE_WITH_KNOTS((3,3),(0.,
181.58379159427),.PIECEWISE_BEZIER_KNOTS.) CURVE() 
GEOMETRIC_REPRESENTATION_ITEM() RATIONAL_B_SPLINE_CURVE((1.,
0.935063239715,1.)) REPRESENTATION_ITEM('') );
#963 = CARTESIAN_POINT('',(62.096850568825,0.,-126.3607401211));
#964 = CARTESIAN_POINT('',(62.5,6.394884621841E-14,-125.2972972972));
#965 = CARTESIAN_POINT('',(62.096850568825,-2.84217094304E-14,
    -124.2338544734));
#966 = PCURVE('',#967,#1022);
#967 = ( BOUNDED_SURFACE() B_SPLINE_SURFACE(2,9,(
    (#968,#969,#970,#971,#972,#973,#974,#975,#976,#977,#978,#979,#980
      ,#981,#982,#983,#984,#985)
    ,(#986,#987,#988,#989,#990,#991,#992,#993,#994,#995,#996,#997,#998
      ,#999,#1000,#1001,#1002,#1003)
    ,(#1004,#1005,#1006,#1007,#1008,#1009,#1010,#1011,#1012,#1013,#1014
      ,#1015,#1016,#1017,#1018,#1019,#1020,#1021
)),.UNSPECIFIED.,.F.,.F.,.F.) B_SPLINE_SURFACE_WITH_KNOTS((3,3),(10,8,10
    ),(0.,181.58379159427),(180.80980824821,362.39359984249,
372.80663884545),.UNSPECIFIED.) GEOMETRIC_REPRESENTATION_ITEM() 
RATIONAL_B_SPLINE_SURFACE((
    (1.,1.,1.,1.,1.,1.,1.,1.,1.,1.,1.,1.,1.,1.,1.,1.,1.,1.)
    ,(0.935063239715,0.935063239715,0.924588563947,0.903676305409
      ,0.873909433655,0.839401147106,0.802824185861,0.765971148593
      ,0.729962636222,0.69344492984,0.69195951352,0.690969235973
      ,0.690474097199,0.690474097199,0.690969235973,0.69195951352
      ,0.69344492984,0.695425484934)
    ,(1.,1.,1.,1.,1.,1.,1.,1.,1.,1.,1.,1.,1.,1.,1.,1.,1.,1.
))) REPRESENTATION_ITEM('') SURFACE() );
#968 = CARTESIAN_POINT('',(62.096850568825,-1.520883955179E-14,
    -126.3607401211));
#969 = CARTESIAN_POINT('',(62.096850568825,-12.39355117557,
    -126.3607401211));
#970 = CARTESIAN_POINT('',(60.642495511647,-24.78669266475,
    -122.8560088522));
#971 = CARTESIAN_POINT('',(57.735364376561,-37.14209606596,
    -115.848999096));
#972 = CARTESIAN_POINT('',(53.391210566263,-49.40894261614,
    -105.3147412379));
#973 = CARTESIAN_POINT('',(47.686186209622,-61.54660227516,
    -91.27652056119));
#974 = CARTESIAN_POINT('',(40.64727265251,-73.60337601955,
    -73.72247038832));
#975 = CARTESIAN_POINT('',(32.296313558513,-85.57889094867,
    -52.65906636372));
#976 = CARTESIAN_POINT('',(22.64163222951,-97.49946816237,
    -28.08470757376));
#977 = CARTESIAN_POINT('',(11.058306733004,-110.0585925483,
    1.610535570299));
#978 = CARTESIAN_POINT('',(10.430079590901,-110.7397426052,
    3.221071140598));
#979 = CARTESIAN_POINT('',(9.801852448797,-111.420892662,4.831606710898)
  );
#980 = CARTESIAN_POINT('',(9.173625306693,-112.1020427188,6.442142281197
    ));
#981 = CARTESIAN_POINT('',(8.545398164589,-112.7831927757,8.052677851496
    ));
#982 = CARTESIAN_POINT('',(7.917171022485,-113.4643428325,9.663213421795
    ));
#983 = CARTESIAN_POINT('',(7.288943880381,-114.1454928893,
    11.273748992094));
#984 = CARTESIAN_POINT('',(6.660716738277,-114.8266429462,
    12.884284562393));
#985 = CARTESIAN_POINT('',(6.032489596174,-115.507793003,14.494820132693
    ));
#986 = CARTESIAN_POINT('',(62.5,2.13162820728E-14,-125.2972972972));
#987 = CARTESIAN_POINT('',(62.5,-12.1598829457,-125.2972972972));
#988 = CARTESIAN_POINT('',(61.15481362443,-24.59478258905,
    -121.7489137768));
#989 = CARTESIAN_POINT('',(58.373376260617,-37.20847124332,
    -114.411933055));
#990 = CARTESIAN_POINT('',(54.119015354858,-49.80176202509,
    -103.189618882));
#991 = CARTESIAN_POINT('',(48.545236289353,-62.12054649032,
    -88.48689356327));
#992 = CARTESIAN_POINT('',(41.750639956464,-74.2438952285,
    -70.56385026353));
#993 = CARTESIAN_POINT('',(33.799762420143,-86.14855329647,
    -49.59072465421));
#994 = CARTESIAN_POINT('',(24.739423054639,-97.88258832033,
    -25.69101865223));
#995 = CARTESIAN_POINT('',(13.984910087926,-110.1711704866,
    2.677642578877));
#996 = CARTESIAN_POINT('',(13.370043770883,-110.8737439348,
    4.299560215185));
#997 = CARTESIAN_POINT('',(12.753859575992,-111.5778232484,
    5.924954199546));
#998 = CARTESIAN_POINT('',(12.137677429472,-112.2819002215,
    7.550342780636));
#999 = CARTESIAN_POINT('',(11.522822927842,-112.9844601689,9.1722292498)
  );
#1000 = CARTESIAN_POINT('',(10.910617859199,-113.6839927569,
    10.787126944383));
#1001 = CARTESIAN_POINT('',(10.302370745027,-114.3790028111,
    12.391584196901));
#1002 = CARTESIAN_POINT('',(9.699367544357,-115.0680209378,
    13.982208855967));
#1003 = CARTESIAN_POINT('',(9.102862658458,-115.7496138027,
    15.555692014447));
#1004 = CARTESIAN_POINT('',(62.096850568825,-1.491468417191E-14,
    -124.2338544734));
#1005 = CARTESIAN_POINT('',(62.096850568825,-11.84777871756,
    -124.2338544734));
#1006 = CARTESIAN_POINT('',(60.765231256947,-23.69567318412,
    -120.7212586669));
#1007 = CARTESIAN_POINT('',(58.101690218027,-35.54014141552,
    -113.6952693318));
#1008 = CARTESIAN_POINT('',(54.109396248483,-47.38141162995,
    -103.1642452392));
#1009 = CARTESIAN_POINT('',(48.785439836505,-59.22638070243,
    -89.12051156872));
#1010 = CARTESIAN_POINT('',(42.131441238186,-71.06832709668,
    -71.56834229315));
#1011 = CARTESIAN_POINT('',(34.146553153031,-82.91186026096,
    -50.50550237123));
#1012 = CARTESIAN_POINT('',(24.831017939072,-94.75497355495,
    -25.93263110414));
#1013 = CARTESIAN_POINT('',(13.574238439449,-107.2773718736,
    3.760927792155));
#1014 = CARTESIAN_POINT('',(12.963167331871,-107.9571467426,
    5.372834281335));
#1015 = CARTESIAN_POINT('',(12.351541882083,-108.6375382795,
    6.98620303537));
#1016 = CARTESIAN_POINT('',(11.739362090086,-109.3185464842,
    8.601034054259));
#1017 = CARTESIAN_POINT('',(11.12662795588,-110.0001713568,
    10.217327338004));
#1018 = CARTESIAN_POINT('',(10.513339479464,-110.6824128972,
    11.835082886604));
#1019 = CARTESIAN_POINT('',(9.899496660838,-111.3652711055,
    13.454300700059));
#1020 = CARTESIAN_POINT('',(9.285099500003,-112.0487459816,
    15.07498077837));
#1021 = CARTESIAN_POINT('',(8.670147996959,-112.7328375255,
    16.697123121535));
#1022 = DEFINITIONAL_REPRESENTATION('',(#1023),#1026);
#1023 = B_SPLINE_CURVE_WITH_KNOTS('',1,(#1024,#1025),.UNSPECIFIED.,.F.,
  .F.,(2,2),(0.,181.58379159427),.PIECEWISE_BEZIER_KNOTS.);
#1024 = CARTESIAN_POINT('',(0.,180.80980824821));
#1025 = CARTESIAN_POINT('',(181.58379159427,180.80980824821));
#1026 = ( GEOMETRIC_REPRESENTATION_CONTEXT(2) 
PARAMETRIC_REPRESENTATION_CONTEXT() REPRESENTATION_CONTEXT('2D SPACE',''
  ) );
#1027 = ORIENTED_EDGE('',*,*,#1028,.T.);
#1028 = EDGE_CURVE('',#959,#1029,#1031,.T.);
#1029 = VERTEX_POINT('',#1030);
#1030 = CARTESIAN_POINT('',(15.,-105.6874185199,0.));
#1031 = SURFACE_CURVE('',#1032,(#1051),.PCURVE_S1.);
#1032 = B_SPLINE_CURVE_WITH_KNOTS('',9,(#1033,#1034,#1035,#1036,#1037,
    #1038,#1039,#1040,#1041,#1042,#1043,#1044,#1045,#1046,#1047,#1048,
    #1049,#1050),.UNSPECIFIED.,.F.,.F.,(10,8,10),(180.80980824821,
    362.39359984249,372.80663884545),.UNSPECIFIED.);
#1033 = CARTESIAN_POINT('',(62.096850568825,-1.491468417191E-14,
    -124.2338544734));
#1034 = CARTESIAN_POINT('',(62.096850568825,-11.84777871756,
    -124.2338544734));
#1035 = CARTESIAN_POINT('',(60.765231256947,-23.69567318412,
    -120.7212586669));
#1036 = CARTESIAN_POINT('',(58.101690218027,-35.54014141552,
    -113.6952693318));
#1037 = CARTESIAN_POINT('',(54.109396248483,-47.38141162995,
    -103.1642452392));
#1038 = CARTESIAN_POINT('',(48.785439836505,-59.22638070243,
    -89.12051156872));
#1039 = CARTESIAN_POINT('',(42.131441238186,-71.06832709668,
    -71.56834229315));
#1040 = CARTESIAN_POINT('',(34.146553153031,-82.91186026096,
    -50.50550237123));
#1041 = CARTESIAN_POINT('',(24.831017939072,-94.75497355495,
    -25.93263110414));
#1042 = CARTESIAN_POINT('',(13.574238439449,-107.2773718736,
    3.760927792155));
#1043 = CARTESIAN_POINT('',(12.963167331871,-107.9571467426,
    5.372834281335));
#1044 = CARTESIAN_POINT('',(12.351541882083,-108.6375382795,
    6.98620303537));
#1045 = CARTESIAN_POINT('',(11.739362090086,-109.3185464842,
    8.601034054259));
#1046 = CARTESIAN_POINT('',(11.12662795588,-110.0001713568,
    10.217327338004));
#1047 = CARTESIAN_POINT('',(10.513339479464,-110.6824128972,
    11.835082886604));
#1048 = CARTESIAN_POINT('',(9.899496660838,-111.3652711055,
    13.454300700059));
#1049 = CARTESIAN_POINT('',(9.285099500003,-112.0487459816,
    15.07498077837));
#1050 = CARTESIAN_POINT('',(8.670147996959,-112.7328375255,
    16.697123121535));
#1051 = PCURVE('',#967,#1052);
#1052 = DEFINITIONAL_REPRESENTATION('',(#1053),#1057);
#1053 = LINE('',#1054,#1055);
#1054 = CARTESIAN_POINT('',(181.58379159427,0.));
#1055 = VECTOR('',#1056,1.);
#1056 = DIRECTION('',(0.,1.));
#1057 = ( GEOMETRIC_REPRESENTATION_CONTEXT(2) 
PARAMETRIC_REPRESENTATION_CONTEXT() REPRESENTATION_CONTEXT('2D SPACE',''
  ) );
#1058 = ORIENTED_EDGE('',*,*,#1059,.F.);
#1059 = EDGE_CURVE('',#1060,#1029,#1062,.T.);
#1060 = VERTEX_POINT('',#1061);
#1061 = CARTESIAN_POINT('',(11.686533875108,-109.3774424915,0.));
#1062 = SURFACE_CURVE('',#1063,(#1086),.PCURVE_S1.);
#1063 = B_SPLINE_CURVE_WITH_KNOTS('',6,(#1064,#1065,#1066,#1067,#1068,
    #1069,#1070,#1071,#1072,#1073,#1074,#1075,#1076,#1077,#1078,#1079,
    #1080,#1081,#1082,#1083,#1084,#1085),.UNSPECIFIED.,.F.,.F.,(7,5,5,5,
    7),(0.,0.249985035126,0.500000631737,0.750015759454,1.),
  .UNSPECIFIED.);
#1064 = CARTESIAN_POINT('',(11.686533875108,-109.3774424915,0.));
#1065 = CARTESIAN_POINT('',(11.87924699387,-109.3568518803,0.));
#1066 = CARTESIAN_POINT('',(12.078284948411,-109.321593125,0.));
#1067 = CARTESIAN_POINT('',(12.282141356677,-109.2702307478,0.));
#1068 = CARTESIAN_POINT('',(12.488763556797,-109.201588886,0.));
#1069 = CARTESIAN_POINT('',(12.695523962093,-109.115105193,0.));
#1070 = CARTESIAN_POINT('',(13.103705008105,-108.9069345487,0.));
#1071 = CARTESIAN_POINT('',(13.305124332767,-108.7852427296,0.));
#1072 = CARTESIAN_POINT('',(13.501043218123,-108.6461932998,0.));
#1073 = CARTESIAN_POINT('',(13.688427911558,-108.4908201795,0.));
#1074 = CARTESIAN_POINT('',(13.864483446735,-108.3210823452,0.));
#1075 = CARTESIAN_POINT('',(14.189627979484,-107.9578211109,0.));
#1076 = CARTESIAN_POINT('',(14.338716358678,-107.7642985972,0.));
#1077 = CARTESIAN_POINT('',(14.472161873074,-107.5613520912,0.));
#1078 = CARTESIAN_POINT('',(14.588422800277,-107.3519921465,0.));
#1079 = CARTESIAN_POINT('',(14.686898244871,-107.139304043,0.));
#1080 = CARTESIAN_POINT('',(14.848524735818,-106.7128216797,0.));
#1081 = CARTESIAN_POINT('',(14.9116808308,-106.4990280416,0.));
#1082 = CARTESIAN_POINT('',(14.957310532064,-106.2874348521,0.));
#1083 = CARTESIAN_POINT('',(14.986290419749,-106.0805027217,0.));
#1084 = CARTESIAN_POINT('',(15.,-105.8800677694,0.));
#1085 = CARTESIAN_POINT('',(15.,-105.6874186599,0.));
#1086 = PCURVE('',#967,#1087);
#1087 = DEFINITIONAL_REPRESENTATION('',(#1088),#1111);
#1088 = B_SPLINE_CURVE_WITH_KNOTS('',6,(#1089,#1090,#1091,#1092,#1093,
    #1094,#1095,#1096,#1097,#1098,#1099,#1100,#1101,#1102,#1103,#1104,
    #1105,#1106,#1107,#1108,#1109,#1110),.UNSPECIFIED.,.F.,.F.,(7,5,5,5,
    7),(0.,0.249985035126,0.500000631737,0.750015759454,1.),
  .UNSPECIFIED.);
#1089 = CARTESIAN_POINT('',(0.,362.39359984249));
#1090 = CARTESIAN_POINT('',(7.566574299175,362.34935577637));
#1091 = CARTESIAN_POINT('',(15.132922979693,362.30037920396));
#1092 = CARTESIAN_POINT('',(22.699028873021,362.24663554905));
#1093 = CARTESIAN_POINT('',(30.264889416096,362.18826011463));
#1094 = CARTESIAN_POINT('',(37.830521047854,362.12564672667));
#1095 = CARTESIAN_POINT('',(52.962303280744,361.9931827752));
#1096 = CARTESIAN_POINT('',(60.528457425202,361.9233313211));
#1097 = CARTESIAN_POINT('',(68.094438203931,361.85048617557));
#1098 = CARTESIAN_POINT('',(75.660296136339,361.77549916992));
#1099 = CARTESIAN_POINT('',(83.226096464723,361.69939452841));
#1100 = CARTESIAN_POINT('',(98.357686822409,361.54698909384));
#1101 = CARTESIAN_POINT('',(105.92347932077,361.47068863199));
#1102 = CARTESIAN_POINT('',(113.48933596326,361.39530994864));
#1103 = CARTESIAN_POINT('',(121.05532095463,361.32187958172));
#1104 = CARTESIAN_POINT('',(128.62148267133,361.25125565444));
#1105 = CARTESIAN_POINT('',(143.75327378885,361.11689964311));
#1106 = CARTESIAN_POINT('',(151.31890658556,361.05316669169));
#1107 = CARTESIAN_POINT('',(158.88476865091,360.99351147495));
#1108 = CARTESIAN_POINT('',(166.45087471896,360.93834815603));
#1109 = CARTESIAN_POINT('',(174.01722138316,360.88784000635));
#1110 = CARTESIAN_POINT('',(181.58379159427,360.8419817819));
#1111 = ( GEOMETRIC_REPRESENTATION_CONTEXT(2) 
PARAMETRIC_REPRESENTATION_CONTEXT() REPRESENTATION_CONTEXT('2D SPACE',''
  ) );
#1112 = ORIENTED_EDGE('',*,*,#1113,.F.);
#1113 = EDGE_CURVE('',#957,#1060,#1114,.T.);
#1114 = SURFACE_CURVE('',#1115,(#1134),.PCURVE_S1.);
#1115 = B_SPLINE_CURVE_WITH_KNOTS('',9,(#1116,#1117,#1118,#1119,#1120,
    #1121,#1122,#1123,#1124,#1125,#1126,#1127,#1128,#1129,#1130,#1131,
    #1132,#1133),.UNSPECIFIED.,.F.,.F.,(10,8,10),(180.80980824821,
    362.39359984249,372.80663884545),.UNSPECIFIED.);
#1116 = CARTESIAN_POINT('',(62.096850568825,-1.520883955179E-14,
    -126.3607401211));
#1117 = CARTESIAN_POINT('',(62.096850568825,-12.39355117557,
    -126.3607401211));
#1118 = CARTESIAN_POINT('',(60.642495511647,-24.78669266475,
    -122.8560088522));
#1119 = CARTESIAN_POINT('',(57.735364376561,-37.14209606596,
    -115.848999096));
#1120 = CARTESIAN_POINT('',(53.391210566263,-49.40894261614,
    -105.3147412379));
#1121 = CARTESIAN_POINT('',(47.686186209622,-61.54660227516,
    -91.27652056119));
#1122 = CARTESIAN_POINT('',(40.64727265251,-73.60337601955,
    -73.72247038832));
#1123 = CARTESIAN_POINT('',(32.296313558513,-85.57889094867,
    -52.65906636372));
#1124 = CARTESIAN_POINT('',(22.64163222951,-97.49946816237,
    -28.08470757376));
#1125 = CARTESIAN_POINT('',(11.058306733004,-110.0585925483,
    1.610535570299));
#1126 = CARTESIAN_POINT('',(10.430079590901,-110.7397426052,
    3.221071140598));
#1127 = CARTESIAN_POINT('',(9.801852448797,-111.420892662,4.831606710898
    ));
#1128 = CARTESIAN_POINT('',(9.173625306693,-112.1020427188,
    6.442142281197));
#1129 = CARTESIAN_POINT('',(8.545398164589,-112.7831927757,
    8.052677851496));
#1130 = CARTESIAN_POINT('',(7.917171022485,-113.4643428325,
    9.663213421795));
#1131 = CARTESIAN_POINT('',(7.288943880381,-114.1454928893,
    11.273748992094));
#1132 = CARTESIAN_POINT('',(6.660716738277,-114.8266429462,
    12.884284562393));
#1133 = CARTESIAN_POINT('',(6.032489596174,-115.507793003,
    14.494820132693));
#1134 = PCURVE('',#967,#1135);
#1135 = DEFINITIONAL_REPRESENTATION('',(#1136),#1140);
#1136 = LINE('',#1137,#1138);
#1137 = CARTESIAN_POINT('',(0.,0.));
#1138 = VECTOR('',#1139,1.);
#1139 = DIRECTION('',(0.,1.));
#1140 = ( GEOMETRIC_REPRESENTATION_CONTEXT(2) 
PARAMETRIC_REPRESENTATION_CONTEXT() REPRESENTATION_CONTEXT('2D SPACE',''
  ) );
#1141 = ( GEOMETRIC_REPRESENTATION_CONTEXT(3) 
GLOBAL_UNCERTAINTY_ASSIGNED_CONTEXT((#1145)) 
GLOBAL_UNIT_ASSIGNED_CONTEXT((#1142,#1143,#1144)) REPRESENTATION_CONTEXT
('Context #1','3D Context with UNIT and UNCERTAINTY') );
#1142 = ( LENGTH_UNIT() NAMED_UNIT(*) SI_UNIT(.MILLI.,.METRE.) );
#1143 = ( NAMED_UNIT(*) PLANE_ANGLE_UNIT() SI_UNIT($,.RADIAN.) );
#1144 = ( NAMED_UNIT(*) SI_UNIT($,.STERADIAN.) SOLID_ANGLE_UNIT() );
#1145 = UNCERTAINTY_MEASURE_WITH_UNIT(LENGTH_MEASURE(1.E-04),#1142,
  'distance_accuracy_value','confusion accuracy');
#1146 = CONTEXT_DEPENDENT_SHAPE_REPRESENTATION(#1147,#1149);
#1147 = ( REPRESENTATION_RELATIONSHIP('','',#949,#10) 
REPRESENTATION_RELATIONSHIP_WITH_TRANSFORMATION(#1148) 
SHAPE_REPRESENTATION_RELATIONSHIP() );
#1148 = ITEM_DEFINED_TRANSFORMATION('','',#11,#31);
#1149 = PRODUCT_DEFINITION_SHAPE('Placement','Placement of an item',
  #1150);
#1150 = NEXT_ASSEMBLY_USAGE_OCCURRENCE('5','','',#5,#944,$);
#1151 = PRODUCT_RELATED_PRODUCT_CATEGORY('part',$,(#946));
#1152 = SHAPE_DEFINITION_REPRESENTATION(#1153,#1159);
#1153 = PRODUCT_DEFINITION_SHAPE('','',#1154);
#1154 = PRODUCT_DEFINITION('design','',#1155,#1158);
#1155 = PRODUCT_DEFINITION_FORMATION('','',#1156);
#1156 = PRODUCT('Open CASCADE STEP translator 7.8 1.6',
  'Open CASCADE STEP translator 7.8 1.6','',(#1157));
#1157 = PRODUCT_CONTEXT('',#2,'mechanical');
#1158 = PRODUCT_DEFINITION_CONTEXT('part definition',#2,'design');
#1159 = MANIFOLD_SURFACE_SHAPE_REPRESENTATION('',(#11,#1160),#1262);
#1160 = SHELL_BASED_SURFACE_MODEL('',(#1161));
#1161 = OPEN_SHELL('',(#1162));
#1162 = ADVANCED_FACE('',(#1163),#1177,.T.);
#1163 = FACE_BOUND('',#1164,.T.);
#1164 = EDGE_LOOP('',(#1165,#1188,#1226));
#1165 = ORIENTED_EDGE('',*,*,#1166,.F.);
#1166 = EDGE_CURVE('',#1167,#1169,#1171,.T.);
#1167 = VERTEX_POINT('',#1168);
#1168 = CARTESIAN_POINT('',(15.,-105.6874185199,0.));
#1169 = VERTEX_POINT('',#1170);
#1170 = CARTESIAN_POINT('',(15.,105.68741851997,0.));
#1171 = SURFACE_CURVE('',#1172,(#1176),.PCURVE_S1.);
#1172 = LINE('',#1173,#1174);
#1173 = CARTESIAN_POINT('',(15.,-244.,0.));
#1174 = VECTOR('',#1175,1.);
#1175 = DIRECTION('',(0.,1.,0.));
#1176 = PCURVE('',#1177,#1182);
#1177 = PLANE('',#1178);
#1178 = AXIS2_PLACEMENT_3D('',#1179,#1180,#1181);
#1179 = CARTESIAN_POINT('',(107.5,-244.,-244.));
#1180 = DIRECTION('',(0.935063239715,-0.,0.354480941285));
#1181 = DIRECTION('',(-0.354480941285,0.,0.935063239715));
#1182 = DEFINITIONAL_REPRESENTATION('',(#1183),#1187);
#1183 = LINE('',#1184,#1185);
#1184 = CARTESIAN_POINT('',(260.94491755924,0.));
#1185 = VECTOR('',#1186,1.);
#1186 = DIRECTION('',(0.,-1.));
#1187 = ( GEOMETRIC_REPRESENTATION_CONTEXT(2) 
PARAMETRIC_REPRESENTATION_CONTEXT() REPRESENTATION_CONTEXT('2D SPACE',''
  ) );
#1188 = ORIENTED_EDGE('',*,*,#1189,.F.);
#1189 = EDGE_CURVE('',#1190,#1167,#1192,.T.);
#1190 = VERTEX_POINT('',#1191);
#1191 = CARTESIAN_POINT('',(62.096850568825,-2.84217094304E-14,
    -124.2338544734));
#1192 = SURFACE_CURVE('',#1193,(#1212),.PCURVE_S1.);
#1193 = B_SPLINE_CURVE_WITH_KNOTS('',9,(#1194,#1195,#1196,#1197,#1198,
    #1199,#1200,#1201,#1202,#1203,#1204,#1205,#1206,#1207,#1208,#1209,
    #1210,#1211),.UNSPECIFIED.,.F.,.F.,(10,8,10),(180.80980824821,
    362.39359984249,372.80663884545),.UNSPECIFIED.);
#1194 = CARTESIAN_POINT('',(62.096850568825,-1.491468417191E-14,
    -124.2338544734));
#1195 = CARTESIAN_POINT('',(62.096850568825,-11.84777871756,
    -124.2338544734));
#1196 = CARTESIAN_POINT('',(60.765231256947,-23.69567318412,
    -120.7212586669));
#1197 = CARTESIAN_POINT('',(58.101690218027,-35.54014141552,
    -113.6952693318));
#1198 = CARTESIAN_POINT('',(54.109396248483,-47.38141162995,
    -103.1642452392));
#1199 = CARTESIAN_POINT('',(48.785439836505,-59.22638070243,
    -89.12051156872));
#1200 = CARTESIAN_POINT('',(42.131441238186,-71.06832709668,
    -71.56834229315));
#1201 = CARTESIAN_POINT('',(34.146553153031,-82.91186026096,
    -50.50550237123));
#1202 = CARTESIAN_POINT('',(24.831017939072,-94.75497355495,
    -25.93263110414));
#1203 = CARTESIAN_POINT('',(13.574238439449,-107.2773718736,
    3.760927792155));
#1204 = CARTESIAN_POINT('',(12.963167331871,-107.9571467426,
    5.372834281335));
#1205 = CARTESIAN_POINT('',(12.351541882083,-108.6375382795,
    6.98620303537));
#1206 = CARTESIAN_POINT('',(11.739362090086,-109.3185464842,
    8.601034054259));
#1207 = CARTESIAN_POINT('',(11.12662795588,-110.0001713568,
    10.217327338004));
#1208 = CARTESIAN_POINT('',(10.513339479464,-110.6824128972,
    11.835082886604));
#1209 = CARTESIAN_POINT('',(9.899496660838,-111.3652711055,
    13.454300700059));
#1210 = CARTESIAN_POINT('',(9.285099500003,-112.0487459816,
    15.07498077837));
#1211 = CARTESIAN_POINT('',(8.670147996959,-112.7328375255,
    16.697123121535));
#1212 = PCURVE('',#1177,#1213);
#1213 = DEFINITIONAL_REPRESENTATION('',(#1214),#1225);
#1214 = B_SPLINE_CURVE_WITH_KNOTS('',9,(#1215,#1216,#1217,#1218,#1219,
    #1220,#1221,#1222,#1223,#1224),.UNSPECIFIED.,.F.,.F.,(10,10),(
    180.80980824821,362.39359984249),.PIECEWISE_BEZIER_KNOTS.);
#1215 = CARTESIAN_POINT('',(128.08347119186,-244.));
#1216 = CARTESIAN_POINT('',(128.08347119186,-232.1522212824));
#1217 = CARTESIAN_POINT('',(131.84000407358,-220.3043268158));
#1218 = CARTESIAN_POINT('',(139.35392295807,-208.4598585844));
#1219 = CARTESIAN_POINT('',(150.61628858788,-196.61858837));
#1220 = CARTESIAN_POINT('',(165.63530877177,-184.7736192975));
#1221 = CARTESIAN_POINT('',(184.40641272506,-172.9316729033));
#1222 = CARTESIAN_POINT('',(206.93199070452,-161.088139739));
#1223 = CARTESIAN_POINT('',(233.21135901184,-149.245026445));
#1224 = CARTESIAN_POINT('',(263.2447444335,-137.4017863275));
#1225 = ( GEOMETRIC_REPRESENTATION_CONTEXT(2) 
PARAMETRIC_REPRESENTATION_CONTEXT() REPRESENTATION_CONTEXT('2D SPACE',''
  ) );
#1226 = ORIENTED_EDGE('',*,*,#1227,.F.);
#1227 = EDGE_CURVE('',#1169,#1190,#1228,.T.);
#1228 = SURFACE_CURVE('',#1229,(#1248),.PCURVE_S1.);
#1229 = B_SPLINE_CURVE_WITH_KNOTS('',9,(#1230,#1231,#1232,#1233,#1234,
    #1235,#1236,#1237,#1238,#1239,#1240,#1241,#1242,#1243,#1244,#1245,
    #1246,#1247),.UNSPECIFIED.,.F.,.F.,(10,8,10),(-11.18702234902,
    -0.773983346059,180.80980824821),.UNSPECIFIED.);
#1230 = CARTESIAN_POINT('',(8.670147996959,112.73283752557,
    16.697123121535));
#1231 = CARTESIAN_POINT('',(9.285099500003,112.04874598162,
    15.07498077837));
#1232 = CARTESIAN_POINT('',(9.899496660838,111.36527110551,
    13.454300700059));
#1233 = CARTESIAN_POINT('',(10.513339479464,110.68241289725,
    11.835082886604));
#1234 = CARTESIAN_POINT('',(11.12662795588,110.00017135684,
    10.217327338004));
#1235 = CARTESIAN_POINT('',(11.739362090086,109.31854648427,
    8.601034054259));
#1236 = CARTESIAN_POINT('',(12.351541882083,108.63753827954,
    6.98620303537));
#1237 = CARTESIAN_POINT('',(12.963167331871,107.95714674266,
    5.372834281335));
#1238 = CARTESIAN_POINT('',(13.574238439449,107.27737187362,
    3.760927792155));
#1239 = CARTESIAN_POINT('',(24.831017939071,94.75497355495,
    -25.93263110414));
#1240 = CARTESIAN_POINT('',(34.146553153037,82.911860260977,
    -50.50550237124));
#1241 = CARTESIAN_POINT('',(42.131441238173,71.068327096666,
    -71.56834229313));
#1242 = CARTESIAN_POINT('',(48.785439836522,59.226380702456,
    -89.12051156875));
#1243 = CARTESIAN_POINT('',(54.109396248466,47.381411629933,
    -103.1642452392));
#1244 = CARTESIAN_POINT('',(58.101690218038,35.540141415539,
    -113.6952693318));
#1245 = CARTESIAN_POINT('',(60.765231256942,23.695673184117,
    -120.7212586669));
#1246 = CARTESIAN_POINT('',(62.096850568826,11.847778717567,
    -124.2338544734));
#1247 = CARTESIAN_POINT('',(62.096850568825,-2.84217094304E-14,
    -124.2338544734));
#1248 = PCURVE('',#1177,#1249);
#1249 = DEFINITIONAL_REPRESENTATION('',(#1250),#1261);
#1250 = B_SPLINE_CURVE_WITH_KNOTS('',9,(#1251,#1252,#1253,#1254,#1255,
    #1256,#1257,#1258,#1259,#1260),.UNSPECIFIED.,.F.,.F.,(10,10),(
    -0.773983346059,180.80980824821),.PIECEWISE_BEZIER_KNOTS.);
#1251 = CARTESIAN_POINT('',(263.2447444335,-350.5982136724));
#1252 = CARTESIAN_POINT('',(233.21135901183,-338.7549735549));
#1253 = CARTESIAN_POINT('',(206.93199070455,-326.911860261));
#1254 = CARTESIAN_POINT('',(184.40641272501,-315.0683270965));
#1255 = CARTESIAN_POINT('',(165.63530877185,-303.2263807025));
#1256 = CARTESIAN_POINT('',(150.61628858781,-291.3814116298));
#1257 = CARTESIAN_POINT('',(139.35392295811,-279.5401414156));
#1258 = CARTESIAN_POINT('',(131.84000407356,-267.695673184));
#1259 = CARTESIAN_POINT('',(128.08347119187,-255.8477787175));
#1260 = CARTESIAN_POINT('',(128.08347119186,-244.));
#1261 = ( GEOMETRIC_REPRESENTATION_CONTEXT(2) 
PARAMETRIC_REPRESENTATION_CONTEXT() REPRESENTATION_CONTEXT('2D SPACE',''
  ) );
#1262 = ( GEOMETRIC_REPRESENTATION_CONTEXT(3) 
GLOBAL_UNCERTAINTY_ASSIGNED_CONTEXT((#1266)) 
GLOBAL_UNIT_ASSIGNED_CONTEXT((#1263,#1264,#1265)) REPRESENTATION_CONTEXT
('Context #1','3D Context with UNIT and UNCERTAINTY') );
#1263 = ( LENGTH_UNIT() NAMED_UNIT(*) SI_UNIT(.MILLI.,.METRE.) );
#1264 = ( NAMED_UNIT(*) PLANE_ANGLE_UNIT() SI_UNIT($,.RADIAN.) );
#1265 = ( NAMED_UNIT(*) SI_UNIT($,.STERADIAN.) SOLID_ANGLE_UNIT() );
#1266 = UNCERTAINTY_MEASURE_WITH_UNIT(LENGTH_MEASURE(5.E-05),#1263,
  'distance_accuracy_value','confusion accuracy');
#1267 = CONTEXT_DEPENDENT_SHAPE_REPRESENTATION(#1268,#1270);
#1268 = ( REPRESENTATION_RELATIONSHIP('','',#1159,#10) 
REPRESENTATION_RELATIONSHIP_WITH_TRANSFORMATION(#1269) 
SHAPE_REPRESENTATION_RELATIONSHIP() );
#1269 = ITEM_DEFINED_TRANSFORMATION('','',#11,#35);
#1270 = PRODUCT_DEFINITION_SHAPE('Placement','Placement of an item',
  #1271);
#1271 = NEXT_ASSEMBLY_USAGE_OCCURRENCE('6','','',#5,#1154,$);
#1272 = PRODUCT_RELATED_PRODUCT_CATEGORY('part',$,(#1156));
#1273 = SHAPE_DEFINITION_REPRESENTATION(#1274,#1280);
#1274 = PRODUCT_DEFINITION_SHAPE('','',#1275);
#1275 = PRODUCT_DEFINITION('design','',#1276,#1279);
#1276 = PRODUCT_DEFINITION_FORMATION('','',#1277);
#1277 = PRODUCT('Open CASCADE STEP translator 7.8 1.7',
  'Open CASCADE STEP translator 7.8 1.7','',(#1278));
#1278 = PRODUCT_CONTEXT('',#2,'mechanical');
#1279 = PRODUCT_DEFINITION_CONTEXT('part definition',#2,'design');
#1280 = MANIFOLD_SURFACE_SHAPE_REPRESENTATION('',(#11,#1281),#1369);
#1281 = SHELL_BASED_SURFACE_MODEL('',(#1282));
#1282 = OPEN_SHELL('',(#1283));
#1283 = ADVANCED_FACE('',(#1284),#1298,.T.);
#1284 = FACE_BOUND('',#1285,.T.);
#1285 = EDGE_LOOP('',(#1286,#1309));
#1286 = ORIENTED_EDGE('',*,*,#1287,.T.);
#1287 = EDGE_CURVE('',#1288,#1290,#1292,.T.);
#1288 = VERTEX_POINT('',#1289);
#1289 = CARTESIAN_POINT('',(-15.,-105.6874185199,0.));
#1290 = VERTEX_POINT('',#1291);
#1291 = CARTESIAN_POINT('',(-15.,105.68741851997,0.));
#1292 = SURFACE_CURVE('',#1293,(#1297),.PCURVE_S1.);
#1293 = LINE('',#1294,#1295);
#1294 = CARTESIAN_POINT('',(-15.,-244.,0.));
#1295 = VECTOR('',#1296,1.);
#1296 = DIRECTION('',(0.,1.,0.));
#1297 = PCURVE('',#1298,#1303);
#1298 = PLANE('',#1299);
#1299 = AXIS2_PLACEMENT_3D('',#1300,#1301,#1302);
#1300 = CARTESIAN_POINT('',(-15.,-244.,0.));
#1301 = DIRECTION('',(-0.935063239715,0.,0.354480941285));
#1302 = DIRECTION('',(-0.354480941285,0.,-0.935063239715));
#1303 = DEFINITIONAL_REPRESENTATION('',(#1304),#1308);
#1304 = LINE('',#1305,#1306);
#1305 = CARTESIAN_POINT('',(0.,0.));
#1306 = VECTOR('',#1307,1.);
#1307 = DIRECTION('',(0.,-1.));
#1308 = ( GEOMETRIC_REPRESENTATION_CONTEXT(2) 
PARAMETRIC_REPRESENTATION_CONTEXT() REPRESENTATION_CONTEXT('2D SPACE',''
  ) );
#1309 = ORIENTED_EDGE('',*,*,#1310,.F.);
#1310 = EDGE_CURVE('',#1288,#1290,#1311,.T.);
#1311 = SURFACE_CURVE('',#1312,(#1347),.PCURVE_S1.);
#1312 = B_SPLINE_CURVE_WITH_KNOTS('',9,(#1313,#1314,#1315,#1316,#1317,
    #1318,#1319,#1320,#1321,#1322,#1323,#1324,#1325,#1326,#1327,#1328,
    #1329,#1330,#1331,#1332,#1333,#1334,#1335,#1336,#1337,#1338,#1339,
    #1340,#1341,#1342,#1343,#1344,#1345,#1346),.UNSPECIFIED.,.F.,.F.,(10
    ,8,8,8,10),(-11.16033993943,-0.773142397452,180.61335472349,
    361.99985184443,372.38704938641),.UNSPECIFIED.);
#1313 = CARTESIAN_POINT('',(-8.677849927321,-112.7242696541,
    16.676806678201));
#1314 = CARTESIAN_POINT('',(-9.291942563445,-112.0411335409,
    15.056929886696));
#1315 = CARTESIAN_POINT('',(-9.905481631579,-111.3586132343,
    13.438513317779));
#1316 = CARTESIAN_POINT('',(-10.51846713172,-110.6767087343,
    11.821556971451));
#1317 = CARTESIAN_POINT('',(-11.13089906388,-109.9954200409,
    10.206060847711));
#1318 = CARTESIAN_POINT('',(-11.74277742804,-109.314747154,8.59202494656
    ));
#1319 = CARTESIAN_POINT('',(-12.35410222422,-108.6346900737,
    6.979449267996));
#1320 = CARTESIAN_POINT('',(-12.96487345241,-107.9552488001,
    5.368333812022));
#1321 = CARTESIAN_POINT('',(-13.5750911126,-107.2764233329,
    3.758678578635));
#1322 = CARTESIAN_POINT('',(-24.83101793922,-94.75497355478,
    -25.93263110454));
#1323 = CARTESIAN_POINT('',(-34.14655315247,-82.91186026159,
    -50.50550236978));
#1324 = CARTESIAN_POINT('',(-42.13144123924,-71.06832709548,
    -71.56834229594));
#1325 = CARTESIAN_POINT('',(-48.78543983525,-59.22638070385,
    -89.12051156543));
#1326 = CARTESIAN_POINT('',(-54.10939624941,-47.38141162889,
    -103.1642452416));
#1327 = CARTESIAN_POINT('',(-58.1016902176,-35.540141416,-113.6952693307
    ));
#1328 = CARTESIAN_POINT('',(-60.76523125703,-23.69567318402,
    -120.7212586672));
#1329 = CARTESIAN_POINT('',(-62.09685056882,-11.84777871756,
    -124.2338544734));
#1330 = CARTESIAN_POINT('',(-62.09685056882,11.847778717565,
    -124.2338544734));
#1331 = CARTESIAN_POINT('',(-60.76523125703,23.69567318402,
    -120.7212586672));
#1332 = CARTESIAN_POINT('',(-58.1016902176,35.540141416006,
    -113.6952693307));
#1333 = CARTESIAN_POINT('',(-54.10939624941,47.381411628885,
    -103.1642452417));
#1334 = CARTESIAN_POINT('',(-48.78543983525,59.226380703862,
    -89.12051156543));
#1335 = CARTESIAN_POINT('',(-42.13144123924,71.068327095474,
    -71.56834229594));
#1336 = CARTESIAN_POINT('',(-34.14655315248,82.9118602616,
    -50.50550236978));
#1337 = CARTESIAN_POINT('',(-24.83101793922,94.754973554781,
    -25.93263110454));
#1338 = CARTESIAN_POINT('',(-13.5750911126,107.27642333298,
    3.758678578635));
#1339 = CARTESIAN_POINT('',(-12.96487345241,107.9552488001,
    5.368333812022));
#1340 = CARTESIAN_POINT('',(-12.35410222422,108.63469007379,
    6.979449267996));
#1341 = CARTESIAN_POINT('',(-11.74277742804,109.31474715407,
    8.59202494656));
#1342 = CARTESIAN_POINT('',(-11.13089906388,109.99542004092,
    10.206060847711));
#1343 = CARTESIAN_POINT('',(-10.51846713172,110.67670873435,
    11.821556971451));
#1344 = CARTESIAN_POINT('',(-9.90548163158,111.35861323436,
    13.438513317779));
#1345 = CARTESIAN_POINT('',(-9.291942563445,112.04113354094,
    15.056929886696));
#1346 = CARTESIAN_POINT('',(-8.677849927321,112.72426965411,
    16.676806678201));
#1347 = PCURVE('',#1298,#1348);
#1348 = DEFINITIONAL_REPRESENTATION('',(#1349),#1368);
#1349 = B_SPLINE_CURVE_WITH_KNOTS('',9,(#1350,#1351,#1352,#1353,#1354,
    #1355,#1356,#1357,#1358,#1359,#1360,#1361,#1362,#1363,#1364,#1365,
    #1366,#1367),.UNSPECIFIED.,.F.,.F.,(10,8,10),(-0.773142397452,
    180.61335472349,361.99985184443),.UNSPECIFIED.);
#1350 = CARTESIAN_POINT('',(-2.299826874269,-137.4017863275));
#1351 = CARTESIAN_POINT('',(27.733558547825,-149.2450264452));
#1352 = CARTESIAN_POINT('',(54.012926853157,-161.0881397383));
#1353 = CARTESIAN_POINT('',(76.538504837167,-172.9316729045));
#1354 = CARTESIAN_POINT('',(95.309608783928,-184.7736192961));
#1355 = CARTESIAN_POINT('',(110.32862897401,-196.6185883711));
#1356 = CARTESIAN_POINT('',(121.59099459997,-208.4598585839));
#1357 = CARTESIAN_POINT('',(129.10491348591,-220.3043268159));
#1358 = CARTESIAN_POINT('',(132.86144636737,-232.1522212824));
#1359 = CARTESIAN_POINT('',(132.86144636737,-255.8477787175));
#1360 = CARTESIAN_POINT('',(129.10491348591,-267.695673184));
#1361 = CARTESIAN_POINT('',(121.59099459998,-279.5401414159));
#1362 = CARTESIAN_POINT('',(110.32862897399,-291.3814116289));
#1363 = CARTESIAN_POINT('',(95.309608783946,-303.2263807038));
#1364 = CARTESIAN_POINT('',(76.538504837153,-315.0683270954));
#1365 = CARTESIAN_POINT('',(54.012926853164,-326.9118602615));
#1366 = CARTESIAN_POINT('',(27.733558547823,-338.7549735547));
#1367 = CARTESIAN_POINT('',(-2.299826874269,-350.5982136724));
#1368 = ( GEOMETRIC_REPRESENTATION_CONTEXT(2) 
PARAMETRIC_REPRESENTATION_CONTEXT() REPRESENTATION_CONTEXT('2D SPACE',''
  ) );
#1369 = ( GEOMETRIC_REPRESENTATION_CONTEXT(3) 
GLOBAL_UNCERTAINTY_ASSIGNED_CONTEXT((#1373)) 
GLOBAL_UNIT_ASSIGNED_CONTEXT((#1370,#1371,#1372)) REPRESENTATION_CONTEXT
('Context #1','3D Context with UNIT and UNCERTAINTY') );
#1370 = ( LENGTH_UNIT() NAMED_UNIT(*) SI_UNIT(.MILLI.,.METRE.) );
#1371 = ( NAMED_UNIT(*) PLANE_ANGLE_UNIT() SI_UNIT($,.RADIAN.) );
#1372 = ( NAMED_UNIT(*) SI_UNIT($,.STERADIAN.) SOLID_ANGLE_UNIT() );
#1373 = UNCERTAINTY_MEASURE_WITH_UNIT(LENGTH_MEASURE(5.E-05),#1370,
  'distance_accuracy_value','confusion accuracy');
#1374 = CONTEXT_DEPENDENT_SHAPE_REPRESENTATION(#1375,#1377);
#1375 = ( REPRESENTATION_RELATIONSHIP('','',#1280,#10) 
REPRESENTATION_RELATIONSHIP_WITH_TRANSFORMATION(#1376) 
SHAPE_REPRESENTATION_RELATIONSHIP() );
#1376 = ITEM_DEFINED_TRANSFORMATION('','',#11,#39);
#1377 = PRODUCT_DEFINITION_SHAPE('Placement','Placement of an item',
  #1378);
#1378 = NEXT_ASSEMBLY_USAGE_OCCURRENCE('7','','',#5,#1275,$);
#1379 = PRODUCT_RELATED_PRODUCT_CATEGORY('part',$,(#1277));
#1380 = SHAPE_DEFINITION_REPRESENTATION(#1381,#1387);
#1381 = PRODUCT_DEFINITION_SHAPE('','',#1382);
#1382 = PRODUCT_DEFINITION('design','',#1383,#1386);
#1383 = PRODUCT_DEFINITION_FORMATION('','',#1384);
#1384 = PRODUCT('Open CASCADE STEP translator 7.8 1.8',
  'Open CASCADE STEP translator 7.8 1.8','',(#1385));
#1385 = PRODUCT_CONTEXT('',#2,'mechanical');
#1386 = PRODUCT_DEFINITION_CONTEXT('part definition',#2,'design');
#1387 = MANIFOLD_SURFACE_SHAPE_REPRESENTATION('',(#11,#1388),#1631);
#1388 = SHELL_BASED_SURFACE_MODEL('',(#1389));
#1389 = OPEN_SHELL('',(#1390));
#1390 = ADVANCED_FACE('',(#1391),#1406,.T.);
#1391 = FACE_BOUND('',#1392,.T.);
#1392 = EDGE_LOOP('',(#1393,#1417,#1463,#1486,#1501,#1502,#1548,#1565));
#1393 = ORIENTED_EDGE('',*,*,#1394,.F.);
#1394 = EDGE_CURVE('',#1395,#1397,#1399,.T.);
#1395 = VERTEX_POINT('',#1396);
#1396 = CARTESIAN_POINT('',(0.20922840488,92.49976336983,0.));
#1397 = VERTEX_POINT('',#1398);
#1398 = CARTESIAN_POINT('',(-0.20922840488,92.49976336983,0.));
#1399 = SURFACE_CURVE('',#1400,(#1405),.PCURVE_S1.);
#1400 = CIRCLE('',#1401,92.5);
#1401 = AXIS2_PLACEMENT_3D('',#1402,#1403,#1404);
#1402 = CARTESIAN_POINT('',(0.,0.,0.));
#1403 = DIRECTION('',(0.,0.,1.));
#1404 = DIRECTION('',(1.,0.,-0.));
#1405 = PCURVE('',#1406,#1411);
#1406 = CONICAL_SURFACE('',#1407,0.25,0.362358903356);
#1407 = AXIS2_PLACEMENT_3D('',#1408,#1409,#1410);
#1408 = CARTESIAN_POINT('',(0.,0.,-243.340540541));
#1409 = DIRECTION('',(0.,0.,1.));
#1410 = DIRECTION('',(1.,0.,-0.));
#1411 = DEFINITIONAL_REPRESENTATION('',(#1412),#1416);
#1412 = LINE('',#1413,#1414);
#1413 = CARTESIAN_POINT('',(0.,243.340540541));
#1414 = VECTOR('',#1415,1.);
#1415 = DIRECTION('',(1.,0.));
#1416 = ( GEOMETRIC_REPRESENTATION_CONTEXT(2) 
PARAMETRIC_REPRESENTATION_CONTEXT() REPRESENTATION_CONTEXT('2D SPACE',''
  ) );
#1417 = ORIENTED_EDGE('',*,*,#1418,.T.);
#1418 = EDGE_CURVE('',#1395,#1419,#1421,.T.);
#1419 = VERTEX_POINT('',#1420);
#1420 = CARTESIAN_POINT('',(46.564527585367,0.,-121.1703272345));
#1421 = SURFACE_CURVE('',#1422,(#1443),.PCURVE_S1.);
#1422 = B_SPLINE_CURVE_WITH_KNOTS('',10,(#1423,#1424,#1425,#1426,#1427,
    #1428,#1429,#1430,#1431,#1432,#1433,#1434,#1435,#1436,#1437,#1438,
    #1439,#1440,#1441,#1442),.UNSPECIFIED.,.F.,.F.,(11,9,11),(
    -9.324430068779,-0.109827087196,166.39703247597),.UNSPECIFIED.);
#1423 = CARTESIAN_POINT('',(-4.898282251459,97.595553707383,
    13.411359700828));
#1424 = CARTESIAN_POINT('',(-4.387531185825,97.085974673628,
    12.070223730745));
#1425 = CARTESIAN_POINT('',(-3.876780120191,96.576395639872,
    10.729087760662));
#1426 = CARTESIAN_POINT('',(-3.366029054557,96.066816606117,
    9.387951790579));
#1427 = CARTESIAN_POINT('',(-2.855277988924,95.557237572362,
    8.046815820497));
#1428 = CARTESIAN_POINT('',(-2.34452692329,95.047658538607,
    6.705679850414));
#1429 = CARTESIAN_POINT('',(-1.833775857656,94.538079504852,
    5.364543880331));
#1430 = CARTESIAN_POINT('',(-1.323024792022,94.028500471096,
    4.023407910248));
#1431 = CARTESIAN_POINT('',(-0.812273726388,93.518921437341,
    2.682271940166));
#1432 = CARTESIAN_POINT('',(-0.301522660754,93.009342403586,
    1.341135970083));
#1433 = CARTESIAN_POINT('',(9.438443828183,83.291726433304,
    -24.23417906034));
#1434 = CARTESIAN_POINT('',(17.65152819904,74.079003845541,
    -45.77568044265));
#1435 = CARTESIAN_POINT('',(24.848434173484,64.859771139795,
    -64.62449983168));
#1436 = CARTESIAN_POINT('',(31.028804101241,55.63209596752,
    -80.78062843024));
#1437 = CARTESIAN_POINT('',(36.190822550002,46.392357969851,
    -94.24409858692));
#1438 = CARTESIAN_POINT('',(40.332102944102,37.139368855213,
    -105.0147260326));
#1439 = CARTESIAN_POINT('',(43.446580194025,27.867992500345,
    -113.0928881406));
#1440 = CARTESIAN_POINT('',(45.525179790349,18.583121609584,
    -118.477818247));
#1441 = CARTESIAN_POINT('',(46.564527585367,9.291564249064,
    -121.1703272345));
#1442 = CARTESIAN_POINT('',(46.564527585367,0.,-121.1703272345));
#1443 = PCURVE('',#1406,#1444);
#1444 = DEFINITIONAL_REPRESENTATION('',(#1445),#1462);
#1445 = B_SPLINE_CURVE_WITH_KNOTS('',8,(#1446,#1447,#1448,#1449,#1450,
    #1451,#1452,#1453,#1454,#1455,#1456,#1457,#1458,#1459,#1460,#1461),
  .UNSPECIFIED.,.F.,.F.,(9,7,9),(-0.109827087196,83.143602694389,
    166.39703247597),.UNSPECIFIED.);
#1446 = CARTESIAN_POINT('',(1.568534396165,243.340540541));
#1447 = CARTESIAN_POINT('',(1.50603426281,228.19417862828));
#1448 = CARTESIAN_POINT('',(1.439079942883,214.12969374948));
#1449 = CARTESIAN_POINT('',(1.367301573763,201.14710136776));
#1450 = CARTESIAN_POINT('',(1.290330738629,189.24636579419));
#1451 = CARTESIAN_POINT('',(1.207826845492,178.42754114269));
#1452 = CARTESIAN_POINT('',(1.119526106534,168.69058639795));
#1453 = CARTESIAN_POINT('',(1.025346658022,160.03552903762));
#1454 = CARTESIAN_POINT('',(0.82561591153,144.88921069373));
#1455 = CARTESIAN_POINT('',(0.720064664109,138.39795013268));
#1456 = CARTESIAN_POINT('',(0.609019068735,132.98859777904));
#1457 = CARTESIAN_POINT('',(0.49294777138,128.66114927616));
#1458 = CARTESIAN_POINT('',(0.372664491162,125.41562983893));
#1459 = CARTESIAN_POINT('',(0.249426990646,123.25202355727));
#1460 = CARTESIAN_POINT('',(0.1247135525,122.17021330649));
#1461 = CARTESIAN_POINT('',(6.09604997593E-16,122.17021330649));
#1462 = ( GEOMETRIC_REPRESENTATION_CONTEXT(2) 
PARAMETRIC_REPRESENTATION_CONTEXT() REPRESENTATION_CONTEXT('2D SPACE',''
  ) );
#1463 = ORIENTED_EDGE('',*,*,#1464,.F.);
#1464 = EDGE_CURVE('',#1465,#1419,#1467,.T.);
#1465 = VERTEX_POINT('',#1466);
#1466 = CARTESIAN_POINT('',(0.25,-6.123031769112E-17,-243.340540541));
#1467 = SEAM_CURVE('',#1468,(#1472,#1479),.PCURVE_S1.);
#1468 = LINE('',#1469,#1470);
#1469 = CARTESIAN_POINT('',(0.25,-6.123031769112E-17,-243.340540541));
#1470 = VECTOR('',#1471,1.);
#1471 = DIRECTION('',(0.354480941285,-8.681992260123E-17,0.935063239715)
  );
#1472 = PCURVE('',#1406,#1473);
#1473 = DEFINITIONAL_REPRESENTATION('',(#1474),#1478);
#1474 = LINE('',#1475,#1476);
#1475 = CARTESIAN_POINT('',(0.,-0.));
#1476 = VECTOR('',#1477,1.);
#1477 = DIRECTION('',(0.,1.));
#1478 = ( GEOMETRIC_REPRESENTATION_CONTEXT(2) 
PARAMETRIC_REPRESENTATION_CONTEXT() REPRESENTATION_CONTEXT('2D SPACE',''
  ) );
#1479 = PCURVE('',#1406,#1480);
#1480 = DEFINITIONAL_REPRESENTATION('',(#1481),#1485);
#1481 = LINE('',#1482,#1483);
#1482 = CARTESIAN_POINT('',(6.28318530718,-0.));
#1483 = VECTOR('',#1484,1.);
#1484 = DIRECTION('',(0.,1.));
#1485 = ( GEOMETRIC_REPRESENTATION_CONTEXT(2) 
PARAMETRIC_REPRESENTATION_CONTEXT() REPRESENTATION_CONTEXT('2D SPACE',''
  ) );
#1486 = ORIENTED_EDGE('',*,*,#1487,.T.);
#1487 = EDGE_CURVE('',#1465,#1465,#1488,.T.);
#1488 = SURFACE_CURVE('',#1489,(#1494),.PCURVE_S1.);
#1489 = CIRCLE('',#1490,0.25);
#1490 = AXIS2_PLACEMENT_3D('',#1491,#1492,#1493);
#1491 = CARTESIAN_POINT('',(0.,0.,-243.340540541));
#1492 = DIRECTION('',(0.,0.,1.));
#1493 = DIRECTION('',(1.,0.,-0.));
#1494 = PCURVE('',#1406,#1495);
#1495 = DEFINITIONAL_REPRESENTATION('',(#1496),#1500);
#1496 = LINE('',#1497,#1498);
#1497 = CARTESIAN_POINT('',(0.,0.));
#1498 = VECTOR('',#1499,1.);
#1499 = DIRECTION('',(1.,0.));
#1500 = ( GEOMETRIC_REPRESENTATION_CONTEXT(2) 
PARAMETRIC_REPRESENTATION_CONTEXT() REPRESENTATION_CONTEXT('2D SPACE',''
  ) );
#1501 = ORIENTED_EDGE('',*,*,#1464,.T.);
#1502 = ORIENTED_EDGE('',*,*,#1503,.T.);
#1503 = EDGE_CURVE('',#1419,#1504,#1506,.T.);
#1504 = VERTEX_POINT('',#1505);
#1505 = CARTESIAN_POINT('',(0.20922840488,-92.49976336983,0.));
#1506 = SURFACE_CURVE('',#1507,(#1528),.PCURVE_S1.);
#1507 = B_SPLINE_CURVE_WITH_KNOTS('',10,(#1508,#1509,#1510,#1511,#1512,
    #1513,#1514,#1515,#1516,#1517,#1518,#1519,#1520,#1521,#1522,#1523,
    #1524,#1525,#1526,#1527),.UNSPECIFIED.,.F.,.F.,(11,9,11),(
    166.39703247597,332.90389203914,342.11849502072),.UNSPECIFIED.);
#1508 = CARTESIAN_POINT('',(46.564527585367,-1.140464326876E-14,
    -121.1703272345));
#1509 = CARTESIAN_POINT('',(46.564527585368,-9.291564249065,
    -121.1703272345));
#1510 = CARTESIAN_POINT('',(45.525179790346,-18.58312160957,
    -118.477818247));
#1511 = CARTESIAN_POINT('',(43.446580194033,-27.86799250036,
    -113.0928881407));
#1512 = CARTESIAN_POINT('',(40.332102944088,-37.13936885518,
    -105.0147260326));
#1513 = CARTESIAN_POINT('',(36.190822550019,-46.39235796988,
    -94.24409858698));
#1514 = CARTESIAN_POINT('',(31.028804101225,-55.63209596748,
    -80.78062843019));
#1515 = CARTESIAN_POINT('',(24.848434173495,-64.85977113981,
    -64.62449983171));
#1516 = CARTESIAN_POINT('',(17.651528199035,-74.07900384553,
    -45.77568044263));
#1517 = CARTESIAN_POINT('',(9.438443828184,-83.2917264333,
    -24.23417906035));
#1518 = CARTESIAN_POINT('',(-0.301522660754,-93.00934240358,
    1.341135970083));
#1519 = CARTESIAN_POINT('',(-0.812273726388,-93.51892143734,
    2.682271940166));
#1520 = CARTESIAN_POINT('',(-1.323024792022,-94.02850047109,
    4.023407910248));
#1521 = CARTESIAN_POINT('',(-1.833775857656,-94.53807950485,
    5.364543880331));
#1522 = CARTESIAN_POINT('',(-2.34452692329,-95.0476585386,6.705679850414
    ));
#1523 = CARTESIAN_POINT('',(-2.855277988924,-95.55723757236,
    8.046815820497));
#1524 = CARTESIAN_POINT('',(-3.366029054557,-96.06681660611,
    9.38795179058));
#1525 = CARTESIAN_POINT('',(-3.876780120191,-96.57639563987,
    10.729087760662));
#1526 = CARTESIAN_POINT('',(-4.387531185825,-97.08597467362,
    12.070223730745));
#1527 = CARTESIAN_POINT('',(-4.898282251459,-97.59555370738,
    13.411359700828));
#1528 = PCURVE('',#1406,#1529);
#1529 = DEFINITIONAL_REPRESENTATION('',(#1530),#1547);
#1530 = B_SPLINE_CURVE_WITH_KNOTS('',8,(#1531,#1532,#1533,#1534,#1535,
    #1536,#1537,#1538,#1539,#1540,#1541,#1542,#1543,#1544,#1545,#1546),
  .UNSPECIFIED.,.F.,.F.,(9,7,9),(166.39703247597,249.65046225755,
    332.90389203914),.UNSPECIFIED.);
#1531 = CARTESIAN_POINT('',(6.28318530718,122.17021330649));
#1532 = CARTESIAN_POINT('',(6.158471754679,122.17021330649));
#1533 = CARTESIAN_POINT('',(6.033758316534,123.25202355727));
#1534 = CARTESIAN_POINT('',(5.910520816018,125.41562983892));
#1535 = CARTESIAN_POINT('',(5.7902375358,128.66114927616));
#1536 = CARTESIAN_POINT('',(5.674166238445,132.98859777904));
#1537 = CARTESIAN_POINT('',(5.563120643071,138.39795013268));
#1538 = CARTESIAN_POINT('',(5.45756939565,144.88921069373));
#1539 = CARTESIAN_POINT('',(5.257838649158,160.03552903762));
#1540 = CARTESIAN_POINT('',(5.163659200646,168.69058639795));
#1541 = CARTESIAN_POINT('',(5.075358461687,178.42754114271));
#1542 = CARTESIAN_POINT('',(4.99285456855,189.24636579417));
#1543 = CARTESIAN_POINT('',(4.915883733417,201.14710136777));
#1544 = CARTESIAN_POINT('',(4.844105364297,214.12969374947));
#1545 = CARTESIAN_POINT('',(4.77715104437,228.19417862828));
#1546 = CARTESIAN_POINT('',(4.714650911015,243.340540541));
#1547 = ( GEOMETRIC_REPRESENTATION_CONTEXT(2) 
PARAMETRIC_REPRESENTATION_CONTEXT() REPRESENTATION_CONTEXT('2D SPACE',''
  ) );
#1548 = ORIENTED_EDGE('',*,*,#1549,.F.);
#1549 = EDGE_CURVE('',#1550,#1504,#1552,.T.);
#1550 = VERTEX_POINT('',#1551);
#1551 = CARTESIAN_POINT('',(-0.20922840488,-92.49976336983,0.));
#1552 = SURFACE_CURVE('',#1553,(#1558),.PCURVE_S1.);
#1553 = CIRCLE('',#1554,92.5);
#1554 = AXIS2_PLACEMENT_3D('',#1555,#1556,#1557);
#1555 = CARTESIAN_POINT('',(0.,0.,0.));
#1556 = DIRECTION('',(0.,0.,1.));
#1557 = DIRECTION('',(1.,0.,-0.));
#1558 = PCURVE('',#1406,#1559);
#1559 = DEFINITIONAL_REPRESENTATION('',(#1560),#1564);
#1560 = LINE('',#1561,#1562);
#1561 = CARTESIAN_POINT('',(0.,243.340540541));
#1562 = VECTOR('',#1563,1.);
#1563 = DIRECTION('',(1.,0.));
#1564 = ( GEOMETRIC_REPRESENTATION_CONTEXT(2) 
PARAMETRIC_REPRESENTATION_CONTEXT() REPRESENTATION_CONTEXT('2D SPACE',''
  ) );
#1565 = ORIENTED_EDGE('',*,*,#1566,.T.);
#1566 = EDGE_CURVE('',#1550,#1397,#1567,.T.);
#1567 = SURFACE_CURVE('',#1568,(#1607),.PCURVE_S1.);
#1568 = B_SPLINE_CURVE_WITH_KNOTS('',10,(#1569,#1570,#1571,#1572,#1573,
    #1574,#1575,#1576,#1577,#1578,#1579,#1580,#1581,#1582,#1583,#1584,
    #1585,#1586,#1587,#1588,#1589,#1590,#1591,#1592,#1593,#1594,#1595,
    #1596,#1597,#1598,#1599,#1600,#1601,#1602,#1603,#1604,#1605,#1606),
  .UNSPECIFIED.,.F.,.F.,(11,9,9,9,11),(-9.287670678833,-0.109635704442,
    166.10707192842,332.32377956128,341.50181453567),.UNSPECIFIED.);
#1569 = CARTESIAN_POINT('',(4.886893588366,-97.58419117811,
    13.381455219463));
#1570 = CARTESIAN_POINT('',(4.377281389042,-97.07574839728,
    12.043309697516));
#1571 = CARTESIAN_POINT('',(3.867669189717,-96.56730561645,
    10.70516417557));
#1572 = CARTESIAN_POINT('',(3.358056990393,-96.05886283562,
    9.367018653624));
#1573 = CARTESIAN_POINT('',(2.848444791068,-95.55042005479,
    8.028873131678));
#1574 = CARTESIAN_POINT('',(2.338832591743,-95.04197727397,
    6.690727609731));
#1575 = CARTESIAN_POINT('',(1.829220392419,-94.53353449314,
    5.352582087785));
#1576 = CARTESIAN_POINT('',(1.319608193094,-94.02509171231,
    4.014436565839));
#1577 = CARTESIAN_POINT('',(0.809995993769,-93.51664893148,
    2.676291043893));
#1578 = CARTESIAN_POINT('',(0.300383794445,-93.00820615065,
    1.338145521946));
#1579 = CARTESIAN_POINT('',(-9.438443828184,-83.2917264333,
    -24.23417906035));
#1580 = CARTESIAN_POINT('',(-17.65152819903,-74.07900384552,
    -45.77568044263));
#1581 = CARTESIAN_POINT('',(-24.84843417349,-64.85977113982,
    -64.62449983172));
#1582 = CARTESIAN_POINT('',(-31.02880410122,-55.63209596747,
    -80.78062843019));
#1583 = CARTESIAN_POINT('',(-36.19082255002,-46.39235796989,
    -94.24409858698));
#1584 = CARTESIAN_POINT('',(-40.33210294408,-37.13936885517,
    -105.0147260326));
#1585 = CARTESIAN_POINT('',(-43.44658019403,-27.86799250036,
    -113.0928881406));
#1586 = CARTESIAN_POINT('',(-45.52517979034,-18.58312160957,
    -118.477818247));
#1587 = CARTESIAN_POINT('',(-46.56452758536,-9.291564249065,
    -121.1703272345));
#1588 = CARTESIAN_POINT('',(-46.56452758536,9.291564249064,
    -121.1703272345));
#1589 = CARTESIAN_POINT('',(-45.52517979035,18.583121609582,
    -118.477818247));
#1590 = CARTESIAN_POINT('',(-43.44658019402,27.867992500349,
    -113.0928881406));
#1591 = CARTESIAN_POINT('',(-40.3321029441,37.139368855203,
    -105.0147260326));
#1592 = CARTESIAN_POINT('',(-36.19082255,46.392357969869,-94.24409858693
    ));
#1593 = CARTESIAN_POINT('',(-31.02880410124,55.632095967499,
    -80.78062843023));
#1594 = CARTESIAN_POINT('',(-24.84843417348,64.859771139811,
    -64.62449983169));
#1595 = CARTESIAN_POINT('',(-17.65152819903,74.079003845533,
    -45.77568044264));
#1596 = CARTESIAN_POINT('',(-9.438443828183,83.291726433306,
    -24.23417906034));
#1597 = CARTESIAN_POINT('',(0.300383794445,93.008206150658,
    1.338145521946));
#1598 = CARTESIAN_POINT('',(0.809995993769,93.516648931486,
    2.676291043893));
#1599 = CARTESIAN_POINT('',(1.319608193094,94.025091712314,
    4.014436565839));
#1600 = CARTESIAN_POINT('',(1.829220392419,94.533534493142,
    5.352582087785));
#1601 = CARTESIAN_POINT('',(2.338832591743,95.04197727397,6.690727609731
    ));
#1602 = CARTESIAN_POINT('',(2.848444791068,95.550420054798,
    8.028873131678));
#1603 = CARTESIAN_POINT('',(3.358056990393,96.058862835626,
    9.367018653624));
#1604 = CARTESIAN_POINT('',(3.867669189717,96.567305616454,
    10.70516417557));
#1605 = CARTESIAN_POINT('',(4.377281389042,97.075748397282,
    12.043309697516));
#1606 = CARTESIAN_POINT('',(4.886893588367,97.58419117811,
    13.381455219463));
#1607 = PCURVE('',#1406,#1608);
#1608 = DEFINITIONAL_REPRESENTATION('',(#1609),#1630);
#1609 = B_SPLINE_CURVE_WITH_KNOTS('',10,(#1610,#1611,#1612,#1613,#1614,
    #1615,#1616,#1617,#1618,#1619,#1620,#1621,#1622,#1623,#1624,#1625,
    #1626,#1627,#1628,#1629),.UNSPECIFIED.,.F.,.F.,(11,9,11),(
    -0.109635704442,166.10707192842,332.32377956128),.UNSPECIFIED.);
#1610 = CARTESIAN_POINT('',(4.710127049754,243.340540541));
#1611 = CARTESIAN_POINT('',(4.610126836387,219.10636148065));
#1612 = CARTESIAN_POINT('',(4.499040857745,197.56486009835));
#1613 = CARTESIAN_POINT('',(4.375485801659,178.71604070929));
#1614 = CARTESIAN_POINT('',(4.238103736055,162.55991211079));
#1615 = CARTESIAN_POINT('',(4.085654216011,149.09644195402));
#1616 = CARTESIAN_POINT('',(3.917728293356,138.32581450836));
#1617 = CARTESIAN_POINT('',(3.734701845624,130.2476524003));
#1618 = CARTESIAN_POINT('',(3.54067639804,124.86272229398));
#1619 = CARTESIAN_POINT('',(3.34113433759,122.17021330649));
#1620 = CARTESIAN_POINT('',(2.942050969589,122.17021330649));
#1621 = CARTESIAN_POINT('',(2.74250890914,124.86272229399));
#1622 = CARTESIAN_POINT('',(2.548483461556,130.24765240028));
#1623 = CARTESIAN_POINT('',(2.365457013823,138.32581450839));
#1624 = CARTESIAN_POINT('',(2.197531091169,149.096441954));
#1625 = CARTESIAN_POINT('',(2.045081571125,162.55991211081));
#1626 = CARTESIAN_POINT('',(1.907699505521,178.71604070928));
#1627 = CARTESIAN_POINT('',(1.784144449434,197.56486009835));
#1628 = CARTESIAN_POINT('',(1.673058470793,219.10636148065));
#1629 = CARTESIAN_POINT('',(1.573058257425,243.340540541));
#1630 = ( GEOMETRIC_REPRESENTATION_CONTEXT(2) 
PARAMETRIC_REPRESENTATION_CONTEXT() REPRESENTATION_CONTEXT('2D SPACE',''
  ) );
#1631 = ( GEOMETRIC_REPRESENTATION_CONTEXT(3) 
GLOBAL_UNCERTAINTY_ASSIGNED_CONTEXT((#1635)) 
GLOBAL_UNIT_ASSIGNED_CONTEXT((#1632,#1633,#1634)) REPRESENTATION_CONTEXT
('Context #1','3D Context with UNIT and UNCERTAINTY') );
#1632 = ( LENGTH_UNIT() NAMED_UNIT(*) SI_UNIT(.MILLI.,.METRE.) );
#1633 = ( NAMED_UNIT(*) PLANE_ANGLE_UNIT() SI_UNIT($,.RADIAN.) );
#1634 = ( NAMED_UNIT(*) SI_UNIT($,.STERADIAN.) SOLID_ANGLE_UNIT() );
#1635 = UNCERTAINTY_MEASURE_WITH_UNIT(LENGTH_MEASURE(2.E-05),#1632,
  'distance_accuracy_value','confusion accuracy');
#1636 = CONTEXT_DEPENDENT_SHAPE_REPRESENTATION(#1637,#1639);
#1637 = ( REPRESENTATION_RELATIONSHIP('','',#1387,#10) 
REPRESENTATION_RELATIONSHIP_WITH_TRANSFORMATION(#1638) 
SHAPE_REPRESENTATION_RELATIONSHIP() );
#1638 = ITEM_DEFINED_TRANSFORMATION('','',#11,#43);
#1639 = PRODUCT_DEFINITION_SHAPE('Placement','Placement of an item',
  #1640);
#1640 = NEXT_ASSEMBLY_USAGE_OCCURRENCE('8','','',#5,#1382,$);
#1641 = PRODUCT_RELATED_PRODUCT_CATEGORY('part',$,(#1384));
#1642 = SHAPE_DEFINITION_REPRESENTATION(#1643,#1649);
#1643 = PRODUCT_DEFINITION_SHAPE('','',#1644);
#1644 = PRODUCT_DEFINITION('design','',#1645,#1648);
#1645 = PRODUCT_DEFINITION_FORMATION('','',#1646);
#1646 = PRODUCT('Open CASCADE STEP translator 7.8 1.9',
  'Open CASCADE STEP translator 7.8 1.9','',(#1647));
#1647 = PRODUCT_CONTEXT('',#2,'mechanical');
#1648 = PRODUCT_DEFINITION_CONTEXT('part definition',#2,'design');
#1649 = MANIFOLD_SURFACE_SHAPE_REPRESENTATION('',(#11,#1650),#1942);
#1650 = SHELL_BASED_SURFACE_MODEL('',(#1651));
#1651 = OPEN_SHELL('',(#1652));
#1652 = ADVANCED_FACE('',(#1653),#1667,.T.);
#1653 = FACE_BOUND('',#1654,.T.);
#1654 = EDGE_LOOP('',(#1655,#1678,#1732,#1749,#1803,#1819,#1873,#1890));
#1655 = ORIENTED_EDGE('',*,*,#1656,.T.);
#1656 = EDGE_CURVE('',#1657,#1659,#1661,.T.);
#1657 = VERTEX_POINT('',#1658);
#1658 = CARTESIAN_POINT('',(0.75,-91.95768802348,0.));
#1659 = VERTEX_POINT('',#1660);
#1660 = CARTESIAN_POINT('',(0.75,91.95768802348,0.));
#1661 = SURFACE_CURVE('',#1662,(#1666),.PCURVE_S1.);
#1662 = LINE('',#1663,#1664);
#1663 = CARTESIAN_POINT('',(0.75,-244.,0.));
#1664 = VECTOR('',#1665,1.);
#1665 = DIRECTION('',(0.,1.,0.));
#1666 = PCURVE('',#1667,#1672);
#1667 = PLANE('',#1668);
#1668 = AXIS2_PLACEMENT_3D('',#1669,#1670,#1671);
#1669 = CARTESIAN_POINT('',(0.,0.,0.));
#1670 = DIRECTION('',(0.,0.,1.));
#1671 = DIRECTION('',(1.,0.,-0.));
#1672 = DEFINITIONAL_REPRESENTATION('',(#1673),#1677);
#1673 = LINE('',#1674,#1675);
#1674 = CARTESIAN_POINT('',(0.75,-244.));
#1675 = VECTOR('',#1676,1.);
#1676 = DIRECTION('',(0.,1.));
#1677 = ( GEOMETRIC_REPRESENTATION_CONTEXT(2) 
PARAMETRIC_REPRESENTATION_CONTEXT() REPRESENTATION_CONTEXT('2D SPACE',''
  ) );
#1678 = ORIENTED_EDGE('',*,*,#1679,.F.);
#1679 = EDGE_CURVE('',#1680,#1659,#1682,.T.);
#1680 = VERTEX_POINT('',#1681);
#1681 = CARTESIAN_POINT('',(0.20922840488,92.49976336983,0.));
#1682 = SURFACE_CURVE('',#1683,(#1706),.PCURVE_S1.);
#1683 = B_SPLINE_CURVE_WITH_KNOTS('',6,(#1684,#1685,#1686,#1687,#1688,
    #1689,#1690,#1691,#1692,#1693,#1694,#1695,#1696,#1697,#1698,#1699,
    #1700,#1701,#1702,#1703,#1704,#1705),.UNSPECIFIED.,.F.,.F.,(7,5,5,5,
    7),(0.,0.249999526284,0.500000003103,0.750000477551,1.),
  .UNSPECIFIED.);
#1684 = CARTESIAN_POINT('',(0.20922840488,92.49976336983,0.));
#1685 = CARTESIAN_POINT('',(0.239073464076,92.499695862262,0.));
#1686 = CARTESIAN_POINT('',(0.27020674739,92.497369649464,0.));
#1687 = CARTESIAN_POINT('',(0.302412268981,92.492499881832,0.));
#1688 = CARTESIAN_POINT('',(0.335372308879,92.484829760887,0.));
#1689 = CARTESIAN_POINT('',(0.368648007156,92.474196261592,0.));
#1690 = CARTESIAN_POINT('',(0.434842531732,92.446968341602,0.));
#1691 = CARTESIAN_POINT('',(0.467761219798,92.430373759034,0.));
#1692 = CARTESIAN_POINT('',(0.500008356683,92.410780860669,0.));
#1693 = CARTESIAN_POINT('',(0.531031389698,92.388313132946,0.));
#1694 = CARTESIAN_POINT('',(0.5603030088,92.363277640108,0.));
#1695 = CARTESIAN_POINT('',(0.614520146229,92.308901969277,0.));
#1696 = CARTESIAN_POINT('',(0.639465489481,92.279561969639,0.));
#1697 = CARTESIAN_POINT('',(0.661834872388,92.248484167964,0.));
#1698 = CARTESIAN_POINT('',(0.681325360363,92.216197273046,0.));
#1699 = CARTESIAN_POINT('',(0.69781751171,92.18325298021,0.));
#1700 = CARTESIAN_POINT('',(0.724846322566,92.117032028537,0.));
#1701 = CARTESIAN_POINT('',(0.735383145923,92.083755503895,0.));
#1702 = CARTESIAN_POINT('',(0.742962408016,92.050805259826,0.));
#1703 = CARTESIAN_POINT('',(0.747748982569,92.018617346768,0.));
#1704 = CARTESIAN_POINT('',(0.75,91.987506927482,0.));
#1705 = CARTESIAN_POINT('',(0.75,91.957688023342,0.));
#1706 = PCURVE('',#1667,#1707);
#1707 = DEFINITIONAL_REPRESENTATION('',(#1708),#1731);
#1708 = B_SPLINE_CURVE_WITH_KNOTS('',6,(#1709,#1710,#1711,#1712,#1713,
    #1714,#1715,#1716,#1717,#1718,#1719,#1720,#1721,#1722,#1723,#1724,
    #1725,#1726,#1727,#1728,#1729,#1730),.UNSPECIFIED.,.F.,.F.,(7,5,5,5,
    7),(0.,0.249999526284,0.500000003103,0.750000477551,1.),
  .UNSPECIFIED.);
#1709 = CARTESIAN_POINT('',(0.20922840488,92.49976336983));
#1710 = CARTESIAN_POINT('',(0.239073464076,92.499695862262));
#1711 = CARTESIAN_POINT('',(0.27020674739,92.497369649464));
#1712 = CARTESIAN_POINT('',(0.302412268981,92.492499881832));
#1713 = CARTESIAN_POINT('',(0.335372308879,92.484829760887));
#1714 = CARTESIAN_POINT('',(0.368648007156,92.474196261592));
#1715 = CARTESIAN_POINT('',(0.434842531732,92.446968341602));
#1716 = CARTESIAN_POINT('',(0.467761219798,92.430373759034));
#1717 = CARTESIAN_POINT('',(0.500008356683,92.410780860669));
#1718 = CARTESIAN_POINT('',(0.531031389698,92.388313132946));
#1719 = CARTESIAN_POINT('',(0.5603030088,92.363277640108));
#1720 = CARTESIAN_POINT('',(0.614520146229,92.308901969277));
#1721 = CARTESIAN_POINT('',(0.639465489481,92.279561969639));
#1722 = CARTESIAN_POINT('',(0.661834872388,92.248484167964));
#1723 = CARTESIAN_POINT('',(0.681325360363,92.216197273046));
#1724 = CARTESIAN_POINT('',(0.69781751171,92.18325298021));
#1725 = CARTESIAN_POINT('',(0.724846322566,92.117032028537));
#1726 = CARTESIAN_POINT('',(0.735383145923,92.083755503895));
#1727 = CARTESIAN_POINT('',(0.742962408016,92.050805259826));
#1728 = CARTESIAN_POINT('',(0.747748982569,92.018617346768));
#1729 = CARTESIAN_POINT('',(0.75,91.987506927482));
#1730 = CARTESIAN_POINT('',(0.75,91.957688023342));
#1731 = ( GEOMETRIC_REPRESENTATION_CONTEXT(2) 
PARAMETRIC_REPRESENTATION_CONTEXT() REPRESENTATION_CONTEXT('2D SPACE',''
  ) );
#1732 = ORIENTED_EDGE('',*,*,#1733,.T.);
#1733 = EDGE_CURVE('',#1680,#1734,#1736,.T.);
#1734 = VERTEX_POINT('',#1735);
#1735 = CARTESIAN_POINT('',(-0.20922840488,92.49976336983,0.));
#1736 = SURFACE_CURVE('',#1737,(#1742),.PCURVE_S1.);
#1737 = CIRCLE('',#1738,92.5);
#1738 = AXIS2_PLACEMENT_3D('',#1739,#1740,#1741);
#1739 = CARTESIAN_POINT('',(0.,0.,0.));
#1740 = DIRECTION('',(0.,0.,1.));
#1741 = DIRECTION('',(1.,0.,-0.));
#1742 = PCURVE('',#1667,#1743);
#1743 = DEFINITIONAL_REPRESENTATION('',(#1744),#1748);
#1744 = CIRCLE('',#1745,92.5);
#1745 = AXIS2_PLACEMENT_2D('',#1746,#1747);
#1746 = CARTESIAN_POINT('',(0.,0.));
#1747 = DIRECTION('',(1.,0.));
#1748 = ( GEOMETRIC_REPRESENTATION_CONTEXT(2) 
PARAMETRIC_REPRESENTATION_CONTEXT() REPRESENTATION_CONTEXT('2D SPACE',''
  ) );
#1749 = ORIENTED_EDGE('',*,*,#1750,.T.);
#1750 = EDGE_CURVE('',#1734,#1751,#1753,.T.);
#1751 = VERTEX_POINT('',#1752);
#1752 = CARTESIAN_POINT('',(-0.75,91.95768802348,0.));
#1753 = SURFACE_CURVE('',#1754,(#1777),.PCURVE_S1.);
#1754 = B_SPLINE_CURVE_WITH_KNOTS('',6,(#1755,#1756,#1757,#1758,#1759,
    #1760,#1761,#1762,#1763,#1764,#1765,#1766,#1767,#1768,#1769,#1770,
    #1771,#1772,#1773,#1774,#1775,#1776),.UNSPECIFIED.,.F.,.F.,(7,5,5,5,
    7),(0.,0.249999881209,0.500000000779,0.750000119753,1.),
  .UNSPECIFIED.);
#1755 = CARTESIAN_POINT('',(-0.20922840488,92.49976336983,0.));
#1756 = CARTESIAN_POINT('',(-0.239073412254,92.499695862379,0.));
#1757 = CARTESIAN_POINT('',(-0.270206658919,92.497369657489,0.));
#1758 = CARTESIAN_POINT('',(-0.302412165099,92.492499901523,0.));
#1759 = CARTESIAN_POINT('',(-0.335372215813,92.484829788715,0.));
#1760 = CARTESIAN_POINT('',(-0.368647950446,92.474196284906,0.));
#1761 = CARTESIAN_POINT('',(-0.434842493832,92.446968357203,0.));
#1762 = CARTESIAN_POINT('',(-0.467761164922,92.430373788577,0.));
#1763 = CARTESIAN_POINT('',(-0.500008304772,92.410780896738,0.));
#1764 = CARTESIAN_POINT('',(-0.531031353781,92.388313163655,0.));
#1765 = CARTESIAN_POINT('',(-0.560302991994,92.363277656934,0.));
#1766 = CARTESIAN_POINT('',(-0.614520162799,92.308901952687,0.));
#1767 = CARTESIAN_POINT('',(-0.63946551999,92.27956193378,0.));
#1768 = CARTESIAN_POINT('',(-0.661834908224,92.248484116064,0.));
#1769 = CARTESIAN_POINT('',(-0.681325389646,92.216197218255,0.));
#1770 = CARTESIAN_POINT('',(-0.697817527082,92.183252942516,0.));
#1771 = CARTESIAN_POINT('',(-0.724846345617,92.117031972091,0.));
#1772 = CARTESIAN_POINT('',(-0.735383173416,92.083755411098,0.));
#1773 = CARTESIAN_POINT('',(-0.742962427388,92.050805156228,0.));
#1774 = CARTESIAN_POINT('',(-0.747748990362,92.018617258545,0.));
#1775 = CARTESIAN_POINT('',(-0.75,91.987506875807,0.));
#1776 = CARTESIAN_POINT('',(-0.75,91.957688023342,0.));
#1777 = PCURVE('',#1667,#1778);
#1778 = DEFINITIONAL_REPRESENTATION('',(#1779),#1802);
#1779 = B_SPLINE_CURVE_WITH_KNOTS('',6,(#1780,#1781,#1782,#1783,#1784,
    #1785,#1786,#1787,#1788,#1789,#1790,#1791,#1792,#1793,#1794,#1795,
    #1796,#1797,#1798,#1799,#1800,#1801),.UNSPECIFIED.,.F.,.F.,(7,5,5,5,
    7),(0.,0.249999881209,0.500000000779,0.750000119753,1.),
  .UNSPECIFIED.);
#1780 = CARTESIAN_POINT('',(-0.20922840488,92.49976336983));
#1781 = CARTESIAN_POINT('',(-0.239073412254,92.499695862379));
#1782 = CARTESIAN_POINT('',(-0.270206658919,92.497369657489));
#1783 = CARTESIAN_POINT('',(-0.302412165099,92.492499901523));
#1784 = CARTESIAN_POINT('',(-0.335372215813,92.484829788715));
#1785 = CARTESIAN_POINT('',(-0.368647950446,92.474196284906));
#1786 = CARTESIAN_POINT('',(-0.434842493832,92.446968357203));
#1787 = CARTESIAN_POINT('',(-0.467761164922,92.430373788577));
#1788 = CARTESIAN_POINT('',(-0.500008304772,92.410780896738));
#1789 = CARTESIAN_POINT('',(-0.531031353781,92.388313163655));
#1790 = CARTESIAN_POINT('',(-0.560302991994,92.363277656934));
#1791 = CARTESIAN_POINT('',(-0.614520162799,92.308901952687));
#1792 = CARTESIAN_POINT('',(-0.63946551999,92.27956193378));
#1793 = CARTESIAN_POINT('',(-0.661834908224,92.248484116064));
#1794 = CARTESIAN_POINT('',(-0.681325389646,92.216197218255));
#1795 = CARTESIAN_POINT('',(-0.697817527082,92.183252942516));
#1796 = CARTESIAN_POINT('',(-0.724846345617,92.117031972091));
#1797 = CARTESIAN_POINT('',(-0.735383173416,92.083755411098));
#1798 = CARTESIAN_POINT('',(-0.742962427388,92.050805156228));
#1799 = CARTESIAN_POINT('',(-0.747748990362,92.018617258545));
#1800 = CARTESIAN_POINT('',(-0.75,91.987506875807));
#1801 = CARTESIAN_POINT('',(-0.75,91.957688023342));
#1802 = ( GEOMETRIC_REPRESENTATION_CONTEXT(2) 
PARAMETRIC_REPRESENTATION_CONTEXT() REPRESENTATION_CONTEXT('2D SPACE',''
  ) );
#1803 = ORIENTED_EDGE('',*,*,#1804,.F.);
#1804 = EDGE_CURVE('',#1805,#1751,#1807,.T.);
#1805 = VERTEX_POINT('',#1806);
#1806 = CARTESIAN_POINT('',(-0.75,-91.95768802348,0.));
#1807 = SURFACE_CURVE('',#1808,(#1812),.PCURVE_S1.);
#1808 = LINE('',#1809,#1810);
#1809 = CARTESIAN_POINT('',(-0.75,-244.,0.));
#1810 = VECTOR('',#1811,1.);
#1811 = DIRECTION('',(0.,1.,0.));
#1812 = PCURVE('',#1667,#1813);
#1813 = DEFINITIONAL_REPRESENTATION('',(#1814),#1818);
#1814 = LINE('',#1815,#1816);
#1815 = CARTESIAN_POINT('',(-0.75,-244.));
#1816 = VECTOR('',#1817,1.);
#1817 = DIRECTION('',(0.,1.));
#1818 = ( GEOMETRIC_REPRESENTATION_CONTEXT(2) 
PARAMETRIC_REPRESENTATION_CONTEXT() REPRESENTATION_CONTEXT('2D SPACE',''
  ) );
#1819 = ORIENTED_EDGE('',*,*,#1820,.F.);
#1820 = EDGE_CURVE('',#1821,#1805,#1823,.T.);
#1821 = VERTEX_POINT('',#1822);
#1822 = CARTESIAN_POINT('',(-0.20922840488,-92.49976336983,0.));
#1823 = SURFACE_CURVE('',#1824,(#1847),.PCURVE_S1.);
#1824 = B_SPLINE_CURVE_WITH_KNOTS('',6,(#1825,#1826,#1827,#1828,#1829,
    #1830,#1831,#1832,#1833,#1834,#1835,#1836,#1837,#1838,#1839,#1840,
    #1841,#1842,#1843,#1844,#1845,#1846),.UNSPECIFIED.,.F.,.F.,(7,5,5,5,
    7),(0.,0.249999881209,0.500000000779,0.750000119753,1.),
  .UNSPECIFIED.);
#1825 = CARTESIAN_POINT('',(-0.20922840488,-92.49976336983,0.));
#1826 = CARTESIAN_POINT('',(-0.239073412254,-92.49969586237,0.));
#1827 = CARTESIAN_POINT('',(-0.270206658919,-92.49736965748,0.));
#1828 = CARTESIAN_POINT('',(-0.302412165098,-92.49249990152,0.));
#1829 = CARTESIAN_POINT('',(-0.335372215813,-92.48482978871,0.));
#1830 = CARTESIAN_POINT('',(-0.368647950446,-92.4741962849,0.));
#1831 = CARTESIAN_POINT('',(-0.434842493832,-92.4469683572,0.));
#1832 = CARTESIAN_POINT('',(-0.467761164922,-92.43037378857,0.));
#1833 = CARTESIAN_POINT('',(-0.500008304772,-92.41078089673,0.));
#1834 = CARTESIAN_POINT('',(-0.531031353781,-92.38831316365,0.));
#1835 = CARTESIAN_POINT('',(-0.560302991994,-92.36327765693,0.));
#1836 = CARTESIAN_POINT('',(-0.614520162799,-92.30890195268,0.));
#1837 = CARTESIAN_POINT('',(-0.63946551999,-92.27956193378,0.));
#1838 = CARTESIAN_POINT('',(-0.661834908224,-92.24848411606,0.));
#1839 = CARTESIAN_POINT('',(-0.681325389646,-92.21619721825,0.));
#1840 = CARTESIAN_POINT('',(-0.697817527082,-92.18325294251,0.));
#1841 = CARTESIAN_POINT('',(-0.724846345617,-92.11703197209,0.));
#1842 = CARTESIAN_POINT('',(-0.735383173416,-92.08375541109,0.));
#1843 = CARTESIAN_POINT('',(-0.742962427388,-92.05080515622,0.));
#1844 = CARTESIAN_POINT('',(-0.747748990362,-92.01861725854,0.));
#1845 = CARTESIAN_POINT('',(-0.75,-91.9875068758,0.));
#1846 = CARTESIAN_POINT('',(-0.75,-91.95768802334,0.));
#1847 = PCURVE('',#1667,#1848);
#1848 = DEFINITIONAL_REPRESENTATION('',(#1849),#1872);
#1849 = B_SPLINE_CURVE_WITH_KNOTS('',6,(#1850,#1851,#1852,#1853,#1854,
    #1855,#1856,#1857,#1858,#1859,#1860,#1861,#1862,#1863,#1864,#1865,
    #1866,#1867,#1868,#1869,#1870,#1871),.UNSPECIFIED.,.F.,.F.,(7,5,5,5,
    7),(0.,0.249999881209,0.500000000779,0.750000119753,1.),
  .UNSPECIFIED.);
#1850 = CARTESIAN_POINT('',(-0.20922840488,-92.49976336983));
#1851 = CARTESIAN_POINT('',(-0.239073412254,-92.49969586237));
#1852 = CARTESIAN_POINT('',(-0.270206658919,-92.49736965748));
#1853 = CARTESIAN_POINT('',(-0.302412165098,-92.49249990152));
#1854 = CARTESIAN_POINT('',(-0.335372215813,-92.48482978871));
#1855 = CARTESIAN_POINT('',(-0.368647950446,-92.4741962849));
#1856 = CARTESIAN_POINT('',(-0.434842493832,-92.4469683572));
#1857 = CARTESIAN_POINT('',(-0.467761164922,-92.43037378857));
#1858 = CARTESIAN_POINT('',(-0.500008304772,-92.41078089673));
#1859 = CARTESIAN_POINT('',(-0.531031353781,-92.38831316365));
#1860 = CARTESIAN_POINT('',(-0.560302991994,-92.36327765693));
#1861 = CARTESIAN_POINT('',(-0.614520162799,-92.30890195268));
#1862 = CARTESIAN_POINT('',(-0.63946551999,-92.27956193378));
#1863 = CARTESIAN_POINT('',(-0.661834908224,-92.24848411606));
#1864 = CARTESIAN_POINT('',(-0.681325389646,-92.21619721825));
#1865 = CARTESIAN_POINT('',(-0.697817527082,-92.18325294251));
#1866 = CARTESIAN_POINT('',(-0.724846345617,-92.11703197209));
#1867 = CARTESIAN_POINT('',(-0.735383173416,-92.08375541109));
#1868 = CARTESIAN_POINT('',(-0.742962427388,-92.05080515622));
#1869 = CARTESIAN_POINT('',(-0.747748990362,-92.01861725854));
#1870 = CARTESIAN_POINT('',(-0.75,-91.9875068758));
#1871 = CARTESIAN_POINT('',(-0.75,-91.95768802334));
#1872 = ( GEOMETRIC_REPRESENTATION_CONTEXT(2) 
PARAMETRIC_REPRESENTATION_CONTEXT() REPRESENTATION_CONTEXT('2D SPACE',''
  ) );
#1873 = ORIENTED_EDGE('',*,*,#1874,.T.);
#1874 = EDGE_CURVE('',#1821,#1875,#1877,.T.);
#1875 = VERTEX_POINT('',#1876);
#1876 = CARTESIAN_POINT('',(0.20922840488,-92.49976336983,0.));
#1877 = SURFACE_CURVE('',#1878,(#1883),.PCURVE_S1.);
#1878 = CIRCLE('',#1879,92.5);
#1879 = AXIS2_PLACEMENT_3D('',#1880,#1881,#1882);
#1880 = CARTESIAN_POINT('',(0.,0.,0.));
#1881 = DIRECTION('',(0.,0.,1.));
#1882 = DIRECTION('',(1.,0.,-0.));
#1883 = PCURVE('',#1667,#1884);
#1884 = DEFINITIONAL_REPRESENTATION('',(#1885),#1889);
#1885 = CIRCLE('',#1886,92.5);
#1886 = AXIS2_PLACEMENT_2D('',#1887,#1888);
#1887 = CARTESIAN_POINT('',(0.,0.));
#1888 = DIRECTION('',(1.,0.));
#1889 = ( GEOMETRIC_REPRESENTATION_CONTEXT(2) 
PARAMETRIC_REPRESENTATION_CONTEXT() REPRESENTATION_CONTEXT('2D SPACE',''
  ) );
#1890 = ORIENTED_EDGE('',*,*,#1891,.T.);
#1891 = EDGE_CURVE('',#1875,#1657,#1892,.T.);
#1892 = SURFACE_CURVE('',#1893,(#1916),.PCURVE_S1.);
#1893 = B_SPLINE_CURVE_WITH_KNOTS('',6,(#1894,#1895,#1896,#1897,#1898,
    #1899,#1900,#1901,#1902,#1903,#1904,#1905,#1906,#1907,#1908,#1909,
    #1910,#1911,#1912,#1913,#1914,#1915),.UNSPECIFIED.,.F.,.F.,(7,5,5,5,
    7),(0.,0.249999526284,0.500000003102,0.750000477551,1.),
  .UNSPECIFIED.);
#1894 = CARTESIAN_POINT('',(0.20922840488,-92.49976336983,0.));
#1895 = CARTESIAN_POINT('',(0.239073464076,-92.49969586226,0.));
#1896 = CARTESIAN_POINT('',(0.27020674739,-92.49736964946,0.));
#1897 = CARTESIAN_POINT('',(0.302412268981,-92.49249988183,0.));
#1898 = CARTESIAN_POINT('',(0.335372308879,-92.48482976088,0.));
#1899 = CARTESIAN_POINT('',(0.368648007156,-92.47419626159,0.));
#1900 = CARTESIAN_POINT('',(0.434842531732,-92.4469683416,0.));
#1901 = CARTESIAN_POINT('',(0.467761219798,-92.43037375903,0.));
#1902 = CARTESIAN_POINT('',(0.500008356683,-92.41078086066,0.));
#1903 = CARTESIAN_POINT('',(0.531031389698,-92.38831313294,0.));
#1904 = CARTESIAN_POINT('',(0.5603030088,-92.3632776401,0.));
#1905 = CARTESIAN_POINT('',(0.614520146229,-92.30890196927,0.));
#1906 = CARTESIAN_POINT('',(0.639465489481,-92.27956196963,0.));
#1907 = CARTESIAN_POINT('',(0.661834872388,-92.24848416796,0.));
#1908 = CARTESIAN_POINT('',(0.681325360363,-92.21619727304,0.));
#1909 = CARTESIAN_POINT('',(0.69781751171,-92.1832529802,0.));
#1910 = CARTESIAN_POINT('',(0.724846322566,-92.11703202853,0.));
#1911 = CARTESIAN_POINT('',(0.735383145923,-92.08375550389,0.));
#1912 = CARTESIAN_POINT('',(0.742962408016,-92.05080525982,0.));
#1913 = CARTESIAN_POINT('',(0.747748982569,-92.01861734676,0.));
#1914 = CARTESIAN_POINT('',(0.75,-91.98750692748,0.));
#1915 = CARTESIAN_POINT('',(0.75,-91.95768802334,0.));
#1916 = PCURVE('',#1667,#1917);
#1917 = DEFINITIONAL_REPRESENTATION('',(#1918),#1941);
#1918 = B_SPLINE_CURVE_WITH_KNOTS('',6,(#1919,#1920,#1921,#1922,#1923,
    #1924,#1925,#1926,#1927,#1928,#1929,#1930,#1931,#1932,#1933,#1934,
    #1935,#1936,#1937,#1938,#1939,#1940),.UNSPECIFIED.,.F.,.F.,(7,5,5,5,
    7),(0.,0.249999526284,0.500000003102,0.750000477551,1.),
  .UNSPECIFIED.);
#1919 = CARTESIAN_POINT('',(0.20922840488,-92.49976336983));
#1920 = CARTESIAN_POINT('',(0.239073464076,-92.49969586226));
#1921 = CARTESIAN_POINT('',(0.27020674739,-92.49736964946));
#1922 = CARTESIAN_POINT('',(0.302412268981,-92.49249988183));
#1923 = CARTESIAN_POINT('',(0.335372308879,-92.48482976088));
#1924 = CARTESIAN_POINT('',(0.368648007156,-92.47419626159));
#1925 = CARTESIAN_POINT('',(0.434842531732,-92.4469683416));
#1926 = CARTESIAN_POINT('',(0.467761219798,-92.43037375903));
#1927 = CARTESIAN_POINT('',(0.500008356683,-92.41078086066));
#1928 = CARTESIAN_POINT('',(0.531031389698,-92.38831313294));
#1929 = CARTESIAN_POINT('',(0.5603030088,-92.3632776401));
#1930 = CARTESIAN_POINT('',(0.614520146229,-92.30890196927));
#1931 = CARTESIAN_POINT('',(0.639465489481,-92.27956196963));
#1932 = CARTESIAN_POINT('',(0.661834872388,-92.24848416796));
#1933 = CARTESIAN_POINT('',(0.681325360363,-92.21619727304));
#1934 = CARTESIAN_POINT('',(0.69781751171,-92.1832529802));
#1935 = CARTESIAN_POINT('',(0.724846322566,-92.11703202853));
#1936 = CARTESIAN_POINT('',(0.735383145923,-92.08375550389));
#1937 = CARTESIAN_POINT('',(0.742962408016,-92.05080525982));
#1938 = CARTESIAN_POINT('',(0.747748982569,-92.01861734676));
#1939 = CARTESIAN_POINT('',(0.75,-91.98750692748));
#1940 = CARTESIAN_POINT('',(0.75,-91.95768802334));
#1941 = ( GEOMETRIC_REPRESENTATION_CONTEXT(2) 
PARAMETRIC_REPRESENTATION_CONTEXT() REPRESENTATION_CONTEXT('2D SPACE',''
  ) );
#1942 = ( GEOMETRIC_REPRESENTATION_CONTEXT(3) 
GLOBAL_UNCERTAINTY_ASSIGNED_CONTEXT((#1946)) 
GLOBAL_UNIT_ASSIGNED_CONTEXT((#1943,#1944,#1945)) REPRESENTATION_CONTEXT
('Context #1','3D Context with UNIT and UNCERTAINTY') );
#1943 = ( LENGTH_UNIT() NAMED_UNIT(*) SI_UNIT(.MILLI.,.METRE.) );
#1944 = ( NAMED_UNIT(*) PLANE_ANGLE_UNIT() SI_UNIT($,.RADIAN.) );
#1945 = ( NAMED_UNIT(*) SI_UNIT($,.STERADIAN.) SOLID_ANGLE_UNIT() );
#1946 = UNCERTAINTY_MEASURE_WITH_UNIT(LENGTH_MEASURE(2.E-05),#1943,
  'distance_accuracy_value','confusion accuracy');
#1947 = CONTEXT_DEPENDENT_SHAPE_REPRESENTATION(#1948,#1950);
#1948 = ( REPRESENTATION_RELATIONSHIP('','',#1649,#10) 
REPRESENTATION_RELATIONSHIP_WITH_TRANSFORMATION(#1949) 
SHAPE_REPRESENTATION_RELATIONSHIP() );
#1949 = ITEM_DEFINED_TRANSFORMATION('','',#11,#47);
#1950 = PRODUCT_DEFINITION_SHAPE('Placement','Placement of an item',
  #1951);
#1951 = NEXT_ASSEMBLY_USAGE_OCCURRENCE('9','','',#5,#1644,$);
#1952 = PRODUCT_RELATED_PRODUCT_CATEGORY('part',$,(#1646));
#1953 = SHAPE_DEFINITION_REPRESENTATION(#1954,#1960);
#1954 = PRODUCT_DEFINITION_SHAPE('','',#1955);
#1955 = PRODUCT_DEFINITION('design','',#1956,#1959);
#1956 = PRODUCT_DEFINITION_FORMATION('','',#1957);
#1957 = PRODUCT('Open CASCADE STEP translator 7.8 1.10',
  'Open CASCADE STEP translator 7.8 1.10','',(#1958));
#1958 = PRODUCT_CONTEXT('',#2,'mechanical');
#1959 = PRODUCT_DEFINITION_CONTEXT('part definition',#2,'design');
#1960 = MANIFOLD_SURFACE_SHAPE_REPRESENTATION('',(#11,#1961),#2162);
#1961 = SHELL_BASED_SURFACE_MODEL('',(#1962));
#1962 = OPEN_SHELL('',(#1963));
#1963 = ADVANCED_FACE('',(#1964),#1997,.T.);
#1964 = FACE_BOUND('',#1965,.T.);
#1965 = EDGE_LOOP('',(#1966,#2083,#2116,#2131));
#1966 = ORIENTED_EDGE('',*,*,#1967,.T.);
#1967 = EDGE_CURVE('',#1968,#1970,#1972,.T.);
#1968 = VERTEX_POINT('',#1969);
#1969 = CARTESIAN_POINT('',(0.20922840488,92.49976336983,0.));
#1970 = VERTEX_POINT('',#1971);
#1971 = CARTESIAN_POINT('',(0.75,91.95768802348,0.));
#1972 = SURFACE_CURVE('',#1973,(#1996),.PCURVE_S1.);
#1973 = B_SPLINE_CURVE_WITH_KNOTS('',6,(#1974,#1975,#1976,#1977,#1978,
    #1979,#1980,#1981,#1982,#1983,#1984,#1985,#1986,#1987,#1988,#1989,
    #1990,#1991,#1992,#1993,#1994,#1995),.UNSPECIFIED.,.F.,.F.,(7,5,5,5,
    7),(0.,0.249999526284,0.500000003103,0.750000477551,1.),
  .UNSPECIFIED.);
#1974 = CARTESIAN_POINT('',(0.20922840488,92.49976336983,0.));
#1975 = CARTESIAN_POINT('',(0.239073464076,92.499695862262,0.));
#1976 = CARTESIAN_POINT('',(0.27020674739,92.497369649464,0.));
#1977 = CARTESIAN_POINT('',(0.302412268981,92.492499881832,0.));
#1978 = CARTESIAN_POINT('',(0.335372308879,92.484829760887,0.));
#1979 = CARTESIAN_POINT('',(0.368648007156,92.474196261592,0.));
#1980 = CARTESIAN_POINT('',(0.434842531732,92.446968341602,0.));
#1981 = CARTESIAN_POINT('',(0.467761219798,92.430373759034,0.));
#1982 = CARTESIAN_POINT('',(0.500008356683,92.410780860669,0.));
#1983 = CARTESIAN_POINT('',(0.531031389698,92.388313132946,0.));
#1984 = CARTESIAN_POINT('',(0.5603030088,92.363277640108,0.));
#1985 = CARTESIAN_POINT('',(0.614520146229,92.308901969277,0.));
#1986 = CARTESIAN_POINT('',(0.639465489481,92.279561969639,0.));
#1987 = CARTESIAN_POINT('',(0.661834872388,92.248484167964,0.));
#1988 = CARTESIAN_POINT('',(0.681325360363,92.216197273046,0.));
#1989 = CARTESIAN_POINT('',(0.69781751171,92.18325298021,0.));
#1990 = CARTESIAN_POINT('',(0.724846322566,92.117032028537,0.));
#1991 = CARTESIAN_POINT('',(0.735383145923,92.083755503895,0.));
#1992 = CARTESIAN_POINT('',(0.742962408016,92.050805259826,0.));
#1993 = CARTESIAN_POINT('',(0.747748982569,92.018617346768,0.));
#1994 = CARTESIAN_POINT('',(0.75,91.987506927482,0.));
#1995 = CARTESIAN_POINT('',(0.75,91.957688023342,0.));
#1996 = PCURVE('',#1997,#2058);
#1997 = ( BOUNDED_SURFACE() B_SPLINE_SURFACE(2,10,(
    (#1998,#1999,#2000,#2001,#2002,#2003,#2004,#2005,#2006,#2007,#2008
      ,#2009,#2010,#2011,#2012,#2013,#2014,#2015,#2016,#2017)
    ,(#2018,#2019,#2020,#2021,#2022,#2023,#2024,#2025,#2026,#2027,#2028
      ,#2029,#2030,#2031,#2032,#2033,#2034,#2035,#2036,#2037)
    ,(#2038,#2039,#2040,#2041,#2042,#2043,#2044,#2045,#2046,#2047,#2048
      ,#2049,#2050,#2051,#2052,#2053,#2054,#2055,#2056,#2057
)),.UNSPECIFIED.,.F.,.F.,.F.) B_SPLINE_SURFACE_WITH_KNOTS((3,3),(11,9,11
    ),(0.,166.50685956317),(-9.324430068779,-0.109827087196,
166.39703247597),.UNSPECIFIED.) GEOMETRIC_REPRESENTATION_ITEM() 
RATIONAL_B_SPLINE_SURFACE((
    (1.,1.,1.,1.,1.,1.,1.,1.,1.,1.,1.,1.,1.,1.,1.,1.,1.,1.,1.,1.)
    ,(0.661936855264,0.660109385674,0.658688020437,0.657672759553
      ,0.657063603023,0.656860550846,0.657063603023,0.657672759553
      ,0.658688020437,0.660109385674,0.694959029205,0.729804773298
      ,0.766114794629,0.803274051221,0.83998771602,0.874626681539
      ,0.904049723019,0.924719481265,0.935063239715,0.935063239715)
    ,(1.,1.,1.,1.,1.,1.,1.,1.,1.,1.,1.,1.,1.,1.,1.,1.,1.,1.,1.,1.
))) REPRESENTATION_ITEM('') SURFACE() );
#1998 = CARTESIAN_POINT('',(-4.898282251459,97.595553707383,
    13.411359700828));
#1999 = CARTESIAN_POINT('',(-4.387531185825,97.085974673628,
    12.070223730745));
#2000 = CARTESIAN_POINT('',(-3.876780120191,96.576395639872,
    10.729087760662));
#2001 = CARTESIAN_POINT('',(-3.366029054557,96.066816606117,
    9.387951790579));
#2002 = CARTESIAN_POINT('',(-2.855277988924,95.557237572362,
    8.046815820497));
#2003 = CARTESIAN_POINT('',(-2.34452692329,95.047658538607,
    6.705679850414));
#2004 = CARTESIAN_POINT('',(-1.833775857656,94.538079504852,
    5.364543880331));
#2005 = CARTESIAN_POINT('',(-1.323024792022,94.028500471096,
    4.023407910248));
#2006 = CARTESIAN_POINT('',(-0.812273726388,93.518921437341,
    2.682271940166));
#2007 = CARTESIAN_POINT('',(-0.301522660754,93.009342403586,
    1.341135970083));
#2008 = CARTESIAN_POINT('',(9.438443828183,83.291726433304,
    -24.23417906034));
#2009 = CARTESIAN_POINT('',(17.65152819904,74.079003845541,
    -45.77568044265));
#2010 = CARTESIAN_POINT('',(24.848434173484,64.859771139795,
    -64.62449983168));
#2011 = CARTESIAN_POINT('',(31.028804101241,55.63209596752,
    -80.78062843024));
#2012 = CARTESIAN_POINT('',(36.190822550002,46.392357969851,
    -94.24409858692));
#2013 = CARTESIAN_POINT('',(40.332102944102,37.139368855213,
    -105.0147260326));
#2014 = CARTESIAN_POINT('',(43.446580194025,27.867992500345,
    -113.0928881406));
#2015 = CARTESIAN_POINT('',(45.525179790349,18.583121609584,
    -118.477818247));
#2016 = CARTESIAN_POINT('',(46.564527585367,9.291564249064,
    -121.1703272345));
#2017 = CARTESIAN_POINT('',(46.564527585367,0.,-121.1703272345));
#2018 = CARTESIAN_POINT('',(-4.394293273283,97.681055431431,
    13.569811445202));
#2019 = CARTESIAN_POINT('',(-3.898610242057,97.181659047854,
    12.262279989858));
#2020 = CARTESIAN_POINT('',(-3.397645660883,96.676941548207,
    10.94081666222));
#2021 = CARTESIAN_POINT('',(-2.892293303524,96.167803401856,
    9.60777909254));
#2022 = CARTESIAN_POINT('',(-2.383469844048,95.655168150025,
    8.265585318354));
#2023 = CARTESIAN_POINT('',(-1.872109366456,95.139976874299,
    6.916699301787));
#2024 = CARTESIAN_POINT('',(-1.359157672197,94.62318246149,
    5.563615913686));
#2025 = CARTESIAN_POINT('',(-0.845566458051,94.105743737904,
    4.208845575832));
#2026 = CARTESIAN_POINT('',(-0.332287439501,93.588619548692,
    2.854898759333));
#2027 = CARTESIAN_POINT('',(0.179733504382,93.072762858868,
    1.504270539793));
#2028 = CARTESIAN_POINT('',(9.440133016859,83.742990129796,
    -22.92316168771));
#2029 = CARTESIAN_POINT('',(17.353181221482,74.837949960389,
    -43.7964996545));
#2030 = CARTESIAN_POINT('',(24.412990813394,65.825399681101,
    -62.41913252397));
#2031 = CARTESIAN_POINT('',(30.601633506042,56.683249579951,
    -78.7437683835));
#2032 = CARTESIAN_POINT('',(35.872317990372,47.389305127414,
    -92.64697934757));
#2033 = CARTESIAN_POINT('',(40.191384833472,37.941867563094,
    -104.0399772904));
#2034 = CARTESIAN_POINT('',(43.458318566027,28.32270505134,
    -112.6576187038));
#2035 = CARTESIAN_POINT('',(45.592713413855,18.718696385655,
    -118.2878061943));
#2036 = CARTESIAN_POINT('',(46.625000000044,9.255801020727,
    -121.0108108109));
#2037 = CARTESIAN_POINT('',(46.625000000043,4.263256414561E-14,
    -121.0108108109));
#2038 = CARTESIAN_POINT('',(-4.458024589795,97.177572415113,
    13.73792432335));
#2039 = CARTESIAN_POINT('',(-3.949078937416,96.66747562226,
    12.395408224103));
#2040 = CARTESIAN_POINT('',(-3.440191534783,96.157437210902,
    11.053045778238));
#2041 = CARTESIAN_POINT('',(-2.931362381895,95.647457181041,
    9.710836985756));
#2042 = CARTESIAN_POINT('',(-2.422591478753,95.137535532674,
    8.368781846656));
#2043 = CARTESIAN_POINT('',(-1.913878825356,94.627672265803,
    7.026880360939));
#2044 = CARTESIAN_POINT('',(-1.405224421704,94.117867380428,
    5.685132528604));
#2045 = CARTESIAN_POINT('',(-0.896628267798,93.608120876548,
    4.343538349651));
#2046 = CARTESIAN_POINT('',(-0.388090363637,93.098432754163,
    3.002097824081));
#2047 = CARTESIAN_POINT('',(0.120389290778,92.588803013274,
    1.660810951894));
#2048 = CARTESIAN_POINT('',(9.81592940208,82.871333392224,
    -23.91445161197));
#2049 = CARTESIAN_POINT('',(17.982258343257,73.663434882247,
    -45.45590308923));
#2050 = CARTESIAN_POINT('',(25.127798026137,64.455551518239,
    -64.30467803651));
#2051 = CARTESIAN_POINT('',(31.252549587066,55.247621282693,
    -80.46077945128));
#2052 = CARTESIAN_POINT('',(36.356508153345,46.039804065368,
    -93.92419448018));
#2053 = CARTESIAN_POINT('',(40.439697002108,36.831812593649,
    -104.6949845244));
#2054 = CARTESIAN_POINT('',(43.502066157222,27.624008672627,
    -112.7730177552));
#2055 = CARTESIAN_POINT('',(45.543710797748,18.416068332524,
    -118.1585452394));
#2056 = CARTESIAN_POINT('',(46.564527585367,9.208033060219,
    -120.8512943873));
#2057 = CARTESIAN_POINT('',(46.564527585367,0.,-120.8512943873));
#2058 = DEFINITIONAL_REPRESENTATION('',(#2059),#2082);
#2059 = B_SPLINE_CURVE_WITH_KNOTS('',6,(#2060,#2061,#2062,#2063,#2064,
    #2065,#2066,#2067,#2068,#2069,#2070,#2071,#2072,#2073,#2074,#2075,
    #2076,#2077,#2078,#2079,#2080,#2081),.UNSPECIFIED.,.F.,.F.,(7,5,5,5,
    7),(0.,0.249999526284,0.500000003103,0.750000477551,1.),
  .UNSPECIFIED.);
#2060 = CARTESIAN_POINT('',(0.,-0.109827087196));
#2061 = CARTESIAN_POINT('',(6.937801894155,-0.103784851296));
#2062 = CARTESIAN_POINT('',(13.875597695212,-9.702257387395E-02));
#2063 = CARTESIAN_POINT('',(20.813386834343,-8.952576153485E-02));
#2064 = CARTESIAN_POINT('',(27.751169125159,-8.130611519497E-02));
#2065 = CARTESIAN_POINT('',(34.688944941567,-7.241881540237E-02));
#2066 = CARTESIAN_POINT('',(48.56451130941,-5.350101745001E-02));
#2067 = CARTESIAN_POINT('',(55.502301982799,-4.347051399581E-02));
#2068 = CARTESIAN_POINT('',(62.440087581269,-3.296411206202E-02));
#2069 = CARTESIAN_POINT('',(69.37786951515,-2.211829029776E-02));
#2070 = CARTESIAN_POINT('',(76.315649702056,-1.11019124247E-02));
#2071 = CARTESIAN_POINT('',(90.191209941491,1.093651542689E-02));
#2072 = CARTESIAN_POINT('',(97.128990088932,2.195849381821E-02));
#2073 = CARTESIAN_POINT('',(104.06677201064,3.281551345083E-02));
#2074 = CARTESIAN_POINT('',(111.00455761954,4.333859235311E-02));
#2075 = CARTESIAN_POINT('',(117.94234831591,5.33909669597E-02));
#2076 = CARTESIAN_POINT('',(131.81791470144,7.236189748798E-02));
#2077 = CARTESIAN_POINT('',(138.75569051178,8.128045886715E-02));
#2078 = CARTESIAN_POINT('',(145.69347279669,8.953556868521E-02));
#2079 = CARTESIAN_POINT('',(152.63126192277,9.707134555532E-02));
#2080 = CARTESIAN_POINT('',(159.56905770081,0.103875218918));
#2081 = CARTESIAN_POINT('',(166.50685956317,0.109960834469));
#2082 = ( GEOMETRIC_REPRESENTATION_CONTEXT(2) 
PARAMETRIC_REPRESENTATION_CONTEXT() REPRESENTATION_CONTEXT('2D SPACE',''
  ) );
#2083 = ORIENTED_EDGE('',*,*,#2084,.T.);
#2084 = EDGE_CURVE('',#1970,#2085,#2087,.T.);
#2085 = VERTEX_POINT('',#2086);
#2086 = CARTESIAN_POINT('',(46.564527585367,0.,-120.8512943873));
#2087 = SURFACE_CURVE('',#2088,(#2109),.PCURVE_S1.);
#2088 = B_SPLINE_CURVE_WITH_KNOTS('',10,(#2089,#2090,#2091,#2092,#2093,
    #2094,#2095,#2096,#2097,#2098,#2099,#2100,#2101,#2102,#2103,#2104,
    #2105,#2106,#2107,#2108),.UNSPECIFIED.,.F.,.F.,(11,9,11),(
    -9.324430068779,-0.109827087196,166.39703247597),.UNSPECIFIED.);
#2089 = CARTESIAN_POINT('',(-4.458024589795,97.177572415113,
    13.73792432335));
#2090 = CARTESIAN_POINT('',(-3.949078937416,96.66747562226,
    12.395408224103));
#2091 = CARTESIAN_POINT('',(-3.440191534783,96.157437210902,
    11.053045778238));
#2092 = CARTESIAN_POINT('',(-2.931362381895,95.647457181041,
    9.710836985756));
#2093 = CARTESIAN_POINT('',(-2.422591478753,95.137535532674,
    8.368781846656));
#2094 = CARTESIAN_POINT('',(-1.913878825356,94.627672265803,
    7.026880360939));
#2095 = CARTESIAN_POINT('',(-1.405224421704,94.117867380428,
    5.685132528604));
#2096 = CARTESIAN_POINT('',(-0.896628267798,93.608120876548,
    4.343538349651));
#2097 = CARTESIAN_POINT('',(-0.388090363637,93.098432754163,
    3.002097824081));
#2098 = CARTESIAN_POINT('',(0.120389290778,92.588803013274,
    1.660810951894));
#2099 = CARTESIAN_POINT('',(9.81592940208,82.871333392224,
    -23.91445161197));
#2100 = CARTESIAN_POINT('',(17.982258343257,73.663434882247,
    -45.45590308923));
#2101 = CARTESIAN_POINT('',(25.127798026137,64.455551518239,
    -64.30467803651));
#2102 = CARTESIAN_POINT('',(31.252549587066,55.247621282693,
    -80.46077945128));
#2103 = CARTESIAN_POINT('',(36.356508153345,46.039804065368,
    -93.92419448018));
#2104 = CARTESIAN_POINT('',(40.439697002108,36.831812593649,
    -104.6949845244));
#2105 = CARTESIAN_POINT('',(43.502066157222,27.624008672627,
    -112.7730177552));
#2106 = CARTESIAN_POINT('',(45.543710797748,18.416068332524,
    -118.1585452394));
#2107 = CARTESIAN_POINT('',(46.564527585367,9.208033060219,
    -120.8512943873));
#2108 = CARTESIAN_POINT('',(46.564527585367,0.,-120.8512943873));
#2109 = PCURVE('',#1997,#2110);
#2110 = DEFINITIONAL_REPRESENTATION('',(#2111),#2115);
#2111 = LINE('',#2112,#2113);
#2112 = CARTESIAN_POINT('',(166.50685956317,0.));
#2113 = VECTOR('',#2114,1.);
#2114 = DIRECTION('',(0.,1.));
#2115 = ( GEOMETRIC_REPRESENTATION_CONTEXT(2) 
PARAMETRIC_REPRESENTATION_CONTEXT() REPRESENTATION_CONTEXT('2D SPACE',''
  ) );
#2116 = ORIENTED_EDGE('',*,*,#2117,.F.);
#2117 = EDGE_CURVE('',#2118,#2085,#2120,.T.);
#2118 = VERTEX_POINT('',#2119);
#2119 = CARTESIAN_POINT('',(46.564527585367,0.,-121.1703272345));
#2120 = SURFACE_CURVE('',#2121,(#2125),.PCURVE_S1.);
#2121 = ( BOUNDED_CURVE() B_SPLINE_CURVE(2,(#2122,#2123,#2124),
.UNSPECIFIED.,.F.,.F.) B_SPLINE_CURVE_WITH_KNOTS((3,3),(0.,
166.50685956317),.PIECEWISE_BEZIER_KNOTS.) CURVE() 
GEOMETRIC_REPRESENTATION_ITEM() RATIONAL_B_SPLINE_CURVE((1.,
0.935063239715,1.)) REPRESENTATION_ITEM('') );
#2122 = CARTESIAN_POINT('',(46.564527585367,0.,-121.1703272345));
#2123 = CARTESIAN_POINT('',(46.625000000043,4.263256414561E-14,
    -121.0108108109));
#2124 = CARTESIAN_POINT('',(46.564527585367,0.,-120.8512943873));
#2125 = PCURVE('',#1997,#2126);
#2126 = DEFINITIONAL_REPRESENTATION('',(#2127),#2130);
#2127 = B_SPLINE_CURVE_WITH_KNOTS('',1,(#2128,#2129),.UNSPECIFIED.,.F.,
  .F.,(2,2),(0.,166.50685956317),.PIECEWISE_BEZIER_KNOTS.);
#2128 = CARTESIAN_POINT('',(0.,166.39703247597));
#2129 = CARTESIAN_POINT('',(166.50685956317,166.39703247597));
#2130 = ( GEOMETRIC_REPRESENTATION_CONTEXT(2) 
PARAMETRIC_REPRESENTATION_CONTEXT() REPRESENTATION_CONTEXT('2D SPACE',''
  ) );
#2131 = ORIENTED_EDGE('',*,*,#2132,.F.);
#2132 = EDGE_CURVE('',#1968,#2118,#2133,.T.);
#2133 = SURFACE_CURVE('',#2134,(#2155),.PCURVE_S1.);
#2134 = B_SPLINE_CURVE_WITH_KNOTS('',10,(#2135,#2136,#2137,#2138,#2139,
    #2140,#2141,#2142,#2143,#2144,#2145,#2146,#2147,#2148,#2149,#2150,
    #2151,#2152,#2153,#2154),.UNSPECIFIED.,.F.,.F.,(11,9,11),(
    -9.324430068779,-0.109827087196,166.39703247597),.UNSPECIFIED.);
#2135 = CARTESIAN_POINT('',(-4.898282251459,97.595553707383,
    13.411359700828));
#2136 = CARTESIAN_POINT('',(-4.387531185825,97.085974673628,
    12.070223730745));
#2137 = CARTESIAN_POINT('',(-3.876780120191,96.576395639872,
    10.729087760662));
#2138 = CARTESIAN_POINT('',(-3.366029054557,96.066816606117,
    9.387951790579));
#2139 = CARTESIAN_POINT('',(-2.855277988924,95.557237572362,
    8.046815820497));
#2140 = CARTESIAN_POINT('',(-2.34452692329,95.047658538607,
    6.705679850414));
#2141 = CARTESIAN_POINT('',(-1.833775857656,94.538079504852,
    5.364543880331));
#2142 = CARTESIAN_POINT('',(-1.323024792022,94.028500471096,
    4.023407910248));
#2143 = CARTESIAN_POINT('',(-0.812273726388,93.518921437341,
    2.682271940166));
#2144 = CARTESIAN_POINT('',(-0.301522660754,93.009342403586,
    1.341135970083));
#2145 = CARTESIAN_POINT('',(9.438443828183,83.291726433304,
    -24.23417906034));
#2146 = CARTESIAN_POINT('',(17.65152819904,74.079003845541,
    -45.77568044265));
#2147 = CARTESIAN_POINT('',(24.848434173484,64.859771139795,
    -64.62449983168));
#2148 = CARTESIAN_POINT('',(31.028804101241,55.63209596752,
    -80.78062843024));
#2149 = CARTESIAN_POINT('',(36.190822550002,46.392357969851,
    -94.24409858692));
#2150 = CARTESIAN_POINT('',(40.332102944102,37.139368855213,
    -105.0147260326));
#2151 = CARTESIAN_POINT('',(43.446580194025,27.867992500345,
    -113.0928881406));
#2152 = CARTESIAN_POINT('',(45.525179790349,18.583121609584,
    -118.477818247));
#2153 = CARTESIAN_POINT('',(46.564527585367,9.291564249064,
    -121.1703272345));
#2154 = CARTESIAN_POINT('',(46.564527585367,0.,-121.1703272345));
#2155 = PCURVE('',#1997,#2156);
#2156 = DEFINITIONAL_REPRESENTATION('',(#2157),#2161);
#2157 = LINE('',#2158,#2159);
#2158 = CARTESIAN_POINT('',(0.,0.));
#2159 = VECTOR('',#2160,1.);
#2160 = DIRECTION('',(0.,1.));
#2161 = ( GEOMETRIC_REPRESENTATION_CONTEXT(2) 
PARAMETRIC_REPRESENTATION_CONTEXT() REPRESENTATION_CONTEXT('2D SPACE',''
  ) );
#2162 = ( GEOMETRIC_REPRESENTATION_CONTEXT(3) 
GLOBAL_UNCERTAINTY_ASSIGNED_CONTEXT((#2166)) 
GLOBAL_UNIT_ASSIGNED_CONTEXT((#2163,#2164,#2165)) REPRESENTATION_CONTEXT
('Context #1','3D Context with UNIT and UNCERTAINTY') );
#2163 = ( LENGTH_UNIT() NAMED_UNIT(*) SI_UNIT(.MILLI.,.METRE.) );
#2164 = ( NAMED_UNIT(*) PLANE_ANGLE_UNIT() SI_UNIT($,.RADIAN.) );
#2165 = ( NAMED_UNIT(*) SI_UNIT($,.STERADIAN.) SOLID_ANGLE_UNIT() );
#2166 = UNCERTAINTY_MEASURE_WITH_UNIT(LENGTH_MEASURE(2.E-05),#2163,
  'distance_accuracy_value','confusion accuracy');
#2167 = CONTEXT_DEPENDENT_SHAPE_REPRESENTATION(#2168,#2170);
#2168 = ( REPRESENTATION_RELATIONSHIP('','',#1960,#10) 
REPRESENTATION_RELATIONSHIP_WITH_TRANSFORMATION(#2169) 
SHAPE_REPRESENTATION_RELATIONSHIP() );
#2169 = ITEM_DEFINED_TRANSFORMATION('','',#11,#51);
#2170 = PRODUCT_DEFINITION_SHAPE('Placement','Placement of an item',
  #2171);
#2171 = NEXT_ASSEMBLY_USAGE_OCCURRENCE('10','','',#5,#1955,$);
#2172 = PRODUCT_RELATED_PRODUCT_CATEGORY('part',$,(#1957));
#2173 = SHAPE_DEFINITION_REPRESENTATION(#2174,#2180);
#2174 = PRODUCT_DEFINITION_SHAPE('','',#2175);
#2175 = PRODUCT_DEFINITION('design','',#2176,#2179);
#2176 = PRODUCT_DEFINITION_FORMATION('','',#2177);
#2177 = PRODUCT('Open CASCADE STEP translator 7.8 1.11',
  'Open CASCADE STEP translator 7.8 1.11','',(#2178));
#2178 = PRODUCT_CONTEXT('',#2,'mechanical');
#2179 = PRODUCT_DEFINITION_CONTEXT('part definition',#2,'design');
#2180 = MANIFOLD_SURFACE_SHAPE_REPRESENTATION('',(#11,#2181),#2511);
#2181 = SHELL_BASED_SURFACE_MODEL('',(#2182));
#2182 = OPEN_SHELL('',(#2183));
#2183 = ADVANCED_FACE('',(#2184),#2217,.T.);
#2184 = FACE_BOUND('',#2185,.T.);
#2185 = EDGE_LOOP('',(#2186,#2357,#2408,#2462));
#2186 = ORIENTED_EDGE('',*,*,#2187,.T.);
#2187 = EDGE_CURVE('',#2188,#2190,#2192,.T.);
#2188 = VERTEX_POINT('',#2189);
#2189 = CARTESIAN_POINT('',(-0.20922840488,-92.49976336983,0.));
#2190 = VERTEX_POINT('',#2191);
#2191 = CARTESIAN_POINT('',(-0.75,-91.95768802348,0.));
#2192 = SURFACE_CURVE('',#2193,(#2216),.PCURVE_S1.);
#2193 = B_SPLINE_CURVE_WITH_KNOTS('',6,(#2194,#2195,#2196,#2197,#2198,
    #2199,#2200,#2201,#2202,#2203,#2204,#2205,#2206,#2207,#2208,#2209,
    #2210,#2211,#2212,#2213,#2214,#2215),.UNSPECIFIED.,.F.,.F.,(7,5,5,5,
    7),(0.,0.249999881209,0.500000000779,0.750000119753,1.),
  .UNSPECIFIED.);
#2194 = CARTESIAN_POINT('',(-0.20922840488,-92.49976336983,0.));
#2195 = CARTESIAN_POINT('',(-0.239073412254,-92.49969586237,0.));
#2196 = CARTESIAN_POINT('',(-0.270206658919,-92.49736965748,0.));
#2197 = CARTESIAN_POINT('',(-0.302412165098,-92.49249990152,0.));
#2198 = CARTESIAN_POINT('',(-0.335372215813,-92.48482978871,0.));
#2199 = CARTESIAN_POINT('',(-0.368647950446,-92.4741962849,0.));
#2200 = CARTESIAN_POINT('',(-0.434842493832,-92.4469683572,0.));
#2201 = CARTESIAN_POINT('',(-0.467761164922,-92.43037378857,0.));
#2202 = CARTESIAN_POINT('',(-0.500008304772,-92.41078089673,0.));
#2203 = CARTESIAN_POINT('',(-0.531031353781,-92.38831316365,0.));
#2204 = CARTESIAN_POINT('',(-0.560302991994,-92.36327765693,0.));
#2205 = CARTESIAN_POINT('',(-0.614520162799,-92.30890195268,0.));
#2206 = CARTESIAN_POINT('',(-0.63946551999,-92.27956193378,0.));
#2207 = CARTESIAN_POINT('',(-0.661834908224,-92.24848411606,0.));
#2208 = CARTESIAN_POINT('',(-0.681325389646,-92.21619721825,0.));
#2209 = CARTESIAN_POINT('',(-0.697817527082,-92.18325294251,0.));
#2210 = CARTESIAN_POINT('',(-0.724846345617,-92.11703197209,0.));
#2211 = CARTESIAN_POINT('',(-0.735383173416,-92.08375541109,0.));
#2212 = CARTESIAN_POINT('',(-0.742962427388,-92.05080515622,0.));
#2213 = CARTESIAN_POINT('',(-0.747748990362,-92.01861725854,0.));
#2214 = CARTESIAN_POINT('',(-0.75,-91.9875068758,0.));
#2215 = CARTESIAN_POINT('',(-0.75,-91.95768802334,0.));
#2216 = PCURVE('',#2217,#2332);
#2217 = ( BOUNDED_SURFACE() B_SPLINE_SURFACE(2,10,(
    (#2218,#2219,#2220,#2221,#2222,#2223,#2224,#2225,#2226,#2227,#2228
      ,#2229,#2230,#2231,#2232,#2233,#2234,#2235,#2236,#2237,#2238,#2239
      ,#2240,#2241,#2242,#2243,#2244,#2245,#2246,#2247,#2248,#2249,#2250
      ,#2251,#2252,#2253,#2254,#2255)
    ,(#2256,#2257,#2258,#2259,#2260,#2261,#2262,#2263,#2264,#2265,#2266
      ,#2267,#2268,#2269,#2270,#2271,#2272,#2273,#2274,#2275,#2276,#2277
      ,#2278,#2279,#2280,#2281,#2282,#2283,#2284,#2285,#2286,#2287,#2288
      ,#2289,#2290,#2291,#2292,#2293)
    ,(#2294,#2295,#2296,#2297,#2298,#2299,#2300,#2301,#2302,#2303,#2304
      ,#2305,#2306,#2307,#2308,#2309,#2310,#2311,#2312,#2313,#2314,#2315
      ,#2316,#2317,#2318,#2319,#2320,#2321,#2322,#2323,#2324,#2325,#2326
      ,#2327,#2328,#2329,#2330,#2331
)),.UNSPECIFIED.,.F.,.F.,.F.) B_SPLINE_SURFACE_WITH_KNOTS((3,3),(11,9,9,
    9,11),(0.,332.43341526572),(-9.287670678833,-0.109635704442,
    166.10707192842,332.32377956128,341.50181453567),.UNSPECIFIED.) 
GEOMETRIC_REPRESENTATION_ITEM() RATIONAL_B_SPLINE_SURFACE((
    (1.,1.,1.,1.,1.,1.,1.,1.,1.,1.,1.,1.,1.,1.,1.,1.,1.,1.,1.,1.,1.,1.
      ,1.,1.,1.,1.,1.,1.,1.,1.,1.,1.,1.,1.,1.,1.,1.,1.)
    ,(0.661936855264,0.660113460542,0.658695264648,0.65768226758
      ,0.65707446934,0.656871869926,0.65707446934,0.65768226758
      ,0.658695264648,0.660113460542,0.694959029205,0.729804773298
      ,0.76611479463,0.80327405122,0.839987716021,0.874626681538
      ,0.90404972302,0.924719481265,0.935063239715,0.935063239715
      ,0.924719481265,0.904049723019,0.874626681539,0.83998771602
      ,0.803274051221,0.766114794629,0.729804773298,0.694959029205
      ,0.660113460542,0.658695264648,0.65768226758,0.65707446934
      ,0.656871869926,0.65707446934,0.65768226758,0.658695264648
      ,0.660113460542,0.661936855264)
    ,(1.,1.,1.,1.,1.,1.,1.,1.,1.,1.,1.,1.,1.,1.,1.,1.,1.,1.,1.,1.,1.,1.
      ,1.,1.,1.,1.,1.,1.,1.,1.,1.,1.,1.,1.,1.,1.,1.,1.
))) REPRESENTATION_ITEM('') SURFACE() );
#2218 = CARTESIAN_POINT('',(4.886893588366,-97.58419117811,
    13.381455219463));
#2219 = CARTESIAN_POINT('',(4.377281389042,-97.07574839728,
    12.043309697516));
#2220 = CARTESIAN_POINT('',(3.867669189717,-96.56730561645,
    10.70516417557));
#2221 = CARTESIAN_POINT('',(3.358056990393,-96.05886283562,
    9.367018653624));
#2222 = CARTESIAN_POINT('',(2.848444791068,-95.55042005479,
    8.028873131678));
#2223 = CARTESIAN_POINT('',(2.338832591743,-95.04197727397,
    6.690727609731));
#2224 = CARTESIAN_POINT('',(1.829220392419,-94.53353449314,
    5.352582087785));
#2225 = CARTESIAN_POINT('',(1.319608193094,-94.02509171231,
    4.014436565839));
#2226 = CARTESIAN_POINT('',(0.809995993769,-93.51664893148,
    2.676291043893));
#2227 = CARTESIAN_POINT('',(0.300383794445,-93.00820615065,
    1.338145521946));
#2228 = CARTESIAN_POINT('',(-9.438443828184,-83.2917264333,
    -24.23417906035));
#2229 = CARTESIAN_POINT('',(-17.65152819903,-74.07900384552,
    -45.77568044263));
#2230 = CARTESIAN_POINT('',(-24.84843417349,-64.85977113982,
    -64.62449983172));
#2231 = CARTESIAN_POINT('',(-31.02880410122,-55.63209596747,
    -80.78062843019));
#2232 = CARTESIAN_POINT('',(-36.19082255002,-46.39235796989,
    -94.24409858698));
#2233 = CARTESIAN_POINT('',(-40.33210294408,-37.13936885517,
    -105.0147260326));
#2234 = CARTESIAN_POINT('',(-43.44658019403,-27.86799250036,
    -113.0928881406));
#2235 = CARTESIAN_POINT('',(-45.52517979034,-18.58312160957,
    -118.477818247));
#2236 = CARTESIAN_POINT('',(-46.56452758536,-9.291564249065,
    -121.1703272345));
#2237 = CARTESIAN_POINT('',(-46.56452758536,9.291564249064,
    -121.1703272345));
#2238 = CARTESIAN_POINT('',(-45.52517979035,18.583121609582,
    -118.477818247));
#2239 = CARTESIAN_POINT('',(-43.44658019402,27.867992500349,
    -113.0928881406));
#2240 = CARTESIAN_POINT('',(-40.3321029441,37.139368855203,
    -105.0147260326));
#2241 = CARTESIAN_POINT('',(-36.19082255,46.392357969869,-94.24409858693
    ));
#2242 = CARTESIAN_POINT('',(-31.02880410124,55.632095967499,
    -80.78062843023));
#2243 = CARTESIAN_POINT('',(-24.84843417348,64.859771139811,
    -64.62449983169));
#2244 = CARTESIAN_POINT('',(-17.65152819903,74.079003845533,
    -45.77568044264));
#2245 = CARTESIAN_POINT('',(-9.438443828183,83.291726433306,
    -24.23417906034));
#2246 = CARTESIAN_POINT('',(0.300383794445,93.008206150658,
    1.338145521946));
#2247 = CARTESIAN_POINT('',(0.809995993769,93.516648931486,
    2.676291043893));
#2248 = CARTESIAN_POINT('',(1.319608193094,94.025091712314,
    4.014436565839));
#2249 = CARTESIAN_POINT('',(1.829220392419,94.533534493142,
    5.352582087785));
#2250 = CARTESIAN_POINT('',(2.338832591743,95.04197727397,6.690727609731
    ));
#2251 = CARTESIAN_POINT('',(2.848444791068,95.550420054798,
    8.028873131678));
#2252 = CARTESIAN_POINT('',(3.358056990393,96.058862835626,
    9.367018653624));
#2253 = CARTESIAN_POINT('',(3.867669189717,96.567305616454,
    10.70516417557));
#2254 = CARTESIAN_POINT('',(4.377281389042,97.075748397282,
    12.043309697516));
#2255 = CARTESIAN_POINT('',(4.886893588367,97.58419117811,
    13.381455219463));
#2256 = CARTESIAN_POINT('',(4.382957356468,-97.6696345929,
    13.539909134898));
#2257 = CARTESIAN_POINT('',(3.888351333484,-97.17132328585,
    12.235218652648));
#2258 = CARTESIAN_POINT('',(3.388487206252,-96.66771448406,
    10.916658144058));
#2259 = CARTESIAN_POINT('',(2.884254860417,-96.15970473967,
    9.586574983154));
#2260 = CARTESIAN_POINT('',(2.376566929349,-95.64821352293,8.24737654877
    ));
#2261 = CARTESIAN_POINT('',(1.866353339865,-95.13417772709,
    6.901515837048));
#2262 = CARTESIAN_POINT('',(1.354555657619,-94.61854597145,
    5.551476545502));
#2263 = CARTESIAN_POINT('',(0.842121304035,-94.10227277491,
    4.199757818212));
#2264 = CARTESIAN_POINT('',(0.329997719203,-93.58631267521,
    2.848858848493));
#2265 = CARTESIAN_POINT('',(-0.1808734539,-93.07161436954,1.50126353782)
  );
#2266 = CARTESIAN_POINT('',(-9.44013301686,-83.74299012979,
    -22.92316168771));
#2267 = CARTESIAN_POINT('',(-17.35318122148,-74.8379499604,
    -43.7964996545));
#2268 = CARTESIAN_POINT('',(-24.41299081339,-65.82539968108,
    -62.41913252397));
#2269 = CARTESIAN_POINT('',(-30.60163350604,-56.68324957997,
    -78.74376838352));
#2270 = CARTESIAN_POINT('',(-35.87231799036,-47.3893051274,
    -92.64697934754));
#2271 = CARTESIAN_POINT('',(-40.19138483348,-37.94186756309,
    -104.0399772904));
#2272 = CARTESIAN_POINT('',(-43.45831856602,-28.32270505134,
    -112.6576187038));
#2273 = CARTESIAN_POINT('',(-45.59271341385,-18.71869638565,
    -118.2878061943));
#2274 = CARTESIAN_POINT('',(-46.62500000004,-9.255801020727,
    -121.0108108109));
#2275 = CARTESIAN_POINT('',(-46.62500000004,9.255801020728,
    -121.0108108109));
#2276 = CARTESIAN_POINT('',(-45.59271341385,18.718696385651,
    -118.2878061943));
#2277 = CARTESIAN_POINT('',(-43.45831856602,28.322705051349,
    -112.6576187038));
#2278 = CARTESIAN_POINT('',(-40.19138483347,37.941867563079,
    -104.0399772904));
#2279 = CARTESIAN_POINT('',(-35.87231799036,47.389305127434,
    -92.64697934755));
#2280 = CARTESIAN_POINT('',(-30.60163350605,56.68324957993,
    -78.74376838352));
#2281 = CARTESIAN_POINT('',(-24.41299081338,65.825399681118,
    -62.41913252396));
#2282 = CARTESIAN_POINT('',(-17.35318122148,74.837949960379,
    -43.79649965451));
#2283 = CARTESIAN_POINT('',(-9.440133016858,83.742990129799,
    -22.92316168771));
#2284 = CARTESIAN_POINT('',(-0.1808734539,93.071614369549,1.50126353782)
  );
#2285 = CARTESIAN_POINT('',(0.329997719203,93.586312675218,
    2.848858848493));
#2286 = CARTESIAN_POINT('',(0.842121304035,94.102272774914,
    4.199757818212));
#2287 = CARTESIAN_POINT('',(1.354555657619,94.618545971449,
    5.551476545502));
#2288 = CARTESIAN_POINT('',(1.866353339865,95.134177727097,
    6.901515837048));
#2289 = CARTESIAN_POINT('',(2.376566929349,95.648213522935,
    8.247376548769));
#2290 = CARTESIAN_POINT('',(2.884254860417,96.159704739677,
    9.586574983154));
#2291 = CARTESIAN_POINT('',(3.388487206252,96.667714484067,
    10.916658144059));
#2292 = CARTESIAN_POINT('',(3.888351333484,97.171323285848,
    12.235218652649));
#2293 = CARTESIAN_POINT('',(4.382957356468,97.669634592898,
    13.539909134899));
#2294 = CARTESIAN_POINT('',(4.446682028385,-97.16620419893,
    13.708004485685));
#2295 = CARTESIAN_POINT('',(3.938871216628,-96.6572448135,
    12.368481911969));
#2296 = CARTESIAN_POINT('',(3.431118524731,-96.14834367938,
    11.029112649022));
#2297 = CARTESIAN_POINT('',(2.923423952696,-95.63950079659,
    9.689896696842));
#2298 = CARTESIAN_POINT('',(2.415787500522,-95.1307161651,8.35083405543)
  );
#2299 = CARTESIAN_POINT('',(1.908209168208,-94.62198978494,
    7.011924724786));
#2300 = CARTESIAN_POINT('',(1.400688955755,-94.11332165609,
    5.673168704911));
#2301 = CARTESIAN_POINT('',(0.893226863163,-93.60471177856,
    4.334565995803));
#2302 = CARTESIAN_POINT('',(0.385822890432,-93.09616015235,
    2.996116597464));
#2303 = CARTESIAN_POINT('',(-0.121522962439,-92.58766677745,
    1.657820509892));
#2304 = CARTESIAN_POINT('',(-9.815929402083,-82.87133339222,
    -23.91445161198));
#2305 = CARTESIAN_POINT('',(-17.98225834324,-73.66343488224,
    -45.45590308921));
#2306 = CARTESIAN_POINT('',(-25.12779802615,-64.45555151825,
    -64.30467803657));
#2307 = CARTESIAN_POINT('',(-31.25254958703,-55.24762128267,
    -80.46077945119));
#2308 = CARTESIAN_POINT('',(-36.35650815337,-46.03980406538,
    -93.92419448026));
#2309 = CARTESIAN_POINT('',(-40.43969700208,-36.83181259363,
    -104.6949845244));
#2310 = CARTESIAN_POINT('',(-43.50206615723,-27.62400867263,
    -112.7730177553));
#2311 = CARTESIAN_POINT('',(-45.54371079774,-18.41606833251,
    -118.1585452394));
#2312 = CARTESIAN_POINT('',(-46.56452758536,-9.20803306022,
    -120.8512943873));
#2313 = CARTESIAN_POINT('',(-46.56452758536,9.20803306022,
    -120.8512943873));
#2314 = CARTESIAN_POINT('',(-45.54371079774,18.416068332523,
    -118.1585452394));
#2315 = CARTESIAN_POINT('',(-43.50206615722,27.624008672625,
    -112.7730177552));
#2316 = CARTESIAN_POINT('',(-40.4396970021,36.831812593653,
    -104.6949845244));
#2317 = CARTESIAN_POINT('',(-36.35650815335,46.039804065365,
    -93.92419448019));
#2318 = CARTESIAN_POINT('',(-31.25254958705,55.247621282691,
    -80.46077945125));
#2319 = CARTESIAN_POINT('',(-25.12779802614,64.455551518243,
    -64.30467803653));
#2320 = CARTESIAN_POINT('',(-17.98225834325,73.663434882243,
    -45.45590308922));
#2321 = CARTESIAN_POINT('',(-9.815929402082,82.871333392225,
    -23.91445161197));
#2322 = CARTESIAN_POINT('',(-0.121522962438,92.587666777459,
    1.657820509892));
#2323 = CARTESIAN_POINT('',(0.385822890432,93.096160152354,
    2.996116597463));
#2324 = CARTESIAN_POINT('',(0.893226863163,93.604711778567,
    4.334565995803));
#2325 = CARTESIAN_POINT('',(1.400688955755,94.113321656097,
    5.673168704911));
#2326 = CARTESIAN_POINT('',(1.908209168208,94.621989784944,
    7.011924724786));
#2327 = CARTESIAN_POINT('',(2.415787500522,95.130716165108,8.35083405543
    ));
#2328 = CARTESIAN_POINT('',(2.923423952696,95.63950079659,9.689896696842
    ));
#2329 = CARTESIAN_POINT('',(3.431118524732,96.148343679388,
    11.029112649021));
#2330 = CARTESIAN_POINT('',(3.938871216628,96.657244813504,
    12.368481911969));
#2331 = CARTESIAN_POINT('',(4.446682028385,97.166204198937,
    13.708004485685));
#2332 = DEFINITIONAL_REPRESENTATION('',(#2333),#2356);
#2333 = B_SPLINE_CURVE_WITH_KNOTS('',6,(#2334,#2335,#2336,#2337,#2338,
    #2339,#2340,#2341,#2342,#2343,#2344,#2345,#2346,#2347,#2348,#2349,
    #2350,#2351,#2352,#2353,#2354,#2355),.UNSPECIFIED.,.F.,.F.,(7,5,5,5,
    7),(0.,0.249999881209,0.500000000779,0.750000119753,1.),
  .UNSPECIFIED.);
#2334 = CARTESIAN_POINT('',(0.,-0.109635704442));
#2335 = CARTESIAN_POINT('',(13.851400353195,-0.10360400811));
#2336 = CARTESIAN_POINT('',(27.702797655571,-9.685352351006E-02));
#2337 = CARTESIAN_POINT('',(41.554191622404,-8.936978046396E-02));
#2338 = CARTESIAN_POINT('',(55.405582160509,-8.116445700971E-02));
#2339 = CARTESIAN_POINT('',(69.256969457128,-7.229263582234E-02));
#2340 = CARTESIAN_POINT('',(96.959751427612,-5.340779833129E-02));
#2341 = CARTESIAN_POINT('',(110.81114616252,-4.339478011572E-02));
#2342 = CARTESIAN_POINT('',(124.6625383568,-3.290668718458E-02));
#2343 = CARTESIAN_POINT('',(138.51392871636,-2.20797608452E-02));
#2344 = CARTESIAN_POINT('',(152.36531820146,-1.10825732406E-02));
#2345 = CARTESIAN_POINT('',(180.06809710425,1.091746436515E-02));
#2346 = CARTESIAN_POINT('',(193.91948656957,2.192024278411E-02));
#2347 = CARTESIAN_POINT('',(207.77087692304,3.275834750665E-02));
#2348 = CARTESIAN_POINT('',(221.62226912259,4.326308834565E-02));
#2349 = CARTESIAN_POINT('',(235.47366386903,5.329793957513E-02));
#2350 = CARTESIAN_POINT('',(263.17644584845,7.223581706059E-02));
#2351 = CARTESIAN_POINT('',(277.02783314206,8.113884541351E-02));
#2352 = CARTESIAN_POINT('',(290.87922367721,8.937957058613E-02));
#2353 = CARTESIAN_POINT('',(304.73061763757,9.690221027794E-02));
#2354 = CARTESIAN_POINT('',(318.58201492843,0.103694218313));
#2355 = CARTESIAN_POINT('',(332.43341526572,0.109769218649));
#2356 = ( GEOMETRIC_REPRESENTATION_CONTEXT(2) 
PARAMETRIC_REPRESENTATION_CONTEXT() REPRESENTATION_CONTEXT('2D SPACE',''
  ) );
#2357 = ORIENTED_EDGE('',*,*,#2358,.T.);
#2358 = EDGE_CURVE('',#2190,#2359,#2361,.T.);
#2359 = VERTEX_POINT('',#2360);
#2360 = CARTESIAN_POINT('',(-0.75,91.95768802348,0.));
#2361 = SURFACE_CURVE('',#2362,(#2401),.PCURVE_S1.);
#2362 = B_SPLINE_CURVE_WITH_KNOTS('',10,(#2363,#2364,#2365,#2366,#2367,
    #2368,#2369,#2370,#2371,#2372,#2373,#2374,#2375,#2376,#2377,#2378,
    #2379,#2380,#2381,#2382,#2383,#2384,#2385,#2386,#2387,#2388,#2389,
    #2390,#2391,#2392,#2393,#2394,#2395,#2396,#2397,#2398,#2399,#2400),
  .UNSPECIFIED.,.F.,.F.,(11,9,9,9,11),(-9.287670678833,-0.109635704442,
    166.10707192842,332.32377956128,341.50181453567),.UNSPECIFIED.);
#2363 = CARTESIAN_POINT('',(4.446682028385,-97.16620419893,
    13.708004485685));
#2364 = CARTESIAN_POINT('',(3.938871216628,-96.6572448135,
    12.368481911969));
#2365 = CARTESIAN_POINT('',(3.431118524731,-96.14834367938,
    11.029112649022));
#2366 = CARTESIAN_POINT('',(2.923423952696,-95.63950079659,
    9.689896696842));
#2367 = CARTESIAN_POINT('',(2.415787500522,-95.1307161651,8.35083405543)
  );
#2368 = CARTESIAN_POINT('',(1.908209168208,-94.62198978494,
    7.011924724786));
#2369 = CARTESIAN_POINT('',(1.400688955755,-94.11332165609,
    5.673168704911));
#2370 = CARTESIAN_POINT('',(0.893226863163,-93.60471177856,
    4.334565995803));
#2371 = CARTESIAN_POINT('',(0.385822890432,-93.09616015235,
    2.996116597464));
#2372 = CARTESIAN_POINT('',(-0.121522962439,-92.58766677745,
    1.657820509892));
#2373 = CARTESIAN_POINT('',(-9.815929402083,-82.87133339222,
    -23.91445161198));
#2374 = CARTESIAN_POINT('',(-17.98225834324,-73.66343488224,
    -45.45590308921));
#2375 = CARTESIAN_POINT('',(-25.12779802615,-64.45555151825,
    -64.30467803657));
#2376 = CARTESIAN_POINT('',(-31.25254958703,-55.24762128267,
    -80.46077945119));
#2377 = CARTESIAN_POINT('',(-36.35650815337,-46.03980406538,
    -93.92419448026));
#2378 = CARTESIAN_POINT('',(-40.43969700208,-36.83181259363,
    -104.6949845244));
#2379 = CARTESIAN_POINT('',(-43.50206615723,-27.62400867263,
    -112.7730177553));
#2380 = CARTESIAN_POINT('',(-45.54371079774,-18.41606833251,
    -118.1585452394));
#2381 = CARTESIAN_POINT('',(-46.56452758536,-9.20803306022,
    -120.8512943873));
#2382 = CARTESIAN_POINT('',(-46.56452758536,9.20803306022,
    -120.8512943873));
#2383 = CARTESIAN_POINT('',(-45.54371079774,18.416068332523,
    -118.1585452394));
#2384 = CARTESIAN_POINT('',(-43.50206615722,27.624008672625,
    -112.7730177552));
#2385 = CARTESIAN_POINT('',(-40.4396970021,36.831812593653,
    -104.6949845244));
#2386 = CARTESIAN_POINT('',(-36.35650815335,46.039804065365,
    -93.92419448019));
#2387 = CARTESIAN_POINT('',(-31.25254958705,55.247621282691,
    -80.46077945125));
#2388 = CARTESIAN_POINT('',(-25.12779802614,64.455551518243,
    -64.30467803653));
#2389 = CARTESIAN_POINT('',(-17.98225834325,73.663434882243,
    -45.45590308922));
#2390 = CARTESIAN_POINT('',(-9.815929402082,82.871333392225,
    -23.91445161197));
#2391 = CARTESIAN_POINT('',(-0.121522962438,92.587666777459,
    1.657820509892));
#2392 = CARTESIAN_POINT('',(0.385822890432,93.096160152354,
    2.996116597463));
#2393 = CARTESIAN_POINT('',(0.893226863163,93.604711778567,
    4.334565995803));
#2394 = CARTESIAN_POINT('',(1.400688955755,94.113321656097,
    5.673168704911));
#2395 = CARTESIAN_POINT('',(1.908209168208,94.621989784944,
    7.011924724786));
#2396 = CARTESIAN_POINT('',(2.415787500522,95.130716165108,8.35083405543
    ));
#2397 = CARTESIAN_POINT('',(2.923423952696,95.63950079659,9.689896696842
    ));
#2398 = CARTESIAN_POINT('',(3.431118524732,96.148343679388,
    11.029112649021));
#2399 = CARTESIAN_POINT('',(3.938871216628,96.657244813504,
    12.368481911969));
#2400 = CARTESIAN_POINT('',(4.446682028385,97.166204198937,
    13.708004485685));
#2401 = PCURVE('',#2217,#2402);
#2402 = DEFINITIONAL_REPRESENTATION('',(#2403),#2407);
#2403 = LINE('',#2404,#2405);
#2404 = CARTESIAN_POINT('',(332.43341526572,0.));
#2405 = VECTOR('',#2406,1.);
#2406 = DIRECTION('',(0.,1.));
#2407 = ( GEOMETRIC_REPRESENTATION_CONTEXT(2) 
PARAMETRIC_REPRESENTATION_CONTEXT() REPRESENTATION_CONTEXT('2D SPACE',''
  ) );
#2408 = ORIENTED_EDGE('',*,*,#2409,.F.);
#2409 = EDGE_CURVE('',#2410,#2359,#2412,.T.);
#2410 = VERTEX_POINT('',#2411);
#2411 = CARTESIAN_POINT('',(-0.20922840488,92.49976336983,0.));
#2412 = SURFACE_CURVE('',#2413,(#2436),.PCURVE_S1.);
#2413 = B_SPLINE_CURVE_WITH_KNOTS('',6,(#2414,#2415,#2416,#2417,#2418,
    #2419,#2420,#2421,#2422,#2423,#2424,#2425,#2426,#2427,#2428,#2429,
    #2430,#2431,#2432,#2433,#2434,#2435),.UNSPECIFIED.,.F.,.F.,(7,5,5,5,
    7),(0.,0.249999881209,0.500000000779,0.750000119753,1.),
  .UNSPECIFIED.);
#2414 = CARTESIAN_POINT('',(-0.20922840488,92.49976336983,0.));
#2415 = CARTESIAN_POINT('',(-0.239073412254,92.499695862379,0.));
#2416 = CARTESIAN_POINT('',(-0.270206658919,92.497369657489,0.));
#2417 = CARTESIAN_POINT('',(-0.302412165099,92.492499901523,0.));
#2418 = CARTESIAN_POINT('',(-0.335372215813,92.484829788715,0.));
#2419 = CARTESIAN_POINT('',(-0.368647950446,92.474196284906,0.));
#2420 = CARTESIAN_POINT('',(-0.434842493832,92.446968357203,0.));
#2421 = CARTESIAN_POINT('',(-0.467761164922,92.430373788577,0.));
#2422 = CARTESIAN_POINT('',(-0.500008304772,92.410780896738,0.));
#2423 = CARTESIAN_POINT('',(-0.531031353781,92.388313163655,0.));
#2424 = CARTESIAN_POINT('',(-0.560302991994,92.363277656934,0.));
#2425 = CARTESIAN_POINT('',(-0.614520162799,92.308901952687,0.));
#2426 = CARTESIAN_POINT('',(-0.63946551999,92.27956193378,0.));
#2427 = CARTESIAN_POINT('',(-0.661834908224,92.248484116064,0.));
#2428 = CARTESIAN_POINT('',(-0.681325389646,92.216197218255,0.));
#2429 = CARTESIAN_POINT('',(-0.697817527082,92.183252942516,0.));
#2430 = CARTESIAN_POINT('',(-0.724846345617,92.117031972091,0.));
#2431 = CARTESIAN_POINT('',(-0.735383173416,92.083755411098,0.));
#2432 = CARTESIAN_POINT('',(-0.742962427388,92.050805156228,0.));
#2433 = CARTESIAN_POINT('',(-0.747748990362,92.018617258545,0.));
#2434 = CARTESIAN_POINT('',(-0.75,91.987506875807,0.));
#2435 = CARTESIAN_POINT('',(-0.75,91.957688023342,0.));
#2436 = PCURVE('',#2217,#2437);
#2437 = DEFINITIONAL_REPRESENTATION('',(#2438),#2461);
#2438 = B_SPLINE_CURVE_WITH_KNOTS('',6,(#2439,#2440,#2441,#2442,#2443,
    #2444,#2445,#2446,#2447,#2448,#2449,#2450,#2451,#2452,#2453,#2454,
    #2455,#2456,#2457,#2458,#2459,#2460),.UNSPECIFIED.,.F.,.F.,(7,5,5,5,
    7),(0.,0.249999881209,0.500000000779,0.750000119753,1.),
  .UNSPECIFIED.);
#2439 = CARTESIAN_POINT('',(0.,332.32377956128));
#2440 = CARTESIAN_POINT('',(13.851400353193,332.31774786495));
#2441 = CARTESIAN_POINT('',(27.702797655575,332.31099738035));
#2442 = CARTESIAN_POINT('',(41.5541916224,332.3035136373));
#2443 = CARTESIAN_POINT('',(55.405582160511,332.29530831385));
#2444 = CARTESIAN_POINT('',(69.256969457128,332.28643649266));
#2445 = CARTESIAN_POINT('',(96.959751427607,332.26755165517));
#2446 = CARTESIAN_POINT('',(110.81114616253,332.25753863696));
#2447 = CARTESIAN_POINT('',(124.66253835679,332.24705054402));
#2448 = CARTESIAN_POINT('',(138.51392871636,332.23622361769));
#2449 = CARTESIAN_POINT('',(152.36531820146,332.22522643008));
#2450 = CARTESIAN_POINT('',(180.06809710425,332.20322639247));
#2451 = CARTESIAN_POINT('',(193.91948656955,332.19222361406));
#2452 = CARTESIAN_POINT('',(207.77087692307,332.18138550933));
#2453 = CARTESIAN_POINT('',(221.62226912257,332.17088076849));
#2454 = CARTESIAN_POINT('',(235.47366386904,332.16084591726));
#2455 = CARTESIAN_POINT('',(263.17644584847,332.14190803978));
#2456 = CARTESIAN_POINT('',(277.02783314199,332.13300501143));
#2457 = CARTESIAN_POINT('',(290.87922367732,332.12476428625));
#2458 = CARTESIAN_POINT('',(304.73061763749,332.11724164656));
#2459 = CARTESIAN_POINT('',(318.58201492845,332.11044963853));
#2460 = CARTESIAN_POINT('',(332.43341526572,332.10437463819));
#2461 = ( GEOMETRIC_REPRESENTATION_CONTEXT(2) 
PARAMETRIC_REPRESENTATION_CONTEXT() REPRESENTATION_CONTEXT('2D SPACE',''
  ) );
#2462 = ORIENTED_EDGE('',*,*,#2463,.F.);
#2463 = EDGE_CURVE('',#2188,#2410,#2464,.T.);
#2464 = SURFACE_CURVE('',#2465,(#2504),.PCURVE_S1.);
#2465 = B_SPLINE_CURVE_WITH_KNOTS('',10,(#2466,#2467,#2468,#2469,#2470,
    #2471,#2472,#2473,#2474,#2475,#2476,#2477,#2478,#2479,#2480,#2481,
    #2482,#2483,#2484,#2485,#2486,#2487,#2488,#2489,#2490,#2491,#2492,
    #2493,#2494,#2495,#2496,#2497,#2498,#2499,#2500,#2501,#2502,#2503),
  .UNSPECIFIED.,.F.,.F.,(11,9,9,9,11),(-9.287670678833,-0.109635704442,
    166.10707192842,332.32377956128,341.50181453567),.UNSPECIFIED.);
#2466 = CARTESIAN_POINT('',(4.886893588366,-97.58419117811,
    13.381455219463));
#2467 = CARTESIAN_POINT('',(4.377281389042,-97.07574839728,
    12.043309697516));
#2468 = CARTESIAN_POINT('',(3.867669189717,-96.56730561645,
    10.70516417557));
#2469 = CARTESIAN_POINT('',(3.358056990393,-96.05886283562,
    9.367018653624));
#2470 = CARTESIAN_POINT('',(2.848444791068,-95.55042005479,
    8.028873131678));
#2471 = CARTESIAN_POINT('',(2.338832591743,-95.04197727397,
    6.690727609731));
#2472 = CARTESIAN_POINT('',(1.829220392419,-94.53353449314,
    5.352582087785));
#2473 = CARTESIAN_POINT('',(1.319608193094,-94.02509171231,
    4.014436565839));
#2474 = CARTESIAN_POINT('',(0.809995993769,-93.51664893148,
    2.676291043893));
#2475 = CARTESIAN_POINT('',(0.300383794445,-93.00820615065,
    1.338145521946));
#2476 = CARTESIAN_POINT('',(-9.438443828184,-83.2917264333,
    -24.23417906035));
#2477 = CARTESIAN_POINT('',(-17.65152819903,-74.07900384552,
    -45.77568044263));
#2478 = CARTESIAN_POINT('',(-24.84843417349,-64.85977113982,
    -64.62449983172));
#2479 = CARTESIAN_POINT('',(-31.02880410122,-55.63209596747,
    -80.78062843019));
#2480 = CARTESIAN_POINT('',(-36.19082255002,-46.39235796989,
    -94.24409858698));
#2481 = CARTESIAN_POINT('',(-40.33210294408,-37.13936885517,
    -105.0147260326));
#2482 = CARTESIAN_POINT('',(-43.44658019403,-27.86799250036,
    -113.0928881406));
#2483 = CARTESIAN_POINT('',(-45.52517979034,-18.58312160957,
    -118.477818247));
#2484 = CARTESIAN_POINT('',(-46.56452758536,-9.291564249065,
    -121.1703272345));
#2485 = CARTESIAN_POINT('',(-46.56452758536,9.291564249064,
    -121.1703272345));
#2486 = CARTESIAN_POINT('',(-45.52517979035,18.583121609582,
    -118.477818247));
#2487 = CARTESIAN_POINT('',(-43.44658019402,27.867992500349,
    -113.0928881406));
#2488 = CARTESIAN_POINT('',(-40.3321029441,37.139368855203,
    -105.0147260326));
#2489 = CARTESIAN_POINT('',(-36.19082255,46.392357969869,-94.24409858693
    ));
#2490 = CARTESIAN_POINT('',(-31.02880410124,55.632095967499,
    -80.78062843023));
#2491 = CARTESIAN_POINT('',(-24.84843417348,64.859771139811,
    -64.62449983169));
#2492 = CARTESIAN_POINT('',(-17.65152819903,74.079003845533,
    -45.77568044264));
#2493 = CARTESIAN_POINT('',(-9.438443828183,83.291726433306,
    -24.23417906034));
#2494 = CARTESIAN_POINT('',(0.300383794445,93.008206150658,
    1.338145521946));
#2495 = CARTESIAN_POINT('',(0.809995993769,93.516648931486,
    2.676291043893));
#2496 = CARTESIAN_POINT('',(1.319608193094,94.025091712314,
    4.014436565839));
#2497 = CARTESIAN_POINT('',(1.829220392419,94.533534493142,
    5.352582087785));
#2498 = CARTESIAN_POINT('',(2.338832591743,95.04197727397,6.690727609731
    ));
#2499 = CARTESIAN_POINT('',(2.848444791068,95.550420054798,
    8.028873131678));
#2500 = CARTESIAN_POINT('',(3.358056990393,96.058862835626,
    9.367018653624));
#2501 = CARTESIAN_POINT('',(3.867669189717,96.567305616454,
    10.70516417557));
#2502 = CARTESIAN_POINT('',(4.377281389042,97.075748397282,
    12.043309697516));
#2503 = CARTESIAN_POINT('',(4.886893588367,97.58419117811,
    13.381455219463));
#2504 = PCURVE('',#2217,#2505);
#2505 = DEFINITIONAL_REPRESENTATION('',(#2506),#2510);
#2506 = LINE('',#2507,#2508);
#2507 = CARTESIAN_POINT('',(0.,0.));
#2508 = VECTOR('',#2509,1.);
#2509 = DIRECTION('',(0.,1.));
#2510 = ( GEOMETRIC_REPRESENTATION_CONTEXT(2) 
PARAMETRIC_REPRESENTATION_CONTEXT() REPRESENTATION_CONTEXT('2D SPACE',''
  ) );
#2511 = ( GEOMETRIC_REPRESENTATION_CONTEXT(3) 
GLOBAL_UNCERTAINTY_ASSIGNED_CONTEXT((#2515)) 
GLOBAL_UNIT_ASSIGNED_CONTEXT((#2512,#2513,#2514)) REPRESENTATION_CONTEXT
('Context #1','3D Context with UNIT and UNCERTAINTY') );
#2512 = ( LENGTH_UNIT() NAMED_UNIT(*) SI_UNIT(.MILLI.,.METRE.) );
#2513 = ( NAMED_UNIT(*) PLANE_ANGLE_UNIT() SI_UNIT($,.RADIAN.) );
#2514 = ( NAMED_UNIT(*) SI_UNIT($,.STERADIAN.) SOLID_ANGLE_UNIT() );
#2515 = UNCERTAINTY_MEASURE_WITH_UNIT(LENGTH_MEASURE(2.E-05),#2512,
  'distance_accuracy_value','confusion accuracy');
#2516 = CONTEXT_DEPENDENT_SHAPE_REPRESENTATION(#2517,#2519);
#2517 = ( REPRESENTATION_RELATIONSHIP('','',#2180,#10) 
REPRESENTATION_RELATIONSHIP_WITH_TRANSFORMATION(#2518) 
SHAPE_REPRESENTATION_RELATIONSHIP() );
#2518 = ITEM_DEFINED_TRANSFORMATION('','',#11,#55);
#2519 = PRODUCT_DEFINITION_SHAPE('Placement','Placement of an item',
  #2520);
#2520 = NEXT_ASSEMBLY_USAGE_OCCURRENCE('11','','',#5,#2175,$);
#2521 = PRODUCT_RELATED_PRODUCT_CATEGORY('part',$,(#2177));
#2522 = SHAPE_DEFINITION_REPRESENTATION(#2523,#2529);
#2523 = PRODUCT_DEFINITION_SHAPE('','',#2524);
#2524 = PRODUCT_DEFINITION('design','',#2525,#2528);
#2525 = PRODUCT_DEFINITION_FORMATION('','',#2526);
#2526 = PRODUCT('Open CASCADE STEP translator 7.8 1.12',
  'Open CASCADE STEP translator 7.8 1.12','',(#2527));
#2527 = PRODUCT_CONTEXT('',#2,'mechanical');
#2528 = PRODUCT_DEFINITION_CONTEXT('part definition',#2,'design');
#2529 = MANIFOLD_SURFACE_SHAPE_REPRESENTATION('',(#11,#2530),#2557);
#2530 = SHELL_BASED_SURFACE_MODEL('',(#2531));
#2531 = OPEN_SHELL('',(#2532));
#2532 = ADVANCED_FACE('',(#2533),#2546,.F.);
#2533 = FACE_BOUND('',#2534,.T.);
#2534 = EDGE_LOOP('',(#2535));
#2535 = ORIENTED_EDGE('',*,*,#2536,.F.);
#2536 = EDGE_CURVE('',#2537,#2537,#2539,.T.);
#2537 = VERTEX_POINT('',#2538);
#2538 = CARTESIAN_POINT('',(0.25,-6.123031769112E-17,-243.340540541));
#2539 = SURFACE_CURVE('',#2540,(#2545),.PCURVE_S1.);
#2540 = CIRCLE('',#2541,0.25);
#2541 = AXIS2_PLACEMENT_3D('',#2542,#2543,#2544);
#2542 = CARTESIAN_POINT('',(0.,0.,-243.340540541));
#2543 = DIRECTION('',(0.,0.,1.));
#2544 = DIRECTION('',(1.,0.,-0.));
#2545 = PCURVE('',#2546,#2551);
#2546 = PLANE('',#2547);
#2547 = AXIS2_PLACEMENT_3D('',#2548,#2549,#2550);
#2548 = CARTESIAN_POINT('',(0.,0.,-243.340540541));
#2549 = DIRECTION('',(0.,0.,1.));
#2550 = DIRECTION('',(1.,0.,-0.));
#2551 = DEFINITIONAL_REPRESENTATION('',(#2552),#2556);
#2552 = CIRCLE('',#2553,0.25);
#2553 = AXIS2_PLACEMENT_2D('',#2554,#2555);
#2554 = CARTESIAN_POINT('',(0.,0.));
#2555 = DIRECTION('',(1.,0.));
#2556 = ( GEOMETRIC_REPRESENTATION_CONTEXT(2) 
PARAMETRIC_REPRESENTATION_CONTEXT() REPRESENTATION_CONTEXT('2D SPACE',''
  ) );
#2557 = ( GEOMETRIC_REPRESENTATION_CONTEXT(3) 
GLOBAL_UNCERTAINTY_ASSIGNED_CONTEXT((#2561)) 
GLOBAL_UNIT_ASSIGNED_CONTEXT((#2558,#2559,#2560)) REPRESENTATION_CONTEXT
('Context #1','3D Context with UNIT and UNCERTAINTY') );
#2558 = ( LENGTH_UNIT() NAMED_UNIT(*) SI_UNIT(.MILLI.,.METRE.) );
#2559 = ( NAMED_UNIT(*) PLANE_ANGLE_UNIT() SI_UNIT($,.RADIAN.) );
#2560 = ( NAMED_UNIT(*) SI_UNIT($,.STERADIAN.) SOLID_ANGLE_UNIT() );
#2561 = UNCERTAINTY_MEASURE_WITH_UNIT(LENGTH_MEASURE(1.E-07),#2558,
  'distance_accuracy_value','confusion accuracy');
#2562 = CONTEXT_DEPENDENT_SHAPE_REPRESENTATION(#2563,#2565);
#2563 = ( REPRESENTATION_RELATIONSHIP('','',#2529,#10) 
REPRESENTATION_RELATIONSHIP_WITH_TRANSFORMATION(#2564) 
SHAPE_REPRESENTATION_RELATIONSHIP() );
#2564 = ITEM_DEFINED_TRANSFORMATION('','',#11,#59);
#2565 = PRODUCT_DEFINITION_SHAPE('Placement','Placement of an item',
  #2566);
#2566 = NEXT_ASSEMBLY_USAGE_OCCURRENCE('12','','',#5,#2524,$);
#2567 = PRODUCT_RELATED_PRODUCT_CATEGORY('part',$,(#2526));
#2568 = SHAPE_DEFINITION_REPRESENTATION(#2569,#2575);
#2569 = PRODUCT_DEFINITION_SHAPE('','',#2570);
#2570 = PRODUCT_DEFINITION('design','',#2571,#2574);
#2571 = PRODUCT_DEFINITION_FORMATION('','',#2572);
#2572 = PRODUCT('Open CASCADE STEP translator 7.8 1.13',
  'Open CASCADE STEP translator 7.8 1.13','',(#2573));
#2573 = PRODUCT_CONTEXT('',#2,'mechanical');
#2574 = PRODUCT_DEFINITION_CONTEXT('part definition',#2,'design');
#2575 = MANIFOLD_SURFACE_SHAPE_REPRESENTATION('',(#11,#2576),#2777);
#2576 = SHELL_BASED_SURFACE_MODEL('',(#2577));
#2577 = OPEN_SHELL('',(#2578));
#2578 = ADVANCED_FACE('',(#2579),#2593,.T.);
#2579 = FACE_BOUND('',#2580,.T.);
#2580 = EDGE_LOOP('',(#2581,#2659,#2692,#2746));
#2581 = ORIENTED_EDGE('',*,*,#2582,.T.);
#2582 = EDGE_CURVE('',#2583,#2585,#2587,.T.);
#2583 = VERTEX_POINT('',#2584);
#2584 = CARTESIAN_POINT('',(46.564527585367,0.,-121.1703272345));
#2585 = VERTEX_POINT('',#2586);
#2586 = CARTESIAN_POINT('',(46.564527585367,0.,-120.8512943873));
#2587 = SURFACE_CURVE('',#2588,(#2592),.PCURVE_S1.);
#2588 = ( BOUNDED_CURVE() B_SPLINE_CURVE(2,(#2589,#2590,#2591),
.UNSPECIFIED.,.F.,.F.) B_SPLINE_CURVE_WITH_KNOTS((3,3),(0.,
166.50685956317),.PIECEWISE_BEZIER_KNOTS.) CURVE() 
GEOMETRIC_REPRESENTATION_ITEM() RATIONAL_B_SPLINE_CURVE((1.,
0.935063239715,1.)) REPRESENTATION_ITEM('') );
#2589 = CARTESIAN_POINT('',(46.564527585367,0.,-121.1703272345));
#2590 = CARTESIAN_POINT('',(46.625000000043,4.263256414561E-14,
    -121.0108108109));
#2591 = CARTESIAN_POINT('',(46.564527585367,0.,-120.8512943873));
#2592 = PCURVE('',#2593,#2654);
#2593 = ( BOUNDED_SURFACE() B_SPLINE_SURFACE(2,10,(
    (#2594,#2595,#2596,#2597,#2598,#2599,#2600,#2601,#2602,#2603,#2604
      ,#2605,#2606,#2607,#2608,#2609,#2610,#2611,#2612,#2613)
    ,(#2614,#2615,#2616,#2617,#2618,#2619,#2620,#2621,#2622,#2623,#2624
      ,#2625,#2626,#2627,#2628,#2629,#2630,#2631,#2632,#2633)
    ,(#2634,#2635,#2636,#2637,#2638,#2639,#2640,#2641,#2642,#2643,#2644
      ,#2645,#2646,#2647,#2648,#2649,#2650,#2651,#2652,#2653
)),.UNSPECIFIED.,.F.,.F.,.F.) B_SPLINE_SURFACE_WITH_KNOTS((3,3),(11,9,11
    ),(0.,166.50685956316),(166.39703247597,332.90389203914,
342.11849502072),.UNSPECIFIED.) GEOMETRIC_REPRESENTATION_ITEM() 
RATIONAL_B_SPLINE_SURFACE((
    (1.,1.,1.,1.,1.,1.,1.,1.,1.,1.,1.,1.,1.,1.,1.,1.,1.,1.,1.,1.)
    ,(0.935063239715,0.935063239715,0.924719481265,0.90404972302
      ,0.874626681539,0.839987716021,0.803274051221,0.766114794629
      ,0.729804773298,0.694959029205,0.660109385674,0.658688020437
      ,0.657672759553,0.657063603023,0.656860550846,0.657063603023
      ,0.657672759553,0.658688020437,0.660109385674,0.661936855264)
    ,(1.,1.,1.,1.,1.,1.,1.,1.,1.,1.,1.,1.,1.,1.,1.,1.,1.,1.,1.,1.
))) REPRESENTATION_ITEM('') SURFACE() );
#2594 = CARTESIAN_POINT('',(46.564527585367,-1.140464326876E-14,
    -121.1703272345));
#2595 = CARTESIAN_POINT('',(46.564527585368,-9.291564249065,
    -121.1703272345));
#2596 = CARTESIAN_POINT('',(45.525179790346,-18.58312160957,
    -118.477818247));
#2597 = CARTESIAN_POINT('',(43.446580194033,-27.86799250036,
    -113.0928881407));
#2598 = CARTESIAN_POINT('',(40.332102944088,-37.13936885518,
    -105.0147260326));
#2599 = CARTESIAN_POINT('',(36.190822550019,-46.39235796988,
    -94.24409858698));
#2600 = CARTESIAN_POINT('',(31.028804101225,-55.63209596748,
    -80.78062843019));
#2601 = CARTESIAN_POINT('',(24.848434173495,-64.85977113981,
    -64.62449983171));
#2602 = CARTESIAN_POINT('',(17.651528199035,-74.07900384553,
    -45.77568044263));
#2603 = CARTESIAN_POINT('',(9.438443828184,-83.2917264333,
    -24.23417906035));
#2604 = CARTESIAN_POINT('',(-0.301522660754,-93.00934240358,
    1.341135970083));
#2605 = CARTESIAN_POINT('',(-0.812273726388,-93.51892143734,
    2.682271940166));
#2606 = CARTESIAN_POINT('',(-1.323024792022,-94.02850047109,
    4.023407910248));
#2607 = CARTESIAN_POINT('',(-1.833775857656,-94.53807950485,
    5.364543880331));
#2608 = CARTESIAN_POINT('',(-2.34452692329,-95.0476585386,6.705679850414
    ));
#2609 = CARTESIAN_POINT('',(-2.855277988924,-95.55723757236,
    8.046815820497));
#2610 = CARTESIAN_POINT('',(-3.366029054557,-96.06681660611,
    9.38795179058));
#2611 = CARTESIAN_POINT('',(-3.876780120191,-96.57639563987,
    10.729087760662));
#2612 = CARTESIAN_POINT('',(-4.387531185825,-97.08597467362,
    12.070223730745));
#2613 = CARTESIAN_POINT('',(-4.898282251459,-97.59555370738,
    13.411359700828));
#2614 = CARTESIAN_POINT('',(46.625000000043,0.,-121.0108108109));
#2615 = CARTESIAN_POINT('',(46.625000000044,-9.255801020728,
    -121.0108108109));
#2616 = CARTESIAN_POINT('',(45.592713413855,-18.71869638565,
    -118.2878061943));
#2617 = CARTESIAN_POINT('',(43.458318566026,-28.32270505134,
    -112.6576187038));
#2618 = CARTESIAN_POINT('',(40.191384833474,-37.94186756308,
    -104.0399772904));
#2619 = CARTESIAN_POINT('',(35.872317990371,-47.38930512741,
    -92.64697934756));
#2620 = CARTESIAN_POINT('',(30.601633506041,-56.68324957995,
    -78.74376838351));
#2621 = CARTESIAN_POINT('',(24.412990813396,-65.82539968109,
    -62.41913252398));
#2622 = CARTESIAN_POINT('',(17.35318122148,-74.83794996039,
    -43.7964996545));
#2623 = CARTESIAN_POINT('',(9.44013301686,-83.74299012979,
    -22.92316168771));
#2624 = CARTESIAN_POINT('',(0.179733504382,-93.07276285886,
    1.504270539793));
#2625 = CARTESIAN_POINT('',(-0.332287439501,-93.58861954869,
    2.854898759333));
#2626 = CARTESIAN_POINT('',(-0.845566458051,-94.1057437379,
    4.208845575832));
#2627 = CARTESIAN_POINT('',(-1.359157672197,-94.62318246149,
    5.563615913686));
#2628 = CARTESIAN_POINT('',(-1.872109366456,-95.13997687429,
    6.916699301787));
#2629 = CARTESIAN_POINT('',(-2.383469844048,-95.65516815002,
    8.265585318354));
#2630 = CARTESIAN_POINT('',(-2.892293303525,-96.16780340185,
    9.60777909254));
#2631 = CARTESIAN_POINT('',(-3.397645660883,-96.6769415482,
    10.94081666222));
#2632 = CARTESIAN_POINT('',(-3.898610242057,-97.18165904785,
    12.262279989858));
#2633 = CARTESIAN_POINT('',(-4.394293273284,-97.68105543143,
    13.569811445202));
#2634 = CARTESIAN_POINT('',(46.564527585367,-1.136051996174E-14,
    -120.8512943873));
#2635 = CARTESIAN_POINT('',(46.564527585368,-9.208033060221,
    -120.8512943873));
#2636 = CARTESIAN_POINT('',(45.543710797745,-18.41606833251,
    -118.1585452394));
#2637 = CARTESIAN_POINT('',(43.50206615723,-27.62400867264,
    -112.7730177552));
#2638 = CARTESIAN_POINT('',(40.439697002094,-36.83181259362,
    -104.6949845244));
#2639 = CARTESIAN_POINT('',(36.356508153362,-46.03980406539,
    -93.92419448021));
#2640 = CARTESIAN_POINT('',(31.25254958705,-55.24762128266,
    -80.46077945125));
#2641 = CARTESIAN_POINT('',(25.127798026148,-64.45555151825,
    -64.30467803653));
#2642 = CARTESIAN_POINT('',(17.982258343252,-73.66343488223,
    -45.45590308922));
#2643 = CARTESIAN_POINT('',(9.815929402082,-82.87133339222,
    -23.91445161197));
#2644 = CARTESIAN_POINT('',(0.120389290778,-92.58880301327,
    1.660810951894));
#2645 = CARTESIAN_POINT('',(-0.388090363637,-93.09843275416,
    3.002097824081));
#2646 = CARTESIAN_POINT('',(-0.896628267798,-93.60812087654,
    4.343538349651));
#2647 = CARTESIAN_POINT('',(-1.405224421704,-94.11786738042,
    5.685132528604));
#2648 = CARTESIAN_POINT('',(-1.913878825356,-94.6276722658,
    7.026880360939));
#2649 = CARTESIAN_POINT('',(-2.422591478753,-95.13753553267,
    8.368781846656));
#2650 = CARTESIAN_POINT('',(-2.931362381895,-95.64745718104,
    9.710836985756));
#2651 = CARTESIAN_POINT('',(-3.440191534783,-96.1574372109,
    11.053045778238));
#2652 = CARTESIAN_POINT('',(-3.949078937416,-96.66747562226,
    12.395408224103));
#2653 = CARTESIAN_POINT('',(-4.458024589795,-97.17757241511,
    13.73792432335));
#2654 = DEFINITIONAL_REPRESENTATION('',(#2655),#2658);
#2655 = B_SPLINE_CURVE_WITH_KNOTS('',1,(#2656,#2657),.UNSPECIFIED.,.F.,
  .F.,(2,2),(0.,166.50685956317),.PIECEWISE_BEZIER_KNOTS.);
#2656 = CARTESIAN_POINT('',(0.,166.39703247597));
#2657 = CARTESIAN_POINT('',(166.50685956317,166.39703247597));
#2658 = ( GEOMETRIC_REPRESENTATION_CONTEXT(2) 
PARAMETRIC_REPRESENTATION_CONTEXT() REPRESENTATION_CONTEXT('2D SPACE',''
  ) );
#2659 = ORIENTED_EDGE('',*,*,#2660,.T.);
#2660 = EDGE_CURVE('',#2585,#2661,#2663,.T.);
#2661 = VERTEX_POINT('',#2662);
#2662 = CARTESIAN_POINT('',(0.75,-91.95768802348,0.));
#2663 = SURFACE_CURVE('',#2664,(#2685),.PCURVE_S1.);
#2664 = B_SPLINE_CURVE_WITH_KNOTS('',10,(#2665,#2666,#2667,#2668,#2669,
    #2670,#2671,#2672,#2673,#2674,#2675,#2676,#2677,#2678,#2679,#2680,
    #2681,#2682,#2683,#2684),.UNSPECIFIED.,.F.,.F.,(11,9,11),(
    166.39703247597,332.90389203914,342.11849502072),.UNSPECIFIED.);
#2665 = CARTESIAN_POINT('',(46.564527585367,-1.136051996174E-14,
    -120.8512943873));
#2666 = CARTESIAN_POINT('',(46.564527585368,-9.208033060221,
    -120.8512943873));
#2667 = CARTESIAN_POINT('',(45.543710797745,-18.41606833251,
    -118.1585452394));
#2668 = CARTESIAN_POINT('',(43.50206615723,-27.62400867264,
    -112.7730177552));
#2669 = CARTESIAN_POINT('',(40.439697002094,-36.83181259362,
    -104.6949845244));
#2670 = CARTESIAN_POINT('',(36.356508153362,-46.03980406539,
    -93.92419448021));
#2671 = CARTESIAN_POINT('',(31.25254958705,-55.24762128266,
    -80.46077945125));
#2672 = CARTESIAN_POINT('',(25.127798026148,-64.45555151825,
    -64.30467803653));
#2673 = CARTESIAN_POINT('',(17.982258343252,-73.66343488223,
    -45.45590308922));
#2674 = CARTESIAN_POINT('',(9.815929402082,-82.87133339222,
    -23.91445161197));
#2675 = CARTESIAN_POINT('',(0.120389290778,-92.58880301327,
    1.660810951894));
#2676 = CARTESIAN_POINT('',(-0.388090363637,-93.09843275416,
    3.002097824081));
#2677 = CARTESIAN_POINT('',(-0.896628267798,-93.60812087654,
    4.343538349651));
#2678 = CARTESIAN_POINT('',(-1.405224421704,-94.11786738042,
    5.685132528604));
#2679 = CARTESIAN_POINT('',(-1.913878825356,-94.6276722658,
    7.026880360939));
#2680 = CARTESIAN_POINT('',(-2.422591478753,-95.13753553267,
    8.368781846656));
#2681 = CARTESIAN_POINT('',(-2.931362381895,-95.64745718104,
    9.710836985756));
#2682 = CARTESIAN_POINT('',(-3.440191534783,-96.1574372109,
    11.053045778238));
#2683 = CARTESIAN_POINT('',(-3.949078937416,-96.66747562226,
    12.395408224103));
#2684 = CARTESIAN_POINT('',(-4.458024589795,-97.17757241511,
    13.73792432335));
#2685 = PCURVE('',#2593,#2686);
#2686 = DEFINITIONAL_REPRESENTATION('',(#2687),#2691);
#2687 = LINE('',#2688,#2689);
#2688 = CARTESIAN_POINT('',(166.50685956316,0.));
#2689 = VECTOR('',#2690,1.);
#2690 = DIRECTION('',(0.,1.));
#2691 = ( GEOMETRIC_REPRESENTATION_CONTEXT(2) 
PARAMETRIC_REPRESENTATION_CONTEXT() REPRESENTATION_CONTEXT('2D SPACE',''
  ) );
#2692 = ORIENTED_EDGE('',*,*,#2693,.F.);
#2693 = EDGE_CURVE('',#2694,#2661,#2696,.T.);
#2694 = VERTEX_POINT('',#2695);
#2695 = CARTESIAN_POINT('',(0.20922840488,-92.49976336983,0.));
#2696 = SURFACE_CURVE('',#2697,(#2720),.PCURVE_S1.);
#2697 = B_SPLINE_CURVE_WITH_KNOTS('',6,(#2698,#2699,#2700,#2701,#2702,
    #2703,#2704,#2705,#2706,#2707,#2708,#2709,#2710,#2711,#2712,#2713,
    #2714,#2715,#2716,#2717,#2718,#2719),.UNSPECIFIED.,.F.,.F.,(7,5,5,5,
    7),(0.,0.249999526284,0.500000003102,0.750000477551,1.),
  .UNSPECIFIED.);
#2698 = CARTESIAN_POINT('',(0.20922840488,-92.49976336983,0.));
#2699 = CARTESIAN_POINT('',(0.239073464076,-92.49969586226,0.));
#2700 = CARTESIAN_POINT('',(0.27020674739,-92.49736964946,0.));
#2701 = CARTESIAN_POINT('',(0.302412268981,-92.49249988183,0.));
#2702 = CARTESIAN_POINT('',(0.335372308879,-92.48482976088,0.));
#2703 = CARTESIAN_POINT('',(0.368648007156,-92.47419626159,0.));
#2704 = CARTESIAN_POINT('',(0.434842531732,-92.4469683416,0.));
#2705 = CARTESIAN_POINT('',(0.467761219798,-92.43037375903,0.));
#2706 = CARTESIAN_POINT('',(0.500008356683,-92.41078086066,0.));
#2707 = CARTESIAN_POINT('',(0.531031389698,-92.38831313294,0.));
#2708 = CARTESIAN_POINT('',(0.5603030088,-92.3632776401,0.));
#2709 = CARTESIAN_POINT('',(0.614520146229,-92.30890196927,0.));
#2710 = CARTESIAN_POINT('',(0.639465489481,-92.27956196963,0.));
#2711 = CARTESIAN_POINT('',(0.661834872388,-92.24848416796,0.));
#2712 = CARTESIAN_POINT('',(0.681325360363,-92.21619727304,0.));
#2713 = CARTESIAN_POINT('',(0.69781751171,-92.1832529802,0.));
#2714 = CARTESIAN_POINT('',(0.724846322566,-92.11703202853,0.));
#2715 = CARTESIAN_POINT('',(0.735383145923,-92.08375550389,0.));
#2716 = CARTESIAN_POINT('',(0.742962408016,-92.05080525982,0.));
#2717 = CARTESIAN_POINT('',(0.747748982569,-92.01861734676,0.));
#2718 = CARTESIAN_POINT('',(0.75,-91.98750692748,0.));
#2719 = CARTESIAN_POINT('',(0.75,-91.95768802334,0.));
#2720 = PCURVE('',#2593,#2721);
#2721 = DEFINITIONAL_REPRESENTATION('',(#2722),#2745);
#2722 = B_SPLINE_CURVE_WITH_KNOTS('',6,(#2723,#2724,#2725,#2726,#2727,
    #2728,#2729,#2730,#2731,#2732,#2733,#2734,#2735,#2736,#2737,#2738,
    #2739,#2740,#2741,#2742,#2743,#2744),.UNSPECIFIED.,.F.,.F.,(7,5,5,5,
    7),(0.,0.249999526284,0.500000003102,0.750000477551,1.),
  .UNSPECIFIED.);
#2723 = CARTESIAN_POINT('',(0.,332.90389203914));
#2724 = CARTESIAN_POINT('',(6.937801894155,332.89784980324));
#2725 = CARTESIAN_POINT('',(13.875597695213,332.89108752582));
#2726 = CARTESIAN_POINT('',(20.813386834344,332.88359071348));
#2727 = CARTESIAN_POINT('',(27.751169125157,332.87537106714));
#2728 = CARTESIAN_POINT('',(34.688944941568,332.86648376735));
#2729 = CARTESIAN_POINT('',(48.564511309412,332.84756596939));
#2730 = CARTESIAN_POINT('',(55.502301982792,332.83753546594));
#2731 = CARTESIAN_POINT('',(62.44008758128,332.827029064));
#2732 = CARTESIAN_POINT('',(69.377869515142,332.81618324224));
#2733 = CARTESIAN_POINT('',(76.315649702059,332.80516686437));
#2734 = CARTESIAN_POINT('',(90.191209941496,332.78312843652));
#2735 = CARTESIAN_POINT('',(97.128990088912,332.77210645812));
#2736 = CARTESIAN_POINT('',(104.06677201066,332.76124943849));
#2737 = CARTESIAN_POINT('',(111.00455761952,332.75072635959));
#2738 = CARTESIAN_POINT('',(117.94234831591,332.74067398498));
#2739 = CARTESIAN_POINT('',(131.81791470144,332.72170305446));
#2740 = CARTESIAN_POINT('',(138.75569051179,332.71278449308));
#2741 = CARTESIAN_POINT('',(145.69347279667,332.70452938326));
#2742 = CARTESIAN_POINT('',(152.63126192278,332.69699360639));
#2743 = CARTESIAN_POINT('',(159.5690577008,332.69018973302));
#2744 = CARTESIAN_POINT('',(166.50685956316,332.68410411747));
#2745 = ( GEOMETRIC_REPRESENTATION_CONTEXT(2) 
PARAMETRIC_REPRESENTATION_CONTEXT() REPRESENTATION_CONTEXT('2D SPACE',''
  ) );
#2746 = ORIENTED_EDGE('',*,*,#2747,.F.);
#2747 = EDGE_CURVE('',#2583,#2694,#2748,.T.);
#2748 = SURFACE_CURVE('',#2749,(#2770),.PCURVE_S1.);
#2749 = B_SPLINE_CURVE_WITH_KNOTS('',10,(#2750,#2751,#2752,#2753,#2754,
    #2755,#2756,#2757,#2758,#2759,#2760,#2761,#2762,#2763,#2764,#2765,
    #2766,#2767,#2768,#2769),.UNSPECIFIED.,.F.,.F.,(11,9,11),(
    166.39703247597,332.90389203914,342.11849502072),.UNSPECIFIED.);
#2750 = CARTESIAN_POINT('',(46.564527585367,-1.140464326876E-14,
    -121.1703272345));
#2751 = CARTESIAN_POINT('',(46.564527585368,-9.291564249065,
    -121.1703272345));
#2752 = CARTESIAN_POINT('',(45.525179790346,-18.58312160957,
    -118.477818247));
#2753 = CARTESIAN_POINT('',(43.446580194033,-27.86799250036,
    -113.0928881407));
#2754 = CARTESIAN_POINT('',(40.332102944088,-37.13936885518,
    -105.0147260326));
#2755 = CARTESIAN_POINT('',(36.190822550019,-46.39235796988,
    -94.24409858698));
#2756 = CARTESIAN_POINT('',(31.028804101225,-55.63209596748,
    -80.78062843019));
#2757 = CARTESIAN_POINT('',(24.848434173495,-64.85977113981,
    -64.62449983171));
#2758 = CARTESIAN_POINT('',(17.651528199035,-74.07900384553,
    -45.77568044263));
#2759 = CARTESIAN_POINT('',(9.438443828184,-83.2917264333,
    -24.23417906035));
#2760 = CARTESIAN_POINT('',(-0.301522660754,-93.00934240358,
    1.341135970083));
#2761 = CARTESIAN_POINT('',(-0.812273726388,-93.51892143734,
    2.682271940166));
#2762 = CARTESIAN_POINT('',(-1.323024792022,-94.02850047109,
    4.023407910248));
#2763 = CARTESIAN_POINT('',(-1.833775857656,-94.53807950485,
    5.364543880331));
#2764 = CARTESIAN_POINT('',(-2.34452692329,-95.0476585386,6.705679850414
    ));
#2765 = CARTESIAN_POINT('',(-2.855277988924,-95.55723757236,
    8.046815820497));
#2766 = CARTESIAN_POINT('',(-3.366029054557,-96.06681660611,
    9.38795179058));
#2767 = CARTESIAN_POINT('',(-3.876780120191,-96.57639563987,
    10.729087760662));
#2768 = CARTESIAN_POINT('',(-4.387531185825,-97.08597467362,
    12.070223730745));
#2769 = CARTESIAN_POINT('',(-4.898282251459,-97.59555370738,
    13.411359700828));
#2770 = PCURVE('',#2593,#2771);
#2771 = DEFINITIONAL_REPRESENTATION('',(#2772),#2776);
#2772 = LINE('',#2773,#2774);
#2773 = CARTESIAN_POINT('',(0.,0.));
#2774 = VECTOR('',#2775,1.);
#2775 = DIRECTION('',(0.,1.));
#2776 = ( GEOMETRIC_REPRESENTATION_CONTEXT(2) 
PARAMETRIC_REPRESENTATION_CONTEXT() REPRESENTATION_CONTEXT('2D SPACE',''
  ) );
#2777 = ( GEOMETRIC_REPRESENTATION_CONTEXT(3) 
GLOBAL_UNCERTAINTY_ASSIGNED_CONTEXT((#2781)) 
GLOBAL_UNIT_ASSIGNED_CONTEXT((#2778,#2779,#2780)) REPRESENTATION_CONTEXT
('Context #1','3D Context with UNIT and UNCERTAINTY') );
#2778 = ( LENGTH_UNIT() NAMED_UNIT(*) SI_UNIT(.MILLI.,.METRE.) );
#2779 = ( NAMED_UNIT(*) PLANE_ANGLE_UNIT() SI_UNIT($,.RADIAN.) );
#2780 = ( NAMED_UNIT(*) SI_UNIT($,.STERADIAN.) SOLID_ANGLE_UNIT() );
#2781 = UNCERTAINTY_MEASURE_WITH_UNIT(LENGTH_MEASURE(2.E-05),#2778,
  'distance_accuracy_value','confusion accuracy');
#2782 = CONTEXT_DEPENDENT_SHAPE_REPRESENTATION(#2783,#2785);
#2783 = ( REPRESENTATION_RELATIONSHIP('','',#2575,#10) 
REPRESENTATION_RELATIONSHIP_WITH_TRANSFORMATION(#2784) 
SHAPE_REPRESENTATION_RELATIONSHIP() );
#2784 = ITEM_DEFINED_TRANSFORMATION('','',#11,#63);
#2785 = PRODUCT_DEFINITION_SHAPE('Placement','Placement of an item',
  #2786);
#2786 = NEXT_ASSEMBLY_USAGE_OCCURRENCE('13','','',#5,#2570,$);
#2787 = PRODUCT_RELATED_PRODUCT_CATEGORY('part',$,(#2572));
#2788 = SHAPE_DEFINITION_REPRESENTATION(#2789,#2795);
#2789 = PRODUCT_DEFINITION_SHAPE('','',#2790);
#2790 = PRODUCT_DEFINITION('design','',#2791,#2794);
#2791 = PRODUCT_DEFINITION_FORMATION('','',#2792);
#2792 = PRODUCT('Open CASCADE STEP translator 7.8 1.14',
  'Open CASCADE STEP translator 7.8 1.14','',(#2793));
#2793 = PRODUCT_CONTEXT('',#2,'mechanical');
#2794 = PRODUCT_DEFINITION_CONTEXT('part definition',#2,'design');
#2795 = MANIFOLD_SURFACE_SHAPE_REPRESENTATION('',(#11,#2796),#2904);
#2796 = SHELL_BASED_SURFACE_MODEL('',(#2797));
#2797 = OPEN_SHELL('',(#2798));
#2798 = ADVANCED_FACE('',(#2799),#2813,.T.);
#2799 = FACE_BOUND('',#2800,.T.);
#2800 = EDGE_LOOP('',(#2801,#2824,#2865));
#2801 = ORIENTED_EDGE('',*,*,#2802,.F.);
#2802 = EDGE_CURVE('',#2803,#2805,#2807,.T.);
#2803 = VERTEX_POINT('',#2804);
#2804 = CARTESIAN_POINT('',(0.75,-91.95768802348,0.));
#2805 = VERTEX_POINT('',#2806);
#2806 = CARTESIAN_POINT('',(0.75,91.95768802348,0.));
#2807 = SURFACE_CURVE('',#2808,(#2812),.PCURVE_S1.);
#2808 = LINE('',#2809,#2810);
#2809 = CARTESIAN_POINT('',(0.75,-244.,0.));
#2810 = VECTOR('',#2811,1.);
#2811 = DIRECTION('',(0.,1.,0.));
#2812 = PCURVE('',#2813,#2818);
#2813 = PLANE('',#2814);
#2814 = AXIS2_PLACEMENT_3D('',#2815,#2816,#2817);
#2815 = CARTESIAN_POINT('',(93.25,-244.,-244.));
#2816 = DIRECTION('',(0.935063239715,-0.,0.354480941285));
#2817 = DIRECTION('',(-0.354480941285,0.,0.935063239715));
#2818 = DEFINITIONAL_REPRESENTATION('',(#2819),#2823);
#2819 = LINE('',#2820,#2821);
#2820 = CARTESIAN_POINT('',(260.94491755924,0.));
#2821 = VECTOR('',#2822,1.);
#2822 = DIRECTION('',(0.,-1.));
#2823 = ( GEOMETRIC_REPRESENTATION_CONTEXT(2) 
PARAMETRIC_REPRESENTATION_CONTEXT() REPRESENTATION_CONTEXT('2D SPACE',''
  ) );
#2824 = ORIENTED_EDGE('',*,*,#2825,.F.);
#2825 = EDGE_CURVE('',#2826,#2803,#2828,.T.);
#2826 = VERTEX_POINT('',#2827);
#2827 = CARTESIAN_POINT('',(46.564527585367,0.,-120.8512943873));
#2828 = SURFACE_CURVE('',#2829,(#2850),.PCURVE_S1.);
#2829 = B_SPLINE_CURVE_WITH_KNOTS('',10,(#2830,#2831,#2832,#2833,#2834,
    #2835,#2836,#2837,#2838,#2839,#2840,#2841,#2842,#2843,#2844,#2845,
    #2846,#2847,#2848,#2849),.UNSPECIFIED.,.F.,.F.,(11,9,11),(
    166.39703247597,332.90389203914,342.11849502072),.UNSPECIFIED.);
#2830 = CARTESIAN_POINT('',(46.564527585367,-1.136051996174E-14,
    -120.8512943873));
#2831 = CARTESIAN_POINT('',(46.564527585368,-9.208033060221,
    -120.8512943873));
#2832 = CARTESIAN_POINT('',(45.543710797745,-18.41606833251,
    -118.1585452394));
#2833 = CARTESIAN_POINT('',(43.50206615723,-27.62400867264,
    -112.7730177552));
#2834 = CARTESIAN_POINT('',(40.439697002094,-36.83181259362,
    -104.6949845244));
#2835 = CARTESIAN_POINT('',(36.356508153362,-46.03980406539,
    -93.92419448021));
#2836 = CARTESIAN_POINT('',(31.25254958705,-55.24762128266,
    -80.46077945125));
#2837 = CARTESIAN_POINT('',(25.127798026148,-64.45555151825,
    -64.30467803653));
#2838 = CARTESIAN_POINT('',(17.982258343252,-73.66343488223,
    -45.45590308922));
#2839 = CARTESIAN_POINT('',(9.815929402082,-82.87133339222,
    -23.91445161197));
#2840 = CARTESIAN_POINT('',(0.120389290778,-92.58880301327,
    1.660810951894));
#2841 = CARTESIAN_POINT('',(-0.388090363637,-93.09843275416,
    3.002097824081));
#2842 = CARTESIAN_POINT('',(-0.896628267798,-93.60812087654,
    4.343538349651));
#2843 = CARTESIAN_POINT('',(-1.405224421704,-94.11786738042,
    5.685132528604));
#2844 = CARTESIAN_POINT('',(-1.913878825356,-94.6276722658,
    7.026880360939));
#2845 = CARTESIAN_POINT('',(-2.422591478753,-95.13753553267,
    8.368781846656));
#2846 = CARTESIAN_POINT('',(-2.931362381895,-95.64745718104,
    9.710836985756));
#2847 = CARTESIAN_POINT('',(-3.440191534783,-96.1574372109,
    11.053045778238));
#2848 = CARTESIAN_POINT('',(-3.949078937416,-96.66747562226,
    12.395408224103));
#2849 = CARTESIAN_POINT('',(-4.458024589795,-97.17757241511,
    13.73792432335));
#2850 = PCURVE('',#2813,#2851);
#2851 = DEFINITIONAL_REPRESENTATION('',(#2852),#2864);
#2852 = B_SPLINE_CURVE_WITH_KNOTS('',10,(#2853,#2854,#2855,#2856,#2857,
    #2858,#2859,#2860,#2861,#2862,#2863),.UNSPECIFIED.,.F.,.F.,(11,11),(
    166.39703247597,332.90389203914),.PIECEWISE_BEZIER_KNOTS.);
#2853 = CARTESIAN_POINT('',(131.70093784271,-244.));
#2854 = CARTESIAN_POINT('',(131.70093784271,-234.7919669397));
#2855 = CARTESIAN_POINT('',(134.58068868042,-225.5839316674));
#2856 = CARTESIAN_POINT('',(140.34022157131,-216.3759913273));
#2857 = CARTESIAN_POINT('',(148.97924499528,-207.1681874063));
#2858 = CARTESIAN_POINT('',(160.49802745494,-197.9601959346));
#2859 = CARTESIAN_POINT('',(174.89642796634,-188.7523787173));
#2860 = CARTESIAN_POINT('',(192.17451219484,-179.5444484817));
#2861 = CARTESIAN_POINT('',(212.33226639448,-170.3365651177));
#2862 = CARTESIAN_POINT('',(235.36969377087,-161.1286666077));
#2863 = CARTESIAN_POINT('',(261.28679575476,-151.9207683461));
#2864 = ( GEOMETRIC_REPRESENTATION_CONTEXT(2) 
PARAMETRIC_REPRESENTATION_CONTEXT() REPRESENTATION_CONTEXT('2D SPACE',''
  ) );
#2865 = ORIENTED_EDGE('',*,*,#2866,.F.);
#2866 = EDGE_CURVE('',#2805,#2826,#2867,.T.);
#2867 = SURFACE_CURVE('',#2868,(#2889),.PCURVE_S1.);
#2868 = B_SPLINE_CURVE_WITH_KNOTS('',10,(#2869,#2870,#2871,#2872,#2873,
    #2874,#2875,#2876,#2877,#2878,#2879,#2880,#2881,#2882,#2883,#2884,
    #2885,#2886,#2887,#2888),.UNSPECIFIED.,.F.,.F.,(11,9,11),(
    -9.324430068779,-0.109827087196,166.39703247597),.UNSPECIFIED.);
#2869 = CARTESIAN_POINT('',(-4.458024589795,97.177572415113,
    13.73792432335));
#2870 = CARTESIAN_POINT('',(-3.949078937416,96.66747562226,
    12.395408224103));
#2871 = CARTESIAN_POINT('',(-3.440191534783,96.157437210902,
    11.053045778238));
#2872 = CARTESIAN_POINT('',(-2.931362381895,95.647457181041,
    9.710836985756));
#2873 = CARTESIAN_POINT('',(-2.422591478753,95.137535532674,
    8.368781846656));
#2874 = CARTESIAN_POINT('',(-1.913878825356,94.627672265803,
    7.026880360939));
#2875 = CARTESIAN_POINT('',(-1.405224421704,94.117867380428,
    5.685132528604));
#2876 = CARTESIAN_POINT('',(-0.896628267798,93.608120876548,
    4.343538349651));
#2877 = CARTESIAN_POINT('',(-0.388090363637,93.098432754163,
    3.002097824081));
#2878 = CARTESIAN_POINT('',(0.120389290778,92.588803013274,
    1.660810951894));
#2879 = CARTESIAN_POINT('',(9.81592940208,82.871333392224,
    -23.91445161197));
#2880 = CARTESIAN_POINT('',(17.982258343257,73.663434882247,
    -45.45590308923));
#2881 = CARTESIAN_POINT('',(25.127798026137,64.455551518239,
    -64.30467803651));
#2882 = CARTESIAN_POINT('',(31.252549587066,55.247621282693,
    -80.46077945128));
#2883 = CARTESIAN_POINT('',(36.356508153345,46.039804065368,
    -93.92419448018));
#2884 = CARTESIAN_POINT('',(40.439697002108,36.831812593649,
    -104.6949845244));
#2885 = CARTESIAN_POINT('',(43.502066157222,27.624008672627,
    -112.7730177552));
#2886 = CARTESIAN_POINT('',(45.543710797748,18.416068332524,
    -118.1585452394));
#2887 = CARTESIAN_POINT('',(46.564527585367,9.208033060219,
    -120.8512943873));
#2888 = CARTESIAN_POINT('',(46.564527585367,0.,-120.8512943873));
#2889 = PCURVE('',#2813,#2890);
#2890 = DEFINITIONAL_REPRESENTATION('',(#2891),#2903);
#2891 = B_SPLINE_CURVE_WITH_KNOTS('',10,(#2892,#2893,#2894,#2895,#2896,
    #2897,#2898,#2899,#2900,#2901,#2902),.UNSPECIFIED.,.F.,.F.,(11,11),(
    -0.109827087196,166.39703247597),.PIECEWISE_BEZIER_KNOTS.);
#2892 = CARTESIAN_POINT('',(261.28679575476,-336.0792316538));
#2893 = CARTESIAN_POINT('',(235.36969377086,-326.8713333922));
#2894 = CARTESIAN_POINT('',(212.33226639451,-317.6634348822));
#2895 = CARTESIAN_POINT('',(192.17451219477,-308.4555515181));
#2896 = CARTESIAN_POINT('',(174.89642796645,-299.2476212827));
#2897 = CARTESIAN_POINT('',(160.49802745482,-290.0398040652));
#2898 = CARTESIAN_POINT('',(148.97924499537,-280.8318125937));
#2899 = CARTESIAN_POINT('',(140.34022157126,-271.6240086725));
#2900 = CARTESIAN_POINT('',(134.58068868044,-262.4160683325));
#2901 = CARTESIAN_POINT('',(131.7009378427,-253.2080330602));
#2902 = CARTESIAN_POINT('',(131.70093784271,-244.));
#2903 = ( GEOMETRIC_REPRESENTATION_CONTEXT(2) 
PARAMETRIC_REPRESENTATION_CONTEXT() REPRESENTATION_CONTEXT('2D SPACE',''
  ) );
#2904 = ( GEOMETRIC_REPRESENTATION_CONTEXT(3) 
GLOBAL_UNCERTAINTY_ASSIGNED_CONTEXT((#2908)) 
GLOBAL_UNIT_ASSIGNED_CONTEXT((#2905,#2906,#2907)) REPRESENTATION_CONTEXT
('Context #1','3D Context with UNIT and UNCERTAINTY') );
#2905 = ( LENGTH_UNIT() NAMED_UNIT(*) SI_UNIT(.MILLI.,.METRE.) );
#2906 = ( NAMED_UNIT(*) PLANE_ANGLE_UNIT() SI_UNIT($,.RADIAN.) );
#2907 = ( NAMED_UNIT(*) SI_UNIT($,.STERADIAN.) SOLID_ANGLE_UNIT() );
#2908 = UNCERTAINTY_MEASURE_WITH_UNIT(LENGTH_MEASURE(2.E-05),#2905,
  'distance_accuracy_value','confusion accuracy');
#2909 = CONTEXT_DEPENDENT_SHAPE_REPRESENTATION(#2910,#2912);
#2910 = ( REPRESENTATION_RELATIONSHIP('','',#2795,#10) 
REPRESENTATION_RELATIONSHIP_WITH_TRANSFORMATION(#2911) 
SHAPE_REPRESENTATION_RELATIONSHIP() );
#2911 = ITEM_DEFINED_TRANSFORMATION('','',#11,#67);
#2912 = PRODUCT_DEFINITION_SHAPE('Placement','Placement of an item',
  #2913);
#2913 = NEXT_ASSEMBLY_USAGE_OCCURRENCE('14','','',#5,#2790,$);
#2914 = PRODUCT_RELATED_PRODUCT_CATEGORY('part',$,(#2792));
#2915 = SHAPE_DEFINITION_REPRESENTATION(#2916,#2922);
#2916 = PRODUCT_DEFINITION_SHAPE('','',#2917);
#2917 = PRODUCT_DEFINITION('design','',#2918,#2921);
#2918 = PRODUCT_DEFINITION_FORMATION('','',#2919);
#2919 = PRODUCT('Open CASCADE STEP translator 7.8 1.15',
  'Open CASCADE STEP translator 7.8 1.15','',(#2920));
#2920 = PRODUCT_CONTEXT('',#2,'mechanical');
#2921 = PRODUCT_DEFINITION_CONTEXT('part definition',#2,'design');
#2922 = MANIFOLD_SURFACE_SHAPE_REPRESENTATION('',(#11,#2923),#3017);
#2923 = SHELL_BASED_SURFACE_MODEL('',(#2924));
#2924 = OPEN_SHELL('',(#2925));
#2925 = ADVANCED_FACE('',(#2926),#2940,.T.);
#2926 = FACE_BOUND('',#2927,.T.);
#2927 = EDGE_LOOP('',(#2928,#2951));
#2928 = ORIENTED_EDGE('',*,*,#2929,.T.);
#2929 = EDGE_CURVE('',#2930,#2932,#2934,.T.);
#2930 = VERTEX_POINT('',#2931);
#2931 = CARTESIAN_POINT('',(-0.75,-91.95768802348,0.));
#2932 = VERTEX_POINT('',#2933);
#2933 = CARTESIAN_POINT('',(-0.75,91.95768802348,0.));
#2934 = SURFACE_CURVE('',#2935,(#2939),.PCURVE_S1.);
#2935 = LINE('',#2936,#2937);
#2936 = CARTESIAN_POINT('',(-0.75,-244.,0.));
#2937 = VECTOR('',#2938,1.);
#2938 = DIRECTION('',(0.,1.,0.));
#2939 = PCURVE('',#2940,#2945);
#2940 = PLANE('',#2941);
#2941 = AXIS2_PLACEMENT_3D('',#2942,#2943,#2944);
#2942 = CARTESIAN_POINT('',(-0.75,-244.,0.));
#2943 = DIRECTION('',(-0.935063239715,0.,0.354480941285));
#2944 = DIRECTION('',(-0.354480941285,0.,-0.935063239715));
#2945 = DEFINITIONAL_REPRESENTATION('',(#2946),#2950);
#2946 = LINE('',#2947,#2948);
#2947 = CARTESIAN_POINT('',(0.,0.));
#2948 = VECTOR('',#2949,1.);
#2949 = DIRECTION('',(0.,-1.));
#2950 = ( GEOMETRIC_REPRESENTATION_CONTEXT(2) 
PARAMETRIC_REPRESENTATION_CONTEXT() REPRESENTATION_CONTEXT('2D SPACE',''
  ) );
#2951 = ORIENTED_EDGE('',*,*,#2952,.F.);
#2952 = EDGE_CURVE('',#2930,#2932,#2953,.T.);
#2953 = SURFACE_CURVE('',#2954,(#2993),.PCURVE_S1.);
#2954 = B_SPLINE_CURVE_WITH_KNOTS('',10,(#2955,#2956,#2957,#2958,#2959,
    #2960,#2961,#2962,#2963,#2964,#2965,#2966,#2967,#2968,#2969,#2970,
    #2971,#2972,#2973,#2974,#2975,#2976,#2977,#2978,#2979,#2980,#2981,
    #2982,#2983,#2984,#2985,#2986,#2987,#2988,#2989,#2990,#2991,#2992),
  .UNSPECIFIED.,.F.,.F.,(11,9,9,9,11),(-9.287670678833,-0.109635704442,
    166.10707192842,332.32377956128,341.50181453567),.UNSPECIFIED.);
#2955 = CARTESIAN_POINT('',(4.446682028385,-97.16620419893,
    13.708004485685));
#2956 = CARTESIAN_POINT('',(3.938871216628,-96.6572448135,
    12.368481911969));
#2957 = CARTESIAN_POINT('',(3.431118524731,-96.14834367938,
    11.029112649022));
#2958 = CARTESIAN_POINT('',(2.923423952696,-95.63950079659,
    9.689896696842));
#2959 = CARTESIAN_POINT('',(2.415787500522,-95.1307161651,8.35083405543)
  );
#2960 = CARTESIAN_POINT('',(1.908209168208,-94.62198978494,
    7.011924724786));
#2961 = CARTESIAN_POINT('',(1.400688955755,-94.11332165609,
    5.673168704911));
#2962 = CARTESIAN_POINT('',(0.893226863163,-93.60471177856,
    4.334565995803));
#2963 = CARTESIAN_POINT('',(0.385822890432,-93.09616015235,
    2.996116597464));
#2964 = CARTESIAN_POINT('',(-0.121522962439,-92.58766677745,
    1.657820509892));
#2965 = CARTESIAN_POINT('',(-9.815929402083,-82.87133339222,
    -23.91445161198));
#2966 = CARTESIAN_POINT('',(-17.98225834324,-73.66343488224,
    -45.45590308921));
#2967 = CARTESIAN_POINT('',(-25.12779802615,-64.45555151825,
    -64.30467803657));
#2968 = CARTESIAN_POINT('',(-31.25254958703,-55.24762128267,
    -80.46077945119));
#2969 = CARTESIAN_POINT('',(-36.35650815337,-46.03980406538,
    -93.92419448026));
#2970 = CARTESIAN_POINT('',(-40.43969700208,-36.83181259363,
    -104.6949845244));
#2971 = CARTESIAN_POINT('',(-43.50206615723,-27.62400867263,
    -112.7730177553));
#2972 = CARTESIAN_POINT('',(-45.54371079774,-18.41606833251,
    -118.1585452394));
#2973 = CARTESIAN_POINT('',(-46.56452758536,-9.20803306022,
    -120.8512943873));
#2974 = CARTESIAN_POINT('',(-46.56452758536,9.20803306022,
    -120.8512943873));
#2975 = CARTESIAN_POINT('',(-45.54371079774,18.416068332523,
    -118.1585452394));
#2976 = CARTESIAN_POINT('',(-43.50206615722,27.624008672625,
    -112.7730177552));
#2977 = CARTESIAN_POINT('',(-40.4396970021,36.831812593653,
    -104.6949845244));
#2978 = CARTESIAN_POINT('',(-36.35650815335,46.039804065365,
    -93.92419448019));
#2979 = CARTESIAN_POINT('',(-31.25254958705,55.247621282691,
    -80.46077945125));
#2980 = CARTESIAN_POINT('',(-25.12779802614,64.455551518243,
    -64.30467803653));
#2981 = CARTESIAN_POINT('',(-17.98225834325,73.663434882243,
    -45.45590308922));
#2982 = CARTESIAN_POINT('',(-9.815929402082,82.871333392225,
    -23.91445161197));
#2983 = CARTESIAN_POINT('',(-0.121522962438,92.587666777459,
    1.657820509892));
#2984 = CARTESIAN_POINT('',(0.385822890432,93.096160152354,
    2.996116597463));
#2985 = CARTESIAN_POINT('',(0.893226863163,93.604711778567,
    4.334565995803));
#2986 = CARTESIAN_POINT('',(1.400688955755,94.113321656097,
    5.673168704911));
#2987 = CARTESIAN_POINT('',(1.908209168208,94.621989784944,
    7.011924724786));
#2988 = CARTESIAN_POINT('',(2.415787500522,95.130716165108,8.35083405543
    ));
#2989 = CARTESIAN_POINT('',(2.923423952696,95.63950079659,9.689896696842
    ));
#2990 = CARTESIAN_POINT('',(3.431118524732,96.148343679388,
    11.029112649021));
#2991 = CARTESIAN_POINT('',(3.938871216628,96.657244813504,
    12.368481911969));
#2992 = CARTESIAN_POINT('',(4.446682028385,97.166204198937,
    13.708004485685));
#2993 = PCURVE('',#2940,#2994);
#2994 = DEFINITIONAL_REPRESENTATION('',(#2995),#3016);
#2995 = B_SPLINE_CURVE_WITH_KNOTS('',10,(#2996,#2997,#2998,#2999,#3000,
    #3001,#3002,#3003,#3004,#3005,#3006,#3007,#3008,#3009,#3010,#3011,
    #3012,#3013,#3014,#3015),.UNSPECIFIED.,.F.,.F.,(11,9,11),(
    -0.109635704442,166.10707192842,332.32377956128),.UNSPECIFIED.);
#2996 = CARTESIAN_POINT('',(-0.341878195518,-151.9207683461));
#2997 = CARTESIAN_POINT('',(25.575223788371,-161.1286666077));
#2998 = CARTESIAN_POINT('',(48.612651164742,-170.3365651177));
#2999 = CARTESIAN_POINT('',(68.77040536444,-179.5444484817));
#3000 = CARTESIAN_POINT('',(86.048489592835,-188.7523787172));
#3001 = CARTESIAN_POINT('',(100.44689010436,-197.9601959346));
#3002 = CARTESIAN_POINT('',(111.96567256391,-207.1681874063));
#3003 = CARTESIAN_POINT('',(120.60469598795,-216.3759913273));
#3004 = CARTESIAN_POINT('',(126.36422887881,-225.5839316674));
#3005 = CARTESIAN_POINT('',(129.24397971653,-234.7919669397));
#3006 = CARTESIAN_POINT('',(129.24397971653,-253.2080330602));
#3007 = CARTESIAN_POINT('',(126.36422887882,-262.4160683325));
#3008 = CARTESIAN_POINT('',(120.60469598793,-271.6240086726));
#3009 = CARTESIAN_POINT('',(111.96567256393,-280.8318125936));
#3010 = CARTESIAN_POINT('',(100.44689010433,-290.0398040653));
#3011 = CARTESIAN_POINT('',(86.048489592854,-299.2476212826));
#3012 = CARTESIAN_POINT('',(68.770405364429,-308.4555515182));
#3013 = CARTESIAN_POINT('',(48.612651164747,-317.6634348822));
#3014 = CARTESIAN_POINT('',(25.57522378837,-326.8713333922));
#3015 = CARTESIAN_POINT('',(-0.341878195518,-336.0792316538));
#3016 = ( GEOMETRIC_REPRESENTATION_CONTEXT(2) 
PARAMETRIC_REPRESENTATION_CONTEXT() REPRESENTATION_CONTEXT('2D SPACE',''
  ) );
#3017 = ( GEOMETRIC_REPRESENTATION_CONTEXT(3) 
GLOBAL_UNCERTAINTY_ASSIGNED_CONTEXT((#3021)) 
GLOBAL_UNIT_ASSIGNED_CONTEXT((#3018,#3019,#3020)) REPRESENTATION_CONTEXT
('Context #1','3D Context with UNIT and UNCERTAINTY') );
#3018 = ( LENGTH_UNIT() NAMED_UNIT(*) SI_UNIT(.MILLI.,.METRE.) );
#3019 = ( NAMED_UNIT(*) PLANE_ANGLE_UNIT() SI_UNIT($,.RADIAN.) );
#3020 = ( NAMED_UNIT(*) SI_UNIT($,.STERADIAN.) SOLID_ANGLE_UNIT() );
#3021 = UNCERTAINTY_MEASURE_WITH_UNIT(LENGTH_MEASURE(1.E-05),#3018,
  'distance_accuracy_value','confusion accuracy');
#3022 = CONTEXT_DEPENDENT_SHAPE_REPRESENTATION(#3023,#3025);
#3023 = ( REPRESENTATION_RELATIONSHIP('','',#2922,#10) 
REPRESENTATION_RELATIONSHIP_WITH_TRANSFORMATION(#3024) 
SHAPE_REPRESENTATION_RELATIONSHIP() );
#3024 = ITEM_DEFINED_TRANSFORMATION('','',#11,#71);
#3025 = PRODUCT_DEFINITION_SHAPE('Placement','Placement of an item',
  #3026);
#3026 = NEXT_ASSEMBLY_USAGE_OCCURRENCE('15','','',#5,#2917,$);
#3027 = PRODUCT_RELATED_PRODUCT_CATEGORY('part',$,(#2919));
#3028 = SHAPE_DEFINITION_REPRESENTATION(#3029,#3035);
#3029 = PRODUCT_DEFINITION_SHAPE('','',#3030);
#3030 = PRODUCT_DEFINITION('design','',#3031,#3034);
#3031 = PRODUCT_DEFINITION_FORMATION('','',#3032);
#3032 = PRODUCT('Open CASCADE STEP translator 7.8 1.16',
  'Open CASCADE STEP translator 7.8 1.16','',(#3033));
#3033 = PRODUCT_CONTEXT('',#2,'mechanical');
#3034 = PRODUCT_DEFINITION_CONTEXT('part definition',#2,'design');
#3035 = MANIFOLD_SURFACE_SHAPE_REPRESENTATION('',(#11,#3036),#3110);
#3036 = SHELL_BASED_SURFACE_MODEL('',(#3037));
#3037 = OPEN_SHELL('',(#3038));
#3038 = ADVANCED_FACE('',(#3039),#3053,.F.);
#3039 = FACE_BOUND('',#3040,.F.);
#3040 = EDGE_LOOP('',(#3041,#3064,#3080,#3096));
#3041 = ORIENTED_EDGE('',*,*,#3042,.T.);
#3042 = EDGE_CURVE('',#3043,#3045,#3047,.T.);
#3043 = VERTEX_POINT('',#3044);
#3044 = CARTESIAN_POINT('',(15.,-105.6874185199,0.));
#3045 = VERTEX_POINT('',#3046);
#3046 = CARTESIAN_POINT('',(15.,-105.6874185199,30.));
#3047 = SURFACE_CURVE('',#3048,(#3052),.PCURVE_S1.);
#3048 = LINE('',#3049,#3050);
#3049 = CARTESIAN_POINT('',(15.,-105.6874185199,0.));
#3050 = VECTOR('',#3051,1.);
#3051 = DIRECTION('',(0.,0.,1.));
#3052 = PCURVE('',#3053,#3058);
#3053 = PLANE('',#3054);
#3054 = AXIS2_PLACEMENT_3D('',#3055,#3056,#3057);
#3055 = CARTESIAN_POINT('',(15.,-105.6874186599,0.));
#3056 = DIRECTION('',(-1.,0.,0.));
#3057 = DIRECTION('',(0.,1.,0.));
#3058 = DEFINITIONAL_REPRESENTATION('',(#3059),#3063);
#3059 = LINE('',#3060,#3061);
#3060 = CARTESIAN_POINT('',(1.400094049586E-07,0.));
#3061 = VECTOR('',#3062,1.);
#3062 = DIRECTION('',(0.,-1.));
#3063 = ( GEOMETRIC_REPRESENTATION_CONTEXT(2) 
PARAMETRIC_REPRESENTATION_CONTEXT() REPRESENTATION_CONTEXT('2D SPACE',''
  ) );
#3064 = ORIENTED_EDGE('',*,*,#3065,.T.);
#3065 = EDGE_CURVE('',#3045,#3066,#3068,.T.);
#3066 = VERTEX_POINT('',#3067);
#3067 = CARTESIAN_POINT('',(15.,105.68741851997,30.));
#3068 = SURFACE_CURVE('',#3069,(#3073),.PCURVE_S1.);
#3069 = LINE('',#3070,#3071);
#3070 = CARTESIAN_POINT('',(15.,-244.,30.));
#3071 = VECTOR('',#3072,1.);
#3072 = DIRECTION('',(0.,1.,0.));
#3073 = PCURVE('',#3053,#3074);
#3074 = DEFINITIONAL_REPRESENTATION('',(#3075),#3079);
#3075 = LINE('',#3076,#3077);
#3076 = CARTESIAN_POINT('',(-138.31258134,-30.));
#3077 = VECTOR('',#3078,1.);
#3078 = DIRECTION('',(1.,0.));
#3079 = ( GEOMETRIC_REPRESENTATION_CONTEXT(2) 
PARAMETRIC_REPRESENTATION_CONTEXT() REPRESENTATION_CONTEXT('2D SPACE',''
  ) );
#3080 = ORIENTED_EDGE('',*,*,#3081,.F.);
#3081 = EDGE_CURVE('',#3082,#3066,#3084,.T.);
#3082 = VERTEX_POINT('',#3083);
#3083 = CARTESIAN_POINT('',(15.,105.68741851997,0.));
#3084 = SURFACE_CURVE('',#3085,(#3089),.PCURVE_S1.);
#3085 = LINE('',#3086,#3087);
#3086 = CARTESIAN_POINT('',(15.,105.68741851997,0.));
#3087 = VECTOR('',#3088,1.);
#3088 = DIRECTION('',(0.,0.,1.));
#3089 = PCURVE('',#3053,#3090);
#3090 = DEFINITIONAL_REPRESENTATION('',(#3091),#3095);
#3091 = LINE('',#3092,#3093);
#3092 = CARTESIAN_POINT('',(211.37483717995,0.));
#3093 = VECTOR('',#3094,1.);
#3094 = DIRECTION('',(0.,-1.));
#3095 = ( GEOMETRIC_REPRESENTATION_CONTEXT(2) 
PARAMETRIC_REPRESENTATION_CONTEXT() REPRESENTATION_CONTEXT('2D SPACE',''
  ) );
#3096 = ORIENTED_EDGE('',*,*,#3097,.F.);
#3097 = EDGE_CURVE('',#3043,#3082,#3098,.T.);
#3098 = SURFACE_CURVE('',#3099,(#3103),.PCURVE_S1.);
#3099 = LINE('',#3100,#3101);
#3100 = CARTESIAN_POINT('',(15.,-244.,0.));
#3101 = VECTOR('',#3102,1.);
#3102 = DIRECTION('',(0.,1.,0.));
#3103 = PCURVE('',#3053,#3104);
#3104 = DEFINITIONAL_REPRESENTATION('',(#3105),#3109);
#3105 = LINE('',#3106,#3107);
#3106 = CARTESIAN_POINT('',(-138.31258134,0.));
#3107 = VECTOR('',#3108,1.);
#3108 = DIRECTION('',(1.,0.));
#3109 = ( GEOMETRIC_REPRESENTATION_CONTEXT(2) 
PARAMETRIC_REPRESENTATION_CONTEXT() REPRESENTATION_CONTEXT('2D SPACE',''
  ) );
#3110 = ( GEOMETRIC_REPRESENTATION_CONTEXT(3) 
GLOBAL_UNCERTAINTY_ASSIGNED_CONTEXT((#3114)) 
GLOBAL_UNIT_ASSIGNED_CONTEXT((#3111,#3112,#3113)) REPRESENTATION_CONTEXT
('Context #1','3D Context with UNIT and UNCERTAINTY') );
#3111 = ( LENGTH_UNIT() NAMED_UNIT(*) SI_UNIT(.MILLI.,.METRE.) );
#3112 = ( NAMED_UNIT(*) PLANE_ANGLE_UNIT() SI_UNIT($,.RADIAN.) );
#3113 = ( NAMED_UNIT(*) SI_UNIT($,.STERADIAN.) SOLID_ANGLE_UNIT() );
#3114 = UNCERTAINTY_MEASURE_WITH_UNIT(LENGTH_MEASURE(5.E-05),#3111,
  'distance_accuracy_value','confusion accuracy');
#3115 = CONTEXT_DEPENDENT_SHAPE_REPRESENTATION(#3116,#3118);
#3116 = ( REPRESENTATION_RELATIONSHIP('','',#3035,#10) 
REPRESENTATION_RELATIONSHIP_WITH_TRANSFORMATION(#3117) 
SHAPE_REPRESENTATION_RELATIONSHIP() );
#3117 = ITEM_DEFINED_TRANSFORMATION('','',#11,#75);
#3118 = PRODUCT_DEFINITION_SHAPE('Placement','Placement of an item',
  #3119);
#3119 = NEXT_ASSEMBLY_USAGE_OCCURRENCE('16','','',#5,#3030,$);
#3120 = PRODUCT_RELATED_PRODUCT_CATEGORY('part',$,(#3032));
#3121 = SHAPE_DEFINITION_REPRESENTATION(#3122,#3128);
#3122 = PRODUCT_DEFINITION_SHAPE('','',#3123);
#3123 = PRODUCT_DEFINITION('design','',#3124,#3127);
#3124 = PRODUCT_DEFINITION_FORMATION('','',#3125);
#3125 = PRODUCT('Open CASCADE STEP translator 7.8 1.17',
  'Open CASCADE STEP translator 7.8 1.17','',(#3126));
#3126 = PRODUCT_CONTEXT('',#2,'mechanical');
#3127 = PRODUCT_DEFINITION_CONTEXT('part definition',#2,'design');
#3128 = MANIFOLD_SURFACE_SHAPE_REPRESENTATION('',(#11,#3129),#3262);
#3129 = SHELL_BASED_SURFACE_MODEL('',(#3130));
#3130 = OPEN_SHELL('',(#3131));
#3131 = ADVANCED_FACE('',(#3132),#3146,.F.);
#3132 = FACE_BOUND('',#3133,.F.);
#3133 = EDGE_LOOP('',(#3134,#3178,#3213,#3229));
#3134 = ORIENTED_EDGE('',*,*,#3135,.T.);
#3135 = EDGE_CURVE('',#3136,#3138,#3140,.T.);
#3136 = VERTEX_POINT('',#3137);
#3137 = CARTESIAN_POINT('',(11.686533875108,-109.3774424915,0.));
#3138 = VERTEX_POINT('',#3139);
#3139 = CARTESIAN_POINT('',(11.686533875108,-109.3774424915,30.));
#3140 = SURFACE_CURVE('',#3141,(#3145),.PCURVE_S1.);
#3141 = LINE('',#3142,#3143);
#3142 = CARTESIAN_POINT('',(11.686533875108,-109.3774424915,0.));
#3143 = VECTOR('',#3144,1.);
#3144 = DIRECTION('',(0.,0.,1.));
#3145 = PCURVE('',#3146,#3172);
#3146 = SURFACE_OF_LINEAR_EXTRUSION('',#3147,#3170);
#3147 = B_SPLINE_CURVE_WITH_KNOTS('',6,(#3148,#3149,#3150,#3151,#3152,
    #3153,#3154,#3155,#3156,#3157,#3158,#3159,#3160,#3161,#3162,#3163,
    #3164,#3165,#3166,#3167,#3168,#3169),.UNSPECIFIED.,.F.,.F.,(7,5,5,5,
    7),(0.,0.249985035126,0.500000631737,0.750015759454,1.),
  .UNSPECIFIED.);
#3148 = CARTESIAN_POINT('',(11.686533875108,-109.3774424915,0.));
#3149 = CARTESIAN_POINT('',(11.87924699387,-109.3568518803,0.));
#3150 = CARTESIAN_POINT('',(12.078284948411,-109.321593125,0.));
#3151 = CARTESIAN_POINT('',(12.282141356677,-109.2702307478,0.));
#3152 = CARTESIAN_POINT('',(12.488763556797,-109.201588886,0.));
#3153 = CARTESIAN_POINT('',(12.695523962093,-109.115105193,0.));
#3154 = CARTESIAN_POINT('',(13.103705008105,-108.9069345487,0.));
#3155 = CARTESIAN_POINT('',(13.305124332767,-108.7852427296,0.));
#3156 = CARTESIAN_POINT('',(13.501043218123,-108.6461932998,0.));
#3157 = CARTESIAN_POINT('',(13.688427911558,-108.4908201795,0.));
#3158 = CARTESIAN_POINT('',(13.864483446735,-108.3210823452,0.));
#3159 = CARTESIAN_POINT('',(14.189627979484,-107.9578211109,0.));
#3160 = CARTESIAN_POINT('',(14.338716358678,-107.7642985972,0.));
#3161 = CARTESIAN_POINT('',(14.472161873074,-107.5613520912,0.));
#3162 = CARTESIAN_POINT('',(14.588422800277,-107.3519921465,0.));
#3163 = CARTESIAN_POINT('',(14.686898244871,-107.139304043,0.));
#3164 = CARTESIAN_POINT('',(14.848524735818,-106.7128216797,0.));
#3165 = CARTESIAN_POINT('',(14.9116808308,-106.4990280416,0.));
#3166 = CARTESIAN_POINT('',(14.957310532064,-106.2874348521,0.));
#3167 = CARTESIAN_POINT('',(14.986290419749,-106.0805027217,0.));
#3168 = CARTESIAN_POINT('',(15.,-105.8800677694,0.));
#3169 = CARTESIAN_POINT('',(15.,-105.6874186599,0.));
#3170 = VECTOR('',#3171,1.);
#3171 = DIRECTION('',(-0.,-0.,-1.));
#3172 = DEFINITIONAL_REPRESENTATION('',(#3173),#3177);
#3173 = LINE('',#3174,#3175);
#3174 = CARTESIAN_POINT('',(0.,0.));
#3175 = VECTOR('',#3176,1.);
#3176 = DIRECTION('',(0.,-1.));
#3177 = ( GEOMETRIC_REPRESENTATION_CONTEXT(2) 
PARAMETRIC_REPRESENTATION_CONTEXT() REPRESENTATION_CONTEXT('2D SPACE',''
  ) );
#3178 = ORIENTED_EDGE('',*,*,#3179,.T.);
#3179 = EDGE_CURVE('',#3138,#3180,#3182,.T.);
#3180 = VERTEX_POINT('',#3181);
#3181 = CARTESIAN_POINT('',(15.,-105.6874185199,30.));
#3182 = SURFACE_CURVE('',#3183,(#3206),.PCURVE_S1.);
#3183 = B_SPLINE_CURVE_WITH_KNOTS('',6,(#3184,#3185,#3186,#3187,#3188,
    #3189,#3190,#3191,#3192,#3193,#3194,#3195,#3196,#3197,#3198,#3199,
    #3200,#3201,#3202,#3203,#3204,#3205),.UNSPECIFIED.,.F.,.F.,(7,5,5,5,
    7),(0.,0.249985035126,0.500000631737,0.750015759454,1.),
  .UNSPECIFIED.);
#3184 = CARTESIAN_POINT('',(11.686533875108,-109.3774424915,30.));
#3185 = CARTESIAN_POINT('',(11.87924699387,-109.3568518803,30.));
#3186 = CARTESIAN_POINT('',(12.078284948411,-109.321593125,30.));
#3187 = CARTESIAN_POINT('',(12.282141356677,-109.2702307478,30.));
#3188 = CARTESIAN_POINT('',(12.488763556797,-109.201588886,30.));
#3189 = CARTESIAN_POINT('',(12.695523962093,-109.115105193,30.));
#3190 = CARTESIAN_POINT('',(13.103705008105,-108.9069345487,30.));
#3191 = CARTESIAN_POINT('',(13.305124332767,-108.7852427296,30.));
#3192 = CARTESIAN_POINT('',(13.501043218123,-108.6461932998,30.));
#3193 = CARTESIAN_POINT('',(13.688427911558,-108.4908201795,30.));
#3194 = CARTESIAN_POINT('',(13.864483446735,-108.3210823452,30.));
#3195 = CARTESIAN_POINT('',(14.189627979484,-107.9578211109,30.));
#3196 = CARTESIAN_POINT('',(14.338716358678,-107.7642985972,30.));
#3197 = CARTESIAN_POINT('',(14.472161873074,-107.5613520912,30.));
#3198 = CARTESIAN_POINT('',(14.588422800277,-107.3519921465,30.));
#3199 = CARTESIAN_POINT('',(14.686898244871,-107.139304043,30.));
#3200 = CARTESIAN_POINT('',(14.848524735818,-106.7128216797,30.));
#3201 = CARTESIAN_POINT('',(14.9116808308,-106.4990280416,30.));
#3202 = CARTESIAN_POINT('',(14.957310532064,-106.2874348521,30.));
#3203 = CARTESIAN_POINT('',(14.986290419749,-106.0805027217,30.));
#3204 = CARTESIAN_POINT('',(15.,-105.8800677694,30.));
#3205 = CARTESIAN_POINT('',(15.,-105.6874186599,30.));
#3206 = PCURVE('',#3146,#3207);
#3207 = DEFINITIONAL_REPRESENTATION('',(#3208),#3212);
#3208 = LINE('',#3209,#3210);
#3209 = CARTESIAN_POINT('',(0.,-30.));
#3210 = VECTOR('',#3211,1.);
#3211 = DIRECTION('',(1.,0.));
#3212 = ( GEOMETRIC_REPRESENTATION_CONTEXT(2) 
PARAMETRIC_REPRESENTATION_CONTEXT() REPRESENTATION_CONTEXT('2D SPACE',''
  ) );
#3213 = ORIENTED_EDGE('',*,*,#3214,.F.);
#3214 = EDGE_CURVE('',#3215,#3180,#3217,.T.);
#3215 = VERTEX_POINT('',#3216);
#3216 = CARTESIAN_POINT('',(15.,-105.6874185199,0.));
#3217 = SURFACE_CURVE('',#3218,(#3222),.PCURVE_S1.);
#3218 = LINE('',#3219,#3220);
#3219 = CARTESIAN_POINT('',(15.,-105.6874185199,0.));
#3220 = VECTOR('',#3221,1.);
#3221 = DIRECTION('',(0.,0.,1.));
#3222 = PCURVE('',#3146,#3223);
#3223 = DEFINITIONAL_REPRESENTATION('',(#3224),#3228);
#3224 = LINE('',#3225,#3226);
#3225 = CARTESIAN_POINT('',(1.,0.));
#3226 = VECTOR('',#3227,1.);
#3227 = DIRECTION('',(0.,-1.));
#3228 = ( GEOMETRIC_REPRESENTATION_CONTEXT(2) 
PARAMETRIC_REPRESENTATION_CONTEXT() REPRESENTATION_CONTEXT('2D SPACE',''
  ) );
#3229 = ORIENTED_EDGE('',*,*,#3230,.F.);
#3230 = EDGE_CURVE('',#3136,#3215,#3231,.T.);
#3231 = SURFACE_CURVE('',#3232,(#3255),.PCURVE_S1.);
#3232 = B_SPLINE_CURVE_WITH_KNOTS('',6,(#3233,#3234,#3235,#3236,#3237,
    #3238,#3239,#3240,#3241,#3242,#3243,#3244,#3245,#3246,#3247,#3248,
    #3249,#3250,#3251,#3252,#3253,#3254),.UNSPECIFIED.,.F.,.F.,(7,5,5,5,
    7),(0.,0.249985035126,0.500000631737,0.750015759454,1.),
  .UNSPECIFIED.);
#3233 = CARTESIAN_POINT('',(11.686533875108,-109.3774424915,0.));
#3234 = CARTESIAN_POINT('',(11.87924699387,-109.3568518803,0.));
#3235 = CARTESIAN_POINT('',(12.078284948411,-109.321593125,0.));
#3236 = CARTESIAN_POINT('',(12.282141356677,-109.2702307478,0.));
#3237 = CARTESIAN_POINT('',(12.488763556797,-109.201588886,0.));
#3238 = CARTESIAN_POINT('',(12.695523962093,-109.115105193,0.));
#3239 = CARTESIAN_POINT('',(13.103705008105,-108.9069345487,0.));
#3240 = CARTESIAN_POINT('',(13.305124332767,-108.7852427296,0.));
#3241 = CARTESIAN_POINT('',(13.501043218123,-108.6461932998,0.));
#3242 = CARTESIAN_POINT('',(13.688427911558,-108.4908201795,0.));
#3243 = CARTESIAN_POINT('',(13.864483446735,-108.3210823452,0.));
#3244 = CARTESIAN_POINT('',(14.189627979484,-107.9578211109,0.));
#3245 = CARTESIAN_POINT('',(14.338716358678,-107.7642985972,0.));
#3246 = CARTESIAN_POINT('',(14.472161873074,-107.5613520912,0.));
#3247 = CARTESIAN_POINT('',(14.588422800277,-107.3519921465,0.));
#3248 = CARTESIAN_POINT('',(14.686898244871,-107.139304043,0.));
#3249 = CARTESIAN_POINT('',(14.848524735818,-106.7128216797,0.));
#3250 = CARTESIAN_POINT('',(14.9116808308,-106.4990280416,0.));
#3251 = CARTESIAN_POINT('',(14.957310532064,-106.2874348521,0.));
#3252 = CARTESIAN_POINT('',(14.986290419749,-106.0805027217,0.));
#3253 = CARTESIAN_POINT('',(15.,-105.8800677694,0.));
#3254 = CARTESIAN_POINT('',(15.,-105.6874186599,0.));
#3255 = PCURVE('',#3146,#3256);
#3256 = DEFINITIONAL_REPRESENTATION('',(#3257),#3261);
#3257 = LINE('',#3258,#3259);
#3258 = CARTESIAN_POINT('',(0.,0.));
#3259 = VECTOR('',#3260,1.);
#3260 = DIRECTION('',(1.,0.));
#3261 = ( GEOMETRIC_REPRESENTATION_CONTEXT(2) 
PARAMETRIC_REPRESENTATION_CONTEXT() REPRESENTATION_CONTEXT('2D SPACE',''
  ) );
#3262 = ( GEOMETRIC_REPRESENTATION_CONTEXT(3) 
GLOBAL_UNCERTAINTY_ASSIGNED_CONTEXT((#3266)) 
GLOBAL_UNIT_ASSIGNED_CONTEXT((#3263,#3264,#3265)) REPRESENTATION_CONTEXT
('Context #1','3D Context with UNIT and UNCERTAINTY') );
#3263 = ( LENGTH_UNIT() NAMED_UNIT(*) SI_UNIT(.MILLI.,.METRE.) );
#3264 = ( NAMED_UNIT(*) PLANE_ANGLE_UNIT() SI_UNIT($,.RADIAN.) );
#3265 = ( NAMED_UNIT(*) SI_UNIT($,.STERADIAN.) SOLID_ANGLE_UNIT() );
#3266 = UNCERTAINTY_MEASURE_WITH_UNIT(LENGTH_MEASURE(1.E-04),#3263,
  'distance_accuracy_value','confusion accuracy');
#3267 = CONTEXT_DEPENDENT_SHAPE_REPRESENTATION(#3268,#3270);
#3268 = ( REPRESENTATION_RELATIONSHIP('','',#3128,#10) 
REPRESENTATION_RELATIONSHIP_WITH_TRANSFORMATION(#3269) 
SHAPE_REPRESENTATION_RELATIONSHIP() );
#3269 = ITEM_DEFINED_TRANSFORMATION('','',#11,#79);
#3270 = PRODUCT_DEFINITION_SHAPE('Placement','Placement of an item',
  #3271);
#3271 = NEXT_ASSEMBLY_USAGE_OCCURRENCE('17','','',#5,#3123,$);
#3272 = PRODUCT_RELATED_PRODUCT_CATEGORY('part',$,(#3125));
#3273 = SHAPE_DEFINITION_REPRESENTATION(#3274,#3280);
#3274 = PRODUCT_DEFINITION_SHAPE('','',#3275);
#3275 = PRODUCT_DEFINITION('design','',#3276,#3279);
#3276 = PRODUCT_DEFINITION_FORMATION('','',#3277);
#3277 = PRODUCT('Open CASCADE STEP translator 7.8 1.18',
  'Open CASCADE STEP translator 7.8 1.18','',(#3278));
#3278 = PRODUCT_CONTEXT('',#2,'mechanical');
#3279 = PRODUCT_DEFINITION_CONTEXT('part definition',#2,'design');
#3280 = MANIFOLD_SURFACE_SHAPE_REPRESENTATION('',(#11,#3281),#3414);
#3281 = SHELL_BASED_SURFACE_MODEL('',(#3282));
#3282 = OPEN_SHELL('',(#3283));
#3283 = ADVANCED_FACE('',(#3284),#3298,.T.);
#3284 = FACE_BOUND('',#3285,.T.);
#3285 = EDGE_LOOP('',(#3286,#3330,#3365,#3381));
#3286 = ORIENTED_EDGE('',*,*,#3287,.T.);
#3287 = EDGE_CURVE('',#3288,#3290,#3292,.T.);
#3288 = VERTEX_POINT('',#3289);
#3289 = CARTESIAN_POINT('',(11.686533875108,109.37744249152,0.));
#3290 = VERTEX_POINT('',#3291);
#3291 = CARTESIAN_POINT('',(11.686533875108,109.37744249152,30.));
#3292 = SURFACE_CURVE('',#3293,(#3297),.PCURVE_S1.);
#3293 = LINE('',#3294,#3295);
#3294 = CARTESIAN_POINT('',(11.686533875108,109.37744249152,0.));
#3295 = VECTOR('',#3296,1.);
#3296 = DIRECTION('',(0.,0.,1.));
#3297 = PCURVE('',#3298,#3324);
#3298 = SURFACE_OF_LINEAR_EXTRUSION('',#3299,#3322);
#3299 = B_SPLINE_CURVE_WITH_KNOTS('',6,(#3300,#3301,#3302,#3303,#3304,
    #3305,#3306,#3307,#3308,#3309,#3310,#3311,#3312,#3313,#3314,#3315,
    #3316,#3317,#3318,#3319,#3320,#3321),.UNSPECIFIED.,.F.,.F.,(7,5,5,5,
    7),(0.,0.249985035126,0.500000631737,0.750015759454,1.),
  .UNSPECIFIED.);
#3300 = CARTESIAN_POINT('',(11.686533875108,109.37744249152,0.));
#3301 = CARTESIAN_POINT('',(11.87924699387,109.35685188033,0.));
#3302 = CARTESIAN_POINT('',(12.078284948411,109.32159312503,0.));
#3303 = CARTESIAN_POINT('',(12.282141356677,109.2702307478,0.));
#3304 = CARTESIAN_POINT('',(12.488763556797,109.20158888601,0.));
#3305 = CARTESIAN_POINT('',(12.695523962093,109.11510519306,0.));
#3306 = CARTESIAN_POINT('',(13.103705008105,108.90693454877,0.));
#3307 = CARTESIAN_POINT('',(13.305124332767,108.78524272964,0.));
#3308 = CARTESIAN_POINT('',(13.501043218123,108.64619329984,0.));
#3309 = CARTESIAN_POINT('',(13.688427911558,108.49082017951,0.));
#3310 = CARTESIAN_POINT('',(13.864483446735,108.3210823452,0.));
#3311 = CARTESIAN_POINT('',(14.189627979484,107.95782111095,0.));
#3312 = CARTESIAN_POINT('',(14.338716358679,107.76429859729,0.));
#3313 = CARTESIAN_POINT('',(14.472161873073,107.56135209121,0.));
#3314 = CARTESIAN_POINT('',(14.588422800277,107.3519921465,0.));
#3315 = CARTESIAN_POINT('',(14.686898244871,107.13930404307,0.));
#3316 = CARTESIAN_POINT('',(14.848524735818,106.71282167973,0.));
#3317 = CARTESIAN_POINT('',(14.9116808308,106.49902804168,0.));
#3318 = CARTESIAN_POINT('',(14.957310532064,106.28743485211,0.));
#3319 = CARTESIAN_POINT('',(14.986290419749,106.08050272173,0.));
#3320 = CARTESIAN_POINT('',(15.,105.88006776949,0.));
#3321 = CARTESIAN_POINT('',(15.,105.68741865998,0.));
#3322 = VECTOR('',#3323,1.);
#3323 = DIRECTION('',(-0.,-0.,-1.));
#3324 = DEFINITIONAL_REPRESENTATION('',(#3325),#3329);
#3325 = LINE('',#3326,#3327);
#3326 = CARTESIAN_POINT('',(0.,0.));
#3327 = VECTOR('',#3328,1.);
#3328 = DIRECTION('',(0.,-1.));
#3329 = ( GEOMETRIC_REPRESENTATION_CONTEXT(2) 
PARAMETRIC_REPRESENTATION_CONTEXT() REPRESENTATION_CONTEXT('2D SPACE',''
  ) );
#3330 = ORIENTED_EDGE('',*,*,#3331,.T.);
#3331 = EDGE_CURVE('',#3290,#3332,#3334,.T.);
#3332 = VERTEX_POINT('',#3333);
#3333 = CARTESIAN_POINT('',(15.,105.68741851997,30.));
#3334 = SURFACE_CURVE('',#3335,(#3358),.PCURVE_S1.);
#3335 = B_SPLINE_CURVE_WITH_KNOTS('',6,(#3336,#3337,#3338,#3339,#3340,
    #3341,#3342,#3343,#3344,#3345,#3346,#3347,#3348,#3349,#3350,#3351,
    #3352,#3353,#3354,#3355,#3356,#3357),.UNSPECIFIED.,.F.,.F.,(7,5,5,5,
    7),(0.,0.249985035126,0.500000631737,0.750015759454,1.),
  .UNSPECIFIED.);
#3336 = CARTESIAN_POINT('',(11.686533875108,109.37744249152,30.));
#3337 = CARTESIAN_POINT('',(11.87924699387,109.35685188033,30.));
#3338 = CARTESIAN_POINT('',(12.078284948411,109.32159312503,30.));
#3339 = CARTESIAN_POINT('',(12.282141356677,109.2702307478,30.));
#3340 = CARTESIAN_POINT('',(12.488763556797,109.20158888601,30.));
#3341 = CARTESIAN_POINT('',(12.695523962093,109.11510519306,30.));
#3342 = CARTESIAN_POINT('',(13.103705008105,108.90693454877,30.));
#3343 = CARTESIAN_POINT('',(13.305124332767,108.78524272964,30.));
#3344 = CARTESIAN_POINT('',(13.501043218123,108.64619329984,30.));
#3345 = CARTESIAN_POINT('',(13.688427911558,108.49082017951,30.));
#3346 = CARTESIAN_POINT('',(13.864483446735,108.3210823452,30.));
#3347 = CARTESIAN_POINT('',(14.189627979484,107.95782111095,30.));
#3348 = CARTESIAN_POINT('',(14.338716358679,107.76429859729,30.));
#3349 = CARTESIAN_POINT('',(14.472161873073,107.56135209121,30.));
#3350 = CARTESIAN_POINT('',(14.588422800277,107.3519921465,30.));
#3351 = CARTESIAN_POINT('',(14.686898244871,107.13930404307,30.));
#3352 = CARTESIAN_POINT('',(14.848524735818,106.71282167973,30.));
#3353 = CARTESIAN_POINT('',(14.9116808308,106.49902804168,30.));
#3354 = CARTESIAN_POINT('',(14.957310532064,106.28743485211,30.));
#3355 = CARTESIAN_POINT('',(14.986290419749,106.08050272173,30.));
#3356 = CARTESIAN_POINT('',(15.,105.88006776949,30.));
#3357 = CARTESIAN_POINT('',(15.,105.68741865998,30.));
#3358 = PCURVE('',#3298,#3359);
#3359 = DEFINITIONAL_REPRESENTATION('',(#3360),#3364);
#3360 = LINE('',#3361,#3362);
#3361 = CARTESIAN_POINT('',(0.,-30.));
#3362 = VECTOR('',#3363,1.);
#3363 = DIRECTION('',(1.,0.));
#3364 = ( GEOMETRIC_REPRESENTATION_CONTEXT(2) 
PARAMETRIC_REPRESENTATION_CONTEXT() REPRESENTATION_CONTEXT('2D SPACE',''
  ) );
#3365 = ORIENTED_EDGE('',*,*,#3366,.F.);
#3366 = EDGE_CURVE('',#3367,#3332,#3369,.T.);
#3367 = VERTEX_POINT('',#3368);
#3368 = CARTESIAN_POINT('',(15.,105.68741851997,0.));
#3369 = SURFACE_CURVE('',#3370,(#3374),.PCURVE_S1.);
#3370 = LINE('',#3371,#3372);
#3371 = CARTESIAN_POINT('',(15.,105.68741851997,0.));
#3372 = VECTOR('',#3373,1.);
#3373 = DIRECTION('',(0.,0.,1.));
#3374 = PCURVE('',#3298,#3375);
#3375 = DEFINITIONAL_REPRESENTATION('',(#3376),#3380);
#3376 = LINE('',#3377,#3378);
#3377 = CARTESIAN_POINT('',(1.,0.));
#3378 = VECTOR('',#3379,1.);
#3379 = DIRECTION('',(0.,-1.));
#3380 = ( GEOMETRIC_REPRESENTATION_CONTEXT(2) 
PARAMETRIC_REPRESENTATION_CONTEXT() REPRESENTATION_CONTEXT('2D SPACE',''
  ) );
#3381 = ORIENTED_EDGE('',*,*,#3382,.F.);
#3382 = EDGE_CURVE('',#3288,#3367,#3383,.T.);
#3383 = SURFACE_CURVE('',#3384,(#3407),.PCURVE_S1.);
#3384 = B_SPLINE_CURVE_WITH_KNOTS('',6,(#3385,#3386,#3387,#3388,#3389,
    #3390,#3391,#3392,#3393,#3394,#3395,#3396,#3397,#3398,#3399,#3400,
    #3401,#3402,#3403,#3404,#3405,#3406),.UNSPECIFIED.,.F.,.F.,(7,5,5,5,
    7),(0.,0.249985035126,0.500000631737,0.750015759454,1.),
  .UNSPECIFIED.);
#3385 = CARTESIAN_POINT('',(11.686533875108,109.37744249152,0.));
#3386 = CARTESIAN_POINT('',(11.87924699387,109.35685188033,0.));
#3387 = CARTESIAN_POINT('',(12.078284948411,109.32159312503,0.));
#3388 = CARTESIAN_POINT('',(12.282141356677,109.2702307478,0.));
#3389 = CARTESIAN_POINT('',(12.488763556797,109.20158888601,0.));
#3390 = CARTESIAN_POINT('',(12.695523962093,109.11510519306,0.));
#3391 = CARTESIAN_POINT('',(13.103705008105,108.90693454877,0.));
#3392 = CARTESIAN_POINT('',(13.305124332767,108.78524272964,0.));
#3393 = CARTESIAN_POINT('',(13.501043218123,108.64619329984,0.));
#3394 = CARTESIAN_POINT('',(13.688427911558,108.49082017951,0.));
#3395 = CARTESIAN_POINT('',(13.864483446735,108.3210823452,0.));
#3396 = CARTESIAN_POINT('',(14.189627979484,107.95782111095,0.));
#3397 = CARTESIAN_POINT('',(14.338716358679,107.76429859729,0.));
#3398 = CARTESIAN_POINT('',(14.472161873073,107.56135209121,0.));
#3399 = CARTESIAN_POINT('',(14.588422800277,107.3519921465,0.));
#3400 = CARTESIAN_POINT('',(14.686898244871,107.13930404307,0.));
#3401 = CARTESIAN_POINT('',(14.848524735818,106.71282167973,0.));
#3402 = CARTESIAN_POINT('',(14.9116808308,106.49902804168,0.));
#3403 = CARTESIAN_POINT('',(14.957310532064,106.28743485211,0.));
#3404 = CARTESIAN_POINT('',(14.986290419749,106.08050272173,0.));
#3405 = CARTESIAN_POINT('',(15.,105.88006776949,0.));
#3406 = CARTESIAN_POINT('',(15.,105.68741865998,0.));
#3407 = PCURVE('',#3298,#3408);
#3408 = DEFINITIONAL_REPRESENTATION('',(#3409),#3413);
#3409 = LINE('',#3410,#3411);
#3410 = CARTESIAN_POINT('',(0.,0.));
#3411 = VECTOR('',#3412,1.);
#3412 = DIRECTION('',(1.,0.));
#3413 = ( GEOMETRIC_REPRESENTATION_CONTEXT(2) 
PARAMETRIC_REPRESENTATION_CONTEXT() REPRESENTATION_CONTEXT('2D SPACE',''
  ) );
#3414 = ( GEOMETRIC_REPRESENTATION_CONTEXT(3) 
GLOBAL_UNCERTAINTY_ASSIGNED_CONTEXT((#3418)) 
GLOBAL_UNIT_ASSIGNED_CONTEXT((#3415,#3416,#3417)) REPRESENTATION_CONTEXT
('Context #1','3D Context with UNIT and UNCERTAINTY') );
#3415 = ( LENGTH_UNIT() NAMED_UNIT(*) SI_UNIT(.MILLI.,.METRE.) );
#3416 = ( NAMED_UNIT(*) PLANE_ANGLE_UNIT() SI_UNIT($,.RADIAN.) );
#3417 = ( NAMED_UNIT(*) SI_UNIT($,.STERADIAN.) SOLID_ANGLE_UNIT() );
#3418 = UNCERTAINTY_MEASURE_WITH_UNIT(LENGTH_MEASURE(1.E-04),#3415,
  'distance_accuracy_value','confusion accuracy');
#3419 = CONTEXT_DEPENDENT_SHAPE_REPRESENTATION(#3420,#3422);
#3420 = ( REPRESENTATION_RELATIONSHIP('','',#3280,#10) 
REPRESENTATION_RELATIONSHIP_WITH_TRANSFORMATION(#3421) 
SHAPE_REPRESENTATION_RELATIONSHIP() );
#3421 = ITEM_DEFINED_TRANSFORMATION('','',#11,#83);
#3422 = PRODUCT_DEFINITION_SHAPE('Placement','Placement of an item',
  #3423);
#3423 = NEXT_ASSEMBLY_USAGE_OCCURRENCE('18','','',#5,#3275,$);
#3424 = PRODUCT_RELATED_PRODUCT_CATEGORY('part',$,(#3277));
#3425 = SHAPE_DEFINITION_REPRESENTATION(#3426,#3432);
#3426 = PRODUCT_DEFINITION_SHAPE('','',#3427);
#3427 = PRODUCT_DEFINITION('design','',#3428,#3431);
#3428 = PRODUCT_DEFINITION_FORMATION('','',#3429);
#3429 = PRODUCT('Open CASCADE STEP translator 7.8 1.19',
  'Open CASCADE STEP translator 7.8 1.19','',(#3430));
#3430 = PRODUCT_CONTEXT('',#2,'mechanical');
#3431 = PRODUCT_DEFINITION_CONTEXT('part definition',#2,'design');
#3432 = MANIFOLD_SURFACE_SHAPE_REPRESENTATION('',(#11,#3433),#3509);
#3433 = SHELL_BASED_SURFACE_MODEL('',(#3434));
#3434 = OPEN_SHELL('',(#3435));
#3435 = ADVANCED_FACE('',(#3436),#3450,.F.);
#3436 = FACE_BOUND('',#3437,.T.);
#3437 = EDGE_LOOP('',(#3438,#3461,#3478,#3494));
#3438 = ORIENTED_EDGE('',*,*,#3439,.T.);
#3439 = EDGE_CURVE('',#3440,#3442,#3444,.T.);
#3440 = VERTEX_POINT('',#3441);
#3441 = CARTESIAN_POINT('',(-11.6865338751,-109.3774424915,0.));
#3442 = VERTEX_POINT('',#3443);
#3443 = CARTESIAN_POINT('',(-11.6865338751,-109.3774424915,30.));
#3444 = SURFACE_CURVE('',#3445,(#3449),.PCURVE_S1.);
#3445 = LINE('',#3446,#3447);
#3446 = CARTESIAN_POINT('',(-11.6865338751,-109.3774424915,0.));
#3447 = VECTOR('',#3448,1.);
#3448 = DIRECTION('',(0.,0.,1.));
#3449 = PCURVE('',#3450,#3455);
#3450 = CYLINDRICAL_SURFACE('',#3451,110.);
#3451 = AXIS2_PLACEMENT_3D('',#3452,#3453,#3454);
#3452 = CARTESIAN_POINT('',(0.,0.,0.));
#3453 = DIRECTION('',(-0.,-0.,-1.));
#3454 = DIRECTION('',(1.,0.,-0.));
#3455 = DEFINITIONAL_REPRESENTATION('',(#3456),#3460);
#3456 = LINE('',#3457,#3458);
#3457 = CARTESIAN_POINT('',(-4.605946880414,0.));
#3458 = VECTOR('',#3459,1.);
#3459 = DIRECTION('',(-0.,-1.));
#3460 = ( GEOMETRIC_REPRESENTATION_CONTEXT(2) 
PARAMETRIC_REPRESENTATION_CONTEXT() REPRESENTATION_CONTEXT('2D SPACE',''
  ) );
#3461 = ORIENTED_EDGE('',*,*,#3462,.T.);
#3462 = EDGE_CURVE('',#3442,#3463,#3465,.T.);
#3463 = VERTEX_POINT('',#3464);
#3464 = CARTESIAN_POINT('',(11.686533875108,-109.3774424915,30.));
#3465 = SURFACE_CURVE('',#3466,(#3471),.PCURVE_S1.);
#3466 = CIRCLE('',#3467,110.);
#3467 = AXIS2_PLACEMENT_3D('',#3468,#3469,#3470);
#3468 = CARTESIAN_POINT('',(0.,0.,30.));
#3469 = DIRECTION('',(0.,0.,1.));
#3470 = DIRECTION('',(1.,0.,-0.));
#3471 = PCURVE('',#3450,#3472);
#3472 = DEFINITIONAL_REPRESENTATION('',(#3473),#3477);
#3473 = LINE('',#3474,#3475);
#3474 = CARTESIAN_POINT('',(-0.,-30.));
#3475 = VECTOR('',#3476,1.);
#3476 = DIRECTION('',(-1.,0.));
#3477 = ( GEOMETRIC_REPRESENTATION_CONTEXT(2) 
PARAMETRIC_REPRESENTATION_CONTEXT() REPRESENTATION_CONTEXT('2D SPACE',''
  ) );
#3478 = ORIENTED_EDGE('',*,*,#3479,.F.);
#3479 = EDGE_CURVE('',#3480,#3463,#3482,.T.);
#3480 = VERTEX_POINT('',#3481);
#3481 = CARTESIAN_POINT('',(11.686533875108,-109.3774424915,0.));
#3482 = SURFACE_CURVE('',#3483,(#3487),.PCURVE_S1.);
#3483 = LINE('',#3484,#3485);
#3484 = CARTESIAN_POINT('',(11.686533875108,-109.3774424915,0.));
#3485 = VECTOR('',#3486,1.);
#3486 = DIRECTION('',(0.,0.,1.));
#3487 = PCURVE('',#3450,#3488);
#3488 = DEFINITIONAL_REPRESENTATION('',(#3489),#3493);
#3489 = LINE('',#3490,#3491);
#3490 = CARTESIAN_POINT('',(-4.818831080356,0.));
#3491 = VECTOR('',#3492,1.);
#3492 = DIRECTION('',(-0.,-1.));
#3493 = ( GEOMETRIC_REPRESENTATION_CONTEXT(2) 
PARAMETRIC_REPRESENTATION_CONTEXT() REPRESENTATION_CONTEXT('2D SPACE',''
  ) );
#3494 = ORIENTED_EDGE('',*,*,#3495,.F.);
#3495 = EDGE_CURVE('',#3440,#3480,#3496,.T.);
#3496 = SURFACE_CURVE('',#3497,(#3502),.PCURVE_S1.);
#3497 = CIRCLE('',#3498,110.);
#3498 = AXIS2_PLACEMENT_3D('',#3499,#3500,#3501);
#3499 = CARTESIAN_POINT('',(0.,0.,0.));
#3500 = DIRECTION('',(0.,0.,1.));
#3501 = DIRECTION('',(1.,0.,-0.));
#3502 = PCURVE('',#3450,#3503);
#3503 = DEFINITIONAL_REPRESENTATION('',(#3504),#3508);
#3504 = LINE('',#3505,#3506);
#3505 = CARTESIAN_POINT('',(-0.,0.));
#3506 = VECTOR('',#3507,1.);
#3507 = DIRECTION('',(-1.,0.));
#3508 = ( GEOMETRIC_REPRESENTATION_CONTEXT(2) 
PARAMETRIC_REPRESENTATION_CONTEXT() REPRESENTATION_CONTEXT('2D SPACE',''
  ) );
#3509 = ( GEOMETRIC_REPRESENTATION_CONTEXT(3) 
GLOBAL_UNCERTAINTY_ASSIGNED_CONTEXT((#3513)) 
GLOBAL_UNIT_ASSIGNED_CONTEXT((#3510,#3511,#3512)) REPRESENTATION_CONTEXT
('Context #1','3D Context with UNIT and UNCERTAINTY') );
#3510 = ( LENGTH_UNIT() NAMED_UNIT(*) SI_UNIT(.MILLI.,.METRE.) );
#3511 = ( NAMED_UNIT(*) PLANE_ANGLE_UNIT() SI_UNIT($,.RADIAN.) );
#3512 = ( NAMED_UNIT(*) SI_UNIT($,.STERADIAN.) SOLID_ANGLE_UNIT() );
#3513 = UNCERTAINTY_MEASURE_WITH_UNIT(LENGTH_MEASURE(5.E-05),#3510,
  'distance_accuracy_value','confusion accuracy');
#3514 = CONTEXT_DEPENDENT_SHAPE_REPRESENTATION(#3515,#3517);
#3515 = ( REPRESENTATION_RELATIONSHIP('','',#3432,#10) 
REPRESENTATION_RELATIONSHIP_WITH_TRANSFORMATION(#3516) 
SHAPE_REPRESENTATION_RELATIONSHIP() );
#3516 = ITEM_DEFINED_TRANSFORMATION('','',#11,#87);
#3517 = PRODUCT_DEFINITION_SHAPE('Placement','Placement of an item',
  #3518);
#3518 = NEXT_ASSEMBLY_USAGE_OCCURRENCE('19','','',#5,#3427,$);
#3519 = PRODUCT_RELATED_PRODUCT_CATEGORY('part',$,(#3429));
#3520 = SHAPE_DEFINITION_REPRESENTATION(#3521,#3527);
#3521 = PRODUCT_DEFINITION_SHAPE('','',#3522);
#3522 = PRODUCT_DEFINITION('design','',#3523,#3526);
#3523 = PRODUCT_DEFINITION_FORMATION('','',#3524);
#3524 = PRODUCT('Open CASCADE STEP translator 7.8 1.20',
  'Open CASCADE STEP translator 7.8 1.20','',(#3525));
#3525 = PRODUCT_CONTEXT('',#2,'mechanical');
#3526 = PRODUCT_DEFINITION_CONTEXT('part definition',#2,'design');
#3527 = MANIFOLD_SURFACE_SHAPE_REPRESENTATION('',(#11,#3528),#3604);
#3528 = SHELL_BASED_SURFACE_MODEL('',(#3529));
#3529 = OPEN_SHELL('',(#3530));
#3530 = ADVANCED_FACE('',(#3531),#3545,.F.);
#3531 = FACE_BOUND('',#3532,.T.);
#3532 = EDGE_LOOP('',(#3533,#3556,#3573,#3589));
#3533 = ORIENTED_EDGE('',*,*,#3534,.T.);
#3534 = EDGE_CURVE('',#3535,#3537,#3539,.T.);
#3535 = VERTEX_POINT('',#3536);
#3536 = CARTESIAN_POINT('',(11.686533875108,109.37744249152,0.));
#3537 = VERTEX_POINT('',#3538);
#3538 = CARTESIAN_POINT('',(11.686533875108,109.37744249152,30.));
#3539 = SURFACE_CURVE('',#3540,(#3544),.PCURVE_S1.);
#3540 = LINE('',#3541,#3542);
#3541 = CARTESIAN_POINT('',(11.686533875108,109.37744249152,0.));
#3542 = VECTOR('',#3543,1.);
#3543 = DIRECTION('',(0.,0.,1.));
#3544 = PCURVE('',#3545,#3550);
#3545 = CYLINDRICAL_SURFACE('',#3546,110.);
#3546 = AXIS2_PLACEMENT_3D('',#3547,#3548,#3549);
#3547 = CARTESIAN_POINT('',(0.,0.,0.));
#3548 = DIRECTION('',(-0.,-0.,-1.));
#3549 = DIRECTION('',(1.,0.,-0.));
#3550 = DEFINITIONAL_REPRESENTATION('',(#3551),#3555);
#3551 = LINE('',#3552,#3553);
#3552 = CARTESIAN_POINT('',(-1.464354226824,0.));
#3553 = VECTOR('',#3554,1.);
#3554 = DIRECTION('',(-0.,-1.));
#3555 = ( GEOMETRIC_REPRESENTATION_CONTEXT(2) 
PARAMETRIC_REPRESENTATION_CONTEXT() REPRESENTATION_CONTEXT('2D SPACE',''
  ) );
#3556 = ORIENTED_EDGE('',*,*,#3557,.T.);
#3557 = EDGE_CURVE('',#3537,#3558,#3560,.T.);
#3558 = VERTEX_POINT('',#3559);
#3559 = CARTESIAN_POINT('',(-11.6865338751,109.37744249152,30.));
#3560 = SURFACE_CURVE('',#3561,(#3566),.PCURVE_S1.);
#3561 = CIRCLE('',#3562,110.);
#3562 = AXIS2_PLACEMENT_3D('',#3563,#3564,#3565);
#3563 = CARTESIAN_POINT('',(0.,0.,30.));
#3564 = DIRECTION('',(0.,0.,1.));
#3565 = DIRECTION('',(1.,0.,-0.));
#3566 = PCURVE('',#3545,#3567);
#3567 = DEFINITIONAL_REPRESENTATION('',(#3568),#3572);
#3568 = LINE('',#3569,#3570);
#3569 = CARTESIAN_POINT('',(-0.,-30.));
#3570 = VECTOR('',#3571,1.);
#3571 = DIRECTION('',(-1.,0.));
#3572 = ( GEOMETRIC_REPRESENTATION_CONTEXT(2) 
PARAMETRIC_REPRESENTATION_CONTEXT() REPRESENTATION_CONTEXT('2D SPACE',''
  ) );
#3573 = ORIENTED_EDGE('',*,*,#3574,.F.);
#3574 = EDGE_CURVE('',#3575,#3558,#3577,.T.);
#3575 = VERTEX_POINT('',#3576);
#3576 = CARTESIAN_POINT('',(-11.6865338751,109.37744249152,0.));
#3577 = SURFACE_CURVE('',#3578,(#3582),.PCURVE_S1.);
#3578 = LINE('',#3579,#3580);
#3579 = CARTESIAN_POINT('',(-11.6865338751,109.37744249152,0.));
#3580 = VECTOR('',#3581,1.);
#3581 = DIRECTION('',(0.,0.,1.));
#3582 = PCURVE('',#3545,#3583);
#3583 = DEFINITIONAL_REPRESENTATION('',(#3584),#3588);
#3584 = LINE('',#3585,#3586);
#3585 = CARTESIAN_POINT('',(-1.677238426766,0.));
#3586 = VECTOR('',#3587,1.);
#3587 = DIRECTION('',(-0.,-1.));
#3588 = ( GEOMETRIC_REPRESENTATION_CONTEXT(2) 
PARAMETRIC_REPRESENTATION_CONTEXT() REPRESENTATION_CONTEXT('2D SPACE',''
  ) );
#3589 = ORIENTED_EDGE('',*,*,#3590,.F.);
#3590 = EDGE_CURVE('',#3535,#3575,#3591,.T.);
#3591 = SURFACE_CURVE('',#3592,(#3597),.PCURVE_S1.);
#3592 = CIRCLE('',#3593,110.);
#3593 = AXIS2_PLACEMENT_3D('',#3594,#3595,#3596);
#3594 = CARTESIAN_POINT('',(0.,0.,0.));
#3595 = DIRECTION('',(0.,0.,1.));
#3596 = DIRECTION('',(1.,0.,-0.));
#3597 = PCURVE('',#3545,#3598);
#3598 = DEFINITIONAL_REPRESENTATION('',(#3599),#3603);
#3599 = LINE('',#3600,#3601);
#3600 = CARTESIAN_POINT('',(-0.,0.));
#3601 = VECTOR('',#3602,1.);
#3602 = DIRECTION('',(-1.,0.));
#3603 = ( GEOMETRIC_REPRESENTATION_CONTEXT(2) 
PARAMETRIC_REPRESENTATION_CONTEXT() REPRESENTATION_CONTEXT('2D SPACE',''
  ) );
#3604 = ( GEOMETRIC_REPRESENTATION_CONTEXT(3) 
GLOBAL_UNCERTAINTY_ASSIGNED_CONTEXT((#3608)) 
GLOBAL_UNIT_ASSIGNED_CONTEXT((#3605,#3606,#3607)) REPRESENTATION_CONTEXT
('Context #1','3D Context with UNIT and UNCERTAINTY') );
#3605 = ( LENGTH_UNIT() NAMED_UNIT(*) SI_UNIT(.MILLI.,.METRE.) );
#3606 = ( NAMED_UNIT(*) PLANE_ANGLE_UNIT() SI_UNIT($,.RADIAN.) );
#3607 = ( NAMED_UNIT(*) SI_UNIT($,.STERADIAN.) SOLID_ANGLE_UNIT() );
#3608 = UNCERTAINTY_MEASURE_WITH_UNIT(LENGTH_MEASURE(5.E-05),#3605,
  'distance_accuracy_value','confusion accuracy');
#3609 = CONTEXT_DEPENDENT_SHAPE_REPRESENTATION(#3610,#3612);
#3610 = ( REPRESENTATION_RELATIONSHIP('','',#3527,#10) 
REPRESENTATION_RELATIONSHIP_WITH_TRANSFORMATION(#3611) 
SHAPE_REPRESENTATION_RELATIONSHIP() );
#3611 = ITEM_DEFINED_TRANSFORMATION('','',#11,#91);
#3612 = PRODUCT_DEFINITION_SHAPE('Placement','Placement of an item',
  #3613);
#3613 = NEXT_ASSEMBLY_USAGE_OCCURRENCE('20','','',#5,#3522,$);
#3614 = PRODUCT_RELATED_PRODUCT_CATEGORY('part',$,(#3524));
#3615 = SHAPE_DEFINITION_REPRESENTATION(#3616,#3622);
#3616 = PRODUCT_DEFINITION_SHAPE('','',#3617);
#3617 = PRODUCT_DEFINITION('design','',#3618,#3621);
#3618 = PRODUCT_DEFINITION_FORMATION('','',#3619);
#3619 = PRODUCT('Open CASCADE STEP translator 7.8 1.21',
  'Open CASCADE STEP translator 7.8 1.21','',(#3620));
#3620 = PRODUCT_CONTEXT('',#2,'mechanical');
#3621 = PRODUCT_DEFINITION_CONTEXT('part definition',#2,'design');
#3622 = MANIFOLD_SURFACE_SHAPE_REPRESENTATION('',(#11,#3623),#3756);
#3623 = SHELL_BASED_SURFACE_MODEL('',(#3624));
#3624 = OPEN_SHELL('',(#3625));
#3625 = ADVANCED_FACE('',(#3626),#3640,.T.);
#3626 = FACE_BOUND('',#3627,.T.);
#3627 = EDGE_LOOP('',(#3628,#3672,#3707,#3723));
#3628 = ORIENTED_EDGE('',*,*,#3629,.T.);
#3629 = EDGE_CURVE('',#3630,#3632,#3634,.T.);
#3630 = VERTEX_POINT('',#3631);
#3631 = CARTESIAN_POINT('',(-11.6865338751,-109.3774424915,0.));
#3632 = VERTEX_POINT('',#3633);
#3633 = CARTESIAN_POINT('',(-11.6865338751,-109.3774424915,30.));
#3634 = SURFACE_CURVE('',#3635,(#3639),.PCURVE_S1.);
#3635 = LINE('',#3636,#3637);
#3636 = CARTESIAN_POINT('',(-11.6865338751,-109.3774424915,0.));
#3637 = VECTOR('',#3638,1.);
#3638 = DIRECTION('',(0.,0.,1.));
#3639 = PCURVE('',#3640,#3666);
#3640 = SURFACE_OF_LINEAR_EXTRUSION('',#3641,#3664);
#3641 = B_SPLINE_CURVE_WITH_KNOTS('',6,(#3642,#3643,#3644,#3645,#3646,
    #3647,#3648,#3649,#3650,#3651,#3652,#3653,#3654,#3655,#3656,#3657,
    #3658,#3659,#3660,#3661,#3662,#3663),.UNSPECIFIED.,.F.,.F.,(7,5,5,5,
    7),(0.,0.249996249286,0.500000158506,0.750003950085,1.),
  .UNSPECIFIED.);
#3642 = CARTESIAN_POINT('',(-11.6865338751,-109.3774424915,0.));
#3643 = CARTESIAN_POINT('',(-11.87923586692,-109.3568530692,0.));
#3644 = CARTESIAN_POINT('',(-12.07826627144,-109.3215967345,0.));
#3645 = CARTESIAN_POINT('',(-12.2821198145,-109.2702370077,0.));
#3646 = CARTESIAN_POINT('',(-12.48874457577,-109.2015964485,0.));
#3647 = CARTESIAN_POINT('',(-12.69551255155,-109.1151110095,0.));
#3648 = CARTESIAN_POINT('',(-13.10369764927,-108.9069383045,0.));
#3649 = CARTESIAN_POINT('',(-13.30511387214,-108.7852494285,0.));
#3650 = CARTESIAN_POINT('',(-13.50103347748,-108.646201095,0.));
#3651 = CARTESIAN_POINT('',(-13.68842123767,-108.4908266176,0.));
#3652 = CARTESIAN_POINT('',(-13.86448035214,-108.321085796,0.));
#3653 = CARTESIAN_POINT('',(-14.18963120767,-107.9578175108,0.));
#3654 = CARTESIAN_POINT('',(-14.33872225008,-107.7642909477,0.));
#3655 = CARTESIAN_POINT('',(-14.47216873869,-107.5613412148,0.));
#3656 = CARTESIAN_POINT('',(-14.58842841572,-107.3519807773,0.));
#3657 = CARTESIAN_POINT('',(-14.6869012012,-107.1392962347,0.));
#3658 = CARTESIAN_POINT('',(-14.84852923067,-106.7128098266,0.));
#3659 = CARTESIAN_POINT('',(-14.91168623034,-106.4990085522,0.));
#3660 = CARTESIAN_POINT('',(-14.95731438414,-106.2874130192,0.));
#3661 = CARTESIAN_POINT('',(-14.98629199021,-106.0804840049,0.));
#3662 = CARTESIAN_POINT('',(-15.,-105.8800567242,0.));
#3663 = CARTESIAN_POINT('',(-15.,-105.6874186599,0.));
#3664 = VECTOR('',#3665,1.);
#3665 = DIRECTION('',(-0.,-0.,-1.));
#3666 = DEFINITIONAL_REPRESENTATION('',(#3667),#3671);
#3667 = LINE('',#3668,#3669);
#3668 = CARTESIAN_POINT('',(0.,0.));
#3669 = VECTOR('',#3670,1.);
#3670 = DIRECTION('',(0.,-1.));
#3671 = ( GEOMETRIC_REPRESENTATION_CONTEXT(2) 
PARAMETRIC_REPRESENTATION_CONTEXT() REPRESENTATION_CONTEXT('2D SPACE',''
  ) );
#3672 = ORIENTED_EDGE('',*,*,#3673,.T.);
#3673 = EDGE_CURVE('',#3632,#3674,#3676,.T.);
#3674 = VERTEX_POINT('',#3675);
#3675 = CARTESIAN_POINT('',(-15.,-105.6874185199,30.));
#3676 = SURFACE_CURVE('',#3677,(#3700),.PCURVE_S1.);
#3677 = B_SPLINE_CURVE_WITH_KNOTS('',6,(#3678,#3679,#3680,#3681,#3682,
    #3683,#3684,#3685,#3686,#3687,#3688,#3689,#3690,#3691,#3692,#3693,
    #3694,#3695,#3696,#3697,#3698,#3699),.UNSPECIFIED.,.F.,.F.,(7,5,5,5,
    7),(0.,0.249996249286,0.500000158506,0.750003950085,1.),
  .UNSPECIFIED.);
#3678 = CARTESIAN_POINT('',(-11.6865338751,-109.3774424915,30.));
#3679 = CARTESIAN_POINT('',(-11.87923586692,-109.3568530692,30.));
#3680 = CARTESIAN_POINT('',(-12.07826627144,-109.3215967345,30.));
#3681 = CARTESIAN_POINT('',(-12.2821198145,-109.2702370077,30.));
#3682 = CARTESIAN_POINT('',(-12.48874457577,-109.2015964485,30.));
#3683 = CARTESIAN_POINT('',(-12.69551255155,-109.1151110095,30.));
#3684 = CARTESIAN_POINT('',(-13.10369764927,-108.9069383045,30.));
#3685 = CARTESIAN_POINT('',(-13.30511387214,-108.7852494285,30.));
#3686 = CARTESIAN_POINT('',(-13.50103347748,-108.646201095,30.));
#3687 = CARTESIAN_POINT('',(-13.68842123767,-108.4908266176,30.));
#3688 = CARTESIAN_POINT('',(-13.86448035214,-108.321085796,30.));
#3689 = CARTESIAN_POINT('',(-14.18963120767,-107.9578175108,30.));
#3690 = CARTESIAN_POINT('',(-14.33872225008,-107.7642909477,30.));
#3691 = CARTESIAN_POINT('',(-14.47216873869,-107.5613412148,30.));
#3692 = CARTESIAN_POINT('',(-14.58842841572,-107.3519807773,30.));
#3693 = CARTESIAN_POINT('',(-14.6869012012,-107.1392962347,30.));
#3694 = CARTESIAN_POINT('',(-14.84852923067,-106.7128098266,30.));
#3695 = CARTESIAN_POINT('',(-14.91168623034,-106.4990085522,30.));
#3696 = CARTESIAN_POINT('',(-14.95731438414,-106.2874130192,30.));
#3697 = CARTESIAN_POINT('',(-14.98629199021,-106.0804840049,30.));
#3698 = CARTESIAN_POINT('',(-15.,-105.8800567242,30.));
#3699 = CARTESIAN_POINT('',(-15.,-105.6874186599,30.));
#3700 = PCURVE('',#3640,#3701);
#3701 = DEFINITIONAL_REPRESENTATION('',(#3702),#3706);
#3702 = LINE('',#3703,#3704);
#3703 = CARTESIAN_POINT('',(0.,-30.));
#3704 = VECTOR('',#3705,1.);
#3705 = DIRECTION('',(1.,0.));
#3706 = ( GEOMETRIC_REPRESENTATION_CONTEXT(2) 
PARAMETRIC_REPRESENTATION_CONTEXT() REPRESENTATION_CONTEXT('2D SPACE',''
  ) );
#3707 = ORIENTED_EDGE('',*,*,#3708,.F.);
#3708 = EDGE_CURVE('',#3709,#3674,#3711,.T.);
#3709 = VERTEX_POINT('',#3710);
#3710 = CARTESIAN_POINT('',(-15.,-105.6874185199,0.));
#3711 = SURFACE_CURVE('',#3712,(#3716),.PCURVE_S1.);
#3712 = LINE('',#3713,#3714);
#3713 = CARTESIAN_POINT('',(-15.,-105.6874185199,0.));
#3714 = VECTOR('',#3715,1.);
#3715 = DIRECTION('',(0.,0.,1.));
#3716 = PCURVE('',#3640,#3717);
#3717 = DEFINITIONAL_REPRESENTATION('',(#3718),#3722);
#3718 = LINE('',#3719,#3720);
#3719 = CARTESIAN_POINT('',(1.,0.));
#3720 = VECTOR('',#3721,1.);
#3721 = DIRECTION('',(0.,-1.));
#3722 = ( GEOMETRIC_REPRESENTATION_CONTEXT(2) 
PARAMETRIC_REPRESENTATION_CONTEXT() REPRESENTATION_CONTEXT('2D SPACE',''
  ) );
#3723 = ORIENTED_EDGE('',*,*,#3724,.F.);
#3724 = EDGE_CURVE('',#3630,#3709,#3725,.T.);
#3725 = SURFACE_CURVE('',#3726,(#3749),.PCURVE_S1.);
#3726 = B_SPLINE_CURVE_WITH_KNOTS('',6,(#3727,#3728,#3729,#3730,#3731,
    #3732,#3733,#3734,#3735,#3736,#3737,#3738,#3739,#3740,#3741,#3742,
    #3743,#3744,#3745,#3746,#3747,#3748),.UNSPECIFIED.,.F.,.F.,(7,5,5,5,
    7),(0.,0.249996249286,0.500000158506,0.750003950085,1.),
  .UNSPECIFIED.);
#3727 = CARTESIAN_POINT('',(-11.6865338751,-109.3774424915,0.));
#3728 = CARTESIAN_POINT('',(-11.87923586692,-109.3568530692,0.));
#3729 = CARTESIAN_POINT('',(-12.07826627144,-109.3215967345,0.));
#3730 = CARTESIAN_POINT('',(-12.2821198145,-109.2702370077,0.));
#3731 = CARTESIAN_POINT('',(-12.48874457577,-109.2015964485,0.));
#3732 = CARTESIAN_POINT('',(-12.69551255155,-109.1151110095,0.));
#3733 = CARTESIAN_POINT('',(-13.10369764927,-108.9069383045,0.));
#3734 = CARTESIAN_POINT('',(-13.30511387214,-108.7852494285,0.));
#3735 = CARTESIAN_POINT('',(-13.50103347748,-108.646201095,0.));
#3736 = CARTESIAN_POINT('',(-13.68842123767,-108.4908266176,0.));
#3737 = CARTESIAN_POINT('',(-13.86448035214,-108.321085796,0.));
#3738 = CARTESIAN_POINT('',(-14.18963120767,-107.9578175108,0.));
#3739 = CARTESIAN_POINT('',(-14.33872225008,-107.7642909477,0.));
#3740 = CARTESIAN_POINT('',(-14.47216873869,-107.5613412148,0.));
#3741 = CARTESIAN_POINT('',(-14.58842841572,-107.3519807773,0.));
#3742 = CARTESIAN_POINT('',(-14.6869012012,-107.1392962347,0.));
#3743 = CARTESIAN_POINT('',(-14.84852923067,-106.7128098266,0.));
#3744 = CARTESIAN_POINT('',(-14.91168623034,-106.4990085522,0.));
#3745 = CARTESIAN_POINT('',(-14.95731438414,-106.2874130192,0.));
#3746 = CARTESIAN_POINT('',(-14.98629199021,-106.0804840049,0.));
#3747 = CARTESIAN_POINT('',(-15.,-105.8800567242,0.));
#3748 = CARTESIAN_POINT('',(-15.,-105.6874186599,0.));
#3749 = PCURVE('',#3640,#3750);
#3750 = DEFINITIONAL_REPRESENTATION('',(#3751),#3755);
#3751 = LINE('',#3752,#3753);
#3752 = CARTESIAN_POINT('',(0.,0.));
#3753 = VECTOR('',#3754,1.);
#3754 = DIRECTION('',(1.,0.));
#3755 = ( GEOMETRIC_REPRESENTATION_CONTEXT(2) 
PARAMETRIC_REPRESENTATION_CONTEXT() REPRESENTATION_CONTEXT('2D SPACE',''
  ) );
#3756 = ( GEOMETRIC_REPRESENTATION_CONTEXT(3) 
GLOBAL_UNCERTAINTY_ASSIGNED_CONTEXT((#3760)) 
GLOBAL_UNIT_ASSIGNED_CONTEXT((#3757,#3758,#3759)) REPRESENTATION_CONTEXT
('Context #1','3D Context with UNIT and UNCERTAINTY') );
#3757 = ( LENGTH_UNIT() NAMED_UNIT(*) SI_UNIT(.MILLI.,.METRE.) );
#3758 = ( NAMED_UNIT(*) PLANE_ANGLE_UNIT() SI_UNIT($,.RADIAN.) );
#3759 = ( NAMED_UNIT(*) SI_UNIT($,.STERADIAN.) SOLID_ANGLE_UNIT() );
#3760 = UNCERTAINTY_MEASURE_WITH_UNIT(LENGTH_MEASURE(1.E-04),#3757,
  'distance_accuracy_value','confusion accuracy');
#3761 = CONTEXT_DEPENDENT_SHAPE_REPRESENTATION(#3762,#3764);
#3762 = ( REPRESENTATION_RELATIONSHIP('','',#3622,#10) 
REPRESENTATION_RELATIONSHIP_WITH_TRANSFORMATION(#3763) 
SHAPE_REPRESENTATION_RELATIONSHIP() );
#3763 = ITEM_DEFINED_TRANSFORMATION('','',#11,#95);
#3764 = PRODUCT_DEFINITION_SHAPE('Placement','Placement of an item',
  #3765);
#3765 = NEXT_ASSEMBLY_USAGE_OCCURRENCE('21','','',#5,#3617,$);
#3766 = PRODUCT_RELATED_PRODUCT_CATEGORY('part',$,(#3619));
#3767 = SHAPE_DEFINITION_REPRESENTATION(#3768,#3774);
#3768 = PRODUCT_DEFINITION_SHAPE('','',#3769);
#3769 = PRODUCT_DEFINITION('design','',#3770,#3773);
#3770 = PRODUCT_DEFINITION_FORMATION('','',#3771);
#3771 = PRODUCT('Open CASCADE STEP translator 7.8 1.22',
  'Open CASCADE STEP translator 7.8 1.22','',(#3772));
#3772 = PRODUCT_CONTEXT('',#2,'mechanical');
#3773 = PRODUCT_DEFINITION_CONTEXT('part definition',#2,'design');
#3774 = MANIFOLD_SURFACE_SHAPE_REPRESENTATION('',(#11,#3775),#3908);
#3775 = SHELL_BASED_SURFACE_MODEL('',(#3776));
#3776 = OPEN_SHELL('',(#3777));
#3777 = ADVANCED_FACE('',(#3778),#3792,.F.);
#3778 = FACE_BOUND('',#3779,.F.);
#3779 = EDGE_LOOP('',(#3780,#3824,#3859,#3875));
#3780 = ORIENTED_EDGE('',*,*,#3781,.T.);
#3781 = EDGE_CURVE('',#3782,#3784,#3786,.T.);
#3782 = VERTEX_POINT('',#3783);
#3783 = CARTESIAN_POINT('',(-11.6865338751,109.37744249152,0.));
#3784 = VERTEX_POINT('',#3785);
#3785 = CARTESIAN_POINT('',(-11.6865338751,109.37744249152,30.));
#3786 = SURFACE_CURVE('',#3787,(#3791),.PCURVE_S1.);
#3787 = LINE('',#3788,#3789);
#3788 = CARTESIAN_POINT('',(-11.6865338751,109.37744249152,0.));
#3789 = VECTOR('',#3790,1.);
#3790 = DIRECTION('',(0.,0.,1.));
#3791 = PCURVE('',#3792,#3818);
#3792 = SURFACE_OF_LINEAR_EXTRUSION('',#3793,#3816);
#3793 = B_SPLINE_CURVE_WITH_KNOTS('',6,(#3794,#3795,#3796,#3797,#3798,
    #3799,#3800,#3801,#3802,#3803,#3804,#3805,#3806,#3807,#3808,#3809,
    #3810,#3811,#3812,#3813,#3814,#3815),.UNSPECIFIED.,.F.,.F.,(7,5,5,5,
    7),(0.,0.249996249286,0.500000158506,0.750003950086,1.),
  .UNSPECIFIED.);
#3794 = CARTESIAN_POINT('',(-11.6865338751,109.37744249152,0.));
#3795 = CARTESIAN_POINT('',(-11.87923586692,109.3568530692,0.));
#3796 = CARTESIAN_POINT('',(-12.07826627144,109.32159673452,0.));
#3797 = CARTESIAN_POINT('',(-12.2821198145,109.27023700778,0.));
#3798 = CARTESIAN_POINT('',(-12.48874457577,109.20159644852,0.));
#3799 = CARTESIAN_POINT('',(-12.69551255155,109.11511100954,0.));
#3800 = CARTESIAN_POINT('',(-13.10369764927,108.90693830458,0.));
#3801 = CARTESIAN_POINT('',(-13.30511387214,108.78524942858,0.));
#3802 = CARTESIAN_POINT('',(-13.50103347748,108.646201095,0.));
#3803 = CARTESIAN_POINT('',(-13.68842123767,108.49082661764,0.));
#3804 = CARTESIAN_POINT('',(-13.86448035214,108.32108579602,0.));
#3805 = CARTESIAN_POINT('',(-14.18963120767,107.95781751086,0.));
#3806 = CARTESIAN_POINT('',(-14.33872225008,107.76429094776,0.));
#3807 = CARTESIAN_POINT('',(-14.47216873869,107.56134121485,0.));
#3808 = CARTESIAN_POINT('',(-14.58842841572,107.35198077732,0.));
#3809 = CARTESIAN_POINT('',(-14.6869012012,107.13929623478,0.));
#3810 = CARTESIAN_POINT('',(-14.84852923067,106.71280982663,0.));
#3811 = CARTESIAN_POINT('',(-14.91168623034,106.4990085522,0.));
#3812 = CARTESIAN_POINT('',(-14.95731438414,106.28741301922,0.));
#3813 = CARTESIAN_POINT('',(-14.98629199021,106.08048400492,0.));
#3814 = CARTESIAN_POINT('',(-15.,105.88005672423,0.));
#3815 = CARTESIAN_POINT('',(-15.,105.68741865998,0.));
#3816 = VECTOR('',#3817,1.);
#3817 = DIRECTION('',(-0.,-0.,-1.));
#3818 = DEFINITIONAL_REPRESENTATION('',(#3819),#3823);
#3819 = LINE('',#3820,#3821);
#3820 = CARTESIAN_POINT('',(0.,0.));
#3821 = VECTOR('',#3822,1.);
#3822 = DIRECTION('',(0.,-1.));
#3823 = ( GEOMETRIC_REPRESENTATION_CONTEXT(2) 
PARAMETRIC_REPRESENTATION_CONTEXT() REPRESENTATION_CONTEXT('2D SPACE',''
  ) );
#3824 = ORIENTED_EDGE('',*,*,#3825,.T.);
#3825 = EDGE_CURVE('',#3784,#3826,#3828,.T.);
#3826 = VERTEX_POINT('',#3827);
#3827 = CARTESIAN_POINT('',(-15.,105.68741851997,30.));
#3828 = SURFACE_CURVE('',#3829,(#3852),.PCURVE_S1.);
#3829 = B_SPLINE_CURVE_WITH_KNOTS('',6,(#3830,#3831,#3832,#3833,#3834,
    #3835,#3836,#3837,#3838,#3839,#3840,#3841,#3842,#3843,#3844,#3845,
    #3846,#3847,#3848,#3849,#3850,#3851),.UNSPECIFIED.,.F.,.F.,(7,5,5,5,
    7),(0.,0.249996249286,0.500000158506,0.750003950086,1.),
  .UNSPECIFIED.);
#3830 = CARTESIAN_POINT('',(-11.6865338751,109.37744249152,30.));
#3831 = CARTESIAN_POINT('',(-11.87923586692,109.3568530692,30.));
#3832 = CARTESIAN_POINT('',(-12.07826627144,109.32159673452,30.));
#3833 = CARTESIAN_POINT('',(-12.2821198145,109.27023700778,30.));
#3834 = CARTESIAN_POINT('',(-12.48874457577,109.20159644852,30.));
#3835 = CARTESIAN_POINT('',(-12.69551255155,109.11511100954,30.));
#3836 = CARTESIAN_POINT('',(-13.10369764927,108.90693830458,30.));
#3837 = CARTESIAN_POINT('',(-13.30511387214,108.78524942858,30.));
#3838 = CARTESIAN_POINT('',(-13.50103347748,108.646201095,30.));
#3839 = CARTESIAN_POINT('',(-13.68842123767,108.49082661764,30.));
#3840 = CARTESIAN_POINT('',(-13.86448035214,108.32108579602,30.));
#3841 = CARTESIAN_POINT('',(-14.18963120767,107.95781751086,30.));
#3842 = CARTESIAN_POINT('',(-14.33872225008,107.76429094776,30.));
#3843 = CARTESIAN_POINT('',(-14.47216873869,107.56134121485,30.));
#3844 = CARTESIAN_POINT('',(-14.58842841572,107.35198077732,30.));
#3845 = CARTESIAN_POINT('',(-14.6869012012,107.13929623478,30.));
#3846 = CARTESIAN_POINT('',(-14.84852923067,106.71280982663,30.));
#3847 = CARTESIAN_POINT('',(-14.91168623034,106.4990085522,30.));
#3848 = CARTESIAN_POINT('',(-14.95731438414,106.28741301922,30.));
#3849 = CARTESIAN_POINT('',(-14.98629199021,106.08048400492,30.));
#3850 = CARTESIAN_POINT('',(-15.,105.88005672423,30.));
#3851 = CARTESIAN_POINT('',(-15.,105.68741865998,30.));
#3852 = PCURVE('',#3792,#3853);
#3853 = DEFINITIONAL_REPRESENTATION('',(#3854),#3858);
#3854 = LINE('',#3855,#3856);
#3855 = CARTESIAN_POINT('',(0.,-30.));
#3856 = VECTOR('',#3857,1.);
#3857 = DIRECTION('',(1.,0.));
#3858 = ( GEOMETRIC_REPRESENTATION_CONTEXT(2) 
PARAMETRIC_REPRESENTATION_CONTEXT() REPRESENTATION_CONTEXT('2D SPACE',''
  ) );
#3859 = ORIENTED_EDGE('',*,*,#3860,.F.);
#3860 = EDGE_CURVE('',#3861,#3826,#3863,.T.);
#3861 = VERTEX_POINT('',#3862);
#3862 = CARTESIAN_POINT('',(-15.,105.68741851997,0.));
#3863 = SURFACE_CURVE('',#3864,(#3868),.PCURVE_S1.);
#3864 = LINE('',#3865,#3866);
#3865 = CARTESIAN_POINT('',(-15.,105.68741851997,0.));
#3866 = VECTOR('',#3867,1.);
#3867 = DIRECTION('',(0.,0.,1.));
#3868 = PCURVE('',#3792,#3869);
#3869 = DEFINITIONAL_REPRESENTATION('',(#3870),#3874);
#3870 = LINE('',#3871,#3872);
#3871 = CARTESIAN_POINT('',(1.,0.));
#3872 = VECTOR('',#3873,1.);
#3873 = DIRECTION('',(0.,-1.));
#3874 = ( GEOMETRIC_REPRESENTATION_CONTEXT(2) 
PARAMETRIC_REPRESENTATION_CONTEXT() REPRESENTATION_CONTEXT('2D SPACE',''
  ) );
#3875 = ORIENTED_EDGE('',*,*,#3876,.F.);
#3876 = EDGE_CURVE('',#3782,#3861,#3877,.T.);
#3877 = SURFACE_CURVE('',#3878,(#3901),.PCURVE_S1.);
#3878 = B_SPLINE_CURVE_WITH_KNOTS('',6,(#3879,#3880,#3881,#3882,#3883,
    #3884,#3885,#3886,#3887,#3888,#3889,#3890,#3891,#3892,#3893,#3894,
    #3895,#3896,#3897,#3898,#3899,#3900),.UNSPECIFIED.,.F.,.F.,(7,5,5,5,
    7),(0.,0.249996249286,0.500000158506,0.750003950086,1.),
  .UNSPECIFIED.);
#3879 = CARTESIAN_POINT('',(-11.6865338751,109.37744249152,0.));
#3880 = CARTESIAN_POINT('',(-11.87923586692,109.3568530692,0.));
#3881 = CARTESIAN_POINT('',(-12.07826627144,109.32159673452,0.));
#3882 = CARTESIAN_POINT('',(-12.2821198145,109.27023700778,0.));
#3883 = CARTESIAN_POINT('',(-12.48874457577,109.20159644852,0.));
#3884 = CARTESIAN_POINT('',(-12.69551255155,109.11511100954,0.));
#3885 = CARTESIAN_POINT('',(-13.10369764927,108.90693830458,0.));
#3886 = CARTESIAN_POINT('',(-13.30511387214,108.78524942858,0.));
#3887 = CARTESIAN_POINT('',(-13.50103347748,108.646201095,0.));
#3888 = CARTESIAN_POINT('',(-13.68842123767,108.49082661764,0.));
#3889 = CARTESIAN_POINT('',(-13.86448035214,108.32108579602,0.));
#3890 = CARTESIAN_POINT('',(-14.18963120767,107.95781751086,0.));
#3891 = CARTESIAN_POINT('',(-14.33872225008,107.76429094776,0.));
#3892 = CARTESIAN_POINT('',(-14.47216873869,107.56134121485,0.));
#3893 = CARTESIAN_POINT('',(-14.58842841572,107.35198077732,0.));
#3894 = CARTESIAN_POINT('',(-14.6869012012,107.13929623478,0.));
#3895 = CARTESIAN_POINT('',(-14.84852923067,106.71280982663,0.));
#3896 = CARTESIAN_POINT('',(-14.91168623034,106.4990085522,0.));
#3897 = CARTESIAN_POINT('',(-14.95731438414,106.28741301922,0.));
#3898 = CARTESIAN_POINT('',(-14.98629199021,106.08048400492,0.));
#3899 = CARTESIAN_POINT('',(-15.,105.88005672423,0.));
#3900 = CARTESIAN_POINT('',(-15.,105.68741865998,0.));
#3901 = PCURVE('',#3792,#3902);
#3902 = DEFINITIONAL_REPRESENTATION('',(#3903),#3907);
#3903 = LINE('',#3904,#3905);
#3904 = CARTESIAN_POINT('',(0.,0.));
#3905 = VECTOR('',#3906,1.);
#3906 = DIRECTION('',(1.,0.));
#3907 = ( GEOMETRIC_REPRESENTATION_CONTEXT(2) 
PARAMETRIC_REPRESENTATION_CONTEXT() REPRESENTATION_CONTEXT('2D SPACE',''
  ) );
#3908 = ( GEOMETRIC_REPRESENTATION_CONTEXT(3) 
GLOBAL_UNCERTAINTY_ASSIGNED_CONTEXT((#3912)) 
GLOBAL_UNIT_ASSIGNED_CONTEXT((#3909,#3910,#3911)) REPRESENTATION_CONTEXT
('Context #1','3D Context with UNIT and UNCERTAINTY') );
#3909 = ( LENGTH_UNIT() NAMED_UNIT(*) SI_UNIT(.MILLI.,.METRE.) );
#3910 = ( NAMED_UNIT(*) PLANE_ANGLE_UNIT() SI_UNIT($,.RADIAN.) );
#3911 = ( NAMED_UNIT(*) SI_UNIT($,.STERADIAN.) SOLID_ANGLE_UNIT() );
#3912 = UNCERTAINTY_MEASURE_WITH_UNIT(LENGTH_MEASURE(1.E-04),#3909,
  'distance_accuracy_value','confusion accuracy');
#3913 = CONTEXT_DEPENDENT_SHAPE_REPRESENTATION(#3914,#3916);
#3914 = ( REPRESENTATION_RELATIONSHIP('','',#3774,#10) 
REPRESENTATION_RELATIONSHIP_WITH_TRANSFORMATION(#3915) 
SHAPE_REPRESENTATION_RELATIONSHIP() );
#3915 = ITEM_DEFINED_TRANSFORMATION('','',#11,#99);
#3916 = PRODUCT_DEFINITION_SHAPE('Placement','Placement of an item',
  #3917);
#3917 = NEXT_ASSEMBLY_USAGE_OCCURRENCE('22','','',#5,#3769,$);
#3918 = PRODUCT_RELATED_PRODUCT_CATEGORY('part',$,(#3771));
#3919 = SHAPE_DEFINITION_REPRESENTATION(#3920,#3926);
#3920 = PRODUCT_DEFINITION_SHAPE('','',#3921);
#3921 = PRODUCT_DEFINITION('design','',#3922,#3925);
#3922 = PRODUCT_DEFINITION_FORMATION('','',#3923);
#3923 = PRODUCT('Open CASCADE STEP translator 7.8 1.23',
  'Open CASCADE STEP translator 7.8 1.23','',(#3924));
#3924 = PRODUCT_CONTEXT('',#2,'mechanical');
#3925 = PRODUCT_DEFINITION_CONTEXT('part definition',#2,'design');
#3926 = MANIFOLD_SURFACE_SHAPE_REPRESENTATION('',(#11,#3927),#4001);
#3927 = SHELL_BASED_SURFACE_MODEL('',(#3928));
#3928 = OPEN_SHELL('',(#3929));
#3929 = ADVANCED_FACE('',(#3930),#3944,.T.);
#3930 = FACE_BOUND('',#3931,.T.);
#3931 = EDGE_LOOP('',(#3932,#3955,#3971,#3987));
#3932 = ORIENTED_EDGE('',*,*,#3933,.T.);
#3933 = EDGE_CURVE('',#3934,#3936,#3938,.T.);
#3934 = VERTEX_POINT('',#3935);
#3935 = CARTESIAN_POINT('',(-15.,-105.6874185199,0.));
#3936 = VERTEX_POINT('',#3937);
#3937 = CARTESIAN_POINT('',(-15.,-105.6874185199,30.));
#3938 = SURFACE_CURVE('',#3939,(#3943),.PCURVE_S1.);
#3939 = LINE('',#3940,#3941);
#3940 = CARTESIAN_POINT('',(-15.,-105.6874185199,0.));
#3941 = VECTOR('',#3942,1.);
#3942 = DIRECTION('',(0.,0.,1.));
#3943 = PCURVE('',#3944,#3949);
#3944 = PLANE('',#3945);
#3945 = AXIS2_PLACEMENT_3D('',#3946,#3947,#3948);
#3946 = CARTESIAN_POINT('',(-15.,-105.6874186599,0.));
#3947 = DIRECTION('',(-1.,0.,0.));
#3948 = DIRECTION('',(0.,1.,0.));
#3949 = DEFINITIONAL_REPRESENTATION('',(#3950),#3954);
#3950 = LINE('',#3951,#3952);
#3951 = CARTESIAN_POINT('',(1.400093481152E-07,0.));
#3952 = VECTOR('',#3953,1.);
#3953 = DIRECTION('',(0.,-1.));
#3954 = ( GEOMETRIC_REPRESENTATION_CONTEXT(2) 
PARAMETRIC_REPRESENTATION_CONTEXT() REPRESENTATION_CONTEXT('2D SPACE',''
  ) );
#3955 = ORIENTED_EDGE('',*,*,#3956,.T.);
#3956 = EDGE_CURVE('',#3936,#3957,#3959,.T.);
#3957 = VERTEX_POINT('',#3958);
#3958 = CARTESIAN_POINT('',(-15.,105.68741851997,30.));
#3959 = SURFACE_CURVE('',#3960,(#3964),.PCURVE_S1.);
#3960 = LINE('',#3961,#3962);
#3961 = CARTESIAN_POINT('',(-15.,-244.,30.));
#3962 = VECTOR('',#3963,1.);
#3963 = DIRECTION('',(0.,1.,0.));
#3964 = PCURVE('',#3944,#3965);
#3965 = DEFINITIONAL_REPRESENTATION('',(#3966),#3970);
#3966 = LINE('',#3967,#3968);
#3967 = CARTESIAN_POINT('',(-138.31258134,-30.));
#3968 = VECTOR('',#3969,1.);
#3969 = DIRECTION('',(1.,0.));
#3970 = ( GEOMETRIC_REPRESENTATION_CONTEXT(2) 
PARAMETRIC_REPRESENTATION_CONTEXT() REPRESENTATION_CONTEXT('2D SPACE',''
  ) );
#3971 = ORIENTED_EDGE('',*,*,#3972,.F.);
#3972 = EDGE_CURVE('',#3973,#3957,#3975,.T.);
#3973 = VERTEX_POINT('',#3974);
#3974 = CARTESIAN_POINT('',(-15.,105.68741851997,0.));
#3975 = SURFACE_CURVE('',#3976,(#3980),.PCURVE_S1.);
#3976 = LINE('',#3977,#3978);
#3977 = CARTESIAN_POINT('',(-15.,105.68741851997,0.));
#3978 = VECTOR('',#3979,1.);
#3979 = DIRECTION('',(0.,0.,1.));
#3980 = PCURVE('',#3944,#3981);
#3981 = DEFINITIONAL_REPRESENTATION('',(#3982),#3986);
#3982 = LINE('',#3983,#3984);
#3983 = CARTESIAN_POINT('',(211.37483717995,0.));
#3984 = VECTOR('',#3985,1.);
#3985 = DIRECTION('',(0.,-1.));
#3986 = ( GEOMETRIC_REPRESENTATION_CONTEXT(2) 
PARAMETRIC_REPRESENTATION_CONTEXT() REPRESENTATION_CONTEXT('2D SPACE',''
  ) );
#3987 = ORIENTED_EDGE('',*,*,#3988,.F.);
#3988 = EDGE_CURVE('',#3934,#3973,#3989,.T.);
#3989 = SURFACE_CURVE('',#3990,(#3994),.PCURVE_S1.);
#3990 = LINE('',#3991,#3992);
#3991 = CARTESIAN_POINT('',(-15.,-244.,0.));
#3992 = VECTOR('',#3993,1.);
#3993 = DIRECTION('',(0.,1.,0.));
#3994 = PCURVE('',#3944,#3995);
#3995 = DEFINITIONAL_REPRESENTATION('',(#3996),#4000);
#3996 = LINE('',#3997,#3998);
#3997 = CARTESIAN_POINT('',(-138.31258134,0.));
#3998 = VECTOR('',#3999,1.);
#3999 = DIRECTION('',(1.,0.));
#4000 = ( GEOMETRIC_REPRESENTATION_CONTEXT(2) 
PARAMETRIC_REPRESENTATION_CONTEXT() REPRESENTATION_CONTEXT('2D SPACE',''
  ) );
#4001 = ( GEOMETRIC_REPRESENTATION_CONTEXT(3) 
GLOBAL_UNCERTAINTY_ASSIGNED_CONTEXT((#4005)) 
GLOBAL_UNIT_ASSIGNED_CONTEXT((#4002,#4003,#4004)) REPRESENTATION_CONTEXT
('Context #1','3D Context with UNIT and UNCERTAINTY') );
#4002 = ( LENGTH_UNIT() NAMED_UNIT(*) SI_UNIT(.MILLI.,.METRE.) );
#4003 = ( NAMED_UNIT(*) PLANE_ANGLE_UNIT() SI_UNIT($,.RADIAN.) );
#4004 = ( NAMED_UNIT(*) SI_UNIT($,.STERADIAN.) SOLID_ANGLE_UNIT() );
#4005 = UNCERTAINTY_MEASURE_WITH_UNIT(LENGTH_MEASURE(1.E-04),#4002,
  'distance_accuracy_value','confusion accuracy');
#4006 = CONTEXT_DEPENDENT_SHAPE_REPRESENTATION(#4007,#4009);
#4007 = ( REPRESENTATION_RELATIONSHIP('','',#3926,#10) 
REPRESENTATION_RELATIONSHIP_WITH_TRANSFORMATION(#4008) 
SHAPE_REPRESENTATION_RELATIONSHIP() );
#4008 = ITEM_DEFINED_TRANSFORMATION('','',#11,#103);
#4009 = PRODUCT_DEFINITION_SHAPE('Placement','Placement of an item',
  #4010);
#4010 = NEXT_ASSEMBLY_USAGE_OCCURRENCE('23','','',#5,#3921,$);
#4011 = PRODUCT_RELATED_PRODUCT_CATEGORY('part',$,(#3923));
#4012 = SHAPE_DEFINITION_REPRESENTATION(#4013,#4019);
#4013 = PRODUCT_DEFINITION_SHAPE('','',#4014);
#4014 = PRODUCT_DEFINITION('design','',#4015,#4018);
#4015 = PRODUCT_DEFINITION_FORMATION('','',#4016);
#4016 = PRODUCT('Open CASCADE STEP translator 7.8 1.24',
  'Open CASCADE STEP translator 7.8 1.24','',(#4017));
#4017 = PRODUCT_CONTEXT('',#2,'mechanical');
#4018 = PRODUCT_DEFINITION_CONTEXT('part definition',#2,'design');
#4019 = MANIFOLD_SURFACE_SHAPE_REPRESENTATION('',(#11,#4020),#4312);
#4020 = SHELL_BASED_SURFACE_MODEL('',(#4021));
#4021 = OPEN_SHELL('',(#4022));
#4022 = ADVANCED_FACE('',(#4023),#4037,.T.);
#4023 = FACE_BOUND('',#4024,.T.);
#4024 = EDGE_LOOP('',(#4025,#4048,#4102,#4119,#4173,#4189,#4243,#4260));
#4025 = ORIENTED_EDGE('',*,*,#4026,.T.);
#4026 = EDGE_CURVE('',#4027,#4029,#4031,.T.);
#4027 = VERTEX_POINT('',#4028);
#4028 = CARTESIAN_POINT('',(15.,-105.6874185199,0.));
#4029 = VERTEX_POINT('',#4030);
#4030 = CARTESIAN_POINT('',(15.,105.68741851997,0.));
#4031 = SURFACE_CURVE('',#4032,(#4036),.PCURVE_S1.);
#4032 = LINE('',#4033,#4034);
#4033 = CARTESIAN_POINT('',(15.,-244.,0.));
#4034 = VECTOR('',#4035,1.);
#4035 = DIRECTION('',(0.,1.,0.));
#4036 = PCURVE('',#4037,#4042);
#4037 = PLANE('',#4038);
#4038 = AXIS2_PLACEMENT_3D('',#4039,#4040,#4041);
#4039 = CARTESIAN_POINT('',(0.,0.,0.));
#4040 = DIRECTION('',(0.,0.,1.));
#4041 = DIRECTION('',(1.,0.,-0.));
#4042 = DEFINITIONAL_REPRESENTATION('',(#4043),#4047);
#4043 = LINE('',#4044,#4045);
#4044 = CARTESIAN_POINT('',(15.,-244.));
#4045 = VECTOR('',#4046,1.);
#4046 = DIRECTION('',(0.,1.));
#4047 = ( GEOMETRIC_REPRESENTATION_CONTEXT(2) 
PARAMETRIC_REPRESENTATION_CONTEXT() REPRESENTATION_CONTEXT('2D SPACE',''
  ) );
#4048 = ORIENTED_EDGE('',*,*,#4049,.F.);
#4049 = EDGE_CURVE('',#4050,#4029,#4052,.T.);
#4050 = VERTEX_POINT('',#4051);
#4051 = CARTESIAN_POINT('',(11.686533875108,109.37744249152,0.));
#4052 = SURFACE_CURVE('',#4053,(#4076),.PCURVE_S1.);
#4053 = B_SPLINE_CURVE_WITH_KNOTS('',6,(#4054,#4055,#4056,#4057,#4058,
    #4059,#4060,#4061,#4062,#4063,#4064,#4065,#4066,#4067,#4068,#4069,
    #4070,#4071,#4072,#4073,#4074,#4075),.UNSPECIFIED.,.F.,.F.,(7,5,5,5,
    7),(0.,0.249985035126,0.500000631737,0.750015759454,1.),
  .UNSPECIFIED.);
#4054 = CARTESIAN_POINT('',(11.686533875108,109.37744249152,0.));
#4055 = CARTESIAN_POINT('',(11.87924699387,109.35685188033,0.));
#4056 = CARTESIAN_POINT('',(12.078284948411,109.32159312503,0.));
#4057 = CARTESIAN_POINT('',(12.282141356677,109.2702307478,0.));
#4058 = CARTESIAN_POINT('',(12.488763556797,109.20158888601,0.));
#4059 = CARTESIAN_POINT('',(12.695523962093,109.11510519306,0.));
#4060 = CARTESIAN_POINT('',(13.103705008105,108.90693454877,0.));
#4061 = CARTESIAN_POINT('',(13.305124332767,108.78524272964,0.));
#4062 = CARTESIAN_POINT('',(13.501043218123,108.64619329984,0.));
#4063 = CARTESIAN_POINT('',(13.688427911558,108.49082017951,0.));
#4064 = CARTESIAN_POINT('',(13.864483446735,108.3210823452,0.));
#4065 = CARTESIAN_POINT('',(14.189627979484,107.95782111095,0.));
#4066 = CARTESIAN_POINT('',(14.338716358679,107.76429859729,0.));
#4067 = CARTESIAN_POINT('',(14.472161873073,107.56135209121,0.));
#4068 = CARTESIAN_POINT('',(14.588422800277,107.3519921465,0.));
#4069 = CARTESIAN_POINT('',(14.686898244871,107.13930404307,0.));
#4070 = CARTESIAN_POINT('',(14.848524735818,106.71282167973,0.));
#4071 = CARTESIAN_POINT('',(14.9116808308,106.49902804168,0.));
#4072 = CARTESIAN_POINT('',(14.957310532064,106.28743485211,0.));
#4073 = CARTESIAN_POINT('',(14.986290419749,106.08050272173,0.));
#4074 = CARTESIAN_POINT('',(15.,105.88006776949,0.));
#4075 = CARTESIAN_POINT('',(15.,105.68741865998,0.));
#4076 = PCURVE('',#4037,#4077);
#4077 = DEFINITIONAL_REPRESENTATION('',(#4078),#4101);
#4078 = B_SPLINE_CURVE_WITH_KNOTS('',6,(#4079,#4080,#4081,#4082,#4083,
    #4084,#4085,#4086,#4087,#4088,#4089,#4090,#4091,#4092,#4093,#4094,
    #4095,#4096,#4097,#4098,#4099,#4100),.UNSPECIFIED.,.F.,.F.,(7,5,5,5,
    7),(0.,0.249985035126,0.500000631737,0.750015759454,1.),
  .UNSPECIFIED.);
#4079 = CARTESIAN_POINT('',(11.686533875108,109.37744249152));
#4080 = CARTESIAN_POINT('',(11.87924699387,109.35685188033));
#4081 = CARTESIAN_POINT('',(12.078284948411,109.32159312503));
#4082 = CARTESIAN_POINT('',(12.282141356677,109.2702307478));
#4083 = CARTESIAN_POINT('',(12.488763556797,109.20158888601));
#4084 = CARTESIAN_POINT('',(12.695523962093,109.11510519306));
#4085 = CARTESIAN_POINT('',(13.103705008105,108.90693454877));
#4086 = CARTESIAN_POINT('',(13.305124332767,108.78524272964));
#4087 = CARTESIAN_POINT('',(13.501043218123,108.64619329984));
#4088 = CARTESIAN_POINT('',(13.688427911558,108.49082017951));
#4089 = CARTESIAN_POINT('',(13.864483446735,108.3210823452));
#4090 = CARTESIAN_POINT('',(14.189627979484,107.95782111095));
#4091 = CARTESIAN_POINT('',(14.338716358679,107.76429859729));
#4092 = CARTESIAN_POINT('',(14.472161873073,107.56135209121));
#4093 = CARTESIAN_POINT('',(14.588422800277,107.3519921465));
#4094 = CARTESIAN_POINT('',(14.686898244871,107.13930404307));
#4095 = CARTESIAN_POINT('',(14.848524735818,106.71282167973));
#4096 = CARTESIAN_POINT('',(14.9116808308,106.49902804168));
#4097 = CARTESIAN_POINT('',(14.957310532064,106.28743485211));
#4098 = CARTESIAN_POINT('',(14.986290419749,106.08050272173));
#4099 = CARTESIAN_POINT('',(15.,105.88006776949));
#4100 = CARTESIAN_POINT('',(15.,105.68741865998));
#4101 = ( GEOMETRIC_REPRESENTATION_CONTEXT(2) 
PARAMETRIC_REPRESENTATION_CONTEXT() REPRESENTATION_CONTEXT('2D SPACE',''
  ) );
#4102 = ORIENTED_EDGE('',*,*,#4103,.T.);
#4103 = EDGE_CURVE('',#4050,#4104,#4106,.T.);
#4104 = VERTEX_POINT('',#4105);
#4105 = CARTESIAN_POINT('',(-11.6865338751,109.37744249152,0.));
#4106 = SURFACE_CURVE('',#4107,(#4112),.PCURVE_S1.);
#4107 = CIRCLE('',#4108,110.);
#4108 = AXIS2_PLACEMENT_3D('',#4109,#4110,#4111);
#4109 = CARTESIAN_POINT('',(0.,0.,0.));
#4110 = DIRECTION('',(0.,0.,1.));
#4111 = DIRECTION('',(1.,0.,-0.));
#4112 = PCURVE('',#4037,#4113);
#4113 = DEFINITIONAL_REPRESENTATION('',(#4114),#4118);
#4114 = CIRCLE('',#4115,110.);
#4115 = AXIS2_PLACEMENT_2D('',#4116,#4117);
#4116 = CARTESIAN_POINT('',(0.,0.));
#4117 = DIRECTION('',(1.,0.));
#4118 = ( GEOMETRIC_REPRESENTATION_CONTEXT(2) 
PARAMETRIC_REPRESENTATION_CONTEXT() REPRESENTATION_CONTEXT('2D SPACE',''
  ) );
#4119 = ORIENTED_EDGE('',*,*,#4120,.T.);
#4120 = EDGE_CURVE('',#4104,#4121,#4123,.T.);
#4121 = VERTEX_POINT('',#4122);
#4122 = CARTESIAN_POINT('',(-15.,105.68741851997,0.));
#4123 = SURFACE_CURVE('',#4124,(#4147),.PCURVE_S1.);
#4124 = B_SPLINE_CURVE_WITH_KNOTS('',6,(#4125,#4126,#4127,#4128,#4129,
    #4130,#4131,#4132,#4133,#4134,#4135,#4136,#4137,#4138,#4139,#4140,
    #4141,#4142,#4143,#4144,#4145,#4146),.UNSPECIFIED.,.F.,.F.,(7,5,5,5,
    7),(0.,0.249996249286,0.500000158506,0.750003950086,1.),
  .UNSPECIFIED.);
#4125 = CARTESIAN_POINT('',(-11.6865338751,109.37744249152,0.));
#4126 = CARTESIAN_POINT('',(-11.87923586692,109.3568530692,0.));
#4127 = CARTESIAN_POINT('',(-12.07826627144,109.32159673452,0.));
#4128 = CARTESIAN_POINT('',(-12.2821198145,109.27023700778,0.));
#4129 = CARTESIAN_POINT('',(-12.48874457577,109.20159644852,0.));
#4130 = CARTESIAN_POINT('',(-12.69551255155,109.11511100954,0.));
#4131 = CARTESIAN_POINT('',(-13.10369764927,108.90693830458,0.));
#4132 = CARTESIAN_POINT('',(-13.30511387214,108.78524942858,0.));
#4133 = CARTESIAN_POINT('',(-13.50103347748,108.646201095,0.));
#4134 = CARTESIAN_POINT('',(-13.68842123767,108.49082661764,0.));
#4135 = CARTESIAN_POINT('',(-13.86448035214,108.32108579602,0.));
#4136 = CARTESIAN_POINT('',(-14.18963120767,107.95781751086,0.));
#4137 = CARTESIAN_POINT('',(-14.33872225008,107.76429094776,0.));
#4138 = CARTESIAN_POINT('',(-14.47216873869,107.56134121485,0.));
#4139 = CARTESIAN_POINT('',(-14.58842841572,107.35198077732,0.));
#4140 = CARTESIAN_POINT('',(-14.6869012012,107.13929623478,0.));
#4141 = CARTESIAN_POINT('',(-14.84852923067,106.71280982663,0.));
#4142 = CARTESIAN_POINT('',(-14.91168623034,106.4990085522,0.));
#4143 = CARTESIAN_POINT('',(-14.95731438414,106.28741301922,0.));
#4144 = CARTESIAN_POINT('',(-14.98629199021,106.08048400492,0.));
#4145 = CARTESIAN_POINT('',(-15.,105.88005672423,0.));
#4146 = CARTESIAN_POINT('',(-15.,105.68741865998,0.));
#4147 = PCURVE('',#4037,#4148);
#4148 = DEFINITIONAL_REPRESENTATION('',(#4149),#4172);
#4149 = B_SPLINE_CURVE_WITH_KNOTS('',6,(#4150,#4151,#4152,#4153,#4154,
    #4155,#4156,#4157,#4158,#4159,#4160,#4161,#4162,#4163,#4164,#4165,
    #4166,#4167,#4168,#4169,#4170,#4171),.UNSPECIFIED.,.F.,.F.,(7,5,5,5,
    7),(0.,0.249996249286,0.500000158506,0.750003950086,1.),
  .UNSPECIFIED.);
#4150 = CARTESIAN_POINT('',(-11.6865338751,109.37744249152));
#4151 = CARTESIAN_POINT('',(-11.87923586692,109.3568530692));
#4152 = CARTESIAN_POINT('',(-12.07826627144,109.32159673452));
#4153 = CARTESIAN_POINT('',(-12.2821198145,109.27023700778));
#4154 = CARTESIAN_POINT('',(-12.48874457577,109.20159644852));
#4155 = CARTESIAN_POINT('',(-12.69551255155,109.11511100954));
#4156 = CARTESIAN_POINT('',(-13.10369764927,108.90693830458));
#4157 = CARTESIAN_POINT('',(-13.30511387214,108.78524942858));
#4158 = CARTESIAN_POINT('',(-13.50103347748,108.646201095));
#4159 = CARTESIAN_POINT('',(-13.68842123767,108.49082661764));
#4160 = CARTESIAN_POINT('',(-13.86448035214,108.32108579602));
#4161 = CARTESIAN_POINT('',(-14.18963120767,107.95781751086));
#4162 = CARTESIAN_POINT('',(-14.33872225008,107.76429094776));
#4163 = CARTESIAN_POINT('',(-14.47216873869,107.56134121485));
#4164 = CARTESIAN_POINT('',(-14.58842841572,107.35198077732));
#4165 = CARTESIAN_POINT('',(-14.6869012012,107.13929623478));
#4166 = CARTESIAN_POINT('',(-14.84852923067,106.71280982663));
#4167 = CARTESIAN_POINT('',(-14.91168623034,106.4990085522));
#4168 = CARTESIAN_POINT('',(-14.95731438414,106.28741301922));
#4169 = CARTESIAN_POINT('',(-14.98629199021,106.08048400492));
#4170 = CARTESIAN_POINT('',(-15.,105.88005672423));
#4171 = CARTESIAN_POINT('',(-15.,105.68741865998));
#4172 = ( GEOMETRIC_REPRESENTATION_CONTEXT(2) 
PARAMETRIC_REPRESENTATION_CONTEXT() REPRESENTATION_CONTEXT('2D SPACE',''
  ) );
#4173 = ORIENTED_EDGE('',*,*,#4174,.F.);
#4174 = EDGE_CURVE('',#4175,#4121,#4177,.T.);
#4175 = VERTEX_POINT('',#4176);
#4176 = CARTESIAN_POINT('',(-15.,-105.6874185199,0.));
#4177 = SURFACE_CURVE('',#4178,(#4182),.PCURVE_S1.);
#4178 = LINE('',#4179,#4180);
#4179 = CARTESIAN_POINT('',(-15.,-244.,0.));
#4180 = VECTOR('',#4181,1.);
#4181 = DIRECTION('',(0.,1.,0.));
#4182 = PCURVE('',#4037,#4183);
#4183 = DEFINITIONAL_REPRESENTATION('',(#4184),#4188);
#4184 = LINE('',#4185,#4186);
#4185 = CARTESIAN_POINT('',(-15.,-244.));
#4186 = VECTOR('',#4187,1.);
#4187 = DIRECTION('',(0.,1.));
#4188 = ( GEOMETRIC_REPRESENTATION_CONTEXT(2) 
PARAMETRIC_REPRESENTATION_CONTEXT() REPRESENTATION_CONTEXT('2D SPACE',''
  ) );
#4189 = ORIENTED_EDGE('',*,*,#4190,.F.);
#4190 = EDGE_CURVE('',#4191,#4175,#4193,.T.);
#4191 = VERTEX_POINT('',#4192);
#4192 = CARTESIAN_POINT('',(-11.6865338751,-109.3774424915,0.));
#4193 = SURFACE_CURVE('',#4194,(#4217),.PCURVE_S1.);
#4194 = B_SPLINE_CURVE_WITH_KNOTS('',6,(#4195,#4196,#4197,#4198,#4199,
    #4200,#4201,#4202,#4203,#4204,#4205,#4206,#4207,#4208,#4209,#4210,
    #4211,#4212,#4213,#4214,#4215,#4216),.UNSPECIFIED.,.F.,.F.,(7,5,5,5,
    7),(0.,0.249996249286,0.500000158506,0.750003950085,1.),
  .UNSPECIFIED.);
#4195 = CARTESIAN_POINT('',(-11.6865338751,-109.3774424915,0.));
#4196 = CARTESIAN_POINT('',(-11.87923586692,-109.3568530692,0.));
#4197 = CARTESIAN_POINT('',(-12.07826627144,-109.3215967345,0.));
#4198 = CARTESIAN_POINT('',(-12.2821198145,-109.2702370077,0.));
#4199 = CARTESIAN_POINT('',(-12.48874457577,-109.2015964485,0.));
#4200 = CARTESIAN_POINT('',(-12.69551255155,-109.1151110095,0.));
#4201 = CARTESIAN_POINT('',(-13.10369764927,-108.9069383045,0.));
#4202 = CARTESIAN_POINT('',(-13.30511387214,-108.7852494285,0.));
#4203 = CARTESIAN_POINT('',(-13.50103347748,-108.646201095,0.));
#4204 = CARTESIAN_POINT('',(-13.68842123767,-108.4908266176,0.));
#4205 = CARTESIAN_POINT('',(-13.86448035214,-108.321085796,0.));
#4206 = CARTESIAN_POINT('',(-14.18963120767,-107.9578175108,0.));
#4207 = CARTESIAN_POINT('',(-14.33872225008,-107.7642909477,0.));
#4208 = CARTESIAN_POINT('',(-14.47216873869,-107.5613412148,0.));
#4209 = CARTESIAN_POINT('',(-14.58842841572,-107.3519807773,0.));
#4210 = CARTESIAN_POINT('',(-14.6869012012,-107.1392962347,0.));
#4211 = CARTESIAN_POINT('',(-14.84852923067,-106.7128098266,0.));
#4212 = CARTESIAN_POINT('',(-14.91168623034,-106.4990085522,0.));
#4213 = CARTESIAN_POINT('',(-14.95731438414,-106.2874130192,0.));
#4214 = CARTESIAN_POINT('',(-14.98629199021,-106.0804840049,0.));
#4215 = CARTESIAN_POINT('',(-15.,-105.8800567242,0.));
#4216 = CARTESIAN_POINT('',(-15.,-105.6874186599,0.));
#4217 = PCURVE('',#4037,#4218);
#4218 = DEFINITIONAL_REPRESENTATION('',(#4219),#4242);
#4219 = B_SPLINE_CURVE_WITH_KNOTS('',6,(#4220,#4221,#4222,#4223,#4224,
    #4225,#4226,#4227,#4228,#4229,#4230,#4231,#4232,#4233,#4234,#4235,
    #4236,#4237,#4238,#4239,#4240,#4241),.UNSPECIFIED.,.F.,.F.,(7,5,5,5,
    7),(0.,0.249996249286,0.500000158506,0.750003950085,1.),
  .UNSPECIFIED.);
#4220 = CARTESIAN_POINT('',(-11.6865338751,-109.3774424915));
#4221 = CARTESIAN_POINT('',(-11.87923586692,-109.3568530692));
#4222 = CARTESIAN_POINT('',(-12.07826627144,-109.3215967345));
#4223 = CARTESIAN_POINT('',(-12.2821198145,-109.2702370077));
#4224 = CARTESIAN_POINT('',(-12.48874457577,-109.2015964485));
#4225 = CARTESIAN_POINT('',(-12.69551255155,-109.1151110095));
#4226 = CARTESIAN_POINT('',(-13.10369764927,-108.9069383045));
#4227 = CARTESIAN_POINT('',(-13.30511387214,-108.7852494285));
#4228 = CARTESIAN_POINT('',(-13.50103347748,-108.646201095));
#4229 = CARTESIAN_POINT('',(-13.68842123767,-108.4908266176));
#4230 = CARTESIAN_POINT('',(-13.86448035214,-108.321085796));
#4231 = CARTESIAN_POINT('',(-14.18963120767,-107.9578175108));
#4232 = CARTESIAN_POINT('',(-14.33872225008,-107.7642909477));
#4233 = CARTESIAN_POINT('',(-14.47216873869,-107.5613412148));
#4234 = CARTESIAN_POINT('',(-14.58842841572,-107.3519807773));
#4235 = CARTESIAN_POINT('',(-14.6869012012,-107.1392962347));
#4236 = CARTESIAN_POINT('',(-14.84852923067,-106.7128098266));
#4237 = CARTESIAN_POINT('',(-14.91168623034,-106.4990085522));
#4238 = CARTESIAN_POINT('',(-14.95731438414,-106.2874130192));
#4239 = CARTESIAN_POINT('',(-14.98629199021,-106.0804840049));
#4240 = CARTESIAN_POINT('',(-15.,-105.8800567242));
#4241 = CARTESIAN_POINT('',(-15.,-105.6874186599));
#4242 = ( GEOMETRIC_REPRESENTATION_CONTEXT(2) 
PARAMETRIC_REPRESENTATION_CONTEXT() REPRESENTATION_CONTEXT('2D SPACE',''
  ) );
#4243 = ORIENTED_EDGE('',*,*,#4244,.T.);
#4244 = EDGE_CURVE('',#4191,#4245,#4247,.T.);
#4245 = VERTEX_POINT('',#4246);
#4246 = CARTESIAN_POINT('',(11.686533875108,-109.3774424915,0.));
#4247 = SURFACE_CURVE('',#4248,(#4253),.PCURVE_S1.);
#4248 = CIRCLE('',#4249,110.);
#4249 = AXIS2_PLACEMENT_3D('',#4250,#4251,#4252);
#4250 = CARTESIAN_POINT('',(0.,0.,0.));
#4251 = DIRECTION('',(0.,0.,1.));
#4252 = DIRECTION('',(1.,0.,-0.));
#4253 = PCURVE('',#4037,#4254);
#4254 = DEFINITIONAL_REPRESENTATION('',(#4255),#4259);
#4255 = CIRCLE('',#4256,110.);
#4256 = AXIS2_PLACEMENT_2D('',#4257,#4258);
#4257 = CARTESIAN_POINT('',(0.,0.));
#4258 = DIRECTION('',(1.,0.));
#4259 = ( GEOMETRIC_REPRESENTATION_CONTEXT(2) 
PARAMETRIC_REPRESENTATION_CONTEXT() REPRESENTATION_CONTEXT('2D SPACE',''
  ) );
#4260 = ORIENTED_EDGE('',*,*,#4261,.T.);
#4261 = EDGE_CURVE('',#4245,#4027,#4262,.T.);
#4262 = SURFACE_CURVE('',#4263,(#4286),.PCURVE_S1.);
#4263 = B_SPLINE_CURVE_WITH_KNOTS('',6,(#4264,#4265,#4266,#4267,#4268,
    #4269,#4270,#4271,#4272,#4273,#4274,#4275,#4276,#4277,#4278,#4279,
    #4280,#4281,#4282,#4283,#4284,#4285),.UNSPECIFIED.,.F.,.F.,(7,5,5,5,
    7),(0.,0.249985035126,0.500000631737,0.750015759454,1.),
  .UNSPECIFIED.);
#4264 = CARTESIAN_POINT('',(11.686533875108,-109.3774424915,0.));
#4265 = CARTESIAN_POINT('',(11.87924699387,-109.3568518803,0.));
#4266 = CARTESIAN_POINT('',(12.078284948411,-109.321593125,0.));
#4267 = CARTESIAN_POINT('',(12.282141356677,-109.2702307478,0.));
#4268 = CARTESIAN_POINT('',(12.488763556797,-109.201588886,0.));
#4269 = CARTESIAN_POINT('',(12.695523962093,-109.115105193,0.));
#4270 = CARTESIAN_POINT('',(13.103705008105,-108.9069345487,0.));
#4271 = CARTESIAN_POINT('',(13.305124332767,-108.7852427296,0.));
#4272 = CARTESIAN_POINT('',(13.501043218123,-108.6461932998,0.));
#4273 = CARTESIAN_POINT('',(13.688427911558,-108.4908201795,0.));
#4274 = CARTESIAN_POINT('',(13.864483446735,-108.3210823452,0.));
#4275 = CARTESIAN_POINT('',(14.189627979484,-107.9578211109,0.));
#4276 = CARTESIAN_POINT('',(14.338716358678,-107.7642985972,0.));
#4277 = CARTESIAN_POINT('',(14.472161873074,-107.5613520912,0.));
#4278 = CARTESIAN_POINT('',(14.588422800277,-107.3519921465,0.));
#4279 = CARTESIAN_POINT('',(14.686898244871,-107.139304043,0.));
#4280 = CARTESIAN_POINT('',(14.848524735818,-106.7128216797,0.));
#4281 = CARTESIAN_POINT('',(14.9116808308,-106.4990280416,0.));
#4282 = CARTESIAN_POINT('',(14.957310532064,-106.2874348521,0.));
#4283 = CARTESIAN_POINT('',(14.986290419749,-106.0805027217,0.));
#4284 = CARTESIAN_POINT('',(15.,-105.8800677694,0.));
#4285 = CARTESIAN_POINT('',(15.,-105.6874186599,0.));
#4286 = PCURVE('',#4037,#4287);
#4287 = DEFINITIONAL_REPRESENTATION('',(#4288),#4311);
#4288 = B_SPLINE_CURVE_WITH_KNOTS('',6,(#4289,#4290,#4291,#4292,#4293,
    #4294,#4295,#4296,#4297,#4298,#4299,#4300,#4301,#4302,#4303,#4304,
    #4305,#4306,#4307,#4308,#4309,#4310),.UNSPECIFIED.,.F.,.F.,(7,5,5,5,
    7),(0.,0.249985035126,0.500000631737,0.750015759454,1.),
  .UNSPECIFIED.);
#4289 = CARTESIAN_POINT('',(11.686533875108,-109.3774424915));
#4290 = CARTESIAN_POINT('',(11.87924699387,-109.3568518803));
#4291 = CARTESIAN_POINT('',(12.078284948411,-109.321593125));
#4292 = CARTESIAN_POINT('',(12.282141356677,-109.2702307478));
#4293 = CARTESIAN_POINT('',(12.488763556797,-109.201588886));
#4294 = CARTESIAN_POINT('',(12.695523962093,-109.115105193));
#4295 = CARTESIAN_POINT('',(13.103705008105,-108.9069345487));
#4296 = CARTESIAN_POINT('',(13.305124332767,-108.7852427296));
#4297 = CARTESIAN_POINT('',(13.501043218123,-108.6461932998));
#4298 = CARTESIAN_POINT('',(13.688427911558,-108.4908201795));
#4299 = CARTESIAN_POINT('',(13.864483446735,-108.3210823452));
#4300 = CARTESIAN_POINT('',(14.189627979484,-107.9578211109));
#4301 = CARTESIAN_POINT('',(14.338716358678,-107.7642985972));
#4302 = CARTESIAN_POINT('',(14.472161873074,-107.5613520912));
#4303 = CARTESIAN_POINT('',(14.588422800277,-107.3519921465));
#4304 = CARTESIAN_POINT('',(14.686898244871,-107.139304043));
#4305 = CARTESIAN_POINT('',(14.848524735818,-106.7128216797));
#4306 = CARTESIAN_POINT('',(14.9116808308,-106.4990280416));
#4307 = CARTESIAN_POINT('',(14.957310532064,-106.2874348521));
#4308 = CARTESIAN_POINT('',(14.986290419749,-106.0805027217));
#4309 = CARTESIAN_POINT('',(15.,-105.8800677694));
#4310 = CARTESIAN_POINT('',(15.,-105.6874186599));
#4311 = ( GEOMETRIC_REPRESENTATION_CONTEXT(2) 
PARAMETRIC_REPRESENTATION_CONTEXT() REPRESENTATION_CONTEXT('2D SPACE',''
  ) );
#4312 = ( GEOMETRIC_REPRESENTATION_CONTEXT(3) 
GLOBAL_UNCERTAINTY_ASSIGNED_CONTEXT((#4316)) 
GLOBAL_UNIT_ASSIGNED_CONTEXT((#4313,#4314,#4315)) REPRESENTATION_CONTEXT
('Context #1','3D Context with UNIT and UNCERTAINTY') );
#4313 = ( LENGTH_UNIT() NAMED_UNIT(*) SI_UNIT(.MILLI.,.METRE.) );
#4314 = ( NAMED_UNIT(*) PLANE_ANGLE_UNIT() SI_UNIT($,.RADIAN.) );
#4315 = ( NAMED_UNIT(*) SI_UNIT($,.STERADIAN.) SOLID_ANGLE_UNIT() );
#4316 = UNCERTAINTY_MEASURE_WITH_UNIT(LENGTH_MEASURE(5.E-05),#4313,
  'distance_accuracy_value','confusion accuracy');
#4317 = CONTEXT_DEPENDENT_SHAPE_REPRESENTATION(#4318,#4320);
#4318 = ( REPRESENTATION_RELATIONSHIP('','',#4019,#10) 
REPRESENTATION_RELATIONSHIP_WITH_TRANSFORMATION(#4319) 
SHAPE_REPRESENTATION_RELATIONSHIP() );
#4319 = ITEM_DEFINED_TRANSFORMATION('','',#11,#107);
#4320 = PRODUCT_DEFINITION_SHAPE('Placement','Placement of an item',
  #4321);
#4321 = NEXT_ASSEMBLY_USAGE_OCCURRENCE('24','','',#5,#4014,$);
#4322 = PRODUCT_RELATED_PRODUCT_CATEGORY('part',$,(#4016));
ENDSEC;
END-ISO-10303-21;
