ISO-10303-21;
HEADER;
FILE_NAME('Open CASCADE Shape Model','2026-09-03T18:08:31',('Author'),(
    'Open CASCADE'),'Open CASCADE STEP processor 7.8','Open CASCADE 7.8'
  ,'Unknown');
FILE_DESCRIPTION(('Open CASCADE Model'),'2;1');
FILE_SCHEMA(('AUTOMOTIVE_DESIGN { 1 0 10303 214 1 1 1 1 }'));
ENDSEC;
DATA;
#1 = APPLICATION_PROTOCOL_DEFINITION('international standard',
  'automotive_design',2000,#2);
#2 = APPLICATION_CONTEXT(
  'core data for automotive mechanical design processes');
#3 = SHAPE_DEFINITION_REPRESENTATION(#4,#10);
#4 = PRODUCT_DEFINITION_SHAPE('','',#5);
#5 = PRODUCT_DEFINITION('design','',#6,#9);
#6 = PRODUCT_DEFINITION_FORMATION('','',#7);
#7 = PRODUCT('Open CASCADE STEP translator 7.8 1',
  'Open CASCADE STEP translator 7.8 1','',(#8));
#8 = PRODUCT_CONTEXT('',#2,'mechanical');
#9 = PRODUCT_DEFINITION_CONTEXT('part definition',#2,'design');
#10 = SHAPE_REPRESENTATION('',(#11,#15,#19,#23,#27,#31,#35,#39,#43,#47,
    #51,#55,#59,#63,#67,#71,#75,#79,#83),#87);
#11 = AXIS2_PLACEMENT_3D('',#12,#13,#14);
#12 = CARTESIAN_POINT('',(0.,0.,0.));
#13 = DIRECTION('',(0.,0.,1.));
#14 = DIRECTION('',(1.,0.,-0.));
#15 = AXIS2_PLACEMENT_3D('',#16,#17,#18);
#16 = CARTESIAN_POINT('',(0.,0.,0.));
#17 = DIRECTION('',(0.,0.,1.));
#18 = DIRECTION('',(1.,0.,-0.));
#19 = AXIS2_PLACEMENT_3D('',#20,#21,#22);
#20 = CARTESIAN_POINT('',(0.,0.,0.));
#21 = DIRECTION('',(0.,0.,1.));
#22 = DIRECTION('',(1.,0.,-0.));
#23 = AXIS2_PLACEMENT_3D('',#24,#25,#26);
#24 = CARTESIAN_POINT('',(0.,0.,0.));
#25 = DIRECTION('',(0.,0.,1.));
#26 = DIRECTION('',(1.,0.,-0.));
#27 = AXIS2_PLACEMENT_3D('',#28,#29,#30);
#28 = CARTESIAN_POINT('',(0.,0.,0.));
#29 = DIRECTION('',(0.,0.,1.));
#30 = DIRECTION('',(1.,0.,-0.));
#31 = AXIS2_PLACEMENT_3D('',#32,#33,#34);
#32 = CARTESIAN_POINT('',(0.,0.,0.));
#33 = DIRECTION('',(0.,0.,1.));
#34 = DIRECTION('',(1.,0.,-0.));
#35 = AXIS2_PLACEMENT_3D('',#36,#37,#38);
#36 = CARTESIAN_POINT('',(0.,0.,0.));
#37 = DIRECTION('',(0.,0.,1.));
#38 = DIRECTION('',(1.,0.,-0.));
#39 = AXIS2_PLACEMENT_3D('',#40,#41,#42);
#40 = CARTESIAN_POINT('',(0.,0.,0.));
#41 = DIRECTION('',(0.,0.,1.));
#42 = DIRECTION('',(1.,0.,-0.));
#43 = AXIS2_PLACEMENT_3D('',#44,#45,#46);
#44 = CARTESIAN_POINT('',(0.,0.,0.));
#45 = DIRECTION('',(0.,0.,1.));
#46 = DIRECTION('',(1.,0.,-0.));
#47 = AXIS2_PLACEMENT_3D('',#48,#49,#50);
#48 = CARTESIAN_POINT('',(0.,0.,0.));
#49 = DIRECTION('',(0.,0.,1.));
#50 = DIRECTION('',(1.,0.,-0.));
#51 = AXIS2_PLACEMENT_3D('',#52,#53,#54);
#52 = CARTESIAN_POINT('',(0.,0.,0.));
#53 = DIRECTION('',(0.,0.,1.));
#54 = DIRECTION('',(1.,0.,-0.));
#55 = AXIS2_PLACEMENT_3D('',#56,#57,#58);
#56 = CARTESIAN_POINT('',(0.,0.,0.));
#57 = DIRECTION('',(0.,0.,1.));
#58 = DIRECTION('',(1.,0.,-0.));
#59 = AXIS2_PLACEMENT_3D('',#60,#61,#62);
#60 = CARTESIAN_POINT('',(0.,0.,0.));
#61 = DIRECTION('',(0.,0.,1.));
#62 = DIRECTION('',(1.,0.,-0.));
#63 = AXIS2_PLACEMENT_3D('',#64,#65,#66);
#64 = CARTESIAN_POINT('',(0.,0.,30.));
#65 = DIRECTION('',(0.,0.,1.));
#66 = DIRECTION('',(1.,0.,-0.));
#67 = AXIS2_PLACEMENT_3D('',#68,#69,#70);
#68 = CARTESIAN_POINT('',(0.,0.,0.));
#69 = DIRECTION('',(0.,0.,1.));
#70 = DIRECTION('',(1.,0.,-0.));
#71 = AXIS2_PLACEMENT_3D('',#72,#73,#74);
#72 = CARTESIAN_POINT('',(0.,0.,0.));
#73 = DIRECTION('',(0.,0.,1.));
#74 = DIRECTION('',(1.,0.,-0.));
#75 = AXIS2_PLACEMENT_3D('',#76,#77,#78);
#76 = CARTESIAN_POINT('',(0.,0.,0.));
#77 = DIRECTION('',(0.,0.,1.));
#78 = DIRECTION('',(1.,0.,-0.));
#79 = AXIS2_PLACEMENT_3D('',#80,#81,#82);
#80 = CARTESIAN_POINT('',(0.,0.,0.));
#81 = DIRECTION('',(0.,0.,1.));
#82 = DIRECTION('',(1.,0.,-0.));
#83 = AXIS2_PLACEMENT_3D('',#84,#85,#86);
#84 = CARTESIAN_POINT('',(0.,0.,0.));
#85 = DIRECTION('',(0.,0.,1.));
#86 = DIRECTION('',(1.,0.,-0.));
#87 = ( GEOMETRIC_REPRESENTATION_CONTEXT(3) 
GLOBAL_UNCERTAINTY_ASSIGNED_CONTEXT((#91)) GLOBAL_UNIT_ASSIGNED_CONTEXT(
(#88,#89,#90)) REPRESENTATION_CONTEXT('Context #1',
  '3D Context with UNIT and UNCERTAINTY') );
#88 = ( LENGTH_UNIT() NAMED_UNIT(*) SI_UNIT(.MILLI.,.METRE.) );
#89 = ( NAMED_UNIT(*) PLANE_ANGLE_UNIT() SI_UNIT($,.RADIAN.) );
#90 = ( NAMED_UNIT(*) SI_UNIT($,.STERADIAN.) SOLID_ANGLE_UNIT() );
#91 = UNCERTAINTY_MEASURE_WITH_UNIT(LENGTH_MEASURE(2.E-05),#88,
  'distance_accuracy_value','confusion accuracy');
#92 = PRODUCT_RELATED_PRODUCT_CATEGORY('part',$,(#7));
#93 = SHAPE_DEFINITION_REPRESENTATION(#94,#100);
#94 = PRODUCT_DEFINITION_SHAPE('','',#95);
#95 = PRODUCT_DEFINITION('design','',#96,#99);
#96 = PRODUCT_DEFINITION_FORMATION('','',#97);
#97 = PRODUCT('Open CASCADE STEP translator 7.8 1.1',
  'Open CASCADE STEP translator 7.8 1.1','',(#98));
#98 = PRODUCT_CONTEXT('',#2,'mechanical');
#99 = PRODUCT_DEFINITION_CONTEXT('part definition',#2,'design');
#100 = MANIFOLD_SURFACE_SHAPE_REPRESENTATION('',(#11,#101),#214);
#101 = SHELL_BASED_SURFACE_MODEL('',(#102));
#102 = OPEN_SHELL('',(#103));
#103 = ADVANCED_FACE('',(#104),#119,.T.);
#104 = FACE_BOUND('',#105,.T.);
#105 = EDGE_LOOP('',(#106,#130,#168,#184,#201));
#106 = ORIENTED_EDGE('',*,*,#107,.F.);
#107 = EDGE_CURVE('',#108,#110,#112,.T.);
#108 = VERTEX_POINT('',#109);
#109 = CARTESIAN_POINT('',(11.686533875108,109.37744249152,0.));
#110 = VERTEX_POINT('',#111);
#111 = CARTESIAN_POINT('',(6.735334946023E-15,110.,0.));
#112 = SURFACE_CURVE('',#113,(#118),.PCURVE_S1.);
#113 = CIRCLE('',#114,110.);
#114 = AXIS2_PLACEMENT_3D('',#115,#116,#117);
#115 = CARTESIAN_POINT('',(0.,0.,0.));
#116 = DIRECTION('',(0.,0.,1.));
#117 = DIRECTION('',(1.,0.,-0.));
#118 = PCURVE('',#119,#124);
#119 = CONICAL_SURFACE('',#120,17.5,0.362358903357);
#120 = AXIS2_PLACEMENT_3D('',#121,#122,#123);
#121 = CARTESIAN_POINT('',(0.,0.,-244.));
#122 = DIRECTION('',(0.,0.,1.));
#123 = DIRECTION('',(1.,0.,-0.));
#124 = DEFINITIONAL_REPRESENTATION('',(#125),#129);
#125 = LINE('',#126,#127);
#126 = CARTESIAN_POINT('',(0.,244.));
#127 = VECTOR('',#128,1.);
#128 = DIRECTION('',(1.,0.));
#129 = ( GEOMETRIC_REPRESENTATION_CONTEXT(2) 
PARAMETRIC_REPRESENTATION_CONTEXT() REPRESENTATION_CONTEXT('2D SPACE',''
  ) );
#130 = ORIENTED_EDGE('',*,*,#131,.T.);
#131 = EDGE_CURVE('',#108,#132,#134,.T.);
#132 = VERTEX_POINT('',#133);
#133 = CARTESIAN_POINT('',(62.096850568825,0.,-126.3607401211));
#134 = SURFACE_CURVE('',#135,(#154),.PCURVE_S1.);
#135 = B_SPLINE_CURVE_WITH_KNOTS('',9,(#136,#137,#138,#139,#140,#141,
    #142,#143,#144,#145,#146,#147,#148,#149,#150,#151,#152,#153),
  .UNSPECIFIED.,.F.,.F.,(10,8,10),(-11.18702234902,-0.773983346059,
    180.80980824821),.UNSPECIFIED.);
#136 = CARTESIAN_POINT('',(6.032489596173,115.50779300307,
    14.494820132693));
#137 = CARTESIAN_POINT('',(6.660716738277,114.82664294623,
    12.884284562393));
#138 = CARTESIAN_POINT('',(7.288943880381,114.14549288939,
    11.273748992094));
#139 = CARTESIAN_POINT('',(7.917171022485,113.46434283255,9.663213421795
    ));
#140 = CARTESIAN_POINT('',(8.545398164589,112.78319277571,8.052677851496
    ));
#141 = CARTESIAN_POINT('',(9.173625306693,112.10204271887,6.442142281197
    ));
#142 = CARTESIAN_POINT('',(9.801852448797,111.42089266204,4.831606710897
    ));
#143 = CARTESIAN_POINT('',(10.430079590901,110.7397426052,3.221071140598
    ));
#144 = CARTESIAN_POINT('',(11.058306733004,110.05859254836,
    1.610535570299));
#145 = CARTESIAN_POINT('',(22.641632229508,97.499468162371,
    -28.08470757376));
#146 = CARTESIAN_POINT('',(32.296313558519,85.578890948681,
    -52.65906636373));
#147 = CARTESIAN_POINT('',(40.647272652498,73.603376019535,
    -73.72247038829));
#148 = CARTESIAN_POINT('',(47.686186209638,61.546602275188,
    -91.27652056122));
#149 = CARTESIAN_POINT('',(53.391210566248,49.408942616124,
    -105.3147412379));
#150 = CARTESIAN_POINT('',(57.735364376571,37.142096065978,
    -115.848999096));
#151 = CARTESIAN_POINT('',(60.642495511642,24.78669266475,
    -122.8560088522));
#152 = CARTESIAN_POINT('',(62.096850568826,12.393551175571,
    -126.3607401211));
#153 = CARTESIAN_POINT('',(62.096850568825,0.,-126.3607401211));
#154 = PCURVE('',#119,#155);
#155 = DEFINITIONAL_REPRESENTATION('',(#156),#167);
#156 = B_SPLINE_CURVE_WITH_KNOTS('',9,(#157,#158,#159,#160,#161,#162,
    #163,#164,#165,#166),.UNSPECIFIED.,.F.,.F.,(10,10),(-0.773983346059,
    180.80980824821),.PIECEWISE_BEZIER_KNOTS.);
#157 = CARTESIAN_POINT('',(1.464354226824,244.));
#158 = CARTESIAN_POINT('',(1.353853979748,215.91529242622));
#159 = CARTESIAN_POINT('',(1.23099720147,191.34095609957));
#160 = CARTESIAN_POINT('',(1.094444535217,170.27744158568));
#161 = CARTESIAN_POINT('',(0.942771980134,152.72363870987));
#162 = CARTESIAN_POINT('',(0.775785299095,138.68509635686));
#163 = CARTESIAN_POINT('',(0.593166443918,128.15109422621));
#164 = CARTESIAN_POINT('',(0.399160602312,121.14396639225));
#165 = CARTESIAN_POINT('',(0.199584215013,117.63925987885));
#166 = CARTESIAN_POINT('',(8.881784197001E-16,117.63925987884));
#167 = ( GEOMETRIC_REPRESENTATION_CONTEXT(2) 
PARAMETRIC_REPRESENTATION_CONTEXT() REPRESENTATION_CONTEXT('2D SPACE',''
  ) );
#168 = ORIENTED_EDGE('',*,*,#169,.F.);
#169 = EDGE_CURVE('',#170,#132,#172,.T.);
#170 = VERTEX_POINT('',#171);
#171 = CARTESIAN_POINT('',(17.5,-4.286122238378E-15,-244.));
#172 = SURFACE_CURVE('',#173,(#177),.PCURVE_S1.);
#173 = LINE('',#174,#175);
#174 = CARTESIAN_POINT('',(17.5,-4.286122238378E-15,-244.));
#175 = VECTOR('',#176,1.);
#176 = DIRECTION('',(0.354480941285,-8.681992260137E-17,0.935063239715)
  );
#177 = PCURVE('',#119,#178);
#178 = DEFINITIONAL_REPRESENTATION('',(#179),#183);
#179 = LINE('',#180,#181);
#180 = CARTESIAN_POINT('',(0.,-0.));
#181 = VECTOR('',#182,1.);
#182 = DIRECTION('',(0.,1.));
#183 = ( GEOMETRIC_REPRESENTATION_CONTEXT(2) 
PARAMETRIC_REPRESENTATION_CONTEXT() REPRESENTATION_CONTEXT('2D SPACE',''
  ) );
#184 = ORIENTED_EDGE('',*,*,#185,.T.);
#185 = EDGE_CURVE('',#170,#186,#188,.T.);
#186 = VERTEX_POINT('',#187);
#187 = CARTESIAN_POINT('',(1.071530559595E-15,17.5,-244.));
#188 = SURFACE_CURVE('',#189,(#194),.PCURVE_S1.);
#189 = CIRCLE('',#190,17.5);
#190 = AXIS2_PLACEMENT_3D('',#191,#192,#193);
#191 = CARTESIAN_POINT('',(0.,0.,-244.));
#192 = DIRECTION('',(0.,0.,1.));
#193 = DIRECTION('',(1.,0.,-0.));
#194 = PCURVE('',#119,#195);
#195 = DEFINITIONAL_REPRESENTATION('',(#196),#200);
#196 = LINE('',#197,#198);
#197 = CARTESIAN_POINT('',(0.,0.));
#198 = VECTOR('',#199,1.);
#199 = DIRECTION('',(1.,0.));
#200 = ( GEOMETRIC_REPRESENTATION_CONTEXT(2) 
PARAMETRIC_REPRESENTATION_CONTEXT() REPRESENTATION_CONTEXT('2D SPACE',''
  ) );
#201 = ORIENTED_EDGE('',*,*,#202,.T.);
#202 = EDGE_CURVE('',#186,#110,#203,.T.);
#203 = SURFACE_CURVE('',#204,(#208),.PCURVE_S1.);
#204 = LINE('',#205,#206);
#205 = CARTESIAN_POINT('',(0.,0.,-290.1621621621));
#206 = VECTOR('',#207,1.);
#207 = DIRECTION('',(0.,0.354480941285,0.935063239715));
#208 = PCURVE('',#119,#209);
#209 = DEFINITIONAL_REPRESENTATION('',(#210),#213);
#210 = B_SPLINE_CURVE_WITH_KNOTS('',1,(#211,#212),.UNSPECIFIED.,.F.,.F.,
  (2,2),(49.367957376073,310.31287493531),.PIECEWISE_BEZIER_KNOTS.);
#211 = CARTESIAN_POINT('',(1.570796326795,-1.993207177367E-14));
#212 = CARTESIAN_POINT('',(1.570796326795,244.));
#213 = ( GEOMETRIC_REPRESENTATION_CONTEXT(2) 
PARAMETRIC_REPRESENTATION_CONTEXT() REPRESENTATION_CONTEXT('2D SPACE',''
  ) );
#214 = ( GEOMETRIC_REPRESENTATION_CONTEXT(3) 
GLOBAL_UNCERTAINTY_ASSIGNED_CONTEXT((#218)) GLOBAL_UNIT_ASSIGNED_CONTEXT
((#215,#216,#217)) REPRESENTATION_CONTEXT('Context #1',
  '3D Context with UNIT and UNCERTAINTY') );
#215 = ( LENGTH_UNIT() NAMED_UNIT(*) SI_UNIT(.MILLI.,.METRE.) );
#216 = ( NAMED_UNIT(*) PLANE_ANGLE_UNIT() SI_UNIT($,.RADIAN.) );
#217 = ( NAMED_UNIT(*) SI_UNIT($,.STERADIAN.) SOLID_ANGLE_UNIT() );
#218 = UNCERTAINTY_MEASURE_WITH_UNIT(LENGTH_MEASURE(2.E-05),#215,
  'distance_accuracy_value','confusion accuracy');
#219 = CONTEXT_DEPENDENT_SHAPE_REPRESENTATION(#220,#222);
#220 = ( REPRESENTATION_RELATIONSHIP('','',#100,#10) 
REPRESENTATION_RELATIONSHIP_WITH_TRANSFORMATION(#221) 
SHAPE_REPRESENTATION_RELATIONSHIP() );
#221 = ITEM_DEFINED_TRANSFORMATION('','',#11,#15);
#222 = PRODUCT_DEFINITION_SHAPE('Placement','Placement of an item',#223
  );
#223 = NEXT_ASSEMBLY_USAGE_OCCURRENCE('1','','',#5,#95,$);
#224 = PRODUCT_RELATED_PRODUCT_CATEGORY('part',$,(#97));
#225 = SHAPE_DEFINITION_REPRESENTATION(#226,#232);
#226 = PRODUCT_DEFINITION_SHAPE('','',#227);
#227 = PRODUCT_DEFINITION('design','',#228,#231);
#228 = PRODUCT_DEFINITION_FORMATION('','',#229);
#229 = PRODUCT('Open CASCADE STEP translator 7.8 1.2',
  'Open CASCADE STEP translator 7.8 1.2','',(#230));
#230 = PRODUCT_CONTEXT('',#2,'mechanical');
#231 = PRODUCT_DEFINITION_CONTEXT('part definition',#2,'design');
#232 = MANIFOLD_SURFACE_SHAPE_REPRESENTATION('',(#11,#233),#290);
#233 = SHELL_BASED_SURFACE_MODEL('',(#234));
#234 = OPEN_SHELL('',(#235));
#235 = ADVANCED_FACE('',(#236),#250,.F.);
#236 = FACE_BOUND('',#237,.F.);
#237 = EDGE_LOOP('',(#238,#260,#277));
#238 = ORIENTED_EDGE('',*,*,#239,.F.);
#239 = EDGE_CURVE('',#240,#242,#244,.T.);
#240 = VERTEX_POINT('',#241);
#241 = CARTESIAN_POINT('',(17.5,-4.286122238378E-15,-244.));
#242 = VERTEX_POINT('',#243);
#243 = CARTESIAN_POINT('',(0.,0.,-244.));
#244 = SURFACE_CURVE('',#245,(#249),.PCURVE_S1.);
#245 = LINE('',#246,#247);
#246 = CARTESIAN_POINT('',(0.,0.,-244.));
#247 = VECTOR('',#248,1.);
#248 = DIRECTION('',(-1.,-0.,0.));
#249 = PCURVE('',#250,#255);
#250 = PLANE('',#251);
#251 = AXIS2_PLACEMENT_3D('',#252,#253,#254);
#252 = CARTESIAN_POINT('',(0.,0.,-244.));
#253 = DIRECTION('',(0.,0.,1.));
#254 = DIRECTION('',(1.,0.,-0.));
#255 = DEFINITIONAL_REPRESENTATION('',(#256),#259);
#256 = B_SPLINE_CURVE_WITH_KNOTS('',1,(#257,#258),.UNSPECIFIED.,.F.,.F.,
  (2,2),(-17.5,0.),.PIECEWISE_BEZIER_KNOTS.);
#257 = CARTESIAN_POINT('',(17.5,0.));
#258 = CARTESIAN_POINT('',(0.,0.));
#259 = ( GEOMETRIC_REPRESENTATION_CONTEXT(2) 
PARAMETRIC_REPRESENTATION_CONTEXT() REPRESENTATION_CONTEXT('2D SPACE',''
  ) );
#260 = ORIENTED_EDGE('',*,*,#261,.T.);
#261 = EDGE_CURVE('',#240,#262,#264,.T.);
#262 = VERTEX_POINT('',#263);
#263 = CARTESIAN_POINT('',(1.071530559595E-15,17.5,-244.));
#264 = SURFACE_CURVE('',#265,(#270),.PCURVE_S1.);
#265 = CIRCLE('',#266,17.5);
#266 = AXIS2_PLACEMENT_3D('',#267,#268,#269);
#267 = CARTESIAN_POINT('',(0.,0.,-244.));
#268 = DIRECTION('',(0.,0.,1.));
#269 = DIRECTION('',(1.,0.,-0.));
#270 = PCURVE('',#250,#271);
#271 = DEFINITIONAL_REPRESENTATION('',(#272),#276);
#272 = CIRCLE('',#273,17.5);
#273 = AXIS2_PLACEMENT_2D('',#274,#275);
#274 = CARTESIAN_POINT('',(0.,0.));
#275 = DIRECTION('',(1.,0.));
#276 = ( GEOMETRIC_REPRESENTATION_CONTEXT(2) 
PARAMETRIC_REPRESENTATION_CONTEXT() REPRESENTATION_CONTEXT('2D SPACE',''
  ) );
#277 = ORIENTED_EDGE('',*,*,#278,.F.);
#278 = EDGE_CURVE('',#242,#262,#279,.T.);
#279 = SURFACE_CURVE('',#280,(#284),.PCURVE_S1.);
#280 = LINE('',#281,#282);
#281 = CARTESIAN_POINT('',(0.,0.,-244.));
#282 = VECTOR('',#283,1.);
#283 = DIRECTION('',(-0.,1.,0.));
#284 = PCURVE('',#250,#285);
#285 = DEFINITIONAL_REPRESENTATION('',(#286),#289);
#286 = B_SPLINE_CURVE_WITH_KNOTS('',1,(#287,#288),.UNSPECIFIED.,.F.,.F.,
  (2,2),(0.,17.5),.PIECEWISE_BEZIER_KNOTS.);
#287 = CARTESIAN_POINT('',(0.,0.));
#288 = CARTESIAN_POINT('',(0.,17.5));
#289 = ( GEOMETRIC_REPRESENTATION_CONTEXT(2) 
PARAMETRIC_REPRESENTATION_CONTEXT() REPRESENTATION_CONTEXT('2D SPACE',''
  ) );
#290 = ( GEOMETRIC_REPRESENTATION_CONTEXT(3) 
GLOBAL_UNCERTAINTY_ASSIGNED_CONTEXT((#294)) GLOBAL_UNIT_ASSIGNED_CONTEXT
((#291,#292,#293)) REPRESENTATION_CONTEXT('Context #1',
  '3D Context with UNIT and UNCERTAINTY') );
#291 = ( LENGTH_UNIT() NAMED_UNIT(*) SI_UNIT(.MILLI.,.METRE.) );
#292 = ( NAMED_UNIT(*) PLANE_ANGLE_UNIT() SI_UNIT($,.RADIAN.) );
#293 = ( NAMED_UNIT(*) SI_UNIT($,.STERADIAN.) SOLID_ANGLE_UNIT() );
#294 = UNCERTAINTY_MEASURE_WITH_UNIT(LENGTH_MEASURE(2.E-07),#291,
  'distance_accuracy_value','confusion accuracy');
#295 = CONTEXT_DEPENDENT_SHAPE_REPRESENTATION(#296,#298);
#296 = ( REPRESENTATION_RELATIONSHIP('','',#232,#10) 
REPRESENTATION_RELATIONSHIP_WITH_TRANSFORMATION(#297) 
SHAPE_REPRESENTATION_RELATIONSHIP() );
#297 = ITEM_DEFINED_TRANSFORMATION('','',#11,#19);
#298 = PRODUCT_DEFINITION_SHAPE('Placement','Placement of an item',#299
  );
#299 = NEXT_ASSEMBLY_USAGE_OCCURRENCE('2','','',#5,#227,$);
#300 = PRODUCT_RELATED_PRODUCT_CATEGORY('part',$,(#229));
#301 = SHAPE_DEFINITION_REPRESENTATION(#302,#308);
#302 = PRODUCT_DEFINITION_SHAPE('','',#303);
#303 = PRODUCT_DEFINITION('design','',#304,#307);
#304 = PRODUCT_DEFINITION_FORMATION('','',#305);
#305 = PRODUCT('Open CASCADE STEP translator 7.8 1.3',
  'Open CASCADE STEP translator 7.8 1.3','',(#306));
#306 = PRODUCT_CONTEXT('',#2,'mechanical');
#307 = PRODUCT_DEFINITION_CONTEXT('part definition',#2,'design');
#308 = MANIFOLD_SURFACE_SHAPE_REPRESENTATION('',(#11,#309),#500);
#309 = SHELL_BASED_SURFACE_MODEL('',(#310));
#310 = OPEN_SHELL('',(#311));
#311 = ADVANCED_FACE('',(#312),#345,.T.);
#312 = FACE_BOUND('',#313,.T.);
#313 = EDGE_LOOP('',(#314,#425,#456,#471));
#314 = ORIENTED_EDGE('',*,*,#315,.T.);
#315 = EDGE_CURVE('',#316,#318,#320,.T.);
#316 = VERTEX_POINT('',#317);
#317 = CARTESIAN_POINT('',(11.686533875108,109.37744249152,0.));
#318 = VERTEX_POINT('',#319);
#319 = CARTESIAN_POINT('',(15.,105.68741851997,0.));
#320 = SURFACE_CURVE('',#321,(#344),.PCURVE_S1.);
#321 = B_SPLINE_CURVE_WITH_KNOTS('',6,(#322,#323,#324,#325,#326,#327,
    #328,#329,#330,#331,#332,#333,#334,#335,#336,#337,#338,#339,#340,
    #341,#342,#343),.UNSPECIFIED.,.F.,.F.,(7,5,5,5,7),(0.,0.249985035126
    ,0.500000631737,0.750015759454,1.),.UNSPECIFIED.);
#322 = CARTESIAN_POINT('',(11.686533875108,109.37744249152,0.));
#323 = CARTESIAN_POINT('',(11.87924699387,109.35685188033,0.));
#324 = CARTESIAN_POINT('',(12.078284948411,109.32159312503,0.));
#325 = CARTESIAN_POINT('',(12.282141356677,109.2702307478,0.));
#326 = CARTESIAN_POINT('',(12.488763556797,109.20158888601,0.));
#327 = CARTESIAN_POINT('',(12.695523962093,109.11510519306,0.));
#328 = CARTESIAN_POINT('',(13.103705008105,108.90693454877,0.));
#329 = CARTESIAN_POINT('',(13.305124332767,108.78524272964,0.));
#330 = CARTESIAN_POINT('',(13.501043218123,108.64619329984,0.));
#331 = CARTESIAN_POINT('',(13.688427911558,108.49082017951,0.));
#332 = CARTESIAN_POINT('',(13.864483446735,108.3210823452,0.));
#333 = CARTESIAN_POINT('',(14.189627979484,107.95782111095,0.));
#334 = CARTESIAN_POINT('',(14.338716358679,107.76429859729,0.));
#335 = CARTESIAN_POINT('',(14.472161873073,107.56135209121,0.));
#336 = CARTESIAN_POINT('',(14.588422800277,107.3519921465,0.));
#337 = CARTESIAN_POINT('',(14.686898244871,107.13930404307,0.));
#338 = CARTESIAN_POINT('',(14.848524735818,106.71282167973,0.));
#339 = CARTESIAN_POINT('',(14.9116808308,106.49902804168,0.));
#340 = CARTESIAN_POINT('',(14.957310532064,106.28743485211,0.));
#341 = CARTESIAN_POINT('',(14.986290419749,106.08050272173,0.));
#342 = CARTESIAN_POINT('',(15.,105.88006776949,0.));
#343 = CARTESIAN_POINT('',(15.,105.68741865998,0.));
#344 = PCURVE('',#345,#400);
#345 = ( BOUNDED_SURFACE() B_SPLINE_SURFACE(2,9,(
    (#346,#347,#348,#349,#350,#351,#352,#353,#354,#355,#356,#357,#358
      ,#359,#360,#361,#362,#363)
    ,(#364,#365,#366,#367,#368,#369,#370,#371,#372,#373,#374,#375,#376
      ,#377,#378,#379,#380,#381)
    ,(#382,#383,#384,#385,#386,#387,#388,#389,#390,#391,#392,#393,#394
      ,#395,#396,#397,#398,#399
)),.UNSPECIFIED.,.F.,.F.,.F.) B_SPLINE_SURFACE_WITH_KNOTS((3,3),(10,8,10
    ),(0.,181.58379159427),(-11.18702234902,-0.773983346059,
180.80980824821),.UNSPECIFIED.) GEOMETRIC_REPRESENTATION_ITEM() 
RATIONAL_B_SPLINE_SURFACE((
    (1.,1.,1.,1.,1.,1.,1.,1.,1.,1.,1.,1.,1.,1.,1.,1.,1.,1.)
    ,(0.695425484934,0.69344492984,0.69195951352,0.690969235973
      ,0.690474097199,0.690474097199,0.690969235973,0.69195951352
      ,0.69344492984,0.729962636222,0.765971148593,0.80282418586
      ,0.839401147106,0.873909433655,0.90367630541,0.924588563947
      ,0.935063239715,0.935063239715)
    ,(1.,1.,1.,1.,1.,1.,1.,1.,1.,1.,1.,1.,1.,1.,1.,1.,1.,1.
))) REPRESENTATION_ITEM('') SURFACE() );
#346 = CARTESIAN_POINT('',(6.032489596173,115.50779300307,
    14.494820132693));
#347 = CARTESIAN_POINT('',(6.660716738277,114.82664294623,
    12.884284562393));
#348 = CARTESIAN_POINT('',(7.288943880381,114.14549288939,
    11.273748992094));
#349 = CARTESIAN_POINT('',(7.917171022485,113.46434283255,9.663213421795
    ));
#350 = CARTESIAN_POINT('',(8.545398164589,112.78319277571,8.052677851496
    ));
#351 = CARTESIAN_POINT('',(9.173625306693,112.10204271887,6.442142281197
    ));
#352 = CARTESIAN_POINT('',(9.801852448797,111.42089266204,4.831606710897
    ));
#353 = CARTESIAN_POINT('',(10.430079590901,110.7397426052,3.221071140598
    ));
#354 = CARTESIAN_POINT('',(11.058306733004,110.05859254836,
    1.610535570299));
#355 = CARTESIAN_POINT('',(22.641632229508,97.499468162371,
    -28.08470757376));
#356 = CARTESIAN_POINT('',(32.296313558519,85.578890948681,
    -52.65906636373));
#357 = CARTESIAN_POINT('',(40.647272652498,73.603376019535,
    -73.72247038829));
#358 = CARTESIAN_POINT('',(47.686186209638,61.546602275188,
    -91.27652056122));
#359 = CARTESIAN_POINT('',(53.391210566248,49.408942616124,
    -105.3147412379));
#360 = CARTESIAN_POINT('',(57.735364376571,37.142096065978,
    -115.848999096));
#361 = CARTESIAN_POINT('',(60.642495511642,24.78669266475,
    -122.8560088522));
#362 = CARTESIAN_POINT('',(62.096850568826,12.393551175571,
    -126.3607401211));
#363 = CARTESIAN_POINT('',(62.096850568825,0.,-126.3607401211));
#364 = CARTESIAN_POINT('',(9.102862658458,115.74961380273,
    15.555692014447));
#365 = CARTESIAN_POINT('',(9.699367544357,115.06802093789,
    13.982208855967));
#366 = CARTESIAN_POINT('',(10.302370745027,114.37900281118,
    12.391584196901));
#367 = CARTESIAN_POINT('',(10.910617859199,113.68399275697,
    10.787126944382));
#368 = CARTESIAN_POINT('',(11.522822927842,112.98446016894,9.1722292498)
  );
#369 = CARTESIAN_POINT('',(12.137677429472,112.28190022159,
    7.550342780636));
#370 = CARTESIAN_POINT('',(12.753859575992,111.57782324848,
    5.924954199546));
#371 = CARTESIAN_POINT('',(13.370043770883,110.87374393481,
    4.299560215185));
#372 = CARTESIAN_POINT('',(13.984910087926,110.17117048665,
    2.677642578877));
#373 = CARTESIAN_POINT('',(24.739423054638,97.882588320335,
    -25.69101865223));
#374 = CARTESIAN_POINT('',(33.799762420145,86.148553296475,
    -49.59072465422));
#375 = CARTESIAN_POINT('',(41.750639956462,74.243895228506,
    -70.56385026353));
#376 = CARTESIAN_POINT('',(48.545236289354,62.120546490324,
    -88.48689356326));
#377 = CARTESIAN_POINT('',(54.11901535486,49.801762025095,-103.189618882
    ));
#378 = CARTESIAN_POINT('',(58.373376260615,37.208471243332,
    -114.411933055));
#379 = CARTESIAN_POINT('',(61.154813624431,24.594782589054,
    -121.7489137768));
#380 = CARTESIAN_POINT('',(62.5,12.15988294571,-125.2972972972));
#381 = CARTESIAN_POINT('',(62.5,6.394884621841E-14,-125.2972972972));
#382 = CARTESIAN_POINT('',(8.670147996959,112.73283752557,
    16.697123121535));
#383 = CARTESIAN_POINT('',(9.285099500003,112.04874598162,15.07498077837
    ));
#384 = CARTESIAN_POINT('',(9.899496660838,111.36527110551,
    13.454300700059));
#385 = CARTESIAN_POINT('',(10.513339479464,110.68241289725,
    11.835082886604));
#386 = CARTESIAN_POINT('',(11.12662795588,110.00017135684,
    10.217327338004));
#387 = CARTESIAN_POINT('',(11.739362090086,109.31854648427,
    8.601034054259));
#388 = CARTESIAN_POINT('',(12.351541882083,108.63753827954,6.98620303537
    ));
#389 = CARTESIAN_POINT('',(12.963167331871,107.95714674266,
    5.372834281335));
#390 = CARTESIAN_POINT('',(13.574238439449,107.27737187362,
    3.760927792155));
#391 = CARTESIAN_POINT('',(24.831017939071,94.75497355495,
    -25.93263110414));
#392 = CARTESIAN_POINT('',(34.146553153037,82.911860260977,
    -50.50550237124));
#393 = CARTESIAN_POINT('',(42.131441238173,71.068327096666,
    -71.56834229313));
#394 = CARTESIAN_POINT('',(48.785439836522,59.226380702456,
    -89.12051156875));
#395 = CARTESIAN_POINT('',(54.109396248466,47.381411629933,
    -103.1642452392));
#396 = CARTESIAN_POINT('',(58.101690218038,35.540141415539,
    -113.6952693318));
#397 = CARTESIAN_POINT('',(60.765231256942,23.695673184117,
    -120.7212586669));
#398 = CARTESIAN_POINT('',(62.096850568826,11.847778717567,
    -124.2338544734));
#399 = CARTESIAN_POINT('',(62.096850568825,-2.84217094304E-14,
    -124.2338544734));
#400 = DEFINITIONAL_REPRESENTATION('',(#401),#424);
#401 = B_SPLINE_CURVE_WITH_KNOTS('',6,(#402,#403,#404,#405,#406,#407,
    #408,#409,#410,#411,#412,#413,#414,#415,#416,#417,#418,#419,#420,
    #421,#422,#423),.UNSPECIFIED.,.F.,.F.,(7,5,5,5,7),(0.,0.249985035126
    ,0.500000631737,0.750015759454,1.),.UNSPECIFIED.);
#402 = CARTESIAN_POINT('',(0.,-0.773983346059));
#403 = CARTESIAN_POINT('',(7.566574299175,-0.729739279941));
#404 = CARTESIAN_POINT('',(15.132922979692,-0.68076270753));
#405 = CARTESIAN_POINT('',(22.699028873022,-0.627019052624));
#406 = CARTESIAN_POINT('',(30.264889416097,-0.568643618199));
#407 = CARTESIAN_POINT('',(37.830521047854,-0.506030230244));
#408 = CARTESIAN_POINT('',(52.962303280743,-0.37356627877));
#409 = CARTESIAN_POINT('',(60.528457425205,-0.303714824672));
#410 = CARTESIAN_POINT('',(68.094438203931,-0.230869679144));
#411 = CARTESIAN_POINT('',(75.660296136338,-0.155882673493));
#412 = CARTESIAN_POINT('',(83.226096464724,-7.977803198126E-02));
#413 = CARTESIAN_POINT('',(98.357686822404,7.262740259191E-02));
#414 = CARTESIAN_POINT('',(105.92347932079,0.14892786444));
#415 = CARTESIAN_POINT('',(113.48933596325,0.22430654779));
#416 = CARTESIAN_POINT('',(121.05532095463,0.297736914703));
#417 = CARTESIAN_POINT('',(128.62148267133,0.368360841991));
#418 = CARTESIAN_POINT('',(143.75327378886,0.502716853313));
#419 = CARTESIAN_POINT('',(151.31890658555,0.566449804735));
#420 = CARTESIAN_POINT('',(158.88476865093,0.626105021477));
#421 = CARTESIAN_POINT('',(166.45087471894,0.681268340396));
#422 = CARTESIAN_POINT('',(174.01722138317,0.731776490082));
#423 = CARTESIAN_POINT('',(181.58379159427,0.777634714528));
#424 = ( GEOMETRIC_REPRESENTATION_CONTEXT(2) 
PARAMETRIC_REPRESENTATION_CONTEXT() REPRESENTATION_CONTEXT('2D SPACE',''
  ) );
#425 = ORIENTED_EDGE('',*,*,#426,.T.);
#426 = EDGE_CURVE('',#318,#427,#429,.T.);
#427 = VERTEX_POINT('',#428);
#428 = CARTESIAN_POINT('',(62.096850568825,-2.84217094304E-14,
    -124.2338544734));
#429 = SURFACE_CURVE('',#430,(#449),.PCURVE_S1.);
#430 = B_SPLINE_CURVE_WITH_KNOTS('',9,(#431,#432,#433,#434,#435,#436,
    #437,#438,#439,#440,#441,#442,#443,#444,#445,#446,#447,#448),
  .UNSPECIFIED.,.F.,.F.,(10,8,10),(-11.18702234902,-0.773983346059,
    180.80980824821),.UNSPECIFIED.);
#431 = CARTESIAN_POINT('',(8.670147996959,112.73283752557,
    16.697123121535));
#432 = CARTESIAN_POINT('',(9.285099500003,112.04874598162,15.07498077837
    ));
#433 = CARTESIAN_POINT('',(9.899496660838,111.36527110551,
    13.454300700059));
#434 = CARTESIAN_POINT('',(10.513339479464,110.68241289725,
    11.835082886604));
#435 = CARTESIAN_POINT('',(11.12662795588,110.00017135684,
    10.217327338004));
#436 = CARTESIAN_POINT('',(11.739362090086,109.31854648427,
    8.601034054259));
#437 = CARTESIAN_POINT('',(12.351541882083,108.63753827954,6.98620303537
    ));
#438 = CARTESIAN_POINT('',(12.963167331871,107.95714674266,
    5.372834281335));
#439 = CARTESIAN_POINT('',(13.574238439449,107.27737187362,
    3.760927792155));
#440 = CARTESIAN_POINT('',(24.831017939071,94.75497355495,
    -25.93263110414));
#441 = CARTESIAN_POINT('',(34.146553153037,82.911860260977,
    -50.50550237124));
#442 = CARTESIAN_POINT('',(42.131441238173,71.068327096666,
    -71.56834229313));
#443 = CARTESIAN_POINT('',(48.785439836522,59.226380702456,
    -89.12051156875));
#444 = CARTESIAN_POINT('',(54.109396248466,47.381411629933,
    -103.1642452392));
#445 = CARTESIAN_POINT('',(58.101690218038,35.540141415539,
    -113.6952693318));
#446 = CARTESIAN_POINT('',(60.765231256942,23.695673184117,
    -120.7212586669));
#447 = CARTESIAN_POINT('',(62.096850568826,11.847778717567,
    -124.2338544734));
#448 = CARTESIAN_POINT('',(62.096850568825,-2.84217094304E-14,
    -124.2338544734));
#449 = PCURVE('',#345,#450);
#450 = DEFINITIONAL_REPRESENTATION('',(#451),#455);
#451 = LINE('',#452,#453);
#452 = CARTESIAN_POINT('',(181.58379159427,0.));
#453 = VECTOR('',#454,1.);
#454 = DIRECTION('',(0.,1.));
#455 = ( GEOMETRIC_REPRESENTATION_CONTEXT(2) 
PARAMETRIC_REPRESENTATION_CONTEXT() REPRESENTATION_CONTEXT('2D SPACE',''
  ) );
#456 = ORIENTED_EDGE('',*,*,#457,.F.);
#457 = EDGE_CURVE('',#458,#427,#460,.T.);
#458 = VERTEX_POINT('',#459);
#459 = CARTESIAN_POINT('',(62.096850568825,0.,-126.3607401211));
#460 = SURFACE_CURVE('',#461,(#465),.PCURVE_S1.);
#461 = ( BOUNDED_CURVE() B_SPLINE_CURVE(2,(#462,#463,#464),
.UNSPECIFIED.,.F.,.F.) B_SPLINE_CURVE_WITH_KNOTS((3,3),(0.,
181.58379159427),.PIECEWISE_BEZIER_KNOTS.) CURVE() 
GEOMETRIC_REPRESENTATION_ITEM() RATIONAL_B_SPLINE_CURVE((1.,
0.935063239715,1.)) REPRESENTATION_ITEM('') );
#462 = CARTESIAN_POINT('',(62.096850568825,0.,-126.3607401211));
#463 = CARTESIAN_POINT('',(62.5,6.394884621841E-14,-125.2972972972));
#464 = CARTESIAN_POINT('',(62.096850568825,-2.84217094304E-14,
    -124.2338544734));
#465 = PCURVE('',#345,#466);
#466 = DEFINITIONAL_REPRESENTATION('',(#467),#470);
#467 = B_SPLINE_CURVE_WITH_KNOTS('',1,(#468,#469),.UNSPECIFIED.,.F.,.F.,
  (2,2),(0.,181.58379159427),.PIECEWISE_BEZIER_KNOTS.);
#468 = CARTESIAN_POINT('',(0.,180.80980824821));
#469 = CARTESIAN_POINT('',(181.58379159427,180.80980824821));
#470 = ( GEOMETRIC_REPRESENTATION_CONTEXT(2) 
PARAMETRIC_REPRESENTATION_CONTEXT() REPRESENTATION_CONTEXT('2D SPACE',''
  ) );
#471 = ORIENTED_EDGE('',*,*,#472,.F.);
#472 = EDGE_CURVE('',#316,#458,#473,.T.);
#473 = SURFACE_CURVE('',#474,(#493),.PCURVE_S1.);
#474 = B_SPLINE_CURVE_WITH_KNOTS('',9,(#475,#476,#477,#478,#479,#480,
    #481,#482,#483,#484,#485,#486,#487,#488,#489,#490,#491,#492),
  .UNSPECIFIED.,.F.,.F.,(10,8,10),(-11.18702234902,-0.773983346059,
    180.80980824821),.UNSPECIFIED.);
#475 = CARTESIAN_POINT('',(6.032489596173,115.50779300307,
    14.494820132693));
#476 = CARTESIAN_POINT('',(6.660716738277,114.82664294623,
    12.884284562393));
#477 = CARTESIAN_POINT('',(7.288943880381,114.14549288939,
    11.273748992094));
#478 = CARTESIAN_POINT('',(7.917171022485,113.46434283255,9.663213421795
    ));
#479 = CARTESIAN_POINT('',(8.545398164589,112.78319277571,8.052677851496
    ));
#480 = CARTESIAN_POINT('',(9.173625306693,112.10204271887,6.442142281197
    ));
#481 = CARTESIAN_POINT('',(9.801852448797,111.42089266204,4.831606710897
    ));
#482 = CARTESIAN_POINT('',(10.430079590901,110.7397426052,3.221071140598
    ));
#483 = CARTESIAN_POINT('',(11.058306733004,110.05859254836,
    1.610535570299));
#484 = CARTESIAN_POINT('',(22.641632229508,97.499468162371,
    -28.08470757376));
#485 = CARTESIAN_POINT('',(32.296313558519,85.578890948681,
    -52.65906636373));
#486 = CARTESIAN_POINT('',(40.647272652498,73.603376019535,
    -73.72247038829));
#487 = CARTESIAN_POINT('',(47.686186209638,61.546602275188,
    -91.27652056122));
#488 = CARTESIAN_POINT('',(53.391210566248,49.408942616124,
    -105.3147412379));
#489 = CARTESIAN_POINT('',(57.735364376571,37.142096065978,
    -115.848999096));
#490 = CARTESIAN_POINT('',(60.642495511642,24.78669266475,
    -122.8560088522));
#491 = CARTESIAN_POINT('',(62.096850568826,12.393551175571,
    -126.3607401211));
#492 = CARTESIAN_POINT('',(62.096850568825,0.,-126.3607401211));
#493 = PCURVE('',#345,#494);
#494 = DEFINITIONAL_REPRESENTATION('',(#495),#499);
#495 = LINE('',#496,#497);
#496 = CARTESIAN_POINT('',(0.,0.));
#497 = VECTOR('',#498,1.);
#498 = DIRECTION('',(0.,1.));
#499 = ( GEOMETRIC_REPRESENTATION_CONTEXT(2) 
PARAMETRIC_REPRESENTATION_CONTEXT() REPRESENTATION_CONTEXT('2D SPACE',''
  ) );
#500 = ( GEOMETRIC_REPRESENTATION_CONTEXT(3) 
GLOBAL_UNCERTAINTY_ASSIGNED_CONTEXT((#504)) GLOBAL_UNIT_ASSIGNED_CONTEXT
((#501,#502,#503)) REPRESENTATION_CONTEXT('Context #1',
  '3D Context with UNIT and UNCERTAINTY') );
#501 = ( LENGTH_UNIT() NAMED_UNIT(*) SI_UNIT(.MILLI.,.METRE.) );
#502 = ( NAMED_UNIT(*) PLANE_ANGLE_UNIT() SI_UNIT($,.RADIAN.) );
#503 = ( NAMED_UNIT(*) SI_UNIT($,.STERADIAN.) SOLID_ANGLE_UNIT() );
#504 = UNCERTAINTY_MEASURE_WITH_UNIT(LENGTH_MEASURE(5.E-05),#501,
  'distance_accuracy_value','confusion accuracy');
#505 = CONTEXT_DEPENDENT_SHAPE_REPRESENTATION(#506,#508);
#506 = ( REPRESENTATION_RELATIONSHIP('','',#308,#10) 
REPRESENTATION_RELATIONSHIP_WITH_TRANSFORMATION(#507) 
SHAPE_REPRESENTATION_RELATIONSHIP() );
#507 = ITEM_DEFINED_TRANSFORMATION('','',#11,#23);
#508 = PRODUCT_DEFINITION_SHAPE('Placement','Placement of an item',#509
  );
#509 = NEXT_ASSEMBLY_USAGE_OCCURRENCE('3','','',#5,#303,$);
#510 = PRODUCT_RELATED_PRODUCT_CATEGORY('part',$,(#305));
#511 = SHAPE_DEFINITION_REPRESENTATION(#512,#518);
#512 = PRODUCT_DEFINITION_SHAPE('','',#513);
#513 = PRODUCT_DEFINITION('design','',#514,#517);
#514 = PRODUCT_DEFINITION_FORMATION('','',#515);
#515 = PRODUCT('Open CASCADE STEP translator 7.8 1.4',
  'Open CASCADE STEP translator 7.8 1.4','',(#516));
#516 = PRODUCT_CONTEXT('',#2,'mechanical');
#517 = PRODUCT_DEFINITION_CONTEXT('part definition',#2,'design');
#518 = MANIFOLD_SURFACE_SHAPE_REPRESENTATION('',(#11,#519),#598);
#519 = SHELL_BASED_SURFACE_MODEL('',(#520));
#520 = OPEN_SHELL('',(#521));
#521 = ADVANCED_FACE('',(#522),#536,.T.);
#522 = FACE_BOUND('',#523,.T.);
#523 = EDGE_LOOP('',(#524,#547,#562));
#524 = ORIENTED_EDGE('',*,*,#525,.F.);
#525 = EDGE_CURVE('',#526,#528,#530,.T.);
#526 = VERTEX_POINT('',#527);
#527 = CARTESIAN_POINT('',(15.,0.,0.));
#528 = VERTEX_POINT('',#529);
#529 = CARTESIAN_POINT('',(15.,105.68741851997,0.));
#530 = SURFACE_CURVE('',#531,(#535),.PCURVE_S1.);
#531 = LINE('',#532,#533);
#532 = CARTESIAN_POINT('',(15.,-244.,0.));
#533 = VECTOR('',#534,1.);
#534 = DIRECTION('',(0.,1.,0.));
#535 = PCURVE('',#536,#541);
#536 = PLANE('',#537);
#537 = AXIS2_PLACEMENT_3D('',#538,#539,#540);
#538 = CARTESIAN_POINT('',(107.5,-244.,-244.));
#539 = DIRECTION('',(0.935063239715,-0.,0.354480941285));
#540 = DIRECTION('',(-0.354480941285,0.,0.935063239715));
#541 = DEFINITIONAL_REPRESENTATION('',(#542),#546);
#542 = LINE('',#543,#544);
#543 = CARTESIAN_POINT('',(260.94491755924,0.));
#544 = VECTOR('',#545,1.);
#545 = DIRECTION('',(0.,-1.));
#546 = ( GEOMETRIC_REPRESENTATION_CONTEXT(2) 
PARAMETRIC_REPRESENTATION_CONTEXT() REPRESENTATION_CONTEXT('2D SPACE',''
  ) );
#547 = ORIENTED_EDGE('',*,*,#548,.F.);
#548 = EDGE_CURVE('',#549,#526,#551,.T.);
#549 = VERTEX_POINT('',#550);
#550 = CARTESIAN_POINT('',(62.096850568825,-2.84217094304E-14,
    -124.2338544734));
#551 = SURFACE_CURVE('',#552,(#556),.PCURVE_S1.);
#552 = LINE('',#553,#554);
#553 = CARTESIAN_POINT('',(102.40326083364,0.,-230.5556285774));
#554 = VECTOR('',#555,1.);
#555 = DIRECTION('',(-0.354480941285,-0.,0.935063239715));
#556 = PCURVE('',#536,#557);
#557 = DEFINITIONAL_REPRESENTATION('',(#558),#561);
#558 = B_SPLINE_CURVE_WITH_KNOTS('',1,(#559,#560),.UNSPECIFIED.,.F.,.F.,
  (2,2),(113.70543679635,246.56688316373),.PIECEWISE_BEZIER_KNOTS.);
#559 = CARTESIAN_POINT('',(128.08347119186,-244.));
#560 = CARTESIAN_POINT('',(260.94491755924,-244.));
#561 = ( GEOMETRIC_REPRESENTATION_CONTEXT(2) 
PARAMETRIC_REPRESENTATION_CONTEXT() REPRESENTATION_CONTEXT('2D SPACE',''
  ) );
#562 = ORIENTED_EDGE('',*,*,#563,.F.);
#563 = EDGE_CURVE('',#528,#549,#564,.T.);
#564 = SURFACE_CURVE('',#565,(#584),.PCURVE_S1.);
#565 = B_SPLINE_CURVE_WITH_KNOTS('',9,(#566,#567,#568,#569,#570,#571,
    #572,#573,#574,#575,#576,#577,#578,#579,#580,#581,#582,#583),
  .UNSPECIFIED.,.F.,.F.,(10,8,10),(-11.18702234902,-0.773983346059,
    180.80980824821),.UNSPECIFIED.);
#566 = CARTESIAN_POINT('',(8.670147996959,112.73283752557,
    16.697123121535));
#567 = CARTESIAN_POINT('',(9.285099500003,112.04874598162,15.07498077837
    ));
#568 = CARTESIAN_POINT('',(9.899496660838,111.36527110551,
    13.454300700059));
#569 = CARTESIAN_POINT('',(10.513339479464,110.68241289725,
    11.835082886604));
#570 = CARTESIAN_POINT('',(11.12662795588,110.00017135684,
    10.217327338004));
#571 = CARTESIAN_POINT('',(11.739362090086,109.31854648427,
    8.601034054259));
#572 = CARTESIAN_POINT('',(12.351541882083,108.63753827954,6.98620303537
    ));
#573 = CARTESIAN_POINT('',(12.963167331871,107.95714674266,
    5.372834281335));
#574 = CARTESIAN_POINT('',(13.574238439449,107.27737187362,
    3.760927792155));
#575 = CARTESIAN_POINT('',(24.831017939071,94.75497355495,
    -25.93263110414));
#576 = CARTESIAN_POINT('',(34.146553153037,82.911860260977,
    -50.50550237124));
#577 = CARTESIAN_POINT('',(42.131441238173,71.068327096666,
    -71.56834229313));
#578 = CARTESIAN_POINT('',(48.785439836522,59.226380702456,
    -89.12051156875));
#579 = CARTESIAN_POINT('',(54.109396248466,47.381411629933,
    -103.1642452392));
#580 = CARTESIAN_POINT('',(58.101690218038,35.540141415539,
    -113.6952693318));
#581 = CARTESIAN_POINT('',(60.765231256942,23.695673184117,
    -120.7212586669));
#582 = CARTESIAN_POINT('',(62.096850568826,11.847778717567,
    -124.2338544734));
#583 = CARTESIAN_POINT('',(62.096850568825,-2.84217094304E-14,
    -124.2338544734));
#584 = PCURVE('',#536,#585);
#585 = DEFINITIONAL_REPRESENTATION('',(#586),#597);
#586 = B_SPLINE_CURVE_WITH_KNOTS('',9,(#587,#588,#589,#590,#591,#592,
    #593,#594,#595,#596),.UNSPECIFIED.,.F.,.F.,(10,10),(-0.773983346059,
    180.80980824821),.PIECEWISE_BEZIER_KNOTS.);
#587 = CARTESIAN_POINT('',(263.2447444335,-350.5982136724));
#588 = CARTESIAN_POINT('',(233.21135901183,-338.7549735549));
#589 = CARTESIAN_POINT('',(206.93199070455,-326.911860261));
#590 = CARTESIAN_POINT('',(184.40641272501,-315.0683270965));
#591 = CARTESIAN_POINT('',(165.63530877185,-303.2263807025));
#592 = CARTESIAN_POINT('',(150.61628858781,-291.3814116298));
#593 = CARTESIAN_POINT('',(139.35392295811,-279.5401414156));
#594 = CARTESIAN_POINT('',(131.84000407356,-267.695673184));
#595 = CARTESIAN_POINT('',(128.08347119187,-255.8477787175));
#596 = CARTESIAN_POINT('',(128.08347119186,-244.));
#597 = ( GEOMETRIC_REPRESENTATION_CONTEXT(2) 
PARAMETRIC_REPRESENTATION_CONTEXT() REPRESENTATION_CONTEXT('2D SPACE',''
  ) );
#598 = ( GEOMETRIC_REPRESENTATION_CONTEXT(3) 
GLOBAL_UNCERTAINTY_ASSIGNED_CONTEXT((#602)) GLOBAL_UNIT_ASSIGNED_CONTEXT
((#599,#600,#601)) REPRESENTATION_CONTEXT('Context #1',
  '3D Context with UNIT and UNCERTAINTY') );
#599 = ( LENGTH_UNIT() NAMED_UNIT(*) SI_UNIT(.MILLI.,.METRE.) );
#600 = ( NAMED_UNIT(*) PLANE_ANGLE_UNIT() SI_UNIT($,.RADIAN.) );
#601 = ( NAMED_UNIT(*) SI_UNIT($,.STERADIAN.) SOLID_ANGLE_UNIT() );
#602 = UNCERTAINTY_MEASURE_WITH_UNIT(LENGTH_MEASURE(2.E-05),#599,
  'distance_accuracy_value','confusion accuracy');
#603 = CONTEXT_DEPENDENT_SHAPE_REPRESENTATION(#604,#606);
#604 = ( REPRESENTATION_RELATIONSHIP('','',#518,#10) 
REPRESENTATION_RELATIONSHIP_WITH_TRANSFORMATION(#605) 
SHAPE_REPRESENTATION_RELATIONSHIP() );
#605 = ITEM_DEFINED_TRANSFORMATION('','',#11,#27);
#606 = PRODUCT_DEFINITION_SHAPE('Placement','Placement of an item',#607
  );
#607 = NEXT_ASSEMBLY_USAGE_OCCURRENCE('4','','',#5,#513,$);
#608 = PRODUCT_RELATED_PRODUCT_CATEGORY('part',$,(#515));
#609 = SHAPE_DEFINITION_REPRESENTATION(#610,#616);
#610 = PRODUCT_DEFINITION_SHAPE('','',#611);
#611 = PRODUCT_DEFINITION('design','',#612,#615);
#612 = PRODUCT_DEFINITION_FORMATION('','',#613);
#613 = PRODUCT('Open CASCADE STEP translator 7.8 1.5',
  'Open CASCADE STEP translator 7.8 1.5','',(#614));
#614 = PRODUCT_CONTEXT('',#2,'mechanical');
#615 = PRODUCT_DEFINITION_CONTEXT('part definition',#2,'design');
#616 = MANIFOLD_SURFACE_SHAPE_REPRESENTATION('',(#11,#617),#738);
#617 = SHELL_BASED_SURFACE_MODEL('',(#618));
#618 = OPEN_SHELL('',(#619));
#619 = ADVANCED_FACE('',(#620),#635,.T.);
#620 = FACE_BOUND('',#621,.T.);
#621 = EDGE_LOOP('',(#622,#646,#692,#708,#725));
#622 = ORIENTED_EDGE('',*,*,#623,.F.);
#623 = EDGE_CURVE('',#624,#626,#628,.T.);
#624 = VERTEX_POINT('',#625);
#625 = CARTESIAN_POINT('',(0.20922840488,92.49976336983,0.));
#626 = VERTEX_POINT('',#627);
#627 = CARTESIAN_POINT('',(5.663804386428E-15,92.5,0.));
#628 = SURFACE_CURVE('',#629,(#634),.PCURVE_S1.);
#629 = CIRCLE('',#630,92.5);
#630 = AXIS2_PLACEMENT_3D('',#631,#632,#633);
#631 = CARTESIAN_POINT('',(0.,0.,0.));
#632 = DIRECTION('',(0.,0.,1.));
#633 = DIRECTION('',(1.,0.,-0.));
#634 = PCURVE('',#635,#640);
#635 = CONICAL_SURFACE('',#636,0.25,0.362358903356);
#636 = AXIS2_PLACEMENT_3D('',#637,#638,#639);
#637 = CARTESIAN_POINT('',(0.,0.,-243.340540541));
#638 = DIRECTION('',(0.,0.,1.));
#639 = DIRECTION('',(1.,0.,-0.));
#640 = DEFINITIONAL_REPRESENTATION('',(#641),#645);
#641 = LINE('',#642,#643);
#642 = CARTESIAN_POINT('',(0.,243.340540541));
#643 = VECTOR('',#644,1.);
#644 = DIRECTION('',(1.,0.));
#645 = ( GEOMETRIC_REPRESENTATION_CONTEXT(2) 
PARAMETRIC_REPRESENTATION_CONTEXT() REPRESENTATION_CONTEXT('2D SPACE',''
  ) );
#646 = ORIENTED_EDGE('',*,*,#647,.T.);
#647 = EDGE_CURVE('',#624,#648,#650,.T.);
#648 = VERTEX_POINT('',#649);
#649 = CARTESIAN_POINT('',(46.564527585367,0.,-121.1703272345));
#650 = SURFACE_CURVE('',#651,(#672),.PCURVE_S1.);
#651 = B_SPLINE_CURVE_WITH_KNOTS('',10,(#652,#653,#654,#655,#656,#657,
    #658,#659,#660,#661,#662,#663,#664,#665,#666,#667,#668,#669,#670,
    #671),.UNSPECIFIED.,.F.,.F.,(11,9,11),(-9.324430068779,
    -0.109827087196,166.39703247597),.UNSPECIFIED.);
#652 = CARTESIAN_POINT('',(-4.898282251459,97.595553707383,
    13.411359700828));
#653 = CARTESIAN_POINT('',(-4.387531185825,97.085974673628,
    12.070223730745));
#654 = CARTESIAN_POINT('',(-3.876780120191,96.576395639872,
    10.729087760662));
#655 = CARTESIAN_POINT('',(-3.366029054557,96.066816606117,
    9.387951790579));
#656 = CARTESIAN_POINT('',(-2.855277988924,95.557237572362,
    8.046815820497));
#657 = CARTESIAN_POINT('',(-2.34452692329,95.047658538607,6.705679850414
    ));
#658 = CARTESIAN_POINT('',(-1.833775857656,94.538079504852,
    5.364543880331));
#659 = CARTESIAN_POINT('',(-1.323024792022,94.028500471096,
    4.023407910248));
#660 = CARTESIAN_POINT('',(-0.812273726388,93.518921437341,
    2.682271940166));
#661 = CARTESIAN_POINT('',(-0.301522660754,93.009342403586,
    1.341135970083));
#662 = CARTESIAN_POINT('',(9.438443828183,83.291726433304,
    -24.23417906034));
#663 = CARTESIAN_POINT('',(17.65152819904,74.079003845541,
    -45.77568044265));
#664 = CARTESIAN_POINT('',(24.848434173484,64.859771139795,
    -64.62449983168));
#665 = CARTESIAN_POINT('',(31.028804101241,55.63209596752,
    -80.78062843024));
#666 = CARTESIAN_POINT('',(36.190822550002,46.392357969851,
    -94.24409858692));
#667 = CARTESIAN_POINT('',(40.332102944102,37.139368855213,
    -105.0147260326));
#668 = CARTESIAN_POINT('',(43.446580194025,27.867992500345,
    -113.0928881406));
#669 = CARTESIAN_POINT('',(45.525179790349,18.583121609584,
    -118.477818247));
#670 = CARTESIAN_POINT('',(46.564527585367,9.291564249064,
    -121.1703272345));
#671 = CARTESIAN_POINT('',(46.564527585367,0.,-121.1703272345));
#672 = PCURVE('',#635,#673);
#673 = DEFINITIONAL_REPRESENTATION('',(#674),#691);
#674 = B_SPLINE_CURVE_WITH_KNOTS('',8,(#675,#676,#677,#678,#679,#680,
    #681,#682,#683,#684,#685,#686,#687,#688,#689,#690),.UNSPECIFIED.,.F.
  ,.F.,(9,7,9),(-0.109827087196,83.143602694389,166.39703247597),
  .UNSPECIFIED.);
#675 = CARTESIAN_POINT('',(1.568534396165,243.340540541));
#676 = CARTESIAN_POINT('',(1.50603426281,228.19417862828));
#677 = CARTESIAN_POINT('',(1.439079942883,214.12969374948));
#678 = CARTESIAN_POINT('',(1.367301573763,201.14710136776));
#679 = CARTESIAN_POINT('',(1.290330738629,189.24636579419));
#680 = CARTESIAN_POINT('',(1.207826845492,178.42754114269));
#681 = CARTESIAN_POINT('',(1.119526106534,168.69058639795));
#682 = CARTESIAN_POINT('',(1.025346658022,160.03552903762));
#683 = CARTESIAN_POINT('',(0.82561591153,144.88921069373));
#684 = CARTESIAN_POINT('',(0.720064664109,138.39795013268));
#685 = CARTESIAN_POINT('',(0.609019068735,132.98859777904));
#686 = CARTESIAN_POINT('',(0.49294777138,128.66114927616));
#687 = CARTESIAN_POINT('',(0.372664491162,125.41562983893));
#688 = CARTESIAN_POINT('',(0.249426990646,123.25202355727));
#689 = CARTESIAN_POINT('',(0.1247135525,122.17021330649));
#690 = CARTESIAN_POINT('',(6.09604997593E-16,122.17021330649));
#691 = ( GEOMETRIC_REPRESENTATION_CONTEXT(2) 
PARAMETRIC_REPRESENTATION_CONTEXT() REPRESENTATION_CONTEXT('2D SPACE',''
  ) );
#692 = ORIENTED_EDGE('',*,*,#693,.F.);
#693 = EDGE_CURVE('',#694,#648,#696,.T.);
#694 = VERTEX_POINT('',#695);
#695 = CARTESIAN_POINT('',(0.25,-6.123031769112E-17,-243.340540541));
#696 = SURFACE_CURVE('',#697,(#701),.PCURVE_S1.);
#697 = LINE('',#698,#699);
#698 = CARTESIAN_POINT('',(0.25,-6.123031769112E-17,-243.340540541));
#699 = VECTOR('',#700,1.);
#700 = DIRECTION('',(0.354480941285,-8.681992260123E-17,0.935063239715)
  );
#701 = PCURVE('',#635,#702);
#702 = DEFINITIONAL_REPRESENTATION('',(#703),#707);
#703 = LINE('',#704,#705);
#704 = CARTESIAN_POINT('',(0.,-0.));
#705 = VECTOR('',#706,1.);
#706 = DIRECTION('',(0.,1.));
#707 = ( GEOMETRIC_REPRESENTATION_CONTEXT(2) 
PARAMETRIC_REPRESENTATION_CONTEXT() REPRESENTATION_CONTEXT('2D SPACE',''
  ) );
#708 = ORIENTED_EDGE('',*,*,#709,.T.);
#709 = EDGE_CURVE('',#694,#710,#712,.T.);
#710 = VERTEX_POINT('',#711);
#711 = CARTESIAN_POINT('',(1.530757942278E-17,0.25,-243.340540541));
#712 = SURFACE_CURVE('',#713,(#718),.PCURVE_S1.);
#713 = CIRCLE('',#714,0.25);
#714 = AXIS2_PLACEMENT_3D('',#715,#716,#717);
#715 = CARTESIAN_POINT('',(0.,0.,-243.340540541));
#716 = DIRECTION('',(0.,0.,1.));
#717 = DIRECTION('',(1.,0.,-0.));
#718 = PCURVE('',#635,#719);
#719 = DEFINITIONAL_REPRESENTATION('',(#720),#724);
#720 = LINE('',#721,#722);
#721 = CARTESIAN_POINT('',(0.,0.));
#722 = VECTOR('',#723,1.);
#723 = DIRECTION('',(1.,0.));
#724 = ( GEOMETRIC_REPRESENTATION_CONTEXT(2) 
PARAMETRIC_REPRESENTATION_CONTEXT() REPRESENTATION_CONTEXT('2D SPACE',''
  ) );
#725 = ORIENTED_EDGE('',*,*,#726,.T.);
#726 = EDGE_CURVE('',#710,#626,#727,.T.);
#727 = SURFACE_CURVE('',#728,(#732),.PCURVE_S1.);
#728 = LINE('',#729,#730);
#729 = CARTESIAN_POINT('',(0.,0.,-244.0000000004));
#730 = VECTOR('',#731,1.);
#731 = DIRECTION('',(0.,0.354480941285,0.935063239715));
#732 = PCURVE('',#635,#733);
#733 = DEFINITIONAL_REPRESENTATION('',(#734),#737);
#734 = B_SPLINE_CURVE_WITH_KNOTS('',1,(#735,#736),.UNSPECIFIED.,.F.,.F.,
  (2,2),(0.705256533945,260.94491755967),.PIECEWISE_BEZIER_KNOTS.);
#735 = CARTESIAN_POINT('',(1.570796326795,-8.927907148623E-15));
#736 = CARTESIAN_POINT('',(1.570796326795,243.340540541));
#737 = ( GEOMETRIC_REPRESENTATION_CONTEXT(2) 
PARAMETRIC_REPRESENTATION_CONTEXT() REPRESENTATION_CONTEXT('2D SPACE',''
  ) );
#738 = ( GEOMETRIC_REPRESENTATION_CONTEXT(3) 
GLOBAL_UNCERTAINTY_ASSIGNED_CONTEXT((#742)) GLOBAL_UNIT_ASSIGNED_CONTEXT
((#739,#740,#741)) REPRESENTATION_CONTEXT('Context #1',
  '3D Context with UNIT and UNCERTAINTY') );
#739 = ( LENGTH_UNIT() NAMED_UNIT(*) SI_UNIT(.MILLI.,.METRE.) );
#740 = ( NAMED_UNIT(*) PLANE_ANGLE_UNIT() SI_UNIT($,.RADIAN.) );
#741 = ( NAMED_UNIT(*) SI_UNIT($,.STERADIAN.) SOLID_ANGLE_UNIT() );
#742 = UNCERTAINTY_MEASURE_WITH_UNIT(LENGTH_MEASURE(2.E-05),#739,
  'distance_accuracy_value','confusion accuracy');
#743 = CONTEXT_DEPENDENT_SHAPE_REPRESENTATION(#744,#746);
#744 = ( REPRESENTATION_RELATIONSHIP('','',#616,#10) 
REPRESENTATION_RELATIONSHIP_WITH_TRANSFORMATION(#745) 
SHAPE_REPRESENTATION_RELATIONSHIP() );
#745 = ITEM_DEFINED_TRANSFORMATION('','',#11,#31);
#746 = PRODUCT_DEFINITION_SHAPE('Placement','Placement of an item',#747
  );
#747 = NEXT_ASSEMBLY_USAGE_OCCURRENCE('5','','',#5,#611,$);
#748 = PRODUCT_RELATED_PRODUCT_CATEGORY('part',$,(#613));
#749 = SHAPE_DEFINITION_REPRESENTATION(#750,#756);
#750 = PRODUCT_DEFINITION_SHAPE('','',#751);
#751 = PRODUCT_DEFINITION('design','',#752,#755);
#752 = PRODUCT_DEFINITION_FORMATION('','',#753);
#753 = PRODUCT('Open CASCADE STEP translator 7.8 1.6',
  'Open CASCADE STEP translator 7.8 1.6','',(#754));
#754 = PRODUCT_CONTEXT('',#2,'mechanical');
#755 = PRODUCT_DEFINITION_CONTEXT('part definition',#2,'design');
#756 = MANIFOLD_SURFACE_SHAPE_REPRESENTATION('',(#11,#757),#884);
#757 = SHELL_BASED_SURFACE_MODEL('',(#758));
#758 = OPEN_SHELL('',(#759));
#759 = ADVANCED_FACE('',(#760),#774,.T.);
#760 = FACE_BOUND('',#761,.T.);
#761 = EDGE_LOOP('',(#762,#784,#800,#854,#871));
#762 = ORIENTED_EDGE('',*,*,#763,.F.);
#763 = EDGE_CURVE('',#764,#766,#768,.T.);
#764 = VERTEX_POINT('',#765);
#765 = CARTESIAN_POINT('',(0.75,0.,0.));
#766 = VERTEX_POINT('',#767);
#767 = CARTESIAN_POINT('',(0.,0.,0.));
#768 = SURFACE_CURVE('',#769,(#773),.PCURVE_S1.);
#769 = LINE('',#770,#771);
#770 = CARTESIAN_POINT('',(0.,0.,0.));
#771 = VECTOR('',#772,1.);
#772 = DIRECTION('',(-1.,-0.,0.));
#773 = PCURVE('',#774,#779);
#774 = PLANE('',#775);
#775 = AXIS2_PLACEMENT_3D('',#776,#777,#778);
#776 = CARTESIAN_POINT('',(0.,0.,0.));
#777 = DIRECTION('',(0.,0.,1.));
#778 = DIRECTION('',(1.,0.,-0.));
#779 = DEFINITIONAL_REPRESENTATION('',(#780),#783);
#780 = B_SPLINE_CURVE_WITH_KNOTS('',1,(#781,#782),.UNSPECIFIED.,.F.,.F.,
  (2,2),(-0.75,0.),.PIECEWISE_BEZIER_KNOTS.);
#781 = CARTESIAN_POINT('',(0.75,0.));
#782 = CARTESIAN_POINT('',(0.,0.));
#783 = ( GEOMETRIC_REPRESENTATION_CONTEXT(2) 
PARAMETRIC_REPRESENTATION_CONTEXT() REPRESENTATION_CONTEXT('2D SPACE',''
  ) );
#784 = ORIENTED_EDGE('',*,*,#785,.T.);
#785 = EDGE_CURVE('',#764,#786,#788,.T.);
#786 = VERTEX_POINT('',#787);
#787 = CARTESIAN_POINT('',(0.75,91.95768802348,0.));
#788 = SURFACE_CURVE('',#789,(#793),.PCURVE_S1.);
#789 = LINE('',#790,#791);
#790 = CARTESIAN_POINT('',(0.75,-244.,0.));
#791 = VECTOR('',#792,1.);
#792 = DIRECTION('',(0.,1.,0.));
#793 = PCURVE('',#774,#794);
#794 = DEFINITIONAL_REPRESENTATION('',(#795),#799);
#795 = LINE('',#796,#797);
#796 = CARTESIAN_POINT('',(0.75,-244.));
#797 = VECTOR('',#798,1.);
#798 = DIRECTION('',(0.,1.));
#799 = ( GEOMETRIC_REPRESENTATION_CONTEXT(2) 
PARAMETRIC_REPRESENTATION_CONTEXT() REPRESENTATION_CONTEXT('2D SPACE',''
  ) );
#800 = ORIENTED_EDGE('',*,*,#801,.F.);
#801 = EDGE_CURVE('',#802,#786,#804,.T.);
#802 = VERTEX_POINT('',#803);
#803 = CARTESIAN_POINT('',(0.20922840488,92.49976336983,0.));
#804 = SURFACE_CURVE('',#805,(#828),.PCURVE_S1.);
#805 = B_SPLINE_CURVE_WITH_KNOTS('',6,(#806,#807,#808,#809,#810,#811,
    #812,#813,#814,#815,#816,#817,#818,#819,#820,#821,#822,#823,#824,
    #825,#826,#827),.UNSPECIFIED.,.F.,.F.,(7,5,5,5,7),(0.,0.249999526284
    ,0.500000003103,0.750000477551,1.),.UNSPECIFIED.);
#806 = CARTESIAN_POINT('',(0.20922840488,92.49976336983,0.));
#807 = CARTESIAN_POINT('',(0.239073464076,92.499695862262,0.));
#808 = CARTESIAN_POINT('',(0.27020674739,92.497369649464,0.));
#809 = CARTESIAN_POINT('',(0.302412268981,92.492499881832,0.));
#810 = CARTESIAN_POINT('',(0.335372308879,92.484829760887,0.));
#811 = CARTESIAN_POINT('',(0.368648007156,92.474196261592,0.));
#812 = CARTESIAN_POINT('',(0.434842531732,92.446968341602,0.));
#813 = CARTESIAN_POINT('',(0.467761219798,92.430373759034,0.));
#814 = CARTESIAN_POINT('',(0.500008356683,92.410780860669,0.));
#815 = CARTESIAN_POINT('',(0.531031389698,92.388313132946,0.));
#816 = CARTESIAN_POINT('',(0.5603030088,92.363277640108,0.));
#817 = CARTESIAN_POINT('',(0.614520146229,92.308901969277,0.));
#818 = CARTESIAN_POINT('',(0.639465489481,92.279561969639,0.));
#819 = CARTESIAN_POINT('',(0.661834872388,92.248484167964,0.));
#820 = CARTESIAN_POINT('',(0.681325360363,92.216197273046,0.));
#821 = CARTESIAN_POINT('',(0.69781751171,92.18325298021,0.));
#822 = CARTESIAN_POINT('',(0.724846322566,92.117032028537,0.));
#823 = CARTESIAN_POINT('',(0.735383145923,92.083755503895,0.));
#824 = CARTESIAN_POINT('',(0.742962408016,92.050805259826,0.));
#825 = CARTESIAN_POINT('',(0.747748982569,92.018617346768,0.));
#826 = CARTESIAN_POINT('',(0.75,91.987506927482,0.));
#827 = CARTESIAN_POINT('',(0.75,91.957688023342,0.));
#828 = PCURVE('',#774,#829);
#829 = DEFINITIONAL_REPRESENTATION('',(#830),#853);
#830 = B_SPLINE_CURVE_WITH_KNOTS('',6,(#831,#832,#833,#834,#835,#836,
    #837,#838,#839,#840,#841,#842,#843,#844,#845,#846,#847,#848,#849,
    #850,#851,#852),.UNSPECIFIED.,.F.,.F.,(7,5,5,5,7),(0.,0.249999526284
    ,0.500000003103,0.750000477551,1.),.UNSPECIFIED.);
#831 = CARTESIAN_POINT('',(0.20922840488,92.49976336983));
#832 = CARTESIAN_POINT('',(0.239073464076,92.499695862262));
#833 = CARTESIAN_POINT('',(0.27020674739,92.497369649464));
#834 = CARTESIAN_POINT('',(0.302412268981,92.492499881832));
#835 = CARTESIAN_POINT('',(0.335372308879,92.484829760887));
#836 = CARTESIAN_POINT('',(0.368648007156,92.474196261592));
#837 = CARTESIAN_POINT('',(0.434842531732,92.446968341602));
#838 = CARTESIAN_POINT('',(0.467761219798,92.430373759034));
#839 = CARTESIAN_POINT('',(0.500008356683,92.410780860669));
#840 = CARTESIAN_POINT('',(0.531031389698,92.388313132946));
#841 = CARTESIAN_POINT('',(0.5603030088,92.363277640108));
#842 = CARTESIAN_POINT('',(0.614520146229,92.308901969277));
#843 = CARTESIAN_POINT('',(0.639465489481,92.279561969639));
#844 = CARTESIAN_POINT('',(0.661834872388,92.248484167964));
#845 = CARTESIAN_POINT('',(0.681325360363,92.216197273046));
#846 = CARTESIAN_POINT('',(0.69781751171,92.18325298021));
#847 = CARTESIAN_POINT('',(0.724846322566,92.117032028537));
#848 = CARTESIAN_POINT('',(0.735383145923,92.083755503895));
#849 = CARTESIAN_POINT('',(0.742962408016,92.050805259826));
#850 = CARTESIAN_POINT('',(0.747748982569,92.018617346768));
#851 = CARTESIAN_POINT('',(0.75,91.987506927482));
#852 = CARTESIAN_POINT('',(0.75,91.957688023342));
#853 = ( GEOMETRIC_REPRESENTATION_CONTEXT(2) 
PARAMETRIC_REPRESENTATION_CONTEXT() REPRESENTATION_CONTEXT('2D SPACE',''
  ) );
#854 = ORIENTED_EDGE('',*,*,#855,.T.);
#855 = EDGE_CURVE('',#802,#856,#858,.T.);
#856 = VERTEX_POINT('',#857);
#857 = CARTESIAN_POINT('',(5.663804386428E-15,92.5,0.));
#858 = SURFACE_CURVE('',#859,(#864),.PCURVE_S1.);
#859 = CIRCLE('',#860,92.5);
#860 = AXIS2_PLACEMENT_3D('',#861,#862,#863);
#861 = CARTESIAN_POINT('',(0.,0.,0.));
#862 = DIRECTION('',(0.,0.,1.));
#863 = DIRECTION('',(1.,0.,-0.));
#864 = PCURVE('',#774,#865);
#865 = DEFINITIONAL_REPRESENTATION('',(#866),#870);
#866 = CIRCLE('',#867,92.5);
#867 = AXIS2_PLACEMENT_2D('',#868,#869);
#868 = CARTESIAN_POINT('',(0.,0.));
#869 = DIRECTION('',(1.,0.));
#870 = ( GEOMETRIC_REPRESENTATION_CONTEXT(2) 
PARAMETRIC_REPRESENTATION_CONTEXT() REPRESENTATION_CONTEXT('2D SPACE',''
  ) );
#871 = ORIENTED_EDGE('',*,*,#872,.F.);
#872 = EDGE_CURVE('',#766,#856,#873,.T.);
#873 = SURFACE_CURVE('',#874,(#878),.PCURVE_S1.);
#874 = LINE('',#875,#876);
#875 = CARTESIAN_POINT('',(0.,0.,0.));
#876 = VECTOR('',#877,1.);
#877 = DIRECTION('',(-0.,1.,0.));
#878 = PCURVE('',#774,#879);
#879 = DEFINITIONAL_REPRESENTATION('',(#880),#883);
#880 = B_SPLINE_CURVE_WITH_KNOTS('',1,(#881,#882),.UNSPECIFIED.,.F.,.F.,
  (2,2),(0.,92.5),.PIECEWISE_BEZIER_KNOTS.);
#881 = CARTESIAN_POINT('',(0.,0.));
#882 = CARTESIAN_POINT('',(0.,92.5));
#883 = ( GEOMETRIC_REPRESENTATION_CONTEXT(2) 
PARAMETRIC_REPRESENTATION_CONTEXT() REPRESENTATION_CONTEXT('2D SPACE',''
  ) );
#884 = ( GEOMETRIC_REPRESENTATION_CONTEXT(3) 
GLOBAL_UNCERTAINTY_ASSIGNED_CONTEXT((#888)) GLOBAL_UNIT_ASSIGNED_CONTEXT
((#885,#886,#887)) REPRESENTATION_CONTEXT('Context #1',
  '3D Context with UNIT and UNCERTAINTY') );
#885 = ( LENGTH_UNIT() NAMED_UNIT(*) SI_UNIT(.MILLI.,.METRE.) );
#886 = ( NAMED_UNIT(*) PLANE_ANGLE_UNIT() SI_UNIT($,.RADIAN.) );
#887 = ( NAMED_UNIT(*) SI_UNIT($,.STERADIAN.) SOLID_ANGLE_UNIT() );
#888 = UNCERTAINTY_MEASURE_WITH_UNIT(LENGTH_MEASURE(5.E-06),#885,
  'distance_accuracy_value','confusion accuracy');
#889 = CONTEXT_DEPENDENT_SHAPE_REPRESENTATION(#890,#892);
#890 = ( REPRESENTATION_RELATIONSHIP('','',#756,#10) 
REPRESENTATION_RELATIONSHIP_WITH_TRANSFORMATION(#891) 
SHAPE_REPRESENTATION_RELATIONSHIP() );
#891 = ITEM_DEFINED_TRANSFORMATION('','',#11,#35);
#892 = PRODUCT_DEFINITION_SHAPE('Placement','Placement of an item',#893
  );
#893 = NEXT_ASSEMBLY_USAGE_OCCURRENCE('6','','',#5,#751,$);
#894 = PRODUCT_RELATED_PRODUCT_CATEGORY('part',$,(#753));
#895 = SHAPE_DEFINITION_REPRESENTATION(#896,#902);
#896 = PRODUCT_DEFINITION_SHAPE('','',#897);
#897 = PRODUCT_DEFINITION('design','',#898,#901);
#898 = PRODUCT_DEFINITION_FORMATION('','',#899);
#899 = PRODUCT('Open CASCADE STEP translator 7.8 1.7',
  'Open CASCADE STEP translator 7.8 1.7','',(#900));
#900 = PRODUCT_CONTEXT('',#2,'mechanical');
#901 = PRODUCT_DEFINITION_CONTEXT('part definition',#2,'design');
#902 = MANIFOLD_SURFACE_SHAPE_REPRESENTATION('',(#11,#903),#960);
#903 = SHELL_BASED_SURFACE_MODEL('',(#904));
#904 = OPEN_SHELL('',(#905));
#905 = ADVANCED_FACE('',(#906),#920,.F.);
#906 = FACE_BOUND('',#907,.F.);
#907 = EDGE_LOOP('',(#908,#930,#947));
#908 = ORIENTED_EDGE('',*,*,#909,.F.);
#909 = EDGE_CURVE('',#910,#912,#914,.T.);
#910 = VERTEX_POINT('',#911);
#911 = CARTESIAN_POINT('',(0.25,-6.123031769112E-17,-243.340540541));
#912 = VERTEX_POINT('',#913);
#913 = CARTESIAN_POINT('',(0.,0.,-243.340540541));
#914 = SURFACE_CURVE('',#915,(#919),.PCURVE_S1.);
#915 = LINE('',#916,#917);
#916 = CARTESIAN_POINT('',(0.,0.,-243.340540541));
#917 = VECTOR('',#918,1.);
#918 = DIRECTION('',(-1.,-0.,0.));
#919 = PCURVE('',#920,#925);
#920 = PLANE('',#921);
#921 = AXIS2_PLACEMENT_3D('',#922,#923,#924);
#922 = CARTESIAN_POINT('',(0.,0.,-243.340540541));
#923 = DIRECTION('',(0.,0.,1.));
#924 = DIRECTION('',(1.,0.,-0.));
#925 = DEFINITIONAL_REPRESENTATION('',(#926),#929);
#926 = B_SPLINE_CURVE_WITH_KNOTS('',1,(#927,#928),.UNSPECIFIED.,.F.,.F.,
  (2,2),(-0.25,0.),.PIECEWISE_BEZIER_KNOTS.);
#927 = CARTESIAN_POINT('',(0.25,0.));
#928 = CARTESIAN_POINT('',(0.,0.));
#929 = ( GEOMETRIC_REPRESENTATION_CONTEXT(2) 
PARAMETRIC_REPRESENTATION_CONTEXT() REPRESENTATION_CONTEXT('2D SPACE',''
  ) );
#930 = ORIENTED_EDGE('',*,*,#931,.T.);
#931 = EDGE_CURVE('',#910,#932,#934,.T.);
#932 = VERTEX_POINT('',#933);
#933 = CARTESIAN_POINT('',(1.530757942278E-17,0.25,-243.340540541));
#934 = SURFACE_CURVE('',#935,(#940),.PCURVE_S1.);
#935 = CIRCLE('',#936,0.25);
#936 = AXIS2_PLACEMENT_3D('',#937,#938,#939);
#937 = CARTESIAN_POINT('',(0.,0.,-243.340540541));
#938 = DIRECTION('',(0.,0.,1.));
#939 = DIRECTION('',(1.,0.,-0.));
#940 = PCURVE('',#920,#941);
#941 = DEFINITIONAL_REPRESENTATION('',(#942),#946);
#942 = CIRCLE('',#943,0.25);
#943 = AXIS2_PLACEMENT_2D('',#944,#945);
#944 = CARTESIAN_POINT('',(0.,0.));
#945 = DIRECTION('',(1.,0.));
#946 = ( GEOMETRIC_REPRESENTATION_CONTEXT(2) 
PARAMETRIC_REPRESENTATION_CONTEXT() REPRESENTATION_CONTEXT('2D SPACE',''
  ) );
#947 = ORIENTED_EDGE('',*,*,#948,.F.);
#948 = EDGE_CURVE('',#912,#932,#949,.T.);
#949 = SURFACE_CURVE('',#950,(#954),.PCURVE_S1.);
#950 = LINE('',#951,#952);
#951 = CARTESIAN_POINT('',(0.,0.,-243.340540541));
#952 = VECTOR('',#953,1.);
#953 = DIRECTION('',(-0.,1.,0.));
#954 = PCURVE('',#920,#955);
#955 = DEFINITIONAL_REPRESENTATION('',(#956),#959);
#956 = B_SPLINE_CURVE_WITH_KNOTS('',1,(#957,#958),.UNSPECIFIED.,.F.,.F.,
  (2,2),(0.,0.25),.PIECEWISE_BEZIER_KNOTS.);
#957 = CARTESIAN_POINT('',(0.,0.));
#958 = CARTESIAN_POINT('',(0.,0.25));
#959 = ( GEOMETRIC_REPRESENTATION_CONTEXT(2) 
PARAMETRIC_REPRESENTATION_CONTEXT() REPRESENTATION_CONTEXT('2D SPACE',''
  ) );
#960 = ( GEOMETRIC_REPRESENTATION_CONTEXT(3) 
GLOBAL_UNCERTAINTY_ASSIGNED_CONTEXT((#964)) GLOBAL_UNIT_ASSIGNED_CONTEXT
((#961,#962,#963)) REPRESENTATION_CONTEXT('Context #1',
  '3D Context with UNIT and UNCERTAINTY') );
#961 = ( LENGTH_UNIT() NAMED_UNIT(*) SI_UNIT(.MILLI.,.METRE.) );
#962 = ( NAMED_UNIT(*) PLANE_ANGLE_UNIT() SI_UNIT($,.RADIAN.) );
#963 = ( NAMED_UNIT(*) SI_UNIT($,.STERADIAN.) SOLID_ANGLE_UNIT() );
#964 = UNCERTAINTY_MEASURE_WITH_UNIT(LENGTH_MEASURE(2.E-07),#961,
  'distance_accuracy_value','confusion accuracy');
#965 = CONTEXT_DEPENDENT_SHAPE_REPRESENTATION(#966,#968);
#966 = ( REPRESENTATION_RELATIONSHIP('','',#902,#10) 
REPRESENTATION_RELATIONSHIP_WITH_TRANSFORMATION(#967) 
SHAPE_REPRESENTATION_RELATIONSHIP() );
#967 = ITEM_DEFINED_TRANSFORMATION('','',#11,#39);
#968 = PRODUCT_DEFINITION_SHAPE('Placement','Placement of an item',#969
  );
#969 = NEXT_ASSEMBLY_USAGE_OCCURRENCE('7','','',#5,#897,$);
#970 = PRODUCT_RELATED_PRODUCT_CATEGORY('part',$,(#899));
#971 = SHAPE_DEFINITION_REPRESENTATION(#972,#978);
#972 = PRODUCT_DEFINITION_SHAPE('','',#973);
#973 = PRODUCT_DEFINITION('design','',#974,#977);
#974 = PRODUCT_DEFINITION_FORMATION('','',#975);
#975 = PRODUCT('Open CASCADE STEP translator 7.8 1.8',
  'Open CASCADE STEP translator 7.8 1.8','',(#976));
#976 = PRODUCT_CONTEXT('',#2,'mechanical');
#977 = PRODUCT_DEFINITION_CONTEXT('part definition',#2,'design');
#978 = MANIFOLD_SURFACE_SHAPE_REPRESENTATION('',(#11,#979),#1180);
#979 = SHELL_BASED_SURFACE_MODEL('',(#980));
#980 = OPEN_SHELL('',(#981));
#981 = ADVANCED_FACE('',(#982),#1015,.T.);
#982 = FACE_BOUND('',#983,.T.);
#983 = EDGE_LOOP('',(#984,#1101,#1134,#1149));
#984 = ORIENTED_EDGE('',*,*,#985,.T.);
#985 = EDGE_CURVE('',#986,#988,#990,.T.);
#986 = VERTEX_POINT('',#987);
#987 = CARTESIAN_POINT('',(0.20922840488,92.49976336983,0.));
#988 = VERTEX_POINT('',#989);
#989 = CARTESIAN_POINT('',(0.75,91.95768802348,0.));
#990 = SURFACE_CURVE('',#991,(#1014),.PCURVE_S1.);
#991 = B_SPLINE_CURVE_WITH_KNOTS('',6,(#992,#993,#994,#995,#996,#997,
    #998,#999,#1000,#1001,#1002,#1003,#1004,#1005,#1006,#1007,#1008,
    #1009,#1010,#1011,#1012,#1013),.UNSPECIFIED.,.F.,.F.,(7,5,5,5,7),(0.
    ,0.249999526284,0.500000003103,0.750000477551,1.),.UNSPECIFIED.);
#992 = CARTESIAN_POINT('',(0.20922840488,92.49976336983,0.));
#993 = CARTESIAN_POINT('',(0.239073464076,92.499695862262,0.));
#994 = CARTESIAN_POINT('',(0.27020674739,92.497369649464,0.));
#995 = CARTESIAN_POINT('',(0.302412268981,92.492499881832,0.));
#996 = CARTESIAN_POINT('',(0.335372308879,92.484829760887,0.));
#997 = CARTESIAN_POINT('',(0.368648007156,92.474196261592,0.));
#998 = CARTESIAN_POINT('',(0.434842531732,92.446968341602,0.));
#999 = CARTESIAN_POINT('',(0.467761219798,92.430373759034,0.));
#1000 = CARTESIAN_POINT('',(0.500008356683,92.410780860669,0.));
#1001 = CARTESIAN_POINT('',(0.531031389698,92.388313132946,0.));
#1002 = CARTESIAN_POINT('',(0.5603030088,92.363277640108,0.));
#1003 = CARTESIAN_POINT('',(0.614520146229,92.308901969277,0.));
#1004 = CARTESIAN_POINT('',(0.639465489481,92.279561969639,0.));
#1005 = CARTESIAN_POINT('',(0.661834872388,92.248484167964,0.));
#1006 = CARTESIAN_POINT('',(0.681325360363,92.216197273046,0.));
#1007 = CARTESIAN_POINT('',(0.69781751171,92.18325298021,0.));
#1008 = CARTESIAN_POINT('',(0.724846322566,92.117032028537,0.));
#1009 = CARTESIAN_POINT('',(0.735383145923,92.083755503895,0.));
#1010 = CARTESIAN_POINT('',(0.742962408016,92.050805259826,0.));
#1011 = CARTESIAN_POINT('',(0.747748982569,92.018617346768,0.));
#1012 = CARTESIAN_POINT('',(0.75,91.987506927482,0.));
#1013 = CARTESIAN_POINT('',(0.75,91.957688023342,0.));
#1014 = PCURVE('',#1015,#1076);
#1015 = ( BOUNDED_SURFACE() B_SPLINE_SURFACE(2,10,(
    (#1016,#1017,#1018,#1019,#1020,#1021,#1022,#1023,#1024,#1025,#1026
      ,#1027,#1028,#1029,#1030,#1031,#1032,#1033,#1034,#1035)
    ,(#1036,#1037,#1038,#1039,#1040,#1041,#1042,#1043,#1044,#1045,#1046
      ,#1047,#1048,#1049,#1050,#1051,#1052,#1053,#1054,#1055)
    ,(#1056,#1057,#1058,#1059,#1060,#1061,#1062,#1063,#1064,#1065,#1066
      ,#1067,#1068,#1069,#1070,#1071,#1072,#1073,#1074,#1075
)),.UNSPECIFIED.,.F.,.F.,.F.) B_SPLINE_SURFACE_WITH_KNOTS((3,3),(11,9,11
    ),(0.,166.50685956317),(-9.324430068779,-0.109827087196,
166.39703247597),.UNSPECIFIED.) GEOMETRIC_REPRESENTATION_ITEM() 
RATIONAL_B_SPLINE_SURFACE((
    (1.,1.,1.,1.,1.,1.,1.,1.,1.,1.,1.,1.,1.,1.,1.,1.,1.,1.,1.,1.)
    ,(0.661936855264,0.660109385674,0.658688020437,0.657672759553
      ,0.657063603023,0.656860550846,0.657063603023,0.657672759553
      ,0.658688020437,0.660109385674,0.694959029205,0.729804773298
      ,0.766114794629,0.803274051221,0.83998771602,0.874626681539
      ,0.904049723019,0.924719481265,0.935063239715,0.935063239715)
    ,(1.,1.,1.,1.,1.,1.,1.,1.,1.,1.,1.,1.,1.,1.,1.,1.,1.,1.,1.,1.
))) REPRESENTATION_ITEM('') SURFACE() );
#1016 = CARTESIAN_POINT('',(-4.898282251459,97.595553707383,
    13.411359700828));
#1017 = CARTESIAN_POINT('',(-4.387531185825,97.085974673628,
    12.070223730745));
#1018 = CARTESIAN_POINT('',(-3.876780120191,96.576395639872,
    10.729087760662));
#1019 = CARTESIAN_POINT('',(-3.366029054557,96.066816606117,
    9.387951790579));
#1020 = CARTESIAN_POINT('',(-2.855277988924,95.557237572362,
    8.046815820497));
#1021 = CARTESIAN_POINT('',(-2.34452692329,95.047658538607,
    6.705679850414));
#1022 = CARTESIAN_POINT('',(-1.833775857656,94.538079504852,
    5.364543880331));
#1023 = CARTESIAN_POINT('',(-1.323024792022,94.028500471096,
    4.023407910248));
#1024 = CARTESIAN_POINT('',(-0.812273726388,93.518921437341,
    2.682271940166));
#1025 = CARTESIAN_POINT('',(-0.301522660754,93.009342403586,
    1.341135970083));
#1026 = CARTESIAN_POINT('',(9.438443828183,83.291726433304,
    -24.23417906034));
#1027 = CARTESIAN_POINT('',(17.65152819904,74.079003845541,
    -45.77568044265));
#1028 = CARTESIAN_POINT('',(24.848434173484,64.859771139795,
    -64.62449983168));
#1029 = CARTESIAN_POINT('',(31.028804101241,55.63209596752,
    -80.78062843024));
#1030 = CARTESIAN_POINT('',(36.190822550002,46.392357969851,
    -94.24409858692));
#1031 = CARTESIAN_POINT('',(40.332102944102,37.139368855213,
    -105.0147260326));
#1032 = CARTESIAN_POINT('',(43.446580194025,27.867992500345,
    -113.0928881406));
#1033 = CARTESIAN_POINT('',(45.525179790349,18.583121609584,
    -118.477818247));
#1034 = CARTESIAN_POINT('',(46.564527585367,9.291564249064,
    -121.1703272345));
#1035 = CARTESIAN_POINT('',(46.564527585367,0.,-121.1703272345));
#1036 = CARTESIAN_POINT('',(-4.394293273283,97.681055431431,
    13.569811445202));
#1037 = CARTESIAN_POINT('',(-3.898610242057,97.181659047854,
    12.262279989858));
#1038 = CARTESIAN_POINT('',(-3.397645660883,96.676941548207,
    10.94081666222));
#1039 = CARTESIAN_POINT('',(-2.892293303524,96.167803401856,
    9.60777909254));
#1040 = CARTESIAN_POINT('',(-2.383469844048,95.655168150025,
    8.265585318354));
#1041 = CARTESIAN_POINT('',(-1.872109366456,95.139976874299,
    6.916699301787));
#1042 = CARTESIAN_POINT('',(-1.359157672197,94.62318246149,
    5.563615913686));
#1043 = CARTESIAN_POINT('',(-0.845566458051,94.105743737904,
    4.208845575832));
#1044 = CARTESIAN_POINT('',(-0.332287439501,93.588619548692,
    2.854898759333));
#1045 = CARTESIAN_POINT('',(0.179733504382,93.072762858868,
    1.504270539793));
#1046 = CARTESIAN_POINT('',(9.440133016859,83.742990129796,
    -22.92316168771));
#1047 = CARTESIAN_POINT('',(17.353181221482,74.837949960389,
    -43.7964996545));
#1048 = CARTESIAN_POINT('',(24.412990813394,65.825399681101,
    -62.41913252397));
#1049 = CARTESIAN_POINT('',(30.601633506042,56.683249579951,
    -78.7437683835));
#1050 = CARTESIAN_POINT('',(35.872317990372,47.389305127414,
    -92.64697934757));
#1051 = CARTESIAN_POINT('',(40.191384833472,37.941867563094,
    -104.0399772904));
#1052 = CARTESIAN_POINT('',(43.458318566027,28.32270505134,
    -112.6576187038));
#1053 = CARTESIAN_POINT('',(45.592713413855,18.718696385655,
    -118.2878061943));
#1054 = CARTESIAN_POINT('',(46.625000000044,9.255801020727,
    -121.0108108109));
#1055 = CARTESIAN_POINT('',(46.625000000043,4.263256414561E-14,
    -121.0108108109));
#1056 = CARTESIAN_POINT('',(-4.458024589795,97.177572415113,
    13.73792432335));
#1057 = CARTESIAN_POINT('',(-3.949078937416,96.66747562226,
    12.395408224103));
#1058 = CARTESIAN_POINT('',(-3.440191534783,96.157437210902,
    11.053045778238));
#1059 = CARTESIAN_POINT('',(-2.931362381895,95.647457181041,
    9.710836985756));
#1060 = CARTESIAN_POINT('',(-2.422591478753,95.137535532674,
    8.368781846656));
#1061 = CARTESIAN_POINT('',(-1.913878825356,94.627672265803,
    7.026880360939));
#1062 = CARTESIAN_POINT('',(-1.405224421704,94.117867380428,
    5.685132528604));
#1063 = CARTESIAN_POINT('',(-0.896628267798,93.608120876548,
    4.343538349651));
#1064 = CARTESIAN_POINT('',(-0.388090363637,93.098432754163,
    3.002097824081));
#1065 = CARTESIAN_POINT('',(0.120389290778,92.588803013274,
    1.660810951894));
#1066 = CARTESIAN_POINT('',(9.81592940208,82.871333392224,
    -23.91445161197));
#1067 = CARTESIAN_POINT('',(17.982258343257,73.663434882247,
    -45.45590308923));
#1068 = CARTESIAN_POINT('',(25.127798026137,64.455551518239,
    -64.30467803651));
#1069 = CARTESIAN_POINT('',(31.252549587066,55.247621282693,
    -80.46077945128));
#1070 = CARTESIAN_POINT('',(36.356508153345,46.039804065368,
    -93.92419448018));
#1071 = CARTESIAN_POINT('',(40.439697002108,36.831812593649,
    -104.6949845244));
#1072 = CARTESIAN_POINT('',(43.502066157222,27.624008672627,
    -112.7730177552));
#1073 = CARTESIAN_POINT('',(45.543710797748,18.416068332524,
    -118.1585452394));
#1074 = CARTESIAN_POINT('',(46.564527585367,9.208033060219,
    -120.8512943873));
#1075 = CARTESIAN_POINT('',(46.564527585367,0.,-120.8512943873));
#1076 = DEFINITIONAL_REPRESENTATION('',(#1077),#1100);
#1077 = B_SPLINE_CURVE_WITH_KNOTS('',6,(#1078,#1079,#1080,#1081,#1082,
    #1083,#1084,#1085,#1086,#1087,#1088,#1089,#1090,#1091,#1092,#1093,
    #1094,#1095,#1096,#1097,#1098,#1099),.UNSPECIFIED.,.F.,.F.,(7,5,5,5,
    7),(0.,0.249999526284,0.500000003103,0.750000477551,1.),
  .UNSPECIFIED.);
#1078 = CARTESIAN_POINT('',(0.,-0.109827087196));
#1079 = CARTESIAN_POINT('',(6.937801894155,-0.103784851296));
#1080 = CARTESIAN_POINT('',(13.875597695212,-9.702257387395E-02));
#1081 = CARTESIAN_POINT('',(20.813386834343,-8.952576153485E-02));
#1082 = CARTESIAN_POINT('',(27.751169125159,-8.130611519497E-02));
#1083 = CARTESIAN_POINT('',(34.688944941567,-7.241881540237E-02));
#1084 = CARTESIAN_POINT('',(48.56451130941,-5.350101745001E-02));
#1085 = CARTESIAN_POINT('',(55.502301982799,-4.347051399581E-02));
#1086 = CARTESIAN_POINT('',(62.440087581269,-3.296411206202E-02));
#1087 = CARTESIAN_POINT('',(69.37786951515,-2.211829029776E-02));
#1088 = CARTESIAN_POINT('',(76.315649702056,-1.11019124247E-02));
#1089 = CARTESIAN_POINT('',(90.191209941491,1.093651542689E-02));
#1090 = CARTESIAN_POINT('',(97.128990088932,2.195849381821E-02));
#1091 = CARTESIAN_POINT('',(104.06677201064,3.281551345083E-02));
#1092 = CARTESIAN_POINT('',(111.00455761954,4.333859235311E-02));
#1093 = CARTESIAN_POINT('',(117.94234831591,5.33909669597E-02));
#1094 = CARTESIAN_POINT('',(131.81791470144,7.236189748798E-02));
#1095 = CARTESIAN_POINT('',(138.75569051178,8.128045886715E-02));
#1096 = CARTESIAN_POINT('',(145.69347279669,8.953556868521E-02));
#1097 = CARTESIAN_POINT('',(152.63126192277,9.707134555532E-02));
#1098 = CARTESIAN_POINT('',(159.56905770081,0.103875218918));
#1099 = CARTESIAN_POINT('',(166.50685956317,0.109960834469));
#1100 = ( GEOMETRIC_REPRESENTATION_CONTEXT(2) 
PARAMETRIC_REPRESENTATION_CONTEXT() REPRESENTATION_CONTEXT('2D SPACE',''
  ) );
#1101 = ORIENTED_EDGE('',*,*,#1102,.T.);
#1102 = EDGE_CURVE('',#988,#1103,#1105,.T.);
#1103 = VERTEX_POINT('',#1104);
#1104 = CARTESIAN_POINT('',(46.564527585367,0.,-120.8512943873));
#1105 = SURFACE_CURVE('',#1106,(#1127),.PCURVE_S1.);
#1106 = B_SPLINE_CURVE_WITH_KNOTS('',10,(#1107,#1108,#1109,#1110,#1111,
    #1112,#1113,#1114,#1115,#1116,#1117,#1118,#1119,#1120,#1121,#1122,
    #1123,#1124,#1125,#1126),.UNSPECIFIED.,.F.,.F.,(11,9,11),(
    -9.324430068779,-0.109827087196,166.39703247597),.UNSPECIFIED.);
#1107 = CARTESIAN_POINT('',(-4.458024589795,97.177572415113,
    13.73792432335));
#1108 = CARTESIAN_POINT('',(-3.949078937416,96.66747562226,
    12.395408224103));
#1109 = CARTESIAN_POINT('',(-3.440191534783,96.157437210902,
    11.053045778238));
#1110 = CARTESIAN_POINT('',(-2.931362381895,95.647457181041,
    9.710836985756));
#1111 = CARTESIAN_POINT('',(-2.422591478753,95.137535532674,
    8.368781846656));
#1112 = CARTESIAN_POINT('',(-1.913878825356,94.627672265803,
    7.026880360939));
#1113 = CARTESIAN_POINT('',(-1.405224421704,94.117867380428,
    5.685132528604));
#1114 = CARTESIAN_POINT('',(-0.896628267798,93.608120876548,
    4.343538349651));
#1115 = CARTESIAN_POINT('',(-0.388090363637,93.098432754163,
    3.002097824081));
#1116 = CARTESIAN_POINT('',(0.120389290778,92.588803013274,
    1.660810951894));
#1117 = CARTESIAN_POINT('',(9.81592940208,82.871333392224,
    -23.91445161197));
#1118 = CARTESIAN_POINT('',(17.982258343257,73.663434882247,
    -45.45590308923));
#1119 = CARTESIAN_POINT('',(25.127798026137,64.455551518239,
    -64.30467803651));
#1120 = CARTESIAN_POINT('',(31.252549587066,55.247621282693,
    -80.46077945128));
#1121 = CARTESIAN_POINT('',(36.356508153345,46.039804065368,
    -93.92419448018));
#1122 = CARTESIAN_POINT('',(40.439697002108,36.831812593649,
    -104.6949845244));
#1123 = CARTESIAN_POINT('',(43.502066157222,27.624008672627,
    -112.7730177552));
#1124 = CARTESIAN_POINT('',(45.543710797748,18.416068332524,
    -118.1585452394));
#1125 = CARTESIAN_POINT('',(46.564527585367,9.208033060219,
    -120.8512943873));
#1126 = CARTESIAN_POINT('',(46.564527585367,0.,-120.8512943873));
#1127 = PCURVE('',#1015,#1128);
#1128 = DEFINITIONAL_REPRESENTATION('',(#1129),#1133);
#1129 = LINE('',#1130,#1131);
#1130 = CARTESIAN_POINT('',(166.50685956317,0.));
#1131 = VECTOR('',#1132,1.);
#1132 = DIRECTION('',(0.,1.));
#1133 = ( GEOMETRIC_REPRESENTATION_CONTEXT(2) 
PARAMETRIC_REPRESENTATION_CONTEXT() REPRESENTATION_CONTEXT('2D SPACE',''
  ) );
#1134 = ORIENTED_EDGE('',*,*,#1135,.F.);
#1135 = EDGE_CURVE('',#1136,#1103,#1138,.T.);
#1136 = VERTEX_POINT('',#1137);
#1137 = CARTESIAN_POINT('',(46.564527585367,0.,-121.1703272345));
#1138 = SURFACE_CURVE('',#1139,(#1143),.PCURVE_S1.);
#1139 = ( BOUNDED_CURVE() B_SPLINE_CURVE(2,(#1140,#1141,#1142),
.UNSPECIFIED.,.F.,.F.) B_SPLINE_CURVE_WITH_KNOTS((3,3),(0.,
166.50685956317),.PIECEWISE_BEZIER_KNOTS.) CURVE() 
GEOMETRIC_REPRESENTATION_ITEM() RATIONAL_B_SPLINE_CURVE((1.,
0.935063239715,1.)) REPRESENTATION_ITEM('') );
#1140 = CARTESIAN_POINT('',(46.564527585367,0.,-121.1703272345));
#1141 = CARTESIAN_POINT('',(46.625000000043,4.263256414561E-14,
    -121.0108108109));
#1142 = CARTESIAN_POINT('',(46.564527585367,0.,-120.8512943873));
#1143 = PCURVE('',#1015,#1144);
#1144 = DEFINITIONAL_REPRESENTATION('',(#1145),#1148);
#1145 = B_SPLINE_CURVE_WITH_KNOTS('',1,(#1146,#1147),.UNSPECIFIED.,.F.,
  .F.,(2,2),(0.,166.50685956317),.PIECEWISE_BEZIER_KNOTS.);
#1146 = CARTESIAN_POINT('',(0.,166.39703247597));
#1147 = CARTESIAN_POINT('',(166.50685956317,166.39703247597));
#1148 = ( GEOMETRIC_REPRESENTATION_CONTEXT(2) 
PARAMETRIC_REPRESENTATION_CONTEXT() REPRESENTATION_CONTEXT('2D SPACE',''
  ) );
#1149 = ORIENTED_EDGE('',*,*,#1150,.F.);
#1150 = EDGE_CURVE('',#986,#1136,#1151,.T.);
#1151 = SURFACE_CURVE('',#1152,(#1173),.PCURVE_S1.);
#1152 = B_SPLINE_CURVE_WITH_KNOTS('',10,(#1153,#1154,#1155,#1156,#1157,
    #1158,#1159,#1160,#1161,#1162,#1163,#1164,#1165,#1166,#1167,#1168,
    #1169,#1170,#1171,#1172),.UNSPECIFIED.,.F.,.F.,(11,9,11),(
    -9.324430068779,-0.109827087196,166.39703247597),.UNSPECIFIED.);
#1153 = CARTESIAN_POINT('',(-4.898282251459,97.595553707383,
    13.411359700828));
#1154 = CARTESIAN_POINT('',(-4.387531185825,97.085974673628,
    12.070223730745));
#1155 = CARTESIAN_POINT('',(-3.876780120191,96.576395639872,
    10.729087760662));
#1156 = CARTESIAN_POINT('',(-3.366029054557,96.066816606117,
    9.387951790579));
#1157 = CARTESIAN_POINT('',(-2.855277988924,95.557237572362,
    8.046815820497));
#1158 = CARTESIAN_POINT('',(-2.34452692329,95.047658538607,
    6.705679850414));
#1159 = CARTESIAN_POINT('',(-1.833775857656,94.538079504852,
    5.364543880331));
#1160 = CARTESIAN_POINT('',(-1.323024792022,94.028500471096,
    4.023407910248));
#1161 = CARTESIAN_POINT('',(-0.812273726388,93.518921437341,
    2.682271940166));
#1162 = CARTESIAN_POINT('',(-0.301522660754,93.009342403586,
    1.341135970083));
#1163 = CARTESIAN_POINT('',(9.438443828183,83.291726433304,
    -24.23417906034));
#1164 = CARTESIAN_POINT('',(17.65152819904,74.079003845541,
    -45.77568044265));
#1165 = CARTESIAN_POINT('',(24.848434173484,64.859771139795,
    -64.62449983168));
#1166 = CARTESIAN_POINT('',(31.028804101241,55.63209596752,
    -80.78062843024));
#1167 = CARTESIAN_POINT('',(36.190822550002,46.392357969851,
    -94.24409858692));
#1168 = CARTESIAN_POINT('',(40.332102944102,37.139368855213,
    -105.0147260326));
#1169 = CARTESIAN_POINT('',(43.446580194025,27.867992500345,
    -113.0928881406));
#1170 = CARTESIAN_POINT('',(45.525179790349,18.583121609584,
    -118.477818247));
#1171 = CARTESIAN_POINT('',(46.564527585367,9.291564249064,
    -121.1703272345));
#1172 = CARTESIAN_POINT('',(46.564527585367,0.,-121.1703272345));
#1173 = PCURVE('',#1015,#1174);
#1174 = DEFINITIONAL_REPRESENTATION('',(#1175),#1179);
#1175 = LINE('',#1176,#1177);
#1176 = CARTESIAN_POINT('',(0.,0.));
#1177 = VECTOR('',#1178,1.);
#1178 = DIRECTION('',(0.,1.));
#1179 = ( GEOMETRIC_REPRESENTATION_CONTEXT(2) 
PARAMETRIC_REPRESENTATION_CONTEXT() REPRESENTATION_CONTEXT('2D SPACE',''
  ) );
#1180 = ( GEOMETRIC_REPRESENTATION_CONTEXT(3) 
GLOBAL_UNCERTAINTY_ASSIGNED_CONTEXT((#1184)) 
GLOBAL_UNIT_ASSIGNED_CONTEXT((#1181,#1182,#1183)) REPRESENTATION_CONTEXT
('Context #1','3D Context with UNIT and UNCERTAINTY') );
#1181 = ( LENGTH_UNIT() NAMED_UNIT(*) SI_UNIT(.MILLI.,.METRE.) );
#1182 = ( NAMED_UNIT(*) PLANE_ANGLE_UNIT() SI_UNIT($,.RADIAN.) );
#1183 = ( NAMED_UNIT(*) SI_UNIT($,.STERADIAN.) SOLID_ANGLE_UNIT() );
#1184 = UNCERTAINTY_MEASURE_WITH_UNIT(LENGTH_MEASURE(2.E-05),#1181,
  'distance_accuracy_value','confusion accuracy');
#1185 = CONTEXT_DEPENDENT_SHAPE_REPRESENTATION(#1186,#1188);
#1186 = ( REPRESENTATION_RELATIONSHIP('','',#978,#10) 
REPRESENTATION_RELATIONSHIP_WITH_TRANSFORMATION(#1187) 
SHAPE_REPRESENTATION_RELATIONSHIP() );
#1187 = ITEM_DEFINED_TRANSFORMATION('','',#11,#43);
#1188 = PRODUCT_DEFINITION_SHAPE('Placement','Placement of an item',
  #1189);
#1189 = NEXT_ASSEMBLY_USAGE_OCCURRENCE('8','','',#5,#973,$);
#1190 = PRODUCT_RELATED_PRODUCT_CATEGORY('part',$,(#975));
#1191 = SHAPE_DEFINITION_REPRESENTATION(#1192,#1198);
#1192 = PRODUCT_DEFINITION_SHAPE('','',#1193);
#1193 = PRODUCT_DEFINITION('design','',#1194,#1197);
#1194 = PRODUCT_DEFINITION_FORMATION('','',#1195);
#1195 = PRODUCT('Open CASCADE STEP translator 7.8 1.9',
  'Open CASCADE STEP translator 7.8 1.9','',(#1196));
#1196 = PRODUCT_CONTEXT('',#2,'mechanical');
#1197 = PRODUCT_DEFINITION_CONTEXT('part definition',#2,'design');
#1198 = MANIFOLD_SURFACE_SHAPE_REPRESENTATION('',(#11,#1199),#1281);
#1199 = SHELL_BASED_SURFACE_MODEL('',(#1200));
#1200 = OPEN_SHELL('',(#1201));
#1201 = ADVANCED_FACE('',(#1202),#1216,.T.);
#1202 = FACE_BOUND('',#1203,.T.);
#1203 = EDGE_LOOP('',(#1204,#1227,#1242));
#1204 = ORIENTED_EDGE('',*,*,#1205,.F.);
#1205 = EDGE_CURVE('',#1206,#1208,#1210,.T.);
#1206 = VERTEX_POINT('',#1207);
#1207 = CARTESIAN_POINT('',(0.75,0.,0.));
#1208 = VERTEX_POINT('',#1209);
#1209 = CARTESIAN_POINT('',(0.75,91.95768802348,0.));
#1210 = SURFACE_CURVE('',#1211,(#1215),.PCURVE_S1.);
#1211 = LINE('',#1212,#1213);
#1212 = CARTESIAN_POINT('',(0.75,-244.,0.));
#1213 = VECTOR('',#1214,1.);
#1214 = DIRECTION('',(0.,1.,0.));
#1215 = PCURVE('',#1216,#1221);
#1216 = PLANE('',#1217);
#1217 = AXIS2_PLACEMENT_3D('',#1218,#1219,#1220);
#1218 = CARTESIAN_POINT('',(93.25,-244.,-244.));
#1219 = DIRECTION('',(0.935063239715,-0.,0.354480941285));
#1220 = DIRECTION('',(-0.354480941285,0.,0.935063239715));
#1221 = DEFINITIONAL_REPRESENTATION('',(#1222),#1226);
#1222 = LINE('',#1223,#1224);
#1223 = CARTESIAN_POINT('',(260.94491755924,0.));
#1224 = VECTOR('',#1225,1.);
#1225 = DIRECTION('',(0.,-1.));
#1226 = ( GEOMETRIC_REPRESENTATION_CONTEXT(2) 
PARAMETRIC_REPRESENTATION_CONTEXT() REPRESENTATION_CONTEXT('2D SPACE',''
  ) );
#1227 = ORIENTED_EDGE('',*,*,#1228,.F.);
#1228 = EDGE_CURVE('',#1229,#1206,#1231,.T.);
#1229 = VERTEX_POINT('',#1230);
#1230 = CARTESIAN_POINT('',(46.564527585367,0.,-120.8512943873));
#1231 = SURFACE_CURVE('',#1232,(#1236),.PCURVE_S1.);
#1232 = LINE('',#1233,#1234);
#1233 = CARTESIAN_POINT('',(89.048565090007,0.,-232.9172960212));
#1234 = VECTOR('',#1235,1.);
#1235 = DIRECTION('',(-0.354480941285,-0.,0.935063239715));
#1236 = PCURVE('',#1216,#1237);
#1237 = DEFINITIONAL_REPRESENTATION('',(#1238),#1241);
#1238 = B_SPLINE_CURVE_WITH_KNOTS('',1,(#1239,#1240),.UNSPECIFIED.,.F.,
  .F.,(2,2),(119.84858015385,249.09255987039),.PIECEWISE_BEZIER_KNOTS.);
#1239 = CARTESIAN_POINT('',(131.7009378427,-244.));
#1240 = CARTESIAN_POINT('',(260.94491755924,-244.));
#1241 = ( GEOMETRIC_REPRESENTATION_CONTEXT(2) 
PARAMETRIC_REPRESENTATION_CONTEXT() REPRESENTATION_CONTEXT('2D SPACE',''
  ) );
#1242 = ORIENTED_EDGE('',*,*,#1243,.F.);
#1243 = EDGE_CURVE('',#1208,#1229,#1244,.T.);
#1244 = SURFACE_CURVE('',#1245,(#1266),.PCURVE_S1.);
#1245 = B_SPLINE_CURVE_WITH_KNOTS('',10,(#1246,#1247,#1248,#1249,#1250,
    #1251,#1252,#1253,#1254,#1255,#1256,#1257,#1258,#1259,#1260,#1261,
    #1262,#1263,#1264,#1265),.UNSPECIFIED.,.F.,.F.,(11,9,11),(
    -9.324430068779,-0.109827087196,166.39703247597),.UNSPECIFIED.);
#1246 = CARTESIAN_POINT('',(-4.458024589795,97.177572415113,
    13.73792432335));
#1247 = CARTESIAN_POINT('',(-3.949078937416,96.66747562226,
    12.395408224103));
#1248 = CARTESIAN_POINT('',(-3.440191534783,96.157437210902,
    11.053045778238));
#1249 = CARTESIAN_POINT('',(-2.931362381895,95.647457181041,
    9.710836985756));
#1250 = CARTESIAN_POINT('',(-2.422591478753,95.137535532674,
    8.368781846656));
#1251 = CARTESIAN_POINT('',(-1.913878825356,94.627672265803,
    7.026880360939));
#1252 = CARTESIAN_POINT('',(-1.405224421704,94.117867380428,
    5.685132528604));
#1253 = CARTESIAN_POINT('',(-0.896628267798,93.608120876548,
    4.343538349651));
#1254 = CARTESIAN_POINT('',(-0.388090363637,93.098432754163,
    3.002097824081));
#1255 = CARTESIAN_POINT('',(0.120389290778,92.588803013274,
    1.660810951894));
#1256 = CARTESIAN_POINT('',(9.81592940208,82.871333392224,
    -23.91445161197));
#1257 = CARTESIAN_POINT('',(17.982258343257,73.663434882247,
    -45.45590308923));
#1258 = CARTESIAN_POINT('',(25.127798026137,64.455551518239,
    -64.30467803651));
#1259 = CARTESIAN_POINT('',(31.252549587066,55.247621282693,
    -80.46077945128));
#1260 = CARTESIAN_POINT('',(36.356508153345,46.039804065368,
    -93.92419448018));
#1261 = CARTESIAN_POINT('',(40.439697002108,36.831812593649,
    -104.6949845244));
#1262 = CARTESIAN_POINT('',(43.502066157222,27.624008672627,
    -112.7730177552));
#1263 = CARTESIAN_POINT('',(45.543710797748,18.416068332524,
    -118.1585452394));
#1264 = CARTESIAN_POINT('',(46.564527585367,9.208033060219,
    -120.8512943873));
#1265 = CARTESIAN_POINT('',(46.564527585367,0.,-120.8512943873));
#1266 = PCURVE('',#1216,#1267);
#1267 = DEFINITIONAL_REPRESENTATION('',(#1268),#1280);
#1268 = B_SPLINE_CURVE_WITH_KNOTS('',10,(#1269,#1270,#1271,#1272,#1273,
    #1274,#1275,#1276,#1277,#1278,#1279),.UNSPECIFIED.,.F.,.F.,(11,11),(
    -0.109827087196,166.39703247597),.PIECEWISE_BEZIER_KNOTS.);
#1269 = CARTESIAN_POINT('',(261.28679575476,-336.0792316538));
#1270 = CARTESIAN_POINT('',(235.36969377086,-326.8713333922));
#1271 = CARTESIAN_POINT('',(212.33226639451,-317.6634348822));
#1272 = CARTESIAN_POINT('',(192.17451219477,-308.4555515181));
#1273 = CARTESIAN_POINT('',(174.89642796645,-299.2476212827));
#1274 = CARTESIAN_POINT('',(160.49802745482,-290.0398040652));
#1275 = CARTESIAN_POINT('',(148.97924499537,-280.8318125937));
#1276 = CARTESIAN_POINT('',(140.34022157126,-271.6240086725));
#1277 = CARTESIAN_POINT('',(134.58068868044,-262.4160683325));
#1278 = CARTESIAN_POINT('',(131.7009378427,-253.2080330602));
#1279 = CARTESIAN_POINT('',(131.70093784271,-244.));
#1280 = ( GEOMETRIC_REPRESENTATION_CONTEXT(2) 
PARAMETRIC_REPRESENTATION_CONTEXT() REPRESENTATION_CONTEXT('2D SPACE',''
  ) );
#1281 = ( GEOMETRIC_REPRESENTATION_CONTEXT(3) 
GLOBAL_UNCERTAINTY_ASSIGNED_CONTEXT((#1285)) 
GLOBAL_UNIT_ASSIGNED_CONTEXT((#1282,#1283,#1284)) REPRESENTATION_CONTEXT
('Context #1','3D Context with UNIT and UNCERTAINTY') );
#1282 = ( LENGTH_UNIT() NAMED_UNIT(*) SI_UNIT(.MILLI.,.METRE.) );
#1283 = ( NAMED_UNIT(*) PLANE_ANGLE_UNIT() SI_UNIT($,.RADIAN.) );
#1284 = ( NAMED_UNIT(*) SI_UNIT($,.STERADIAN.) SOLID_ANGLE_UNIT() );
#1285 = UNCERTAINTY_MEASURE_WITH_UNIT(LENGTH_MEASURE(1.E-05),#1282,
  'distance_accuracy_value','confusion accuracy');
#1286 = CONTEXT_DEPENDENT_SHAPE_REPRESENTATION(#1287,#1289);
#1287 = ( REPRESENTATION_RELATIONSHIP('','',#1198,#10) 
REPRESENTATION_RELATIONSHIP_WITH_TRANSFORMATION(#1288) 
SHAPE_REPRESENTATION_RELATIONSHIP() );
#1288 = ITEM_DEFINED_TRANSFORMATION('','',#11,#47);
#1289 = PRODUCT_DEFINITION_SHAPE('Placement','Placement of an item',
  #1290);
#1290 = NEXT_ASSEMBLY_USAGE_OCCURRENCE('9','','',#5,#1193,$);
#1291 = PRODUCT_RELATED_PRODUCT_CATEGORY('part',$,(#1195));
#1292 = SHAPE_DEFINITION_REPRESENTATION(#1293,#1299);
#1293 = PRODUCT_DEFINITION_SHAPE('','',#1294);
#1294 = PRODUCT_DEFINITION('design','',#1295,#1298);
#1295 = PRODUCT_DEFINITION_FORMATION('','',#1296);
#1296 = PRODUCT('Open CASCADE STEP translator 7.8 1.10',
  'Open CASCADE STEP translator 7.8 1.10','',(#1297));
#1297 = PRODUCT_CONTEXT('',#2,'mechanical');
#1298 = PRODUCT_DEFINITION_CONTEXT('part definition',#2,'design');
#1299 = MANIFOLD_SURFACE_SHAPE_REPRESENTATION('',(#11,#1300),#1376);
#1300 = SHELL_BASED_SURFACE_MODEL('',(#1301));
#1301 = OPEN_SHELL('',(#1302));
#1302 = ADVANCED_FACE('',(#1303),#1317,.F.);
#1303 = FACE_BOUND('',#1304,.T.);
#1304 = EDGE_LOOP('',(#1305,#1328,#1345,#1361));
#1305 = ORIENTED_EDGE('',*,*,#1306,.T.);
#1306 = EDGE_CURVE('',#1307,#1309,#1311,.T.);
#1307 = VERTEX_POINT('',#1308);
#1308 = CARTESIAN_POINT('',(11.686533875108,109.37744249152,0.));
#1309 = VERTEX_POINT('',#1310);
#1310 = CARTESIAN_POINT('',(11.686533875108,109.37744249152,30.));
#1311 = SURFACE_CURVE('',#1312,(#1316),.PCURVE_S1.);
#1312 = LINE('',#1313,#1314);
#1313 = CARTESIAN_POINT('',(11.686533875108,109.37744249152,0.));
#1314 = VECTOR('',#1315,1.);
#1315 = DIRECTION('',(0.,0.,1.));
#1316 = PCURVE('',#1317,#1322);
#1317 = CYLINDRICAL_SURFACE('',#1318,110.);
#1318 = AXIS2_PLACEMENT_3D('',#1319,#1320,#1321);
#1319 = CARTESIAN_POINT('',(0.,0.,0.));
#1320 = DIRECTION('',(-0.,-0.,-1.));
#1321 = DIRECTION('',(1.,0.,-0.));
#1322 = DEFINITIONAL_REPRESENTATION('',(#1323),#1327);
#1323 = LINE('',#1324,#1325);
#1324 = CARTESIAN_POINT('',(-1.464354226824,0.));
#1325 = VECTOR('',#1326,1.);
#1326 = DIRECTION('',(-0.,-1.));
#1327 = ( GEOMETRIC_REPRESENTATION_CONTEXT(2) 
PARAMETRIC_REPRESENTATION_CONTEXT() REPRESENTATION_CONTEXT('2D SPACE',''
  ) );
#1328 = ORIENTED_EDGE('',*,*,#1329,.T.);
#1329 = EDGE_CURVE('',#1309,#1330,#1332,.T.);
#1330 = VERTEX_POINT('',#1331);
#1331 = CARTESIAN_POINT('',(6.735334946023E-15,110.,30.));
#1332 = SURFACE_CURVE('',#1333,(#1338),.PCURVE_S1.);
#1333 = CIRCLE('',#1334,110.);
#1334 = AXIS2_PLACEMENT_3D('',#1335,#1336,#1337);
#1335 = CARTESIAN_POINT('',(0.,0.,30.));
#1336 = DIRECTION('',(0.,0.,1.));
#1337 = DIRECTION('',(1.,0.,-0.));
#1338 = PCURVE('',#1317,#1339);
#1339 = DEFINITIONAL_REPRESENTATION('',(#1340),#1344);
#1340 = LINE('',#1341,#1342);
#1341 = CARTESIAN_POINT('',(-0.,-30.));
#1342 = VECTOR('',#1343,1.);
#1343 = DIRECTION('',(-1.,0.));
#1344 = ( GEOMETRIC_REPRESENTATION_CONTEXT(2) 
PARAMETRIC_REPRESENTATION_CONTEXT() REPRESENTATION_CONTEXT('2D SPACE',''
  ) );
#1345 = ORIENTED_EDGE('',*,*,#1346,.F.);
#1346 = EDGE_CURVE('',#1347,#1330,#1349,.T.);
#1347 = VERTEX_POINT('',#1348);
#1348 = CARTESIAN_POINT('',(6.735334946023E-15,110.,0.));
#1349 = SURFACE_CURVE('',#1350,(#1354),.PCURVE_S1.);
#1350 = LINE('',#1351,#1352);
#1351 = CARTESIAN_POINT('',(6.735334946023E-15,110.,0.));
#1352 = VECTOR('',#1353,1.);
#1353 = DIRECTION('',(0.,0.,1.));
#1354 = PCURVE('',#1317,#1355);
#1355 = DEFINITIONAL_REPRESENTATION('',(#1356),#1360);
#1356 = LINE('',#1357,#1358);
#1357 = CARTESIAN_POINT('',(-1.570796326795,0.));
#1358 = VECTOR('',#1359,1.);
#1359 = DIRECTION('',(-0.,-1.));
#1360 = ( GEOMETRIC_REPRESENTATION_CONTEXT(2) 
PARAMETRIC_REPRESENTATION_CONTEXT() REPRESENTATION_CONTEXT('2D SPACE',''
  ) );
#1361 = ORIENTED_EDGE('',*,*,#1362,.F.);
#1362 = EDGE_CURVE('',#1307,#1347,#1363,.T.);
#1363 = SURFACE_CURVE('',#1364,(#1369),.PCURVE_S1.);
#1364 = CIRCLE('',#1365,110.);
#1365 = AXIS2_PLACEMENT_3D('',#1366,#1367,#1368);
#1366 = CARTESIAN_POINT('',(0.,0.,0.));
#1367 = DIRECTION('',(0.,0.,1.));
#1368 = DIRECTION('',(1.,0.,-0.));
#1369 = PCURVE('',#1317,#1370);
#1370 = DEFINITIONAL_REPRESENTATION('',(#1371),#1375);
#1371 = LINE('',#1372,#1373);
#1372 = CARTESIAN_POINT('',(-0.,0.));
#1373 = VECTOR('',#1374,1.);
#1374 = DIRECTION('',(-1.,0.));
#1375 = ( GEOMETRIC_REPRESENTATION_CONTEXT(2) 
PARAMETRIC_REPRESENTATION_CONTEXT() REPRESENTATION_CONTEXT('2D SPACE',''
  ) );
#1376 = ( GEOMETRIC_REPRESENTATION_CONTEXT(3) 
GLOBAL_UNCERTAINTY_ASSIGNED_CONTEXT((#1380)) 
GLOBAL_UNIT_ASSIGNED_CONTEXT((#1377,#1378,#1379)) REPRESENTATION_CONTEXT
('Context #1','3D Context with UNIT and UNCERTAINTY') );
#1377 = ( LENGTH_UNIT() NAMED_UNIT(*) SI_UNIT(.MILLI.,.METRE.) );
#1378 = ( NAMED_UNIT(*) PLANE_ANGLE_UNIT() SI_UNIT($,.RADIAN.) );
#1379 = ( NAMED_UNIT(*) SI_UNIT($,.STERADIAN.) SOLID_ANGLE_UNIT() );
#1380 = UNCERTAINTY_MEASURE_WITH_UNIT(LENGTH_MEASURE(2.E-05),#1377,
  'distance_accuracy_value','confusion accuracy');
#1381 = CONTEXT_DEPENDENT_SHAPE_REPRESENTATION(#1382,#1384);
#1382 = ( REPRESENTATION_RELATIONSHIP('','',#1299,#10) 
REPRESENTATION_RELATIONSHIP_WITH_TRANSFORMATION(#1383) 
SHAPE_REPRESENTATION_RELATIONSHIP() );
#1383 = ITEM_DEFINED_TRANSFORMATION('','',#11,#51);
#1384 = PRODUCT_DEFINITION_SHAPE('Placement','Placement of an item',
  #1385);
#1385 = NEXT_ASSEMBLY_USAGE_OCCURRENCE('10','','',#5,#1294,$);
#1386 = PRODUCT_RELATED_PRODUCT_CATEGORY('part',$,(#1296));
#1387 = SHAPE_DEFINITION_REPRESENTATION(#1388,#1394);
#1388 = PRODUCT_DEFINITION_SHAPE('','',#1389);
#1389 = PRODUCT_DEFINITION('design','',#1390,#1393);
#1390 = PRODUCT_DEFINITION_FORMATION('','',#1391);
#1391 = PRODUCT('Open CASCADE STEP translator 7.8 1.11',
  'Open CASCADE STEP translator 7.8 1.11','',(#1392));
#1392 = PRODUCT_CONTEXT('',#2,'mechanical');
#1393 = PRODUCT_DEFINITION_CONTEXT('part definition',#2,'design');
#1394 = MANIFOLD_SURFACE_SHAPE_REPRESENTATION('',(#11,#1395),#1528);
#1395 = SHELL_BASED_SURFACE_MODEL('',(#1396));
#1396 = OPEN_SHELL('',(#1397));
#1397 = ADVANCED_FACE('',(#1398),#1412,.T.);
#1398 = FACE_BOUND('',#1399,.T.);
#1399 = EDGE_LOOP('',(#1400,#1444,#1479,#1495));
#1400 = ORIENTED_EDGE('',*,*,#1401,.T.);
#1401 = EDGE_CURVE('',#1402,#1404,#1406,.T.);
#1402 = VERTEX_POINT('',#1403);
#1403 = CARTESIAN_POINT('',(11.686533875108,109.37744249152,0.));
#1404 = VERTEX_POINT('',#1405);
#1405 = CARTESIAN_POINT('',(11.686533875108,109.37744249152,30.));
#1406 = SURFACE_CURVE('',#1407,(#1411),.PCURVE_S1.);
#1407 = LINE('',#1408,#1409);
#1408 = CARTESIAN_POINT('',(11.686533875108,109.37744249152,0.));
#1409 = VECTOR('',#1410,1.);
#1410 = DIRECTION('',(0.,0.,1.));
#1411 = PCURVE('',#1412,#1438);
#1412 = SURFACE_OF_LINEAR_EXTRUSION('',#1413,#1436);
#1413 = B_SPLINE_CURVE_WITH_KNOTS('',6,(#1414,#1415,#1416,#1417,#1418,
    #1419,#1420,#1421,#1422,#1423,#1424,#1425,#1426,#1427,#1428,#1429,
    #1430,#1431,#1432,#1433,#1434,#1435),.UNSPECIFIED.,.F.,.F.,(7,5,5,5,
    7),(0.,0.249985035126,0.500000631737,0.750015759454,1.),
  .UNSPECIFIED.);
#1414 = CARTESIAN_POINT('',(11.686533875108,109.37744249152,0.));
#1415 = CARTESIAN_POINT('',(11.87924699387,109.35685188033,0.));
#1416 = CARTESIAN_POINT('',(12.078284948411,109.32159312503,0.));
#1417 = CARTESIAN_POINT('',(12.282141356677,109.2702307478,0.));
#1418 = CARTESIAN_POINT('',(12.488763556797,109.20158888601,0.));
#1419 = CARTESIAN_POINT('',(12.695523962093,109.11510519306,0.));
#1420 = CARTESIAN_POINT('',(13.103705008105,108.90693454877,0.));
#1421 = CARTESIAN_POINT('',(13.305124332767,108.78524272964,0.));
#1422 = CARTESIAN_POINT('',(13.501043218123,108.64619329984,0.));
#1423 = CARTESIAN_POINT('',(13.688427911558,108.49082017951,0.));
#1424 = CARTESIAN_POINT('',(13.864483446735,108.3210823452,0.));
#1425 = CARTESIAN_POINT('',(14.189627979484,107.95782111095,0.));
#1426 = CARTESIAN_POINT('',(14.338716358679,107.76429859729,0.));
#1427 = CARTESIAN_POINT('',(14.472161873073,107.56135209121,0.));
#1428 = CARTESIAN_POINT('',(14.588422800277,107.3519921465,0.));
#1429 = CARTESIAN_POINT('',(14.686898244871,107.13930404307,0.));
#1430 = CARTESIAN_POINT('',(14.848524735818,106.71282167973,0.));
#1431 = CARTESIAN_POINT('',(14.9116808308,106.49902804168,0.));
#1432 = CARTESIAN_POINT('',(14.957310532064,106.28743485211,0.));
#1433 = CARTESIAN_POINT('',(14.986290419749,106.08050272173,0.));
#1434 = CARTESIAN_POINT('',(15.,105.88006776949,0.));
#1435 = CARTESIAN_POINT('',(15.,105.68741865998,0.));
#1436 = VECTOR('',#1437,1.);
#1437 = DIRECTION('',(-0.,-0.,-1.));
#1438 = DEFINITIONAL_REPRESENTATION('',(#1439),#1443);
#1439 = LINE('',#1440,#1441);
#1440 = CARTESIAN_POINT('',(0.,0.));
#1441 = VECTOR('',#1442,1.);
#1442 = DIRECTION('',(0.,-1.));
#1443 = ( GEOMETRIC_REPRESENTATION_CONTEXT(2) 
PARAMETRIC_REPRESENTATION_CONTEXT() REPRESENTATION_CONTEXT('2D SPACE',''
  ) );
#1444 = ORIENTED_EDGE('',*,*,#1445,.T.);
#1445 = EDGE_CURVE('',#1404,#1446,#1448,.T.);
#1446 = VERTEX_POINT('',#1447);
#1447 = CARTESIAN_POINT('',(15.,105.68741851997,30.));
#1448 = SURFACE_CURVE('',#1449,(#1472),.PCURVE_S1.);
#1449 = B_SPLINE_CURVE_WITH_KNOTS('',6,(#1450,#1451,#1452,#1453,#1454,
    #1455,#1456,#1457,#1458,#1459,#1460,#1461,#1462,#1463,#1464,#1465,
    #1466,#1467,#1468,#1469,#1470,#1471),.UNSPECIFIED.,.F.,.F.,(7,5,5,5,
    7),(0.,0.249985035126,0.500000631737,0.750015759454,1.),
  .UNSPECIFIED.);
#1450 = CARTESIAN_POINT('',(11.686533875108,109.37744249152,30.));
#1451 = CARTESIAN_POINT('',(11.87924699387,109.35685188033,30.));
#1452 = CARTESIAN_POINT('',(12.078284948411,109.32159312503,30.));
#1453 = CARTESIAN_POINT('',(12.282141356677,109.2702307478,30.));
#1454 = CARTESIAN_POINT('',(12.488763556797,109.20158888601,30.));
#1455 = CARTESIAN_POINT('',(12.695523962093,109.11510519306,30.));
#1456 = CARTESIAN_POINT('',(13.103705008105,108.90693454877,30.));
#1457 = CARTESIAN_POINT('',(13.305124332767,108.78524272964,30.));
#1458 = CARTESIAN_POINT('',(13.501043218123,108.64619329984,30.));
#1459 = CARTESIAN_POINT('',(13.688427911558,108.49082017951,30.));
#1460 = CARTESIAN_POINT('',(13.864483446735,108.3210823452,30.));
#1461 = CARTESIAN_POINT('',(14.189627979484,107.95782111095,30.));
#1462 = CARTESIAN_POINT('',(14.338716358679,107.76429859729,30.));
#1463 = CARTESIAN_POINT('',(14.472161873073,107.56135209121,30.));
#1464 = CARTESIAN_POINT('',(14.588422800277,107.3519921465,30.));
#1465 = CARTESIAN_POINT('',(14.686898244871,107.13930404307,30.));
#1466 = CARTESIAN_POINT('',(14.848524735818,106.71282167973,30.));
#1467 = CARTESIAN_POINT('',(14.9116808308,106.49902804168,30.));
#1468 = CARTESIAN_POINT('',(14.957310532064,106.28743485211,30.));
#1469 = CARTESIAN_POINT('',(14.986290419749,106.08050272173,30.));
#1470 = CARTESIAN_POINT('',(15.,105.88006776949,30.));
#1471 = CARTESIAN_POINT('',(15.,105.68741865998,30.));
#1472 = PCURVE('',#1412,#1473);
#1473 = DEFINITIONAL_REPRESENTATION('',(#1474),#1478);
#1474 = LINE('',#1475,#1476);
#1475 = CARTESIAN_POINT('',(0.,-30.));
#1476 = VECTOR('',#1477,1.);
#1477 = DIRECTION('',(1.,0.));
#1478 = ( GEOMETRIC_REPRESENTATION_CONTEXT(2) 
PARAMETRIC_REPRESENTATION_CONTEXT() REPRESENTATION_CONTEXT('2D SPACE',''
  ) );
#1479 = ORIENTED_EDGE('',*,*,#1480,.F.);
#1480 = EDGE_CURVE('',#1481,#1446,#1483,.T.);
#1481 = VERTEX_POINT('',#1482);
#1482 = CARTESIAN_POINT('',(15.,105.68741851997,0.));
#1483 = SURFACE_CURVE('',#1484,(#1488),.PCURVE_S1.);
#1484 = LINE('',#1485,#1486);
#1485 = CARTESIAN_POINT('',(15.,105.68741851997,0.));
#1486 = VECTOR('',#1487,1.);
#1487 = DIRECTION('',(0.,0.,1.));
#1488 = PCURVE('',#1412,#1489);
#1489 = DEFINITIONAL_REPRESENTATION('',(#1490),#1494);
#1490 = LINE('',#1491,#1492);
#1491 = CARTESIAN_POINT('',(1.,0.));
#1492 = VECTOR('',#1493,1.);
#1493 = DIRECTION('',(0.,-1.));
#1494 = ( GEOMETRIC_REPRESENTATION_CONTEXT(2) 
PARAMETRIC_REPRESENTATION_CONTEXT() REPRESENTATION_CONTEXT('2D SPACE',''
  ) );
#1495 = ORIENTED_EDGE('',*,*,#1496,.F.);
#1496 = EDGE_CURVE('',#1402,#1481,#1497,.T.);
#1497 = SURFACE_CURVE('',#1498,(#1521),.PCURVE_S1.);
#1498 = B_SPLINE_CURVE_WITH_KNOTS('',6,(#1499,#1500,#1501,#1502,#1503,
    #1504,#1505,#1506,#1507,#1508,#1509,#1510,#1511,#1512,#1513,#1514,
    #1515,#1516,#1517,#1518,#1519,#1520),.UNSPECIFIED.,.F.,.F.,(7,5,5,5,
    7),(0.,0.249985035126,0.500000631737,0.750015759454,1.),
  .UNSPECIFIED.);
#1499 = CARTESIAN_POINT('',(11.686533875108,109.37744249152,0.));
#1500 = CARTESIAN_POINT('',(11.87924699387,109.35685188033,0.));
#1501 = CARTESIAN_POINT('',(12.078284948411,109.32159312503,0.));
#1502 = CARTESIAN_POINT('',(12.282141356677,109.2702307478,0.));
#1503 = CARTESIAN_POINT('',(12.488763556797,109.20158888601,0.));
#1504 = CARTESIAN_POINT('',(12.695523962093,109.11510519306,0.));
#1505 = CARTESIAN_POINT('',(13.103705008105,108.90693454877,0.));
#1506 = CARTESIAN_POINT('',(13.305124332767,108.78524272964,0.));
#1507 = CARTESIAN_POINT('',(13.501043218123,108.64619329984,0.));
#1508 = CARTESIAN_POINT('',(13.688427911558,108.49082017951,0.));
#1509 = CARTESIAN_POINT('',(13.864483446735,108.3210823452,0.));
#1510 = CARTESIAN_POINT('',(14.189627979484,107.95782111095,0.));
#1511 = CARTESIAN_POINT('',(14.338716358679,107.76429859729,0.));
#1512 = CARTESIAN_POINT('',(14.472161873073,107.56135209121,0.));
#1513 = CARTESIAN_POINT('',(14.588422800277,107.3519921465,0.));
#1514 = CARTESIAN_POINT('',(14.686898244871,107.13930404307,0.));
#1515 = CARTESIAN_POINT('',(14.848524735818,106.71282167973,0.));
#1516 = CARTESIAN_POINT('',(14.9116808308,106.49902804168,0.));
#1517 = CARTESIAN_POINT('',(14.957310532064,106.28743485211,0.));
#1518 = CARTESIAN_POINT('',(14.986290419749,106.08050272173,0.));
#1519 = CARTESIAN_POINT('',(15.,105.88006776949,0.));
#1520 = CARTESIAN_POINT('',(15.,105.68741865998,0.));
#1521 = PCURVE('',#1412,#1522);
#1522 = DEFINITIONAL_REPRESENTATION('',(#1523),#1527);
#1523 = LINE('',#1524,#1525);
#1524 = CARTESIAN_POINT('',(0.,0.));
#1525 = VECTOR('',#1526,1.);
#1526 = DIRECTION('',(1.,0.));
#1527 = ( GEOMETRIC_REPRESENTATION_CONTEXT(2) 
PARAMETRIC_REPRESENTATION_CONTEXT() REPRESENTATION_CONTEXT('2D SPACE',''
  ) );
#1528 = ( GEOMETRIC_REPRESENTATION_CONTEXT(3) 
GLOBAL_UNCERTAINTY_ASSIGNED_CONTEXT((#1532)) 
GLOBAL_UNIT_ASSIGNED_CONTEXT((#1529,#1530,#1531)) REPRESENTATION_CONTEXT
('Context #1','3D Context with UNIT and UNCERTAINTY') );
#1529 = ( LENGTH_UNIT() NAMED_UNIT(*) SI_UNIT(.MILLI.,.METRE.) );
#1530 = ( NAMED_UNIT(*) PLANE_ANGLE_UNIT() SI_UNIT($,.RADIAN.) );
#1531 = ( NAMED_UNIT(*) SI_UNIT($,.STERADIAN.) SOLID_ANGLE_UNIT() );
#1532 = UNCERTAINTY_MEASURE_WITH_UNIT(LENGTH_MEASURE(1.E-04),#1529,
  'distance_accuracy_value','confusion accuracy');
#1533 = CONTEXT_DEPENDENT_SHAPE_REPRESENTATION(#1534,#1536);
#1534 = ( REPRESENTATION_RELATIONSHIP('','',#1394,#10) 
REPRESENTATION_RELATIONSHIP_WITH_TRANSFORMATION(#1535) 
SHAPE_REPRESENTATION_RELATIONSHIP() );
#1535 = ITEM_DEFINED_TRANSFORMATION('','',#11,#55);
#1536 = PRODUCT_DEFINITION_SHAPE('Placement','Placement of an item',
  #1537);
#1537 = NEXT_ASSEMBLY_USAGE_OCCURRENCE('11','','',#5,#1389,$);
#1538 = PRODUCT_RELATED_PRODUCT_CATEGORY('part',$,(#1391));
#1539 = SHAPE_DEFINITION_REPRESENTATION(#1540,#1546);
#1540 = PRODUCT_DEFINITION_SHAPE('','',#1541);
#1541 = PRODUCT_DEFINITION('design','',#1542,#1545);
#1542 = PRODUCT_DEFINITION_FORMATION('','',#1543);
#1543 = PRODUCT('Open CASCADE STEP translator 7.8 1.12',
  'Open CASCADE STEP translator 7.8 1.12','',(#1544));
#1544 = PRODUCT_CONTEXT('',#2,'mechanical');
#1545 = PRODUCT_DEFINITION_CONTEXT('part definition',#2,'design');
#1546 = MANIFOLD_SURFACE_SHAPE_REPRESENTATION('',(#11,#1547),#1621);
#1547 = SHELL_BASED_SURFACE_MODEL('',(#1548));
#1548 = OPEN_SHELL('',(#1549));
#1549 = ADVANCED_FACE('',(#1550),#1564,.F.);
#1550 = FACE_BOUND('',#1551,.F.);
#1551 = EDGE_LOOP('',(#1552,#1575,#1591,#1607));
#1552 = ORIENTED_EDGE('',*,*,#1553,.T.);
#1553 = EDGE_CURVE('',#1554,#1556,#1558,.T.);
#1554 = VERTEX_POINT('',#1555);
#1555 = CARTESIAN_POINT('',(15.,0.,0.));
#1556 = VERTEX_POINT('',#1557);
#1557 = CARTESIAN_POINT('',(15.,0.,30.));
#1558 = SURFACE_CURVE('',#1559,(#1563),.PCURVE_S1.);
#1559 = LINE('',#1560,#1561);
#1560 = CARTESIAN_POINT('',(15.,0.,0.));
#1561 = VECTOR('',#1562,1.);
#1562 = DIRECTION('',(0.,0.,1.));
#1563 = PCURVE('',#1564,#1569);
#1564 = PLANE('',#1565);
#1565 = AXIS2_PLACEMENT_3D('',#1566,#1567,#1568);
#1566 = CARTESIAN_POINT('',(15.,0.,0.));
#1567 = DIRECTION('',(-1.,0.,0.));
#1568 = DIRECTION('',(0.,1.,0.));
#1569 = DEFINITIONAL_REPRESENTATION('',(#1570),#1574);
#1570 = LINE('',#1571,#1572);
#1571 = CARTESIAN_POINT('',(0.,0.));
#1572 = VECTOR('',#1573,1.);
#1573 = DIRECTION('',(0.,-1.));
#1574 = ( GEOMETRIC_REPRESENTATION_CONTEXT(2) 
PARAMETRIC_REPRESENTATION_CONTEXT() REPRESENTATION_CONTEXT('2D SPACE',''
  ) );
#1575 = ORIENTED_EDGE('',*,*,#1576,.T.);
#1576 = EDGE_CURVE('',#1556,#1577,#1579,.T.);
#1577 = VERTEX_POINT('',#1578);
#1578 = CARTESIAN_POINT('',(15.,105.68741851997,30.));
#1579 = SURFACE_CURVE('',#1580,(#1584),.PCURVE_S1.);
#1580 = LINE('',#1581,#1582);
#1581 = CARTESIAN_POINT('',(15.,-244.,30.));
#1582 = VECTOR('',#1583,1.);
#1583 = DIRECTION('',(0.,1.,0.));
#1584 = PCURVE('',#1564,#1585);
#1585 = DEFINITIONAL_REPRESENTATION('',(#1586),#1590);
#1586 = LINE('',#1587,#1588);
#1587 = CARTESIAN_POINT('',(-244.,-30.));
#1588 = VECTOR('',#1589,1.);
#1589 = DIRECTION('',(1.,0.));
#1590 = ( GEOMETRIC_REPRESENTATION_CONTEXT(2) 
PARAMETRIC_REPRESENTATION_CONTEXT() REPRESENTATION_CONTEXT('2D SPACE',''
  ) );
#1591 = ORIENTED_EDGE('',*,*,#1592,.F.);
#1592 = EDGE_CURVE('',#1593,#1577,#1595,.T.);
#1593 = VERTEX_POINT('',#1594);
#1594 = CARTESIAN_POINT('',(15.,105.68741851997,0.));
#1595 = SURFACE_CURVE('',#1596,(#1600),.PCURVE_S1.);
#1596 = LINE('',#1597,#1598);
#1597 = CARTESIAN_POINT('',(15.,105.68741851997,0.));
#1598 = VECTOR('',#1599,1.);
#1599 = DIRECTION('',(0.,0.,1.));
#1600 = PCURVE('',#1564,#1601);
#1601 = DEFINITIONAL_REPRESENTATION('',(#1602),#1606);
#1602 = LINE('',#1603,#1604);
#1603 = CARTESIAN_POINT('',(105.68741851997,0.));
#1604 = VECTOR('',#1605,1.);
#1605 = DIRECTION('',(0.,-1.));
#1606 = ( GEOMETRIC_REPRESENTATION_CONTEXT(2) 
PARAMETRIC_REPRESENTATION_CONTEXT() REPRESENTATION_CONTEXT('2D SPACE',''
  ) );
#1607 = ORIENTED_EDGE('',*,*,#1608,.F.);
#1608 = EDGE_CURVE('',#1554,#1593,#1609,.T.);
#1609 = SURFACE_CURVE('',#1610,(#1614),.PCURVE_S1.);
#1610 = LINE('',#1611,#1612);
#1611 = CARTESIAN_POINT('',(15.,-244.,0.));
#1612 = VECTOR('',#1613,1.);
#1613 = DIRECTION('',(0.,1.,0.));
#1614 = PCURVE('',#1564,#1615);
#1615 = DEFINITIONAL_REPRESENTATION('',(#1616),#1620);
#1616 = LINE('',#1617,#1618);
#1617 = CARTESIAN_POINT('',(-244.,0.));
#1618 = VECTOR('',#1619,1.);
#1619 = DIRECTION('',(1.,0.));
#1620 = ( GEOMETRIC_REPRESENTATION_CONTEXT(2) 
PARAMETRIC_REPRESENTATION_CONTEXT() REPRESENTATION_CONTEXT('2D SPACE',''
  ) );
#1621 = ( GEOMETRIC_REPRESENTATION_CONTEXT(3) 
GLOBAL_UNCERTAINTY_ASSIGNED_CONTEXT((#1625)) 
GLOBAL_UNIT_ASSIGNED_CONTEXT((#1622,#1623,#1624)) REPRESENTATION_CONTEXT
('Context #1','3D Context with UNIT and UNCERTAINTY') );
#1622 = ( LENGTH_UNIT() NAMED_UNIT(*) SI_UNIT(.MILLI.,.METRE.) );
#1623 = ( NAMED_UNIT(*) PLANE_ANGLE_UNIT() SI_UNIT($,.RADIAN.) );
#1624 = ( NAMED_UNIT(*) SI_UNIT($,.STERADIAN.) SOLID_ANGLE_UNIT() );
#1625 = UNCERTAINTY_MEASURE_WITH_UNIT(LENGTH_MEASURE(2.E-05),#1622,
  'distance_accuracy_value','confusion accuracy');
#1626 = CONTEXT_DEPENDENT_SHAPE_REPRESENTATION(#1627,#1629);
#1627 = ( REPRESENTATION_RELATIONSHIP('','',#1546,#10) 
REPRESENTATION_RELATIONSHIP_WITH_TRANSFORMATION(#1628) 
SHAPE_REPRESENTATION_RELATIONSHIP() );
#1628 = ITEM_DEFINED_TRANSFORMATION('','',#11,#59);
#1629 = PRODUCT_DEFINITION_SHAPE('Placement','Placement of an item',
  #1630);
#1630 = NEXT_ASSEMBLY_USAGE_OCCURRENCE('12','','',#5,#1541,$);
#1631 = PRODUCT_RELATED_PRODUCT_CATEGORY('part',$,(#1543));
#1632 = SHAPE_DEFINITION_REPRESENTATION(#1633,#1639);
#1633 = PRODUCT_DEFINITION_SHAPE('','',#1634);
#1634 = PRODUCT_DEFINITION('design','',#1635,#1638);
#1635 = PRODUCT_DEFINITION_FORMATION('','',#1636);
#1636 = PRODUCT('Open CASCADE STEP translator 7.8 1.13',
  'Open CASCADE STEP translator 7.8 1.13','',(#1637));
#1637 = PRODUCT_CONTEXT('',#2,'mechanical');
#1638 = PRODUCT_DEFINITION_CONTEXT('part definition',#2,'design');
#1639 = MANIFOLD_SURFACE_SHAPE_REPRESENTATION('',(#11,#1640),#1767);
#1640 = SHELL_BASED_SURFACE_MODEL('',(#1641));
#1641 = OPEN_SHELL('',(#1642));
#1642 = ADVANCED_FACE('',(#1643),#1657,.T.);
#1643 = FACE_BOUND('',#1644,.T.);
#1644 = EDGE_LOOP('',(#1645,#1667,#1683,#1737,#1754));
#1645 = ORIENTED_EDGE('',*,*,#1646,.F.);
#1646 = EDGE_CURVE('',#1647,#1649,#1651,.T.);
#1647 = VERTEX_POINT('',#1648);
#1648 = CARTESIAN_POINT('',(15.,0.,0.));
#1649 = VERTEX_POINT('',#1650);
#1650 = CARTESIAN_POINT('',(0.,0.,0.));
#1651 = SURFACE_CURVE('',#1652,(#1656),.PCURVE_S1.);
#1652 = LINE('',#1653,#1654);
#1653 = CARTESIAN_POINT('',(0.,0.,0.));
#1654 = VECTOR('',#1655,1.);
#1655 = DIRECTION('',(-1.,-0.,0.));
#1656 = PCURVE('',#1657,#1662);
#1657 = PLANE('',#1658);
#1658 = AXIS2_PLACEMENT_3D('',#1659,#1660,#1661);
#1659 = CARTESIAN_POINT('',(0.,0.,0.));
#1660 = DIRECTION('',(0.,0.,1.));
#1661 = DIRECTION('',(1.,0.,-0.));
#1662 = DEFINITIONAL_REPRESENTATION('',(#1663),#1666);
#1663 = B_SPLINE_CURVE_WITH_KNOTS('',1,(#1664,#1665),.UNSPECIFIED.,.F.,
  .F.,(2,2),(-15.,0.),.PIECEWISE_BEZIER_KNOTS.);
#1664 = CARTESIAN_POINT('',(15.,0.));
#1665 = CARTESIAN_POINT('',(0.,0.));
#1666 = ( GEOMETRIC_REPRESENTATION_CONTEXT(2) 
PARAMETRIC_REPRESENTATION_CONTEXT() REPRESENTATION_CONTEXT('2D SPACE',''
  ) );
#1667 = ORIENTED_EDGE('',*,*,#1668,.T.);
#1668 = EDGE_CURVE('',#1647,#1669,#1671,.T.);
#1669 = VERTEX_POINT('',#1670);
#1670 = CARTESIAN_POINT('',(15.,105.68741851997,0.));
#1671 = SURFACE_CURVE('',#1672,(#1676),.PCURVE_S1.);
#1672 = LINE('',#1673,#1674);
#1673 = CARTESIAN_POINT('',(15.,-244.,0.));
#1674 = VECTOR('',#1675,1.);
#1675 = DIRECTION('',(0.,1.,0.));
#1676 = PCURVE('',#1657,#1677);
#1677 = DEFINITIONAL_REPRESENTATION('',(#1678),#1682);
#1678 = LINE('',#1679,#1680);
#1679 = CARTESIAN_POINT('',(15.,-244.));
#1680 = VECTOR('',#1681,1.);
#1681 = DIRECTION('',(0.,1.));
#1682 = ( GEOMETRIC_REPRESENTATION_CONTEXT(2) 
PARAMETRIC_REPRESENTATION_CONTEXT() REPRESENTATION_CONTEXT('2D SPACE',''
  ) );
#1683 = ORIENTED_EDGE('',*,*,#1684,.F.);
#1684 = EDGE_CURVE('',#1685,#1669,#1687,.T.);
#1685 = VERTEX_POINT('',#1686);
#1686 = CARTESIAN_POINT('',(11.686533875108,109.37744249152,0.));
#1687 = SURFACE_CURVE('',#1688,(#1711),.PCURVE_S1.);
#1688 = B_SPLINE_CURVE_WITH_KNOTS('',6,(#1689,#1690,#1691,#1692,#1693,
    #1694,#1695,#1696,#1697,#1698,#1699,#1700,#1701,#1702,#1703,#1704,
    #1705,#1706,#1707,#1708,#1709,#1710),.UNSPECIFIED.,.F.,.F.,(7,5,5,5,
    7),(0.,0.249985035126,0.500000631737,0.750015759454,1.),
  .UNSPECIFIED.);
#1689 = CARTESIAN_POINT('',(11.686533875108,109.37744249152,0.));
#1690 = CARTESIAN_POINT('',(11.87924699387,109.35685188033,0.));
#1691 = CARTESIAN_POINT('',(12.078284948411,109.32159312503,0.));
#1692 = CARTESIAN_POINT('',(12.282141356677,109.2702307478,0.));
#1693 = CARTESIAN_POINT('',(12.488763556797,109.20158888601,0.));
#1694 = CARTESIAN_POINT('',(12.695523962093,109.11510519306,0.));
#1695 = CARTESIAN_POINT('',(13.103705008105,108.90693454877,0.));
#1696 = CARTESIAN_POINT('',(13.305124332767,108.78524272964,0.));
#1697 = CARTESIAN_POINT('',(13.501043218123,108.64619329984,0.));
#1698 = CARTESIAN_POINT('',(13.688427911558,108.49082017951,0.));
#1699 = CARTESIAN_POINT('',(13.864483446735,108.3210823452,0.));
#1700 = CARTESIAN_POINT('',(14.189627979484,107.95782111095,0.));
#1701 = CARTESIAN_POINT('',(14.338716358679,107.76429859729,0.));
#1702 = CARTESIAN_POINT('',(14.472161873073,107.56135209121,0.));
#1703 = CARTESIAN_POINT('',(14.588422800277,107.3519921465,0.));
#1704 = CARTESIAN_POINT('',(14.686898244871,107.13930404307,0.));
#1705 = CARTESIAN_POINT('',(14.848524735818,106.71282167973,0.));
#1706 = CARTESIAN_POINT('',(14.9116808308,106.49902804168,0.));
#1707 = CARTESIAN_POINT('',(14.957310532064,106.28743485211,0.));
#1708 = CARTESIAN_POINT('',(14.986290419749,106.08050272173,0.));
#1709 = CARTESIAN_POINT('',(15.,105.88006776949,0.));
#1710 = CARTESIAN_POINT('',(15.,105.68741865998,0.));
#1711 = PCURVE('',#1657,#1712);
#1712 = DEFINITIONAL_REPRESENTATION('',(#1713),#1736);
#1713 = B_SPLINE_CURVE_WITH_KNOTS('',6,(#1714,#1715,#1716,#1717,#1718,
    #1719,#1720,#1721,#1722,#1723,#1724,#1725,#1726,#1727,#1728,#1729,
    #1730,#1731,#1732,#1733,#1734,#1735),.UNSPECIFIED.,.F.,.F.,(7,5,5,5,
    7),(0.,0.249985035126,0.500000631737,0.750015759454,1.),
  .UNSPECIFIED.);
#1714 = CARTESIAN_POINT('',(11.686533875108,109.37744249152));
#1715 = CARTESIAN_POINT('',(11.87924699387,109.35685188033));
#1716 = CARTESIAN_POINT('',(12.078284948411,109.32159312503));
#1717 = CARTESIAN_POINT('',(12.282141356677,109.2702307478));
#1718 = CARTESIAN_POINT('',(12.488763556797,109.20158888601));
#1719 = CARTESIAN_POINT('',(12.695523962093,109.11510519306));
#1720 = CARTESIAN_POINT('',(13.103705008105,108.90693454877));
#1721 = CARTESIAN_POINT('',(13.305124332767,108.78524272964));
#1722 = CARTESIAN_POINT('',(13.501043218123,108.64619329984));
#1723 = CARTESIAN_POINT('',(13.688427911558,108.49082017951));
#1724 = CARTESIAN_POINT('',(13.864483446735,108.3210823452));
#1725 = CARTESIAN_POINT('',(14.189627979484,107.95782111095));
#1726 = CARTESIAN_POINT('',(14.338716358679,107.76429859729));
#1727 = CARTESIAN_POINT('',(14.472161873073,107.56135209121));
#1728 = CARTESIAN_POINT('',(14.588422800277,107.3519921465));
#1729 = CARTESIAN_POINT('',(14.686898244871,107.13930404307));
#1730 = CARTESIAN_POINT('',(14.848524735818,106.71282167973));
#1731 = CARTESIAN_POINT('',(14.9116808308,106.49902804168));
#1732 = CARTESIAN_POINT('',(14.957310532064,106.28743485211));
#1733 = CARTESIAN_POINT('',(14.986290419749,106.08050272173));
#1734 = CARTESIAN_POINT('',(15.,105.88006776949));
#1735 = CARTESIAN_POINT('',(15.,105.68741865998));
#1736 = ( GEOMETRIC_REPRESENTATION_CONTEXT(2) 
PARAMETRIC_REPRESENTATION_CONTEXT() REPRESENTATION_CONTEXT('2D SPACE',''
  ) );
#1737 = ORIENTED_EDGE('',*,*,#1738,.T.);
#1738 = EDGE_CURVE('',#1685,#1739,#1741,.T.);
#1739 = VERTEX_POINT('',#1740);
#1740 = CARTESIAN_POINT('',(6.735334946023E-15,110.,0.));
#1741 = SURFACE_CURVE('',#1742,(#1747),.PCURVE_S1.);
#1742 = CIRCLE('',#1743,110.);
#1743 = AXIS2_PLACEMENT_3D('',#1744,#1745,#1746);
#1744 = CARTESIAN_POINT('',(0.,0.,0.));
#1745 = DIRECTION('',(0.,0.,1.));
#1746 = DIRECTION('',(1.,0.,-0.));
#1747 = PCURVE('',#1657,#1748);
#1748 = DEFINITIONAL_REPRESENTATION('',(#1749),#1753);
#1749 = CIRCLE('',#1750,110.);
#1750 = AXIS2_PLACEMENT_2D('',#1751,#1752);
#1751 = CARTESIAN_POINT('',(0.,0.));
#1752 = DIRECTION('',(1.,0.));
#1753 = ( GEOMETRIC_REPRESENTATION_CONTEXT(2) 
PARAMETRIC_REPRESENTATION_CONTEXT() REPRESENTATION_CONTEXT('2D SPACE',''
  ) );
#1754 = ORIENTED_EDGE('',*,*,#1755,.F.);
#1755 = EDGE_CURVE('',#1649,#1739,#1756,.T.);
#1756 = SURFACE_CURVE('',#1757,(#1761),.PCURVE_S1.);
#1757 = LINE('',#1758,#1759);
#1758 = CARTESIAN_POINT('',(0.,0.,0.));
#1759 = VECTOR('',#1760,1.);
#1760 = DIRECTION('',(-0.,1.,0.));
#1761 = PCURVE('',#1657,#1762);
#1762 = DEFINITIONAL_REPRESENTATION('',(#1763),#1766);
#1763 = B_SPLINE_CURVE_WITH_KNOTS('',1,(#1764,#1765),.UNSPECIFIED.,.F.,
  .F.,(2,2),(0.,110.),.PIECEWISE_BEZIER_KNOTS.);
#1764 = CARTESIAN_POINT('',(0.,0.));
#1765 = CARTESIAN_POINT('',(0.,110.));
#1766 = ( GEOMETRIC_REPRESENTATION_CONTEXT(2) 
PARAMETRIC_REPRESENTATION_CONTEXT() REPRESENTATION_CONTEXT('2D SPACE',''
  ) );
#1767 = ( GEOMETRIC_REPRESENTATION_CONTEXT(3) 
GLOBAL_UNCERTAINTY_ASSIGNED_CONTEXT((#1771)) 
GLOBAL_UNIT_ASSIGNED_CONTEXT((#1768,#1769,#1770)) REPRESENTATION_CONTEXT
('Context #1','3D Context with UNIT and UNCERTAINTY') );
#1768 = ( LENGTH_UNIT() NAMED_UNIT(*) SI_UNIT(.MILLI.,.METRE.) );
#1769 = ( NAMED_UNIT(*) PLANE_ANGLE_UNIT() SI_UNIT($,.RADIAN.) );
#1770 = ( NAMED_UNIT(*) SI_UNIT($,.STERADIAN.) SOLID_ANGLE_UNIT() );
#1771 = UNCERTAINTY_MEASURE_WITH_UNIT(LENGTH_MEASURE(2.E-05),#1768,
  'distance_accuracy_value','confusion accuracy');
#1772 = CONTEXT_DEPENDENT_SHAPE_REPRESENTATION(#1773,#1775);
#1773 = ( REPRESENTATION_RELATIONSHIP('','',#1639,#10) 
REPRESENTATION_RELATIONSHIP_WITH_TRANSFORMATION(#1774) 
SHAPE_REPRESENTATION_RELATIONSHIP() );
#1774 = ITEM_DEFINED_TRANSFORMATION('','',#11,#63);
#1775 = PRODUCT_DEFINITION_SHAPE('Placement','Placement of an item',
  #1776);
#1776 = NEXT_ASSEMBLY_USAGE_OCCURRENCE('13','','',#5,#1634,$);
#1777 = PRODUCT_RELATED_PRODUCT_CATEGORY('part',$,(#1636));
#1778 = SHAPE_DEFINITION_REPRESENTATION(#1779,#1785);
#1779 = PRODUCT_DEFINITION_SHAPE('','',#1780);
#1780 = PRODUCT_DEFINITION('design','',#1781,#1784);
#1781 = PRODUCT_DEFINITION_FORMATION('','',#1782);
#1782 = PRODUCT('Open CASCADE STEP translator 7.8 1.14',
  'Open CASCADE STEP translator 7.8 1.14','',(#1783));
#1783 = PRODUCT_CONTEXT('',#2,'mechanical');
#1784 = PRODUCT_DEFINITION_CONTEXT('part definition',#2,'design');
#1785 = GEOMETRICALLY_BOUNDED_WIREFRAME_SHAPE_REPRESENTATION('',(#11,
    #1786),#1794);
#1786 = GEOMETRIC_CURVE_SET('',(#1787));
#1787 = TRIMMED_CURVE('',#1788,(#1792,PARAMETER_VALUE(-15.)),(#1793,
    PARAMETER_VALUE(0.)),.T.,.PARAMETER.);
#1788 = LINE('',#1789,#1790);
#1789 = CARTESIAN_POINT('',(0.,0.,0.));
#1790 = VECTOR('',#1791,1.);
#1791 = DIRECTION('',(-1.,-0.,0.));
#1792 = CARTESIAN_POINT('',(15.,0.,0.));
#1793 = CARTESIAN_POINT('',(0.,0.,0.));
#1794 = ( GEOMETRIC_REPRESENTATION_CONTEXT(3) 
GLOBAL_UNCERTAINTY_ASSIGNED_CONTEXT((#1798)) 
GLOBAL_UNIT_ASSIGNED_CONTEXT((#1795,#1796,#1797)) REPRESENTATION_CONTEXT
('Context #1','3D Context with UNIT and UNCERTAINTY') );
#1795 = ( LENGTH_UNIT() NAMED_UNIT(*) SI_UNIT(.MILLI.,.METRE.) );
#1796 = ( NAMED_UNIT(*) PLANE_ANGLE_UNIT() SI_UNIT($,.RADIAN.) );
#1797 = ( NAMED_UNIT(*) SI_UNIT($,.STERADIAN.) SOLID_ANGLE_UNIT() );
#1798 = UNCERTAINTY_MEASURE_WITH_UNIT(LENGTH_MEASURE(2.E-07),#1795,
  'distance_accuracy_value','confusion accuracy');
#1799 = CONTEXT_DEPENDENT_SHAPE_REPRESENTATION(#1800,#1802);
#1800 = ( REPRESENTATION_RELATIONSHIP('','',#1785,#10) 
REPRESENTATION_RELATIONSHIP_WITH_TRANSFORMATION(#1801) 
SHAPE_REPRESENTATION_RELATIONSHIP() );
#1801 = ITEM_DEFINED_TRANSFORMATION('','',#11,#67);
#1802 = PRODUCT_DEFINITION_SHAPE('Placement','Placement of an item',
  #1803);
#1803 = NEXT_ASSEMBLY_USAGE_OCCURRENCE('14','','',#5,#1780,$);
#1804 = PRODUCT_RELATED_PRODUCT_CATEGORY('part',$,(#1782));
#1805 = SHAPE_DEFINITION_REPRESENTATION(#1806,#1812);
#1806 = PRODUCT_DEFINITION_SHAPE('','',#1807);
#1807 = PRODUCT_DEFINITION('design','',#1808,#1811);
#1808 = PRODUCT_DEFINITION_FORMATION('','',#1809);
#1809 = PRODUCT('Open CASCADE STEP translator 7.8 1.15',
  'Open CASCADE STEP translator 7.8 1.15','',(#1810));
#1810 = PRODUCT_CONTEXT('',#2,'mechanical');
#1811 = PRODUCT_DEFINITION_CONTEXT('part definition',#2,'design');
#1812 = GEOMETRICALLY_BOUNDED_WIREFRAME_SHAPE_REPRESENTATION('',(#11,
    #1813),#1821);
#1813 = GEOMETRIC_CURVE_SET('',(#1814));
#1814 = TRIMMED_CURVE('',#1815,(#1819,PARAMETER_VALUE(0.)),(#1820,
    PARAMETER_VALUE(110.)),.T.,.PARAMETER.);
#1815 = LINE('',#1816,#1817);
#1816 = CARTESIAN_POINT('',(0.,0.,0.));
#1817 = VECTOR('',#1818,1.);
#1818 = DIRECTION('',(-0.,1.,0.));
#1819 = CARTESIAN_POINT('',(0.,0.,0.));
#1820 = CARTESIAN_POINT('',(6.735334946023E-15,110.,0.));
#1821 = ( GEOMETRIC_REPRESENTATION_CONTEXT(3) 
GLOBAL_UNCERTAINTY_ASSIGNED_CONTEXT((#1825)) 
GLOBAL_UNIT_ASSIGNED_CONTEXT((#1822,#1823,#1824)) REPRESENTATION_CONTEXT
('Context #1','3D Context with UNIT and UNCERTAINTY') );
#1822 = ( LENGTH_UNIT() NAMED_UNIT(*) SI_UNIT(.MILLI.,.METRE.) );
#1823 = ( NAMED_UNIT(*) PLANE_ANGLE_UNIT() SI_UNIT($,.RADIAN.) );
#1824 = ( NAMED_UNIT(*) SI_UNIT($,.STERADIAN.) SOLID_ANGLE_UNIT() );
#1825 = UNCERTAINTY_MEASURE_WITH_UNIT(LENGTH_MEASURE(2.E-07),#1822,
  'distance_accuracy_value','confusion accuracy');
#1826 = CONTEXT_DEPENDENT_SHAPE_REPRESENTATION(#1827,#1829);
#1827 = ( REPRESENTATION_RELATIONSHIP('','',#1812,#10) 
REPRESENTATION_RELATIONSHIP_WITH_TRANSFORMATION(#1828) 
SHAPE_REPRESENTATION_RELATIONSHIP() );
#1828 = ITEM_DEFINED_TRANSFORMATION('','',#11,#71);
#1829 = PRODUCT_DEFINITION_SHAPE('Placement','Placement of an item',
  #1830);
#1830 = NEXT_ASSEMBLY_USAGE_OCCURRENCE('15','','',#5,#1807,$);
#1831 = PRODUCT_RELATED_PRODUCT_CATEGORY('part',$,(#1809));
#1832 = SHAPE_DEFINITION_REPRESENTATION(#1833,#1839);
#1833 = PRODUCT_DEFINITION_SHAPE('','',#1834);
#1834 = PRODUCT_DEFINITION('design','',#1835,#1838);
#1835 = PRODUCT_DEFINITION_FORMATION('','',#1836);
#1836 = PRODUCT('Open CASCADE STEP translator 7.8 1.16',
  'Open CASCADE STEP translator 7.8 1.16','',(#1837));
#1837 = PRODUCT_CONTEXT('',#2,'mechanical');
#1838 = PRODUCT_DEFINITION_CONTEXT('part definition',#2,'design');
#1839 = GEOMETRICALLY_BOUNDED_WIREFRAME_SHAPE_REPRESENTATION('',(#11,
    #1840),#1848);
#1840 = GEOMETRIC_CURVE_SET('',(#1841));
#1841 = TRIMMED_CURVE('',#1842,(#1846,PARAMETER_VALUE(10.)),(#1847,
    PARAMETER_VALUE(254.)),.T.,.PARAMETER.);
#1842 = LINE('',#1843,#1844);
#1843 = CARTESIAN_POINT('',(0.,0.,-254.));
#1844 = VECTOR('',#1845,1.);
#1845 = DIRECTION('',(0.,0.,1.));
#1846 = CARTESIAN_POINT('',(0.,0.,-244.));
#1847 = CARTESIAN_POINT('',(0.,0.,0.));
#1848 = ( GEOMETRIC_REPRESENTATION_CONTEXT(3) 
GLOBAL_UNCERTAINTY_ASSIGNED_CONTEXT((#1852)) 
GLOBAL_UNIT_ASSIGNED_CONTEXT((#1849,#1850,#1851)) REPRESENTATION_CONTEXT
('Context #1','3D Context with UNIT and UNCERTAINTY') );
#1849 = ( LENGTH_UNIT() NAMED_UNIT(*) SI_UNIT(.MILLI.,.METRE.) );
#1850 = ( NAMED_UNIT(*) PLANE_ANGLE_UNIT() SI_UNIT($,.RADIAN.) );
#1851 = ( NAMED_UNIT(*) SI_UNIT($,.STERADIAN.) SOLID_ANGLE_UNIT() );
#1852 = UNCERTAINTY_MEASURE_WITH_UNIT(LENGTH_MEASURE(1.E-07),#1849,
  'distance_accuracy_value','confusion accuracy');
#1853 = CONTEXT_DEPENDENT_SHAPE_REPRESENTATION(#1854,#1856);
#1854 = ( REPRESENTATION_RELATIONSHIP('','',#1839,#10) 
REPRESENTATION_RELATIONSHIP_WITH_TRANSFORMATION(#1855) 
SHAPE_REPRESENTATION_RELATIONSHIP() );
#1855 = ITEM_DEFINED_TRANSFORMATION('','',#11,#75);
#1856 = PRODUCT_DEFINITION_SHAPE('Placement','Placement of an item',
  #1857);
#1857 = NEXT_ASSEMBLY_USAGE_OCCURRENCE('16','','',#5,#1834,$);
#1858 = PRODUCT_RELATED_PRODUCT_CATEGORY('part',$,(#1836));
#1859 = SHAPE_DEFINITION_REPRESENTATION(#1860,#1866);
#1860 = PRODUCT_DEFINITION_SHAPE('','',#1861);
#1861 = PRODUCT_DEFINITION('design','',#1862,#1865);
#1862 = PRODUCT_DEFINITION_FORMATION('','',#1863);
#1863 = PRODUCT('Open CASCADE STEP translator 7.8 1.17',
  'Open CASCADE STEP translator 7.8 1.17','',(#1864));
#1864 = PRODUCT_CONTEXT('',#2,'mechanical');
#1865 = PRODUCT_DEFINITION_CONTEXT('part definition',#2,'design');
#1866 = GEOMETRICALLY_BOUNDED_WIREFRAME_SHAPE_REPRESENTATION('',(#11,
    #1867),#1875);
#1867 = GEOMETRIC_CURVE_SET('',(#1868));
#1868 = TRIMMED_CURVE('',#1869,(#1873,PARAMETER_VALUE(10.659459459)),(
    #1874,PARAMETER_VALUE(254.)),.T.,.PARAMETER.);
#1869 = LINE('',#1870,#1871);
#1870 = CARTESIAN_POINT('',(0.,0.,-254.));
#1871 = VECTOR('',#1872,1.);
#1872 = DIRECTION('',(0.,0.,1.));
#1873 = CARTESIAN_POINT('',(0.,0.,-243.340540541));
#1874 = CARTESIAN_POINT('',(0.,0.,0.));
#1875 = ( GEOMETRIC_REPRESENTATION_CONTEXT(3) 
GLOBAL_UNCERTAINTY_ASSIGNED_CONTEXT((#1879)) 
GLOBAL_UNIT_ASSIGNED_CONTEXT((#1876,#1877,#1878)) REPRESENTATION_CONTEXT
('Context #1','3D Context with UNIT and UNCERTAINTY') );
#1876 = ( LENGTH_UNIT() NAMED_UNIT(*) SI_UNIT(.MILLI.,.METRE.) );
#1877 = ( NAMED_UNIT(*) PLANE_ANGLE_UNIT() SI_UNIT($,.RADIAN.) );
#1878 = ( NAMED_UNIT(*) SI_UNIT($,.STERADIAN.) SOLID_ANGLE_UNIT() );
#1879 = UNCERTAINTY_MEASURE_WITH_UNIT(LENGTH_MEASURE(1.E-07),#1876,
  'distance_accuracy_value','confusion accuracy');
#1880 = CONTEXT_DEPENDENT_SHAPE_REPRESENTATION(#1881,#1883);
#1881 = ( REPRESENTATION_RELATIONSHIP('','',#1866,#10) 
REPRESENTATION_RELATIONSHIP_WITH_TRANSFORMATION(#1882) 
SHAPE_REPRESENTATION_RELATIONSHIP() );
#1882 = ITEM_DEFINED_TRANSFORMATION('','',#11,#79);
#1883 = PRODUCT_DEFINITION_SHAPE('Placement','Placement of an item',
  #1884);
#1884 = NEXT_ASSEMBLY_USAGE_OCCURRENCE('17','','',#5,#1861,$);
#1885 = PRODUCT_RELATED_PRODUCT_CATEGORY('part',$,(#1863));
#1886 = SHAPE_DEFINITION_REPRESENTATION(#1887,#1893);
#1887 = PRODUCT_DEFINITION_SHAPE('','',#1888);
#1888 = PRODUCT_DEFINITION('design','',#1889,#1892);
#1889 = PRODUCT_DEFINITION_FORMATION('','',#1890);
#1890 = PRODUCT('Open CASCADE STEP translator 7.8 1.18',
  'Open CASCADE STEP translator 7.8 1.18','',(#1891));
#1891 = PRODUCT_CONTEXT('',#2,'mechanical');
#1892 = PRODUCT_DEFINITION_CONTEXT('part definition',#2,'design');
#1893 = GEOMETRICALLY_BOUNDED_WIREFRAME_SHAPE_REPRESENTATION('',(#11,
    #1894),#1902);
#1894 = GEOMETRIC_CURVE_SET('',(#1895));
#1895 = TRIMMED_CURVE('',#1896,(#1900,PARAMETER_VALUE(0.)),(#1901,
    PARAMETER_VALUE(30.)),.T.,.PARAMETER.);
#1896 = LINE('',#1897,#1898);
#1897 = CARTESIAN_POINT('',(0.,0.,0.));
#1898 = VECTOR('',#1899,1.);
#1899 = DIRECTION('',(0.,0.,1.));
#1900 = CARTESIAN_POINT('',(0.,0.,0.));
#1901 = CARTESIAN_POINT('',(0.,0.,30.));
#1902 = ( GEOMETRIC_REPRESENTATION_CONTEXT(3) 
GLOBAL_UNCERTAINTY_ASSIGNED_CONTEXT((#1906)) 
GLOBAL_UNIT_ASSIGNED_CONTEXT((#1903,#1904,#1905)) REPRESENTATION_CONTEXT
('Context #1','3D Context with UNIT and UNCERTAINTY') );
#1903 = ( LENGTH_UNIT() NAMED_UNIT(*) SI_UNIT(.MILLI.,.METRE.) );
#1904 = ( NAMED_UNIT(*) PLANE_ANGLE_UNIT() SI_UNIT($,.RADIAN.) );
#1905 = ( NAMED_UNIT(*) SI_UNIT($,.STERADIAN.) SOLID_ANGLE_UNIT() );
#1906 = UNCERTAINTY_MEASURE_WITH_UNIT(LENGTH_MEASURE(2.E-07),#1903,
  'distance_accuracy_value','confusion accuracy');
#1907 = CONTEXT_DEPENDENT_SHAPE_REPRESENTATION(#1908,#1910);
#1908 = ( REPRESENTATION_RELATIONSHIP('','',#1893,#10) 
REPRESENTATION_RELATIONSHIP_WITH_TRANSFORMATION(#1909) 
SHAPE_REPRESENTATION_RELATIONSHIP() );
#1909 = ITEM_DEFINED_TRANSFORMATION('','',#11,#83);
#1910 = PRODUCT_DEFINITION_SHAPE('Placement','Placement of an item',
  #1911);
#1911 = NEXT_ASSEMBLY_USAGE_OCCURRENCE('18','','',#5,#1888,$);
#1912 = PRODUCT_RELATED_PRODUCT_CATEGORY('part',$,(#1890));
ENDSEC;
END-ISO-10303-21;
