ISO-10303-21;
HEADER;
FILE_NAME('Open CASCADE Shape Model','2026-09-03T18:08:31',('Author'),(
    'Open CASCADE'),'Open CASCADE STEP processor 7.8','Open CASCADE 7.8'
  ,'Unknown');
FILE_DESCRIPTION(('Open CASCADE Model'),'2;1');
FILE_SCHEMA(('AUTOMOTIVE_DESIGN { 1 0 10303 214 1 1 1 1 }'));
ENDSEC;
DATA;
#1 = APPLICATION_PROTOCOL_DEFINITION('international standard',
  'automotive_design',2000,#2);
#2 = APPLICATION_CONTEXT(
  'core data for automotive mechanical design processes');
#3 = SHAPE_DEFINITION_REPRESENTATION(#4,#10);
#4 = PRODUCT_DEFINITION_SHAPE('','',#5);
#5 = PRODUCT_DEFINITION('design','',#6,#9);
#6 = PRODUCT_DEFINITION_FORMATION('','',#7);
#7 = PRODUCT('Open CASCADE STEP translator 7.8 1',
  'Open CASCADE STEP translator 7.8 1','',(#8));
#8 = PRODUCT_CONTEXT('',#2,'mechanical');
#9 = PRODUCT_DEFINITION_CONTEXT('part definition',#2,'design');
#10 = SHAPE_REPRESENTATION('',(#11,#15,#19,#23,#27,#31,#35,#39,#43,#47,
    #51,#55,#59,#63,#67,#71,#75,#79,#83,#87,#91),#95);
#11 = AXIS2_PLACEMENT_3D('',#12,#13,#14);
#12 = CARTESIAN_POINT('',(0.,0.,0.));
#13 = DIRECTION('',(0.,0.,1.));
#14 = DIRECTION('',(1.,0.,-0.));
#15 = AXIS2_PLACEMENT_3D('',#16,#17,#18);
#16 = CARTESIAN_POINT('',(0.,0.,0.));
#17 = DIRECTION('',(0.,0.,1.));
#18 = DIRECTION('',(1.,0.,-0.));
#19 = AXIS2_PLACEMENT_3D('',#20,#21,#22);
#20 = CARTESIAN_POINT('',(0.,0.,0.));
#21 = DIRECTION('',(0.,0.,1.));
#22 = DIRECTION('',(1.,0.,-0.));
#23 = AXIS2_PLACEMENT_3D('',#24,#25,#26);
#24 = CARTESIAN_POINT('',(0.,0.,0.));
#25 = DIRECTION('',(0.,0.,1.));
#26 = DIRECTION('',(1.,0.,-0.));
#27 = AXIS2_PLACEMENT_3D('',#28,#29,#30);
#28 = CARTESIAN_POINT('',(0.,0.,0.));
#29 = DIRECTION('',(0.,0.,1.));
#30 = DIRECTION('',(1.,0.,-0.));
#31 = AXIS2_PLACEMENT_3D('',#32,#33,#34);
#32 = CARTESIAN_POINT('',(0.,0.,0.));
#33 = DIRECTION('',(0.,0.,1.));
#34 = DIRECTION('',(1.,0.,-0.));
#35 = AXIS2_PLACEMENT_3D('',#36,#37,#38);
#36 = CARTESIAN_POINT('',(0.,0.,0.));
#37 = DIRECTION('',(0.,0.,1.));
#38 = DIRECTION('',(1.,0.,-0.));
#39 = AXIS2_PLACEMENT_3D('',#40,#41,#42);
#40 = CARTESIAN_POINT('',(0.,0.,0.));
#41 = DIRECTION('',(0.,0.,1.));
#42 = DIRECTION('',(1.,0.,-0.));
#43 = AXIS2_PLACEMENT_3D('',#44,#45,#46);
#44 = CARTESIAN_POINT('',(0.,0.,0.));
#45 = DIRECTION('',(0.,0.,1.));
#46 = DIRECTION('',(1.,0.,-0.));
#47 = AXIS2_PLACEMENT_3D('',#48,#49,#50);
#48 = CARTESIAN_POINT('',(0.,0.,0.));
#49 = DIRECTION('',(0.,0.,1.));
#50 = DIRECTION('',(1.,0.,-0.));
#51 = AXIS2_PLACEMENT_3D('',#52,#53,#54);
#52 = CARTESIAN_POINT('',(0.,0.,0.));
#53 = DIRECTION('',(0.,0.,1.));
#54 = DIRECTION('',(1.,0.,-0.));
#55 = AXIS2_PLACEMENT_3D('',#56,#57,#58);
#56 = CARTESIAN_POINT('',(0.,0.,0.));
#57 = DIRECTION('',(0.,0.,1.));
#58 = DIRECTION('',(1.,0.,-0.));
#59 = AXIS2_PLACEMENT_3D('',#60,#61,#62);
#60 = CARTESIAN_POINT('',(0.,0.,0.));
#61 = DIRECTION('',(0.,0.,1.));
#62 = DIRECTION('',(1.,0.,-0.));
#63 = AXIS2_PLACEMENT_3D('',#64,#65,#66);
#64 = CARTESIAN_POINT('',(0.,0.,0.));
#65 = DIRECTION('',(0.,0.,1.));
#66 = DIRECTION('',(1.,0.,-0.));
#67 = AXIS2_PLACEMENT_3D('',#68,#69,#70);
#68 = CARTESIAN_POINT('',(0.,0.,0.));
#69 = DIRECTION('',(0.,0.,1.));
#70 = DIRECTION('',(1.,0.,-0.));
#71 = AXIS2_PLACEMENT_3D('',#72,#73,#74);
#72 = CARTESIAN_POINT('',(0.,0.,0.));
#73 = DIRECTION('',(0.,0.,1.));
#74 = DIRECTION('',(1.,0.,-0.));
#75 = AXIS2_PLACEMENT_3D('',#76,#77,#78);
#76 = CARTESIAN_POINT('',(0.,0.,0.));
#77 = DIRECTION('',(0.,0.,1.));
#78 = DIRECTION('',(1.,0.,-0.));
#79 = AXIS2_PLACEMENT_3D('',#80,#81,#82);
#80 = CARTESIAN_POINT('',(0.,0.,0.));
#81 = DIRECTION('',(0.,0.,1.));
#82 = DIRECTION('',(1.,0.,-0.));
#83 = AXIS2_PLACEMENT_3D('',#84,#85,#86);
#84 = CARTESIAN_POINT('',(0.,0.,0.));
#85 = DIRECTION('',(0.,0.,1.));
#86 = DIRECTION('',(1.,0.,-0.));
#87 = AXIS2_PLACEMENT_3D('',#88,#89,#90);
#88 = CARTESIAN_POINT('',(0.,0.,30.));
#89 = DIRECTION('',(0.,0.,1.));
#90 = DIRECTION('',(1.,0.,-0.));
#91 = AXIS2_PLACEMENT_3D('',#92,#93,#94);
#92 = CARTESIAN_POINT('',(0.,0.,0.));
#93 = DIRECTION('',(0.,0.,1.));
#94 = DIRECTION('',(1.,0.,-0.));
#95 = ( GEOMETRIC_REPRESENTATION_CONTEXT(3) 
GLOBAL_UNCERTAINTY_ASSIGNED_CONTEXT((#99)) GLOBAL_UNIT_ASSIGNED_CONTEXT(
(#96,#97,#98)) REPRESENTATION_CONTEXT('Context #1',
  '3D Context with UNIT and UNCERTAINTY') );
#96 = ( LENGTH_UNIT() NAMED_UNIT(*) SI_UNIT(.MILLI.,.METRE.) );
#97 = ( NAMED_UNIT(*) PLANE_ANGLE_UNIT() SI_UNIT($,.RADIAN.) );
#98 = ( NAMED_UNIT(*) SI_UNIT($,.STERADIAN.) SOLID_ANGLE_UNIT() );
#99 = UNCERTAINTY_MEASURE_WITH_UNIT(LENGTH_MEASURE(5.E-05),#96,
  'distance_accuracy_value','confusion accuracy');
#100 = PRODUCT_RELATED_PRODUCT_CATEGORY('part',$,(#7));
#101 = SHAPE_DEFINITION_REPRESENTATION(#102,#108);
#102 = PRODUCT_DEFINITION_SHAPE('','',#103);
#103 = PRODUCT_DEFINITION('design','',#104,#107);
#104 = PRODUCT_DEFINITION_FORMATION('','',#105);
#105 = PRODUCT('Open CASCADE STEP translator 7.8 1.1',
  'Open CASCADE STEP translator 7.8 1.1','',(#106));
#106 = PRODUCT_CONTEXT('',#2,'mechanical');
#107 = PRODUCT_DEFINITION_CONTEXT('part definition',#2,'design');
#108 = MANIFOLD_SURFACE_SHAPE_REPRESENTATION('',(#11,#109),#284);
#109 = SHELL_BASED_SURFACE_MODEL('',(#110));
#110 = OPEN_SHELL('',(#111));
#111 = ADVANCED_FACE('',(#112),#127,.T.);
#112 = FACE_BOUND('',#113,.T.);
#113 = EDGE_LOOP('',(#114,#138,#176,#192,#209,#224));
#114 = ORIENTED_EDGE('',*,*,#115,.F.);
#115 = EDGE_CURVE('',#116,#118,#120,.T.);
#116 = VERTEX_POINT('',#117);
#117 = CARTESIAN_POINT('',(11.686533875108,109.37744249152,0.));
#118 = VERTEX_POINT('',#119);
#119 = CARTESIAN_POINT('',(-11.6865338751,109.37744249152,0.));
#120 = SURFACE_CURVE('',#121,(#126),.PCURVE_S1.);
#121 = CIRCLE('',#122,110.);
#122 = AXIS2_PLACEMENT_3D('',#123,#124,#125);
#123 = CARTESIAN_POINT('',(0.,0.,0.));
#124 = DIRECTION('',(0.,0.,1.));
#125 = DIRECTION('',(1.,0.,-0.));
#126 = PCURVE('',#127,#132);
#127 = CONICAL_SURFACE('',#128,17.5,0.362358903357);
#128 = AXIS2_PLACEMENT_3D('',#129,#130,#131);
#129 = CARTESIAN_POINT('',(0.,0.,-244.));
#130 = DIRECTION('',(0.,0.,1.));
#131 = DIRECTION('',(1.,0.,-0.));
#132 = DEFINITIONAL_REPRESENTATION('',(#133),#137);
#133 = LINE('',#134,#135);
#134 = CARTESIAN_POINT('',(0.,244.));
#135 = VECTOR('',#136,1.);
#136 = DIRECTION('',(1.,0.));
#137 = ( GEOMETRIC_REPRESENTATION_CONTEXT(2) 
PARAMETRIC_REPRESENTATION_CONTEXT() REPRESENTATION_CONTEXT('2D SPACE',''
  ) );
#138 = ORIENTED_EDGE('',*,*,#139,.T.);
#139 = EDGE_CURVE('',#116,#140,#142,.T.);
#140 = VERTEX_POINT('',#141);
#141 = CARTESIAN_POINT('',(62.096850568825,0.,-126.3607401211));
#142 = SURFACE_CURVE('',#143,(#162),.PCURVE_S1.);
#143 = B_SPLINE_CURVE_WITH_KNOTS('',9,(#144,#145,#146,#147,#148,#149,
    #150,#151,#152,#153,#154,#155,#156,#157,#158,#159,#160,#161),
  .UNSPECIFIED.,.F.,.F.,(10,8,10),(-11.18702234902,-0.773983346059,
    180.80980824821),.UNSPECIFIED.);
#144 = CARTESIAN_POINT('',(6.032489596173,115.50779300307,
    14.494820132693));
#145 = CARTESIAN_POINT('',(6.660716738277,114.82664294623,
    12.884284562393));
#146 = CARTESIAN_POINT('',(7.288943880381,114.14549288939,
    11.273748992094));
#147 = CARTESIAN_POINT('',(7.917171022485,113.46434283255,9.663213421795
    ));
#148 = CARTESIAN_POINT('',(8.545398164589,112.78319277571,8.052677851496
    ));
#149 = CARTESIAN_POINT('',(9.173625306693,112.10204271887,6.442142281197
    ));
#150 = CARTESIAN_POINT('',(9.801852448797,111.42089266204,4.831606710897
    ));
#151 = CARTESIAN_POINT('',(10.430079590901,110.7397426052,3.221071140598
    ));
#152 = CARTESIAN_POINT('',(11.058306733004,110.05859254836,
    1.610535570299));
#153 = CARTESIAN_POINT('',(22.641632229508,97.499468162371,
    -28.08470757376));
#154 = CARTESIAN_POINT('',(32.296313558519,85.578890948681,
    -52.65906636373));
#155 = CARTESIAN_POINT('',(40.647272652498,73.603376019535,
    -73.72247038829));
#156 = CARTESIAN_POINT('',(47.686186209638,61.546602275188,
    -91.27652056122));
#157 = CARTESIAN_POINT('',(53.391210566248,49.408942616124,
    -105.3147412379));
#158 = CARTESIAN_POINT('',(57.735364376571,37.142096065978,
    -115.848999096));
#159 = CARTESIAN_POINT('',(60.642495511642,24.78669266475,
    -122.8560088522));
#160 = CARTESIAN_POINT('',(62.096850568826,12.393551175571,
    -126.3607401211));
#161 = CARTESIAN_POINT('',(62.096850568825,0.,-126.3607401211));
#162 = PCURVE('',#127,#163);
#163 = DEFINITIONAL_REPRESENTATION('',(#164),#175);
#164 = B_SPLINE_CURVE_WITH_KNOTS('',9,(#165,#166,#167,#168,#169,#170,
    #171,#172,#173,#174),.UNSPECIFIED.,.F.,.F.,(10,10),(-0.773983346059,
    180.80980824821),.PIECEWISE_BEZIER_KNOTS.);
#165 = CARTESIAN_POINT('',(1.464354226824,244.));
#166 = CARTESIAN_POINT('',(1.353853979748,215.91529242622));
#167 = CARTESIAN_POINT('',(1.23099720147,191.34095609957));
#168 = CARTESIAN_POINT('',(1.094444535217,170.27744158568));
#169 = CARTESIAN_POINT('',(0.942771980134,152.72363870987));
#170 = CARTESIAN_POINT('',(0.775785299095,138.68509635686));
#171 = CARTESIAN_POINT('',(0.593166443918,128.15109422621));
#172 = CARTESIAN_POINT('',(0.399160602312,121.14396639225));
#173 = CARTESIAN_POINT('',(0.199584215013,117.63925987885));
#174 = CARTESIAN_POINT('',(8.881784197001E-16,117.63925987884));
#175 = ( GEOMETRIC_REPRESENTATION_CONTEXT(2) 
PARAMETRIC_REPRESENTATION_CONTEXT() REPRESENTATION_CONTEXT('2D SPACE',''
  ) );
#176 = ORIENTED_EDGE('',*,*,#177,.F.);
#177 = EDGE_CURVE('',#178,#140,#180,.T.);
#178 = VERTEX_POINT('',#179);
#179 = CARTESIAN_POINT('',(17.5,-4.286122238378E-15,-244.));
#180 = SURFACE_CURVE('',#181,(#185),.PCURVE_S1.);
#181 = LINE('',#182,#183);
#182 = CARTESIAN_POINT('',(17.5,-4.286122238378E-15,-244.));
#183 = VECTOR('',#184,1.);
#184 = DIRECTION('',(0.354480941285,-8.681992260137E-17,0.935063239715)
  );
#185 = PCURVE('',#127,#186);
#186 = DEFINITIONAL_REPRESENTATION('',(#187),#191);
#187 = LINE('',#188,#189);
#188 = CARTESIAN_POINT('',(0.,-0.));
#189 = VECTOR('',#190,1.);
#190 = DIRECTION('',(0.,1.));
#191 = ( GEOMETRIC_REPRESENTATION_CONTEXT(2) 
PARAMETRIC_REPRESENTATION_CONTEXT() REPRESENTATION_CONTEXT('2D SPACE',''
  ) );
#192 = ORIENTED_EDGE('',*,*,#193,.T.);
#193 = EDGE_CURVE('',#178,#194,#196,.T.);
#194 = VERTEX_POINT('',#195);
#195 = CARTESIAN_POINT('',(-17.5,2.143061119189E-15,-244.));
#196 = SURFACE_CURVE('',#197,(#202),.PCURVE_S1.);
#197 = CIRCLE('',#198,17.5);
#198 = AXIS2_PLACEMENT_3D('',#199,#200,#201);
#199 = CARTESIAN_POINT('',(0.,0.,-244.));
#200 = DIRECTION('',(0.,0.,1.));
#201 = DIRECTION('',(1.,0.,-0.));
#202 = PCURVE('',#127,#203);
#203 = DEFINITIONAL_REPRESENTATION('',(#204),#208);
#204 = LINE('',#205,#206);
#205 = CARTESIAN_POINT('',(0.,0.));
#206 = VECTOR('',#207,1.);
#207 = DIRECTION('',(1.,0.));
#208 = ( GEOMETRIC_REPRESENTATION_CONTEXT(2) 
PARAMETRIC_REPRESENTATION_CONTEXT() REPRESENTATION_CONTEXT('2D SPACE',''
  ) );
#209 = ORIENTED_EDGE('',*,*,#210,.T.);
#210 = EDGE_CURVE('',#194,#211,#213,.T.);
#211 = VERTEX_POINT('',#212);
#212 = CARTESIAN_POINT('',(-62.09685056882,-1.455451711668E-15,
    -126.3607401211));
#213 = SURFACE_CURVE('',#214,(#218),.PCURVE_S1.);
#214 = LINE('',#215,#216);
#215 = CARTESIAN_POINT('',(0.,0.,-290.1621621621));
#216 = VECTOR('',#217,1.);
#217 = DIRECTION('',(-0.354480941285,0.,0.935063239715));
#218 = PCURVE('',#127,#219);
#219 = DEFINITIONAL_REPRESENTATION('',(#220),#223);
#220 = B_SPLINE_CURVE_WITH_KNOTS('',1,(#221,#222),.UNSPECIFIED.,.F.,.F.,
  (2,2),(49.367957376073,310.31287493531),.PIECEWISE_BEZIER_KNOTS.);
#221 = CARTESIAN_POINT('',(3.14159265359,-1.993207177367E-14));
#222 = CARTESIAN_POINT('',(3.14159265359,244.));
#223 = ( GEOMETRIC_REPRESENTATION_CONTEXT(2) 
PARAMETRIC_REPRESENTATION_CONTEXT() REPRESENTATION_CONTEXT('2D SPACE',''
  ) );
#224 = ORIENTED_EDGE('',*,*,#225,.T.);
#225 = EDGE_CURVE('',#211,#118,#226,.T.);
#226 = SURFACE_CURVE('',#227,(#262),.PCURVE_S1.);
#227 = B_SPLINE_CURVE_WITH_KNOTS('',9,(#228,#229,#230,#231,#232,#233,
    #234,#235,#236,#237,#238,#239,#240,#241,#242,#243,#244,#245,#246,
    #247,#248,#249,#250,#251,#252,#253,#254,#255,#256,#257,#258,#259,
    #260,#261),.UNSPECIFIED.,.F.,.F.,(10,8,8,8,10),(-11.16033993943,
    -0.773142397452,180.61335472349,361.99985184443,372.38704938641),
  .UNSPECIFIED.);
#228 = CARTESIAN_POINT('',(-6.040386270165,-115.4992310999,
    14.474576062517));
#229 = CARTESIAN_POINT('',(-6.667736004048,-114.8190323656,
    12.866289833349));
#230 = CARTESIAN_POINT('',(-7.29508573793,-114.1388336314,11.25800360418
    ));
#231 = CARTESIAN_POINT('',(-7.922435471813,-113.4586348971,
    9.649717375012));
#232 = CARTESIAN_POINT('',(-8.549785205695,-112.7784361628,
    8.041431145843));
#233 = CARTESIAN_POINT('',(-9.177134939578,-112.0982374285,
    6.433144916674));
#234 = CARTESIAN_POINT('',(-9.80448467346,-111.4180386943,4.824858687506
    ));
#235 = CARTESIAN_POINT('',(-10.43183440734,-110.73783996,3.216572458337)
  );
#236 = CARTESIAN_POINT('',(-11.05918414122,-110.0576412257,
    1.608286229169));
#237 = CARTESIAN_POINT('',(-22.64163222948,-97.4994681624,-28.0847075737
    ));
#238 = CARTESIAN_POINT('',(-32.2963135586,-85.57889094857,
    -52.65906636396));
#239 = CARTESIAN_POINT('',(-40.64727265233,-73.60337601974,
    -73.72247038786));
#240 = CARTESIAN_POINT('',(-47.68618620983,-61.54660227494,
    -91.27652056173));
#241 = CARTESIAN_POINT('',(-53.3912105661,-49.40894261631,
    -105.3147412375));
#242 = CARTESIAN_POINT('',(-57.73536437663,-37.14209606589,
    -115.8489990961));
#243 = CARTESIAN_POINT('',(-60.64249551163,-24.78669266477,
    -122.8560088522));
#244 = CARTESIAN_POINT('',(-62.09685056882,-12.39355117557,
    -126.3607401211));
#245 = CARTESIAN_POINT('',(-62.09685056882,12.39355117557,
    -126.3607401211));
#246 = CARTESIAN_POINT('',(-60.64249551163,24.786692664774,
    -122.8560088522));
#247 = CARTESIAN_POINT('',(-57.73536437663,37.142096065886,
    -115.8489990961));
#248 = CARTESIAN_POINT('',(-53.3912105661,49.408942616317,
    -105.3147412375));
#249 = CARTESIAN_POINT('',(-47.68618620983,61.546602274935,
    -91.27652056173));
#250 = CARTESIAN_POINT('',(-40.64727265233,73.603376019748,
    -73.72247038786));
#251 = CARTESIAN_POINT('',(-32.2963135586,85.57889094857,-52.65906636396
    ));
#252 = CARTESIAN_POINT('',(-22.64163222948,97.499468162401,
    -28.0847075737));
#253 = CARTESIAN_POINT('',(-11.05918414122,110.05764122579,
    1.608286229169));
#254 = CARTESIAN_POINT('',(-10.43183440734,110.73783996005,
    3.216572458337));
#255 = CARTESIAN_POINT('',(-9.80448467346,111.41803869432,4.824858687506
    ));
#256 = CARTESIAN_POINT('',(-9.177134939578,112.09823742859,
    6.433144916674));
#257 = CARTESIAN_POINT('',(-8.549785205695,112.77843616286,
    8.041431145843));
#258 = CARTESIAN_POINT('',(-7.922435471813,113.45863489713,
    9.649717375012));
#259 = CARTESIAN_POINT('',(-7.29508573793,114.1388336314,11.25800360418)
  );
#260 = CARTESIAN_POINT('',(-6.667736004048,114.81903236567,
    12.866289833349));
#261 = CARTESIAN_POINT('',(-6.040386270165,115.49923109994,
    14.474576062517));
#262 = PCURVE('',#127,#263);
#263 = DEFINITIONAL_REPRESENTATION('',(#264),#283);
#264 = B_SPLINE_CURVE_WITH_KNOTS('',9,(#265,#266,#267,#268,#269,#270,
    #271,#272,#273,#274,#275,#276,#277,#278,#279,#280,#281,#282),
  .UNSPECIFIED.,.F.,.F.,(10,8,10),(-0.773142397452,180.61335472349,
    361.99985184443),.UNSPECIFIED.);
#265 = CARTESIAN_POINT('',(4.605946880414,244.));
#266 = CARTESIAN_POINT('',(4.495446633338,215.91529242629));
#267 = CARTESIAN_POINT('',(4.372589930278,191.34095605434));
#268 = CARTESIAN_POINT('',(4.236036840731,170.27744176933));
#269 = CARTESIAN_POINT('',(4.084365407227,152.72363837746));
#270 = CARTESIAN_POINT('',(3.917376921181,138.68509669627));
#271 = CARTESIAN_POINT('',(3.734759968271,128.15109403966));
#272 = CARTESIAN_POINT('',(3.540752804119,121.14396643884));
#273 = CARTESIAN_POINT('',(3.341176989174,117.63925987885));
#274 = CARTESIAN_POINT('',(2.942008318005,117.63925987884));
#275 = CARTESIAN_POINT('',(2.74243250306,121.14396643886));
#276 = CARTESIAN_POINT('',(2.548425338908,128.15109403963));
#277 = CARTESIAN_POINT('',(2.365808385998,138.68509669632));
#278 = CARTESIAN_POINT('',(2.198819899954,152.7236383774));
#279 = CARTESIAN_POINT('',(2.047148466448,170.27744176937));
#280 = CARTESIAN_POINT('',(1.910595376902,191.34095605432));
#281 = CARTESIAN_POINT('',(1.787738673841,215.91529242629));
#282 = CARTESIAN_POINT('',(1.677238426766,244.));
#283 = ( GEOMETRIC_REPRESENTATION_CONTEXT(2) 
PARAMETRIC_REPRESENTATION_CONTEXT() REPRESENTATION_CONTEXT('2D SPACE',''
  ) );
#284 = ( GEOMETRIC_REPRESENTATION_CONTEXT(3) 
GLOBAL_UNCERTAINTY_ASSIGNED_CONTEXT((#288)) GLOBAL_UNIT_ASSIGNED_CONTEXT
((#285,#286,#287)) REPRESENTATION_CONTEXT('Context #1',
  '3D Context with UNIT and UNCERTAINTY') );
#285 = ( LENGTH_UNIT() NAMED_UNIT(*) SI_UNIT(.MILLI.,.METRE.) );
#286 = ( NAMED_UNIT(*) PLANE_ANGLE_UNIT() SI_UNIT($,.RADIAN.) );
#287 = ( NAMED_UNIT(*) SI_UNIT($,.STERADIAN.) SOLID_ANGLE_UNIT() );
#288 = UNCERTAINTY_MEASURE_WITH_UNIT(LENGTH_MEASURE(5.E-05),#285,
  'distance_accuracy_value','confusion accuracy');
#289 = CONTEXT_DEPENDENT_SHAPE_REPRESENTATION(#290,#292);
#290 = ( REPRESENTATION_RELATIONSHIP('','',#108,#10) 
REPRESENTATION_RELATIONSHIP_WITH_TRANSFORMATION(#291) 
SHAPE_REPRESENTATION_RELATIONSHIP() );
#291 = ITEM_DEFINED_TRANSFORMATION('','',#11,#15);
#292 = PRODUCT_DEFINITION_SHAPE('Placement','Placement of an item',#293
  );
#293 = NEXT_ASSEMBLY_USAGE_OCCURRENCE('1','','',#5,#103,$);
#294 = PRODUCT_RELATED_PRODUCT_CATEGORY('part',$,(#105));
#295 = SHAPE_DEFINITION_REPRESENTATION(#296,#302);
#296 = PRODUCT_DEFINITION_SHAPE('','',#297);
#297 = PRODUCT_DEFINITION('design','',#298,#301);
#298 = PRODUCT_DEFINITION_FORMATION('','',#299);
#299 = PRODUCT('Open CASCADE STEP translator 7.8 1.2',
  'Open CASCADE STEP translator 7.8 1.2','',(#300));
#300 = PRODUCT_CONTEXT('',#2,'mechanical');
#301 = PRODUCT_DEFINITION_CONTEXT('part definition',#2,'design');
#302 = MANIFOLD_SURFACE_SHAPE_REPRESENTATION('',(#11,#303),#605);
#303 = SHELL_BASED_SURFACE_MODEL('',(#304));
#304 = OPEN_SHELL('',(#305));
#305 = ADVANCED_FACE('',(#306),#351,.T.);
#306 = FACE_BOUND('',#307,.T.);
#307 = EDGE_LOOP('',(#308,#460,#506,#553));
#308 = ORIENTED_EDGE('',*,*,#309,.F.);
#309 = EDGE_CURVE('',#310,#312,#314,.T.);
#310 = VERTEX_POINT('',#311);
#311 = CARTESIAN_POINT('',(-62.09685056882,-1.455451711668E-15,
    -126.3607401211));
#312 = VERTEX_POINT('',#313);
#313 = CARTESIAN_POINT('',(-11.6865338751,109.37744249152,0.));
#314 = SURFACE_CURVE('',#315,(#350),.PCURVE_S1.);
#315 = B_SPLINE_CURVE_WITH_KNOTS('',9,(#316,#317,#318,#319,#320,#321,
    #322,#323,#324,#325,#326,#327,#328,#329,#330,#331,#332,#333,#334,
    #335,#336,#337,#338,#339,#340,#341,#342,#343,#344,#345,#346,#347,
    #348,#349),.UNSPECIFIED.,.F.,.F.,(10,8,8,8,10),(-11.16033993943,
    -0.773142397452,180.61335472349,361.99985184443,372.38704938641),
  .UNSPECIFIED.);
#316 = CARTESIAN_POINT('',(-6.040386270165,-115.4992310999,
    14.474576062517));
#317 = CARTESIAN_POINT('',(-6.667736004048,-114.8190323656,
    12.866289833349));
#318 = CARTESIAN_POINT('',(-7.29508573793,-114.1388336314,11.25800360418
    ));
#319 = CARTESIAN_POINT('',(-7.922435471813,-113.4586348971,
    9.649717375012));
#320 = CARTESIAN_POINT('',(-8.549785205695,-112.7784361628,
    8.041431145843));
#321 = CARTESIAN_POINT('',(-9.177134939578,-112.0982374285,
    6.433144916674));
#322 = CARTESIAN_POINT('',(-9.80448467346,-111.4180386943,4.824858687506
    ));
#323 = CARTESIAN_POINT('',(-10.43183440734,-110.73783996,3.216572458337)
  );
#324 = CARTESIAN_POINT('',(-11.05918414122,-110.0576412257,
    1.608286229169));
#325 = CARTESIAN_POINT('',(-22.64163222948,-97.4994681624,-28.0847075737
    ));
#326 = CARTESIAN_POINT('',(-32.2963135586,-85.57889094857,
    -52.65906636396));
#327 = CARTESIAN_POINT('',(-40.64727265233,-73.60337601974,
    -73.72247038786));
#328 = CARTESIAN_POINT('',(-47.68618620983,-61.54660227494,
    -91.27652056173));
#329 = CARTESIAN_POINT('',(-53.3912105661,-49.40894261631,
    -105.3147412375));
#330 = CARTESIAN_POINT('',(-57.73536437663,-37.14209606589,
    -115.8489990961));
#331 = CARTESIAN_POINT('',(-60.64249551163,-24.78669266477,
    -122.8560088522));
#332 = CARTESIAN_POINT('',(-62.09685056882,-12.39355117557,
    -126.3607401211));
#333 = CARTESIAN_POINT('',(-62.09685056882,12.39355117557,
    -126.3607401211));
#334 = CARTESIAN_POINT('',(-60.64249551163,24.786692664774,
    -122.8560088522));
#335 = CARTESIAN_POINT('',(-57.73536437663,37.142096065886,
    -115.8489990961));
#336 = CARTESIAN_POINT('',(-53.3912105661,49.408942616317,
    -105.3147412375));
#337 = CARTESIAN_POINT('',(-47.68618620983,61.546602274935,
    -91.27652056173));
#338 = CARTESIAN_POINT('',(-40.64727265233,73.603376019748,
    -73.72247038786));
#339 = CARTESIAN_POINT('',(-32.2963135586,85.57889094857,-52.65906636396
    ));
#340 = CARTESIAN_POINT('',(-22.64163222948,97.499468162401,
    -28.0847075737));
#341 = CARTESIAN_POINT('',(-11.05918414122,110.05764122579,
    1.608286229169));
#342 = CARTESIAN_POINT('',(-10.43183440734,110.73783996005,
    3.216572458337));
#343 = CARTESIAN_POINT('',(-9.80448467346,111.41803869432,4.824858687506
    ));
#344 = CARTESIAN_POINT('',(-9.177134939578,112.09823742859,
    6.433144916674));
#345 = CARTESIAN_POINT('',(-8.549785205695,112.77843616286,
    8.041431145843));
#346 = CARTESIAN_POINT('',(-7.922435471813,113.45863489713,
    9.649717375012));
#347 = CARTESIAN_POINT('',(-7.29508573793,114.1388336314,11.25800360418)
  );
#348 = CARTESIAN_POINT('',(-6.667736004048,114.81903236567,
    12.866289833349));
#349 = CARTESIAN_POINT('',(-6.040386270165,115.49923109994,
    14.474576062517));
#350 = PCURVE('',#351,#454);
#351 = ( BOUNDED_SURFACE() B_SPLINE_SURFACE(2,9,(
    (#352,#353,#354,#355,#356,#357,#358,#359,#360,#361,#362,#363,#364
      ,#365,#366,#367,#368,#369,#370,#371,#372,#373,#374,#375,#376,#377
      ,#378,#379,#380,#381,#382,#383,#384,#385)
    ,(#386,#387,#388,#389,#390,#391,#392,#393,#394,#395,#396,#397,#398
      ,#399,#400,#401,#402,#403,#404,#405,#406,#407,#408,#409,#410,#411
      ,#412,#413,#414,#415,#416,#417,#418,#419)
    ,(#420,#421,#422,#423,#424,#425,#426,#427,#428,#429,#430,#431,#432
      ,#433,#434,#435,#436,#437,#438,#439,#440,#441,#442,#443,#444,#445
      ,#446,#447,#448,#449,#450,#451,#452,#453
)),.UNSPECIFIED.,.F.,.F.,.F.) B_SPLINE_SURFACE_WITH_KNOTS((3,3),(10,8,8,
    8,10),(0.,362.77299424188),(-11.16033993943,-0.773142397452,
    180.61335472349,361.99985184443,372.38704938641),.UNSPECIFIED.) 
GEOMETRIC_REPRESENTATION_ITEM() RATIONAL_B_SPLINE_SURFACE((
    (1.,1.,1.,1.,1.,1.,1.,1.,1.,1.,1.,1.,1.,1.,1.,1.,1.,1.,1.,1.,1.,1.
      ,1.,1.,1.,1.,1.,1.,1.,1.,1.,1.,1.,1.)
    ,(0.695425484934,0.693447695966,0.69196435424,0.690975459756
      ,0.690481012514,0.690481012514,0.690975459756,0.69196435424
      ,0.693447695966,0.729962636222,0.765971148593,0.80282418586
      ,0.839401147107,0.873909433655,0.90367630541,0.924588563947
      ,0.935063239715,0.935063239715,0.924588563947,0.90367630541
      ,0.873909433655,0.839401147107,0.80282418586,0.765971148593
      ,0.729962636222,0.693447695966,0.69196435424,0.690975459756
      ,0.690481012514,0.690481012514,0.690975459756,0.69196435424
      ,0.693447695966,0.695425484934)
    ,(1.,1.,1.,1.,1.,1.,1.,1.,1.,1.,1.,1.,1.,1.,1.,1.,1.,1.,1.,1.,1.,1.
,1.,1.,1.,1.,1.,1.,1.,1.,1.,1.,1.,1.
  ))) REPRESENTATION_ITEM('') SURFACE() );
#352 = CARTESIAN_POINT('',(-6.040386270165,-115.4992310999,
    14.474576062517));
#353 = CARTESIAN_POINT('',(-6.667736004048,-114.8190323656,
    12.866289833349));
#354 = CARTESIAN_POINT('',(-7.29508573793,-114.1388336314,11.25800360418
    ));
#355 = CARTESIAN_POINT('',(-7.922435471813,-113.4586348971,
    9.649717375012));
#356 = CARTESIAN_POINT('',(-8.549785205695,-112.7784361628,
    8.041431145843));
#357 = CARTESIAN_POINT('',(-9.177134939578,-112.0982374285,
    6.433144916674));
#358 = CARTESIAN_POINT('',(-9.80448467346,-111.4180386943,4.824858687506
    ));
#359 = CARTESIAN_POINT('',(-10.43183440734,-110.73783996,3.216572458337)
  );
#360 = CARTESIAN_POINT('',(-11.05918414122,-110.0576412257,
    1.608286229169));
#361 = CARTESIAN_POINT('',(-22.64163222948,-97.4994681624,-28.0847075737
    ));
#362 = CARTESIAN_POINT('',(-32.2963135586,-85.57889094857,
    -52.65906636396));
#363 = CARTESIAN_POINT('',(-40.64727265233,-73.60337601974,
    -73.72247038786));
#364 = CARTESIAN_POINT('',(-47.68618620983,-61.54660227494,
    -91.27652056173));
#365 = CARTESIAN_POINT('',(-53.3912105661,-49.40894261631,
    -105.3147412375));
#366 = CARTESIAN_POINT('',(-57.73536437663,-37.14209606589,
    -115.8489990961));
#367 = CARTESIAN_POINT('',(-60.64249551163,-24.78669266477,
    -122.8560088522));
#368 = CARTESIAN_POINT('',(-62.09685056882,-12.39355117557,
    -126.3607401211));
#369 = CARTESIAN_POINT('',(-62.09685056882,12.39355117557,
    -126.3607401211));
#370 = CARTESIAN_POINT('',(-60.64249551163,24.786692664774,
    -122.8560088522));
#371 = CARTESIAN_POINT('',(-57.73536437663,37.142096065886,
    -115.8489990961));
#372 = CARTESIAN_POINT('',(-53.3912105661,49.408942616317,
    -105.3147412375));
#373 = CARTESIAN_POINT('',(-47.68618620983,61.546602274935,
    -91.27652056173));
#374 = CARTESIAN_POINT('',(-40.64727265233,73.603376019748,
    -73.72247038786));
#375 = CARTESIAN_POINT('',(-32.2963135586,85.57889094857,-52.65906636396
    ));
#376 = CARTESIAN_POINT('',(-22.64163222948,97.499468162401,
    -28.0847075737));
#377 = CARTESIAN_POINT('',(-11.05918414122,110.05764122579,
    1.608286229169));
#378 = CARTESIAN_POINT('',(-10.43183440734,110.73783996005,
    3.216572458337));
#379 = CARTESIAN_POINT('',(-9.80448467346,111.41803869432,4.824858687506
    ));
#380 = CARTESIAN_POINT('',(-9.177134939578,112.09823742859,
    6.433144916674));
#381 = CARTESIAN_POINT('',(-8.549785205695,112.77843616286,
    8.041431145843));
#382 = CARTESIAN_POINT('',(-7.922435471813,113.45863489713,
    9.649717375012));
#383 = CARTESIAN_POINT('',(-7.29508573793,114.1388336314,11.25800360418)
  );
#384 = CARTESIAN_POINT('',(-6.667736004048,114.81903236567,
    12.866289833349));
#385 = CARTESIAN_POINT('',(-6.040386270165,115.49923109994,
    14.474576062517));
#386 = CARTESIAN_POINT('',(-9.110536214317,-115.7408456584,
    15.535450418449));
#387 = CARTESIAN_POINT('',(-9.706227506342,-115.0601824419,
    13.964113388676));
#388 = CARTESIAN_POINT('',(-10.30839902059,-114.3721146369,
    12.375682583526));
#389 = CARTESIAN_POINT('',(-10.91579978791,-113.678071656,
    10.773457856748));
#390 = CARTESIAN_POINT('',(-11.52714741336,-112.9795188205,
    9.160821958266));
#391 = CARTESIAN_POINT('',(-12.14113703425,-112.2779471241,
    7.541216904224));
#392 = CARTESIAN_POINT('',(-12.75645057713,-111.5748626559,
    5.918119558702));
#393 = CARTESIAN_POINT('',(-13.37176617608,-110.8717758384,
    4.295016789577));
#394 = CARTESIAN_POINT('',(-13.98576761157,-110.1701906421,
    2.675380570537));
#395 = CARTESIAN_POINT('',(-24.73942305461,-97.88258832036,
    -25.69101865216));
#396 = CARTESIAN_POINT('',(-33.79976242024,-86.14855329636,
    -49.59072465447));
#397 = CARTESIAN_POINT('',(-41.75063995629,-74.24389522869,
    -70.56385026308));
#398 = CARTESIAN_POINT('',(-48.54523628954,-62.1205464901,
    -88.48689356377));
#399 = CARTESIAN_POINT('',(-54.11901535472,-49.80176202524,
    -103.1896188816));
#400 = CARTESIAN_POINT('',(-58.37337626067,-37.20847124326,
    -114.4119330551));
#401 = CARTESIAN_POINT('',(-61.15481362441,-24.59478258907,
    -121.7489137768));
#402 = CARTESIAN_POINT('',(-62.5,-12.1598829457,-125.2972972972));
#403 = CARTESIAN_POINT('',(-62.5,12.159882945709,-125.2972972972));
#404 = CARTESIAN_POINT('',(-61.15481362441,24.594782589071,
    -121.7489137768));
#405 = CARTESIAN_POINT('',(-58.37337626067,37.208471243262,
    -114.4119330551));
#406 = CARTESIAN_POINT('',(-54.11901535472,49.80176202525,
    -103.1896188816));
#407 = CARTESIAN_POINT('',(-48.54523628954,62.120546490108,
    -88.48689356377));
#408 = CARTESIAN_POINT('',(-41.75063995629,74.2438952287,-70.56385026307
    ));
#409 = CARTESIAN_POINT('',(-33.79976242024,86.148553296368,
    -49.59072465447));
#410 = CARTESIAN_POINT('',(-24.73942305461,97.882588320366,
    -25.69101865216));
#411 = CARTESIAN_POINT('',(-13.98576761157,110.17019064219,
    2.675380570537));
#412 = CARTESIAN_POINT('',(-13.37176617608,110.87177583845,
    4.295016789577));
#413 = CARTESIAN_POINT('',(-12.75645057713,111.57486265598,
    5.918119558702));
#414 = CARTESIAN_POINT('',(-12.14113703425,112.27794712415,
    7.541216904224));
#415 = CARTESIAN_POINT('',(-11.52714741336,112.97951882052,
    9.160821958266));
#416 = CARTESIAN_POINT('',(-10.91579978791,113.67807165604,
    10.773457856748));
#417 = CARTESIAN_POINT('',(-10.30839902059,114.3721146369,
    12.375682583526));
#418 = CARTESIAN_POINT('',(-9.706227506342,115.06018244192,
    13.964113388676));
#419 = CARTESIAN_POINT('',(-9.110536214317,115.74084565842,
    15.535450418449));
#420 = CARTESIAN_POINT('',(-8.677849927321,-112.7242696541,
    16.676806678201));
#421 = CARTESIAN_POINT('',(-9.291942563445,-112.0411335409,
    15.056929886696));
#422 = CARTESIAN_POINT('',(-9.905481631579,-111.3586132343,
    13.438513317779));
#423 = CARTESIAN_POINT('',(-10.51846713172,-110.6767087343,
    11.821556971451));
#424 = CARTESIAN_POINT('',(-11.13089906388,-109.9954200409,
    10.206060847711));
#425 = CARTESIAN_POINT('',(-11.74277742804,-109.314747154,8.59202494656)
  );
#426 = CARTESIAN_POINT('',(-12.35410222422,-108.6346900737,
    6.979449267996));
#427 = CARTESIAN_POINT('',(-12.96487345241,-107.9552488001,
    5.368333812022));
#428 = CARTESIAN_POINT('',(-13.5750911126,-107.2764233329,3.758678578635
    ));
#429 = CARTESIAN_POINT('',(-24.83101793922,-94.75497355478,
    -25.93263110454));
#430 = CARTESIAN_POINT('',(-34.14655315247,-82.91186026159,
    -50.50550236978));
#431 = CARTESIAN_POINT('',(-42.13144123924,-71.06832709548,
    -71.56834229594));
#432 = CARTESIAN_POINT('',(-48.78543983525,-59.22638070385,
    -89.12051156543));
#433 = CARTESIAN_POINT('',(-54.10939624941,-47.38141162889,
    -103.1642452416));
#434 = CARTESIAN_POINT('',(-58.1016902176,-35.540141416,-113.6952693307)
  );
#435 = CARTESIAN_POINT('',(-60.76523125703,-23.69567318402,
    -120.7212586672));
#436 = CARTESIAN_POINT('',(-62.09685056882,-11.84777871756,
    -124.2338544734));
#437 = CARTESIAN_POINT('',(-62.09685056882,11.847778717565,
    -124.2338544734));
#438 = CARTESIAN_POINT('',(-60.76523125703,23.69567318402,
    -120.7212586672));
#439 = CARTESIAN_POINT('',(-58.1016902176,35.540141416006,
    -113.6952693307));
#440 = CARTESIAN_POINT('',(-54.10939624941,47.381411628885,
    -103.1642452417));
#441 = CARTESIAN_POINT('',(-48.78543983525,59.226380703862,
    -89.12051156543));
#442 = CARTESIAN_POINT('',(-42.13144123924,71.068327095474,
    -71.56834229594));
#443 = CARTESIAN_POINT('',(-34.14655315248,82.9118602616,-50.50550236978
    ));
#444 = CARTESIAN_POINT('',(-24.83101793922,94.754973554781,
    -25.93263110454));
#445 = CARTESIAN_POINT('',(-13.5750911126,107.27642333298,3.758678578635
    ));
#446 = CARTESIAN_POINT('',(-12.96487345241,107.9552488001,5.368333812022
    ));
#447 = CARTESIAN_POINT('',(-12.35410222422,108.63469007379,
    6.979449267996));
#448 = CARTESIAN_POINT('',(-11.74277742804,109.31474715407,8.59202494656
    ));
#449 = CARTESIAN_POINT('',(-11.13089906388,109.99542004092,
    10.206060847711));
#450 = CARTESIAN_POINT('',(-10.51846713172,110.67670873435,
    11.821556971451));
#451 = CARTESIAN_POINT('',(-9.90548163158,111.35861323436,
    13.438513317779));
#452 = CARTESIAN_POINT('',(-9.291942563445,112.04113354094,
    15.056929886696));
#453 = CARTESIAN_POINT('',(-8.677849927321,112.72426965411,
    16.676806678201));
#454 = DEFINITIONAL_REPRESENTATION('',(#455),#459);
#455 = LINE('',#456,#457);
#456 = CARTESIAN_POINT('',(0.,0.));
#457 = VECTOR('',#458,1.);
#458 = DIRECTION('',(0.,1.));
#459 = ( GEOMETRIC_REPRESENTATION_CONTEXT(2) 
PARAMETRIC_REPRESENTATION_CONTEXT() REPRESENTATION_CONTEXT('2D SPACE',''
  ) );
#460 = ORIENTED_EDGE('',*,*,#461,.F.);
#461 = EDGE_CURVE('',#462,#310,#464,.T.);
#462 = VERTEX_POINT('',#463);
#463 = CARTESIAN_POINT('',(-62.09685056882,6.027414834324E-15,
    -124.2338544734));
#464 = SURFACE_CURVE('',#465,(#484),.PCURVE_S1.);
#465 = B_SPLINE_CURVE_WITH_KNOTS('',5,(#466,#467,#468,#469,#470,#471,
    #472,#473,#474,#475,#476,#477,#478,#479,#480,#481,#482,#483),
  .UNSPECIFIED.,.F.,.F.,(6,4,4,4,6),(0.,0.249999925809,0.5,
    0.750000074191,1.),.UNSPECIFIED.);
#466 = CARTESIAN_POINT('',(-62.09685056882,0.,-124.2338544734));
#467 = CARTESIAN_POINT('',(-62.13454760813,0.,-124.3332931501));
#468 = CARTESIAN_POINT('',(-62.16814452678,0.,-124.4352092512));
#469 = CARTESIAN_POINT('',(-62.19735495618,0.,-124.5392800445));
#470 = CARTESIAN_POINT('',(-62.22194158127,0.,-124.6451197863));
#471 = CARTESIAN_POINT('',(-62.26154384763,0.,-124.8594895035));
#472 = CARTESIAN_POINT('',(-62.27655951163,0.,-124.9680195125));
#473 = CARTESIAN_POINT('',(-62.28662723431,0.,-125.07747134));
#474 = CARTESIAN_POINT('',(-62.29166084968,0.,-125.1873843297));
#475 = CARTESIAN_POINT('',(-62.29166084968,0.,-125.4072102648));
#476 = CARTESIAN_POINT('',(-62.28662723431,0.,-125.5171232545));
#477 = CARTESIAN_POINT('',(-62.27655951163,0.,-125.626575082));
#478 = CARTESIAN_POINT('',(-62.26154384763,0.,-125.735105091));
#479 = CARTESIAN_POINT('',(-62.22194158127,0.,-125.9494748082));
#480 = CARTESIAN_POINT('',(-62.19735495618,0.,-126.05531455));
#481 = CARTESIAN_POINT('',(-62.16814452678,0.,-126.1593853433));
#482 = CARTESIAN_POINT('',(-62.13454760813,0.,-126.2613014444));
#483 = CARTESIAN_POINT('',(-62.09685056882,0.,-126.3607401211));
#484 = PCURVE('',#351,#485);
#485 = DEFINITIONAL_REPRESENTATION('',(#486),#505);
#486 = B_SPLINE_CURVE_WITH_KNOTS('',5,(#487,#488,#489,#490,#491,#492,
    #493,#494,#495,#496,#497,#498,#499,#500,#501,#502,#503,#504),
  .UNSPECIFIED.,.F.,.F.,(6,4,4,4,6),(0.,0.249999925809,0.5,
    0.750000074191,1.),.UNSPECIFIED.);
#487 = CARTESIAN_POINT('',(362.77299424188,180.61335472349));
#488 = CARTESIAN_POINT('',(344.63433587468,180.61335472349));
#489 = CARTESIAN_POINT('',(326.49568255641,180.61335472349));
#490 = CARTESIAN_POINT('',(308.35703364098,180.61335472349));
#491 = CARTESIAN_POINT('',(290.21838829422,180.61335472349));
#492 = CARTESIAN_POINT('',(253.94109230281,180.61335472349));
#493 = CARTESIAN_POINT('',(235.80244163603,180.61335472349));
#494 = CARTESIAN_POINT('',(217.66379285478,180.61335472349));
#495 = CARTESIAN_POINT('',(199.52514498193,180.61335472349));
#496 = CARTESIAN_POINT('',(163.24784925995,180.61335472349));
#497 = CARTESIAN_POINT('',(145.10920138713,180.61335472349));
#498 = CARTESIAN_POINT('',(126.97055260584,180.61335472349));
#499 = CARTESIAN_POINT('',(108.83190193909,180.61335472349));
#500 = CARTESIAN_POINT('',(72.554605947679,180.61335472349));
#501 = CARTESIAN_POINT('',(54.415960600886,180.61335472349));
#502 = CARTESIAN_POINT('',(36.2773116855,180.61335472349));
#503 = CARTESIAN_POINT('',(18.138658367196,180.61335472349));
#504 = CARTESIAN_POINT('',(0.,180.61335472349));
#505 = ( GEOMETRIC_REPRESENTATION_CONTEXT(2) 
PARAMETRIC_REPRESENTATION_CONTEXT() REPRESENTATION_CONTEXT('2D SPACE',''
  ) );
#506 = ORIENTED_EDGE('',*,*,#507,.T.);
#507 = EDGE_CURVE('',#462,#508,#510,.T.);
#508 = VERTEX_POINT('',#509);
#509 = CARTESIAN_POINT('',(-15.,105.68741851997,0.));
#510 = SURFACE_CURVE('',#511,(#546),.PCURVE_S1.);
#511 = B_SPLINE_CURVE_WITH_KNOTS('',9,(#512,#513,#514,#515,#516,#517,
    #518,#519,#520,#521,#522,#523,#524,#525,#526,#527,#528,#529,#530,
    #531,#532,#533,#534,#535,#536,#537,#538,#539,#540,#541,#542,#543,
    #544,#545),.UNSPECIFIED.,.F.,.F.,(10,8,8,8,10),(-11.16033993943,
    -0.773142397452,180.61335472349,361.99985184443,372.38704938641),
  .UNSPECIFIED.);
#512 = CARTESIAN_POINT('',(-8.677849927321,-112.7242696541,
    16.676806678201));
#513 = CARTESIAN_POINT('',(-9.291942563445,-112.0411335409,
    15.056929886696));
#514 = CARTESIAN_POINT('',(-9.905481631579,-111.3586132343,
    13.438513317779));
#515 = CARTESIAN_POINT('',(-10.51846713172,-110.6767087343,
    11.821556971451));
#516 = CARTESIAN_POINT('',(-11.13089906388,-109.9954200409,
    10.206060847711));
#517 = CARTESIAN_POINT('',(-11.74277742804,-109.314747154,8.59202494656)
  );
#518 = CARTESIAN_POINT('',(-12.35410222422,-108.6346900737,
    6.979449267996));
#519 = CARTESIAN_POINT('',(-12.96487345241,-107.9552488001,
    5.368333812022));
#520 = CARTESIAN_POINT('',(-13.5750911126,-107.2764233329,3.758678578635
    ));
#521 = CARTESIAN_POINT('',(-24.83101793922,-94.75497355478,
    -25.93263110454));
#522 = CARTESIAN_POINT('',(-34.14655315247,-82.91186026159,
    -50.50550236978));
#523 = CARTESIAN_POINT('',(-42.13144123924,-71.06832709548,
    -71.56834229594));
#524 = CARTESIAN_POINT('',(-48.78543983525,-59.22638070385,
    -89.12051156543));
#525 = CARTESIAN_POINT('',(-54.10939624941,-47.38141162889,
    -103.1642452416));
#526 = CARTESIAN_POINT('',(-58.1016902176,-35.540141416,-113.6952693307)
  );
#527 = CARTESIAN_POINT('',(-60.76523125703,-23.69567318402,
    -120.7212586672));
#528 = CARTESIAN_POINT('',(-62.09685056882,-11.84777871756,
    -124.2338544734));
#529 = CARTESIAN_POINT('',(-62.09685056882,11.847778717565,
    -124.2338544734));
#530 = CARTESIAN_POINT('',(-60.76523125703,23.69567318402,
    -120.7212586672));
#531 = CARTESIAN_POINT('',(-58.1016902176,35.540141416006,
    -113.6952693307));
#532 = CARTESIAN_POINT('',(-54.10939624941,47.381411628885,
    -103.1642452417));
#533 = CARTESIAN_POINT('',(-48.78543983525,59.226380703862,
    -89.12051156543));
#534 = CARTESIAN_POINT('',(-42.13144123924,71.068327095474,
    -71.56834229594));
#535 = CARTESIAN_POINT('',(-34.14655315248,82.9118602616,-50.50550236978
    ));
#536 = CARTESIAN_POINT('',(-24.83101793922,94.754973554781,
    -25.93263110454));
#537 = CARTESIAN_POINT('',(-13.5750911126,107.27642333298,3.758678578635
    ));
#538 = CARTESIAN_POINT('',(-12.96487345241,107.9552488001,5.368333812022
    ));
#539 = CARTESIAN_POINT('',(-12.35410222422,108.63469007379,
    6.979449267996));
#540 = CARTESIAN_POINT('',(-11.74277742804,109.31474715407,8.59202494656
    ));
#541 = CARTESIAN_POINT('',(-11.13089906388,109.99542004092,
    10.206060847711));
#542 = CARTESIAN_POINT('',(-10.51846713172,110.67670873435,
    11.821556971451));
#543 = CARTESIAN_POINT('',(-9.90548163158,111.35861323436,
    13.438513317779));
#544 = CARTESIAN_POINT('',(-9.291942563445,112.04113354094,
    15.056929886696));
#545 = CARTESIAN_POINT('',(-8.677849927321,112.72426965411,
    16.676806678201));
#546 = PCURVE('',#351,#547);
#547 = DEFINITIONAL_REPRESENTATION('',(#548),#552);
#548 = LINE('',#549,#550);
#549 = CARTESIAN_POINT('',(362.77299424188,0.));
#550 = VECTOR('',#551,1.);
#551 = DIRECTION('',(0.,1.));
#552 = ( GEOMETRIC_REPRESENTATION_CONTEXT(2) 
PARAMETRIC_REPRESENTATION_CONTEXT() REPRESENTATION_CONTEXT('2D SPACE',''
  ) );
#553 = ORIENTED_EDGE('',*,*,#554,.F.);
#554 = EDGE_CURVE('',#312,#508,#555,.T.);
#555 = SURFACE_CURVE('',#556,(#579),.PCURVE_S1.);
#556 = B_SPLINE_CURVE_WITH_KNOTS('',6,(#557,#558,#559,#560,#561,#562,
    #563,#564,#565,#566,#567,#568,#569,#570,#571,#572,#573,#574,#575,
    #576,#577,#578),.UNSPECIFIED.,.F.,.F.,(7,5,5,5,7),(0.,0.249996249286
    ,0.500000158506,0.750003950086,1.),.UNSPECIFIED.);
#557 = CARTESIAN_POINT('',(-11.6865338751,109.37744249152,0.));
#558 = CARTESIAN_POINT('',(-11.87923586692,109.3568530692,0.));
#559 = CARTESIAN_POINT('',(-12.07826627144,109.32159673452,0.));
#560 = CARTESIAN_POINT('',(-12.2821198145,109.27023700778,0.));
#561 = CARTESIAN_POINT('',(-12.48874457577,109.20159644852,0.));
#562 = CARTESIAN_POINT('',(-12.69551255155,109.11511100954,0.));
#563 = CARTESIAN_POINT('',(-13.10369764927,108.90693830458,0.));
#564 = CARTESIAN_POINT('',(-13.30511387214,108.78524942858,0.));
#565 = CARTESIAN_POINT('',(-13.50103347748,108.646201095,0.));
#566 = CARTESIAN_POINT('',(-13.68842123767,108.49082661764,0.));
#567 = CARTESIAN_POINT('',(-13.86448035214,108.32108579602,0.));
#568 = CARTESIAN_POINT('',(-14.18963120767,107.95781751086,0.));
#569 = CARTESIAN_POINT('',(-14.33872225008,107.76429094776,0.));
#570 = CARTESIAN_POINT('',(-14.47216873869,107.56134121485,0.));
#571 = CARTESIAN_POINT('',(-14.58842841572,107.35198077732,0.));
#572 = CARTESIAN_POINT('',(-14.6869012012,107.13929623478,0.));
#573 = CARTESIAN_POINT('',(-14.84852923067,106.71280982663,0.));
#574 = CARTESIAN_POINT('',(-14.91168623034,106.4990085522,0.));
#575 = CARTESIAN_POINT('',(-14.95731438414,106.28741301922,0.));
#576 = CARTESIAN_POINT('',(-14.98629199021,106.08048400492,0.));
#577 = CARTESIAN_POINT('',(-15.,105.88005672423,0.));
#578 = CARTESIAN_POINT('',(-15.,105.68741865998,0.));
#579 = PCURVE('',#351,#580);
#580 = DEFINITIONAL_REPRESENTATION('',(#581),#604);
#581 = B_SPLINE_CURVE_WITH_KNOTS('',6,(#582,#583,#584,#585,#586,#587,
    #588,#589,#590,#591,#592,#593,#594,#595,#596,#597,#598,#599,#600,
    #601,#602,#603),.UNSPECIFIED.,.F.,.F.,(7,5,5,5,7),(0.,0.249996249286
    ,0.500000158506,0.750003950086,1.),.UNSPECIFIED.);
#582 = CARTESIAN_POINT('',(0.,361.99985184443));
#583 = CARTESIAN_POINT('',(15.115833311286,361.95565840219));
#584 = CARTESIAN_POINT('',(30.231553676169,361.90673715329));
#585 = CARTESIAN_POINT('',(45.347152489167,361.85305309908));
#586 = CARTESIAN_POINT('',(60.462628450647,361.7947408751));
#587 = CARTESIAN_POINT('',(75.57798978127,361.7321935634));
#588 = CARTESIAN_POINT('',(105.80897228886,361.59987222459));
#589 = CARTESIAN_POINT('',(120.92459526049,361.5300979926));
#590 = CARTESIAN_POINT('',(136.04013141495,361.45733210831));
#591 = CARTESIAN_POINT('',(151.15560604529,361.38242563352));
#592 = CARTESIAN_POINT('',(166.2710518303,361.30640224591));
#593 = CARTESIAN_POINT('',(196.50193823699,361.15415944558));
#594 = CARTESIAN_POINT('',(211.6173800975,361.07794038333));
#595 = CARTESIAN_POINT('',(226.73285408193,361.00264263534));
#596 = CARTESIAN_POINT('',(241.84839234924,360.92929218727));
#597 = CARTESIAN_POINT('',(256.9640191174,360.8587463799));
#598 = CARTESIAN_POINT('',(287.19500608015,360.7245350751));
#599 = CARTESIAN_POINT('',(302.31036799589,360.66086937025));
#600 = CARTESIAN_POINT('',(317.42584472144,360.60127872603));
#601 = CARTESIAN_POINT('',(332.54144362298,360.54617654795));
#602 = CARTESIAN_POINT('',(347.65716297835,360.49572542055));
#603 = CARTESIAN_POINT('',(362.77299424188,360.44991964836));
#604 = ( GEOMETRIC_REPRESENTATION_CONTEXT(2) 
PARAMETRIC_REPRESENTATION_CONTEXT() REPRESENTATION_CONTEXT('2D SPACE',''
  ) );
#605 = ( GEOMETRIC_REPRESENTATION_CONTEXT(3) 
GLOBAL_UNCERTAINTY_ASSIGNED_CONTEXT((#609)) GLOBAL_UNIT_ASSIGNED_CONTEXT
((#606,#607,#608)) REPRESENTATION_CONTEXT('Context #1',
  '3D Context with UNIT and UNCERTAINTY') );
#606 = ( LENGTH_UNIT() NAMED_UNIT(*) SI_UNIT(.MILLI.,.METRE.) );
#607 = ( NAMED_UNIT(*) PLANE_ANGLE_UNIT() SI_UNIT($,.RADIAN.) );
#608 = ( NAMED_UNIT(*) SI_UNIT($,.STERADIAN.) SOLID_ANGLE_UNIT() );
#609 = UNCERTAINTY_MEASURE_WITH_UNIT(LENGTH_MEASURE(5.E-05),#606,
  'distance_accuracy_value','confusion accuracy');
#610 = CONTEXT_DEPENDENT_SHAPE_REPRESENTATION(#611,#613);
#611 = ( REPRESENTATION_RELATIONSHIP('','',#302,#10) 
REPRESENTATION_RELATIONSHIP_WITH_TRANSFORMATION(#612) 
SHAPE_REPRESENTATION_RELATIONSHIP() );
#612 = ITEM_DEFINED_TRANSFORMATION('','',#11,#19);
#613 = PRODUCT_DEFINITION_SHAPE('Placement','Placement of an item',#614
  );
#614 = NEXT_ASSEMBLY_USAGE_OCCURRENCE('2','','',#5,#297,$);
#615 = PRODUCT_RELATED_PRODUCT_CATEGORY('part',$,(#299));
#616 = SHAPE_DEFINITION_REPRESENTATION(#617,#623);
#617 = PRODUCT_DEFINITION_SHAPE('','',#618);
#618 = PRODUCT_DEFINITION('design','',#619,#622);
#619 = PRODUCT_DEFINITION_FORMATION('','',#620);
#620 = PRODUCT('Open CASCADE STEP translator 7.8 1.3',
  'Open CASCADE STEP translator 7.8 1.3','',(#621));
#621 = PRODUCT_CONTEXT('',#2,'mechanical');
#622 = PRODUCT_DEFINITION_CONTEXT('part definition',#2,'design');
#623 = MANIFOLD_SURFACE_SHAPE_REPRESENTATION('',(#11,#624),#666);
#624 = SHELL_BASED_SURFACE_MODEL('',(#625));
#625 = OPEN_SHELL('',(#626));
#626 = ADVANCED_FACE('',(#627),#641,.F.);
#627 = FACE_BOUND('',#628,.F.);
#628 = EDGE_LOOP('',(#629,#651));
#629 = ORIENTED_EDGE('',*,*,#630,.F.);
#630 = EDGE_CURVE('',#631,#633,#635,.T.);
#631 = VERTEX_POINT('',#632);
#632 = CARTESIAN_POINT('',(17.5,-4.286122238378E-15,-244.));
#633 = VERTEX_POINT('',#634);
#634 = CARTESIAN_POINT('',(-17.5,2.143061119189E-15,-244.));
#635 = SURFACE_CURVE('',#636,(#640),.PCURVE_S1.);
#636 = LINE('',#637,#638);
#637 = CARTESIAN_POINT('',(-488.,0.,-244.));
#638 = VECTOR('',#639,1.);
#639 = DIRECTION('',(-1.,-0.,0.));
#640 = PCURVE('',#641,#646);
#641 = PLANE('',#642);
#642 = AXIS2_PLACEMENT_3D('',#643,#644,#645);
#643 = CARTESIAN_POINT('',(0.,0.,-244.));
#644 = DIRECTION('',(0.,0.,1.));
#645 = DIRECTION('',(1.,0.,-0.));
#646 = DEFINITIONAL_REPRESENTATION('',(#647),#650);
#647 = B_SPLINE_CURVE_WITH_KNOTS('',1,(#648,#649),.UNSPECIFIED.,.F.,.F.,
  (2,2),(-505.5,-470.5),.PIECEWISE_BEZIER_KNOTS.);
#648 = CARTESIAN_POINT('',(17.5,0.));
#649 = CARTESIAN_POINT('',(-17.5,0.));
#650 = ( GEOMETRIC_REPRESENTATION_CONTEXT(2) 
PARAMETRIC_REPRESENTATION_CONTEXT() REPRESENTATION_CONTEXT('2D SPACE',''
  ) );
#651 = ORIENTED_EDGE('',*,*,#652,.T.);
#652 = EDGE_CURVE('',#631,#633,#653,.T.);
#653 = SURFACE_CURVE('',#654,(#659),.PCURVE_S1.);
#654 = CIRCLE('',#655,17.5);
#655 = AXIS2_PLACEMENT_3D('',#656,#657,#658);
#656 = CARTESIAN_POINT('',(0.,0.,-244.));
#657 = DIRECTION('',(0.,0.,1.));
#658 = DIRECTION('',(1.,0.,-0.));
#659 = PCURVE('',#641,#660);
#660 = DEFINITIONAL_REPRESENTATION('',(#661),#665);
#661 = CIRCLE('',#662,17.5);
#662 = AXIS2_PLACEMENT_2D('',#663,#664);
#663 = CARTESIAN_POINT('',(0.,0.));
#664 = DIRECTION('',(1.,0.));
#665 = ( GEOMETRIC_REPRESENTATION_CONTEXT(2) 
PARAMETRIC_REPRESENTATION_CONTEXT() REPRESENTATION_CONTEXT('2D SPACE',''
  ) );
#666 = ( GEOMETRIC_REPRESENTATION_CONTEXT(3) 
GLOBAL_UNCERTAINTY_ASSIGNED_CONTEXT((#670)) GLOBAL_UNIT_ASSIGNED_CONTEXT
((#667,#668,#669)) REPRESENTATION_CONTEXT('Context #1',
  '3D Context with UNIT and UNCERTAINTY') );
#667 = ( LENGTH_UNIT() NAMED_UNIT(*) SI_UNIT(.MILLI.,.METRE.) );
#668 = ( NAMED_UNIT(*) PLANE_ANGLE_UNIT() SI_UNIT($,.RADIAN.) );
#669 = ( NAMED_UNIT(*) SI_UNIT($,.STERADIAN.) SOLID_ANGLE_UNIT() );
#670 = UNCERTAINTY_MEASURE_WITH_UNIT(LENGTH_MEASURE(2.E-07),#667,
  'distance_accuracy_value','confusion accuracy');
#671 = CONTEXT_DEPENDENT_SHAPE_REPRESENTATION(#672,#674);
#672 = ( REPRESENTATION_RELATIONSHIP('','',#623,#10) 
REPRESENTATION_RELATIONSHIP_WITH_TRANSFORMATION(#673) 
SHAPE_REPRESENTATION_RELATIONSHIP() );
#673 = ITEM_DEFINED_TRANSFORMATION('','',#11,#23);
#674 = PRODUCT_DEFINITION_SHAPE('Placement','Placement of an item',#675
  );
#675 = NEXT_ASSEMBLY_USAGE_OCCURRENCE('3','','',#5,#618,$);
#676 = PRODUCT_RELATED_PRODUCT_CATEGORY('part',$,(#620));
#677 = SHAPE_DEFINITION_REPRESENTATION(#678,#684);
#678 = PRODUCT_DEFINITION_SHAPE('','',#679);
#679 = PRODUCT_DEFINITION('design','',#680,#683);
#680 = PRODUCT_DEFINITION_FORMATION('','',#681);
#681 = PRODUCT('Open CASCADE STEP translator 7.8 1.4',
  'Open CASCADE STEP translator 7.8 1.4','',(#682));
#682 = PRODUCT_CONTEXT('',#2,'mechanical');
#683 = PRODUCT_DEFINITION_CONTEXT('part definition',#2,'design');
#684 = MANIFOLD_SURFACE_SHAPE_REPRESENTATION('',(#11,#685),#876);
#685 = SHELL_BASED_SURFACE_MODEL('',(#686));
#686 = OPEN_SHELL('',(#687));
#687 = ADVANCED_FACE('',(#688),#721,.T.);
#688 = FACE_BOUND('',#689,.T.);
#689 = EDGE_LOOP('',(#690,#801,#832,#847));
#690 = ORIENTED_EDGE('',*,*,#691,.T.);
#691 = EDGE_CURVE('',#692,#694,#696,.T.);
#692 = VERTEX_POINT('',#693);
#693 = CARTESIAN_POINT('',(11.686533875108,109.37744249152,0.));
#694 = VERTEX_POINT('',#695);
#695 = CARTESIAN_POINT('',(15.,105.68741851997,0.));
#696 = SURFACE_CURVE('',#697,(#720),.PCURVE_S1.);
#697 = B_SPLINE_CURVE_WITH_KNOTS('',6,(#698,#699,#700,#701,#702,#703,
    #704,#705,#706,#707,#708,#709,#710,#711,#712,#713,#714,#715,#716,
    #717,#718,#719),.UNSPECIFIED.,.F.,.F.,(7,5,5,5,7),(0.,0.249985035126
    ,0.500000631737,0.750015759454,1.),.UNSPECIFIED.);
#698 = CARTESIAN_POINT('',(11.686533875108,109.37744249152,0.));
#699 = CARTESIAN_POINT('',(11.87924699387,109.35685188033,0.));
#700 = CARTESIAN_POINT('',(12.078284948411,109.32159312503,0.));
#701 = CARTESIAN_POINT('',(12.282141356677,109.2702307478,0.));
#702 = CARTESIAN_POINT('',(12.488763556797,109.20158888601,0.));
#703 = CARTESIAN_POINT('',(12.695523962093,109.11510519306,0.));
#704 = CARTESIAN_POINT('',(13.103705008105,108.90693454877,0.));
#705 = CARTESIAN_POINT('',(13.305124332767,108.78524272964,0.));
#706 = CARTESIAN_POINT('',(13.501043218123,108.64619329984,0.));
#707 = CARTESIAN_POINT('',(13.688427911558,108.49082017951,0.));
#708 = CARTESIAN_POINT('',(13.864483446735,108.3210823452,0.));
#709 = CARTESIAN_POINT('',(14.189627979484,107.95782111095,0.));
#710 = CARTESIAN_POINT('',(14.338716358679,107.76429859729,0.));
#711 = CARTESIAN_POINT('',(14.472161873073,107.56135209121,0.));
#712 = CARTESIAN_POINT('',(14.588422800277,107.3519921465,0.));
#713 = CARTESIAN_POINT('',(14.686898244871,107.13930404307,0.));
#714 = CARTESIAN_POINT('',(14.848524735818,106.71282167973,0.));
#715 = CARTESIAN_POINT('',(14.9116808308,106.49902804168,0.));
#716 = CARTESIAN_POINT('',(14.957310532064,106.28743485211,0.));
#717 = CARTESIAN_POINT('',(14.986290419749,106.08050272173,0.));
#718 = CARTESIAN_POINT('',(15.,105.88006776949,0.));
#719 = CARTESIAN_POINT('',(15.,105.68741865998,0.));
#720 = PCURVE('',#721,#776);
#721 = ( BOUNDED_SURFACE() B_SPLINE_SURFACE(2,9,(
    (#722,#723,#724,#725,#726,#727,#728,#729,#730,#731,#732,#733,#734
      ,#735,#736,#737,#738,#739)
    ,(#740,#741,#742,#743,#744,#745,#746,#747,#748,#749,#750,#751,#752
      ,#753,#754,#755,#756,#757)
    ,(#758,#759,#760,#761,#762,#763,#764,#765,#766,#767,#768,#769,#770
      ,#771,#772,#773,#774,#775
)),.UNSPECIFIED.,.F.,.F.,.F.) B_SPLINE_SURFACE_WITH_KNOTS((3,3),(10,8,10
    ),(0.,181.58379159427),(-11.18702234902,-0.773983346059,
180.80980824821),.UNSPECIFIED.) GEOMETRIC_REPRESENTATION_ITEM() 
RATIONAL_B_SPLINE_SURFACE((
    (1.,1.,1.,1.,1.,1.,1.,1.,1.,1.,1.,1.,1.,1.,1.,1.,1.,1.)
    ,(0.695425484934,0.69344492984,0.69195951352,0.690969235973
      ,0.690474097199,0.690474097199,0.690969235973,0.69195951352
      ,0.69344492984,0.729962636222,0.765971148593,0.80282418586
      ,0.839401147106,0.873909433655,0.90367630541,0.924588563947
      ,0.935063239715,0.935063239715)
    ,(1.,1.,1.,1.,1.,1.,1.,1.,1.,1.,1.,1.,1.,1.,1.,1.,1.,1.
))) REPRESENTATION_ITEM('') SURFACE() );
#722 = CARTESIAN_POINT('',(6.032489596173,115.50779300307,
    14.494820132693));
#723 = CARTESIAN_POINT('',(6.660716738277,114.82664294623,
    12.884284562393));
#724 = CARTESIAN_POINT('',(7.288943880381,114.14549288939,
    11.273748992094));
#725 = CARTESIAN_POINT('',(7.917171022485,113.46434283255,9.663213421795
    ));
#726 = CARTESIAN_POINT('',(8.545398164589,112.78319277571,8.052677851496
    ));
#727 = CARTESIAN_POINT('',(9.173625306693,112.10204271887,6.442142281197
    ));
#728 = CARTESIAN_POINT('',(9.801852448797,111.42089266204,4.831606710897
    ));
#729 = CARTESIAN_POINT('',(10.430079590901,110.7397426052,3.221071140598
    ));
#730 = CARTESIAN_POINT('',(11.058306733004,110.05859254836,
    1.610535570299));
#731 = CARTESIAN_POINT('',(22.641632229508,97.499468162371,
    -28.08470757376));
#732 = CARTESIAN_POINT('',(32.296313558519,85.578890948681,
    -52.65906636373));
#733 = CARTESIAN_POINT('',(40.647272652498,73.603376019535,
    -73.72247038829));
#734 = CARTESIAN_POINT('',(47.686186209638,61.546602275188,
    -91.27652056122));
#735 = CARTESIAN_POINT('',(53.391210566248,49.408942616124,
    -105.3147412379));
#736 = CARTESIAN_POINT('',(57.735364376571,37.142096065978,
    -115.848999096));
#737 = CARTESIAN_POINT('',(60.642495511642,24.78669266475,
    -122.8560088522));
#738 = CARTESIAN_POINT('',(62.096850568826,12.393551175571,
    -126.3607401211));
#739 = CARTESIAN_POINT('',(62.096850568825,0.,-126.3607401211));
#740 = CARTESIAN_POINT('',(9.102862658458,115.74961380273,
    15.555692014447));
#741 = CARTESIAN_POINT('',(9.699367544357,115.06802093789,
    13.982208855967));
#742 = CARTESIAN_POINT('',(10.302370745027,114.37900281118,
    12.391584196901));
#743 = CARTESIAN_POINT('',(10.910617859199,113.68399275697,
    10.787126944382));
#744 = CARTESIAN_POINT('',(11.522822927842,112.98446016894,9.1722292498)
  );
#745 = CARTESIAN_POINT('',(12.137677429472,112.28190022159,
    7.550342780636));
#746 = CARTESIAN_POINT('',(12.753859575992,111.57782324848,
    5.924954199546));
#747 = CARTESIAN_POINT('',(13.370043770883,110.87374393481,
    4.299560215185));
#748 = CARTESIAN_POINT('',(13.984910087926,110.17117048665,
    2.677642578877));
#749 = CARTESIAN_POINT('',(24.739423054638,97.882588320335,
    -25.69101865223));
#750 = CARTESIAN_POINT('',(33.799762420145,86.148553296475,
    -49.59072465422));
#751 = CARTESIAN_POINT('',(41.750639956462,74.243895228506,
    -70.56385026353));
#752 = CARTESIAN_POINT('',(48.545236289354,62.120546490324,
    -88.48689356326));
#753 = CARTESIAN_POINT('',(54.11901535486,49.801762025095,-103.189618882
    ));
#754 = CARTESIAN_POINT('',(58.373376260615,37.208471243332,
    -114.411933055));
#755 = CARTESIAN_POINT('',(61.154813624431,24.594782589054,
    -121.7489137768));
#756 = CARTESIAN_POINT('',(62.5,12.15988294571,-125.2972972972));
#757 = CARTESIAN_POINT('',(62.5,6.394884621841E-14,-125.2972972972));
#758 = CARTESIAN_POINT('',(8.670147996959,112.73283752557,
    16.697123121535));
#759 = CARTESIAN_POINT('',(9.285099500003,112.04874598162,15.07498077837
    ));
#760 = CARTESIAN_POINT('',(9.899496660838,111.36527110551,
    13.454300700059));
#761 = CARTESIAN_POINT('',(10.513339479464,110.68241289725,
    11.835082886604));
#762 = CARTESIAN_POINT('',(11.12662795588,110.00017135684,
    10.217327338004));
#763 = CARTESIAN_POINT('',(11.739362090086,109.31854648427,
    8.601034054259));
#764 = CARTESIAN_POINT('',(12.351541882083,108.63753827954,6.98620303537
    ));
#765 = CARTESIAN_POINT('',(12.963167331871,107.95714674266,
    5.372834281335));
#766 = CARTESIAN_POINT('',(13.574238439449,107.27737187362,
    3.760927792155));
#767 = CARTESIAN_POINT('',(24.831017939071,94.75497355495,
    -25.93263110414));
#768 = CARTESIAN_POINT('',(34.146553153037,82.911860260977,
    -50.50550237124));
#769 = CARTESIAN_POINT('',(42.131441238173,71.068327096666,
    -71.56834229313));
#770 = CARTESIAN_POINT('',(48.785439836522,59.226380702456,
    -89.12051156875));
#771 = CARTESIAN_POINT('',(54.109396248466,47.381411629933,
    -103.1642452392));
#772 = CARTESIAN_POINT('',(58.101690218038,35.540141415539,
    -113.6952693318));
#773 = CARTESIAN_POINT('',(60.765231256942,23.695673184117,
    -120.7212586669));
#774 = CARTESIAN_POINT('',(62.096850568826,11.847778717567,
    -124.2338544734));
#775 = CARTESIAN_POINT('',(62.096850568825,-2.84217094304E-14,
    -124.2338544734));
#776 = DEFINITIONAL_REPRESENTATION('',(#777),#800);
#777 = B_SPLINE_CURVE_WITH_KNOTS('',6,(#778,#779,#780,#781,#782,#783,
    #784,#785,#786,#787,#788,#789,#790,#791,#792,#793,#794,#795,#796,
    #797,#798,#799),.UNSPECIFIED.,.F.,.F.,(7,5,5,5,7),(0.,0.249985035126
    ,0.500000631737,0.750015759454,1.),.UNSPECIFIED.);
#778 = CARTESIAN_POINT('',(0.,-0.773983346059));
#779 = CARTESIAN_POINT('',(7.566574299175,-0.729739279941));
#780 = CARTESIAN_POINT('',(15.132922979692,-0.68076270753));
#781 = CARTESIAN_POINT('',(22.699028873022,-0.627019052624));
#782 = CARTESIAN_POINT('',(30.264889416097,-0.568643618199));
#783 = CARTESIAN_POINT('',(37.830521047854,-0.506030230244));
#784 = CARTESIAN_POINT('',(52.962303280743,-0.37356627877));
#785 = CARTESIAN_POINT('',(60.528457425205,-0.303714824672));
#786 = CARTESIAN_POINT('',(68.094438203931,-0.230869679144));
#787 = CARTESIAN_POINT('',(75.660296136338,-0.155882673493));
#788 = CARTESIAN_POINT('',(83.226096464724,-7.977803198126E-02));
#789 = CARTESIAN_POINT('',(98.357686822404,7.262740259191E-02));
#790 = CARTESIAN_POINT('',(105.92347932079,0.14892786444));
#791 = CARTESIAN_POINT('',(113.48933596325,0.22430654779));
#792 = CARTESIAN_POINT('',(121.05532095463,0.297736914703));
#793 = CARTESIAN_POINT('',(128.62148267133,0.368360841991));
#794 = CARTESIAN_POINT('',(143.75327378886,0.502716853313));
#795 = CARTESIAN_POINT('',(151.31890658555,0.566449804735));
#796 = CARTESIAN_POINT('',(158.88476865093,0.626105021477));
#797 = CARTESIAN_POINT('',(166.45087471894,0.681268340396));
#798 = CARTESIAN_POINT('',(174.01722138317,0.731776490082));
#799 = CARTESIAN_POINT('',(181.58379159427,0.777634714528));
#800 = ( GEOMETRIC_REPRESENTATION_CONTEXT(2) 
PARAMETRIC_REPRESENTATION_CONTEXT() REPRESENTATION_CONTEXT('2D SPACE',''
  ) );
#801 = ORIENTED_EDGE('',*,*,#802,.T.);
#802 = EDGE_CURVE('',#694,#803,#805,.T.);
#803 = VERTEX_POINT('',#804);
#804 = CARTESIAN_POINT('',(62.096850568825,-2.84217094304E-14,
    -124.2338544734));
#805 = SURFACE_CURVE('',#806,(#825),.PCURVE_S1.);
#806 = B_SPLINE_CURVE_WITH_KNOTS('',9,(#807,#808,#809,#810,#811,#812,
    #813,#814,#815,#816,#817,#818,#819,#820,#821,#822,#823,#824),
  .UNSPECIFIED.,.F.,.F.,(10,8,10),(-11.18702234902,-0.773983346059,
    180.80980824821),.UNSPECIFIED.);
#807 = CARTESIAN_POINT('',(8.670147996959,112.73283752557,
    16.697123121535));
#808 = CARTESIAN_POINT('',(9.285099500003,112.04874598162,15.07498077837
    ));
#809 = CARTESIAN_POINT('',(9.899496660838,111.36527110551,
    13.454300700059));
#810 = CARTESIAN_POINT('',(10.513339479464,110.68241289725,
    11.835082886604));
#811 = CARTESIAN_POINT('',(11.12662795588,110.00017135684,
    10.217327338004));
#812 = CARTESIAN_POINT('',(11.739362090086,109.31854648427,
    8.601034054259));
#813 = CARTESIAN_POINT('',(12.351541882083,108.63753827954,6.98620303537
    ));
#814 = CARTESIAN_POINT('',(12.963167331871,107.95714674266,
    5.372834281335));
#815 = CARTESIAN_POINT('',(13.574238439449,107.27737187362,
    3.760927792155));
#816 = CARTESIAN_POINT('',(24.831017939071,94.75497355495,
    -25.93263110414));
#817 = CARTESIAN_POINT('',(34.146553153037,82.911860260977,
    -50.50550237124));
#818 = CARTESIAN_POINT('',(42.131441238173,71.068327096666,
    -71.56834229313));
#819 = CARTESIAN_POINT('',(48.785439836522,59.226380702456,
    -89.12051156875));
#820 = CARTESIAN_POINT('',(54.109396248466,47.381411629933,
    -103.1642452392));
#821 = CARTESIAN_POINT('',(58.101690218038,35.540141415539,
    -113.6952693318));
#822 = CARTESIAN_POINT('',(60.765231256942,23.695673184117,
    -120.7212586669));
#823 = CARTESIAN_POINT('',(62.096850568826,11.847778717567,
    -124.2338544734));
#824 = CARTESIAN_POINT('',(62.096850568825,-2.84217094304E-14,
    -124.2338544734));
#825 = PCURVE('',#721,#826);
#826 = DEFINITIONAL_REPRESENTATION('',(#827),#831);
#827 = LINE('',#828,#829);
#828 = CARTESIAN_POINT('',(181.58379159427,0.));
#829 = VECTOR('',#830,1.);
#830 = DIRECTION('',(0.,1.));
#831 = ( GEOMETRIC_REPRESENTATION_CONTEXT(2) 
PARAMETRIC_REPRESENTATION_CONTEXT() REPRESENTATION_CONTEXT('2D SPACE',''
  ) );
#832 = ORIENTED_EDGE('',*,*,#833,.F.);
#833 = EDGE_CURVE('',#834,#803,#836,.T.);
#834 = VERTEX_POINT('',#835);
#835 = CARTESIAN_POINT('',(62.096850568825,0.,-126.3607401211));
#836 = SURFACE_CURVE('',#837,(#841),.PCURVE_S1.);
#837 = ( BOUNDED_CURVE() B_SPLINE_CURVE(2,(#838,#839,#840),
.UNSPECIFIED.,.F.,.F.) B_SPLINE_CURVE_WITH_KNOTS((3,3),(0.,
181.58379159427),.PIECEWISE_BEZIER_KNOTS.) CURVE() 
GEOMETRIC_REPRESENTATION_ITEM() RATIONAL_B_SPLINE_CURVE((1.,
0.935063239715,1.)) REPRESENTATION_ITEM('') );
#838 = CARTESIAN_POINT('',(62.096850568825,0.,-126.3607401211));
#839 = CARTESIAN_POINT('',(62.5,6.394884621841E-14,-125.2972972972));
#840 = CARTESIAN_POINT('',(62.096850568825,-2.84217094304E-14,
    -124.2338544734));
#841 = PCURVE('',#721,#842);
#842 = DEFINITIONAL_REPRESENTATION('',(#843),#846);
#843 = B_SPLINE_CURVE_WITH_KNOTS('',1,(#844,#845),.UNSPECIFIED.,.F.,.F.,
  (2,2),(0.,181.58379159427),.PIECEWISE_BEZIER_KNOTS.);
#844 = CARTESIAN_POINT('',(0.,180.80980824821));
#845 = CARTESIAN_POINT('',(181.58379159427,180.80980824821));
#846 = ( GEOMETRIC_REPRESENTATION_CONTEXT(2) 
PARAMETRIC_REPRESENTATION_CONTEXT() REPRESENTATION_CONTEXT('2D SPACE',''
  ) );
#847 = ORIENTED_EDGE('',*,*,#848,.F.);
#848 = EDGE_CURVE('',#692,#834,#849,.T.);
#849 = SURFACE_CURVE('',#850,(#869),.PCURVE_S1.);
#850 = B_SPLINE_CURVE_WITH_KNOTS('',9,(#851,#852,#853,#854,#855,#856,
    #857,#858,#859,#860,#861,#862,#863,#864,#865,#866,#867,#868),
  .UNSPECIFIED.,.F.,.F.,(10,8,10),(-11.18702234902,-0.773983346059,
    180.80980824821),.UNSPECIFIED.);
#851 = CARTESIAN_POINT('',(6.032489596173,115.50779300307,
    14.494820132693));
#852 = CARTESIAN_POINT('',(6.660716738277,114.82664294623,
    12.884284562393));
#853 = CARTESIAN_POINT('',(7.288943880381,114.14549288939,
    11.273748992094));
#854 = CARTESIAN_POINT('',(7.917171022485,113.46434283255,9.663213421795
    ));
#855 = CARTESIAN_POINT('',(8.545398164589,112.78319277571,8.052677851496
    ));
#856 = CARTESIAN_POINT('',(9.173625306693,112.10204271887,6.442142281197
    ));
#857 = CARTESIAN_POINT('',(9.801852448797,111.42089266204,4.831606710897
    ));
#858 = CARTESIAN_POINT('',(10.430079590901,110.7397426052,3.221071140598
    ));
#859 = CARTESIAN_POINT('',(11.058306733004,110.05859254836,
    1.610535570299));
#860 = CARTESIAN_POINT('',(22.641632229508,97.499468162371,
    -28.08470757376));
#861 = CARTESIAN_POINT('',(32.296313558519,85.578890948681,
    -52.65906636373));
#862 = CARTESIAN_POINT('',(40.647272652498,73.603376019535,
    -73.72247038829));
#863 = CARTESIAN_POINT('',(47.686186209638,61.546602275188,
    -91.27652056122));
#864 = CARTESIAN_POINT('',(53.391210566248,49.408942616124,
    -105.3147412379));
#865 = CARTESIAN_POINT('',(57.735364376571,37.142096065978,
    -115.848999096));
#866 = CARTESIAN_POINT('',(60.642495511642,24.78669266475,
    -122.8560088522));
#867 = CARTESIAN_POINT('',(62.096850568826,12.393551175571,
    -126.3607401211));
#868 = CARTESIAN_POINT('',(62.096850568825,0.,-126.3607401211));
#869 = PCURVE('',#721,#870);
#870 = DEFINITIONAL_REPRESENTATION('',(#871),#875);
#871 = LINE('',#872,#873);
#872 = CARTESIAN_POINT('',(0.,0.));
#873 = VECTOR('',#874,1.);
#874 = DIRECTION('',(0.,1.));
#875 = ( GEOMETRIC_REPRESENTATION_CONTEXT(2) 
PARAMETRIC_REPRESENTATION_CONTEXT() REPRESENTATION_CONTEXT('2D SPACE',''
  ) );
#876 = ( GEOMETRIC_REPRESENTATION_CONTEXT(3) 
GLOBAL_UNCERTAINTY_ASSIGNED_CONTEXT((#880)) GLOBAL_UNIT_ASSIGNED_CONTEXT
((#877,#878,#879)) REPRESENTATION_CONTEXT('Context #1',
  '3D Context with UNIT and UNCERTAINTY') );
#877 = ( LENGTH_UNIT() NAMED_UNIT(*) SI_UNIT(.MILLI.,.METRE.) );
#878 = ( NAMED_UNIT(*) PLANE_ANGLE_UNIT() SI_UNIT($,.RADIAN.) );
#879 = ( NAMED_UNIT(*) SI_UNIT($,.STERADIAN.) SOLID_ANGLE_UNIT() );
#880 = UNCERTAINTY_MEASURE_WITH_UNIT(LENGTH_MEASURE(5.E-05),#877,
  'distance_accuracy_value','confusion accuracy');
#881 = CONTEXT_DEPENDENT_SHAPE_REPRESENTATION(#882,#884);
#882 = ( REPRESENTATION_RELATIONSHIP('','',#684,#10) 
REPRESENTATION_RELATIONSHIP_WITH_TRANSFORMATION(#883) 
SHAPE_REPRESENTATION_RELATIONSHIP() );
#883 = ITEM_DEFINED_TRANSFORMATION('','',#11,#27);
#884 = PRODUCT_DEFINITION_SHAPE('Placement','Placement of an item',#885
  );
#885 = NEXT_ASSEMBLY_USAGE_OCCURRENCE('4','','',#5,#679,$);
#886 = PRODUCT_RELATED_PRODUCT_CATEGORY('part',$,(#681));
#887 = SHAPE_DEFINITION_REPRESENTATION(#888,#894);
#888 = PRODUCT_DEFINITION_SHAPE('','',#889);
#889 = PRODUCT_DEFINITION('design','',#890,#893);
#890 = PRODUCT_DEFINITION_FORMATION('','',#891);
#891 = PRODUCT('Open CASCADE STEP translator 7.8 1.5',
  'Open CASCADE STEP translator 7.8 1.5','',(#892));
#892 = PRODUCT_CONTEXT('',#2,'mechanical');
#893 = PRODUCT_DEFINITION_CONTEXT('part definition',#2,'design');
#894 = MANIFOLD_SURFACE_SHAPE_REPRESENTATION('',(#11,#895),#998);
#895 = SHELL_BASED_SURFACE_MODEL('',(#896));
#896 = OPEN_SHELL('',(#897));
#897 = ADVANCED_FACE('',(#898),#912,.T.);
#898 = FACE_BOUND('',#899,.T.);
#899 = EDGE_LOOP('',(#900,#922,#938));
#900 = ORIENTED_EDGE('',*,*,#901,.F.);
#901 = EDGE_CURVE('',#902,#904,#906,.T.);
#902 = VERTEX_POINT('',#903);
#903 = CARTESIAN_POINT('',(-15.,0.,0.));
#904 = VERTEX_POINT('',#905);
#905 = CARTESIAN_POINT('',(-62.09685056882,6.027414834324E-15,
    -124.2338544734));
#906 = SURFACE_CURVE('',#907,(#911),.PCURVE_S1.);
#907 = LINE('',#908,#909);
#908 = CARTESIAN_POINT('',(-117.473748848,0.,-270.3091320965));
#909 = VECTOR('',#910,1.);
#910 = DIRECTION('',(-0.354480941285,0.,-0.935063239715));
#911 = PCURVE('',#912,#917);
#912 = PLANE('',#913);
#913 = AXIS2_PLACEMENT_3D('',#914,#915,#916);
#914 = CARTESIAN_POINT('',(-15.,-244.,0.));
#915 = DIRECTION('',(-0.935063239715,0.,0.354480941285));
#916 = DIRECTION('',(-0.354480941285,0.,-0.935063239715));
#917 = DEFINITIONAL_REPRESENTATION('',(#918),#921);
#918 = B_SPLINE_CURVE_WITH_KNOTS('',1,(#919,#920),.UNSPECIFIED.,.F.,.F.,
  (2,2),(-289.0811237313,-156.2196773639),.PIECEWISE_BEZIER_KNOTS.);
#919 = CARTESIAN_POINT('',(0.,-244.));
#920 = CARTESIAN_POINT('',(132.86144636737,-244.));
#921 = ( GEOMETRIC_REPRESENTATION_CONTEXT(2) 
PARAMETRIC_REPRESENTATION_CONTEXT() REPRESENTATION_CONTEXT('2D SPACE',''
  ) );
#922 = ORIENTED_EDGE('',*,*,#923,.T.);
#923 = EDGE_CURVE('',#902,#924,#926,.T.);
#924 = VERTEX_POINT('',#925);
#925 = CARTESIAN_POINT('',(-15.,105.68741851997,0.));
#926 = SURFACE_CURVE('',#927,(#931),.PCURVE_S1.);
#927 = LINE('',#928,#929);
#928 = CARTESIAN_POINT('',(-15.,-244.,0.));
#929 = VECTOR('',#930,1.);
#930 = DIRECTION('',(0.,1.,0.));
#931 = PCURVE('',#912,#932);
#932 = DEFINITIONAL_REPRESENTATION('',(#933),#937);
#933 = LINE('',#934,#935);
#934 = CARTESIAN_POINT('',(0.,0.));
#935 = VECTOR('',#936,1.);
#936 = DIRECTION('',(0.,-1.));
#937 = ( GEOMETRIC_REPRESENTATION_CONTEXT(2) 
PARAMETRIC_REPRESENTATION_CONTEXT() REPRESENTATION_CONTEXT('2D SPACE',''
  ) );
#938 = ORIENTED_EDGE('',*,*,#939,.F.);
#939 = EDGE_CURVE('',#904,#924,#940,.T.);
#940 = SURFACE_CURVE('',#941,(#976),.PCURVE_S1.);
#941 = B_SPLINE_CURVE_WITH_KNOTS('',9,(#942,#943,#944,#945,#946,#947,
    #948,#949,#950,#951,#952,#953,#954,#955,#956,#957,#958,#959,#960,
    #961,#962,#963,#964,#965,#966,#967,#968,#969,#970,#971,#972,#973,
    #974,#975),.UNSPECIFIED.,.F.,.F.,(10,8,8,8,10),(-11.16033993943,
    -0.773142397452,180.61335472349,361.99985184443,372.38704938641),
  .UNSPECIFIED.);
#942 = CARTESIAN_POINT('',(-8.677849927321,-112.7242696541,
    16.676806678201));
#943 = CARTESIAN_POINT('',(-9.291942563445,-112.0411335409,
    15.056929886696));
#944 = CARTESIAN_POINT('',(-9.905481631579,-111.3586132343,
    13.438513317779));
#945 = CARTESIAN_POINT('',(-10.51846713172,-110.6767087343,
    11.821556971451));
#946 = CARTESIAN_POINT('',(-11.13089906388,-109.9954200409,
    10.206060847711));
#947 = CARTESIAN_POINT('',(-11.74277742804,-109.314747154,8.59202494656)
  );
#948 = CARTESIAN_POINT('',(-12.35410222422,-108.6346900737,
    6.979449267996));
#949 = CARTESIAN_POINT('',(-12.96487345241,-107.9552488001,
    5.368333812022));
#950 = CARTESIAN_POINT('',(-13.5750911126,-107.2764233329,3.758678578635
    ));
#951 = CARTESIAN_POINT('',(-24.83101793922,-94.75497355478,
    -25.93263110454));
#952 = CARTESIAN_POINT('',(-34.14655315247,-82.91186026159,
    -50.50550236978));
#953 = CARTESIAN_POINT('',(-42.13144123924,-71.06832709548,
    -71.56834229594));
#954 = CARTESIAN_POINT('',(-48.78543983525,-59.22638070385,
    -89.12051156543));
#955 = CARTESIAN_POINT('',(-54.10939624941,-47.38141162889,
    -103.1642452416));
#956 = CARTESIAN_POINT('',(-58.1016902176,-35.540141416,-113.6952693307)
  );
#957 = CARTESIAN_POINT('',(-60.76523125703,-23.69567318402,
    -120.7212586672));
#958 = CARTESIAN_POINT('',(-62.09685056882,-11.84777871756,
    -124.2338544734));
#959 = CARTESIAN_POINT('',(-62.09685056882,11.847778717565,
    -124.2338544734));
#960 = CARTESIAN_POINT('',(-60.76523125703,23.69567318402,
    -120.7212586672));
#961 = CARTESIAN_POINT('',(-58.1016902176,35.540141416006,
    -113.6952693307));
#962 = CARTESIAN_POINT('',(-54.10939624941,47.381411628885,
    -103.1642452417));
#963 = CARTESIAN_POINT('',(-48.78543983525,59.226380703862,
    -89.12051156543));
#964 = CARTESIAN_POINT('',(-42.13144123924,71.068327095474,
    -71.56834229594));
#965 = CARTESIAN_POINT('',(-34.14655315248,82.9118602616,-50.50550236978
    ));
#966 = CARTESIAN_POINT('',(-24.83101793922,94.754973554781,
    -25.93263110454));
#967 = CARTESIAN_POINT('',(-13.5750911126,107.27642333298,3.758678578635
    ));
#968 = CARTESIAN_POINT('',(-12.96487345241,107.9552488001,5.368333812022
    ));
#969 = CARTESIAN_POINT('',(-12.35410222422,108.63469007379,
    6.979449267996));
#970 = CARTESIAN_POINT('',(-11.74277742804,109.31474715407,8.59202494656
    ));
#971 = CARTESIAN_POINT('',(-11.13089906388,109.99542004092,
    10.206060847711));
#972 = CARTESIAN_POINT('',(-10.51846713172,110.67670873435,
    11.821556971451));
#973 = CARTESIAN_POINT('',(-9.90548163158,111.35861323436,
    13.438513317779));
#974 = CARTESIAN_POINT('',(-9.291942563445,112.04113354094,
    15.056929886696));
#975 = CARTESIAN_POINT('',(-8.677849927321,112.72426965411,
    16.676806678201));
#976 = PCURVE('',#912,#977);
#977 = DEFINITIONAL_REPRESENTATION('',(#978),#997);
#978 = B_SPLINE_CURVE_WITH_KNOTS('',9,(#979,#980,#981,#982,#983,#984,
    #985,#986,#987,#988,#989,#990,#991,#992,#993,#994,#995,#996),
  .UNSPECIFIED.,.F.,.F.,(10,8,10),(-0.773142397452,180.61335472349,
    361.99985184443),.UNSPECIFIED.);
#979 = CARTESIAN_POINT('',(-2.299826874269,-137.4017863275));
#980 = CARTESIAN_POINT('',(27.733558547825,-149.2450264452));
#981 = CARTESIAN_POINT('',(54.012926853157,-161.0881397383));
#982 = CARTESIAN_POINT('',(76.538504837167,-172.9316729045));
#983 = CARTESIAN_POINT('',(95.309608783928,-184.7736192961));
#984 = CARTESIAN_POINT('',(110.32862897401,-196.6185883711));
#985 = CARTESIAN_POINT('',(121.59099459997,-208.4598585839));
#986 = CARTESIAN_POINT('',(129.10491348591,-220.3043268159));
#987 = CARTESIAN_POINT('',(132.86144636737,-232.1522212824));
#988 = CARTESIAN_POINT('',(132.86144636737,-255.8477787175));
#989 = CARTESIAN_POINT('',(129.10491348591,-267.695673184));
#990 = CARTESIAN_POINT('',(121.59099459998,-279.5401414159));
#991 = CARTESIAN_POINT('',(110.32862897399,-291.3814116289));
#992 = CARTESIAN_POINT('',(95.309608783946,-303.2263807038));
#993 = CARTESIAN_POINT('',(76.538504837153,-315.0683270954));
#994 = CARTESIAN_POINT('',(54.012926853164,-326.9118602615));
#995 = CARTESIAN_POINT('',(27.733558547823,-338.7549735547));
#996 = CARTESIAN_POINT('',(-2.299826874269,-350.5982136724));
#997 = ( GEOMETRIC_REPRESENTATION_CONTEXT(2) 
PARAMETRIC_REPRESENTATION_CONTEXT() REPRESENTATION_CONTEXT('2D SPACE',''
  ) );
#998 = ( GEOMETRIC_REPRESENTATION_CONTEXT(3) 
GLOBAL_UNCERTAINTY_ASSIGNED_CONTEXT((#1002)) 
GLOBAL_UNIT_ASSIGNED_CONTEXT((#999,#1000,#1001)) REPRESENTATION_CONTEXT(
  'Context #1','3D Context with UNIT and UNCERTAINTY') );
#999 = ( LENGTH_UNIT() NAMED_UNIT(*) SI_UNIT(.MILLI.,.METRE.) );
#1000 = ( NAMED_UNIT(*) PLANE_ANGLE_UNIT() SI_UNIT($,.RADIAN.) );
#1001 = ( NAMED_UNIT(*) SI_UNIT($,.STERADIAN.) SOLID_ANGLE_UNIT() );
#1002 = UNCERTAINTY_MEASURE_WITH_UNIT(LENGTH_MEASURE(2.E-05),#999,
  'distance_accuracy_value','confusion accuracy');
#1003 = CONTEXT_DEPENDENT_SHAPE_REPRESENTATION(#1004,#1006);
#1004 = ( REPRESENTATION_RELATIONSHIP('','',#894,#10) 
REPRESENTATION_RELATIONSHIP_WITH_TRANSFORMATION(#1005) 
SHAPE_REPRESENTATION_RELATIONSHIP() );
#1005 = ITEM_DEFINED_TRANSFORMATION('','',#11,#31);
#1006 = PRODUCT_DEFINITION_SHAPE('Placement','Placement of an item',
  #1007);
#1007 = NEXT_ASSEMBLY_USAGE_OCCURRENCE('5','','',#5,#889,$);
#1008 = PRODUCT_RELATED_PRODUCT_CATEGORY('part',$,(#891));
#1009 = SHAPE_DEFINITION_REPRESENTATION(#1010,#1016);
#1010 = PRODUCT_DEFINITION_SHAPE('','',#1011);
#1011 = PRODUCT_DEFINITION('design','',#1012,#1015);
#1012 = PRODUCT_DEFINITION_FORMATION('','',#1013);
#1013 = PRODUCT('Open CASCADE STEP translator 7.8 1.6',
  'Open CASCADE STEP translator 7.8 1.6','',(#1014));
#1014 = PRODUCT_CONTEXT('',#2,'mechanical');
#1015 = PRODUCT_DEFINITION_CONTEXT('part definition',#2,'design');
#1016 = MANIFOLD_SURFACE_SHAPE_REPRESENTATION('',(#11,#1017),#1096);
#1017 = SHELL_BASED_SURFACE_MODEL('',(#1018));
#1018 = OPEN_SHELL('',(#1019));
#1019 = ADVANCED_FACE('',(#1020),#1034,.T.);
#1020 = FACE_BOUND('',#1021,.T.);
#1021 = EDGE_LOOP('',(#1022,#1045,#1060));
#1022 = ORIENTED_EDGE('',*,*,#1023,.F.);
#1023 = EDGE_CURVE('',#1024,#1026,#1028,.T.);
#1024 = VERTEX_POINT('',#1025);
#1025 = CARTESIAN_POINT('',(15.,0.,0.));
#1026 = VERTEX_POINT('',#1027);
#1027 = CARTESIAN_POINT('',(15.,105.68741851997,0.));
#1028 = SURFACE_CURVE('',#1029,(#1033),.PCURVE_S1.);
#1029 = LINE('',#1030,#1031);
#1030 = CARTESIAN_POINT('',(15.,-244.,0.));
#1031 = VECTOR('',#1032,1.);
#1032 = DIRECTION('',(0.,1.,0.));
#1033 = PCURVE('',#1034,#1039);
#1034 = PLANE('',#1035);
#1035 = AXIS2_PLACEMENT_3D('',#1036,#1037,#1038);
#1036 = CARTESIAN_POINT('',(107.5,-244.,-244.));
#1037 = DIRECTION('',(0.935063239715,-0.,0.354480941285));
#1038 = DIRECTION('',(-0.354480941285,0.,0.935063239715));
#1039 = DEFINITIONAL_REPRESENTATION('',(#1040),#1044);
#1040 = LINE('',#1041,#1042);
#1041 = CARTESIAN_POINT('',(260.94491755924,0.));
#1042 = VECTOR('',#1043,1.);
#1043 = DIRECTION('',(0.,-1.));
#1044 = ( GEOMETRIC_REPRESENTATION_CONTEXT(2) 
PARAMETRIC_REPRESENTATION_CONTEXT() REPRESENTATION_CONTEXT('2D SPACE',''
  ) );
#1045 = ORIENTED_EDGE('',*,*,#1046,.F.);
#1046 = EDGE_CURVE('',#1047,#1024,#1049,.T.);
#1047 = VERTEX_POINT('',#1048);
#1048 = CARTESIAN_POINT('',(62.096850568825,-2.84217094304E-14,
    -124.2338544734));
#1049 = SURFACE_CURVE('',#1050,(#1054),.PCURVE_S1.);
#1050 = LINE('',#1051,#1052);
#1051 = CARTESIAN_POINT('',(41.082772819227,0.,-68.80212505828));
#1052 = VECTOR('',#1053,1.);
#1053 = DIRECTION('',(-0.354480941285,-0.,0.935063239715));
#1054 = PCURVE('',#1034,#1055);
#1055 = DEFINITIONAL_REPRESENTATION('',(#1056),#1059);
#1056 = B_SPLINE_CURVE_WITH_KNOTS('',1,(#1057,#1058),.UNSPECIFIED.,.F.,
  .F.,(2,2),(-59.28126255083,73.580183816536),.PIECEWISE_BEZIER_KNOTS.);
#1057 = CARTESIAN_POINT('',(128.08347119186,-244.));
#1058 = CARTESIAN_POINT('',(260.94491755924,-244.));
#1059 = ( GEOMETRIC_REPRESENTATION_CONTEXT(2) 
PARAMETRIC_REPRESENTATION_CONTEXT() REPRESENTATION_CONTEXT('2D SPACE',''
  ) );
#1060 = ORIENTED_EDGE('',*,*,#1061,.F.);
#1061 = EDGE_CURVE('',#1026,#1047,#1062,.T.);
#1062 = SURFACE_CURVE('',#1063,(#1082),.PCURVE_S1.);
#1063 = B_SPLINE_CURVE_WITH_KNOTS('',9,(#1064,#1065,#1066,#1067,#1068,
    #1069,#1070,#1071,#1072,#1073,#1074,#1075,#1076,#1077,#1078,#1079,
    #1080,#1081),.UNSPECIFIED.,.F.,.F.,(10,8,10),(-11.18702234902,
    -0.773983346059,180.80980824821),.UNSPECIFIED.);
#1064 = CARTESIAN_POINT('',(8.670147996959,112.73283752557,
    16.697123121535));
#1065 = CARTESIAN_POINT('',(9.285099500003,112.04874598162,
    15.07498077837));
#1066 = CARTESIAN_POINT('',(9.899496660838,111.36527110551,
    13.454300700059));
#1067 = CARTESIAN_POINT('',(10.513339479464,110.68241289725,
    11.835082886604));
#1068 = CARTESIAN_POINT('',(11.12662795588,110.00017135684,
    10.217327338004));
#1069 = CARTESIAN_POINT('',(11.739362090086,109.31854648427,
    8.601034054259));
#1070 = CARTESIAN_POINT('',(12.351541882083,108.63753827954,
    6.98620303537));
#1071 = CARTESIAN_POINT('',(12.963167331871,107.95714674266,
    5.372834281335));
#1072 = CARTESIAN_POINT('',(13.574238439449,107.27737187362,
    3.760927792155));
#1073 = CARTESIAN_POINT('',(24.831017939071,94.75497355495,
    -25.93263110414));
#1074 = CARTESIAN_POINT('',(34.146553153037,82.911860260977,
    -50.50550237124));
#1075 = CARTESIAN_POINT('',(42.131441238173,71.068327096666,
    -71.56834229313));
#1076 = CARTESIAN_POINT('',(48.785439836522,59.226380702456,
    -89.12051156875));
#1077 = CARTESIAN_POINT('',(54.109396248466,47.381411629933,
    -103.1642452392));
#1078 = CARTESIAN_POINT('',(58.101690218038,35.540141415539,
    -113.6952693318));
#1079 = CARTESIAN_POINT('',(60.765231256942,23.695673184117,
    -120.7212586669));
#1080 = CARTESIAN_POINT('',(62.096850568826,11.847778717567,
    -124.2338544734));
#1081 = CARTESIAN_POINT('',(62.096850568825,-2.84217094304E-14,
    -124.2338544734));
#1082 = PCURVE('',#1034,#1083);
#1083 = DEFINITIONAL_REPRESENTATION('',(#1084),#1095);
#1084 = B_SPLINE_CURVE_WITH_KNOTS('',9,(#1085,#1086,#1087,#1088,#1089,
    #1090,#1091,#1092,#1093,#1094),.UNSPECIFIED.,.F.,.F.,(10,10),(
    -0.773983346059,180.80980824821),.PIECEWISE_BEZIER_KNOTS.);
#1085 = CARTESIAN_POINT('',(263.2447444335,-350.5982136724));
#1086 = CARTESIAN_POINT('',(233.21135901183,-338.7549735549));
#1087 = CARTESIAN_POINT('',(206.93199070455,-326.911860261));
#1088 = CARTESIAN_POINT('',(184.40641272501,-315.0683270965));
#1089 = CARTESIAN_POINT('',(165.63530877185,-303.2263807025));
#1090 = CARTESIAN_POINT('',(150.61628858781,-291.3814116298));
#1091 = CARTESIAN_POINT('',(139.35392295811,-279.5401414156));
#1092 = CARTESIAN_POINT('',(131.84000407356,-267.695673184));
#1093 = CARTESIAN_POINT('',(128.08347119187,-255.8477787175));
#1094 = CARTESIAN_POINT('',(128.08347119186,-244.));
#1095 = ( GEOMETRIC_REPRESENTATION_CONTEXT(2) 
PARAMETRIC_REPRESENTATION_CONTEXT() REPRESENTATION_CONTEXT('2D SPACE',''
  ) );
#1096 = ( GEOMETRIC_REPRESENTATION_CONTEXT(3) 
GLOBAL_UNCERTAINTY_ASSIGNED_CONTEXT((#1100)) 
GLOBAL_UNIT_ASSIGNED_CONTEXT((#1097,#1098,#1099)) REPRESENTATION_CONTEXT
('Context #1','3D Context with UNIT and UNCERTAINTY') );
#1097 = ( LENGTH_UNIT() NAMED_UNIT(*) SI_UNIT(.MILLI.,.METRE.) );
#1098 = ( NAMED_UNIT(*) PLANE_ANGLE_UNIT() SI_UNIT($,.RADIAN.) );
#1099 = ( NAMED_UNIT(*) SI_UNIT($,.STERADIAN.) SOLID_ANGLE_UNIT() );
#1100 = UNCERTAINTY_MEASURE_WITH_UNIT(LENGTH_MEASURE(2.E-05),#1097,
  'distance_accuracy_value','confusion accuracy');
#1101 = CONTEXT_DEPENDENT_SHAPE_REPRESENTATION(#1102,#1104);
#1102 = ( REPRESENTATION_RELATIONSHIP('','',#1016,#10) 
REPRESENTATION_RELATIONSHIP_WITH_TRANSFORMATION(#1103) 
SHAPE_REPRESENTATION_RELATIONSHIP() );
#1103 = ITEM_DEFINED_TRANSFORMATION('','',#11,#35);
#1104 = PRODUCT_DEFINITION_SHAPE('Placement','Placement of an item',
  #1105);
#1105 = NEXT_ASSEMBLY_USAGE_OCCURRENCE('6','','',#5,#1011,$);
#1106 = PRODUCT_RELATED_PRODUCT_CATEGORY('part',$,(#1013));
#1107 = SHAPE_DEFINITION_REPRESENTATION(#1108,#1114);
#1108 = PRODUCT_DEFINITION_SHAPE('','',#1109);
#1109 = PRODUCT_DEFINITION('design','',#1110,#1113);
#1110 = PRODUCT_DEFINITION_FORMATION('','',#1111);
#1111 = PRODUCT('Open CASCADE STEP translator 7.8 1.7',
  'Open CASCADE STEP translator 7.8 1.7','',(#1112));
#1112 = PRODUCT_CONTEXT('',#2,'mechanical');
#1113 = PRODUCT_DEFINITION_CONTEXT('part definition',#2,'design');
#1114 = MANIFOLD_SURFACE_SHAPE_REPRESENTATION('',(#11,#1115),#1304);
#1115 = SHELL_BASED_SURFACE_MODEL('',(#1116));
#1116 = OPEN_SHELL('',(#1117));
#1117 = ADVANCED_FACE('',(#1118),#1133,.T.);
#1118 = FACE_BOUND('',#1119,.T.);
#1119 = EDGE_LOOP('',(#1120,#1144,#1190,#1206,#1223,#1238));
#1120 = ORIENTED_EDGE('',*,*,#1121,.F.);
#1121 = EDGE_CURVE('',#1122,#1124,#1126,.T.);
#1122 = VERTEX_POINT('',#1123);
#1123 = CARTESIAN_POINT('',(0.20922840488,92.49976336983,0.));
#1124 = VERTEX_POINT('',#1125);
#1125 = CARTESIAN_POINT('',(-0.20922840488,92.49976336983,0.));
#1126 = SURFACE_CURVE('',#1127,(#1132),.PCURVE_S1.);
#1127 = CIRCLE('',#1128,92.5);
#1128 = AXIS2_PLACEMENT_3D('',#1129,#1130,#1131);
#1129 = CARTESIAN_POINT('',(0.,0.,0.));
#1130 = DIRECTION('',(0.,0.,1.));
#1131 = DIRECTION('',(1.,0.,-0.));
#1132 = PCURVE('',#1133,#1138);
#1133 = CONICAL_SURFACE('',#1134,0.25,0.362358903356);
#1134 = AXIS2_PLACEMENT_3D('',#1135,#1136,#1137);
#1135 = CARTESIAN_POINT('',(0.,0.,-243.340540541));
#1136 = DIRECTION('',(0.,0.,1.));
#1137 = DIRECTION('',(1.,0.,-0.));
#1138 = DEFINITIONAL_REPRESENTATION('',(#1139),#1143);
#1139 = LINE('',#1140,#1141);
#1140 = CARTESIAN_POINT('',(0.,243.340540541));
#1141 = VECTOR('',#1142,1.);
#1142 = DIRECTION('',(1.,0.));
#1143 = ( GEOMETRIC_REPRESENTATION_CONTEXT(2) 
PARAMETRIC_REPRESENTATION_CONTEXT() REPRESENTATION_CONTEXT('2D SPACE',''
  ) );
#1144 = ORIENTED_EDGE('',*,*,#1145,.T.);
#1145 = EDGE_CURVE('',#1122,#1146,#1148,.T.);
#1146 = VERTEX_POINT('',#1147);
#1147 = CARTESIAN_POINT('',(46.564527585367,0.,-121.1703272345));
#1148 = SURFACE_CURVE('',#1149,(#1170),.PCURVE_S1.);
#1149 = B_SPLINE_CURVE_WITH_KNOTS('',10,(#1150,#1151,#1152,#1153,#1154,
    #1155,#1156,#1157,#1158,#1159,#1160,#1161,#1162,#1163,#1164,#1165,
    #1166,#1167,#1168,#1169),.UNSPECIFIED.,.F.,.F.,(11,9,11),(
    -9.324430068779,-0.109827087196,166.39703247597),.UNSPECIFIED.);
#1150 = CARTESIAN_POINT('',(-4.898282251459,97.595553707383,
    13.411359700828));
#1151 = CARTESIAN_POINT('',(-4.387531185825,97.085974673628,
    12.070223730745));
#1152 = CARTESIAN_POINT('',(-3.876780120191,96.576395639872,
    10.729087760662));
#1153 = CARTESIAN_POINT('',(-3.366029054557,96.066816606117,
    9.387951790579));
#1154 = CARTESIAN_POINT('',(-2.855277988924,95.557237572362,
    8.046815820497));
#1155 = CARTESIAN_POINT('',(-2.34452692329,95.047658538607,
    6.705679850414));
#1156 = CARTESIAN_POINT('',(-1.833775857656,94.538079504852,
    5.364543880331));
#1157 = CARTESIAN_POINT('',(-1.323024792022,94.028500471096,
    4.023407910248));
#1158 = CARTESIAN_POINT('',(-0.812273726388,93.518921437341,
    2.682271940166));
#1159 = CARTESIAN_POINT('',(-0.301522660754,93.009342403586,
    1.341135970083));
#1160 = CARTESIAN_POINT('',(9.438443828183,83.291726433304,
    -24.23417906034));
#1161 = CARTESIAN_POINT('',(17.65152819904,74.079003845541,
    -45.77568044265));
#1162 = CARTESIAN_POINT('',(24.848434173484,64.859771139795,
    -64.62449983168));
#1163 = CARTESIAN_POINT('',(31.028804101241,55.63209596752,
    -80.78062843024));
#1164 = CARTESIAN_POINT('',(36.190822550002,46.392357969851,
    -94.24409858692));
#1165 = CARTESIAN_POINT('',(40.332102944102,37.139368855213,
    -105.0147260326));
#1166 = CARTESIAN_POINT('',(43.446580194025,27.867992500345,
    -113.0928881406));
#1167 = CARTESIAN_POINT('',(45.525179790349,18.583121609584,
    -118.477818247));
#1168 = CARTESIAN_POINT('',(46.564527585367,9.291564249064,
    -121.1703272345));
#1169 = CARTESIAN_POINT('',(46.564527585367,0.,-121.1703272345));
#1170 = PCURVE('',#1133,#1171);
#1171 = DEFINITIONAL_REPRESENTATION('',(#1172),#1189);
#1172 = B_SPLINE_CURVE_WITH_KNOTS('',8,(#1173,#1174,#1175,#1176,#1177,
    #1178,#1179,#1180,#1181,#1182,#1183,#1184,#1185,#1186,#1187,#1188),
  .UNSPECIFIED.,.F.,.F.,(9,7,9),(-0.109827087196,83.143602694389,
    166.39703247597),.UNSPECIFIED.);
#1173 = CARTESIAN_POINT('',(1.568534396165,243.340540541));
#1174 = CARTESIAN_POINT('',(1.50603426281,228.19417862828));
#1175 = CARTESIAN_POINT('',(1.439079942883,214.12969374948));
#1176 = CARTESIAN_POINT('',(1.367301573763,201.14710136776));
#1177 = CARTESIAN_POINT('',(1.290330738629,189.24636579419));
#1178 = CARTESIAN_POINT('',(1.207826845492,178.42754114269));
#1179 = CARTESIAN_POINT('',(1.119526106534,168.69058639795));
#1180 = CARTESIAN_POINT('',(1.025346658022,160.03552903762));
#1181 = CARTESIAN_POINT('',(0.82561591153,144.88921069373));
#1182 = CARTESIAN_POINT('',(0.720064664109,138.39795013268));
#1183 = CARTESIAN_POINT('',(0.609019068735,132.98859777904));
#1184 = CARTESIAN_POINT('',(0.49294777138,128.66114927616));
#1185 = CARTESIAN_POINT('',(0.372664491162,125.41562983893));
#1186 = CARTESIAN_POINT('',(0.249426990646,123.25202355727));
#1187 = CARTESIAN_POINT('',(0.1247135525,122.17021330649));
#1188 = CARTESIAN_POINT('',(6.09604997593E-16,122.17021330649));
#1189 = ( GEOMETRIC_REPRESENTATION_CONTEXT(2) 
PARAMETRIC_REPRESENTATION_CONTEXT() REPRESENTATION_CONTEXT('2D SPACE',''
  ) );
#1190 = ORIENTED_EDGE('',*,*,#1191,.F.);
#1191 = EDGE_CURVE('',#1192,#1146,#1194,.T.);
#1192 = VERTEX_POINT('',#1193);
#1193 = CARTESIAN_POINT('',(0.25,-6.123031769112E-17,-243.340540541));
#1194 = SURFACE_CURVE('',#1195,(#1199),.PCURVE_S1.);
#1195 = LINE('',#1196,#1197);
#1196 = CARTESIAN_POINT('',(0.25,-6.123031769112E-17,-243.340540541));
#1197 = VECTOR('',#1198,1.);
#1198 = DIRECTION('',(0.354480941285,-8.681992260123E-17,0.935063239715)
  );
#1199 = PCURVE('',#1133,#1200);
#1200 = DEFINITIONAL_REPRESENTATION('',(#1201),#1205);
#1201 = LINE('',#1202,#1203);
#1202 = CARTESIAN_POINT('',(0.,-0.));
#1203 = VECTOR('',#1204,1.);
#1204 = DIRECTION('',(0.,1.));
#1205 = ( GEOMETRIC_REPRESENTATION_CONTEXT(2) 
PARAMETRIC_REPRESENTATION_CONTEXT() REPRESENTATION_CONTEXT('2D SPACE',''
  ) );
#1206 = ORIENTED_EDGE('',*,*,#1207,.T.);
#1207 = EDGE_CURVE('',#1192,#1208,#1210,.T.);
#1208 = VERTEX_POINT('',#1209);
#1209 = CARTESIAN_POINT('',(-0.25,3.061515884556E-17,-243.340540541));
#1210 = SURFACE_CURVE('',#1211,(#1216),.PCURVE_S1.);
#1211 = CIRCLE('',#1212,0.25);
#1212 = AXIS2_PLACEMENT_3D('',#1213,#1214,#1215);
#1213 = CARTESIAN_POINT('',(0.,0.,-243.340540541));
#1214 = DIRECTION('',(0.,0.,1.));
#1215 = DIRECTION('',(1.,0.,-0.));
#1216 = PCURVE('',#1133,#1217);
#1217 = DEFINITIONAL_REPRESENTATION('',(#1218),#1222);
#1218 = LINE('',#1219,#1220);
#1219 = CARTESIAN_POINT('',(0.,0.));
#1220 = VECTOR('',#1221,1.);
#1221 = DIRECTION('',(1.,0.));
#1222 = ( GEOMETRIC_REPRESENTATION_CONTEXT(2) 
PARAMETRIC_REPRESENTATION_CONTEXT() REPRESENTATION_CONTEXT('2D SPACE',''
  ) );
#1223 = ORIENTED_EDGE('',*,*,#1224,.T.);
#1224 = EDGE_CURVE('',#1208,#1225,#1227,.T.);
#1225 = VERTEX_POINT('',#1226);
#1226 = CARTESIAN_POINT('',(-46.56452758536,9.266393751224E-16,
    -121.1703272345));
#1227 = SURFACE_CURVE('',#1228,(#1232),.PCURVE_S1.);
#1228 = LINE('',#1229,#1230);
#1229 = CARTESIAN_POINT('',(0.,0.,-244.0000000004));
#1230 = VECTOR('',#1231,1.);
#1231 = DIRECTION('',(-0.354480941285,0.,0.935063239715));
#1232 = PCURVE('',#1133,#1233);
#1233 = DEFINITIONAL_REPRESENTATION('',(#1234),#1237);
#1234 = B_SPLINE_CURVE_WITH_KNOTS('',1,(#1235,#1236),.UNSPECIFIED.,.F.,
  .F.,(2,2),(0.705256533945,260.94491755967),.PIECEWISE_BEZIER_KNOTS.);
#1235 = CARTESIAN_POINT('',(3.14159265359,-8.927907148623E-15));
#1236 = CARTESIAN_POINT('',(3.14159265359,243.340540541));
#1237 = ( GEOMETRIC_REPRESENTATION_CONTEXT(2) 
PARAMETRIC_REPRESENTATION_CONTEXT() REPRESENTATION_CONTEXT('2D SPACE',''
  ) );
#1238 = ORIENTED_EDGE('',*,*,#1239,.T.);
#1239 = EDGE_CURVE('',#1225,#1124,#1240,.T.);
#1240 = SURFACE_CURVE('',#1241,(#1280),.PCURVE_S1.);
#1241 = B_SPLINE_CURVE_WITH_KNOTS('',10,(#1242,#1243,#1244,#1245,#1246,
    #1247,#1248,#1249,#1250,#1251,#1252,#1253,#1254,#1255,#1256,#1257,
    #1258,#1259,#1260,#1261,#1262,#1263,#1264,#1265,#1266,#1267,#1268,
    #1269,#1270,#1271,#1272,#1273,#1274,#1275,#1276,#1277,#1278,#1279),
  .UNSPECIFIED.,.F.,.F.,(11,9,9,9,11),(-9.287670678833,-0.109635704442,
    166.10707192842,332.32377956128,341.50181453567),.UNSPECIFIED.);
#1242 = CARTESIAN_POINT('',(4.886893588366,-97.58419117811,
    13.381455219463));
#1243 = CARTESIAN_POINT('',(4.377281389042,-97.07574839728,
    12.043309697516));
#1244 = CARTESIAN_POINT('',(3.867669189717,-96.56730561645,
    10.70516417557));
#1245 = CARTESIAN_POINT('',(3.358056990393,-96.05886283562,
    9.367018653624));
#1246 = CARTESIAN_POINT('',(2.848444791068,-95.55042005479,
    8.028873131678));
#1247 = CARTESIAN_POINT('',(2.338832591743,-95.04197727397,
    6.690727609731));
#1248 = CARTESIAN_POINT('',(1.829220392419,-94.53353449314,
    5.352582087785));
#1249 = CARTESIAN_POINT('',(1.319608193094,-94.02509171231,
    4.014436565839));
#1250 = CARTESIAN_POINT('',(0.809995993769,-93.51664893148,
    2.676291043893));
#1251 = CARTESIAN_POINT('',(0.300383794445,-93.00820615065,
    1.338145521946));
#1252 = CARTESIAN_POINT('',(-9.438443828184,-83.2917264333,
    -24.23417906035));
#1253 = CARTESIAN_POINT('',(-17.65152819903,-74.07900384552,
    -45.77568044263));
#1254 = CARTESIAN_POINT('',(-24.84843417349,-64.85977113982,
    -64.62449983172));
#1255 = CARTESIAN_POINT('',(-31.02880410122,-55.63209596747,
    -80.78062843019));
#1256 = CARTESIAN_POINT('',(-36.19082255002,-46.39235796989,
    -94.24409858698));
#1257 = CARTESIAN_POINT('',(-40.33210294408,-37.13936885517,
    -105.0147260326));
#1258 = CARTESIAN_POINT('',(-43.44658019403,-27.86799250036,
    -113.0928881406));
#1259 = CARTESIAN_POINT('',(-45.52517979034,-18.58312160957,
    -118.477818247));
#1260 = CARTESIAN_POINT('',(-46.56452758536,-9.291564249065,
    -121.1703272345));
#1261 = CARTESIAN_POINT('',(-46.56452758536,9.291564249064,
    -121.1703272345));
#1262 = CARTESIAN_POINT('',(-45.52517979035,18.583121609582,
    -118.477818247));
#1263 = CARTESIAN_POINT('',(-43.44658019402,27.867992500349,
    -113.0928881406));
#1264 = CARTESIAN_POINT('',(-40.3321029441,37.139368855203,
    -105.0147260326));
#1265 = CARTESIAN_POINT('',(-36.19082255,46.392357969869,-94.24409858693
    ));
#1266 = CARTESIAN_POINT('',(-31.02880410124,55.632095967499,
    -80.78062843023));
#1267 = CARTESIAN_POINT('',(-24.84843417348,64.859771139811,
    -64.62449983169));
#1268 = CARTESIAN_POINT('',(-17.65152819903,74.079003845533,
    -45.77568044264));
#1269 = CARTESIAN_POINT('',(-9.438443828183,83.291726433306,
    -24.23417906034));
#1270 = CARTESIAN_POINT('',(0.300383794445,93.008206150658,
    1.338145521946));
#1271 = CARTESIAN_POINT('',(0.809995993769,93.516648931486,
    2.676291043893));
#1272 = CARTESIAN_POINT('',(1.319608193094,94.025091712314,
    4.014436565839));
#1273 = CARTESIAN_POINT('',(1.829220392419,94.533534493142,
    5.352582087785));
#1274 = CARTESIAN_POINT('',(2.338832591743,95.04197727397,6.690727609731
    ));
#1275 = CARTESIAN_POINT('',(2.848444791068,95.550420054798,
    8.028873131678));
#1276 = CARTESIAN_POINT('',(3.358056990393,96.058862835626,
    9.367018653624));
#1277 = CARTESIAN_POINT('',(3.867669189717,96.567305616454,
    10.70516417557));
#1278 = CARTESIAN_POINT('',(4.377281389042,97.075748397282,
    12.043309697516));
#1279 = CARTESIAN_POINT('',(4.886893588367,97.58419117811,
    13.381455219463));
#1280 = PCURVE('',#1133,#1281);
#1281 = DEFINITIONAL_REPRESENTATION('',(#1282),#1303);
#1282 = B_SPLINE_CURVE_WITH_KNOTS('',10,(#1283,#1284,#1285,#1286,#1287,
    #1288,#1289,#1290,#1291,#1292,#1293,#1294,#1295,#1296,#1297,#1298,
    #1299,#1300,#1301,#1302),.UNSPECIFIED.,.F.,.F.,(11,9,11),(
    -0.109635704442,166.10707192842,332.32377956128),.UNSPECIFIED.);
#1283 = CARTESIAN_POINT('',(4.710127049754,243.340540541));
#1284 = CARTESIAN_POINT('',(4.610126836387,219.10636148065));
#1285 = CARTESIAN_POINT('',(4.499040857745,197.56486009835));
#1286 = CARTESIAN_POINT('',(4.375485801659,178.71604070929));
#1287 = CARTESIAN_POINT('',(4.238103736055,162.55991211079));
#1288 = CARTESIAN_POINT('',(4.085654216011,149.09644195402));
#1289 = CARTESIAN_POINT('',(3.917728293356,138.32581450836));
#1290 = CARTESIAN_POINT('',(3.734701845624,130.2476524003));
#1291 = CARTESIAN_POINT('',(3.54067639804,124.86272229398));
#1292 = CARTESIAN_POINT('',(3.34113433759,122.17021330649));
#1293 = CARTESIAN_POINT('',(2.942050969589,122.17021330649));
#1294 = CARTESIAN_POINT('',(2.74250890914,124.86272229399));
#1295 = CARTESIAN_POINT('',(2.548483461556,130.24765240028));
#1296 = CARTESIAN_POINT('',(2.365457013823,138.32581450839));
#1297 = CARTESIAN_POINT('',(2.197531091169,149.096441954));
#1298 = CARTESIAN_POINT('',(2.045081571125,162.55991211081));
#1299 = CARTESIAN_POINT('',(1.907699505521,178.71604070928));
#1300 = CARTESIAN_POINT('',(1.784144449434,197.56486009835));
#1301 = CARTESIAN_POINT('',(1.673058470793,219.10636148065));
#1302 = CARTESIAN_POINT('',(1.573058257425,243.340540541));
#1303 = ( GEOMETRIC_REPRESENTATION_CONTEXT(2) 
PARAMETRIC_REPRESENTATION_CONTEXT() REPRESENTATION_CONTEXT('2D SPACE',''
  ) );
#1304 = ( GEOMETRIC_REPRESENTATION_CONTEXT(3) 
GLOBAL_UNCERTAINTY_ASSIGNED_CONTEXT((#1308)) 
GLOBAL_UNIT_ASSIGNED_CONTEXT((#1305,#1306,#1307)) REPRESENTATION_CONTEXT
('Context #1','3D Context with UNIT and UNCERTAINTY') );
#1305 = ( LENGTH_UNIT() NAMED_UNIT(*) SI_UNIT(.MILLI.,.METRE.) );
#1306 = ( NAMED_UNIT(*) PLANE_ANGLE_UNIT() SI_UNIT($,.RADIAN.) );
#1307 = ( NAMED_UNIT(*) SI_UNIT($,.STERADIAN.) SOLID_ANGLE_UNIT() );
#1308 = UNCERTAINTY_MEASURE_WITH_UNIT(LENGTH_MEASURE(2.E-05),#1305,
  'distance_accuracy_value','confusion accuracy');
#1309 = CONTEXT_DEPENDENT_SHAPE_REPRESENTATION(#1310,#1312);
#1310 = ( REPRESENTATION_RELATIONSHIP('','',#1114,#10) 
REPRESENTATION_RELATIONSHIP_WITH_TRANSFORMATION(#1311) 
SHAPE_REPRESENTATION_RELATIONSHIP() );
#1311 = ITEM_DEFINED_TRANSFORMATION('','',#11,#39);
#1312 = PRODUCT_DEFINITION_SHAPE('Placement','Placement of an item',
  #1313);
#1313 = NEXT_ASSEMBLY_USAGE_OCCURRENCE('7','','',#5,#1109,$);
#1314 = PRODUCT_RELATED_PRODUCT_CATEGORY('part',$,(#1111));
#1315 = SHAPE_DEFINITION_REPRESENTATION(#1316,#1322);
#1316 = PRODUCT_DEFINITION_SHAPE('','',#1317);
#1317 = PRODUCT_DEFINITION('design','',#1318,#1321);
#1318 = PRODUCT_DEFINITION_FORMATION('','',#1319);
#1319 = PRODUCT('Open CASCADE STEP translator 7.8 1.8',
  'Open CASCADE STEP translator 7.8 1.8','',(#1320));
#1320 = PRODUCT_CONTEXT('',#2,'mechanical');
#1321 = PRODUCT_DEFINITION_CONTEXT('part definition',#2,'design');
#1322 = MANIFOLD_SURFACE_SHAPE_REPRESENTATION('',(#11,#1323),#1505);
#1323 = SHELL_BASED_SURFACE_MODEL('',(#1324));
#1324 = OPEN_SHELL('',(#1325));
#1325 = ADVANCED_FACE('',(#1326),#1340,.T.);
#1326 = FACE_BOUND('',#1327,.T.);
#1327 = EDGE_LOOP('',(#1328,#1350,#1366,#1420,#1437,#1491));
#1328 = ORIENTED_EDGE('',*,*,#1329,.F.);
#1329 = EDGE_CURVE('',#1330,#1332,#1334,.T.);
#1330 = VERTEX_POINT('',#1331);
#1331 = CARTESIAN_POINT('',(0.75,0.,0.));
#1332 = VERTEX_POINT('',#1333);
#1333 = CARTESIAN_POINT('',(-0.75,0.,0.));
#1334 = SURFACE_CURVE('',#1335,(#1339),.PCURVE_S1.);
#1335 = LINE('',#1336,#1337);
#1336 = CARTESIAN_POINT('',(-488.,0.,0.));
#1337 = VECTOR('',#1338,1.);
#1338 = DIRECTION('',(-1.,-0.,0.));
#1339 = PCURVE('',#1340,#1345);
#1340 = PLANE('',#1341);
#1341 = AXIS2_PLACEMENT_3D('',#1342,#1343,#1344);
#1342 = CARTESIAN_POINT('',(0.,0.,0.));
#1343 = DIRECTION('',(0.,0.,1.));
#1344 = DIRECTION('',(1.,0.,-0.));
#1345 = DEFINITIONAL_REPRESENTATION('',(#1346),#1349);
#1346 = B_SPLINE_CURVE_WITH_KNOTS('',1,(#1347,#1348),.UNSPECIFIED.,.F.,
  .F.,(2,2),(-488.75,-487.25),.PIECEWISE_BEZIER_KNOTS.);
#1347 = CARTESIAN_POINT('',(0.75,0.));
#1348 = CARTESIAN_POINT('',(-0.75,0.));
#1349 = ( GEOMETRIC_REPRESENTATION_CONTEXT(2) 
PARAMETRIC_REPRESENTATION_CONTEXT() REPRESENTATION_CONTEXT('2D SPACE',''
  ) );
#1350 = ORIENTED_EDGE('',*,*,#1351,.T.);
#1351 = EDGE_CURVE('',#1330,#1352,#1354,.T.);
#1352 = VERTEX_POINT('',#1353);
#1353 = CARTESIAN_POINT('',(0.75,91.95768802348,0.));
#1354 = SURFACE_CURVE('',#1355,(#1359),.PCURVE_S1.);
#1355 = LINE('',#1356,#1357);
#1356 = CARTESIAN_POINT('',(0.75,-244.,0.));
#1357 = VECTOR('',#1358,1.);
#1358 = DIRECTION('',(0.,1.,0.));
#1359 = PCURVE('',#1340,#1360);
#1360 = DEFINITIONAL_REPRESENTATION('',(#1361),#1365);
#1361 = LINE('',#1362,#1363);
#1362 = CARTESIAN_POINT('',(0.75,-244.));
#1363 = VECTOR('',#1364,1.);
#1364 = DIRECTION('',(0.,1.));
#1365 = ( GEOMETRIC_REPRESENTATION_CONTEXT(2) 
PARAMETRIC_REPRESENTATION_CONTEXT() REPRESENTATION_CONTEXT('2D SPACE',''
  ) );
#1366 = ORIENTED_EDGE('',*,*,#1367,.F.);
#1367 = EDGE_CURVE('',#1368,#1352,#1370,.T.);
#1368 = VERTEX_POINT('',#1369);
#1369 = CARTESIAN_POINT('',(0.20922840488,92.49976336983,0.));
#1370 = SURFACE_CURVE('',#1371,(#1394),.PCURVE_S1.);
#1371 = B_SPLINE_CURVE_WITH_KNOTS('',6,(#1372,#1373,#1374,#1375,#1376,
    #1377,#1378,#1379,#1380,#1381,#1382,#1383,#1384,#1385,#1386,#1387,
    #1388,#1389,#1390,#1391,#1392,#1393),.UNSPECIFIED.,.F.,.F.,(7,5,5,5,
    7),(0.,0.249999526284,0.500000003103,0.750000477551,1.),
  .UNSPECIFIED.);
#1372 = CARTESIAN_POINT('',(0.20922840488,92.49976336983,0.));
#1373 = CARTESIAN_POINT('',(0.239073464076,92.499695862262,0.));
#1374 = CARTESIAN_POINT('',(0.27020674739,92.497369649464,0.));
#1375 = CARTESIAN_POINT('',(0.302412268981,92.492499881832,0.));
#1376 = CARTESIAN_POINT('',(0.335372308879,92.484829760887,0.));
#1377 = CARTESIAN_POINT('',(0.368648007156,92.474196261592,0.));
#1378 = CARTESIAN_POINT('',(0.434842531732,92.446968341602,0.));
#1379 = CARTESIAN_POINT('',(0.467761219798,92.430373759034,0.));
#1380 = CARTESIAN_POINT('',(0.500008356683,92.410780860669,0.));
#1381 = CARTESIAN_POINT('',(0.531031389698,92.388313132946,0.));
#1382 = CARTESIAN_POINT('',(0.5603030088,92.363277640108,0.));
#1383 = CARTESIAN_POINT('',(0.614520146229,92.308901969277,0.));
#1384 = CARTESIAN_POINT('',(0.639465489481,92.279561969639,0.));
#1385 = CARTESIAN_POINT('',(0.661834872388,92.248484167964,0.));
#1386 = CARTESIAN_POINT('',(0.681325360363,92.216197273046,0.));
#1387 = CARTESIAN_POINT('',(0.69781751171,92.18325298021,0.));
#1388 = CARTESIAN_POINT('',(0.724846322566,92.117032028537,0.));
#1389 = CARTESIAN_POINT('',(0.735383145923,92.083755503895,0.));
#1390 = CARTESIAN_POINT('',(0.742962408016,92.050805259826,0.));
#1391 = CARTESIAN_POINT('',(0.747748982569,92.018617346768,0.));
#1392 = CARTESIAN_POINT('',(0.75,91.987506927482,0.));
#1393 = CARTESIAN_POINT('',(0.75,91.957688023342,0.));
#1394 = PCURVE('',#1340,#1395);
#1395 = DEFINITIONAL_REPRESENTATION('',(#1396),#1419);
#1396 = B_SPLINE_CURVE_WITH_KNOTS('',6,(#1397,#1398,#1399,#1400,#1401,
    #1402,#1403,#1404,#1405,#1406,#1407,#1408,#1409,#1410,#1411,#1412,
    #1413,#1414,#1415,#1416,#1417,#1418),.UNSPECIFIED.,.F.,.F.,(7,5,5,5,
    7),(0.,0.249999526284,0.500000003103,0.750000477551,1.),
  .UNSPECIFIED.);
#1397 = CARTESIAN_POINT('',(0.20922840488,92.49976336983));
#1398 = CARTESIAN_POINT('',(0.239073464076,92.499695862262));
#1399 = CARTESIAN_POINT('',(0.27020674739,92.497369649464));
#1400 = CARTESIAN_POINT('',(0.302412268981,92.492499881832));
#1401 = CARTESIAN_POINT('',(0.335372308879,92.484829760887));
#1402 = CARTESIAN_POINT('',(0.368648007156,92.474196261592));
#1403 = CARTESIAN_POINT('',(0.434842531732,92.446968341602));
#1404 = CARTESIAN_POINT('',(0.467761219798,92.430373759034));
#1405 = CARTESIAN_POINT('',(0.500008356683,92.410780860669));
#1406 = CARTESIAN_POINT('',(0.531031389698,92.388313132946));
#1407 = CARTESIAN_POINT('',(0.5603030088,92.363277640108));
#1408 = CARTESIAN_POINT('',(0.614520146229,92.308901969277));
#1409 = CARTESIAN_POINT('',(0.639465489481,92.279561969639));
#1410 = CARTESIAN_POINT('',(0.661834872388,92.248484167964));
#1411 = CARTESIAN_POINT('',(0.681325360363,92.216197273046));
#1412 = CARTESIAN_POINT('',(0.69781751171,92.18325298021));
#1413 = CARTESIAN_POINT('',(0.724846322566,92.117032028537));
#1414 = CARTESIAN_POINT('',(0.735383145923,92.083755503895));
#1415 = CARTESIAN_POINT('',(0.742962408016,92.050805259826));
#1416 = CARTESIAN_POINT('',(0.747748982569,92.018617346768));
#1417 = CARTESIAN_POINT('',(0.75,91.987506927482));
#1418 = CARTESIAN_POINT('',(0.75,91.957688023342));
#1419 = ( GEOMETRIC_REPRESENTATION_CONTEXT(2) 
PARAMETRIC_REPRESENTATION_CONTEXT() REPRESENTATION_CONTEXT('2D SPACE',''
  ) );
#1420 = ORIENTED_EDGE('',*,*,#1421,.T.);
#1421 = EDGE_CURVE('',#1368,#1422,#1424,.T.);
#1422 = VERTEX_POINT('',#1423);
#1423 = CARTESIAN_POINT('',(-0.20922840488,92.49976336983,0.));
#1424 = SURFACE_CURVE('',#1425,(#1430),.PCURVE_S1.);
#1425 = CIRCLE('',#1426,92.5);
#1426 = AXIS2_PLACEMENT_3D('',#1427,#1428,#1429);
#1427 = CARTESIAN_POINT('',(0.,0.,0.));
#1428 = DIRECTION('',(0.,0.,1.));
#1429 = DIRECTION('',(1.,0.,-0.));
#1430 = PCURVE('',#1340,#1431);
#1431 = DEFINITIONAL_REPRESENTATION('',(#1432),#1436);
#1432 = CIRCLE('',#1433,92.5);
#1433 = AXIS2_PLACEMENT_2D('',#1434,#1435);
#1434 = CARTESIAN_POINT('',(0.,0.));
#1435 = DIRECTION('',(1.,0.));
#1436 = ( GEOMETRIC_REPRESENTATION_CONTEXT(2) 
PARAMETRIC_REPRESENTATION_CONTEXT() REPRESENTATION_CONTEXT('2D SPACE',''
  ) );
#1437 = ORIENTED_EDGE('',*,*,#1438,.T.);
#1438 = EDGE_CURVE('',#1422,#1439,#1441,.T.);
#1439 = VERTEX_POINT('',#1440);
#1440 = CARTESIAN_POINT('',(-0.75,91.95768802348,0.));
#1441 = SURFACE_CURVE('',#1442,(#1465),.PCURVE_S1.);
#1442 = B_SPLINE_CURVE_WITH_KNOTS('',6,(#1443,#1444,#1445,#1446,#1447,
    #1448,#1449,#1450,#1451,#1452,#1453,#1454,#1455,#1456,#1457,#1458,
    #1459,#1460,#1461,#1462,#1463,#1464),.UNSPECIFIED.,.F.,.F.,(7,5,5,5,
    7),(0.,0.249999881209,0.500000000779,0.750000119753,1.),
  .UNSPECIFIED.);
#1443 = CARTESIAN_POINT('',(-0.20922840488,92.49976336983,0.));
#1444 = CARTESIAN_POINT('',(-0.239073412254,92.499695862379,0.));
#1445 = CARTESIAN_POINT('',(-0.270206658919,92.497369657489,0.));
#1446 = CARTESIAN_POINT('',(-0.302412165099,92.492499901523,0.));
#1447 = CARTESIAN_POINT('',(-0.335372215813,92.484829788715,0.));
#1448 = CARTESIAN_POINT('',(-0.368647950446,92.474196284906,0.));
#1449 = CARTESIAN_POINT('',(-0.434842493832,92.446968357203,0.));
#1450 = CARTESIAN_POINT('',(-0.467761164922,92.430373788577,0.));
#1451 = CARTESIAN_POINT('',(-0.500008304772,92.410780896738,0.));
#1452 = CARTESIAN_POINT('',(-0.531031353781,92.388313163655,0.));
#1453 = CARTESIAN_POINT('',(-0.560302991994,92.363277656934,0.));
#1454 = CARTESIAN_POINT('',(-0.614520162799,92.308901952687,0.));
#1455 = CARTESIAN_POINT('',(-0.63946551999,92.27956193378,0.));
#1456 = CARTESIAN_POINT('',(-0.661834908224,92.248484116064,0.));
#1457 = CARTESIAN_POINT('',(-0.681325389646,92.216197218255,0.));
#1458 = CARTESIAN_POINT('',(-0.697817527082,92.183252942516,0.));
#1459 = CARTESIAN_POINT('',(-0.724846345617,92.117031972091,0.));
#1460 = CARTESIAN_POINT('',(-0.735383173416,92.083755411098,0.));
#1461 = CARTESIAN_POINT('',(-0.742962427388,92.050805156228,0.));
#1462 = CARTESIAN_POINT('',(-0.747748990362,92.018617258545,0.));
#1463 = CARTESIAN_POINT('',(-0.75,91.987506875807,0.));
#1464 = CARTESIAN_POINT('',(-0.75,91.957688023342,0.));
#1465 = PCURVE('',#1340,#1466);
#1466 = DEFINITIONAL_REPRESENTATION('',(#1467),#1490);
#1467 = B_SPLINE_CURVE_WITH_KNOTS('',6,(#1468,#1469,#1470,#1471,#1472,
    #1473,#1474,#1475,#1476,#1477,#1478,#1479,#1480,#1481,#1482,#1483,
    #1484,#1485,#1486,#1487,#1488,#1489),.UNSPECIFIED.,.F.,.F.,(7,5,5,5,
    7),(0.,0.249999881209,0.500000000779,0.750000119753,1.),
  .UNSPECIFIED.);
#1468 = CARTESIAN_POINT('',(-0.20922840488,92.49976336983));
#1469 = CARTESIAN_POINT('',(-0.239073412254,92.499695862379));
#1470 = CARTESIAN_POINT('',(-0.270206658919,92.497369657489));
#1471 = CARTESIAN_POINT('',(-0.302412165099,92.492499901523));
#1472 = CARTESIAN_POINT('',(-0.335372215813,92.484829788715));
#1473 = CARTESIAN_POINT('',(-0.368647950446,92.474196284906));
#1474 = CARTESIAN_POINT('',(-0.434842493832,92.446968357203));
#1475 = CARTESIAN_POINT('',(-0.467761164922,92.430373788577));
#1476 = CARTESIAN_POINT('',(-0.500008304772,92.410780896738));
#1477 = CARTESIAN_POINT('',(-0.531031353781,92.388313163655));
#1478 = CARTESIAN_POINT('',(-0.560302991994,92.363277656934));
#1479 = CARTESIAN_POINT('',(-0.614520162799,92.308901952687));
#1480 = CARTESIAN_POINT('',(-0.63946551999,92.27956193378));
#1481 = CARTESIAN_POINT('',(-0.661834908224,92.248484116064));
#1482 = CARTESIAN_POINT('',(-0.681325389646,92.216197218255));
#1483 = CARTESIAN_POINT('',(-0.697817527082,92.183252942516));
#1484 = CARTESIAN_POINT('',(-0.724846345617,92.117031972091));
#1485 = CARTESIAN_POINT('',(-0.735383173416,92.083755411098));
#1486 = CARTESIAN_POINT('',(-0.742962427388,92.050805156228));
#1487 = CARTESIAN_POINT('',(-0.747748990362,92.018617258545));
#1488 = CARTESIAN_POINT('',(-0.75,91.987506875807));
#1489 = CARTESIAN_POINT('',(-0.75,91.957688023342));
#1490 = ( GEOMETRIC_REPRESENTATION_CONTEXT(2) 
PARAMETRIC_REPRESENTATION_CONTEXT() REPRESENTATION_CONTEXT('2D SPACE',''
  ) );
#1491 = ORIENTED_EDGE('',*,*,#1492,.F.);
#1492 = EDGE_CURVE('',#1332,#1439,#1493,.T.);
#1493 = SURFACE_CURVE('',#1494,(#1498),.PCURVE_S1.);
#1494 = LINE('',#1495,#1496);
#1495 = CARTESIAN_POINT('',(-0.75,-244.,0.));
#1496 = VECTOR('',#1497,1.);
#1497 = DIRECTION('',(0.,1.,0.));
#1498 = PCURVE('',#1340,#1499);
#1499 = DEFINITIONAL_REPRESENTATION('',(#1500),#1504);
#1500 = LINE('',#1501,#1502);
#1501 = CARTESIAN_POINT('',(-0.75,-244.));
#1502 = VECTOR('',#1503,1.);
#1503 = DIRECTION('',(0.,1.));
#1504 = ( GEOMETRIC_REPRESENTATION_CONTEXT(2) 
PARAMETRIC_REPRESENTATION_CONTEXT() REPRESENTATION_CONTEXT('2D SPACE',''
  ) );
#1505 = ( GEOMETRIC_REPRESENTATION_CONTEXT(3) 
GLOBAL_UNCERTAINTY_ASSIGNED_CONTEXT((#1509)) 
GLOBAL_UNIT_ASSIGNED_CONTEXT((#1506,#1507,#1508)) REPRESENTATION_CONTEXT
('Context #1','3D Context with UNIT and UNCERTAINTY') );
#1506 = ( LENGTH_UNIT() NAMED_UNIT(*) SI_UNIT(.MILLI.,.METRE.) );
#1507 = ( NAMED_UNIT(*) PLANE_ANGLE_UNIT() SI_UNIT($,.RADIAN.) );
#1508 = ( NAMED_UNIT(*) SI_UNIT($,.STERADIAN.) SOLID_ANGLE_UNIT() );
#1509 = UNCERTAINTY_MEASURE_WITH_UNIT(LENGTH_MEASURE(1.E-05),#1506,
  'distance_accuracy_value','confusion accuracy');
#1510 = CONTEXT_DEPENDENT_SHAPE_REPRESENTATION(#1511,#1513);
#1511 = ( REPRESENTATION_RELATIONSHIP('','',#1322,#10) 
REPRESENTATION_RELATIONSHIP_WITH_TRANSFORMATION(#1512) 
SHAPE_REPRESENTATION_RELATIONSHIP() );
#1512 = ITEM_DEFINED_TRANSFORMATION('','',#11,#43);
#1513 = PRODUCT_DEFINITION_SHAPE('Placement','Placement of an item',
  #1514);
#1514 = NEXT_ASSEMBLY_USAGE_OCCURRENCE('8','','',#5,#1317,$);
#1515 = PRODUCT_RELATED_PRODUCT_CATEGORY('part',$,(#1319));
#1516 = SHAPE_DEFINITION_REPRESENTATION(#1517,#1523);
#1517 = PRODUCT_DEFINITION_SHAPE('','',#1518);
#1518 = PRODUCT_DEFINITION('design','',#1519,#1522);
#1519 = PRODUCT_DEFINITION_FORMATION('','',#1520);
#1520 = PRODUCT('Open CASCADE STEP translator 7.8 1.9',
  'Open CASCADE STEP translator 7.8 1.9','',(#1521));
#1521 = PRODUCT_CONTEXT('',#2,'mechanical');
#1522 = PRODUCT_DEFINITION_CONTEXT('part definition',#2,'design');
#1523 = MANIFOLD_SURFACE_SHAPE_REPRESENTATION('',(#11,#1524),#1826);
#1524 = SHELL_BASED_SURFACE_MODEL('',(#1525));
#1525 = OPEN_SHELL('',(#1526));
#1526 = ADVANCED_FACE('',(#1527),#1576,.T.);
#1527 = FACE_BOUND('',#1528,.T.);
#1528 = EDGE_LOOP('',(#1529,#1697,#1723,#1774));
#1529 = ORIENTED_EDGE('',*,*,#1530,.F.);
#1530 = EDGE_CURVE('',#1531,#1533,#1535,.T.);
#1531 = VERTEX_POINT('',#1532);
#1532 = CARTESIAN_POINT('',(-46.56452758536,9.266393751224E-16,
    -121.1703272345));
#1533 = VERTEX_POINT('',#1534);
#1534 = CARTESIAN_POINT('',(-0.20922840488,92.49976336983,0.));
#1535 = SURFACE_CURVE('',#1536,(#1575),.PCURVE_S1.);
#1536 = B_SPLINE_CURVE_WITH_KNOTS('',10,(#1537,#1538,#1539,#1540,#1541,
    #1542,#1543,#1544,#1545,#1546,#1547,#1548,#1549,#1550,#1551,#1552,
    #1553,#1554,#1555,#1556,#1557,#1558,#1559,#1560,#1561,#1562,#1563,
    #1564,#1565,#1566,#1567,#1568,#1569,#1570,#1571,#1572,#1573,#1574),
  .UNSPECIFIED.,.F.,.F.,(11,9,9,9,11),(-9.287670678833,-0.109635704442,
    166.10707192842,332.32377956128,341.50181453567),.UNSPECIFIED.);
#1537 = CARTESIAN_POINT('',(4.886893588366,-97.58419117811,
    13.381455219463));
#1538 = CARTESIAN_POINT('',(4.377281389042,-97.07574839728,
    12.043309697516));
#1539 = CARTESIAN_POINT('',(3.867669189717,-96.56730561645,
    10.70516417557));
#1540 = CARTESIAN_POINT('',(3.358056990393,-96.05886283562,
    9.367018653624));
#1541 = CARTESIAN_POINT('',(2.848444791068,-95.55042005479,
    8.028873131678));
#1542 = CARTESIAN_POINT('',(2.338832591743,-95.04197727397,
    6.690727609731));
#1543 = CARTESIAN_POINT('',(1.829220392419,-94.53353449314,
    5.352582087785));
#1544 = CARTESIAN_POINT('',(1.319608193094,-94.02509171231,
    4.014436565839));
#1545 = CARTESIAN_POINT('',(0.809995993769,-93.51664893148,
    2.676291043893));
#1546 = CARTESIAN_POINT('',(0.300383794445,-93.00820615065,
    1.338145521946));
#1547 = CARTESIAN_POINT('',(-9.438443828184,-83.2917264333,
    -24.23417906035));
#1548 = CARTESIAN_POINT('',(-17.65152819903,-74.07900384552,
    -45.77568044263));
#1549 = CARTESIAN_POINT('',(-24.84843417349,-64.85977113982,
    -64.62449983172));
#1550 = CARTESIAN_POINT('',(-31.02880410122,-55.63209596747,
    -80.78062843019));
#1551 = CARTESIAN_POINT('',(-36.19082255002,-46.39235796989,
    -94.24409858698));
#1552 = CARTESIAN_POINT('',(-40.33210294408,-37.13936885517,
    -105.0147260326));
#1553 = CARTESIAN_POINT('',(-43.44658019403,-27.86799250036,
    -113.0928881406));
#1554 = CARTESIAN_POINT('',(-45.52517979034,-18.58312160957,
    -118.477818247));
#1555 = CARTESIAN_POINT('',(-46.56452758536,-9.291564249065,
    -121.1703272345));
#1556 = CARTESIAN_POINT('',(-46.56452758536,9.291564249064,
    -121.1703272345));
#1557 = CARTESIAN_POINT('',(-45.52517979035,18.583121609582,
    -118.477818247));
#1558 = CARTESIAN_POINT('',(-43.44658019402,27.867992500349,
    -113.0928881406));
#1559 = CARTESIAN_POINT('',(-40.3321029441,37.139368855203,
    -105.0147260326));
#1560 = CARTESIAN_POINT('',(-36.19082255,46.392357969869,-94.24409858693
    ));
#1561 = CARTESIAN_POINT('',(-31.02880410124,55.632095967499,
    -80.78062843023));
#1562 = CARTESIAN_POINT('',(-24.84843417348,64.859771139811,
    -64.62449983169));
#1563 = CARTESIAN_POINT('',(-17.65152819903,74.079003845533,
    -45.77568044264));
#1564 = CARTESIAN_POINT('',(-9.438443828183,83.291726433306,
    -24.23417906034));
#1565 = CARTESIAN_POINT('',(0.300383794445,93.008206150658,
    1.338145521946));
#1566 = CARTESIAN_POINT('',(0.809995993769,93.516648931486,
    2.676291043893));
#1567 = CARTESIAN_POINT('',(1.319608193094,94.025091712314,
    4.014436565839));
#1568 = CARTESIAN_POINT('',(1.829220392419,94.533534493142,
    5.352582087785));
#1569 = CARTESIAN_POINT('',(2.338832591743,95.04197727397,6.690727609731
    ));
#1570 = CARTESIAN_POINT('',(2.848444791068,95.550420054798,
    8.028873131678));
#1571 = CARTESIAN_POINT('',(3.358056990393,96.058862835626,
    9.367018653624));
#1572 = CARTESIAN_POINT('',(3.867669189717,96.567305616454,
    10.70516417557));
#1573 = CARTESIAN_POINT('',(4.377281389042,97.075748397282,
    12.043309697516));
#1574 = CARTESIAN_POINT('',(4.886893588367,97.58419117811,
    13.381455219463));
#1575 = PCURVE('',#1576,#1691);
#1576 = ( BOUNDED_SURFACE() B_SPLINE_SURFACE(2,10,(
    (#1577,#1578,#1579,#1580,#1581,#1582,#1583,#1584,#1585,#1586,#1587
      ,#1588,#1589,#1590,#1591,#1592,#1593,#1594,#1595,#1596,#1597,#1598
      ,#1599,#1600,#1601,#1602,#1603,#1604,#1605,#1606,#1607,#1608,#1609
      ,#1610,#1611,#1612,#1613,#1614)
    ,(#1615,#1616,#1617,#1618,#1619,#1620,#1621,#1622,#1623,#1624,#1625
      ,#1626,#1627,#1628,#1629,#1630,#1631,#1632,#1633,#1634,#1635,#1636
      ,#1637,#1638,#1639,#1640,#1641,#1642,#1643,#1644,#1645,#1646,#1647
      ,#1648,#1649,#1650,#1651,#1652)
    ,(#1653,#1654,#1655,#1656,#1657,#1658,#1659,#1660,#1661,#1662,#1663
      ,#1664,#1665,#1666,#1667,#1668,#1669,#1670,#1671,#1672,#1673,#1674
      ,#1675,#1676,#1677,#1678,#1679,#1680,#1681,#1682,#1683,#1684,#1685
      ,#1686,#1687,#1688,#1689,#1690
)),.UNSPECIFIED.,.F.,.F.,.F.) B_SPLINE_SURFACE_WITH_KNOTS((3,3),(11,9,9,
    9,11),(0.,332.43341526572),(-9.287670678833,-0.109635704442,
    166.10707192842,332.32377956128,341.50181453567),.UNSPECIFIED.) 
GEOMETRIC_REPRESENTATION_ITEM() RATIONAL_B_SPLINE_SURFACE((
    (1.,1.,1.,1.,1.,1.,1.,1.,1.,1.,1.,1.,1.,1.,1.,1.,1.,1.,1.,1.,1.,1.
      ,1.,1.,1.,1.,1.,1.,1.,1.,1.,1.,1.,1.,1.,1.,1.,1.)
    ,(0.661936855264,0.660113460542,0.658695264648,0.65768226758
      ,0.65707446934,0.656871869926,0.65707446934,0.65768226758
      ,0.658695264648,0.660113460542,0.694959029205,0.729804773298
      ,0.76611479463,0.80327405122,0.839987716021,0.874626681538
      ,0.90404972302,0.924719481265,0.935063239715,0.935063239715
      ,0.924719481265,0.904049723019,0.874626681539,0.83998771602
      ,0.803274051221,0.766114794629,0.729804773298,0.694959029205
      ,0.660113460542,0.658695264648,0.65768226758,0.65707446934
      ,0.656871869926,0.65707446934,0.65768226758,0.658695264648
      ,0.660113460542,0.661936855264)
    ,(1.,1.,1.,1.,1.,1.,1.,1.,1.,1.,1.,1.,1.,1.,1.,1.,1.,1.,1.,1.,1.,1.
      ,1.,1.,1.,1.,1.,1.,1.,1.,1.,1.,1.,1.,1.,1.,1.,1.
))) REPRESENTATION_ITEM('') SURFACE() );
#1577 = CARTESIAN_POINT('',(4.886893588366,-97.58419117811,
    13.381455219463));
#1578 = CARTESIAN_POINT('',(4.377281389042,-97.07574839728,
    12.043309697516));
#1579 = CARTESIAN_POINT('',(3.867669189717,-96.56730561645,
    10.70516417557));
#1580 = CARTESIAN_POINT('',(3.358056990393,-96.05886283562,
    9.367018653624));
#1581 = CARTESIAN_POINT('',(2.848444791068,-95.55042005479,
    8.028873131678));
#1582 = CARTESIAN_POINT('',(2.338832591743,-95.04197727397,
    6.690727609731));
#1583 = CARTESIAN_POINT('',(1.829220392419,-94.53353449314,
    5.352582087785));
#1584 = CARTESIAN_POINT('',(1.319608193094,-94.02509171231,
    4.014436565839));
#1585 = CARTESIAN_POINT('',(0.809995993769,-93.51664893148,
    2.676291043893));
#1586 = CARTESIAN_POINT('',(0.300383794445,-93.00820615065,
    1.338145521946));
#1587 = CARTESIAN_POINT('',(-9.438443828184,-83.2917264333,
    -24.23417906035));
#1588 = CARTESIAN_POINT('',(-17.65152819903,-74.07900384552,
    -45.77568044263));
#1589 = CARTESIAN_POINT('',(-24.84843417349,-64.85977113982,
    -64.62449983172));
#1590 = CARTESIAN_POINT('',(-31.02880410122,-55.63209596747,
    -80.78062843019));
#1591 = CARTESIAN_POINT('',(-36.19082255002,-46.39235796989,
    -94.24409858698));
#1592 = CARTESIAN_POINT('',(-40.33210294408,-37.13936885517,
    -105.0147260326));
#1593 = CARTESIAN_POINT('',(-43.44658019403,-27.86799250036,
    -113.0928881406));
#1594 = CARTESIAN_POINT('',(-45.52517979034,-18.58312160957,
    -118.477818247));
#1595 = CARTESIAN_POINT('',(-46.56452758536,-9.291564249065,
    -121.1703272345));
#1596 = CARTESIAN_POINT('',(-46.56452758536,9.291564249064,
    -121.1703272345));
#1597 = CARTESIAN_POINT('',(-45.52517979035,18.583121609582,
    -118.477818247));
#1598 = CARTESIAN_POINT('',(-43.44658019402,27.867992500349,
    -113.0928881406));
#1599 = CARTESIAN_POINT('',(-40.3321029441,37.139368855203,
    -105.0147260326));
#1600 = CARTESIAN_POINT('',(-36.19082255,46.392357969869,-94.24409858693
    ));
#1601 = CARTESIAN_POINT('',(-31.02880410124,55.632095967499,
    -80.78062843023));
#1602 = CARTESIAN_POINT('',(-24.84843417348,64.859771139811,
    -64.62449983169));
#1603 = CARTESIAN_POINT('',(-17.65152819903,74.079003845533,
    -45.77568044264));
#1604 = CARTESIAN_POINT('',(-9.438443828183,83.291726433306,
    -24.23417906034));
#1605 = CARTESIAN_POINT('',(0.300383794445,93.008206150658,
    1.338145521946));
#1606 = CARTESIAN_POINT('',(0.809995993769,93.516648931486,
    2.676291043893));
#1607 = CARTESIAN_POINT('',(1.319608193094,94.025091712314,
    4.014436565839));
#1608 = CARTESIAN_POINT('',(1.829220392419,94.533534493142,
    5.352582087785));
#1609 = CARTESIAN_POINT('',(2.338832591743,95.04197727397,6.690727609731
    ));
#1610 = CARTESIAN_POINT('',(2.848444791068,95.550420054798,
    8.028873131678));
#1611 = CARTESIAN_POINT('',(3.358056990393,96.058862835626,
    9.367018653624));
#1612 = CARTESIAN_POINT('',(3.867669189717,96.567305616454,
    10.70516417557));
#1613 = CARTESIAN_POINT('',(4.377281389042,97.075748397282,
    12.043309697516));
#1614 = CARTESIAN_POINT('',(4.886893588367,97.58419117811,
    13.381455219463));
#1615 = CARTESIAN_POINT('',(4.382957356468,-97.6696345929,
    13.539909134898));
#1616 = CARTESIAN_POINT('',(3.888351333484,-97.17132328585,
    12.235218652648));
#1617 = CARTESIAN_POINT('',(3.388487206252,-96.66771448406,
    10.916658144058));
#1618 = CARTESIAN_POINT('',(2.884254860417,-96.15970473967,
    9.586574983154));
#1619 = CARTESIAN_POINT('',(2.376566929349,-95.64821352293,8.24737654877
    ));
#1620 = CARTESIAN_POINT('',(1.866353339865,-95.13417772709,
    6.901515837048));
#1621 = CARTESIAN_POINT('',(1.354555657619,-94.61854597145,
    5.551476545502));
#1622 = CARTESIAN_POINT('',(0.842121304035,-94.10227277491,
    4.199757818212));
#1623 = CARTESIAN_POINT('',(0.329997719203,-93.58631267521,
    2.848858848493));
#1624 = CARTESIAN_POINT('',(-0.1808734539,-93.07161436954,1.50126353782)
  );
#1625 = CARTESIAN_POINT('',(-9.44013301686,-83.74299012979,
    -22.92316168771));
#1626 = CARTESIAN_POINT('',(-17.35318122148,-74.8379499604,
    -43.7964996545));
#1627 = CARTESIAN_POINT('',(-24.41299081339,-65.82539968108,
    -62.41913252397));
#1628 = CARTESIAN_POINT('',(-30.60163350604,-56.68324957997,
    -78.74376838352));
#1629 = CARTESIAN_POINT('',(-35.87231799036,-47.3893051274,
    -92.64697934754));
#1630 = CARTESIAN_POINT('',(-40.19138483348,-37.94186756309,
    -104.0399772904));
#1631 = CARTESIAN_POINT('',(-43.45831856602,-28.32270505134,
    -112.6576187038));
#1632 = CARTESIAN_POINT('',(-45.59271341385,-18.71869638565,
    -118.2878061943));
#1633 = CARTESIAN_POINT('',(-46.62500000004,-9.255801020727,
    -121.0108108109));
#1634 = CARTESIAN_POINT('',(-46.62500000004,9.255801020728,
    -121.0108108109));
#1635 = CARTESIAN_POINT('',(-45.59271341385,18.718696385651,
    -118.2878061943));
#1636 = CARTESIAN_POINT('',(-43.45831856602,28.322705051349,
    -112.6576187038));
#1637 = CARTESIAN_POINT('',(-40.19138483347,37.941867563079,
    -104.0399772904));
#1638 = CARTESIAN_POINT('',(-35.87231799036,47.389305127434,
    -92.64697934755));
#1639 = CARTESIAN_POINT('',(-30.60163350605,56.68324957993,
    -78.74376838352));
#1640 = CARTESIAN_POINT('',(-24.41299081338,65.825399681118,
    -62.41913252396));
#1641 = CARTESIAN_POINT('',(-17.35318122148,74.837949960379,
    -43.79649965451));
#1642 = CARTESIAN_POINT('',(-9.440133016858,83.742990129799,
    -22.92316168771));
#1643 = CARTESIAN_POINT('',(-0.1808734539,93.071614369549,1.50126353782)
  );
#1644 = CARTESIAN_POINT('',(0.329997719203,93.586312675218,
    2.848858848493));
#1645 = CARTESIAN_POINT('',(0.842121304035,94.102272774914,
    4.199757818212));
#1646 = CARTESIAN_POINT('',(1.354555657619,94.618545971449,
    5.551476545502));
#1647 = CARTESIAN_POINT('',(1.866353339865,95.134177727097,
    6.901515837048));
#1648 = CARTESIAN_POINT('',(2.376566929349,95.648213522935,
    8.247376548769));
#1649 = CARTESIAN_POINT('',(2.884254860417,96.159704739677,
    9.586574983154));
#1650 = CARTESIAN_POINT('',(3.388487206252,96.667714484067,
    10.916658144059));
#1651 = CARTESIAN_POINT('',(3.888351333484,97.171323285848,
    12.235218652649));
#1652 = CARTESIAN_POINT('',(4.382957356468,97.669634592898,
    13.539909134899));
#1653 = CARTESIAN_POINT('',(4.446682028385,-97.16620419893,
    13.708004485685));
#1654 = CARTESIAN_POINT('',(3.938871216628,-96.6572448135,
    12.368481911969));
#1655 = CARTESIAN_POINT('',(3.431118524731,-96.14834367938,
    11.029112649022));
#1656 = CARTESIAN_POINT('',(2.923423952696,-95.63950079659,
    9.689896696842));
#1657 = CARTESIAN_POINT('',(2.415787500522,-95.1307161651,8.35083405543)
  );
#1658 = CARTESIAN_POINT('',(1.908209168208,-94.62198978494,
    7.011924724786));
#1659 = CARTESIAN_POINT('',(1.400688955755,-94.11332165609,
    5.673168704911));
#1660 = CARTESIAN_POINT('',(0.893226863163,-93.60471177856,
    4.334565995803));
#1661 = CARTESIAN_POINT('',(0.385822890432,-93.09616015235,
    2.996116597464));
#1662 = CARTESIAN_POINT('',(-0.121522962439,-92.58766677745,
    1.657820509892));
#1663 = CARTESIAN_POINT('',(-9.815929402083,-82.87133339222,
    -23.91445161198));
#1664 = CARTESIAN_POINT('',(-17.98225834324,-73.66343488224,
    -45.45590308921));
#1665 = CARTESIAN_POINT('',(-25.12779802615,-64.45555151825,
    -64.30467803657));
#1666 = CARTESIAN_POINT('',(-31.25254958703,-55.24762128267,
    -80.46077945119));
#1667 = CARTESIAN_POINT('',(-36.35650815337,-46.03980406538,
    -93.92419448026));
#1668 = CARTESIAN_POINT('',(-40.43969700208,-36.83181259363,
    -104.6949845244));
#1669 = CARTESIAN_POINT('',(-43.50206615723,-27.62400867263,
    -112.7730177553));
#1670 = CARTESIAN_POINT('',(-45.54371079774,-18.41606833251,
    -118.1585452394));
#1671 = CARTESIAN_POINT('',(-46.56452758536,-9.20803306022,
    -120.8512943873));
#1672 = CARTESIAN_POINT('',(-46.56452758536,9.20803306022,
    -120.8512943873));
#1673 = CARTESIAN_POINT('',(-45.54371079774,18.416068332523,
    -118.1585452394));
#1674 = CARTESIAN_POINT('',(-43.50206615722,27.624008672625,
    -112.7730177552));
#1675 = CARTESIAN_POINT('',(-40.4396970021,36.831812593653,
    -104.6949845244));
#1676 = CARTESIAN_POINT('',(-36.35650815335,46.039804065365,
    -93.92419448019));
#1677 = CARTESIAN_POINT('',(-31.25254958705,55.247621282691,
    -80.46077945125));
#1678 = CARTESIAN_POINT('',(-25.12779802614,64.455551518243,
    -64.30467803653));
#1679 = CARTESIAN_POINT('',(-17.98225834325,73.663434882243,
    -45.45590308922));
#1680 = CARTESIAN_POINT('',(-9.815929402082,82.871333392225,
    -23.91445161197));
#1681 = CARTESIAN_POINT('',(-0.121522962438,92.587666777459,
    1.657820509892));
#1682 = CARTESIAN_POINT('',(0.385822890432,93.096160152354,
    2.996116597463));
#1683 = CARTESIAN_POINT('',(0.893226863163,93.604711778567,
    4.334565995803));
#1684 = CARTESIAN_POINT('',(1.400688955755,94.113321656097,
    5.673168704911));
#1685 = CARTESIAN_POINT('',(1.908209168208,94.621989784944,
    7.011924724786));
#1686 = CARTESIAN_POINT('',(2.415787500522,95.130716165108,8.35083405543
    ));
#1687 = CARTESIAN_POINT('',(2.923423952696,95.63950079659,9.689896696842
    ));
#1688 = CARTESIAN_POINT('',(3.431118524732,96.148343679388,
    11.029112649021));
#1689 = CARTESIAN_POINT('',(3.938871216628,96.657244813504,
    12.368481911969));
#1690 = CARTESIAN_POINT('',(4.446682028385,97.166204198937,
    13.708004485685));
#1691 = DEFINITIONAL_REPRESENTATION('',(#1692),#1696);
#1692 = LINE('',#1693,#1694);
#1693 = CARTESIAN_POINT('',(0.,0.));
#1694 = VECTOR('',#1695,1.);
#1695 = DIRECTION('',(0.,1.));
#1696 = ( GEOMETRIC_REPRESENTATION_CONTEXT(2) 
PARAMETRIC_REPRESENTATION_CONTEXT() REPRESENTATION_CONTEXT('2D SPACE',''
  ) );
#1697 = ORIENTED_EDGE('',*,*,#1698,.F.);
#1698 = EDGE_CURVE('',#1699,#1531,#1701,.T.);
#1699 = VERTEX_POINT('',#1700);
#1700 = CARTESIAN_POINT('',(-46.56452758536,1.234463042049E-14,
    -120.8512943873));
#1701 = SURFACE_CURVE('',#1702,(#1711),.PCURVE_S1.);
#1702 = B_SPLINE_CURVE_WITH_KNOTS('',7,(#1703,#1704,#1705,#1706,#1707,
    #1708,#1709,#1710),.UNSPECIFIED.,.F.,.F.,(8,8),(0.,1.),
  .PIECEWISE_BEZIER_KNOTS.);
#1703 = CARTESIAN_POINT('',(-46.56452758536,0.,-120.8512943873));
#1704 = CARTESIAN_POINT('',(-46.58068345196,0.,-120.8939109435));
#1705 = CARTESIAN_POINT('',(-46.59215295673,0.,-120.9393590084));
#1706 = CARTESIAN_POINT('',(-46.59815483678,0.,-120.9867516323));
#1707 = CARTESIAN_POINT('',(-46.59815483678,0.,-121.0348699894));
#1708 = CARTESIAN_POINT('',(-46.59215295673,0.,-121.0822626133));
#1709 = CARTESIAN_POINT('',(-46.58068345196,0.,-121.1277106782));
#1710 = CARTESIAN_POINT('',(-46.56452758536,0.,-121.1703272345));
#1711 = PCURVE('',#1576,#1712);
#1712 = DEFINITIONAL_REPRESENTATION('',(#1713),#1722);
#1713 = B_SPLINE_CURVE_WITH_KNOTS('',7,(#1714,#1715,#1716,#1717,#1718,
    #1719,#1720,#1721),.UNSPECIFIED.,.F.,.F.,(8,8),(0.,1.),
  .PIECEWISE_BEZIER_KNOTS.);
#1714 = CARTESIAN_POINT('',(332.43341526572,166.10707192842));
#1715 = CARTESIAN_POINT('',(284.94292643329,166.10707192842));
#1716 = CARTESIAN_POINT('',(237.45243839797,166.10707192842));
#1717 = CARTESIAN_POINT('',(189.96195110986,166.10707192842));
#1718 = CARTESIAN_POINT('',(142.47146415584,166.10707192842));
#1719 = CARTESIAN_POINT('',(94.980976867792,166.10707192842));
#1720 = CARTESIAN_POINT('',(47.490488832414,166.10707192842));
#1721 = CARTESIAN_POINT('',(0.,166.10707192842));
#1722 = ( GEOMETRIC_REPRESENTATION_CONTEXT(2) 
PARAMETRIC_REPRESENTATION_CONTEXT() REPRESENTATION_CONTEXT('2D SPACE',''
  ) );
#1723 = ORIENTED_EDGE('',*,*,#1724,.T.);
#1724 = EDGE_CURVE('',#1699,#1725,#1727,.T.);
#1725 = VERTEX_POINT('',#1726);
#1726 = CARTESIAN_POINT('',(-0.75,91.95768802348,0.));
#1727 = SURFACE_CURVE('',#1728,(#1767),.PCURVE_S1.);
#1728 = B_SPLINE_CURVE_WITH_KNOTS('',10,(#1729,#1730,#1731,#1732,#1733,
    #1734,#1735,#1736,#1737,#1738,#1739,#1740,#1741,#1742,#1743,#1744,
    #1745,#1746,#1747,#1748,#1749,#1750,#1751,#1752,#1753,#1754,#1755,
    #1756,#1757,#1758,#1759,#1760,#1761,#1762,#1763,#1764,#1765,#1766),
  .UNSPECIFIED.,.F.,.F.,(11,9,9,9,11),(-9.287670678833,-0.109635704442,
    166.10707192842,332.32377956128,341.50181453567),.UNSPECIFIED.);
#1729 = CARTESIAN_POINT('',(4.446682028385,-97.16620419893,
    13.708004485685));
#1730 = CARTESIAN_POINT('',(3.938871216628,-96.6572448135,
    12.368481911969));
#1731 = CARTESIAN_POINT('',(3.431118524731,-96.14834367938,
    11.029112649022));
#1732 = CARTESIAN_POINT('',(2.923423952696,-95.63950079659,
    9.689896696842));
#1733 = CARTESIAN_POINT('',(2.415787500522,-95.1307161651,8.35083405543)
  );
#1734 = CARTESIAN_POINT('',(1.908209168208,-94.62198978494,
    7.011924724786));
#1735 = CARTESIAN_POINT('',(1.400688955755,-94.11332165609,
    5.673168704911));
#1736 = CARTESIAN_POINT('',(0.893226863163,-93.60471177856,
    4.334565995803));
#1737 = CARTESIAN_POINT('',(0.385822890432,-93.09616015235,
    2.996116597464));
#1738 = CARTESIAN_POINT('',(-0.121522962439,-92.58766677745,
    1.657820509892));
#1739 = CARTESIAN_POINT('',(-9.815929402083,-82.87133339222,
    -23.91445161198));
#1740 = CARTESIAN_POINT('',(-17.98225834324,-73.66343488224,
    -45.45590308921));
#1741 = CARTESIAN_POINT('',(-25.12779802615,-64.45555151825,
    -64.30467803657));
#1742 = CARTESIAN_POINT('',(-31.25254958703,-55.24762128267,
    -80.46077945119));
#1743 = CARTESIAN_POINT('',(-36.35650815337,-46.03980406538,
    -93.92419448026));
#1744 = CARTESIAN_POINT('',(-40.43969700208,-36.83181259363,
    -104.6949845244));
#1745 = CARTESIAN_POINT('',(-43.50206615723,-27.62400867263,
    -112.7730177553));
#1746 = CARTESIAN_POINT('',(-45.54371079774,-18.41606833251,
    -118.1585452394));
#1747 = CARTESIAN_POINT('',(-46.56452758536,-9.20803306022,
    -120.8512943873));
#1748 = CARTESIAN_POINT('',(-46.56452758536,9.20803306022,
    -120.8512943873));
#1749 = CARTESIAN_POINT('',(-45.54371079774,18.416068332523,
    -118.1585452394));
#1750 = CARTESIAN_POINT('',(-43.50206615722,27.624008672625,
    -112.7730177552));
#1751 = CARTESIAN_POINT('',(-40.4396970021,36.831812593653,
    -104.6949845244));
#1752 = CARTESIAN_POINT('',(-36.35650815335,46.039804065365,
    -93.92419448019));
#1753 = CARTESIAN_POINT('',(-31.25254958705,55.247621282691,
    -80.46077945125));
#1754 = CARTESIAN_POINT('',(-25.12779802614,64.455551518243,
    -64.30467803653));
#1755 = CARTESIAN_POINT('',(-17.98225834325,73.663434882243,
    -45.45590308922));
#1756 = CARTESIAN_POINT('',(-9.815929402082,82.871333392225,
    -23.91445161197));
#1757 = CARTESIAN_POINT('',(-0.121522962438,92.587666777459,
    1.657820509892));
#1758 = CARTESIAN_POINT('',(0.385822890432,93.096160152354,
    2.996116597463));
#1759 = CARTESIAN_POINT('',(0.893226863163,93.604711778567,
    4.334565995803));
#1760 = CARTESIAN_POINT('',(1.400688955755,94.113321656097,
    5.673168704911));
#1761 = CARTESIAN_POINT('',(1.908209168208,94.621989784944,
    7.011924724786));
#1762 = CARTESIAN_POINT('',(2.415787500522,95.130716165108,8.35083405543
    ));
#1763 = CARTESIAN_POINT('',(2.923423952696,95.63950079659,9.689896696842
    ));
#1764 = CARTESIAN_POINT('',(3.431118524732,96.148343679388,
    11.029112649021));
#1765 = CARTESIAN_POINT('',(3.938871216628,96.657244813504,
    12.368481911969));
#1766 = CARTESIAN_POINT('',(4.446682028385,97.166204198937,
    13.708004485685));
#1767 = PCURVE('',#1576,#1768);
#1768 = DEFINITIONAL_REPRESENTATION('',(#1769),#1773);
#1769 = LINE('',#1770,#1771);
#1770 = CARTESIAN_POINT('',(332.43341526572,0.));
#1771 = VECTOR('',#1772,1.);
#1772 = DIRECTION('',(0.,1.));
#1773 = ( GEOMETRIC_REPRESENTATION_CONTEXT(2) 
PARAMETRIC_REPRESENTATION_CONTEXT() REPRESENTATION_CONTEXT('2D SPACE',''
  ) );
#1774 = ORIENTED_EDGE('',*,*,#1775,.F.);
#1775 = EDGE_CURVE('',#1533,#1725,#1776,.T.);
#1776 = SURFACE_CURVE('',#1777,(#1800),.PCURVE_S1.);
#1777 = B_SPLINE_CURVE_WITH_KNOTS('',6,(#1778,#1779,#1780,#1781,#1782,
    #1783,#1784,#1785,#1786,#1787,#1788,#1789,#1790,#1791,#1792,#1793,
    #1794,#1795,#1796,#1797,#1798,#1799),.UNSPECIFIED.,.F.,.F.,(7,5,5,5,
    7),(0.,0.249999881209,0.500000000779,0.750000119753,1.),
  .UNSPECIFIED.);
#1778 = CARTESIAN_POINT('',(-0.20922840488,92.49976336983,0.));
#1779 = CARTESIAN_POINT('',(-0.239073412254,92.499695862379,0.));
#1780 = CARTESIAN_POINT('',(-0.270206658919,92.497369657489,0.));
#1781 = CARTESIAN_POINT('',(-0.302412165099,92.492499901523,0.));
#1782 = CARTESIAN_POINT('',(-0.335372215813,92.484829788715,0.));
#1783 = CARTESIAN_POINT('',(-0.368647950446,92.474196284906,0.));
#1784 = CARTESIAN_POINT('',(-0.434842493832,92.446968357203,0.));
#1785 = CARTESIAN_POINT('',(-0.467761164922,92.430373788577,0.));
#1786 = CARTESIAN_POINT('',(-0.500008304772,92.410780896738,0.));
#1787 = CARTESIAN_POINT('',(-0.531031353781,92.388313163655,0.));
#1788 = CARTESIAN_POINT('',(-0.560302991994,92.363277656934,0.));
#1789 = CARTESIAN_POINT('',(-0.614520162799,92.308901952687,0.));
#1790 = CARTESIAN_POINT('',(-0.63946551999,92.27956193378,0.));
#1791 = CARTESIAN_POINT('',(-0.661834908224,92.248484116064,0.));
#1792 = CARTESIAN_POINT('',(-0.681325389646,92.216197218255,0.));
#1793 = CARTESIAN_POINT('',(-0.697817527082,92.183252942516,0.));
#1794 = CARTESIAN_POINT('',(-0.724846345617,92.117031972091,0.));
#1795 = CARTESIAN_POINT('',(-0.735383173416,92.083755411098,0.));
#1796 = CARTESIAN_POINT('',(-0.742962427388,92.050805156228,0.));
#1797 = CARTESIAN_POINT('',(-0.747748990362,92.018617258545,0.));
#1798 = CARTESIAN_POINT('',(-0.75,91.987506875807,0.));
#1799 = CARTESIAN_POINT('',(-0.75,91.957688023342,0.));
#1800 = PCURVE('',#1576,#1801);
#1801 = DEFINITIONAL_REPRESENTATION('',(#1802),#1825);
#1802 = B_SPLINE_CURVE_WITH_KNOTS('',6,(#1803,#1804,#1805,#1806,#1807,
    #1808,#1809,#1810,#1811,#1812,#1813,#1814,#1815,#1816,#1817,#1818,
    #1819,#1820,#1821,#1822,#1823,#1824),.UNSPECIFIED.,.F.,.F.,(7,5,5,5,
    7),(0.,0.249999881209,0.500000000779,0.750000119753,1.),
  .UNSPECIFIED.);
#1803 = CARTESIAN_POINT('',(0.,332.32377956128));
#1804 = CARTESIAN_POINT('',(13.851400353193,332.31774786495));
#1805 = CARTESIAN_POINT('',(27.702797655575,332.31099738035));
#1806 = CARTESIAN_POINT('',(41.5541916224,332.3035136373));
#1807 = CARTESIAN_POINT('',(55.405582160511,332.29530831385));
#1808 = CARTESIAN_POINT('',(69.256969457128,332.28643649266));
#1809 = CARTESIAN_POINT('',(96.959751427607,332.26755165517));
#1810 = CARTESIAN_POINT('',(110.81114616253,332.25753863696));
#1811 = CARTESIAN_POINT('',(124.66253835679,332.24705054402));
#1812 = CARTESIAN_POINT('',(138.51392871636,332.23622361769));
#1813 = CARTESIAN_POINT('',(152.36531820146,332.22522643008));
#1814 = CARTESIAN_POINT('',(180.06809710425,332.20322639247));
#1815 = CARTESIAN_POINT('',(193.91948656955,332.19222361406));
#1816 = CARTESIAN_POINT('',(207.77087692307,332.18138550933));
#1817 = CARTESIAN_POINT('',(221.62226912257,332.17088076849));
#1818 = CARTESIAN_POINT('',(235.47366386904,332.16084591726));
#1819 = CARTESIAN_POINT('',(263.17644584847,332.14190803978));
#1820 = CARTESIAN_POINT('',(277.02783314199,332.13300501143));
#1821 = CARTESIAN_POINT('',(290.87922367732,332.12476428625));
#1822 = CARTESIAN_POINT('',(304.73061763749,332.11724164656));
#1823 = CARTESIAN_POINT('',(318.58201492845,332.11044963853));
#1824 = CARTESIAN_POINT('',(332.43341526572,332.10437463819));
#1825 = ( GEOMETRIC_REPRESENTATION_CONTEXT(2) 
PARAMETRIC_REPRESENTATION_CONTEXT() REPRESENTATION_CONTEXT('2D SPACE',''
  ) );
#1826 = ( GEOMETRIC_REPRESENTATION_CONTEXT(3) 
GLOBAL_UNCERTAINTY_ASSIGNED_CONTEXT((#1830)) 
GLOBAL_UNIT_ASSIGNED_CONTEXT((#1827,#1828,#1829)) REPRESENTATION_CONTEXT
('Context #1','3D Context with UNIT and UNCERTAINTY') );
#1827 = ( LENGTH_UNIT() NAMED_UNIT(*) SI_UNIT(.MILLI.,.METRE.) );
#1828 = ( NAMED_UNIT(*) PLANE_ANGLE_UNIT() SI_UNIT($,.RADIAN.) );
#1829 = ( NAMED_UNIT(*) SI_UNIT($,.STERADIAN.) SOLID_ANGLE_UNIT() );
#1830 = UNCERTAINTY_MEASURE_WITH_UNIT(LENGTH_MEASURE(2.E-05),#1827,
  'distance_accuracy_value','confusion accuracy');
#1831 = CONTEXT_DEPENDENT_SHAPE_REPRESENTATION(#1832,#1834);
#1832 = ( REPRESENTATION_RELATIONSHIP('','',#1523,#10) 
REPRESENTATION_RELATIONSHIP_WITH_TRANSFORMATION(#1833) 
SHAPE_REPRESENTATION_RELATIONSHIP() );
#1833 = ITEM_DEFINED_TRANSFORMATION('','',#11,#47);
#1834 = PRODUCT_DEFINITION_SHAPE('Placement','Placement of an item',
  #1835);
#1835 = NEXT_ASSEMBLY_USAGE_OCCURRENCE('9','','',#5,#1518,$);
#1836 = PRODUCT_RELATED_PRODUCT_CATEGORY('part',$,(#1520));
#1837 = SHAPE_DEFINITION_REPRESENTATION(#1838,#1844);
#1838 = PRODUCT_DEFINITION_SHAPE('','',#1839);
#1839 = PRODUCT_DEFINITION('design','',#1840,#1843);
#1840 = PRODUCT_DEFINITION_FORMATION('','',#1841);
#1841 = PRODUCT('Open CASCADE STEP translator 7.8 1.10',
  'Open CASCADE STEP translator 7.8 1.10','',(#1842));
#1842 = PRODUCT_CONTEXT('',#2,'mechanical');
#1843 = PRODUCT_DEFINITION_CONTEXT('part definition',#2,'design');
#1844 = MANIFOLD_SURFACE_SHAPE_REPRESENTATION('',(#11,#1845),#1887);
#1845 = SHELL_BASED_SURFACE_MODEL('',(#1846));
#1846 = OPEN_SHELL('',(#1847));
#1847 = ADVANCED_FACE('',(#1848),#1862,.F.);
#1848 = FACE_BOUND('',#1849,.F.);
#1849 = EDGE_LOOP('',(#1850,#1872));
#1850 = ORIENTED_EDGE('',*,*,#1851,.F.);
#1851 = EDGE_CURVE('',#1852,#1854,#1856,.T.);
#1852 = VERTEX_POINT('',#1853);
#1853 = CARTESIAN_POINT('',(0.25,-6.123031769112E-17,-243.340540541));
#1854 = VERTEX_POINT('',#1855);
#1855 = CARTESIAN_POINT('',(-0.25,3.061515884556E-17,-243.340540541));
#1856 = SURFACE_CURVE('',#1857,(#1861),.PCURVE_S1.);
#1857 = LINE('',#1858,#1859);
#1858 = CARTESIAN_POINT('',(-488.,0.,-243.340540541));
#1859 = VECTOR('',#1860,1.);
#1860 = DIRECTION('',(-1.,-0.,0.));
#1861 = PCURVE('',#1862,#1867);
#1862 = PLANE('',#1863);
#1863 = AXIS2_PLACEMENT_3D('',#1864,#1865,#1866);
#1864 = CARTESIAN_POINT('',(0.,0.,-243.340540541));
#1865 = DIRECTION('',(0.,0.,1.));
#1866 = DIRECTION('',(1.,0.,-0.));
#1867 = DEFINITIONAL_REPRESENTATION('',(#1868),#1871);
#1868 = B_SPLINE_CURVE_WITH_KNOTS('',1,(#1869,#1870),.UNSPECIFIED.,.F.,
  .F.,(2,2),(-488.25,-487.75),.PIECEWISE_BEZIER_KNOTS.);
#1869 = CARTESIAN_POINT('',(0.25,0.));
#1870 = CARTESIAN_POINT('',(-0.25,0.));
#1871 = ( GEOMETRIC_REPRESENTATION_CONTEXT(2) 
PARAMETRIC_REPRESENTATION_CONTEXT() REPRESENTATION_CONTEXT('2D SPACE',''
  ) );
#1872 = ORIENTED_EDGE('',*,*,#1873,.T.);
#1873 = EDGE_CURVE('',#1852,#1854,#1874,.T.);
#1874 = SURFACE_CURVE('',#1875,(#1880),.PCURVE_S1.);
#1875 = CIRCLE('',#1876,0.25);
#1876 = AXIS2_PLACEMENT_3D('',#1877,#1878,#1879);
#1877 = CARTESIAN_POINT('',(0.,0.,-243.340540541));
#1878 = DIRECTION('',(0.,0.,1.));
#1879 = DIRECTION('',(1.,0.,-0.));
#1880 = PCURVE('',#1862,#1881);
#1881 = DEFINITIONAL_REPRESENTATION('',(#1882),#1886);
#1882 = CIRCLE('',#1883,0.25);
#1883 = AXIS2_PLACEMENT_2D('',#1884,#1885);
#1884 = CARTESIAN_POINT('',(0.,0.));
#1885 = DIRECTION('',(1.,0.));
#1886 = ( GEOMETRIC_REPRESENTATION_CONTEXT(2) 
PARAMETRIC_REPRESENTATION_CONTEXT() REPRESENTATION_CONTEXT('2D SPACE',''
  ) );
#1887 = ( GEOMETRIC_REPRESENTATION_CONTEXT(3) 
GLOBAL_UNCERTAINTY_ASSIGNED_CONTEXT((#1891)) 
GLOBAL_UNIT_ASSIGNED_CONTEXT((#1888,#1889,#1890)) REPRESENTATION_CONTEXT
('Context #1','3D Context with UNIT and UNCERTAINTY') );
#1888 = ( LENGTH_UNIT() NAMED_UNIT(*) SI_UNIT(.MILLI.,.METRE.) );
#1889 = ( NAMED_UNIT(*) PLANE_ANGLE_UNIT() SI_UNIT($,.RADIAN.) );
#1890 = ( NAMED_UNIT(*) SI_UNIT($,.STERADIAN.) SOLID_ANGLE_UNIT() );
#1891 = UNCERTAINTY_MEASURE_WITH_UNIT(LENGTH_MEASURE(2.E-07),#1888,
  'distance_accuracy_value','confusion accuracy');
#1892 = CONTEXT_DEPENDENT_SHAPE_REPRESENTATION(#1893,#1895);
#1893 = ( REPRESENTATION_RELATIONSHIP('','',#1844,#10) 
REPRESENTATION_RELATIONSHIP_WITH_TRANSFORMATION(#1894) 
SHAPE_REPRESENTATION_RELATIONSHIP() );
#1894 = ITEM_DEFINED_TRANSFORMATION('','',#11,#51);
#1895 = PRODUCT_DEFINITION_SHAPE('Placement','Placement of an item',
  #1896);
#1896 = NEXT_ASSEMBLY_USAGE_OCCURRENCE('10','','',#5,#1839,$);
#1897 = PRODUCT_RELATED_PRODUCT_CATEGORY('part',$,(#1841));
#1898 = SHAPE_DEFINITION_REPRESENTATION(#1899,#1905);
#1899 = PRODUCT_DEFINITION_SHAPE('','',#1900);
#1900 = PRODUCT_DEFINITION('design','',#1901,#1904);
#1901 = PRODUCT_DEFINITION_FORMATION('','',#1902);
#1902 = PRODUCT('Open CASCADE STEP translator 7.8 1.11',
  'Open CASCADE STEP translator 7.8 1.11','',(#1903));
#1903 = PRODUCT_CONTEXT('',#2,'mechanical');
#1904 = PRODUCT_DEFINITION_CONTEXT('part definition',#2,'design');
#1905 = MANIFOLD_SURFACE_SHAPE_REPRESENTATION('',(#11,#1906),#2107);
#1906 = SHELL_BASED_SURFACE_MODEL('',(#1907));
#1907 = OPEN_SHELL('',(#1908));
#1908 = ADVANCED_FACE('',(#1909),#1942,.T.);
#1909 = FACE_BOUND('',#1910,.T.);
#1910 = EDGE_LOOP('',(#1911,#2028,#2061,#2076));
#1911 = ORIENTED_EDGE('',*,*,#1912,.T.);
#1912 = EDGE_CURVE('',#1913,#1915,#1917,.T.);
#1913 = VERTEX_POINT('',#1914);
#1914 = CARTESIAN_POINT('',(0.20922840488,92.49976336983,0.));
#1915 = VERTEX_POINT('',#1916);
#1916 = CARTESIAN_POINT('',(0.75,91.95768802348,0.));
#1917 = SURFACE_CURVE('',#1918,(#1941),.PCURVE_S1.);
#1918 = B_SPLINE_CURVE_WITH_KNOTS('',6,(#1919,#1920,#1921,#1922,#1923,
    #1924,#1925,#1926,#1927,#1928,#1929,#1930,#1931,#1932,#1933,#1934,
    #1935,#1936,#1937,#1938,#1939,#1940),.UNSPECIFIED.,.F.,.F.,(7,5,5,5,
    7),(0.,0.249999526284,0.500000003103,0.750000477551,1.),
  .UNSPECIFIED.);
#1919 = CARTESIAN_POINT('',(0.20922840488,92.49976336983,0.));
#1920 = CARTESIAN_POINT('',(0.239073464076,92.499695862262,0.));
#1921 = CARTESIAN_POINT('',(0.27020674739,92.497369649464,0.));
#1922 = CARTESIAN_POINT('',(0.302412268981,92.492499881832,0.));
#1923 = CARTESIAN_POINT('',(0.335372308879,92.484829760887,0.));
#1924 = CARTESIAN_POINT('',(0.368648007156,92.474196261592,0.));
#1925 = CARTESIAN_POINT('',(0.434842531732,92.446968341602,0.));
#1926 = CARTESIAN_POINT('',(0.467761219798,92.430373759034,0.));
#1927 = CARTESIAN_POINT('',(0.500008356683,92.410780860669,0.));
#1928 = CARTESIAN_POINT('',(0.531031389698,92.388313132946,0.));
#1929 = CARTESIAN_POINT('',(0.5603030088,92.363277640108,0.));
#1930 = CARTESIAN_POINT('',(0.614520146229,92.308901969277,0.));
#1931 = CARTESIAN_POINT('',(0.639465489481,92.279561969639,0.));
#1932 = CARTESIAN_POINT('',(0.661834872388,92.248484167964,0.));
#1933 = CARTESIAN_POINT('',(0.681325360363,92.216197273046,0.));
#1934 = CARTESIAN_POINT('',(0.69781751171,92.18325298021,0.));
#1935 = CARTESIAN_POINT('',(0.724846322566,92.117032028537,0.));
#1936 = CARTESIAN_POINT('',(0.735383145923,92.083755503895,0.));
#1937 = CARTESIAN_POINT('',(0.742962408016,92.050805259826,0.));
#1938 = CARTESIAN_POINT('',(0.747748982569,92.018617346768,0.));
#1939 = CARTESIAN_POINT('',(0.75,91.987506927482,0.));
#1940 = CARTESIAN_POINT('',(0.75,91.957688023342,0.));
#1941 = PCURVE('',#1942,#2003);
#1942 = ( BOUNDED_SURFACE() B_SPLINE_SURFACE(2,10,(
    (#1943,#1944,#1945,#1946,#1947,#1948,#1949,#1950,#1951,#1952,#1953
      ,#1954,#1955,#1956,#1957,#1958,#1959,#1960,#1961,#1962)
    ,(#1963,#1964,#1965,#1966,#1967,#1968,#1969,#1970,#1971,#1972,#1973
      ,#1974,#1975,#1976,#1977,#1978,#1979,#1980,#1981,#1982)
    ,(#1983,#1984,#1985,#1986,#1987,#1988,#1989,#1990,#1991,#1992,#1993
      ,#1994,#1995,#1996,#1997,#1998,#1999,#2000,#2001,#2002
)),.UNSPECIFIED.,.F.,.F.,.F.) B_SPLINE_SURFACE_WITH_KNOTS((3,3),(11,9,11
    ),(0.,166.50685956317),(-9.324430068779,-0.109827087196,
166.39703247597),.UNSPECIFIED.) GEOMETRIC_REPRESENTATION_ITEM() 
RATIONAL_B_SPLINE_SURFACE((
    (1.,1.,1.,1.,1.,1.,1.,1.,1.,1.,1.,1.,1.,1.,1.,1.,1.,1.,1.,1.)
    ,(0.661936855264,0.660109385674,0.658688020437,0.657672759553
      ,0.657063603023,0.656860550846,0.657063603023,0.657672759553
      ,0.658688020437,0.660109385674,0.694959029205,0.729804773298
      ,0.766114794629,0.803274051221,0.83998771602,0.874626681539
      ,0.904049723019,0.924719481265,0.935063239715,0.935063239715)
    ,(1.,1.,1.,1.,1.,1.,1.,1.,1.,1.,1.,1.,1.,1.,1.,1.,1.,1.,1.,1.
))) REPRESENTATION_ITEM('') SURFACE() );
#1943 = CARTESIAN_POINT('',(-4.898282251459,97.595553707383,
    13.411359700828));
#1944 = CARTESIAN_POINT('',(-4.387531185825,97.085974673628,
    12.070223730745));
#1945 = CARTESIAN_POINT('',(-3.876780120191,96.576395639872,
    10.729087760662));
#1946 = CARTESIAN_POINT('',(-3.366029054557,96.066816606117,
    9.387951790579));
#1947 = CARTESIAN_POINT('',(-2.855277988924,95.557237572362,
    8.046815820497));
#1948 = CARTESIAN_POINT('',(-2.34452692329,95.047658538607,
    6.705679850414));
#1949 = CARTESIAN_POINT('',(-1.833775857656,94.538079504852,
    5.364543880331));
#1950 = CARTESIAN_POINT('',(-1.323024792022,94.028500471096,
    4.023407910248));
#1951 = CARTESIAN_POINT('',(-0.812273726388,93.518921437341,
    2.682271940166));
#1952 = CARTESIAN_POINT('',(-0.301522660754,93.009342403586,
    1.341135970083));
#1953 = CARTESIAN_POINT('',(9.438443828183,83.291726433304,
    -24.23417906034));
#1954 = CARTESIAN_POINT('',(17.65152819904,74.079003845541,
    -45.77568044265));
#1955 = CARTESIAN_POINT('',(24.848434173484,64.859771139795,
    -64.62449983168));
#1956 = CARTESIAN_POINT('',(31.028804101241,55.63209596752,
    -80.78062843024));
#1957 = CARTESIAN_POINT('',(36.190822550002,46.392357969851,
    -94.24409858692));
#1958 = CARTESIAN_POINT('',(40.332102944102,37.139368855213,
    -105.0147260326));
#1959 = CARTESIAN_POINT('',(43.446580194025,27.867992500345,
    -113.0928881406));
#1960 = CARTESIAN_POINT('',(45.525179790349,18.583121609584,
    -118.477818247));
#1961 = CARTESIAN_POINT('',(46.564527585367,9.291564249064,
    -121.1703272345));
#1962 = CARTESIAN_POINT('',(46.564527585367,0.,-121.1703272345));
#1963 = CARTESIAN_POINT('',(-4.394293273283,97.681055431431,
    13.569811445202));
#1964 = CARTESIAN_POINT('',(-3.898610242057,97.181659047854,
    12.262279989858));
#1965 = CARTESIAN_POINT('',(-3.397645660883,96.676941548207,
    10.94081666222));
#1966 = CARTESIAN_POINT('',(-2.892293303524,96.167803401856,
    9.60777909254));
#1967 = CARTESIAN_POINT('',(-2.383469844048,95.655168150025,
    8.265585318354));
#1968 = CARTESIAN_POINT('',(-1.872109366456,95.139976874299,
    6.916699301787));
#1969 = CARTESIAN_POINT('',(-1.359157672197,94.62318246149,
    5.563615913686));
#1970 = CARTESIAN_POINT('',(-0.845566458051,94.105743737904,
    4.208845575832));
#1971 = CARTESIAN_POINT('',(-0.332287439501,93.588619548692,
    2.854898759333));
#1972 = CARTESIAN_POINT('',(0.179733504382,93.072762858868,
    1.504270539793));
#1973 = CARTESIAN_POINT('',(9.440133016859,83.742990129796,
    -22.92316168771));
#1974 = CARTESIAN_POINT('',(17.353181221482,74.837949960389,
    -43.7964996545));
#1975 = CARTESIAN_POINT('',(24.412990813394,65.825399681101,
    -62.41913252397));
#1976 = CARTESIAN_POINT('',(30.601633506042,56.683249579951,
    -78.7437683835));
#1977 = CARTESIAN_POINT('',(35.872317990372,47.389305127414,
    -92.64697934757));
#1978 = CARTESIAN_POINT('',(40.191384833472,37.941867563094,
    -104.0399772904));
#1979 = CARTESIAN_POINT('',(43.458318566027,28.32270505134,
    -112.6576187038));
#1980 = CARTESIAN_POINT('',(45.592713413855,18.718696385655,
    -118.2878061943));
#1981 = CARTESIAN_POINT('',(46.625000000044,9.255801020727,
    -121.0108108109));
#1982 = CARTESIAN_POINT('',(46.625000000043,4.263256414561E-14,
    -121.0108108109));
#1983 = CARTESIAN_POINT('',(-4.458024589795,97.177572415113,
    13.73792432335));
#1984 = CARTESIAN_POINT('',(-3.949078937416,96.66747562226,
    12.395408224103));
#1985 = CARTESIAN_POINT('',(-3.440191534783,96.157437210902,
    11.053045778238));
#1986 = CARTESIAN_POINT('',(-2.931362381895,95.647457181041,
    9.710836985756));
#1987 = CARTESIAN_POINT('',(-2.422591478753,95.137535532674,
    8.368781846656));
#1988 = CARTESIAN_POINT('',(-1.913878825356,94.627672265803,
    7.026880360939));
#1989 = CARTESIAN_POINT('',(-1.405224421704,94.117867380428,
    5.685132528604));
#1990 = CARTESIAN_POINT('',(-0.896628267798,93.608120876548,
    4.343538349651));
#1991 = CARTESIAN_POINT('',(-0.388090363637,93.098432754163,
    3.002097824081));
#1992 = CARTESIAN_POINT('',(0.120389290778,92.588803013274,
    1.660810951894));
#1993 = CARTESIAN_POINT('',(9.81592940208,82.871333392224,
    -23.91445161197));
#1994 = CARTESIAN_POINT('',(17.982258343257,73.663434882247,
    -45.45590308923));
#1995 = CARTESIAN_POINT('',(25.127798026137,64.455551518239,
    -64.30467803651));
#1996 = CARTESIAN_POINT('',(31.252549587066,55.247621282693,
    -80.46077945128));
#1997 = CARTESIAN_POINT('',(36.356508153345,46.039804065368,
    -93.92419448018));
#1998 = CARTESIAN_POINT('',(40.439697002108,36.831812593649,
    -104.6949845244));
#1999 = CARTESIAN_POINT('',(43.502066157222,27.624008672627,
    -112.7730177552));
#2000 = CARTESIAN_POINT('',(45.543710797748,18.416068332524,
    -118.1585452394));
#2001 = CARTESIAN_POINT('',(46.564527585367,9.208033060219,
    -120.8512943873));
#2002 = CARTESIAN_POINT('',(46.564527585367,0.,-120.8512943873));
#2003 = DEFINITIONAL_REPRESENTATION('',(#2004),#2027);
#2004 = B_SPLINE_CURVE_WITH_KNOTS('',6,(#2005,#2006,#2007,#2008,#2009,
    #2010,#2011,#2012,#2013,#2014,#2015,#2016,#2017,#2018,#2019,#2020,
    #2021,#2022,#2023,#2024,#2025,#2026),.UNSPECIFIED.,.F.,.F.,(7,5,5,5,
    7),(0.,0.249999526284,0.500000003103,0.750000477551,1.),
  .UNSPECIFIED.);
#2005 = CARTESIAN_POINT('',(0.,-0.109827087196));
#2006 = CARTESIAN_POINT('',(6.937801894155,-0.103784851296));
#2007 = CARTESIAN_POINT('',(13.875597695212,-9.702257387395E-02));
#2008 = CARTESIAN_POINT('',(20.813386834343,-8.952576153485E-02));
#2009 = CARTESIAN_POINT('',(27.751169125159,-8.130611519497E-02));
#2010 = CARTESIAN_POINT('',(34.688944941567,-7.241881540237E-02));
#2011 = CARTESIAN_POINT('',(48.56451130941,-5.350101745001E-02));
#2012 = CARTESIAN_POINT('',(55.502301982799,-4.347051399581E-02));
#2013 = CARTESIAN_POINT('',(62.440087581269,-3.296411206202E-02));
#2014 = CARTESIAN_POINT('',(69.37786951515,-2.211829029776E-02));
#2015 = CARTESIAN_POINT('',(76.315649702056,-1.11019124247E-02));
#2016 = CARTESIAN_POINT('',(90.191209941491,1.093651542689E-02));
#2017 = CARTESIAN_POINT('',(97.128990088932,2.195849381821E-02));
#2018 = CARTESIAN_POINT('',(104.06677201064,3.281551345083E-02));
#2019 = CARTESIAN_POINT('',(111.00455761954,4.333859235311E-02));
#2020 = CARTESIAN_POINT('',(117.94234831591,5.33909669597E-02));
#2021 = CARTESIAN_POINT('',(131.81791470144,7.236189748798E-02));
#2022 = CARTESIAN_POINT('',(138.75569051178,8.128045886715E-02));
#2023 = CARTESIAN_POINT('',(145.69347279669,8.953556868521E-02));
#2024 = CARTESIAN_POINT('',(152.63126192277,9.707134555532E-02));
#2025 = CARTESIAN_POINT('',(159.56905770081,0.103875218918));
#2026 = CARTESIAN_POINT('',(166.50685956317,0.109960834469));
#2027 = ( GEOMETRIC_REPRESENTATION_CONTEXT(2) 
PARAMETRIC_REPRESENTATION_CONTEXT() REPRESENTATION_CONTEXT('2D SPACE',''
  ) );
#2028 = ORIENTED_EDGE('',*,*,#2029,.T.);
#2029 = EDGE_CURVE('',#1915,#2030,#2032,.T.);
#2030 = VERTEX_POINT('',#2031);
#2031 = CARTESIAN_POINT('',(46.564527585367,0.,-120.8512943873));
#2032 = SURFACE_CURVE('',#2033,(#2054),.PCURVE_S1.);
#2033 = B_SPLINE_CURVE_WITH_KNOTS('',10,(#2034,#2035,#2036,#2037,#2038,
    #2039,#2040,#2041,#2042,#2043,#2044,#2045,#2046,#2047,#2048,#2049,
    #2050,#2051,#2052,#2053),.UNSPECIFIED.,.F.,.F.,(11,9,11),(
    -9.324430068779,-0.109827087196,166.39703247597),.UNSPECIFIED.);
#2034 = CARTESIAN_POINT('',(-4.458024589795,97.177572415113,
    13.73792432335));
#2035 = CARTESIAN_POINT('',(-3.949078937416,96.66747562226,
    12.395408224103));
#2036 = CARTESIAN_POINT('',(-3.440191534783,96.157437210902,
    11.053045778238));
#2037 = CARTESIAN_POINT('',(-2.931362381895,95.647457181041,
    9.710836985756));
#2038 = CARTESIAN_POINT('',(-2.422591478753,95.137535532674,
    8.368781846656));
#2039 = CARTESIAN_POINT('',(-1.913878825356,94.627672265803,
    7.026880360939));
#2040 = CARTESIAN_POINT('',(-1.405224421704,94.117867380428,
    5.685132528604));
#2041 = CARTESIAN_POINT('',(-0.896628267798,93.608120876548,
    4.343538349651));
#2042 = CARTESIAN_POINT('',(-0.388090363637,93.098432754163,
    3.002097824081));
#2043 = CARTESIAN_POINT('',(0.120389290778,92.588803013274,
    1.660810951894));
#2044 = CARTESIAN_POINT('',(9.81592940208,82.871333392224,
    -23.91445161197));
#2045 = CARTESIAN_POINT('',(17.982258343257,73.663434882247,
    -45.45590308923));
#2046 = CARTESIAN_POINT('',(25.127798026137,64.455551518239,
    -64.30467803651));
#2047 = CARTESIAN_POINT('',(31.252549587066,55.247621282693,
    -80.46077945128));
#2048 = CARTESIAN_POINT('',(36.356508153345,46.039804065368,
    -93.92419448018));
#2049 = CARTESIAN_POINT('',(40.439697002108,36.831812593649,
    -104.6949845244));
#2050 = CARTESIAN_POINT('',(43.502066157222,27.624008672627,
    -112.7730177552));
#2051 = CARTESIAN_POINT('',(45.543710797748,18.416068332524,
    -118.1585452394));
#2052 = CARTESIAN_POINT('',(46.564527585367,9.208033060219,
    -120.8512943873));
#2053 = CARTESIAN_POINT('',(46.564527585367,0.,-120.8512943873));
#2054 = PCURVE('',#1942,#2055);
#2055 = DEFINITIONAL_REPRESENTATION('',(#2056),#2060);
#2056 = LINE('',#2057,#2058);
#2057 = CARTESIAN_POINT('',(166.50685956317,0.));
#2058 = VECTOR('',#2059,1.);
#2059 = DIRECTION('',(0.,1.));
#2060 = ( GEOMETRIC_REPRESENTATION_CONTEXT(2) 
PARAMETRIC_REPRESENTATION_CONTEXT() REPRESENTATION_CONTEXT('2D SPACE',''
  ) );
#2061 = ORIENTED_EDGE('',*,*,#2062,.F.);
#2062 = EDGE_CURVE('',#2063,#2030,#2065,.T.);
#2063 = VERTEX_POINT('',#2064);
#2064 = CARTESIAN_POINT('',(46.564527585367,0.,-121.1703272345));
#2065 = SURFACE_CURVE('',#2066,(#2070),.PCURVE_S1.);
#2066 = ( BOUNDED_CURVE() B_SPLINE_CURVE(2,(#2067,#2068,#2069),
.UNSPECIFIED.,.F.,.F.) B_SPLINE_CURVE_WITH_KNOTS((3,3),(0.,
166.50685956317),.PIECEWISE_BEZIER_KNOTS.) CURVE() 
GEOMETRIC_REPRESENTATION_ITEM() RATIONAL_B_SPLINE_CURVE((1.,
0.935063239715,1.)) REPRESENTATION_ITEM('') );
#2067 = CARTESIAN_POINT('',(46.564527585367,0.,-121.1703272345));
#2068 = CARTESIAN_POINT('',(46.625000000043,4.263256414561E-14,
    -121.0108108109));
#2069 = CARTESIAN_POINT('',(46.564527585367,0.,-120.8512943873));
#2070 = PCURVE('',#1942,#2071);
#2071 = DEFINITIONAL_REPRESENTATION('',(#2072),#2075);
#2072 = B_SPLINE_CURVE_WITH_KNOTS('',1,(#2073,#2074),.UNSPECIFIED.,.F.,
  .F.,(2,2),(0.,166.50685956317),.PIECEWISE_BEZIER_KNOTS.);
#2073 = CARTESIAN_POINT('',(0.,166.39703247597));
#2074 = CARTESIAN_POINT('',(166.50685956317,166.39703247597));
#2075 = ( GEOMETRIC_REPRESENTATION_CONTEXT(2) 
PARAMETRIC_REPRESENTATION_CONTEXT() REPRESENTATION_CONTEXT('2D SPACE',''
  ) );
#2076 = ORIENTED_EDGE('',*,*,#2077,.F.);
#2077 = EDGE_CURVE('',#1913,#2063,#2078,.T.);
#2078 = SURFACE_CURVE('',#2079,(#2100),.PCURVE_S1.);
#2079 = B_SPLINE_CURVE_WITH_KNOTS('',10,(#2080,#2081,#2082,#2083,#2084,
    #2085,#2086,#2087,#2088,#2089,#2090,#2091,#2092,#2093,#2094,#2095,
    #2096,#2097,#2098,#2099),.UNSPECIFIED.,.F.,.F.,(11,9,11),(
    -9.324430068779,-0.109827087196,166.39703247597),.UNSPECIFIED.);
#2080 = CARTESIAN_POINT('',(-4.898282251459,97.595553707383,
    13.411359700828));
#2081 = CARTESIAN_POINT('',(-4.387531185825,97.085974673628,
    12.070223730745));
#2082 = CARTESIAN_POINT('',(-3.876780120191,96.576395639872,
    10.729087760662));
#2083 = CARTESIAN_POINT('',(-3.366029054557,96.066816606117,
    9.387951790579));
#2084 = CARTESIAN_POINT('',(-2.855277988924,95.557237572362,
    8.046815820497));
#2085 = CARTESIAN_POINT('',(-2.34452692329,95.047658538607,
    6.705679850414));
#2086 = CARTESIAN_POINT('',(-1.833775857656,94.538079504852,
    5.364543880331));
#2087 = CARTESIAN_POINT('',(-1.323024792022,94.028500471096,
    4.023407910248));
#2088 = CARTESIAN_POINT('',(-0.812273726388,93.518921437341,
    2.682271940166));
#2089 = CARTESIAN_POINT('',(-0.301522660754,93.009342403586,
    1.341135970083));
#2090 = CARTESIAN_POINT('',(9.438443828183,83.291726433304,
    -24.23417906034));
#2091 = CARTESIAN_POINT('',(17.65152819904,74.079003845541,
    -45.77568044265));
#2092 = CARTESIAN_POINT('',(24.848434173484,64.859771139795,
    -64.62449983168));
#2093 = CARTESIAN_POINT('',(31.028804101241,55.63209596752,
    -80.78062843024));
#2094 = CARTESIAN_POINT('',(36.190822550002,46.392357969851,
    -94.24409858692));
#2095 = CARTESIAN_POINT('',(40.332102944102,37.139368855213,
    -105.0147260326));
#2096 = CARTESIAN_POINT('',(43.446580194025,27.867992500345,
    -113.0928881406));
#2097 = CARTESIAN_POINT('',(45.525179790349,18.583121609584,
    -118.477818247));
#2098 = CARTESIAN_POINT('',(46.564527585367,9.291564249064,
    -121.1703272345));
#2099 = CARTESIAN_POINT('',(46.564527585367,0.,-121.1703272345));
#2100 = PCURVE('',#1942,#2101);
#2101 = DEFINITIONAL_REPRESENTATION('',(#2102),#2106);
#2102 = LINE('',#2103,#2104);
#2103 = CARTESIAN_POINT('',(0.,0.));
#2104 = VECTOR('',#2105,1.);
#2105 = DIRECTION('',(0.,1.));
#2106 = ( GEOMETRIC_REPRESENTATION_CONTEXT(2) 
PARAMETRIC_REPRESENTATION_CONTEXT() REPRESENTATION_CONTEXT('2D SPACE',''
  ) );
#2107 = ( GEOMETRIC_REPRESENTATION_CONTEXT(3) 
GLOBAL_UNCERTAINTY_ASSIGNED_CONTEXT((#2111)) 
GLOBAL_UNIT_ASSIGNED_CONTEXT((#2108,#2109,#2110)) REPRESENTATION_CONTEXT
('Context #1','3D Context with UNIT and UNCERTAINTY') );
#2108 = ( LENGTH_UNIT() NAMED_UNIT(*) SI_UNIT(.MILLI.,.METRE.) );
#2109 = ( NAMED_UNIT(*) PLANE_ANGLE_UNIT() SI_UNIT($,.RADIAN.) );
#2110 = ( NAMED_UNIT(*) SI_UNIT($,.STERADIAN.) SOLID_ANGLE_UNIT() );
#2111 = UNCERTAINTY_MEASURE_WITH_UNIT(LENGTH_MEASURE(2.E-05),#2108,
  'distance_accuracy_value','confusion accuracy');
#2112 = CONTEXT_DEPENDENT_SHAPE_REPRESENTATION(#2113,#2115);
#2113 = ( REPRESENTATION_RELATIONSHIP('','',#1905,#10) 
REPRESENTATION_RELATIONSHIP_WITH_TRANSFORMATION(#2114) 
SHAPE_REPRESENTATION_RELATIONSHIP() );
#2114 = ITEM_DEFINED_TRANSFORMATION('','',#11,#55);
#2115 = PRODUCT_DEFINITION_SHAPE('Placement','Placement of an item',
  #2116);
#2116 = NEXT_ASSEMBLY_USAGE_OCCURRENCE('11','','',#5,#1900,$);
#2117 = PRODUCT_RELATED_PRODUCT_CATEGORY('part',$,(#1902));
#2118 = SHAPE_DEFINITION_REPRESENTATION(#2119,#2125);
#2119 = PRODUCT_DEFINITION_SHAPE('','',#2120);
#2120 = PRODUCT_DEFINITION('design','',#2121,#2124);
#2121 = PRODUCT_DEFINITION_FORMATION('','',#2122);
#2122 = PRODUCT('Open CASCADE STEP translator 7.8 1.12',
  'Open CASCADE STEP translator 7.8 1.12','',(#2123));
#2123 = PRODUCT_CONTEXT('',#2,'mechanical');
#2124 = PRODUCT_DEFINITION_CONTEXT('part definition',#2,'design');
#2125 = MANIFOLD_SURFACE_SHAPE_REPRESENTATION('',(#11,#2126),#2235);
#2126 = SHELL_BASED_SURFACE_MODEL('',(#2127));
#2127 = OPEN_SHELL('',(#2128));
#2128 = ADVANCED_FACE('',(#2129),#2143,.T.);
#2129 = FACE_BOUND('',#2130,.T.);
#2130 = EDGE_LOOP('',(#2131,#2153,#2169));
#2131 = ORIENTED_EDGE('',*,*,#2132,.F.);
#2132 = EDGE_CURVE('',#2133,#2135,#2137,.T.);
#2133 = VERTEX_POINT('',#2134);
#2134 = CARTESIAN_POINT('',(-0.75,0.,0.));
#2135 = VERTEX_POINT('',#2136);
#2136 = CARTESIAN_POINT('',(-46.56452758536,1.234463042049E-14,
    -120.8512943873));
#2137 = SURFACE_CURVE('',#2138,(#2142),.PCURVE_S1.);
#2138 = LINE('',#2139,#2140);
#2139 = CARTESIAN_POINT('',(-104.1190531044,0.,-272.6707995403));
#2140 = VECTOR('',#2141,1.);
#2141 = DIRECTION('',(-0.354480941285,0.,-0.935063239715));
#2142 = PCURVE('',#2143,#2148);
#2143 = PLANE('',#2144);
#2144 = AXIS2_PLACEMENT_3D('',#2145,#2146,#2147);
#2145 = CARTESIAN_POINT('',(-0.75,-244.,0.));
#2146 = DIRECTION('',(-0.935063239715,0.,0.354480941285));
#2147 = DIRECTION('',(-0.354480941285,0.,-0.935063239715));
#2148 = DEFINITIONAL_REPRESENTATION('',(#2149),#2152);
#2149 = B_SPLINE_CURVE_WITH_KNOTS('',1,(#2150,#2151),.UNSPECIFIED.,.F.,
  .F.,(2,2),(-291.6068004379,-162.3628207214),.PIECEWISE_BEZIER_KNOTS.);
#2150 = CARTESIAN_POINT('',(0.,-244.));
#2151 = CARTESIAN_POINT('',(129.24397971653,-244.));
#2152 = ( GEOMETRIC_REPRESENTATION_CONTEXT(2) 
PARAMETRIC_REPRESENTATION_CONTEXT() REPRESENTATION_CONTEXT('2D SPACE',''
  ) );
#2153 = ORIENTED_EDGE('',*,*,#2154,.T.);
#2154 = EDGE_CURVE('',#2133,#2155,#2157,.T.);
#2155 = VERTEX_POINT('',#2156);
#2156 = CARTESIAN_POINT('',(-0.75,91.95768802348,0.));
#2157 = SURFACE_CURVE('',#2158,(#2162),.PCURVE_S1.);
#2158 = LINE('',#2159,#2160);
#2159 = CARTESIAN_POINT('',(-0.75,-244.,0.));
#2160 = VECTOR('',#2161,1.);
#2161 = DIRECTION('',(0.,1.,0.));
#2162 = PCURVE('',#2143,#2163);
#2163 = DEFINITIONAL_REPRESENTATION('',(#2164),#2168);
#2164 = LINE('',#2165,#2166);
#2165 = CARTESIAN_POINT('',(0.,0.));
#2166 = VECTOR('',#2167,1.);
#2167 = DIRECTION('',(0.,-1.));
#2168 = ( GEOMETRIC_REPRESENTATION_CONTEXT(2) 
PARAMETRIC_REPRESENTATION_CONTEXT() REPRESENTATION_CONTEXT('2D SPACE',''
  ) );
#2169 = ORIENTED_EDGE('',*,*,#2170,.F.);
#2170 = EDGE_CURVE('',#2135,#2155,#2171,.T.);
#2171 = SURFACE_CURVE('',#2172,(#2211),.PCURVE_S1.);
#2172 = B_SPLINE_CURVE_WITH_KNOTS('',10,(#2173,#2174,#2175,#2176,#2177,
    #2178,#2179,#2180,#2181,#2182,#2183,#2184,#2185,#2186,#2187,#2188,
    #2189,#2190,#2191,#2192,#2193,#2194,#2195,#2196,#2197,#2198,#2199,
    #2200,#2201,#2202,#2203,#2204,#2205,#2206,#2207,#2208,#2209,#2210),
  .UNSPECIFIED.,.F.,.F.,(11,9,9,9,11),(-9.287670678833,-0.109635704442,
    166.10707192842,332.32377956128,341.50181453567),.UNSPECIFIED.);
#2173 = CARTESIAN_POINT('',(4.446682028385,-97.16620419893,
    13.708004485685));
#2174 = CARTESIAN_POINT('',(3.938871216628,-96.6572448135,
    12.368481911969));
#2175 = CARTESIAN_POINT('',(3.431118524731,-96.14834367938,
    11.029112649022));
#2176 = CARTESIAN_POINT('',(2.923423952696,-95.63950079659,
    9.689896696842));
#2177 = CARTESIAN_POINT('',(2.415787500522,-95.1307161651,8.35083405543)
  );
#2178 = CARTESIAN_POINT('',(1.908209168208,-94.62198978494,
    7.011924724786));
#2179 = CARTESIAN_POINT('',(1.400688955755,-94.11332165609,
    5.673168704911));
#2180 = CARTESIAN_POINT('',(0.893226863163,-93.60471177856,
    4.334565995803));
#2181 = CARTESIAN_POINT('',(0.385822890432,-93.09616015235,
    2.996116597464));
#2182 = CARTESIAN_POINT('',(-0.121522962439,-92.58766677745,
    1.657820509892));
#2183 = CARTESIAN_POINT('',(-9.815929402083,-82.87133339222,
    -23.91445161198));
#2184 = CARTESIAN_POINT('',(-17.98225834324,-73.66343488224,
    -45.45590308921));
#2185 = CARTESIAN_POINT('',(-25.12779802615,-64.45555151825,
    -64.30467803657));
#2186 = CARTESIAN_POINT('',(-31.25254958703,-55.24762128267,
    -80.46077945119));
#2187 = CARTESIAN_POINT('',(-36.35650815337,-46.03980406538,
    -93.92419448026));
#2188 = CARTESIAN_POINT('',(-40.43969700208,-36.83181259363,
    -104.6949845244));
#2189 = CARTESIAN_POINT('',(-43.50206615723,-27.62400867263,
    -112.7730177553));
#2190 = CARTESIAN_POINT('',(-45.54371079774,-18.41606833251,
    -118.1585452394));
#2191 = CARTESIAN_POINT('',(-46.56452758536,-9.20803306022,
    -120.8512943873));
#2192 = CARTESIAN_POINT('',(-46.56452758536,9.20803306022,
    -120.8512943873));
#2193 = CARTESIAN_POINT('',(-45.54371079774,18.416068332523,
    -118.1585452394));
#2194 = CARTESIAN_POINT('',(-43.50206615722,27.624008672625,
    -112.7730177552));
#2195 = CARTESIAN_POINT('',(-40.4396970021,36.831812593653,
    -104.6949845244));
#2196 = CARTESIAN_POINT('',(-36.35650815335,46.039804065365,
    -93.92419448019));
#2197 = CARTESIAN_POINT('',(-31.25254958705,55.247621282691,
    -80.46077945125));
#2198 = CARTESIAN_POINT('',(-25.12779802614,64.455551518243,
    -64.30467803653));
#2199 = CARTESIAN_POINT('',(-17.98225834325,73.663434882243,
    -45.45590308922));
#2200 = CARTESIAN_POINT('',(-9.815929402082,82.871333392225,
    -23.91445161197));
#2201 = CARTESIAN_POINT('',(-0.121522962438,92.587666777459,
    1.657820509892));
#2202 = CARTESIAN_POINT('',(0.385822890432,93.096160152354,
    2.996116597463));
#2203 = CARTESIAN_POINT('',(0.893226863163,93.604711778567,
    4.334565995803));
#2204 = CARTESIAN_POINT('',(1.400688955755,94.113321656097,
    5.673168704911));
#2205 = CARTESIAN_POINT('',(1.908209168208,94.621989784944,
    7.011924724786));
#2206 = CARTESIAN_POINT('',(2.415787500522,95.130716165108,8.35083405543
    ));
#2207 = CARTESIAN_POINT('',(2.923423952696,95.63950079659,9.689896696842
    ));
#2208 = CARTESIAN_POINT('',(3.431118524732,96.148343679388,
    11.029112649021));
#2209 = CARTESIAN_POINT('',(3.938871216628,96.657244813504,
    12.368481911969));
#2210 = CARTESIAN_POINT('',(4.446682028385,97.166204198937,
    13.708004485685));
#2211 = PCURVE('',#2143,#2212);
#2212 = DEFINITIONAL_REPRESENTATION('',(#2213),#2234);
#2213 = B_SPLINE_CURVE_WITH_KNOTS('',10,(#2214,#2215,#2216,#2217,#2218,
    #2219,#2220,#2221,#2222,#2223,#2224,#2225,#2226,#2227,#2228,#2229,
    #2230,#2231,#2232,#2233),.UNSPECIFIED.,.F.,.F.,(11,9,11),(
    -0.109635704442,166.10707192842,332.32377956128),.UNSPECIFIED.);
#2214 = CARTESIAN_POINT('',(-0.341878195518,-151.9207683461));
#2215 = CARTESIAN_POINT('',(25.575223788371,-161.1286666077));
#2216 = CARTESIAN_POINT('',(48.612651164742,-170.3365651177));
#2217 = CARTESIAN_POINT('',(68.77040536444,-179.5444484817));
#2218 = CARTESIAN_POINT('',(86.048489592835,-188.7523787172));
#2219 = CARTESIAN_POINT('',(100.44689010436,-197.9601959346));
#2220 = CARTESIAN_POINT('',(111.96567256391,-207.1681874063));
#2221 = CARTESIAN_POINT('',(120.60469598795,-216.3759913273));
#2222 = CARTESIAN_POINT('',(126.36422887881,-225.5839316674));
#2223 = CARTESIAN_POINT('',(129.24397971653,-234.7919669397));
#2224 = CARTESIAN_POINT('',(129.24397971653,-253.2080330602));
#2225 = CARTESIAN_POINT('',(126.36422887882,-262.4160683325));
#2226 = CARTESIAN_POINT('',(120.60469598793,-271.6240086726));
#2227 = CARTESIAN_POINT('',(111.96567256393,-280.8318125936));
#2228 = CARTESIAN_POINT('',(100.44689010433,-290.0398040653));
#2229 = CARTESIAN_POINT('',(86.048489592854,-299.2476212826));
#2230 = CARTESIAN_POINT('',(68.770405364429,-308.4555515182));
#2231 = CARTESIAN_POINT('',(48.612651164747,-317.6634348822));
#2232 = CARTESIAN_POINT('',(25.57522378837,-326.8713333922));
#2233 = CARTESIAN_POINT('',(-0.341878195518,-336.0792316538));
#2234 = ( GEOMETRIC_REPRESENTATION_CONTEXT(2) 
PARAMETRIC_REPRESENTATION_CONTEXT() REPRESENTATION_CONTEXT('2D SPACE',''
  ) );
#2235 = ( GEOMETRIC_REPRESENTATION_CONTEXT(3) 
GLOBAL_UNCERTAINTY_ASSIGNED_CONTEXT((#2239)) 
GLOBAL_UNIT_ASSIGNED_CONTEXT((#2236,#2237,#2238)) REPRESENTATION_CONTEXT
('Context #1','3D Context with UNIT and UNCERTAINTY') );
#2236 = ( LENGTH_UNIT() NAMED_UNIT(*) SI_UNIT(.MILLI.,.METRE.) );
#2237 = ( NAMED_UNIT(*) PLANE_ANGLE_UNIT() SI_UNIT($,.RADIAN.) );
#2238 = ( NAMED_UNIT(*) SI_UNIT($,.STERADIAN.) SOLID_ANGLE_UNIT() );
#2239 = UNCERTAINTY_MEASURE_WITH_UNIT(LENGTH_MEASURE(1.E-05),#2236,
  'distance_accuracy_value','confusion accuracy');
#2240 = CONTEXT_DEPENDENT_SHAPE_REPRESENTATION(#2241,#2243);
#2241 = ( REPRESENTATION_RELATIONSHIP('','',#2125,#10) 
REPRESENTATION_RELATIONSHIP_WITH_TRANSFORMATION(#2242) 
SHAPE_REPRESENTATION_RELATIONSHIP() );
#2242 = ITEM_DEFINED_TRANSFORMATION('','',#11,#59);
#2243 = PRODUCT_DEFINITION_SHAPE('Placement','Placement of an item',
  #2244);
#2244 = NEXT_ASSEMBLY_USAGE_OCCURRENCE('12','','',#5,#2120,$);
#2245 = PRODUCT_RELATED_PRODUCT_CATEGORY('part',$,(#2122));
#2246 = SHAPE_DEFINITION_REPRESENTATION(#2247,#2253);
#2247 = PRODUCT_DEFINITION_SHAPE('','',#2248);
#2248 = PRODUCT_DEFINITION('design','',#2249,#2252);
#2249 = PRODUCT_DEFINITION_FORMATION('','',#2250);
#2250 = PRODUCT('Open CASCADE STEP translator 7.8 1.13',
  'Open CASCADE STEP translator 7.8 1.13','',(#2251));
#2251 = PRODUCT_CONTEXT('',#2,'mechanical');
#2252 = PRODUCT_DEFINITION_CONTEXT('part definition',#2,'design');
#2253 = MANIFOLD_SURFACE_SHAPE_REPRESENTATION('',(#11,#2254),#2336);
#2254 = SHELL_BASED_SURFACE_MODEL('',(#2255));
#2255 = OPEN_SHELL('',(#2256));
#2256 = ADVANCED_FACE('',(#2257),#2271,.T.);
#2257 = FACE_BOUND('',#2258,.T.);
#2258 = EDGE_LOOP('',(#2259,#2282,#2297));
#2259 = ORIENTED_EDGE('',*,*,#2260,.F.);
#2260 = EDGE_CURVE('',#2261,#2263,#2265,.T.);
#2261 = VERTEX_POINT('',#2262);
#2262 = CARTESIAN_POINT('',(0.75,0.,0.));
#2263 = VERTEX_POINT('',#2264);
#2264 = CARTESIAN_POINT('',(0.75,91.95768802348,0.));
#2265 = SURFACE_CURVE('',#2266,(#2270),.PCURVE_S1.);
#2266 = LINE('',#2267,#2268);
#2267 = CARTESIAN_POINT('',(0.75,-244.,0.));
#2268 = VECTOR('',#2269,1.);
#2269 = DIRECTION('',(0.,1.,0.));
#2270 = PCURVE('',#2271,#2276);
#2271 = PLANE('',#2272);
#2272 = AXIS2_PLACEMENT_3D('',#2273,#2274,#2275);
#2273 = CARTESIAN_POINT('',(93.25,-244.,-244.));
#2274 = DIRECTION('',(0.935063239715,-0.,0.354480941285));
#2275 = DIRECTION('',(-0.354480941285,0.,0.935063239715));
#2276 = DEFINITIONAL_REPRESENTATION('',(#2277),#2281);
#2277 = LINE('',#2278,#2279);
#2278 = CARTESIAN_POINT('',(260.94491755924,0.));
#2279 = VECTOR('',#2280,1.);
#2280 = DIRECTION('',(0.,-1.));
#2281 = ( GEOMETRIC_REPRESENTATION_CONTEXT(2) 
PARAMETRIC_REPRESENTATION_CONTEXT() REPRESENTATION_CONTEXT('2D SPACE',''
  ) );
#2282 = ORIENTED_EDGE('',*,*,#2283,.F.);
#2283 = EDGE_CURVE('',#2284,#2261,#2286,.T.);
#2284 = VERTEX_POINT('',#2285);
#2285 = CARTESIAN_POINT('',(46.564527585367,0.,-120.8512943873));
#2286 = SURFACE_CURVE('',#2287,(#2291),.PCURVE_S1.);
#2287 = LINE('',#2288,#2289);
#2288 = CARTESIAN_POINT('',(27.728077075585,0.,-71.16379250208));
#2289 = VECTOR('',#2290,1.);
#2290 = DIRECTION('',(-0.354480941285,-0.,0.935063239715));
#2291 = PCURVE('',#2271,#2292);
#2292 = DEFINITIONAL_REPRESENTATION('',(#2293),#2296);
#2293 = B_SPLINE_CURVE_WITH_KNOTS('',1,(#2294,#2295),.UNSPECIFIED.,.F.,
  .F.,(2,2),(-53.13811919334,76.105860523194),.PIECEWISE_BEZIER_KNOTS.);
#2294 = CARTESIAN_POINT('',(131.7009378427,-244.));
#2295 = CARTESIAN_POINT('',(260.94491755924,-244.));
#2296 = ( GEOMETRIC_REPRESENTATION_CONTEXT(2) 
PARAMETRIC_REPRESENTATION_CONTEXT() REPRESENTATION_CONTEXT('2D SPACE',''
  ) );
#2297 = ORIENTED_EDGE('',*,*,#2298,.F.);
#2298 = EDGE_CURVE('',#2263,#2284,#2299,.T.);
#2299 = SURFACE_CURVE('',#2300,(#2321),.PCURVE_S1.);
#2300 = B_SPLINE_CURVE_WITH_KNOTS('',10,(#2301,#2302,#2303,#2304,#2305,
    #2306,#2307,#2308,#2309,#2310,#2311,#2312,#2313,#2314,#2315,#2316,
    #2317,#2318,#2319,#2320),.UNSPECIFIED.,.F.,.F.,(11,9,11),(
    -9.324430068779,-0.109827087196,166.39703247597),.UNSPECIFIED.);
#2301 = CARTESIAN_POINT('',(-4.458024589795,97.177572415113,
    13.73792432335));
#2302 = CARTESIAN_POINT('',(-3.949078937416,96.66747562226,
    12.395408224103));
#2303 = CARTESIAN_POINT('',(-3.440191534783,96.157437210902,
    11.053045778238));
#2304 = CARTESIAN_POINT('',(-2.931362381895,95.647457181041,
    9.710836985756));
#2305 = CARTESIAN_POINT('',(-2.422591478753,95.137535532674,
    8.368781846656));
#2306 = CARTESIAN_POINT('',(-1.913878825356,94.627672265803,
    7.026880360939));
#2307 = CARTESIAN_POINT('',(-1.405224421704,94.117867380428,
    5.685132528604));
#2308 = CARTESIAN_POINT('',(-0.896628267798,93.608120876548,
    4.343538349651));
#2309 = CARTESIAN_POINT('',(-0.388090363637,93.098432754163,
    3.002097824081));
#2310 = CARTESIAN_POINT('',(0.120389290778,92.588803013274,
    1.660810951894));
#2311 = CARTESIAN_POINT('',(9.81592940208,82.871333392224,
    -23.91445161197));
#2312 = CARTESIAN_POINT('',(17.982258343257,73.663434882247,
    -45.45590308923));
#2313 = CARTESIAN_POINT('',(25.127798026137,64.455551518239,
    -64.30467803651));
#2314 = CARTESIAN_POINT('',(31.252549587066,55.247621282693,
    -80.46077945128));
#2315 = CARTESIAN_POINT('',(36.356508153345,46.039804065368,
    -93.92419448018));
#2316 = CARTESIAN_POINT('',(40.439697002108,36.831812593649,
    -104.6949845244));
#2317 = CARTESIAN_POINT('',(43.502066157222,27.624008672627,
    -112.7730177552));
#2318 = CARTESIAN_POINT('',(45.543710797748,18.416068332524,
    -118.1585452394));
#2319 = CARTESIAN_POINT('',(46.564527585367,9.208033060219,
    -120.8512943873));
#2320 = CARTESIAN_POINT('',(46.564527585367,0.,-120.8512943873));
#2321 = PCURVE('',#2271,#2322);
#2322 = DEFINITIONAL_REPRESENTATION('',(#2323),#2335);
#2323 = B_SPLINE_CURVE_WITH_KNOTS('',10,(#2324,#2325,#2326,#2327,#2328,
    #2329,#2330,#2331,#2332,#2333,#2334),.UNSPECIFIED.,.F.,.F.,(11,11),(
    -0.109827087196,166.39703247597),.PIECEWISE_BEZIER_KNOTS.);
#2324 = CARTESIAN_POINT('',(261.28679575476,-336.0792316538));
#2325 = CARTESIAN_POINT('',(235.36969377086,-326.8713333922));
#2326 = CARTESIAN_POINT('',(212.33226639451,-317.6634348822));
#2327 = CARTESIAN_POINT('',(192.17451219477,-308.4555515181));
#2328 = CARTESIAN_POINT('',(174.89642796645,-299.2476212827));
#2329 = CARTESIAN_POINT('',(160.49802745482,-290.0398040652));
#2330 = CARTESIAN_POINT('',(148.97924499537,-280.8318125937));
#2331 = CARTESIAN_POINT('',(140.34022157126,-271.6240086725));
#2332 = CARTESIAN_POINT('',(134.58068868044,-262.4160683325));
#2333 = CARTESIAN_POINT('',(131.7009378427,-253.2080330602));
#2334 = CARTESIAN_POINT('',(131.70093784271,-244.));
#2335 = ( GEOMETRIC_REPRESENTATION_CONTEXT(2) 
PARAMETRIC_REPRESENTATION_CONTEXT() REPRESENTATION_CONTEXT('2D SPACE',''
  ) );
#2336 = ( GEOMETRIC_REPRESENTATION_CONTEXT(3) 
GLOBAL_UNCERTAINTY_ASSIGNED_CONTEXT((#2340)) 
GLOBAL_UNIT_ASSIGNED_CONTEXT((#2337,#2338,#2339)) REPRESENTATION_CONTEXT
('Context #1','3D Context with UNIT and UNCERTAINTY') );
#2337 = ( LENGTH_UNIT() NAMED_UNIT(*) SI_UNIT(.MILLI.,.METRE.) );
#2338 = ( NAMED_UNIT(*) PLANE_ANGLE_UNIT() SI_UNIT($,.RADIAN.) );
#2339 = ( NAMED_UNIT(*) SI_UNIT($,.STERADIAN.) SOLID_ANGLE_UNIT() );
#2340 = UNCERTAINTY_MEASURE_WITH_UNIT(LENGTH_MEASURE(1.E-05),#2337,
  'distance_accuracy_value','confusion accuracy');
#2341 = CONTEXT_DEPENDENT_SHAPE_REPRESENTATION(#2342,#2344);
#2342 = ( REPRESENTATION_RELATIONSHIP('','',#2253,#10) 
REPRESENTATION_RELATIONSHIP_WITH_TRANSFORMATION(#2343) 
SHAPE_REPRESENTATION_RELATIONSHIP() );
#2343 = ITEM_DEFINED_TRANSFORMATION('','',#11,#63);
#2344 = PRODUCT_DEFINITION_SHAPE('Placement','Placement of an item',
  #2345);
#2345 = NEXT_ASSEMBLY_USAGE_OCCURRENCE('13','','',#5,#2248,$);
#2346 = PRODUCT_RELATED_PRODUCT_CATEGORY('part',$,(#2250));
#2347 = SHAPE_DEFINITION_REPRESENTATION(#2348,#2354);
#2348 = PRODUCT_DEFINITION_SHAPE('','',#2349);
#2349 = PRODUCT_DEFINITION('design','',#2350,#2353);
#2350 = PRODUCT_DEFINITION_FORMATION('','',#2351);
#2351 = PRODUCT('Open CASCADE STEP translator 7.8 1.14',
  'Open CASCADE STEP translator 7.8 1.14','',(#2352));
#2352 = PRODUCT_CONTEXT('',#2,'mechanical');
#2353 = PRODUCT_DEFINITION_CONTEXT('part definition',#2,'design');
#2354 = MANIFOLD_SURFACE_SHAPE_REPRESENTATION('',(#11,#2355),#2429);
#2355 = SHELL_BASED_SURFACE_MODEL('',(#2356));
#2356 = OPEN_SHELL('',(#2357));
#2357 = ADVANCED_FACE('',(#2358),#2372,.T.);
#2358 = FACE_BOUND('',#2359,.T.);
#2359 = EDGE_LOOP('',(#2360,#2383,#2399,#2415));
#2360 = ORIENTED_EDGE('',*,*,#2361,.T.);
#2361 = EDGE_CURVE('',#2362,#2364,#2366,.T.);
#2362 = VERTEX_POINT('',#2363);
#2363 = CARTESIAN_POINT('',(-15.,0.,0.));
#2364 = VERTEX_POINT('',#2365);
#2365 = CARTESIAN_POINT('',(-15.,0.,30.));
#2366 = SURFACE_CURVE('',#2367,(#2371),.PCURVE_S1.);
#2367 = LINE('',#2368,#2369);
#2368 = CARTESIAN_POINT('',(-15.,0.,0.));
#2369 = VECTOR('',#2370,1.);
#2370 = DIRECTION('',(0.,0.,1.));
#2371 = PCURVE('',#2372,#2377);
#2372 = PLANE('',#2373);
#2373 = AXIS2_PLACEMENT_3D('',#2374,#2375,#2376);
#2374 = CARTESIAN_POINT('',(-15.,0.,0.));
#2375 = DIRECTION('',(-1.,0.,0.));
#2376 = DIRECTION('',(0.,1.,0.));
#2377 = DEFINITIONAL_REPRESENTATION('',(#2378),#2382);
#2378 = LINE('',#2379,#2380);
#2379 = CARTESIAN_POINT('',(0.,0.));
#2380 = VECTOR('',#2381,1.);
#2381 = DIRECTION('',(0.,-1.));
#2382 = ( GEOMETRIC_REPRESENTATION_CONTEXT(2) 
PARAMETRIC_REPRESENTATION_CONTEXT() REPRESENTATION_CONTEXT('2D SPACE',''
  ) );
#2383 = ORIENTED_EDGE('',*,*,#2384,.T.);
#2384 = EDGE_CURVE('',#2364,#2385,#2387,.T.);
#2385 = VERTEX_POINT('',#2386);
#2386 = CARTESIAN_POINT('',(-15.,105.68741851997,30.));
#2387 = SURFACE_CURVE('',#2388,(#2392),.PCURVE_S1.);
#2388 = LINE('',#2389,#2390);
#2389 = CARTESIAN_POINT('',(-15.,-244.,30.));
#2390 = VECTOR('',#2391,1.);
#2391 = DIRECTION('',(0.,1.,0.));
#2392 = PCURVE('',#2372,#2393);
#2393 = DEFINITIONAL_REPRESENTATION('',(#2394),#2398);
#2394 = LINE('',#2395,#2396);
#2395 = CARTESIAN_POINT('',(-244.,-30.));
#2396 = VECTOR('',#2397,1.);
#2397 = DIRECTION('',(1.,0.));
#2398 = ( GEOMETRIC_REPRESENTATION_CONTEXT(2) 
PARAMETRIC_REPRESENTATION_CONTEXT() REPRESENTATION_CONTEXT('2D SPACE',''
  ) );
#2399 = ORIENTED_EDGE('',*,*,#2400,.F.);
#2400 = EDGE_CURVE('',#2401,#2385,#2403,.T.);
#2401 = VERTEX_POINT('',#2402);
#2402 = CARTESIAN_POINT('',(-15.,105.68741851997,0.));
#2403 = SURFACE_CURVE('',#2404,(#2408),.PCURVE_S1.);
#2404 = LINE('',#2405,#2406);
#2405 = CARTESIAN_POINT('',(-15.,105.68741851997,0.));
#2406 = VECTOR('',#2407,1.);
#2407 = DIRECTION('',(0.,0.,1.));
#2408 = PCURVE('',#2372,#2409);
#2409 = DEFINITIONAL_REPRESENTATION('',(#2410),#2414);
#2410 = LINE('',#2411,#2412);
#2411 = CARTESIAN_POINT('',(105.68741851997,0.));
#2412 = VECTOR('',#2413,1.);
#2413 = DIRECTION('',(0.,-1.));
#2414 = ( GEOMETRIC_REPRESENTATION_CONTEXT(2) 
PARAMETRIC_REPRESENTATION_CONTEXT() REPRESENTATION_CONTEXT('2D SPACE',''
  ) );
#2415 = ORIENTED_EDGE('',*,*,#2416,.F.);
#2416 = EDGE_CURVE('',#2362,#2401,#2417,.T.);
#2417 = SURFACE_CURVE('',#2418,(#2422),.PCURVE_S1.);
#2418 = LINE('',#2419,#2420);
#2419 = CARTESIAN_POINT('',(-15.,-244.,0.));
#2420 = VECTOR('',#2421,1.);
#2421 = DIRECTION('',(0.,1.,0.));
#2422 = PCURVE('',#2372,#2423);
#2423 = DEFINITIONAL_REPRESENTATION('',(#2424),#2428);
#2424 = LINE('',#2425,#2426);
#2425 = CARTESIAN_POINT('',(-244.,0.));
#2426 = VECTOR('',#2427,1.);
#2427 = DIRECTION('',(1.,0.));
#2428 = ( GEOMETRIC_REPRESENTATION_CONTEXT(2) 
PARAMETRIC_REPRESENTATION_CONTEXT() REPRESENTATION_CONTEXT('2D SPACE',''
  ) );
#2429 = ( GEOMETRIC_REPRESENTATION_CONTEXT(3) 
GLOBAL_UNCERTAINTY_ASSIGNED_CONTEXT((#2433)) 
GLOBAL_UNIT_ASSIGNED_CONTEXT((#2430,#2431,#2432)) REPRESENTATION_CONTEXT
('Context #1','3D Context with UNIT and UNCERTAINTY') );
#2430 = ( LENGTH_UNIT() NAMED_UNIT(*) SI_UNIT(.MILLI.,.METRE.) );
#2431 = ( NAMED_UNIT(*) PLANE_ANGLE_UNIT() SI_UNIT($,.RADIAN.) );
#2432 = ( NAMED_UNIT(*) SI_UNIT($,.STERADIAN.) SOLID_ANGLE_UNIT() );
#2433 = UNCERTAINTY_MEASURE_WITH_UNIT(LENGTH_MEASURE(5.E-05),#2430,
  'distance_accuracy_value','confusion accuracy');
#2434 = CONTEXT_DEPENDENT_SHAPE_REPRESENTATION(#2435,#2437);
#2435 = ( REPRESENTATION_RELATIONSHIP('','',#2354,#10) 
REPRESENTATION_RELATIONSHIP_WITH_TRANSFORMATION(#2436) 
SHAPE_REPRESENTATION_RELATIONSHIP() );
#2436 = ITEM_DEFINED_TRANSFORMATION('','',#11,#67);
#2437 = PRODUCT_DEFINITION_SHAPE('Placement','Placement of an item',
  #2438);
#2438 = NEXT_ASSEMBLY_USAGE_OCCURRENCE('14','','',#5,#2349,$);
#2439 = PRODUCT_RELATED_PRODUCT_CATEGORY('part',$,(#2351));
#2440 = SHAPE_DEFINITION_REPRESENTATION(#2441,#2447);
#2441 = PRODUCT_DEFINITION_SHAPE('','',#2442);
#2442 = PRODUCT_DEFINITION('design','',#2443,#2446);
#2443 = PRODUCT_DEFINITION_FORMATION('','',#2444);
#2444 = PRODUCT('Open CASCADE STEP translator 7.8 1.15',
  'Open CASCADE STEP translator 7.8 1.15','',(#2445));
#2445 = PRODUCT_CONTEXT('',#2,'mechanical');
#2446 = PRODUCT_DEFINITION_CONTEXT('part definition',#2,'design');
#2447 = MANIFOLD_SURFACE_SHAPE_REPRESENTATION('',(#11,#2448),#2581);
#2448 = SHELL_BASED_SURFACE_MODEL('',(#2449));
#2449 = OPEN_SHELL('',(#2450));
#2450 = ADVANCED_FACE('',(#2451),#2465,.F.);
#2451 = FACE_BOUND('',#2452,.F.);
#2452 = EDGE_LOOP('',(#2453,#2497,#2532,#2548));
#2453 = ORIENTED_EDGE('',*,*,#2454,.T.);
#2454 = EDGE_CURVE('',#2455,#2457,#2459,.T.);
#2455 = VERTEX_POINT('',#2456);
#2456 = CARTESIAN_POINT('',(-11.6865338751,109.37744249152,0.));
#2457 = VERTEX_POINT('',#2458);
#2458 = CARTESIAN_POINT('',(-11.6865338751,109.37744249152,30.));
#2459 = SURFACE_CURVE('',#2460,(#2464),.PCURVE_S1.);
#2460 = LINE('',#2461,#2462);
#2461 = CARTESIAN_POINT('',(-11.6865338751,109.37744249152,0.));
#2462 = VECTOR('',#2463,1.);
#2463 = DIRECTION('',(0.,0.,1.));
#2464 = PCURVE('',#2465,#2491);
#2465 = SURFACE_OF_LINEAR_EXTRUSION('',#2466,#2489);
#2466 = B_SPLINE_CURVE_WITH_KNOTS('',6,(#2467,#2468,#2469,#2470,#2471,
    #2472,#2473,#2474,#2475,#2476,#2477,#2478,#2479,#2480,#2481,#2482,
    #2483,#2484,#2485,#2486,#2487,#2488),.UNSPECIFIED.,.F.,.F.,(7,5,5,5,
    7),(0.,0.249996249286,0.500000158506,0.750003950086,1.),
  .UNSPECIFIED.);
#2467 = CARTESIAN_POINT('',(-11.6865338751,109.37744249152,0.));
#2468 = CARTESIAN_POINT('',(-11.87923586692,109.3568530692,0.));
#2469 = CARTESIAN_POINT('',(-12.07826627144,109.32159673452,0.));
#2470 = CARTESIAN_POINT('',(-12.2821198145,109.27023700778,0.));
#2471 = CARTESIAN_POINT('',(-12.48874457577,109.20159644852,0.));
#2472 = CARTESIAN_POINT('',(-12.69551255155,109.11511100954,0.));
#2473 = CARTESIAN_POINT('',(-13.10369764927,108.90693830458,0.));
#2474 = CARTESIAN_POINT('',(-13.30511387214,108.78524942858,0.));
#2475 = CARTESIAN_POINT('',(-13.50103347748,108.646201095,0.));
#2476 = CARTESIAN_POINT('',(-13.68842123767,108.49082661764,0.));
#2477 = CARTESIAN_POINT('',(-13.86448035214,108.32108579602,0.));
#2478 = CARTESIAN_POINT('',(-14.18963120767,107.95781751086,0.));
#2479 = CARTESIAN_POINT('',(-14.33872225008,107.76429094776,0.));
#2480 = CARTESIAN_POINT('',(-14.47216873869,107.56134121485,0.));
#2481 = CARTESIAN_POINT('',(-14.58842841572,107.35198077732,0.));
#2482 = CARTESIAN_POINT('',(-14.6869012012,107.13929623478,0.));
#2483 = CARTESIAN_POINT('',(-14.84852923067,106.71280982663,0.));
#2484 = CARTESIAN_POINT('',(-14.91168623034,106.4990085522,0.));
#2485 = CARTESIAN_POINT('',(-14.95731438414,106.28741301922,0.));
#2486 = CARTESIAN_POINT('',(-14.98629199021,106.08048400492,0.));
#2487 = CARTESIAN_POINT('',(-15.,105.88005672423,0.));
#2488 = CARTESIAN_POINT('',(-15.,105.68741865998,0.));
#2489 = VECTOR('',#2490,1.);
#2490 = DIRECTION('',(-0.,-0.,-1.));
#2491 = DEFINITIONAL_REPRESENTATION('',(#2492),#2496);
#2492 = LINE('',#2493,#2494);
#2493 = CARTESIAN_POINT('',(0.,0.));
#2494 = VECTOR('',#2495,1.);
#2495 = DIRECTION('',(0.,-1.));
#2496 = ( GEOMETRIC_REPRESENTATION_CONTEXT(2) 
PARAMETRIC_REPRESENTATION_CONTEXT() REPRESENTATION_CONTEXT('2D SPACE',''
  ) );
#2497 = ORIENTED_EDGE('',*,*,#2498,.T.);
#2498 = EDGE_CURVE('',#2457,#2499,#2501,.T.);
#2499 = VERTEX_POINT('',#2500);
#2500 = CARTESIAN_POINT('',(-15.,105.68741851997,30.));
#2501 = SURFACE_CURVE('',#2502,(#2525),.PCURVE_S1.);
#2502 = B_SPLINE_CURVE_WITH_KNOTS('',6,(#2503,#2504,#2505,#2506,#2507,
    #2508,#2509,#2510,#2511,#2512,#2513,#2514,#2515,#2516,#2517,#2518,
    #2519,#2520,#2521,#2522,#2523,#2524),.UNSPECIFIED.,.F.,.F.,(7,5,5,5,
    7),(0.,0.249996249286,0.500000158506,0.750003950086,1.),
  .UNSPECIFIED.);
#2503 = CARTESIAN_POINT('',(-11.6865338751,109.37744249152,30.));
#2504 = CARTESIAN_POINT('',(-11.87923586692,109.3568530692,30.));
#2505 = CARTESIAN_POINT('',(-12.07826627144,109.32159673452,30.));
#2506 = CARTESIAN_POINT('',(-12.2821198145,109.27023700778,30.));
#2507 = CARTESIAN_POINT('',(-12.48874457577,109.20159644852,30.));
#2508 = CARTESIAN_POINT('',(-12.69551255155,109.11511100954,30.));
#2509 = CARTESIAN_POINT('',(-13.10369764927,108.90693830458,30.));
#2510 = CARTESIAN_POINT('',(-13.30511387214,108.78524942858,30.));
#2511 = CARTESIAN_POINT('',(-13.50103347748,108.646201095,30.));
#2512 = CARTESIAN_POINT('',(-13.68842123767,108.49082661764,30.));
#2513 = CARTESIAN_POINT('',(-13.86448035214,108.32108579602,30.));
#2514 = CARTESIAN_POINT('',(-14.18963120767,107.95781751086,30.));
#2515 = CARTESIAN_POINT('',(-14.33872225008,107.76429094776,30.));
#2516 = CARTESIAN_POINT('',(-14.47216873869,107.56134121485,30.));
#2517 = CARTESIAN_POINT('',(-14.58842841572,107.35198077732,30.));
#2518 = CARTESIAN_POINT('',(-14.6869012012,107.13929623478,30.));
#2519 = CARTESIAN_POINT('',(-14.84852923067,106.71280982663,30.));
#2520 = CARTESIAN_POINT('',(-14.91168623034,106.4990085522,30.));
#2521 = CARTESIAN_POINT('',(-14.95731438414,106.28741301922,30.));
#2522 = CARTESIAN_POINT('',(-14.98629199021,106.08048400492,30.));
#2523 = CARTESIAN_POINT('',(-15.,105.88005672423,30.));
#2524 = CARTESIAN_POINT('',(-15.,105.68741865998,30.));
#2525 = PCURVE('',#2465,#2526);
#2526 = DEFINITIONAL_REPRESENTATION('',(#2527),#2531);
#2527 = LINE('',#2528,#2529);
#2528 = CARTESIAN_POINT('',(0.,-30.));
#2529 = VECTOR('',#2530,1.);
#2530 = DIRECTION('',(1.,0.));
#2531 = ( GEOMETRIC_REPRESENTATION_CONTEXT(2) 
PARAMETRIC_REPRESENTATION_CONTEXT() REPRESENTATION_CONTEXT('2D SPACE',''
  ) );
#2532 = ORIENTED_EDGE('',*,*,#2533,.F.);
#2533 = EDGE_CURVE('',#2534,#2499,#2536,.T.);
#2534 = VERTEX_POINT('',#2535);
#2535 = CARTESIAN_POINT('',(-15.,105.68741851997,0.));
#2536 = SURFACE_CURVE('',#2537,(#2541),.PCURVE_S1.);
#2537 = LINE('',#2538,#2539);
#2538 = CARTESIAN_POINT('',(-15.,105.68741851997,0.));
#2539 = VECTOR('',#2540,1.);
#2540 = DIRECTION('',(0.,0.,1.));
#2541 = PCURVE('',#2465,#2542);
#2542 = DEFINITIONAL_REPRESENTATION('',(#2543),#2547);
#2543 = LINE('',#2544,#2545);
#2544 = CARTESIAN_POINT('',(1.,0.));
#2545 = VECTOR('',#2546,1.);
#2546 = DIRECTION('',(0.,-1.));
#2547 = ( GEOMETRIC_REPRESENTATION_CONTEXT(2) 
PARAMETRIC_REPRESENTATION_CONTEXT() REPRESENTATION_CONTEXT('2D SPACE',''
  ) );
#2548 = ORIENTED_EDGE('',*,*,#2549,.F.);
#2549 = EDGE_CURVE('',#2455,#2534,#2550,.T.);
#2550 = SURFACE_CURVE('',#2551,(#2574),.PCURVE_S1.);
#2551 = B_SPLINE_CURVE_WITH_KNOTS('',6,(#2552,#2553,#2554,#2555,#2556,
    #2557,#2558,#2559,#2560,#2561,#2562,#2563,#2564,#2565,#2566,#2567,
    #2568,#2569,#2570,#2571,#2572,#2573),.UNSPECIFIED.,.F.,.F.,(7,5,5,5,
    7),(0.,0.249996249286,0.500000158506,0.750003950086,1.),
  .UNSPECIFIED.);
#2552 = CARTESIAN_POINT('',(-11.6865338751,109.37744249152,0.));
#2553 = CARTESIAN_POINT('',(-11.87923586692,109.3568530692,0.));
#2554 = CARTESIAN_POINT('',(-12.07826627144,109.32159673452,0.));
#2555 = CARTESIAN_POINT('',(-12.2821198145,109.27023700778,0.));
#2556 = CARTESIAN_POINT('',(-12.48874457577,109.20159644852,0.));
#2557 = CARTESIAN_POINT('',(-12.69551255155,109.11511100954,0.));
#2558 = CARTESIAN_POINT('',(-13.10369764927,108.90693830458,0.));
#2559 = CARTESIAN_POINT('',(-13.30511387214,108.78524942858,0.));
#2560 = CARTESIAN_POINT('',(-13.50103347748,108.646201095,0.));
#2561 = CARTESIAN_POINT('',(-13.68842123767,108.49082661764,0.));
#2562 = CARTESIAN_POINT('',(-13.86448035214,108.32108579602,0.));
#2563 = CARTESIAN_POINT('',(-14.18963120767,107.95781751086,0.));
#2564 = CARTESIAN_POINT('',(-14.33872225008,107.76429094776,0.));
#2565 = CARTESIAN_POINT('',(-14.47216873869,107.56134121485,0.));
#2566 = CARTESIAN_POINT('',(-14.58842841572,107.35198077732,0.));
#2567 = CARTESIAN_POINT('',(-14.6869012012,107.13929623478,0.));
#2568 = CARTESIAN_POINT('',(-14.84852923067,106.71280982663,0.));
#2569 = CARTESIAN_POINT('',(-14.91168623034,106.4990085522,0.));
#2570 = CARTESIAN_POINT('',(-14.95731438414,106.28741301922,0.));
#2571 = CARTESIAN_POINT('',(-14.98629199021,106.08048400492,0.));
#2572 = CARTESIAN_POINT('',(-15.,105.88005672423,0.));
#2573 = CARTESIAN_POINT('',(-15.,105.68741865998,0.));
#2574 = PCURVE('',#2465,#2575);
#2575 = DEFINITIONAL_REPRESENTATION('',(#2576),#2580);
#2576 = LINE('',#2577,#2578);
#2577 = CARTESIAN_POINT('',(0.,0.));
#2578 = VECTOR('',#2579,1.);
#2579 = DIRECTION('',(1.,0.));
#2580 = ( GEOMETRIC_REPRESENTATION_CONTEXT(2) 
PARAMETRIC_REPRESENTATION_CONTEXT() REPRESENTATION_CONTEXT('2D SPACE',''
  ) );
#2581 = ( GEOMETRIC_REPRESENTATION_CONTEXT(3) 
GLOBAL_UNCERTAINTY_ASSIGNED_CONTEXT((#2585)) 
GLOBAL_UNIT_ASSIGNED_CONTEXT((#2582,#2583,#2584)) REPRESENTATION_CONTEXT
('Context #1','3D Context with UNIT and UNCERTAINTY') );
#2582 = ( LENGTH_UNIT() NAMED_UNIT(*) SI_UNIT(.MILLI.,.METRE.) );
#2583 = ( NAMED_UNIT(*) PLANE_ANGLE_UNIT() SI_UNIT($,.RADIAN.) );
#2584 = ( NAMED_UNIT(*) SI_UNIT($,.STERADIAN.) SOLID_ANGLE_UNIT() );
#2585 = UNCERTAINTY_MEASURE_WITH_UNIT(LENGTH_MEASURE(1.E-04),#2582,
  'distance_accuracy_value','confusion accuracy');
#2586 = CONTEXT_DEPENDENT_SHAPE_REPRESENTATION(#2587,#2589);
#2587 = ( REPRESENTATION_RELATIONSHIP('','',#2447,#10) 
REPRESENTATION_RELATIONSHIP_WITH_TRANSFORMATION(#2588) 
SHAPE_REPRESENTATION_RELATIONSHIP() );
#2588 = ITEM_DEFINED_TRANSFORMATION('','',#11,#71);
#2589 = PRODUCT_DEFINITION_SHAPE('Placement','Placement of an item',
  #2590);
#2590 = NEXT_ASSEMBLY_USAGE_OCCURRENCE('15','','',#5,#2442,$);
#2591 = PRODUCT_RELATED_PRODUCT_CATEGORY('part',$,(#2444));
#2592 = SHAPE_DEFINITION_REPRESENTATION(#2593,#2599);
#2593 = PRODUCT_DEFINITION_SHAPE('','',#2594);
#2594 = PRODUCT_DEFINITION('design','',#2595,#2598);
#2595 = PRODUCT_DEFINITION_FORMATION('','',#2596);
#2596 = PRODUCT('Open CASCADE STEP translator 7.8 1.16',
  'Open CASCADE STEP translator 7.8 1.16','',(#2597));
#2597 = PRODUCT_CONTEXT('',#2,'mechanical');
#2598 = PRODUCT_DEFINITION_CONTEXT('part definition',#2,'design');
#2599 = MANIFOLD_SURFACE_SHAPE_REPRESENTATION('',(#11,#2600),#2676);
#2600 = SHELL_BASED_SURFACE_MODEL('',(#2601));
#2601 = OPEN_SHELL('',(#2602));
#2602 = ADVANCED_FACE('',(#2603),#2617,.F.);
#2603 = FACE_BOUND('',#2604,.T.);
#2604 = EDGE_LOOP('',(#2605,#2628,#2645,#2661));
#2605 = ORIENTED_EDGE('',*,*,#2606,.T.);
#2606 = EDGE_CURVE('',#2607,#2609,#2611,.T.);
#2607 = VERTEX_POINT('',#2608);
#2608 = CARTESIAN_POINT('',(11.686533875108,109.37744249152,0.));
#2609 = VERTEX_POINT('',#2610);
#2610 = CARTESIAN_POINT('',(11.686533875108,109.37744249152,30.));
#2611 = SURFACE_CURVE('',#2612,(#2616),.PCURVE_S1.);
#2612 = LINE('',#2613,#2614);
#2613 = CARTESIAN_POINT('',(11.686533875108,109.37744249152,0.));
#2614 = VECTOR('',#2615,1.);
#2615 = DIRECTION('',(0.,0.,1.));
#2616 = PCURVE('',#2617,#2622);
#2617 = CYLINDRICAL_SURFACE('',#2618,110.);
#2618 = AXIS2_PLACEMENT_3D('',#2619,#2620,#2621);
#2619 = CARTESIAN_POINT('',(0.,0.,0.));
#2620 = DIRECTION('',(-0.,-0.,-1.));
#2621 = DIRECTION('',(1.,0.,-0.));
#2622 = DEFINITIONAL_REPRESENTATION('',(#2623),#2627);
#2623 = LINE('',#2624,#2625);
#2624 = CARTESIAN_POINT('',(-1.464354226824,0.));
#2625 = VECTOR('',#2626,1.);
#2626 = DIRECTION('',(-0.,-1.));
#2627 = ( GEOMETRIC_REPRESENTATION_CONTEXT(2) 
PARAMETRIC_REPRESENTATION_CONTEXT() REPRESENTATION_CONTEXT('2D SPACE',''
  ) );
#2628 = ORIENTED_EDGE('',*,*,#2629,.T.);
#2629 = EDGE_CURVE('',#2609,#2630,#2632,.T.);
#2630 = VERTEX_POINT('',#2631);
#2631 = CARTESIAN_POINT('',(-11.6865338751,109.37744249152,30.));
#2632 = SURFACE_CURVE('',#2633,(#2638),.PCURVE_S1.);
#2633 = CIRCLE('',#2634,110.);
#2634 = AXIS2_PLACEMENT_3D('',#2635,#2636,#2637);
#2635 = CARTESIAN_POINT('',(0.,0.,30.));
#2636 = DIRECTION('',(0.,0.,1.));
#2637 = DIRECTION('',(1.,0.,-0.));
#2638 = PCURVE('',#2617,#2639);
#2639 = DEFINITIONAL_REPRESENTATION('',(#2640),#2644);
#2640 = LINE('',#2641,#2642);
#2641 = CARTESIAN_POINT('',(-0.,-30.));
#2642 = VECTOR('',#2643,1.);
#2643 = DIRECTION('',(-1.,0.));
#2644 = ( GEOMETRIC_REPRESENTATION_CONTEXT(2) 
PARAMETRIC_REPRESENTATION_CONTEXT() REPRESENTATION_CONTEXT('2D SPACE',''
  ) );
#2645 = ORIENTED_EDGE('',*,*,#2646,.F.);
#2646 = EDGE_CURVE('',#2647,#2630,#2649,.T.);
#2647 = VERTEX_POINT('',#2648);
#2648 = CARTESIAN_POINT('',(-11.6865338751,109.37744249152,0.));
#2649 = SURFACE_CURVE('',#2650,(#2654),.PCURVE_S1.);
#2650 = LINE('',#2651,#2652);
#2651 = CARTESIAN_POINT('',(-11.6865338751,109.37744249152,0.));
#2652 = VECTOR('',#2653,1.);
#2653 = DIRECTION('',(0.,0.,1.));
#2654 = PCURVE('',#2617,#2655);
#2655 = DEFINITIONAL_REPRESENTATION('',(#2656),#2660);
#2656 = LINE('',#2657,#2658);
#2657 = CARTESIAN_POINT('',(-1.677238426766,0.));
#2658 = VECTOR('',#2659,1.);
#2659 = DIRECTION('',(-0.,-1.));
#2660 = ( GEOMETRIC_REPRESENTATION_CONTEXT(2) 
PARAMETRIC_REPRESENTATION_CONTEXT() REPRESENTATION_CONTEXT('2D SPACE',''
  ) );
#2661 = ORIENTED_EDGE('',*,*,#2662,.F.);
#2662 = EDGE_CURVE('',#2607,#2647,#2663,.T.);
#2663 = SURFACE_CURVE('',#2664,(#2669),.PCURVE_S1.);
#2664 = CIRCLE('',#2665,110.);
#2665 = AXIS2_PLACEMENT_3D('',#2666,#2667,#2668);
#2666 = CARTESIAN_POINT('',(0.,0.,0.));
#2667 = DIRECTION('',(0.,0.,1.));
#2668 = DIRECTION('',(1.,0.,-0.));
#2669 = PCURVE('',#2617,#2670);
#2670 = DEFINITIONAL_REPRESENTATION('',(#2671),#2675);
#2671 = LINE('',#2672,#2673);
#2672 = CARTESIAN_POINT('',(-0.,0.));
#2673 = VECTOR('',#2674,1.);
#2674 = DIRECTION('',(-1.,0.));
#2675 = ( GEOMETRIC_REPRESENTATION_CONTEXT(2) 
PARAMETRIC_REPRESENTATION_CONTEXT() REPRESENTATION_CONTEXT('2D SPACE',''
  ) );
#2676 = ( GEOMETRIC_REPRESENTATION_CONTEXT(3) 
GLOBAL_UNCERTAINTY_ASSIGNED_CONTEXT((#2680)) 
GLOBAL_UNIT_ASSIGNED_CONTEXT((#2677,#2678,#2679)) REPRESENTATION_CONTEXT
('Context #1','3D Context with UNIT and UNCERTAINTY') );
#2677 = ( LENGTH_UNIT() NAMED_UNIT(*) SI_UNIT(.MILLI.,.METRE.) );
#2678 = ( NAMED_UNIT(*) PLANE_ANGLE_UNIT() SI_UNIT($,.RADIAN.) );
#2679 = ( NAMED_UNIT(*) SI_UNIT($,.STERADIAN.) SOLID_ANGLE_UNIT() );
#2680 = UNCERTAINTY_MEASURE_WITH_UNIT(LENGTH_MEASURE(5.E-05),#2677,
  'distance_accuracy_value','confusion accuracy');
#2681 = CONTEXT_DEPENDENT_SHAPE_REPRESENTATION(#2682,#2684);
#2682 = ( REPRESENTATION_RELATIONSHIP('','',#2599,#10) 
REPRESENTATION_RELATIONSHIP_WITH_TRANSFORMATION(#2683) 
SHAPE_REPRESENTATION_RELATIONSHIP() );
#2683 = ITEM_DEFINED_TRANSFORMATION('','',#11,#75);
#2684 = PRODUCT_DEFINITION_SHAPE('Placement','Placement of an item',
  #2685);
#2685 = NEXT_ASSEMBLY_USAGE_OCCURRENCE('16','','',#5,#2594,$);
#2686 = PRODUCT_RELATED_PRODUCT_CATEGORY('part',$,(#2596));
#2687 = SHAPE_DEFINITION_REPRESENTATION(#2688,#2694);
#2688 = PRODUCT_DEFINITION_SHAPE('','',#2689);
#2689 = PRODUCT_DEFINITION('design','',#2690,#2693);
#2690 = PRODUCT_DEFINITION_FORMATION('','',#2691);
#2691 = PRODUCT('Open CASCADE STEP translator 7.8 1.17',
  'Open CASCADE STEP translator 7.8 1.17','',(#2692));
#2692 = PRODUCT_CONTEXT('',#2,'mechanical');
#2693 = PRODUCT_DEFINITION_CONTEXT('part definition',#2,'design');
#2694 = MANIFOLD_SURFACE_SHAPE_REPRESENTATION('',(#11,#2695),#2828);
#2695 = SHELL_BASED_SURFACE_MODEL('',(#2696));
#2696 = OPEN_SHELL('',(#2697));
#2697 = ADVANCED_FACE('',(#2698),#2712,.T.);
#2698 = FACE_BOUND('',#2699,.T.);
#2699 = EDGE_LOOP('',(#2700,#2744,#2779,#2795));
#2700 = ORIENTED_EDGE('',*,*,#2701,.T.);
#2701 = EDGE_CURVE('',#2702,#2704,#2706,.T.);
#2702 = VERTEX_POINT('',#2703);
#2703 = CARTESIAN_POINT('',(11.686533875108,109.37744249152,0.));
#2704 = VERTEX_POINT('',#2705);
#2705 = CARTESIAN_POINT('',(11.686533875108,109.37744249152,30.));
#2706 = SURFACE_CURVE('',#2707,(#2711),.PCURVE_S1.);
#2707 = LINE('',#2708,#2709);
#2708 = CARTESIAN_POINT('',(11.686533875108,109.37744249152,0.));
#2709 = VECTOR('',#2710,1.);
#2710 = DIRECTION('',(0.,0.,1.));
#2711 = PCURVE('',#2712,#2738);
#2712 = SURFACE_OF_LINEAR_EXTRUSION('',#2713,#2736);
#2713 = B_SPLINE_CURVE_WITH_KNOTS('',6,(#2714,#2715,#2716,#2717,#2718,
    #2719,#2720,#2721,#2722,#2723,#2724,#2725,#2726,#2727,#2728,#2729,
    #2730,#2731,#2732,#2733,#2734,#2735),.UNSPECIFIED.,.F.,.F.,(7,5,5,5,
    7),(0.,0.249985035126,0.500000631737,0.750015759454,1.),
  .UNSPECIFIED.);
#2714 = CARTESIAN_POINT('',(11.686533875108,109.37744249152,0.));
#2715 = CARTESIAN_POINT('',(11.87924699387,109.35685188033,0.));
#2716 = CARTESIAN_POINT('',(12.078284948411,109.32159312503,0.));
#2717 = CARTESIAN_POINT('',(12.282141356677,109.2702307478,0.));
#2718 = CARTESIAN_POINT('',(12.488763556797,109.20158888601,0.));
#2719 = CARTESIAN_POINT('',(12.695523962093,109.11510519306,0.));
#2720 = CARTESIAN_POINT('',(13.103705008105,108.90693454877,0.));
#2721 = CARTESIAN_POINT('',(13.305124332767,108.78524272964,0.));
#2722 = CARTESIAN_POINT('',(13.501043218123,108.64619329984,0.));
#2723 = CARTESIAN_POINT('',(13.688427911558,108.49082017951,0.));
#2724 = CARTESIAN_POINT('',(13.864483446735,108.3210823452,0.));
#2725 = CARTESIAN_POINT('',(14.189627979484,107.95782111095,0.));
#2726 = CARTESIAN_POINT('',(14.338716358679,107.76429859729,0.));
#2727 = CARTESIAN_POINT('',(14.472161873073,107.56135209121,0.));
#2728 = CARTESIAN_POINT('',(14.588422800277,107.3519921465,0.));
#2729 = CARTESIAN_POINT('',(14.686898244871,107.13930404307,0.));
#2730 = CARTESIAN_POINT('',(14.848524735818,106.71282167973,0.));
#2731 = CARTESIAN_POINT('',(14.9116808308,106.49902804168,0.));
#2732 = CARTESIAN_POINT('',(14.957310532064,106.28743485211,0.));
#2733 = CARTESIAN_POINT('',(14.986290419749,106.08050272173,0.));
#2734 = CARTESIAN_POINT('',(15.,105.88006776949,0.));
#2735 = CARTESIAN_POINT('',(15.,105.68741865998,0.));
#2736 = VECTOR('',#2737,1.);
#2737 = DIRECTION('',(-0.,-0.,-1.));
#2738 = DEFINITIONAL_REPRESENTATION('',(#2739),#2743);
#2739 = LINE('',#2740,#2741);
#2740 = CARTESIAN_POINT('',(0.,0.));
#2741 = VECTOR('',#2742,1.);
#2742 = DIRECTION('',(0.,-1.));
#2743 = ( GEOMETRIC_REPRESENTATION_CONTEXT(2) 
PARAMETRIC_REPRESENTATION_CONTEXT() REPRESENTATION_CONTEXT('2D SPACE',''
  ) );
#2744 = ORIENTED_EDGE('',*,*,#2745,.T.);
#2745 = EDGE_CURVE('',#2704,#2746,#2748,.T.);
#2746 = VERTEX_POINT('',#2747);
#2747 = CARTESIAN_POINT('',(15.,105.68741851997,30.));
#2748 = SURFACE_CURVE('',#2749,(#2772),.PCURVE_S1.);
#2749 = B_SPLINE_CURVE_WITH_KNOTS('',6,(#2750,#2751,#2752,#2753,#2754,
    #2755,#2756,#2757,#2758,#2759,#2760,#2761,#2762,#2763,#2764,#2765,
    #2766,#2767,#2768,#2769,#2770,#2771),.UNSPECIFIED.,.F.,.F.,(7,5,5,5,
    7),(0.,0.249985035126,0.500000631737,0.750015759454,1.),
  .UNSPECIFIED.);
#2750 = CARTESIAN_POINT('',(11.686533875108,109.37744249152,30.));
#2751 = CARTESIAN_POINT('',(11.87924699387,109.35685188033,30.));
#2752 = CARTESIAN_POINT('',(12.078284948411,109.32159312503,30.));
#2753 = CARTESIAN_POINT('',(12.282141356677,109.2702307478,30.));
#2754 = CARTESIAN_POINT('',(12.488763556797,109.20158888601,30.));
#2755 = CARTESIAN_POINT('',(12.695523962093,109.11510519306,30.));
#2756 = CARTESIAN_POINT('',(13.103705008105,108.90693454877,30.));
#2757 = CARTESIAN_POINT('',(13.305124332767,108.78524272964,30.));
#2758 = CARTESIAN_POINT('',(13.501043218123,108.64619329984,30.));
#2759 = CARTESIAN_POINT('',(13.688427911558,108.49082017951,30.));
#2760 = CARTESIAN_POINT('',(13.864483446735,108.3210823452,30.));
#2761 = CARTESIAN_POINT('',(14.189627979484,107.95782111095,30.));
#2762 = CARTESIAN_POINT('',(14.338716358679,107.76429859729,30.));
#2763 = CARTESIAN_POINT('',(14.472161873073,107.56135209121,30.));
#2764 = CARTESIAN_POINT('',(14.588422800277,107.3519921465,30.));
#2765 = CARTESIAN_POINT('',(14.686898244871,107.13930404307,30.));
#2766 = CARTESIAN_POINT('',(14.848524735818,106.71282167973,30.));
#2767 = CARTESIAN_POINT('',(14.9116808308,106.49902804168,30.));
#2768 = CARTESIAN_POINT('',(14.957310532064,106.28743485211,30.));
#2769 = CARTESIAN_POINT('',(14.986290419749,106.08050272173,30.));
#2770 = CARTESIAN_POINT('',(15.,105.88006776949,30.));
#2771 = CARTESIAN_POINT('',(15.,105.68741865998,30.));
#2772 = PCURVE('',#2712,#2773);
#2773 = DEFINITIONAL_REPRESENTATION('',(#2774),#2778);
#2774 = LINE('',#2775,#2776);
#2775 = CARTESIAN_POINT('',(0.,-30.));
#2776 = VECTOR('',#2777,1.);
#2777 = DIRECTION('',(1.,0.));
#2778 = ( GEOMETRIC_REPRESENTATION_CONTEXT(2) 
PARAMETRIC_REPRESENTATION_CONTEXT() REPRESENTATION_CONTEXT('2D SPACE',''
  ) );
#2779 = ORIENTED_EDGE('',*,*,#2780,.F.);
#2780 = EDGE_CURVE('',#2781,#2746,#2783,.T.);
#2781 = VERTEX_POINT('',#2782);
#2782 = CARTESIAN_POINT('',(15.,105.68741851997,0.));
#2783 = SURFACE_CURVE('',#2784,(#2788),.PCURVE_S1.);
#2784 = LINE('',#2785,#2786);
#2785 = CARTESIAN_POINT('',(15.,105.68741851997,0.));
#2786 = VECTOR('',#2787,1.);
#2787 = DIRECTION('',(0.,0.,1.));
#2788 = PCURVE('',#2712,#2789);
#2789 = DEFINITIONAL_REPRESENTATION('',(#2790),#2794);
#2790 = LINE('',#2791,#2792);
#2791 = CARTESIAN_POINT('',(1.,0.));
#2792 = VECTOR('',#2793,1.);
#2793 = DIRECTION('',(0.,-1.));
#2794 = ( GEOMETRIC_REPRESENTATION_CONTEXT(2) 
PARAMETRIC_REPRESENTATION_CONTEXT() REPRESENTATION_CONTEXT('2D SPACE',''
  ) );
#2795 = ORIENTED_EDGE('',*,*,#2796,.F.);
#2796 = EDGE_CURVE('',#2702,#2781,#2797,.T.);
#2797 = SURFACE_CURVE('',#2798,(#2821),.PCURVE_S1.);
#2798 = B_SPLINE_CURVE_WITH_KNOTS('',6,(#2799,#2800,#2801,#2802,#2803,
    #2804,#2805,#2806,#2807,#2808,#2809,#2810,#2811,#2812,#2813,#2814,
    #2815,#2816,#2817,#2818,#2819,#2820),.UNSPECIFIED.,.F.,.F.,(7,5,5,5,
    7),(0.,0.249985035126,0.500000631737,0.750015759454,1.),
  .UNSPECIFIED.);
#2799 = CARTESIAN_POINT('',(11.686533875108,109.37744249152,0.));
#2800 = CARTESIAN_POINT('',(11.87924699387,109.35685188033,0.));
#2801 = CARTESIAN_POINT('',(12.078284948411,109.32159312503,0.));
#2802 = CARTESIAN_POINT('',(12.282141356677,109.2702307478,0.));
#2803 = CARTESIAN_POINT('',(12.488763556797,109.20158888601,0.));
#2804 = CARTESIAN_POINT('',(12.695523962093,109.11510519306,0.));
#2805 = CARTESIAN_POINT('',(13.103705008105,108.90693454877,0.));
#2806 = CARTESIAN_POINT('',(13.305124332767,108.78524272964,0.));
#2807 = CARTESIAN_POINT('',(13.501043218123,108.64619329984,0.));
#2808 = CARTESIAN_POINT('',(13.688427911558,108.49082017951,0.));
#2809 = CARTESIAN_POINT('',(13.864483446735,108.3210823452,0.));
#2810 = CARTESIAN_POINT('',(14.189627979484,107.95782111095,0.));
#2811 = CARTESIAN_POINT('',(14.338716358679,107.76429859729,0.));
#2812 = CARTESIAN_POINT('',(14.472161873073,107.56135209121,0.));
#2813 = CARTESIAN_POINT('',(14.588422800277,107.3519921465,0.));
#2814 = CARTESIAN_POINT('',(14.686898244871,107.13930404307,0.));
#2815 = CARTESIAN_POINT('',(14.848524735818,106.71282167973,0.));
#2816 = CARTESIAN_POINT('',(14.9116808308,106.49902804168,0.));
#2817 = CARTESIAN_POINT('',(14.957310532064,106.28743485211,0.));
#2818 = CARTESIAN_POINT('',(14.986290419749,106.08050272173,0.));
#2819 = CARTESIAN_POINT('',(15.,105.88006776949,0.));
#2820 = CARTESIAN_POINT('',(15.,105.68741865998,0.));
#2821 = PCURVE('',#2712,#2822);
#2822 = DEFINITIONAL_REPRESENTATION('',(#2823),#2827);
#2823 = LINE('',#2824,#2825);
#2824 = CARTESIAN_POINT('',(0.,0.));
#2825 = VECTOR('',#2826,1.);
#2826 = DIRECTION('',(1.,0.));
#2827 = ( GEOMETRIC_REPRESENTATION_CONTEXT(2) 
PARAMETRIC_REPRESENTATION_CONTEXT() REPRESENTATION_CONTEXT('2D SPACE',''
  ) );
#2828 = ( GEOMETRIC_REPRESENTATION_CONTEXT(3) 
GLOBAL_UNCERTAINTY_ASSIGNED_CONTEXT((#2832)) 
GLOBAL_UNIT_ASSIGNED_CONTEXT((#2829,#2830,#2831)) REPRESENTATION_CONTEXT
('Context #1','3D Context with UNIT and UNCERTAINTY') );
#2829 = ( LENGTH_UNIT() NAMED_UNIT(*) SI_UNIT(.MILLI.,.METRE.) );
#2830 = ( NAMED_UNIT(*) PLANE_ANGLE_UNIT() SI_UNIT($,.RADIAN.) );
#2831 = ( NAMED_UNIT(*) SI_UNIT($,.STERADIAN.) SOLID_ANGLE_UNIT() );
#2832 = UNCERTAINTY_MEASURE_WITH_UNIT(LENGTH_MEASURE(1.E-04),#2829,
  'distance_accuracy_value','confusion accuracy');
#2833 = CONTEXT_DEPENDENT_SHAPE_REPRESENTATION(#2834,#2836);
#2834 = ( REPRESENTATION_RELATIONSHIP('','',#2694,#10) 
REPRESENTATION_RELATIONSHIP_WITH_TRANSFORMATION(#2835) 
SHAPE_REPRESENTATION_RELATIONSHIP() );
#2835 = ITEM_DEFINED_TRANSFORMATION('','',#11,#79);
#2836 = PRODUCT_DEFINITION_SHAPE('Placement','Placement of an item',
  #2837);
#2837 = NEXT_ASSEMBLY_USAGE_OCCURRENCE('17','','',#5,#2689,$);
#2838 = PRODUCT_RELATED_PRODUCT_CATEGORY('part',$,(#2691));
#2839 = SHAPE_DEFINITION_REPRESENTATION(#2840,#2846);
#2840 = PRODUCT_DEFINITION_SHAPE('','',#2841);
#2841 = PRODUCT_DEFINITION('design','',#2842,#2845);
#2842 = PRODUCT_DEFINITION_FORMATION('','',#2843);
#2843 = PRODUCT('Open CASCADE STEP translator 7.8 1.18',
  'Open CASCADE STEP translator 7.8 1.18','',(#2844));
#2844 = PRODUCT_CONTEXT('',#2,'mechanical');
#2845 = PRODUCT_DEFINITION_CONTEXT('part definition',#2,'design');
#2846 = MANIFOLD_SURFACE_SHAPE_REPRESENTATION('',(#11,#2847),#2921);
#2847 = SHELL_BASED_SURFACE_MODEL('',(#2848));
#2848 = OPEN_SHELL('',(#2849));
#2849 = ADVANCED_FACE('',(#2850),#2864,.F.);
#2850 = FACE_BOUND('',#2851,.F.);
#2851 = EDGE_LOOP('',(#2852,#2875,#2891,#2907));
#2852 = ORIENTED_EDGE('',*,*,#2853,.T.);
#2853 = EDGE_CURVE('',#2854,#2856,#2858,.T.);
#2854 = VERTEX_POINT('',#2855);
#2855 = CARTESIAN_POINT('',(15.,0.,0.));
#2856 = VERTEX_POINT('',#2857);
#2857 = CARTESIAN_POINT('',(15.,0.,30.));
#2858 = SURFACE_CURVE('',#2859,(#2863),.PCURVE_S1.);
#2859 = LINE('',#2860,#2861);
#2860 = CARTESIAN_POINT('',(15.,0.,0.));
#2861 = VECTOR('',#2862,1.);
#2862 = DIRECTION('',(0.,0.,1.));
#2863 = PCURVE('',#2864,#2869);
#2864 = PLANE('',#2865);
#2865 = AXIS2_PLACEMENT_3D('',#2866,#2867,#2868);
#2866 = CARTESIAN_POINT('',(15.,0.,0.));
#2867 = DIRECTION('',(-1.,0.,0.));
#2868 = DIRECTION('',(0.,1.,0.));
#2869 = DEFINITIONAL_REPRESENTATION('',(#2870),#2874);
#2870 = LINE('',#2871,#2872);
#2871 = CARTESIAN_POINT('',(0.,0.));
#2872 = VECTOR('',#2873,1.);
#2873 = DIRECTION('',(0.,-1.));
#2874 = ( GEOMETRIC_REPRESENTATION_CONTEXT(2) 
PARAMETRIC_REPRESENTATION_CONTEXT() REPRESENTATION_CONTEXT('2D SPACE',''
  ) );
#2875 = ORIENTED_EDGE('',*,*,#2876,.T.);
#2876 = EDGE_CURVE('',#2856,#2877,#2879,.T.);
#2877 = VERTEX_POINT('',#2878);
#2878 = CARTESIAN_POINT('',(15.,105.68741851997,30.));
#2879 = SURFACE_CURVE('',#2880,(#2884),.PCURVE_S1.);
#2880 = LINE('',#2881,#2882);
#2881 = CARTESIAN_POINT('',(15.,-244.,30.));
#2882 = VECTOR('',#2883,1.);
#2883 = DIRECTION('',(0.,1.,0.));
#2884 = PCURVE('',#2864,#2885);
#2885 = DEFINITIONAL_REPRESENTATION('',(#2886),#2890);
#2886 = LINE('',#2887,#2888);
#2887 = CARTESIAN_POINT('',(-244.,-30.));
#2888 = VECTOR('',#2889,1.);
#2889 = DIRECTION('',(1.,0.));
#2890 = ( GEOMETRIC_REPRESENTATION_CONTEXT(2) 
PARAMETRIC_REPRESENTATION_CONTEXT() REPRESENTATION_CONTEXT('2D SPACE',''
  ) );
#2891 = ORIENTED_EDGE('',*,*,#2892,.F.);
#2892 = EDGE_CURVE('',#2893,#2877,#2895,.T.);
#2893 = VERTEX_POINT('',#2894);
#2894 = CARTESIAN_POINT('',(15.,105.68741851997,0.));
#2895 = SURFACE_CURVE('',#2896,(#2900),.PCURVE_S1.);
#2896 = LINE('',#2897,#2898);
#2897 = CARTESIAN_POINT('',(15.,105.68741851997,0.));
#2898 = VECTOR('',#2899,1.);
#2899 = DIRECTION('',(0.,0.,1.));
#2900 = PCURVE('',#2864,#2901);
#2901 = DEFINITIONAL_REPRESENTATION('',(#2902),#2906);
#2902 = LINE('',#2903,#2904);
#2903 = CARTESIAN_POINT('',(105.68741851997,0.));
#2904 = VECTOR('',#2905,1.);
#2905 = DIRECTION('',(0.,-1.));
#2906 = ( GEOMETRIC_REPRESENTATION_CONTEXT(2) 
PARAMETRIC_REPRESENTATION_CONTEXT() REPRESENTATION_CONTEXT('2D SPACE',''
  ) );
#2907 = ORIENTED_EDGE('',*,*,#2908,.F.);
#2908 = EDGE_CURVE('',#2854,#2893,#2909,.T.);
#2909 = SURFACE_CURVE('',#2910,(#2914),.PCURVE_S1.);
#2910 = LINE('',#2911,#2912);
#2911 = CARTESIAN_POINT('',(15.,-244.,0.));
#2912 = VECTOR('',#2913,1.);
#2913 = DIRECTION('',(0.,1.,0.));
#2914 = PCURVE('',#2864,#2915);
#2915 = DEFINITIONAL_REPRESENTATION('',(#2916),#2920);
#2916 = LINE('',#2917,#2918);
#2917 = CARTESIAN_POINT('',(-244.,0.));
#2918 = VECTOR('',#2919,1.);
#2919 = DIRECTION('',(1.,0.));
#2920 = ( GEOMETRIC_REPRESENTATION_CONTEXT(2) 
PARAMETRIC_REPRESENTATION_CONTEXT() REPRESENTATION_CONTEXT('2D SPACE',''
  ) );
#2921 = ( GEOMETRIC_REPRESENTATION_CONTEXT(3) 
GLOBAL_UNCERTAINTY_ASSIGNED_CONTEXT((#2925)) 
GLOBAL_UNIT_ASSIGNED_CONTEXT((#2922,#2923,#2924)) REPRESENTATION_CONTEXT
('Context #1','3D Context with UNIT and UNCERTAINTY') );
#2922 = ( LENGTH_UNIT() NAMED_UNIT(*) SI_UNIT(.MILLI.,.METRE.) );
#2923 = ( NAMED_UNIT(*) PLANE_ANGLE_UNIT() SI_UNIT($,.RADIAN.) );
#2924 = ( NAMED_UNIT(*) SI_UNIT($,.STERADIAN.) SOLID_ANGLE_UNIT() );
#2925 = UNCERTAINTY_MEASURE_WITH_UNIT(LENGTH_MEASURE(2.E-05),#2922,
  'distance_accuracy_value','confusion accuracy');
#2926 = CONTEXT_DEPENDENT_SHAPE_REPRESENTATION(#2927,#2929);
#2927 = ( REPRESENTATION_RELATIONSHIP('','',#2846,#10) 
REPRESENTATION_RELATIONSHIP_WITH_TRANSFORMATION(#2928) 
SHAPE_REPRESENTATION_RELATIONSHIP() );
#2928 = ITEM_DEFINED_TRANSFORMATION('','',#11,#83);
#2929 = PRODUCT_DEFINITION_SHAPE('Placement','Placement of an item',
  #2930);
#2930 = NEXT_ASSEMBLY_USAGE_OCCURRENCE('18','','',#5,#2841,$);
#2931 = PRODUCT_RELATED_PRODUCT_CATEGORY('part',$,(#2843));
#2932 = SHAPE_DEFINITION_REPRESENTATION(#2933,#2939);
#2933 = PRODUCT_DEFINITION_SHAPE('','',#2934);
#2934 = PRODUCT_DEFINITION('design','',#2935,#2938);
#2935 = PRODUCT_DEFINITION_FORMATION('','',#2936);
#2936 = PRODUCT('Open CASCADE STEP translator 7.8 1.19',
  'Open CASCADE STEP translator 7.8 1.19','',(#2937));
#2937 = PRODUCT_CONTEXT('',#2,'mechanical');
#2938 = PRODUCT_DEFINITION_CONTEXT('part definition',#2,'design');
#2939 = MANIFOLD_SURFACE_SHAPE_REPRESENTATION('',(#11,#2940),#3122);
#2940 = SHELL_BASED_SURFACE_MODEL('',(#2941));
#2941 = OPEN_SHELL('',(#2942));
#2942 = ADVANCED_FACE('',(#2943),#2957,.T.);
#2943 = FACE_BOUND('',#2944,.T.);
#2944 = EDGE_LOOP('',(#2945,#2967,#2983,#3037,#3054,#3108));
#2945 = ORIENTED_EDGE('',*,*,#2946,.F.);
#2946 = EDGE_CURVE('',#2947,#2949,#2951,.T.);
#2947 = VERTEX_POINT('',#2948);
#2948 = CARTESIAN_POINT('',(15.,0.,0.));
#2949 = VERTEX_POINT('',#2950);
#2950 = CARTESIAN_POINT('',(-15.,0.,0.));
#2951 = SURFACE_CURVE('',#2952,(#2956),.PCURVE_S1.);
#2952 = LINE('',#2953,#2954);
#2953 = CARTESIAN_POINT('',(-488.,0.,0.));
#2954 = VECTOR('',#2955,1.);
#2955 = DIRECTION('',(-1.,-0.,0.));
#2956 = PCURVE('',#2957,#2962);
#2957 = PLANE('',#2958);
#2958 = AXIS2_PLACEMENT_3D('',#2959,#2960,#2961);
#2959 = CARTESIAN_POINT('',(0.,0.,0.));
#2960 = DIRECTION('',(0.,0.,1.));
#2961 = DIRECTION('',(1.,0.,-0.));
#2962 = DEFINITIONAL_REPRESENTATION('',(#2963),#2966);
#2963 = B_SPLINE_CURVE_WITH_KNOTS('',1,(#2964,#2965),.UNSPECIFIED.,.F.,
  .F.,(2,2),(-503.,-473.),.PIECEWISE_BEZIER_KNOTS.);
#2964 = CARTESIAN_POINT('',(15.,0.));
#2965 = CARTESIAN_POINT('',(-15.,0.));
#2966 = ( GEOMETRIC_REPRESENTATION_CONTEXT(2) 
PARAMETRIC_REPRESENTATION_CONTEXT() REPRESENTATION_CONTEXT('2D SPACE',''
  ) );
#2967 = ORIENTED_EDGE('',*,*,#2968,.T.);
#2968 = EDGE_CURVE('',#2947,#2969,#2971,.T.);
#2969 = VERTEX_POINT('',#2970);
#2970 = CARTESIAN_POINT('',(15.,105.68741851997,0.));
#2971 = SURFACE_CURVE('',#2972,(#2976),.PCURVE_S1.);
#2972 = LINE('',#2973,#2974);
#2973 = CARTESIAN_POINT('',(15.,-244.,0.));
#2974 = VECTOR('',#2975,1.);
#2975 = DIRECTION('',(0.,1.,0.));
#2976 = PCURVE('',#2957,#2977);
#2977 = DEFINITIONAL_REPRESENTATION('',(#2978),#2982);
#2978 = LINE('',#2979,#2980);
#2979 = CARTESIAN_POINT('',(15.,-244.));
#2980 = VECTOR('',#2981,1.);
#2981 = DIRECTION('',(0.,1.));
#2982 = ( GEOMETRIC_REPRESENTATION_CONTEXT(2) 
PARAMETRIC_REPRESENTATION_CONTEXT() REPRESENTATION_CONTEXT('2D SPACE',''
  ) );
#2983 = ORIENTED_EDGE('',*,*,#2984,.F.);
#2984 = EDGE_CURVE('',#2985,#2969,#2987,.T.);
#2985 = VERTEX_POINT('',#2986);
#2986 = CARTESIAN_POINT('',(11.686533875108,109.37744249152,0.));
#2987 = SURFACE_CURVE('',#2988,(#3011),.PCURVE_S1.);
#2988 = B_SPLINE_CURVE_WITH_KNOTS('',6,(#2989,#2990,#2991,#2992,#2993,
    #2994,#2995,#2996,#2997,#2998,#2999,#3000,#3001,#3002,#3003,#3004,
    #3005,#3006,#3007,#3008,#3009,#3010),.UNSPECIFIED.,.F.,.F.,(7,5,5,5,
    7),(0.,0.249985035126,0.500000631737,0.750015759454,1.),
  .UNSPECIFIED.);
#2989 = CARTESIAN_POINT('',(11.686533875108,109.37744249152,0.));
#2990 = CARTESIAN_POINT('',(11.87924699387,109.35685188033,0.));
#2991 = CARTESIAN_POINT('',(12.078284948411,109.32159312503,0.));
#2992 = CARTESIAN_POINT('',(12.282141356677,109.2702307478,0.));
#2993 = CARTESIAN_POINT('',(12.488763556797,109.20158888601,0.));
#2994 = CARTESIAN_POINT('',(12.695523962093,109.11510519306,0.));
#2995 = CARTESIAN_POINT('',(13.103705008105,108.90693454877,0.));
#2996 = CARTESIAN_POINT('',(13.305124332767,108.78524272964,0.));
#2997 = CARTESIAN_POINT('',(13.501043218123,108.64619329984,0.));
#2998 = CARTESIAN_POINT('',(13.688427911558,108.49082017951,0.));
#2999 = CARTESIAN_POINT('',(13.864483446735,108.3210823452,0.));
#3000 = CARTESIAN_POINT('',(14.189627979484,107.95782111095,0.));
#3001 = CARTESIAN_POINT('',(14.338716358679,107.76429859729,0.));
#3002 = CARTESIAN_POINT('',(14.472161873073,107.56135209121,0.));
#3003 = CARTESIAN_POINT('',(14.588422800277,107.3519921465,0.));
#3004 = CARTESIAN_POINT('',(14.686898244871,107.13930404307,0.));
#3005 = CARTESIAN_POINT('',(14.848524735818,106.71282167973,0.));
#3006 = CARTESIAN_POINT('',(14.9116808308,106.49902804168,0.));
#3007 = CARTESIAN_POINT('',(14.957310532064,106.28743485211,0.));
#3008 = CARTESIAN_POINT('',(14.986290419749,106.08050272173,0.));
#3009 = CARTESIAN_POINT('',(15.,105.88006776949,0.));
#3010 = CARTESIAN_POINT('',(15.,105.68741865998,0.));
#3011 = PCURVE('',#2957,#3012);
#3012 = DEFINITIONAL_REPRESENTATION('',(#3013),#3036);
#3013 = B_SPLINE_CURVE_WITH_KNOTS('',6,(#3014,#3015,#3016,#3017,#3018,
    #3019,#3020,#3021,#3022,#3023,#3024,#3025,#3026,#3027,#3028,#3029,
    #3030,#3031,#3032,#3033,#3034,#3035),.UNSPECIFIED.,.F.,.F.,(7,5,5,5,
    7),(0.,0.249985035126,0.500000631737,0.750015759454,1.),
  .UNSPECIFIED.);
#3014 = CARTESIAN_POINT('',(11.686533875108,109.37744249152));
#3015 = CARTESIAN_POINT('',(11.87924699387,109.35685188033));
#3016 = CARTESIAN_POINT('',(12.078284948411,109.32159312503));
#3017 = CARTESIAN_POINT('',(12.282141356677,109.2702307478));
#3018 = CARTESIAN_POINT('',(12.488763556797,109.20158888601));
#3019 = CARTESIAN_POINT('',(12.695523962093,109.11510519306));
#3020 = CARTESIAN_POINT('',(13.103705008105,108.90693454877));
#3021 = CARTESIAN_POINT('',(13.305124332767,108.78524272964));
#3022 = CARTESIAN_POINT('',(13.501043218123,108.64619329984));
#3023 = CARTESIAN_POINT('',(13.688427911558,108.49082017951));
#3024 = CARTESIAN_POINT('',(13.864483446735,108.3210823452));
#3025 = CARTESIAN_POINT('',(14.189627979484,107.95782111095));
#3026 = CARTESIAN_POINT('',(14.338716358679,107.76429859729));
#3027 = CARTESIAN_POINT('',(14.472161873073,107.56135209121));
#3028 = CARTESIAN_POINT('',(14.588422800277,107.3519921465));
#3029 = CARTESIAN_POINT('',(14.686898244871,107.13930404307));
#3030 = CARTESIAN_POINT('',(14.848524735818,106.71282167973));
#3031 = CARTESIAN_POINT('',(14.9116808308,106.49902804168));
#3032 = CARTESIAN_POINT('',(14.957310532064,106.28743485211));
#3033 = CARTESIAN_POINT('',(14.986290419749,106.08050272173));
#3034 = CARTESIAN_POINT('',(15.,105.88006776949));
#3035 = CARTESIAN_POINT('',(15.,105.68741865998));
#3036 = ( GEOMETRIC_REPRESENTATION_CONTEXT(2) 
PARAMETRIC_REPRESENTATION_CONTEXT() REPRESENTATION_CONTEXT('2D SPACE',''
  ) );
#3037 = ORIENTED_EDGE('',*,*,#3038,.T.);
#3038 = EDGE_CURVE('',#2985,#3039,#3041,.T.);
#3039 = VERTEX_POINT('',#3040);
#3040 = CARTESIAN_POINT('',(-11.6865338751,109.37744249152,0.));
#3041 = SURFACE_CURVE('',#3042,(#3047),.PCURVE_S1.);
#3042 = CIRCLE('',#3043,110.);
#3043 = AXIS2_PLACEMENT_3D('',#3044,#3045,#3046);
#3044 = CARTESIAN_POINT('',(0.,0.,0.));
#3045 = DIRECTION('',(0.,0.,1.));
#3046 = DIRECTION('',(1.,0.,-0.));
#3047 = PCURVE('',#2957,#3048);
#3048 = DEFINITIONAL_REPRESENTATION('',(#3049),#3053);
#3049 = CIRCLE('',#3050,110.);
#3050 = AXIS2_PLACEMENT_2D('',#3051,#3052);
#3051 = CARTESIAN_POINT('',(0.,0.));
#3052 = DIRECTION('',(1.,0.));
#3053 = ( GEOMETRIC_REPRESENTATION_CONTEXT(2) 
PARAMETRIC_REPRESENTATION_CONTEXT() REPRESENTATION_CONTEXT('2D SPACE',''
  ) );
#3054 = ORIENTED_EDGE('',*,*,#3055,.T.);
#3055 = EDGE_CURVE('',#3039,#3056,#3058,.T.);
#3056 = VERTEX_POINT('',#3057);
#3057 = CARTESIAN_POINT('',(-15.,105.68741851997,0.));
#3058 = SURFACE_CURVE('',#3059,(#3082),.PCURVE_S1.);
#3059 = B_SPLINE_CURVE_WITH_KNOTS('',6,(#3060,#3061,#3062,#3063,#3064,
    #3065,#3066,#3067,#3068,#3069,#3070,#3071,#3072,#3073,#3074,#3075,
    #3076,#3077,#3078,#3079,#3080,#3081),.UNSPECIFIED.,.F.,.F.,(7,5,5,5,
    7),(0.,0.249996249286,0.500000158506,0.750003950086,1.),
  .UNSPECIFIED.);
#3060 = CARTESIAN_POINT('',(-11.6865338751,109.37744249152,0.));
#3061 = CARTESIAN_POINT('',(-11.87923586692,109.3568530692,0.));
#3062 = CARTESIAN_POINT('',(-12.07826627144,109.32159673452,0.));
#3063 = CARTESIAN_POINT('',(-12.2821198145,109.27023700778,0.));
#3064 = CARTESIAN_POINT('',(-12.48874457577,109.20159644852,0.));
#3065 = CARTESIAN_POINT('',(-12.69551255155,109.11511100954,0.));
#3066 = CARTESIAN_POINT('',(-13.10369764927,108.90693830458,0.));
#3067 = CARTESIAN_POINT('',(-13.30511387214,108.78524942858,0.));
#3068 = CARTESIAN_POINT('',(-13.50103347748,108.646201095,0.));
#3069 = CARTESIAN_POINT('',(-13.68842123767,108.49082661764,0.));
#3070 = CARTESIAN_POINT('',(-13.86448035214,108.32108579602,0.));
#3071 = CARTESIAN_POINT('',(-14.18963120767,107.95781751086,0.));
#3072 = CARTESIAN_POINT('',(-14.33872225008,107.76429094776,0.));
#3073 = CARTESIAN_POINT('',(-14.47216873869,107.56134121485,0.));
#3074 = CARTESIAN_POINT('',(-14.58842841572,107.35198077732,0.));
#3075 = CARTESIAN_POINT('',(-14.6869012012,107.13929623478,0.));
#3076 = CARTESIAN_POINT('',(-14.84852923067,106.71280982663,0.));
#3077 = CARTESIAN_POINT('',(-14.91168623034,106.4990085522,0.));
#3078 = CARTESIAN_POINT('',(-14.95731438414,106.28741301922,0.));
#3079 = CARTESIAN_POINT('',(-14.98629199021,106.08048400492,0.));
#3080 = CARTESIAN_POINT('',(-15.,105.88005672423,0.));
#3081 = CARTESIAN_POINT('',(-15.,105.68741865998,0.));
#3082 = PCURVE('',#2957,#3083);
#3083 = DEFINITIONAL_REPRESENTATION('',(#3084),#3107);
#3084 = B_SPLINE_CURVE_WITH_KNOTS('',6,(#3085,#3086,#3087,#3088,#3089,
    #3090,#3091,#3092,#3093,#3094,#3095,#3096,#3097,#3098,#3099,#3100,
    #3101,#3102,#3103,#3104,#3105,#3106),.UNSPECIFIED.,.F.,.F.,(7,5,5,5,
    7),(0.,0.249996249286,0.500000158506,0.750003950086,1.),
  .UNSPECIFIED.);
#3085 = CARTESIAN_POINT('',(-11.6865338751,109.37744249152));
#3086 = CARTESIAN_POINT('',(-11.87923586692,109.3568530692));
#3087 = CARTESIAN_POINT('',(-12.07826627144,109.32159673452));
#3088 = CARTESIAN_POINT('',(-12.2821198145,109.27023700778));
#3089 = CARTESIAN_POINT('',(-12.48874457577,109.20159644852));
#3090 = CARTESIAN_POINT('',(-12.69551255155,109.11511100954));
#3091 = CARTESIAN_POINT('',(-13.10369764927,108.90693830458));
#3092 = CARTESIAN_POINT('',(-13.30511387214,108.78524942858));
#3093 = CARTESIAN_POINT('',(-13.50103347748,108.646201095));
#3094 = CARTESIAN_POINT('',(-13.68842123767,108.49082661764));
#3095 = CARTESIAN_POINT('',(-13.86448035214,108.32108579602));
#3096 = CARTESIAN_POINT('',(-14.18963120767,107.95781751086));
#3097 = CARTESIAN_POINT('',(-14.33872225008,107.76429094776));
#3098 = CARTESIAN_POINT('',(-14.47216873869,107.56134121485));
#3099 = CARTESIAN_POINT('',(-14.58842841572,107.35198077732));
#3100 = CARTESIAN_POINT('',(-14.6869012012,107.13929623478));
#3101 = CARTESIAN_POINT('',(-14.84852923067,106.71280982663));
#3102 = CARTESIAN_POINT('',(-14.91168623034,106.4990085522));
#3103 = CARTESIAN_POINT('',(-14.95731438414,106.28741301922));
#3104 = CARTESIAN_POINT('',(-14.98629199021,106.08048400492));
#3105 = CARTESIAN_POINT('',(-15.,105.88005672423));
#3106 = CARTESIAN_POINT('',(-15.,105.68741865998));
#3107 = ( GEOMETRIC_REPRESENTATION_CONTEXT(2) 
PARAMETRIC_REPRESENTATION_CONTEXT() REPRESENTATION_CONTEXT('2D SPACE',''
  ) );
#3108 = ORIENTED_EDGE('',*,*,#3109,.F.);
#3109 = EDGE_CURVE('',#2949,#3056,#3110,.T.);
#3110 = SURFACE_CURVE('',#3111,(#3115),.PCURVE_S1.);
#3111 = LINE('',#3112,#3113);
#3112 = CARTESIAN_POINT('',(-15.,-244.,0.));
#3113 = VECTOR('',#3114,1.);
#3114 = DIRECTION('',(0.,1.,0.));
#3115 = PCURVE('',#2957,#3116);
#3116 = DEFINITIONAL_REPRESENTATION('',(#3117),#3121);
#3117 = LINE('',#3118,#3119);
#3118 = CARTESIAN_POINT('',(-15.,-244.));
#3119 = VECTOR('',#3120,1.);
#3120 = DIRECTION('',(0.,1.));
#3121 = ( GEOMETRIC_REPRESENTATION_CONTEXT(2) 
PARAMETRIC_REPRESENTATION_CONTEXT() REPRESENTATION_CONTEXT('2D SPACE',''
  ) );
#3122 = ( GEOMETRIC_REPRESENTATION_CONTEXT(3) 
GLOBAL_UNCERTAINTY_ASSIGNED_CONTEXT((#3126)) 
GLOBAL_UNIT_ASSIGNED_CONTEXT((#3123,#3124,#3125)) REPRESENTATION_CONTEXT
('Context #1','3D Context with UNIT and UNCERTAINTY') );
#3123 = ( LENGTH_UNIT() NAMED_UNIT(*) SI_UNIT(.MILLI.,.METRE.) );
#3124 = ( NAMED_UNIT(*) PLANE_ANGLE_UNIT() SI_UNIT($,.RADIAN.) );
#3125 = ( NAMED_UNIT(*) SI_UNIT($,.STERADIAN.) SOLID_ANGLE_UNIT() );
#3126 = UNCERTAINTY_MEASURE_WITH_UNIT(LENGTH_MEASURE(5.E-05),#3123,
  'distance_accuracy_value','confusion accuracy');
#3127 = CONTEXT_DEPENDENT_SHAPE_REPRESENTATION(#3128,#3130);
#3128 = ( REPRESENTATION_RELATIONSHIP('','',#2939,#10) 
REPRESENTATION_RELATIONSHIP_WITH_TRANSFORMATION(#3129) 
SHAPE_REPRESENTATION_RELATIONSHIP() );
#3129 = ITEM_DEFINED_TRANSFORMATION('','',#11,#87);
#3130 = PRODUCT_DEFINITION_SHAPE('Placement','Placement of an item',
  #3131);
#3131 = NEXT_ASSEMBLY_USAGE_OCCURRENCE('19','','',#5,#2934,$);
#3132 = PRODUCT_RELATED_PRODUCT_CATEGORY('part',$,(#2936));
#3133 = SHAPE_DEFINITION_REPRESENTATION(#3134,#3140);
#3134 = PRODUCT_DEFINITION_SHAPE('','',#3135);
#3135 = PRODUCT_DEFINITION('design','',#3136,#3139);
#3136 = PRODUCT_DEFINITION_FORMATION('','',#3137);
#3137 = PRODUCT('Open CASCADE STEP translator 7.8 1.20',
  'Open CASCADE STEP translator 7.8 1.20','',(#3138));
#3138 = PRODUCT_CONTEXT('',#2,'mechanical');
#3139 = PRODUCT_DEFINITION_CONTEXT('part definition',#2,'design');
#3140 = GEOMETRICALLY_BOUNDED_WIREFRAME_SHAPE_REPRESENTATION('',(#11,
    #3141),#3149);
#3141 = GEOMETRIC_CURVE_SET('',(#3142));
#3142 = TRIMMED_CURVE('',#3143,(#3147,PARAMETER_VALUE(-503.)),(#3148,
    PARAMETER_VALUE(-473.)),.T.,.PARAMETER.);
#3143 = LINE('',#3144,#3145);
#3144 = CARTESIAN_POINT('',(-488.,0.,0.));
#3145 = VECTOR('',#3146,1.);
#3146 = DIRECTION('',(-1.,-0.,0.));
#3147 = CARTESIAN_POINT('',(15.,0.,0.));
#3148 = CARTESIAN_POINT('',(-15.,0.,0.));
#3149 = ( GEOMETRIC_REPRESENTATION_CONTEXT(3) 
GLOBAL_UNCERTAINTY_ASSIGNED_CONTEXT((#3153)) 
GLOBAL_UNIT_ASSIGNED_CONTEXT((#3150,#3151,#3152)) REPRESENTATION_CONTEXT
('Context #1','3D Context with UNIT and UNCERTAINTY') );
#3150 = ( LENGTH_UNIT() NAMED_UNIT(*) SI_UNIT(.MILLI.,.METRE.) );
#3151 = ( NAMED_UNIT(*) PLANE_ANGLE_UNIT() SI_UNIT($,.RADIAN.) );
#3152 = ( NAMED_UNIT(*) SI_UNIT($,.STERADIAN.) SOLID_ANGLE_UNIT() );
#3153 = UNCERTAINTY_MEASURE_WITH_UNIT(LENGTH_MEASURE(2.E-07),#3150,
  'distance_accuracy_value','confusion accuracy');
#3154 = CONTEXT_DEPENDENT_SHAPE_REPRESENTATION(#3155,#3157);
#3155 = ( REPRESENTATION_RELATIONSHIP('','',#3140,#10) 
REPRESENTATION_RELATIONSHIP_WITH_TRANSFORMATION(#3156) 
SHAPE_REPRESENTATION_RELATIONSHIP() );
#3156 = ITEM_DEFINED_TRANSFORMATION('','',#11,#91);
#3157 = PRODUCT_DEFINITION_SHAPE('Placement','Placement of an item',
  #3158);
#3158 = NEXT_ASSEMBLY_USAGE_OCCURRENCE('20','','',#5,#3135,$);
#3159 = PRODUCT_RELATED_PRODUCT_CATEGORY('part',$,(#3137));
ENDSEC;
END-ISO-10303-21;
