ISO-10303-21;
HEADER;
FILE_NAME('Open CASCADE Shape Model','2026-09-03T09:35:05',('Author'),(
    'Open CASCADE'),'Open CASCADE STEP processor 7.8','Open CASCADE 7.8'
  ,'Unknown');
FILE_DESCRIPTION(('Open CASCADE Model'),'2;1');
FILE_SCHEMA(('AUTOMOTIVE_DESIGN { 1 0 10303 214 1 1 1 1 }'));
ENDSEC;
DATA;
#1 = APPLICATION_PROTOCOL_DEFINITION('international standard',
  'automotive_design',2000,#2);
#2 = APPLICATION_CONTEXT(
  'core data for automotive mechanical design processes');
#3 = SHAPE_DEFINITION_REPRESENTATION(#4,#10);
#4 = PRODUCT_DEFINITION_SHAPE('','',#5);
#5 = PRODUCT_DEFINITION('design','',#6,#9);
#6 = PRODUCT_DEFINITION_FORMATION('','',#7);
#7 = PRODUCT('Open CASCADE STEP translator 7.8 1',
  'Open CASCADE STEP translator 7.8 1','',(#8));
#8 = PRODUCT_CONTEXT('',#2,'mechanical');
#9 = PRODUCT_DEFINITION_CONTEXT('part definition',#2,'design');
#10 = SHAPE_REPRESENTATION('',(#11,#15,#19,#23,#27,#31,#35,#39,#43,#47,
    #51,#55,#59,#63,#67,#71,#75,#79,#83,#87,#91,#95,#99,#103,#107,#111,
    #115,#119,#123,#127,#131,#135,#139,#143,#147,#151,#155,#159,#163,
    #167,#171,#175,#179,#183,#187,#191,#195,#199,#203,#207,#211,#215,
    #219,#223,#227,#231,#235,#239,#243,#247,#251,#255,#259,#263,#267,
    #271,#275,#279,#283,#287,#291,#295,#299,#303,#307,#311,#315,#319,
    #323,#327,#331,#335,#339,#343,#347,#351,#355,#359,#363,#367,#371,
    #375,#379,#383,#387,#391),#395);
#11 = AXIS2_PLACEMENT_3D('',#12,#13,#14);
#12 = CARTESIAN_POINT('',(0.,0.,0.));
#13 = DIRECTION('',(0.,0.,1.));
#14 = DIRECTION('',(1.,0.,-0.));
#15 = AXIS2_PLACEMENT_3D('',#16,#17,#18);
#16 = CARTESIAN_POINT('',(0.,0.,0.));
#17 = DIRECTION('',(0.,0.,1.));
#18 = DIRECTION('',(1.,0.,-0.));
#19 = AXIS2_PLACEMENT_3D('',#20,#21,#22);
#20 = CARTESIAN_POINT('',(0.,0.,0.));
#21 = DIRECTION('',(0.,0.,1.));
#22 = DIRECTION('',(1.,0.,-0.));
#23 = AXIS2_PLACEMENT_3D('',#24,#25,#26);
#24 = CARTESIAN_POINT('',(0.,0.,0.));
#25 = DIRECTION('',(0.,0.,1.));
#26 = DIRECTION('',(1.,0.,-0.));
#27 = AXIS2_PLACEMENT_3D('',#28,#29,#30);
#28 = CARTESIAN_POINT('',(0.,0.,0.));
#29 = DIRECTION('',(0.,0.,1.));
#30 = DIRECTION('',(1.,0.,-0.));
#31 = AXIS2_PLACEMENT_3D('',#32,#33,#34);
#32 = CARTESIAN_POINT('',(0.,0.,0.));
#33 = DIRECTION('',(0.,0.,1.));
#34 = DIRECTION('',(1.,0.,-0.));
#35 = AXIS2_PLACEMENT_3D('',#36,#37,#38);
#36 = CARTESIAN_POINT('',(0.,0.,0.));
#37 = DIRECTION('',(0.,0.,1.));
#38 = DIRECTION('',(1.,0.,-0.));
#39 = AXIS2_PLACEMENT_3D('',#40,#41,#42);
#40 = CARTESIAN_POINT('',(0.,0.,0.));
#41 = DIRECTION('',(0.,0.,1.));
#42 = DIRECTION('',(1.,0.,-0.));
#43 = AXIS2_PLACEMENT_3D('',#44,#45,#46);
#44 = CARTESIAN_POINT('',(0.,0.,0.));
#45 = DIRECTION('',(0.,0.,1.));
#46 = DIRECTION('',(1.,0.,-0.));
#47 = AXIS2_PLACEMENT_3D('',#48,#49,#50);
#48 = CARTESIAN_POINT('',(0.,0.,0.));
#49 = DIRECTION('',(0.,0.,1.));
#50 = DIRECTION('',(1.,0.,-0.));
#51 = AXIS2_PLACEMENT_3D('',#52,#53,#54);
#52 = CARTESIAN_POINT('',(0.,0.,0.));
#53 = DIRECTION('',(0.,0.,1.));
#54 = DIRECTION('',(1.,0.,-0.));
#55 = AXIS2_PLACEMENT_3D('',#56,#57,#58);
#56 = CARTESIAN_POINT('',(0.,0.,0.));
#57 = DIRECTION('',(0.,0.,1.));
#58 = DIRECTION('',(1.,0.,-0.));
#59 = AXIS2_PLACEMENT_3D('',#60,#61,#62);
#60 = CARTESIAN_POINT('',(0.,0.,0.));
#61 = DIRECTION('',(0.,0.,1.));
#62 = DIRECTION('',(1.,0.,-0.));
#63 = AXIS2_PLACEMENT_3D('',#64,#65,#66);
#64 = CARTESIAN_POINT('',(0.,0.,0.));
#65 = DIRECTION('',(0.,0.,1.));
#66 = DIRECTION('',(1.,0.,-0.));
#67 = AXIS2_PLACEMENT_3D('',#68,#69,#70);
#68 = CARTESIAN_POINT('',(0.,0.,0.));
#69 = DIRECTION('',(0.,0.,1.));
#70 = DIRECTION('',(1.,0.,-0.));
#71 = AXIS2_PLACEMENT_3D('',#72,#73,#74);
#72 = CARTESIAN_POINT('',(0.,0.,0.));
#73 = DIRECTION('',(0.,0.,1.));
#74 = DIRECTION('',(1.,0.,-0.));
#75 = AXIS2_PLACEMENT_3D('',#76,#77,#78);
#76 = CARTESIAN_POINT('',(0.,0.,0.));
#77 = DIRECTION('',(0.,0.,1.));
#78 = DIRECTION('',(1.,0.,-0.));
#79 = AXIS2_PLACEMENT_3D('',#80,#81,#82);
#80 = CARTESIAN_POINT('',(0.,0.,0.));
#81 = DIRECTION('',(0.,0.,1.));
#82 = DIRECTION('',(1.,0.,-0.));
#83 = AXIS2_PLACEMENT_3D('',#84,#85,#86);
#84 = CARTESIAN_POINT('',(0.,0.,0.));
#85 = DIRECTION('',(0.,0.,1.));
#86 = DIRECTION('',(1.,0.,-0.));
#87 = AXIS2_PLACEMENT_3D('',#88,#89,#90);
#88 = CARTESIAN_POINT('',(0.,0.,0.));
#89 = DIRECTION('',(0.,0.,1.));
#90 = DIRECTION('',(1.,0.,-0.));
#91 = AXIS2_PLACEMENT_3D('',#92,#93,#94);
#92 = CARTESIAN_POINT('',(0.,0.,0.));
#93 = DIRECTION('',(0.,0.,1.));
#94 = DIRECTION('',(1.,0.,-0.));
#95 = AXIS2_PLACEMENT_3D('',#96,#97,#98);
#96 = CARTESIAN_POINT('',(0.,0.,0.));
#97 = DIRECTION('',(0.,0.,1.));
#98 = DIRECTION('',(1.,0.,-0.));
#99 = AXIS2_PLACEMENT_3D('',#100,#101,#102);
#100 = CARTESIAN_POINT('',(0.,0.,0.));
#101 = DIRECTION('',(0.,0.,1.));
#102 = DIRECTION('',(1.,0.,-0.));
#103 = AXIS2_PLACEMENT_3D('',#104,#105,#106);
#104 = CARTESIAN_POINT('',(0.,0.,0.));
#105 = DIRECTION('',(0.,0.,1.));
#106 = DIRECTION('',(1.,0.,-0.));
#107 = AXIS2_PLACEMENT_3D('',#108,#109,#110);
#108 = CARTESIAN_POINT('',(0.,0.,0.));
#109 = DIRECTION('',(0.,0.,1.));
#110 = DIRECTION('',(1.,0.,-0.));
#111 = AXIS2_PLACEMENT_3D('',#112,#113,#114);
#112 = CARTESIAN_POINT('',(0.,0.,0.));
#113 = DIRECTION('',(0.,0.,1.));
#114 = DIRECTION('',(1.,0.,-0.));
#115 = AXIS2_PLACEMENT_3D('',#116,#117,#118);
#116 = CARTESIAN_POINT('',(0.,0.,0.));
#117 = DIRECTION('',(0.,0.,1.));
#118 = DIRECTION('',(1.,0.,-0.));
#119 = AXIS2_PLACEMENT_3D('',#120,#121,#122);
#120 = CARTESIAN_POINT('',(0.,0.,0.));
#121 = DIRECTION('',(0.,0.,1.));
#122 = DIRECTION('',(1.,0.,-0.));
#123 = AXIS2_PLACEMENT_3D('',#124,#125,#126);
#124 = CARTESIAN_POINT('',(0.,0.,0.));
#125 = DIRECTION('',(0.,0.,1.));
#126 = DIRECTION('',(1.,0.,-0.));
#127 = AXIS2_PLACEMENT_3D('',#128,#129,#130);
#128 = CARTESIAN_POINT('',(0.,0.,0.));
#129 = DIRECTION('',(0.,0.,1.));
#130 = DIRECTION('',(1.,0.,-0.));
#131 = AXIS2_PLACEMENT_3D('',#132,#133,#134);
#132 = CARTESIAN_POINT('',(0.,0.,0.));
#133 = DIRECTION('',(0.,0.,1.));
#134 = DIRECTION('',(1.,0.,-0.));
#135 = AXIS2_PLACEMENT_3D('',#136,#137,#138);
#136 = CARTESIAN_POINT('',(0.,0.,0.));
#137 = DIRECTION('',(0.,0.,1.));
#138 = DIRECTION('',(1.,0.,-0.));
#139 = AXIS2_PLACEMENT_3D('',#140,#141,#142);
#140 = CARTESIAN_POINT('',(0.,0.,0.));
#141 = DIRECTION('',(0.,0.,1.));
#142 = DIRECTION('',(1.,0.,-0.));
#143 = AXIS2_PLACEMENT_3D('',#144,#145,#146);
#144 = CARTESIAN_POINT('',(0.,0.,0.));
#145 = DIRECTION('',(0.,0.,1.));
#146 = DIRECTION('',(1.,0.,-0.));
#147 = AXIS2_PLACEMENT_3D('',#148,#149,#150);
#148 = CARTESIAN_POINT('',(0.,0.,0.));
#149 = DIRECTION('',(0.,0.,1.));
#150 = DIRECTION('',(1.,0.,-0.));
#151 = AXIS2_PLACEMENT_3D('',#152,#153,#154);
#152 = CARTESIAN_POINT('',(0.,0.,0.));
#153 = DIRECTION('',(0.,0.,1.));
#154 = DIRECTION('',(1.,0.,-0.));
#155 = AXIS2_PLACEMENT_3D('',#156,#157,#158);
#156 = CARTESIAN_POINT('',(0.,0.,0.));
#157 = DIRECTION('',(0.,0.,1.));
#158 = DIRECTION('',(1.,0.,-0.));
#159 = AXIS2_PLACEMENT_3D('',#160,#161,#162);
#160 = CARTESIAN_POINT('',(0.,0.,0.));
#161 = DIRECTION('',(0.,0.,1.));
#162 = DIRECTION('',(1.,0.,-0.));
#163 = AXIS2_PLACEMENT_3D('',#164,#165,#166);
#164 = CARTESIAN_POINT('',(0.,0.,0.));
#165 = DIRECTION('',(0.,0.,1.));
#166 = DIRECTION('',(1.,0.,-0.));
#167 = AXIS2_PLACEMENT_3D('',#168,#169,#170);
#168 = CARTESIAN_POINT('',(0.,0.,0.));
#169 = DIRECTION('',(0.,0.,1.));
#170 = DIRECTION('',(1.,0.,-0.));
#171 = AXIS2_PLACEMENT_3D('',#172,#173,#174);
#172 = CARTESIAN_POINT('',(0.,0.,0.));
#173 = DIRECTION('',(0.,0.,1.));
#174 = DIRECTION('',(1.,0.,-0.));
#175 = AXIS2_PLACEMENT_3D('',#176,#177,#178);
#176 = CARTESIAN_POINT('',(0.,0.,0.));
#177 = DIRECTION('',(0.,0.,1.));
#178 = DIRECTION('',(1.,0.,-0.));
#179 = AXIS2_PLACEMENT_3D('',#180,#181,#182);
#180 = CARTESIAN_POINT('',(0.,0.,0.));
#181 = DIRECTION('',(0.,0.,1.));
#182 = DIRECTION('',(1.,0.,-0.));
#183 = AXIS2_PLACEMENT_3D('',#184,#185,#186);
#184 = CARTESIAN_POINT('',(0.,0.,0.));
#185 = DIRECTION('',(0.,0.,1.));
#186 = DIRECTION('',(1.,0.,-0.));
#187 = AXIS2_PLACEMENT_3D('',#188,#189,#190);
#188 = CARTESIAN_POINT('',(0.,0.,0.));
#189 = DIRECTION('',(0.,0.,1.));
#190 = DIRECTION('',(1.,0.,-0.));
#191 = AXIS2_PLACEMENT_3D('',#192,#193,#194);
#192 = CARTESIAN_POINT('',(0.,0.,0.));
#193 = DIRECTION('',(0.,0.,1.));
#194 = DIRECTION('',(1.,0.,-0.));
#195 = AXIS2_PLACEMENT_3D('',#196,#197,#198);
#196 = CARTESIAN_POINT('',(0.,0.,0.));
#197 = DIRECTION('',(0.,0.,1.));
#198 = DIRECTION('',(1.,0.,-0.));
#199 = AXIS2_PLACEMENT_3D('',#200,#201,#202);
#200 = CARTESIAN_POINT('',(0.,0.,0.));
#201 = DIRECTION('',(0.,0.,1.));
#202 = DIRECTION('',(1.,0.,-0.));
#203 = AXIS2_PLACEMENT_3D('',#204,#205,#206);
#204 = CARTESIAN_POINT('',(0.,0.,0.));
#205 = DIRECTION('',(0.,0.,1.));
#206 = DIRECTION('',(1.,0.,-0.));
#207 = AXIS2_PLACEMENT_3D('',#208,#209,#210);
#208 = CARTESIAN_POINT('',(0.,0.,0.));
#209 = DIRECTION('',(0.,0.,1.));
#210 = DIRECTION('',(1.,0.,-0.));
#211 = AXIS2_PLACEMENT_3D('',#212,#213,#214);
#212 = CARTESIAN_POINT('',(0.,0.,0.));
#213 = DIRECTION('',(0.,0.,1.));
#214 = DIRECTION('',(1.,0.,-0.));
#215 = AXIS2_PLACEMENT_3D('',#216,#217,#218);
#216 = CARTESIAN_POINT('',(0.,0.,0.));
#217 = DIRECTION('',(0.,0.,1.));
#218 = DIRECTION('',(1.,0.,-0.));
#219 = AXIS2_PLACEMENT_3D('',#220,#221,#222);
#220 = CARTESIAN_POINT('',(0.,0.,0.));
#221 = DIRECTION('',(0.,0.,1.));
#222 = DIRECTION('',(1.,0.,-0.));
#223 = AXIS2_PLACEMENT_3D('',#224,#225,#226);
#224 = CARTESIAN_POINT('',(0.,0.,0.));
#225 = DIRECTION('',(0.,0.,1.));
#226 = DIRECTION('',(1.,0.,-0.));
#227 = AXIS2_PLACEMENT_3D('',#228,#229,#230);
#228 = CARTESIAN_POINT('',(0.,0.,0.));
#229 = DIRECTION('',(0.,0.,1.));
#230 = DIRECTION('',(1.,0.,-0.));
#231 = AXIS2_PLACEMENT_3D('',#232,#233,#234);
#232 = CARTESIAN_POINT('',(0.,0.,0.));
#233 = DIRECTION('',(0.,0.,1.));
#234 = DIRECTION('',(1.,0.,-0.));
#235 = AXIS2_PLACEMENT_3D('',#236,#237,#238);
#236 = CARTESIAN_POINT('',(0.,0.,0.));
#237 = DIRECTION('',(0.,0.,1.));
#238 = DIRECTION('',(1.,0.,-0.));
#239 = AXIS2_PLACEMENT_3D('',#240,#241,#242);
#240 = CARTESIAN_POINT('',(0.,0.,0.));
#241 = DIRECTION('',(0.,0.,1.));
#242 = DIRECTION('',(1.,0.,-0.));
#243 = AXIS2_PLACEMENT_3D('',#244,#245,#246);
#244 = CARTESIAN_POINT('',(0.,0.,0.));
#245 = DIRECTION('',(0.,0.,1.));
#246 = DIRECTION('',(1.,0.,-0.));
#247 = AXIS2_PLACEMENT_3D('',#248,#249,#250);
#248 = CARTESIAN_POINT('',(0.,0.,0.));
#249 = DIRECTION('',(0.,0.,1.));
#250 = DIRECTION('',(1.,0.,-0.));
#251 = AXIS2_PLACEMENT_3D('',#252,#253,#254);
#252 = CARTESIAN_POINT('',(0.,0.,0.));
#253 = DIRECTION('',(0.,0.,1.));
#254 = DIRECTION('',(1.,0.,-0.));
#255 = AXIS2_PLACEMENT_3D('',#256,#257,#258);
#256 = CARTESIAN_POINT('',(0.,0.,0.));
#257 = DIRECTION('',(0.,0.,1.));
#258 = DIRECTION('',(1.,0.,-0.));
#259 = AXIS2_PLACEMENT_3D('',#260,#261,#262);
#260 = CARTESIAN_POINT('',(0.,0.,0.));
#261 = DIRECTION('',(0.,0.,1.));
#262 = DIRECTION('',(1.,0.,-0.));
#263 = AXIS2_PLACEMENT_3D('',#264,#265,#266);
#264 = CARTESIAN_POINT('',(0.,0.,0.));
#265 = DIRECTION('',(0.,0.,1.));
#266 = DIRECTION('',(1.,0.,-0.));
#267 = AXIS2_PLACEMENT_3D('',#268,#269,#270);
#268 = CARTESIAN_POINT('',(0.,0.,0.));
#269 = DIRECTION('',(0.,0.,1.));
#270 = DIRECTION('',(1.,0.,-0.));
#271 = AXIS2_PLACEMENT_3D('',#272,#273,#274);
#272 = CARTESIAN_POINT('',(0.,0.,0.));
#273 = DIRECTION('',(0.,0.,1.));
#274 = DIRECTION('',(1.,0.,-0.));
#275 = AXIS2_PLACEMENT_3D('',#276,#277,#278);
#276 = CARTESIAN_POINT('',(0.,0.,0.));
#277 = DIRECTION('',(0.,0.,1.));
#278 = DIRECTION('',(1.,0.,-0.));
#279 = AXIS2_PLACEMENT_3D('',#280,#281,#282);
#280 = CARTESIAN_POINT('',(0.,0.,0.));
#281 = DIRECTION('',(0.,0.,1.));
#282 = DIRECTION('',(1.,0.,-0.));
#283 = AXIS2_PLACEMENT_3D('',#284,#285,#286);
#284 = CARTESIAN_POINT('',(0.,0.,0.));
#285 = DIRECTION('',(0.,0.,1.));
#286 = DIRECTION('',(1.,0.,-0.));
#287 = AXIS2_PLACEMENT_3D('',#288,#289,#290);
#288 = CARTESIAN_POINT('',(0.,0.,0.));
#289 = DIRECTION('',(0.,0.,1.));
#290 = DIRECTION('',(1.,0.,-0.));
#291 = AXIS2_PLACEMENT_3D('',#292,#293,#294);
#292 = CARTESIAN_POINT('',(0.,0.,0.));
#293 = DIRECTION('',(0.,0.,1.));
#294 = DIRECTION('',(1.,0.,-0.));
#295 = AXIS2_PLACEMENT_3D('',#296,#297,#298);
#296 = CARTESIAN_POINT('',(0.,0.,0.));
#297 = DIRECTION('',(0.,0.,1.));
#298 = DIRECTION('',(1.,0.,-0.));
#299 = AXIS2_PLACEMENT_3D('',#300,#301,#302);
#300 = CARTESIAN_POINT('',(0.,0.,0.));
#301 = DIRECTION('',(0.,0.,1.));
#302 = DIRECTION('',(1.,0.,-0.));
#303 = AXIS2_PLACEMENT_3D('',#304,#305,#306);
#304 = CARTESIAN_POINT('',(0.,0.,0.));
#305 = DIRECTION('',(0.,0.,1.));
#306 = DIRECTION('',(1.,0.,-0.));
#307 = AXIS2_PLACEMENT_3D('',#308,#309,#310);
#308 = CARTESIAN_POINT('',(0.,0.,0.));
#309 = DIRECTION('',(0.,0.,1.));
#310 = DIRECTION('',(1.,0.,-0.));
#311 = AXIS2_PLACEMENT_3D('',#312,#313,#314);
#312 = CARTESIAN_POINT('',(0.,0.,0.));
#313 = DIRECTION('',(0.,0.,1.));
#314 = DIRECTION('',(1.,0.,-0.));
#315 = AXIS2_PLACEMENT_3D('',#316,#317,#318);
#316 = CARTESIAN_POINT('',(0.,0.,0.));
#317 = DIRECTION('',(0.,0.,1.));
#318 = DIRECTION('',(1.,0.,-0.));
#319 = AXIS2_PLACEMENT_3D('',#320,#321,#322);
#320 = CARTESIAN_POINT('',(0.,0.,0.));
#321 = DIRECTION('',(0.,0.,1.));
#322 = DIRECTION('',(1.,0.,-0.));
#323 = AXIS2_PLACEMENT_3D('',#324,#325,#326);
#324 = CARTESIAN_POINT('',(0.,0.,0.));
#325 = DIRECTION('',(0.,0.,1.));
#326 = DIRECTION('',(1.,0.,-0.));
#327 = AXIS2_PLACEMENT_3D('',#328,#329,#330);
#328 = CARTESIAN_POINT('',(0.,0.,0.));
#329 = DIRECTION('',(0.,0.,1.));
#330 = DIRECTION('',(1.,0.,-0.));
#331 = AXIS2_PLACEMENT_3D('',#332,#333,#334);
#332 = CARTESIAN_POINT('',(0.,0.,0.));
#333 = DIRECTION('',(0.,0.,1.));
#334 = DIRECTION('',(1.,0.,-0.));
#335 = AXIS2_PLACEMENT_3D('',#336,#337,#338);
#336 = CARTESIAN_POINT('',(0.,0.,0.));
#337 = DIRECTION('',(0.,0.,1.));
#338 = DIRECTION('',(1.,0.,-0.));
#339 = AXIS2_PLACEMENT_3D('',#340,#341,#342);
#340 = CARTESIAN_POINT('',(0.,0.,0.));
#341 = DIRECTION('',(0.,0.,1.));
#342 = DIRECTION('',(1.,0.,-0.));
#343 = AXIS2_PLACEMENT_3D('',#344,#345,#346);
#344 = CARTESIAN_POINT('',(0.,0.,0.));
#345 = DIRECTION('',(0.,0.,1.));
#346 = DIRECTION('',(1.,0.,-0.));
#347 = AXIS2_PLACEMENT_3D('',#348,#349,#350);
#348 = CARTESIAN_POINT('',(0.,0.,0.));
#349 = DIRECTION('',(0.,0.,1.));
#350 = DIRECTION('',(1.,0.,-0.));
#351 = AXIS2_PLACEMENT_3D('',#352,#353,#354);
#352 = CARTESIAN_POINT('',(0.,0.,0.));
#353 = DIRECTION('',(0.,0.,1.));
#354 = DIRECTION('',(1.,0.,-0.));
#355 = AXIS2_PLACEMENT_3D('',#356,#357,#358);
#356 = CARTESIAN_POINT('',(0.,0.,0.));
#357 = DIRECTION('',(0.,0.,1.));
#358 = DIRECTION('',(1.,0.,-0.));
#359 = AXIS2_PLACEMENT_3D('',#360,#361,#362);
#360 = CARTESIAN_POINT('',(0.,0.,0.));
#361 = DIRECTION('',(0.,0.,1.));
#362 = DIRECTION('',(1.,0.,-0.));
#363 = AXIS2_PLACEMENT_3D('',#364,#365,#366);
#364 = CARTESIAN_POINT('',(0.,0.,0.));
#365 = DIRECTION('',(0.,0.,1.));
#366 = DIRECTION('',(1.,0.,-0.));
#367 = AXIS2_PLACEMENT_3D('',#368,#369,#370);
#368 = CARTESIAN_POINT('',(0.,0.,0.));
#369 = DIRECTION('',(0.,0.,1.));
#370 = DIRECTION('',(1.,0.,-0.));
#371 = AXIS2_PLACEMENT_3D('',#372,#373,#374);
#372 = CARTESIAN_POINT('',(0.,0.,0.));
#373 = DIRECTION('',(0.,0.,1.));
#374 = DIRECTION('',(1.,0.,-0.));
#375 = AXIS2_PLACEMENT_3D('',#376,#377,#378);
#376 = CARTESIAN_POINT('',(0.,0.,0.));
#377 = DIRECTION('',(0.,0.,1.));
#378 = DIRECTION('',(1.,0.,-0.));
#379 = AXIS2_PLACEMENT_3D('',#380,#381,#382);
#380 = CARTESIAN_POINT('',(0.,0.,0.));
#381 = DIRECTION('',(0.,0.,1.));
#382 = DIRECTION('',(1.,0.,-0.));
#383 = AXIS2_PLACEMENT_3D('',#384,#385,#386);
#384 = CARTESIAN_POINT('',(0.,0.,0.));
#385 = DIRECTION('',(0.,0.,1.));
#386 = DIRECTION('',(1.,0.,-0.));
#387 = AXIS2_PLACEMENT_3D('',#388,#389,#390);
#388 = CARTESIAN_POINT('',(0.,0.,0.));
#389 = DIRECTION('',(0.,0.,1.));
#390 = DIRECTION('',(1.,0.,-0.));
#391 = AXIS2_PLACEMENT_3D('',#392,#393,#394);
#392 = CARTESIAN_POINT('',(0.,0.,0.));
#393 = DIRECTION('',(0.,0.,1.));
#394 = DIRECTION('',(1.,0.,-0.));
#395 = ( GEOMETRIC_REPRESENTATION_CONTEXT(3) 
GLOBAL_UNCERTAINTY_ASSIGNED_CONTEXT((#399)) GLOBAL_UNIT_ASSIGNED_CONTEXT
((#396,#397,#398)) REPRESENTATION_CONTEXT('Context #1',
  '3D Context with UNIT and UNCERTAINTY') );
#396 = ( LENGTH_UNIT() NAMED_UNIT(*) SI_UNIT(.MILLI.,.METRE.) );
#397 = ( NAMED_UNIT(*) PLANE_ANGLE_UNIT() SI_UNIT($,.RADIAN.) );
#398 = ( NAMED_UNIT(*) SI_UNIT($,.STERADIAN.) SOLID_ANGLE_UNIT() );
#399 = UNCERTAINTY_MEASURE_WITH_UNIT(LENGTH_MEASURE(1.E-07),#396,
  'distance_accuracy_value','confusion accuracy');
#400 = PRODUCT_RELATED_PRODUCT_CATEGORY('part',$,(#7));
#401 = SHAPE_DEFINITION_REPRESENTATION(#402,#408);
#402 = PRODUCT_DEFINITION_SHAPE('','',#403);
#403 = PRODUCT_DEFINITION('design','',#404,#407);
#404 = PRODUCT_DEFINITION_FORMATION('','',#405);
#405 = PRODUCT('Open CASCADE STEP translator 7.8 1.1',
  'Open CASCADE STEP translator 7.8 1.1','',(#406));
#406 = PRODUCT_CONTEXT('',#2,'mechanical');
#407 = PRODUCT_DEFINITION_CONTEXT('part definition',#2,'design');
#408 = ADVANCED_BREP_SHAPE_REPRESENTATION('',(#11,#409),#1850);
#409 = MANIFOLD_SOLID_BREP('',#410);
#410 = CLOSED_SHELL('',(#411,#1685,#1787,#1838,#1844));
#411 = ADVANCED_FACE('',(#412),#449,.T.);
#412 = FACE_BOUND('',#413,.T.);
#413 = EDGE_LOOP('',(#414,#1271,#1442,#1516));
#414 = ORIENTED_EDGE('',*,*,#415,.T.);
#415 = EDGE_CURVE('',#416,#418,#420,.T.);
#416 = VERTEX_POINT('',#417);
#417 = CARTESIAN_POINT('',(12.7,0.,-170.));
#418 = VERTEX_POINT('',#419);
#419 = CARTESIAN_POINT('',(0.,12.7,-170.));
#420 = SURFACE_CURVE('',#421,(#448,#1236),.PCURVE_S1.);
#421 = B_SPLINE_CURVE_WITH_KNOTS('',3,(#422,#423,#424,#425,#426,#427,
    #428,#429,#430,#431,#432,#433,#434,#435,#436,#437,#438,#439,#440,
    #441,#442,#443,#444,#445,#446,#447),.UNSPECIFIED.,.F.,.F.,(4,1,1,1,1
    ,1,1,1,1,1,1,1,1,1,1,1,1,1,1,1,1,1,1,4),(0.,4.347826086957E-02,
    8.695652173913E-02,0.130434782609,0.173913043478,0.217391304348,
    0.260869565217,0.304347826087,0.347826086957,0.391304347826,
    0.434782608696,0.478260869565,0.521739130435,0.565217391304,
    0.608695652174,0.652173913043,0.695652173913,0.739130434783,
    0.782608695652,0.826086956522,0.869565217391,0.913043478261,
    0.95652173913,1.),.QUASI_UNIFORM_KNOTS.);
#422 = CARTESIAN_POINT('',(12.7,0.,-170.));
#423 = CARTESIAN_POINT('',(12.674939,0.79744,-170.));
#424 = CARTESIAN_POINT('',(12.599857,1.591732,-170.));
#425 = CARTESIAN_POINT('',(12.475048,2.379743,-170.));
#426 = CARTESIAN_POINT('',(12.301006,3.158362,-170.));
#427 = CARTESIAN_POINT('',(12.078418,3.924516,-170.));
#428 = CARTESIAN_POINT('',(11.808161,4.675182,-170.));
#429 = CARTESIAN_POINT('',(11.491304,5.407397,-170.));
#430 = CARTESIAN_POINT('',(11.129095,6.118272,-170.));
#431 = CARTESIAN_POINT('',(10.722965,6.805,-170.));
#432 = CARTESIAN_POINT('',(10.274516,7.464873,-170.));
#433 = CARTESIAN_POINT('',(9.785518,8.095285,-170.));
#434 = CARTESIAN_POINT('',(9.257902,8.693748,-170.));
#435 = CARTESIAN_POINT('',(8.693748,9.257902,-170.));
#436 = CARTESIAN_POINT('',(8.095285,9.785518,-170.));
#437 = CARTESIAN_POINT('',(7.464873,10.274516,-170.));
#438 = CARTESIAN_POINT('',(6.805,10.722965,-170.));
#439 = CARTESIAN_POINT('',(6.118272,11.129095,-170.));
#440 = CARTESIAN_POINT('',(5.407397,11.491304,-170.));
#441 = CARTESIAN_POINT('',(4.675182,11.808161,-170.));
#442 = CARTESIAN_POINT('',(3.924516,12.078418,-170.));
#443 = CARTESIAN_POINT('',(3.158362,12.301006,-170.));
#444 = CARTESIAN_POINT('',(2.379743,12.475048,-170.));
#445 = CARTESIAN_POINT('',(1.591732,12.599857,-170.));
#446 = CARTESIAN_POINT('',(0.79744,12.674939,-170.));
#447 = CARTESIAN_POINT('',(0.,12.7,-170.));
#448 = PCURVE('',#449,#1230);
#449 = ( BOUNDED_SURFACE() B_SPLINE_SURFACE(3,5,(
    (#450,#451,#452,#453,#454,#455,#456,#457,#458,#459,#460,#461,#462
      ,#463,#464,#465,#466,#467,#468,#469,#470,#471,#472,#473,#474,#475
      ,#476,#477,#478,#479)
    ,(#480,#481,#482,#483,#484,#485,#486,#487,#488,#489,#490,#491,#492
      ,#493,#494,#495,#496,#497,#498,#499,#500,#501,#502,#503,#504,#505
      ,#506,#507,#508,#509)
    ,(#510,#511,#512,#513,#514,#515,#516,#517,#518,#519,#520,#521,#522
      ,#523,#524,#525,#526,#527,#528,#529,#530,#531,#532,#533,#534,#535
      ,#536,#537,#538,#539)
    ,(#540,#541,#542,#543,#544,#545,#546,#547,#548,#549,#550,#551,#552
      ,#553,#554,#555,#556,#557,#558,#559,#560,#561,#562,#563,#564,#565
      ,#566,#567,#568,#569)
    ,(#570,#571,#572,#573,#574,#575,#576,#577,#578,#579,#580,#581,#582
      ,#583,#584,#585,#586,#587,#588,#589,#590,#591,#592,#593,#594,#595
      ,#596,#597,#598,#599)
    ,(#600,#601,#602,#603,#604,#605,#606,#607,#608,#609,#610,#611,#612
      ,#613,#614,#615,#616,#617,#618,#619,#620,#621,#622,#623,#624,#625
      ,#626,#627,#628,#629)
    ,(#630,#631,#632,#633,#634,#635,#636,#637,#638,#639,#640,#641,#642
      ,#643,#644,#645,#646,#647,#648,#649,#650,#651,#652,#653,#654,#655
      ,#656,#657,#658,#659)
    ,(#660,#661,#662,#663,#664,#665,#666,#667,#668,#669,#670,#671,#672
      ,#673,#674,#675,#676,#677,#678,#679,#680,#681,#682,#683,#684,#685
      ,#686,#687,#688,#689)
    ,(#690,#691,#692,#693,#694,#695,#696,#697,#698,#699,#700,#701,#702
      ,#703,#704,#705,#706,#707,#708,#709,#710,#711,#712,#713,#714,#715
      ,#716,#717,#718,#719)
    ,(#720,#721,#722,#723,#724,#725,#726,#727,#728,#729,#730,#731,#732
      ,#733,#734,#735,#736,#737,#738,#739,#740,#741,#742,#743,#744,#745
      ,#746,#747,#748,#749)
    ,(#750,#751,#752,#753,#754,#755,#756,#757,#758,#759,#760,#761,#762
      ,#763,#764,#765,#766,#767,#768,#769,#770,#771,#772,#773,#774,#775
      ,#776,#777,#778,#779)
    ,(#780,#781,#782,#783,#784,#785,#786,#787,#788,#789,#790,#791,#792
      ,#793,#794,#795,#796,#797,#798,#799,#800,#801,#802,#803,#804,#805
      ,#806,#807,#808,#809)
    ,(#810,#811,#812,#813,#814,#815,#816,#817,#818,#819,#820,#821,#822
      ,#823,#824,#825,#826,#827,#828,#829,#830,#831,#832,#833,#834,#835
      ,#836,#837,#838,#839)
    ,(#840,#841,#842,#843,#844,#845,#846,#847,#848,#849,#850,#851,#852
      ,#853,#854,#855,#856,#857,#858,#859,#860,#861,#862,#863,#864,#865
      ,#866,#867,#868,#869)
    ,(#870,#871,#872,#873,#874,#875,#876,#877,#878,#879,#880,#881,#882
      ,#883,#884,#885,#886,#887,#888,#889,#890,#891,#892,#893,#894,#895
      ,#896,#897,#898,#899)
    ,(#900,#901,#902,#903,#904,#905,#906,#907,#908,#909,#910,#911,#912
      ,#913,#914,#915,#916,#917,#918,#919,#920,#921,#922,#923,#924,#925
      ,#926,#927,#928,#929)
    ,(#930,#931,#932,#933,#934,#935,#936,#937,#938,#939,#940,#941,#942
      ,#943,#944,#945,#946,#947,#948,#949,#950,#951,#952,#953,#954,#955
      ,#956,#957,#958,#959)
    ,(#960,#961,#962,#963,#964,#965,#966,#967,#968,#969,#970,#971,#972
      ,#973,#974,#975,#976,#977,#978,#979,#980,#981,#982,#983,#984,#985
      ,#986,#987,#988,#989)
    ,(#990,#991,#992,#993,#994,#995,#996,#997,#998,#999,#1000,#1001
      ,#1002,#1003,#1004,#1005,#1006,#1007,#1008,#1009,#1010,#1011,#1012
      ,#1013,#1014,#1015,#1016,#1017,#1018,#1019)
    ,(#1020,#1021,#1022,#1023,#1024,#1025,#1026,#1027,#1028,#1029,#1030
      ,#1031,#1032,#1033,#1034,#1035,#1036,#1037,#1038,#1039,#1040,#1041
      ,#1042,#1043,#1044,#1045,#1046,#1047,#1048,#1049)
    ,(#1050,#1051,#1052,#1053,#1054,#1055,#1056,#1057,#1058,#1059,#1060
      ,#1061,#1062,#1063,#1064,#1065,#1066,#1067,#1068,#1069,#1070,#1071
      ,#1072,#1073,#1074,#1075,#1076,#1077,#1078,#1079)
    ,(#1080,#1081,#1082,#1083,#1084,#1085,#1086,#1087,#1088,#1089,#1090
      ,#1091,#1092,#1093,#1094,#1095,#1096,#1097,#1098,#1099,#1100,#1101
      ,#1102,#1103,#1104,#1105,#1106,#1107,#1108,#1109)
    ,(#1110,#1111,#1112,#1113,#1114,#1115,#1116,#1117,#1118,#1119,#1120
      ,#1121,#1122,#1123,#1124,#1125,#1126,#1127,#1128,#1129,#1130,#1131
      ,#1132,#1133,#1134,#1135,#1136,#1137,#1138,#1139)
    ,(#1140,#1141,#1142,#1143,#1144,#1145,#1146,#1147,#1148,#1149,#1150
      ,#1151,#1152,#1153,#1154,#1155,#1156,#1157,#1158,#1159,#1160,#1161
      ,#1162,#1163,#1164,#1165,#1166,#1167,#1168,#1169)
    ,(#1170,#1171,#1172,#1173,#1174,#1175,#1176,#1177,#1178,#1179,#1180
      ,#1181,#1182,#1183,#1184,#1185,#1186,#1187,#1188,#1189,#1190,#1191
      ,#1192,#1193,#1194,#1195,#1196,#1197,#1198,#1199)
    ,(#1200,#1201,#1202,#1203,#1204,#1205,#1206,#1207,#1208,#1209,#1210
      ,#1211,#1212,#1213,#1214,#1215,#1216,#1217,#1218,#1219,#1220,#1221
      ,#1222,#1223,#1224,#1225,#1226,#1227,#1228,#1229
)),.UNSPECIFIED.,.F.,.F.,.F.) B_SPLINE_SURFACE_WITH_KNOTS((4,1,1,1,1,1,1
    ,1,1,1,1,1,1,1,1,1,1,1,1,1,1,1,1,4),(6,3,3,3,3,3,3,3,3,6),(0.,
    4.347826086957E-02,8.695652173913E-02,0.130434782609,0.173913043478,
    0.217391304348,0.260869565217,0.304347826087,0.347826086957,
    0.391304347826,0.434782608696,0.478260869565,0.521739130435,
    0.565217391304,0.608695652174,0.652173913043,0.695652173913,
    0.739130434783,0.782608695652,0.826086956522,0.869565217391,
    0.913043478261,0.95652173913,1.),(0.,4.872325896061E-02,
    0.105424957335,0.179977407867,0.27073025035,0.394466404301,
    0.528884869744,0.685830183689,0.839999162704,1.),.UNSPECIFIED.) 
GEOMETRIC_REPRESENTATION_ITEM() RATIONAL_B_SPLINE_SURFACE((
    (1.,1.,1.,1.,1.,1.,1.,1.,1.,1.,1.,1.,1.,1.,1.,1.,1.,1.,1.,1.,1.,1.
      ,1.,1.,1.000000000001,0.999999999999,1.000000000001,0.999999999997
      ,1.000000000003,1.)
    ,(1.,1.,1.,1.,1.,1.,1.,1.,1.,1.,1.,1.,1.,1.,1.,1.,1.,1.,1.,1.,1.,1.
      ,1.,1.,1.000000000001,0.999999999999,1.000000000001,0.999999999997
      ,1.000000000003,1.)
    ,(1.,1.,1.,1.,1.,1.,1.,1.,1.,1.,1.,1.,1.,1.,1.,1.,1.,1.,1.,1.,1.,1.
      ,1.,1.,1.000000000001,0.999999999999,1.000000000001,0.999999999997
      ,1.000000000003,1.)
    ,(1.,1.,1.,1.,1.,1.,1.,1.,1.,1.,1.,1.,1.,1.,1.,1.,1.,1.,1.,1.,1.,1.
      ,1.,1.,1.000000000001,0.999999999999,1.000000000001,0.999999999997
      ,1.000000000003,1.)
    ,(1.,1.,1.,1.,1.,1.,1.,1.,1.,1.,1.,1.,1.,1.,1.,1.,1.,1.,1.,1.,1.,1.
      ,1.,1.,1.000000000001,0.999999999999,1.000000000001,0.999999999997
      ,1.000000000003,1.)
    ,(1.,1.,1.,1.,1.,1.,1.,1.,1.,1.,1.,1.,1.,1.,1.,1.,1.,1.,1.,1.,1.,1.
      ,1.,1.,1.000000000001,0.999999999999,1.000000000001,0.999999999997
      ,1.000000000003,1.)
    ,(1.,1.,1.,1.,1.,1.,1.,1.,1.,1.,1.,1.,1.,1.,1.,1.,1.,1.,1.,1.,1.,1.
      ,1.,1.,1.000000000001,0.999999999999,1.000000000001,0.999999999997
      ,1.000000000003,1.)
    ,(1.,1.,1.,1.,1.,1.,1.,1.,1.,1.,1.,1.,1.,1.,1.,1.,1.,1.,1.,1.,1.,1.
      ,1.,1.,1.000000000001,0.999999999999,1.000000000001,0.999999999997
      ,1.000000000003,1.)
    ,(1.,1.,1.,1.,1.,1.,1.,1.,1.,1.,1.,1.,1.,1.,1.,1.,1.,1.,1.,1.,1.,1.
      ,1.,1.,1.000000000001,0.999999999999,1.000000000001,0.999999999997
      ,1.000000000003,1.)
    ,(1.,1.,1.,1.,1.,1.,1.,1.,1.,1.,1.,1.,1.,1.,1.,1.,1.,1.,1.,1.,1.,1.
      ,1.,1.,1.000000000001,0.999999999999,1.000000000001,0.999999999997
      ,1.000000000003,1.)
    ,(1.,1.,1.,1.,1.,1.,1.,1.,1.,1.,1.,1.,1.,1.,1.,1.,1.,1.,1.,1.,1.,1.
      ,1.,1.,1.000000000001,0.999999999999,1.000000000001,0.999999999997
      ,1.000000000003,1.)
    ,(1.,1.,1.,1.,1.,1.,1.,1.,1.,1.,1.,1.,1.,1.,1.,1.,1.,1.,1.,1.,1.,1.
      ,1.,1.,1.000000000001,0.999999999999,1.000000000001,0.999999999997
      ,1.000000000003,1.)
    ,(1.,1.,1.,1.,1.,1.,1.,1.,1.,1.,1.,1.,1.,1.,1.,1.,1.,1.,1.,1.,1.,1.
      ,1.,1.,1.000000000001,0.999999999999,1.000000000001,0.999999999997
      ,1.000000000003,1.)
    ,(1.,1.,1.,1.,1.,1.,1.,1.,1.,1.,1.,1.,1.,1.,1.,1.,1.,1.,1.,1.,1.,1.
      ,1.,1.,1.000000000001,0.999999999999,1.000000000001,0.999999999997
      ,1.000000000003,1.)
    ,(1.,1.,1.,1.,1.,1.,1.,1.,1.,1.,1.,1.,1.,1.,1.,1.,1.,1.,1.,1.,1.,1.
      ,1.,1.,1.000000000001,0.999999999999,1.000000000001,0.999999999997
      ,1.000000000003,1.)
    ,(1.,1.,1.,1.,1.,1.,1.,1.,1.,1.,1.,1.,1.,1.,1.,1.,1.,1.,1.,1.,1.,1.
      ,1.,1.,1.000000000001,0.999999999999,1.000000000001,0.999999999997
      ,1.000000000003,1.)
    ,(1.,1.,1.,1.,1.,1.,1.,1.,1.,1.,1.,1.,1.,1.,1.,1.,1.,1.,1.,1.,1.,1.
      ,1.,1.,1.000000000001,0.999999999999,1.000000000001,0.999999999997
      ,1.000000000003,1.)
    ,(1.,1.,1.,1.,1.,1.,1.,1.,1.,1.,1.,1.,1.,1.,1.,1.,1.,1.,1.,1.,1.,1.
      ,1.,1.,1.000000000001,0.999999999999,1.000000000001,0.999999999997
      ,1.000000000003,1.)
    ,(1.,1.,1.,1.,1.,1.,1.,1.,1.,1.,1.,1.,1.,1.,1.,1.,1.,1.,1.,1.,1.,1.
      ,1.,1.,1.000000000001,0.999999999999,1.000000000001,0.999999999997
      ,1.000000000003,1.)
    ,(1.,1.,1.,1.,1.,1.,1.,1.,1.,1.,1.,1.,1.,1.,1.,1.,1.,1.,1.,1.,1.,1.
      ,1.,1.,1.000000000001,0.999999999999,1.000000000001,0.999999999997
      ,1.000000000003,1.)
    ,(1.,1.,1.,1.,1.,1.,1.,1.,1.,1.,1.,1.,1.,1.,1.,1.,1.,1.,1.,1.,1.,1.
      ,1.,1.,1.000000000001,0.999999999999,1.000000000001,0.999999999997
      ,1.000000000003,1.)
    ,(1.,1.,1.,1.,1.,1.,1.,1.,1.,1.,1.,1.,1.,1.,1.,1.,1.,1.,1.,1.,1.,1.
      ,1.,1.,1.000000000001,0.999999999999,1.000000000001,0.999999999997
      ,1.000000000003,1.)
    ,(1.,1.,1.,1.,1.,1.,1.,1.,1.,1.,1.,1.,1.,1.,1.,1.,1.,1.,1.,1.,1.,1.
      ,1.,1.,1.000000000001,0.999999999999,1.000000000001,0.999999999997
      ,1.000000000003,1.)
    ,(1.,1.,1.,1.,1.,1.,1.,1.,1.,1.,1.,1.,1.,1.,1.,1.,1.,1.,1.,1.,1.,1.
      ,1.,1.,1.000000000001,0.999999999999,1.000000000001,0.999999999997
      ,1.000000000003,1.)
    ,(1.,1.,1.,1.,1.,1.,1.,1.,1.,1.,1.,1.,1.,1.,1.,1.,1.,1.,1.,1.,1.,1.
      ,1.,1.,1.000000000001,0.999999999999,1.000000000001,0.999999999997
      ,1.000000000003,1.)
    ,(1.,1.,1.,1.,1.,1.,1.,1.,1.,1.,1.,1.,1.,1.,1.,1.,1.,1.,1.,1.,1.,1.
      ,1.,1.,1.000000000001,0.999999999999,1.000000000001,0.999999999997
,1.000000000003,1.))) REPRESENTATION_ITEM('') SURFACE() );
#450 = CARTESIAN_POINT('',(12.7,0.,-170.));
#451 = CARTESIAN_POINT('',(12.707525326801,0.,-167.8042377133));
#452 = CARTESIAN_POINT('',(12.858102714797,0.,-165.6007751119));
#453 = CARTESIAN_POINT('',(13.171866393633,0.,-163.4187075872));
#454 = CARTESIAN_POINT('',(14.115309980346,0.,-158.7367535669));
#455 = CARTESIAN_POINT('',(15.532135680382,0.,-154.1551926055));
#456 = CARTESIAN_POINT('',(16.388361871879,0.,-151.7199239829));
#457 = CARTESIAN_POINT('',(18.531376764891,0.,-146.1309311899));
#458 = CARTESIAN_POINT('',(20.955185085904,0.,-140.6364462272));
#459 = CARTESIAN_POINT('',(22.386455570778,0.,-137.5352885095));
#460 = CARTESIAN_POINT('',(25.649803911657,0.,-130.6920072556));
#461 = CARTESIAN_POINT('',(29.064729269029,0.,-123.903199316));
#462 = CARTESIAN_POINT('',(30.968906772108,0.,-120.1865090988));
#463 = CARTESIAN_POINT('',(35.526164151588,0.,-111.4214458589));
#464 = CARTESIAN_POINT('',(40.198638596752,0.,-102.694287997));
#465 = CARTESIAN_POINT('',(42.924883728451,0.,-97.66952363697));
#466 = CARTESIAN_POINT('',(48.680337344067,0.,-87.20840250132));
#467 = CARTESIAN_POINT('',(54.597583867855,0.,-76.80591362281));
#468 = CARTESIAN_POINT('',(57.729217497932,0.,-71.40908416516));
#469 = CARTESIAN_POINT('',(64.653317545512,0.,-59.76706930151));
#470 = CARTESIAN_POINT('',(71.95917406756,0.,-48.30145117611));
#471 = CARTESIAN_POINT('',(76.036322161075,0.,-42.19409456161));
#472 = CARTESIAN_POINT('',(84.479069041358,0.,-30.28255506065));
#473 = CARTESIAN_POINT('',(93.923947727304,0.,-18.99357110959));
#474 = CARTESIAN_POINT('',(98.910130562052,0.,-13.6269067477));
#475 = CARTESIAN_POINT('',(109.93286194343,0.,-3.331620840404));
#476 = CARTESIAN_POINT('',(123.03293996209,0.,4.549847433949));
#477 = CARTESIAN_POINT('',(130.19693201192,0.,7.687372627764));
#478 = CARTESIAN_POINT('',(137.88916801996,0.,9.611679297498));
#479 = CARTESIAN_POINT('',(145.392341,0.,11.));
#480 = CARTESIAN_POINT('',(12.674939,0.79744,-170.));
#481 = CARTESIAN_POINT('',(12.682434645863,0.797910331747,
    -167.8055771538));
#482 = CARTESIAN_POINT('',(12.832756245151,0.807369284345,
    -165.6034765291));
#483 = CARTESIAN_POINT('',(13.145863354256,0.82706610596,-163.4228588426
    ));
#484 = CARTESIAN_POINT('',(14.087466576172,0.886310344902,
    -158.7442819387));
#485 = CARTESIAN_POINT('',(15.501481324538,0.975269834502,
    -154.1667205092));
#486 = CARTESIAN_POINT('',(16.356025970162,1.029034093359,
    -151.7338008754));
#487 = CARTESIAN_POINT('',(18.494805928916,1.163595122036,
    -146.1506992417));
#488 = CARTESIAN_POINT('',(20.913836569472,1.315785936036,
    -140.6631168018));
#489 = CARTESIAN_POINT('',(22.342281174009,1.40565787266,-137.566181453)
  );
#490 = CARTESIAN_POINT('',(25.599189048804,1.610563038572,
    -130.7329058518));
#491 = CARTESIAN_POINT('',(29.007376844609,1.824990008882,
    -123.9554253556));
#492 = CARTESIAN_POINT('',(30.907798639954,1.944553221173,
    -120.2453245651));
#493 = CARTESIAN_POINT('',(35.456059652818,2.230706359518,
    -111.4966561933));
#494 = CARTESIAN_POINT('',(40.11931615996,2.524093170226,-102.7877927928
    ));
#495 = CARTESIAN_POINT('',(42.840181590143,2.695277031058,
    -97.77417100221));
#496 = CARTESIAN_POINT('',(48.584275267705,3.056662500092,-87.3375501166
    ));
#497 = CARTESIAN_POINT('',(54.489850279296,3.428212310094,
    -76.96219210372));
#498 = CARTESIAN_POINT('',(57.615300289932,3.624847616791,
    -71.58023376196));
#499 = CARTESIAN_POINT('',(64.525742474919,4.059614570758,
    -59.97215613677));
#500 = CARTESIAN_POINT('',(71.817175954781,4.51835576613,-48.54465257878
    ));
#501 = CARTESIAN_POINT('',(75.886284774725,4.774357431512,
    -42.45921295962));
#502 = CARTESIAN_POINT('',(84.312365732187,5.304489233327,
    -30.59430961104));
#503 = CARTESIAN_POINT('',(93.738614897613,5.89752913937,-19.36023255447
    ));
#504 = CARTESIAN_POINT('',(98.714945158706,6.210628173663,
    -14.02320414652));
#505 = CARTESIAN_POINT('',(109.71595246836,6.902718988177,
    -3.794919343613));
#506 = CARTESIAN_POINT('',(122.79014212099,7.725329450791,4.003159365742
    ));
#507 = CARTESIAN_POINT('',(129.94006578516,8.175063414869,7.094071379716
    ));
#508 = CARTESIAN_POINT('',(137.61703782128,8.658185912583,8.965522994815
    ));
#509 = CARTESIAN_POINT('',(145.105442,9.129261,10.309304));
#510 = CARTESIAN_POINT('',(12.599857,1.591732,-170.));
#511 = CARTESIAN_POINT('',(12.607312369418,1.592686580473,
    -167.8069299967));
#512 = CARTESIAN_POINT('',(12.756730964623,1.6115287864,-165.6061387911)
  );
#513 = CARTESIAN_POINT('',(13.067991684658,1.650882414323,
    -163.4270052686));
#514 = CARTESIAN_POINT('',(14.00401757273,1.769106539774,-158.7517696159
    ));
#515 = CARTESIAN_POINT('',(15.409654364644,1.946698385959,-154.178209153
    ));
#516 = CARTESIAN_POINT('',(16.25913688472,2.054004154503,-151.7476180897
    ));
#517 = CARTESIAN_POINT('',(18.385249353647,2.322599435184,
    -146.1703969026));
#518 = CARTESIAN_POINT('',(20.789946513016,2.626379217975,
    -140.6896765686));
#519 = CARTESIAN_POINT('',(22.209934397054,2.805767262434,
    -137.5969548563));
#520 = CARTESIAN_POINT('',(25.447545652431,3.21477352283,-130.773643836)
  );
#521 = CARTESIAN_POINT('',(28.835544462902,3.642775587215,-124.007443128
    ));
#522 = CARTESIAN_POINT('',(30.724708897919,3.881432830134,-120.30390639)
  );
#523 = CARTESIAN_POINT('',(35.246027192131,4.452609351527,
    -111.5715747828));
#524 = CARTESIAN_POINT('',(39.881660905552,5.038225547293,
    -102.8809241079));
#525 = CARTESIAN_POINT('',(42.586408927819,5.379913727649,
    -97.87841086281));
#526 = CARTESIAN_POINT('',(48.296478192559,6.10126352689,-87.46618433495
    ));
#527 = CARTESIAN_POINT('',(54.167065348014,6.842893205343,
    -77.11785582483));
#528 = CARTESIAN_POINT('',(57.2740070858,7.23538692449,-71.75070817428)
  );
#529 = CARTESIAN_POINT('',(64.143506066354,8.103210695801,
    -60.17643307179));
#530 = CARTESIAN_POINT('',(71.391755184969,9.018876470142,
    -48.78689607647));
#531 = CARTESIAN_POINT('',(75.436749239404,9.529876318299,
    -42.72328030512));
#532 = CARTESIAN_POINT('',(83.812933749147,10.588036908556,
    -30.90484054592));
#533 = CARTESIAN_POINT('',(93.183323356737,11.771791534373,
    -19.72544289985));
#534 = CARTESIAN_POINT('',(98.130203448872,12.396729064119,
    -14.41794893772));
#535 = CARTESIAN_POINT('',(109.06598903288,13.778232976115,
    -4.256365674091));
#536 = CARTESIAN_POINT('',(122.06281301465,15.420126875535,
    3.458603332679));
#537 = CARTESIAN_POINT('',(129.17022327244,16.31797435676,6.503167357974
    ));
#538 = CARTESIAN_POINT('',(136.80192438955,17.282117582789,
    8.321876678451));
#539 = CARTESIAN_POINT('',(144.245879,18.222492,9.621334));
#540 = CARTESIAN_POINT('',(12.475048,2.379743,-170.));
#541 = CARTESIAN_POINT('',(12.482422529074,2.381147317354,
    -167.8082373178));
#542 = CARTESIAN_POINT('',(12.630378017471,2.409379138198,
    -165.6088372737));
#543 = CARTESIAN_POINT('',(12.938543173333,2.468154921459,
    -163.4310960545));
#544 = CARTESIAN_POINT('',(13.865300820385,2.644952253532,
    -158.7592210472));
#545 = CARTESIAN_POINT('',(15.257012498839,2.910428410621,
    -154.1895927679));
#546 = CARTESIAN_POINT('',(16.098082189555,3.070873503513,
    -151.7613351527));
#547 = CARTESIAN_POINT('',(18.203132841975,3.472434558623,
    -146.1899275991));
#548 = CARTESIAN_POINT('',(20.584010410006,3.92660991535,-140.7160308849
    ));
#549 = CARTESIAN_POINT('',(21.989932196697,4.194803073887,
    -137.6274846773));
#550 = CARTESIAN_POINT('',(25.19547326601,4.806293219,-130.8140582218));
#551 = CARTESIAN_POINT('',(28.549913911342,5.446188211913,
    -124.0590507267));
#552 = CARTESIAN_POINT('',(30.420363435008,5.802993776495,
    -120.3620244906));
#553 = CARTESIAN_POINT('',(34.896897024595,6.6569398,-111.6458971575));
#554 = CARTESIAN_POINT('',(39.486608700317,7.532472689439,
    -102.9733238928));
#555 = CARTESIAN_POINT('',(42.164568874171,8.043322033203,
    -97.98182139425));
#556 = CARTESIAN_POINT('',(47.818071498744,9.121786468378,
    -87.59380251733));
#557 = CARTESIAN_POINT('',(53.630512942368,10.230565458141,
    -77.27229099268));
#558 = CARTESIAN_POINT('',(56.706672266371,10.817377197964,
    -71.91983031974));
#559 = CARTESIAN_POINT('',(63.508133270586,12.114822256469,
    -60.37909628912));
#560 = CARTESIAN_POINT('',(70.684575889742,13.483805130178,
    -49.02722443906));
#561 = CARTESIAN_POINT('',(74.68951224451,14.247787009055,
    -42.98525736409));
#562 = CARTESIAN_POINT('',(82.98271055375,15.829798545341,-31.2129158997
    ));
#563 = CARTESIAN_POINT('',(92.260299013033,17.599592964826,
    -20.08776582697));
#564 = CARTESIAN_POINT('',(97.158156652461,18.533909801977,
    -14.80956433059));
#565 = CARTESIAN_POINT('',(107.9856552603,20.599365291701,
    -4.714178986879));
#566 = CARTESIAN_POINT('',(120.85368160301,23.05407323876,2.91837360037)
  );
#567 = CARTESIAN_POINT('',(127.89079752115,24.396469643632,
    5.916886128203));
#568 = CARTESIAN_POINT('',(135.44676488941,25.837856846758,
    7.683359342328));
#569 = CARTESIAN_POINT('',(142.817043,27.243808,8.938806));
#570 = CARTESIAN_POINT('',(12.301006,3.158362,-170.));
#571 = CARTESIAN_POINT('',(12.308283588953,3.160227805157,-167.80954988)
  );
#572 = CARTESIAN_POINT('',(12.454159663012,3.197687389004,
    -165.6114647839));
#573 = CARTESIAN_POINT('',(12.758038876747,3.275705573285,
    -163.4351550473));
#574 = CARTESIAN_POINT('',(13.67185895644,3.510338314709,-158.7665670532
    ));
#575 = CARTESIAN_POINT('',(15.044161249865,3.862684178913,
    -154.2008523936));
#576 = CARTESIAN_POINT('',(15.873494173484,4.075619540788,
    -151.7748826734));
#577 = CARTESIAN_POINT('',(17.949175815039,4.608567176762,
    -146.2092332203));
#578 = CARTESIAN_POINT('',(20.296841214349,5.211340447615,
    -140.7420690631));
#579 = CARTESIAN_POINT('',(21.683144687008,5.567286599448,
    -137.6576516785));
#580 = CARTESIAN_POINT('',(24.843969013889,6.378845779532,-130.85398997)
  );
#581 = CARTESIAN_POINT('',(28.151604825585,7.228105943368,
    -124.1100435326));
#582 = CARTESIAN_POINT('',(29.995963956124,7.701651791569,
    -120.4194507895));
#583 = CARTESIAN_POINT('',(34.410040087508,8.835001343894,
    -111.7193370153));
#584 = CARTESIAN_POINT('',(38.93572751074,9.996991075873,-103.0646171113
    ));
#585 = CARTESIAN_POINT('',(41.576317769619,10.674987817242,
    -98.08400535482));
#586 = CARTESIAN_POINT('',(47.15095442629,12.106303936889,
    -87.71989699819));
#587 = CARTESIAN_POINT('',(52.882301725834,13.57786957898,
    -77.42488270152));
#588 = CARTESIAN_POINT('',(55.915547280578,14.356669562428,
    -72.08694151859));
#589 = CARTESIAN_POINT('',(62.622116663317,16.078631583306,
    -60.57934063983));
#590 = CARTESIAN_POINT('',(69.698444556564,17.895514638025,
    -49.2646872031));
#591 = CARTESIAN_POINT('',(73.647500203155,18.909469901934,
    -43.24411853304));
#592 = CARTESIAN_POINT('',(81.82500646002,21.009081828039,
    -31.51730915546));
#593 = CARTESIAN_POINT('',(90.973152511719,23.357942050496,
    -20.4457764327));
#594 = CARTESIAN_POINT('',(95.802689698374,24.597939497526,
    -15.19651047931));
#595 = CARTESIAN_POINT('',(106.47911216949,27.339208779247,
    -5.166534685184));
#596 = CARTESIAN_POINT('',(119.16764307157,30.597027998746,
    2.384577290377));
#597 = CARTESIAN_POINT('',(126.10652616267,32.378709200318,
    5.337619987303));
#598 = CARTESIAN_POINT('',(133.55715129738,34.291604721357,
    7.052428947405));
#599 = CARTESIAN_POINT('',(140.824573,36.157605,8.264411));
#600 = CARTESIAN_POINT('',(12.078418,3.924516,-170.));
#601 = CARTESIAN_POINT('',(12.085558314909,3.926848508215,
    -167.8108344012));
#602 = CARTESIAN_POINT('',(12.228807848521,3.973361590694,-165.61406671)
  );
#603 = CARTESIAN_POINT('',(12.527179279646,4.070336059536,
    -163.4391381893));
#604 = CARTESIAN_POINT('',(13.424465127079,4.361864075585,
    -158.7738058829));
#605 = CARTESIAN_POINT('',(14.771936044965,4.799697488946,
    -154.2119241294));
#606 = CARTESIAN_POINT('',(15.58625935575,5.064280549515,-151.7882160311
    ));
#607 = CARTESIAN_POINT('',(17.624385242512,5.726511814114,
    -146.2282239065));
#608 = CARTESIAN_POINT('',(19.929566414293,6.475507881727,
    -140.7676929513));
#609 = CARTESIAN_POINT('',(21.290784962737,6.917794914009,
    -137.6873360232));
#610 = CARTESIAN_POINT('',(24.394412698662,7.926225526805,
    -130.8932813053));
#611 = CARTESIAN_POINT('',(27.642200664084,8.981493671768,
    -124.1602216875));
#612 = CARTESIAN_POINT('',(29.453180929987,9.569921284484,
    -120.4759576608));
#613 = CARTESIAN_POINT('',(33.787389897859,10.978184898843,
    -111.7915977464));
#614 = CARTESIAN_POINT('',(38.231175848599,12.422064091434,
    -103.1544522697));
#615 = CARTESIAN_POINT('',(40.823993018332,13.264518318079,
    -98.18454823473));
#616 = CARTESIAN_POINT('',(46.297747390599,15.043049586051,
    -87.84397682851));
#617 = CARTESIAN_POINT('',(51.92539175667,16.871583476193,
    -77.57503233566));
#618 = CARTESIAN_POINT('',(54.903744353538,17.839307650162,
    -72.2513741739));
#619 = CARTESIAN_POINT('',(61.488965345626,19.978976040514,
    -60.77638323093));
#620 = CARTESIAN_POINT('',(68.437236432844,22.236607240577,
    -49.49834762907));
#621 = CARTESIAN_POINT('',(72.314842223035,23.49651542611,
    -43.49883197726));
#622 = CARTESIAN_POINT('',(80.344367313306,26.105470267399,
    -31.81683769003));
#623 = CARTESIAN_POINT('',(89.326984595487,29.024093090196,
    -20.79805069812));
#624 = CARTESIAN_POINT('',(94.069120134185,30.564915894967,
    -15.57726324512));
#625 = CARTESIAN_POINT('',(104.55237358879,33.97111266847,-5.61165307242
    ));
#626 = CARTESIAN_POINT('',(117.01127042317,38.0192817034,1.85933549706)
  );
#627 = CARTESIAN_POINT('',(123.82466254353,40.233035325492,
    4.767584569776));
#628 = CARTESIAN_POINT('',(131.14037393272,42.610119242341,
    6.431634623486));
#629 = CARTESIAN_POINT('',(138.276333,44.928704,7.600813));
#630 = CARTESIAN_POINT('',(11.808161,4.675182,-170.));
#631 = CARTESIAN_POINT('',(11.815148493405,4.677958829788,-167.812088883
    ));
#632 = CARTESIAN_POINT('',(11.955177183273,4.733372620233,
    -165.6166206678));
#633 = CARTESIAN_POINT('',(12.246883384137,4.848892298481,
    -163.4430416664));
#634 = CARTESIAN_POINT('',(13.124089552226,5.19618661346,-158.7808963918
    ));
#635 = CARTESIAN_POINT('',(14.44141120981,5.717763048401,-154.222773933)
  );
#636 = CARTESIAN_POINT('',(15.237516657114,6.032956012612,
    -151.8012795506));
#637 = CARTESIAN_POINT('',(17.230035484466,6.821859569643,
    -146.2468324194));
#638 = CARTESIAN_POINT('',(19.483639979835,7.714114748543,
    -140.7927995434));
#639 = CARTESIAN_POINT('',(20.814399564043,8.241006143922,
    -137.7164156026));
#640 = CARTESIAN_POINT('',(23.848586235522,9.442320295217,
    -130.9317853158));
#641 = CARTESIAN_POINT('',(27.023699581724,10.699441310797,
    -124.2093795459));
#642 = CARTESIAN_POINT('',(28.794162265491,11.400416682052,
    -120.5313244579));
#643 = CARTESIAN_POINT('',(33.031392406644,13.078050303278,
    -111.8623971022));
#644 = CARTESIAN_POINT('',(37.375746787029,14.798107510458,
    -103.2424723701));
#645 = CARTESIAN_POINT('',(39.910550406195,15.8017024923,-98.28306070916
    ));
#646 = CARTESIAN_POINT('',(45.261829829679,17.92042769146,
    -87.96554436471));
#647 = CARTESIAN_POINT('',(50.763553498401,20.098711610137,
    -77.7221485071));
#648 = CARTESIAN_POINT('',(53.675266438043,21.251540576965,
    -72.41248303157));
#649 = CARTESIAN_POINT('',(60.11313840276,23.800476341479,
    -60.96944250336));
#650 = CARTESIAN_POINT('',(66.905945728183,26.489936345801,
    -49.72728439483));
#651 = CARTESIAN_POINT('',(70.69678558156,27.990839457686,
    -43.74839885026));
#652 = CARTESIAN_POINT('',(78.546649363791,31.098817493626,
    -32.1103070584));
#653 = CARTESIAN_POINT('',(87.32828072902,34.575714234578,
    -21.14320476261));
#654 = CARTESIAN_POINT('',(91.964312547204,36.411241517896,
    -15.95032271395));
#655 = CARTESIAN_POINT('',(102.21299045211,40.468996982658,
    -6.047760570261));
#656 = CARTESIAN_POINT('',(114.39313691654,45.291432204659,
    1.344695883951));
#657 = CARTESIAN_POINT('',(121.05403498049,47.928723997699,
    4.209124281857));
#658 = CARTESIAN_POINT('',(128.20611626166,50.760360368297,
    5.823349311478));
#659 = CARTESIAN_POINT('',(135.18238,53.522491,6.95063));
#660 = CARTESIAN_POINT('',(11.491304,5.407397,-170.));
#661 = CARTESIAN_POINT('',(11.498097686575,5.410598031687,
    -167.8133240771));
#662 = CARTESIAN_POINT('',(11.634381362899,5.474718298266,
    -165.6190913891));
#663 = CARTESIAN_POINT('',(11.918252226372,5.608307023382,
    -163.4468593724));
#664 = CARTESIAN_POINT('',(12.7719212686,6.010007246792,-158.7878036645)
  );
#665 = CARTESIAN_POINT('',(14.05389339344,6.613261547444,-154.2333615458
    ));
#666 = CARTESIAN_POINT('',(14.828634362638,6.977825166237,
    -151.8140206997));
#667 = CARTESIAN_POINT('',(16.76769165528,7.890276729627,-146.2649847646
    ));
#668 = CARTESIAN_POINT('',(18.960815907176,8.922282981342,
    -140.8172854675));
#669 = CARTESIAN_POINT('',(20.25587371824,9.531690941997,-137.7447846918
    ));
#670 = CARTESIAN_POINT('',(23.208632975858,10.921154326504,
    -130.9693340491));
#671 = CARTESIAN_POINT('',(26.298554675567,12.375159512874,
    -124.2573366446));
#672 = CARTESIAN_POINT('',(28.021504754802,13.185921229762,
    -120.585324279));
#673 = CARTESIAN_POINT('',(32.145033145488,15.126301684859,
    -111.9314635882));
#674 = CARTESIAN_POINT('',(36.372815546018,17.115750055964,
    -103.328322817));
#675 = CARTESIAN_POINT('',(38.839596898563,18.276525975295,
    -98.37915272362));
#676 = CARTESIAN_POINT('',(44.047284798038,20.72707782922,
    -88.08412701266));
#677 = CARTESIAN_POINT('',(49.401372875316,23.246523420354,
    -77.86564451373));
#678 = CARTESIAN_POINT('',(52.234956863477,24.579903122136,
    -72.56963652135));
#679 = CARTESIAN_POINT('',(58.500071835114,27.528045828915,
    -61.15774771447));
#680 = CARTESIAN_POINT('',(65.110607599239,30.638724123132,
    -49.95060312308));
#681 = CARTESIAN_POINT('',(68.799718749657,32.37469316475,
    -43.99182390907));
#682 = CARTESIAN_POINT('',(76.438950030227,35.969436687509,
    -32.39657270424));
#683 = CARTESIAN_POINT('',(84.984928694173,39.990874117451,
    -21.47987116861));
#684 = CARTESIAN_POINT('',(89.496558942534,42.113880883915,
    -16.31421614989));
#685 = CARTESIAN_POINT('',(99.47023640826,46.807143893727,
    -6.473146146256));
#686 = CARTESIAN_POINT('',(111.32352247896,52.384871034294,
    0.842701103506));
#687 = CARTESIAN_POINT('',(117.80573084645,55.435175190837,
    3.664398689506));
#688 = CARTESIAN_POINT('',(124.76582927686,58.710337156434,
    5.230010045711));
#689 = CARTESIAN_POINT('',(131.554923,61.905048,6.316428));
#690 = CARTESIAN_POINT('',(11.129095,6.118272,-170.));
#691 = CARTESIAN_POINT('',(11.135699130238,6.12188850209,-167.81450656)
  );
#692 = CARTESIAN_POINT('',(11.267624936883,6.194450467702,
    -165.6215192605));
#693 = CARTESIAN_POINT('',(11.542599863972,6.345587864453,
    -163.4505515466));
#694 = CARTESIAN_POINT('',(12.369335167043,6.800110282739,
    -158.7945230738));
#695 = CARTESIAN_POINT('',(13.610917044884,7.482659886539,
    -154.2436348895));
#696 = CARTESIAN_POINT('',(14.361229510786,7.895155262771,
    -151.8263908241));
#697 = CARTESIAN_POINT('',(16.239172362386,8.92755724514,-146.2826083942
    ));
#698 = CARTESIAN_POINT('',(18.363165448005,10.095237708452,
    -140.8410600551));
#699 = CARTESIAN_POINT('',(19.617403459041,10.784759456571,
    -137.772325725));
#700 = CARTESIAN_POINT('',(22.477091452647,12.356884629985,
    -131.0057938959));
#701 = CARTESIAN_POINT('',(25.469617592457,14.002041452874,
    -124.3038924155));
#702 = CARTESIAN_POINT('',(27.138260588615,14.919384417522,
    -120.6377538666));
#703 = CARTESIAN_POINT('',(31.131812604552,17.114860364191,
    -111.9985116708));
#704 = CARTESIAN_POINT('',(35.226336128945,19.365841150694,
    -103.411677498));
#705 = CARTESIAN_POINT('',(37.615362260889,20.679221851124,
    -98.47244121177));
#706 = CARTESIAN_POINT('',(42.658903488922,23.451930681242,
    -88.19925313513));
#707 = CARTESIAN_POINT('',(47.844229035648,26.302587539449,
    -78.00496097919));
#708 = CARTESIAN_POINT('',(50.588497594535,27.811262103337,
    -72.72220578006));
#709 = CARTESIAN_POINT('',(56.656135891142,31.1469728466,-61.34057432326
    ));
#710 = CARTESIAN_POINT('',(63.058305228318,34.666597687503,
    -50.16740218038));
#711 = CARTESIAN_POINT('',(66.631136353453,36.630773220947,
    -44.22816291886));
#712 = CARTESIAN_POINT('',(74.029575075855,40.698110356931,
    -32.67448562095));
#713 = CARTESIAN_POINT('',(82.306182075056,45.248200563374,
    -21.80672945967));
#714 = CARTESIAN_POINT('',(86.675607053417,47.650325834827,
    -16.66749499409));
#715 = CARTESIAN_POINT('',(96.334905173762,52.960548833956,
    -6.886150807822));
#716 = CARTESIAN_POINT('',(107.81458229825,59.271583678238,
    0.355359970224));
#717 = CARTESIAN_POINT('',(114.09245375108,62.722818073264,3.13549434919
    ));
#718 = CARTESIAN_POINT('',(120.83318729996,66.428638225863,
    4.654002267133));
#719 = CARTESIAN_POINT('',(127.40828,70.043294,5.70071));
#720 = CARTESIAN_POINT('',(10.722965,6.805,-170.));
#721 = CARTESIAN_POINT('',(10.729297744122,6.809038641057,
    -167.8156668172));
#722 = CARTESIAN_POINT('',(10.856488704999,6.889708441602,
    -165.6238346194));
#723 = CARTESIAN_POINT('',(11.121358839316,7.057841007749,
    -163.4541328427));
#724 = CARTESIAN_POINT('',(11.917965641447,7.563358093136,
    -158.8010006193));
#725 = CARTESIAN_POINT('',(13.114208480039,8.322537051532,
    -154.2535646914));
#726 = CARTESIAN_POINT('',(13.837154533267,8.781321651868,
    -151.8383390652));
#727 = CARTESIAN_POINT('',(15.646556337308,9.929610087315,
    -146.2996365621));
#728 = CARTESIAN_POINT('',(17.693049507425,11.22834692519,
    -140.8640216114));
#729 = CARTESIAN_POINT('',(18.901508613291,11.995265052335,
    -137.7989338064));
#730 = CARTESIAN_POINT('',(21.656846691599,13.743850274921,
    -131.0410124592));
#731 = CARTESIAN_POINT('',(24.540160818367,15.573660449575,
    -124.3488671805));
#732 = CARTESIAN_POINT('',(26.147915625322,16.593971201863,
    -120.6884032917));
#733 = CARTESIAN_POINT('',(29.995729669895,19.035870194509,
    -112.0632827312));
#734 = CARTESIAN_POINT('',(33.940834595898,21.539507309214,
    -103.492199052));
#735 = CARTESIAN_POINT('',(36.242677637047,23.00030278811,
    -98.56256197388));
#736 = CARTESIAN_POINT('',(41.102166576648,26.084227742163,
    -88.31046939223));
#737 = CARTESIAN_POINT('',(46.098268106385,29.254849862596,
    -78.13954418944));
#738 = CARTESIAN_POINT('',(48.742387075746,30.932859239965,
    -72.86959396773));
#739 = CARTESIAN_POINT('',(54.588607397186,34.642982036333,
    -61.51718876022));
#740 = CARTESIAN_POINT('',(60.757136833188,38.55765309807,
    -50.37683947138));
#741 = CARTESIAN_POINT('',(64.199593192888,40.742299895442,
    -44.45647011315));
#742 = CARTESIAN_POINT('',(71.328033736155,45.266146333216,
    -32.94296350612));
#743 = CARTESIAN_POINT('',(79.302615174268,50.32696953312,-22.1224826582
    ));
#744 = CARTESIAN_POINT('',(83.512579739118,52.998696812934,
    -17.00878618204));
#745 = CARTESIAN_POINT('',(92.819399095907,58.904977524297,
    -7.285098006783));
#746 = CARTESIAN_POINT('',(103.88012997834,65.924342371076,
    -0.115465922127));
#747 = CARTESIAN_POINT('',(109.92895222676,69.763010689182,
    2.624649215638));
#748 = CARTESIAN_POINT('',(116.42363671756,73.88470663253,4.097491039441
    ));
#749 = CARTESIAN_POINT('',(122.758814,77.905112,5.105905));
#750 = CARTESIAN_POINT('',(10.274516,7.464873,-170.));
#751 = CARTESIAN_POINT('',(10.280601785929,7.469277147142,
    -167.8167650304));
#752 = CARTESIAN_POINT('',(10.402425951989,7.557832102319,
    -165.6260877553));
#753 = CARTESIAN_POINT('',(10.656263567862,7.742216019425,
    -163.4575596571));
#754 = CARTESIAN_POINT('',(11.419524534087,8.296783027196,
    -158.8072394171));
#755 = CARTESIAN_POINT('',(12.565763401733,9.129553426103,
    -154.2630986866));
#756 = CARTESIAN_POINT('',(13.2584624098,9.632841165711,-151.8498251187)
  );
#757 = CARTESIAN_POINT('',(14.992198803498,10.89246594884,
    -146.3159929982));
#758 = CARTESIAN_POINT('',(16.953101481244,12.317150449241,
    -140.8860922365));
#759 = CARTESIAN_POINT('',(18.111023403772,13.158429452124,
    -137.8244962519));
#760 = CARTESIAN_POINT('',(20.751127472125,15.076574529533,
    -131.0748572011));
#761 = CARTESIAN_POINT('',(23.513859495331,17.083820561812,
    -124.3920809413));
#762 = CARTESIAN_POINT('',(25.054372695716,18.203066500931,
    -120.7370722069));
#763 = CARTESIAN_POINT('',(28.741269225394,20.881754707151,
    -112.1255205084));
#764 = CARTESIAN_POINT('',(32.521380853689,23.628168084063,
    -103.5695691419));
#765 = CARTESIAN_POINT('',(34.726961734817,25.230613631252,
    -98.64916324371));
#766 = CARTESIAN_POINT('',(39.38321676555,28.613582451384,-88.4173289481
    ));
#767 = CARTESIAN_POINT('',(44.170376683581,32.091656535927,
    -78.26887068727));
#768 = CARTESIAN_POINT('',(46.703913093757,33.932380949284,
    -73.01121023658));
#769 = CARTESIAN_POINT('',(52.305640893795,38.00226997099,-61.6869018509
    ));
#770 = CARTESIAN_POINT('',(58.216187730794,42.296539397198,
    -50.57808471912));
#771 = CARTESIAN_POINT('',(61.514683380234,44.693027651769,
    -44.67585067095));
#772 = CARTESIAN_POINT('',(68.344994496352,49.655553781945,
    -33.20093896209));
#773 = CARTESIAN_POINT('',(75.986076182132,55.207108263377,
    -22.42589119519));
#774 = CARTESIAN_POINT('',(80.019969915375,58.137922238481,
    -17.33671761522));
#775 = CARTESIAN_POINT('',(88.937565511139,64.616900148036,
    -7.668473353013));
#776 = CARTESIAN_POINT('',(99.535726509451,72.316967366071,
    -0.56783926604));
#777 = CARTESIAN_POINT('',(105.33155731975,76.527782669472,
    2.133682448577));
#778 = CARTESIAN_POINT('',(111.55466084293,81.049262473761,
    3.562817792276));
#779 = CARTESIAN_POINT('',(117.624875,85.459474,4.534362));
#780 = CARTESIAN_POINT('',(9.785518,8.095285,-170.));
#781 = CARTESIAN_POINT('',(9.791313931144,8.100074380105,-167.8178291965
    ));
#782 = CARTESIAN_POINT('',(9.907343758758,8.19607459319,-165.6282163974)
  );
#783 = CARTESIAN_POINT('',(10.149093321804,8.396058966231,
    -163.4608451659));
#784 = CARTESIAN_POINT('',(10.876038271007,8.997441494855,
    -158.8131873519));
#785 = CARTESIAN_POINT('',(11.967712146792,9.900554939074,
    -154.2722127597));
#786 = CARTESIAN_POINT('',(12.627453371503,10.446333699291,
    -151.860796818));
#787 = CARTESIAN_POINT('',(14.278665903426,11.812347917817,
    -146.3316163565));
#788 = CARTESIAN_POINT('',(16.146251327548,13.357334118755,
    -140.907178418));
#789 = CARTESIAN_POINT('',(17.249059474611,14.269666407987,
    -137.8489202378));
#790 = CARTESIAN_POINT('',(19.763514103658,16.349798442833,
    -131.1071876991));
#791 = CARTESIAN_POINT('',(22.394758213522,18.526556335332,
    -124.4333691039));
#792 = CARTESIAN_POINT('',(23.861953600655,19.740323278772,
    -120.7835673123));
#793 = CARTESIAN_POINT('',(27.373378331226,22.645231140282,
    -112.1849784483));
#794 = CARTESIAN_POINT('',(30.973584953549,25.623573680368,
    -103.6434889551));
#795 = CARTESIAN_POINT('',(33.074190487858,27.361353004074,
    -98.73189200829));
#796 = CARTESIAN_POINT('',(37.508845325278,31.030012975635,
    -88.51942787852));
#797 = CARTESIAN_POINT('',(42.068161923549,34.801810893836,
    -78.39241338398));
#798 = CARTESIAN_POINT('',(44.481127211572,36.797987299533,
    -73.14651555524));
#799 = CARTESIAN_POINT('',(49.816237190678,41.211576226841,
    -61.84902873185));
#800 = CARTESIAN_POINT('',(55.445497830658,45.868504189148,
    -50.77034966742));
#801 = CARTESIAN_POINT('',(58.586988413936,48.467372465257,
    -44.8854341864));
#802 = CARTESIAN_POINT('',(65.092251068244,53.84899177748,
    -33.44740148007));
#803 = CARTESIAN_POINT('',(72.369637377634,59.869373679588,
    -22.7157489091));
#804 = CARTESIAN_POINT('',(76.211578702255,63.047695652207,
    -17.65001661408));
#805 = CARTESIAN_POINT('',(84.704697042275,70.073831787527,
    -8.034715761384));
#806 = CARTESIAN_POINT('',(94.798543820137,78.424162055669,
    -1.00004016972));
#807 = CARTESIAN_POINT('',(100.31837398392,82.99060610456,1.664694135835
    ));
#808 = CARTESIAN_POINT('',(106.24549637715,87.893895684033,
    3.051971356851));
#809 = CARTESIAN_POINT('',(112.026724,92.676566,3.988336));
#810 = CARTESIAN_POINT('',(9.257902,8.693748,-170.));
#811 = CARTESIAN_POINT('',(9.263369522044,8.698899206106,-167.8188257194
    ));
#812 = CARTESIAN_POINT('',(9.373181214539,8.801975686926,-165.6302592639
    ));
#813 = CARTESIAN_POINT('',(9.601864526584,9.016764398546,-163.4639537736
    ));
#814 = CARTESIAN_POINT('',(10.289630922721,9.662592950302,
    -158.8188450344));
#815 = CARTESIAN_POINT('',(11.322432986918,10.632479435647,
    -154.2808617986));
#816 = CARTESIAN_POINT('',(11.946605526874,11.218605767239,
    -151.8712088994));
#817 = CARTESIAN_POINT('',(13.508788434759,12.685599596268,
    -146.3464595356));
#818 = CARTESIAN_POINT('',(15.275673965402,14.344812794376,
    -140.9271874912));
#819 = CARTESIAN_POINT('',(16.319024881002,15.324582230811,
    -137.8721077645));
#820 = CARTESIAN_POINT('',(18.697901888339,17.558499935066,
    -131.1378805514));
#821 = CARTESIAN_POINT('',(21.187274418135,19.89617583795,
    -124.4725631218));
#822 = CARTESIAN_POINT('',(22.575363600695,21.19967602313,
    -120.8277059767));
#823 = CARTESIAN_POINT('',(25.897455329434,24.319333509282,
    -112.2414258804));
#824 = CARTESIAN_POINT('',(29.303548869349,27.517859920679,
    -103.7136596755));
#825 = CARTESIAN_POINT('',(31.290892383051,29.384107430198,
    -98.81042979801));
#826 = CARTESIAN_POINT('',(35.48643789322,33.323981284024,
    -88.61634881817));
#827 = CARTESIAN_POINT('',(39.799926531094,37.374620066038,
    -78.5097005023));
#828 = CARTESIAN_POINT('',(42.082787897247,39.518367528828,
    -73.27495984781));
#829 = CARTESIAN_POINT('',(47.130242706958,44.258244423538,
    -62.00294159123));
#830 = CARTESIAN_POINT('',(52.455977765175,49.259442028154,
    -50.95286860453));
#831 = CARTESIAN_POINT('',(55.428093611965,52.050445049174,
    -45.08440167701));
#832 = CARTESIAN_POINT('',(61.582593206454,57.829901116551,
    -33.68136260956));
#833 = CARTESIAN_POINT('',(68.467608984537,64.295368385848,
    -22.9909252098));
#834 = CARTESIAN_POINT('',(72.102384702566,67.708642514707,
    -17.94743194507));
#835 = CARTESIAN_POINT('',(80.137603677175,75.254226152575,
    -8.382405601283));
#836 = CARTESIAN_POINT('',(89.687158046414,84.221838635582,
    -1.410327008397));
#837 = CARTESIAN_POINT('',(94.90946463139,89.125940719976,1.219449488702
    ));
#838 = CARTESIAN_POINT('',(100.51688780455,94.391624353983,
    2.567029673714));
#839 = CARTESIAN_POINT('',(105.986455,99.527906,3.469982));
#840 = CARTESIAN_POINT('',(8.693748,9.257902,-170.));
#841 = CARTESIAN_POINT('',(8.698899206106,9.263369522044,-167.8197763561
    ));
#842 = CARTESIAN_POINT('',(8.801975686926,9.373181214539,-165.6321647664
    ));
#843 = CARTESIAN_POINT('',(9.016764398546,9.601864526584,-163.466892298)
  );
#844 = CARTESIAN_POINT('',(9.662592950302,10.289630922721,
    -158.8241695673));
#845 = CARTESIAN_POINT('',(10.632479435647,11.322432986918,
    -154.2890166311));
#846 = CARTESIAN_POINT('',(11.218605767239,11.946605526874,
    -151.8810294027));
#847 = CARTESIAN_POINT('',(12.685599596268,13.508788434759,
    -146.3604392192));
#848 = CARTESIAN_POINT('',(14.344812794376,15.275673965402,
    -140.9460588717));
#849 = CARTESIAN_POINT('',(15.324582230811,16.319024881002,
    -137.8939633484));
#850 = CARTESIAN_POINT('',(17.558499935066,18.697901888339,
    -131.1668152376));
#851 = CARTESIAN_POINT('',(19.89617583795,21.187274418135,
    -124.5095104735));
#852 = CARTESIAN_POINT('',(21.19967602313,22.575363600695,
    -120.8693149365));
#853 = CARTESIAN_POINT('',(24.319333509282,25.897455329434,
    -112.2946348035));
#854 = CARTESIAN_POINT('',(27.517859920679,29.303548869349,
    -103.7798105475));
#855 = CARTESIAN_POINT('',(29.384107430198,31.290892383051,
    -98.88446438301));
#856 = CARTESIAN_POINT('',(33.323981284024,35.48643789322,
    -88.70771280486));
#857 = CARTESIAN_POINT('',(37.374620066038,39.799926531094,
    -78.62026109364));
#858 = CARTESIAN_POINT('',(39.518367528828,42.082787897247,
    -73.39604123812));
#859 = CARTESIAN_POINT('',(44.258244423538,47.130242706958,
    -62.14802836315));
#860 = CARTESIAN_POINT('',(49.259442028154,52.455977765175,
    -51.12492902781));
#861 = CARTESIAN_POINT('',(52.050445049174,55.428093611965,
    -45.27195164708));
#862 = CARTESIAN_POINT('',(57.829901116551,61.582593206454,
    -33.90192727882));
#863 = CARTESIAN_POINT('',(64.295368385848,68.467608984537,
    -23.25031458494));
#864 = CARTESIAN_POINT('',(67.708642514707,72.102384702566,
    -18.22780572823));
#865 = CARTESIAN_POINT('',(75.254226152575,80.137603677175,
    -8.710147940222));
#866 = CARTESIAN_POINT('',(84.221838635582,89.687158046414,
    -1.797106385589));
#867 = CARTESIAN_POINT('',(89.125940719976,94.90946463139,0.799763842725
    ));
#868 = CARTESIAN_POINT('',(94.391624353983,100.51688780455,
    2.109868238865));
#869 = CARTESIAN_POINT('',(99.527906,105.986455,2.981345));
#870 = CARTESIAN_POINT('',(8.095285,9.785518,-170.));
#871 = CARTESIAN_POINT('',(8.100074380105,9.791313931144,-167.8206722344
    ));
#872 = CARTESIAN_POINT('',(8.19607459319,9.907343758758,-165.6339369252)
  );
#873 = CARTESIAN_POINT('',(8.396058966231,10.149093321804,
    -163.4696474979));
#874 = CARTESIAN_POINT('',(8.997441494855,10.876038271007,
    -158.8291413621));
#875 = CARTESIAN_POINT('',(9.900554939074,11.967712146792,
    -154.2966495063));
#876 = CARTESIAN_POINT('',(10.446333699291,12.627453371503,
    -151.8902051007));
#877 = CARTESIAN_POINT('',(11.812347917817,14.278665903426,
    -146.3735269775));
#878 = CARTESIAN_POINT('',(13.357334118755,16.146251327548,
    -140.9636987033));
#879 = CARTESIAN_POINT('',(14.269666407987,17.249059474611,
    -137.9144063589));
#880 = CARTESIAN_POINT('',(16.349798442833,19.763514103658,
    -131.193871658));
#881 = CARTESIAN_POINT('',(18.526556335332,22.394758213522,
    -124.5440676851));
#882 = CARTESIAN_POINT('',(19.740323278772,23.861953600655,
    -120.9082248105));
#883 = CARTESIAN_POINT('',(22.645231140282,27.373378331226,
    -112.344402819));
#884 = CARTESIAN_POINT('',(25.623573680368,30.973584953549,
    -103.8416716546));
#885 = CARTESIAN_POINT('',(27.361353004074,33.074190487858,
    -98.95370706627));
#886 = CARTESIAN_POINT('',(31.030012975635,37.508845325278,
    -88.79315846234));
#887 = CARTESIAN_POINT('',(34.801810893836,42.068161923549,
    -78.7236651471));
#888 = CARTESIAN_POINT('',(36.797987299533,44.481127211572,
    -73.50927686799));
#889 = CARTESIAN_POINT('',(41.211576226841,49.816237190678,
    -62.28372498368));
#890 = CARTESIAN_POINT('',(45.868504189148,55.445497830658,
    -51.28583675725));
#891 = CARTESIAN_POINT('',(48.467372465257,58.586988413936,
    -45.44736757564));
#892 = CARTESIAN_POINT('',(53.84899177748,65.092251068244,-34.1081905785
    ));
#893 = CARTESIAN_POINT('',(59.869373679588,72.369637377634,
    -23.49291801545));
#894 = CARTESIAN_POINT('',(63.047695652207,76.211578702255,
    -18.49000425711));
#895 = CARTESIAN_POINT('',(70.073831787527,84.704697042275,
    -9.016697463895));
#896 = CARTESIAN_POINT('',(78.424162055669,94.798543820137,
    -2.158800309618));
#897 = CARTESIAN_POINT('',(82.99060610456,100.31837398392,0.407168847034
    ));
#898 = CARTESIAN_POINT('',(87.893895684033,106.24549637715,
    1.682381338233));
#899 = CARTESIAN_POINT('',(92.676566,112.026724,2.524354));
#900 = CARTESIAN_POINT('',(7.464873,10.274516,-170.));
#901 = CARTESIAN_POINT('',(7.469277147142,10.280601785929,
    -167.8214833776));
#902 = CARTESIAN_POINT('',(7.557832102319,10.402425951989,
    -165.6356131248));
#903 = CARTESIAN_POINT('',(7.742216019425,10.656263567862,
    -163.4721830812));
#904 = CARTESIAN_POINT('',(8.296783027196,11.419524534087,
    -158.8337688976));
#905 = CARTESIAN_POINT('',(9.129553426103,12.565763401733,
    -154.3037131499));
#906 = CARTESIAN_POINT('',(9.632841165711,13.2584624098,-151.8987172754)
  );
#907 = CARTESIAN_POINT('',(10.89246594884,14.992198803498,
    -146.3856452114));
#908 = CARTESIAN_POINT('',(12.317150449241,16.953101481244,
    -140.9800550279));
#909 = CARTESIAN_POINT('',(13.158429452124,18.111023403772,
    -137.9333496846));
#910 = CARTESIAN_POINT('',(15.076574529533,20.751127472125,
    -131.2189541563));
#911 = CARTESIAN_POINT('',(17.083820561812,23.513859495331,
    -124.5760892348));
#912 = CARTESIAN_POINT('',(18.203066500931,25.054372695716,
    -120.9442920732));
#913 = CARTESIAN_POINT('',(20.881754707151,28.741269225394,
    -112.3905228581));
#914 = CARTESIAN_POINT('',(23.628168084063,32.521380853689,
    -103.8990096557));
#915 = CARTESIAN_POINT('',(25.230613631252,34.726961734817,
    -99.0178816596));
#916 = CARTESIAN_POINT('',(28.613582451384,39.38321676555,
    -88.87234858844));
#917 = CARTESIAN_POINT('',(32.091656535927,44.170376683581,
    -78.81949900166));
#918 = CARTESIAN_POINT('',(33.932380949284,46.703913093757,
    -73.61422718191));
#919 = CARTESIAN_POINT('',(38.00226997099,52.305640893795,
    -62.40948544081));
#920 = CARTESIAN_POINT('',(42.296539397198,58.216187730794,
    -51.4349740264));
#921 = CARTESIAN_POINT('',(44.693027651769,61.514683380234,
    -45.60993413948));
#922 = CARTESIAN_POINT('',(49.655553781945,68.344994496352,
    -34.29937260045));
#923 = CARTESIAN_POINT('',(55.207108263377,75.986076182132,
    -23.7177500327));
#924 = CARTESIAN_POINT('',(58.137922238481,80.019969915375,
    -18.7330287166));
#925 = CARTESIAN_POINT('',(64.616900148036,88.937565511139,
    -9.300773431612));
#926 = CARTESIAN_POINT('',(72.316967366071,99.535726509451,
    -2.494060408929));
#927 = CARTESIAN_POINT('',(76.527782669472,105.33155731975,
    4.34129271306E-02));
#928 = CARTESIAN_POINT('',(81.049262473761,111.55466084293,
    1.286106531566));
#929 = CARTESIAN_POINT('',(85.459474,117.624875,2.100813));
#930 = CARTESIAN_POINT('',(6.805,10.722965,-170.));
#931 = CARTESIAN_POINT('',(6.809038641057,10.729297744122,
    -167.8222335076));
#932 = CARTESIAN_POINT('',(6.889708441602,10.856488704999,
    -165.6371345902));
#933 = CARTESIAN_POINT('',(7.057841007749,11.121358839316,
    -163.4745174105));
#934 = CARTESIAN_POINT('',(7.563358093136,11.917965641447,
    -158.8380030526));
#935 = CARTESIAN_POINT('',(8.322537051532,13.114208480039,
    -154.3101947069));
#936 = CARTESIAN_POINT('',(8.781321651868,13.837154533267,-151.906521159
    ));
#937 = CARTESIAN_POINT('',(9.929610087315,15.646556337308,
    -146.3967650964));
#938 = CARTESIAN_POINT('',(11.22834692519,17.693049507425,
    -140.9950497652));
#939 = CARTESIAN_POINT('',(11.995265052335,18.901508613291,
    -137.9507260013));
#940 = CARTESIAN_POINT('',(13.743850274921,21.656846691599,
    -131.2419520768));
#941 = CARTESIAN_POINT('',(15.573660449575,24.540160818367,
    -124.605459261));
#942 = CARTESIAN_POINT('',(16.593971201863,26.147915625322,
    -120.9773667113));
#943 = CARTESIAN_POINT('',(19.035870194509,29.995729669895,
    -112.4328203025));
#944 = CARTESIAN_POINT('',(21.539507309214,33.940834595898,
    -103.9515903899));
#945 = CARTESIAN_POINT('',(23.00030278811,36.242677637047,
    -99.07673198259));
#946 = CARTESIAN_POINT('',(26.084227742163,41.102166576648,
    -88.94497553789));
#947 = CARTESIAN_POINT('',(29.254849862596,46.098268106385,
    -78.90738593488));
#948 = CARTESIAN_POINT('',(30.932859239965,48.742387075746,
    -73.71047339348));
#949 = CARTESIAN_POINT('',(34.642982036333,54.588607397186,
    -62.52481962813));
#950 = CARTESIAN_POINT('',(38.55765309807,60.757136833188,
    -51.57173963062));
#951 = CARTESIAN_POINT('',(40.742299895442,64.199593192888,
    -45.7590297082));
#952 = CARTESIAN_POINT('',(45.266146333216,71.328033736155,
    -34.47468391477));
#953 = CARTESIAN_POINT('',(50.32696953312,79.302615174268,
    -23.92395214204));
#954 = CARTESIAN_POINT('',(52.998696812934,83.512579739118,
    -18.95588529358));
#955 = CARTESIAN_POINT('',(58.904977524297,92.819399095907,
    -9.561327076181));
#956 = CARTESIAN_POINT('',(65.924342371076,103.88012997834,
    -2.80147867874));
#957 = CARTESIAN_POINT('',(69.763010689182,109.92895222676,
    -0.290287813762));
#958 = CARTESIAN_POINT('',(73.88470663253,116.42363671756,0.922774443787
    ));
#959 = CARTESIAN_POINT('',(77.905112,122.758814,1.712393));
#960 = CARTESIAN_POINT('',(6.118272,11.129095,-170.));
#961 = CARTESIAN_POINT('',(6.12188850209,11.135699130238,-167.8229201148
    ));
#962 = CARTESIAN_POINT('',(6.194450467702,11.267624936883,
    -165.6385043538));
#963 = CARTESIAN_POINT('',(6.345587864453,11.542599863972,
    -163.4766350468));
#964 = CARTESIAN_POINT('',(6.800110282739,12.369335167043,
    -158.8418348472));
#965 = CARTESIAN_POINT('',(7.482659886539,13.610917044884,
    -154.3160668921));
#966 = CARTESIAN_POINT('',(7.895155262771,14.361229510786,
    -151.9135889192));
#967 = CARTESIAN_POINT('',(8.92755724514,16.239172362386,-146.4068309917
    ));
#968 = CARTESIAN_POINT('',(10.095237708452,18.363165448005,
    -141.0086345882));
#969 = CARTESIAN_POINT('',(10.784759456571,19.617403459041,
    -137.9664586369));
#970 = CARTESIAN_POINT('',(12.356884629985,22.477091452647,
    -131.2627831675));
#971 = CARTESIAN_POINT('',(14.002041452874,25.469617592457,
    -124.6320556423));
#972 = CARTESIAN_POINT('',(14.919384417522,27.138260588615,
    -121.0073211284));
#973 = CARTESIAN_POINT('',(17.114860364191,31.131812604552,
    -112.4711257302));
#974 = CARTESIAN_POINT('',(19.365841150694,35.226336128945,
    -103.9992121048));
#975 = CARTESIAN_POINT('',(20.679221851124,37.615362260889,
    -99.13002865037));
#976 = CARTESIAN_POINT('',(23.451930681242,42.658903488922,
    -89.01075135131));
#977 = CARTESIAN_POINT('',(26.302587539449,47.844229035648,
    -78.98697447008));
#978 = CARTESIAN_POINT('',(27.811262103337,50.588497594535,
    -73.79764003992));
#979 = CARTESIAN_POINT('',(31.1469728466,56.656135891142,-62.62926529699
    ));
#980 = CARTESIAN_POINT('',(34.666597687503,63.058305228318,
    -51.69560525667));
#981 = CARTESIAN_POINT('',(36.630773220947,66.631136353453,
    -45.8940472808));
#982 = CARTESIAN_POINT('',(40.698110356931,74.029575075855,
    -34.63346621669));
#983 = CARTESIAN_POINT('',(45.248200563374,82.306182075056,
    -24.11068333984));
#984 = CARTESIAN_POINT('',(47.650325834827,86.675607053417,
    -19.15772715375));
#985 = CARTESIAN_POINT('',(52.960548833956,96.334905173762,
    -9.797257773388));
#986 = CARTESIAN_POINT('',(59.271583678238,107.81458229825,
    -3.079932321649));
#987 = CARTESIAN_POINT('',(62.722818073264,114.09245375108,
    -0.592380414901));
#988 = CARTESIAN_POINT('',(66.428638225863,120.83318729996,
    0.593637961765));
#989 = CARTESIAN_POINT('',(70.043294,127.40828,1.360627));
#990 = CARTESIAN_POINT('',(5.407397,11.491304,-170.));
#991 = CARTESIAN_POINT('',(5.410598031687,11.498097686575,
    -167.8235358923));
#992 = CARTESIAN_POINT('',(5.474718298266,11.634381362899,
    -165.6397198762));
#993 = CARTESIAN_POINT('',(5.608307023382,11.918252226372,
    -163.4785244877));
#994 = CARTESIAN_POINT('',(6.010007246792,12.7719212686,-158.8452512586)
  );
#995 = CARTESIAN_POINT('',(6.613261547444,14.05389339344,-154.3213045064
    ));
#996 = CARTESIAN_POINT('',(6.977825166237,14.828634362638,
    -151.9198907634));
#997 = CARTESIAN_POINT('',(7.890276729627,16.76769165528,-146.4158125597
    ));
#998 = CARTESIAN_POINT('',(8.922282981342,18.960815907176,-141.020746374
    ));
#999 = CARTESIAN_POINT('',(9.531690941997,20.25587371824,-137.9804931246
    ));
#1000 = CARTESIAN_POINT('',(10.921154326504,23.208632975858,
    -131.2813578732));
#1001 = CARTESIAN_POINT('',(12.375159512874,26.298554675567,
    -124.6557787863));
#1002 = CARTESIAN_POINT('',(13.185921229762,28.021504754802,
    -121.0340356858));
#1003 = CARTESIAN_POINT('',(15.126301684859,32.145033145488,
    -112.5052870676));
#1004 = CARTESIAN_POINT('',(17.115750055964,36.372815546018,
    -104.0416828484));
#1005 = CARTESIAN_POINT('',(18.276525975295,38.839596898563,
    -99.17756255949));
#1006 = CARTESIAN_POINT('',(20.72707782922,44.047284798038,
    -89.06940904207));
#1007 = CARTESIAN_POINT('',(23.246523420354,49.401372875316,
    -79.05796098422));
#1008 = CARTESIAN_POINT('',(24.579903122136,52.234956863477,
    -73.87537706177));
#1009 = CARTESIAN_POINT('',(27.528045828915,58.500071835114,
    -62.72242232322));
#1010 = CARTESIAN_POINT('',(30.638724123132,65.110607599239,
    -51.80606866384));
#1011 = CARTESIAN_POINT('',(32.37469316475,68.799718749657,
    -46.01446596733));
#1012 = CARTESIAN_POINT('',(35.969436687509,76.438950030227,
    -34.77507229778));
#1013 = CARTESIAN_POINT('',(39.990874117451,84.984928694173,
    -24.27722451179));
#1014 = CARTESIAN_POINT('',(42.113880883915,89.496558942534,
    -19.33773860563));
#1015 = CARTESIAN_POINT('',(46.807143893727,99.47023640826,
    -10.00768070322));
#1016 = CARTESIAN_POINT('',(52.384871034294,111.32352247896,
    -3.328259830565));
#1017 = CARTESIAN_POINT('',(55.435175190837,117.80573084645,
    -0.861830752022));
#1018 = CARTESIAN_POINT('',(58.710337156434,124.76582927686,
    0.300115734671));
#1019 = CARTESIAN_POINT('',(61.905048,131.554923,1.046902));
#1020 = CARTESIAN_POINT('',(4.675182,11.808161,-170.));
#1021 = CARTESIAN_POINT('',(4.677958829788,11.815148493405,
    -167.8240702641));
#1022 = CARTESIAN_POINT('',(4.733372620233,11.955177183273,
    -165.6407896033));
#1023 = CARTESIAN_POINT('',(4.848892298481,12.246883384137,
    -163.480175027));
#1024 = CARTESIAN_POINT('',(5.19618661346,13.124089552226,
    -158.8482422039));
#1025 = CARTESIAN_POINT('',(5.717763048401,14.44141120981,
    -154.3258844275));
#1026 = CARTESIAN_POINT('',(6.032956012612,15.237516657114,
    -151.9254071702));
#1027 = CARTESIAN_POINT('',(6.821859569643,17.230035484466,
    -146.4236618166));
#1028 = CARTESIAN_POINT('',(7.714114748543,19.483639979835,
    -141.0313469546));
#1029 = CARTESIAN_POINT('',(8.241006143922,20.814399564043,
    -137.9927656107));
#1030 = CARTESIAN_POINT('',(9.442320295217,23.848586235522,
    -131.2976119343));
#1031 = CARTESIAN_POINT('',(10.699441310797,27.023699581724,
    -124.6765277168));
#1032 = CARTESIAN_POINT('',(11.400416682052,28.794162265491,
    -121.0574055032));
#1033 = CARTESIAN_POINT('',(13.078050303278,33.031392406644,
    -112.535173331));
#1034 = CARTESIAN_POINT('',(14.798107510458,37.375746787029,
    -104.0788353853));
#1035 = CARTESIAN_POINT('',(15.8017024923,39.910550406195,
    -99.21914511513));
#1036 = CARTESIAN_POINT('',(17.92042769146,45.261829829679,
    -89.12072292951));
#1037 = CARTESIAN_POINT('',(20.098711610137,50.763553498401,
    -79.12005860912));
#1038 = CARTESIAN_POINT('',(21.251540576965,53.675266438043,
    -73.94338263302));
#1039 = CARTESIAN_POINT('',(23.800476341479,60.11313840276,
    -62.80391059271));
#1040 = CARTESIAN_POINT('',(26.489936345801,66.905945728183,
    -51.90270437879));
#1041 = CARTESIAN_POINT('',(27.990839457686,70.69678558156,
    -46.11980827693));
#1042 = CARTESIAN_POINT('',(31.098817493626,78.546649363791,
    -34.89894585218));
#1043 = CARTESIAN_POINT('',(34.575714234578,87.32828072902,
    -24.42291652268));
#1044 = CARTESIAN_POINT('',(36.411241517896,91.964312547204,
    -19.49520169871));
#1045 = CARTESIAN_POINT('',(40.468996982658,102.21299045211,
    -10.1917743303));
#1046 = CARTESIAN_POINT('',(45.291432204659,114.39313691654,
    -3.545478879366));
#1047 = CARTESIAN_POINT('',(47.928723997699,121.05403498049,
    -1.097589776059));
#1048 = CARTESIAN_POINT('',(50.760360368297,128.20611626166,
    4.338165507654E-02));
#1049 = CARTESIAN_POINT('',(53.522491,135.18238,0.772459));
#1050 = CARTESIAN_POINT('',(3.924516,12.078418,-170.));
#1051 = CARTESIAN_POINT('',(3.926848508215,12.085558314909,
    -167.8245143224));
#1052 = CARTESIAN_POINT('',(3.973361590694,12.228807848521,
    -165.6417239151));
#1053 = CARTESIAN_POINT('',(4.070336059536,12.527179279646,
    -163.4815741877));
#1054 = CARTESIAN_POINT('',(4.361864075585,13.424465127079,
    -158.8507992369));
#1055 = CARTESIAN_POINT('',(4.799697488946,14.771936044965,
    -154.3297906074));
#1056 = CARTESIAN_POINT('',(5.064280549515,15.58625935575,
    -151.9301070022));
#1057 = CARTESIAN_POINT('',(5.726511814114,17.624385242512,
    -146.4303674311));
#1058 = CARTESIAN_POINT('',(6.475507881727,19.929566414293,
    -141.0403816648));
#1059 = CARTESIAN_POINT('',(6.917794914009,21.290784962737,
    -138.0032387662));
#1060 = CARTESIAN_POINT('',(7.926225526805,24.394412698662,
    -131.3114694964));
#1061 = CARTESIAN_POINT('',(8.981493671768,27.642200664084,
    -124.6942278021));
#1062 = CARTESIAN_POINT('',(9.569921284484,29.453180929987,
    -121.0773372234));
#1063 = CARTESIAN_POINT('',(10.978184898843,33.787389897859,
    -112.5606636814));
#1064 = CARTESIAN_POINT('',(12.422064091434,38.231175848599,
    -104.1105242141));
#1065 = CARTESIAN_POINT('',(13.264518318079,40.823993018332,
    -99.25461109928));
#1066 = CARTESIAN_POINT('',(15.043049586051,46.297747390599,
    -89.16449307251));
#1067 = CARTESIAN_POINT('',(16.871583476193,51.92539175667,
    -79.17302159107));
#1068 = CARTESIAN_POINT('',(17.839307650162,54.903744353538,
    -74.00138648286));
#1069 = CARTESIAN_POINT('',(19.978976040514,61.488965345626,
    -62.87341655265));
#1070 = CARTESIAN_POINT('',(22.236607240577,68.437236432844,
    -51.98512488433));
#1071 = CARTESIAN_POINT('',(23.49651542611,72.314842223035,
    -46.20966046168));
#1072 = CARTESIAN_POINT('',(26.105470267399,80.344367313306,
    -35.00459769538));
#1073 = CARTESIAN_POINT('',(29.024093090196,89.326984595487,
    -24.54718181834));
#1074 = CARTESIAN_POINT('',(30.564915894967,94.069120134185,
    -19.62951087052));
#1075 = CARTESIAN_POINT('',(33.97111266847,104.55237358879,
    -10.34878399911));
#1076 = CARTESIAN_POINT('',(38.0192817034,117.01127042317,
    -3.730758904501));
#1077 = CARTESIAN_POINT('',(40.233035325492,123.82466254353,
    -1.298647157446));
#1078 = CARTESIAN_POINT('',(42.610119242341,131.14037393272,
    -0.175614985528));
#1079 = CARTESIAN_POINT('',(44.928704,138.276333,0.538378));
#1080 = CARTESIAN_POINT('',(3.158362,12.301006,-170.));
#1081 = CARTESIAN_POINT('',(3.160227805157,12.308283588953,
    -167.8248941118));
#1082 = CARTESIAN_POINT('',(3.197687389004,12.454159663012,
    -165.6424683248));
#1083 = CARTESIAN_POINT('',(3.275705573285,12.758038876747,
    -163.4827373197));
#1084 = CARTESIAN_POINT('',(3.510338314709,13.67185895644,
    -158.8528979413));
#1085 = CARTESIAN_POINT('',(3.862684178913,15.044161249865,
    -154.3330098176));
#1086 = CARTESIAN_POINT('',(4.075619540788,15.873494173484,
    -151.9339788835));
#1087 = CARTESIAN_POINT('',(4.608567176762,17.949175815039,
    -146.4358886889));
#1088 = CARTESIAN_POINT('',(5.211340447615,20.296841214349,
    -141.0478226411));
#1089 = CARTESIAN_POINT('',(5.567286599448,21.683144687008,
    -138.0118647657));
#1090 = CARTESIAN_POINT('',(6.378845779532,24.843969013889,
    -131.3228834895));
#1091 = CARTESIAN_POINT('',(7.228105943368,28.151604825585,
    -124.7088078594));
#1092 = CARTESIAN_POINT('',(7.701651791569,29.995963956124,
    -121.0937532834));
#1093 = CARTESIAN_POINT('',(8.835001343894,34.410040087508,
    -112.5816585158));
#1094 = CARTESIAN_POINT('',(9.996991075873,38.93572751074,
    -104.1366220331));
#1095 = CARTESIAN_POINT('',(10.674987817242,41.576317769619,
    -99.28382409867));
#1096 = CARTESIAN_POINT('',(12.106303936889,47.15095442629,
    -89.20053681829));
#1097 = CARTESIAN_POINT('',(13.57786957898,52.882301725834,
    -79.21664762991));
#1098 = CARTESIAN_POINT('',(14.356669562428,55.915547280578,
    -74.0491556465));
#1099 = CARTESIAN_POINT('',(16.078631583306,62.622116663317,
    -62.93066366272));
#1100 = CARTESIAN_POINT('',(17.895514638025,69.698444556564,
    -52.05301008009));
#1101 = CARTESIAN_POINT('',(18.909469901934,73.647500203155,
    -46.28366171766));
#1102 = CARTESIAN_POINT('',(21.009081828039,81.82500646002,
    -35.09161795008));
#1103 = CARTESIAN_POINT('',(23.357942050496,90.973152511719,
    -24.64952776029));
#1104 = CARTESIAN_POINT('',(24.597939497526,95.802689698374,
    -19.74012763682));
#1105 = CARTESIAN_POINT('',(27.339208779247,106.47911216949,
    -10.47810725462));
#1106 = CARTESIAN_POINT('',(30.597027998746,119.16764307157,
    -3.88334938293));
#1107 = CARTESIAN_POINT('',(32.378709200318,126.10652616267,
    -1.464275416224));
#1108 = CARTESIAN_POINT('',(34.291604721357,133.55715129738,
    -0.355957977273));
#1109 = CARTESIAN_POINT('',(36.157605,140.824573,0.345585));
#1110 = CARTESIAN_POINT('',(2.379743,12.475048,-170.));
#1111 = CARTESIAN_POINT('',(2.381147317354,12.482422529074,
    -167.8251621597));
#1112 = CARTESIAN_POINT('',(2.409379138198,12.630378017471,
    -165.643093576));
#1113 = CARTESIAN_POINT('',(2.468154921459,12.938543173333,
    -163.483629091));
#1114 = CARTESIAN_POINT('',(2.644952253532,13.865300820385,
    -158.8545544052));
#1115 = CARTESIAN_POINT('',(2.910428410621,15.257012498839,
    -154.3355167099));
#1116 = CARTESIAN_POINT('',(3.070873503513,16.098082189555,
    -151.9370145773));
#1117 = CARTESIAN_POINT('',(3.472434558623,18.203132841975,
    -146.4401938361));
#1118 = CARTESIAN_POINT('',(3.92660991535,20.584010410006,
    -141.0536505646));
#1119 = CARTESIAN_POINT('',(4.194803073887,21.989932196697,
    -138.0186031569));
#1120 = CARTESIAN_POINT('',(4.806293219,25.19547326601,-131.3318127547)
  );
#1121 = CARTESIAN_POINT('',(5.446188211913,28.549913911342,
    -124.7202050426));
#1122 = CARTESIAN_POINT('',(5.802993776495,30.420363435008,
    -121.1065889507));
#1123 = CARTESIAN_POINT('',(6.6569398,34.896897024595,-112.5980761255));
#1124 = CARTESIAN_POINT('',(7.532472689439,39.486608700317,
    -104.1570269617));
#1125 = CARTESIAN_POINT('',(8.043322033203,42.164568874171,
    -99.3066643625));
#1126 = CARTESIAN_POINT('',(9.121786468378,47.818071498744,
    -89.22872391603));
#1127 = CARTESIAN_POINT('',(10.230565458141,53.630512942368,
    -79.25075501874));
#1128 = CARTESIAN_POINT('',(10.817377197964,56.706672266371,
    -74.08651053864));
#1129 = CARTESIAN_POINT('',(12.114822256469,63.508133270586,
    -62.97542284738));
#1130 = CARTESIAN_POINT('',(13.483805130178,70.684575889742,
    -52.10608946314));
#1131 = CARTESIAN_POINT('',(14.247787009055,74.68951224451,
    -46.34152335903));
#1132 = CARTESIAN_POINT('',(15.829798545341,82.98271055375,
    -35.15966008039));
#1133 = CARTESIAN_POINT('',(17.599592964826,92.260299013033,
    -24.72955179299));
#1134 = CARTESIAN_POINT('',(18.533909801977,97.158156652461,
    -19.82661673116));
#1135 = CARTESIAN_POINT('',(20.599365291701,107.9856552603,
    -10.57923305499));
#1136 = CARTESIAN_POINT('',(23.05407323876,120.85368160301,
    -4.002651019477));
#1137 = CARTESIAN_POINT('',(24.396469643632,127.89079752115,
    -1.593804677992));
#1138 = CARTESIAN_POINT('',(25.837856846758,135.44676488941,
    -0.496949020597));
#1139 = CARTESIAN_POINT('',(27.243808,142.817043,0.19484));
#1140 = CARTESIAN_POINT('',(1.591732,12.599857,-170.));
#1141 = CARTESIAN_POINT('',(1.592686580473,12.607312369418,
    -167.8254043295));
#1142 = CARTESIAN_POINT('',(1.6115287864,12.756730964623,-165.6434656856
    ));
#1143 = CARTESIAN_POINT('',(1.650882414323,13.067991684658,
    -163.4842994202));
#1144 = CARTESIAN_POINT('',(1.769106539774,14.00401757273,-158.855713529
    ));
#1145 = CARTESIAN_POINT('',(1.946698385959,15.409654364644,
    -154.3373307445));
#1146 = CARTESIAN_POINT('',(2.054004154503,16.25913688472,
    -151.9391818787));
#1147 = CARTESIAN_POINT('',(2.322599435184,18.385249353647,
    -146.4432925021));
#1148 = CARTESIAN_POINT('',(2.626379217975,20.789946513016,
    -141.0578213889));
#1149 = CARTESIAN_POINT('',(2.805767262434,22.209934397054,
    -138.0234392793));
#1150 = CARTESIAN_POINT('',(3.21477352283,25.447545652431,
    -131.3382133564));
#1151 = CARTESIAN_POINT('',(3.642775587215,28.835544462902,
    -124.7283792761));
#1152 = CARTESIAN_POINT('',(3.881432830134,30.724708897919,
    -121.1157951084));
#1153 = CARTESIAN_POINT('',(4.452609351527,35.246027192131,
    -112.6098439616));
#1154 = CARTESIAN_POINT('',(5.038225547293,39.881660905552,
    -104.1716649412));
#1155 = CARTESIAN_POINT('',(5.379913727649,42.586408927819,
    -99.32304253305));
#1156 = CARTESIAN_POINT('',(6.10126352689,48.296478192559,
    -89.24893573705));
#1157 = CARTESIAN_POINT('',(6.842893205343,54.167065348014,
    -79.27521721113));
#1158 = CARTESIAN_POINT('',(7.23538692449,57.2740070858,-74.11329473882)
  );
#1159 = CARTESIAN_POINT('',(8.103210695801,64.143506066354,
    -63.00752357606));
#1160 = CARTESIAN_POINT('',(9.018876470142,71.391755184969,
    -52.14415427459));
#1161 = CARTESIAN_POINT('',(9.529876318299,75.436749239404,
    -46.38301582323));
#1162 = CARTESIAN_POINT('',(10.588036908556,83.812933749147,
    -35.20845399721));
#1163 = CARTESIAN_POINT('',(11.771791534373,93.183323356737,
    -24.78693943682));
#1164 = CARTESIAN_POINT('',(12.396729064119,98.130203448872,
    -19.88864536252));
#1165 = CARTESIAN_POINT('',(13.778232976115,109.06598903288,
    -10.65173479399));
#1166 = CARTESIAN_POINT('',(15.420126875535,122.06281301465,
    -4.088225656145));
#1167 = CARTESIAN_POINT('',(16.31797435676,129.17022327244,
    -1.686632240202));
#1168 = CARTESIAN_POINT('',(17.282117582789,136.80192438955,
    -0.598106031341));
#1169 = CARTESIAN_POINT('',(18.222492,144.245879,8.6738E-02));
#1170 = CARTESIAN_POINT('',(0.79744,12.674939,-170.));
#1171 = CARTESIAN_POINT('',(0.797910331747,12.682434645863,
    -167.8255270726));
#1172 = CARTESIAN_POINT('',(0.807369284345,12.832756245151,
    -165.6437266869));
#1173 = CARTESIAN_POINT('',(0.82706610596,13.145863354256,
    -163.4846872678));
#1174 = CARTESIAN_POINT('',(0.886310344902,14.087466576172,
    -158.8564257927));
#1175 = CARTESIAN_POINT('',(0.975269834502,15.501481324538,
    -154.3384143748));
#1176 = CARTESIAN_POINT('',(1.029034093359,16.356025970162,
    -151.9404892181));
#1177 = CARTESIAN_POINT('',(1.163595122036,18.494805928916,
    -146.4451543126));
#1178 = CARTESIAN_POINT('',(1.315785936036,20.913836569472,
    -141.0603318302));
#1179 = CARTESIAN_POINT('',(1.40565787266,22.342281174009,
    -138.0263490493));
#1180 = CARTESIAN_POINT('',(1.610563038572,25.599189048804,
    -131.3420626701));
#1181 = CARTESIAN_POINT('',(1.824990008882,29.007376844609,
    -124.7332984743));
#1182 = CARTESIAN_POINT('',(1.944553221173,30.907798639954,
    -121.1213294813));
#1183 = CARTESIAN_POINT('',(2.230706359518,35.456059652818,
    -112.6169309814));
#1184 = CARTESIAN_POINT('',(2.524093170226,40.11931615996,
    -104.1804639567));
#1185 = CARTESIAN_POINT('',(2.695277031058,42.840181590143,
    -99.33289708016));
#1186 = CARTESIAN_POINT('',(3.056662500092,48.584275267705,
    -89.26109573289));
#1187 = CARTESIAN_POINT('',(3.428212310094,54.489850279296,
    -79.28993125966));
#1188 = CARTESIAN_POINT('',(3.624847616791,57.615300289932,
    -74.12940808259));
#1189 = CARTESIAN_POINT('',(4.059614570758,64.525742474919,
    -63.02683717985));
#1190 = CARTESIAN_POINT('',(4.51835576613,71.817175954781,
    -52.16704739609));
#1191 = CARTESIAN_POINT('',(4.774357431512,75.886284774725,
    -46.40798363108));
#1192 = CARTESIAN_POINT('',(5.304489233327,84.312365732187,
    -35.23780063077));
#1193 = CARTESIAN_POINT('',(5.89752913937,93.738614897613,
    -24.82146777386));
#1194 = CARTESIAN_POINT('',(6.210628173663,98.714945158706,
    -19.9259503928));
#1195 = CARTESIAN_POINT('',(6.902718988177,109.71595246836,
    -10.69537115133));
#1196 = CARTESIAN_POINT('',(7.725329450791,122.79014212099,
    -4.139684547803));
#1197 = CARTESIAN_POINT('',(8.175063414869,129.94006578516,
    -1.742528310603));
#1198 = CARTESIAN_POINT('',(8.658185912583,137.61703782128,
    -0.658916070679));
#1199 = CARTESIAN_POINT('',(9.129261,145.105442,2.1706E-02));
#1200 = CARTESIAN_POINT('',(0.,12.7,-170.));
#1201 = CARTESIAN_POINT('',(0.,12.707525326801,-167.8255543716));
#1202 = CARTESIAN_POINT('',(0.,12.858102714797,-165.6438350513));
#1203 = CARTESIAN_POINT('',(0.,13.171866393633,-163.4848083407));
#1204 = CARTESIAN_POINT('',(0.,14.115309980346,-158.8566720403));
#1205 = CARTESIAN_POINT('',(0.,15.532135680382,-154.33877202));
#1206 = CARTESIAN_POINT('',(0.,16.388361871879,-151.9409266759));
#1207 = CARTESIAN_POINT('',(0.,18.531376764891,-146.4457733738));
#1208 = CARTESIAN_POINT('',(0.,20.955185085903,-141.061170405));
#1209 = CARTESIAN_POINT('',(0.,22.386455570778,-138.0273197258));
#1210 = CARTESIAN_POINT('',(0.,25.649803911657,-131.3433492972));
#1211 = CARTESIAN_POINT('',(0.,29.064729269029,-124.7349375716));
#1212 = CARTESIAN_POINT('',(0.,30.968906772108,-121.1231784676));
#1213 = CARTESIAN_POINT('',(0.,35.526164151588,-112.6192935712));
#1214 = CARTESIAN_POINT('',(0.,40.198638596752,-104.18340317));
#1215 = CARTESIAN_POINT('',(0.,42.924883728452,-99.33618679598));
#1216 = CARTESIAN_POINT('',(0.,48.680337344066,-89.26515162766));
#1217 = CARTESIAN_POINT('',(0.,54.597583867855,-79.29484387617));
#1218 = CARTESIAN_POINT('',(0.,57.729217497932,-74.13478873856));
#1219 = CARTESIAN_POINT('',(0.,64.653317545512,-63.03327761227));
#1220 = CARTESIAN_POINT('',(0.,71.95917406756,-52.17469522262));
#1221 = CARTESIAN_POINT('',(0.,76.036322161075,-46.4163104548));
#1222 = CARTESIAN_POINT('',(0.,84.479069041359,-35.24760482888));
#1223 = CARTESIAN_POINT('',(0.,93.923947727303,-24.8329840843));
#1224 = CARTESIAN_POINT('',(0.,98.910130562053,-19.93841246186));
#1225 = CARTESIAN_POINT('',(0.,109.93286194343,-10.70991883371));
#1226 = CARTESIAN_POINT('',(0.,123.03293996209,-4.156875910491));
#1227 = CARTESIAN_POINT('',(0.,130.19693201192,-1.761153518457));
#1228 = CARTESIAN_POINT('',(0.,137.88916801996,-0.679238640277));
#1229 = CARTESIAN_POINT('',(0.,145.392341,0.));
#1230 = DEFINITIONAL_REPRESENTATION('',(#1231),#1235);
#1231 = LINE('',#1232,#1233);
#1232 = CARTESIAN_POINT('',(0.,0.));
#1233 = VECTOR('',#1234,1.);
#1234 = DIRECTION('',(1.,0.));
#1235 = ( GEOMETRIC_REPRESENTATION_CONTEXT(2) 
PARAMETRIC_REPRESENTATION_CONTEXT() REPRESENTATION_CONTEXT('2D SPACE',''
  ) );
#1236 = PCURVE('',#1237,#1242);
#1237 = PLANE('',#1238);
#1238 = AXIS2_PLACEMENT_3D('',#1239,#1240,#1241);
#1239 = CARTESIAN_POINT('',(12.7,0.,-170.));
#1240 = DIRECTION('',(0.,0.,1.));
#1241 = DIRECTION('',(-0.707106781187,0.707106781187,0.));
#1242 = DEFINITIONAL_REPRESENTATION('',(#1243),#1270);
#1243 = B_SPLINE_CURVE_WITH_KNOTS('',3,(#1244,#1245,#1246,#1247,#1248,
    #1249,#1250,#1251,#1252,#1253,#1254,#1255,#1256,#1257,#1258,#1259,
    #1260,#1261,#1262,#1263,#1264,#1265,#1266,#1267,#1268,#1269),
  .UNSPECIFIED.,.F.,.F.,(4,1,1,1,1,1,1,1,1,1,1,1,1,1,1,1,1,1,1,1,1,1,1,4
    ),(0.,4.347826086957E-02,8.695652173913E-02,0.130434782609,
    0.173913043478,0.217391304348,0.260869565217,0.304347826087,
    0.347826086957,0.391304347826,0.434782608696,0.478260869565,
    0.521739130435,0.565217391304,0.608695652174,0.652173913043,
    0.695652173913,0.739130434783,0.782608695652,0.826086956522,
    0.869565217391,0.913043478261,0.95652173913,1.),
  .QUASI_UNIFORM_KNOTS.);
#1244 = CARTESIAN_POINT('',(0.,0.));
#1245 = CARTESIAN_POINT('',(0.581596034633,-0.546154428546));
#1246 = CARTESIAN_POINT('',(1.19633628542,-1.054712696643));
#1247 = CARTESIAN_POINT('',(1.841797497423,-1.52366732814));
#1248 = CARTESIAN_POINT('',(2.515430550695,-1.951167824589));
#1249 = CARTESIAN_POINT('',(3.214576723739,-2.335527029212));
#1250 = CARTESIAN_POINT('',(3.936478300108,-2.675227490855));
#1251 = CARTESIAN_POINT('',(4.678284225261,-2.968929949275));
#1252 = CARTESIAN_POINT('',(5.437069198444,-3.215474042244));
#1253 = CARTESIAN_POINT('',(6.209836501118,-3.413886790831));
#1254 = CARTESIAN_POINT('',(6.993538503056,-3.563386134937));
#1255 = CARTESIAN_POINT('',(7.785080904984,-3.663380933292));
#1256 = CARTESIAN_POINT('',(8.581339002036,-3.713477327418));
#1257 = CARTESIAN_POINT('',(9.379173240103,-3.713477327418));
#1258 = CARTESIAN_POINT('',(10.175431337154,-3.663380933292));
#1259 = CARTESIAN_POINT('',(10.966973739082,-3.563386134937));
#1260 = CARTESIAN_POINT('',(11.750675741021,-3.413886790831));
#1261 = CARTESIAN_POINT('',(12.523443043695,-3.215474042244));
#1262 = CARTESIAN_POINT('',(13.282228016877,-2.968929949275));
#1263 = CARTESIAN_POINT('',(14.02403394203,-2.675227490855));
#1264 = CARTESIAN_POINT('',(14.7459355184,-2.335527029212));
#1265 = CARTESIAN_POINT('',(15.445081691444,-1.951167824589));
#1266 = CARTESIAN_POINT('',(16.118714744716,-1.52366732814));
#1267 = CARTESIAN_POINT('',(16.764175956718,-1.054712696643));
#1268 = CARTESIAN_POINT('',(17.378916207506,-0.546154428546));
#1269 = CARTESIAN_POINT('',(17.960512242138,1.7763568394E-15));
#1270 = ( GEOMETRIC_REPRESENTATION_CONTEXT(2) 
PARAMETRIC_REPRESENTATION_CONTEXT() REPRESENTATION_CONTEXT('2D SPACE',''
  ) );
#1271 = ORIENTED_EDGE('',*,*,#1272,.T.);
#1272 = EDGE_CURVE('',#418,#1273,#1275,.T.);
#1273 = VERTEX_POINT('',#1274);
#1274 = CARTESIAN_POINT('',(0.,145.392341,0.));
#1275 = SURFACE_CURVE('',#1276,(#1307,#1314),.PCURVE_S1.);
#1276 = ( BOUNDED_CURVE() B_SPLINE_CURVE(5,(#1277,#1278,#1279,#1280,
    #1281,#1282,#1283,#1284,#1285,#1286,#1287,#1288,#1289,#1290,#1291,
    #1292,#1293,#1294,#1295,#1296,#1297,#1298,#1299,#1300,#1301,#1302,
    #1303,#1304,#1305,#1306),.UNSPECIFIED.,.F.,.F.) 
B_SPLINE_CURVE_WITH_KNOTS((6,3,3,3,3,3,3,3,3,6),(0.,4.872325896061E-02,
    0.105424957335,0.179977407867,0.27073025035,0.394466404301,
    0.528884869744,0.685830183689,0.839999162704,1.),.UNSPECIFIED.) 
CURVE() GEOMETRIC_REPRESENTATION_ITEM() RATIONAL_B_SPLINE_CURVE((1.,1.,
    1.,1.,1.,1.,1.,1.,1.,1.,1.,1.,1.,1.,1.,1.,1.,1.,1.,1.,1.,1.,1.,1.,
    1.000000000001,0.999999999999,1.000000000001,0.999999999997,
1.000000000003,1.)) REPRESENTATION_ITEM('') );
#1277 = CARTESIAN_POINT('',(0.,12.7,-170.));
#1278 = CARTESIAN_POINT('',(0.,12.707525326801,-167.8255543716));
#1279 = CARTESIAN_POINT('',(0.,12.858102714797,-165.6438350513));
#1280 = CARTESIAN_POINT('',(0.,13.171866393633,-163.4848083407));
#1281 = CARTESIAN_POINT('',(0.,14.115309980346,-158.8566720403));
#1282 = CARTESIAN_POINT('',(0.,15.532135680382,-154.33877202));
#1283 = CARTESIAN_POINT('',(0.,16.388361871879,-151.9409266759));
#1284 = CARTESIAN_POINT('',(0.,18.531376764891,-146.4457733738));
#1285 = CARTESIAN_POINT('',(0.,20.955185085903,-141.061170405));
#1286 = CARTESIAN_POINT('',(0.,22.386455570778,-138.0273197258));
#1287 = CARTESIAN_POINT('',(0.,25.649803911657,-131.3433492972));
#1288 = CARTESIAN_POINT('',(0.,29.064729269029,-124.7349375716));
#1289 = CARTESIAN_POINT('',(0.,30.968906772108,-121.1231784676));
#1290 = CARTESIAN_POINT('',(0.,35.526164151588,-112.6192935712));
#1291 = CARTESIAN_POINT('',(0.,40.198638596752,-104.18340317));
#1292 = CARTESIAN_POINT('',(0.,42.924883728452,-99.33618679598));
#1293 = CARTESIAN_POINT('',(0.,48.680337344066,-89.26515162766));
#1294 = CARTESIAN_POINT('',(0.,54.597583867855,-79.29484387617));
#1295 = CARTESIAN_POINT('',(0.,57.729217497932,-74.13478873856));
#1296 = CARTESIAN_POINT('',(0.,64.653317545512,-63.03327761227));
#1297 = CARTESIAN_POINT('',(0.,71.95917406756,-52.17469522262));
#1298 = CARTESIAN_POINT('',(0.,76.036322161075,-46.4163104548));
#1299 = CARTESIAN_POINT('',(0.,84.479069041359,-35.24760482888));
#1300 = CARTESIAN_POINT('',(0.,93.923947727303,-24.8329840843));
#1301 = CARTESIAN_POINT('',(0.,98.910130562053,-19.93841246186));
#1302 = CARTESIAN_POINT('',(0.,109.93286194343,-10.70991883371));
#1303 = CARTESIAN_POINT('',(0.,123.03293996209,-4.156875910491));
#1304 = CARTESIAN_POINT('',(0.,130.19693201192,-1.761153518457));
#1305 = CARTESIAN_POINT('',(0.,137.88916801996,-0.679238640277));
#1306 = CARTESIAN_POINT('',(0.,145.392341,0.));
#1307 = PCURVE('',#449,#1308);
#1308 = DEFINITIONAL_REPRESENTATION('',(#1309),#1313);
#1309 = LINE('',#1310,#1311);
#1310 = CARTESIAN_POINT('',(1.,0.));
#1311 = VECTOR('',#1312,1.);
#1312 = DIRECTION('',(0.,1.));
#1313 = ( GEOMETRIC_REPRESENTATION_CONTEXT(2) 
PARAMETRIC_REPRESENTATION_CONTEXT() REPRESENTATION_CONTEXT('2D SPACE',''
  ) );
#1314 = PCURVE('',#1315,#1436);
#1315 = ( BOUNDED_SURFACE() B_SPLINE_SURFACE(3,5,(
    (#1316,#1317,#1318,#1319,#1320,#1321,#1322,#1323,#1324,#1325,#1326
      ,#1327,#1328,#1329,#1330,#1331,#1332,#1333,#1334,#1335,#1336,#1337
      ,#1338,#1339,#1340,#1341,#1342,#1343,#1344,#1345)
    ,(#1346,#1347,#1348,#1349,#1350,#1351,#1352,#1353,#1354,#1355,#1356
      ,#1357,#1358,#1359,#1360,#1361,#1362,#1363,#1364,#1365,#1366,#1367
      ,#1368,#1369,#1370,#1371,#1372,#1373,#1374,#1375)
    ,(#1376,#1377,#1378,#1379,#1380,#1381,#1382,#1383,#1384,#1385,#1386
      ,#1387,#1388,#1389,#1390,#1391,#1392,#1393,#1394,#1395,#1396,#1397
      ,#1398,#1399,#1400,#1401,#1402,#1403,#1404,#1405)
    ,(#1406,#1407,#1408,#1409,#1410,#1411,#1412,#1413,#1414,#1415,#1416
      ,#1417,#1418,#1419,#1420,#1421,#1422,#1423,#1424,#1425,#1426,#1427
      ,#1428,#1429,#1430,#1431,#1432,#1433,#1434,#1435
)),.UNSPECIFIED.,.F.,.F.,.F.) B_SPLINE_SURFACE_WITH_KNOTS((4,4),(6,3,3,3
    ,3,3,3,3,3,6),(1.,2.),(0.,4.872325896061E-02,0.105424957335,
    0.179977407867,0.27073025035,0.394466404301,0.528884869744,
    0.685830183689,0.839999162704,1.),.UNSPECIFIED.) 
GEOMETRIC_REPRESENTATION_ITEM() RATIONAL_B_SPLINE_SURFACE((
    (1.,1.,1.,1.,1.,1.,1.,1.,1.,1.,1.,1.,1.,1.,1.,1.,1.,1.,1.,1.,1.,1.
      ,1.,1.,1.000000000001,0.999999999999,1.000000000001,0.999999999997
      ,1.000000000003,1.)
    ,(1.,1.,1.,1.,1.,1.,1.,1.,1.,1.,1.,1.,1.,1.,1.,1.,1.,1.,1.,1.,1.,1.
      ,1.,1.,1.000000000001,0.999999999999,1.000000000001,0.999999999997
      ,1.000000000003,1.)
    ,(1.,1.,1.,1.,1.,1.,1.,1.,1.,1.,1.,1.,1.,1.,1.,1.,1.,1.,1.,1.,1.,1.
      ,1.,1.,1.000000000001,0.999999999999,1.000000000001,0.999999999997
      ,1.000000000003,1.)
    ,(1.,1.,1.,1.,1.,1.,1.,1.,1.,1.,1.,1.,1.,1.,1.,1.,1.,1.,1.,1.,1.,1.
      ,1.,1.,1.000000000001,0.999999999999,1.000000000001,0.999999999997
,1.000000000003,1.))) REPRESENTATION_ITEM('') SURFACE() );
#1316 = CARTESIAN_POINT('',(0.,12.7,-170.));
#1317 = CARTESIAN_POINT('',(0.,12.707525326801,-167.8255543716));
#1318 = CARTESIAN_POINT('',(0.,12.858102714797,-165.6438350513));
#1319 = CARTESIAN_POINT('',(0.,13.171866393633,-163.4848083407));
#1320 = CARTESIAN_POINT('',(0.,14.115309980346,-158.8566720403));
#1321 = CARTESIAN_POINT('',(0.,15.532135680382,-154.33877202));
#1322 = CARTESIAN_POINT('',(0.,16.388361871879,-151.9409266759));
#1323 = CARTESIAN_POINT('',(0.,18.531376764891,-146.4457733738));
#1324 = CARTESIAN_POINT('',(0.,20.955185085903,-141.061170405));
#1325 = CARTESIAN_POINT('',(0.,22.386455570778,-138.0273197258));
#1326 = CARTESIAN_POINT('',(0.,25.649803911657,-131.3433492972));
#1327 = CARTESIAN_POINT('',(0.,29.064729269029,-124.7349375716));
#1328 = CARTESIAN_POINT('',(0.,30.968906772108,-121.1231784676));
#1329 = CARTESIAN_POINT('',(0.,35.526164151588,-112.6192935712));
#1330 = CARTESIAN_POINT('',(0.,40.198638596752,-104.18340317));
#1331 = CARTESIAN_POINT('',(0.,42.924883728452,-99.33618679598));
#1332 = CARTESIAN_POINT('',(0.,48.680337344066,-89.26515162766));
#1333 = CARTESIAN_POINT('',(0.,54.597583867855,-79.29484387617));
#1334 = CARTESIAN_POINT('',(0.,57.729217497932,-74.13478873856));
#1335 = CARTESIAN_POINT('',(0.,64.653317545512,-63.03327761227));
#1336 = CARTESIAN_POINT('',(0.,71.95917406756,-52.17469522262));
#1337 = CARTESIAN_POINT('',(0.,76.036322161075,-46.4163104548));
#1338 = CARTESIAN_POINT('',(0.,84.479069041359,-35.24760482888));
#1339 = CARTESIAN_POINT('',(0.,93.923947727303,-24.8329840843));
#1340 = CARTESIAN_POINT('',(0.,98.910130562053,-19.93841246186));
#1341 = CARTESIAN_POINT('',(0.,109.93286194343,-10.70991883371));
#1342 = CARTESIAN_POINT('',(0.,123.03293996209,-4.156875910491));
#1343 = CARTESIAN_POINT('',(0.,130.19693201192,-1.761153518457));
#1344 = CARTESIAN_POINT('',(0.,137.88916801996,-0.679238640277));
#1345 = CARTESIAN_POINT('',(0.,145.392341,0.));
#1346 = CARTESIAN_POINT('',(0.,8.466666666667,-170.));
#1347 = CARTESIAN_POINT('',(0.,8.471683551201,-167.8184488188));
#1348 = CARTESIAN_POINT('',(0.,8.572068476531,-165.6294817382));
#1349 = CARTESIAN_POINT('',(0.,8.781244262422,-163.4627747562));
#1350 = CARTESIAN_POINT('',(0.,9.410206653564,-158.8166992158));
#1351 = CARTESIAN_POINT('',(0.,10.354757120255,-154.2775788819));
#1352 = CARTESIAN_POINT('',(0.,10.925574581252,-151.8672591116));
#1353 = CARTESIAN_POINT('',(0.,12.354251176594,-146.3408259792));
#1354 = CARTESIAN_POINT('',(0.,13.970123390602,-140.9195956791));
#1355 = CARTESIAN_POINT('',(0.,14.924303713852,-137.8633093204));
#1356 = CARTESIAN_POINT('',(0.,17.099869274438,-131.1262352834));
#1357 = CARTESIAN_POINT('',(0.,19.376486179353,-124.4576914864));
#1358 = CARTESIAN_POINT('',(0.,20.645937848072,-120.8109553447));
#1359 = CARTESIAN_POINT('',(0.,23.684109434392,-112.2200110004));
#1360 = CARTESIAN_POINT('',(0.,26.799092397835,-103.6870314457));
#1361 = CARTESIAN_POINT('',(0.,28.616589152301,-98.78063240964));
#1362 = CARTESIAN_POINT('',(0.,32.453558229378,-88.57956858554));
#1363 = CARTESIAN_POINT('',(0.,36.398389245236,-78.46520045839));
#1364 = CARTESIAN_POINT('',(0.,38.486144998622,-73.22622054742));
#1365 = CARTESIAN_POINT('',(0.,43.102211697007,-61.94454150868));
#1366 = CARTESIAN_POINT('',(0.,47.972782711708,-50.88361387378));
#1367 = CARTESIAN_POINT('',(0.,50.690881440715,-45.00890515707));
#1368 = CARTESIAN_POINT('',(0.,56.319379360909,-33.59258823947));
#1369 = CARTESIAN_POINT('',(0.,62.615965151534,-22.88651309273));
#1370 = CARTESIAN_POINT('',(0.,65.940087041371,-17.8345772238));
#1371 = CARTESIAN_POINT('',(0.,73.288574628953,-8.250486169281));
#1372 = CARTESIAN_POINT('',(0.,82.021959974736,-1.254634795677));
#1373 = CARTESIAN_POINT('',(0.,86.797954674601,1.388355196947));
#1374 = CARTESIAN_POINT('',(0.,91.926112013322,2.751067338983));
#1375 = CARTESIAN_POINT('',(0.,96.928227333333,3.666666666667));
#1376 = CARTESIAN_POINT('',(0.,4.233333333333,-170.));
#1377 = CARTESIAN_POINT('',(0.,4.2358417756,-167.8113432661));
#1378 = CARTESIAN_POINT('',(0.,4.286034238266,-165.615128425));
#1379 = CARTESIAN_POINT('',(0.,4.390622131211,-163.4407411717));
#1380 = CARTESIAN_POINT('',(0.,4.705103326782,-158.7767263913));
#1381 = CARTESIAN_POINT('',(0.,5.177378560127,-154.2163857437));
#1382 = CARTESIAN_POINT('',(0.,5.462787290626,-151.7935915472));
#1383 = CARTESIAN_POINT('',(0.,6.177125588297,-146.2358785845));
#1384 = CARTESIAN_POINT('',(0.,6.985061695301,-140.7780209531));
#1385 = CARTESIAN_POINT('',(0.,7.462151856926,-137.6992989149));
#1386 = CARTESIAN_POINT('',(0.,8.549934637219,-130.9091212695));
#1387 = CARTESIAN_POINT('',(0.,9.688243089676,-124.1804454012));
#1388 = CARTESIAN_POINT('',(0.,10.322968924036,-120.4987322217));
#1389 = CARTESIAN_POINT('',(0.,11.842054717196,-111.8207284297));
#1390 = CARTESIAN_POINT('',(0.,13.399546198917,-103.1906597213));
#1391 = CARTESIAN_POINT('',(0.,14.30829457615,-98.22507802331));
#1392 = CARTESIAN_POINT('',(0.,16.226779114689,-87.89398554343));
#1393 = CARTESIAN_POINT('',(0.,18.199194622618,-77.6355570406));
#1394 = CARTESIAN_POINT('',(0.,19.243072499311,-72.31765235629));
#1395 = CARTESIAN_POINT('',(0.,21.551105848503,-60.85580540509));
#1396 = CARTESIAN_POINT('',(0.,23.986391355854,-49.59253252495));
#1397 = CARTESIAN_POINT('',(0.,25.345440720357,-43.60149985934));
#1398 = CARTESIAN_POINT('',(0.,28.159689680454,-31.93757165006));
#1399 = CARTESIAN_POINT('',(0.,31.307982575767,-20.94004210116));
#1400 = CARTESIAN_POINT('',(0.,32.970043520686,-15.73074198575));
#1401 = CARTESIAN_POINT('',(0.,36.644287314477,-5.79105350484));
#1402 = CARTESIAN_POINT('',(0.,41.010979987368,1.647606319133));
#1403 = CARTESIAN_POINT('',(0.,43.398977337301,4.537863912364));
#1404 = CARTESIAN_POINT('',(0.,45.963056006661,6.181373318234));
#1405 = CARTESIAN_POINT('',(0.,48.464113666667,7.333333333333));
#1406 = CARTESIAN_POINT('',(0.,0.,-170.));
#1407 = CARTESIAN_POINT('',(0.,0.,-167.8042377133));
#1408 = CARTESIAN_POINT('',(0.,0.,-165.6007751119));
#1409 = CARTESIAN_POINT('',(0.,0.,-163.4187075872));
#1410 = CARTESIAN_POINT('',(0.,0.,-158.7367535669));
#1411 = CARTESIAN_POINT('',(0.,0.,-154.1551926055));
#1412 = CARTESIAN_POINT('',(0.,0.,-151.7199239829));
#1413 = CARTESIAN_POINT('',(0.,0.,-146.1309311899));
#1414 = CARTESIAN_POINT('',(0.,0.,-140.6364462272));
#1415 = CARTESIAN_POINT('',(0.,0.,-137.5352885095));
#1416 = CARTESIAN_POINT('',(0.,0.,-130.6920072556));
#1417 = CARTESIAN_POINT('',(0.,0.,-123.903199316));
#1418 = CARTESIAN_POINT('',(0.,0.,-120.1865090988));
#1419 = CARTESIAN_POINT('',(0.,0.,-111.4214458589));
#1420 = CARTESIAN_POINT('',(0.,0.,-102.694287997));
#1421 = CARTESIAN_POINT('',(0.,0.,-97.66952363697));
#1422 = CARTESIAN_POINT('',(0.,0.,-87.20840250132));
#1423 = CARTESIAN_POINT('',(0.,0.,-76.80591362281));
#1424 = CARTESIAN_POINT('',(0.,0.,-71.40908416516));
#1425 = CARTESIAN_POINT('',(0.,0.,-59.76706930151));
#1426 = CARTESIAN_POINT('',(0.,0.,-48.30145117611));
#1427 = CARTESIAN_POINT('',(0.,0.,-42.19409456161));
#1428 = CARTESIAN_POINT('',(0.,0.,-30.28255506065));
#1429 = CARTESIAN_POINT('',(0.,0.,-18.99357110958));
#1430 = CARTESIAN_POINT('',(0.,0.,-13.6269067477));
#1431 = CARTESIAN_POINT('',(0.,0.,-3.3316208404));
#1432 = CARTESIAN_POINT('',(0.,0.,4.549847433945));
#1433 = CARTESIAN_POINT('',(0.,0.,7.687372627775));
#1434 = CARTESIAN_POINT('',(0.,0.,9.611679297489));
#1435 = CARTESIAN_POINT('',(0.,0.,11.));
#1436 = DEFINITIONAL_REPRESENTATION('',(#1437),#1441);
#1437 = LINE('',#1438,#1439);
#1438 = CARTESIAN_POINT('',(1.,0.));
#1439 = VECTOR('',#1440,1.);
#1440 = DIRECTION('',(0.,1.));
#1441 = ( GEOMETRIC_REPRESENTATION_CONTEXT(2) 
PARAMETRIC_REPRESENTATION_CONTEXT() REPRESENTATION_CONTEXT('2D SPACE',''
  ) );
#1442 = ORIENTED_EDGE('',*,*,#1443,.F.);
#1443 = EDGE_CURVE('',#1444,#1273,#1446,.T.);
#1444 = VERTEX_POINT('',#1445);
#1445 = CARTESIAN_POINT('',(145.392341,0.,11.));
#1446 = SURFACE_CURVE('',#1447,(#1474,#1481),.PCURVE_S1.);
#1447 = B_SPLINE_CURVE_WITH_KNOTS('',3,(#1448,#1449,#1450,#1451,#1452,
    #1453,#1454,#1455,#1456,#1457,#1458,#1459,#1460,#1461,#1462,#1463,
    #1464,#1465,#1466,#1467,#1468,#1469,#1470,#1471,#1472,#1473),
  .UNSPECIFIED.,.F.,.F.,(4,1,1,1,1,1,1,1,1,1,1,1,1,1,1,1,1,1,1,1,1,1,1,4
    ),(0.,4.347826086957E-02,8.695652173913E-02,0.130434782609,
    0.173913043478,0.217391304348,0.260869565217,0.304347826087,
    0.347826086957,0.391304347826,0.434782608696,0.478260869565,
    0.521739130435,0.565217391304,0.608695652174,0.652173913043,
    0.695652173913,0.739130434783,0.782608695652,0.826086956522,
    0.869565217391,0.913043478261,0.95652173913,1.),
  .QUASI_UNIFORM_KNOTS.);
#1448 = CARTESIAN_POINT('',(145.392341,0.,11.));
#1449 = CARTESIAN_POINT('',(145.105442,9.129261,10.309304));
#1450 = CARTESIAN_POINT('',(144.245879,18.222492,9.621334));
#1451 = CARTESIAN_POINT('',(142.817043,27.243808,8.938806));
#1452 = CARTESIAN_POINT('',(140.824573,36.157605,8.264411));
#1453 = CARTESIAN_POINT('',(138.276333,44.928704,7.600813));
#1454 = CARTESIAN_POINT('',(135.18238,53.522491,6.95063));
#1455 = CARTESIAN_POINT('',(131.554923,61.905048,6.316428));
#1456 = CARTESIAN_POINT('',(127.40828,70.043294,5.70071));
#1457 = CARTESIAN_POINT('',(122.758814,77.905112,5.105905));
#1458 = CARTESIAN_POINT('',(117.624875,85.459474,4.534362));
#1459 = CARTESIAN_POINT('',(112.026724,92.676566,3.988336));
#1460 = CARTESIAN_POINT('',(105.986455,99.527906,3.469982));
#1461 = CARTESIAN_POINT('',(99.527906,105.986455,2.981345));
#1462 = CARTESIAN_POINT('',(92.676566,112.026724,2.524354));
#1463 = CARTESIAN_POINT('',(85.459474,117.624875,2.100813));
#1464 = CARTESIAN_POINT('',(77.905112,122.758814,1.712393));
#1465 = CARTESIAN_POINT('',(70.043294,127.40828,1.360627));
#1466 = CARTESIAN_POINT('',(61.905048,131.554923,1.046902));
#1467 = CARTESIAN_POINT('',(53.522491,135.18238,0.772459));
#1468 = CARTESIAN_POINT('',(44.928704,138.276333,0.538378));
#1469 = CARTESIAN_POINT('',(36.157605,140.824573,0.345585));
#1470 = CARTESIAN_POINT('',(27.243808,142.817043,0.19484));
#1471 = CARTESIAN_POINT('',(18.222492,144.245879,8.6738E-02));
#1472 = CARTESIAN_POINT('',(9.129261,145.105442,2.1706E-02));
#1473 = CARTESIAN_POINT('',(0.,145.392341,0.));
#1474 = PCURVE('',#449,#1475);
#1475 = DEFINITIONAL_REPRESENTATION('',(#1476),#1480);
#1476 = LINE('',#1477,#1478);
#1477 = CARTESIAN_POINT('',(0.,1.));
#1478 = VECTOR('',#1479,1.);
#1479 = DIRECTION('',(1.,0.));
#1480 = ( GEOMETRIC_REPRESENTATION_CONTEXT(2) 
PARAMETRIC_REPRESENTATION_CONTEXT() REPRESENTATION_CONTEXT('2D SPACE',''
  ) );
#1481 = PCURVE('',#1482,#1487);
#1482 = PLANE('',#1483);
#1483 = AXIS2_PLACEMENT_3D('',#1484,#1485,#1486);
#1484 = CARTESIAN_POINT('',(145.392341,0.,11.));
#1485 = DIRECTION('',(0.,7.544174777176E-02,0.997150210697));
#1486 = DIRECTION('',(-0.706097071961,0.706097071961,-5.34214370451E-02)
  );
#1487 = DEFINITIONAL_REPRESENTATION('',(#1488),#1515);
#1488 = B_SPLINE_CURVE_WITH_KNOTS('',3,(#1489,#1490,#1491,#1492,#1493,
    #1494,#1495,#1496,#1497,#1498,#1499,#1500,#1501,#1502,#1503,#1504,
    #1505,#1506,#1507,#1508,#1509,#1510,#1511,#1512,#1513,#1514),
  .UNSPECIFIED.,.F.,.F.,(4,1,1,1,1,1,1,1,1,1,1,1,1,1,1,1,1,1,1,1,1,1,1,4
    ),(0.,4.347826086957E-02,8.695652173913E-02,0.130434782609,
    0.173913043478,0.217391304348,0.260869565217,0.304347826087,
    0.347826086957,0.391304347826,0.434782608696,0.478260869565,
    0.521739130435,0.565217391304,0.608695652174,0.652173913043,
    0.695652173913,0.739130434783,0.782608695652,0.826086956522,
    0.869565217391,0.913043478261,0.95652173913,1.),
  .QUASI_UNIFORM_KNOTS.);
#1489 = CARTESIAN_POINT('',(0.,0.));
#1490 = CARTESIAN_POINT('',(6.685620977998,-6.261409629252));
#1491 = CARTESIAN_POINT('',(13.750012025274,-12.09179387237));
#1492 = CARTESIAN_POINT('',(21.165295380606,-17.46814318372));
#1493 = CARTESIAN_POINT('',(28.902205725368,-22.36923903988));
#1494 = CARTESIAN_POINT('',(36.930208208583,-26.77573914773));
#1495 = CARTESIAN_POINT('',(45.217620910628,-30.67025436879));
#1496 = CARTESIAN_POINT('',(53.731736612456,-34.0374122412));
#1497 = CARTESIAN_POINT('',(62.438953305098,-36.86392639275));
#1498 = CARTESIAN_POINT('',(71.304909641833,-39.13864122617));
#1499 = CARTESIAN_POINT('',(80.294614474487,-40.85257917877));
#1500 = CARTESIAN_POINT('',(89.372589526841,-41.99897566201));
#1501 = CARTESIAN_POINT('',(98.503008110186,-42.57330723017));
#1502 = CARTESIAN_POINT('',(107.64983687695,-42.57330724421));
#1503 = CARTESIAN_POINT('',(116.77697736065,-41.9989756738));
#1504 = CARTESIAN_POINT('',(125.84840908829,-40.85257916963));
#1505 = CARTESIAN_POINT('',(134.82833122713,-39.13864120122));
#1506 = CARTESIAN_POINT('',(143.68130407123,-36.86392638597));
#1507 = CARTESIAN_POINT('',(152.37238786383,-34.03741227641));
#1508 = CARTESIAN_POINT('',(160.86728472289,-30.67025435625));
#1509 = CARTESIAN_POINT('',(169.13246865814,-26.77573916195));
#1510 = CARTESIAN_POINT('',(177.13532006168,-22.36923904065));
#1511 = CARTESIAN_POINT('',(184.84425627094,-17.46814322086));
#1512 = CARTESIAN_POINT('',(192.22885296387,-12.09179386355));
#1513 = CARTESIAN_POINT('',(199.259965768,-6.261409616607));
#1514 = CARTESIAN_POINT('',(205.90984833883,0.));
#1515 = ( GEOMETRIC_REPRESENTATION_CONTEXT(2) 
PARAMETRIC_REPRESENTATION_CONTEXT() REPRESENTATION_CONTEXT('2D SPACE',''
  ) );
#1516 = ORIENTED_EDGE('',*,*,#1517,.F.);
#1517 = EDGE_CURVE('',#416,#1444,#1518,.T.);
#1518 = SURFACE_CURVE('',#1519,(#1550,#1557),.PCURVE_S1.);
#1519 = ( BOUNDED_CURVE() B_SPLINE_CURVE(5,(#1520,#1521,#1522,#1523,
    #1524,#1525,#1526,#1527,#1528,#1529,#1530,#1531,#1532,#1533,#1534,
    #1535,#1536,#1537,#1538,#1539,#1540,#1541,#1542,#1543,#1544,#1545,
    #1546,#1547,#1548,#1549),.UNSPECIFIED.,.F.,.F.) 
B_SPLINE_CURVE_WITH_KNOTS((6,3,3,3,3,3,3,3,3,6),(0.,4.872325896061E-02,
    0.105424957335,0.179977407867,0.27073025035,0.394466404301,
    0.528884869744,0.685830183689,0.839999162704,1.),.UNSPECIFIED.) 
CURVE() GEOMETRIC_REPRESENTATION_ITEM() RATIONAL_B_SPLINE_CURVE((1.,1.,
    1.,1.,1.,1.,1.,1.,1.,1.,1.,1.,1.,1.,1.,1.,1.,1.,1.,1.,1.,1.,1.,1.,
    1.000000000001,0.999999999999,1.000000000001,0.999999999997,
1.000000000003,1.)) REPRESENTATION_ITEM('') );
#1520 = CARTESIAN_POINT('',(12.7,0.,-170.));
#1521 = CARTESIAN_POINT('',(12.707525326801,0.,-167.8042377133));
#1522 = CARTESIAN_POINT('',(12.858102714797,0.,-165.6007751119));
#1523 = CARTESIAN_POINT('',(13.171866393633,0.,-163.4187075872));
#1524 = CARTESIAN_POINT('',(14.115309980346,0.,-158.7367535669));
#1525 = CARTESIAN_POINT('',(15.532135680382,0.,-154.1551926055));
#1526 = CARTESIAN_POINT('',(16.388361871879,0.,-151.7199239829));
#1527 = CARTESIAN_POINT('',(18.531376764891,0.,-146.1309311899));
#1528 = CARTESIAN_POINT('',(20.955185085904,0.,-140.6364462272));
#1529 = CARTESIAN_POINT('',(22.386455570778,0.,-137.5352885095));
#1530 = CARTESIAN_POINT('',(25.649803911657,0.,-130.6920072556));
#1531 = CARTESIAN_POINT('',(29.064729269029,0.,-123.903199316));
#1532 = CARTESIAN_POINT('',(30.968906772108,0.,-120.1865090988));
#1533 = CARTESIAN_POINT('',(35.526164151588,0.,-111.4214458589));
#1534 = CARTESIAN_POINT('',(40.198638596752,0.,-102.694287997));
#1535 = CARTESIAN_POINT('',(42.924883728451,0.,-97.66952363697));
#1536 = CARTESIAN_POINT('',(48.680337344067,0.,-87.20840250132));
#1537 = CARTESIAN_POINT('',(54.597583867855,0.,-76.80591362281));
#1538 = CARTESIAN_POINT('',(57.729217497932,0.,-71.40908416516));
#1539 = CARTESIAN_POINT('',(64.653317545512,0.,-59.76706930151));
#1540 = CARTESIAN_POINT('',(71.95917406756,0.,-48.30145117611));
#1541 = CARTESIAN_POINT('',(76.036322161075,0.,-42.19409456161));
#1542 = CARTESIAN_POINT('',(84.479069041358,0.,-30.28255506065));
#1543 = CARTESIAN_POINT('',(93.923947727304,0.,-18.99357110959));
#1544 = CARTESIAN_POINT('',(98.910130562052,0.,-13.6269067477));
#1545 = CARTESIAN_POINT('',(109.93286194343,0.,-3.331620840404));
#1546 = CARTESIAN_POINT('',(123.03293996209,0.,4.549847433949));
#1547 = CARTESIAN_POINT('',(130.19693201192,0.,7.687372627764));
#1548 = CARTESIAN_POINT('',(137.88916801996,0.,9.611679297498));
#1549 = CARTESIAN_POINT('',(145.392341,0.,11.));
#1550 = PCURVE('',#449,#1551);
#1551 = DEFINITIONAL_REPRESENTATION('',(#1552),#1556);
#1552 = LINE('',#1553,#1554);
#1553 = CARTESIAN_POINT('',(0.,0.));
#1554 = VECTOR('',#1555,1.);
#1555 = DIRECTION('',(0.,1.));
#1556 = ( GEOMETRIC_REPRESENTATION_CONTEXT(2) 
PARAMETRIC_REPRESENTATION_CONTEXT() REPRESENTATION_CONTEXT('2D SPACE',''
  ) );
#1557 = PCURVE('',#1558,#1679);
#1558 = ( BOUNDED_SURFACE() B_SPLINE_SURFACE(3,5,(
    (#1559,#1560,#1561,#1562,#1563,#1564,#1565,#1566,#1567,#1568,#1569
      ,#1570,#1571,#1572,#1573,#1574,#1575,#1576,#1577,#1578,#1579,#1580
      ,#1581,#1582,#1583,#1584,#1585,#1586,#1587,#1588)
    ,(#1589,#1590,#1591,#1592,#1593,#1594,#1595,#1596,#1597,#1598,#1599
      ,#1600,#1601,#1602,#1603,#1604,#1605,#1606,#1607,#1608,#1609,#1610
      ,#1611,#1612,#1613,#1614,#1615,#1616,#1617,#1618)
    ,(#1619,#1620,#1621,#1622,#1623,#1624,#1625,#1626,#1627,#1628,#1629
      ,#1630,#1631,#1632,#1633,#1634,#1635,#1636,#1637,#1638,#1639,#1640
      ,#1641,#1642,#1643,#1644,#1645,#1646,#1647,#1648)
    ,(#1649,#1650,#1651,#1652,#1653,#1654,#1655,#1656,#1657,#1658,#1659
      ,#1660,#1661,#1662,#1663,#1664,#1665,#1666,#1667,#1668,#1669,#1670
      ,#1671,#1672,#1673,#1674,#1675,#1676,#1677,#1678
)),.UNSPECIFIED.,.F.,.F.,.F.) B_SPLINE_SURFACE_WITH_KNOTS((4,4),(6,3,3,3
    ,3,3,3,3,3,6),(2.,3.),(0.,4.872325896061E-02,0.105424957335,
    0.179977407867,0.27073025035,0.394466404301,0.528884869744,
    0.685830183689,0.839999162704,1.),.UNSPECIFIED.) 
GEOMETRIC_REPRESENTATION_ITEM() RATIONAL_B_SPLINE_SURFACE((
    (1.,1.,1.,1.,1.,1.,1.,1.,1.,1.,1.,1.,1.,1.,1.,1.,1.,1.,1.,1.,1.,1.
      ,1.,1.,1.000000000001,0.999999999999,1.000000000001,0.999999999997
      ,1.000000000003,1.)
    ,(1.,1.,1.,1.,1.,1.,1.,1.,1.,1.,1.,1.,1.,1.,1.,1.,1.,1.,1.,1.,1.,1.
      ,1.,1.,1.000000000001,0.999999999999,1.000000000001,0.999999999997
      ,1.000000000003,1.)
    ,(1.,1.,1.,1.,1.,1.,1.,1.,1.,1.,1.,1.,1.,1.,1.,1.,1.,1.,1.,1.,1.,1.
      ,1.,1.,1.000000000001,0.999999999999,1.000000000001,0.999999999997
      ,1.000000000003,1.)
    ,(1.,1.,1.,1.,1.,1.,1.,1.,1.,1.,1.,1.,1.,1.,1.,1.,1.,1.,1.,1.,1.,1.
      ,1.,1.,1.000000000001,0.999999999999,1.000000000001,0.999999999997
,1.000000000003,1.))) REPRESENTATION_ITEM('') SURFACE() );
#1559 = CARTESIAN_POINT('',(0.,0.,-170.));
#1560 = CARTESIAN_POINT('',(0.,0.,-167.8042377133));
#1561 = CARTESIAN_POINT('',(0.,0.,-165.6007751119));
#1562 = CARTESIAN_POINT('',(0.,0.,-163.4187075872));
#1563 = CARTESIAN_POINT('',(0.,0.,-158.7367535669));
#1564 = CARTESIAN_POINT('',(0.,0.,-154.1551926055));
#1565 = CARTESIAN_POINT('',(0.,0.,-151.7199239829));
#1566 = CARTESIAN_POINT('',(0.,0.,-146.1309311899));
#1567 = CARTESIAN_POINT('',(0.,0.,-140.6364462272));
#1568 = CARTESIAN_POINT('',(0.,0.,-137.5352885095));
#1569 = CARTESIAN_POINT('',(0.,0.,-130.6920072556));
#1570 = CARTESIAN_POINT('',(0.,0.,-123.903199316));
#1571 = CARTESIAN_POINT('',(0.,0.,-120.1865090988));
#1572 = CARTESIAN_POINT('',(0.,0.,-111.4214458589));
#1573 = CARTESIAN_POINT('',(0.,0.,-102.694287997));
#1574 = CARTESIAN_POINT('',(0.,0.,-97.66952363697));
#1575 = CARTESIAN_POINT('',(0.,0.,-87.20840250132));
#1576 = CARTESIAN_POINT('',(0.,0.,-76.80591362281));
#1577 = CARTESIAN_POINT('',(0.,0.,-71.40908416516));
#1578 = CARTESIAN_POINT('',(0.,0.,-59.76706930151));
#1579 = CARTESIAN_POINT('',(0.,0.,-48.30145117611));
#1580 = CARTESIAN_POINT('',(0.,0.,-42.19409456161));
#1581 = CARTESIAN_POINT('',(0.,0.,-30.28255506065));
#1582 = CARTESIAN_POINT('',(0.,0.,-18.99357110958));
#1583 = CARTESIAN_POINT('',(0.,0.,-13.6269067477));
#1584 = CARTESIAN_POINT('',(0.,0.,-3.3316208404));
#1585 = CARTESIAN_POINT('',(0.,0.,4.549847433945));
#1586 = CARTESIAN_POINT('',(0.,0.,7.687372627775));
#1587 = CARTESIAN_POINT('',(0.,0.,9.611679297489));
#1588 = CARTESIAN_POINT('',(0.,0.,11.));
#1589 = CARTESIAN_POINT('',(4.233333333333,0.,-170.));
#1590 = CARTESIAN_POINT('',(4.2358417756,0.,-167.8042377133));
#1591 = CARTESIAN_POINT('',(4.286034238266,0.,-165.6007751119));
#1592 = CARTESIAN_POINT('',(4.390622131211,0.,-163.4187075872));
#1593 = CARTESIAN_POINT('',(4.705103326782,0.,-158.7367535669));
#1594 = CARTESIAN_POINT('',(5.177378560127,0.,-154.1551926055));
#1595 = CARTESIAN_POINT('',(5.462787290626,0.,-151.7199239829));
#1596 = CARTESIAN_POINT('',(6.177125588297,0.,-146.1309311899));
#1597 = CARTESIAN_POINT('',(6.985061695301,0.,-140.6364462272));
#1598 = CARTESIAN_POINT('',(7.462151856926,0.,-137.5352885095));
#1599 = CARTESIAN_POINT('',(8.549934637219,0.,-130.6920072556));
#1600 = CARTESIAN_POINT('',(9.688243089676,0.,-123.903199316));
#1601 = CARTESIAN_POINT('',(10.322968924036,0.,-120.1865090988));
#1602 = CARTESIAN_POINT('',(11.842054717196,0.,-111.4214458589));
#1603 = CARTESIAN_POINT('',(13.399546198917,0.,-102.694287997));
#1604 = CARTESIAN_POINT('',(14.30829457615,0.,-97.66952363697));
#1605 = CARTESIAN_POINT('',(16.226779114689,0.,-87.20840250132));
#1606 = CARTESIAN_POINT('',(18.199194622618,0.,-76.80591362281));
#1607 = CARTESIAN_POINT('',(19.243072499311,0.,-71.40908416516));
#1608 = CARTESIAN_POINT('',(21.551105848503,0.,-59.76706930151));
#1609 = CARTESIAN_POINT('',(23.986391355854,0.,-48.30145117611));
#1610 = CARTESIAN_POINT('',(25.345440720357,0.,-42.19409456161));
#1611 = CARTESIAN_POINT('',(28.159689680454,0.,-30.28255506065));
#1612 = CARTESIAN_POINT('',(31.307982575767,0.,-18.99357110958));
#1613 = CARTESIAN_POINT('',(32.970043520686,0.,-13.6269067477));
#1614 = CARTESIAN_POINT('',(36.644287314477,0.,-3.3316208404));
#1615 = CARTESIAN_POINT('',(41.010979987368,0.,4.549847433945));
#1616 = CARTESIAN_POINT('',(43.398977337301,0.,7.687372627775));
#1617 = CARTESIAN_POINT('',(45.963056006661,0.,9.611679297489));
#1618 = CARTESIAN_POINT('',(48.464113666667,0.,11.));
#1619 = CARTESIAN_POINT('',(8.466666666667,0.,-170.));
#1620 = CARTESIAN_POINT('',(8.471683551201,0.,-167.8042377133));
#1621 = CARTESIAN_POINT('',(8.572068476531,0.,-165.6007751119));
#1622 = CARTESIAN_POINT('',(8.781244262422,0.,-163.4187075872));
#1623 = CARTESIAN_POINT('',(9.410206653564,0.,-158.7367535669));
#1624 = CARTESIAN_POINT('',(10.354757120255,0.,-154.1551926055));
#1625 = CARTESIAN_POINT('',(10.925574581252,0.,-151.7199239829));
#1626 = CARTESIAN_POINT('',(12.354251176594,0.,-146.1309311899));
#1627 = CARTESIAN_POINT('',(13.970123390602,0.,-140.6364462272));
#1628 = CARTESIAN_POINT('',(14.924303713852,0.,-137.5352885095));
#1629 = CARTESIAN_POINT('',(17.099869274438,0.,-130.6920072556));
#1630 = CARTESIAN_POINT('',(19.376486179353,0.,-123.903199316));
#1631 = CARTESIAN_POINT('',(20.645937848072,0.,-120.1865090988));
#1632 = CARTESIAN_POINT('',(23.684109434392,0.,-111.4214458589));
#1633 = CARTESIAN_POINT('',(26.799092397835,0.,-102.694287997));
#1634 = CARTESIAN_POINT('',(28.616589152301,0.,-97.66952363697));
#1635 = CARTESIAN_POINT('',(32.453558229378,0.,-87.20840250132));
#1636 = CARTESIAN_POINT('',(36.398389245236,0.,-76.80591362281));
#1637 = CARTESIAN_POINT('',(38.486144998622,0.,-71.40908416516));
#1638 = CARTESIAN_POINT('',(43.102211697007,0.,-59.76706930151));
#1639 = CARTESIAN_POINT('',(47.972782711708,0.,-48.30145117611));
#1640 = CARTESIAN_POINT('',(50.690881440715,0.,-42.19409456161));
#1641 = CARTESIAN_POINT('',(56.319379360909,0.,-30.28255506065));
#1642 = CARTESIAN_POINT('',(62.615965151534,0.,-18.99357110958));
#1643 = CARTESIAN_POINT('',(65.940087041371,0.,-13.6269067477));
#1644 = CARTESIAN_POINT('',(73.288574628953,0.,-3.3316208404));
#1645 = CARTESIAN_POINT('',(82.021959974736,0.,4.549847433945));
#1646 = CARTESIAN_POINT('',(86.797954674601,0.,7.687372627775));
#1647 = CARTESIAN_POINT('',(91.926112013322,0.,9.611679297489));
#1648 = CARTESIAN_POINT('',(96.928227333333,0.,11.));
#1649 = CARTESIAN_POINT('',(12.7,0.,-170.));
#1650 = CARTESIAN_POINT('',(12.707525326801,0.,-167.8042377133));
#1651 = CARTESIAN_POINT('',(12.858102714797,0.,-165.6007751119));
#1652 = CARTESIAN_POINT('',(13.171866393633,0.,-163.4187075872));
#1653 = CARTESIAN_POINT('',(14.115309980346,0.,-158.7367535669));
#1654 = CARTESIAN_POINT('',(15.532135680382,0.,-154.1551926055));
#1655 = CARTESIAN_POINT('',(16.388361871879,0.,-151.7199239829));
#1656 = CARTESIAN_POINT('',(18.531376764891,0.,-146.1309311899));
#1657 = CARTESIAN_POINT('',(20.955185085903,0.,-140.6364462272));
#1658 = CARTESIAN_POINT('',(22.386455570778,0.,-137.5352885095));
#1659 = CARTESIAN_POINT('',(25.649803911657,0.,-130.6920072556));
#1660 = CARTESIAN_POINT('',(29.064729269029,0.,-123.903199316));
#1661 = CARTESIAN_POINT('',(30.968906772108,0.,-120.1865090988));
#1662 = CARTESIAN_POINT('',(35.526164151588,0.,-111.4214458589));
#1663 = CARTESIAN_POINT('',(40.198638596752,0.,-102.694287997));
#1664 = CARTESIAN_POINT('',(42.924883728452,0.,-97.66952363697));
#1665 = CARTESIAN_POINT('',(48.680337344066,0.,-87.20840250132));
#1666 = CARTESIAN_POINT('',(54.597583867855,0.,-76.80591362281));
#1667 = CARTESIAN_POINT('',(57.729217497932,0.,-71.40908416516));
#1668 = CARTESIAN_POINT('',(64.653317545512,0.,-59.76706930151));
#1669 = CARTESIAN_POINT('',(71.95917406756,0.,-48.30145117611));
#1670 = CARTESIAN_POINT('',(76.036322161075,0.,-42.19409456161));
#1671 = CARTESIAN_POINT('',(84.479069041359,0.,-30.28255506065));
#1672 = CARTESIAN_POINT('',(93.923947727303,0.,-18.99357110958));
#1673 = CARTESIAN_POINT('',(98.910130562053,0.,-13.6269067477));
#1674 = CARTESIAN_POINT('',(109.93286194343,0.,-3.3316208404));
#1675 = CARTESIAN_POINT('',(123.03293996209,0.,4.549847433945));
#1676 = CARTESIAN_POINT('',(130.19693201192,0.,7.687372627775));
#1677 = CARTESIAN_POINT('',(137.88916801996,0.,9.611679297489));
#1678 = CARTESIAN_POINT('',(145.392341,0.,11.));
#1679 = DEFINITIONAL_REPRESENTATION('',(#1680),#1684);
#1680 = LINE('',#1681,#1682);
#1681 = CARTESIAN_POINT('',(3.,0.));
#1682 = VECTOR('',#1683,1.);
#1683 = DIRECTION('',(0.,1.));
#1684 = ( GEOMETRIC_REPRESENTATION_CONTEXT(2) 
PARAMETRIC_REPRESENTATION_CONTEXT() REPRESENTATION_CONTEXT('2D SPACE',''
  ) );
#1685 = ADVANCED_FACE('',(#1686),#1315,.T.);
#1686 = FACE_BOUND('',#1687,.T.);
#1687 = EDGE_LOOP('',(#1688,#1713,#1763,#1786));
#1688 = ORIENTED_EDGE('',*,*,#1689,.T.);
#1689 = EDGE_CURVE('',#418,#1690,#1692,.T.);
#1690 = VERTEX_POINT('',#1691);
#1691 = CARTESIAN_POINT('',(0.,0.,-170.));
#1692 = SURFACE_CURVE('',#1693,(#1698,#1705),.PCURVE_S1.);
#1693 = B_SPLINE_CURVE_WITH_KNOTS('',3,(#1694,#1695,#1696,#1697),
  .UNSPECIFIED.,.F.,.F.,(4,4),(1.,2.),.PIECEWISE_BEZIER_KNOTS.);
#1694 = CARTESIAN_POINT('',(0.,12.7,-170.));
#1695 = CARTESIAN_POINT('',(0.,8.466666666667,-170.));
#1696 = CARTESIAN_POINT('',(0.,4.233333333333,-170.));
#1697 = CARTESIAN_POINT('',(0.,0.,-170.));
#1698 = PCURVE('',#1315,#1699);
#1699 = DEFINITIONAL_REPRESENTATION('',(#1700),#1704);
#1700 = LINE('',#1701,#1702);
#1701 = CARTESIAN_POINT('',(0.,0.));
#1702 = VECTOR('',#1703,1.);
#1703 = DIRECTION('',(1.,0.));
#1704 = ( GEOMETRIC_REPRESENTATION_CONTEXT(2) 
PARAMETRIC_REPRESENTATION_CONTEXT() REPRESENTATION_CONTEXT('2D SPACE',''
  ) );
#1705 = PCURVE('',#1237,#1706);
#1706 = DEFINITIONAL_REPRESENTATION('',(#1707),#1712);
#1707 = B_SPLINE_CURVE_WITH_KNOTS('',3,(#1708,#1709,#1710,#1711),
  .UNSPECIFIED.,.F.,.F.,(4,4),(1.,2.),.PIECEWISE_BEZIER_KNOTS.);
#1708 = CARTESIAN_POINT('',(17.960512242138,1.7763568394E-15));
#1709 = CARTESIAN_POINT('',(14.967093535115,2.993418707023));
#1710 = CARTESIAN_POINT('',(11.973674828092,5.986837414046));
#1711 = CARTESIAN_POINT('',(8.980256121069,8.980256121069));
#1712 = ( GEOMETRIC_REPRESENTATION_CONTEXT(2) 
PARAMETRIC_REPRESENTATION_CONTEXT() REPRESENTATION_CONTEXT('2D SPACE',''
  ) );
#1713 = ORIENTED_EDGE('',*,*,#1714,.T.);
#1714 = EDGE_CURVE('',#1690,#1715,#1717,.T.);
#1715 = VERTEX_POINT('',#1716);
#1716 = CARTESIAN_POINT('',(0.,0.,11.));
#1717 = SURFACE_CURVE('',#1718,(#1749,#1756),.PCURVE_S1.);
#1718 = ( BOUNDED_CURVE() B_SPLINE_CURVE(5,(#1719,#1720,#1721,#1722,
    #1723,#1724,#1725,#1726,#1727,#1728,#1729,#1730,#1731,#1732,#1733,
    #1734,#1735,#1736,#1737,#1738,#1739,#1740,#1741,#1742,#1743,#1744,
    #1745,#1746,#1747,#1748),.UNSPECIFIED.,.F.,.F.) 
B_SPLINE_CURVE_WITH_KNOTS((6,3,3,3,3,3,3,3,3,6),(0.,4.872325896061E-02,
    0.105424957335,0.179977407867,0.27073025035,0.394466404301,
    0.528884869744,0.685830183689,0.839999162704,1.),.UNSPECIFIED.) 
CURVE() GEOMETRIC_REPRESENTATION_ITEM() RATIONAL_B_SPLINE_CURVE((1.,1.,
    1.,1.,1.,1.,1.,1.,1.,1.,1.,1.,1.,1.,1.,1.,1.,1.,1.,1.,1.,1.,1.,1.,
    1.000000000001,0.999999999999,1.000000000001,0.999999999997,
1.000000000003,1.)) REPRESENTATION_ITEM('') );
#1719 = CARTESIAN_POINT('',(0.,0.,-170.));
#1720 = CARTESIAN_POINT('',(0.,0.,-167.8042377133));
#1721 = CARTESIAN_POINT('',(0.,0.,-165.6007751119));
#1722 = CARTESIAN_POINT('',(0.,0.,-163.4187075872));
#1723 = CARTESIAN_POINT('',(0.,0.,-158.7367535669));
#1724 = CARTESIAN_POINT('',(0.,0.,-154.1551926055));
#1725 = CARTESIAN_POINT('',(0.,0.,-151.7199239829));
#1726 = CARTESIAN_POINT('',(0.,0.,-146.1309311899));
#1727 = CARTESIAN_POINT('',(0.,0.,-140.6364462272));
#1728 = CARTESIAN_POINT('',(0.,0.,-137.5352885095));
#1729 = CARTESIAN_POINT('',(0.,0.,-130.6920072556));
#1730 = CARTESIAN_POINT('',(0.,0.,-123.903199316));
#1731 = CARTESIAN_POINT('',(0.,0.,-120.1865090988));
#1732 = CARTESIAN_POINT('',(0.,0.,-111.4214458589));
#1733 = CARTESIAN_POINT('',(0.,0.,-102.694287997));
#1734 = CARTESIAN_POINT('',(0.,0.,-97.66952363697));
#1735 = CARTESIAN_POINT('',(0.,0.,-87.20840250132));
#1736 = CARTESIAN_POINT('',(0.,0.,-76.80591362281));
#1737 = CARTESIAN_POINT('',(0.,0.,-71.40908416516));
#1738 = CARTESIAN_POINT('',(0.,0.,-59.76706930151));
#1739 = CARTESIAN_POINT('',(0.,0.,-48.30145117611));
#1740 = CARTESIAN_POINT('',(0.,0.,-42.19409456161));
#1741 = CARTESIAN_POINT('',(0.,0.,-30.28255506065));
#1742 = CARTESIAN_POINT('',(0.,0.,-18.99357110958));
#1743 = CARTESIAN_POINT('',(0.,0.,-13.6269067477));
#1744 = CARTESIAN_POINT('',(0.,0.,-3.3316208404));
#1745 = CARTESIAN_POINT('',(0.,0.,4.549847433945));
#1746 = CARTESIAN_POINT('',(0.,0.,7.687372627775));
#1747 = CARTESIAN_POINT('',(0.,0.,9.611679297489));
#1748 = CARTESIAN_POINT('',(0.,0.,11.));
#1749 = PCURVE('',#1315,#1750);
#1750 = DEFINITIONAL_REPRESENTATION('',(#1751),#1755);
#1751 = LINE('',#1752,#1753);
#1752 = CARTESIAN_POINT('',(2.,0.));
#1753 = VECTOR('',#1754,1.);
#1754 = DIRECTION('',(0.,1.));
#1755 = ( GEOMETRIC_REPRESENTATION_CONTEXT(2) 
PARAMETRIC_REPRESENTATION_CONTEXT() REPRESENTATION_CONTEXT('2D SPACE',''
  ) );
#1756 = PCURVE('',#1558,#1757);
#1757 = DEFINITIONAL_REPRESENTATION('',(#1758),#1762);
#1758 = LINE('',#1759,#1760);
#1759 = CARTESIAN_POINT('',(2.,0.));
#1760 = VECTOR('',#1761,1.);
#1761 = DIRECTION('',(0.,1.));
#1762 = ( GEOMETRIC_REPRESENTATION_CONTEXT(2) 
PARAMETRIC_REPRESENTATION_CONTEXT() REPRESENTATION_CONTEXT('2D SPACE',''
  ) );
#1763 = ORIENTED_EDGE('',*,*,#1764,.F.);
#1764 = EDGE_CURVE('',#1273,#1715,#1765,.T.);
#1765 = SURFACE_CURVE('',#1766,(#1771,#1778),.PCURVE_S1.);
#1766 = B_SPLINE_CURVE_WITH_KNOTS('',3,(#1767,#1768,#1769,#1770),
  .UNSPECIFIED.,.F.,.F.,(4,4),(1.,2.),.PIECEWISE_BEZIER_KNOTS.);
#1767 = CARTESIAN_POINT('',(0.,145.392341,0.));
#1768 = CARTESIAN_POINT('',(0.,96.928227333333,3.666666666667));
#1769 = CARTESIAN_POINT('',(0.,48.464113666667,7.333333333333));
#1770 = CARTESIAN_POINT('',(0.,0.,11.));
#1771 = PCURVE('',#1315,#1772);
#1772 = DEFINITIONAL_REPRESENTATION('',(#1773),#1777);
#1773 = LINE('',#1774,#1775);
#1774 = CARTESIAN_POINT('',(0.,1.));
#1775 = VECTOR('',#1776,1.);
#1776 = DIRECTION('',(1.,0.));
#1777 = ( GEOMETRIC_REPRESENTATION_CONTEXT(2) 
PARAMETRIC_REPRESENTATION_CONTEXT() REPRESENTATION_CONTEXT('2D SPACE',''
  ) );
#1778 = PCURVE('',#1482,#1779);
#1779 = DEFINITIONAL_REPRESENTATION('',(#1780),#1785);
#1780 = B_SPLINE_CURVE_WITH_KNOTS('',3,(#1781,#1782,#1783,#1784),
  .UNSPECIFIED.,.F.,.F.,(4,4),(1.,2.),.PIECEWISE_BEZIER_KNOTS.);
#1781 = CARTESIAN_POINT('',(205.90984833883,0.));
#1782 = CARTESIAN_POINT('',(171.49360098111,34.318168304153));
#1783 = CARTESIAN_POINT('',(137.07735362338,68.636336608306));
#1784 = CARTESIAN_POINT('',(102.66110626566,102.95450491245));
#1785 = ( GEOMETRIC_REPRESENTATION_CONTEXT(2) 
PARAMETRIC_REPRESENTATION_CONTEXT() REPRESENTATION_CONTEXT('2D SPACE',''
  ) );
#1786 = ORIENTED_EDGE('',*,*,#1272,.F.);
#1787 = ADVANCED_FACE('',(#1788),#1558,.T.);
#1788 = FACE_BOUND('',#1789,.T.);
#1789 = EDGE_LOOP('',(#1790,#1813,#1814,#1837));
#1790 = ORIENTED_EDGE('',*,*,#1791,.T.);
#1791 = EDGE_CURVE('',#1690,#416,#1792,.T.);
#1792 = SURFACE_CURVE('',#1793,(#1798,#1805),.PCURVE_S1.);
#1793 = B_SPLINE_CURVE_WITH_KNOTS('',3,(#1794,#1795,#1796,#1797),
  .UNSPECIFIED.,.F.,.F.,(4,4),(2.,3.),.PIECEWISE_BEZIER_KNOTS.);
#1794 = CARTESIAN_POINT('',(0.,0.,-170.));
#1795 = CARTESIAN_POINT('',(4.233333333333,0.,-170.));
#1796 = CARTESIAN_POINT('',(8.466666666667,0.,-170.));
#1797 = CARTESIAN_POINT('',(12.7,0.,-170.));
#1798 = PCURVE('',#1558,#1799);
#1799 = DEFINITIONAL_REPRESENTATION('',(#1800),#1804);
#1800 = LINE('',#1801,#1802);
#1801 = CARTESIAN_POINT('',(0.,0.));
#1802 = VECTOR('',#1803,1.);
#1803 = DIRECTION('',(1.,0.));
#1804 = ( GEOMETRIC_REPRESENTATION_CONTEXT(2) 
PARAMETRIC_REPRESENTATION_CONTEXT() REPRESENTATION_CONTEXT('2D SPACE',''
  ) );
#1805 = PCURVE('',#1237,#1806);
#1806 = DEFINITIONAL_REPRESENTATION('',(#1807),#1812);
#1807 = B_SPLINE_CURVE_WITH_KNOTS('',3,(#1808,#1809,#1810,#1811),
  .UNSPECIFIED.,.F.,.F.,(4,4),(2.,3.),.PIECEWISE_BEZIER_KNOTS.);
#1808 = CARTESIAN_POINT('',(8.980256121069,8.980256121069));
#1809 = CARTESIAN_POINT('',(5.986837414046,5.986837414046));
#1810 = CARTESIAN_POINT('',(2.993418707023,2.993418707023));
#1811 = CARTESIAN_POINT('',(1.7763568394E-15,1.7763568394E-15));
#1812 = ( GEOMETRIC_REPRESENTATION_CONTEXT(2) 
PARAMETRIC_REPRESENTATION_CONTEXT() REPRESENTATION_CONTEXT('2D SPACE',''
  ) );
#1813 = ORIENTED_EDGE('',*,*,#1517,.T.);
#1814 = ORIENTED_EDGE('',*,*,#1815,.F.);
#1815 = EDGE_CURVE('',#1715,#1444,#1816,.T.);
#1816 = SURFACE_CURVE('',#1817,(#1822,#1829),.PCURVE_S1.);
#1817 = B_SPLINE_CURVE_WITH_KNOTS('',3,(#1818,#1819,#1820,#1821),
  .UNSPECIFIED.,.F.,.F.,(4,4),(2.,3.),.PIECEWISE_BEZIER_KNOTS.);
#1818 = CARTESIAN_POINT('',(0.,0.,11.));
#1819 = CARTESIAN_POINT('',(48.464113666667,0.,11.));
#1820 = CARTESIAN_POINT('',(96.928227333333,0.,11.));
#1821 = CARTESIAN_POINT('',(145.392341,0.,11.));
#1822 = PCURVE('',#1558,#1823);
#1823 = DEFINITIONAL_REPRESENTATION('',(#1824),#1828);
#1824 = LINE('',#1825,#1826);
#1825 = CARTESIAN_POINT('',(0.,1.));
#1826 = VECTOR('',#1827,1.);
#1827 = DIRECTION('',(1.,0.));
#1828 = ( GEOMETRIC_REPRESENTATION_CONTEXT(2) 
PARAMETRIC_REPRESENTATION_CONTEXT() REPRESENTATION_CONTEXT('2D SPACE',''
  ) );
#1829 = PCURVE('',#1482,#1830);
#1830 = DEFINITIONAL_REPRESENTATION('',(#1831),#1836);
#1831 = B_SPLINE_CURVE_WITH_KNOTS('',3,(#1832,#1833,#1834,#1835),
  .UNSPECIFIED.,.F.,.F.,(4,4),(2.,3.),.PIECEWISE_BEZIER_KNOTS.);
#1832 = CARTESIAN_POINT('',(102.66110626566,102.95450491245));
#1833 = CARTESIAN_POINT('',(68.440737510445,68.636336608306));
#1834 = CARTESIAN_POINT('',(34.220368755223,34.318168304153));
#1835 = CARTESIAN_POINT('',(0.,0.));
#1836 = ( GEOMETRIC_REPRESENTATION_CONTEXT(2) 
PARAMETRIC_REPRESENTATION_CONTEXT() REPRESENTATION_CONTEXT('2D SPACE',''
  ) );
#1837 = ORIENTED_EDGE('',*,*,#1714,.F.);
#1838 = ADVANCED_FACE('',(#1839),#1237,.F.);
#1839 = FACE_BOUND('',#1840,.T.);
#1840 = EDGE_LOOP('',(#1841,#1842,#1843));
#1841 = ORIENTED_EDGE('',*,*,#415,.F.);
#1842 = ORIENTED_EDGE('',*,*,#1791,.F.);
#1843 = ORIENTED_EDGE('',*,*,#1689,.F.);
#1844 = ADVANCED_FACE('',(#1845),#1482,.T.);
#1845 = FACE_BOUND('',#1846,.T.);
#1846 = EDGE_LOOP('',(#1847,#1848,#1849));
#1847 = ORIENTED_EDGE('',*,*,#1443,.T.);
#1848 = ORIENTED_EDGE('',*,*,#1764,.T.);
#1849 = ORIENTED_EDGE('',*,*,#1815,.T.);
#1850 = ( GEOMETRIC_REPRESENTATION_CONTEXT(3) 
GLOBAL_UNCERTAINTY_ASSIGNED_CONTEXT((#1854)) 
GLOBAL_UNIT_ASSIGNED_CONTEXT((#1851,#1852,#1853)) REPRESENTATION_CONTEXT
('Context #1','3D Context with UNIT and UNCERTAINTY') );
#1851 = ( LENGTH_UNIT() NAMED_UNIT(*) SI_UNIT(.MILLI.,.METRE.) );
#1852 = ( NAMED_UNIT(*) PLANE_ANGLE_UNIT() SI_UNIT($,.RADIAN.) );
#1853 = ( NAMED_UNIT(*) SI_UNIT($,.STERADIAN.) SOLID_ANGLE_UNIT() );
#1854 = UNCERTAINTY_MEASURE_WITH_UNIT(LENGTH_MEASURE(1.E-07),#1851,
  'distance_accuracy_value','confusion accuracy');
#1855 = CONTEXT_DEPENDENT_SHAPE_REPRESENTATION(#1856,#1858);
#1856 = ( REPRESENTATION_RELATIONSHIP('','',#408,#10) 
REPRESENTATION_RELATIONSHIP_WITH_TRANSFORMATION(#1857) 
SHAPE_REPRESENTATION_RELATIONSHIP() );
#1857 = ITEM_DEFINED_TRANSFORMATION('','',#11,#15);
#1858 = PRODUCT_DEFINITION_SHAPE('Placement','Placement of an item',
  #1859);
#1859 = NEXT_ASSEMBLY_USAGE_OCCURRENCE('1','','',#5,#403,$);
#1860 = PRODUCT_RELATED_PRODUCT_CATEGORY('part',$,(#405));
#1861 = SHAPE_DEFINITION_REPRESENTATION(#1862,#1868);
#1862 = PRODUCT_DEFINITION_SHAPE('','',#1863);
#1863 = PRODUCT_DEFINITION('design','',#1864,#1867);
#1864 = PRODUCT_DEFINITION_FORMATION('','',#1865);
#1865 = PRODUCT('Open CASCADE STEP translator 7.8 1.2',
  'Open CASCADE STEP translator 7.8 1.2','',(#1866));
#1866 = PRODUCT_CONTEXT('',#2,'mechanical');
#1867 = PRODUCT_DEFINITION_CONTEXT('part definition',#2,'design');
#1868 = ADVANCED_BREP_SHAPE_REPRESENTATION('',(#11,#1869),#2311);
#1869 = MANIFOLD_SOLID_BREP('',#1870);
#1870 = CLOSED_SHELL('',(#1871,#2173,#2248,#2299,#2305));
#1871 = ADVANCED_FACE('',(#1872),#1909,.T.);
#1872 = FACE_BOUND('',#1873,.T.);
#1873 = EDGE_LOOP('',(#1874,#2029,#2065,#2139));
#1874 = ORIENTED_EDGE('',*,*,#1875,.T.);
#1875 = EDGE_CURVE('',#1876,#1878,#1880,.T.);
#1876 = VERTEX_POINT('',#1877);
#1877 = CARTESIAN_POINT('',(145.392341,0.,11.));
#1878 = VERTEX_POINT('',#1879);
#1879 = CARTESIAN_POINT('',(0.,145.392341,0.));
#1880 = SURFACE_CURVE('',#1881,(#1908,#1994),.PCURVE_S1.);
#1881 = B_SPLINE_CURVE_WITH_KNOTS('',3,(#1882,#1883,#1884,#1885,#1886,
    #1887,#1888,#1889,#1890,#1891,#1892,#1893,#1894,#1895,#1896,#1897,
    #1898,#1899,#1900,#1901,#1902,#1903,#1904,#1905,#1906,#1907),
  .UNSPECIFIED.,.F.,.F.,(4,1,1,1,1,1,1,1,1,1,1,1,1,1,1,1,1,1,1,1,1,1,1,4
    ),(0.,4.347826086957E-02,8.695652173913E-02,0.130434782609,
    0.173913043478,0.217391304348,0.260869565217,0.304347826087,
    0.347826086957,0.391304347826,0.434782608696,0.478260869565,
    0.521739130435,0.565217391304,0.608695652174,0.652173913043,
    0.695652173913,0.739130434783,0.782608695652,0.826086956522,
    0.869565217391,0.913043478261,0.95652173913,1.),
  .QUASI_UNIFORM_KNOTS.);
#1882 = CARTESIAN_POINT('',(145.392341,0.,11.));
#1883 = CARTESIAN_POINT('',(145.105442,9.129261,10.309304));
#1884 = CARTESIAN_POINT('',(144.245879,18.222492,9.621334));
#1885 = CARTESIAN_POINT('',(142.817043,27.243808,8.938806));
#1886 = CARTESIAN_POINT('',(140.824573,36.157605,8.264411));
#1887 = CARTESIAN_POINT('',(138.276333,44.928704,7.600813));
#1888 = CARTESIAN_POINT('',(135.18238,53.522491,6.95063));
#1889 = CARTESIAN_POINT('',(131.554923,61.905048,6.316428));
#1890 = CARTESIAN_POINT('',(127.40828,70.043294,5.70071));
#1891 = CARTESIAN_POINT('',(122.758814,77.905112,5.105905));
#1892 = CARTESIAN_POINT('',(117.624875,85.459474,4.534362));
#1893 = CARTESIAN_POINT('',(112.026724,92.676566,3.988336));
#1894 = CARTESIAN_POINT('',(105.986455,99.527906,3.469982));
#1895 = CARTESIAN_POINT('',(99.527906,105.986455,2.981345));
#1896 = CARTESIAN_POINT('',(92.676566,112.026724,2.524354));
#1897 = CARTESIAN_POINT('',(85.459474,117.624875,2.100813));
#1898 = CARTESIAN_POINT('',(77.905112,122.758814,1.712393));
#1899 = CARTESIAN_POINT('',(70.043294,127.40828,1.360627));
#1900 = CARTESIAN_POINT('',(61.905048,131.554923,1.046902));
#1901 = CARTESIAN_POINT('',(53.522491,135.18238,0.772459));
#1902 = CARTESIAN_POINT('',(44.928704,138.276333,0.538378));
#1903 = CARTESIAN_POINT('',(36.157605,140.824573,0.345585));
#1904 = CARTESIAN_POINT('',(27.243808,142.817043,0.19484));
#1905 = CARTESIAN_POINT('',(18.222492,144.245879,8.6738E-02));
#1906 = CARTESIAN_POINT('',(9.129261,145.105442,2.1706E-02));
#1907 = CARTESIAN_POINT('',(0.,145.392341,0.));
#1908 = PCURVE('',#1909,#1988);
#1909 = B_SPLINE_SURFACE_WITH_KNOTS('',3,2,(
    (#1910,#1911,#1912)
    ,(#1913,#1914,#1915)
    ,(#1916,#1917,#1918)
    ,(#1919,#1920,#1921)
    ,(#1922,#1923,#1924)
    ,(#1925,#1926,#1927)
    ,(#1928,#1929,#1930)
    ,(#1931,#1932,#1933)
    ,(#1934,#1935,#1936)
    ,(#1937,#1938,#1939)
    ,(#1940,#1941,#1942)
    ,(#1943,#1944,#1945)
    ,(#1946,#1947,#1948)
    ,(#1949,#1950,#1951)
    ,(#1952,#1953,#1954)
    ,(#1955,#1956,#1957)
    ,(#1958,#1959,#1960)
    ,(#1961,#1962,#1963)
    ,(#1964,#1965,#1966)
    ,(#1967,#1968,#1969)
    ,(#1970,#1971,#1972)
    ,(#1973,#1974,#1975)
    ,(#1976,#1977,#1978)
    ,(#1979,#1980,#1981)
    ,(#1982,#1983,#1984)
    ,(#1985,#1986,#1987
    )),.UNSPECIFIED.,.F.,.F.,.F.,(4,1,1,1,1,1,1,1,1,1,1,1,1,1,1,1,1,1,1,
    1,1,1,1,4),(3,3),(0.,4.347826086957E-02,8.695652173913E-02,
    0.130434782609,0.173913043478,0.217391304348,0.260869565217,
    0.304347826087,0.347826086957,0.391304347826,0.434782608696,
    0.478260869565,0.521739130435,0.565217391304,0.608695652174,
    0.652173913043,0.695652173913,0.739130434783,0.782608695652,
    0.826086956522,0.869565217391,0.913043478261,0.95652173913,1.),(0.,
    1.),.UNSPECIFIED.);
#1910 = CARTESIAN_POINT('',(145.392341,0.,11.));
#1911 = CARTESIAN_POINT('',(145.392341,0.,13.5));
#1912 = CARTESIAN_POINT('',(145.392341,0.,16.));
#1913 = CARTESIAN_POINT('',(145.105442,9.129261,10.309304));
#1914 = CARTESIAN_POINT('',(145.105442,9.129261,12.809304));
#1915 = CARTESIAN_POINT('',(145.105442,9.129261,15.309304));
#1916 = CARTESIAN_POINT('',(144.245879,18.222492,9.621334));
#1917 = CARTESIAN_POINT('',(144.245879,18.222492,12.121334));
#1918 = CARTESIAN_POINT('',(144.245879,18.222492,14.621334));
#1919 = CARTESIAN_POINT('',(142.817043,27.243808,8.938806));
#1920 = CARTESIAN_POINT('',(142.817043,27.243808,11.438806));
#1921 = CARTESIAN_POINT('',(142.817043,27.243808,13.938806));
#1922 = CARTESIAN_POINT('',(140.824573,36.157605,8.264411));
#1923 = CARTESIAN_POINT('',(140.824573,36.157605,10.764411));
#1924 = CARTESIAN_POINT('',(140.824573,36.157605,13.264411));
#1925 = CARTESIAN_POINT('',(138.276333,44.928704,7.600813));
#1926 = CARTESIAN_POINT('',(138.276333,44.928704,10.100813));
#1927 = CARTESIAN_POINT('',(138.276333,44.928704,12.600813));
#1928 = CARTESIAN_POINT('',(135.18238,53.522491,6.95063));
#1929 = CARTESIAN_POINT('',(135.18238,53.522491,9.45063));
#1930 = CARTESIAN_POINT('',(135.18238,53.522491,11.95063));
#1931 = CARTESIAN_POINT('',(131.554923,61.905048,6.316428));
#1932 = CARTESIAN_POINT('',(131.554923,61.905048,8.816428));
#1933 = CARTESIAN_POINT('',(131.554923,61.905048,11.316428));
#1934 = CARTESIAN_POINT('',(127.40828,70.043294,5.70071));
#1935 = CARTESIAN_POINT('',(127.40828,70.043294,8.20071));
#1936 = CARTESIAN_POINT('',(127.40828,70.043294,10.70071));
#1937 = CARTESIAN_POINT('',(122.758814,77.905112,5.105905));
#1938 = CARTESIAN_POINT('',(122.758814,77.905112,7.605905));
#1939 = CARTESIAN_POINT('',(122.758814,77.905112,10.105905));
#1940 = CARTESIAN_POINT('',(117.624875,85.459474,4.534362));
#1941 = CARTESIAN_POINT('',(117.624875,85.459474,7.034362));
#1942 = CARTESIAN_POINT('',(117.624875,85.459474,9.534362));
#1943 = CARTESIAN_POINT('',(112.026724,92.676566,3.988336));
#1944 = CARTESIAN_POINT('',(112.026724,92.676566,6.488336));
#1945 = CARTESIAN_POINT('',(112.026724,92.676566,8.988336));
#1946 = CARTESIAN_POINT('',(105.986455,99.527906,3.469982));
#1947 = CARTESIAN_POINT('',(105.986455,99.527906,5.969982));
#1948 = CARTESIAN_POINT('',(105.986455,99.527906,8.469982));
#1949 = CARTESIAN_POINT('',(99.527906,105.986455,2.981345));
#1950 = CARTESIAN_POINT('',(99.527906,105.986455,5.481345));
#1951 = CARTESIAN_POINT('',(99.527906,105.986455,7.981345));
#1952 = CARTESIAN_POINT('',(92.676566,112.026724,2.524354));
#1953 = CARTESIAN_POINT('',(92.676566,112.026724,5.024354));
#1954 = CARTESIAN_POINT('',(92.676566,112.026724,7.524354));
#1955 = CARTESIAN_POINT('',(85.459474,117.624875,2.100813));
#1956 = CARTESIAN_POINT('',(85.459474,117.624875,4.600813));
#1957 = CARTESIAN_POINT('',(85.459474,117.624875,7.100813));
#1958 = CARTESIAN_POINT('',(77.905112,122.758814,1.712393));
#1959 = CARTESIAN_POINT('',(77.905112,122.758814,4.212393));
#1960 = CARTESIAN_POINT('',(77.905112,122.758814,6.712393));
#1961 = CARTESIAN_POINT('',(70.043294,127.40828,1.360627));
#1962 = CARTESIAN_POINT('',(70.043294,127.40828,3.860627));
#1963 = CARTESIAN_POINT('',(70.043294,127.40828,6.360627));
#1964 = CARTESIAN_POINT('',(61.905048,131.554923,1.046902));
#1965 = CARTESIAN_POINT('',(61.905048,131.554923,3.546902));
#1966 = CARTESIAN_POINT('',(61.905048,131.554923,6.046902));
#1967 = CARTESIAN_POINT('',(53.522491,135.18238,0.772459));
#1968 = CARTESIAN_POINT('',(53.522491,135.18238,3.272459));
#1969 = CARTESIAN_POINT('',(53.522491,135.18238,5.772459));
#1970 = CARTESIAN_POINT('',(44.928704,138.276333,0.538378));
#1971 = CARTESIAN_POINT('',(44.928704,138.276333,3.038378));
#1972 = CARTESIAN_POINT('',(44.928704,138.276333,5.538378));
#1973 = CARTESIAN_POINT('',(36.157605,140.824573,0.345585));
#1974 = CARTESIAN_POINT('',(36.157605,140.824573,2.845585));
#1975 = CARTESIAN_POINT('',(36.157605,140.824573,5.345585));
#1976 = CARTESIAN_POINT('',(27.243808,142.817043,0.19484));
#1977 = CARTESIAN_POINT('',(27.243808,142.817043,2.69484));
#1978 = CARTESIAN_POINT('',(27.243808,142.817043,5.19484));
#1979 = CARTESIAN_POINT('',(18.222492,144.245879,8.6738E-02));
#1980 = CARTESIAN_POINT('',(18.222492,144.245879,2.586738));
#1981 = CARTESIAN_POINT('',(18.222492,144.245879,5.086738));
#1982 = CARTESIAN_POINT('',(9.129261,145.105442,2.1706E-02));
#1983 = CARTESIAN_POINT('',(9.129261,145.105442,2.521706));
#1984 = CARTESIAN_POINT('',(9.129261,145.105442,5.021706));
#1985 = CARTESIAN_POINT('',(0.,145.392341,0.));
#1986 = CARTESIAN_POINT('',(0.,145.392341,2.5));
#1987 = CARTESIAN_POINT('',(0.,145.392341,5.));
#1988 = DEFINITIONAL_REPRESENTATION('',(#1989),#1993);
#1989 = LINE('',#1990,#1991);
#1990 = CARTESIAN_POINT('',(0.,0.));
#1991 = VECTOR('',#1992,1.);
#1992 = DIRECTION('',(1.,0.));
#1993 = ( GEOMETRIC_REPRESENTATION_CONTEXT(2) 
PARAMETRIC_REPRESENTATION_CONTEXT() REPRESENTATION_CONTEXT('2D SPACE',''
  ) );
#1994 = PCURVE('',#1995,#2000);
#1995 = PLANE('',#1996);
#1996 = AXIS2_PLACEMENT_3D('',#1997,#1998,#1999);
#1997 = CARTESIAN_POINT('',(145.392341,0.,11.));
#1998 = DIRECTION('',(0.,7.544174777176E-02,0.997150210697));
#1999 = DIRECTION('',(-0.706097071961,0.706097071961,-5.34214370451E-02)
  );
#2000 = DEFINITIONAL_REPRESENTATION('',(#2001),#2028);
#2001 = B_SPLINE_CURVE_WITH_KNOTS('',3,(#2002,#2003,#2004,#2005,#2006,
    #2007,#2008,#2009,#2010,#2011,#2012,#2013,#2014,#2015,#2016,#2017,
    #2018,#2019,#2020,#2021,#2022,#2023,#2024,#2025,#2026,#2027),
  .UNSPECIFIED.,.F.,.F.,(4,1,1,1,1,1,1,1,1,1,1,1,1,1,1,1,1,1,1,1,1,1,1,4
    ),(0.,4.347826086957E-02,8.695652173913E-02,0.130434782609,
    0.173913043478,0.217391304348,0.260869565217,0.304347826087,
    0.347826086957,0.391304347826,0.434782608696,0.478260869565,
    0.521739130435,0.565217391304,0.608695652174,0.652173913043,
    0.695652173913,0.739130434783,0.782608695652,0.826086956522,
    0.869565217391,0.913043478261,0.95652173913,1.),
  .QUASI_UNIFORM_KNOTS.);
#2002 = CARTESIAN_POINT('',(0.,0.));
#2003 = CARTESIAN_POINT('',(6.685620977998,-6.261409629252));
#2004 = CARTESIAN_POINT('',(13.750012025274,-12.09179387237));
#2005 = CARTESIAN_POINT('',(21.165295380606,-17.46814318372));
#2006 = CARTESIAN_POINT('',(28.902205725368,-22.36923903988));
#2007 = CARTESIAN_POINT('',(36.930208208583,-26.77573914773));
#2008 = CARTESIAN_POINT('',(45.217620910628,-30.67025436879));
#2009 = CARTESIAN_POINT('',(53.731736612456,-34.0374122412));
#2010 = CARTESIAN_POINT('',(62.438953305098,-36.86392639275));
#2011 = CARTESIAN_POINT('',(71.304909641833,-39.13864122617));
#2012 = CARTESIAN_POINT('',(80.294614474487,-40.85257917877));
#2013 = CARTESIAN_POINT('',(89.372589526841,-41.99897566201));
#2014 = CARTESIAN_POINT('',(98.503008110186,-42.57330723017));
#2015 = CARTESIAN_POINT('',(107.64983687695,-42.57330724421));
#2016 = CARTESIAN_POINT('',(116.77697736065,-41.9989756738));
#2017 = CARTESIAN_POINT('',(125.84840908829,-40.85257916963));
#2018 = CARTESIAN_POINT('',(134.82833122713,-39.13864120122));
#2019 = CARTESIAN_POINT('',(143.68130407123,-36.86392638597));
#2020 = CARTESIAN_POINT('',(152.37238786383,-34.03741227641));
#2021 = CARTESIAN_POINT('',(160.86728472289,-30.67025435625));
#2022 = CARTESIAN_POINT('',(169.13246865814,-26.77573916195));
#2023 = CARTESIAN_POINT('',(177.13532006168,-22.36923904065));
#2024 = CARTESIAN_POINT('',(184.84425627094,-17.46814322086));
#2025 = CARTESIAN_POINT('',(192.22885296387,-12.09179386355));
#2026 = CARTESIAN_POINT('',(199.259965768,-6.261409616607));
#2027 = CARTESIAN_POINT('',(205.90984833883,0.));
#2028 = ( GEOMETRIC_REPRESENTATION_CONTEXT(2) 
PARAMETRIC_REPRESENTATION_CONTEXT() REPRESENTATION_CONTEXT('2D SPACE',''
  ) );
#2029 = ORIENTED_EDGE('',*,*,#2030,.T.);
#2030 = EDGE_CURVE('',#1878,#2031,#2033,.T.);
#2031 = VERTEX_POINT('',#2032);
#2032 = CARTESIAN_POINT('',(0.,145.392341,5.));
#2033 = SURFACE_CURVE('',#2034,(#2038,#2045),.PCURVE_S1.);
#2034 = B_SPLINE_CURVE_WITH_KNOTS('',2,(#2035,#2036,#2037),
  .UNSPECIFIED.,.F.,.F.,(3,3),(0.,1.),.PIECEWISE_BEZIER_KNOTS.);
#2035 = CARTESIAN_POINT('',(0.,145.392341,0.));
#2036 = CARTESIAN_POINT('',(0.,145.392341,2.5));
#2037 = CARTESIAN_POINT('',(0.,145.392341,5.));
#2038 = PCURVE('',#1909,#2039);
#2039 = DEFINITIONAL_REPRESENTATION('',(#2040),#2044);
#2040 = LINE('',#2041,#2042);
#2041 = CARTESIAN_POINT('',(1.,0.));
#2042 = VECTOR('',#2043,1.);
#2043 = DIRECTION('',(0.,1.));
#2044 = ( GEOMETRIC_REPRESENTATION_CONTEXT(2) 
PARAMETRIC_REPRESENTATION_CONTEXT() REPRESENTATION_CONTEXT('2D SPACE',''
  ) );
#2045 = PCURVE('',#2046,#2059);
#2046 = B_SPLINE_SURFACE_WITH_KNOTS('',3,2,(
    (#2047,#2048,#2049)
    ,(#2050,#2051,#2052)
    ,(#2053,#2054,#2055)
    ,(#2056,#2057,#2058
  )),.UNSPECIFIED.,.F.,.F.,.F.,(4,4),(3,3),(1.,2.),(0.,1.),
  .PIECEWISE_BEZIER_KNOTS.);
#2047 = CARTESIAN_POINT('',(0.,145.392341,0.));
#2048 = CARTESIAN_POINT('',(0.,145.392341,2.5));
#2049 = CARTESIAN_POINT('',(0.,145.392341,5.));
#2050 = CARTESIAN_POINT('',(0.,96.928227333333,3.666666666667));
#2051 = CARTESIAN_POINT('',(0.,96.928227333333,6.166666666667));
#2052 = CARTESIAN_POINT('',(0.,96.928227333333,8.666666666667));
#2053 = CARTESIAN_POINT('',(0.,48.464113666667,7.333333333333));
#2054 = CARTESIAN_POINT('',(0.,48.464113666667,9.833333333333));
#2055 = CARTESIAN_POINT('',(0.,48.464113666667,12.333333333333));
#2056 = CARTESIAN_POINT('',(0.,0.,11.));
#2057 = CARTESIAN_POINT('',(0.,0.,13.5));
#2058 = CARTESIAN_POINT('',(0.,0.,16.));
#2059 = DEFINITIONAL_REPRESENTATION('',(#2060),#2064);
#2060 = LINE('',#2061,#2062);
#2061 = CARTESIAN_POINT('',(1.,0.));
#2062 = VECTOR('',#2063,1.);
#2063 = DIRECTION('',(0.,1.));
#2064 = ( GEOMETRIC_REPRESENTATION_CONTEXT(2) 
PARAMETRIC_REPRESENTATION_CONTEXT() REPRESENTATION_CONTEXT('2D SPACE',''
  ) );
#2065 = ORIENTED_EDGE('',*,*,#2066,.F.);
#2066 = EDGE_CURVE('',#2067,#2031,#2069,.T.);
#2067 = VERTEX_POINT('',#2068);
#2068 = CARTESIAN_POINT('',(145.392341,0.,16.));
#2069 = SURFACE_CURVE('',#2070,(#2097,#2104),.PCURVE_S1.);
#2070 = B_SPLINE_CURVE_WITH_KNOTS('',3,(#2071,#2072,#2073,#2074,#2075,
    #2076,#2077,#2078,#2079,#2080,#2081,#2082,#2083,#2084,#2085,#2086,
    #2087,#2088,#2089,#2090,#2091,#2092,#2093,#2094,#2095,#2096),
  .UNSPECIFIED.,.F.,.F.,(4,1,1,1,1,1,1,1,1,1,1,1,1,1,1,1,1,1,1,1,1,1,1,4
    ),(0.,4.347826086957E-02,8.695652173913E-02,0.130434782609,
    0.173913043478,0.217391304348,0.260869565217,0.304347826087,
    0.347826086957,0.391304347826,0.434782608696,0.478260869565,
    0.521739130435,0.565217391304,0.608695652174,0.652173913043,
    0.695652173913,0.739130434783,0.782608695652,0.826086956522,
    0.869565217391,0.913043478261,0.95652173913,1.),
  .QUASI_UNIFORM_KNOTS.);
#2071 = CARTESIAN_POINT('',(145.392341,0.,16.));
#2072 = CARTESIAN_POINT('',(145.105442,9.129261,15.309304));
#2073 = CARTESIAN_POINT('',(144.245879,18.222492,14.621334));
#2074 = CARTESIAN_POINT('',(142.817043,27.243808,13.938806));
#2075 = CARTESIAN_POINT('',(140.824573,36.157605,13.264411));
#2076 = CARTESIAN_POINT('',(138.276333,44.928704,12.600813));
#2077 = CARTESIAN_POINT('',(135.18238,53.522491,11.95063));
#2078 = CARTESIAN_POINT('',(131.554923,61.905048,11.316428));
#2079 = CARTESIAN_POINT('',(127.40828,70.043294,10.70071));
#2080 = CARTESIAN_POINT('',(122.758814,77.905112,10.105905));
#2081 = CARTESIAN_POINT('',(117.624875,85.459474,9.534362));
#2082 = CARTESIAN_POINT('',(112.026724,92.676566,8.988336));
#2083 = CARTESIAN_POINT('',(105.986455,99.527906,8.469982));
#2084 = CARTESIAN_POINT('',(99.527906,105.986455,7.981345));
#2085 = CARTESIAN_POINT('',(92.676566,112.026724,7.524354));
#2086 = CARTESIAN_POINT('',(85.459474,117.624875,7.100813));
#2087 = CARTESIAN_POINT('',(77.905112,122.758814,6.712393));
#2088 = CARTESIAN_POINT('',(70.043294,127.40828,6.360627));
#2089 = CARTESIAN_POINT('',(61.905048,131.554923,6.046902));
#2090 = CARTESIAN_POINT('',(53.522491,135.18238,5.772459));
#2091 = CARTESIAN_POINT('',(44.928704,138.276333,5.538378));
#2092 = CARTESIAN_POINT('',(36.157605,140.824573,5.345585));
#2093 = CARTESIAN_POINT('',(27.243808,142.817043,5.19484));
#2094 = CARTESIAN_POINT('',(18.222492,144.245879,5.086738));
#2095 = CARTESIAN_POINT('',(9.129261,145.105442,5.021706));
#2096 = CARTESIAN_POINT('',(0.,145.392341,5.));
#2097 = PCURVE('',#1909,#2098);
#2098 = DEFINITIONAL_REPRESENTATION('',(#2099),#2103);
#2099 = LINE('',#2100,#2101);
#2100 = CARTESIAN_POINT('',(0.,1.));
#2101 = VECTOR('',#2102,1.);
#2102 = DIRECTION('',(1.,0.));
#2103 = ( GEOMETRIC_REPRESENTATION_CONTEXT(2) 
PARAMETRIC_REPRESENTATION_CONTEXT() REPRESENTATION_CONTEXT('2D SPACE',''
  ) );
#2104 = PCURVE('',#2105,#2110);
#2105 = PLANE('',#2106);
#2106 = AXIS2_PLACEMENT_3D('',#2107,#2108,#2109);
#2107 = CARTESIAN_POINT('',(145.392341,0.,16.));
#2108 = DIRECTION('',(0.,7.544174777176E-02,0.997150210697));
#2109 = DIRECTION('',(-0.706097071961,0.706097071961,-5.34214370451E-02)
  );
#2110 = DEFINITIONAL_REPRESENTATION('',(#2111),#2138);
#2111 = B_SPLINE_CURVE_WITH_KNOTS('',3,(#2112,#2113,#2114,#2115,#2116,
    #2117,#2118,#2119,#2120,#2121,#2122,#2123,#2124,#2125,#2126,#2127,
    #2128,#2129,#2130,#2131,#2132,#2133,#2134,#2135,#2136,#2137),
  .UNSPECIFIED.,.F.,.F.,(4,1,1,1,1,1,1,1,1,1,1,1,1,1,1,1,1,1,1,1,1,1,1,4
    ),(0.,4.347826086957E-02,8.695652173913E-02,0.130434782609,
    0.173913043478,0.217391304348,0.260869565217,0.304347826087,
    0.347826086957,0.391304347826,0.434782608696,0.478260869565,
    0.521739130435,0.565217391304,0.608695652174,0.652173913043,
    0.695652173913,0.739130434783,0.782608695652,0.826086956522,
    0.869565217391,0.913043478261,0.95652173913,1.),
  .QUASI_UNIFORM_KNOTS.);
#2112 = CARTESIAN_POINT('',(0.,0.));
#2113 = CARTESIAN_POINT('',(6.685620977998,-6.261409629252));
#2114 = CARTESIAN_POINT('',(13.750012025274,-12.09179387237));
#2115 = CARTESIAN_POINT('',(21.165295380606,-17.46814318372));
#2116 = CARTESIAN_POINT('',(28.902205725368,-22.36923903988));
#2117 = CARTESIAN_POINT('',(36.930208208583,-26.77573914773));
#2118 = CARTESIAN_POINT('',(45.217620910628,-30.67025436879));
#2119 = CARTESIAN_POINT('',(53.731736612456,-34.0374122412));
#2120 = CARTESIAN_POINT('',(62.438953305098,-36.86392639275));
#2121 = CARTESIAN_POINT('',(71.304909641833,-39.13864122617));
#2122 = CARTESIAN_POINT('',(80.294614474487,-40.85257917877));
#2123 = CARTESIAN_POINT('',(89.372589526841,-41.99897566201));
#2124 = CARTESIAN_POINT('',(98.503008110186,-42.57330723017));
#2125 = CARTESIAN_POINT('',(107.64983687695,-42.57330724421));
#2126 = CARTESIAN_POINT('',(116.77697736065,-41.9989756738));
#2127 = CARTESIAN_POINT('',(125.84840908829,-40.85257916963));
#2128 = CARTESIAN_POINT('',(134.82833122713,-39.13864120122));
#2129 = CARTESIAN_POINT('',(143.68130407123,-36.86392638597));
#2130 = CARTESIAN_POINT('',(152.37238786383,-34.03741227641));
#2131 = CARTESIAN_POINT('',(160.86728472289,-30.67025435625));
#2132 = CARTESIAN_POINT('',(169.13246865814,-26.77573916195));
#2133 = CARTESIAN_POINT('',(177.13532006168,-22.36923904065));
#2134 = CARTESIAN_POINT('',(184.84425627094,-17.46814322086));
#2135 = CARTESIAN_POINT('',(192.22885296387,-12.09179386355));
#2136 = CARTESIAN_POINT('',(199.259965768,-6.261409616607));
#2137 = CARTESIAN_POINT('',(205.90984833883,0.));
#2138 = ( GEOMETRIC_REPRESENTATION_CONTEXT(2) 
PARAMETRIC_REPRESENTATION_CONTEXT() REPRESENTATION_CONTEXT('2D SPACE',''
  ) );
#2139 = ORIENTED_EDGE('',*,*,#2140,.F.);
#2140 = EDGE_CURVE('',#1876,#2067,#2141,.T.);
#2141 = SURFACE_CURVE('',#2142,(#2146,#2153),.PCURVE_S1.);
#2142 = B_SPLINE_CURVE_WITH_KNOTS('',2,(#2143,#2144,#2145),
  .UNSPECIFIED.,.F.,.F.,(3,3),(0.,1.),.PIECEWISE_BEZIER_KNOTS.);
#2143 = CARTESIAN_POINT('',(145.392341,0.,11.));
#2144 = CARTESIAN_POINT('',(145.392341,0.,13.5));
#2145 = CARTESIAN_POINT('',(145.392341,0.,16.));
#2146 = PCURVE('',#1909,#2147);
#2147 = DEFINITIONAL_REPRESENTATION('',(#2148),#2152);
#2148 = LINE('',#2149,#2150);
#2149 = CARTESIAN_POINT('',(0.,0.));
#2150 = VECTOR('',#2151,1.);
#2151 = DIRECTION('',(0.,1.));
#2152 = ( GEOMETRIC_REPRESENTATION_CONTEXT(2) 
PARAMETRIC_REPRESENTATION_CONTEXT() REPRESENTATION_CONTEXT('2D SPACE',''
  ) );
#2153 = PCURVE('',#2154,#2167);
#2154 = B_SPLINE_SURFACE_WITH_KNOTS('',3,2,(
    (#2155,#2156,#2157)
    ,(#2158,#2159,#2160)
    ,(#2161,#2162,#2163)
    ,(#2164,#2165,#2166
  )),.UNSPECIFIED.,.F.,.F.,.F.,(4,4),(3,3),(2.,3.),(0.,1.),
  .PIECEWISE_BEZIER_KNOTS.);
#2155 = CARTESIAN_POINT('',(0.,0.,11.));
#2156 = CARTESIAN_POINT('',(0.,0.,13.5));
#2157 = CARTESIAN_POINT('',(0.,0.,16.));
#2158 = CARTESIAN_POINT('',(48.464113666667,0.,11.));
#2159 = CARTESIAN_POINT('',(48.464113666667,0.,13.5));
#2160 = CARTESIAN_POINT('',(48.464113666667,0.,16.));
#2161 = CARTESIAN_POINT('',(96.928227333333,0.,11.));
#2162 = CARTESIAN_POINT('',(96.928227333333,0.,13.5));
#2163 = CARTESIAN_POINT('',(96.928227333333,0.,16.));
#2164 = CARTESIAN_POINT('',(145.392341,0.,11.));
#2165 = CARTESIAN_POINT('',(145.392341,0.,13.5));
#2166 = CARTESIAN_POINT('',(145.392341,0.,16.));
#2167 = DEFINITIONAL_REPRESENTATION('',(#2168),#2172);
#2168 = LINE('',#2169,#2170);
#2169 = CARTESIAN_POINT('',(3.,0.));
#2170 = VECTOR('',#2171,1.);
#2171 = DIRECTION('',(0.,1.));
#2172 = ( GEOMETRIC_REPRESENTATION_CONTEXT(2) 
PARAMETRIC_REPRESENTATION_CONTEXT() REPRESENTATION_CONTEXT('2D SPACE',''
  ) );
#2173 = ADVANCED_FACE('',(#2174),#2046,.T.);
#2174 = FACE_BOUND('',#2175,.T.);
#2175 = EDGE_LOOP('',(#2176,#2201,#2224,#2247));
#2176 = ORIENTED_EDGE('',*,*,#2177,.T.);
#2177 = EDGE_CURVE('',#1878,#2178,#2180,.T.);
#2178 = VERTEX_POINT('',#2179);
#2179 = CARTESIAN_POINT('',(0.,0.,11.));
#2180 = SURFACE_CURVE('',#2181,(#2186,#2193),.PCURVE_S1.);
#2181 = B_SPLINE_CURVE_WITH_KNOTS('',3,(#2182,#2183,#2184,#2185),
  .UNSPECIFIED.,.F.,.F.,(4,4),(1.,2.),.PIECEWISE_BEZIER_KNOTS.);
#2182 = CARTESIAN_POINT('',(0.,145.392341,0.));
#2183 = CARTESIAN_POINT('',(0.,96.928227333333,3.666666666667));
#2184 = CARTESIAN_POINT('',(0.,48.464113666667,7.333333333333));
#2185 = CARTESIAN_POINT('',(0.,0.,11.));
#2186 = PCURVE('',#2046,#2187);
#2187 = DEFINITIONAL_REPRESENTATION('',(#2188),#2192);
#2188 = LINE('',#2189,#2190);
#2189 = CARTESIAN_POINT('',(0.,0.));
#2190 = VECTOR('',#2191,1.);
#2191 = DIRECTION('',(1.,0.));
#2192 = ( GEOMETRIC_REPRESENTATION_CONTEXT(2) 
PARAMETRIC_REPRESENTATION_CONTEXT() REPRESENTATION_CONTEXT('2D SPACE',''
  ) );
#2193 = PCURVE('',#1995,#2194);
#2194 = DEFINITIONAL_REPRESENTATION('',(#2195),#2200);
#2195 = B_SPLINE_CURVE_WITH_KNOTS('',3,(#2196,#2197,#2198,#2199),
  .UNSPECIFIED.,.F.,.F.,(4,4),(1.,2.),.PIECEWISE_BEZIER_KNOTS.);
#2196 = CARTESIAN_POINT('',(205.90984833883,0.));
#2197 = CARTESIAN_POINT('',(171.49360098111,34.318168304153));
#2198 = CARTESIAN_POINT('',(137.07735362338,68.636336608306));
#2199 = CARTESIAN_POINT('',(102.66110626566,102.95450491245));
#2200 = ( GEOMETRIC_REPRESENTATION_CONTEXT(2) 
PARAMETRIC_REPRESENTATION_CONTEXT() REPRESENTATION_CONTEXT('2D SPACE',''
  ) );
#2201 = ORIENTED_EDGE('',*,*,#2202,.T.);
#2202 = EDGE_CURVE('',#2178,#2203,#2205,.T.);
#2203 = VERTEX_POINT('',#2204);
#2204 = CARTESIAN_POINT('',(0.,0.,16.));
#2205 = SURFACE_CURVE('',#2206,(#2210,#2217),.PCURVE_S1.);
#2206 = B_SPLINE_CURVE_WITH_KNOTS('',2,(#2207,#2208,#2209),
  .UNSPECIFIED.,.F.,.F.,(3,3),(0.,1.),.PIECEWISE_BEZIER_KNOTS.);
#2207 = CARTESIAN_POINT('',(0.,0.,11.));
#2208 = CARTESIAN_POINT('',(0.,0.,13.5));
#2209 = CARTESIAN_POINT('',(0.,0.,16.));
#2210 = PCURVE('',#2046,#2211);
#2211 = DEFINITIONAL_REPRESENTATION('',(#2212),#2216);
#2212 = LINE('',#2213,#2214);
#2213 = CARTESIAN_POINT('',(2.,0.));
#2214 = VECTOR('',#2215,1.);
#2215 = DIRECTION('',(0.,1.));
#2216 = ( GEOMETRIC_REPRESENTATION_CONTEXT(2) 
PARAMETRIC_REPRESENTATION_CONTEXT() REPRESENTATION_CONTEXT('2D SPACE',''
  ) );
#2217 = PCURVE('',#2154,#2218);
#2218 = DEFINITIONAL_REPRESENTATION('',(#2219),#2223);
#2219 = LINE('',#2220,#2221);
#2220 = CARTESIAN_POINT('',(2.,0.));
#2221 = VECTOR('',#2222,1.);
#2222 = DIRECTION('',(0.,1.));
#2223 = ( GEOMETRIC_REPRESENTATION_CONTEXT(2) 
PARAMETRIC_REPRESENTATION_CONTEXT() REPRESENTATION_CONTEXT('2D SPACE',''
  ) );
#2224 = ORIENTED_EDGE('',*,*,#2225,.F.);
#2225 = EDGE_CURVE('',#2031,#2203,#2226,.T.);
#2226 = SURFACE_CURVE('',#2227,(#2232,#2239),.PCURVE_S1.);
#2227 = B_SPLINE_CURVE_WITH_KNOTS('',3,(#2228,#2229,#2230,#2231),
  .UNSPECIFIED.,.F.,.F.,(4,4),(1.,2.),.PIECEWISE_BEZIER_KNOTS.);
#2228 = CARTESIAN_POINT('',(0.,145.392341,5.));
#2229 = CARTESIAN_POINT('',(0.,96.928227333333,8.666666666667));
#2230 = CARTESIAN_POINT('',(0.,48.464113666667,12.333333333333));
#2231 = CARTESIAN_POINT('',(0.,0.,16.));
#2232 = PCURVE('',#2046,#2233);
#2233 = DEFINITIONAL_REPRESENTATION('',(#2234),#2238);
#2234 = LINE('',#2235,#2236);
#2235 = CARTESIAN_POINT('',(0.,1.));
#2236 = VECTOR('',#2237,1.);
#2237 = DIRECTION('',(1.,0.));
#2238 = ( GEOMETRIC_REPRESENTATION_CONTEXT(2) 
PARAMETRIC_REPRESENTATION_CONTEXT() REPRESENTATION_CONTEXT('2D SPACE',''
  ) );
#2239 = PCURVE('',#2105,#2240);
#2240 = DEFINITIONAL_REPRESENTATION('',(#2241),#2246);
#2241 = B_SPLINE_CURVE_WITH_KNOTS('',3,(#2242,#2243,#2244,#2245),
  .UNSPECIFIED.,.F.,.F.,(4,4),(1.,2.),.PIECEWISE_BEZIER_KNOTS.);
#2242 = CARTESIAN_POINT('',(205.90984833883,0.));
#2243 = CARTESIAN_POINT('',(171.49360098111,34.318168304153));
#2244 = CARTESIAN_POINT('',(137.07735362338,68.636336608306));
#2245 = CARTESIAN_POINT('',(102.66110626566,102.95450491245));
#2246 = ( GEOMETRIC_REPRESENTATION_CONTEXT(2) 
PARAMETRIC_REPRESENTATION_CONTEXT() REPRESENTATION_CONTEXT('2D SPACE',''
  ) );
#2247 = ORIENTED_EDGE('',*,*,#2030,.F.);
#2248 = ADVANCED_FACE('',(#2249),#2154,.T.);
#2249 = FACE_BOUND('',#2250,.T.);
#2250 = EDGE_LOOP('',(#2251,#2274,#2275,#2298));
#2251 = ORIENTED_EDGE('',*,*,#2252,.T.);
#2252 = EDGE_CURVE('',#2178,#1876,#2253,.T.);
#2253 = SURFACE_CURVE('',#2254,(#2259,#2266),.PCURVE_S1.);
#2254 = B_SPLINE_CURVE_WITH_KNOTS('',3,(#2255,#2256,#2257,#2258),
  .UNSPECIFIED.,.F.,.F.,(4,4),(2.,3.),.PIECEWISE_BEZIER_KNOTS.);
#2255 = CARTESIAN_POINT('',(0.,0.,11.));
#2256 = CARTESIAN_POINT('',(48.464113666667,0.,11.));
#2257 = CARTESIAN_POINT('',(96.928227333333,0.,11.));
#2258 = CARTESIAN_POINT('',(145.392341,0.,11.));
#2259 = PCURVE('',#2154,#2260);
#2260 = DEFINITIONAL_REPRESENTATION('',(#2261),#2265);
#2261 = LINE('',#2262,#2263);
#2262 = CARTESIAN_POINT('',(0.,0.));
#2263 = VECTOR('',#2264,1.);
#2264 = DIRECTION('',(1.,0.));
#2265 = ( GEOMETRIC_REPRESENTATION_CONTEXT(2) 
PARAMETRIC_REPRESENTATION_CONTEXT() REPRESENTATION_CONTEXT('2D SPACE',''
  ) );
#2266 = PCURVE('',#1995,#2267);
#2267 = DEFINITIONAL_REPRESENTATION('',(#2268),#2273);
#2268 = B_SPLINE_CURVE_WITH_KNOTS('',3,(#2269,#2270,#2271,#2272),
  .UNSPECIFIED.,.F.,.F.,(4,4),(2.,3.),.PIECEWISE_BEZIER_KNOTS.);
#2269 = CARTESIAN_POINT('',(102.66110626566,102.95450491245));
#2270 = CARTESIAN_POINT('',(68.440737510445,68.636336608306));
#2271 = CARTESIAN_POINT('',(34.220368755223,34.318168304153));
#2272 = CARTESIAN_POINT('',(0.,0.));
#2273 = ( GEOMETRIC_REPRESENTATION_CONTEXT(2) 
PARAMETRIC_REPRESENTATION_CONTEXT() REPRESENTATION_CONTEXT('2D SPACE',''
  ) );
#2274 = ORIENTED_EDGE('',*,*,#2140,.T.);
#2275 = ORIENTED_EDGE('',*,*,#2276,.F.);
#2276 = EDGE_CURVE('',#2203,#2067,#2277,.T.);
#2277 = SURFACE_CURVE('',#2278,(#2283,#2290),.PCURVE_S1.);
#2278 = B_SPLINE_CURVE_WITH_KNOTS('',3,(#2279,#2280,#2281,#2282),
  .UNSPECIFIED.,.F.,.F.,(4,4),(2.,3.),.PIECEWISE_BEZIER_KNOTS.);
#2279 = CARTESIAN_POINT('',(0.,0.,16.));
#2280 = CARTESIAN_POINT('',(48.464113666667,0.,16.));
#2281 = CARTESIAN_POINT('',(96.928227333333,0.,16.));
#2282 = CARTESIAN_POINT('',(145.392341,0.,16.));
#2283 = PCURVE('',#2154,#2284);
#2284 = DEFINITIONAL_REPRESENTATION('',(#2285),#2289);
#2285 = LINE('',#2286,#2287);
#2286 = CARTESIAN_POINT('',(0.,1.));
#2287 = VECTOR('',#2288,1.);
#2288 = DIRECTION('',(1.,0.));
#2289 = ( GEOMETRIC_REPRESENTATION_CONTEXT(2) 
PARAMETRIC_REPRESENTATION_CONTEXT() REPRESENTATION_CONTEXT('2D SPACE',''
  ) );
#2290 = PCURVE('',#2105,#2291);
#2291 = DEFINITIONAL_REPRESENTATION('',(#2292),#2297);
#2292 = B_SPLINE_CURVE_WITH_KNOTS('',3,(#2293,#2294,#2295,#2296),
  .UNSPECIFIED.,.F.,.F.,(4,4),(2.,3.),.PIECEWISE_BEZIER_KNOTS.);
#2293 = CARTESIAN_POINT('',(102.66110626566,102.95450491245));
#2294 = CARTESIAN_POINT('',(68.440737510445,68.636336608306));
#2295 = CARTESIAN_POINT('',(34.220368755223,34.318168304153));
#2296 = CARTESIAN_POINT('',(0.,0.));
#2297 = ( GEOMETRIC_REPRESENTATION_CONTEXT(2) 
PARAMETRIC_REPRESENTATION_CONTEXT() REPRESENTATION_CONTEXT('2D SPACE',''
  ) );
#2298 = ORIENTED_EDGE('',*,*,#2202,.F.);
#2299 = ADVANCED_FACE('',(#2300),#1995,.F.);
#2300 = FACE_BOUND('',#2301,.T.);
#2301 = EDGE_LOOP('',(#2302,#2303,#2304));
#2302 = ORIENTED_EDGE('',*,*,#1875,.F.);
#2303 = ORIENTED_EDGE('',*,*,#2252,.F.);
#2304 = ORIENTED_EDGE('',*,*,#2177,.F.);
#2305 = ADVANCED_FACE('',(#2306),#2105,.T.);
#2306 = FACE_BOUND('',#2307,.T.);
#2307 = EDGE_LOOP('',(#2308,#2309,#2310));
#2308 = ORIENTED_EDGE('',*,*,#2066,.T.);
#2309 = ORIENTED_EDGE('',*,*,#2225,.T.);
#2310 = ORIENTED_EDGE('',*,*,#2276,.T.);
#2311 = ( GEOMETRIC_REPRESENTATION_CONTEXT(3) 
GLOBAL_UNCERTAINTY_ASSIGNED_CONTEXT((#2315)) 
GLOBAL_UNIT_ASSIGNED_CONTEXT((#2312,#2313,#2314)) REPRESENTATION_CONTEXT
('Context #1','3D Context with UNIT and UNCERTAINTY') );
#2312 = ( LENGTH_UNIT() NAMED_UNIT(*) SI_UNIT(.MILLI.,.METRE.) );
#2313 = ( NAMED_UNIT(*) PLANE_ANGLE_UNIT() SI_UNIT($,.RADIAN.) );
#2314 = ( NAMED_UNIT(*) SI_UNIT($,.STERADIAN.) SOLID_ANGLE_UNIT() );
#2315 = UNCERTAINTY_MEASURE_WITH_UNIT(LENGTH_MEASURE(2.E-07),#2312,
  'distance_accuracy_value','confusion accuracy');
#2316 = CONTEXT_DEPENDENT_SHAPE_REPRESENTATION(#2317,#2319);
#2317 = ( REPRESENTATION_RELATIONSHIP('','',#1868,#10) 
REPRESENTATION_RELATIONSHIP_WITH_TRANSFORMATION(#2318) 
SHAPE_REPRESENTATION_RELATIONSHIP() );
#2318 = ITEM_DEFINED_TRANSFORMATION('','',#11,#19);
#2319 = PRODUCT_DEFINITION_SHAPE('Placement','Placement of an item',
  #2320);
#2320 = NEXT_ASSEMBLY_USAGE_OCCURRENCE('2','','',#5,#1863,$);
#2321 = PRODUCT_RELATED_PRODUCT_CATEGORY('part',$,(#1865));
#2322 = SHAPE_DEFINITION_REPRESENTATION(#2323,#2329);
#2323 = PRODUCT_DEFINITION_SHAPE('','',#2324);
#2324 = PRODUCT_DEFINITION('design','',#2325,#2328);
#2325 = PRODUCT_DEFINITION_FORMATION('','',#2326);
#2326 = PRODUCT('Open CASCADE STEP translator 7.8 1.3',
  'Open CASCADE STEP translator 7.8 1.3','',(#2327));
#2327 = PRODUCT_CONTEXT('',#2,'mechanical');
#2328 = PRODUCT_DEFINITION_CONTEXT('part definition',#2,'design');
#2329 = MANIFOLD_SURFACE_SHAPE_REPRESENTATION('',(#11,#2330),#2434);
#2330 = SHELL_BASED_SURFACE_MODEL('',(#2331));
#2331 = OPEN_SHELL('',(#2332));
#2332 = ADVANCED_FACE('',(#2333),#2370,.T.);
#2333 = FACE_BOUND('',#2334,.T.);
#2334 = EDGE_LOOP('',(#2335,#2404,#2420));
#2335 = ORIENTED_EDGE('',*,*,#2336,.T.);
#2336 = EDGE_CURVE('',#2337,#2339,#2341,.T.);
#2337 = VERTEX_POINT('',#2338);
#2338 = CARTESIAN_POINT('',(12.7,0.,-170.));
#2339 = VERTEX_POINT('',#2340);
#2340 = CARTESIAN_POINT('',(0.,12.7,-170.));
#2341 = SURFACE_CURVE('',#2342,(#2369),.PCURVE_S1.);
#2342 = B_SPLINE_CURVE_WITH_KNOTS('',3,(#2343,#2344,#2345,#2346,#2347,
    #2348,#2349,#2350,#2351,#2352,#2353,#2354,#2355,#2356,#2357,#2358,
    #2359,#2360,#2361,#2362,#2363,#2364,#2365,#2366,#2367,#2368),
  .UNSPECIFIED.,.F.,.F.,(4,1,1,1,1,1,1,1,1,1,1,1,1,1,1,1,1,1,1,1,1,1,1,4
    ),(0.,1.,2.,3.,4.,5.,6.,7.,8.,9.,10.,11.,12.,13.,14.,15.,16.,17.,18.
    ,19.,20.,21.,22.,23.),.QUASI_UNIFORM_KNOTS.);
#2343 = CARTESIAN_POINT('',(12.7,0.,-170.));
#2344 = CARTESIAN_POINT('',(12.674939,0.79744,-170.));
#2345 = CARTESIAN_POINT('',(12.599857,1.591732,-170.));
#2346 = CARTESIAN_POINT('',(12.475048,2.379743,-170.));
#2347 = CARTESIAN_POINT('',(12.301006,3.158362,-170.));
#2348 = CARTESIAN_POINT('',(12.078418,3.924516,-170.));
#2349 = CARTESIAN_POINT('',(11.808161,4.675182,-170.));
#2350 = CARTESIAN_POINT('',(11.491304,5.407397,-170.));
#2351 = CARTESIAN_POINT('',(11.129095,6.118272,-170.));
#2352 = CARTESIAN_POINT('',(10.722965,6.805,-170.));
#2353 = CARTESIAN_POINT('',(10.274516,7.464873,-170.));
#2354 = CARTESIAN_POINT('',(9.785518,8.095285,-170.));
#2355 = CARTESIAN_POINT('',(9.257902,8.693748,-170.));
#2356 = CARTESIAN_POINT('',(8.693748,9.257902,-170.));
#2357 = CARTESIAN_POINT('',(8.095285,9.785518,-170.));
#2358 = CARTESIAN_POINT('',(7.464873,10.274516,-170.));
#2359 = CARTESIAN_POINT('',(6.805,10.722965,-170.));
#2360 = CARTESIAN_POINT('',(6.118272,11.129095,-170.));
#2361 = CARTESIAN_POINT('',(5.407397,11.491304,-170.));
#2362 = CARTESIAN_POINT('',(4.675182,11.808161,-170.));
#2363 = CARTESIAN_POINT('',(3.924516,12.078418,-170.));
#2364 = CARTESIAN_POINT('',(3.158362,12.301006,-170.));
#2365 = CARTESIAN_POINT('',(2.379743,12.475048,-170.));
#2366 = CARTESIAN_POINT('',(1.591732,12.599857,-170.));
#2367 = CARTESIAN_POINT('',(0.79744,12.674939,-170.));
#2368 = CARTESIAN_POINT('',(0.,12.7,-170.));
#2369 = PCURVE('',#2370,#2375);
#2370 = PLANE('',#2371);
#2371 = AXIS2_PLACEMENT_3D('',#2372,#2373,#2374);
#2372 = CARTESIAN_POINT('',(5.331576419453,5.331576419453,-170.));
#2373 = DIRECTION('',(0.,0.,1.));
#2374 = DIRECTION('',(1.,0.,-0.));
#2375 = DEFINITIONAL_REPRESENTATION('',(#2376),#2403);
#2376 = B_SPLINE_CURVE_WITH_KNOTS('',3,(#2377,#2378,#2379,#2380,#2381,
    #2382,#2383,#2384,#2385,#2386,#2387,#2388,#2389,#2390,#2391,#2392,
    #2393,#2394,#2395,#2396,#2397,#2398,#2399,#2400,#2401,#2402),
  .UNSPECIFIED.,.F.,.F.,(4,1,1,1,1,1,1,1,1,1,1,1,1,1,1,1,1,1,1,1,1,1,1,4
    ),(0.,1.,2.,3.,4.,5.,6.,7.,8.,9.,10.,11.,12.,13.,14.,15.,16.,17.,18.
    ,19.,20.,21.,22.,23.),.QUASI_UNIFORM_KNOTS.);
#2377 = CARTESIAN_POINT('',(7.368423580547,-5.331576419453));
#2378 = CARTESIAN_POINT('',(7.343362580547,-4.534136419453));
#2379 = CARTESIAN_POINT('',(7.268280580547,-3.739844419453));
#2380 = CARTESIAN_POINT('',(7.143471580547,-2.951833419453));
#2381 = CARTESIAN_POINT('',(6.969429580547,-2.173214419453));
#2382 = CARTESIAN_POINT('',(6.746841580547,-1.407060419453));
#2383 = CARTESIAN_POINT('',(6.476584580547,-0.656394419453));
#2384 = CARTESIAN_POINT('',(6.159727580547,7.58205805468E-02));
#2385 = CARTESIAN_POINT('',(5.797518580547,0.786695580547));
#2386 = CARTESIAN_POINT('',(5.391388580547,1.473423580547));
#2387 = CARTESIAN_POINT('',(4.942939580547,2.133296580547));
#2388 = CARTESIAN_POINT('',(4.453941580547,2.763708580547));
#2389 = CARTESIAN_POINT('',(3.926325580547,3.362171580547));
#2390 = CARTESIAN_POINT('',(3.362171580547,3.926325580547));
#2391 = CARTESIAN_POINT('',(2.763708580547,4.453941580547));
#2392 = CARTESIAN_POINT('',(2.133296580547,4.942939580547));
#2393 = CARTESIAN_POINT('',(1.473423580547,5.391388580547));
#2394 = CARTESIAN_POINT('',(0.786695580547,5.797518580547));
#2395 = CARTESIAN_POINT('',(7.58205805468E-02,6.159727580547));
#2396 = CARTESIAN_POINT('',(-0.656394419453,6.476584580547));
#2397 = CARTESIAN_POINT('',(-1.407060419453,6.746841580547));
#2398 = CARTESIAN_POINT('',(-2.173214419453,6.969429580547));
#2399 = CARTESIAN_POINT('',(-2.951833419453,7.143471580547));
#2400 = CARTESIAN_POINT('',(-3.739844419453,7.268280580547));
#2401 = CARTESIAN_POINT('',(-4.534136419453,7.343362580547));
#2402 = CARTESIAN_POINT('',(-5.331576419453,7.368423580547));
#2403 = ( GEOMETRIC_REPRESENTATION_CONTEXT(2) 
PARAMETRIC_REPRESENTATION_CONTEXT() REPRESENTATION_CONTEXT('2D SPACE',''
  ) );
#2404 = ORIENTED_EDGE('',*,*,#2405,.T.);
#2405 = EDGE_CURVE('',#2339,#2406,#2408,.T.);
#2406 = VERTEX_POINT('',#2407);
#2407 = CARTESIAN_POINT('',(0.,0.,-170.));
#2408 = SURFACE_CURVE('',#2409,(#2413),.PCURVE_S1.);
#2409 = LINE('',#2410,#2411);
#2410 = CARTESIAN_POINT('',(0.,12.7,-170.));
#2411 = VECTOR('',#2412,1.);
#2412 = DIRECTION('',(0.,-1.,0.));
#2413 = PCURVE('',#2370,#2414);
#2414 = DEFINITIONAL_REPRESENTATION('',(#2415),#2419);
#2415 = LINE('',#2416,#2417);
#2416 = CARTESIAN_POINT('',(-5.331576419453,7.368423580547));
#2417 = VECTOR('',#2418,1.);
#2418 = DIRECTION('',(0.,-1.));
#2419 = ( GEOMETRIC_REPRESENTATION_CONTEXT(2) 
PARAMETRIC_REPRESENTATION_CONTEXT() REPRESENTATION_CONTEXT('2D SPACE',''
  ) );
#2420 = ORIENTED_EDGE('',*,*,#2421,.T.);
#2421 = EDGE_CURVE('',#2406,#2337,#2422,.T.);
#2422 = SURFACE_CURVE('',#2423,(#2427),.PCURVE_S1.);
#2423 = LINE('',#2424,#2425);
#2424 = CARTESIAN_POINT('',(0.,0.,-170.));
#2425 = VECTOR('',#2426,1.);
#2426 = DIRECTION('',(1.,0.,0.));
#2427 = PCURVE('',#2370,#2428);
#2428 = DEFINITIONAL_REPRESENTATION('',(#2429),#2433);
#2429 = LINE('',#2430,#2431);
#2430 = CARTESIAN_POINT('',(-5.331576419453,-5.331576419453));
#2431 = VECTOR('',#2432,1.);
#2432 = DIRECTION('',(1.,0.));
#2433 = ( GEOMETRIC_REPRESENTATION_CONTEXT(2) 
PARAMETRIC_REPRESENTATION_CONTEXT() REPRESENTATION_CONTEXT('2D SPACE',''
  ) );
#2434 = ( GEOMETRIC_REPRESENTATION_CONTEXT(3) 
GLOBAL_UNCERTAINTY_ASSIGNED_CONTEXT((#2438)) 
GLOBAL_UNIT_ASSIGNED_CONTEXT((#2435,#2436,#2437)) REPRESENTATION_CONTEXT
('Context #1','3D Context with UNIT and UNCERTAINTY') );
#2435 = ( LENGTH_UNIT() NAMED_UNIT(*) SI_UNIT(.MILLI.,.METRE.) );
#2436 = ( NAMED_UNIT(*) PLANE_ANGLE_UNIT() SI_UNIT($,.RADIAN.) );
#2437 = ( NAMED_UNIT(*) SI_UNIT($,.STERADIAN.) SOLID_ANGLE_UNIT() );
#2438 = UNCERTAINTY_MEASURE_WITH_UNIT(LENGTH_MEASURE(1.E-07),#2435,
  'distance_accuracy_value','confusion accuracy');
#2439 = CONTEXT_DEPENDENT_SHAPE_REPRESENTATION(#2440,#2442);
#2440 = ( REPRESENTATION_RELATIONSHIP('','',#2329,#10) 
REPRESENTATION_RELATIONSHIP_WITH_TRANSFORMATION(#2441) 
SHAPE_REPRESENTATION_RELATIONSHIP() );
#2441 = ITEM_DEFINED_TRANSFORMATION('','',#11,#23);
#2442 = PRODUCT_DEFINITION_SHAPE('Placement','Placement of an item',
  #2443);
#2443 = NEXT_ASSEMBLY_USAGE_OCCURRENCE('3','','',#5,#2324,$);
#2444 = PRODUCT_RELATED_PRODUCT_CATEGORY('part',$,(#2326));
#2445 = SHAPE_DEFINITION_REPRESENTATION(#2446,#2452);
#2446 = PRODUCT_DEFINITION_SHAPE('','',#2447);
#2447 = PRODUCT_DEFINITION('design','',#2448,#2451);
#2448 = PRODUCT_DEFINITION_FORMATION('','',#2449);
#2449 = PRODUCT('Open CASCADE STEP translator 7.8 1.4',
  'Open CASCADE STEP translator 7.8 1.4','',(#2450));
#2450 = PRODUCT_CONTEXT('',#2,'mechanical');
#2451 = PRODUCT_DEFINITION_CONTEXT('part definition',#2,'design');
#2452 = MANIFOLD_SURFACE_SHAPE_REPRESENTATION('',(#11,#2453),#2747);
#2453 = SHELL_BASED_SURFACE_MODEL('',(#2454));
#2454 = OPEN_SHELL('',(#2455));
#2455 = ADVANCED_FACE('',(#2456),#2493,.T.);
#2456 = FACE_BOUND('',#2457,.T.);
#2457 = EDGE_LOOP('',(#2458,#2673,#2711));
#2458 = ORIENTED_EDGE('',*,*,#2459,.T.);
#2459 = EDGE_CURVE('',#2460,#2462,#2464,.T.);
#2460 = VERTEX_POINT('',#2461);
#2461 = CARTESIAN_POINT('',(145.392341,0.,16.));
#2462 = VERTEX_POINT('',#2463);
#2463 = CARTESIAN_POINT('',(0.,145.392341,5.));
#2464 = SURFACE_CURVE('',#2465,(#2492),.PCURVE_S1.);
#2465 = B_SPLINE_CURVE_WITH_KNOTS('',3,(#2466,#2467,#2468,#2469,#2470,
    #2471,#2472,#2473,#2474,#2475,#2476,#2477,#2478,#2479,#2480,#2481,
    #2482,#2483,#2484,#2485,#2486,#2487,#2488,#2489,#2490,#2491),
  .UNSPECIFIED.,.F.,.F.,(4,1,1,1,1,1,1,1,1,1,1,1,1,1,1,1,1,1,1,1,1,1,1,4
    ),(0.,1.,2.,3.,4.,5.,6.,7.,8.,9.,10.,11.,12.,13.,14.,15.,16.,17.,18.
    ,19.,20.,21.,22.,23.),.QUASI_UNIFORM_KNOTS.);
#2466 = CARTESIAN_POINT('',(145.392341,0.,16.));
#2467 = CARTESIAN_POINT('',(145.105442,9.129261,15.309304));
#2468 = CARTESIAN_POINT('',(144.245879,18.222492,14.621334));
#2469 = CARTESIAN_POINT('',(142.817043,27.243808,13.938806));
#2470 = CARTESIAN_POINT('',(140.824573,36.157605,13.264411));
#2471 = CARTESIAN_POINT('',(138.276333,44.928704,12.600813));
#2472 = CARTESIAN_POINT('',(135.18238,53.522491,11.95063));
#2473 = CARTESIAN_POINT('',(131.554923,61.905048,11.316428));
#2474 = CARTESIAN_POINT('',(127.40828,70.043294,10.70071));
#2475 = CARTESIAN_POINT('',(122.758814,77.905112,10.105905));
#2476 = CARTESIAN_POINT('',(117.624875,85.459474,9.534362));
#2477 = CARTESIAN_POINT('',(112.026724,92.676566,8.988336));
#2478 = CARTESIAN_POINT('',(105.986455,99.527906,8.469982));
#2479 = CARTESIAN_POINT('',(99.527906,105.986455,7.981345));
#2480 = CARTESIAN_POINT('',(92.676566,112.026724,7.524354));
#2481 = CARTESIAN_POINT('',(85.459474,117.624875,7.100813));
#2482 = CARTESIAN_POINT('',(77.905112,122.758814,6.712393));
#2483 = CARTESIAN_POINT('',(70.043294,127.40828,6.360627));
#2484 = CARTESIAN_POINT('',(61.905048,131.554923,6.046902));
#2485 = CARTESIAN_POINT('',(53.522491,135.18238,5.772459));
#2486 = CARTESIAN_POINT('',(44.928704,138.276333,5.538378));
#2487 = CARTESIAN_POINT('',(36.157605,140.824573,5.345585));
#2488 = CARTESIAN_POINT('',(27.243808,142.817043,5.19484));
#2489 = CARTESIAN_POINT('',(18.222492,144.245879,5.086738));
#2490 = CARTESIAN_POINT('',(9.129261,145.105442,5.021706));
#2491 = CARTESIAN_POINT('',(0.,145.392341,5.));
#2492 = PCURVE('',#2493,#2557);
#2493 = B_SPLINE_SURFACE_WITH_KNOTS('',6,8,(
    (#2494,#2495,#2496,#2497,#2498,#2499,#2500,#2501,#2502)
    ,(#2503,#2504,#2505,#2506,#2507,#2508,#2509,#2510,#2511)
    ,(#2512,#2513,#2514,#2515,#2516,#2517,#2518,#2519,#2520)
    ,(#2521,#2522,#2523,#2524,#2525,#2526,#2527,#2528,#2529)
    ,(#2530,#2531,#2532,#2533,#2534,#2535,#2536,#2537,#2538)
    ,(#2539,#2540,#2541,#2542,#2543,#2544,#2545,#2546,#2547)
    ,(#2548,#2549,#2550,#2551,#2552,#2553,#2554,#2555,#2556
  )),.UNSPECIFIED.,.F.,.F.,.F.,(7,7),(9,9),(-113.4421893856,
    113.0565135357),(-86.43107943615,73.620158566034),
  .PIECEWISE_BEZIER_KNOTS.);
#2494 = CARTESIAN_POINT('',(-85.73720996805,75.339401575018,
    10.300020210943));
#2495 = CARTESIAN_POINT('',(-71.5092395813,89.36420826556,9.238940431843
    ));
#2496 = CARTESIAN_POINT('',(-57.28127152968,103.38901536843,
    8.177860666493));
#2497 = CARTESIAN_POINT('',(-43.05330233963,117.41382232675,
    7.116780888541));
#2498 = CARTESIAN_POINT('',(-28.82533024443,131.43862883664,
    6.055701085947));
#2499 = CARTESIAN_POINT('',(-14.59735518429,145.46343484738,
    4.994621260985));
#2500 = CARTESIAN_POINT('',(-0.369378806257,159.48824056121,
    3.93354143024));
#2501 = CARTESIAN_POINT('',(13.858595535737,173.51304643352,
    2.87246162461));
#2502 = CARTESIAN_POINT('',(28.086562780878,187.53785317269,
    1.811381889305));
#2503 = CARTESIAN_POINT('',(-59.19838163972,48.569365563437,
    12.325370307892));
#2504 = CARTESIAN_POINT('',(-44.97041112596,62.594172249281,
    11.264290524865));
#2505 = CARTESIAN_POINT('',(-30.74241774426,76.618977803814,
    10.20321063714));
#2506 = CARTESIAN_POINT('',(-16.51457771379,90.643791873424,
    9.142131528089));
#2507 = CARTESIAN_POINT('',(-2.286305821029,104.66858395419,
    8.081049994108));
#2508 = CARTESIAN_POINT('',(11.941276974688,118.69340561084,
    7.019972668156));
#2509 = CARTESIAN_POINT('',(26.169540731584,132.71820391914,
    5.958890669348));
#2510 = CARTESIAN_POINT('',(40.397423968771,146.74300869948,
    4.897811783188));
#2511 = CARTESIAN_POINT('',(54.625388483106,160.76781650321,
    3.836732053323));
#2512 = CARTESIAN_POINT('',(-32.65955389906,21.799329545539,
    14.350720414213));
#2513 = CARTESIAN_POINT('',(-18.43158338351,35.824136306412,
    13.289640618151));
#2514 = CARTESIAN_POINT('',(-4.203823682107,49.848837398796,
    12.228569821661));
#2515 = CARTESIAN_POINT('',(10.025210344046,63.874175441054,
    11.167444021807));
#2516 = CARTESIAN_POINT('',(24.250807275798,77.897782807923,
    10.106467138214));
#2517 = CARTESIAN_POINT('',(38.481751025548,91.924103759993,
    9.045257775853));
#2518 = CARTESIAN_POINT('',(52.70776403239,105.94786606635,
    7.984263115094));
#2519 = CARTESIAN_POINT('',(66.936226030996,119.97296722789,
    6.923163139561));
#2520 = CARTESIAN_POINT('',(81.164212942566,133.99778152324,
    5.862082125412));
#2521 = CARTESIAN_POINT('',(-6.12072661232,-4.97070662762,
    16.376070551952));
#2522 = CARTESIAN_POINT('',(8.107243830017,9.054100235361,15.31499074078
    ));
#2523 = CARTESIAN_POINT('',(22.335445884036,23.079132158615,
    14.253893097753));
#2524 = CARTESIAN_POINT('',(36.562243314128,37.102793419835,
    13.192905746753));
#2525 = CARTESIAN_POINT('',(50.792825067802,51.130176653195,
    12.131619689461));
#2526 = CARTESIAN_POINT('',(65.017577379329,65.151759066329,
    11.070795873229));
#2527 = CARTESIAN_POINT('',(79.247652647201,79.178734861595,
    10.009551726427));
#2528 = CARTESIAN_POINT('',(93.475079065053,93.202950226377,
    8.948509483376));
#2529 = CARTESIAN_POINT('',(107.70303695946,107.22774757659,
    7.887432143716));
#2530 = CARTESIAN_POINT('',(20.418100354246,-31.74074310498,
    18.401420743153));
#2531 = CARTESIAN_POINT('',(34.646070698596,-17.7159361654,
    17.340340921845));
#2532 = CARTESIAN_POINT('',(48.873930611859,-3.691330610502,
    16.279276378883));
#2533 = CARTESIAN_POINT('',(63.102453034785,10.334497371328,
    15.218117941971));
#2534 = CARTESIAN_POINT('',(77.329190210468,24.357004411092,
    14.157215623745));
#2535 = CARTESIAN_POINT('',(91.558695122369,38.384728277279,
    13.09590815267));
#2536 = CARTESIAN_POINT('',(105.78563645221,52.407567150051,
    12.034981367026));
#2537 = CARTESIAN_POINT('',(120.01388181102,66.432893369722,
    10.973864092508));
#2538 = CARTESIAN_POINT('',(134.24186133398,80.457714007098,
    9.912782146381));
#2539 = CARTESIAN_POINT('',(46.956927134379,-58.51078003549,
    20.426771009862));
#2540 = CARTESIAN_POINT('',(61.184897406192,-44.48597309747,
    19.365691190424));
#2541 = CARTESIAN_POINT('',(75.412867458205,-30.46114526664,
    18.304610261975));
#2542 = CARTESIAN_POINT('',(89.640839889218,-16.43645774481,
    17.243537234399));
#2543 = CARTESIAN_POINT('',(103.86880753277,-2.411372590781,
    16.182441060607));
#2544 = CARTESIAN_POINT('',(118.09677736843,11.61307260711,
    15.121383125506));
#2545 = CARTESIAN_POINT('',(132.32475088326,25.638156446707,
    14.060285197335));
#2546 = CARTESIAN_POINT('',(146.55271579401,39.662878139324,
    12.99921152831));
#2547 = CARTESIAN_POINT('',(160.78068686635,53.687680158585,
    11.93813217155));
#2548 = CARTESIAN_POINT('',(73.495753861824,-85.28081756808,
    22.452121374122));
#2549 = CARTESIAN_POINT('',(87.723724136767,-71.2560107624,
    21.391041575604));
#2550 = CARTESIAN_POINT('',(101.95169472786,-57.23120600161,
    20.329961942889));
#2551 = CARTESIAN_POINT('',(116.17966521433,-43.20640022613,
    19.268882217866));
#2552 = CARTESIAN_POINT('',(130.40763536112,-29.18159188467,
    18.207802272176));
#2553 = CARTESIAN_POINT('',(144.63560511917,-15.1567809343,
    17.146722107236));
#2554 = CARTESIAN_POINT('',(158.8635746251,-1.131968840402,
    16.085641854206));
#2555 = CARTESIAN_POINT('',(173.09154420151,12.892841423335,
    15.024561774021));
#2556 = CARTESIAN_POINT('',(187.31951435675,26.91764537488,
    13.963482257369));
#2557 = DEFINITIONAL_REPRESENTATION('',(#2558),#2672);
#2558 = B_SPLINE_CURVE_WITH_KNOTS('',3,(#2559,#2560,#2561,#2562,#2563,
    #2564,#2565,#2566,#2567,#2568,#2569,#2570,#2571,#2572,#2573,#2574,
    #2575,#2576,#2577,#2578,#2579,#2580,#2581,#2582,#2583,#2584,#2585,
    #2586,#2587,#2588,#2589,#2590,#2591,#2592,#2593,#2594,#2595,#2596,
    #2597,#2598,#2599,#2600,#2601,#2602,#2603,#2604,#2605,#2606,#2607,
    #2608,#2609,#2610,#2611,#2612,#2613,#2614,#2615,#2616,#2617,#2618,
    #2619,#2620,#2621,#2622,#2623,#2624,#2625,#2626,#2627,#2628,#2629,
    #2630,#2631,#2632,#2633,#2634,#2635,#2636,#2637,#2638,#2639,#2640,
    #2641,#2642,#2643,#2644,#2645,#2646,#2647,#2648,#2649,#2650,#2651,
    #2652,#2653,#2654,#2655,#2656,#2657,#2658,#2659,#2660,#2661,#2662,
    #2663,#2664,#2665,#2666,#2667,#2668,#2669,#2670,#2671),
  .UNSPECIFIED.,.F.,.F.,(4,1,1,1,1,1,1,1,1,1,1,1,1,1,1,1,1,1,1,1,1,1,1,1
    ,1,1,1,1,1,1,1,1,1,1,1,1,1,1,1,1,1,1,1,1,1,1,1,1,1,1,1,1,1,1,1,1,1,1
    ,1,1,1,1,1,1,1,1,1,1,1,1,1,1,1,1,1,1,1,1,1,1,1,1,1,1,1,1,1,1,1,1,1,1
    ,1,1,1,1,1,1,1,1,1,1,1,1,1,1,1,1,1,1,4),(0.,0.209090909091,
    0.418181818182,0.627272727273,0.836363636364,1.045454545455,
    1.254545454545,1.463636363636,1.672727272727,1.881818181818,
    2.090909090909,2.3,2.509090909091,2.718181818182,2.927272727273,
    3.136363636364,3.345454545455,3.554545454545,3.763636363636,
    3.972727272727,4.181818181818,4.390909090909,4.6,4.809090909091,
    5.018181818182,5.227272727273,5.436363636364,5.645454545455,
    5.854545454545,6.063636363636,6.272727272727,6.481818181818,
    6.690909090909,6.9,7.109090909091,7.318181818182,7.527272727273,
    7.736363636364,7.945454545455,8.154545454545,8.363636363636,
    8.572727272727,8.781818181818,8.990909090909,9.2,9.409090909091,
    9.618181818182,9.827272727273,10.036363636364,10.245454545455,
    10.454545454545,10.663636363636,10.872727272727,11.081818181818,
    11.290909090909,11.5,11.709090909091,11.918181818182,12.127272727273
    ,12.336363636364,12.545454545455,12.754545454545,12.963636363636,
    13.172727272727,13.381818181818,13.590909090909,13.8,14.009090909091
    ,14.218181818182,14.427272727273,14.636363636364,14.845454545455,
    15.054545454545,15.263636363636,15.472727272727,15.681818181818,
    15.890909090909,16.1,16.309090909091,16.518181818182,16.727272727273
    ,16.936363636364,17.145454545455,17.354545454545,17.563636363636,
    17.772727272727,17.981818181818,18.190909090909,18.4,18.609090909091
    ,18.818181818182,19.027272727273,19.236363636364,19.445454545455,
    19.654545454545,19.863636363636,20.072727272727,20.281818181818,
    20.490909090909,20.7,20.909090909091,21.118181818182,21.327272727273
    ,21.536363636364,21.745454545455,21.954545454545,22.163636363636,
    22.372727272727,22.581818181818,22.790909090909,23.),
  .QUASI_UNIFORM_KNOTS.);
#2559 = CARTESIAN_POINT('',(102.77865091888,24.825072412386));
#2560 = CARTESIAN_POINT('',(101.37508376448,26.128200783821));
#2561 = CARTESIAN_POINT('',(98.84493100226,28.443085346137));
#2562 = CARTESIAN_POINT('',(95.736235279475,31.193261554258));
#2563 = CARTESIAN_POINT('',(93.169156927834,33.373818123043));
#2564 = CARTESIAN_POINT('',(91.000546803867,35.135308234518));
#2565 = CARTESIAN_POINT('',(89.080693223232,36.635630989387));
#2566 = CARTESIAN_POINT('',(87.285522571566,38.00398743545));
#2567 = CARTESIAN_POINT('',(85.593150438308,39.255237799252));
#2568 = CARTESIAN_POINT('',(83.9684971583,40.418928104069));
#2569 = CARTESIAN_POINT('',(82.38095235921,41.519906333224));
#2570 = CARTESIAN_POINT('',(80.795223735234,42.587126875641));
#2571 = CARTESIAN_POINT('',(79.192941615685,43.635639289344));
#2572 = CARTESIAN_POINT('',(77.577814669116,44.662470157847));
#2573 = CARTESIAN_POINT('',(75.949203978073,45.668193410535));
#2574 = CARTESIAN_POINT('',(74.30763590968,46.652433072748));
#2575 = CARTESIAN_POINT('',(72.653323282579,47.615065439979));
#2576 = CARTESIAN_POINT('',(70.986570714823,48.555912598461));
#2577 = CARTESIAN_POINT('',(69.307664568494,49.474822070296));
#2578 = CARTESIAN_POINT('',(67.61689616366,50.37163466376));
#2579 = CARTESIAN_POINT('',(65.914555682614,51.24619336735));
#2580 = CARTESIAN_POINT('',(64.200932900114,52.098339171193));
#2581 = CARTESIAN_POINT('',(62.476326467341,52.927931036031));
#2582 = CARTESIAN_POINT('',(60.741036218382,53.734830187078));
#2583 = CARTESIAN_POINT('',(58.995361717663,54.518897355817));
#2584 = CARTESIAN_POINT('',(57.23960244282,55.279993034733));
#2585 = CARTESIAN_POINT('',(55.474058490163,56.017979187508));
#2586 = CARTESIAN_POINT('',(53.699037941058,56.73273662439));
#2587 = CARTESIAN_POINT('',(51.914848349751,57.424144895077));
#2588 = CARTESIAN_POINT('',(50.121797553164,58.092084292367));
#2589 = CARTESIAN_POINT('',(48.320192781173,58.736433401655));
#2590 = CARTESIAN_POINT('',(46.51034359928,59.357077447897));
#2591 = CARTESIAN_POINT('',(44.692565277423,59.953917897471));
#2592 = CARTESIAN_POINT('',(42.867172125895,60.526853451567));
#2593 = CARTESIAN_POINT('',(41.034478895442,61.07578419746));
#2594 = CARTESIAN_POINT('',(39.194799533096,61.600607441777));
#2595 = CARTESIAN_POINT('',(37.34845156458,62.101233056534));
#2596 = CARTESIAN_POINT('',(35.495755765472,62.57758235264));
#2597 = CARTESIAN_POINT('',(33.637032170319,63.029573990377));
#2598 = CARTESIAN_POINT('',(31.772601148415,63.457127970736));
#2599 = CARTESIAN_POINT('',(29.902782471552,63.860161578755));
#2600 = CARTESIAN_POINT('',(28.02789973014,64.23860979513));
#2601 = CARTESIAN_POINT('',(26.148277749374,64.592413334802));
#2602 = CARTESIAN_POINT('',(24.26424103789,64.921511427374));
#2603 = CARTESIAN_POINT('',(22.376114214432,65.225843866118));
#2604 = CARTESIAN_POINT('',(20.484221775092,65.505349672434));
#2605 = CARTESIAN_POINT('',(18.588891307188,65.759988330515));
#2606 = CARTESIAN_POINT('',(16.690450506788,65.989720017956));
#2607 = CARTESIAN_POINT('',(14.789227061518,66.194504960363));
#2608 = CARTESIAN_POINT('',(12.885548585285,66.374302498742));
#2609 = CARTESIAN_POINT('',(10.979743005701,66.529075572578));
#2610 = CARTESIAN_POINT('',(9.072139943526,66.658806564548));
#2611 = CARTESIAN_POINT('',(7.16306883422,66.763475618721));
#2612 = CARTESIAN_POINT('',(5.252859176369,66.843064025207));
#2613 = CARTESIAN_POINT('',(3.341840401779,66.897550729112));
#2614 = CARTESIAN_POINT('',(1.430342176845,66.926924151796));
#2615 = CARTESIAN_POINT('',(-0.481305463397,66.931187997324));
#2616 = CARTESIAN_POINT('',(-2.392772544851,66.910342938768));
#2617 = CARTESIAN_POINT('',(-4.303729104322,66.864391164767));
#2618 = CARTESIAN_POINT('',(-6.213845074199,66.793331833601));
#2619 = CARTESIAN_POINT('',(-8.122790974903,66.697179382581));
#2620 = CARTESIAN_POINT('',(-10.03023769749,66.575957722944));
#2621 = CARTESIAN_POINT('',(-11.93585603261,66.429688421565));
#2622 = CARTESIAN_POINT('',(-13.83931685056,66.258394190747));
#2623 = CARTESIAN_POINT('',(-15.74029080413,66.062095505901));
#2624 = CARTESIAN_POINT('',(-17.63845051963,65.840832269809));
#2625 = CARTESIAN_POINT('',(-19.53346898906,65.59464798078));
#2626 = CARTESIAN_POINT('',(-21.42501911792,65.323585253188));
#2627 = CARTESIAN_POINT('',(-23.31277380406,65.02768674946));
#2628 = CARTESIAN_POINT('',(-25.19640606399,64.706995824408));
#2629 = CARTESIAN_POINT('',(-27.07559229888,64.36157626757));
#2630 = CARTESIAN_POINT('',(-28.95000877617,63.991491097694));
#2631 = CARTESIAN_POINT('',(-30.8193318815,63.596803896181));
#2632 = CARTESIAN_POINT('',(-32.68323766249,63.177576761938));
#2633 = CARTESIAN_POINT('',(-34.54140348435,62.733877516937));
#2634 = CARTESIAN_POINT('',(-36.39351078664,62.265791644262));
#2635 = CARTESIAN_POINT('',(-38.23924037212,61.773401916467));
#2636 = CARTESIAN_POINT('',(-40.07827339738,61.256792443805));
#2637 = CARTESIAN_POINT('',(-41.91029024023,60.716044692657));
#2638 = CARTESIAN_POINT('',(-43.73497469061,60.151251538919));
#2639 = CARTESIAN_POINT('',(-45.55201429545,59.562518391537));
#2640 = CARTESIAN_POINT('',(-47.36109575828,58.949947886144));
#2641 = CARTESIAN_POINT('',(-49.16190624285,58.3136440407));
#2642 = CARTESIAN_POINT('',(-50.95413191294,57.653708116259));
#2643 = CARTESIAN_POINT('',(-52.73746487283,56.970257567011));
#2644 = CARTESIAN_POINT('',(-54.51159965886,56.263416467007));
#2645 = CARTESIAN_POINT('',(-56.27623017539,55.533307188184));
#2646 = CARTESIAN_POINT('',(-58.03105062004,54.780052843202));
#2647 = CARTESIAN_POINT('',(-59.77575464531,54.003775289055));
#2648 = CARTESIAN_POINT('',(-61.51004415642,53.204615156456));
#2649 = CARTESIAN_POINT('',(-63.23362169812,52.382714541698));
#2650 = CARTESIAN_POINT('',(-64.94618972506,51.538215302952));
#2651 = CARTESIAN_POINT('',(-66.64745041513,50.671258806942));
#2652 = CARTESIAN_POINT('',(-68.33710716189,49.781988674671));
#2653 = CARTESIAN_POINT('',(-70.01487249456,48.87056642137));
#2654 = CARTESIAN_POINT('',(-71.68045850615,47.937151567312));
#2655 = CARTESIAN_POINT('',(-73.33357618362,46.981905822577));
#2656 = CARTESIAN_POINT('',(-74.97394137515,46.004984140849));
#2657 = CARTESIAN_POINT('',(-76.60125204059,45.006567067439));
#2658 = CARTESIAN_POINT('',(-78.21529715502,43.986780143724));
#2659 = CARTESIAN_POINT('',(-79.8155557928,42.946003885203));
#2660 = CARTESIAN_POINT('',(-81.40265857916,41.883658854827));
#2661 = CARTESIAN_POINT('',(-82.97293984201,40.802750450076));
#2662 = CARTESIAN_POINT('',(-84.54455166863,39.688070714603));
#2663 = CARTESIAN_POINT('',(-86.15236774886,38.510360945003));
#2664 = CARTESIAN_POINT('',(-87.82663918823,37.244509197679));
#2665 = CARTESIAN_POINT('',(-89.60201854055,35.860667015906));
#2666 = CARTESIAN_POINT('',(-91.50017513542,34.343785276934));
#2667 = CARTESIAN_POINT('',(-93.64331671848,32.563594791975));
#2668 = CARTESIAN_POINT('',(-96.17887478303,30.360907724941));
#2669 = CARTESIAN_POINT('',(-99.24782434424,27.583938616759));
#2670 = CARTESIAN_POINT('',(-101.7445273086,25.247252191679));
#2671 = CARTESIAN_POINT('',(-103.1292657235,23.93203071567));
#2672 = ( GEOMETRIC_REPRESENTATION_CONTEXT(2) 
PARAMETRIC_REPRESENTATION_CONTEXT() REPRESENTATION_CONTEXT('2D SPACE',''
  ) );
#2673 = ORIENTED_EDGE('',*,*,#2674,.T.);
#2674 = EDGE_CURVE('',#2462,#2675,#2677,.T.);
#2675 = VERTEX_POINT('',#2676);
#2676 = CARTESIAN_POINT('',(0.,0.,16.));
#2677 = SURFACE_CURVE('',#2678,(#2682),.PCURVE_S1.);
#2678 = LINE('',#2679,#2680);
#2679 = CARTESIAN_POINT('',(0.,145.392341,5.));
#2680 = VECTOR('',#2681,1.);
#2681 = DIRECTION('',(0.,-0.997150210697,7.544174777176E-02));
#2682 = PCURVE('',#2493,#2683);
#2683 = DEFINITIONAL_REPRESENTATION('',(#2684),#2710);
#2684 = B_SPLINE_CURVE_WITH_KNOTS('',3,(#2685,#2686,#2687,#2688,#2689,
    #2690,#2691,#2692,#2693,#2694,#2695,#2696,#2697,#2698,#2699,#2700,
    #2701,#2702,#2703,#2704,#2705,#2706,#2707,#2708,#2709),
  .UNSPECIFIED.,.F.,.F.,(4,1,1,1,1,1,1,1,1,1,1,1,1,1,1,1,1,1,1,1,1,1,4),
  (0.,6.627630122153,13.255260244307,19.88289036646,26.510520488614,
    33.138150610767,39.76578073292,46.393410855074,53.021040977227,
    59.648671099381,66.276301221534,72.903931343687,79.531561465841,
    86.159191587994,92.786821710147,99.414451832301,106.04208195445,
    112.6697120766,119.29734219876,125.92497232091,132.55260244306,
    139.18023256522,145.80786268737),.QUASI_UNIFORM_KNOTS.);
#2685 = CARTESIAN_POINT('',(-103.1292657235,23.93203071567));
#2686 = CARTESIAN_POINT('',(-101.5581400014,22.378913333313));
#2687 = CARTESIAN_POINT('',(-98.41588862829,19.272678482585));
#2688 = CARTESIAN_POINT('',(-93.70251167829,14.613326207853));
#2689 = CARTESIAN_POINT('',(-88.9891347387,9.953974237943));
#2690 = CARTESIAN_POINT('',(-84.27575769604,5.294622722107));
#2691 = CARTESIAN_POINT('',(-79.56238049813,0.635271618941));
#2692 = CARTESIAN_POINT('',(-74.84900316502,-4.024079266055));
#2693 = CARTESIAN_POINT('',(-70.1356257778,-8.683430188148));
#2694 = CARTESIAN_POINT('',(-65.42224844508,-13.34278136542));
#2695 = CARTESIAN_POINT('',(-60.7088712638,-18.00213290892));
#2696 = CARTESIAN_POINT('',(-55.99549428688,-22.66148479985));
#2697 = CARTESIAN_POINT('',(-51.28211750731,-27.32083691407));
#2698 = CARTESIAN_POINT('',(-46.56874086243,-31.9801890793));
#2699 = CARTESIAN_POINT('',(-41.85536425612,-36.6395411419));
#2700 = CARTESIAN_POINT('',(-37.14198759192,-41.29889301936));
#2701 = CARTESIAN_POINT('',(-32.42861080621,-45.95824472151));
#2702 = CARTESIAN_POINT('',(-27.71523389091,-50.61759633448));
#2703 = CARTESIAN_POINT('',(-23.00185689693,-55.27694797525));
#2704 = CARTESIAN_POINT('',(-18.28847991487,-59.93629973562));
#2705 = CARTESIAN_POINT('',(-13.57510303703,-64.59565163895));
#2706 = CARTESIAN_POINT('',(-8.861726310942,-69.2550036345));
#2707 = CARTESIAN_POINT('',(-4.148349708827,-73.9143556243));
#2708 = CARTESIAN_POINT('',(-1.00609864758,-77.02059024717));
#2709 = CARTESIAN_POINT('',(0.565026896197,-78.57370753878));
#2710 = ( GEOMETRIC_REPRESENTATION_CONTEXT(2) 
PARAMETRIC_REPRESENTATION_CONTEXT() REPRESENTATION_CONTEXT('2D SPACE',''
  ) );
#2711 = ORIENTED_EDGE('',*,*,#2712,.T.);
#2712 = EDGE_CURVE('',#2675,#2460,#2713,.T.);
#2713 = SURFACE_CURVE('',#2714,(#2718),.PCURVE_S1.);
#2714 = LINE('',#2715,#2716);
#2715 = CARTESIAN_POINT('',(0.,0.,16.));
#2716 = VECTOR('',#2717,1.);
#2717 = DIRECTION('',(1.,0.,0.));
#2718 = PCURVE('',#2493,#2719);
#2719 = DEFINITIONAL_REPRESENTATION('',(#2720),#2746);
#2720 = B_SPLINE_CURVE_WITH_KNOTS('',3,(#2721,#2722,#2723,#2724,#2725,
    #2726,#2727,#2728,#2729,#2730,#2731,#2732,#2733,#2734,#2735,#2736,
    #2737,#2738,#2739,#2740,#2741,#2742,#2743,#2744,#2745),
  .UNSPECIFIED.,.F.,.F.,(4,1,1,1,1,1,1,1,1,1,1,1,1,1,1,1,1,1,1,1,1,1,4),
  (0.,6.608742772727,13.217485545455,19.826228318182,26.434971090909,
    33.043713863636,39.652456636364,46.261199409091,52.869942181818,
    59.478684954545,66.087427727273,72.6961705,79.304913272727,
    85.913656045455,92.522398818182,99.131141590909,105.73988436363,
    112.34862713636,118.95736990909,125.56611268181,132.17485545454,
    138.78359822727,145.392341),.QUASI_UNIFORM_KNOTS.);
#2721 = CARTESIAN_POINT('',(0.565026896197,-78.57370753878));
#2722 = CARTESIAN_POINT('',(2.113718081032,-77.00705931534));
#2723 = CARTESIAN_POINT('',(5.211100422287,-73.87376282885));
#2724 = CARTESIAN_POINT('',(9.857173936935,-69.17381804601));
#2725 = CARTESIAN_POINT('',(14.503247566593,-64.47387326392));
#2726 = CARTESIAN_POINT('',(19.149321338676,-59.77392857812));
#2727 = CARTESIAN_POINT('',(23.795395205356,-55.07398403341));
#2728 = CARTESIAN_POINT('',(28.441469075483,-50.37403960015));
#2729 = CARTESIAN_POINT('',(33.087542861695,-45.67409518364));
#2730 = CARTESIAN_POINT('',(37.73361651808,-40.97415066921));
#2731 = CARTESIAN_POINT('',(42.379690058086,-36.27420597768));
#2732 = CARTESIAN_POINT('',(47.025763549167,-31.57426110814));
#2733 = CARTESIAN_POINT('',(51.671837088442,-26.8743161502));
#2734 = CARTESIAN_POINT('',(56.317910768573,-22.17437125943));
#2735 = CARTESIAN_POINT('',(60.963984645284,-17.47442660314));
#2736 = CARTESIAN_POINT('',(65.610058717019,-12.77448229446));
#2737 = CARTESIAN_POINT('',(70.256132923617,-8.074538338512));
#2738 = CARTESIAN_POINT('',(74.902207165357,-3.374594612918));
#2739 = CARTESIAN_POINT('',(79.548281337516,1.325349104474));
#2740 = CARTESIAN_POINT('',(84.194355369661,6.025293062944));
#2741 = CARTESIAN_POINT('',(88.840429256726,10.725237441822));
#2742 = CARTESIAN_POINT('',(93.486503064101,15.425182264516));
#2743 = CARTESIAN_POINT('',(98.13257691162,20.125127367805));
#2744 = CARTESIAN_POINT('',(101.22995955898,23.258424094241));
#2745 = CARTESIAN_POINT('',(102.77865091888,24.825072412386));
#2746 = ( GEOMETRIC_REPRESENTATION_CONTEXT(2) 
PARAMETRIC_REPRESENTATION_CONTEXT() REPRESENTATION_CONTEXT('2D SPACE',''
  ) );
#2747 = ( GEOMETRIC_REPRESENTATION_CONTEXT(3) 
GLOBAL_UNCERTAINTY_ASSIGNED_CONTEXT((#2751)) 
GLOBAL_UNIT_ASSIGNED_CONTEXT((#2748,#2749,#2750)) REPRESENTATION_CONTEXT
('Context #1','3D Context with UNIT and UNCERTAINTY') );
#2748 = ( LENGTH_UNIT() NAMED_UNIT(*) SI_UNIT(.MILLI.,.METRE.) );
#2749 = ( NAMED_UNIT(*) PLANE_ANGLE_UNIT() SI_UNIT($,.RADIAN.) );
#2750 = ( NAMED_UNIT(*) SI_UNIT($,.STERADIAN.) SOLID_ANGLE_UNIT() );
#2751 = UNCERTAINTY_MEASURE_WITH_UNIT(LENGTH_MEASURE(2.E-07),#2748,
  'distance_accuracy_value','confusion accuracy');
#2752 = CONTEXT_DEPENDENT_SHAPE_REPRESENTATION(#2753,#2755);
#2753 = ( REPRESENTATION_RELATIONSHIP('','',#2452,#10) 
REPRESENTATION_RELATIONSHIP_WITH_TRANSFORMATION(#2754) 
SHAPE_REPRESENTATION_RELATIONSHIP() );
#2754 = ITEM_DEFINED_TRANSFORMATION('','',#11,#27);
#2755 = PRODUCT_DEFINITION_SHAPE('Placement','Placement of an item',
  #2756);
#2756 = NEXT_ASSEMBLY_USAGE_OCCURRENCE('4','','',#5,#2447,$);
#2757 = PRODUCT_RELATED_PRODUCT_CATEGORY('part',$,(#2449));
#2758 = SHAPE_DEFINITION_REPRESENTATION(#2759,#2765);
#2759 = PRODUCT_DEFINITION_SHAPE('','',#2760);
#2760 = PRODUCT_DEFINITION('design','',#2761,#2764);
#2761 = PRODUCT_DEFINITION_FORMATION('','',#2762);
#2762 = PRODUCT('Open CASCADE STEP translator 7.8 1.5',
  'Open CASCADE STEP translator 7.8 1.5','',(#2763));
#2763 = PRODUCT_CONTEXT('',#2,'mechanical');
#2764 = PRODUCT_DEFINITION_CONTEXT('part definition',#2,'design');
#2765 = GEOMETRICALLY_BOUNDED_WIREFRAME_SHAPE_REPRESENTATION('',(#11,
    #2766),#2797);
#2766 = GEOMETRIC_CURVE_SET('',(#2767));
#2767 = TRIMMED_CURVE('',#2768,(#2795,PARAMETER_VALUE(0.)),(#2796,
    PARAMETER_VALUE(23.)),.T.,.PARAMETER.);
#2768 = B_SPLINE_CURVE_WITH_KNOTS('',3,(#2769,#2770,#2771,#2772,#2773,
    #2774,#2775,#2776,#2777,#2778,#2779,#2780,#2781,#2782,#2783,#2784,
    #2785,#2786,#2787,#2788,#2789,#2790,#2791,#2792,#2793,#2794),
  .UNSPECIFIED.,.F.,.F.,(4,1,1,1,1,1,1,1,1,1,1,1,1,1,1,1,1,1,1,1,1,1,1,4
    ),(0.,1.,2.,3.,4.,5.,6.,7.,8.,9.,10.,11.,12.,13.,14.,15.,16.,17.,18.
    ,19.,20.,21.,22.,23.),.QUASI_UNIFORM_KNOTS.);
#2769 = CARTESIAN_POINT('',(12.817925,0.,-167.021562));
#2770 = CARTESIAN_POINT('',(12.792632,0.804844,-167.023407));
#2771 = CARTESIAN_POINT('',(12.716852,1.606512,-167.025245));
#2772 = CARTESIAN_POINT('',(12.590884,2.40184,-167.027069));
#2773 = CARTESIAN_POINT('',(12.415226,3.187688,-167.02887));
#2774 = CARTESIAN_POINT('',(12.190571,3.960957,-167.030643));
#2775 = CARTESIAN_POINT('',(11.917805,4.718593,-167.03238));
#2776 = CARTESIAN_POINT('',(11.598005,5.457607,-167.034074));
#2777 = CARTESIAN_POINT('',(11.232433,6.175082,-167.035719));
#2778 = CARTESIAN_POINT('',(10.822532,6.868188,-167.037308));
#2779 = CARTESIAN_POINT('',(10.369919,7.534187,-167.038835));
#2780 = CARTESIAN_POINT('',(9.876381,8.170453,-167.040294));
#2781 = CARTESIAN_POINT('',(9.343865,8.774473,-167.041679));
#2782 = CARTESIAN_POINT('',(8.774473,9.343865,-167.042984));
#2783 = CARTESIAN_POINT('',(8.170453,9.876381,-167.044205));
#2784 = CARTESIAN_POINT('',(7.534187,10.369919,-167.045337));
#2785 = CARTESIAN_POINT('',(6.868188,10.822532,-167.046374));
#2786 = CARTESIAN_POINT('',(6.175082,11.232433,-167.047314));
#2787 = CARTESIAN_POINT('',(5.457607,11.598005,-167.048152));
#2788 = CARTESIAN_POINT('',(4.718593,11.917805,-167.048885));
#2789 = CARTESIAN_POINT('',(3.960957,12.190571,-167.049511));
#2790 = CARTESIAN_POINT('',(3.187688,12.415226,-167.050026));
#2791 = CARTESIAN_POINT('',(2.40184,12.590884,-167.050428));
#2792 = CARTESIAN_POINT('',(1.606512,12.716852,-167.050717));
#2793 = CARTESIAN_POINT('',(0.804844,12.792632,-167.050891));
#2794 = CARTESIAN_POINT('',(0.,12.817925,-167.050949));
#2795 = CARTESIAN_POINT('',(12.817925,0.,-167.021562));
#2796 = CARTESIAN_POINT('',(0.,12.817925,-167.050949));
#2797 = ( GEOMETRIC_REPRESENTATION_CONTEXT(3) 
GLOBAL_UNCERTAINTY_ASSIGNED_CONTEXT((#2801)) 
GLOBAL_UNIT_ASSIGNED_CONTEXT((#2798,#2799,#2800)) REPRESENTATION_CONTEXT
('Context #1','3D Context with UNIT and UNCERTAINTY') );
#2798 = ( LENGTH_UNIT() NAMED_UNIT(*) SI_UNIT(.MILLI.,.METRE.) );
#2799 = ( NAMED_UNIT(*) PLANE_ANGLE_UNIT() SI_UNIT($,.RADIAN.) );
#2800 = ( NAMED_UNIT(*) SI_UNIT($,.STERADIAN.) SOLID_ANGLE_UNIT() );
#2801 = UNCERTAINTY_MEASURE_WITH_UNIT(LENGTH_MEASURE(1.E-07),#2798,
  'distance_accuracy_value','confusion accuracy');
#2802 = CONTEXT_DEPENDENT_SHAPE_REPRESENTATION(#2803,#2805);
#2803 = ( REPRESENTATION_RELATIONSHIP('','',#2765,#10) 
REPRESENTATION_RELATIONSHIP_WITH_TRANSFORMATION(#2804) 
SHAPE_REPRESENTATION_RELATIONSHIP() );
#2804 = ITEM_DEFINED_TRANSFORMATION('','',#11,#31);
#2805 = PRODUCT_DEFINITION_SHAPE('Placement','Placement of an item',
  #2806);
#2806 = NEXT_ASSEMBLY_USAGE_OCCURRENCE('5','','',#5,#2760,$);
#2807 = PRODUCT_RELATED_PRODUCT_CATEGORY('part',$,(#2762));
#2808 = SHAPE_DEFINITION_REPRESENTATION(#2809,#2815);
#2809 = PRODUCT_DEFINITION_SHAPE('','',#2810);
#2810 = PRODUCT_DEFINITION('design','',#2811,#2814);
#2811 = PRODUCT_DEFINITION_FORMATION('','',#2812);
#2812 = PRODUCT('Open CASCADE STEP translator 7.8 1.6',
  'Open CASCADE STEP translator 7.8 1.6','',(#2813));
#2813 = PRODUCT_CONTEXT('',#2,'mechanical');
#2814 = PRODUCT_DEFINITION_CONTEXT('part definition',#2,'design');
#2815 = GEOMETRICALLY_BOUNDED_WIREFRAME_SHAPE_REPRESENTATION('',(#11,
    #2816),#2847);
#2816 = GEOMETRIC_CURVE_SET('',(#2817));
#2817 = TRIMMED_CURVE('',#2818,(#2845,PARAMETER_VALUE(0.)),(#2846,
    PARAMETER_VALUE(23.)),.T.,.PARAMETER.);
#2818 = B_SPLINE_CURVE_WITH_KNOTS('',3,(#2819,#2820,#2821,#2822,#2823,
    #2824,#2825,#2826,#2827,#2828,#2829,#2830,#2831,#2832,#2833,#2834,
    #2835,#2836,#2837,#2838,#2839,#2840,#2841,#2842,#2843,#2844),
  .UNSPECIFIED.,.F.,.F.,(4,1,1,1,1,1,1,1,1,1,1,1,1,1,1,1,1,1,1,1,1,1,1,4
    ),(0.,1.,2.,3.,4.,5.,6.,7.,8.,9.,10.,11.,12.,13.,14.,15.,16.,17.,18.
    ,19.,20.,21.,22.,23.),.QUASI_UNIFORM_KNOTS.);
#2819 = CARTESIAN_POINT('',(13.308352,0.,-163.065075));
#2820 = CARTESIAN_POINT('',(13.282091,0.835638,-163.069545));
#2821 = CARTESIAN_POINT('',(13.203411,1.667979,-163.073997));
#2822 = CARTESIAN_POINT('',(13.072624,2.493736,-163.078415));
#2823 = CARTESIAN_POINT('',(12.890245,3.309652,-163.08278));
#2824 = CARTESIAN_POINT('',(12.656995,4.112507,-163.087074));
#2825 = CARTESIAN_POINT('',(12.373792,4.899131,-163.091282));
#2826 = CARTESIAN_POINT('',(12.041757,5.666421,-163.095387));
#2827 = CARTESIAN_POINT('',(11.662197,6.411347,-163.099372));
#2828 = CARTESIAN_POINT('',(11.236613,7.130971,-163.103222));
#2829 = CARTESIAN_POINT('',(10.766683,7.822453,-163.106921));
#2830 = CARTESIAN_POINT('',(10.254261,8.483063,-163.110455));
#2831 = CARTESIAN_POINT('',(9.701371,9.110194,-163.11381));
#2832 = CARTESIAN_POINT('',(9.110194,9.701371,-163.116972));
#2833 = CARTESIAN_POINT('',(8.483063,10.254261,-163.11993));
#2834 = CARTESIAN_POINT('',(7.822453,10.766683,-163.122671));
#2835 = CARTESIAN_POINT('',(7.130971,11.236613,-163.125185));
#2836 = CARTESIAN_POINT('',(6.411347,11.662197,-163.127462));
#2837 = CARTESIAN_POINT('',(5.666421,12.041757,-163.129492));
#2838 = CARTESIAN_POINT('',(4.899131,12.373792,-163.131268));
#2839 = CARTESIAN_POINT('',(4.112507,12.656995,-163.132783));
#2840 = CARTESIAN_POINT('',(3.309652,12.890245,-163.134031));
#2841 = CARTESIAN_POINT('',(2.493736,13.072624,-163.135007));
#2842 = CARTESIAN_POINT('',(1.667979,13.203411,-163.135706));
#2843 = CARTESIAN_POINT('',(0.835638,13.282091,-163.136127));
#2844 = CARTESIAN_POINT('',(0.,13.308352,-163.136268));
#2845 = CARTESIAN_POINT('',(13.308352,0.,-163.065075));
#2846 = CARTESIAN_POINT('',(0.,13.308352,-163.136268));
#2847 = ( GEOMETRIC_REPRESENTATION_CONTEXT(3) 
GLOBAL_UNCERTAINTY_ASSIGNED_CONTEXT((#2851)) 
GLOBAL_UNIT_ASSIGNED_CONTEXT((#2848,#2849,#2850)) REPRESENTATION_CONTEXT
('Context #1','3D Context with UNIT and UNCERTAINTY') );
#2848 = ( LENGTH_UNIT() NAMED_UNIT(*) SI_UNIT(.MILLI.,.METRE.) );
#2849 = ( NAMED_UNIT(*) PLANE_ANGLE_UNIT() SI_UNIT($,.RADIAN.) );
#2850 = ( NAMED_UNIT(*) SI_UNIT($,.STERADIAN.) SOLID_ANGLE_UNIT() );
#2851 = UNCERTAINTY_MEASURE_WITH_UNIT(LENGTH_MEASURE(1.E-07),#2848,
  'distance_accuracy_value','confusion accuracy');
#2852 = CONTEXT_DEPENDENT_SHAPE_REPRESENTATION(#2853,#2855);
#2853 = ( REPRESENTATION_RELATIONSHIP('','',#2815,#10) 
REPRESENTATION_RELATIONSHIP_WITH_TRANSFORMATION(#2854) 
SHAPE_REPRESENTATION_RELATIONSHIP() );
#2854 = ITEM_DEFINED_TRANSFORMATION('','',#11,#35);
#2855 = PRODUCT_DEFINITION_SHAPE('Placement','Placement of an item',
  #2856);
#2856 = NEXT_ASSEMBLY_USAGE_OCCURRENCE('6','','',#5,#2810,$);
#2857 = PRODUCT_RELATED_PRODUCT_CATEGORY('part',$,(#2812));
#2858 = SHAPE_DEFINITION_REPRESENTATION(#2859,#2865);
#2859 = PRODUCT_DEFINITION_SHAPE('','',#2860);
#2860 = PRODUCT_DEFINITION('design','',#2861,#2864);
#2861 = PRODUCT_DEFINITION_FORMATION('','',#2862);
#2862 = PRODUCT('Open CASCADE STEP translator 7.8 1.7',
  'Open CASCADE STEP translator 7.8 1.7','',(#2863));
#2863 = PRODUCT_CONTEXT('',#2,'mechanical');
#2864 = PRODUCT_DEFINITION_CONTEXT('part definition',#2,'design');
#2865 = GEOMETRICALLY_BOUNDED_WIREFRAME_SHAPE_REPRESENTATION('',(#11,
    #2866),#2897);
#2866 = GEOMETRIC_CURVE_SET('',(#2867));
#2867 = TRIMMED_CURVE('',#2868,(#2895,PARAMETER_VALUE(0.)),(#2896,
    PARAMETER_VALUE(23.)),.T.,.PARAMETER.);
#2868 = B_SPLINE_CURVE_WITH_KNOTS('',3,(#2869,#2870,#2871,#2872,#2873,
    #2874,#2875,#2876,#2877,#2878,#2879,#2880,#2881,#2882,#2883,#2884,
    #2885,#2886,#2887,#2888,#2889,#2890,#2891,#2892,#2893,#2894),
  .UNSPECIFIED.,.F.,.F.,(4,1,1,1,1,1,1,1,1,1,1,1,1,1,1,1,1,1,1,1,1,1,1,4
    ),(0.,1.,2.,3.,4.,5.,6.,7.,8.,9.,10.,11.,12.,13.,14.,15.,16.,17.,18.
    ,19.,20.,21.,22.,23.),.QUASI_UNIFORM_KNOTS.);
#2869 = CARTESIAN_POINT('',(13.9192,0.,-160.045914));
#2870 = CARTESIAN_POINT('',(13.891733,0.873994,-160.052593));
#2871 = CARTESIAN_POINT('',(13.809443,1.744538,-160.059246));
#2872 = CARTESIAN_POINT('',(13.672652,2.608198,-160.065846));
#2873 = CARTESIAN_POINT('',(13.481902,3.461564,-160.072368));
#2874 = CARTESIAN_POINT('',(13.237945,4.301269,-160.078785));
#2875 = CARTESIAN_POINT('',(12.941744,5.123999,-160.085072));
#2876 = CARTESIAN_POINT('',(12.594468,5.926507,-160.091205));
#2877 = CARTESIAN_POINT('',(12.197488,6.705626,-160.097159));
#2878 = CARTESIAN_POINT('',(11.752369,7.45828,-160.102911));
#2879 = CARTESIAN_POINT('',(11.260869,8.1815,-160.108438));
#2880 = CARTESIAN_POINT('',(10.724928,8.872432,-160.113718));
#2881 = CARTESIAN_POINT('',(10.14666,9.528348,-160.118731));
#2882 = CARTESIAN_POINT('',(9.528348,10.14666,-160.123456));
#2883 = CARTESIAN_POINT('',(8.872432,10.724928,-160.127875));
#2884 = CARTESIAN_POINT('',(8.1815,11.260869,-160.131971));
#2885 = CARTESIAN_POINT('',(7.45828,11.752369,-160.135727));
#2886 = CARTESIAN_POINT('',(6.705626,12.197488,-160.139129));
#2887 = CARTESIAN_POINT('',(5.926507,12.594468,-160.142163));
#2888 = CARTESIAN_POINT('',(5.123999,12.941744,-160.144817));
#2889 = CARTESIAN_POINT('',(4.301269,13.237945,-160.14708));
#2890 = CARTESIAN_POINT('',(3.461564,13.481902,-160.148945));
#2891 = CARTESIAN_POINT('',(2.608198,13.672652,-160.150402));
#2892 = CARTESIAN_POINT('',(1.744538,13.809443,-160.151448));
#2893 = CARTESIAN_POINT('',(0.873994,13.891733,-160.152077));
#2894 = CARTESIAN_POINT('',(0.,13.9192,-160.152287));
#2895 = CARTESIAN_POINT('',(13.9192,0.,-160.045914));
#2896 = CARTESIAN_POINT('',(0.,13.9192,-160.152287));
#2897 = ( GEOMETRIC_REPRESENTATION_CONTEXT(3) 
GLOBAL_UNCERTAINTY_ASSIGNED_CONTEXT((#2901)) 
GLOBAL_UNIT_ASSIGNED_CONTEXT((#2898,#2899,#2900)) REPRESENTATION_CONTEXT
('Context #1','3D Context with UNIT and UNCERTAINTY') );
#2898 = ( LENGTH_UNIT() NAMED_UNIT(*) SI_UNIT(.MILLI.,.METRE.) );
#2899 = ( NAMED_UNIT(*) PLANE_ANGLE_UNIT() SI_UNIT($,.RADIAN.) );
#2900 = ( NAMED_UNIT(*) SI_UNIT($,.STERADIAN.) SOLID_ANGLE_UNIT() );
#2901 = UNCERTAINTY_MEASURE_WITH_UNIT(LENGTH_MEASURE(1.E-07),#2898,
  'distance_accuracy_value','confusion accuracy');
#2902 = CONTEXT_DEPENDENT_SHAPE_REPRESENTATION(#2903,#2905);
#2903 = ( REPRESENTATION_RELATIONSHIP('','',#2865,#10) 
REPRESENTATION_RELATIONSHIP_WITH_TRANSFORMATION(#2904) 
SHAPE_REPRESENTATION_RELATIONSHIP() );
#2904 = ITEM_DEFINED_TRANSFORMATION('','',#11,#39);
#2905 = PRODUCT_DEFINITION_SHAPE('Placement','Placement of an item',
  #2906);
#2906 = NEXT_ASSEMBLY_USAGE_OCCURRENCE('7','','',#5,#2860,$);
#2907 = PRODUCT_RELATED_PRODUCT_CATEGORY('part',$,(#2862));
#2908 = SHAPE_DEFINITION_REPRESENTATION(#2909,#2915);
#2909 = PRODUCT_DEFINITION_SHAPE('','',#2910);
#2910 = PRODUCT_DEFINITION('design','',#2911,#2914);
#2911 = PRODUCT_DEFINITION_FORMATION('','',#2912);
#2912 = PRODUCT('Open CASCADE STEP translator 7.8 1.8',
  'Open CASCADE STEP translator 7.8 1.8','',(#2913));
#2913 = PRODUCT_CONTEXT('',#2,'mechanical');
#2914 = PRODUCT_DEFINITION_CONTEXT('part definition',#2,'design');
#2915 = GEOMETRICALLY_BOUNDED_WIREFRAME_SHAPE_REPRESENTATION('',(#11,
    #2916),#2947);
#2916 = GEOMETRIC_CURVE_SET('',(#2917));
#2917 = TRIMMED_CURVE('',#2918,(#2945,PARAMETER_VALUE(0.)),(#2946,
    PARAMETER_VALUE(23.)),.T.,.PARAMETER.);
#2918 = B_SPLINE_CURVE_WITH_KNOTS('',3,(#2919,#2920,#2921,#2922,#2923,
    #2924,#2925,#2926,#2927,#2928,#2929,#2930,#2931,#2932,#2933,#2934,
    #2935,#2936,#2937,#2938,#2939,#2940,#2941,#2942,#2943,#2944),
  .UNSPECIFIED.,.F.,.F.,(4,1,1,1,1,1,1,1,1,1,1,1,1,1,1,1,1,1,1,1,1,1,1,4
    ),(0.,1.,2.,3.,4.,5.,6.,7.,8.,9.,10.,11.,12.,13.,14.,15.,16.,17.,18.
    ,19.,20.,21.,22.,23.),.QUASI_UNIFORM_KNOTS.);
#2919 = CARTESIAN_POINT('',(15.049163,0.,-155.870937));
#2920 = CARTESIAN_POINT('',(15.019467,0.944945,-155.881047));
#2921 = CARTESIAN_POINT('',(14.930496,1.88616,-155.891117));
#2922 = CARTESIAN_POINT('',(14.782601,2.819932,-155.901107));
#2923 = CARTESIAN_POINT('',(14.576366,3.742575,-155.910979));
#2924 = CARTESIAN_POINT('',(14.312605,4.650447,-155.920692));
#2925 = CARTESIAN_POINT('',(13.992358,5.539966,-155.930209));
#2926 = CARTESIAN_POINT('',(13.61689,6.407622,-155.939492));
#2927 = CARTESIAN_POINT('',(13.187682,7.24999,-155.948505));
#2928 = CARTESIAN_POINT('',(12.706429,8.063745,-155.957211));
#2929 = CARTESIAN_POINT('',(12.175029,8.845676,-155.965577));
#2930 = CARTESIAN_POINT('',(11.595579,9.592698,-155.973569));
#2931 = CARTESIAN_POINT('',(10.970368,10.301861,-155.981157));
#2932 = CARTESIAN_POINT('',(10.301861,10.970368,-155.988309));
#2933 = CARTESIAN_POINT('',(9.592698,11.595579,-155.994998));
#2934 = CARTESIAN_POINT('',(8.845676,12.175029,-156.001198));
#2935 = CARTESIAN_POINT('',(8.063745,12.706429,-156.006883));
#2936 = CARTESIAN_POINT('',(7.24999,13.187682,-156.012032));
#2937 = CARTESIAN_POINT('',(6.407622,13.61689,-156.016624));
#2938 = CARTESIAN_POINT('',(5.539966,13.992358,-156.020641));
#2939 = CARTESIAN_POINT('',(4.650447,14.312605,-156.024068));
#2940 = CARTESIAN_POINT('',(3.742575,14.576366,-156.02689));
#2941 = CARTESIAN_POINT('',(2.819932,14.782601,-156.029096));
#2942 = CARTESIAN_POINT('',(1.88616,14.930496,-156.030678));
#2943 = CARTESIAN_POINT('',(0.944945,15.019467,-156.03163));
#2944 = CARTESIAN_POINT('',(0.,15.049163,-156.031948));
#2945 = CARTESIAN_POINT('',(15.049163,0.,-155.870937));
#2946 = CARTESIAN_POINT('',(0.,15.049163,-156.031948));
#2947 = ( GEOMETRIC_REPRESENTATION_CONTEXT(3) 
GLOBAL_UNCERTAINTY_ASSIGNED_CONTEXT((#2951)) 
GLOBAL_UNIT_ASSIGNED_CONTEXT((#2948,#2949,#2950)) REPRESENTATION_CONTEXT
('Context #1','3D Context with UNIT and UNCERTAINTY') );
#2948 = ( LENGTH_UNIT() NAMED_UNIT(*) SI_UNIT(.MILLI.,.METRE.) );
#2949 = ( NAMED_UNIT(*) PLANE_ANGLE_UNIT() SI_UNIT($,.RADIAN.) );
#2950 = ( NAMED_UNIT(*) SI_UNIT($,.STERADIAN.) SOLID_ANGLE_UNIT() );
#2951 = UNCERTAINTY_MEASURE_WITH_UNIT(LENGTH_MEASURE(1.E-07),#2948,
  'distance_accuracy_value','confusion accuracy');
#2952 = CONTEXT_DEPENDENT_SHAPE_REPRESENTATION(#2953,#2955);
#2953 = ( REPRESENTATION_RELATIONSHIP('','',#2915,#10) 
REPRESENTATION_RELATIONSHIP_WITH_TRANSFORMATION(#2954) 
SHAPE_REPRESENTATION_RELATIONSHIP() );
#2954 = ITEM_DEFINED_TRANSFORMATION('','',#11,#43);
#2955 = PRODUCT_DEFINITION_SHAPE('Placement','Placement of an item',
  #2956);
#2956 = NEXT_ASSEMBLY_USAGE_OCCURRENCE('8','','',#5,#2910,$);
#2957 = PRODUCT_RELATED_PRODUCT_CATEGORY('part',$,(#2912));
#2958 = SHAPE_DEFINITION_REPRESENTATION(#2959,#2965);
#2959 = PRODUCT_DEFINITION_SHAPE('','',#2960);
#2960 = PRODUCT_DEFINITION('design','',#2961,#2964);
#2961 = PRODUCT_DEFINITION_FORMATION('','',#2962);
#2962 = PRODUCT('Open CASCADE STEP translator 7.8 1.9',
  'Open CASCADE STEP translator 7.8 1.9','',(#2963));
#2963 = PRODUCT_CONTEXT('',#2,'mechanical');
#2964 = PRODUCT_DEFINITION_CONTEXT('part definition',#2,'design');
#2965 = GEOMETRICALLY_BOUNDED_WIREFRAME_SHAPE_REPRESENTATION('',(#11,
    #2966),#2997);
#2966 = GEOMETRIC_CURVE_SET('',(#2967));
#2967 = TRIMMED_CURVE('',#2968,(#2995,PARAMETER_VALUE(0.)),(#2996,
    PARAMETER_VALUE(23.)),.T.,.PARAMETER.);
#2968 = B_SPLINE_CURVE_WITH_KNOTS('',3,(#2969,#2970,#2971,#2972,#2973,
    #2974,#2975,#2976,#2977,#2978,#2979,#2980,#2981,#2982,#2983,#2984,
    #2985,#2986,#2987,#2988,#2989,#2990,#2991,#2992,#2993,#2994),
  .UNSPECIFIED.,.F.,.F.,(4,1,1,1,1,1,1,1,1,1,1,1,1,1,1,1,1,1,1,1,1,1,1,4
    ),(0.,1.,2.,3.,4.,5.,6.,7.,8.,9.,10.,11.,12.,13.,14.,15.,16.,17.,18.
    ,19.,20.,21.,22.,23.),.QUASI_UNIFORM_KNOTS.);
#2969 = CARTESIAN_POINT('',(16.13097,0.,-152.579373));
#2970 = CARTESIAN_POINT('',(16.099139,1.012872,-152.592532));
#2971 = CARTESIAN_POINT('',(16.003772,2.021747,-152.605639));
#2972 = CARTESIAN_POINT('',(15.845246,3.022642,-152.618642));
#2973 = CARTESIAN_POINT('',(15.624186,4.011609,-152.631491));
#2974 = CARTESIAN_POINT('',(15.341464,4.984744,-152.644133));
#2975 = CARTESIAN_POINT('',(14.998197,5.938206,-152.65652));
#2976 = CARTESIAN_POINT('',(14.595738,6.868233,-152.668603));
#2977 = CARTESIAN_POINT('',(14.135677,7.771154,-152.680333));
#2978 = CARTESIAN_POINT('',(13.619828,8.643406,-152.691665));
#2979 = CARTESIAN_POINT('',(13.050229,9.481546,-152.702554));
#2980 = CARTESIAN_POINT('',(12.429126,10.282267,-152.712957));
#2981 = CARTESIAN_POINT('',(11.758971,11.042409,-152.722832));
#2982 = CARTESIAN_POINT('',(11.042409,11.758971,-152.732142));
#2983 = CARTESIAN_POINT('',(10.282267,12.429126,-152.740848));
#2984 = CARTESIAN_POINT('',(9.481546,13.050229,-152.748917));
#2985 = CARTESIAN_POINT('',(8.643406,13.619828,-152.756317));
#2986 = CARTESIAN_POINT('',(7.771154,14.135677,-152.763019));
#2987 = CARTESIAN_POINT('',(6.868233,14.595738,-152.768996));
#2988 = CARTESIAN_POINT('',(5.938206,14.998197,-152.774225));
#2989 = CARTESIAN_POINT('',(4.984744,15.341464,-152.778684));
#2990 = CARTESIAN_POINT('',(4.011609,15.624186,-152.782357));
#2991 = CARTESIAN_POINT('',(3.022642,15.845246,-152.785229));
#2992 = CARTESIAN_POINT('',(2.021747,16.003772,-152.787289));
#2993 = CARTESIAN_POINT('',(1.012872,16.099139,-152.788528));
#2994 = CARTESIAN_POINT('',(0.,16.13097,-152.788941));
#2995 = CARTESIAN_POINT('',(16.13097,0.,-152.579373));
#2996 = CARTESIAN_POINT('',(0.,16.13097,-152.788941));
#2997 = ( GEOMETRIC_REPRESENTATION_CONTEXT(3) 
GLOBAL_UNCERTAINTY_ASSIGNED_CONTEXT((#3001)) 
GLOBAL_UNIT_ASSIGNED_CONTEXT((#2998,#2999,#3000)) REPRESENTATION_CONTEXT
('Context #1','3D Context with UNIT and UNCERTAINTY') );
#2998 = ( LENGTH_UNIT() NAMED_UNIT(*) SI_UNIT(.MILLI.,.METRE.) );
#2999 = ( NAMED_UNIT(*) PLANE_ANGLE_UNIT() SI_UNIT($,.RADIAN.) );
#3000 = ( NAMED_UNIT(*) SI_UNIT($,.STERADIAN.) SOLID_ANGLE_UNIT() );
#3001 = UNCERTAINTY_MEASURE_WITH_UNIT(LENGTH_MEASURE(1.E-07),#2998,
  'distance_accuracy_value','confusion accuracy');
#3002 = CONTEXT_DEPENDENT_SHAPE_REPRESENTATION(#3003,#3005);
#3003 = ( REPRESENTATION_RELATIONSHIP('','',#2965,#10) 
REPRESENTATION_RELATIONSHIP_WITH_TRANSFORMATION(#3004) 
SHAPE_REPRESENTATION_RELATIONSHIP() );
#3004 = ITEM_DEFINED_TRANSFORMATION('','',#11,#47);
#3005 = PRODUCT_DEFINITION_SHAPE('Placement','Placement of an item',
  #3006);
#3006 = NEXT_ASSEMBLY_USAGE_OCCURRENCE('9','','',#5,#2960,$);
#3007 = PRODUCT_RELATED_PRODUCT_CATEGORY('part',$,(#2962));
#3008 = SHAPE_DEFINITION_REPRESENTATION(#3009,#3015);
#3009 = PRODUCT_DEFINITION_SHAPE('','',#3010);
#3010 = PRODUCT_DEFINITION('design','',#3011,#3014);
#3011 = PRODUCT_DEFINITION_FORMATION('','',#3012);
#3012 = PRODUCT('Open CASCADE STEP translator 7.8 1.10',
  'Open CASCADE STEP translator 7.8 1.10','',(#3013));
#3013 = PRODUCT_CONTEXT('',#2,'mechanical');
#3014 = PRODUCT_DEFINITION_CONTEXT('part definition',#2,'design');
#3015 = GEOMETRICALLY_BOUNDED_WIREFRAME_SHAPE_REPRESENTATION('',(#11,
    #3016),#3047);
#3016 = GEOMETRIC_CURVE_SET('',(#3017));
#3017 = TRIMMED_CURVE('',#3018,(#3045,PARAMETER_VALUE(0.)),(#3046,
    PARAMETER_VALUE(23.)),.T.,.PARAMETER.);
#3018 = B_SPLINE_CURVE_WITH_KNOTS('',3,(#3019,#3020,#3021,#3022,#3023,
    #3024,#3025,#3026,#3027,#3028,#3029,#3030,#3031,#3032,#3033,#3034,
    #3035,#3036,#3037,#3038,#3039,#3040,#3041,#3042,#3043,#3044),
  .UNSPECIFIED.,.F.,.F.,(4,1,1,1,1,1,1,1,1,1,1,1,1,1,1,1,1,1,1,1,1,1,1,4
    ),(0.,1.,2.,3.,4.,5.,6.,7.,8.,9.,10.,11.,12.,13.,14.,15.,16.,17.,18.
    ,19.,20.,21.,22.,23.),.QUASI_UNIFORM_KNOTS.);
#3019 = CARTESIAN_POINT('',(17.41382,0.,-149.113322));
#3020 = CARTESIAN_POINT('',(17.379458,1.093423,-149.130034));
#3021 = CARTESIAN_POINT('',(17.276507,2.18253,-149.14668));
#3022 = CARTESIAN_POINT('',(17.105374,3.263025,-149.163195));
#3023 = CARTESIAN_POINT('',(16.866733,4.330641,-149.179513));
#3024 = CARTESIAN_POINT('',(16.561527,5.381166,-149.195569));
#3025 = CARTESIAN_POINT('',(16.190961,6.410455,-149.211301));
#3026 = CARTESIAN_POINT('',(15.756496,7.414444,-149.226646));
#3027 = CARTESIAN_POINT('',(15.259847,8.389172,-149.241544));
#3028 = CARTESIAN_POINT('',(14.702975,9.330791,-149.255936));
#3029 = CARTESIAN_POINT('',(14.088076,10.235587,-149.269766));
#3030 = CARTESIAN_POINT('',(13.417579,11.099987,-149.282977));
#3031 = CARTESIAN_POINT('',(12.694129,11.92058,-149.29552));
#3032 = CARTESIAN_POINT('',(11.92058,12.694129,-149.307343));
#3033 = CARTESIAN_POINT('',(11.099987,13.417579,-149.3184));
#3034 = CARTESIAN_POINT('',(10.235587,14.088076,-149.328648));
#3035 = CARTESIAN_POINT('',(9.330791,14.702975,-149.338047));
#3036 = CARTESIAN_POINT('',(8.389172,15.259847,-149.346558));
#3037 = CARTESIAN_POINT('',(7.414444,15.756496,-149.354149));
#3038 = CARTESIAN_POINT('',(6.410455,16.190961,-149.360789));
#3039 = CARTESIAN_POINT('',(5.381166,16.561527,-149.366453));
#3040 = CARTESIAN_POINT('',(4.330641,16.866733,-149.371118));
#3041 = CARTESIAN_POINT('',(3.263025,17.105374,-149.374766));
#3042 = CARTESIAN_POINT('',(2.18253,17.276507,-149.377381));
#3043 = CARTESIAN_POINT('',(1.093423,17.379458,-149.378955));
#3044 = CARTESIAN_POINT('',(0.,17.41382,-149.37948));
#3045 = CARTESIAN_POINT('',(17.41382,0.,-149.113322));
#3046 = CARTESIAN_POINT('',(0.,17.41382,-149.37948));
#3047 = ( GEOMETRIC_REPRESENTATION_CONTEXT(3) 
GLOBAL_UNCERTAINTY_ASSIGNED_CONTEXT((#3051)) 
GLOBAL_UNIT_ASSIGNED_CONTEXT((#3048,#3049,#3050)) REPRESENTATION_CONTEXT
('Context #1','3D Context with UNIT and UNCERTAINTY') );
#3048 = ( LENGTH_UNIT() NAMED_UNIT(*) SI_UNIT(.MILLI.,.METRE.) );
#3049 = ( NAMED_UNIT(*) PLANE_ANGLE_UNIT() SI_UNIT($,.RADIAN.) );
#3050 = ( NAMED_UNIT(*) SI_UNIT($,.STERADIAN.) SOLID_ANGLE_UNIT() );
#3051 = UNCERTAINTY_MEASURE_WITH_UNIT(LENGTH_MEASURE(1.E-07),#3048,
  'distance_accuracy_value','confusion accuracy');
#3052 = CONTEXT_DEPENDENT_SHAPE_REPRESENTATION(#3053,#3055);
#3053 = ( REPRESENTATION_RELATIONSHIP('','',#3015,#10) 
REPRESENTATION_RELATIONSHIP_WITH_TRANSFORMATION(#3054) 
SHAPE_REPRESENTATION_RELATIONSHIP() );
#3054 = ITEM_DEFINED_TRANSFORMATION('','',#11,#51);
#3055 = PRODUCT_DEFINITION_SHAPE('Placement','Placement of an item',
  #3056);
#3056 = NEXT_ASSEMBLY_USAGE_OCCURRENCE('10','','',#5,#3010,$);
#3057 = PRODUCT_RELATED_PRODUCT_CATEGORY('part',$,(#3012));
#3058 = SHAPE_DEFINITION_REPRESENTATION(#3059,#3065);
#3059 = PRODUCT_DEFINITION_SHAPE('','',#3060);
#3060 = PRODUCT_DEFINITION('design','',#3061,#3064);
#3061 = PRODUCT_DEFINITION_FORMATION('','',#3062);
#3062 = PRODUCT('Open CASCADE STEP translator 7.8 1.11',
  'Open CASCADE STEP translator 7.8 1.11','',(#3063));
#3063 = PRODUCT_CONTEXT('',#2,'mechanical');
#3064 = PRODUCT_DEFINITION_CONTEXT('part definition',#2,'design');
#3065 = GEOMETRICALLY_BOUNDED_WIREFRAME_SHAPE_REPRESENTATION('',(#11,
    #3066),#3097);
#3066 = GEOMETRIC_CURVE_SET('',(#3067));
#3067 = TRIMMED_CURVE('',#3068,(#3095,PARAMETER_VALUE(0.)),(#3096,
    PARAMETER_VALUE(23.)),.T.,.PARAMETER.);
#3068 = B_SPLINE_CURVE_WITH_KNOTS('',3,(#3069,#3070,#3071,#3072,#3073,
    #3074,#3075,#3076,#3077,#3078,#3079,#3080,#3081,#3082,#3083,#3084,
    #3085,#3086,#3087,#3088,#3089,#3090,#3091,#3092,#3093,#3094),
  .UNSPECIFIED.,.F.,.F.,(4,1,1,1,1,1,1,1,1,1,1,1,1,1,1,1,1,1,1,1,1,1,1,4
    ),(0.,1.,2.,3.,4.,5.,6.,7.,8.,9.,10.,11.,12.,13.,14.,15.,16.,17.,18.
    ,19.,20.,21.,22.,23.),.QUASI_UNIFORM_KNOTS.);
#3069 = CARTESIAN_POINT('',(19.439626,0.,-144.169303));
#3070 = CARTESIAN_POINT('',(19.401266,1.220624,-144.191691));
#3071 = CARTESIAN_POINT('',(19.286338,2.436431,-144.213991));
#3072 = CARTESIAN_POINT('',(19.095296,3.642623,-144.236113));
#3073 = CARTESIAN_POINT('',(18.828894,4.834438,-144.257973));
#3074 = CARTESIAN_POINT('',(18.488183,6.007175,-144.279482));
#3075 = CARTESIAN_POINT('',(18.074507,7.156204,-144.300557));
#3076 = CARTESIAN_POINT('',(17.589499,8.27699,-144.321113));
#3077 = CARTESIAN_POINT('',(17.035074,9.365111,-144.341071));
#3078 = CARTESIAN_POINT('',(16.413419,10.416272,-144.36035));
#3079 = CARTESIAN_POINT('',(15.726988,11.426325,-144.378876));
#3080 = CARTESIAN_POINT('',(14.978489,12.391284,-144.396574));
#3081 = CARTESIAN_POINT('',(14.170877,13.30734,-144.413376));
#3082 = CARTESIAN_POINT('',(13.30734,14.170877,-144.429214));
#3083 = CARTESIAN_POINT('',(12.391284,14.978489,-144.444027));
#3084 = CARTESIAN_POINT('',(11.426325,15.726988,-144.457755));
#3085 = CARTESIAN_POINT('',(10.416272,16.413419,-144.470345));
#3086 = CARTESIAN_POINT('',(9.365111,17.035074,-144.481747));
#3087 = CARTESIAN_POINT('',(8.27699,17.589499,-144.491916));
#3088 = CARTESIAN_POINT('',(7.156204,18.074507,-144.500811));
#3089 = CARTESIAN_POINT('',(6.007175,18.488183,-144.508399));
#3090 = CARTESIAN_POINT('',(4.834438,18.828894,-144.514648));
#3091 = CARTESIAN_POINT('',(3.642623,19.095296,-144.519534));
#3092 = CARTESIAN_POINT('',(2.436431,19.286338,-144.523038));
#3093 = CARTESIAN_POINT('',(1.220624,19.401266,-144.525146));
#3094 = CARTESIAN_POINT('',(0.,19.439626,-144.525849));
#3095 = CARTESIAN_POINT('',(19.439626,0.,-144.169303));
#3096 = CARTESIAN_POINT('',(0.,19.439626,-144.525849));
#3097 = ( GEOMETRIC_REPRESENTATION_CONTEXT(3) 
GLOBAL_UNCERTAINTY_ASSIGNED_CONTEXT((#3101)) 
GLOBAL_UNIT_ASSIGNED_CONTEXT((#3098,#3099,#3100)) REPRESENTATION_CONTEXT
('Context #1','3D Context with UNIT and UNCERTAINTY') );
#3098 = ( LENGTH_UNIT() NAMED_UNIT(*) SI_UNIT(.MILLI.,.METRE.) );
#3099 = ( NAMED_UNIT(*) PLANE_ANGLE_UNIT() SI_UNIT($,.RADIAN.) );
#3100 = ( NAMED_UNIT(*) SI_UNIT($,.STERADIAN.) SOLID_ANGLE_UNIT() );
#3101 = UNCERTAINTY_MEASURE_WITH_UNIT(LENGTH_MEASURE(1.E-07),#3098,
  'distance_accuracy_value','confusion accuracy');
#3102 = CONTEXT_DEPENDENT_SHAPE_REPRESENTATION(#3103,#3105);
#3103 = ( REPRESENTATION_RELATIONSHIP('','',#3065,#10) 
REPRESENTATION_RELATIONSHIP_WITH_TRANSFORMATION(#3104) 
SHAPE_REPRESENTATION_RELATIONSHIP() );
#3104 = ITEM_DEFINED_TRANSFORMATION('','',#11,#55);
#3105 = PRODUCT_DEFINITION_SHAPE('Placement','Placement of an item',
  #3106);
#3106 = NEXT_ASSEMBLY_USAGE_OCCURRENCE('11','','',#5,#3060,$);
#3107 = PRODUCT_RELATED_PRODUCT_CATEGORY('part',$,(#3062));
#3108 = SHAPE_DEFINITION_REPRESENTATION(#3109,#3115);
#3109 = PRODUCT_DEFINITION_SHAPE('','',#3110);
#3110 = PRODUCT_DEFINITION('design','',#3111,#3114);
#3111 = PRODUCT_DEFINITION_FORMATION('','',#3112);
#3112 = PRODUCT('Open CASCADE STEP translator 7.8 1.12',
  'Open CASCADE STEP translator 7.8 1.12','',(#3113));
#3113 = PRODUCT_CONTEXT('',#2,'mechanical');
#3114 = PRODUCT_DEFINITION_CONTEXT('part definition',#2,'design');
#3115 = GEOMETRICALLY_BOUNDED_WIREFRAME_SHAPE_REPRESENTATION('',(#11,
    #3116),#3147);
#3116 = GEOMETRIC_CURVE_SET('',(#3117));
#3117 = TRIMMED_CURVE('',#3118,(#3145,PARAMETER_VALUE(0.)),(#3146,
    PARAMETER_VALUE(23.)),.T.,.PARAMETER.);
#3118 = B_SPLINE_CURVE_WITH_KNOTS('',3,(#3119,#3120,#3121,#3122,#3123,
    #3124,#3125,#3126,#3127,#3128,#3129,#3130,#3131,#3132,#3133,#3134,
    #3135,#3136,#3137,#3138,#3139,#3140,#3141,#3142,#3143,#3144),
  .UNSPECIFIED.,.F.,.F.,(4,1,1,1,1,1,1,1,1,1,1,1,1,1,1,1,1,1,1,1,1,1,1,4
    ),(0.,1.,2.,3.,4.,5.,6.,7.,8.,9.,10.,11.,12.,13.,14.,15.,16.,17.,18.
    ,19.,20.,21.,22.,23.),.QUASI_UNIFORM_KNOTS.);
#3119 = CARTESIAN_POINT('',(21.198459,0.,-140.185091));
#3120 = CARTESIAN_POINT('',(21.156629,1.331062,-140.212556));
#3121 = CARTESIAN_POINT('',(21.031303,2.656871,-140.239912));
#3122 = CARTESIAN_POINT('',(20.822976,3.972195,-140.267052));
#3123 = CARTESIAN_POINT('',(20.532471,5.271842,-140.293869));
#3124 = CARTESIAN_POINT('',(20.160933,6.550684,-140.320257));
#3125 = CARTESIAN_POINT('',(19.709829,7.803673,-140.346111));
#3126 = CARTESIAN_POINT('',(19.180939,9.025865,-140.371329));
#3127 = CARTESIAN_POINT('',(18.576351,10.212436,-140.395813));
#3128 = CARTESIAN_POINT('',(17.898451,11.358702,-140.419464));
#3129 = CARTESIAN_POINT('',(17.149914,12.460142,-140.442191));
#3130 = CARTESIAN_POINT('',(16.333694,13.512406,-140.463904));
#3131 = CARTESIAN_POINT('',(15.453012,14.511344,-140.484515));
#3132 = CARTESIAN_POINT('',(14.511344,15.453012,-140.503946));
#3133 = CARTESIAN_POINT('',(13.512406,16.333694,-140.522117));
#3134 = CARTESIAN_POINT('',(12.460142,17.149914,-140.538959));
#3135 = CARTESIAN_POINT('',(11.358702,17.898451,-140.554404));
#3136 = CARTESIAN_POINT('',(10.212436,18.576351,-140.568392));
#3137 = CARTESIAN_POINT('',(9.025865,19.180939,-140.580867));
#3138 = CARTESIAN_POINT('',(7.803673,19.709829,-140.59178));
#3139 = CARTESIAN_POINT('',(6.550684,20.160933,-140.601088));
#3140 = CARTESIAN_POINT('',(5.271842,20.532471,-140.608754));
#3141 = CARTESIAN_POINT('',(3.972195,20.822976,-140.614749));
#3142 = CARTESIAN_POINT('',(2.656871,21.031303,-140.619047));
#3143 = CARTESIAN_POINT('',(1.331062,21.156629,-140.621633));
#3144 = CARTESIAN_POINT('',(0.,21.198459,-140.622496));
#3145 = CARTESIAN_POINT('',(21.198459,0.,-140.185091));
#3146 = CARTESIAN_POINT('',(0.,21.198459,-140.622496));
#3147 = ( GEOMETRIC_REPRESENTATION_CONTEXT(3) 
GLOBAL_UNCERTAINTY_ASSIGNED_CONTEXT((#3151)) 
GLOBAL_UNIT_ASSIGNED_CONTEXT((#3148,#3149,#3150)) REPRESENTATION_CONTEXT
('Context #1','3D Context with UNIT and UNCERTAINTY') );
#3148 = ( LENGTH_UNIT() NAMED_UNIT(*) SI_UNIT(.MILLI.,.METRE.) );
#3149 = ( NAMED_UNIT(*) PLANE_ANGLE_UNIT() SI_UNIT($,.RADIAN.) );
#3150 = ( NAMED_UNIT(*) SI_UNIT($,.STERADIAN.) SOLID_ANGLE_UNIT() );
#3151 = UNCERTAINTY_MEASURE_WITH_UNIT(LENGTH_MEASURE(1.E-07),#3148,
  'distance_accuracy_value','confusion accuracy');
#3152 = CONTEXT_DEPENDENT_SHAPE_REPRESENTATION(#3153,#3155);
#3153 = ( REPRESENTATION_RELATIONSHIP('','',#3115,#10) 
REPRESENTATION_RELATIONSHIP_WITH_TRANSFORMATION(#3154) 
SHAPE_REPRESENTATION_RELATIONSHIP() );
#3154 = ITEM_DEFINED_TRANSFORMATION('','',#11,#59);
#3155 = PRODUCT_DEFINITION_SHAPE('Placement','Placement of an item',
  #3156);
#3156 = NEXT_ASSEMBLY_USAGE_OCCURRENCE('12','','',#5,#3110,$);
#3157 = PRODUCT_RELATED_PRODUCT_CATEGORY('part',$,(#3112));
#3158 = SHAPE_DEFINITION_REPRESENTATION(#3159,#3165);
#3159 = PRODUCT_DEFINITION_SHAPE('','',#3160);
#3160 = PRODUCT_DEFINITION('design','',#3161,#3164);
#3161 = PRODUCT_DEFINITION_FORMATION('','',#3162);
#3162 = PRODUCT('Open CASCADE STEP translator 7.8 1.13',
  'Open CASCADE STEP translator 7.8 1.13','',(#3163));
#3163 = PRODUCT_CONTEXT('',#2,'mechanical');
#3164 = PRODUCT_DEFINITION_CONTEXT('part definition',#2,'design');
#3165 = GEOMETRICALLY_BOUNDED_WIREFRAME_SHAPE_REPRESENTATION('',(#11,
    #3166),#3197);
#3166 = GEOMETRIC_CURVE_SET('',(#3167));
#3167 = TRIMMED_CURVE('',#3168,(#3195,PARAMETER_VALUE(0.)),(#3196,
    PARAMETER_VALUE(23.)),.T.,.PARAMETER.);
#3168 = B_SPLINE_CURVE_WITH_KNOTS('',3,(#3169,#3170,#3171,#3172,#3173,
    #3174,#3175,#3176,#3177,#3178,#3179,#3180,#3181,#3182,#3183,#3184,
    #3185,#3186,#3187,#3188,#3189,#3190,#3191,#3192,#3193,#3194),
  .UNSPECIFIED.,.F.,.F.,(4,1,1,1,1,1,1,1,1,1,1,1,1,1,1,1,1,1,1,1,1,1,1,4
    ),(0.,1.,2.,3.,4.,5.,6.,7.,8.,9.,10.,11.,12.,13.,14.,15.,16.,17.,18.
    ,19.,20.,21.,22.,23.),.QUASI_UNIFORM_KNOTS.);
#3169 = CARTESIAN_POINT('',(23.867921,0.,-134.460928));
#3170 = CARTESIAN_POINT('',(23.820823,1.498679,-134.496432));
#3171 = CARTESIAN_POINT('',(23.679716,2.991444,-134.531797));
#3172 = CARTESIAN_POINT('',(23.445155,4.472402,-134.566882));
#3173 = CARTESIAN_POINT('',(23.118067,5.935711,-134.601549));
#3174 = CARTESIAN_POINT('',(22.699742,7.375593,-134.635661));
#3175 = CARTESIAN_POINT('',(22.191832,8.786368,-134.669083));
#3176 = CARTESIAN_POINT('',(21.596341,10.162467,-134.701683));
#3177 = CARTESIAN_POINT('',(20.915619,11.498459,-134.733334));
#3178 = CARTESIAN_POINT('',(20.152352,12.789072,-134.76391));
#3179 = CARTESIAN_POINT('',(19.309554,14.029212,-134.793289));
#3180 = CARTESIAN_POINT('',(18.390549,15.213986,-134.821357));
#3181 = CARTESIAN_POINT('',(17.398966,16.338716,-134.848003));
#3182 = CARTESIAN_POINT('',(16.338716,17.398966,-134.873121));
#3183 = CARTESIAN_POINT('',(15.213986,18.390549,-134.896612));
#3184 = CARTESIAN_POINT('',(14.029212,19.309554,-134.918384));
#3185 = CARTESIAN_POINT('',(12.789072,20.152352,-134.938351));
#3186 = CARTESIAN_POINT('',(11.498459,20.915619,-134.956433));
#3187 = CARTESIAN_POINT('',(10.162467,21.596341,-134.97256));
#3188 = CARTESIAN_POINT('',(8.786368,22.191832,-134.986667));
#3189 = CARTESIAN_POINT('',(7.375593,22.699742,-134.9987));
#3190 = CARTESIAN_POINT('',(5.935711,23.118067,-135.008611));
#3191 = CARTESIAN_POINT('',(4.472402,23.445155,-135.016359));
#3192 = CARTESIAN_POINT('',(2.991444,23.679716,-135.021916));
#3193 = CARTESIAN_POINT('',(1.498679,23.820823,-135.025259));
#3194 = CARTESIAN_POINT('',(0.,23.867921,-135.026375));
#3195 = CARTESIAN_POINT('',(23.867921,0.,-134.460928));
#3196 = CARTESIAN_POINT('',(0.,23.867921,-135.026375));
#3197 = ( GEOMETRIC_REPRESENTATION_CONTEXT(3) 
GLOBAL_UNCERTAINTY_ASSIGNED_CONTEXT((#3201)) 
GLOBAL_UNIT_ASSIGNED_CONTEXT((#3198,#3199,#3200)) REPRESENTATION_CONTEXT
('Context #1','3D Context with UNIT and UNCERTAINTY') );
#3198 = ( LENGTH_UNIT() NAMED_UNIT(*) SI_UNIT(.MILLI.,.METRE.) );
#3199 = ( NAMED_UNIT(*) PLANE_ANGLE_UNIT() SI_UNIT($,.RADIAN.) );
#3200 = ( NAMED_UNIT(*) SI_UNIT($,.STERADIAN.) SOLID_ANGLE_UNIT() );
#3201 = UNCERTAINTY_MEASURE_WITH_UNIT(LENGTH_MEASURE(1.E-07),#3198,
  'distance_accuracy_value','confusion accuracy');
#3202 = CONTEXT_DEPENDENT_SHAPE_REPRESENTATION(#3203,#3205);
#3203 = ( REPRESENTATION_RELATIONSHIP('','',#3165,#10) 
REPRESENTATION_RELATIONSHIP_WITH_TRANSFORMATION(#3204) 
SHAPE_REPRESENTATION_RELATIONSHIP() );
#3204 = ITEM_DEFINED_TRANSFORMATION('','',#11,#63);
#3205 = PRODUCT_DEFINITION_SHAPE('Placement','Placement of an item',
  #3206);
#3206 = NEXT_ASSEMBLY_USAGE_OCCURRENCE('13','','',#5,#3160,$);
#3207 = PRODUCT_RELATED_PRODUCT_CATEGORY('part',$,(#3162));
#3208 = SHAPE_DEFINITION_REPRESENTATION(#3209,#3215);
#3209 = PRODUCT_DEFINITION_SHAPE('','',#3210);
#3210 = PRODUCT_DEFINITION('design','',#3211,#3214);
#3211 = PRODUCT_DEFINITION_FORMATION('','',#3212);
#3212 = PRODUCT('Open CASCADE STEP translator 7.8 1.14',
  'Open CASCADE STEP translator 7.8 1.14','',(#3213));
#3213 = PRODUCT_CONTEXT('',#2,'mechanical');
#3214 = PRODUCT_DEFINITION_CONTEXT('part definition',#2,'design');
#3215 = GEOMETRICALLY_BOUNDED_WIREFRAME_SHAPE_REPRESENTATION('',(#11,
    #3216),#3247);
#3216 = GEOMETRIC_CURVE_SET('',(#3217));
#3217 = TRIMMED_CURVE('',#3218,(#3245,PARAMETER_VALUE(0.)),(#3246,
    PARAMETER_VALUE(23.)),.T.,.PARAMETER.);
#3218 = B_SPLINE_CURVE_WITH_KNOTS('',3,(#3219,#3220,#3221,#3222,#3223,
    #3224,#3225,#3226,#3227,#3228,#3229,#3230,#3231,#3232,#3233,#3234,
    #3235,#3236,#3237,#3238,#3239,#3240,#3241,#3242,#3243,#3244),
  .UNSPECIFIED.,.F.,.F.,(4,1,1,1,1,1,1,1,1,1,1,1,1,1,1,1,1,1,1,1,1,1,1,4
    ),(0.,1.,2.,3.,4.,5.,6.,7.,8.,9.,10.,11.,12.,13.,14.,15.,16.,17.,18.
    ,19.,20.,21.,22.,23.),.QUASI_UNIFORM_KNOTS.);
#3219 = CARTESIAN_POINT('',(26.116879,0.,-129.833622));
#3220 = CARTESIAN_POINT('',(26.065343,1.639892,-129.876232));
#3221 = CARTESIAN_POINT('',(25.910939,3.273313,-129.918674));
#3222 = CARTESIAN_POINT('',(25.654277,4.893815,-129.96078));
#3223 = CARTESIAN_POINT('',(25.296369,6.495004,-130.002384));
#3224 = CARTESIAN_POINT('',(24.838628,8.070559,-130.043322));
#3225 = CARTESIAN_POINT('',(24.28286,9.614264,-130.083433));
#3226 = CARTESIAN_POINT('',(23.631258,11.120026,-130.122557));
#3227 = CARTESIAN_POINT('',(22.886395,12.581902,-130.160542));
#3228 = CARTESIAN_POINT('',(22.05121,13.994123,-130.197236));
#3229 = CARTESIAN_POINT('',(21.128999,15.351116,-130.232495));
#3230 = CARTESIAN_POINT('',(20.123401,16.647525,-130.26618));
#3231 = CARTESIAN_POINT('',(19.038385,17.878234,-130.298158));
#3232 = CARTESIAN_POINT('',(17.878234,19.038385,-130.328303));
#3233 = CARTESIAN_POINT('',(16.647525,20.123401,-130.356495));
#3234 = CARTESIAN_POINT('',(15.351116,21.128999,-130.382624));
#3235 = CARTESIAN_POINT('',(13.994123,22.05121,-130.406586));
#3236 = CARTESIAN_POINT('',(12.581902,22.886395,-130.428287));
#3237 = CARTESIAN_POINT('',(11.120026,23.631258,-130.447641));
#3238 = CARTESIAN_POINT('',(9.614264,24.28286,-130.464572));
#3239 = CARTESIAN_POINT('',(8.070559,24.838628,-130.479012));
#3240 = CARTESIAN_POINT('',(6.495004,25.296369,-130.490906));
#3241 = CARTESIAN_POINT('',(4.893815,25.654277,-130.500206));
#3242 = CARTESIAN_POINT('',(3.273313,25.910939,-130.506875));
#3243 = CARTESIAN_POINT('',(1.639892,26.065343,-130.510887));
#3244 = CARTESIAN_POINT('',(0.,26.116879,-130.512226));
#3245 = CARTESIAN_POINT('',(26.116879,0.,-129.833622));
#3246 = CARTESIAN_POINT('',(0.,26.116879,-130.512226));
#3247 = ( GEOMETRIC_REPRESENTATION_CONTEXT(3) 
GLOBAL_UNCERTAINTY_ASSIGNED_CONTEXT((#3251)) 
GLOBAL_UNIT_ASSIGNED_CONTEXT((#3248,#3249,#3250)) REPRESENTATION_CONTEXT
('Context #1','3D Context with UNIT and UNCERTAINTY') );
#3248 = ( LENGTH_UNIT() NAMED_UNIT(*) SI_UNIT(.MILLI.,.METRE.) );
#3249 = ( NAMED_UNIT(*) PLANE_ANGLE_UNIT() SI_UNIT($,.RADIAN.) );
#3250 = ( NAMED_UNIT(*) SI_UNIT($,.STERADIAN.) SOLID_ANGLE_UNIT() );
#3251 = UNCERTAINTY_MEASURE_WITH_UNIT(LENGTH_MEASURE(1.E-07),#3248,
  'distance_accuracy_value','confusion accuracy');
#3252 = CONTEXT_DEPENDENT_SHAPE_REPRESENTATION(#3253,#3255);
#3253 = ( REPRESENTATION_RELATIONSHIP('','',#3215,#10) 
REPRESENTATION_RELATIONSHIP_WITH_TRANSFORMATION(#3254) 
SHAPE_REPRESENTATION_RELATIONSHIP() );
#3254 = ITEM_DEFINED_TRANSFORMATION('','',#11,#67);
#3255 = PRODUCT_DEFINITION_SHAPE('Placement','Placement of an item',
  #3256);
#3256 = NEXT_ASSEMBLY_USAGE_OCCURRENCE('14','','',#5,#3210,$);
#3257 = PRODUCT_RELATED_PRODUCT_CATEGORY('part',$,(#3212));
#3258 = SHAPE_DEFINITION_REPRESENTATION(#3259,#3265);
#3259 = PRODUCT_DEFINITION_SHAPE('','',#3260);
#3260 = PRODUCT_DEFINITION('design','',#3261,#3264);
#3261 = PRODUCT_DEFINITION_FORMATION('','',#3262);
#3262 = PRODUCT('Open CASCADE STEP translator 7.8 1.15',
  'Open CASCADE STEP translator 7.8 1.15','',(#3263));
#3263 = PRODUCT_CONTEXT('',#2,'mechanical');
#3264 = PRODUCT_DEFINITION_CONTEXT('part definition',#2,'design');
#3265 = GEOMETRICALLY_BOUNDED_WIREFRAME_SHAPE_REPRESENTATION('',(#11,
    #3266),#3297);
#3266 = GEOMETRIC_CURVE_SET('',(#3267));
#3267 = TRIMMED_CURVE('',#3268,(#3295,PARAMETER_VALUE(0.)),(#3296,
    PARAMETER_VALUE(23.)),.T.,.PARAMETER.);
#3268 = B_SPLINE_CURVE_WITH_KNOTS('',3,(#3269,#3270,#3271,#3272,#3273,
    #3274,#3275,#3276,#3277,#3278,#3279,#3280,#3281,#3282,#3283,#3284,
    #3285,#3286,#3287,#3288,#3289,#3290,#3291,#3292,#3293,#3294),
  .UNSPECIFIED.,.F.,.F.,(4,1,1,1,1,1,1,1,1,1,1,1,1,1,1,1,1,1,1,1,1,1,1,4
    ),(0.,1.,2.,3.,4.,5.,6.,7.,8.,9.,10.,11.,12.,13.,14.,15.,16.,17.,18.
    ,19.,20.,21.,22.,23.),.QUASI_UNIFORM_KNOTS.);
#3269 = CARTESIAN_POINT('',(29.44983,0.,-123.187973));
#3270 = CARTESIAN_POINT('',(29.391718,1.84917,-123.241674));
#3271 = CARTESIAN_POINT('',(29.217609,3.691042,-123.295162));
#3272 = CARTESIAN_POINT('',(28.928193,5.518348,-123.348227));
#3273 = CARTESIAN_POINT('',(28.524609,7.323875,-123.40066));
#3274 = CARTESIAN_POINT('',(28.008453,9.100498,-123.452254));
#3275 = CARTESIAN_POINT('',(27.381759,10.841206,-123.502804));
#3276 = CARTESIAN_POINT('',(26.647003,12.539128,-123.552112));
#3277 = CARTESIAN_POINT('',(25.807083,14.187564,-123.599983));
#3278 = CARTESIAN_POINT('',(24.865314,15.780008,-123.646228));
#3279 = CARTESIAN_POINT('',(23.825413,17.310176,-123.690664));
#3280 = CARTESIAN_POINT('',(22.691484,18.772028,-123.733117));
#3281 = CARTESIAN_POINT('',(21.468002,20.159796,-123.773418));
#3282 = CARTESIAN_POINT('',(20.159796,21.468002,-123.811409));
#3283 = CARTESIAN_POINT('',(18.772028,22.691484,-123.846939));
#3284 = CARTESIAN_POINT('',(17.310176,23.825413,-123.879868));
#3285 = CARTESIAN_POINT('',(15.780008,24.865314,-123.910067));
#3286 = CARTESIAN_POINT('',(14.187564,25.807083,-123.937416));
#3287 = CARTESIAN_POINT('',(12.539128,26.647003,-123.961808));
#3288 = CARTESIAN_POINT('',(10.841206,27.381759,-123.983145));
#3289 = CARTESIAN_POINT('',(9.100498,28.008453,-124.001344));
#3290 = CARTESIAN_POINT('',(7.323875,28.524609,-124.016334));
#3291 = CARTESIAN_POINT('',(5.518348,28.928193,-124.028054));
#3292 = CARTESIAN_POINT('',(3.691042,29.217609,-124.036459));
#3293 = CARTESIAN_POINT('',(1.84917,29.391718,-124.041515));
#3294 = CARTESIAN_POINT('',(0.,29.44983,-124.043202));
#3295 = CARTESIAN_POINT('',(29.44983,0.,-123.187973));
#3296 = CARTESIAN_POINT('',(0.,29.44983,-124.043202));
#3297 = ( GEOMETRIC_REPRESENTATION_CONTEXT(3) 
GLOBAL_UNCERTAINTY_ASSIGNED_CONTEXT((#3301)) 
GLOBAL_UNIT_ASSIGNED_CONTEXT((#3298,#3299,#3300)) REPRESENTATION_CONTEXT
('Context #1','3D Context with UNIT and UNCERTAINTY') );
#3298 = ( LENGTH_UNIT() NAMED_UNIT(*) SI_UNIT(.MILLI.,.METRE.) );
#3299 = ( NAMED_UNIT(*) PLANE_ANGLE_UNIT() SI_UNIT($,.RADIAN.) );
#3300 = ( NAMED_UNIT(*) SI_UNIT($,.STERADIAN.) SOLID_ANGLE_UNIT() );
#3301 = UNCERTAINTY_MEASURE_WITH_UNIT(LENGTH_MEASURE(1.E-07),#3298,
  'distance_accuracy_value','confusion accuracy');
#3302 = CONTEXT_DEPENDENT_SHAPE_REPRESENTATION(#3303,#3305);
#3303 = ( REPRESENTATION_RELATIONSHIP('','',#3265,#10) 
REPRESENTATION_RELATIONSHIP_WITH_TRANSFORMATION(#3304) 
SHAPE_REPRESENTATION_RELATIONSHIP() );
#3304 = ITEM_DEFINED_TRANSFORMATION('','',#11,#71);
#3305 = PRODUCT_DEFINITION_SHAPE('Placement','Placement of an item',
  #3306);
#3306 = NEXT_ASSEMBLY_USAGE_OCCURRENCE('15','','',#5,#3260,$);
#3307 = PRODUCT_RELATED_PRODUCT_CATEGORY('part',$,(#3262));
#3308 = SHAPE_DEFINITION_REPRESENTATION(#3309,#3315);
#3309 = PRODUCT_DEFINITION_SHAPE('','',#3310);
#3310 = PRODUCT_DEFINITION('design','',#3311,#3314);
#3311 = PRODUCT_DEFINITION_FORMATION('','',#3312);
#3312 = PRODUCT('Open CASCADE STEP translator 7.8 1.16',
  'Open CASCADE STEP translator 7.8 1.16','',(#3313));
#3313 = PRODUCT_CONTEXT('',#2,'mechanical');
#3314 = PRODUCT_DEFINITION_CONTEXT('part definition',#2,'design');
#3315 = GEOMETRICALLY_BOUNDED_WIREFRAME_SHAPE_REPRESENTATION('',(#11,
    #3316),#3347);
#3316 = GEOMETRIC_CURVE_SET('',(#3317));
#3317 = TRIMMED_CURVE('',#3318,(#3345,PARAMETER_VALUE(0.)),(#3346,
    PARAMETER_VALUE(23.)),.T.,.PARAMETER.);
#3318 = B_SPLINE_CURVE_WITH_KNOTS('',3,(#3319,#3320,#3321,#3322,#3323,
    #3324,#3325,#3326,#3327,#3328,#3329,#3330,#3331,#3332,#3333,#3334,
    #3335,#3336,#3337,#3338,#3339,#3340,#3341,#3342,#3343,#3344),
  .UNSPECIFIED.,.F.,.F.,(4,1,1,1,1,1,1,1,1,1,1,1,1,1,1,1,1,1,1,1,1,1,1,4
    ),(0.,1.,2.,3.,4.,5.,6.,7.,8.,9.,10.,11.,12.,13.,14.,15.,16.,17.,18.
    ,19.,20.,21.,22.,23.),.QUASI_UNIFORM_KNOTS.);
#3319 = CARTESIAN_POINT('',(32.203719,0.,-117.830995));
#3320 = CARTESIAN_POINT('',(32.140173,2.022088,-117.894353));
#3321 = CARTESIAN_POINT('',(31.949783,4.036196,-117.957461));
#3322 = CARTESIAN_POINT('',(31.633303,6.034375,-118.020069));
#3323 = CARTESIAN_POINT('',(31.19198,8.008739,-118.081932));
#3324 = CARTESIAN_POINT('',(30.627557,9.951497,-118.142804));
#3325 = CARTESIAN_POINT('',(29.942261,11.85498,-118.202446));
#3326 = CARTESIAN_POINT('',(29.138796,13.711677,-118.260621));
#3327 = CARTESIAN_POINT('',(28.220334,15.51426,-118.317101));
#3328 = CARTESIAN_POINT('',(27.1905,17.255616,-118.371663));
#3329 = CARTESIAN_POINT('',(26.053356,18.928871,-118.424091));
#3330 = CARTESIAN_POINT('',(24.813392,20.527423,-118.474178));
#3331 = CARTESIAN_POINT('',(23.475501,22.044963,-118.521727));
#3332 = CARTESIAN_POINT('',(22.044963,23.475501,-118.56655));
#3333 = CARTESIAN_POINT('',(20.527423,24.813392,-118.608469));
#3334 = CARTESIAN_POINT('',(18.928871,26.053356,-118.647321));
#3335 = CARTESIAN_POINT('',(17.255616,27.1905,-118.682951));
#3336 = CARTESIAN_POINT('',(15.51426,28.220334,-118.715219));
#3337 = CARTESIAN_POINT('',(13.711677,29.138796,-118.743997));
#3338 = CARTESIAN_POINT('',(11.85498,29.942261,-118.769172));
#3339 = CARTESIAN_POINT('',(9.951497,30.627557,-118.790644));
#3340 = CARTESIAN_POINT('',(8.008739,31.19198,-118.808329));
#3341 = CARTESIAN_POINT('',(6.034375,31.633303,-118.822157));
#3342 = CARTESIAN_POINT('',(4.036196,31.949783,-118.832073));
#3343 = CARTESIAN_POINT('',(2.022088,32.140173,-118.838038));
#3344 = CARTESIAN_POINT('',(0.,32.203719,-118.840029));
#3345 = CARTESIAN_POINT('',(32.203719,0.,-117.830995));
#3346 = CARTESIAN_POINT('',(0.,32.203719,-118.840029));
#3347 = ( GEOMETRIC_REPRESENTATION_CONTEXT(3) 
GLOBAL_UNCERTAINTY_ASSIGNED_CONTEXT((#3351)) 
GLOBAL_UNIT_ASSIGNED_CONTEXT((#3348,#3349,#3350)) REPRESENTATION_CONTEXT
('Context #1','3D Context with UNIT and UNCERTAINTY') );
#3348 = ( LENGTH_UNIT() NAMED_UNIT(*) SI_UNIT(.MILLI.,.METRE.) );
#3349 = ( NAMED_UNIT(*) PLANE_ANGLE_UNIT() SI_UNIT($,.RADIAN.) );
#3350 = ( NAMED_UNIT(*) SI_UNIT($,.STERADIAN.) SOLID_ANGLE_UNIT() );
#3351 = UNCERTAINTY_MEASURE_WITH_UNIT(LENGTH_MEASURE(1.E-07),#3348,
  'distance_accuracy_value','confusion accuracy');
#3352 = CONTEXT_DEPENDENT_SHAPE_REPRESENTATION(#3353,#3355);
#3353 = ( REPRESENTATION_RELATIONSHIP('','',#3315,#10) 
REPRESENTATION_RELATIONSHIP_WITH_TRANSFORMATION(#3354) 
SHAPE_REPRESENTATION_RELATIONSHIP() );
#3354 = ITEM_DEFINED_TRANSFORMATION('','',#11,#75);
#3355 = PRODUCT_DEFINITION_SHAPE('Placement','Placement of an item',
  #3356);
#3356 = NEXT_ASSEMBLY_USAGE_OCCURRENCE('16','','',#5,#3310,$);
#3357 = PRODUCT_RELATED_PRODUCT_CATEGORY('part',$,(#3312));
#3358 = SHAPE_DEFINITION_REPRESENTATION(#3359,#3365);
#3359 = PRODUCT_DEFINITION_SHAPE('','',#3360);
#3360 = PRODUCT_DEFINITION('design','',#3361,#3364);
#3361 = PRODUCT_DEFINITION_FORMATION('','',#3362);
#3362 = PRODUCT('Open CASCADE STEP translator 7.8 1.17',
  'Open CASCADE STEP translator 7.8 1.17','',(#3363));
#3363 = PRODUCT_CONTEXT('',#2,'mechanical');
#3364 = PRODUCT_DEFINITION_CONTEXT('part definition',#2,'design');
#3365 = GEOMETRICALLY_BOUNDED_WIREFRAME_SHAPE_REPRESENTATION('',(#11,
    #3366),#3397);
#3366 = GEOMETRIC_CURVE_SET('',(#3367));
#3367 = TRIMMED_CURVE('',#3368,(#3395,PARAMETER_VALUE(0.)),(#3396,
    PARAMETER_VALUE(23.)),.T.,.PARAMETER.);
#3368 = B_SPLINE_CURVE_WITH_KNOTS('',3,(#3369,#3370,#3371,#3372,#3373,
    #3374,#3375,#3376,#3377,#3378,#3379,#3380,#3381,#3382,#3383,#3384,
    #3385,#3386,#3387,#3388,#3389,#3390,#3391,#3392,#3393,#3394),
  .UNSPECIFIED.,.F.,.F.,(4,1,1,1,1,1,1,1,1,1,1,1,1,1,1,1,1,1,1,1,1,1,1,4
    ),(0.,1.,2.,3.,4.,5.,6.,7.,8.,9.,10.,11.,12.,13.,14.,15.,16.,17.,18.
    ,19.,20.,21.,22.,23.),.QUASI_UNIFORM_KNOTS.);
#3369 = CARTESIAN_POINT('',(35.17853,0.,-112.144974));
#3370 = CARTESIAN_POINT('',(35.109113,2.208878,-112.219248));
#3371 = CARTESIAN_POINT('',(34.901136,4.409039,-112.29323));
#3372 = CARTESIAN_POINT('',(34.555421,6.591799,-112.366626));
#3373 = CARTESIAN_POINT('',(34.073331,8.748545,-112.439148));
#3374 = CARTESIAN_POINT('',(33.45677,10.870763,-112.510508));
#3375 = CARTESIAN_POINT('',(32.70817,12.95008,-112.580426));
#3376 = CARTESIAN_POINT('',(31.830485,14.978289,-112.648626));
#3377 = CARTESIAN_POINT('',(30.82718,16.947386,-112.714838));
#3378 = CARTESIAN_POINT('',(29.702215,18.849599,-112.778801));
#3379 = CARTESIAN_POINT('',(28.460028,20.677421,-112.840262));
#3380 = CARTESIAN_POINT('',(27.105523,22.423639,-112.898979));
#3381 = CARTESIAN_POINT('',(25.644044,24.081361,-112.954721));
#3382 = CARTESIAN_POINT('',(24.081361,25.644044,-113.007267));
#3383 = CARTESIAN_POINT('',(22.423639,27.105523,-113.05641));
#3384 = CARTESIAN_POINT('',(20.677421,28.460028,-113.101956));
#3385 = CARTESIAN_POINT('',(18.849599,29.702215,-113.143725));
#3386 = CARTESIAN_POINT('',(16.947386,30.82718,-113.181553));
#3387 = CARTESIAN_POINT('',(14.978289,31.830485,-113.215289));
#3388 = CARTESIAN_POINT('',(12.95008,32.70817,-113.244802));
#3389 = CARTESIAN_POINT('',(10.870763,33.45677,-113.269974));
#3390 = CARTESIAN_POINT('',(8.748545,34.073331,-113.290706));
#3391 = CARTESIAN_POINT('',(6.591799,34.555421,-113.306917));
#3392 = CARTESIAN_POINT('',(4.409039,34.901136,-113.318541));
#3393 = CARTESIAN_POINT('',(2.208878,35.109113,-113.325535));
#3394 = CARTESIAN_POINT('',(0.,35.17853,-113.327869));
#3395 = CARTESIAN_POINT('',(35.17853,0.,-112.144974));
#3396 = CARTESIAN_POINT('',(0.,35.17853,-113.327869));
#3397 = ( GEOMETRIC_REPRESENTATION_CONTEXT(3) 
GLOBAL_UNCERTAINTY_ASSIGNED_CONTEXT((#3401)) 
GLOBAL_UNIT_ASSIGNED_CONTEXT((#3398,#3399,#3400)) REPRESENTATION_CONTEXT
('Context #1','3D Context with UNIT and UNCERTAINTY') );
#3398 = ( LENGTH_UNIT() NAMED_UNIT(*) SI_UNIT(.MILLI.,.METRE.) );
#3399 = ( NAMED_UNIT(*) PLANE_ANGLE_UNIT() SI_UNIT($,.RADIAN.) );
#3400 = ( NAMED_UNIT(*) SI_UNIT($,.STERADIAN.) SOLID_ANGLE_UNIT() );
#3401 = UNCERTAINTY_MEASURE_WITH_UNIT(LENGTH_MEASURE(1.E-07),#3398,
  'distance_accuracy_value','confusion accuracy');
#3402 = CONTEXT_DEPENDENT_SHAPE_REPRESENTATION(#3403,#3405);
#3403 = ( REPRESENTATION_RELATIONSHIP('','',#3365,#10) 
REPRESENTATION_RELATIONSHIP_WITH_TRANSFORMATION(#3404) 
SHAPE_REPRESENTATION_RELATIONSHIP() );
#3404 = ITEM_DEFINED_TRANSFORMATION('','',#11,#79);
#3405 = PRODUCT_DEFINITION_SHAPE('Placement','Placement of an item',
  #3406);
#3406 = NEXT_ASSEMBLY_USAGE_OCCURRENCE('17','','',#5,#3360,$);
#3407 = PRODUCT_RELATED_PRODUCT_CATEGORY('part',$,(#3362));
#3408 = SHAPE_DEFINITION_REPRESENTATION(#3409,#3415);
#3409 = PRODUCT_DEFINITION_SHAPE('','',#3410);
#3410 = PRODUCT_DEFINITION('design','',#3411,#3414);
#3411 = PRODUCT_DEFINITION_FORMATION('','',#3412);
#3412 = PRODUCT('Open CASCADE STEP translator 7.8 1.18',
  'Open CASCADE STEP translator 7.8 1.18','',(#3413));
#3413 = PRODUCT_CONTEXT('',#2,'mechanical');
#3414 = PRODUCT_DEFINITION_CONTEXT('part definition',#2,'design');
#3415 = GEOMETRICALLY_BOUNDED_WIREFRAME_SHAPE_REPRESENTATION('',(#11,
    #3416),#3447);
#3416 = GEOMETRIC_CURVE_SET('',(#3417));
#3417 = TRIMMED_CURVE('',#3418,(#3445,PARAMETER_VALUE(0.)),(#3446,
    PARAMETER_VALUE(23.)),.T.,.PARAMETER.);
#3418 = B_SPLINE_CURVE_WITH_KNOTS('',3,(#3419,#3420,#3421,#3422,#3423,
    #3424,#3425,#3426,#3427,#3428,#3429,#3430,#3431,#3432,#3433,#3434,
    #3435,#3436,#3437,#3438,#3439,#3440,#3441,#3442,#3443,#3444),
  .UNSPECIFIED.,.F.,.F.,(4,1,1,1,1,1,1,1,1,1,1,1,1,1,1,1,1,1,1,1,1,1,1,4
    ),(0.,1.,2.,3.,4.,5.,6.,7.,8.,9.,10.,11.,12.,13.,14.,15.,16.,17.,18.
    ,19.,20.,21.,22.,23.),.QUASI_UNIFORM_KNOTS.);
#3419 = CARTESIAN_POINT('',(39.493731,0.,-104.044718));
#3420 = CARTESIAN_POINT('',(39.415799,2.479832,-104.135684));
#3421 = CARTESIAN_POINT('',(39.182311,4.949877,-104.226291));
#3422 = CARTESIAN_POINT('',(38.794188,7.400387,-104.316182));
#3423 = CARTESIAN_POINT('',(38.252963,9.821691,-104.405001));
#3424 = CARTESIAN_POINT('',(37.56077,12.204234,-104.492398));
#3425 = CARTESIAN_POINT('',(36.720342,14.538612,-104.578029));
#3426 = CARTESIAN_POINT('',(35.734996,16.815613,-104.661554));
#3427 = CARTESIAN_POINT('',(34.60862,19.02625,-104.742646));
#3428 = CARTESIAN_POINT('',(33.34566,21.161799,-104.820983));
#3429 = CARTESIAN_POINT('',(31.951099,23.213833,-104.896256));
#3430 = CARTESIAN_POINT('',(30.430443,25.174251,-104.968169));
#3431 = CARTESIAN_POINT('',(28.789691,27.035319,-105.036437));
#3432 = CARTESIAN_POINT('',(27.035319,28.789691,-105.100792));
#3433 = CARTESIAN_POINT('',(25.174251,30.430443,-105.160978));
#3434 = CARTESIAN_POINT('',(23.213833,31.951099,-105.21676));
#3435 = CARTESIAN_POINT('',(21.161799,33.34566,-105.267915));
#3436 = CARTESIAN_POINT('',(19.02625,34.60862,-105.314244));
#3437 = CARTESIAN_POINT('',(16.815613,35.734996,-105.355562));
#3438 = CARTESIAN_POINT('',(14.538612,36.720342,-105.391707));
#3439 = CARTESIAN_POINT('',(12.204234,37.56077,-105.422536));
#3440 = CARTESIAN_POINT('',(9.821691,38.252963,-105.447927));
#3441 = CARTESIAN_POINT('',(7.400387,38.794188,-105.46778));
#3442 = CARTESIAN_POINT('',(4.949877,39.182311,-105.482018));
#3443 = CARTESIAN_POINT('',(2.479832,39.415799,-105.490582));
#3444 = CARTESIAN_POINT('',(0.,39.493731,-105.493441));
#3445 = CARTESIAN_POINT('',(39.493731,0.,-104.044718));
#3446 = CARTESIAN_POINT('',(0.,39.493731,-105.493441));
#3447 = ( GEOMETRIC_REPRESENTATION_CONTEXT(3) 
GLOBAL_UNCERTAINTY_ASSIGNED_CONTEXT((#3451)) 
GLOBAL_UNIT_ASSIGNED_CONTEXT((#3448,#3449,#3450)) REPRESENTATION_CONTEXT
('Context #1','3D Context with UNIT and UNCERTAINTY') );
#3448 = ( LENGTH_UNIT() NAMED_UNIT(*) SI_UNIT(.MILLI.,.METRE.) );
#3449 = ( NAMED_UNIT(*) PLANE_ANGLE_UNIT() SI_UNIT($,.RADIAN.) );
#3450 = ( NAMED_UNIT(*) SI_UNIT($,.STERADIAN.) SOLID_ANGLE_UNIT() );
#3451 = UNCERTAINTY_MEASURE_WITH_UNIT(LENGTH_MEASURE(1.E-07),#3448,
  'distance_accuracy_value','confusion accuracy');
#3452 = CONTEXT_DEPENDENT_SHAPE_REPRESENTATION(#3453,#3455);
#3453 = ( REPRESENTATION_RELATIONSHIP('','',#3415,#10) 
REPRESENTATION_RELATIONSHIP_WITH_TRANSFORMATION(#3454) 
SHAPE_REPRESENTATION_RELATIONSHIP() );
#3454 = ITEM_DEFINED_TRANSFORMATION('','',#11,#83);
#3455 = PRODUCT_DEFINITION_SHAPE('Placement','Placement of an item',
  #3456);
#3456 = NEXT_ASSEMBLY_USAGE_OCCURRENCE('18','','',#5,#3410,$);
#3457 = PRODUCT_RELATED_PRODUCT_CATEGORY('part',$,(#3412));
#3458 = SHAPE_DEFINITION_REPRESENTATION(#3459,#3465);
#3459 = PRODUCT_DEFINITION_SHAPE('','',#3460);
#3460 = PRODUCT_DEFINITION('design','',#3461,#3464);
#3461 = PRODUCT_DEFINITION_FORMATION('','',#3462);
#3462 = PRODUCT('Open CASCADE STEP translator 7.8 1.19',
  'Open CASCADE STEP translator 7.8 1.19','',(#3463));
#3463 = PRODUCT_CONTEXT('',#2,'mechanical');
#3464 = PRODUCT_DEFINITION_CONTEXT('part definition',#2,'design');
#3465 = GEOMETRICALLY_BOUNDED_WIREFRAME_SHAPE_REPRESENTATION('',(#11,
    #3466),#3497);
#3466 = GEOMETRIC_CURVE_SET('',(#3467));
#3467 = TRIMMED_CURVE('',#3468,(#3495,PARAMETER_VALUE(0.)),(#3496,
    PARAMETER_VALUE(23.)),.T.,.PARAMETER.);
#3468 = B_SPLINE_CURVE_WITH_KNOTS('',3,(#3469,#3470,#3471,#3472,#3473,
    #3474,#3475,#3476,#3477,#3478,#3479,#3480,#3481,#3482,#3483,#3484,
    #3485,#3486,#3487,#3488,#3489,#3490,#3491,#3492,#3493,#3494),
  .UNSPECIFIED.,.F.,.F.,(4,1,1,1,1,1,1,1,1,1,1,1,1,1,1,1,1,1,1,1,1,1,1,4
    ),(0.,1.,2.,3.,4.,5.,6.,7.,8.,9.,10.,11.,12.,13.,14.,15.,16.,17.,18.
    ,19.,20.,21.,22.,23.),.QUASI_UNIFORM_KNOTS.);
#3469 = CARTESIAN_POINT('',(42.996516,0.,-97.580955));
#3470 = CARTESIAN_POINT('',(42.911672,2.699774,-97.686178));
#3471 = CARTESIAN_POINT('',(42.657476,5.388892,-97.790987));
#3472 = CARTESIAN_POINT('',(42.23493,8.056744,-97.894966));
#3473 = CARTESIAN_POINT('',(41.645701,10.692799,-97.997707));
#3474 = CARTESIAN_POINT('',(40.892117,13.286654,-98.098802));
#3475 = CARTESIAN_POINT('',(39.97715,15.828073,-98.197854));
#3476 = CARTESIAN_POINT('',(38.904411,18.307026,-98.294471));
#3477 = CARTESIAN_POINT('',(37.678134,20.71373,-98.388272));
#3478 = CARTESIAN_POINT('',(36.303159,23.038685,-98.478887));
#3479 = CARTESIAN_POINT('',(34.784912,25.272718,-98.565959));
#3480 = CARTESIAN_POINT('',(33.129385,27.407011,-98.649143));
#3481 = CARTESIAN_POINT('',(31.343111,29.433141,-98.728111));
#3482 = CARTESIAN_POINT('',(29.433141,31.343111,-98.802552));
#3483 = CARTESIAN_POINT('',(27.407011,33.129385,-98.872172));
#3484 = CARTESIAN_POINT('',(25.272718,34.784912,-98.936697));
#3485 = CARTESIAN_POINT('',(23.038685,36.303159,-98.99587));
#3486 = CARTESIAN_POINT('',(20.71373,37.678134,-99.04946));
#3487 = CARTESIAN_POINT('',(18.307026,38.904411,-99.097254));
#3488 = CARTESIAN_POINT('',(15.828073,39.97715,-99.139064));
#3489 = CARTESIAN_POINT('',(13.286654,40.892117,-99.174725));
#3490 = CARTESIAN_POINT('',(10.692799,41.645701,-99.204096));
#3491 = CARTESIAN_POINT('',(8.056744,42.23493,-99.227061));
#3492 = CARTESIAN_POINT('',(5.388892,42.657476,-99.24353));
#3493 = CARTESIAN_POINT('',(2.699774,42.911672,-99.253437));
#3494 = CARTESIAN_POINT('',(0.,42.996516,-99.256744));
#3495 = CARTESIAN_POINT('',(42.996516,0.,-97.580955));
#3496 = CARTESIAN_POINT('',(0.,42.996516,-99.256744));
#3497 = ( GEOMETRIC_REPRESENTATION_CONTEXT(3) 
GLOBAL_UNCERTAINTY_ASSIGNED_CONTEXT((#3501)) 
GLOBAL_UNIT_ASSIGNED_CONTEXT((#3498,#3499,#3500)) REPRESENTATION_CONTEXT
('Context #1','3D Context with UNIT and UNCERTAINTY') );
#3498 = ( LENGTH_UNIT() NAMED_UNIT(*) SI_UNIT(.MILLI.,.METRE.) );
#3499 = ( NAMED_UNIT(*) PLANE_ANGLE_UNIT() SI_UNIT($,.RADIAN.) );
#3500 = ( NAMED_UNIT(*) SI_UNIT($,.STERADIAN.) SOLID_ANGLE_UNIT() );
#3501 = UNCERTAINTY_MEASURE_WITH_UNIT(LENGTH_MEASURE(1.E-07),#3498,
  'distance_accuracy_value','confusion accuracy');
#3502 = CONTEXT_DEPENDENT_SHAPE_REPRESENTATION(#3503,#3505);
#3503 = ( REPRESENTATION_RELATIONSHIP('','',#3465,#10) 
REPRESENTATION_RELATIONSHIP_WITH_TRANSFORMATION(#3504) 
SHAPE_REPRESENTATION_RELATIONSHIP() );
#3504 = ITEM_DEFINED_TRANSFORMATION('','',#11,#87);
#3505 = PRODUCT_DEFINITION_SHAPE('Placement','Placement of an item',
  #3506);
#3506 = NEXT_ASSEMBLY_USAGE_OCCURRENCE('19','','',#5,#3460,$);
#3507 = PRODUCT_RELATED_PRODUCT_CATEGORY('part',$,(#3462));
#3508 = SHAPE_DEFINITION_REPRESENTATION(#3509,#3515);
#3509 = PRODUCT_DEFINITION_SHAPE('','',#3510);
#3510 = PRODUCT_DEFINITION('design','',#3511,#3514);
#3511 = PRODUCT_DEFINITION_FORMATION('','',#3512);
#3512 = PRODUCT('Open CASCADE STEP translator 7.8 1.20',
  'Open CASCADE STEP translator 7.8 1.20','',(#3513));
#3513 = PRODUCT_CONTEXT('',#2,'mechanical');
#3514 = PRODUCT_DEFINITION_CONTEXT('part definition',#2,'design');
#3515 = GEOMETRICALLY_BOUNDED_WIREFRAME_SHAPE_REPRESENTATION('',(#11,
    #3516),#3547);
#3516 = GEOMETRIC_CURVE_SET('',(#3517));
#3517 = TRIMMED_CURVE('',#3518,(#3545,PARAMETER_VALUE(0.)),(#3546,
    PARAMETER_VALUE(23.)),.T.,.PARAMETER.);
#3518 = B_SPLINE_CURVE_WITH_KNOTS('',3,(#3519,#3520,#3521,#3522,#3523,
    #3524,#3525,#3526,#3527,#3528,#3529,#3530,#3531,#3532,#3533,#3534,
    #3535,#3536,#3537,#3538,#3539,#3540,#3541,#3542,#3543,#3544),
  .UNSPECIFIED.,.F.,.F.,(4,1,1,1,1,1,1,1,1,1,1,1,1,1,1,1,1,1,1,1,1,1,1,4
    ),(0.,1.,2.,3.,4.,5.,6.,7.,8.,9.,10.,11.,12.,13.,14.,15.,16.,17.,18.
    ,19.,20.,21.,22.,23.),.QUASI_UNIFORM_KNOTS.);
#3519 = CARTESIAN_POINT('',(48.031548,0.,-88.456513));
#3520 = CARTESIAN_POINT('',(47.936768,3.015926,-88.583278));
#3521 = CARTESIAN_POINT('',(47.652805,6.019949,-88.709543));
#3522 = CARTESIAN_POINT('',(47.180777,9.000215,-88.834809));
#3523 = CARTESIAN_POINT('',(46.522548,11.94496,-88.958582));
#3524 = CARTESIAN_POINT('',(45.680716,14.842564,-89.080374));
#3525 = CARTESIAN_POINT('',(44.658604,17.681592,-89.199703));
#3526 = CARTESIAN_POINT('',(43.460244,20.450838,-89.3161));
#3527 = CARTESIAN_POINT('',(42.090366,23.139375,-89.429104));
#3528 = CARTESIAN_POINT('',(40.554377,25.73659,-89.53827));
#3529 = CARTESIAN_POINT('',(38.858338,28.232235,-89.643166));
#3530 = CARTESIAN_POINT('',(37.008944,30.616461,-89.74338));
#3531 = CARTESIAN_POINT('',(35.013491,32.879857,-89.838515));
#3532 = CARTESIAN_POINT('',(32.879857,35.013491,-89.928195));
#3533 = CARTESIAN_POINT('',(30.616461,37.008944,-90.012068));
#3534 = CARTESIAN_POINT('',(28.232235,38.858338,-90.089801));
#3535 = CARTESIAN_POINT('',(25.73659,40.554377,-90.161089));
#3536 = CARTESIAN_POINT('',(23.139375,42.090366,-90.22565));
#3537 = CARTESIAN_POINT('',(20.450838,43.460244,-90.283228));
#3538 = CARTESIAN_POINT('',(17.681592,44.658604,-90.333597));
#3539 = CARTESIAN_POINT('',(14.842564,45.680716,-90.376559));
#3540 = CARTESIAN_POINT('',(11.94496,46.522548,-90.411942));
#3541 = CARTESIAN_POINT('',(9.000215,47.180777,-90.439609));
#3542 = CARTESIAN_POINT('',(6.019949,47.652805,-90.459449));
#3543 = CARTESIAN_POINT('',(3.015926,47.936768,-90.471385));
#3544 = CARTESIAN_POINT('',(0.,48.031548,-90.475368));
#3545 = CARTESIAN_POINT('',(48.031548,0.,-88.456513));
#3546 = CARTESIAN_POINT('',(0.,48.031548,-90.475368));
#3547 = ( GEOMETRIC_REPRESENTATION_CONTEXT(3) 
GLOBAL_UNCERTAINTY_ASSIGNED_CONTEXT((#3551)) 
GLOBAL_UNIT_ASSIGNED_CONTEXT((#3548,#3549,#3550)) REPRESENTATION_CONTEXT
('Context #1','3D Context with UNIT and UNCERTAINTY') );
#3548 = ( LENGTH_UNIT() NAMED_UNIT(*) SI_UNIT(.MILLI.,.METRE.) );
#3549 = ( NAMED_UNIT(*) PLANE_ANGLE_UNIT() SI_UNIT($,.RADIAN.) );
#3550 = ( NAMED_UNIT(*) SI_UNIT($,.STERADIAN.) SOLID_ANGLE_UNIT() );
#3551 = UNCERTAINTY_MEASURE_WITH_UNIT(LENGTH_MEASURE(1.E-07),#3548,
  'distance_accuracy_value','confusion accuracy');
#3552 = CONTEXT_DEPENDENT_SHAPE_REPRESENTATION(#3553,#3555);
#3553 = ( REPRESENTATION_RELATIONSHIP('','',#3515,#10) 
REPRESENTATION_RELATIONSHIP_WITH_TRANSFORMATION(#3554) 
SHAPE_REPRESENTATION_RELATIONSHIP() );
#3554 = ITEM_DEFINED_TRANSFORMATION('','',#11,#91);
#3555 = PRODUCT_DEFINITION_SHAPE('Placement','Placement of an item',
  #3556);
#3556 = NEXT_ASSEMBLY_USAGE_OCCURRENCE('20','','',#5,#3510,$);
#3557 = PRODUCT_RELATED_PRODUCT_CATEGORY('part',$,(#3512));
#3558 = SHAPE_DEFINITION_REPRESENTATION(#3559,#3565);
#3559 = PRODUCT_DEFINITION_SHAPE('','',#3560);
#3560 = PRODUCT_DEFINITION('design','',#3561,#3564);
#3561 = PRODUCT_DEFINITION_FORMATION('','',#3562);
#3562 = PRODUCT('Open CASCADE STEP translator 7.8 1.21',
  'Open CASCADE STEP translator 7.8 1.21','',(#3563));
#3563 = PRODUCT_CONTEXT('',#2,'mechanical');
#3564 = PRODUCT_DEFINITION_CONTEXT('part definition',#2,'design');
#3565 = GEOMETRICALLY_BOUNDED_WIREFRAME_SHAPE_REPRESENTATION('',(#11,
    #3566),#3597);
#3566 = GEOMETRIC_CURVE_SET('',(#3567));
#3567 = TRIMMED_CURVE('',#3568,(#3595,PARAMETER_VALUE(0.)),(#3596,
    PARAMETER_VALUE(23.)),.T.,.PARAMETER.);
#3568 = B_SPLINE_CURVE_WITH_KNOTS('',3,(#3569,#3570,#3571,#3572,#3573,
    #3574,#3575,#3576,#3577,#3578,#3579,#3580,#3581,#3582,#3583,#3584,
    #3585,#3586,#3587,#3588,#3589,#3590,#3591,#3592,#3593,#3594),
  .UNSPECIFIED.,.F.,.F.,(4,1,1,1,1,1,1,1,1,1,1,1,1,1,1,1,1,1,1,1,1,1,1,4
    ),(0.,1.,2.,3.,4.,5.,6.,7.,8.,9.,10.,11.,12.,13.,14.,15.,16.,17.,18.
    ,19.,20.,21.,22.,23.),.QUASI_UNIFORM_KNOTS.);
#3569 = CARTESIAN_POINT('',(52.090228,0.,-81.251129));
#3570 = CARTESIAN_POINT('',(51.98744,3.270773,-81.396104));
#3571 = CARTESIAN_POINT('',(51.679481,6.528637,-81.540507));
#3572 = CARTESIAN_POINT('',(51.167567,9.760735,-81.683769));
#3573 = CARTESIAN_POINT('',(50.453718,12.954313,-81.825322));
#3574 = CARTESIAN_POINT('',(49.540751,16.096766,-81.96461));
#3575 = CARTESIAN_POINT('',(48.43227,19.175692,-82.101082));
#3576 = CARTESIAN_POINT('',(47.132648,22.178941,-82.234199));
#3577 = CARTESIAN_POINT('',(45.647015,25.094659,-82.363437));
#3578 = CARTESIAN_POINT('',(43.981235,27.91134,-82.488285));
#3579 = CARTESIAN_POINT('',(42.14188,30.617868,-82.608251));
#3580 = CARTESIAN_POINT('',(40.136211,33.203561,-82.72286));
#3581 = CARTESIAN_POINT('',(37.972142,35.658215,-82.831662));
#3582 = CARTESIAN_POINT('',(35.658215,37.972142,-82.934225));
#3583 = CARTESIAN_POINT('',(33.203561,40.136211,-83.030147));
#3584 = CARTESIAN_POINT('',(30.617868,42.14188,-83.119047));
#3585 = CARTESIAN_POINT('',(27.91134,43.981235,-83.200576));
#3586 = CARTESIAN_POINT('',(25.094659,45.647015,-83.27441));
#3587 = CARTESIAN_POINT('',(22.178941,47.132648,-83.34026));
#3588 = CARTESIAN_POINT('',(19.175692,48.43227,-83.397865));
#3589 = CARTESIAN_POINT('',(16.096766,49.540751,-83.446998));
#3590 = CARTESIAN_POINT('',(12.954313,50.453718,-83.487465));
#3591 = CARTESIAN_POINT('',(9.760735,51.167567,-83.519106));
#3592 = CARTESIAN_POINT('',(6.528637,51.679481,-83.541797));
#3593 = CARTESIAN_POINT('',(3.270773,51.98744,-83.555447));
#3594 = CARTESIAN_POINT('',(0.,52.090228,-83.560003));
#3595 = CARTESIAN_POINT('',(52.090228,0.,-81.251129));
#3596 = CARTESIAN_POINT('',(0.,52.090228,-83.560003));
#3597 = ( GEOMETRIC_REPRESENTATION_CONTEXT(3) 
GLOBAL_UNCERTAINTY_ASSIGNED_CONTEXT((#3601)) 
GLOBAL_UNIT_ASSIGNED_CONTEXT((#3598,#3599,#3600)) REPRESENTATION_CONTEXT
('Context #1','3D Context with UNIT and UNCERTAINTY') );
#3598 = ( LENGTH_UNIT() NAMED_UNIT(*) SI_UNIT(.MILLI.,.METRE.) );
#3599 = ( NAMED_UNIT(*) PLANE_ANGLE_UNIT() SI_UNIT($,.RADIAN.) );
#3600 = ( NAMED_UNIT(*) SI_UNIT($,.STERADIAN.) SOLID_ANGLE_UNIT() );
#3601 = UNCERTAINTY_MEASURE_WITH_UNIT(LENGTH_MEASURE(1.E-07),#3598,
  'distance_accuracy_value','confusion accuracy');
#3602 = CONTEXT_DEPENDENT_SHAPE_REPRESENTATION(#3603,#3605);
#3603 = ( REPRESENTATION_RELATIONSHIP('','',#3565,#10) 
REPRESENTATION_RELATIONSHIP_WITH_TRANSFORMATION(#3604) 
SHAPE_REPRESENTATION_RELATIONSHIP() );
#3604 = ITEM_DEFINED_TRANSFORMATION('','',#11,#95);
#3605 = PRODUCT_DEFINITION_SHAPE('Placement','Placement of an item',
  #3606);
#3606 = NEXT_ASSEMBLY_USAGE_OCCURRENCE('21','','',#5,#3560,$);
#3607 = PRODUCT_RELATED_PRODUCT_CATEGORY('part',$,(#3562));
#3608 = SHAPE_DEFINITION_REPRESENTATION(#3609,#3615);
#3609 = PRODUCT_DEFINITION_SHAPE('','',#3610);
#3610 = PRODUCT_DEFINITION('design','',#3611,#3614);
#3611 = PRODUCT_DEFINITION_FORMATION('','',#3612);
#3612 = PRODUCT('Open CASCADE STEP translator 7.8 1.22',
  'Open CASCADE STEP translator 7.8 1.22','',(#3613));
#3613 = PRODUCT_CONTEXT('',#2,'mechanical');
#3614 = PRODUCT_DEFINITION_CONTEXT('part definition',#2,'design');
#3615 = GEOMETRICALLY_BOUNDED_WIREFRAME_SHAPE_REPRESENTATION('',(#11,
    #3616),#3647);
#3616 = GEOMETRIC_CURVE_SET('',(#3617));
#3617 = TRIMMED_CURVE('',#3618,(#3645,PARAMETER_VALUE(0.)),(#3646,
    PARAMETER_VALUE(23.)),.T.,.PARAMETER.);
#3618 = B_SPLINE_CURVE_WITH_KNOTS('',3,(#3619,#3620,#3621,#3622,#3623,
    #3624,#3625,#3626,#3627,#3628,#3629,#3630,#3631,#3632,#3633,#3634,
    #3635,#3636,#3637,#3638,#3639,#3640,#3641,#3642,#3643,#3644),
  .UNSPECIFIED.,.F.,.F.,(4,1,1,1,1,1,1,1,1,1,1,1,1,1,1,1,1,1,1,1,1,1,1,4
    ),(0.,1.,2.,3.,4.,5.,6.,7.,8.,9.,10.,11.,12.,13.,14.,15.,16.,17.,18.
    ,19.,20.,21.,22.,23.),.QUASI_UNIFORM_KNOTS.);
#3619 = CARTESIAN_POINT('',(56.401357,0.,-73.759656));
#3620 = CARTESIAN_POINT('',(56.290062,3.541471,-73.924749));
#3621 = CARTESIAN_POINT('',(55.956616,7.068964,-74.089191));
#3622 = CARTESIAN_POINT('',(55.402334,10.56856,-74.252332));
#3623 = CARTESIAN_POINT('',(54.629405,14.026447,-74.413529));
#3624 = CARTESIAN_POINT('',(53.640878,17.428978,-74.572145));
#3625 = CARTESIAN_POINT('',(52.440656,20.762724,-74.727555));
#3626 = CARTESIAN_POINT('',(51.033474,24.01453,-74.879145));
#3627 = CARTESIAN_POINT('',(49.424886,27.171561,-75.026317));
#3628 = CARTESIAN_POINT('',(47.621241,30.221358,-75.16849));
#3629 = CARTESIAN_POINT('',(45.629656,33.151886,-75.305102));
#3630 = CARTESIAN_POINT('',(43.457993,35.951578,-75.435616));
#3631 = CARTESIAN_POINT('',(41.11482,38.609386,-75.559516));
#3632 = CARTESIAN_POINT('',(38.609386,41.11482,-75.676312));
#3633 = CARTESIAN_POINT('',(35.951578,43.457993,-75.785544));
#3634 = CARTESIAN_POINT('',(33.151886,45.629656,-75.886781));
#3635 = CARTESIAN_POINT('',(30.221358,47.621241,-75.979623));
#3636 = CARTESIAN_POINT('',(27.171561,49.424886,-76.063703));
#3637 = CARTESIAN_POINT('',(24.01453,51.033474,-76.138691));
#3638 = CARTESIAN_POINT('',(20.762724,52.440656,-76.20429));
#3639 = CARTESIAN_POINT('',(17.428978,53.640878,-76.260241));
#3640 = CARTESIAN_POINT('',(14.026447,54.629405,-76.306323));
#3641 = CARTESIAN_POINT('',(10.56856,55.402334,-76.342355));
#3642 = CARTESIAN_POINT('',(7.068964,55.956616,-76.368194));
#3643 = CARTESIAN_POINT('',(3.541471,56.290062,-76.383738));
#3644 = CARTESIAN_POINT('',(0.,56.401357,-76.388927));
#3645 = CARTESIAN_POINT('',(56.401357,0.,-73.759656));
#3646 = CARTESIAN_POINT('',(0.,56.401357,-76.388927));
#3647 = ( GEOMETRIC_REPRESENTATION_CONTEXT(3) 
GLOBAL_UNCERTAINTY_ASSIGNED_CONTEXT((#3651)) 
GLOBAL_UNIT_ASSIGNED_CONTEXT((#3648,#3649,#3650)) REPRESENTATION_CONTEXT
('Context #1','3D Context with UNIT and UNCERTAINTY') );
#3648 = ( LENGTH_UNIT() NAMED_UNIT(*) SI_UNIT(.MILLI.,.METRE.) );
#3649 = ( NAMED_UNIT(*) PLANE_ANGLE_UNIT() SI_UNIT($,.RADIAN.) );
#3650 = ( NAMED_UNIT(*) SI_UNIT($,.STERADIAN.) SOLID_ANGLE_UNIT() );
#3651 = UNCERTAINTY_MEASURE_WITH_UNIT(LENGTH_MEASURE(1.E-07),#3648,
  'distance_accuracy_value','confusion accuracy');
#3652 = CONTEXT_DEPENDENT_SHAPE_REPRESENTATION(#3653,#3655);
#3653 = ( REPRESENTATION_RELATIONSHIP('','',#3615,#10) 
REPRESENTATION_RELATIONSHIP_WITH_TRANSFORMATION(#3654) 
SHAPE_REPRESENTATION_RELATIONSHIP() );
#3654 = ITEM_DEFINED_TRANSFORMATION('','',#11,#99);
#3655 = PRODUCT_DEFINITION_SHAPE('Placement','Placement of an item',
  #3656);
#3656 = NEXT_ASSEMBLY_USAGE_OCCURRENCE('22','','',#5,#3610,$);
#3657 = PRODUCT_RELATED_PRODUCT_CATEGORY('part',$,(#3612));
#3658 = SHAPE_DEFINITION_REPRESENTATION(#3659,#3665);
#3659 = PRODUCT_DEFINITION_SHAPE('','',#3660);
#3660 = PRODUCT_DEFINITION('design','',#3661,#3664);
#3661 = PRODUCT_DEFINITION_FORMATION('','',#3662);
#3662 = PRODUCT('Open CASCADE STEP translator 7.8 1.23',
  'Open CASCADE STEP translator 7.8 1.23','',(#3663));
#3663 = PRODUCT_CONTEXT('',#2,'mechanical');
#3664 = PRODUCT_DEFINITION_CONTEXT('part definition',#2,'design');
#3665 = GEOMETRICALLY_BOUNDED_WIREFRAME_SHAPE_REPRESENTATION('',(#11,
    #3666),#3697);
#3666 = GEOMETRIC_CURVE_SET('',(#3667));
#3667 = TRIMMED_CURVE('',#3668,(#3695,PARAMETER_VALUE(0.)),(#3696,
    PARAMETER_VALUE(23.)),.T.,.PARAMETER.);
#3668 = B_SPLINE_CURVE_WITH_KNOTS('',3,(#3669,#3670,#3671,#3672,#3673,
    #3674,#3675,#3676,#3677,#3678,#3679,#3680,#3681,#3682,#3683,#3684,
    #3685,#3686,#3687,#3688,#3689,#3690,#3691,#3692,#3693,#3694),
  .UNSPECIFIED.,.F.,.F.,(4,1,1,1,1,1,1,1,1,1,1,1,1,1,1,1,1,1,1,1,1,1,1,4
    ),(0.,1.,2.,3.,4.,5.,6.,7.,8.,9.,10.,11.,12.,13.,14.,15.,16.,17.,18.
    ,19.,20.,21.,22.,23.),.QUASI_UNIFORM_KNOTS.);
#3669 = CARTESIAN_POINT('',(62.564335,0.,-63.383344));
#3670 = CARTESIAN_POINT('',(62.440879,3.928447,-63.578486));
#3671 = CARTESIAN_POINT('',(62.070997,7.84139,-63.772858));
#3672 = CARTESIAN_POINT('',(61.456149,11.723387,-63.965692));
#3673 = CARTESIAN_POINT('',(60.598762,15.559118,-64.156228));
#3674 = CARTESIAN_POINT('',(59.502219,19.333443,-64.343714));
#3675 = CARTESIAN_POINT('',(58.170848,23.031468,-64.52741));
#3676 = CARTESIAN_POINT('',(56.609903,26.638598,-64.70659));
#3677 = CARTESIAN_POINT('',(54.825545,30.140598,-64.880549));
#3678 = CARTESIAN_POINT('',(52.824816,33.523647,-65.048599));
#3679 = CARTESIAN_POINT('',(50.615611,36.774394,-65.210076));
#3680 = CARTESIAN_POINT('',(48.206649,39.880008,-65.364345));
#3681 = CARTESIAN_POINT('',(45.607438,42.828235,-65.510795));
#3682 = CARTESIAN_POINT('',(42.828235,45.607438,-65.648849));
#3683 = CARTESIAN_POINT('',(39.880008,48.206649,-65.777962));
#3684 = CARTESIAN_POINT('',(36.774394,50.615611,-65.897625));
#3685 = CARTESIAN_POINT('',(33.523647,52.824816,-66.007365));
#3686 = CARTESIAN_POINT('',(30.140598,54.825545,-66.106749));
#3687 = CARTESIAN_POINT('',(26.638598,56.609903,-66.195386));
#3688 = CARTESIAN_POINT('',(23.031468,58.170848,-66.272924));
#3689 = CARTESIAN_POINT('',(19.333443,59.502219,-66.339059));
#3690 = CARTESIAN_POINT('',(15.559118,60.598762,-66.393528));
#3691 = CARTESIAN_POINT('',(11.723387,61.456149,-66.436118));
#3692 = CARTESIAN_POINT('',(7.84139,62.070997,-66.46666));
#3693 = CARTESIAN_POINT('',(3.928447,62.440879,-66.485034));
#3694 = CARTESIAN_POINT('',(0.,62.564335,-66.491166));
#3695 = CARTESIAN_POINT('',(62.564335,0.,-63.383344));
#3696 = CARTESIAN_POINT('',(0.,62.564335,-66.491166));
#3697 = ( GEOMETRIC_REPRESENTATION_CONTEXT(3) 
GLOBAL_UNCERTAINTY_ASSIGNED_CONTEXT((#3701)) 
GLOBAL_UNIT_ASSIGNED_CONTEXT((#3698,#3699,#3700)) REPRESENTATION_CONTEXT
('Context #1','3D Context with UNIT and UNCERTAINTY') );
#3698 = ( LENGTH_UNIT() NAMED_UNIT(*) SI_UNIT(.MILLI.,.METRE.) );
#3699 = ( NAMED_UNIT(*) PLANE_ANGLE_UNIT() SI_UNIT($,.RADIAN.) );
#3700 = ( NAMED_UNIT(*) SI_UNIT($,.STERADIAN.) SOLID_ANGLE_UNIT() );
#3701 = UNCERTAINTY_MEASURE_WITH_UNIT(LENGTH_MEASURE(1.E-07),#3698,
  'distance_accuracy_value','confusion accuracy');
#3702 = CONTEXT_DEPENDENT_SHAPE_REPRESENTATION(#3703,#3705);
#3703 = ( REPRESENTATION_RELATIONSHIP('','',#3665,#10) 
REPRESENTATION_RELATIONSHIP_WITH_TRANSFORMATION(#3704) 
SHAPE_REPRESENTATION_RELATIONSHIP() );
#3704 = ITEM_DEFINED_TRANSFORMATION('','',#11,#103);
#3705 = PRODUCT_DEFINITION_SHAPE('Placement','Placement of an item',
  #3706);
#3706 = NEXT_ASSEMBLY_USAGE_OCCURRENCE('23','','',#5,#3660,$);
#3707 = PRODUCT_RELATED_PRODUCT_CATEGORY('part',$,(#3662));
#3708 = SHAPE_DEFINITION_REPRESENTATION(#3709,#3715);
#3709 = PRODUCT_DEFINITION_SHAPE('','',#3710);
#3710 = PRODUCT_DEFINITION('design','',#3711,#3714);
#3711 = PRODUCT_DEFINITION_FORMATION('','',#3712);
#3712 = PRODUCT('Open CASCADE STEP translator 7.8 1.24',
  'Open CASCADE STEP translator 7.8 1.24','',(#3713));
#3713 = PRODUCT_CONTEXT('',#2,'mechanical');
#3714 = PRODUCT_DEFINITION_CONTEXT('part definition',#2,'design');
#3715 = GEOMETRICALLY_BOUNDED_WIREFRAME_SHAPE_REPRESENTATION('',(#11,
    #3716),#3747);
#3716 = GEOMETRIC_CURVE_SET('',(#3717));
#3717 = TRIMMED_CURVE('',#3718,(#3745,PARAMETER_VALUE(0.)),(#3746,
    PARAMETER_VALUE(23.)),.T.,.PARAMETER.);
#3718 = B_SPLINE_CURVE_WITH_KNOTS('',3,(#3719,#3720,#3721,#3722,#3723,
    #3724,#3725,#3726,#3727,#3728,#3729,#3730,#3731,#3732,#3733,#3734,
    #3735,#3736,#3737,#3738,#3739,#3740,#3741,#3742,#3743,#3744),
  .UNSPECIFIED.,.F.,.F.,(4,1,1,1,1,1,1,1,1,1,1,1,1,1,1,1,1,1,1,1,1,1,1,4
    ),(0.,1.,2.,3.,4.,5.,6.,7.,8.,9.,10.,11.,12.,13.,14.,15.,16.,17.,18.
    ,19.,20.,21.,22.,23.),.QUASI_UNIFORM_KNOTS.);
#3719 = CARTESIAN_POINT('',(67.519327,0.,-55.370845));
#3720 = CARTESIAN_POINT('',(67.386093,4.239574,-55.591161));
#3721 = CARTESIAN_POINT('',(66.986917,8.462416,-55.810608));
#3722 = CARTESIAN_POINT('',(66.323374,12.65186,-56.02832));
#3723 = CARTESIAN_POINT('',(65.398084,16.791374,-56.243436));
#3724 = CARTESIAN_POINT('',(64.214696,20.86462,-56.455109));
#3725 = CARTESIAN_POINT('',(62.777883,24.855522,-56.662503));
#3726 = CARTESIAN_POINT('',(61.093314,28.748331,-56.8648));
#3727 = CARTESIAN_POINT('',(59.167638,32.527684,-57.0612));
#3728 = CARTESIAN_POINT('',(57.008454,36.178665,-57.250929));
#3729 = CARTESIAN_POINT('',(54.624283,39.686865,-57.433239));
#3730 = CARTESIAN_POINT('',(52.024536,43.038439,-57.607409));
#3731 = CARTESIAN_POINT('',(49.219471,46.22016,-57.772752));
#3732 = CARTESIAN_POINT('',(46.22016,49.219471,-57.928617));
#3733 = CARTESIAN_POINT('',(43.038439,52.024536,-58.074386));
#3734 = CARTESIAN_POINT('',(39.686865,54.624283,-58.209487));
#3735 = CARTESIAN_POINT('',(36.178665,57.008454,-58.333384));
#3736 = CARTESIAN_POINT('',(32.527684,59.167638,-58.44559));
#3737 = CARTESIAN_POINT('',(28.748331,61.093314,-58.545661));
#3738 = CARTESIAN_POINT('',(24.855522,62.777883,-58.633202));
#3739 = CARTESIAN_POINT('',(20.86462,64.214696,-58.707868));
#3740 = CARTESIAN_POINT('',(16.791374,65.398084,-58.769365));
#3741 = CARTESIAN_POINT('',(12.65186,66.323374,-58.817449));
#3742 = CARTESIAN_POINT('',(8.462416,66.986917,-58.851932));
#3743 = CARTESIAN_POINT('',(4.239574,67.386093,-58.872675));
#3744 = CARTESIAN_POINT('',(0.,67.519327,-58.879599));
#3745 = CARTESIAN_POINT('',(67.519327,0.,-55.370845));
#3746 = CARTESIAN_POINT('',(0.,67.519327,-58.879599));
#3747 = ( GEOMETRIC_REPRESENTATION_CONTEXT(3) 
GLOBAL_UNCERTAINTY_ASSIGNED_CONTEXT((#3751)) 
GLOBAL_UNIT_ASSIGNED_CONTEXT((#3748,#3749,#3750)) REPRESENTATION_CONTEXT
('Context #1','3D Context with UNIT and UNCERTAINTY') );
#3748 = ( LENGTH_UNIT() NAMED_UNIT(*) SI_UNIT(.MILLI.,.METRE.) );
#3749 = ( NAMED_UNIT(*) PLANE_ANGLE_UNIT() SI_UNIT($,.RADIAN.) );
#3750 = ( NAMED_UNIT(*) SI_UNIT($,.STERADIAN.) SOLID_ANGLE_UNIT() );
#3751 = UNCERTAINTY_MEASURE_WITH_UNIT(LENGTH_MEASURE(1.E-07),#3748,
  'distance_accuracy_value','confusion accuracy');
#3752 = CONTEXT_DEPENDENT_SHAPE_REPRESENTATION(#3753,#3755);
#3753 = ( REPRESENTATION_RELATIONSHIP('','',#3715,#10) 
REPRESENTATION_RELATIONSHIP_WITH_TRANSFORMATION(#3754) 
SHAPE_REPRESENTATION_RELATIONSHIP() );
#3754 = ITEM_DEFINED_TRANSFORMATION('','',#11,#107);
#3755 = PRODUCT_DEFINITION_SHAPE('Placement','Placement of an item',
  #3756);
#3756 = NEXT_ASSEMBLY_USAGE_OCCURRENCE('24','','',#5,#3710,$);
#3757 = PRODUCT_RELATED_PRODUCT_CATEGORY('part',$,(#3712));
#3758 = SHAPE_DEFINITION_REPRESENTATION(#3759,#3765);
#3759 = PRODUCT_DEFINITION_SHAPE('','',#3760);
#3760 = PRODUCT_DEFINITION('design','',#3761,#3764);
#3761 = PRODUCT_DEFINITION_FORMATION('','',#3762);
#3762 = PRODUCT('Open CASCADE STEP translator 7.8 1.25',
  'Open CASCADE STEP translator 7.8 1.25','',(#3763));
#3763 = PRODUCT_CONTEXT('',#2,'mechanical');
#3764 = PRODUCT_DEFINITION_CONTEXT('part definition',#2,'design');
#3765 = GEOMETRICALLY_BOUNDED_WIREFRAME_SHAPE_REPRESENTATION('',(#11,
    #3766),#3797);
#3766 = GEOMETRIC_CURVE_SET('',(#3767));
#3767 = TRIMMED_CURVE('',#3768,(#3795,PARAMETER_VALUE(0.)),(#3796,
    PARAMETER_VALUE(23.)),.T.,.PARAMETER.);
#3768 = B_SPLINE_CURVE_WITH_KNOTS('',3,(#3769,#3770,#3771,#3772,#3773,
    #3774,#3775,#3776,#3777,#3778,#3779,#3780,#3781,#3782,#3783,#3784,
    #3785,#3786,#3787,#3788,#3789,#3790,#3791,#3792,#3793,#3794),
  .UNSPECIFIED.,.F.,.F.,(4,1,1,1,1,1,1,1,1,1,1,1,1,1,1,1,1,1,1,1,1,1,1,4
    ),(0.,1.,2.,3.,4.,5.,6.,7.,8.,9.,10.,11.,12.,13.,14.,15.,16.,17.,18.
    ,19.,20.,21.,22.,23.),.QUASI_UNIFORM_KNOTS.);
#3769 = CARTESIAN_POINT('',(74.61066,0.,-44.50448));
#3770 = CARTESIAN_POINT('',(74.463433,4.684842,-44.762257));
#3771 = CARTESIAN_POINT('',(74.022332,9.351195,-45.019016));
#3772 = CARTESIAN_POINT('',(73.2891,13.980644,-45.273744));
#3773 = CARTESIAN_POINT('',(72.266629,18.554917,-45.525437));
#3774 = CARTESIAN_POINT('',(70.958954,23.055962,-45.7731));
#3775 = CARTESIAN_POINT('',(69.371237,27.466016,-46.015757));
#3776 = CARTESIAN_POINT('',(67.509743,31.767674,-46.25245));
#3777 = CARTESIAN_POINT('',(65.38182,35.943959,-46.482244));
#3778 = CARTESIAN_POINT('',(62.995864,39.978391,-46.704232));
#3779 = CARTESIAN_POINT('',(60.361292,43.855045,-46.917539));
#3780 = CARTESIAN_POINT('',(57.488501,47.558624,-47.121323));
#3781 = CARTESIAN_POINT('',(54.38883,51.074511,-47.31478));
#3782 = CARTESIAN_POINT('',(51.074511,54.38883,-47.497145));
#3783 = CARTESIAN_POINT('',(47.558624,57.488501,-47.6677));
#3784 = CARTESIAN_POINT('',(43.855045,60.361292,-47.825771));
#3785 = CARTESIAN_POINT('',(39.978391,62.995864,-47.970735));
#3786 = CARTESIAN_POINT('',(35.943959,65.38182,-48.102019));
#3787 = CARTESIAN_POINT('',(31.767674,67.509743,-48.219104));
#3788 = CARTESIAN_POINT('',(27.466016,69.371237,-48.32153));
#3789 = CARTESIAN_POINT('',(23.055962,70.958954,-48.408892));
#3790 = CARTESIAN_POINT('',(18.554917,72.266629,-48.480845));
#3791 = CARTESIAN_POINT('',(13.980644,73.2891,-48.537105));
#3792 = CARTESIAN_POINT('',(9.351195,74.022332,-48.57745));
#3793 = CARTESIAN_POINT('',(4.684842,74.463433,-48.601721));
#3794 = CARTESIAN_POINT('',(0.,74.61066,-48.609822));
#3795 = CARTESIAN_POINT('',(74.61066,0.,-44.50448));
#3796 = CARTESIAN_POINT('',(0.,74.61066,-48.609822));
#3797 = ( GEOMETRIC_REPRESENTATION_CONTEXT(3) 
GLOBAL_UNCERTAINTY_ASSIGNED_CONTEXT((#3801)) 
GLOBAL_UNIT_ASSIGNED_CONTEXT((#3798,#3799,#3800)) REPRESENTATION_CONTEXT
('Context #1','3D Context with UNIT and UNCERTAINTY') );
#3798 = ( LENGTH_UNIT() NAMED_UNIT(*) SI_UNIT(.MILLI.,.METRE.) );
#3799 = ( NAMED_UNIT(*) PLANE_ANGLE_UNIT() SI_UNIT($,.RADIAN.) );
#3800 = ( NAMED_UNIT(*) SI_UNIT($,.STERADIAN.) SOLID_ANGLE_UNIT() );
#3801 = UNCERTAINTY_MEASURE_WITH_UNIT(LENGTH_MEASURE(1.E-07),#3798,
  'distance_accuracy_value','confusion accuracy');
#3802 = CONTEXT_DEPENDENT_SHAPE_REPRESENTATION(#3803,#3805);
#3803 = ( REPRESENTATION_RELATIONSHIP('','',#3765,#10) 
REPRESENTATION_RELATIONSHIP_WITH_TRANSFORMATION(#3804) 
SHAPE_REPRESENTATION_RELATIONSHIP() );
#3804 = ITEM_DEFINED_TRANSFORMATION('','',#11,#111);
#3805 = PRODUCT_DEFINITION_SHAPE('Placement','Placement of an item',
  #3806);
#3806 = NEXT_ASSEMBLY_USAGE_OCCURRENCE('25','','',#5,#3760,$);
#3807 = PRODUCT_RELATED_PRODUCT_CATEGORY('part',$,(#3762));
#3808 = SHAPE_DEFINITION_REPRESENTATION(#3809,#3815);
#3809 = PRODUCT_DEFINITION_SHAPE('','',#3810);
#3810 = PRODUCT_DEFINITION('design','',#3811,#3814);
#3811 = PRODUCT_DEFINITION_FORMATION('','',#3812);
#3812 = PRODUCT('Open CASCADE STEP translator 7.8 1.26',
  'Open CASCADE STEP translator 7.8 1.26','',(#3813));
#3813 = PRODUCT_CONTEXT('',#2,'mechanical');
#3814 = PRODUCT_DEFINITION_CONTEXT('part definition',#2,'design');
#3815 = GEOMETRICALLY_BOUNDED_WIREFRAME_SHAPE_REPRESENTATION('',(#11,
    #3816),#3847);
#3816 = GEOMETRIC_CURVE_SET('',(#3817));
#3817 = TRIMMED_CURVE('',#3818,(#3845,PARAMETER_VALUE(0.)),(#3846,
    PARAMETER_VALUE(23.)),.T.,.PARAMETER.);
#3818 = B_SPLINE_CURVE_WITH_KNOTS('',3,(#3819,#3820,#3821,#3822,#3823,
    #3824,#3825,#3826,#3827,#3828,#3829,#3830,#3831,#3832,#3833,#3834,
    #3835,#3836,#3837,#3838,#3839,#3840,#3841,#3842,#3843,#3844),
  .UNSPECIFIED.,.F.,.F.,(4,1,1,1,1,1,1,1,1,1,1,1,1,1,1,1,1,1,1,1,1,1,1,4
    ),(0.,1.,2.,3.,4.,5.,6.,7.,8.,9.,10.,11.,12.,13.,14.,15.,16.,17.,18.
    ,19.,20.,21.,22.,23.),.QUASI_UNIFORM_KNOTS.);
#3819 = CARTESIAN_POINT('',(80.327762,0.,-36.332268));
#3820 = CARTESIAN_POINT('',(80.169254,5.043822,-36.621361));
#3821 = CARTESIAN_POINT('',(79.694354,10.067738,-36.909313));
#3822 = CARTESIAN_POINT('',(78.904937,15.051922,-37.194987));
#3823 = CARTESIAN_POINT('',(77.804118,19.976702,-37.477256));
#3824 = CARTESIAN_POINT('',(76.396242,24.822644,-37.755007));
#3825 = CARTESIAN_POINT('',(74.686864,29.570622,-38.027143));
#3826 = CARTESIAN_POINT('',(72.682732,34.201898,-38.29259));
#3827 = CARTESIAN_POINT('',(70.391755,38.698195,-38.550301));
#3828 = CARTESIAN_POINT('',(67.822973,43.041767,-38.799258));
#3829 = CARTESIAN_POINT('',(64.986525,47.215474,-39.038479));
#3830 = CARTESIAN_POINT('',(61.893605,51.202843,-39.26702));
#3831 = CARTESIAN_POINT('',(58.556419,54.988137,-39.483978));
#3832 = CARTESIAN_POINT('',(54.988137,58.556419,-39.688498));
#3833 = CARTESIAN_POINT('',(51.202843,61.893605,-39.879773));
#3834 = CARTESIAN_POINT('',(47.215474,64.986525,-40.057048));
#3835 = CARTESIAN_POINT('',(43.041767,67.822973,-40.219622));
#3836 = CARTESIAN_POINT('',(38.698195,70.391755,-40.366855));
#3837 = CARTESIAN_POINT('',(34.201898,72.682732,-40.498165));
#3838 = CARTESIAN_POINT('',(29.570622,74.686864,-40.613034));
#3839 = CARTESIAN_POINT('',(24.822644,76.396242,-40.711009));
#3840 = CARTESIAN_POINT('',(19.976702,77.804118,-40.791703));
#3841 = CARTESIAN_POINT('',(15.051922,78.904937,-40.854798));
#3842 = CARTESIAN_POINT('',(10.067738,79.694354,-40.900044));
#3843 = CARTESIAN_POINT('',(5.043822,80.169254,-40.927264));
#3844 = CARTESIAN_POINT('',(0.,80.327762,-40.936349));
#3845 = CARTESIAN_POINT('',(80.327762,0.,-36.332268));
#3846 = CARTESIAN_POINT('',(0.,80.327762,-40.936349));
#3847 = ( GEOMETRIC_REPRESENTATION_CONTEXT(3) 
GLOBAL_UNCERTAINTY_ASSIGNED_CONTEXT((#3851)) 
GLOBAL_UNIT_ASSIGNED_CONTEXT((#3848,#3849,#3850)) REPRESENTATION_CONTEXT
('Context #1','3D Context with UNIT and UNCERTAINTY') );
#3848 = ( LENGTH_UNIT() NAMED_UNIT(*) SI_UNIT(.MILLI.,.METRE.) );
#3849 = ( NAMED_UNIT(*) PLANE_ANGLE_UNIT() SI_UNIT($,.RADIAN.) );
#3850 = ( NAMED_UNIT(*) SI_UNIT($,.STERADIAN.) SOLID_ANGLE_UNIT() );
#3851 = UNCERTAINTY_MEASURE_WITH_UNIT(LENGTH_MEASURE(1.E-07),#3848,
  'distance_accuracy_value','confusion accuracy');
#3852 = CONTEXT_DEPENDENT_SHAPE_REPRESENTATION(#3853,#3855);
#3853 = ( REPRESENTATION_RELATIONSHIP('','',#3815,#10) 
REPRESENTATION_RELATIONSHIP_WITH_TRANSFORMATION(#3854) 
SHAPE_REPRESENTATION_RELATIONSHIP() );
#3854 = ITEM_DEFINED_TRANSFORMATION('','',#11,#115);
#3855 = PRODUCT_DEFINITION_SHAPE('Placement','Placement of an item',
  #3856);
#3856 = NEXT_ASSEMBLY_USAGE_OCCURRENCE('26','','',#5,#3810,$);
#3857 = PRODUCT_RELATED_PRODUCT_CATEGORY('part',$,(#3812));
#3858 = SHAPE_DEFINITION_REPRESENTATION(#3859,#3865);
#3859 = PRODUCT_DEFINITION_SHAPE('','',#3860);
#3860 = PRODUCT_DEFINITION('design','',#3861,#3864);
#3861 = PRODUCT_DEFINITION_FORMATION('','',#3862);
#3862 = PRODUCT('Open CASCADE STEP translator 7.8 1.27',
  'Open CASCADE STEP translator 7.8 1.27','',(#3863));
#3863 = PRODUCT_CONTEXT('',#2,'mechanical');
#3864 = PRODUCT_DEFINITION_CONTEXT('part definition',#2,'design');
#3865 = GEOMETRICALLY_BOUNDED_WIREFRAME_SHAPE_REPRESENTATION('',(#11,
    #3866),#3897);
#3866 = GEOMETRIC_CURVE_SET('',(#3867));
#3867 = TRIMMED_CURVE('',#3868,(#3895,PARAMETER_VALUE(0.)),(#3896,
    PARAMETER_VALUE(23.)),.T.,.PARAMETER.);
#3868 = B_SPLINE_CURVE_WITH_KNOTS('',3,(#3869,#3870,#3871,#3872,#3873,
    #3874,#3875,#3876,#3877,#3878,#3879,#3880,#3881,#3882,#3883,#3884,
    #3885,#3886,#3887,#3888,#3889,#3890,#3891,#3892,#3893,#3894),
  .UNSPECIFIED.,.F.,.F.,(4,1,1,1,1,1,1,1,1,1,1,1,1,1,1,1,1,1,1,1,1,1,1,4
    ),(0.,1.,2.,3.,4.,5.,6.,7.,8.,9.,10.,11.,12.,13.,14.,15.,16.,17.,18.
    ,19.,20.,21.,22.,23.),.QUASI_UNIFORM_KNOTS.);
#3869 = CARTESIAN_POINT('',(88.544277,0.,-25.630223));
#3870 = CARTESIAN_POINT('',(88.369556,5.559741,-25.965881));
#3871 = CARTESIAN_POINT('',(87.846079,11.097541,-26.300215));
#3872 = CARTESIAN_POINT('',(86.975915,16.591543,-26.631905));
#3873 = CARTESIAN_POINT('',(85.762496,22.020066,-26.959641));
#3874 = CARTESIAN_POINT('',(84.210612,27.361686,-27.282131));
#3875 = CARTESIAN_POINT('',(82.326387,32.595323,-27.598101));
#3876 = CARTESIAN_POINT('',(80.117258,37.70032,-27.906306));
#3877 = CARTESIAN_POINT('',(77.591942,42.656531,-28.205527));
#3878 = CARTESIAN_POINT('',(74.760406,47.444396,-28.494585));
#3879 = CARTESIAN_POINT('',(71.633825,52.04502,-28.772339));
#3880 = CARTESIAN_POINT('',(68.224538,56.440247,-29.037692));
#3881 = CARTESIAN_POINT('',(64.546,60.612729,-29.289597));
#3882 = CARTESIAN_POINT('',(60.612729,64.546,-29.527061));
#3883 = CARTESIAN_POINT('',(56.440247,68.224538,-29.749146));
#3884 = CARTESIAN_POINT('',(52.04502,71.633825,-29.954975));
#3885 = CARTESIAN_POINT('',(47.444396,74.760406,-30.143736));
#3886 = CARTESIAN_POINT('',(42.656531,77.591942,-30.314684));
#3887 = CARTESIAN_POINT('',(37.70032,80.117258,-30.467145));
#3888 = CARTESIAN_POINT('',(32.595323,82.326387,-30.600517));
#3889 = CARTESIAN_POINT('',(27.361686,84.210612,-30.714273));
#3890 = CARTESIAN_POINT('',(22.020066,85.762496,-30.807965));
#3891 = CARTESIAN_POINT('',(16.591543,86.975915,-30.881223));
#3892 = CARTESIAN_POINT('',(11.097541,87.846079,-30.933758));
#3893 = CARTESIAN_POINT('',(5.559741,88.369556,-30.965362));
#3894 = CARTESIAN_POINT('',(0.,88.544277,-30.97591));
#3895 = CARTESIAN_POINT('',(88.544277,0.,-25.630223));
#3896 = CARTESIAN_POINT('',(0.,88.544277,-30.97591));
#3897 = ( GEOMETRIC_REPRESENTATION_CONTEXT(3) 
GLOBAL_UNCERTAINTY_ASSIGNED_CONTEXT((#3901)) 
GLOBAL_UNIT_ASSIGNED_CONTEXT((#3898,#3899,#3900)) REPRESENTATION_CONTEXT
('Context #1','3D Context with UNIT and UNCERTAINTY') );
#3898 = ( LENGTH_UNIT() NAMED_UNIT(*) SI_UNIT(.MILLI.,.METRE.) );
#3899 = ( NAMED_UNIT(*) PLANE_ANGLE_UNIT() SI_UNIT($,.RADIAN.) );
#3900 = ( NAMED_UNIT(*) SI_UNIT($,.STERADIAN.) SOLID_ANGLE_UNIT() );
#3901 = UNCERTAINTY_MEASURE_WITH_UNIT(LENGTH_MEASURE(1.E-07),#3898,
  'distance_accuracy_value','confusion accuracy');
#3902 = CONTEXT_DEPENDENT_SHAPE_REPRESENTATION(#3903,#3905);
#3903 = ( REPRESENTATION_RELATIONSHIP('','',#3865,#10) 
REPRESENTATION_RELATIONSHIP_WITH_TRANSFORMATION(#3904) 
SHAPE_REPRESENTATION_RELATIONSHIP() );
#3904 = ITEM_DEFINED_TRANSFORMATION('','',#11,#119);
#3905 = PRODUCT_DEFINITION_SHAPE('Placement','Placement of an item',
  #3906);
#3906 = NEXT_ASSEMBLY_USAGE_OCCURRENCE('27','','',#5,#3860,$);
#3907 = PRODUCT_RELATED_PRODUCT_CATEGORY('part',$,(#3862));
#3908 = SHAPE_DEFINITION_REPRESENTATION(#3909,#3915);
#3909 = PRODUCT_DEFINITION_SHAPE('','',#3910);
#3910 = PRODUCT_DEFINITION('design','',#3911,#3914);
#3911 = PRODUCT_DEFINITION_FORMATION('','',#3912);
#3912 = PRODUCT('Open CASCADE STEP translator 7.8 1.28',
  'Open CASCADE STEP translator 7.8 1.28','',(#3913));
#3913 = PRODUCT_CONTEXT('',#2,'mechanical');
#3914 = PRODUCT_DEFINITION_CONTEXT('part definition',#2,'design');
#3915 = GEOMETRICALLY_BOUNDED_WIREFRAME_SHAPE_REPRESENTATION('',(#11,
    #3916),#3947);
#3916 = GEOMETRIC_CURVE_SET('',(#3917));
#3917 = TRIMMED_CURVE('',#3918,(#3945,PARAMETER_VALUE(0.)),(#3946,
    PARAMETER_VALUE(23.)),.T.,.PARAMETER.);
#3918 = B_SPLINE_CURVE_WITH_KNOTS('',3,(#3919,#3920,#3921,#3922,#3923,
    #3924,#3925,#3926,#3927,#3928,#3929,#3930,#3931,#3932,#3933,#3934,
    #3935,#3936,#3937,#3938,#3939,#3940,#3941,#3942,#3943,#3944),
  .UNSPECIFIED.,.F.,.F.,(4,1,1,1,1,1,1,1,1,1,1,1,1,1,1,1,1,1,1,1,1,1,1,4
    ),(0.,1.,2.,3.,4.,5.,6.,7.,8.,9.,10.,11.,12.,13.,14.,15.,16.,17.,18.
    ,19.,20.,21.,22.,23.),.QUASI_UNIFORM_KNOTS.);
#3919 = CARTESIAN_POINT('',(95.201211,0.,-17.947335));
#3920 = CARTESIAN_POINT('',(95.013353,5.977734,-18.321933));
#3921 = CARTESIAN_POINT('',(94.450521,11.931876,-18.695054));
#3922 = CARTESIAN_POINT('',(93.514936,17.838928,-19.065223));
#3923 = CARTESIAN_POINT('',(92.21029,23.675578,-19.430981));
#3924 = CARTESIAN_POINT('',(90.541732,29.418792,-19.790883));
#3925 = CARTESIAN_POINT('',(88.515848,35.045903,-20.14351));
#3926 = CARTESIAN_POINT('',(86.140631,40.534704,-20.48747));
#3927 = CARTESIAN_POINT('',(83.425457,45.863533,-20.821404));
#3928 = CARTESIAN_POINT('',(80.381041,51.01136,-21.143997));
#3929 = CARTESIAN_POINT('',(77.019398,55.957868,-21.453973));
#3930 = CARTESIAN_POINT('',(73.353794,60.683536,-21.75011));
#3931 = CARTESIAN_POINT('',(69.398696,65.169714,-22.03124));
#3932 = CARTESIAN_POINT('',(65.169714,69.398696,-22.296252));
#3933 = CARTESIAN_POINT('',(60.683536,73.353794,-22.544101));
#3934 = CARTESIAN_POINT('',(55.957868,77.019398,-22.773808));
#3935 = CARTESIAN_POINT('',(51.01136,80.381041,-22.984468));
#3936 = CARTESIAN_POINT('',(45.863533,83.425457,-23.175248));
#3937 = CARTESIAN_POINT('',(40.534704,86.140631,-23.345397));
#3938 = CARTESIAN_POINT('',(35.045903,88.515848,-23.494241));
#3939 = CARTESIAN_POINT('',(29.418792,90.541732,-23.621195));
#3940 = CARTESIAN_POINT('',(23.675578,92.21029,-23.725756));
#3941 = CARTESIAN_POINT('',(17.838928,93.514936,-23.807512));
#3942 = CARTESIAN_POINT('',(11.931876,94.450521,-23.866142));
#3943 = CARTESIAN_POINT('',(5.977734,95.013353,-23.901412));
#3944 = CARTESIAN_POINT('',(0.,95.201211,-23.913184));
#3945 = CARTESIAN_POINT('',(95.201211,0.,-17.947335));
#3946 = CARTESIAN_POINT('',(0.,95.201211,-23.913184));
#3947 = ( GEOMETRIC_REPRESENTATION_CONTEXT(3) 
GLOBAL_UNCERTAINTY_ASSIGNED_CONTEXT((#3951)) 
GLOBAL_UNIT_ASSIGNED_CONTEXT((#3948,#3949,#3950)) REPRESENTATION_CONTEXT
('Context #1','3D Context with UNIT and UNCERTAINTY') );
#3948 = ( LENGTH_UNIT() NAMED_UNIT(*) SI_UNIT(.MILLI.,.METRE.) );
#3949 = ( NAMED_UNIT(*) PLANE_ANGLE_UNIT() SI_UNIT($,.RADIAN.) );
#3950 = ( NAMED_UNIT(*) SI_UNIT($,.STERADIAN.) SOLID_ANGLE_UNIT() );
#3951 = UNCERTAINTY_MEASURE_WITH_UNIT(LENGTH_MEASURE(1.E-07),#3948,
  'distance_accuracy_value','confusion accuracy');
#3952 = CONTEXT_DEPENDENT_SHAPE_REPRESENTATION(#3953,#3955);
#3953 = ( REPRESENTATION_RELATIONSHIP('','',#3915,#10) 
REPRESENTATION_RELATIONSHIP_WITH_TRANSFORMATION(#3954) 
SHAPE_REPRESENTATION_RELATIONSHIP() );
#3954 = ITEM_DEFINED_TRANSFORMATION('','',#11,#123);
#3955 = PRODUCT_DEFINITION_SHAPE('Placement','Placement of an item',
  #3956);
#3956 = NEXT_ASSEMBLY_USAGE_OCCURRENCE('28','','',#5,#3910,$);
#3957 = PRODUCT_RELATED_PRODUCT_CATEGORY('part',$,(#3912));
#3958 = SHAPE_DEFINITION_REPRESENTATION(#3959,#3965);
#3959 = PRODUCT_DEFINITION_SHAPE('','',#3960);
#3960 = PRODUCT_DEFINITION('design','',#3961,#3964);
#3961 = PRODUCT_DEFINITION_FORMATION('','',#3962);
#3962 = PRODUCT('Open CASCADE STEP translator 7.8 1.29',
  'Open CASCADE STEP translator 7.8 1.29','',(#3963));
#3963 = PRODUCT_CONTEXT('',#2,'mechanical');
#3964 = PRODUCT_DEFINITION_CONTEXT('part definition',#2,'design');
#3965 = GEOMETRICALLY_BOUNDED_WIREFRAME_SHAPE_REPRESENTATION('',(#11,
    #3966),#3997);
#3966 = GEOMETRIC_CURVE_SET('',(#3967));
#3967 = TRIMMED_CURVE('',#3968,(#3995,PARAMETER_VALUE(0.)),(#3996,
    PARAMETER_VALUE(23.)),.T.,.PARAMETER.);
#3968 = B_SPLINE_CURVE_WITH_KNOTS('',3,(#3969,#3970,#3971,#3972,#3973,
    #3974,#3975,#3976,#3977,#3978,#3979,#3980,#3981,#3982,#3983,#3984,
    #3985,#3986,#3987,#3988,#3989,#3990,#3991,#3992,#3993,#3994),
  .UNSPECIFIED.,.F.,.F.,(4,1,1,1,1,1,1,1,1,1,1,1,1,1,1,1,1,1,1,1,1,1,1,4
    ),(0.,1.,2.,3.,4.,5.,6.,7.,8.,9.,10.,11.,12.,13.,14.,15.,16.,17.,18.
    ,19.,20.,21.,22.,23.),.QUASI_UNIFORM_KNOTS.);
#3969 = CARTESIAN_POINT('',(102.327476,0.,-10.767543));
#3970 = CARTESIAN_POINT('',(102.125556,6.425195,-11.184913));
#3971 = CARTESIAN_POINT('',(101.520593,12.825033,-11.600636));
#3972 = CARTESIAN_POINT('',(100.514975,19.174257,-12.013071));
#3973 = CARTESIAN_POINT('',(99.11267,25.447808,-12.42059));
#3974 = CARTESIAN_POINT('',(97.319213,31.620929,-12.821586));
#3975 = CARTESIAN_POINT('',(95.141681,37.669256,-13.214475));
#3976 = CARTESIAN_POINT('',(92.588669,43.56892,-13.597708));
#3977 = CARTESIAN_POINT('',(89.670251,49.296638,-13.969771));
#3978 = CARTESIAN_POINT('',(86.397946,54.829804,-14.329196));
#3979 = CARTESIAN_POINT('',(82.784667,60.146581,-14.674565));
#3980 = CARTESIAN_POINT('',(78.844675,65.225988,-15.004515));
#3981 = CARTESIAN_POINT('',(74.59352,70.047978,-15.317743));
#3982 = CARTESIAN_POINT('',(70.047978,74.59352,-15.613014));
#3983 = CARTESIAN_POINT('',(65.225988,78.844675,-15.889162));
#3984 = CARTESIAN_POINT('',(60.146581,82.784667,-16.145097));
#3985 = CARTESIAN_POINT('',(54.829804,86.397946,-16.37981));
#3986 = CARTESIAN_POINT('',(49.296638,89.670251,-16.592373));
#3987 = CARTESIAN_POINT('',(43.56892,92.588669,-16.781949));
#3988 = CARTESIAN_POINT('',(37.669256,95.141681,-16.947788));
#3989 = CARTESIAN_POINT('',(31.620929,97.319213,-17.089237));
#3990 = CARTESIAN_POINT('',(25.447808,99.11267,-17.205737));
#3991 = CARTESIAN_POINT('',(19.174257,100.514975,-17.296829));
#3992 = CARTESIAN_POINT('',(12.825033,101.520593,-17.362152));
#3993 = CARTESIAN_POINT('',(6.425195,102.125556,-17.401449));
#3994 = CARTESIAN_POINT('',(0.,102.327476,-17.414566));
#3995 = CARTESIAN_POINT('',(102.327476,0.,-10.767543));
#3996 = CARTESIAN_POINT('',(0.,102.327476,-17.414566));
#3997 = ( GEOMETRIC_REPRESENTATION_CONTEXT(3) 
GLOBAL_UNCERTAINTY_ASSIGNED_CONTEXT((#4001)) 
GLOBAL_UNIT_ASSIGNED_CONTEXT((#3998,#3999,#4000)) REPRESENTATION_CONTEXT
('Context #1','3D Context with UNIT and UNCERTAINTY') );
#3998 = ( LENGTH_UNIT() NAMED_UNIT(*) SI_UNIT(.MILLI.,.METRE.) );
#3999 = ( NAMED_UNIT(*) PLANE_ANGLE_UNIT() SI_UNIT($,.RADIAN.) );
#4000 = ( NAMED_UNIT(*) SI_UNIT($,.STERADIAN.) SOLID_ANGLE_UNIT() );
#4001 = UNCERTAINTY_MEASURE_WITH_UNIT(LENGTH_MEASURE(1.E-07),#3998,
  'distance_accuracy_value','confusion accuracy');
#4002 = CONTEXT_DEPENDENT_SHAPE_REPRESENTATION(#4003,#4005);
#4003 = ( REPRESENTATION_RELATIONSHIP('','',#3965,#10) 
REPRESENTATION_RELATIONSHIP_WITH_TRANSFORMATION(#4004) 
SHAPE_REPRESENTATION_RELATIONSHIP() );
#4004 = ITEM_DEFINED_TRANSFORMATION('','',#11,#127);
#4005 = PRODUCT_DEFINITION_SHAPE('Placement','Placement of an item',
  #4006);
#4006 = NEXT_ASSEMBLY_USAGE_OCCURRENCE('29','','',#5,#3960,$);
#4007 = PRODUCT_RELATED_PRODUCT_CATEGORY('part',$,(#3962));
#4008 = SHAPE_DEFINITION_REPRESENTATION(#4009,#4015);
#4009 = PRODUCT_DEFINITION_SHAPE('','',#4010);
#4010 = PRODUCT_DEFINITION('design','',#4011,#4014);
#4011 = PRODUCT_DEFINITION_FORMATION('','',#4012);
#4012 = PRODUCT('Open CASCADE STEP translator 7.8 1.30',
  'Open CASCADE STEP translator 7.8 1.30','',(#4013));
#4013 = PRODUCT_CONTEXT('',#2,'mechanical');
#4014 = PRODUCT_DEFINITION_CONTEXT('part definition',#2,'design');
#4015 = GEOMETRICALLY_BOUNDED_WIREFRAME_SHAPE_REPRESENTATION('',(#11,
    #4016),#4047);
#4016 = GEOMETRIC_CURVE_SET('',(#4017));
#4017 = TRIMMED_CURVE('',#4018,(#4045,PARAMETER_VALUE(0.)),(#4046,
    PARAMETER_VALUE(23.)),.T.,.PARAMETER.);
#4018 = B_SPLINE_CURVE_WITH_KNOTS('',3,(#4019,#4020,#4021,#4022,#4023,
    #4024,#4025,#4026,#4027,#4028,#4029,#4030,#4031,#4032,#4033,#4034,
    #4035,#4036,#4037,#4038,#4039,#4040,#4041,#4042,#4043,#4044),
  .UNSPECIFIED.,.F.,.F.,(4,1,1,1,1,1,1,1,1,1,1,1,1,1,1,1,1,1,1,1,1,1,1,4
    ),(0.,1.,2.,3.,4.,5.,6.,7.,8.,9.,10.,11.,12.,13.,14.,15.,16.,17.,18.
    ,19.,20.,21.,22.,23.),.QUASI_UNIFORM_KNOTS.);
#4019 = CARTESIAN_POINT('',(112.624708,0.,-2.353529));
#4020 = CARTESIAN_POINT('',(112.402469,7.071764,-2.834517));
#4021 = CARTESIAN_POINT('',(111.736629,14.115619,-3.313606));
#4022 = CARTESIAN_POINT('',(110.629815,21.103766,-3.788906));
#4023 = CARTESIAN_POINT('',(109.086396,28.008626,-4.258542));
#4024 = CARTESIAN_POINT('',(107.112463,34.802949,-4.720659));
#4025 = CARTESIAN_POINT('',(104.715806,41.45992,-5.173434));
#4026 = CARTESIAN_POINT('',(101.905883,47.953269,-5.615081));
#4027 = CARTESIAN_POINT('',(98.693784,54.257367,-6.043855));
#4028 = CARTESIAN_POINT('',(95.092186,60.347337,-6.458066));
#4029 = CARTESIAN_POINT('',(91.115303,66.199143,-6.856077));
#4030 = CARTESIAN_POINT('',(86.778829,71.789691,-7.23632));
#4031 = CARTESIAN_POINT('',(82.099879,77.096918,-7.597292));
#4032 = CARTESIAN_POINT('',(77.096918,82.099879,-7.937569));
#4033 = CARTESIAN_POINT('',(71.789691,86.778829,-8.255809));
#4034 = CARTESIAN_POINT('',(66.199143,91.115303,-8.550755));
#4035 = CARTESIAN_POINT('',(60.347337,95.092186,-8.821243));
#4036 = CARTESIAN_POINT('',(54.257367,98.693784,-9.066207));
#4037 = CARTESIAN_POINT('',(47.953269,101.905883,-9.284678));
#4038 = CARTESIAN_POINT('',(41.45992,104.715806,-9.475796));
#4039 = CARTESIAN_POINT('',(34.802949,107.112463,-9.638805));
#4040 = CARTESIAN_POINT('',(28.008626,109.086396,-9.773062));
#4041 = CARTESIAN_POINT('',(21.103766,110.629815,-9.878038));
#4042 = CARTESIAN_POINT('',(14.115619,111.736629,-9.953318));
#4043 = CARTESIAN_POINT('',(7.071764,112.402469,-9.998606));
#4044 = CARTESIAN_POINT('',(0.,112.624708,-10.013721));
#4045 = CARTESIAN_POINT('',(112.624708,0.,-2.353529));
#4046 = CARTESIAN_POINT('',(0.,112.624708,-10.013721));
#4047 = ( GEOMETRIC_REPRESENTATION_CONTEXT(3) 
GLOBAL_UNCERTAINTY_ASSIGNED_CONTEXT((#4051)) 
GLOBAL_UNIT_ASSIGNED_CONTEXT((#4048,#4049,#4050)) REPRESENTATION_CONTEXT
('Context #1','3D Context with UNIT and UNCERTAINTY') );
#4048 = ( LENGTH_UNIT() NAMED_UNIT(*) SI_UNIT(.MILLI.,.METRE.) );
#4049 = ( NAMED_UNIT(*) PLANE_ANGLE_UNIT() SI_UNIT($,.RADIAN.) );
#4050 = ( NAMED_UNIT(*) SI_UNIT($,.STERADIAN.) SOLID_ANGLE_UNIT() );
#4051 = UNCERTAINTY_MEASURE_WITH_UNIT(LENGTH_MEASURE(1.E-07),#4048,
  'distance_accuracy_value','confusion accuracy');
#4052 = CONTEXT_DEPENDENT_SHAPE_REPRESENTATION(#4053,#4055);
#4053 = ( REPRESENTATION_RELATIONSHIP('','',#4015,#10) 
REPRESENTATION_RELATIONSHIP_WITH_TRANSFORMATION(#4054) 
SHAPE_REPRESENTATION_RELATIONSHIP() );
#4054 = ITEM_DEFINED_TRANSFORMATION('','',#11,#131);
#4055 = PRODUCT_DEFINITION_SHAPE('Placement','Placement of an item',
  #4056);
#4056 = NEXT_ASSEMBLY_USAGE_OCCURRENCE('30','','',#5,#4010,$);
#4057 = PRODUCT_RELATED_PRODUCT_CATEGORY('part',$,(#4012));
#4058 = SHAPE_DEFINITION_REPRESENTATION(#4059,#4065);
#4059 = PRODUCT_DEFINITION_SHAPE('','',#4060);
#4060 = PRODUCT_DEFINITION('design','',#4061,#4064);
#4061 = PRODUCT_DEFINITION_FORMATION('','',#4062);
#4062 = PRODUCT('Open CASCADE STEP translator 7.8 1.31',
  'Open CASCADE STEP translator 7.8 1.31','',(#4063));
#4063 = PRODUCT_CONTEXT('',#2,'mechanical');
#4064 = PRODUCT_DEFINITION_CONTEXT('part definition',#2,'design');
#4065 = GEOMETRICALLY_BOUNDED_WIREFRAME_SHAPE_REPRESENTATION('',(#11,
    #4066),#4097);
#4066 = GEOMETRIC_CURVE_SET('',(#4067));
#4067 = TRIMMED_CURVE('',#4068,(#4095,PARAMETER_VALUE(0.)),(#4096,
    PARAMETER_VALUE(23.)),.T.,.PARAMETER.);
#4068 = B_SPLINE_CURVE_WITH_KNOTS('',3,(#4069,#4070,#4071,#4072,#4073,
    #4074,#4075,#4076,#4077,#4078,#4079,#4080,#4081,#4082,#4083,#4084,
    #4085,#4086,#4087,#4088,#4089,#4090,#4091,#4092,#4093,#4094),
  .UNSPECIFIED.,.F.,.F.,(4,1,1,1,1,1,1,1,1,1,1,1,1,1,1,1,1,1,1,1,1,1,1,4
    ),(0.,1.,2.,3.,4.,5.,6.,7.,8.,9.,10.,11.,12.,13.,14.,15.,16.,17.,18.
    ,19.,20.,21.,22.,23.),.QUASI_UNIFORM_KNOTS.);
#4069 = CARTESIAN_POINT('',(120.973452,0.,2.808333));
#4070 = CARTESIAN_POINT('',(120.734738,7.595986,2.274276));
#4071 = CARTESIAN_POINT('',(120.01954,15.161994,1.742326));
#4072 = CARTESIAN_POINT('',(118.830679,22.668164,1.214583));
#4073 = CARTESIAN_POINT('',(117.172848,30.084874,0.693131));
#4074 = CARTESIAN_POINT('',(115.05259,37.382853,0.180025));
#4075 = CARTESIAN_POINT('',(112.478271,44.533298,-0.322707));
#4076 = CARTESIAN_POINT('',(109.460052,51.507991,-0.813083));
#4077 = CARTESIAN_POINT('',(106.009844,58.279405,-1.289166));
#4078 = CARTESIAN_POINT('',(102.141264,64.820817,-1.749079));
#4079 = CARTESIAN_POINT('',(97.869578,71.106411,-2.191005));
#4080 = CARTESIAN_POINT('',(93.211647,77.11138,-2.613202));
#4081 = CARTESIAN_POINT('',(88.185851,82.812026,-3.014002));
#4082 = CARTESIAN_POINT('',(82.812026,88.185851,-3.391824));
#4083 = CARTESIAN_POINT('',(77.11138,93.211647,-3.745177));
#4084 = CARTESIAN_POINT('',(71.106411,97.869578,-4.072666));
#4085 = CARTESIAN_POINT('',(64.820817,102.141264,-4.372999));
#4086 = CARTESIAN_POINT('',(58.279405,106.009844,-4.644991));
#4087 = CARTESIAN_POINT('',(51.507991,109.460052,-4.887567));
#4088 = CARTESIAN_POINT('',(44.533298,112.478271,-5.099772));
#4089 = CARTESIAN_POINT('',(37.382853,115.05259,-5.280766));
#4090 = CARTESIAN_POINT('',(30.084874,117.172848,-5.429837));
#4091 = CARTESIAN_POINT('',(22.668164,118.830679,-5.546396));
#4092 = CARTESIAN_POINT('',(15.161994,120.01954,-5.629982));
#4093 = CARTESIAN_POINT('',(7.595986,120.734738,-5.680266));
#4094 = CARTESIAN_POINT('',(0.,120.973452,-5.69705));
#4095 = CARTESIAN_POINT('',(120.973452,0.,2.808333));
#4096 = CARTESIAN_POINT('',(0.,120.973452,-5.69705));
#4097 = ( GEOMETRIC_REPRESENTATION_CONTEXT(3) 
GLOBAL_UNCERTAINTY_ASSIGNED_CONTEXT((#4101)) 
GLOBAL_UNIT_ASSIGNED_CONTEXT((#4098,#4099,#4100)) REPRESENTATION_CONTEXT
('Context #1','3D Context with UNIT and UNCERTAINTY') );
#4098 = ( LENGTH_UNIT() NAMED_UNIT(*) SI_UNIT(.MILLI.,.METRE.) );
#4099 = ( NAMED_UNIT(*) PLANE_ANGLE_UNIT() SI_UNIT($,.RADIAN.) );
#4100 = ( NAMED_UNIT(*) SI_UNIT($,.STERADIAN.) SOLID_ANGLE_UNIT() );
#4101 = UNCERTAINTY_MEASURE_WITH_UNIT(LENGTH_MEASURE(1.E-07),#4098,
  'distance_accuracy_value','confusion accuracy');
#4102 = CONTEXT_DEPENDENT_SHAPE_REPRESENTATION(#4103,#4105);
#4103 = ( REPRESENTATION_RELATIONSHIP('','',#4065,#10) 
REPRESENTATION_RELATIONSHIP_WITH_TRANSFORMATION(#4104) 
SHAPE_REPRESENTATION_RELATIONSHIP() );
#4104 = ITEM_DEFINED_TRANSFORMATION('','',#11,#135);
#4105 = PRODUCT_DEFINITION_SHAPE('Placement','Placement of an item',
  #4106);
#4106 = NEXT_ASSEMBLY_USAGE_OCCURRENCE('31','','',#5,#4060,$);
#4107 = PRODUCT_RELATED_PRODUCT_CATEGORY('part',$,(#4062));
#4108 = SHAPE_DEFINITION_REPRESENTATION(#4109,#4115);
#4109 = PRODUCT_DEFINITION_SHAPE('','',#4110);
#4110 = PRODUCT_DEFINITION('design','',#4111,#4114);
#4111 = PRODUCT_DEFINITION_FORMATION('','',#4112);
#4112 = PRODUCT('Open CASCADE STEP translator 7.8 1.32',
  'Open CASCADE STEP translator 7.8 1.32','',(#4113));
#4113 = PRODUCT_CONTEXT('',#2,'mechanical');
#4114 = PRODUCT_DEFINITION_CONTEXT('part definition',#2,'design');
#4115 = GEOMETRICALLY_BOUNDED_WIREFRAME_SHAPE_REPRESENTATION('',(#11,
    #4116),#4147);
#4116 = GEOMETRIC_CURVE_SET('',(#4117));
#4117 = TRIMMED_CURVE('',#4118,(#4145,PARAMETER_VALUE(0.)),(#4146,
    PARAMETER_VALUE(23.)),.T.,.PARAMETER.);
#4118 = B_SPLINE_CURVE_WITH_KNOTS('',3,(#4119,#4120,#4121,#4122,#4123,
    #4124,#4125,#4126,#4127,#4128,#4129,#4130,#4131,#4132,#4133,#4134,
    #4135,#4136,#4137,#4138,#4139,#4140,#4141,#4142,#4143,#4144),
  .UNSPECIFIED.,.F.,.F.,(4,1,1,1,1,1,1,1,1,1,1,1,1,1,1,1,1,1,1,1,1,1,1,4
    ),(0.,1.,2.,3.,4.,5.,6.,7.,8.,9.,10.,11.,12.,13.,14.,15.,16.,17.,18.
    ,19.,20.,21.,22.,23.),.QUASI_UNIFORM_KNOTS.);
#4119 = CARTESIAN_POINT('',(133.187244,0.,7.991477));
#4120 = CARTESIAN_POINT('',(132.924429,8.362896,7.377935));
#4121 = CARTESIAN_POINT('',(132.137023,16.692788,6.766815));
#4122 = CARTESIAN_POINT('',(130.828132,24.956801,6.160528));
#4123 = CARTESIAN_POINT('',(129.002922,33.122321,5.561467));
#4124 = CARTESIAN_POINT('',(126.668596,41.157122,4.971996));
#4125 = CARTESIAN_POINT('',(123.834368,49.029495,4.394442));
#4126 = CARTESIAN_POINT('',(120.511421,56.70837,3.831084));
#4127 = CARTESIAN_POINT('',(116.712871,64.163444,3.284144));
#4128 = CARTESIAN_POINT('',(112.453709,71.365294,2.755783));
#4129 = CARTESIAN_POINT('',(107.750744,78.285498,2.248084));
#4130 = CARTESIAN_POINT('',(102.622535,84.896744,1.763052));
#4131 = CARTESIAN_POINT('',(97.089322,91.172942,1.3026));
#4132 = CARTESIAN_POINT('',(91.172942,97.089322,0.868547));
#4133 = CARTESIAN_POINT('',(84.896744,102.622535,0.462604));
#4134 = CARTESIAN_POINT('',(78.285498,107.750744,8.6375E-02));
#4135 = CARTESIAN_POINT('',(71.365294,112.453709,-0.258657));
#4136 = CARTESIAN_POINT('',(64.163444,116.712871,-0.571129));
#4137 = CARTESIAN_POINT('',(56.70837,120.511421,-0.849809));
#4138 = CARTESIAN_POINT('',(49.029495,123.834368,-1.093596));
#4139 = CARTESIAN_POINT('',(41.157122,126.668596,-1.301528));
#4140 = CARTESIAN_POINT('',(33.122321,129.002922,-1.472785));
#4141 = CARTESIAN_POINT('',(24.956801,130.828132,-1.606691));
#4142 = CARTESIAN_POINT('',(16.692788,132.137023,-1.702718));
#4143 = CARTESIAN_POINT('',(8.362896,132.924429,-1.760485));
#4144 = CARTESIAN_POINT('',(0.,133.187244,-1.779767));
#4145 = CARTESIAN_POINT('',(133.187244,0.,7.991477));
#4146 = CARTESIAN_POINT('',(0.,133.187244,-1.779767));
#4147 = ( GEOMETRIC_REPRESENTATION_CONTEXT(3) 
GLOBAL_UNCERTAINTY_ASSIGNED_CONTEXT((#4151)) 
GLOBAL_UNIT_ASSIGNED_CONTEXT((#4148,#4149,#4150)) REPRESENTATION_CONTEXT
('Context #1','3D Context with UNIT and UNCERTAINTY') );
#4148 = ( LENGTH_UNIT() NAMED_UNIT(*) SI_UNIT(.MILLI.,.METRE.) );
#4149 = ( NAMED_UNIT(*) PLANE_ANGLE_UNIT() SI_UNIT($,.RADIAN.) );
#4150 = ( NAMED_UNIT(*) SI_UNIT($,.STERADIAN.) SOLID_ANGLE_UNIT() );
#4151 = UNCERTAINTY_MEASURE_WITH_UNIT(LENGTH_MEASURE(1.E-07),#4148,
  'distance_accuracy_value','confusion accuracy');
#4152 = CONTEXT_DEPENDENT_SHAPE_REPRESENTATION(#4153,#4155);
#4153 = ( REPRESENTATION_RELATIONSHIP('','',#4115,#10) 
REPRESENTATION_RELATIONSHIP_WITH_TRANSFORMATION(#4154) 
SHAPE_REPRESENTATION_RELATIONSHIP() );
#4154 = ITEM_DEFINED_TRANSFORMATION('','',#11,#139);
#4155 = PRODUCT_DEFINITION_SHAPE('Placement','Placement of an item',
  #4156);
#4156 = NEXT_ASSEMBLY_USAGE_OCCURRENCE('32','','',#5,#4110,$);
#4157 = PRODUCT_RELATED_PRODUCT_CATEGORY('part',$,(#4112));
#4158 = SHAPE_DEFINITION_REPRESENTATION(#4159,#4165);
#4159 = PRODUCT_DEFINITION_SHAPE('','',#4160);
#4160 = PRODUCT_DEFINITION('design','',#4161,#4164);
#4161 = PRODUCT_DEFINITION_FORMATION('','',#4162);
#4162 = PRODUCT('Open CASCADE STEP translator 7.8 1.33',
  'Open CASCADE STEP translator 7.8 1.33','',(#4163));
#4163 = PRODUCT_CONTEXT('',#2,'mechanical');
#4164 = PRODUCT_DEFINITION_CONTEXT('part definition',#2,'design');
#4165 = GEOMETRICALLY_BOUNDED_WIREFRAME_SHAPE_REPRESENTATION('',(#11,
    #4166),#4197);
#4166 = GEOMETRIC_CURVE_SET('',(#4167));
#4167 = TRIMMED_CURVE('',#4168,(#4195,PARAMETER_VALUE(0.)),(#4196,
    PARAMETER_VALUE(23.)),.T.,.PARAMETER.);
#4168 = B_SPLINE_CURVE_WITH_KNOTS('',3,(#4169,#4170,#4171,#4172,#4173,
    #4174,#4175,#4176,#4177,#4178,#4179,#4180,#4181,#4182,#4183,#4184,
    #4185,#4186,#4187,#4188,#4189,#4190,#4191,#4192,#4193,#4194),
  .UNSPECIFIED.,.F.,.F.,(4,1,1,1,1,1,1,1,1,1,1,1,1,1,1,1,1,1,1,1,1,1,1,4
    ),(0.,1.,2.,3.,4.,5.,6.,7.,8.,9.,10.,11.,12.,13.,14.,15.,16.,17.,18.
    ,19.,20.,21.,22.,23.),.QUASI_UNIFORM_KNOTS.);
#4169 = CARTESIAN_POINT('',(145.392341,0.,11.));
#4170 = CARTESIAN_POINT('',(145.105442,9.129261,10.309304));
#4171 = CARTESIAN_POINT('',(144.245879,18.222492,9.621334));
#4172 = CARTESIAN_POINT('',(142.817043,27.243808,8.938806));
#4173 = CARTESIAN_POINT('',(140.824573,36.157605,8.264411));
#4174 = CARTESIAN_POINT('',(138.276333,44.928704,7.600813));
#4175 = CARTESIAN_POINT('',(135.18238,53.522491,6.95063));
#4176 = CARTESIAN_POINT('',(131.554923,61.905048,6.316428));
#4177 = CARTESIAN_POINT('',(127.40828,70.043294,5.70071));
#4178 = CARTESIAN_POINT('',(122.758814,77.905112,5.105905));
#4179 = CARTESIAN_POINT('',(117.624875,85.459474,4.534362));
#4180 = CARTESIAN_POINT('',(112.026724,92.676566,3.988336));
#4181 = CARTESIAN_POINT('',(105.986455,99.527906,3.469982));
#4182 = CARTESIAN_POINT('',(99.527906,105.986455,2.981345));
#4183 = CARTESIAN_POINT('',(92.676566,112.026724,2.524354));
#4184 = CARTESIAN_POINT('',(85.459474,117.624875,2.100813));
#4185 = CARTESIAN_POINT('',(77.905112,122.758814,1.712393));
#4186 = CARTESIAN_POINT('',(70.043294,127.40828,1.360627));
#4187 = CARTESIAN_POINT('',(61.905048,131.554923,1.046902));
#4188 = CARTESIAN_POINT('',(53.522491,135.18238,0.772459));
#4189 = CARTESIAN_POINT('',(44.928704,138.276333,0.538378));
#4190 = CARTESIAN_POINT('',(36.157605,140.824573,0.345585));
#4191 = CARTESIAN_POINT('',(27.243808,142.817043,0.19484));
#4192 = CARTESIAN_POINT('',(18.222492,144.245879,8.6738E-02));
#4193 = CARTESIAN_POINT('',(9.129261,145.105442,2.1706E-02));
#4194 = CARTESIAN_POINT('',(0.,145.392341,0.));
#4195 = CARTESIAN_POINT('',(145.392341,0.,11.));
#4196 = CARTESIAN_POINT('',(0.,145.392341,0.));
#4197 = ( GEOMETRIC_REPRESENTATION_CONTEXT(3) 
GLOBAL_UNCERTAINTY_ASSIGNED_CONTEXT((#4201)) 
GLOBAL_UNIT_ASSIGNED_CONTEXT((#4198,#4199,#4200)) REPRESENTATION_CONTEXT
('Context #1','3D Context with UNIT and UNCERTAINTY') );
#4198 = ( LENGTH_UNIT() NAMED_UNIT(*) SI_UNIT(.MILLI.,.METRE.) );
#4199 = ( NAMED_UNIT(*) PLANE_ANGLE_UNIT() SI_UNIT($,.RADIAN.) );
#4200 = ( NAMED_UNIT(*) SI_UNIT($,.STERADIAN.) SOLID_ANGLE_UNIT() );
#4201 = UNCERTAINTY_MEASURE_WITH_UNIT(LENGTH_MEASURE(1.E-07),#4198,
  'distance_accuracy_value','confusion accuracy');
#4202 = CONTEXT_DEPENDENT_SHAPE_REPRESENTATION(#4203,#4205);
#4203 = ( REPRESENTATION_RELATIONSHIP('','',#4165,#10) 
REPRESENTATION_RELATIONSHIP_WITH_TRANSFORMATION(#4204) 
SHAPE_REPRESENTATION_RELATIONSHIP() );
#4204 = ITEM_DEFINED_TRANSFORMATION('','',#11,#143);
#4205 = PRODUCT_DEFINITION_SHAPE('Placement','Placement of an item',
  #4206);
#4206 = NEXT_ASSEMBLY_USAGE_OCCURRENCE('33','','',#5,#4160,$);
#4207 = PRODUCT_RELATED_PRODUCT_CATEGORY('part',$,(#4162));
#4208 = SHAPE_DEFINITION_REPRESENTATION(#4209,#4215);
#4209 = PRODUCT_DEFINITION_SHAPE('','',#4210);
#4210 = PRODUCT_DEFINITION('design','',#4211,#4214);
#4211 = PRODUCT_DEFINITION_FORMATION('','',#4212);
#4212 = PRODUCT('Open CASCADE STEP translator 7.8 1.34',
  'Open CASCADE STEP translator 7.8 1.34','',(#4213));
#4213 = PRODUCT_CONTEXT('',#2,'mechanical');
#4214 = PRODUCT_DEFINITION_CONTEXT('part definition',#2,'design');
#4215 = GEOMETRICALLY_BOUNDED_WIREFRAME_SHAPE_REPRESENTATION('',(#11,
    #4216),#4247);
#4216 = GEOMETRIC_CURVE_SET('',(#4217));
#4217 = TRIMMED_CURVE('',#4218,(#4245,PARAMETER_VALUE(0.)),(#4246,
    PARAMETER_VALUE(23.)),.T.,.PARAMETER.);
#4218 = B_SPLINE_CURVE_WITH_KNOTS('',3,(#4219,#4220,#4221,#4222,#4223,
    #4224,#4225,#4226,#4227,#4228,#4229,#4230,#4231,#4232,#4233,#4234,
    #4235,#4236,#4237,#4238,#4239,#4240,#4241,#4242,#4243,#4244),
  .UNSPECIFIED.,.F.,.F.,(4,1,1,1,1,1,1,1,1,1,1,1,1,1,1,1,1,1,1,1,1,1,1,4
    ),(0.,1.,2.,3.,4.,5.,6.,7.,8.,9.,10.,11.,12.,13.,14.,15.,16.,17.,18.
    ,19.,20.,21.,22.,23.),.QUASI_UNIFORM_KNOTS.);
#4219 = CARTESIAN_POINT('',(145.392341,0.,13.5));
#4220 = CARTESIAN_POINT('',(145.105442,9.129261,12.809304));
#4221 = CARTESIAN_POINT('',(144.245879,18.222492,12.121334));
#4222 = CARTESIAN_POINT('',(142.817043,27.243808,11.438806));
#4223 = CARTESIAN_POINT('',(140.824573,36.157605,10.764411));
#4224 = CARTESIAN_POINT('',(138.276333,44.928704,10.100813));
#4225 = CARTESIAN_POINT('',(135.18238,53.522491,9.45063));
#4226 = CARTESIAN_POINT('',(131.554923,61.905048,8.816428));
#4227 = CARTESIAN_POINT('',(127.40828,70.043294,8.20071));
#4228 = CARTESIAN_POINT('',(122.758814,77.905112,7.605905));
#4229 = CARTESIAN_POINT('',(117.624875,85.459474,7.034362));
#4230 = CARTESIAN_POINT('',(112.026724,92.676566,6.488336));
#4231 = CARTESIAN_POINT('',(105.986455,99.527906,5.969982));
#4232 = CARTESIAN_POINT('',(99.527906,105.986455,5.481345));
#4233 = CARTESIAN_POINT('',(92.676566,112.026724,5.024354));
#4234 = CARTESIAN_POINT('',(85.459474,117.624875,4.600813));
#4235 = CARTESIAN_POINT('',(77.905112,122.758814,4.212393));
#4236 = CARTESIAN_POINT('',(70.043294,127.40828,3.860627));
#4237 = CARTESIAN_POINT('',(61.905048,131.554923,3.546902));
#4238 = CARTESIAN_POINT('',(53.522491,135.18238,3.272459));
#4239 = CARTESIAN_POINT('',(44.928704,138.276333,3.038378));
#4240 = CARTESIAN_POINT('',(36.157605,140.824573,2.845585));
#4241 = CARTESIAN_POINT('',(27.243808,142.817043,2.69484));
#4242 = CARTESIAN_POINT('',(18.222492,144.245879,2.586738));
#4243 = CARTESIAN_POINT('',(9.129261,145.105442,2.521706));
#4244 = CARTESIAN_POINT('',(0.,145.392341,2.5));
#4245 = CARTESIAN_POINT('',(145.392341,0.,13.5));
#4246 = CARTESIAN_POINT('',(0.,145.392341,2.5));
#4247 = ( GEOMETRIC_REPRESENTATION_CONTEXT(3) 
GLOBAL_UNCERTAINTY_ASSIGNED_CONTEXT((#4251)) 
GLOBAL_UNIT_ASSIGNED_CONTEXT((#4248,#4249,#4250)) REPRESENTATION_CONTEXT
('Context #1','3D Context with UNIT and UNCERTAINTY') );
#4248 = ( LENGTH_UNIT() NAMED_UNIT(*) SI_UNIT(.MILLI.,.METRE.) );
#4249 = ( NAMED_UNIT(*) PLANE_ANGLE_UNIT() SI_UNIT($,.RADIAN.) );
#4250 = ( NAMED_UNIT(*) SI_UNIT($,.STERADIAN.) SOLID_ANGLE_UNIT() );
#4251 = UNCERTAINTY_MEASURE_WITH_UNIT(LENGTH_MEASURE(1.E-07),#4248,
  'distance_accuracy_value','confusion accuracy');
#4252 = CONTEXT_DEPENDENT_SHAPE_REPRESENTATION(#4253,#4255);
#4253 = ( REPRESENTATION_RELATIONSHIP('','',#4215,#10) 
REPRESENTATION_RELATIONSHIP_WITH_TRANSFORMATION(#4254) 
SHAPE_REPRESENTATION_RELATIONSHIP() );
#4254 = ITEM_DEFINED_TRANSFORMATION('','',#11,#147);
#4255 = PRODUCT_DEFINITION_SHAPE('Placement','Placement of an item',
  #4256);
#4256 = NEXT_ASSEMBLY_USAGE_OCCURRENCE('34','','',#5,#4210,$);
#4257 = PRODUCT_RELATED_PRODUCT_CATEGORY('part',$,(#4212));
#4258 = SHAPE_DEFINITION_REPRESENTATION(#4259,#4265);
#4259 = PRODUCT_DEFINITION_SHAPE('','',#4260);
#4260 = PRODUCT_DEFINITION('design','',#4261,#4264);
#4261 = PRODUCT_DEFINITION_FORMATION('','',#4262);
#4262 = PRODUCT('Open CASCADE STEP translator 7.8 1.35',
  'Open CASCADE STEP translator 7.8 1.35','',(#4263));
#4263 = PRODUCT_CONTEXT('',#2,'mechanical');
#4264 = PRODUCT_DEFINITION_CONTEXT('part definition',#2,'design');
#4265 = GEOMETRICALLY_BOUNDED_WIREFRAME_SHAPE_REPRESENTATION('',(#11,
    #4266),#4274);
#4266 = GEOMETRIC_CURVE_SET('',(#4267));
#4267 = TRIMMED_CURVE('',#4268,(#4272,PARAMETER_VALUE(0.)),(#4273,
    PARAMETER_VALUE(12.81795868699)),.T.,.PARAMETER.);
#4268 = LINE('',#4269,#4270);
#4269 = CARTESIAN_POINT('',(0.,12.817925,-167.050949));
#4270 = VECTOR('',#4271,1.);
#4271 = DIRECTION('',(0.,-0.999997371891,2.292642745825E-03));
#4272 = CARTESIAN_POINT('',(0.,12.817925,-167.050949));
#4273 = CARTESIAN_POINT('',(0.,0.,-167.021562));
#4274 = ( GEOMETRIC_REPRESENTATION_CONTEXT(3) 
GLOBAL_UNCERTAINTY_ASSIGNED_CONTEXT((#4278)) 
GLOBAL_UNIT_ASSIGNED_CONTEXT((#4275,#4276,#4277)) REPRESENTATION_CONTEXT
('Context #1','3D Context with UNIT and UNCERTAINTY') );
#4275 = ( LENGTH_UNIT() NAMED_UNIT(*) SI_UNIT(.MILLI.,.METRE.) );
#4276 = ( NAMED_UNIT(*) PLANE_ANGLE_UNIT() SI_UNIT($,.RADIAN.) );
#4277 = ( NAMED_UNIT(*) SI_UNIT($,.STERADIAN.) SOLID_ANGLE_UNIT() );
#4278 = UNCERTAINTY_MEASURE_WITH_UNIT(LENGTH_MEASURE(1.E-07),#4275,
  'distance_accuracy_value','confusion accuracy');
#4279 = CONTEXT_DEPENDENT_SHAPE_REPRESENTATION(#4280,#4282);
#4280 = ( REPRESENTATION_RELATIONSHIP('','',#4265,#10) 
REPRESENTATION_RELATIONSHIP_WITH_TRANSFORMATION(#4281) 
SHAPE_REPRESENTATION_RELATIONSHIP() );
#4281 = ITEM_DEFINED_TRANSFORMATION('','',#11,#151);
#4282 = PRODUCT_DEFINITION_SHAPE('Placement','Placement of an item',
  #4283);
#4283 = NEXT_ASSEMBLY_USAGE_OCCURRENCE('35','','',#5,#4260,$);
#4284 = PRODUCT_RELATED_PRODUCT_CATEGORY('part',$,(#4262));
#4285 = SHAPE_DEFINITION_REPRESENTATION(#4286,#4292);
#4286 = PRODUCT_DEFINITION_SHAPE('','',#4287);
#4287 = PRODUCT_DEFINITION('design','',#4288,#4291);
#4288 = PRODUCT_DEFINITION_FORMATION('','',#4289);
#4289 = PRODUCT('Open CASCADE STEP translator 7.8 1.36',
  'Open CASCADE STEP translator 7.8 1.36','',(#4290));
#4290 = PRODUCT_CONTEXT('',#2,'mechanical');
#4291 = PRODUCT_DEFINITION_CONTEXT('part definition',#2,'design');
#4292 = GEOMETRICALLY_BOUNDED_WIREFRAME_SHAPE_REPRESENTATION('',(#11,
    #4293),#4301);
#4293 = GEOMETRIC_CURVE_SET('',(#4294));
#4294 = TRIMMED_CURVE('',#4295,(#4299,PARAMETER_VALUE(0.)),(#4300,
    PARAMETER_VALUE(12.817925)),.T.,.PARAMETER.);
#4295 = LINE('',#4296,#4297);
#4296 = CARTESIAN_POINT('',(0.,0.,-167.021562));
#4297 = VECTOR('',#4298,1.);
#4298 = DIRECTION('',(1.,0.,0.));
#4299 = CARTESIAN_POINT('',(0.,0.,-167.021562));
#4300 = CARTESIAN_POINT('',(12.817925,0.,-167.021562));
#4301 = ( GEOMETRIC_REPRESENTATION_CONTEXT(3) 
GLOBAL_UNCERTAINTY_ASSIGNED_CONTEXT((#4305)) 
GLOBAL_UNIT_ASSIGNED_CONTEXT((#4302,#4303,#4304)) REPRESENTATION_CONTEXT
('Context #1','3D Context with UNIT and UNCERTAINTY') );
#4302 = ( LENGTH_UNIT() NAMED_UNIT(*) SI_UNIT(.MILLI.,.METRE.) );
#4303 = ( NAMED_UNIT(*) PLANE_ANGLE_UNIT() SI_UNIT($,.RADIAN.) );
#4304 = ( NAMED_UNIT(*) SI_UNIT($,.STERADIAN.) SOLID_ANGLE_UNIT() );
#4305 = UNCERTAINTY_MEASURE_WITH_UNIT(LENGTH_MEASURE(1.E-07),#4302,
  'distance_accuracy_value','confusion accuracy');
#4306 = CONTEXT_DEPENDENT_SHAPE_REPRESENTATION(#4307,#4309);
#4307 = ( REPRESENTATION_RELATIONSHIP('','',#4292,#10) 
REPRESENTATION_RELATIONSHIP_WITH_TRANSFORMATION(#4308) 
SHAPE_REPRESENTATION_RELATIONSHIP() );
#4308 = ITEM_DEFINED_TRANSFORMATION('','',#11,#155);
#4309 = PRODUCT_DEFINITION_SHAPE('Placement','Placement of an item',
  #4310);
#4310 = NEXT_ASSEMBLY_USAGE_OCCURRENCE('36','','',#5,#4287,$);
#4311 = PRODUCT_RELATED_PRODUCT_CATEGORY('part',$,(#4289));
#4312 = SHAPE_DEFINITION_REPRESENTATION(#4313,#4319);
#4313 = PRODUCT_DEFINITION_SHAPE('','',#4314);
#4314 = PRODUCT_DEFINITION('design','',#4315,#4318);
#4315 = PRODUCT_DEFINITION_FORMATION('','',#4316);
#4316 = PRODUCT('Open CASCADE STEP translator 7.8 1.37',
  'Open CASCADE STEP translator 7.8 1.37','',(#4317));
#4317 = PRODUCT_CONTEXT('',#2,'mechanical');
#4318 = PRODUCT_DEFINITION_CONTEXT('part definition',#2,'design');
#4319 = GEOMETRICALLY_BOUNDED_WIREFRAME_SHAPE_REPRESENTATION('',(#11,
    #4320),#4328);
#4320 = GEOMETRIC_CURVE_SET('',(#4321));
#4321 = TRIMMED_CURVE('',#4322,(#4326,PARAMETER_VALUE(0.)),(#4327,
    PARAMETER_VALUE(13.308542422037)),.T.,.PARAMETER.);
#4322 = LINE('',#4323,#4324);
#4323 = CARTESIAN_POINT('',(0.,13.308352,-163.136268));
#4324 = VECTOR('',#4325,1.);
#4325 = DIRECTION('',(0.,-0.999985691744,5.349421277127E-03));
#4326 = CARTESIAN_POINT('',(0.,13.308352,-163.136268));
#4327 = CARTESIAN_POINT('',(0.,0.,-163.065075));
#4328 = ( GEOMETRIC_REPRESENTATION_CONTEXT(3) 
GLOBAL_UNCERTAINTY_ASSIGNED_CONTEXT((#4332)) 
GLOBAL_UNIT_ASSIGNED_CONTEXT((#4329,#4330,#4331)) REPRESENTATION_CONTEXT
('Context #1','3D Context with UNIT and UNCERTAINTY') );
#4329 = ( LENGTH_UNIT() NAMED_UNIT(*) SI_UNIT(.MILLI.,.METRE.) );
#4330 = ( NAMED_UNIT(*) PLANE_ANGLE_UNIT() SI_UNIT($,.RADIAN.) );
#4331 = ( NAMED_UNIT(*) SI_UNIT($,.STERADIAN.) SOLID_ANGLE_UNIT() );
#4332 = UNCERTAINTY_MEASURE_WITH_UNIT(LENGTH_MEASURE(1.E-07),#4329,
  'distance_accuracy_value','confusion accuracy');
#4333 = CONTEXT_DEPENDENT_SHAPE_REPRESENTATION(#4334,#4336);
#4334 = ( REPRESENTATION_RELATIONSHIP('','',#4319,#10) 
REPRESENTATION_RELATIONSHIP_WITH_TRANSFORMATION(#4335) 
SHAPE_REPRESENTATION_RELATIONSHIP() );
#4335 = ITEM_DEFINED_TRANSFORMATION('','',#11,#159);
#4336 = PRODUCT_DEFINITION_SHAPE('Placement','Placement of an item',
  #4337);
#4337 = NEXT_ASSEMBLY_USAGE_OCCURRENCE('37','','',#5,#4314,$);
#4338 = PRODUCT_RELATED_PRODUCT_CATEGORY('part',$,(#4316));
#4339 = SHAPE_DEFINITION_REPRESENTATION(#4340,#4346);
#4340 = PRODUCT_DEFINITION_SHAPE('','',#4341);
#4341 = PRODUCT_DEFINITION('design','',#4342,#4345);
#4342 = PRODUCT_DEFINITION_FORMATION('','',#4343);
#4343 = PRODUCT('Open CASCADE STEP translator 7.8 1.38',
  'Open CASCADE STEP translator 7.8 1.38','',(#4344));
#4344 = PRODUCT_CONTEXT('',#2,'mechanical');
#4345 = PRODUCT_DEFINITION_CONTEXT('part definition',#2,'design');
#4346 = GEOMETRICALLY_BOUNDED_WIREFRAME_SHAPE_REPRESENTATION('',(#11,
    #4347),#4355);
#4347 = GEOMETRIC_CURVE_SET('',(#4348));
#4348 = TRIMMED_CURVE('',#4349,(#4353,PARAMETER_VALUE(0.)),(#4354,
    PARAMETER_VALUE(13.308352)),.T.,.PARAMETER.);
#4349 = LINE('',#4350,#4351);
#4350 = CARTESIAN_POINT('',(0.,0.,-163.065075));
#4351 = VECTOR('',#4352,1.);
#4352 = DIRECTION('',(1.,0.,0.));
#4353 = CARTESIAN_POINT('',(0.,0.,-163.065075));
#4354 = CARTESIAN_POINT('',(13.308352,0.,-163.065075));
#4355 = ( GEOMETRIC_REPRESENTATION_CONTEXT(3) 
GLOBAL_UNCERTAINTY_ASSIGNED_CONTEXT((#4359)) 
GLOBAL_UNIT_ASSIGNED_CONTEXT((#4356,#4357,#4358)) REPRESENTATION_CONTEXT
('Context #1','3D Context with UNIT and UNCERTAINTY') );
#4356 = ( LENGTH_UNIT() NAMED_UNIT(*) SI_UNIT(.MILLI.,.METRE.) );
#4357 = ( NAMED_UNIT(*) PLANE_ANGLE_UNIT() SI_UNIT($,.RADIAN.) );
#4358 = ( NAMED_UNIT(*) SI_UNIT($,.STERADIAN.) SOLID_ANGLE_UNIT() );
#4359 = UNCERTAINTY_MEASURE_WITH_UNIT(LENGTH_MEASURE(1.E-07),#4356,
  'distance_accuracy_value','confusion accuracy');
#4360 = CONTEXT_DEPENDENT_SHAPE_REPRESENTATION(#4361,#4363);
#4361 = ( REPRESENTATION_RELATIONSHIP('','',#4346,#10) 
REPRESENTATION_RELATIONSHIP_WITH_TRANSFORMATION(#4362) 
SHAPE_REPRESENTATION_RELATIONSHIP() );
#4362 = ITEM_DEFINED_TRANSFORMATION('','',#11,#163);
#4363 = PRODUCT_DEFINITION_SHAPE('Placement','Placement of an item',
  #4364);
#4364 = NEXT_ASSEMBLY_USAGE_OCCURRENCE('38','','',#5,#4341,$);
#4365 = PRODUCT_RELATED_PRODUCT_CATEGORY('part',$,(#4343));
#4366 = SHAPE_DEFINITION_REPRESENTATION(#4367,#4373);
#4367 = PRODUCT_DEFINITION_SHAPE('','',#4368);
#4368 = PRODUCT_DEFINITION('design','',#4369,#4372);
#4369 = PRODUCT_DEFINITION_FORMATION('','',#4370);
#4370 = PRODUCT('Open CASCADE STEP translator 7.8 1.39',
  'Open CASCADE STEP translator 7.8 1.39','',(#4371));
#4371 = PRODUCT_CONTEXT('',#2,'mechanical');
#4372 = PRODUCT_DEFINITION_CONTEXT('part definition',#2,'design');
#4373 = GEOMETRICALLY_BOUNDED_WIREFRAME_SHAPE_REPRESENTATION('',(#11,
    #4374),#4382);
#4374 = GEOMETRIC_CURVE_SET('',(#4375));
#4375 = TRIMMED_CURVE('',#4376,(#4380,PARAMETER_VALUE(0.)),(#4381,
    PARAMETER_VALUE(13.91960645475)),.T.,.PARAMETER.);
#4376 = LINE('',#4377,#4378);
#4377 = CARTESIAN_POINT('',(0.,13.9192,-160.152287));
#4378 = VECTOR('',#4379,1.);
#4379 = DIRECTION('',(0.,-0.999970799839,7.641954558542E-03));
#4380 = CARTESIAN_POINT('',(0.,13.9192,-160.152287));
#4381 = CARTESIAN_POINT('',(0.,0.,-160.045914));
#4382 = ( GEOMETRIC_REPRESENTATION_CONTEXT(3) 
GLOBAL_UNCERTAINTY_ASSIGNED_CONTEXT((#4386)) 
GLOBAL_UNIT_ASSIGNED_CONTEXT((#4383,#4384,#4385)) REPRESENTATION_CONTEXT
('Context #1','3D Context with UNIT and UNCERTAINTY') );
#4383 = ( LENGTH_UNIT() NAMED_UNIT(*) SI_UNIT(.MILLI.,.METRE.) );
#4384 = ( NAMED_UNIT(*) PLANE_ANGLE_UNIT() SI_UNIT($,.RADIAN.) );
#4385 = ( NAMED_UNIT(*) SI_UNIT($,.STERADIAN.) SOLID_ANGLE_UNIT() );
#4386 = UNCERTAINTY_MEASURE_WITH_UNIT(LENGTH_MEASURE(1.E-07),#4383,
  'distance_accuracy_value','confusion accuracy');
#4387 = CONTEXT_DEPENDENT_SHAPE_REPRESENTATION(#4388,#4390);
#4388 = ( REPRESENTATION_RELATIONSHIP('','',#4373,#10) 
REPRESENTATION_RELATIONSHIP_WITH_TRANSFORMATION(#4389) 
SHAPE_REPRESENTATION_RELATIONSHIP() );
#4389 = ITEM_DEFINED_TRANSFORMATION('','',#11,#167);
#4390 = PRODUCT_DEFINITION_SHAPE('Placement','Placement of an item',
  #4391);
#4391 = NEXT_ASSEMBLY_USAGE_OCCURRENCE('39','','',#5,#4368,$);
#4392 = PRODUCT_RELATED_PRODUCT_CATEGORY('part',$,(#4370));
#4393 = SHAPE_DEFINITION_REPRESENTATION(#4394,#4400);
#4394 = PRODUCT_DEFINITION_SHAPE('','',#4395);
#4395 = PRODUCT_DEFINITION('design','',#4396,#4399);
#4396 = PRODUCT_DEFINITION_FORMATION('','',#4397);
#4397 = PRODUCT('Open CASCADE STEP translator 7.8 1.40',
  'Open CASCADE STEP translator 7.8 1.40','',(#4398));
#4398 = PRODUCT_CONTEXT('',#2,'mechanical');
#4399 = PRODUCT_DEFINITION_CONTEXT('part definition',#2,'design');
#4400 = GEOMETRICALLY_BOUNDED_WIREFRAME_SHAPE_REPRESENTATION('',(#11,
    #4401),#4409);
#4401 = GEOMETRIC_CURVE_SET('',(#4402));
#4402 = TRIMMED_CURVE('',#4403,(#4407,PARAMETER_VALUE(0.)),(#4408,
    PARAMETER_VALUE(13.9192)),.T.,.PARAMETER.);
#4403 = LINE('',#4404,#4405);
#4404 = CARTESIAN_POINT('',(0.,0.,-160.045914));
#4405 = VECTOR('',#4406,1.);
#4406 = DIRECTION('',(1.,0.,0.));
#4407 = CARTESIAN_POINT('',(0.,0.,-160.045914));
#4408 = CARTESIAN_POINT('',(13.9192,0.,-160.045914));
#4409 = ( GEOMETRIC_REPRESENTATION_CONTEXT(3) 
GLOBAL_UNCERTAINTY_ASSIGNED_CONTEXT((#4413)) 
GLOBAL_UNIT_ASSIGNED_CONTEXT((#4410,#4411,#4412)) REPRESENTATION_CONTEXT
('Context #1','3D Context with UNIT and UNCERTAINTY') );
#4410 = ( LENGTH_UNIT() NAMED_UNIT(*) SI_UNIT(.MILLI.,.METRE.) );
#4411 = ( NAMED_UNIT(*) PLANE_ANGLE_UNIT() SI_UNIT($,.RADIAN.) );
#4412 = ( NAMED_UNIT(*) SI_UNIT($,.STERADIAN.) SOLID_ANGLE_UNIT() );
#4413 = UNCERTAINTY_MEASURE_WITH_UNIT(LENGTH_MEASURE(1.E-07),#4410,
  'distance_accuracy_value','confusion accuracy');
#4414 = CONTEXT_DEPENDENT_SHAPE_REPRESENTATION(#4415,#4417);
#4415 = ( REPRESENTATION_RELATIONSHIP('','',#4400,#10) 
REPRESENTATION_RELATIONSHIP_WITH_TRANSFORMATION(#4416) 
SHAPE_REPRESENTATION_RELATIONSHIP() );
#4416 = ITEM_DEFINED_TRANSFORMATION('','',#11,#171);
#4417 = PRODUCT_DEFINITION_SHAPE('Placement','Placement of an item',
  #4418);
#4418 = NEXT_ASSEMBLY_USAGE_OCCURRENCE('40','','',#5,#4395,$);
#4419 = PRODUCT_RELATED_PRODUCT_CATEGORY('part',$,(#4397));
#4420 = SHAPE_DEFINITION_REPRESENTATION(#4421,#4427);
#4421 = PRODUCT_DEFINITION_SHAPE('','',#4422);
#4422 = PRODUCT_DEFINITION('design','',#4423,#4426);
#4423 = PRODUCT_DEFINITION_FORMATION('','',#4424);
#4424 = PRODUCT('Open CASCADE STEP translator 7.8 1.41',
  'Open CASCADE STEP translator 7.8 1.41','',(#4425));
#4425 = PRODUCT_CONTEXT('',#2,'mechanical');
#4426 = PRODUCT_DEFINITION_CONTEXT('part definition',#2,'design');
#4427 = GEOMETRICALLY_BOUNDED_WIREFRAME_SHAPE_REPRESENTATION('',(#11,
    #4428),#4436);
#4428 = GEOMETRIC_CURVE_SET('',(#4429));
#4429 = TRIMMED_CURVE('',#4430,(#4434,PARAMETER_VALUE(0.)),(#4435,
    PARAMETER_VALUE(15.050024303724)),.T.,.PARAMETER.);
#4430 = LINE('',#4431,#4432);
#4431 = CARTESIAN_POINT('',(0.,15.049163,-156.031948));
#4432 = VECTOR('',#4433,1.);
#4433 = DIRECTION('',(0.,-0.999942770609,1.069838803916E-02));
#4434 = CARTESIAN_POINT('',(0.,15.049163,-156.031948));
#4435 = CARTESIAN_POINT('',(0.,0.,-155.870937));
#4436 = ( GEOMETRIC_REPRESENTATION_CONTEXT(3) 
GLOBAL_UNCERTAINTY_ASSIGNED_CONTEXT((#4440)) 
GLOBAL_UNIT_ASSIGNED_CONTEXT((#4437,#4438,#4439)) REPRESENTATION_CONTEXT
('Context #1','3D Context with UNIT and UNCERTAINTY') );
#4437 = ( LENGTH_UNIT() NAMED_UNIT(*) SI_UNIT(.MILLI.,.METRE.) );
#4438 = ( NAMED_UNIT(*) PLANE_ANGLE_UNIT() SI_UNIT($,.RADIAN.) );
#4439 = ( NAMED_UNIT(*) SI_UNIT($,.STERADIAN.) SOLID_ANGLE_UNIT() );
#4440 = UNCERTAINTY_MEASURE_WITH_UNIT(LENGTH_MEASURE(1.E-07),#4437,
  'distance_accuracy_value','confusion accuracy');
#4441 = CONTEXT_DEPENDENT_SHAPE_REPRESENTATION(#4442,#4444);
#4442 = ( REPRESENTATION_RELATIONSHIP('','',#4427,#10) 
REPRESENTATION_RELATIONSHIP_WITH_TRANSFORMATION(#4443) 
SHAPE_REPRESENTATION_RELATIONSHIP() );
#4443 = ITEM_DEFINED_TRANSFORMATION('','',#11,#175);
#4444 = PRODUCT_DEFINITION_SHAPE('Placement','Placement of an item',
  #4445);
#4445 = NEXT_ASSEMBLY_USAGE_OCCURRENCE('41','','',#5,#4422,$);
#4446 = PRODUCT_RELATED_PRODUCT_CATEGORY('part',$,(#4424));
#4447 = SHAPE_DEFINITION_REPRESENTATION(#4448,#4454);
#4448 = PRODUCT_DEFINITION_SHAPE('','',#4449);
#4449 = PRODUCT_DEFINITION('design','',#4450,#4453);
#4450 = PRODUCT_DEFINITION_FORMATION('','',#4451);
#4451 = PRODUCT('Open CASCADE STEP translator 7.8 1.42',
  'Open CASCADE STEP translator 7.8 1.42','',(#4452));
#4452 = PRODUCT_CONTEXT('',#2,'mechanical');
#4453 = PRODUCT_DEFINITION_CONTEXT('part definition',#2,'design');
#4454 = GEOMETRICALLY_BOUNDED_WIREFRAME_SHAPE_REPRESENTATION('',(#11,
    #4455),#4463);
#4455 = GEOMETRIC_CURVE_SET('',(#4456));
#4456 = TRIMMED_CURVE('',#4457,(#4461,PARAMETER_VALUE(0.)),(#4462,
    PARAMETER_VALUE(15.049163)),.T.,.PARAMETER.);
#4457 = LINE('',#4458,#4459);
#4458 = CARTESIAN_POINT('',(0.,0.,-155.870937));
#4459 = VECTOR('',#4460,1.);
#4460 = DIRECTION('',(1.,0.,0.));
#4461 = CARTESIAN_POINT('',(0.,0.,-155.870937));
#4462 = CARTESIAN_POINT('',(15.049163,0.,-155.870937));
#4463 = ( GEOMETRIC_REPRESENTATION_CONTEXT(3) 
GLOBAL_UNCERTAINTY_ASSIGNED_CONTEXT((#4467)) 
GLOBAL_UNIT_ASSIGNED_CONTEXT((#4464,#4465,#4466)) REPRESENTATION_CONTEXT
('Context #1','3D Context with UNIT and UNCERTAINTY') );
#4464 = ( LENGTH_UNIT() NAMED_UNIT(*) SI_UNIT(.MILLI.,.METRE.) );
#4465 = ( NAMED_UNIT(*) PLANE_ANGLE_UNIT() SI_UNIT($,.RADIAN.) );
#4466 = ( NAMED_UNIT(*) SI_UNIT($,.STERADIAN.) SOLID_ANGLE_UNIT() );
#4467 = UNCERTAINTY_MEASURE_WITH_UNIT(LENGTH_MEASURE(1.E-07),#4464,
  'distance_accuracy_value','confusion accuracy');
#4468 = CONTEXT_DEPENDENT_SHAPE_REPRESENTATION(#4469,#4471);
#4469 = ( REPRESENTATION_RELATIONSHIP('','',#4454,#10) 
REPRESENTATION_RELATIONSHIP_WITH_TRANSFORMATION(#4470) 
SHAPE_REPRESENTATION_RELATIONSHIP() );
#4470 = ITEM_DEFINED_TRANSFORMATION('','',#11,#179);
#4471 = PRODUCT_DEFINITION_SHAPE('Placement','Placement of an item',
  #4472);
#4472 = NEXT_ASSEMBLY_USAGE_OCCURRENCE('42','','',#5,#4449,$);
#4473 = PRODUCT_RELATED_PRODUCT_CATEGORY('part',$,(#4451));
#4474 = SHAPE_DEFINITION_REPRESENTATION(#4475,#4481);
#4475 = PRODUCT_DEFINITION_SHAPE('','',#4476);
#4476 = PRODUCT_DEFINITION('design','',#4477,#4480);
#4477 = PRODUCT_DEFINITION_FORMATION('','',#4478);
#4478 = PRODUCT('Open CASCADE STEP translator 7.8 1.43',
  'Open CASCADE STEP translator 7.8 1.43','',(#4479));
#4479 = PRODUCT_CONTEXT('',#2,'mechanical');
#4480 = PRODUCT_DEFINITION_CONTEXT('part definition',#2,'design');
#4481 = GEOMETRICALLY_BOUNDED_WIREFRAME_SHAPE_REPRESENTATION('',(#11,
    #4482),#4490);
#4482 = GEOMETRIC_CURVE_SET('',(#4483));
#4483 = TRIMMED_CURVE('',#4484,(#4488,PARAMETER_VALUE(0.)),(#4489,
    PARAMETER_VALUE(16.13233126016)),.T.,.PARAMETER.);
#4484 = LINE('',#4485,#4486);
#4485 = CARTESIAN_POINT('',(0.,16.13097,-152.788941));
#4486 = VECTOR('',#4487,1.);
#4487 = DIRECTION('',(0.,-0.999915619129,1.299055893537E-02));
#4488 = CARTESIAN_POINT('',(0.,16.13097,-152.788941));
#4489 = CARTESIAN_POINT('',(0.,0.,-152.579373));
#4490 = ( GEOMETRIC_REPRESENTATION_CONTEXT(3) 
GLOBAL_UNCERTAINTY_ASSIGNED_CONTEXT((#4494)) 
GLOBAL_UNIT_ASSIGNED_CONTEXT((#4491,#4492,#4493)) REPRESENTATION_CONTEXT
('Context #1','3D Context with UNIT and UNCERTAINTY') );
#4491 = ( LENGTH_UNIT() NAMED_UNIT(*) SI_UNIT(.MILLI.,.METRE.) );
#4492 = ( NAMED_UNIT(*) PLANE_ANGLE_UNIT() SI_UNIT($,.RADIAN.) );
#4493 = ( NAMED_UNIT(*) SI_UNIT($,.STERADIAN.) SOLID_ANGLE_UNIT() );
#4494 = UNCERTAINTY_MEASURE_WITH_UNIT(LENGTH_MEASURE(1.E-07),#4491,
  'distance_accuracy_value','confusion accuracy');
#4495 = CONTEXT_DEPENDENT_SHAPE_REPRESENTATION(#4496,#4498);
#4496 = ( REPRESENTATION_RELATIONSHIP('','',#4481,#10) 
REPRESENTATION_RELATIONSHIP_WITH_TRANSFORMATION(#4497) 
SHAPE_REPRESENTATION_RELATIONSHIP() );
#4497 = ITEM_DEFINED_TRANSFORMATION('','',#11,#183);
#4498 = PRODUCT_DEFINITION_SHAPE('Placement','Placement of an item',
  #4499);
#4499 = NEXT_ASSEMBLY_USAGE_OCCURRENCE('43','','',#5,#4476,$);
#4500 = PRODUCT_RELATED_PRODUCT_CATEGORY('part',$,(#4478));
#4501 = SHAPE_DEFINITION_REPRESENTATION(#4502,#4508);
#4502 = PRODUCT_DEFINITION_SHAPE('','',#4503);
#4503 = PRODUCT_DEFINITION('design','',#4504,#4507);
#4504 = PRODUCT_DEFINITION_FORMATION('','',#4505);
#4505 = PRODUCT('Open CASCADE STEP translator 7.8 1.44',
  'Open CASCADE STEP translator 7.8 1.44','',(#4506));
#4506 = PRODUCT_CONTEXT('',#2,'mechanical');
#4507 = PRODUCT_DEFINITION_CONTEXT('part definition',#2,'design');
#4508 = GEOMETRICALLY_BOUNDED_WIREFRAME_SHAPE_REPRESENTATION('',(#11,
    #4509),#4517);
#4509 = GEOMETRIC_CURVE_SET('',(#4510));
#4510 = TRIMMED_CURVE('',#4511,(#4515,PARAMETER_VALUE(0.)),(#4516,
    PARAMETER_VALUE(16.13097)),.T.,.PARAMETER.);
#4511 = LINE('',#4512,#4513);
#4512 = CARTESIAN_POINT('',(0.,0.,-152.579373));
#4513 = VECTOR('',#4514,1.);
#4514 = DIRECTION('',(1.,0.,0.));
#4515 = CARTESIAN_POINT('',(0.,0.,-152.579373));
#4516 = CARTESIAN_POINT('',(16.13097,0.,-152.579373));
#4517 = ( GEOMETRIC_REPRESENTATION_CONTEXT(3) 
GLOBAL_UNCERTAINTY_ASSIGNED_CONTEXT((#4521)) 
GLOBAL_UNIT_ASSIGNED_CONTEXT((#4518,#4519,#4520)) REPRESENTATION_CONTEXT
('Context #1','3D Context with UNIT and UNCERTAINTY') );
#4518 = ( LENGTH_UNIT() NAMED_UNIT(*) SI_UNIT(.MILLI.,.METRE.) );
#4519 = ( NAMED_UNIT(*) PLANE_ANGLE_UNIT() SI_UNIT($,.RADIAN.) );
#4520 = ( NAMED_UNIT(*) SI_UNIT($,.STERADIAN.) SOLID_ANGLE_UNIT() );
#4521 = UNCERTAINTY_MEASURE_WITH_UNIT(LENGTH_MEASURE(1.E-07),#4518,
  'distance_accuracy_value','confusion accuracy');
#4522 = CONTEXT_DEPENDENT_SHAPE_REPRESENTATION(#4523,#4525);
#4523 = ( REPRESENTATION_RELATIONSHIP('','',#4508,#10) 
REPRESENTATION_RELATIONSHIP_WITH_TRANSFORMATION(#4524) 
SHAPE_REPRESENTATION_RELATIONSHIP() );
#4524 = ITEM_DEFINED_TRANSFORMATION('','',#11,#187);
#4525 = PRODUCT_DEFINITION_SHAPE('Placement','Placement of an item',
  #4526);
#4526 = NEXT_ASSEMBLY_USAGE_OCCURRENCE('44','','',#5,#4503,$);
#4527 = PRODUCT_RELATED_PRODUCT_CATEGORY('part',$,(#4505));
#4528 = SHAPE_DEFINITION_REPRESENTATION(#4529,#4535);
#4529 = PRODUCT_DEFINITION_SHAPE('','',#4530);
#4530 = PRODUCT_DEFINITION('design','',#4531,#4534);
#4531 = PRODUCT_DEFINITION_FORMATION('','',#4532);
#4532 = PRODUCT('Open CASCADE STEP translator 7.8 1.45',
  'Open CASCADE STEP translator 7.8 1.45','',(#4533));
#4533 = PRODUCT_CONTEXT('',#2,'mechanical');
#4534 = PRODUCT_DEFINITION_CONTEXT('part definition',#2,'design');
#4535 = GEOMETRICALLY_BOUNDED_WIREFRAME_SHAPE_REPRESENTATION('',(#11,
    #4536),#4544);
#4536 = GEOMETRIC_CURVE_SET('',(#4537));
#4537 = TRIMMED_CURVE('',#4538,(#4542,PARAMETER_VALUE(0.)),(#4543,
    PARAMETER_VALUE(17.415853900207)),.T.,.PARAMETER.);
#4538 = LINE('',#4539,#4540);
#4539 = CARTESIAN_POINT('',(0.,17.41382,-149.37948));
#4540 = VECTOR('',#4541,1.);
#4541 = DIRECTION('',(0.,-0.999883215591,1.528251221703E-02));
#4542 = CARTESIAN_POINT('',(0.,17.41382,-149.37948));
#4543 = CARTESIAN_POINT('',(0.,0.,-149.113322));
#4544 = ( GEOMETRIC_REPRESENTATION_CONTEXT(3) 
GLOBAL_UNCERTAINTY_ASSIGNED_CONTEXT((#4548)) 
GLOBAL_UNIT_ASSIGNED_CONTEXT((#4545,#4546,#4547)) REPRESENTATION_CONTEXT
('Context #1','3D Context with UNIT and UNCERTAINTY') );
#4545 = ( LENGTH_UNIT() NAMED_UNIT(*) SI_UNIT(.MILLI.,.METRE.) );
#4546 = ( NAMED_UNIT(*) PLANE_ANGLE_UNIT() SI_UNIT($,.RADIAN.) );
#4547 = ( NAMED_UNIT(*) SI_UNIT($,.STERADIAN.) SOLID_ANGLE_UNIT() );
#4548 = UNCERTAINTY_MEASURE_WITH_UNIT(LENGTH_MEASURE(1.E-07),#4545,
  'distance_accuracy_value','confusion accuracy');
#4549 = CONTEXT_DEPENDENT_SHAPE_REPRESENTATION(#4550,#4552);
#4550 = ( REPRESENTATION_RELATIONSHIP('','',#4535,#10) 
REPRESENTATION_RELATIONSHIP_WITH_TRANSFORMATION(#4551) 
SHAPE_REPRESENTATION_RELATIONSHIP() );
#4551 = ITEM_DEFINED_TRANSFORMATION('','',#11,#191);
#4552 = PRODUCT_DEFINITION_SHAPE('Placement','Placement of an item',
  #4553);
#4553 = NEXT_ASSEMBLY_USAGE_OCCURRENCE('45','','',#5,#4530,$);
#4554 = PRODUCT_RELATED_PRODUCT_CATEGORY('part',$,(#4532));
#4555 = SHAPE_DEFINITION_REPRESENTATION(#4556,#4562);
#4556 = PRODUCT_DEFINITION_SHAPE('','',#4557);
#4557 = PRODUCT_DEFINITION('design','',#4558,#4561);
#4558 = PRODUCT_DEFINITION_FORMATION('','',#4559);
#4559 = PRODUCT('Open CASCADE STEP translator 7.8 1.46',
  'Open CASCADE STEP translator 7.8 1.46','',(#4560));
#4560 = PRODUCT_CONTEXT('',#2,'mechanical');
#4561 = PRODUCT_DEFINITION_CONTEXT('part definition',#2,'design');
#4562 = GEOMETRICALLY_BOUNDED_WIREFRAME_SHAPE_REPRESENTATION('',(#11,
    #4563),#4571);
#4563 = GEOMETRIC_CURVE_SET('',(#4564));
#4564 = TRIMMED_CURVE('',#4565,(#4569,PARAMETER_VALUE(0.)),(#4570,
    PARAMETER_VALUE(17.41382)),.T.,.PARAMETER.);
#4565 = LINE('',#4566,#4567);
#4566 = CARTESIAN_POINT('',(0.,0.,-149.113322));
#4567 = VECTOR('',#4568,1.);
#4568 = DIRECTION('',(1.,0.,0.));
#4569 = CARTESIAN_POINT('',(0.,0.,-149.113322));
#4570 = CARTESIAN_POINT('',(17.41382,0.,-149.113322));
#4571 = ( GEOMETRIC_REPRESENTATION_CONTEXT(3) 
GLOBAL_UNCERTAINTY_ASSIGNED_CONTEXT((#4575)) 
GLOBAL_UNIT_ASSIGNED_CONTEXT((#4572,#4573,#4574)) REPRESENTATION_CONTEXT
('Context #1','3D Context with UNIT and UNCERTAINTY') );
#4572 = ( LENGTH_UNIT() NAMED_UNIT(*) SI_UNIT(.MILLI.,.METRE.) );
#4573 = ( NAMED_UNIT(*) PLANE_ANGLE_UNIT() SI_UNIT($,.RADIAN.) );
#4574 = ( NAMED_UNIT(*) SI_UNIT($,.STERADIAN.) SOLID_ANGLE_UNIT() );
#4575 = UNCERTAINTY_MEASURE_WITH_UNIT(LENGTH_MEASURE(1.E-07),#4572,
  'distance_accuracy_value','confusion accuracy');
#4576 = CONTEXT_DEPENDENT_SHAPE_REPRESENTATION(#4577,#4579);
#4577 = ( REPRESENTATION_RELATIONSHIP('','',#4562,#10) 
REPRESENTATION_RELATIONSHIP_WITH_TRANSFORMATION(#4578) 
SHAPE_REPRESENTATION_RELATIONSHIP() );
#4578 = ITEM_DEFINED_TRANSFORMATION('','',#11,#195);
#4579 = PRODUCT_DEFINITION_SHAPE('Placement','Placement of an item',
  #4580);
#4580 = NEXT_ASSEMBLY_USAGE_OCCURRENCE('46','','',#5,#4557,$);
#4581 = PRODUCT_RELATED_PRODUCT_CATEGORY('part',$,(#4559));
#4582 = SHAPE_DEFINITION_REPRESENTATION(#4583,#4589);
#4583 = PRODUCT_DEFINITION_SHAPE('','',#4584);
#4584 = PRODUCT_DEFINITION('design','',#4585,#4588);
#4585 = PRODUCT_DEFINITION_FORMATION('','',#4586);
#4586 = PRODUCT('Open CASCADE STEP translator 7.8 1.47',
  'Open CASCADE STEP translator 7.8 1.47','',(#4587));
#4587 = PRODUCT_CONTEXT('',#2,'mechanical');
#4588 = PRODUCT_DEFINITION_CONTEXT('part definition',#2,'design');
#4589 = GEOMETRICALLY_BOUNDED_WIREFRAME_SHAPE_REPRESENTATION('',(#11,
    #4590),#4598);
#4590 = GEOMETRIC_CURVE_SET('',(#4591));
#4591 = TRIMMED_CURVE('',#4592,(#4596,PARAMETER_VALUE(0.)),(#4597,
    PARAMETER_VALUE(19.442895465182)),.T.,.PARAMETER.);
#4592 = LINE('',#4593,#4594);
#4593 = CARTESIAN_POINT('',(0.,19.439626,-144.525849));
#4594 = VECTOR('',#4595,1.);
#4595 = DIRECTION('',(0.,-0.999831842681,1.833811227543E-02));
#4596 = CARTESIAN_POINT('',(0.,19.439626,-144.525849));
#4597 = CARTESIAN_POINT('',(0.,0.,-144.169303));
#4598 = ( GEOMETRIC_REPRESENTATION_CONTEXT(3) 
GLOBAL_UNCERTAINTY_ASSIGNED_CONTEXT((#4602)) 
GLOBAL_UNIT_ASSIGNED_CONTEXT((#4599,#4600,#4601)) REPRESENTATION_CONTEXT
('Context #1','3D Context with UNIT and UNCERTAINTY') );
#4599 = ( LENGTH_UNIT() NAMED_UNIT(*) SI_UNIT(.MILLI.,.METRE.) );
#4600 = ( NAMED_UNIT(*) PLANE_ANGLE_UNIT() SI_UNIT($,.RADIAN.) );
#4601 = ( NAMED_UNIT(*) SI_UNIT($,.STERADIAN.) SOLID_ANGLE_UNIT() );
#4602 = UNCERTAINTY_MEASURE_WITH_UNIT(LENGTH_MEASURE(1.E-07),#4599,
  'distance_accuracy_value','confusion accuracy');
#4603 = CONTEXT_DEPENDENT_SHAPE_REPRESENTATION(#4604,#4606);
#4604 = ( REPRESENTATION_RELATIONSHIP('','',#4589,#10) 
REPRESENTATION_RELATIONSHIP_WITH_TRANSFORMATION(#4605) 
SHAPE_REPRESENTATION_RELATIONSHIP() );
#4605 = ITEM_DEFINED_TRANSFORMATION('','',#11,#199);
#4606 = PRODUCT_DEFINITION_SHAPE('Placement','Placement of an item',
  #4607);
#4607 = NEXT_ASSEMBLY_USAGE_OCCURRENCE('47','','',#5,#4584,$);
#4608 = PRODUCT_RELATED_PRODUCT_CATEGORY('part',$,(#4586));
#4609 = SHAPE_DEFINITION_REPRESENTATION(#4610,#4616);
#4610 = PRODUCT_DEFINITION_SHAPE('','',#4611);
#4611 = PRODUCT_DEFINITION('design','',#4612,#4615);
#4612 = PRODUCT_DEFINITION_FORMATION('','',#4613);
#4613 = PRODUCT('Open CASCADE STEP translator 7.8 1.48',
  'Open CASCADE STEP translator 7.8 1.48','',(#4614));
#4614 = PRODUCT_CONTEXT('',#2,'mechanical');
#4615 = PRODUCT_DEFINITION_CONTEXT('part definition',#2,'design');
#4616 = GEOMETRICALLY_BOUNDED_WIREFRAME_SHAPE_REPRESENTATION('',(#11,
    #4617),#4625);
#4617 = GEOMETRIC_CURVE_SET('',(#4618));
#4618 = TRIMMED_CURVE('',#4619,(#4623,PARAMETER_VALUE(0.)),(#4624,
    PARAMETER_VALUE(19.439626)),.T.,.PARAMETER.);
#4619 = LINE('',#4620,#4621);
#4620 = CARTESIAN_POINT('',(0.,0.,-144.169303));
#4621 = VECTOR('',#4622,1.);
#4622 = DIRECTION('',(1.,0.,0.));
#4623 = CARTESIAN_POINT('',(0.,0.,-144.169303));
#4624 = CARTESIAN_POINT('',(19.439626,0.,-144.169303));
#4625 = ( GEOMETRIC_REPRESENTATION_CONTEXT(3) 
GLOBAL_UNCERTAINTY_ASSIGNED_CONTEXT((#4629)) 
GLOBAL_UNIT_ASSIGNED_CONTEXT((#4626,#4627,#4628)) REPRESENTATION_CONTEXT
('Context #1','3D Context with UNIT and UNCERTAINTY') );
#4626 = ( LENGTH_UNIT() NAMED_UNIT(*) SI_UNIT(.MILLI.,.METRE.) );
#4627 = ( NAMED_UNIT(*) PLANE_ANGLE_UNIT() SI_UNIT($,.RADIAN.) );
#4628 = ( NAMED_UNIT(*) SI_UNIT($,.STERADIAN.) SOLID_ANGLE_UNIT() );
#4629 = UNCERTAINTY_MEASURE_WITH_UNIT(LENGTH_MEASURE(1.E-07),#4626,
  'distance_accuracy_value','confusion accuracy');
#4630 = CONTEXT_DEPENDENT_SHAPE_REPRESENTATION(#4631,#4633);
#4631 = ( REPRESENTATION_RELATIONSHIP('','',#4616,#10) 
REPRESENTATION_RELATIONSHIP_WITH_TRANSFORMATION(#4632) 
SHAPE_REPRESENTATION_RELATIONSHIP() );
#4632 = ITEM_DEFINED_TRANSFORMATION('','',#11,#203);
#4633 = PRODUCT_DEFINITION_SHAPE('Placement','Placement of an item',
  #4634);
#4634 = NEXT_ASSEMBLY_USAGE_OCCURRENCE('48','','',#5,#4611,$);
#4635 = PRODUCT_RELATED_PRODUCT_CATEGORY('part',$,(#4613));
#4636 = SHAPE_DEFINITION_REPRESENTATION(#4637,#4643);
#4637 = PRODUCT_DEFINITION_SHAPE('','',#4638);
#4638 = PRODUCT_DEFINITION('design','',#4639,#4642);
#4639 = PRODUCT_DEFINITION_FORMATION('','',#4640);
#4640 = PRODUCT('Open CASCADE STEP translator 7.8 1.49',
  'Open CASCADE STEP translator 7.8 1.49','',(#4641));
#4641 = PRODUCT_CONTEXT('',#2,'mechanical');
#4642 = PRODUCT_DEFINITION_CONTEXT('part definition',#2,'design');
#4643 = GEOMETRICALLY_BOUNDED_WIREFRAME_SHAPE_REPRESENTATION('',(#11,
    #4644),#4652);
#4644 = GEOMETRIC_CURVE_SET('',(#4645));
#4645 = TRIMMED_CURVE('',#4646,(#4650,PARAMETER_VALUE(0.)),(#4651,
    PARAMETER_VALUE(21.202971185867)),.T.,.PARAMETER.);
#4646 = LINE('',#4647,#4648);
#4647 = CARTESIAN_POINT('',(0.,21.198459,-140.622496));
#4648 = VECTOR('',#4649,1.);
#4649 = DIRECTION('',(0.,-0.999787190869,2.062942010182E-02));
#4650 = CARTESIAN_POINT('',(0.,21.198459,-140.622496));
#4651 = CARTESIAN_POINT('',(0.,0.,-140.185091));
#4652 = ( GEOMETRIC_REPRESENTATION_CONTEXT(3) 
GLOBAL_UNCERTAINTY_ASSIGNED_CONTEXT((#4656)) 
GLOBAL_UNIT_ASSIGNED_CONTEXT((#4653,#4654,#4655)) REPRESENTATION_CONTEXT
('Context #1','3D Context with UNIT and UNCERTAINTY') );
#4653 = ( LENGTH_UNIT() NAMED_UNIT(*) SI_UNIT(.MILLI.,.METRE.) );
#4654 = ( NAMED_UNIT(*) PLANE_ANGLE_UNIT() SI_UNIT($,.RADIAN.) );
#4655 = ( NAMED_UNIT(*) SI_UNIT($,.STERADIAN.) SOLID_ANGLE_UNIT() );
#4656 = UNCERTAINTY_MEASURE_WITH_UNIT(LENGTH_MEASURE(1.E-07),#4653,
  'distance_accuracy_value','confusion accuracy');
#4657 = CONTEXT_DEPENDENT_SHAPE_REPRESENTATION(#4658,#4660);
#4658 = ( REPRESENTATION_RELATIONSHIP('','',#4643,#10) 
REPRESENTATION_RELATIONSHIP_WITH_TRANSFORMATION(#4659) 
SHAPE_REPRESENTATION_RELATIONSHIP() );
#4659 = ITEM_DEFINED_TRANSFORMATION('','',#11,#207);
#4660 = PRODUCT_DEFINITION_SHAPE('Placement','Placement of an item',
  #4661);
#4661 = NEXT_ASSEMBLY_USAGE_OCCURRENCE('49','','',#5,#4638,$);
#4662 = PRODUCT_RELATED_PRODUCT_CATEGORY('part',$,(#4640));
#4663 = SHAPE_DEFINITION_REPRESENTATION(#4664,#4670);
#4664 = PRODUCT_DEFINITION_SHAPE('','',#4665);
#4665 = PRODUCT_DEFINITION('design','',#4666,#4669);
#4666 = PRODUCT_DEFINITION_FORMATION('','',#4667);
#4667 = PRODUCT('Open CASCADE STEP translator 7.8 1.50',
  'Open CASCADE STEP translator 7.8 1.50','',(#4668));
#4668 = PRODUCT_CONTEXT('',#2,'mechanical');
#4669 = PRODUCT_DEFINITION_CONTEXT('part definition',#2,'design');
#4670 = GEOMETRICALLY_BOUNDED_WIREFRAME_SHAPE_REPRESENTATION('',(#11,
    #4671),#4679);
#4671 = GEOMETRIC_CURVE_SET('',(#4672));
#4672 = TRIMMED_CURVE('',#4673,(#4677,PARAMETER_VALUE(0.)),(#4678,
    PARAMETER_VALUE(21.198459)),.T.,.PARAMETER.);
#4673 = LINE('',#4674,#4675);
#4674 = CARTESIAN_POINT('',(0.,0.,-140.185091));
#4675 = VECTOR('',#4676,1.);
#4676 = DIRECTION('',(1.,0.,0.));
#4677 = CARTESIAN_POINT('',(0.,0.,-140.185091));
#4678 = CARTESIAN_POINT('',(21.198459,0.,-140.185091));
#4679 = ( GEOMETRIC_REPRESENTATION_CONTEXT(3) 
GLOBAL_UNCERTAINTY_ASSIGNED_CONTEXT((#4683)) 
GLOBAL_UNIT_ASSIGNED_CONTEXT((#4680,#4681,#4682)) REPRESENTATION_CONTEXT
('Context #1','3D Context with UNIT and UNCERTAINTY') );
#4680 = ( LENGTH_UNIT() NAMED_UNIT(*) SI_UNIT(.MILLI.,.METRE.) );
#4681 = ( NAMED_UNIT(*) PLANE_ANGLE_UNIT() SI_UNIT($,.RADIAN.) );
#4682 = ( NAMED_UNIT(*) SI_UNIT($,.STERADIAN.) SOLID_ANGLE_UNIT() );
#4683 = UNCERTAINTY_MEASURE_WITH_UNIT(LENGTH_MEASURE(1.E-07),#4680,
  'distance_accuracy_value','confusion accuracy');
#4684 = CONTEXT_DEPENDENT_SHAPE_REPRESENTATION(#4685,#4687);
#4685 = ( REPRESENTATION_RELATIONSHIP('','',#4670,#10) 
REPRESENTATION_RELATIONSHIP_WITH_TRANSFORMATION(#4686) 
SHAPE_REPRESENTATION_RELATIONSHIP() );
#4686 = ITEM_DEFINED_TRANSFORMATION('','',#11,#211);
#4687 = PRODUCT_DEFINITION_SHAPE('Placement','Placement of an item',
  #4688);
#4688 = NEXT_ASSEMBLY_USAGE_OCCURRENCE('50','','',#5,#4665,$);
#4689 = PRODUCT_RELATED_PRODUCT_CATEGORY('part',$,(#4667));
#4690 = SHAPE_DEFINITION_REPRESENTATION(#4691,#4697);
#4691 = PRODUCT_DEFINITION_SHAPE('','',#4692);
#4692 = PRODUCT_DEFINITION('design','',#4693,#4696);
#4693 = PRODUCT_DEFINITION_FORMATION('','',#4694);
#4694 = PRODUCT('Open CASCADE STEP translator 7.8 1.51',
  'Open CASCADE STEP translator 7.8 1.51','',(#4695));
#4695 = PRODUCT_CONTEXT('',#2,'mechanical');
#4696 = PRODUCT_DEFINITION_CONTEXT('part definition',#2,'design');
#4697 = GEOMETRICALLY_BOUNDED_WIREFRAME_SHAPE_REPRESENTATION('',(#11,
    #4698),#4706);
#4698 = GEOMETRIC_CURVE_SET('',(#4699));
#4699 = TRIMMED_CURVE('',#4700,(#4704,PARAMETER_VALUE(0.)),(#4705,
    PARAMETER_VALUE(23.874617969133)),.T.,.PARAMETER.);
#4700 = LINE('',#4701,#4702);
#4701 = CARTESIAN_POINT('',(0.,23.867921,-135.026375));
#4702 = VECTOR('',#4703,1.);
#4703 = DIRECTION('',(0.,-0.999719494187,2.368402295405E-02));
#4704 = CARTESIAN_POINT('',(0.,23.867921,-135.026375));
#4705 = CARTESIAN_POINT('',(0.,0.,-134.460928));
#4706 = ( GEOMETRIC_REPRESENTATION_CONTEXT(3) 
GLOBAL_UNCERTAINTY_ASSIGNED_CONTEXT((#4710)) 
GLOBAL_UNIT_ASSIGNED_CONTEXT((#4707,#4708,#4709)) REPRESENTATION_CONTEXT
('Context #1','3D Context with UNIT and UNCERTAINTY') );
#4707 = ( LENGTH_UNIT() NAMED_UNIT(*) SI_UNIT(.MILLI.,.METRE.) );
#4708 = ( NAMED_UNIT(*) PLANE_ANGLE_UNIT() SI_UNIT($,.RADIAN.) );
#4709 = ( NAMED_UNIT(*) SI_UNIT($,.STERADIAN.) SOLID_ANGLE_UNIT() );
#4710 = UNCERTAINTY_MEASURE_WITH_UNIT(LENGTH_MEASURE(1.E-07),#4707,
  'distance_accuracy_value','confusion accuracy');
#4711 = CONTEXT_DEPENDENT_SHAPE_REPRESENTATION(#4712,#4714);
#4712 = ( REPRESENTATION_RELATIONSHIP('','',#4697,#10) 
REPRESENTATION_RELATIONSHIP_WITH_TRANSFORMATION(#4713) 
SHAPE_REPRESENTATION_RELATIONSHIP() );
#4713 = ITEM_DEFINED_TRANSFORMATION('','',#11,#215);
#4714 = PRODUCT_DEFINITION_SHAPE('Placement','Placement of an item',
  #4715);
#4715 = NEXT_ASSEMBLY_USAGE_OCCURRENCE('51','','',#5,#4692,$);
#4716 = PRODUCT_RELATED_PRODUCT_CATEGORY('part',$,(#4694));
#4717 = SHAPE_DEFINITION_REPRESENTATION(#4718,#4724);
#4718 = PRODUCT_DEFINITION_SHAPE('','',#4719);
#4719 = PRODUCT_DEFINITION('design','',#4720,#4723);
#4720 = PRODUCT_DEFINITION_FORMATION('','',#4721);
#4721 = PRODUCT('Open CASCADE STEP translator 7.8 1.52',
  'Open CASCADE STEP translator 7.8 1.52','',(#4722));
#4722 = PRODUCT_CONTEXT('',#2,'mechanical');
#4723 = PRODUCT_DEFINITION_CONTEXT('part definition',#2,'design');
#4724 = GEOMETRICALLY_BOUNDED_WIREFRAME_SHAPE_REPRESENTATION('',(#11,
    #4725),#4733);
#4725 = GEOMETRIC_CURVE_SET('',(#4726));
#4726 = TRIMMED_CURVE('',#4727,(#4731,PARAMETER_VALUE(0.)),(#4732,
    PARAMETER_VALUE(23.867921)),.T.,.PARAMETER.);
#4727 = LINE('',#4728,#4729);
#4728 = CARTESIAN_POINT('',(0.,0.,-134.460928));
#4729 = VECTOR('',#4730,1.);
#4730 = DIRECTION('',(1.,0.,0.));
#4731 = CARTESIAN_POINT('',(0.,0.,-134.460928));
#4732 = CARTESIAN_POINT('',(23.867921,0.,-134.460928));
#4733 = ( GEOMETRIC_REPRESENTATION_CONTEXT(3) 
GLOBAL_UNCERTAINTY_ASSIGNED_CONTEXT((#4737)) 
GLOBAL_UNIT_ASSIGNED_CONTEXT((#4734,#4735,#4736)) REPRESENTATION_CONTEXT
('Context #1','3D Context with UNIT and UNCERTAINTY') );
#4734 = ( LENGTH_UNIT() NAMED_UNIT(*) SI_UNIT(.MILLI.,.METRE.) );
#4735 = ( NAMED_UNIT(*) PLANE_ANGLE_UNIT() SI_UNIT($,.RADIAN.) );
#4736 = ( NAMED_UNIT(*) SI_UNIT($,.STERADIAN.) SOLID_ANGLE_UNIT() );
#4737 = UNCERTAINTY_MEASURE_WITH_UNIT(LENGTH_MEASURE(1.E-07),#4734,
  'distance_accuracy_value','confusion accuracy');
#4738 = CONTEXT_DEPENDENT_SHAPE_REPRESENTATION(#4739,#4741);
#4739 = ( REPRESENTATION_RELATIONSHIP('','',#4724,#10) 
REPRESENTATION_RELATIONSHIP_WITH_TRANSFORMATION(#4740) 
SHAPE_REPRESENTATION_RELATIONSHIP() );
#4740 = ITEM_DEFINED_TRANSFORMATION('','',#11,#219);
#4741 = PRODUCT_DEFINITION_SHAPE('Placement','Placement of an item',
  #4742);
#4742 = NEXT_ASSEMBLY_USAGE_OCCURRENCE('52','','',#5,#4719,$);
#4743 = PRODUCT_RELATED_PRODUCT_CATEGORY('part',$,(#4721));
#4744 = SHAPE_DEFINITION_REPRESENTATION(#4745,#4751);
#4745 = PRODUCT_DEFINITION_SHAPE('','',#4746);
#4746 = PRODUCT_DEFINITION('design','',#4747,#4750);
#4747 = PRODUCT_DEFINITION_FORMATION('','',#4748);
#4748 = PRODUCT('Open CASCADE STEP translator 7.8 1.53',
  'Open CASCADE STEP translator 7.8 1.53','',(#4749));
#4749 = PRODUCT_CONTEXT('',#2,'mechanical');
#4750 = PRODUCT_DEFINITION_CONTEXT('part definition',#2,'design');
#4751 = GEOMETRICALLY_BOUNDED_WIREFRAME_SHAPE_REPRESENTATION('',(#11,
    #4752),#4760);
#4752 = GEOMETRIC_CURVE_SET('',(#4753));
#4753 = TRIMMED_CURVE('',#4754,(#4758,PARAMETER_VALUE(0.)),(#4759,
    PARAMETER_VALUE(26.12569371499)),.T.,.PARAMETER.);
#4754 = LINE('',#4755,#4756);
#4755 = CARTESIAN_POINT('',(0.,26.116879,-130.512226));
#4756 = VECTOR('',#4757,1.);
#4757 = DIRECTION('',(0.,-0.999662603601,2.597458300641E-02));
#4758 = CARTESIAN_POINT('',(0.,26.116879,-130.512226));
#4759 = CARTESIAN_POINT('',(0.,0.,-129.833622));
#4760 = ( GEOMETRIC_REPRESENTATION_CONTEXT(3) 
GLOBAL_UNCERTAINTY_ASSIGNED_CONTEXT((#4764)) 
GLOBAL_UNIT_ASSIGNED_CONTEXT((#4761,#4762,#4763)) REPRESENTATION_CONTEXT
('Context #1','3D Context with UNIT and UNCERTAINTY') );
#4761 = ( LENGTH_UNIT() NAMED_UNIT(*) SI_UNIT(.MILLI.,.METRE.) );
#4762 = ( NAMED_UNIT(*) PLANE_ANGLE_UNIT() SI_UNIT($,.RADIAN.) );
#4763 = ( NAMED_UNIT(*) SI_UNIT($,.STERADIAN.) SOLID_ANGLE_UNIT() );
#4764 = UNCERTAINTY_MEASURE_WITH_UNIT(LENGTH_MEASURE(1.E-07),#4761,
  'distance_accuracy_value','confusion accuracy');
#4765 = CONTEXT_DEPENDENT_SHAPE_REPRESENTATION(#4766,#4768);
#4766 = ( REPRESENTATION_RELATIONSHIP('','',#4751,#10) 
REPRESENTATION_RELATIONSHIP_WITH_TRANSFORMATION(#4767) 
SHAPE_REPRESENTATION_RELATIONSHIP() );
#4767 = ITEM_DEFINED_TRANSFORMATION('','',#11,#223);
#4768 = PRODUCT_DEFINITION_SHAPE('Placement','Placement of an item',
  #4769);
#4769 = NEXT_ASSEMBLY_USAGE_OCCURRENCE('53','','',#5,#4746,$);
#4770 = PRODUCT_RELATED_PRODUCT_CATEGORY('part',$,(#4748));
#4771 = SHAPE_DEFINITION_REPRESENTATION(#4772,#4778);
#4772 = PRODUCT_DEFINITION_SHAPE('','',#4773);
#4773 = PRODUCT_DEFINITION('design','',#4774,#4777);
#4774 = PRODUCT_DEFINITION_FORMATION('','',#4775);
#4775 = PRODUCT('Open CASCADE STEP translator 7.8 1.54',
  'Open CASCADE STEP translator 7.8 1.54','',(#4776));
#4776 = PRODUCT_CONTEXT('',#2,'mechanical');
#4777 = PRODUCT_DEFINITION_CONTEXT('part definition',#2,'design');
#4778 = GEOMETRICALLY_BOUNDED_WIREFRAME_SHAPE_REPRESENTATION('',(#11,
    #4779),#4787);
#4779 = GEOMETRIC_CURVE_SET('',(#4780));
#4780 = TRIMMED_CURVE('',#4781,(#4785,PARAMETER_VALUE(0.)),(#4786,
    PARAMETER_VALUE(26.116879)),.T.,.PARAMETER.);
#4781 = LINE('',#4782,#4783);
#4782 = CARTESIAN_POINT('',(0.,0.,-129.833622));
#4783 = VECTOR('',#4784,1.);
#4784 = DIRECTION('',(1.,0.,0.));
#4785 = CARTESIAN_POINT('',(0.,0.,-129.833622));
#4786 = CARTESIAN_POINT('',(26.116879,0.,-129.833622));
#4787 = ( GEOMETRIC_REPRESENTATION_CONTEXT(3) 
GLOBAL_UNCERTAINTY_ASSIGNED_CONTEXT((#4791)) 
GLOBAL_UNIT_ASSIGNED_CONTEXT((#4788,#4789,#4790)) REPRESENTATION_CONTEXT
('Context #1','3D Context with UNIT and UNCERTAINTY') );
#4788 = ( LENGTH_UNIT() NAMED_UNIT(*) SI_UNIT(.MILLI.,.METRE.) );
#4789 = ( NAMED_UNIT(*) PLANE_ANGLE_UNIT() SI_UNIT($,.RADIAN.) );
#4790 = ( NAMED_UNIT(*) SI_UNIT($,.STERADIAN.) SOLID_ANGLE_UNIT() );
#4791 = UNCERTAINTY_MEASURE_WITH_UNIT(LENGTH_MEASURE(1.E-07),#4788,
  'distance_accuracy_value','confusion accuracy');
#4792 = CONTEXT_DEPENDENT_SHAPE_REPRESENTATION(#4793,#4795);
#4793 = ( REPRESENTATION_RELATIONSHIP('','',#4778,#10) 
REPRESENTATION_RELATIONSHIP_WITH_TRANSFORMATION(#4794) 
SHAPE_REPRESENTATION_RELATIONSHIP() );
#4794 = ITEM_DEFINED_TRANSFORMATION('','',#11,#227);
#4795 = PRODUCT_DEFINITION_SHAPE('Placement','Placement of an item',
  #4796);
#4796 = NEXT_ASSEMBLY_USAGE_OCCURRENCE('54','','',#5,#4773,$);
#4797 = PRODUCT_RELATED_PRODUCT_CATEGORY('part',$,(#4775));
#4798 = SHAPE_DEFINITION_REPRESENTATION(#4799,#4805);
#4799 = PRODUCT_DEFINITION_SHAPE('','',#4800);
#4800 = PRODUCT_DEFINITION('design','',#4801,#4804);
#4801 = PRODUCT_DEFINITION_FORMATION('','',#4802);
#4802 = PRODUCT('Open CASCADE STEP translator 7.8 1.55',
  'Open CASCADE STEP translator 7.8 1.55','',(#4803));
#4803 = PRODUCT_CONTEXT('',#2,'mechanical');
#4804 = PRODUCT_DEFINITION_CONTEXT('part definition',#2,'design');
#4805 = GEOMETRICALLY_BOUNDED_WIREFRAME_SHAPE_REPRESENTATION('',(#11,
    #4806),#4814);
#4806 = GEOMETRIC_CURVE_SET('',(#4807));
#4807 = TRIMMED_CURVE('',#4808,(#4812,PARAMETER_VALUE(0.)),(#4813,
    PARAMETER_VALUE(29.462245394256)),.T.,.PARAMETER.);
#4808 = LINE('',#4809,#4810);
#4809 = CARTESIAN_POINT('',(0.,29.44983,-124.043202));
#4810 = VECTOR('',#4811,1.);
#4811 = DIRECTION('',(0.,-0.999578599863,2.902796404536E-02));
#4812 = CARTESIAN_POINT('',(0.,29.44983,-124.043202));
#4813 = CARTESIAN_POINT('',(0.,0.,-123.187973));
#4814 = ( GEOMETRIC_REPRESENTATION_CONTEXT(3) 
GLOBAL_UNCERTAINTY_ASSIGNED_CONTEXT((#4818)) 
GLOBAL_UNIT_ASSIGNED_CONTEXT((#4815,#4816,#4817)) REPRESENTATION_CONTEXT
('Context #1','3D Context with UNIT and UNCERTAINTY') );
#4815 = ( LENGTH_UNIT() NAMED_UNIT(*) SI_UNIT(.MILLI.,.METRE.) );
#4816 = ( NAMED_UNIT(*) PLANE_ANGLE_UNIT() SI_UNIT($,.RADIAN.) );
#4817 = ( NAMED_UNIT(*) SI_UNIT($,.STERADIAN.) SOLID_ANGLE_UNIT() );
#4818 = UNCERTAINTY_MEASURE_WITH_UNIT(LENGTH_MEASURE(1.E-07),#4815,
  'distance_accuracy_value','confusion accuracy');
#4819 = CONTEXT_DEPENDENT_SHAPE_REPRESENTATION(#4820,#4822);
#4820 = ( REPRESENTATION_RELATIONSHIP('','',#4805,#10) 
REPRESENTATION_RELATIONSHIP_WITH_TRANSFORMATION(#4821) 
SHAPE_REPRESENTATION_RELATIONSHIP() );
#4821 = ITEM_DEFINED_TRANSFORMATION('','',#11,#231);
#4822 = PRODUCT_DEFINITION_SHAPE('Placement','Placement of an item',
  #4823);
#4823 = NEXT_ASSEMBLY_USAGE_OCCURRENCE('55','','',#5,#4800,$);
#4824 = PRODUCT_RELATED_PRODUCT_CATEGORY('part',$,(#4802));
#4825 = SHAPE_DEFINITION_REPRESENTATION(#4826,#4832);
#4826 = PRODUCT_DEFINITION_SHAPE('','',#4827);
#4827 = PRODUCT_DEFINITION('design','',#4828,#4831);
#4828 = PRODUCT_DEFINITION_FORMATION('','',#4829);
#4829 = PRODUCT('Open CASCADE STEP translator 7.8 1.56',
  'Open CASCADE STEP translator 7.8 1.56','',(#4830));
#4830 = PRODUCT_CONTEXT('',#2,'mechanical');
#4831 = PRODUCT_DEFINITION_CONTEXT('part definition',#2,'design');
#4832 = GEOMETRICALLY_BOUNDED_WIREFRAME_SHAPE_REPRESENTATION('',(#11,
    #4833),#4841);
#4833 = GEOMETRIC_CURVE_SET('',(#4834));
#4834 = TRIMMED_CURVE('',#4835,(#4839,PARAMETER_VALUE(0.)),(#4840,
    PARAMETER_VALUE(29.44983)),.T.,.PARAMETER.);
#4835 = LINE('',#4836,#4837);
#4836 = CARTESIAN_POINT('',(0.,0.,-123.187973));
#4837 = VECTOR('',#4838,1.);
#4838 = DIRECTION('',(1.,0.,0.));
#4839 = CARTESIAN_POINT('',(0.,0.,-123.187973));
#4840 = CARTESIAN_POINT('',(29.44983,0.,-123.187973));
#4841 = ( GEOMETRIC_REPRESENTATION_CONTEXT(3) 
GLOBAL_UNCERTAINTY_ASSIGNED_CONTEXT((#4845)) 
GLOBAL_UNIT_ASSIGNED_CONTEXT((#4842,#4843,#4844)) REPRESENTATION_CONTEXT
('Context #1','3D Context with UNIT and UNCERTAINTY') );
#4842 = ( LENGTH_UNIT() NAMED_UNIT(*) SI_UNIT(.MILLI.,.METRE.) );
#4843 = ( NAMED_UNIT(*) PLANE_ANGLE_UNIT() SI_UNIT($,.RADIAN.) );
#4844 = ( NAMED_UNIT(*) SI_UNIT($,.STERADIAN.) SOLID_ANGLE_UNIT() );
#4845 = UNCERTAINTY_MEASURE_WITH_UNIT(LENGTH_MEASURE(1.E-07),#4842,
  'distance_accuracy_value','confusion accuracy');
#4846 = CONTEXT_DEPENDENT_SHAPE_REPRESENTATION(#4847,#4849);
#4847 = ( REPRESENTATION_RELATIONSHIP('','',#4832,#10) 
REPRESENTATION_RELATIONSHIP_WITH_TRANSFORMATION(#4848) 
SHAPE_REPRESENTATION_RELATIONSHIP() );
#4848 = ITEM_DEFINED_TRANSFORMATION('','',#11,#235);
#4849 = PRODUCT_DEFINITION_SHAPE('Placement','Placement of an item',
  #4850);
#4850 = NEXT_ASSEMBLY_USAGE_OCCURRENCE('56','','',#5,#4827,$);
#4851 = PRODUCT_RELATED_PRODUCT_CATEGORY('part',$,(#4829));
#4852 = SHAPE_DEFINITION_REPRESENTATION(#4853,#4859);
#4853 = PRODUCT_DEFINITION_SHAPE('','',#4854);
#4854 = PRODUCT_DEFINITION('design','',#4855,#4858);
#4855 = PRODUCT_DEFINITION_FORMATION('','',#4856);
#4856 = PRODUCT('Open CASCADE STEP translator 7.8 1.57',
  'Open CASCADE STEP translator 7.8 1.57','',(#4857));
#4857 = PRODUCT_CONTEXT('',#2,'mechanical');
#4858 = PRODUCT_DEFINITION_CONTEXT('part definition',#2,'design');
#4859 = GEOMETRICALLY_BOUNDED_WIREFRAME_SHAPE_REPRESENTATION('',(#11,
    #4860),#4868);
#4860 = GEOMETRIC_CURVE_SET('',(#4861));
#4861 = TRIMMED_CURVE('',#4862,(#4866,PARAMETER_VALUE(0.)),(#4867,
    PARAMETER_VALUE(32.219523072884)),.T.,.PARAMETER.);
#4862 = LINE('',#4863,#4864);
#4863 = CARTESIAN_POINT('',(0.,32.203719,-118.840029));
#4864 = VECTOR('',#4865,1.);
#4865 = DIRECTION('',(0.,-0.999509487684,3.131747163723E-02));
#4866 = CARTESIAN_POINT('',(0.,32.203719,-118.840029));
#4867 = CARTESIAN_POINT('',(0.,0.,-117.830995));
#4868 = ( GEOMETRIC_REPRESENTATION_CONTEXT(3) 
GLOBAL_UNCERTAINTY_ASSIGNED_CONTEXT((#4872)) 
GLOBAL_UNIT_ASSIGNED_CONTEXT((#4869,#4870,#4871)) REPRESENTATION_CONTEXT
('Context #1','3D Context with UNIT and UNCERTAINTY') );
#4869 = ( LENGTH_UNIT() NAMED_UNIT(*) SI_UNIT(.MILLI.,.METRE.) );
#4870 = ( NAMED_UNIT(*) PLANE_ANGLE_UNIT() SI_UNIT($,.RADIAN.) );
#4871 = ( NAMED_UNIT(*) SI_UNIT($,.STERADIAN.) SOLID_ANGLE_UNIT() );
#4872 = UNCERTAINTY_MEASURE_WITH_UNIT(LENGTH_MEASURE(1.E-07),#4869,
  'distance_accuracy_value','confusion accuracy');
#4873 = CONTEXT_DEPENDENT_SHAPE_REPRESENTATION(#4874,#4876);
#4874 = ( REPRESENTATION_RELATIONSHIP('','',#4859,#10) 
REPRESENTATION_RELATIONSHIP_WITH_TRANSFORMATION(#4875) 
SHAPE_REPRESENTATION_RELATIONSHIP() );
#4875 = ITEM_DEFINED_TRANSFORMATION('','',#11,#239);
#4876 = PRODUCT_DEFINITION_SHAPE('Placement','Placement of an item',
  #4877);
#4877 = NEXT_ASSEMBLY_USAGE_OCCURRENCE('57','','',#5,#4854,$);
#4878 = PRODUCT_RELATED_PRODUCT_CATEGORY('part',$,(#4856));
#4879 = SHAPE_DEFINITION_REPRESENTATION(#4880,#4886);
#4880 = PRODUCT_DEFINITION_SHAPE('','',#4881);
#4881 = PRODUCT_DEFINITION('design','',#4882,#4885);
#4882 = PRODUCT_DEFINITION_FORMATION('','',#4883);
#4883 = PRODUCT('Open CASCADE STEP translator 7.8 1.58',
  'Open CASCADE STEP translator 7.8 1.58','',(#4884));
#4884 = PRODUCT_CONTEXT('',#2,'mechanical');
#4885 = PRODUCT_DEFINITION_CONTEXT('part definition',#2,'design');
#4886 = GEOMETRICALLY_BOUNDED_WIREFRAME_SHAPE_REPRESENTATION('',(#11,
    #4887),#4895);
#4887 = GEOMETRIC_CURVE_SET('',(#4888));
#4888 = TRIMMED_CURVE('',#4889,(#4893,PARAMETER_VALUE(0.)),(#4894,
    PARAMETER_VALUE(32.203719)),.T.,.PARAMETER.);
#4889 = LINE('',#4890,#4891);
#4890 = CARTESIAN_POINT('',(0.,0.,-117.830995));
#4891 = VECTOR('',#4892,1.);
#4892 = DIRECTION('',(1.,0.,0.));
#4893 = CARTESIAN_POINT('',(0.,0.,-117.830995));
#4894 = CARTESIAN_POINT('',(32.203719,0.,-117.830995));
#4895 = ( GEOMETRIC_REPRESENTATION_CONTEXT(3) 
GLOBAL_UNCERTAINTY_ASSIGNED_CONTEXT((#4899)) 
GLOBAL_UNIT_ASSIGNED_CONTEXT((#4896,#4897,#4898)) REPRESENTATION_CONTEXT
('Context #1','3D Context with UNIT and UNCERTAINTY') );
#4896 = ( LENGTH_UNIT() NAMED_UNIT(*) SI_UNIT(.MILLI.,.METRE.) );
#4897 = ( NAMED_UNIT(*) PLANE_ANGLE_UNIT() SI_UNIT($,.RADIAN.) );
#4898 = ( NAMED_UNIT(*) SI_UNIT($,.STERADIAN.) SOLID_ANGLE_UNIT() );
#4899 = UNCERTAINTY_MEASURE_WITH_UNIT(LENGTH_MEASURE(1.E-07),#4896,
  'distance_accuracy_value','confusion accuracy');
#4900 = CONTEXT_DEPENDENT_SHAPE_REPRESENTATION(#4901,#4903);
#4901 = ( REPRESENTATION_RELATIONSHIP('','',#4886,#10) 
REPRESENTATION_RELATIONSHIP_WITH_TRANSFORMATION(#4902) 
SHAPE_REPRESENTATION_RELATIONSHIP() );
#4902 = ITEM_DEFINED_TRANSFORMATION('','',#11,#243);
#4903 = PRODUCT_DEFINITION_SHAPE('Placement','Placement of an item',
  #4904);
#4904 = NEXT_ASSEMBLY_USAGE_OCCURRENCE('58','','',#5,#4881,$);
#4905 = PRODUCT_RELATED_PRODUCT_CATEGORY('part',$,(#4883));
#4906 = SHAPE_DEFINITION_REPRESENTATION(#4907,#4913);
#4907 = PRODUCT_DEFINITION_SHAPE('','',#4908);
#4908 = PRODUCT_DEFINITION('design','',#4909,#4912);
#4909 = PRODUCT_DEFINITION_FORMATION('','',#4910);
#4910 = PRODUCT('Open CASCADE STEP translator 7.8 1.59',
  'Open CASCADE STEP translator 7.8 1.59','',(#4911));
#4911 = PRODUCT_CONTEXT('',#2,'mechanical');
#4912 = PRODUCT_DEFINITION_CONTEXT('part definition',#2,'design');
#4913 = GEOMETRICALLY_BOUNDED_WIREFRAME_SHAPE_REPRESENTATION('',(#11,
    #4914),#4922);
#4914 = GEOMETRIC_CURVE_SET('',(#4915));
#4915 = TRIMMED_CURVE('',#4916,(#4920,PARAMETER_VALUE(0.)),(#4921,
    PARAMETER_VALUE(35.198412088359)),.T.,.PARAMETER.);
#4916 = LINE('',#4917,#4918);
#4917 = CARTESIAN_POINT('',(0.,35.17853,-113.327869));
#4918 = VECTOR('',#4919,1.);
#4919 = DIRECTION('',(0.,-0.999435142463,3.360648761741E-02));
#4920 = CARTESIAN_POINT('',(0.,35.17853,-113.327869));
#4921 = CARTESIAN_POINT('',(0.,0.,-112.144974));
#4922 = ( GEOMETRIC_REPRESENTATION_CONTEXT(3) 
GLOBAL_UNCERTAINTY_ASSIGNED_CONTEXT((#4926)) 
GLOBAL_UNIT_ASSIGNED_CONTEXT((#4923,#4924,#4925)) REPRESENTATION_CONTEXT
('Context #1','3D Context with UNIT and UNCERTAINTY') );
#4923 = ( LENGTH_UNIT() NAMED_UNIT(*) SI_UNIT(.MILLI.,.METRE.) );
#4924 = ( NAMED_UNIT(*) PLANE_ANGLE_UNIT() SI_UNIT($,.RADIAN.) );
#4925 = ( NAMED_UNIT(*) SI_UNIT($,.STERADIAN.) SOLID_ANGLE_UNIT() );
#4926 = UNCERTAINTY_MEASURE_WITH_UNIT(LENGTH_MEASURE(1.E-07),#4923,
  'distance_accuracy_value','confusion accuracy');
#4927 = CONTEXT_DEPENDENT_SHAPE_REPRESENTATION(#4928,#4930);
#4928 = ( REPRESENTATION_RELATIONSHIP('','',#4913,#10) 
REPRESENTATION_RELATIONSHIP_WITH_TRANSFORMATION(#4929) 
SHAPE_REPRESENTATION_RELATIONSHIP() );
#4929 = ITEM_DEFINED_TRANSFORMATION('','',#11,#247);
#4930 = PRODUCT_DEFINITION_SHAPE('Placement','Placement of an item',
  #4931);
#4931 = NEXT_ASSEMBLY_USAGE_OCCURRENCE('59','','',#5,#4908,$);
#4932 = PRODUCT_RELATED_PRODUCT_CATEGORY('part',$,(#4910));
#4933 = SHAPE_DEFINITION_REPRESENTATION(#4934,#4940);
#4934 = PRODUCT_DEFINITION_SHAPE('','',#4935);
#4935 = PRODUCT_DEFINITION('design','',#4936,#4939);
#4936 = PRODUCT_DEFINITION_FORMATION('','',#4937);
#4937 = PRODUCT('Open CASCADE STEP translator 7.8 1.60',
  'Open CASCADE STEP translator 7.8 1.60','',(#4938));
#4938 = PRODUCT_CONTEXT('',#2,'mechanical');
#4939 = PRODUCT_DEFINITION_CONTEXT('part definition',#2,'design');
#4940 = GEOMETRICALLY_BOUNDED_WIREFRAME_SHAPE_REPRESENTATION('',(#11,
    #4941),#4949);
#4941 = GEOMETRIC_CURVE_SET('',(#4942));
#4942 = TRIMMED_CURVE('',#4943,(#4947,PARAMETER_VALUE(0.)),(#4948,
    PARAMETER_VALUE(35.17853)),.T.,.PARAMETER.);
#4943 = LINE('',#4944,#4945);
#4944 = CARTESIAN_POINT('',(0.,0.,-112.144974));
#4945 = VECTOR('',#4946,1.);
#4946 = DIRECTION('',(1.,0.,0.));
#4947 = CARTESIAN_POINT('',(0.,0.,-112.144974));
#4948 = CARTESIAN_POINT('',(35.17853,0.,-112.144974));
#4949 = ( GEOMETRIC_REPRESENTATION_CONTEXT(3) 
GLOBAL_UNCERTAINTY_ASSIGNED_CONTEXT((#4953)) 
GLOBAL_UNIT_ASSIGNED_CONTEXT((#4950,#4951,#4952)) REPRESENTATION_CONTEXT
('Context #1','3D Context with UNIT and UNCERTAINTY') );
#4950 = ( LENGTH_UNIT() NAMED_UNIT(*) SI_UNIT(.MILLI.,.METRE.) );
#4951 = ( NAMED_UNIT(*) PLANE_ANGLE_UNIT() SI_UNIT($,.RADIAN.) );
#4952 = ( NAMED_UNIT(*) SI_UNIT($,.STERADIAN.) SOLID_ANGLE_UNIT() );
#4953 = UNCERTAINTY_MEASURE_WITH_UNIT(LENGTH_MEASURE(1.E-07),#4950,
  'distance_accuracy_value','confusion accuracy');
#4954 = CONTEXT_DEPENDENT_SHAPE_REPRESENTATION(#4955,#4957);
#4955 = ( REPRESENTATION_RELATIONSHIP('','',#4940,#10) 
REPRESENTATION_RELATIONSHIP_WITH_TRANSFORMATION(#4956) 
SHAPE_REPRESENTATION_RELATIONSHIP() );
#4956 = ITEM_DEFINED_TRANSFORMATION('','',#11,#251);
#4957 = PRODUCT_DEFINITION_SHAPE('Placement','Placement of an item',
  #4958);
#4958 = NEXT_ASSEMBLY_USAGE_OCCURRENCE('60','','',#5,#4935,$);
#4959 = PRODUCT_RELATED_PRODUCT_CATEGORY('part',$,(#4937));
#4960 = SHAPE_DEFINITION_REPRESENTATION(#4961,#4967);
#4961 = PRODUCT_DEFINITION_SHAPE('','',#4962);
#4962 = PRODUCT_DEFINITION('design','',#4963,#4966);
#4963 = PRODUCT_DEFINITION_FORMATION('','',#4964);
#4964 = PRODUCT('Open CASCADE STEP translator 7.8 1.61',
  'Open CASCADE STEP translator 7.8 1.61','',(#4965));
#4965 = PRODUCT_CONTEXT('',#2,'mechanical');
#4966 = PRODUCT_DEFINITION_CONTEXT('part definition',#2,'design');
#4967 = GEOMETRICALLY_BOUNDED_WIREFRAME_SHAPE_REPRESENTATION('',(#11,
    #4968),#4976);
#4968 = GEOMETRIC_CURVE_SET('',(#4969));
#4969 = TRIMMED_CURVE('',#4970,(#4974,PARAMETER_VALUE(0.)),(#4975,
    PARAMETER_VALUE(39.520293352037)),.T.,.PARAMETER.);
#4970 = LINE('',#4971,#4972);
#4971 = CARTESIAN_POINT('',(0.,39.493731,-105.493441));
#4972 = VECTOR('',#4973,1.);
#4973 = DIRECTION('',(0.,-0.999327880697,3.665769854224E-02));
#4974 = CARTESIAN_POINT('',(0.,39.493731,-105.493441));
#4975 = CARTESIAN_POINT('',(0.,0.,-104.044718));
#4976 = ( GEOMETRIC_REPRESENTATION_CONTEXT(3) 
GLOBAL_UNCERTAINTY_ASSIGNED_CONTEXT((#4980)) 
GLOBAL_UNIT_ASSIGNED_CONTEXT((#4977,#4978,#4979)) REPRESENTATION_CONTEXT
('Context #1','3D Context with UNIT and UNCERTAINTY') );
#4977 = ( LENGTH_UNIT() NAMED_UNIT(*) SI_UNIT(.MILLI.,.METRE.) );
#4978 = ( NAMED_UNIT(*) PLANE_ANGLE_UNIT() SI_UNIT($,.RADIAN.) );
#4979 = ( NAMED_UNIT(*) SI_UNIT($,.STERADIAN.) SOLID_ANGLE_UNIT() );
#4980 = UNCERTAINTY_MEASURE_WITH_UNIT(LENGTH_MEASURE(1.E-07),#4977,
  'distance_accuracy_value','confusion accuracy');
#4981 = CONTEXT_DEPENDENT_SHAPE_REPRESENTATION(#4982,#4984);
#4982 = ( REPRESENTATION_RELATIONSHIP('','',#4967,#10) 
REPRESENTATION_RELATIONSHIP_WITH_TRANSFORMATION(#4983) 
SHAPE_REPRESENTATION_RELATIONSHIP() );
#4983 = ITEM_DEFINED_TRANSFORMATION('','',#11,#255);
#4984 = PRODUCT_DEFINITION_SHAPE('Placement','Placement of an item',
  #4985);
#4985 = NEXT_ASSEMBLY_USAGE_OCCURRENCE('61','','',#5,#4962,$);
#4986 = PRODUCT_RELATED_PRODUCT_CATEGORY('part',$,(#4964));
#4987 = SHAPE_DEFINITION_REPRESENTATION(#4988,#4994);
#4988 = PRODUCT_DEFINITION_SHAPE('','',#4989);
#4989 = PRODUCT_DEFINITION('design','',#4990,#4993);
#4990 = PRODUCT_DEFINITION_FORMATION('','',#4991);
#4991 = PRODUCT('Open CASCADE STEP translator 7.8 1.62',
  'Open CASCADE STEP translator 7.8 1.62','',(#4992));
#4992 = PRODUCT_CONTEXT('',#2,'mechanical');
#4993 = PRODUCT_DEFINITION_CONTEXT('part definition',#2,'design');
#4994 = GEOMETRICALLY_BOUNDED_WIREFRAME_SHAPE_REPRESENTATION('',(#11,
    #4995),#5003);
#4995 = GEOMETRIC_CURVE_SET('',(#4996));
#4996 = TRIMMED_CURVE('',#4997,(#5001,PARAMETER_VALUE(0.)),(#5002,
    PARAMETER_VALUE(39.493731)),.T.,.PARAMETER.);
#4997 = LINE('',#4998,#4999);
#4998 = CARTESIAN_POINT('',(0.,0.,-104.044718));
#4999 = VECTOR('',#5000,1.);
#5000 = DIRECTION('',(1.,0.,0.));
#5001 = CARTESIAN_POINT('',(0.,0.,-104.044718));
#5002 = CARTESIAN_POINT('',(39.493731,0.,-104.044718));
#5003 = ( GEOMETRIC_REPRESENTATION_CONTEXT(3) 
GLOBAL_UNCERTAINTY_ASSIGNED_CONTEXT((#5007)) 
GLOBAL_UNIT_ASSIGNED_CONTEXT((#5004,#5005,#5006)) REPRESENTATION_CONTEXT
('Context #1','3D Context with UNIT and UNCERTAINTY') );
#5004 = ( LENGTH_UNIT() NAMED_UNIT(*) SI_UNIT(.MILLI.,.METRE.) );
#5005 = ( NAMED_UNIT(*) PLANE_ANGLE_UNIT() SI_UNIT($,.RADIAN.) );
#5006 = ( NAMED_UNIT(*) SI_UNIT($,.STERADIAN.) SOLID_ANGLE_UNIT() );
#5007 = UNCERTAINTY_MEASURE_WITH_UNIT(LENGTH_MEASURE(1.E-07),#5004,
  'distance_accuracy_value','confusion accuracy');
#5008 = CONTEXT_DEPENDENT_SHAPE_REPRESENTATION(#5009,#5011);
#5009 = ( REPRESENTATION_RELATIONSHIP('','',#4994,#10) 
REPRESENTATION_RELATIONSHIP_WITH_TRANSFORMATION(#5010) 
SHAPE_REPRESENTATION_RELATIONSHIP() );
#5010 = ITEM_DEFINED_TRANSFORMATION('','',#11,#259);
#5011 = PRODUCT_DEFINITION_SHAPE('Placement','Placement of an item',
  #5012);
#5012 = NEXT_ASSEMBLY_USAGE_OCCURRENCE('62','','',#5,#4989,$);
#5013 = PRODUCT_RELATED_PRODUCT_CATEGORY('part',$,(#4991));
#5014 = SHAPE_DEFINITION_REPRESENTATION(#5015,#5021);
#5015 = PRODUCT_DEFINITION_SHAPE('','',#5016);
#5016 = PRODUCT_DEFINITION('design','',#5017,#5020);
#5017 = PRODUCT_DEFINITION_FORMATION('','',#5018);
#5018 = PRODUCT('Open CASCADE STEP translator 7.8 1.63',
  'Open CASCADE STEP translator 7.8 1.63','',(#5019));
#5019 = PRODUCT_CONTEXT('',#2,'mechanical');
#5020 = PRODUCT_DEFINITION_CONTEXT('part definition',#2,'design');
#5021 = GEOMETRICALLY_BOUNDED_WIREFRAME_SHAPE_REPRESENTATION('',(#11,
    #5022),#5030);
#5022 = GEOMETRIC_CURVE_SET('',(#5023));
#5023 = TRIMMED_CURVE('',#5024,(#5028,PARAMETER_VALUE(0.)),(#5029,
    PARAMETER_VALUE(43.029160541553)),.T.,.PARAMETER.);
#5024 = LINE('',#5025,#5026);
#5025 = CARTESIAN_POINT('',(0.,42.996516,-99.256744));
#5026 = VECTOR('',#5027,1.);
#5027 = DIRECTION('',(0.,-0.999241339103,3.894542628555E-02));
#5028 = CARTESIAN_POINT('',(0.,42.996516,-99.256744));
#5029 = CARTESIAN_POINT('',(0.,0.,-97.580955));
#5030 = ( GEOMETRIC_REPRESENTATION_CONTEXT(3) 
GLOBAL_UNCERTAINTY_ASSIGNED_CONTEXT((#5034)) 
GLOBAL_UNIT_ASSIGNED_CONTEXT((#5031,#5032,#5033)) REPRESENTATION_CONTEXT
('Context #1','3D Context with UNIT and UNCERTAINTY') );
#5031 = ( LENGTH_UNIT() NAMED_UNIT(*) SI_UNIT(.MILLI.,.METRE.) );
#5032 = ( NAMED_UNIT(*) PLANE_ANGLE_UNIT() SI_UNIT($,.RADIAN.) );
#5033 = ( NAMED_UNIT(*) SI_UNIT($,.STERADIAN.) SOLID_ANGLE_UNIT() );
#5034 = UNCERTAINTY_MEASURE_WITH_UNIT(LENGTH_MEASURE(1.E-07),#5031,
  'distance_accuracy_value','confusion accuracy');
#5035 = CONTEXT_DEPENDENT_SHAPE_REPRESENTATION(#5036,#5038);
#5036 = ( REPRESENTATION_RELATIONSHIP('','',#5021,#10) 
REPRESENTATION_RELATIONSHIP_WITH_TRANSFORMATION(#5037) 
SHAPE_REPRESENTATION_RELATIONSHIP() );
#5037 = ITEM_DEFINED_TRANSFORMATION('','',#11,#263);
#5038 = PRODUCT_DEFINITION_SHAPE('Placement','Placement of an item',
  #5039);
#5039 = NEXT_ASSEMBLY_USAGE_OCCURRENCE('63','','',#5,#5016,$);
#5040 = PRODUCT_RELATED_PRODUCT_CATEGORY('part',$,(#5018));
#5041 = SHAPE_DEFINITION_REPRESENTATION(#5042,#5048);
#5042 = PRODUCT_DEFINITION_SHAPE('','',#5043);
#5043 = PRODUCT_DEFINITION('design','',#5044,#5047);
#5044 = PRODUCT_DEFINITION_FORMATION('','',#5045);
#5045 = PRODUCT('Open CASCADE STEP translator 7.8 1.64',
  'Open CASCADE STEP translator 7.8 1.64','',(#5046));
#5046 = PRODUCT_CONTEXT('',#2,'mechanical');
#5047 = PRODUCT_DEFINITION_CONTEXT('part definition',#2,'design');
#5048 = GEOMETRICALLY_BOUNDED_WIREFRAME_SHAPE_REPRESENTATION('',(#11,
    #5049),#5057);
#5049 = GEOMETRIC_CURVE_SET('',(#5050));
#5050 = TRIMMED_CURVE('',#5051,(#5055,PARAMETER_VALUE(0.)),(#5056,
    PARAMETER_VALUE(42.996516)),.T.,.PARAMETER.);
#5051 = LINE('',#5052,#5053);
#5052 = CARTESIAN_POINT('',(0.,0.,-97.580955));
#5053 = VECTOR('',#5054,1.);
#5054 = DIRECTION('',(1.,0.,0.));
#5055 = CARTESIAN_POINT('',(0.,0.,-97.580955));
#5056 = CARTESIAN_POINT('',(42.996516,0.,-97.580955));
#5057 = ( GEOMETRIC_REPRESENTATION_CONTEXT(3) 
GLOBAL_UNCERTAINTY_ASSIGNED_CONTEXT((#5061)) 
GLOBAL_UNIT_ASSIGNED_CONTEXT((#5058,#5059,#5060)) REPRESENTATION_CONTEXT
('Context #1','3D Context with UNIT and UNCERTAINTY') );
#5058 = ( LENGTH_UNIT() NAMED_UNIT(*) SI_UNIT(.MILLI.,.METRE.) );
#5059 = ( NAMED_UNIT(*) PLANE_ANGLE_UNIT() SI_UNIT($,.RADIAN.) );
#5060 = ( NAMED_UNIT(*) SI_UNIT($,.STERADIAN.) SOLID_ANGLE_UNIT() );
#5061 = UNCERTAINTY_MEASURE_WITH_UNIT(LENGTH_MEASURE(1.E-07),#5058,
  'distance_accuracy_value','confusion accuracy');
#5062 = CONTEXT_DEPENDENT_SHAPE_REPRESENTATION(#5063,#5065);
#5063 = ( REPRESENTATION_RELATIONSHIP('','',#5048,#10) 
REPRESENTATION_RELATIONSHIP_WITH_TRANSFORMATION(#5064) 
SHAPE_REPRESENTATION_RELATIONSHIP() );
#5064 = ITEM_DEFINED_TRANSFORMATION('','',#11,#267);
#5065 = PRODUCT_DEFINITION_SHAPE('Placement','Placement of an item',
  #5066);
#5066 = NEXT_ASSEMBLY_USAGE_OCCURRENCE('64','','',#5,#5043,$);
#5067 = PRODUCT_RELATED_PRODUCT_CATEGORY('part',$,(#5045));
#5068 = SHAPE_DEFINITION_REPRESENTATION(#5069,#5075);
#5069 = PRODUCT_DEFINITION_SHAPE('','',#5070);
#5070 = PRODUCT_DEFINITION('design','',#5071,#5074);
#5071 = PRODUCT_DEFINITION_FORMATION('','',#5072);
#5072 = PRODUCT('Open CASCADE STEP translator 7.8 1.65',
  'Open CASCADE STEP translator 7.8 1.65','',(#5073));
#5073 = PRODUCT_CONTEXT('',#2,'mechanical');
#5074 = PRODUCT_DEFINITION_CONTEXT('part definition',#2,'design');
#5075 = GEOMETRICALLY_BOUNDED_WIREFRAME_SHAPE_REPRESENTATION('',(#11,
    #5076),#5084);
#5076 = GEOMETRIC_CURVE_SET('',(#5077));
#5077 = TRIMMED_CURVE('',#5078,(#5082,PARAMETER_VALUE(0.)),(#5083,
    PARAMETER_VALUE(48.073957386378)),.T.,.PARAMETER.);
#5078 = LINE('',#5079,#5080);
#5079 = CARTESIAN_POINT('',(0.,48.031548,-90.475368));
#5080 = VECTOR('',#5081,1.);
#5081 = DIRECTION('',(0.,-0.999117830345,4.199477450492E-02));
#5082 = CARTESIAN_POINT('',(0.,48.031548,-90.475368));
#5083 = CARTESIAN_POINT('',(0.,0.,-88.456513));
#5084 = ( GEOMETRIC_REPRESENTATION_CONTEXT(3) 
GLOBAL_UNCERTAINTY_ASSIGNED_CONTEXT((#5088)) 
GLOBAL_UNIT_ASSIGNED_CONTEXT((#5085,#5086,#5087)) REPRESENTATION_CONTEXT
('Context #1','3D Context with UNIT and UNCERTAINTY') );
#5085 = ( LENGTH_UNIT() NAMED_UNIT(*) SI_UNIT(.MILLI.,.METRE.) );
#5086 = ( NAMED_UNIT(*) PLANE_ANGLE_UNIT() SI_UNIT($,.RADIAN.) );
#5087 = ( NAMED_UNIT(*) SI_UNIT($,.STERADIAN.) SOLID_ANGLE_UNIT() );
#5088 = UNCERTAINTY_MEASURE_WITH_UNIT(LENGTH_MEASURE(1.E-07),#5085,
  'distance_accuracy_value','confusion accuracy');
#5089 = CONTEXT_DEPENDENT_SHAPE_REPRESENTATION(#5090,#5092);
#5090 = ( REPRESENTATION_RELATIONSHIP('','',#5075,#10) 
REPRESENTATION_RELATIONSHIP_WITH_TRANSFORMATION(#5091) 
SHAPE_REPRESENTATION_RELATIONSHIP() );
#5091 = ITEM_DEFINED_TRANSFORMATION('','',#11,#271);
#5092 = PRODUCT_DEFINITION_SHAPE('Placement','Placement of an item',
  #5093);
#5093 = NEXT_ASSEMBLY_USAGE_OCCURRENCE('65','','',#5,#5070,$);
#5094 = PRODUCT_RELATED_PRODUCT_CATEGORY('part',$,(#5072));
#5095 = SHAPE_DEFINITION_REPRESENTATION(#5096,#5102);
#5096 = PRODUCT_DEFINITION_SHAPE('','',#5097);
#5097 = PRODUCT_DEFINITION('design','',#5098,#5101);
#5098 = PRODUCT_DEFINITION_FORMATION('','',#5099);
#5099 = PRODUCT('Open CASCADE STEP translator 7.8 1.66',
  'Open CASCADE STEP translator 7.8 1.66','',(#5100));
#5100 = PRODUCT_CONTEXT('',#2,'mechanical');
#5101 = PRODUCT_DEFINITION_CONTEXT('part definition',#2,'design');
#5102 = GEOMETRICALLY_BOUNDED_WIREFRAME_SHAPE_REPRESENTATION('',(#11,
    #5103),#5111);
#5103 = GEOMETRIC_CURVE_SET('',(#5104));
#5104 = TRIMMED_CURVE('',#5105,(#5109,PARAMETER_VALUE(0.)),(#5110,
    PARAMETER_VALUE(48.031548)),.T.,.PARAMETER.);
#5105 = LINE('',#5106,#5107);
#5106 = CARTESIAN_POINT('',(0.,0.,-88.456513));
#5107 = VECTOR('',#5108,1.);
#5108 = DIRECTION('',(1.,0.,0.));
#5109 = CARTESIAN_POINT('',(0.,0.,-88.456513));
#5110 = CARTESIAN_POINT('',(48.031548,0.,-88.456513));
#5111 = ( GEOMETRIC_REPRESENTATION_CONTEXT(3) 
GLOBAL_UNCERTAINTY_ASSIGNED_CONTEXT((#5115)) 
GLOBAL_UNIT_ASSIGNED_CONTEXT((#5112,#5113,#5114)) REPRESENTATION_CONTEXT
('Context #1','3D Context with UNIT and UNCERTAINTY') );
#5112 = ( LENGTH_UNIT() NAMED_UNIT(*) SI_UNIT(.MILLI.,.METRE.) );
#5113 = ( NAMED_UNIT(*) PLANE_ANGLE_UNIT() SI_UNIT($,.RADIAN.) );
#5114 = ( NAMED_UNIT(*) SI_UNIT($,.STERADIAN.) SOLID_ANGLE_UNIT() );
#5115 = UNCERTAINTY_MEASURE_WITH_UNIT(LENGTH_MEASURE(1.E-07),#5112,
  'distance_accuracy_value','confusion accuracy');
#5116 = CONTEXT_DEPENDENT_SHAPE_REPRESENTATION(#5117,#5119);
#5117 = ( REPRESENTATION_RELATIONSHIP('','',#5102,#10) 
REPRESENTATION_RELATIONSHIP_WITH_TRANSFORMATION(#5118) 
SHAPE_REPRESENTATION_RELATIONSHIP() );
#5118 = ITEM_DEFINED_TRANSFORMATION('','',#11,#275);
#5119 = PRODUCT_DEFINITION_SHAPE('Placement','Placement of an item',
  #5120);
#5120 = NEXT_ASSEMBLY_USAGE_OCCURRENCE('66','','',#5,#5097,$);
#5121 = PRODUCT_RELATED_PRODUCT_CATEGORY('part',$,(#5099));
#5122 = SHAPE_DEFINITION_REPRESENTATION(#5123,#5129);
#5123 = PRODUCT_DEFINITION_SHAPE('','',#5124);
#5124 = PRODUCT_DEFINITION('design','',#5125,#5128);
#5125 = PRODUCT_DEFINITION_FORMATION('','',#5126);
#5126 = PRODUCT('Open CASCADE STEP translator 7.8 1.67',
  'Open CASCADE STEP translator 7.8 1.67','',(#5127));
#5127 = PRODUCT_CONTEXT('',#2,'mechanical');
#5128 = PRODUCT_DEFINITION_CONTEXT('part definition',#2,'design');
#5129 = GEOMETRICALLY_BOUNDED_WIREFRAME_SHAPE_REPRESENTATION('',(#11,
    #5130),#5138);
#5130 = GEOMETRIC_CURVE_SET('',(#5131));
#5131 = TRIMMED_CURVE('',#5132,(#5136,PARAMETER_VALUE(0.)),(#5137,
    PARAMETER_VALUE(52.14137274986)),.T.,.PARAMETER.);
#5132 = LINE('',#5133,#5134);
#5133 = CARTESIAN_POINT('',(0.,52.090228,-83.560003));
#5134 = VECTOR('',#5135,1.);
#5135 = DIRECTION('',(0.,-0.99901911386,4.428103592662E-02));
#5136 = CARTESIAN_POINT('',(0.,52.090228,-83.560003));
#5137 = CARTESIAN_POINT('',(0.,0.,-81.251129));
#5138 = ( GEOMETRIC_REPRESENTATION_CONTEXT(3) 
GLOBAL_UNCERTAINTY_ASSIGNED_CONTEXT((#5142)) 
GLOBAL_UNIT_ASSIGNED_CONTEXT((#5139,#5140,#5141)) REPRESENTATION_CONTEXT
('Context #1','3D Context with UNIT and UNCERTAINTY') );
#5139 = ( LENGTH_UNIT() NAMED_UNIT(*) SI_UNIT(.MILLI.,.METRE.) );
#5140 = ( NAMED_UNIT(*) PLANE_ANGLE_UNIT() SI_UNIT($,.RADIAN.) );
#5141 = ( NAMED_UNIT(*) SI_UNIT($,.STERADIAN.) SOLID_ANGLE_UNIT() );
#5142 = UNCERTAINTY_MEASURE_WITH_UNIT(LENGTH_MEASURE(1.E-07),#5139,
  'distance_accuracy_value','confusion accuracy');
#5143 = CONTEXT_DEPENDENT_SHAPE_REPRESENTATION(#5144,#5146);
#5144 = ( REPRESENTATION_RELATIONSHIP('','',#5129,#10) 
REPRESENTATION_RELATIONSHIP_WITH_TRANSFORMATION(#5145) 
SHAPE_REPRESENTATION_RELATIONSHIP() );
#5145 = ITEM_DEFINED_TRANSFORMATION('','',#11,#279);
#5146 = PRODUCT_DEFINITION_SHAPE('Placement','Placement of an item',
  #5147);
#5147 = NEXT_ASSEMBLY_USAGE_OCCURRENCE('67','','',#5,#5124,$);
#5148 = PRODUCT_RELATED_PRODUCT_CATEGORY('part',$,(#5126));
#5149 = SHAPE_DEFINITION_REPRESENTATION(#5150,#5156);
#5150 = PRODUCT_DEFINITION_SHAPE('','',#5151);
#5151 = PRODUCT_DEFINITION('design','',#5152,#5155);
#5152 = PRODUCT_DEFINITION_FORMATION('','',#5153);
#5153 = PRODUCT('Open CASCADE STEP translator 7.8 1.68',
  'Open CASCADE STEP translator 7.8 1.68','',(#5154));
#5154 = PRODUCT_CONTEXT('',#2,'mechanical');
#5155 = PRODUCT_DEFINITION_CONTEXT('part definition',#2,'design');
#5156 = GEOMETRICALLY_BOUNDED_WIREFRAME_SHAPE_REPRESENTATION('',(#11,
    #5157),#5165);
#5157 = GEOMETRIC_CURVE_SET('',(#5158));
#5158 = TRIMMED_CURVE('',#5159,(#5163,PARAMETER_VALUE(0.)),(#5164,
    PARAMETER_VALUE(52.090228)),.T.,.PARAMETER.);
#5159 = LINE('',#5160,#5161);
#5160 = CARTESIAN_POINT('',(0.,0.,-81.251129));
#5161 = VECTOR('',#5162,1.);
#5162 = DIRECTION('',(1.,0.,0.));
#5163 = CARTESIAN_POINT('',(0.,0.,-81.251129));
#5164 = CARTESIAN_POINT('',(52.090228,0.,-81.251129));
#5165 = ( GEOMETRIC_REPRESENTATION_CONTEXT(3) 
GLOBAL_UNCERTAINTY_ASSIGNED_CONTEXT((#5169)) 
GLOBAL_UNIT_ASSIGNED_CONTEXT((#5166,#5167,#5168)) REPRESENTATION_CONTEXT
('Context #1','3D Context with UNIT and UNCERTAINTY') );
#5166 = ( LENGTH_UNIT() NAMED_UNIT(*) SI_UNIT(.MILLI.,.METRE.) );
#5167 = ( NAMED_UNIT(*) PLANE_ANGLE_UNIT() SI_UNIT($,.RADIAN.) );
#5168 = ( NAMED_UNIT(*) SI_UNIT($,.STERADIAN.) SOLID_ANGLE_UNIT() );
#5169 = UNCERTAINTY_MEASURE_WITH_UNIT(LENGTH_MEASURE(1.E-07),#5166,
  'distance_accuracy_value','confusion accuracy');
#5170 = CONTEXT_DEPENDENT_SHAPE_REPRESENTATION(#5171,#5173);
#5171 = ( REPRESENTATION_RELATIONSHIP('','',#5156,#10) 
REPRESENTATION_RELATIONSHIP_WITH_TRANSFORMATION(#5172) 
SHAPE_REPRESENTATION_RELATIONSHIP() );
#5172 = ITEM_DEFINED_TRANSFORMATION('','',#11,#283);
#5173 = PRODUCT_DEFINITION_SHAPE('Placement','Placement of an item',
  #5174);
#5174 = NEXT_ASSEMBLY_USAGE_OCCURRENCE('68','','',#5,#5151,$);
#5175 = PRODUCT_RELATED_PRODUCT_CATEGORY('part',$,(#5153));
#5176 = SHAPE_DEFINITION_REPRESENTATION(#5177,#5183);
#5177 = PRODUCT_DEFINITION_SHAPE('','',#5178);
#5178 = PRODUCT_DEFINITION('design','',#5179,#5182);
#5179 = PRODUCT_DEFINITION_FORMATION('','',#5180);
#5180 = PRODUCT('Open CASCADE STEP translator 7.8 1.69',
  'Open CASCADE STEP translator 7.8 1.69','',(#5181));
#5181 = PRODUCT_CONTEXT('',#2,'mechanical');
#5182 = PRODUCT_DEFINITION_CONTEXT('part definition',#2,'design');
#5183 = GEOMETRICALLY_BOUNDED_WIREFRAME_SHAPE_REPRESENTATION('',(#11,
    #5184),#5192);
#5184 = GEOMETRIC_CURVE_SET('',(#5185));
#5185 = TRIMMED_CURVE('',#5186,(#5190,PARAMETER_VALUE(0.)),(#5191,
    PARAMETER_VALUE(56.462608312341)),.T.,.PARAMETER.);
#5186 = LINE('',#5187,#5188);
#5187 = CARTESIAN_POINT('',(0.,56.401357,-76.388927));
#5188 = VECTOR('',#5189,1.);
#5189 = DIRECTION('',(0.,-0.998915188048,4.656658766905E-02));
#5190 = CARTESIAN_POINT('',(0.,56.401357,-76.388927));
#5191 = CARTESIAN_POINT('',(0.,0.,-73.759656));
#5192 = ( GEOMETRIC_REPRESENTATION_CONTEXT(3) 
GLOBAL_UNCERTAINTY_ASSIGNED_CONTEXT((#5196)) 
GLOBAL_UNIT_ASSIGNED_CONTEXT((#5193,#5194,#5195)) REPRESENTATION_CONTEXT
('Context #1','3D Context with UNIT and UNCERTAINTY') );
#5193 = ( LENGTH_UNIT() NAMED_UNIT(*) SI_UNIT(.MILLI.,.METRE.) );
#5194 = ( NAMED_UNIT(*) PLANE_ANGLE_UNIT() SI_UNIT($,.RADIAN.) );
#5195 = ( NAMED_UNIT(*) SI_UNIT($,.STERADIAN.) SOLID_ANGLE_UNIT() );
#5196 = UNCERTAINTY_MEASURE_WITH_UNIT(LENGTH_MEASURE(1.E-07),#5193,
  'distance_accuracy_value','confusion accuracy');
#5197 = CONTEXT_DEPENDENT_SHAPE_REPRESENTATION(#5198,#5200);
#5198 = ( REPRESENTATION_RELATIONSHIP('','',#5183,#10) 
REPRESENTATION_RELATIONSHIP_WITH_TRANSFORMATION(#5199) 
SHAPE_REPRESENTATION_RELATIONSHIP() );
#5199 = ITEM_DEFINED_TRANSFORMATION('','',#11,#287);
#5200 = PRODUCT_DEFINITION_SHAPE('Placement','Placement of an item',
  #5201);
#5201 = NEXT_ASSEMBLY_USAGE_OCCURRENCE('69','','',#5,#5178,$);
#5202 = PRODUCT_RELATED_PRODUCT_CATEGORY('part',$,(#5180));
#5203 = SHAPE_DEFINITION_REPRESENTATION(#5204,#5210);
#5204 = PRODUCT_DEFINITION_SHAPE('','',#5205);
#5205 = PRODUCT_DEFINITION('design','',#5206,#5209);
#5206 = PRODUCT_DEFINITION_FORMATION('','',#5207);
#5207 = PRODUCT('Open CASCADE STEP translator 7.8 1.70',
  'Open CASCADE STEP translator 7.8 1.70','',(#5208));
#5208 = PRODUCT_CONTEXT('',#2,'mechanical');
#5209 = PRODUCT_DEFINITION_CONTEXT('part definition',#2,'design');
#5210 = GEOMETRICALLY_BOUNDED_WIREFRAME_SHAPE_REPRESENTATION('',(#11,
    #5211),#5219);
#5211 = GEOMETRIC_CURVE_SET('',(#5212));
#5212 = TRIMMED_CURVE('',#5213,(#5217,PARAMETER_VALUE(0.)),(#5218,
    PARAMETER_VALUE(56.401357)),.T.,.PARAMETER.);
#5213 = LINE('',#5214,#5215);
#5214 = CARTESIAN_POINT('',(0.,0.,-73.759656));
#5215 = VECTOR('',#5216,1.);
#5216 = DIRECTION('',(1.,0.,0.));
#5217 = CARTESIAN_POINT('',(0.,0.,-73.759656));
#5218 = CARTESIAN_POINT('',(56.401357,0.,-73.759656));
#5219 = ( GEOMETRIC_REPRESENTATION_CONTEXT(3) 
GLOBAL_UNCERTAINTY_ASSIGNED_CONTEXT((#5223)) 
GLOBAL_UNIT_ASSIGNED_CONTEXT((#5220,#5221,#5222)) REPRESENTATION_CONTEXT
('Context #1','3D Context with UNIT and UNCERTAINTY') );
#5220 = ( LENGTH_UNIT() NAMED_UNIT(*) SI_UNIT(.MILLI.,.METRE.) );
#5221 = ( NAMED_UNIT(*) PLANE_ANGLE_UNIT() SI_UNIT($,.RADIAN.) );
#5222 = ( NAMED_UNIT(*) SI_UNIT($,.STERADIAN.) SOLID_ANGLE_UNIT() );
#5223 = UNCERTAINTY_MEASURE_WITH_UNIT(LENGTH_MEASURE(1.E-07),#5220,
  'distance_accuracy_value','confusion accuracy');
#5224 = CONTEXT_DEPENDENT_SHAPE_REPRESENTATION(#5225,#5227);
#5225 = ( REPRESENTATION_RELATIONSHIP('','',#5210,#10) 
REPRESENTATION_RELATIONSHIP_WITH_TRANSFORMATION(#5226) 
SHAPE_REPRESENTATION_RELATIONSHIP() );
#5226 = ITEM_DEFINED_TRANSFORMATION('','',#11,#291);
#5227 = PRODUCT_DEFINITION_SHAPE('Placement','Placement of an item',
  #5228);
#5228 = NEXT_ASSEMBLY_USAGE_OCCURRENCE('70','','',#5,#5205,$);
#5229 = PRODUCT_RELATED_PRODUCT_CATEGORY('part',$,(#5207));
#5230 = SHAPE_DEFINITION_REPRESENTATION(#5231,#5237);
#5231 = PRODUCT_DEFINITION_SHAPE('','',#5232);
#5232 = PRODUCT_DEFINITION('design','',#5233,#5236);
#5233 = PRODUCT_DEFINITION_FORMATION('','',#5234);
#5234 = PRODUCT('Open CASCADE STEP translator 7.8 1.71',
  'Open CASCADE STEP translator 7.8 1.71','',(#5235));
#5235 = PRODUCT_CONTEXT('',#2,'mechanical');
#5236 = PRODUCT_DEFINITION_CONTEXT('part definition',#2,'design');
#5237 = GEOMETRICALLY_BOUNDED_WIREFRAME_SHAPE_REPRESENTATION('',(#11,
    #5238),#5246);
#5238 = GEOMETRIC_CURVE_SET('',(#5239));
#5239 = TRIMMED_CURVE('',#5240,(#5244,PARAMETER_VALUE(0.)),(#5245,
    PARAMETER_VALUE(62.641476447925)),.T.,.PARAMETER.);
#5240 = LINE('',#5241,#5242);
#5241 = CARTESIAN_POINT('',(0.,62.564335,-66.491166));
#5242 = VECTOR('',#5243,1.);
#5243 = DIRECTION('',(0.,-0.99876852443,4.961284720969E-02));
#5244 = CARTESIAN_POINT('',(0.,62.564335,-66.491166));
#5245 = CARTESIAN_POINT('',(0.,0.,-63.383344));
#5246 = ( GEOMETRIC_REPRESENTATION_CONTEXT(3) 
GLOBAL_UNCERTAINTY_ASSIGNED_CONTEXT((#5250)) 
GLOBAL_UNIT_ASSIGNED_CONTEXT((#5247,#5248,#5249)) REPRESENTATION_CONTEXT
('Context #1','3D Context with UNIT and UNCERTAINTY') );
#5247 = ( LENGTH_UNIT() NAMED_UNIT(*) SI_UNIT(.MILLI.,.METRE.) );
#5248 = ( NAMED_UNIT(*) PLANE_ANGLE_UNIT() SI_UNIT($,.RADIAN.) );
#5249 = ( NAMED_UNIT(*) SI_UNIT($,.STERADIAN.) SOLID_ANGLE_UNIT() );
#5250 = UNCERTAINTY_MEASURE_WITH_UNIT(LENGTH_MEASURE(1.E-07),#5247,
  'distance_accuracy_value','confusion accuracy');
#5251 = CONTEXT_DEPENDENT_SHAPE_REPRESENTATION(#5252,#5254);
#5252 = ( REPRESENTATION_RELATIONSHIP('','',#5237,#10) 
REPRESENTATION_RELATIONSHIP_WITH_TRANSFORMATION(#5253) 
SHAPE_REPRESENTATION_RELATIONSHIP() );
#5253 = ITEM_DEFINED_TRANSFORMATION('','',#11,#295);
#5254 = PRODUCT_DEFINITION_SHAPE('Placement','Placement of an item',
  #5255);
#5255 = NEXT_ASSEMBLY_USAGE_OCCURRENCE('71','','',#5,#5232,$);
#5256 = PRODUCT_RELATED_PRODUCT_CATEGORY('part',$,(#5234));
#5257 = SHAPE_DEFINITION_REPRESENTATION(#5258,#5264);
#5258 = PRODUCT_DEFINITION_SHAPE('','',#5259);
#5259 = PRODUCT_DEFINITION('design','',#5260,#5263);
#5260 = PRODUCT_DEFINITION_FORMATION('','',#5261);
#5261 = PRODUCT('Open CASCADE STEP translator 7.8 1.72',
  'Open CASCADE STEP translator 7.8 1.72','',(#5262));
#5262 = PRODUCT_CONTEXT('',#2,'mechanical');
#5263 = PRODUCT_DEFINITION_CONTEXT('part definition',#2,'design');
#5264 = GEOMETRICALLY_BOUNDED_WIREFRAME_SHAPE_REPRESENTATION('',(#11,
    #5265),#5273);
#5265 = GEOMETRIC_CURVE_SET('',(#5266));
#5266 = TRIMMED_CURVE('',#5267,(#5271,PARAMETER_VALUE(0.)),(#5272,
    PARAMETER_VALUE(62.564335)),.T.,.PARAMETER.);
#5267 = LINE('',#5268,#5269);
#5268 = CARTESIAN_POINT('',(0.,0.,-63.383344));
#5269 = VECTOR('',#5270,1.);
#5270 = DIRECTION('',(1.,0.,0.));
#5271 = CARTESIAN_POINT('',(0.,0.,-63.383344));
#5272 = CARTESIAN_POINT('',(62.564335,0.,-63.383344));
#5273 = ( GEOMETRIC_REPRESENTATION_CONTEXT(3) 
GLOBAL_UNCERTAINTY_ASSIGNED_CONTEXT((#5277)) 
GLOBAL_UNIT_ASSIGNED_CONTEXT((#5274,#5275,#5276)) REPRESENTATION_CONTEXT
('Context #1','3D Context with UNIT and UNCERTAINTY') );
#5274 = ( LENGTH_UNIT() NAMED_UNIT(*) SI_UNIT(.MILLI.,.METRE.) );
#5275 = ( NAMED_UNIT(*) PLANE_ANGLE_UNIT() SI_UNIT($,.RADIAN.) );
#5276 = ( NAMED_UNIT(*) SI_UNIT($,.STERADIAN.) SOLID_ANGLE_UNIT() );
#5277 = UNCERTAINTY_MEASURE_WITH_UNIT(LENGTH_MEASURE(1.E-07),#5274,
  'distance_accuracy_value','confusion accuracy');
#5278 = CONTEXT_DEPENDENT_SHAPE_REPRESENTATION(#5279,#5281);
#5279 = ( REPRESENTATION_RELATIONSHIP('','',#5264,#10) 
REPRESENTATION_RELATIONSHIP_WITH_TRANSFORMATION(#5280) 
SHAPE_REPRESENTATION_RELATIONSHIP() );
#5280 = ITEM_DEFINED_TRANSFORMATION('','',#11,#299);
#5281 = PRODUCT_DEFINITION_SHAPE('Placement','Placement of an item',
  #5282);
#5282 = NEXT_ASSEMBLY_USAGE_OCCURRENCE('72','','',#5,#5259,$);
#5283 = PRODUCT_RELATED_PRODUCT_CATEGORY('part',$,(#5261));
#5284 = SHAPE_DEFINITION_REPRESENTATION(#5285,#5291);
#5285 = PRODUCT_DEFINITION_SHAPE('','',#5286);
#5286 = PRODUCT_DEFINITION('design','',#5287,#5290);
#5287 = PRODUCT_DEFINITION_FORMATION('','',#5288);
#5288 = PRODUCT('Open CASCADE STEP translator 7.8 1.73',
  'Open CASCADE STEP translator 7.8 1.73','',(#5289));
#5289 = PRODUCT_CONTEXT('',#2,'mechanical');
#5290 = PRODUCT_DEFINITION_CONTEXT('part definition',#2,'design');
#5291 = GEOMETRICALLY_BOUNDED_WIREFRAME_SHAPE_REPRESENTATION('',(#11,
    #5292),#5300);
#5292 = GEOMETRIC_CURVE_SET('',(#5293));
#5293 = TRIMMED_CURVE('',#5294,(#5298,PARAMETER_VALUE(0.)),(#5299,
    PARAMETER_VALUE(67.610434647068)),.T.,.PARAMETER.);
#5294 = LINE('',#5295,#5296);
#5295 = CARTESIAN_POINT('',(0.,67.519327,-58.879599));
#5296 = VECTOR('',#5297,1.);
#5297 = DIRECTION('',(0.,-0.998652461746,5.189663427422E-02));
#5298 = CARTESIAN_POINT('',(0.,67.519327,-58.879599));
#5299 = CARTESIAN_POINT('',(0.,0.,-55.370845));
#5300 = ( GEOMETRIC_REPRESENTATION_CONTEXT(3) 
GLOBAL_UNCERTAINTY_ASSIGNED_CONTEXT((#5304)) 
GLOBAL_UNIT_ASSIGNED_CONTEXT((#5301,#5302,#5303)) REPRESENTATION_CONTEXT
('Context #1','3D Context with UNIT and UNCERTAINTY') );
#5301 = ( LENGTH_UNIT() NAMED_UNIT(*) SI_UNIT(.MILLI.,.METRE.) );
#5302 = ( NAMED_UNIT(*) PLANE_ANGLE_UNIT() SI_UNIT($,.RADIAN.) );
#5303 = ( NAMED_UNIT(*) SI_UNIT($,.STERADIAN.) SOLID_ANGLE_UNIT() );
#5304 = UNCERTAINTY_MEASURE_WITH_UNIT(LENGTH_MEASURE(1.E-07),#5301,
  'distance_accuracy_value','confusion accuracy');
#5305 = CONTEXT_DEPENDENT_SHAPE_REPRESENTATION(#5306,#5308);
#5306 = ( REPRESENTATION_RELATIONSHIP('','',#5291,#10) 
REPRESENTATION_RELATIONSHIP_WITH_TRANSFORMATION(#5307) 
SHAPE_REPRESENTATION_RELATIONSHIP() );
#5307 = ITEM_DEFINED_TRANSFORMATION('','',#11,#303);
#5308 = PRODUCT_DEFINITION_SHAPE('Placement','Placement of an item',
  #5309);
#5309 = NEXT_ASSEMBLY_USAGE_OCCURRENCE('73','','',#5,#5286,$);
#5310 = PRODUCT_RELATED_PRODUCT_CATEGORY('part',$,(#5288));
#5311 = SHAPE_DEFINITION_REPRESENTATION(#5312,#5318);
#5312 = PRODUCT_DEFINITION_SHAPE('','',#5313);
#5313 = PRODUCT_DEFINITION('design','',#5314,#5317);
#5314 = PRODUCT_DEFINITION_FORMATION('','',#5315);
#5315 = PRODUCT('Open CASCADE STEP translator 7.8 1.74',
  'Open CASCADE STEP translator 7.8 1.74','',(#5316));
#5316 = PRODUCT_CONTEXT('',#2,'mechanical');
#5317 = PRODUCT_DEFINITION_CONTEXT('part definition',#2,'design');
#5318 = GEOMETRICALLY_BOUNDED_WIREFRAME_SHAPE_REPRESENTATION('',(#11,
    #5319),#5327);
#5319 = GEOMETRIC_CURVE_SET('',(#5320));
#5320 = TRIMMED_CURVE('',#5321,(#5325,PARAMETER_VALUE(0.)),(#5326,
    PARAMETER_VALUE(67.519327)),.T.,.PARAMETER.);
#5321 = LINE('',#5322,#5323);
#5322 = CARTESIAN_POINT('',(0.,0.,-55.370845));
#5323 = VECTOR('',#5324,1.);
#5324 = DIRECTION('',(1.,0.,0.));
#5325 = CARTESIAN_POINT('',(0.,0.,-55.370845));
#5326 = CARTESIAN_POINT('',(67.519327,0.,-55.370845));
#5327 = ( GEOMETRIC_REPRESENTATION_CONTEXT(3) 
GLOBAL_UNCERTAINTY_ASSIGNED_CONTEXT((#5331)) 
GLOBAL_UNIT_ASSIGNED_CONTEXT((#5328,#5329,#5330)) REPRESENTATION_CONTEXT
('Context #1','3D Context with UNIT and UNCERTAINTY') );
#5328 = ( LENGTH_UNIT() NAMED_UNIT(*) SI_UNIT(.MILLI.,.METRE.) );
#5329 = ( NAMED_UNIT(*) PLANE_ANGLE_UNIT() SI_UNIT($,.RADIAN.) );
#5330 = ( NAMED_UNIT(*) SI_UNIT($,.STERADIAN.) SOLID_ANGLE_UNIT() );
#5331 = UNCERTAINTY_MEASURE_WITH_UNIT(LENGTH_MEASURE(1.E-07),#5328,
  'distance_accuracy_value','confusion accuracy');
#5332 = CONTEXT_DEPENDENT_SHAPE_REPRESENTATION(#5333,#5335);
#5333 = ( REPRESENTATION_RELATIONSHIP('','',#5318,#10) 
REPRESENTATION_RELATIONSHIP_WITH_TRANSFORMATION(#5334) 
SHAPE_REPRESENTATION_RELATIONSHIP() );
#5334 = ITEM_DEFINED_TRANSFORMATION('','',#11,#307);
#5335 = PRODUCT_DEFINITION_SHAPE('Placement','Placement of an item',
  #5336);
#5336 = NEXT_ASSEMBLY_USAGE_OCCURRENCE('74','','',#5,#5313,$);
#5337 = PRODUCT_RELATED_PRODUCT_CATEGORY('part',$,(#5315));
#5338 = SHAPE_DEFINITION_REPRESENTATION(#5339,#5345);
#5339 = PRODUCT_DEFINITION_SHAPE('','',#5340);
#5340 = PRODUCT_DEFINITION('design','',#5341,#5344);
#5341 = PRODUCT_DEFINITION_FORMATION('','',#5342);
#5342 = PRODUCT('Open CASCADE STEP translator 7.8 1.75',
  'Open CASCADE STEP translator 7.8 1.75','',(#5343));
#5343 = PRODUCT_CONTEXT('',#2,'mechanical');
#5344 = PRODUCT_DEFINITION_CONTEXT('part definition',#2,'design');
#5345 = GEOMETRICALLY_BOUNDED_WIREFRAME_SHAPE_REPRESENTATION('',(#11,
    #5346),#5354);
#5346 = GEOMETRIC_CURVE_SET('',(#5347));
#5347 = TRIMMED_CURVE('',#5348,(#5352,PARAMETER_VALUE(0.)),(#5353,
    PARAMETER_VALUE(74.723519848657)),.T.,.PARAMETER.);
#5348 = LINE('',#5349,#5350);
#5349 = CARTESIAN_POINT('',(0.,74.61066,-48.609822));
#5350 = VECTOR('',#5351,1.);
#5351 = DIRECTION('',(0.,-0.998489634202,5.494042582998E-02));
#5352 = CARTESIAN_POINT('',(0.,74.61066,-48.609822));
#5353 = CARTESIAN_POINT('',(0.,0.,-44.50448));
#5354 = ( GEOMETRIC_REPRESENTATION_CONTEXT(3) 
GLOBAL_UNCERTAINTY_ASSIGNED_CONTEXT((#5358)) 
GLOBAL_UNIT_ASSIGNED_CONTEXT((#5355,#5356,#5357)) REPRESENTATION_CONTEXT
('Context #1','3D Context with UNIT and UNCERTAINTY') );
#5355 = ( LENGTH_UNIT() NAMED_UNIT(*) SI_UNIT(.MILLI.,.METRE.) );
#5356 = ( NAMED_UNIT(*) PLANE_ANGLE_UNIT() SI_UNIT($,.RADIAN.) );
#5357 = ( NAMED_UNIT(*) SI_UNIT($,.STERADIAN.) SOLID_ANGLE_UNIT() );
#5358 = UNCERTAINTY_MEASURE_WITH_UNIT(LENGTH_MEASURE(1.E-07),#5355,
  'distance_accuracy_value','confusion accuracy');
#5359 = CONTEXT_DEPENDENT_SHAPE_REPRESENTATION(#5360,#5362);
#5360 = ( REPRESENTATION_RELATIONSHIP('','',#5345,#10) 
REPRESENTATION_RELATIONSHIP_WITH_TRANSFORMATION(#5361) 
SHAPE_REPRESENTATION_RELATIONSHIP() );
#5361 = ITEM_DEFINED_TRANSFORMATION('','',#11,#311);
#5362 = PRODUCT_DEFINITION_SHAPE('Placement','Placement of an item',
  #5363);
#5363 = NEXT_ASSEMBLY_USAGE_OCCURRENCE('75','','',#5,#5340,$);
#5364 = PRODUCT_RELATED_PRODUCT_CATEGORY('part',$,(#5342));
#5365 = SHAPE_DEFINITION_REPRESENTATION(#5366,#5372);
#5366 = PRODUCT_DEFINITION_SHAPE('','',#5367);
#5367 = PRODUCT_DEFINITION('design','',#5368,#5371);
#5368 = PRODUCT_DEFINITION_FORMATION('','',#5369);
#5369 = PRODUCT('Open CASCADE STEP translator 7.8 1.76',
  'Open CASCADE STEP translator 7.8 1.76','',(#5370));
#5370 = PRODUCT_CONTEXT('',#2,'mechanical');
#5371 = PRODUCT_DEFINITION_CONTEXT('part definition',#2,'design');
#5372 = GEOMETRICALLY_BOUNDED_WIREFRAME_SHAPE_REPRESENTATION('',(#11,
    #5373),#5381);
#5373 = GEOMETRIC_CURVE_SET('',(#5374));
#5374 = TRIMMED_CURVE('',#5375,(#5379,PARAMETER_VALUE(0.)),(#5380,
    PARAMETER_VALUE(74.61066)),.T.,.PARAMETER.);
#5375 = LINE('',#5376,#5377);
#5376 = CARTESIAN_POINT('',(0.,0.,-44.50448));
#5377 = VECTOR('',#5378,1.);
#5378 = DIRECTION('',(1.,0.,0.));
#5379 = CARTESIAN_POINT('',(0.,0.,-44.50448));
#5380 = CARTESIAN_POINT('',(74.61066,0.,-44.50448));
#5381 = ( GEOMETRIC_REPRESENTATION_CONTEXT(3) 
GLOBAL_UNCERTAINTY_ASSIGNED_CONTEXT((#5385)) 
GLOBAL_UNIT_ASSIGNED_CONTEXT((#5382,#5383,#5384)) REPRESENTATION_CONTEXT
('Context #1','3D Context with UNIT and UNCERTAINTY') );
#5382 = ( LENGTH_UNIT() NAMED_UNIT(*) SI_UNIT(.MILLI.,.METRE.) );
#5383 = ( NAMED_UNIT(*) PLANE_ANGLE_UNIT() SI_UNIT($,.RADIAN.) );
#5384 = ( NAMED_UNIT(*) SI_UNIT($,.STERADIAN.) SOLID_ANGLE_UNIT() );
#5385 = UNCERTAINTY_MEASURE_WITH_UNIT(LENGTH_MEASURE(1.E-07),#5382,
  'distance_accuracy_value','confusion accuracy');
#5386 = CONTEXT_DEPENDENT_SHAPE_REPRESENTATION(#5387,#5389);
#5387 = ( REPRESENTATION_RELATIONSHIP('','',#5372,#10) 
REPRESENTATION_RELATIONSHIP_WITH_TRANSFORMATION(#5388) 
SHAPE_REPRESENTATION_RELATIONSHIP() );
#5388 = ITEM_DEFINED_TRANSFORMATION('','',#11,#315);
#5389 = PRODUCT_DEFINITION_SHAPE('Placement','Placement of an item',
  #5390);
#5390 = NEXT_ASSEMBLY_USAGE_OCCURRENCE('76','','',#5,#5367,$);
#5391 = PRODUCT_RELATED_PRODUCT_CATEGORY('part',$,(#5369));
#5392 = SHAPE_DEFINITION_REPRESENTATION(#5393,#5399);
#5393 = PRODUCT_DEFINITION_SHAPE('','',#5394);
#5394 = PRODUCT_DEFINITION('design','',#5395,#5398);
#5395 = PRODUCT_DEFINITION_FORMATION('','',#5396);
#5396 = PRODUCT('Open CASCADE STEP translator 7.8 1.77',
  'Open CASCADE STEP translator 7.8 1.77','',(#5397));
#5397 = PRODUCT_CONTEXT('',#2,'mechanical');
#5398 = PRODUCT_DEFINITION_CONTEXT('part definition',#2,'design');
#5399 = GEOMETRICALLY_BOUNDED_WIREFRAME_SHAPE_REPRESENTATION('',(#11,
    #5400),#5408);
#5400 = GEOMETRIC_CURVE_SET('',(#5401));
#5401 = TRIMMED_CURVE('',#5402,(#5406,PARAMETER_VALUE(0.)),(#5407,
    PARAMETER_VALUE(80.459597996654)),.T.,.PARAMETER.);
#5402 = LINE('',#5403,#5404);
#5403 = CARTESIAN_POINT('',(0.,80.327762,-40.936349));
#5404 = VECTOR('',#5405,1.);
#5405 = DIRECTION('',(0.,-0.998361463394,5.722227198042E-02));
#5406 = CARTESIAN_POINT('',(0.,80.327762,-40.936349));
#5407 = CARTESIAN_POINT('',(0.,0.,-36.332268));
#5408 = ( GEOMETRIC_REPRESENTATION_CONTEXT(3) 
GLOBAL_UNCERTAINTY_ASSIGNED_CONTEXT((#5412)) 
GLOBAL_UNIT_ASSIGNED_CONTEXT((#5409,#5410,#5411)) REPRESENTATION_CONTEXT
('Context #1','3D Context with UNIT and UNCERTAINTY') );
#5409 = ( LENGTH_UNIT() NAMED_UNIT(*) SI_UNIT(.MILLI.,.METRE.) );
#5410 = ( NAMED_UNIT(*) PLANE_ANGLE_UNIT() SI_UNIT($,.RADIAN.) );
#5411 = ( NAMED_UNIT(*) SI_UNIT($,.STERADIAN.) SOLID_ANGLE_UNIT() );
#5412 = UNCERTAINTY_MEASURE_WITH_UNIT(LENGTH_MEASURE(1.E-07),#5409,
  'distance_accuracy_value','confusion accuracy');
#5413 = CONTEXT_DEPENDENT_SHAPE_REPRESENTATION(#5414,#5416);
#5414 = ( REPRESENTATION_RELATIONSHIP('','',#5399,#10) 
REPRESENTATION_RELATIONSHIP_WITH_TRANSFORMATION(#5415) 
SHAPE_REPRESENTATION_RELATIONSHIP() );
#5415 = ITEM_DEFINED_TRANSFORMATION('','',#11,#319);
#5416 = PRODUCT_DEFINITION_SHAPE('Placement','Placement of an item',
  #5417);
#5417 = NEXT_ASSEMBLY_USAGE_OCCURRENCE('77','','',#5,#5394,$);
#5418 = PRODUCT_RELATED_PRODUCT_CATEGORY('part',$,(#5396));
#5419 = SHAPE_DEFINITION_REPRESENTATION(#5420,#5426);
#5420 = PRODUCT_DEFINITION_SHAPE('','',#5421);
#5421 = PRODUCT_DEFINITION('design','',#5422,#5425);
#5422 = PRODUCT_DEFINITION_FORMATION('','',#5423);
#5423 = PRODUCT('Open CASCADE STEP translator 7.8 1.78',
  'Open CASCADE STEP translator 7.8 1.78','',(#5424));
#5424 = PRODUCT_CONTEXT('',#2,'mechanical');
#5425 = PRODUCT_DEFINITION_CONTEXT('part definition',#2,'design');
#5426 = GEOMETRICALLY_BOUNDED_WIREFRAME_SHAPE_REPRESENTATION('',(#11,
    #5427),#5435);
#5427 = GEOMETRIC_CURVE_SET('',(#5428));
#5428 = TRIMMED_CURVE('',#5429,(#5433,PARAMETER_VALUE(0.)),(#5434,
    PARAMETER_VALUE(80.327762)),.T.,.PARAMETER.);
#5429 = LINE('',#5430,#5431);
#5430 = CARTESIAN_POINT('',(0.,0.,-36.332268));
#5431 = VECTOR('',#5432,1.);
#5432 = DIRECTION('',(1.,0.,0.));
#5433 = CARTESIAN_POINT('',(0.,0.,-36.332268));
#5434 = CARTESIAN_POINT('',(80.327762,0.,-36.332268));
#5435 = ( GEOMETRIC_REPRESENTATION_CONTEXT(3) 
GLOBAL_UNCERTAINTY_ASSIGNED_CONTEXT((#5439)) 
GLOBAL_UNIT_ASSIGNED_CONTEXT((#5436,#5437,#5438)) REPRESENTATION_CONTEXT
('Context #1','3D Context with UNIT and UNCERTAINTY') );
#5436 = ( LENGTH_UNIT() NAMED_UNIT(*) SI_UNIT(.MILLI.,.METRE.) );
#5437 = ( NAMED_UNIT(*) PLANE_ANGLE_UNIT() SI_UNIT($,.RADIAN.) );
#5438 = ( NAMED_UNIT(*) SI_UNIT($,.STERADIAN.) SOLID_ANGLE_UNIT() );
#5439 = UNCERTAINTY_MEASURE_WITH_UNIT(LENGTH_MEASURE(1.E-07),#5436,
  'distance_accuracy_value','confusion accuracy');
#5440 = CONTEXT_DEPENDENT_SHAPE_REPRESENTATION(#5441,#5443);
#5441 = ( REPRESENTATION_RELATIONSHIP('','',#5426,#10) 
REPRESENTATION_RELATIONSHIP_WITH_TRANSFORMATION(#5442) 
SHAPE_REPRESENTATION_RELATIONSHIP() );
#5442 = ITEM_DEFINED_TRANSFORMATION('','',#11,#323);
#5443 = PRODUCT_DEFINITION_SHAPE('Placement','Placement of an item',
  #5444);
#5444 = NEXT_ASSEMBLY_USAGE_OCCURRENCE('78','','',#5,#5421,$);
#5445 = PRODUCT_RELATED_PRODUCT_CATEGORY('part',$,(#5423));
#5446 = SHAPE_DEFINITION_REPRESENTATION(#5447,#5453);
#5447 = PRODUCT_DEFINITION_SHAPE('','',#5448);
#5448 = PRODUCT_DEFINITION('design','',#5449,#5452);
#5449 = PRODUCT_DEFINITION_FORMATION('','',#5450);
#5450 = PRODUCT('Open CASCADE STEP translator 7.8 1.79',
  'Open CASCADE STEP translator 7.8 1.79','',(#5451));
#5451 = PRODUCT_CONTEXT('',#2,'mechanical');
#5452 = PRODUCT_DEFINITION_CONTEXT('part definition',#2,'design');
#5453 = GEOMETRICALLY_BOUNDED_WIREFRAME_SHAPE_REPRESENTATION('',(#11,
    #5454),#5462);
#5454 = GEOMETRIC_CURVE_SET('',(#5455));
#5455 = TRIMMED_CURVE('',#5456,(#5460,PARAMETER_VALUE(0.)),(#5461,
    PARAMETER_VALUE(88.705497907146)),.T.,.PARAMETER.);
#5456 = LINE('',#5457,#5458);
#5457 = CARTESIAN_POINT('',(0.,88.544277,-30.97591));
#5458 = VECTOR('',#5459,1.);
#5459 = DIRECTION('',(0.,-0.998182515053,6.02633109122E-02));
#5460 = CARTESIAN_POINT('',(0.,88.544277,-30.97591));
#5461 = CARTESIAN_POINT('',(0.,0.,-25.630223));
#5462 = ( GEOMETRIC_REPRESENTATION_CONTEXT(3) 
GLOBAL_UNCERTAINTY_ASSIGNED_CONTEXT((#5466)) 
GLOBAL_UNIT_ASSIGNED_CONTEXT((#5463,#5464,#5465)) REPRESENTATION_CONTEXT
('Context #1','3D Context with UNIT and UNCERTAINTY') );
#5463 = ( LENGTH_UNIT() NAMED_UNIT(*) SI_UNIT(.MILLI.,.METRE.) );
#5464 = ( NAMED_UNIT(*) PLANE_ANGLE_UNIT() SI_UNIT($,.RADIAN.) );
#5465 = ( NAMED_UNIT(*) SI_UNIT($,.STERADIAN.) SOLID_ANGLE_UNIT() );
#5466 = UNCERTAINTY_MEASURE_WITH_UNIT(LENGTH_MEASURE(1.E-07),#5463,
  'distance_accuracy_value','confusion accuracy');
#5467 = CONTEXT_DEPENDENT_SHAPE_REPRESENTATION(#5468,#5470);
#5468 = ( REPRESENTATION_RELATIONSHIP('','',#5453,#10) 
REPRESENTATION_RELATIONSHIP_WITH_TRANSFORMATION(#5469) 
SHAPE_REPRESENTATION_RELATIONSHIP() );
#5469 = ITEM_DEFINED_TRANSFORMATION('','',#11,#327);
#5470 = PRODUCT_DEFINITION_SHAPE('Placement','Placement of an item',
  #5471);
#5471 = NEXT_ASSEMBLY_USAGE_OCCURRENCE('79','','',#5,#5448,$);
#5472 = PRODUCT_RELATED_PRODUCT_CATEGORY('part',$,(#5450));
#5473 = SHAPE_DEFINITION_REPRESENTATION(#5474,#5480);
#5474 = PRODUCT_DEFINITION_SHAPE('','',#5475);
#5475 = PRODUCT_DEFINITION('design','',#5476,#5479);
#5476 = PRODUCT_DEFINITION_FORMATION('','',#5477);
#5477 = PRODUCT('Open CASCADE STEP translator 7.8 1.80',
  'Open CASCADE STEP translator 7.8 1.80','',(#5478));
#5478 = PRODUCT_CONTEXT('',#2,'mechanical');
#5479 = PRODUCT_DEFINITION_CONTEXT('part definition',#2,'design');
#5480 = GEOMETRICALLY_BOUNDED_WIREFRAME_SHAPE_REPRESENTATION('',(#11,
    #5481),#5489);
#5481 = GEOMETRIC_CURVE_SET('',(#5482));
#5482 = TRIMMED_CURVE('',#5483,(#5487,PARAMETER_VALUE(0.)),(#5488,
    PARAMETER_VALUE(88.544277)),.T.,.PARAMETER.);
#5483 = LINE('',#5484,#5485);
#5484 = CARTESIAN_POINT('',(0.,0.,-25.630223));
#5485 = VECTOR('',#5486,1.);
#5486 = DIRECTION('',(1.,0.,0.));
#5487 = CARTESIAN_POINT('',(0.,0.,-25.630223));
#5488 = CARTESIAN_POINT('',(88.544277,0.,-25.630223));
#5489 = ( GEOMETRIC_REPRESENTATION_CONTEXT(3) 
GLOBAL_UNCERTAINTY_ASSIGNED_CONTEXT((#5493)) 
GLOBAL_UNIT_ASSIGNED_CONTEXT((#5490,#5491,#5492)) REPRESENTATION_CONTEXT
('Context #1','3D Context with UNIT and UNCERTAINTY') );
#5490 = ( LENGTH_UNIT() NAMED_UNIT(*) SI_UNIT(.MILLI.,.METRE.) );
#5491 = ( NAMED_UNIT(*) PLANE_ANGLE_UNIT() SI_UNIT($,.RADIAN.) );
#5492 = ( NAMED_UNIT(*) SI_UNIT($,.STERADIAN.) SOLID_ANGLE_UNIT() );
#5493 = UNCERTAINTY_MEASURE_WITH_UNIT(LENGTH_MEASURE(1.E-07),#5490,
  'distance_accuracy_value','confusion accuracy');
#5494 = CONTEXT_DEPENDENT_SHAPE_REPRESENTATION(#5495,#5497);
#5495 = ( REPRESENTATION_RELATIONSHIP('','',#5480,#10) 
REPRESENTATION_RELATIONSHIP_WITH_TRANSFORMATION(#5496) 
SHAPE_REPRESENTATION_RELATIONSHIP() );
#5496 = ITEM_DEFINED_TRANSFORMATION('','',#11,#331);
#5497 = PRODUCT_DEFINITION_SHAPE('Placement','Placement of an item',
  #5498);
#5498 = NEXT_ASSEMBLY_USAGE_OCCURRENCE('80','','',#5,#5475,$);
#5499 = PRODUCT_RELATED_PRODUCT_CATEGORY('part',$,(#5477));
#5500 = SHAPE_DEFINITION_REPRESENTATION(#5501,#5507);
#5501 = PRODUCT_DEFINITION_SHAPE('','',#5502);
#5502 = PRODUCT_DEFINITION('design','',#5503,#5506);
#5503 = PRODUCT_DEFINITION_FORMATION('','',#5504);
#5504 = PRODUCT('Open CASCADE STEP translator 7.8 1.81',
  'Open CASCADE STEP translator 7.8 1.81','',(#5505));
#5505 = PRODUCT_CONTEXT('',#2,'mechanical');
#5506 = PRODUCT_DEFINITION_CONTEXT('part definition',#2,'design');
#5507 = GEOMETRICALLY_BOUNDED_WIREFRAME_SHAPE_REPRESENTATION('',(#11,
    #5508),#5516);
#5508 = GEOMETRIC_CURVE_SET('',(#5509));
#5509 = TRIMMED_CURVE('',#5510,(#5514,PARAMETER_VALUE(0.)),(#5515,
    PARAMETER_VALUE(95.387954848384)),.T.,.PARAMETER.);
#5510 = LINE('',#5511,#5512);
#5511 = CARTESIAN_POINT('',(0.,95.201211,-23.913184));
#5512 = VECTOR('',#5513,1.);
#5513 = DIRECTION('',(0.,-0.998042270131,6.254300146683E-02));
#5514 = CARTESIAN_POINT('',(0.,95.201211,-23.913184));
#5515 = CARTESIAN_POINT('',(0.,0.,-17.947335));
#5516 = ( GEOMETRIC_REPRESENTATION_CONTEXT(3) 
GLOBAL_UNCERTAINTY_ASSIGNED_CONTEXT((#5520)) 
GLOBAL_UNIT_ASSIGNED_CONTEXT((#5517,#5518,#5519)) REPRESENTATION_CONTEXT
('Context #1','3D Context with UNIT and UNCERTAINTY') );
#5517 = ( LENGTH_UNIT() NAMED_UNIT(*) SI_UNIT(.MILLI.,.METRE.) );
#5518 = ( NAMED_UNIT(*) PLANE_ANGLE_UNIT() SI_UNIT($,.RADIAN.) );
#5519 = ( NAMED_UNIT(*) SI_UNIT($,.STERADIAN.) SOLID_ANGLE_UNIT() );
#5520 = UNCERTAINTY_MEASURE_WITH_UNIT(LENGTH_MEASURE(1.E-07),#5517,
  'distance_accuracy_value','confusion accuracy');
#5521 = CONTEXT_DEPENDENT_SHAPE_REPRESENTATION(#5522,#5524);
#5522 = ( REPRESENTATION_RELATIONSHIP('','',#5507,#10) 
REPRESENTATION_RELATIONSHIP_WITH_TRANSFORMATION(#5523) 
SHAPE_REPRESENTATION_RELATIONSHIP() );
#5523 = ITEM_DEFINED_TRANSFORMATION('','',#11,#335);
#5524 = PRODUCT_DEFINITION_SHAPE('Placement','Placement of an item',
  #5525);
#5525 = NEXT_ASSEMBLY_USAGE_OCCURRENCE('81','','',#5,#5502,$);
#5526 = PRODUCT_RELATED_PRODUCT_CATEGORY('part',$,(#5504));
#5527 = SHAPE_DEFINITION_REPRESENTATION(#5528,#5534);
#5528 = PRODUCT_DEFINITION_SHAPE('','',#5529);
#5529 = PRODUCT_DEFINITION('design','',#5530,#5533);
#5530 = PRODUCT_DEFINITION_FORMATION('','',#5531);
#5531 = PRODUCT('Open CASCADE STEP translator 7.8 1.82',
  'Open CASCADE STEP translator 7.8 1.82','',(#5532));
#5532 = PRODUCT_CONTEXT('',#2,'mechanical');
#5533 = PRODUCT_DEFINITION_CONTEXT('part definition',#2,'design');
#5534 = GEOMETRICALLY_BOUNDED_WIREFRAME_SHAPE_REPRESENTATION('',(#11,
    #5535),#5543);
#5535 = GEOMETRIC_CURVE_SET('',(#5536));
#5536 = TRIMMED_CURVE('',#5537,(#5541,PARAMETER_VALUE(0.)),(#5542,
    PARAMETER_VALUE(95.201211)),.T.,.PARAMETER.);
#5537 = LINE('',#5538,#5539);
#5538 = CARTESIAN_POINT('',(0.,0.,-17.947335));
#5539 = VECTOR('',#5540,1.);
#5540 = DIRECTION('',(1.,0.,0.));
#5541 = CARTESIAN_POINT('',(0.,0.,-17.947335));
#5542 = CARTESIAN_POINT('',(95.201211,0.,-17.947335));
#5543 = ( GEOMETRIC_REPRESENTATION_CONTEXT(3) 
GLOBAL_UNCERTAINTY_ASSIGNED_CONTEXT((#5547)) 
GLOBAL_UNIT_ASSIGNED_CONTEXT((#5544,#5545,#5546)) REPRESENTATION_CONTEXT
('Context #1','3D Context with UNIT and UNCERTAINTY') );
#5544 = ( LENGTH_UNIT() NAMED_UNIT(*) SI_UNIT(.MILLI.,.METRE.) );
#5545 = ( NAMED_UNIT(*) PLANE_ANGLE_UNIT() SI_UNIT($,.RADIAN.) );
#5546 = ( NAMED_UNIT(*) SI_UNIT($,.STERADIAN.) SOLID_ANGLE_UNIT() );
#5547 = UNCERTAINTY_MEASURE_WITH_UNIT(LENGTH_MEASURE(1.E-07),#5544,
  'distance_accuracy_value','confusion accuracy');
#5548 = CONTEXT_DEPENDENT_SHAPE_REPRESENTATION(#5549,#5551);
#5549 = ( REPRESENTATION_RELATIONSHIP('','',#5534,#10) 
REPRESENTATION_RELATIONSHIP_WITH_TRANSFORMATION(#5550) 
SHAPE_REPRESENTATION_RELATIONSHIP() );
#5550 = ITEM_DEFINED_TRANSFORMATION('','',#11,#339);
#5551 = PRODUCT_DEFINITION_SHAPE('Placement','Placement of an item',
  #5552);
#5552 = NEXT_ASSEMBLY_USAGE_OCCURRENCE('82','','',#5,#5529,$);
#5553 = PRODUCT_RELATED_PRODUCT_CATEGORY('part',$,(#5531));
#5554 = SHAPE_DEFINITION_REPRESENTATION(#5555,#5561);
#5555 = PRODUCT_DEFINITION_SHAPE('','',#5556);
#5556 = PRODUCT_DEFINITION('design','',#5557,#5560);
#5557 = PRODUCT_DEFINITION_FORMATION('','',#5558);
#5558 = PRODUCT('Open CASCADE STEP translator 7.8 1.83',
  'Open CASCADE STEP translator 7.8 1.83','',(#5559));
#5559 = PRODUCT_CONTEXT('',#2,'mechanical');
#5560 = PRODUCT_DEFINITION_CONTEXT('part definition',#2,'design');
#5561 = GEOMETRICALLY_BOUNDED_WIREFRAME_SHAPE_REPRESENTATION('',(#11,
    #5562),#5570);
#5562 = GEOMETRIC_CURVE_SET('',(#5563));
#5563 = TRIMMED_CURVE('',#5564,(#5568,PARAMETER_VALUE(0.)),(#5569,
    PARAMETER_VALUE(102.54313852858)),.T.,.PARAMETER.);
#5564 = LINE('',#5565,#5566);
#5565 = CARTESIAN_POINT('',(0.,102.327476,-17.414566));
#5566 = VECTOR('',#5567,1.);
#5567 = DIRECTION('',(0.,-0.997896860466,6.482172376796E-02));
#5568 = CARTESIAN_POINT('',(0.,102.327476,-17.414566));
#5569 = CARTESIAN_POINT('',(0.,0.,-10.767543));
#5570 = ( GEOMETRIC_REPRESENTATION_CONTEXT(3) 
GLOBAL_UNCERTAINTY_ASSIGNED_CONTEXT((#5574)) 
GLOBAL_UNIT_ASSIGNED_CONTEXT((#5571,#5572,#5573)) REPRESENTATION_CONTEXT
('Context #1','3D Context with UNIT and UNCERTAINTY') );
#5571 = ( LENGTH_UNIT() NAMED_UNIT(*) SI_UNIT(.MILLI.,.METRE.) );
#5572 = ( NAMED_UNIT(*) PLANE_ANGLE_UNIT() SI_UNIT($,.RADIAN.) );
#5573 = ( NAMED_UNIT(*) SI_UNIT($,.STERADIAN.) SOLID_ANGLE_UNIT() );
#5574 = UNCERTAINTY_MEASURE_WITH_UNIT(LENGTH_MEASURE(1.E-07),#5571,
  'distance_accuracy_value','confusion accuracy');
#5575 = CONTEXT_DEPENDENT_SHAPE_REPRESENTATION(#5576,#5578);
#5576 = ( REPRESENTATION_RELATIONSHIP('','',#5561,#10) 
REPRESENTATION_RELATIONSHIP_WITH_TRANSFORMATION(#5577) 
SHAPE_REPRESENTATION_RELATIONSHIP() );
#5577 = ITEM_DEFINED_TRANSFORMATION('','',#11,#343);
#5578 = PRODUCT_DEFINITION_SHAPE('Placement','Placement of an item',
  #5579);
#5579 = NEXT_ASSEMBLY_USAGE_OCCURRENCE('83','','',#5,#5556,$);
#5580 = PRODUCT_RELATED_PRODUCT_CATEGORY('part',$,(#5558));
#5581 = SHAPE_DEFINITION_REPRESENTATION(#5582,#5588);
#5582 = PRODUCT_DEFINITION_SHAPE('','',#5583);
#5583 = PRODUCT_DEFINITION('design','',#5584,#5587);
#5584 = PRODUCT_DEFINITION_FORMATION('','',#5585);
#5585 = PRODUCT('Open CASCADE STEP translator 7.8 1.84',
  'Open CASCADE STEP translator 7.8 1.84','',(#5586));
#5586 = PRODUCT_CONTEXT('',#2,'mechanical');
#5587 = PRODUCT_DEFINITION_CONTEXT('part definition',#2,'design');
#5588 = GEOMETRICALLY_BOUNDED_WIREFRAME_SHAPE_REPRESENTATION('',(#11,
    #5589),#5597);
#5589 = GEOMETRIC_CURVE_SET('',(#5590));
#5590 = TRIMMED_CURVE('',#5591,(#5595,PARAMETER_VALUE(0.)),(#5596,
    PARAMETER_VALUE(102.327476)),.T.,.PARAMETER.);
#5591 = LINE('',#5592,#5593);
#5592 = CARTESIAN_POINT('',(0.,0.,-10.767543));
#5593 = VECTOR('',#5594,1.);
#5594 = DIRECTION('',(1.,0.,0.));
#5595 = CARTESIAN_POINT('',(0.,0.,-10.767543));
#5596 = CARTESIAN_POINT('',(102.327476,0.,-10.767543));
#5597 = ( GEOMETRIC_REPRESENTATION_CONTEXT(3) 
GLOBAL_UNCERTAINTY_ASSIGNED_CONTEXT((#5601)) 
GLOBAL_UNIT_ASSIGNED_CONTEXT((#5598,#5599,#5600)) REPRESENTATION_CONTEXT
('Context #1','3D Context with UNIT and UNCERTAINTY') );
#5598 = ( LENGTH_UNIT() NAMED_UNIT(*) SI_UNIT(.MILLI.,.METRE.) );
#5599 = ( NAMED_UNIT(*) PLANE_ANGLE_UNIT() SI_UNIT($,.RADIAN.) );
#5600 = ( NAMED_UNIT(*) SI_UNIT($,.STERADIAN.) SOLID_ANGLE_UNIT() );
#5601 = UNCERTAINTY_MEASURE_WITH_UNIT(LENGTH_MEASURE(1.E-07),#5598,
  'distance_accuracy_value','confusion accuracy');
#5602 = CONTEXT_DEPENDENT_SHAPE_REPRESENTATION(#5603,#5605);
#5603 = ( REPRESENTATION_RELATIONSHIP('','',#5588,#10) 
REPRESENTATION_RELATIONSHIP_WITH_TRANSFORMATION(#5604) 
SHAPE_REPRESENTATION_RELATIONSHIP() );
#5604 = ITEM_DEFINED_TRANSFORMATION('','',#11,#347);
#5605 = PRODUCT_DEFINITION_SHAPE('Placement','Placement of an item',
  #5606);
#5606 = NEXT_ASSEMBLY_USAGE_OCCURRENCE('84','','',#5,#5583,$);
#5607 = PRODUCT_RELATED_PRODUCT_CATEGORY('part',$,(#5585));
#5608 = SHAPE_DEFINITION_REPRESENTATION(#5609,#5615);
#5609 = PRODUCT_DEFINITION_SHAPE('','',#5610);
#5610 = PRODUCT_DEFINITION('design','',#5611,#5614);
#5611 = PRODUCT_DEFINITION_FORMATION('','',#5612);
#5612 = PRODUCT('Open CASCADE STEP translator 7.8 1.85',
  'Open CASCADE STEP translator 7.8 1.85','',(#5613));
#5613 = PRODUCT_CONTEXT('',#2,'mechanical');
#5614 = PRODUCT_DEFINITION_CONTEXT('part definition',#2,'design');
#5615 = GEOMETRICALLY_BOUNDED_WIREFRAME_SHAPE_REPRESENTATION('',(#11,
    #5616),#5624);
#5616 = GEOMETRIC_CURVE_SET('',(#5617));
#5617 = TRIMMED_CURVE('',#5618,(#5622,PARAMETER_VALUE(0.)),(#5623,
    PARAMETER_VALUE(112.88491216084)),.T.,.PARAMETER.);
#5618 = LINE('',#5619,#5620);
#5619 = CARTESIAN_POINT('',(0.,112.624708,-10.013721));
#5620 = VECTOR('',#5621,1.);
#5621 = DIRECTION('',(0.,-0.997694960683,6.785842193937E-02));
#5622 = CARTESIAN_POINT('',(0.,112.624708,-10.013721));
#5623 = CARTESIAN_POINT('',(0.,0.,-2.353529));
#5624 = ( GEOMETRIC_REPRESENTATION_CONTEXT(3) 
GLOBAL_UNCERTAINTY_ASSIGNED_CONTEXT((#5628)) 
GLOBAL_UNIT_ASSIGNED_CONTEXT((#5625,#5626,#5627)) REPRESENTATION_CONTEXT
('Context #1','3D Context with UNIT and UNCERTAINTY') );
#5625 = ( LENGTH_UNIT() NAMED_UNIT(*) SI_UNIT(.MILLI.,.METRE.) );
#5626 = ( NAMED_UNIT(*) PLANE_ANGLE_UNIT() SI_UNIT($,.RADIAN.) );
#5627 = ( NAMED_UNIT(*) SI_UNIT($,.STERADIAN.) SOLID_ANGLE_UNIT() );
#5628 = UNCERTAINTY_MEASURE_WITH_UNIT(LENGTH_MEASURE(1.E-07),#5625,
  'distance_accuracy_value','confusion accuracy');
#5629 = CONTEXT_DEPENDENT_SHAPE_REPRESENTATION(#5630,#5632);
#5630 = ( REPRESENTATION_RELATIONSHIP('','',#5615,#10) 
REPRESENTATION_RELATIONSHIP_WITH_TRANSFORMATION(#5631) 
SHAPE_REPRESENTATION_RELATIONSHIP() );
#5631 = ITEM_DEFINED_TRANSFORMATION('','',#11,#351);
#5632 = PRODUCT_DEFINITION_SHAPE('Placement','Placement of an item',
  #5633);
#5633 = NEXT_ASSEMBLY_USAGE_OCCURRENCE('85','','',#5,#5610,$);
#5634 = PRODUCT_RELATED_PRODUCT_CATEGORY('part',$,(#5612));
#5635 = SHAPE_DEFINITION_REPRESENTATION(#5636,#5642);
#5636 = PRODUCT_DEFINITION_SHAPE('','',#5637);
#5637 = PRODUCT_DEFINITION('design','',#5638,#5641);
#5638 = PRODUCT_DEFINITION_FORMATION('','',#5639);
#5639 = PRODUCT('Open CASCADE STEP translator 7.8 1.86',
  'Open CASCADE STEP translator 7.8 1.86','',(#5640));
#5640 = PRODUCT_CONTEXT('',#2,'mechanical');
#5641 = PRODUCT_DEFINITION_CONTEXT('part definition',#2,'design');
#5642 = GEOMETRICALLY_BOUNDED_WIREFRAME_SHAPE_REPRESENTATION('',(#11,
    #5643),#5651);
#5643 = GEOMETRIC_CURVE_SET('',(#5644));
#5644 = TRIMMED_CURVE('',#5645,(#5649,PARAMETER_VALUE(0.)),(#5650,
    PARAMETER_VALUE(112.624708)),.T.,.PARAMETER.);
#5645 = LINE('',#5646,#5647);
#5646 = CARTESIAN_POINT('',(0.,0.,-2.353529));
#5647 = VECTOR('',#5648,1.);
#5648 = DIRECTION('',(1.,0.,0.));
#5649 = CARTESIAN_POINT('',(0.,0.,-2.353529));
#5650 = CARTESIAN_POINT('',(112.624708,0.,-2.353529));
#5651 = ( GEOMETRIC_REPRESENTATION_CONTEXT(3) 
GLOBAL_UNCERTAINTY_ASSIGNED_CONTEXT((#5655)) 
GLOBAL_UNIT_ASSIGNED_CONTEXT((#5652,#5653,#5654)) REPRESENTATION_CONTEXT
('Context #1','3D Context with UNIT and UNCERTAINTY') );
#5652 = ( LENGTH_UNIT() NAMED_UNIT(*) SI_UNIT(.MILLI.,.METRE.) );
#5653 = ( NAMED_UNIT(*) PLANE_ANGLE_UNIT() SI_UNIT($,.RADIAN.) );
#5654 = ( NAMED_UNIT(*) SI_UNIT($,.STERADIAN.) SOLID_ANGLE_UNIT() );
#5655 = UNCERTAINTY_MEASURE_WITH_UNIT(LENGTH_MEASURE(1.E-07),#5652,
  'distance_accuracy_value','confusion accuracy');
#5656 = CONTEXT_DEPENDENT_SHAPE_REPRESENTATION(#5657,#5659);
#5657 = ( REPRESENTATION_RELATIONSHIP('','',#5642,#10) 
REPRESENTATION_RELATIONSHIP_WITH_TRANSFORMATION(#5658) 
SHAPE_REPRESENTATION_RELATIONSHIP() );
#5658 = ITEM_DEFINED_TRANSFORMATION('','',#11,#355);
#5659 = PRODUCT_DEFINITION_SHAPE('Placement','Placement of an item',
  #5660);
#5660 = NEXT_ASSEMBLY_USAGE_OCCURRENCE('86','','',#5,#5637,$);
#5661 = PRODUCT_RELATED_PRODUCT_CATEGORY('part',$,(#5639));
#5662 = SHAPE_DEFINITION_REPRESENTATION(#5663,#5669);
#5663 = PRODUCT_DEFINITION_SHAPE('','',#5664);
#5664 = PRODUCT_DEFINITION('design','',#5665,#5668);
#5665 = PRODUCT_DEFINITION_FORMATION('','',#5666);
#5666 = PRODUCT('Open CASCADE STEP translator 7.8 1.87',
  'Open CASCADE STEP translator 7.8 1.87','',(#5667));
#5667 = PRODUCT_CONTEXT('',#2,'mechanical');
#5668 = PRODUCT_DEFINITION_CONTEXT('part definition',#2,'design');
#5669 = GEOMETRICALLY_BOUNDED_WIREFRAME_SHAPE_REPRESENTATION('',(#11,
    #5670),#5678);
#5670 = GEOMETRIC_CURVE_SET('',(#5671));
#5671 = TRIMMED_CURVE('',#5672,(#5676,PARAMETER_VALUE(0.)),(#5677,
    PARAMETER_VALUE(121.27208099465)),.T.,.PARAMETER.);
#5672 = LINE('',#5673,#5674);
#5673 = CARTESIAN_POINT('',(0.,120.973452,-5.69705));
#5674 = VECTOR('',#5675,1.);
#5675 = DIRECTION('',(0.,-0.9975375289,7.01347163357E-02));
#5676 = CARTESIAN_POINT('',(0.,120.973452,-5.69705));
#5677 = CARTESIAN_POINT('',(0.,0.,2.808333));
#5678 = ( GEOMETRIC_REPRESENTATION_CONTEXT(3) 
GLOBAL_UNCERTAINTY_ASSIGNED_CONTEXT((#5682)) 
GLOBAL_UNIT_ASSIGNED_CONTEXT((#5679,#5680,#5681)) REPRESENTATION_CONTEXT
('Context #1','3D Context with UNIT and UNCERTAINTY') );
#5679 = ( LENGTH_UNIT() NAMED_UNIT(*) SI_UNIT(.MILLI.,.METRE.) );
#5680 = ( NAMED_UNIT(*) PLANE_ANGLE_UNIT() SI_UNIT($,.RADIAN.) );
#5681 = ( NAMED_UNIT(*) SI_UNIT($,.STERADIAN.) SOLID_ANGLE_UNIT() );
#5682 = UNCERTAINTY_MEASURE_WITH_UNIT(LENGTH_MEASURE(1.E-07),#5679,
  'distance_accuracy_value','confusion accuracy');
#5683 = CONTEXT_DEPENDENT_SHAPE_REPRESENTATION(#5684,#5686);
#5684 = ( REPRESENTATION_RELATIONSHIP('','',#5669,#10) 
REPRESENTATION_RELATIONSHIP_WITH_TRANSFORMATION(#5685) 
SHAPE_REPRESENTATION_RELATIONSHIP() );
#5685 = ITEM_DEFINED_TRANSFORMATION('','',#11,#359);
#5686 = PRODUCT_DEFINITION_SHAPE('Placement','Placement of an item',
  #5687);
#5687 = NEXT_ASSEMBLY_USAGE_OCCURRENCE('87','','',#5,#5664,$);
#5688 = PRODUCT_RELATED_PRODUCT_CATEGORY('part',$,(#5666));
#5689 = SHAPE_DEFINITION_REPRESENTATION(#5690,#5696);
#5690 = PRODUCT_DEFINITION_SHAPE('','',#5691);
#5691 = PRODUCT_DEFINITION('design','',#5692,#5695);
#5692 = PRODUCT_DEFINITION_FORMATION('','',#5693);
#5693 = PRODUCT('Open CASCADE STEP translator 7.8 1.88',
  'Open CASCADE STEP translator 7.8 1.88','',(#5694));
#5694 = PRODUCT_CONTEXT('',#2,'mechanical');
#5695 = PRODUCT_DEFINITION_CONTEXT('part definition',#2,'design');
#5696 = GEOMETRICALLY_BOUNDED_WIREFRAME_SHAPE_REPRESENTATION('',(#11,
    #5697),#5705);
#5697 = GEOMETRIC_CURVE_SET('',(#5698));
#5698 = TRIMMED_CURVE('',#5699,(#5703,PARAMETER_VALUE(0.)),(#5704,
    PARAMETER_VALUE(120.973452)),.T.,.PARAMETER.);
#5699 = LINE('',#5700,#5701);
#5700 = CARTESIAN_POINT('',(0.,0.,2.808333));
#5701 = VECTOR('',#5702,1.);
#5702 = DIRECTION('',(1.,0.,0.));
#5703 = CARTESIAN_POINT('',(0.,0.,2.808333));
#5704 = CARTESIAN_POINT('',(120.973452,0.,2.808333));
#5705 = ( GEOMETRIC_REPRESENTATION_CONTEXT(3) 
GLOBAL_UNCERTAINTY_ASSIGNED_CONTEXT((#5709)) 
GLOBAL_UNIT_ASSIGNED_CONTEXT((#5706,#5707,#5708)) REPRESENTATION_CONTEXT
('Context #1','3D Context with UNIT and UNCERTAINTY') );
#5706 = ( LENGTH_UNIT() NAMED_UNIT(*) SI_UNIT(.MILLI.,.METRE.) );
#5707 = ( NAMED_UNIT(*) PLANE_ANGLE_UNIT() SI_UNIT($,.RADIAN.) );
#5708 = ( NAMED_UNIT(*) SI_UNIT($,.STERADIAN.) SOLID_ANGLE_UNIT() );
#5709 = UNCERTAINTY_MEASURE_WITH_UNIT(LENGTH_MEASURE(1.E-07),#5706,
  'distance_accuracy_value','confusion accuracy');
#5710 = CONTEXT_DEPENDENT_SHAPE_REPRESENTATION(#5711,#5713);
#5711 = ( REPRESENTATION_RELATIONSHIP('','',#5696,#10) 
REPRESENTATION_RELATIONSHIP_WITH_TRANSFORMATION(#5712) 
SHAPE_REPRESENTATION_RELATIONSHIP() );
#5712 = ITEM_DEFINED_TRANSFORMATION('','',#11,#363);
#5713 = PRODUCT_DEFINITION_SHAPE('Placement','Placement of an item',
  #5714);
#5714 = NEXT_ASSEMBLY_USAGE_OCCURRENCE('88','','',#5,#5691,$);
#5715 = PRODUCT_RELATED_PRODUCT_CATEGORY('part',$,(#5693));
#5716 = SHAPE_DEFINITION_REPRESENTATION(#5717,#5723);
#5717 = PRODUCT_DEFINITION_SHAPE('','',#5718);
#5718 = PRODUCT_DEFINITION('design','',#5719,#5722);
#5719 = PRODUCT_DEFINITION_FORMATION('','',#5720);
#5720 = PRODUCT('Open CASCADE STEP translator 7.8 1.89',
  'Open CASCADE STEP translator 7.8 1.89','',(#5721));
#5721 = PRODUCT_CONTEXT('',#2,'mechanical');
#5722 = PRODUCT_DEFINITION_CONTEXT('part definition',#2,'design');
#5723 = GEOMETRICALLY_BOUNDED_WIREFRAME_SHAPE_REPRESENTATION('',(#11,
    #5724),#5732);
#5724 = GEOMETRIC_CURVE_SET('',(#5725));
#5725 = TRIMMED_CURVE('',#5726,(#5730,PARAMETER_VALUE(0.)),(#5731,
    PARAMETER_VALUE(133.54519524723)),.T.,.PARAMETER.);
#5726 = LINE('',#5727,#5728);
#5727 = CARTESIAN_POINT('',(0.,133.187244,-1.779767));
#5728 = VECTOR('',#5729,1.);
#5729 = DIRECTION('',(0.,-0.997319624667,7.316806854721E-02));
#5730 = CARTESIAN_POINT('',(0.,133.187244,-1.779767));
#5731 = CARTESIAN_POINT('',(0.,0.,7.991477));
#5732 = ( GEOMETRIC_REPRESENTATION_CONTEXT(3) 
GLOBAL_UNCERTAINTY_ASSIGNED_CONTEXT((#5736)) 
GLOBAL_UNIT_ASSIGNED_CONTEXT((#5733,#5734,#5735)) REPRESENTATION_CONTEXT
('Context #1','3D Context with UNIT and UNCERTAINTY') );
#5733 = ( LENGTH_UNIT() NAMED_UNIT(*) SI_UNIT(.MILLI.,.METRE.) );
#5734 = ( NAMED_UNIT(*) PLANE_ANGLE_UNIT() SI_UNIT($,.RADIAN.) );
#5735 = ( NAMED_UNIT(*) SI_UNIT($,.STERADIAN.) SOLID_ANGLE_UNIT() );
#5736 = UNCERTAINTY_MEASURE_WITH_UNIT(LENGTH_MEASURE(1.E-07),#5733,
  'distance_accuracy_value','confusion accuracy');
#5737 = CONTEXT_DEPENDENT_SHAPE_REPRESENTATION(#5738,#5740);
#5738 = ( REPRESENTATION_RELATIONSHIP('','',#5723,#10) 
REPRESENTATION_RELATIONSHIP_WITH_TRANSFORMATION(#5739) 
SHAPE_REPRESENTATION_RELATIONSHIP() );
#5739 = ITEM_DEFINED_TRANSFORMATION('','',#11,#367);
#5740 = PRODUCT_DEFINITION_SHAPE('Placement','Placement of an item',
  #5741);
#5741 = NEXT_ASSEMBLY_USAGE_OCCURRENCE('89','','',#5,#5718,$);
#5742 = PRODUCT_RELATED_PRODUCT_CATEGORY('part',$,(#5720));
#5743 = SHAPE_DEFINITION_REPRESENTATION(#5744,#5750);
#5744 = PRODUCT_DEFINITION_SHAPE('','',#5745);
#5745 = PRODUCT_DEFINITION('design','',#5746,#5749);
#5746 = PRODUCT_DEFINITION_FORMATION('','',#5747);
#5747 = PRODUCT('Open CASCADE STEP translator 7.8 1.90',
  'Open CASCADE STEP translator 7.8 1.90','',(#5748));
#5748 = PRODUCT_CONTEXT('',#2,'mechanical');
#5749 = PRODUCT_DEFINITION_CONTEXT('part definition',#2,'design');
#5750 = GEOMETRICALLY_BOUNDED_WIREFRAME_SHAPE_REPRESENTATION('',(#11,
    #5751),#5759);
#5751 = GEOMETRIC_CURVE_SET('',(#5752));
#5752 = TRIMMED_CURVE('',#5753,(#5757,PARAMETER_VALUE(0.)),(#5758,
    PARAMETER_VALUE(133.187244)),.T.,.PARAMETER.);
#5753 = LINE('',#5754,#5755);
#5754 = CARTESIAN_POINT('',(0.,0.,7.991477));
#5755 = VECTOR('',#5756,1.);
#5756 = DIRECTION('',(1.,0.,0.));
#5757 = CARTESIAN_POINT('',(0.,0.,7.991477));
#5758 = CARTESIAN_POINT('',(133.187244,0.,7.991477));
#5759 = ( GEOMETRIC_REPRESENTATION_CONTEXT(3) 
GLOBAL_UNCERTAINTY_ASSIGNED_CONTEXT((#5763)) 
GLOBAL_UNIT_ASSIGNED_CONTEXT((#5760,#5761,#5762)) REPRESENTATION_CONTEXT
('Context #1','3D Context with UNIT and UNCERTAINTY') );
#5760 = ( LENGTH_UNIT() NAMED_UNIT(*) SI_UNIT(.MILLI.,.METRE.) );
#5761 = ( NAMED_UNIT(*) PLANE_ANGLE_UNIT() SI_UNIT($,.RADIAN.) );
#5762 = ( NAMED_UNIT(*) SI_UNIT($,.STERADIAN.) SOLID_ANGLE_UNIT() );
#5763 = UNCERTAINTY_MEASURE_WITH_UNIT(LENGTH_MEASURE(1.E-07),#5760,
  'distance_accuracy_value','confusion accuracy');
#5764 = CONTEXT_DEPENDENT_SHAPE_REPRESENTATION(#5765,#5767);
#5765 = ( REPRESENTATION_RELATIONSHIP('','',#5750,#10) 
REPRESENTATION_RELATIONSHIP_WITH_TRANSFORMATION(#5766) 
SHAPE_REPRESENTATION_RELATIONSHIP() );
#5766 = ITEM_DEFINED_TRANSFORMATION('','',#11,#371);
#5767 = PRODUCT_DEFINITION_SHAPE('Placement','Placement of an item',
  #5768);
#5768 = NEXT_ASSEMBLY_USAGE_OCCURRENCE('90','','',#5,#5745,$);
#5769 = PRODUCT_RELATED_PRODUCT_CATEGORY('part',$,(#5747));
#5770 = SHAPE_DEFINITION_REPRESENTATION(#5771,#5777);
#5771 = PRODUCT_DEFINITION_SHAPE('','',#5772);
#5772 = PRODUCT_DEFINITION('design','',#5773,#5776);
#5773 = PRODUCT_DEFINITION_FORMATION('','',#5774);
#5774 = PRODUCT('Open CASCADE STEP translator 7.8 1.91',
  'Open CASCADE STEP translator 7.8 1.91','',(#5775));
#5775 = PRODUCT_CONTEXT('',#2,'mechanical');
#5776 = PRODUCT_DEFINITION_CONTEXT('part definition',#2,'design');
#5777 = GEOMETRICALLY_BOUNDED_WIREFRAME_SHAPE_REPRESENTATION('',(#11,
    #5778),#5786);
#5778 = GEOMETRIC_CURVE_SET('',(#5779));
#5779 = TRIMMED_CURVE('',#5780,(#5784,PARAMETER_VALUE(0.)),(#5785,
    PARAMETER_VALUE(145.80786268737)),.T.,.PARAMETER.);
#5780 = LINE('',#5781,#5782);
#5781 = CARTESIAN_POINT('',(0.,145.392341,0.));
#5782 = VECTOR('',#5783,1.);
#5783 = DIRECTION('',(0.,-0.997150210697,7.544174777176E-02));
#5784 = CARTESIAN_POINT('',(0.,145.392341,0.));
#5785 = CARTESIAN_POINT('',(0.,0.,11.));
#5786 = ( GEOMETRIC_REPRESENTATION_CONTEXT(3) 
GLOBAL_UNCERTAINTY_ASSIGNED_CONTEXT((#5790)) 
GLOBAL_UNIT_ASSIGNED_CONTEXT((#5787,#5788,#5789)) REPRESENTATION_CONTEXT
('Context #1','3D Context with UNIT and UNCERTAINTY') );
#5787 = ( LENGTH_UNIT() NAMED_UNIT(*) SI_UNIT(.MILLI.,.METRE.) );
#5788 = ( NAMED_UNIT(*) PLANE_ANGLE_UNIT() SI_UNIT($,.RADIAN.) );
#5789 = ( NAMED_UNIT(*) SI_UNIT($,.STERADIAN.) SOLID_ANGLE_UNIT() );
#5790 = UNCERTAINTY_MEASURE_WITH_UNIT(LENGTH_MEASURE(1.E-07),#5787,
  'distance_accuracy_value','confusion accuracy');
#5791 = CONTEXT_DEPENDENT_SHAPE_REPRESENTATION(#5792,#5794);
#5792 = ( REPRESENTATION_RELATIONSHIP('','',#5777,#10) 
REPRESENTATION_RELATIONSHIP_WITH_TRANSFORMATION(#5793) 
SHAPE_REPRESENTATION_RELATIONSHIP() );
#5793 = ITEM_DEFINED_TRANSFORMATION('','',#11,#375);
#5794 = PRODUCT_DEFINITION_SHAPE('Placement','Placement of an item',
  #5795);
#5795 = NEXT_ASSEMBLY_USAGE_OCCURRENCE('91','','',#5,#5772,$);
#5796 = PRODUCT_RELATED_PRODUCT_CATEGORY('part',$,(#5774));
#5797 = SHAPE_DEFINITION_REPRESENTATION(#5798,#5804);
#5798 = PRODUCT_DEFINITION_SHAPE('','',#5799);
#5799 = PRODUCT_DEFINITION('design','',#5800,#5803);
#5800 = PRODUCT_DEFINITION_FORMATION('','',#5801);
#5801 = PRODUCT('Open CASCADE STEP translator 7.8 1.92',
  'Open CASCADE STEP translator 7.8 1.92','',(#5802));
#5802 = PRODUCT_CONTEXT('',#2,'mechanical');
#5803 = PRODUCT_DEFINITION_CONTEXT('part definition',#2,'design');
#5804 = GEOMETRICALLY_BOUNDED_WIREFRAME_SHAPE_REPRESENTATION('',(#11,
    #5805),#5813);
#5805 = GEOMETRIC_CURVE_SET('',(#5806));
#5806 = TRIMMED_CURVE('',#5807,(#5811,PARAMETER_VALUE(0.)),(#5812,
    PARAMETER_VALUE(145.392341)),.T.,.PARAMETER.);
#5807 = LINE('',#5808,#5809);
#5808 = CARTESIAN_POINT('',(0.,0.,11.));
#5809 = VECTOR('',#5810,1.);
#5810 = DIRECTION('',(1.,0.,0.));
#5811 = CARTESIAN_POINT('',(0.,0.,11.));
#5812 = CARTESIAN_POINT('',(145.392341,0.,11.));
#5813 = ( GEOMETRIC_REPRESENTATION_CONTEXT(3) 
GLOBAL_UNCERTAINTY_ASSIGNED_CONTEXT((#5817)) 
GLOBAL_UNIT_ASSIGNED_CONTEXT((#5814,#5815,#5816)) REPRESENTATION_CONTEXT
('Context #1','3D Context with UNIT and UNCERTAINTY') );
#5814 = ( LENGTH_UNIT() NAMED_UNIT(*) SI_UNIT(.MILLI.,.METRE.) );
#5815 = ( NAMED_UNIT(*) PLANE_ANGLE_UNIT() SI_UNIT($,.RADIAN.) );
#5816 = ( NAMED_UNIT(*) SI_UNIT($,.STERADIAN.) SOLID_ANGLE_UNIT() );
#5817 = UNCERTAINTY_MEASURE_WITH_UNIT(LENGTH_MEASURE(1.E-07),#5814,
  'distance_accuracy_value','confusion accuracy');
#5818 = CONTEXT_DEPENDENT_SHAPE_REPRESENTATION(#5819,#5821);
#5819 = ( REPRESENTATION_RELATIONSHIP('','',#5804,#10) 
REPRESENTATION_RELATIONSHIP_WITH_TRANSFORMATION(#5820) 
SHAPE_REPRESENTATION_RELATIONSHIP() );
#5820 = ITEM_DEFINED_TRANSFORMATION('','',#11,#379);
#5821 = PRODUCT_DEFINITION_SHAPE('Placement','Placement of an item',
  #5822);
#5822 = NEXT_ASSEMBLY_USAGE_OCCURRENCE('92','','',#5,#5799,$);
#5823 = PRODUCT_RELATED_PRODUCT_CATEGORY('part',$,(#5801));
#5824 = SHAPE_DEFINITION_REPRESENTATION(#5825,#5831);
#5825 = PRODUCT_DEFINITION_SHAPE('','',#5826);
#5826 = PRODUCT_DEFINITION('design','',#5827,#5830);
#5827 = PRODUCT_DEFINITION_FORMATION('','',#5828);
#5828 = PRODUCT('Open CASCADE STEP translator 7.8 1.93',
  'Open CASCADE STEP translator 7.8 1.93','',(#5829));
#5829 = PRODUCT_CONTEXT('',#2,'mechanical');
#5830 = PRODUCT_DEFINITION_CONTEXT('part definition',#2,'design');
#5831 = GEOMETRICALLY_BOUNDED_WIREFRAME_SHAPE_REPRESENTATION('',(#11,
    #5832),#5840);
#5832 = GEOMETRIC_CURVE_SET('',(#5833));
#5833 = TRIMMED_CURVE('',#5834,(#5838,PARAMETER_VALUE(0.)),(#5839,
    PARAMETER_VALUE(145.80786268737)),.T.,.PARAMETER.);
#5834 = LINE('',#5835,#5836);
#5835 = CARTESIAN_POINT('',(0.,145.392341,2.5));
#5836 = VECTOR('',#5837,1.);
#5837 = DIRECTION('',(0.,-0.997150210697,7.544174777176E-02));
#5838 = CARTESIAN_POINT('',(0.,145.392341,2.5));
#5839 = CARTESIAN_POINT('',(0.,0.,13.5));
#5840 = ( GEOMETRIC_REPRESENTATION_CONTEXT(3) 
GLOBAL_UNCERTAINTY_ASSIGNED_CONTEXT((#5844)) 
GLOBAL_UNIT_ASSIGNED_CONTEXT((#5841,#5842,#5843)) REPRESENTATION_CONTEXT
('Context #1','3D Context with UNIT and UNCERTAINTY') );
#5841 = ( LENGTH_UNIT() NAMED_UNIT(*) SI_UNIT(.MILLI.,.METRE.) );
#5842 = ( NAMED_UNIT(*) PLANE_ANGLE_UNIT() SI_UNIT($,.RADIAN.) );
#5843 = ( NAMED_UNIT(*) SI_UNIT($,.STERADIAN.) SOLID_ANGLE_UNIT() );
#5844 = UNCERTAINTY_MEASURE_WITH_UNIT(LENGTH_MEASURE(1.E-07),#5841,
  'distance_accuracy_value','confusion accuracy');
#5845 = CONTEXT_DEPENDENT_SHAPE_REPRESENTATION(#5846,#5848);
#5846 = ( REPRESENTATION_RELATIONSHIP('','',#5831,#10) 
REPRESENTATION_RELATIONSHIP_WITH_TRANSFORMATION(#5847) 
SHAPE_REPRESENTATION_RELATIONSHIP() );
#5847 = ITEM_DEFINED_TRANSFORMATION('','',#11,#383);
#5848 = PRODUCT_DEFINITION_SHAPE('Placement','Placement of an item',
  #5849);
#5849 = NEXT_ASSEMBLY_USAGE_OCCURRENCE('93','','',#5,#5826,$);
#5850 = PRODUCT_RELATED_PRODUCT_CATEGORY('part',$,(#5828));
#5851 = SHAPE_DEFINITION_REPRESENTATION(#5852,#5858);
#5852 = PRODUCT_DEFINITION_SHAPE('','',#5853);
#5853 = PRODUCT_DEFINITION('design','',#5854,#5857);
#5854 = PRODUCT_DEFINITION_FORMATION('','',#5855);
#5855 = PRODUCT('Open CASCADE STEP translator 7.8 1.94',
  'Open CASCADE STEP translator 7.8 1.94','',(#5856));
#5856 = PRODUCT_CONTEXT('',#2,'mechanical');
#5857 = PRODUCT_DEFINITION_CONTEXT('part definition',#2,'design');
#5858 = GEOMETRICALLY_BOUNDED_WIREFRAME_SHAPE_REPRESENTATION('',(#11,
    #5859),#5867);
#5859 = GEOMETRIC_CURVE_SET('',(#5860));
#5860 = TRIMMED_CURVE('',#5861,(#5865,PARAMETER_VALUE(0.)),(#5866,
    PARAMETER_VALUE(145.392341)),.T.,.PARAMETER.);
#5861 = LINE('',#5862,#5863);
#5862 = CARTESIAN_POINT('',(0.,0.,13.5));
#5863 = VECTOR('',#5864,1.);
#5864 = DIRECTION('',(1.,0.,0.));
#5865 = CARTESIAN_POINT('',(0.,0.,13.5));
#5866 = CARTESIAN_POINT('',(145.392341,0.,13.5));
#5867 = ( GEOMETRIC_REPRESENTATION_CONTEXT(3) 
GLOBAL_UNCERTAINTY_ASSIGNED_CONTEXT((#5871)) 
GLOBAL_UNIT_ASSIGNED_CONTEXT((#5868,#5869,#5870)) REPRESENTATION_CONTEXT
('Context #1','3D Context with UNIT and UNCERTAINTY') );
#5868 = ( LENGTH_UNIT() NAMED_UNIT(*) SI_UNIT(.MILLI.,.METRE.) );
#5869 = ( NAMED_UNIT(*) PLANE_ANGLE_UNIT() SI_UNIT($,.RADIAN.) );
#5870 = ( NAMED_UNIT(*) SI_UNIT($,.STERADIAN.) SOLID_ANGLE_UNIT() );
#5871 = UNCERTAINTY_MEASURE_WITH_UNIT(LENGTH_MEASURE(1.E-07),#5868,
  'distance_accuracy_value','confusion accuracy');
#5872 = CONTEXT_DEPENDENT_SHAPE_REPRESENTATION(#5873,#5875);
#5873 = ( REPRESENTATION_RELATIONSHIP('','',#5858,#10) 
REPRESENTATION_RELATIONSHIP_WITH_TRANSFORMATION(#5874) 
SHAPE_REPRESENTATION_RELATIONSHIP() );
#5874 = ITEM_DEFINED_TRANSFORMATION('','',#11,#387);
#5875 = PRODUCT_DEFINITION_SHAPE('Placement','Placement of an item',
  #5876);
#5876 = NEXT_ASSEMBLY_USAGE_OCCURRENCE('94','','',#5,#5853,$);
#5877 = PRODUCT_RELATED_PRODUCT_CATEGORY('part',$,(#5855));
#5878 = SHAPE_DEFINITION_REPRESENTATION(#5879,#5885);
#5879 = PRODUCT_DEFINITION_SHAPE('','',#5880);
#5880 = PRODUCT_DEFINITION('design','',#5881,#5884);
#5881 = PRODUCT_DEFINITION_FORMATION('','',#5882);
#5882 = PRODUCT('Open CASCADE STEP translator 7.8 1.95',
  'Open CASCADE STEP translator 7.8 1.95','',(#5883));
#5883 = PRODUCT_CONTEXT('',#2,'mechanical');
#5884 = PRODUCT_DEFINITION_CONTEXT('part definition',#2,'design');
#5885 = GEOMETRICALLY_BOUNDED_WIREFRAME_SHAPE_REPRESENTATION('',(#11,
    #5886),#6655);
#5886 = GEOMETRIC_CURVE_SET('',(#5887,#5888,#5889,#5890,#5891,#5892,
    #5893,#5894,#5895,#5896,#5897,#5898,#5899,#5900,#5901,#5902,#5903,
    #5904,#5905,#5906,#5907,#5908,#5909,#5910,#5911,#5912,#5913,#5914,
    #5915,#5916,#5917,#5918,#5919,#5920,#5921,#5922,#5923,#5924,#5925,
    #5926,#5927,#5928,#5929,#5930,#5931,#5932,#5933,#5934,#5935,#5936,
    #5937,#5938,#5939,#5940,#5941,#5942,#5943,#5944,#5945,#5946,#5947,
    #5948,#5949,#5950,#5951,#5952,#5953,#5954,#5955,#5956,#5957,#5958,
    #5959,#5960,#5961,#5962,#5963,#5964,#5965,#5966,#5967,#5968,#5969,
    #5970,#5971,#5972,#5973,#5974,#5975,#5976,#5977,#5978,#5979,#5980,
    #5981,#5982,#5983,#5984,#5985,#5986,#5987,#5988,#5989,#5990,#5991,
    #5992,#5993,#5994,#5995,#5996,#5997,#5998,#5999,#6000,#6001,#6002,
    #6003,#6004,#6005,#6006,#6007,#6008,#6009,#6010,#6011,#6012,#6013,
    #6014,#6015,#6016,#6017,#6018,#6019,#6020,#6021,#6022,#6023,#6024,
    #6025,#6026,#6027,#6028,#6029,#6030,#6031,#6032,#6033,#6034,#6035,
    #6036,#6037,#6038,#6039,#6040,#6041,#6042,#6043,#6044,#6045,#6046,
    #6047,#6048,#6049,#6050,#6051,#6052,#6053,#6054,#6055,#6056,#6057,
    #6058,#6059,#6060,#6061,#6062,#6063,#6064,#6065,#6066,#6067,#6068,
    #6069,#6070,#6071,#6072,#6073,#6074,#6075,#6076,#6077,#6078,#6079,
    #6080,#6081,#6082,#6083,#6084,#6085,#6086,#6087,#6088,#6089,#6090,
    #6091,#6092,#6093,#6094,#6095,#6096,#6097,#6098,#6099,#6100,#6101,
    #6102,#6103,#6104,#6105,#6106,#6107,#6108,#6109,#6110,#6111,#6112,
    #6113,#6114,#6115,#6116,#6117,#6118,#6119,#6120,#6121,#6122,#6123,
    #6124,#6125,#6126,#6127,#6128,#6129,#6130,#6131,#6132,#6133,#6134,
    #6135,#6136,#6137,#6138,#6139,#6140,#6141,#6142,#6143,#6144,#6145,
    #6146,#6147,#6148,#6149,#6150,#6151,#6152,#6153,#6154,#6155,#6156,
    #6157,#6158,#6159,#6160,#6161,#6162,#6163,#6164,#6165,#6166,#6167,
    #6168,#6169,#6170,#6171,#6172,#6173,#6174,#6175,#6176,#6177,#6178,
    #6179,#6180,#6181,#6182,#6183,#6184,#6185,#6186,#6187,#6188,#6189,
    #6190,#6191,#6192,#6193,#6194,#6195,#6196,#6197,#6198,#6199,#6200,
    #6201,#6202,#6203,#6204,#6205,#6206,#6207,#6208,#6209,#6210,#6211,
    #6212,#6213,#6214,#6215,#6216,#6217,#6218,#6219,#6220,#6221,#6222,
    #6223,#6224,#6225,#6226,#6227,#6228,#6229,#6230,#6231,#6232,#6233,
    #6234,#6235,#6236,#6237,#6238,#6239,#6240,#6241,#6242,#6243,#6244,
    #6245,#6246,#6247,#6248,#6249,#6250,#6251,#6252,#6253,#6254,#6255,
    #6256,#6257,#6258,#6259,#6260,#6261,#6262,#6263,#6264,#6265,#6266,
    #6267,#6268,#6269,#6270,#6271,#6272,#6273,#6274,#6275,#6276,#6277,
    #6278,#6279,#6280,#6281,#6282,#6283,#6284,#6285,#6286,#6287,#6288,
    #6289,#6290,#6291,#6292,#6293,#6294,#6295,#6296,#6297,#6298,#6299,
    #6300,#6301,#6302,#6303,#6304,#6305,#6306,#6307,#6308,#6309,#6310,
    #6311,#6312,#6313,#6314,#6315,#6316,#6317,#6318,#6319,#6320,#6321,
    #6322,#6323,#6324,#6325,#6326,#6327,#6328,#6329,#6330,#6331,#6332,
    #6333,#6334,#6335,#6336,#6337,#6338,#6339,#6340,#6341,#6342,#6343,
    #6344,#6345,#6346,#6347,#6348,#6349,#6350,#6351,#6352,#6353,#6354,
    #6355,#6356,#6357,#6358,#6359,#6360,#6361,#6362,#6363,#6364,#6365,
    #6366,#6367,#6368,#6369,#6370,#6371,#6372,#6373,#6374,#6375,#6376,
    #6377,#6378,#6379,#6380,#6381,#6382,#6383,#6384,#6385,#6386,#6387,
    #6388,#6389,#6390,#6391,#6392,#6393,#6394,#6395,#6396,#6397,#6398,
    #6399,#6400,#6401,#6402,#6403,#6404,#6405,#6406,#6407,#6408,#6409,
    #6410,#6411,#6412,#6413,#6414,#6415,#6416,#6417,#6418,#6419,#6420,
    #6421,#6422,#6423,#6424,#6425,#6426,#6427,#6428,#6429,#6430,#6431,
    #6432,#6433,#6434,#6435,#6436,#6437,#6438,#6439,#6440,#6441,#6442,
    #6443,#6444,#6445,#6446,#6447,#6448,#6449,#6450,#6451,#6452,#6453,
    #6454,#6455,#6456,#6457,#6458,#6459,#6460,#6461,#6462,#6463,#6464,
    #6465,#6466,#6467,#6468,#6469,#6470,#6471,#6472,#6473,#6474,#6475,
    #6476,#6477,#6478,#6479,#6480,#6481,#6482,#6483,#6484,#6485,#6486,
    #6487,#6488,#6489,#6490,#6491,#6492,#6493,#6494,#6495,#6496,#6497,
    #6498,#6499,#6500,#6501,#6502,#6503,#6504,#6505,#6506,#6507,#6508,
    #6509,#6510,#6511,#6512,#6513,#6514,#6515,#6516,#6517,#6518,#6519,
    #6520,#6521,#6522,#6523,#6524,#6525,#6526,#6527,#6528,#6529,#6530,
    #6531,#6532,#6533,#6534,#6535,#6536,#6537,#6538,#6539,#6540,#6541,
    #6542,#6543,#6544,#6545,#6546,#6547,#6548,#6549,#6550,#6551,#6552,
    #6553,#6554,#6555,#6556,#6557,#6558,#6559,#6560,#6561,#6562,#6563,
    #6564,#6565,#6566,#6567,#6568,#6569,#6570,#6571,#6572,#6573,#6574,
    #6575,#6576,#6577,#6578,#6579,#6580,#6581,#6582,#6583,#6584,#6585,
    #6586,#6587,#6588,#6589,#6590,#6591,#6592,#6593,#6594,#6595,#6596,
    #6597,#6598,#6599,#6600,#6601,#6602,#6603,#6604,#6605,#6606,#6607,
    #6608,#6609,#6610,#6611,#6612,#6613,#6614,#6615,#6616,#6617,#6618,
    #6619,#6620,#6621,#6622,#6623,#6624,#6625,#6626,#6627,#6628,#6629,
    #6630,#6631,#6632,#6633,#6634,#6635,#6636,#6637,#6638,#6639,#6640,
    #6641,#6642,#6643,#6644,#6645,#6646,#6647,#6648,#6649,#6650,#6651,
    #6652,#6653,#6654));
#5887 = CARTESIAN_POINT('',(12.674939,0.79744,-170.));
#5888 = CARTESIAN_POINT('',(12.599857,1.591732,-170.));
#5889 = CARTESIAN_POINT('',(12.475048,2.379743,-170.));
#5890 = CARTESIAN_POINT('',(12.301006,3.158362,-170.));
#5891 = CARTESIAN_POINT('',(12.078418,3.924516,-170.));
#5892 = CARTESIAN_POINT('',(11.808161,4.675182,-170.));
#5893 = CARTESIAN_POINT('',(11.491304,5.407397,-170.));
#5894 = CARTESIAN_POINT('',(11.129095,6.118272,-170.));
#5895 = CARTESIAN_POINT('',(10.722965,6.805,-170.));
#5896 = CARTESIAN_POINT('',(10.274516,7.464873,-170.));
#5897 = CARTESIAN_POINT('',(9.785518,8.095285,-170.));
#5898 = CARTESIAN_POINT('',(9.257902,8.693748,-170.));
#5899 = CARTESIAN_POINT('',(8.693748,9.257902,-170.));
#5900 = CARTESIAN_POINT('',(8.095285,9.785518,-170.));
#5901 = CARTESIAN_POINT('',(7.464873,10.274516,-170.));
#5902 = CARTESIAN_POINT('',(6.805,10.722965,-170.));
#5903 = CARTESIAN_POINT('',(6.118272,11.129095,-170.));
#5904 = CARTESIAN_POINT('',(5.407397,11.491304,-170.));
#5905 = CARTESIAN_POINT('',(4.675182,11.808161,-170.));
#5906 = CARTESIAN_POINT('',(3.924516,12.078418,-170.));
#5907 = CARTESIAN_POINT('',(3.158362,12.301006,-170.));
#5908 = CARTESIAN_POINT('',(2.379743,12.475048,-170.));
#5909 = CARTESIAN_POINT('',(1.591732,12.599857,-170.));
#5910 = CARTESIAN_POINT('',(0.79744,12.674939,-170.));
#5911 = CARTESIAN_POINT('',(12.792632,0.804844,-167.023407));
#5912 = CARTESIAN_POINT('',(12.716852,1.606512,-167.025245));
#5913 = CARTESIAN_POINT('',(12.590884,2.40184,-167.027069));
#5914 = CARTESIAN_POINT('',(12.415226,3.187688,-167.02887));
#5915 = CARTESIAN_POINT('',(12.190571,3.960957,-167.030643));
#5916 = CARTESIAN_POINT('',(11.917805,4.718593,-167.03238));
#5917 = CARTESIAN_POINT('',(11.598005,5.457607,-167.034074));
#5918 = CARTESIAN_POINT('',(11.232433,6.175082,-167.035719));
#5919 = CARTESIAN_POINT('',(10.822532,6.868188,-167.037308));
#5920 = CARTESIAN_POINT('',(10.369919,7.534187,-167.038835));
#5921 = CARTESIAN_POINT('',(9.876381,8.170453,-167.040294));
#5922 = CARTESIAN_POINT('',(9.343865,8.774473,-167.041679));
#5923 = CARTESIAN_POINT('',(8.774473,9.343865,-167.042984));
#5924 = CARTESIAN_POINT('',(8.170453,9.876381,-167.044205));
#5925 = CARTESIAN_POINT('',(7.534187,10.369919,-167.045337));
#5926 = CARTESIAN_POINT('',(6.868188,10.822532,-167.046374));
#5927 = CARTESIAN_POINT('',(6.175082,11.232433,-167.047314));
#5928 = CARTESIAN_POINT('',(5.457607,11.598005,-167.048152));
#5929 = CARTESIAN_POINT('',(4.718593,11.917805,-167.048885));
#5930 = CARTESIAN_POINT('',(3.960957,12.190571,-167.049511));
#5931 = CARTESIAN_POINT('',(3.187688,12.415226,-167.050026));
#5932 = CARTESIAN_POINT('',(2.40184,12.590884,-167.050428));
#5933 = CARTESIAN_POINT('',(1.606512,12.716852,-167.050717));
#5934 = CARTESIAN_POINT('',(0.804844,12.792632,-167.050891));
#5935 = CARTESIAN_POINT('',(13.282091,0.835638,-163.069545));
#5936 = CARTESIAN_POINT('',(13.203411,1.667979,-163.073997));
#5937 = CARTESIAN_POINT('',(13.072624,2.493736,-163.078415));
#5938 = CARTESIAN_POINT('',(12.890245,3.309652,-163.08278));
#5939 = CARTESIAN_POINT('',(12.656995,4.112507,-163.087074));
#5940 = CARTESIAN_POINT('',(12.373792,4.899131,-163.091282));
#5941 = CARTESIAN_POINT('',(12.041757,5.666421,-163.095387));
#5942 = CARTESIAN_POINT('',(11.662197,6.411347,-163.099372));
#5943 = CARTESIAN_POINT('',(11.236613,7.130971,-163.103222));
#5944 = CARTESIAN_POINT('',(10.766683,7.822453,-163.106921));
#5945 = CARTESIAN_POINT('',(10.254261,8.483063,-163.110455));
#5946 = CARTESIAN_POINT('',(9.701371,9.110194,-163.11381));
#5947 = CARTESIAN_POINT('',(9.110194,9.701371,-163.116972));
#5948 = CARTESIAN_POINT('',(8.483063,10.254261,-163.11993));
#5949 = CARTESIAN_POINT('',(7.822453,10.766683,-163.122671));
#5950 = CARTESIAN_POINT('',(7.130971,11.236613,-163.125185));
#5951 = CARTESIAN_POINT('',(6.411347,11.662197,-163.127462));
#5952 = CARTESIAN_POINT('',(5.666421,12.041757,-163.129492));
#5953 = CARTESIAN_POINT('',(4.899131,12.373792,-163.131268));
#5954 = CARTESIAN_POINT('',(4.112507,12.656995,-163.132783));
#5955 = CARTESIAN_POINT('',(3.309652,12.890245,-163.134031));
#5956 = CARTESIAN_POINT('',(2.493736,13.072624,-163.135007));
#5957 = CARTESIAN_POINT('',(1.667979,13.203411,-163.135706));
#5958 = CARTESIAN_POINT('',(0.835638,13.282091,-163.136127));
#5959 = CARTESIAN_POINT('',(13.891733,0.873994,-160.052593));
#5960 = CARTESIAN_POINT('',(13.809443,1.744538,-160.059246));
#5961 = CARTESIAN_POINT('',(13.672652,2.608198,-160.065846));
#5962 = CARTESIAN_POINT('',(13.481902,3.461564,-160.072368));
#5963 = CARTESIAN_POINT('',(13.237945,4.301269,-160.078785));
#5964 = CARTESIAN_POINT('',(12.941744,5.123999,-160.085072));
#5965 = CARTESIAN_POINT('',(12.594468,5.926507,-160.091205));
#5966 = CARTESIAN_POINT('',(12.197488,6.705626,-160.097159));
#5967 = CARTESIAN_POINT('',(11.752369,7.45828,-160.102911));
#5968 = CARTESIAN_POINT('',(11.260869,8.1815,-160.108438));
#5969 = CARTESIAN_POINT('',(10.724928,8.872432,-160.113718));
#5970 = CARTESIAN_POINT('',(10.14666,9.528348,-160.118731));
#5971 = CARTESIAN_POINT('',(9.528348,10.14666,-160.123456));
#5972 = CARTESIAN_POINT('',(8.872432,10.724928,-160.127875));
#5973 = CARTESIAN_POINT('',(8.1815,11.260869,-160.131971));
#5974 = CARTESIAN_POINT('',(7.45828,11.752369,-160.135727));
#5975 = CARTESIAN_POINT('',(6.705626,12.197488,-160.139129));
#5976 = CARTESIAN_POINT('',(5.926507,12.594468,-160.142163));
#5977 = CARTESIAN_POINT('',(5.123999,12.941744,-160.144817));
#5978 = CARTESIAN_POINT('',(4.301269,13.237945,-160.14708));
#5979 = CARTESIAN_POINT('',(3.461564,13.481902,-160.148945));
#5980 = CARTESIAN_POINT('',(2.608198,13.672652,-160.150402));
#5981 = CARTESIAN_POINT('',(1.744538,13.809443,-160.151448));
#5982 = CARTESIAN_POINT('',(0.873994,13.891733,-160.152077));
#5983 = CARTESIAN_POINT('',(15.019467,0.944945,-155.881047));
#5984 = CARTESIAN_POINT('',(14.930496,1.88616,-155.891117));
#5985 = CARTESIAN_POINT('',(14.782601,2.819932,-155.901107));
#5986 = CARTESIAN_POINT('',(14.576366,3.742575,-155.910979));
#5987 = CARTESIAN_POINT('',(14.312605,4.650447,-155.920692));
#5988 = CARTESIAN_POINT('',(13.992358,5.539966,-155.930209));
#5989 = CARTESIAN_POINT('',(13.61689,6.407622,-155.939492));
#5990 = CARTESIAN_POINT('',(13.187682,7.24999,-155.948505));
#5991 = CARTESIAN_POINT('',(12.706429,8.063745,-155.957211));
#5992 = CARTESIAN_POINT('',(12.175029,8.845676,-155.965577));
#5993 = CARTESIAN_POINT('',(11.595579,9.592698,-155.973569));
#5994 = CARTESIAN_POINT('',(10.970368,10.301861,-155.981157));
#5995 = CARTESIAN_POINT('',(10.301861,10.970368,-155.988309));
#5996 = CARTESIAN_POINT('',(9.592698,11.595579,-155.994998));
#5997 = CARTESIAN_POINT('',(8.845676,12.175029,-156.001198));
#5998 = CARTESIAN_POINT('',(8.063745,12.706429,-156.006883));
#5999 = CARTESIAN_POINT('',(7.24999,13.187682,-156.012032));
#6000 = CARTESIAN_POINT('',(6.407622,13.61689,-156.016624));
#6001 = CARTESIAN_POINT('',(5.539966,13.992358,-156.020641));
#6002 = CARTESIAN_POINT('',(4.650447,14.312605,-156.024068));
#6003 = CARTESIAN_POINT('',(3.742575,14.576366,-156.02689));
#6004 = CARTESIAN_POINT('',(2.819932,14.782601,-156.029096));
#6005 = CARTESIAN_POINT('',(1.88616,14.930496,-156.030678));
#6006 = CARTESIAN_POINT('',(0.944945,15.019467,-156.03163));
#6007 = CARTESIAN_POINT('',(16.099139,1.012872,-152.592532));
#6008 = CARTESIAN_POINT('',(16.003772,2.021747,-152.605639));
#6009 = CARTESIAN_POINT('',(15.845246,3.022642,-152.618642));
#6010 = CARTESIAN_POINT('',(15.624186,4.011609,-152.631491));
#6011 = CARTESIAN_POINT('',(15.341464,4.984744,-152.644133));
#6012 = CARTESIAN_POINT('',(14.998197,5.938206,-152.65652));
#6013 = CARTESIAN_POINT('',(14.595738,6.868233,-152.668603));
#6014 = CARTESIAN_POINT('',(14.135677,7.771154,-152.680333));
#6015 = CARTESIAN_POINT('',(13.619828,8.643406,-152.691665));
#6016 = CARTESIAN_POINT('',(13.050229,9.481546,-152.702554));
#6017 = CARTESIAN_POINT('',(12.429126,10.282267,-152.712957));
#6018 = CARTESIAN_POINT('',(11.758971,11.042409,-152.722832));
#6019 = CARTESIAN_POINT('',(11.042409,11.758971,-152.732142));
#6020 = CARTESIAN_POINT('',(10.282267,12.429126,-152.740848));
#6021 = CARTESIAN_POINT('',(9.481546,13.050229,-152.748917));
#6022 = CARTESIAN_POINT('',(8.643406,13.619828,-152.756317));
#6023 = CARTESIAN_POINT('',(7.771154,14.135677,-152.763019));
#6024 = CARTESIAN_POINT('',(6.868233,14.595738,-152.768996));
#6025 = CARTESIAN_POINT('',(5.938206,14.998197,-152.774225));
#6026 = CARTESIAN_POINT('',(4.984744,15.341464,-152.778684));
#6027 = CARTESIAN_POINT('',(4.011609,15.624186,-152.782357));
#6028 = CARTESIAN_POINT('',(3.022642,15.845246,-152.785229));
#6029 = CARTESIAN_POINT('',(2.021747,16.003772,-152.787289));
#6030 = CARTESIAN_POINT('',(1.012872,16.099139,-152.788528));
#6031 = CARTESIAN_POINT('',(17.379458,1.093423,-149.130034));
#6032 = CARTESIAN_POINT('',(17.276507,2.18253,-149.14668));
#6033 = CARTESIAN_POINT('',(17.105374,3.263025,-149.163195));
#6034 = CARTESIAN_POINT('',(16.866733,4.330641,-149.179513));
#6035 = CARTESIAN_POINT('',(16.561527,5.381166,-149.195569));
#6036 = CARTESIAN_POINT('',(16.190961,6.410455,-149.211301));
#6037 = CARTESIAN_POINT('',(15.756496,7.414444,-149.226646));
#6038 = CARTESIAN_POINT('',(15.259847,8.389172,-149.241544));
#6039 = CARTESIAN_POINT('',(14.702975,9.330791,-149.255936));
#6040 = CARTESIAN_POINT('',(14.088076,10.235587,-149.269766));
#6041 = CARTESIAN_POINT('',(13.417579,11.099987,-149.282977));
#6042 = CARTESIAN_POINT('',(12.694129,11.92058,-149.29552));
#6043 = CARTESIAN_POINT('',(11.92058,12.694129,-149.307343));
#6044 = CARTESIAN_POINT('',(11.099987,13.417579,-149.3184));
#6045 = CARTESIAN_POINT('',(10.235587,14.088076,-149.328648));
#6046 = CARTESIAN_POINT('',(9.330791,14.702975,-149.338047));
#6047 = CARTESIAN_POINT('',(8.389172,15.259847,-149.346558));
#6048 = CARTESIAN_POINT('',(7.414444,15.756496,-149.354149));
#6049 = CARTESIAN_POINT('',(6.410455,16.190961,-149.360789));
#6050 = CARTESIAN_POINT('',(5.381166,16.561527,-149.366453));
#6051 = CARTESIAN_POINT('',(4.330641,16.866733,-149.371118));
#6052 = CARTESIAN_POINT('',(3.263025,17.105374,-149.374766));
#6053 = CARTESIAN_POINT('',(2.18253,17.276507,-149.377381));
#6054 = CARTESIAN_POINT('',(1.093423,17.379458,-149.378955));
#6055 = CARTESIAN_POINT('',(19.401266,1.220624,-144.191691));
#6056 = CARTESIAN_POINT('',(19.286338,2.436431,-144.213991));
#6057 = CARTESIAN_POINT('',(19.095296,3.642623,-144.236113));
#6058 = CARTESIAN_POINT('',(18.828894,4.834438,-144.257973));
#6059 = CARTESIAN_POINT('',(18.488183,6.007175,-144.279482));
#6060 = CARTESIAN_POINT('',(18.074507,7.156204,-144.300557));
#6061 = CARTESIAN_POINT('',(17.589499,8.27699,-144.321113));
#6062 = CARTESIAN_POINT('',(17.035074,9.365111,-144.341071));
#6063 = CARTESIAN_POINT('',(16.413419,10.416272,-144.36035));
#6064 = CARTESIAN_POINT('',(15.726988,11.426325,-144.378876));
#6065 = CARTESIAN_POINT('',(14.978489,12.391284,-144.396574));
#6066 = CARTESIAN_POINT('',(14.170877,13.30734,-144.413376));
#6067 = CARTESIAN_POINT('',(13.30734,14.170877,-144.429214));
#6068 = CARTESIAN_POINT('',(12.391284,14.978489,-144.444027));
#6069 = CARTESIAN_POINT('',(11.426325,15.726988,-144.457755));
#6070 = CARTESIAN_POINT('',(10.416272,16.413419,-144.470345));
#6071 = CARTESIAN_POINT('',(9.365111,17.035074,-144.481747));
#6072 = CARTESIAN_POINT('',(8.27699,17.589499,-144.491916));
#6073 = CARTESIAN_POINT('',(7.156204,18.074507,-144.500811));
#6074 = CARTESIAN_POINT('',(6.007175,18.488183,-144.508399));
#6075 = CARTESIAN_POINT('',(4.834438,18.828894,-144.514648));
#6076 = CARTESIAN_POINT('',(3.642623,19.095296,-144.519534));
#6077 = CARTESIAN_POINT('',(2.436431,19.286338,-144.523038));
#6078 = CARTESIAN_POINT('',(1.220624,19.401266,-144.525146));
#6079 = CARTESIAN_POINT('',(21.156629,1.331062,-140.212556));
#6080 = CARTESIAN_POINT('',(21.031303,2.656871,-140.239912));
#6081 = CARTESIAN_POINT('',(20.822976,3.972195,-140.267052));
#6082 = CARTESIAN_POINT('',(20.532471,5.271842,-140.293869));
#6083 = CARTESIAN_POINT('',(20.160933,6.550684,-140.320257));
#6084 = CARTESIAN_POINT('',(19.709829,7.803673,-140.346111));
#6085 = CARTESIAN_POINT('',(19.180939,9.025865,-140.371329));
#6086 = CARTESIAN_POINT('',(18.576351,10.212436,-140.395813));
#6087 = CARTESIAN_POINT('',(17.898451,11.358702,-140.419464));
#6088 = CARTESIAN_POINT('',(17.149914,12.460142,-140.442191));
#6089 = CARTESIAN_POINT('',(16.333694,13.512406,-140.463904));
#6090 = CARTESIAN_POINT('',(15.453012,14.511344,-140.484515));
#6091 = CARTESIAN_POINT('',(14.511344,15.453012,-140.503946));
#6092 = CARTESIAN_POINT('',(13.512406,16.333694,-140.522117));
#6093 = CARTESIAN_POINT('',(12.460142,17.149914,-140.538959));
#6094 = CARTESIAN_POINT('',(11.358702,17.898451,-140.554404));
#6095 = CARTESIAN_POINT('',(10.212436,18.576351,-140.568392));
#6096 = CARTESIAN_POINT('',(9.025865,19.180939,-140.580867));
#6097 = CARTESIAN_POINT('',(7.803673,19.709829,-140.59178));
#6098 = CARTESIAN_POINT('',(6.550684,20.160933,-140.601088));
#6099 = CARTESIAN_POINT('',(5.271842,20.532471,-140.608754));
#6100 = CARTESIAN_POINT('',(3.972195,20.822976,-140.614749));
#6101 = CARTESIAN_POINT('',(2.656871,21.031303,-140.619047));
#6102 = CARTESIAN_POINT('',(1.331062,21.156629,-140.621633));
#6103 = CARTESIAN_POINT('',(23.820823,1.498679,-134.496432));
#6104 = CARTESIAN_POINT('',(23.679716,2.991444,-134.531797));
#6105 = CARTESIAN_POINT('',(23.445155,4.472402,-134.566882));
#6106 = CARTESIAN_POINT('',(23.118067,5.935711,-134.601549));
#6107 = CARTESIAN_POINT('',(22.699742,7.375593,-134.635661));
#6108 = CARTESIAN_POINT('',(22.191832,8.786368,-134.669083));
#6109 = CARTESIAN_POINT('',(21.596341,10.162467,-134.701683));
#6110 = CARTESIAN_POINT('',(20.915619,11.498459,-134.733334));
#6111 = CARTESIAN_POINT('',(20.152352,12.789072,-134.76391));
#6112 = CARTESIAN_POINT('',(19.309554,14.029212,-134.793289));
#6113 = CARTESIAN_POINT('',(18.390549,15.213986,-134.821357));
#6114 = CARTESIAN_POINT('',(17.398966,16.338716,-134.848003));
#6115 = CARTESIAN_POINT('',(16.338716,17.398966,-134.873121));
#6116 = CARTESIAN_POINT('',(15.213986,18.390549,-134.896612));
#6117 = CARTESIAN_POINT('',(14.029212,19.309554,-134.918384));
#6118 = CARTESIAN_POINT('',(12.789072,20.152352,-134.938351));
#6119 = CARTESIAN_POINT('',(11.498459,20.915619,-134.956433));
#6120 = CARTESIAN_POINT('',(10.162467,21.596341,-134.97256));
#6121 = CARTESIAN_POINT('',(8.786368,22.191832,-134.986667));
#6122 = CARTESIAN_POINT('',(7.375593,22.699742,-134.9987));
#6123 = CARTESIAN_POINT('',(5.935711,23.118067,-135.008611));
#6124 = CARTESIAN_POINT('',(4.472402,23.445155,-135.016359));
#6125 = CARTESIAN_POINT('',(2.991444,23.679716,-135.021916));
#6126 = CARTESIAN_POINT('',(1.498679,23.820823,-135.025259));
#6127 = CARTESIAN_POINT('',(26.065343,1.639892,-129.876232));
#6128 = CARTESIAN_POINT('',(25.910939,3.273313,-129.918674));
#6129 = CARTESIAN_POINT('',(25.654277,4.893815,-129.96078));
#6130 = CARTESIAN_POINT('',(25.296369,6.495004,-130.002384));
#6131 = CARTESIAN_POINT('',(24.838628,8.070559,-130.043322));
#6132 = CARTESIAN_POINT('',(24.28286,9.614264,-130.083433));
#6133 = CARTESIAN_POINT('',(23.631258,11.120026,-130.122557));
#6134 = CARTESIAN_POINT('',(22.886395,12.581902,-130.160542));
#6135 = CARTESIAN_POINT('',(22.05121,13.994123,-130.197236));
#6136 = CARTESIAN_POINT('',(21.128999,15.351116,-130.232495));
#6137 = CARTESIAN_POINT('',(20.123401,16.647525,-130.26618));
#6138 = CARTESIAN_POINT('',(19.038385,17.878234,-130.298158));
#6139 = CARTESIAN_POINT('',(17.878234,19.038385,-130.328303));
#6140 = CARTESIAN_POINT('',(16.647525,20.123401,-130.356495));
#6141 = CARTESIAN_POINT('',(15.351116,21.128999,-130.382624));
#6142 = CARTESIAN_POINT('',(13.994123,22.05121,-130.406586));
#6143 = CARTESIAN_POINT('',(12.581902,22.886395,-130.428287));
#6144 = CARTESIAN_POINT('',(11.120026,23.631258,-130.447641));
#6145 = CARTESIAN_POINT('',(9.614264,24.28286,-130.464572));
#6146 = CARTESIAN_POINT('',(8.070559,24.838628,-130.479012));
#6147 = CARTESIAN_POINT('',(6.495004,25.296369,-130.490906));
#6148 = CARTESIAN_POINT('',(4.893815,25.654277,-130.500206));
#6149 = CARTESIAN_POINT('',(3.273313,25.910939,-130.506875));
#6150 = CARTESIAN_POINT('',(1.639892,26.065343,-130.510887));
#6151 = CARTESIAN_POINT('',(29.391718,1.84917,-123.241674));
#6152 = CARTESIAN_POINT('',(29.217609,3.691042,-123.295162));
#6153 = CARTESIAN_POINT('',(28.928193,5.518348,-123.348227));
#6154 = CARTESIAN_POINT('',(28.524609,7.323875,-123.40066));
#6155 = CARTESIAN_POINT('',(28.008453,9.100498,-123.452254));
#6156 = CARTESIAN_POINT('',(27.381759,10.841206,-123.502804));
#6157 = CARTESIAN_POINT('',(26.647003,12.539128,-123.552112));
#6158 = CARTESIAN_POINT('',(25.807083,14.187564,-123.599983));
#6159 = CARTESIAN_POINT('',(24.865314,15.780008,-123.646228));
#6160 = CARTESIAN_POINT('',(23.825413,17.310176,-123.690664));
#6161 = CARTESIAN_POINT('',(22.691484,18.772028,-123.733117));
#6162 = CARTESIAN_POINT('',(21.468002,20.159796,-123.773418));
#6163 = CARTESIAN_POINT('',(20.159796,21.468002,-123.811409));
#6164 = CARTESIAN_POINT('',(18.772028,22.691484,-123.846939));
#6165 = CARTESIAN_POINT('',(17.310176,23.825413,-123.879868));
#6166 = CARTESIAN_POINT('',(15.780008,24.865314,-123.910067));
#6167 = CARTESIAN_POINT('',(14.187564,25.807083,-123.937416));
#6168 = CARTESIAN_POINT('',(12.539128,26.647003,-123.961808));
#6169 = CARTESIAN_POINT('',(10.841206,27.381759,-123.983145));
#6170 = CARTESIAN_POINT('',(9.100498,28.008453,-124.001344));
#6171 = CARTESIAN_POINT('',(7.323875,28.524609,-124.016334));
#6172 = CARTESIAN_POINT('',(5.518348,28.928193,-124.028054));
#6173 = CARTESIAN_POINT('',(3.691042,29.217609,-124.036459));
#6174 = CARTESIAN_POINT('',(1.84917,29.391718,-124.041515));
#6175 = CARTESIAN_POINT('',(32.140173,2.022088,-117.894353));
#6176 = CARTESIAN_POINT('',(31.949783,4.036196,-117.957461));
#6177 = CARTESIAN_POINT('',(31.633303,6.034375,-118.020069));
#6178 = CARTESIAN_POINT('',(31.19198,8.008739,-118.081932));
#6179 = CARTESIAN_POINT('',(30.627557,9.951497,-118.142804));
#6180 = CARTESIAN_POINT('',(29.942261,11.85498,-118.202446));
#6181 = CARTESIAN_POINT('',(29.138796,13.711677,-118.260621));
#6182 = CARTESIAN_POINT('',(28.220334,15.51426,-118.317101));
#6183 = CARTESIAN_POINT('',(27.1905,17.255616,-118.371663));
#6184 = CARTESIAN_POINT('',(26.053356,18.928871,-118.424091));
#6185 = CARTESIAN_POINT('',(24.813392,20.527423,-118.474178));
#6186 = CARTESIAN_POINT('',(23.475501,22.044963,-118.521727));
#6187 = CARTESIAN_POINT('',(22.044963,23.475501,-118.56655));
#6188 = CARTESIAN_POINT('',(20.527423,24.813392,-118.608469));
#6189 = CARTESIAN_POINT('',(18.928871,26.053356,-118.647321));
#6190 = CARTESIAN_POINT('',(17.255616,27.1905,-118.682951));
#6191 = CARTESIAN_POINT('',(15.51426,28.220334,-118.715219));
#6192 = CARTESIAN_POINT('',(13.711677,29.138796,-118.743997));
#6193 = CARTESIAN_POINT('',(11.85498,29.942261,-118.769172));
#6194 = CARTESIAN_POINT('',(9.951497,30.627557,-118.790644));
#6195 = CARTESIAN_POINT('',(8.008739,31.19198,-118.808329));
#6196 = CARTESIAN_POINT('',(6.034375,31.633303,-118.822157));
#6197 = CARTESIAN_POINT('',(4.036196,31.949783,-118.832073));
#6198 = CARTESIAN_POINT('',(2.022088,32.140173,-118.838038));
#6199 = CARTESIAN_POINT('',(35.109113,2.208878,-112.219248));
#6200 = CARTESIAN_POINT('',(34.901136,4.409039,-112.29323));
#6201 = CARTESIAN_POINT('',(34.555421,6.591799,-112.366626));
#6202 = CARTESIAN_POINT('',(34.073331,8.748545,-112.439148));
#6203 = CARTESIAN_POINT('',(33.45677,10.870763,-112.510508));
#6204 = CARTESIAN_POINT('',(32.70817,12.95008,-112.580426));
#6205 = CARTESIAN_POINT('',(31.830485,14.978289,-112.648626));
#6206 = CARTESIAN_POINT('',(30.82718,16.947386,-112.714838));
#6207 = CARTESIAN_POINT('',(29.702215,18.849599,-112.778801));
#6208 = CARTESIAN_POINT('',(28.460028,20.677421,-112.840262));
#6209 = CARTESIAN_POINT('',(27.105523,22.423639,-112.898979));
#6210 = CARTESIAN_POINT('',(25.644044,24.081361,-112.954721));
#6211 = CARTESIAN_POINT('',(24.081361,25.644044,-113.007267));
#6212 = CARTESIAN_POINT('',(22.423639,27.105523,-113.05641));
#6213 = CARTESIAN_POINT('',(20.677421,28.460028,-113.101956));
#6214 = CARTESIAN_POINT('',(18.849599,29.702215,-113.143725));
#6215 = CARTESIAN_POINT('',(16.947386,30.82718,-113.181553));
#6216 = CARTESIAN_POINT('',(14.978289,31.830485,-113.215289));
#6217 = CARTESIAN_POINT('',(12.95008,32.70817,-113.244802));
#6218 = CARTESIAN_POINT('',(10.870763,33.45677,-113.269974));
#6219 = CARTESIAN_POINT('',(8.748545,34.073331,-113.290706));
#6220 = CARTESIAN_POINT('',(6.591799,34.555421,-113.306917));
#6221 = CARTESIAN_POINT('',(4.409039,34.901136,-113.318541));
#6222 = CARTESIAN_POINT('',(2.208878,35.109113,-113.325535));
#6223 = CARTESIAN_POINT('',(39.415799,2.479832,-104.135684));
#6224 = CARTESIAN_POINT('',(39.182311,4.949877,-104.226291));
#6225 = CARTESIAN_POINT('',(38.794188,7.400387,-104.316182));
#6226 = CARTESIAN_POINT('',(38.252963,9.821691,-104.405001));
#6227 = CARTESIAN_POINT('',(37.56077,12.204234,-104.492398));
#6228 = CARTESIAN_POINT('',(36.720342,14.538612,-104.578029));
#6229 = CARTESIAN_POINT('',(35.734996,16.815613,-104.661554));
#6230 = CARTESIAN_POINT('',(34.60862,19.02625,-104.742646));
#6231 = CARTESIAN_POINT('',(33.34566,21.161799,-104.820983));
#6232 = CARTESIAN_POINT('',(31.951099,23.213833,-104.896256));
#6233 = CARTESIAN_POINT('',(30.430443,25.174251,-104.968169));
#6234 = CARTESIAN_POINT('',(28.789691,27.035319,-105.036437));
#6235 = CARTESIAN_POINT('',(27.035319,28.789691,-105.100792));
#6236 = CARTESIAN_POINT('',(25.174251,30.430443,-105.160978));
#6237 = CARTESIAN_POINT('',(23.213833,31.951099,-105.21676));
#6238 = CARTESIAN_POINT('',(21.161799,33.34566,-105.267915));
#6239 = CARTESIAN_POINT('',(19.02625,34.60862,-105.314244));
#6240 = CARTESIAN_POINT('',(16.815613,35.734996,-105.355562));
#6241 = CARTESIAN_POINT('',(14.538612,36.720342,-105.391707));
#6242 = CARTESIAN_POINT('',(12.204234,37.56077,-105.422536));
#6243 = CARTESIAN_POINT('',(9.821691,38.252963,-105.447927));
#6244 = CARTESIAN_POINT('',(7.400387,38.794188,-105.46778));
#6245 = CARTESIAN_POINT('',(4.949877,39.182311,-105.482018));
#6246 = CARTESIAN_POINT('',(2.479832,39.415799,-105.490582));
#6247 = CARTESIAN_POINT('',(42.911672,2.699774,-97.686178));
#6248 = CARTESIAN_POINT('',(42.657476,5.388892,-97.790987));
#6249 = CARTESIAN_POINT('',(42.23493,8.056744,-97.894966));
#6250 = CARTESIAN_POINT('',(41.645701,10.692799,-97.997707));
#6251 = CARTESIAN_POINT('',(40.892117,13.286654,-98.098802));
#6252 = CARTESIAN_POINT('',(39.97715,15.828073,-98.197854));
#6253 = CARTESIAN_POINT('',(38.904411,18.307026,-98.294471));
#6254 = CARTESIAN_POINT('',(37.678134,20.71373,-98.388272));
#6255 = CARTESIAN_POINT('',(36.303159,23.038685,-98.478887));
#6256 = CARTESIAN_POINT('',(34.784912,25.272718,-98.565959));
#6257 = CARTESIAN_POINT('',(33.129385,27.407011,-98.649143));
#6258 = CARTESIAN_POINT('',(31.343111,29.433141,-98.728111));
#6259 = CARTESIAN_POINT('',(29.433141,31.343111,-98.802552));
#6260 = CARTESIAN_POINT('',(27.407011,33.129385,-98.872172));
#6261 = CARTESIAN_POINT('',(25.272718,34.784912,-98.936697));
#6262 = CARTESIAN_POINT('',(23.038685,36.303159,-98.99587));
#6263 = CARTESIAN_POINT('',(20.71373,37.678134,-99.04946));
#6264 = CARTESIAN_POINT('',(18.307026,38.904411,-99.097254));
#6265 = CARTESIAN_POINT('',(15.828073,39.97715,-99.139064));
#6266 = CARTESIAN_POINT('',(13.286654,40.892117,-99.174725));
#6267 = CARTESIAN_POINT('',(10.692799,41.645701,-99.204096));
#6268 = CARTESIAN_POINT('',(8.056744,42.23493,-99.227061));
#6269 = CARTESIAN_POINT('',(5.388892,42.657476,-99.24353));
#6270 = CARTESIAN_POINT('',(2.699774,42.911672,-99.253437));
#6271 = CARTESIAN_POINT('',(47.936768,3.015926,-88.583278));
#6272 = CARTESIAN_POINT('',(47.652805,6.019949,-88.709543));
#6273 = CARTESIAN_POINT('',(47.180777,9.000215,-88.834809));
#6274 = CARTESIAN_POINT('',(46.522548,11.94496,-88.958582));
#6275 = CARTESIAN_POINT('',(45.680716,14.842564,-89.080374));
#6276 = CARTESIAN_POINT('',(44.658604,17.681592,-89.199703));
#6277 = CARTESIAN_POINT('',(43.460244,20.450838,-89.3161));
#6278 = CARTESIAN_POINT('',(42.090366,23.139375,-89.429104));
#6279 = CARTESIAN_POINT('',(40.554377,25.73659,-89.53827));
#6280 = CARTESIAN_POINT('',(38.858338,28.232235,-89.643166));
#6281 = CARTESIAN_POINT('',(37.008944,30.616461,-89.74338));
#6282 = CARTESIAN_POINT('',(35.013491,32.879857,-89.838515));
#6283 = CARTESIAN_POINT('',(32.879857,35.013491,-89.928195));
#6284 = CARTESIAN_POINT('',(30.616461,37.008944,-90.012068));
#6285 = CARTESIAN_POINT('',(28.232235,38.858338,-90.089801));
#6286 = CARTESIAN_POINT('',(25.73659,40.554377,-90.161089));
#6287 = CARTESIAN_POINT('',(23.139375,42.090366,-90.22565));
#6288 = CARTESIAN_POINT('',(20.450838,43.460244,-90.283228));
#6289 = CARTESIAN_POINT('',(17.681592,44.658604,-90.333597));
#6290 = CARTESIAN_POINT('',(14.842564,45.680716,-90.376559));
#6291 = CARTESIAN_POINT('',(11.94496,46.522548,-90.411942));
#6292 = CARTESIAN_POINT('',(9.000215,47.180777,-90.439609));
#6293 = CARTESIAN_POINT('',(6.019949,47.652805,-90.459449));
#6294 = CARTESIAN_POINT('',(3.015926,47.936768,-90.471385));
#6295 = CARTESIAN_POINT('',(51.98744,3.270773,-81.396104));
#6296 = CARTESIAN_POINT('',(51.679481,6.528637,-81.540507));
#6297 = CARTESIAN_POINT('',(51.167567,9.760735,-81.683769));
#6298 = CARTESIAN_POINT('',(50.453718,12.954313,-81.825322));
#6299 = CARTESIAN_POINT('',(49.540751,16.096766,-81.96461));
#6300 = CARTESIAN_POINT('',(48.43227,19.175692,-82.101082));
#6301 = CARTESIAN_POINT('',(47.132648,22.178941,-82.234199));
#6302 = CARTESIAN_POINT('',(45.647015,25.094659,-82.363437));
#6303 = CARTESIAN_POINT('',(43.981235,27.91134,-82.488285));
#6304 = CARTESIAN_POINT('',(42.14188,30.617868,-82.608251));
#6305 = CARTESIAN_POINT('',(40.136211,33.203561,-82.72286));
#6306 = CARTESIAN_POINT('',(37.972142,35.658215,-82.831662));
#6307 = CARTESIAN_POINT('',(35.658215,37.972142,-82.934225));
#6308 = CARTESIAN_POINT('',(33.203561,40.136211,-83.030147));
#6309 = CARTESIAN_POINT('',(30.617868,42.14188,-83.119047));
#6310 = CARTESIAN_POINT('',(27.91134,43.981235,-83.200576));
#6311 = CARTESIAN_POINT('',(25.094659,45.647015,-83.27441));
#6312 = CARTESIAN_POINT('',(22.178941,47.132648,-83.34026));
#6313 = CARTESIAN_POINT('',(19.175692,48.43227,-83.397865));
#6314 = CARTESIAN_POINT('',(16.096766,49.540751,-83.446998));
#6315 = CARTESIAN_POINT('',(12.954313,50.453718,-83.487465));
#6316 = CARTESIAN_POINT('',(9.760735,51.167567,-83.519106));
#6317 = CARTESIAN_POINT('',(6.528637,51.679481,-83.541797));
#6318 = CARTESIAN_POINT('',(3.270773,51.98744,-83.555447));
#6319 = CARTESIAN_POINT('',(56.290062,3.541471,-73.924749));
#6320 = CARTESIAN_POINT('',(55.956616,7.068964,-74.089191));
#6321 = CARTESIAN_POINT('',(55.402334,10.56856,-74.252332));
#6322 = CARTESIAN_POINT('',(54.629405,14.026447,-74.413529));
#6323 = CARTESIAN_POINT('',(53.640878,17.428978,-74.572145));
#6324 = CARTESIAN_POINT('',(52.440656,20.762724,-74.727555));
#6325 = CARTESIAN_POINT('',(51.033474,24.01453,-74.879145));
#6326 = CARTESIAN_POINT('',(49.424886,27.171561,-75.026317));
#6327 = CARTESIAN_POINT('',(47.621241,30.221358,-75.16849));
#6328 = CARTESIAN_POINT('',(45.629656,33.151886,-75.305102));
#6329 = CARTESIAN_POINT('',(43.457993,35.951578,-75.435616));
#6330 = CARTESIAN_POINT('',(41.11482,38.609386,-75.559516));
#6331 = CARTESIAN_POINT('',(38.609386,41.11482,-75.676312));
#6332 = CARTESIAN_POINT('',(35.951578,43.457993,-75.785544));
#6333 = CARTESIAN_POINT('',(33.151886,45.629656,-75.886781));
#6334 = CARTESIAN_POINT('',(30.221358,47.621241,-75.979623));
#6335 = CARTESIAN_POINT('',(27.171561,49.424886,-76.063703));
#6336 = CARTESIAN_POINT('',(24.01453,51.033474,-76.138691));
#6337 = CARTESIAN_POINT('',(20.762724,52.440656,-76.20429));
#6338 = CARTESIAN_POINT('',(17.428978,53.640878,-76.260241));
#6339 = CARTESIAN_POINT('',(14.026447,54.629405,-76.306323));
#6340 = CARTESIAN_POINT('',(10.56856,55.402334,-76.342355));
#6341 = CARTESIAN_POINT('',(7.068964,55.956616,-76.368194));
#6342 = CARTESIAN_POINT('',(3.541471,56.290062,-76.383738));
#6343 = CARTESIAN_POINT('',(62.440879,3.928447,-63.578486));
#6344 = CARTESIAN_POINT('',(62.070997,7.84139,-63.772858));
#6345 = CARTESIAN_POINT('',(61.456149,11.723387,-63.965692));
#6346 = CARTESIAN_POINT('',(60.598762,15.559118,-64.156228));
#6347 = CARTESIAN_POINT('',(59.502219,19.333443,-64.343714));
#6348 = CARTESIAN_POINT('',(58.170848,23.031468,-64.52741));
#6349 = CARTESIAN_POINT('',(56.609903,26.638598,-64.70659));
#6350 = CARTESIAN_POINT('',(54.825545,30.140598,-64.880549));
#6351 = CARTESIAN_POINT('',(52.824816,33.523647,-65.048599));
#6352 = CARTESIAN_POINT('',(50.615611,36.774394,-65.210076));
#6353 = CARTESIAN_POINT('',(48.206649,39.880008,-65.364345));
#6354 = CARTESIAN_POINT('',(45.607438,42.828235,-65.510795));
#6355 = CARTESIAN_POINT('',(42.828235,45.607438,-65.648849));
#6356 = CARTESIAN_POINT('',(39.880008,48.206649,-65.777962));
#6357 = CARTESIAN_POINT('',(36.774394,50.615611,-65.897625));
#6358 = CARTESIAN_POINT('',(33.523647,52.824816,-66.007365));
#6359 = CARTESIAN_POINT('',(30.140598,54.825545,-66.106749));
#6360 = CARTESIAN_POINT('',(26.638598,56.609903,-66.195386));
#6361 = CARTESIAN_POINT('',(23.031468,58.170848,-66.272924));
#6362 = CARTESIAN_POINT('',(19.333443,59.502219,-66.339059));
#6363 = CARTESIAN_POINT('',(15.559118,60.598762,-66.393528));
#6364 = CARTESIAN_POINT('',(11.723387,61.456149,-66.436118));
#6365 = CARTESIAN_POINT('',(7.84139,62.070997,-66.46666));
#6366 = CARTESIAN_POINT('',(3.928447,62.440879,-66.485034));
#6367 = CARTESIAN_POINT('',(67.386093,4.239574,-55.591161));
#6368 = CARTESIAN_POINT('',(66.986917,8.462416,-55.810608));
#6369 = CARTESIAN_POINT('',(66.323374,12.65186,-56.02832));
#6370 = CARTESIAN_POINT('',(65.398084,16.791374,-56.243436));
#6371 = CARTESIAN_POINT('',(64.214696,20.86462,-56.455109));
#6372 = CARTESIAN_POINT('',(62.777883,24.855522,-56.662503));
#6373 = CARTESIAN_POINT('',(61.093314,28.748331,-56.8648));
#6374 = CARTESIAN_POINT('',(59.167638,32.527684,-57.0612));
#6375 = CARTESIAN_POINT('',(57.008454,36.178665,-57.250929));
#6376 = CARTESIAN_POINT('',(54.624283,39.686865,-57.433239));
#6377 = CARTESIAN_POINT('',(52.024536,43.038439,-57.607409));
#6378 = CARTESIAN_POINT('',(49.219471,46.22016,-57.772752));
#6379 = CARTESIAN_POINT('',(46.22016,49.219471,-57.928617));
#6380 = CARTESIAN_POINT('',(43.038439,52.024536,-58.074386));
#6381 = CARTESIAN_POINT('',(39.686865,54.624283,-58.209487));
#6382 = CARTESIAN_POINT('',(36.178665,57.008454,-58.333384));
#6383 = CARTESIAN_POINT('',(32.527684,59.167638,-58.44559));
#6384 = CARTESIAN_POINT('',(28.748331,61.093314,-58.545661));
#6385 = CARTESIAN_POINT('',(24.855522,62.777883,-58.633202));
#6386 = CARTESIAN_POINT('',(20.86462,64.214696,-58.707868));
#6387 = CARTESIAN_POINT('',(16.791374,65.398084,-58.769365));
#6388 = CARTESIAN_POINT('',(12.65186,66.323374,-58.817449));
#6389 = CARTESIAN_POINT('',(8.462416,66.986917,-58.851932));
#6390 = CARTESIAN_POINT('',(4.239574,67.386093,-58.872675));
#6391 = CARTESIAN_POINT('',(74.463433,4.684842,-44.762257));
#6392 = CARTESIAN_POINT('',(74.022332,9.351195,-45.019016));
#6393 = CARTESIAN_POINT('',(73.2891,13.980644,-45.273744));
#6394 = CARTESIAN_POINT('',(72.266629,18.554917,-45.525437));
#6395 = CARTESIAN_POINT('',(70.958954,23.055962,-45.7731));
#6396 = CARTESIAN_POINT('',(69.371237,27.466016,-46.015757));
#6397 = CARTESIAN_POINT('',(67.509743,31.767674,-46.25245));
#6398 = CARTESIAN_POINT('',(65.38182,35.943959,-46.482244));
#6399 = CARTESIAN_POINT('',(62.995864,39.978391,-46.704232));
#6400 = CARTESIAN_POINT('',(60.361292,43.855045,-46.917539));
#6401 = CARTESIAN_POINT('',(57.488501,47.558624,-47.121323));
#6402 = CARTESIAN_POINT('',(54.38883,51.074511,-47.31478));
#6403 = CARTESIAN_POINT('',(51.074511,54.38883,-47.497145));
#6404 = CARTESIAN_POINT('',(47.558624,57.488501,-47.6677));
#6405 = CARTESIAN_POINT('',(43.855045,60.361292,-47.825771));
#6406 = CARTESIAN_POINT('',(39.978391,62.995864,-47.970735));
#6407 = CARTESIAN_POINT('',(35.943959,65.38182,-48.102019));
#6408 = CARTESIAN_POINT('',(31.767674,67.509743,-48.219104));
#6409 = CARTESIAN_POINT('',(27.466016,69.371237,-48.32153));
#6410 = CARTESIAN_POINT('',(23.055962,70.958954,-48.408892));
#6411 = CARTESIAN_POINT('',(18.554917,72.266629,-48.480845));
#6412 = CARTESIAN_POINT('',(13.980644,73.2891,-48.537105));
#6413 = CARTESIAN_POINT('',(9.351195,74.022332,-48.57745));
#6414 = CARTESIAN_POINT('',(4.684842,74.463433,-48.601721));
#6415 = CARTESIAN_POINT('',(80.169254,5.043822,-36.621361));
#6416 = CARTESIAN_POINT('',(79.694354,10.067738,-36.909313));
#6417 = CARTESIAN_POINT('',(78.904937,15.051922,-37.194987));
#6418 = CARTESIAN_POINT('',(77.804118,19.976702,-37.477256));
#6419 = CARTESIAN_POINT('',(76.396242,24.822644,-37.755007));
#6420 = CARTESIAN_POINT('',(74.686864,29.570622,-38.027143));
#6421 = CARTESIAN_POINT('',(72.682732,34.201898,-38.29259));
#6422 = CARTESIAN_POINT('',(70.391755,38.698195,-38.550301));
#6423 = CARTESIAN_POINT('',(67.822973,43.041767,-38.799258));
#6424 = CARTESIAN_POINT('',(64.986525,47.215474,-39.038479));
#6425 = CARTESIAN_POINT('',(61.893605,51.202843,-39.26702));
#6426 = CARTESIAN_POINT('',(58.556419,54.988137,-39.483978));
#6427 = CARTESIAN_POINT('',(54.988137,58.556419,-39.688498));
#6428 = CARTESIAN_POINT('',(51.202843,61.893605,-39.879773));
#6429 = CARTESIAN_POINT('',(47.215474,64.986525,-40.057048));
#6430 = CARTESIAN_POINT('',(43.041767,67.822973,-40.219622));
#6431 = CARTESIAN_POINT('',(38.698195,70.391755,-40.366855));
#6432 = CARTESIAN_POINT('',(34.201898,72.682732,-40.498165));
#6433 = CARTESIAN_POINT('',(29.570622,74.686864,-40.613034));
#6434 = CARTESIAN_POINT('',(24.822644,76.396242,-40.711009));
#6435 = CARTESIAN_POINT('',(19.976702,77.804118,-40.791703));
#6436 = CARTESIAN_POINT('',(15.051922,78.904937,-40.854798));
#6437 = CARTESIAN_POINT('',(10.067738,79.694354,-40.900044));
#6438 = CARTESIAN_POINT('',(5.043822,80.169254,-40.927264));
#6439 = CARTESIAN_POINT('',(88.369556,5.559741,-25.965881));
#6440 = CARTESIAN_POINT('',(87.846079,11.097541,-26.300215));
#6441 = CARTESIAN_POINT('',(86.975915,16.591543,-26.631905));
#6442 = CARTESIAN_POINT('',(85.762496,22.020066,-26.959641));
#6443 = CARTESIAN_POINT('',(84.210612,27.361686,-27.282131));
#6444 = CARTESIAN_POINT('',(82.326387,32.595323,-27.598101));
#6445 = CARTESIAN_POINT('',(80.117258,37.70032,-27.906306));
#6446 = CARTESIAN_POINT('',(77.591942,42.656531,-28.205527));
#6447 = CARTESIAN_POINT('',(74.760406,47.444396,-28.494585));
#6448 = CARTESIAN_POINT('',(71.633825,52.04502,-28.772339));
#6449 = CARTESIAN_POINT('',(68.224538,56.440247,-29.037692));
#6450 = CARTESIAN_POINT('',(64.546,60.612729,-29.289597));
#6451 = CARTESIAN_POINT('',(60.612729,64.546,-29.527061));
#6452 = CARTESIAN_POINT('',(56.440247,68.224538,-29.749146));
#6453 = CARTESIAN_POINT('',(52.04502,71.633825,-29.954975));
#6454 = CARTESIAN_POINT('',(47.444396,74.760406,-30.143736));
#6455 = CARTESIAN_POINT('',(42.656531,77.591942,-30.314684));
#6456 = CARTESIAN_POINT('',(37.70032,80.117258,-30.467145));
#6457 = CARTESIAN_POINT('',(32.595323,82.326387,-30.600517));
#6458 = CARTESIAN_POINT('',(27.361686,84.210612,-30.714273));
#6459 = CARTESIAN_POINT('',(22.020066,85.762496,-30.807965));
#6460 = CARTESIAN_POINT('',(16.591543,86.975915,-30.881223));
#6461 = CARTESIAN_POINT('',(11.097541,87.846079,-30.933758));
#6462 = CARTESIAN_POINT('',(5.559741,88.369556,-30.965362));
#6463 = CARTESIAN_POINT('',(95.013353,5.977734,-18.321933));
#6464 = CARTESIAN_POINT('',(94.450521,11.931876,-18.695054));
#6465 = CARTESIAN_POINT('',(93.514936,17.838928,-19.065223));
#6466 = CARTESIAN_POINT('',(92.21029,23.675578,-19.430981));
#6467 = CARTESIAN_POINT('',(90.541732,29.418792,-19.790883));
#6468 = CARTESIAN_POINT('',(88.515848,35.045903,-20.14351));
#6469 = CARTESIAN_POINT('',(86.140631,40.534704,-20.48747));
#6470 = CARTESIAN_POINT('',(83.425457,45.863533,-20.821404));
#6471 = CARTESIAN_POINT('',(80.381041,51.01136,-21.143997));
#6472 = CARTESIAN_POINT('',(77.019398,55.957868,-21.453973));
#6473 = CARTESIAN_POINT('',(73.353794,60.683536,-21.75011));
#6474 = CARTESIAN_POINT('',(69.398696,65.169714,-22.03124));
#6475 = CARTESIAN_POINT('',(65.169714,69.398696,-22.296252));
#6476 = CARTESIAN_POINT('',(60.683536,73.353794,-22.544101));
#6477 = CARTESIAN_POINT('',(55.957868,77.019398,-22.773808));
#6478 = CARTESIAN_POINT('',(51.01136,80.381041,-22.984468));
#6479 = CARTESIAN_POINT('',(45.863533,83.425457,-23.175248));
#6480 = CARTESIAN_POINT('',(40.534704,86.140631,-23.345397));
#6481 = CARTESIAN_POINT('',(35.045903,88.515848,-23.494241));
#6482 = CARTESIAN_POINT('',(29.418792,90.541732,-23.621195));
#6483 = CARTESIAN_POINT('',(23.675578,92.21029,-23.725756));
#6484 = CARTESIAN_POINT('',(17.838928,93.514936,-23.807512));
#6485 = CARTESIAN_POINT('',(11.931876,94.450521,-23.866142));
#6486 = CARTESIAN_POINT('',(5.977734,95.013353,-23.901412));
#6487 = CARTESIAN_POINT('',(102.125556,6.425195,-11.184913));
#6488 = CARTESIAN_POINT('',(101.520593,12.825033,-11.600636));
#6489 = CARTESIAN_POINT('',(100.514975,19.174257,-12.013071));
#6490 = CARTESIAN_POINT('',(99.11267,25.447808,-12.42059));
#6491 = CARTESIAN_POINT('',(97.319213,31.620929,-12.821586));
#6492 = CARTESIAN_POINT('',(95.141681,37.669256,-13.214475));
#6493 = CARTESIAN_POINT('',(92.588669,43.56892,-13.597708));
#6494 = CARTESIAN_POINT('',(89.670251,49.296638,-13.969771));
#6495 = CARTESIAN_POINT('',(86.397946,54.829804,-14.329196));
#6496 = CARTESIAN_POINT('',(82.784667,60.146581,-14.674565));
#6497 = CARTESIAN_POINT('',(78.844675,65.225988,-15.004515));
#6498 = CARTESIAN_POINT('',(74.59352,70.047978,-15.317743));
#6499 = CARTESIAN_POINT('',(70.047978,74.59352,-15.613014));
#6500 = CARTESIAN_POINT('',(65.225988,78.844675,-15.889162));
#6501 = CARTESIAN_POINT('',(60.146581,82.784667,-16.145097));
#6502 = CARTESIAN_POINT('',(54.829804,86.397946,-16.37981));
#6503 = CARTESIAN_POINT('',(49.296638,89.670251,-16.592373));
#6504 = CARTESIAN_POINT('',(43.56892,92.588669,-16.781949));
#6505 = CARTESIAN_POINT('',(37.669256,95.141681,-16.947788));
#6506 = CARTESIAN_POINT('',(31.620929,97.319213,-17.089237));
#6507 = CARTESIAN_POINT('',(25.447808,99.11267,-17.205737));
#6508 = CARTESIAN_POINT('',(19.174257,100.514975,-17.296829));
#6509 = CARTESIAN_POINT('',(12.825033,101.520593,-17.362152));
#6510 = CARTESIAN_POINT('',(6.425195,102.125556,-17.401449));
#6511 = CARTESIAN_POINT('',(112.402469,7.071764,-2.834517));
#6512 = CARTESIAN_POINT('',(111.736629,14.115619,-3.313606));
#6513 = CARTESIAN_POINT('',(110.629815,21.103766,-3.788906));
#6514 = CARTESIAN_POINT('',(109.086396,28.008626,-4.258542));
#6515 = CARTESIAN_POINT('',(107.112463,34.802949,-4.720659));
#6516 = CARTESIAN_POINT('',(104.715806,41.45992,-5.173434));
#6517 = CARTESIAN_POINT('',(101.905883,47.953269,-5.615081));
#6518 = CARTESIAN_POINT('',(98.693784,54.257367,-6.043855));
#6519 = CARTESIAN_POINT('',(95.092186,60.347337,-6.458066));
#6520 = CARTESIAN_POINT('',(91.115303,66.199143,-6.856077));
#6521 = CARTESIAN_POINT('',(86.778829,71.789691,-7.23632));
#6522 = CARTESIAN_POINT('',(82.099879,77.096918,-7.597292));
#6523 = CARTESIAN_POINT('',(77.096918,82.099879,-7.937569));
#6524 = CARTESIAN_POINT('',(71.789691,86.778829,-8.255809));
#6525 = CARTESIAN_POINT('',(66.199143,91.115303,-8.550755));
#6526 = CARTESIAN_POINT('',(60.347337,95.092186,-8.821243));
#6527 = CARTESIAN_POINT('',(54.257367,98.693784,-9.066207));
#6528 = CARTESIAN_POINT('',(47.953269,101.905883,-9.284678));
#6529 = CARTESIAN_POINT('',(41.45992,104.715806,-9.475796));
#6530 = CARTESIAN_POINT('',(34.802949,107.112463,-9.638805));
#6531 = CARTESIAN_POINT('',(28.008626,109.086396,-9.773062));
#6532 = CARTESIAN_POINT('',(21.103766,110.629815,-9.878038));
#6533 = CARTESIAN_POINT('',(14.115619,111.736629,-9.953318));
#6534 = CARTESIAN_POINT('',(7.071764,112.402469,-9.998606));
#6535 = CARTESIAN_POINT('',(120.734738,7.595986,2.274276));
#6536 = CARTESIAN_POINT('',(120.01954,15.161994,1.742326));
#6537 = CARTESIAN_POINT('',(118.830679,22.668164,1.214583));
#6538 = CARTESIAN_POINT('',(117.172848,30.084874,0.693131));
#6539 = CARTESIAN_POINT('',(115.05259,37.382853,0.180025));
#6540 = CARTESIAN_POINT('',(112.478271,44.533298,-0.322707));
#6541 = CARTESIAN_POINT('',(109.460052,51.507991,-0.813083));
#6542 = CARTESIAN_POINT('',(106.009844,58.279405,-1.289166));
#6543 = CARTESIAN_POINT('',(102.141264,64.820817,-1.749079));
#6544 = CARTESIAN_POINT('',(97.869578,71.106411,-2.191005));
#6545 = CARTESIAN_POINT('',(93.211647,77.11138,-2.613202));
#6546 = CARTESIAN_POINT('',(88.185851,82.812026,-3.014002));
#6547 = CARTESIAN_POINT('',(82.812026,88.185851,-3.391824));
#6548 = CARTESIAN_POINT('',(77.11138,93.211647,-3.745177));
#6549 = CARTESIAN_POINT('',(71.106411,97.869578,-4.072666));
#6550 = CARTESIAN_POINT('',(64.820817,102.141264,-4.372999));
#6551 = CARTESIAN_POINT('',(58.279405,106.009844,-4.644991));
#6552 = CARTESIAN_POINT('',(51.507991,109.460052,-4.887567));
#6553 = CARTESIAN_POINT('',(44.533298,112.478271,-5.099772));
#6554 = CARTESIAN_POINT('',(37.382853,115.05259,-5.280766));
#6555 = CARTESIAN_POINT('',(30.084874,117.172848,-5.429837));
#6556 = CARTESIAN_POINT('',(22.668164,118.830679,-5.546396));
#6557 = CARTESIAN_POINT('',(15.161994,120.01954,-5.629982));
#6558 = CARTESIAN_POINT('',(7.595986,120.734738,-5.680266));
#6559 = CARTESIAN_POINT('',(132.924429,8.362896,7.377935));
#6560 = CARTESIAN_POINT('',(132.137023,16.692788,6.766815));
#6561 = CARTESIAN_POINT('',(130.828132,24.956801,6.160528));
#6562 = CARTESIAN_POINT('',(129.002922,33.122321,5.561467));
#6563 = CARTESIAN_POINT('',(126.668596,41.157122,4.971996));
#6564 = CARTESIAN_POINT('',(123.834368,49.029495,4.394442));
#6565 = CARTESIAN_POINT('',(120.511421,56.70837,3.831084));
#6566 = CARTESIAN_POINT('',(116.712871,64.163444,3.284144));
#6567 = CARTESIAN_POINT('',(112.453709,71.365294,2.755783));
#6568 = CARTESIAN_POINT('',(107.750744,78.285498,2.248084));
#6569 = CARTESIAN_POINT('',(102.622535,84.896744,1.763052));
#6570 = CARTESIAN_POINT('',(97.089322,91.172942,1.3026));
#6571 = CARTESIAN_POINT('',(91.172942,97.089322,0.868547));
#6572 = CARTESIAN_POINT('',(84.896744,102.622535,0.462604));
#6573 = CARTESIAN_POINT('',(78.285498,107.750744,8.6375E-02));
#6574 = CARTESIAN_POINT('',(71.365294,112.453709,-0.258657));
#6575 = CARTESIAN_POINT('',(64.163444,116.712871,-0.571129));
#6576 = CARTESIAN_POINT('',(56.70837,120.511421,-0.849809));
#6577 = CARTESIAN_POINT('',(49.029495,123.834368,-1.093596));
#6578 = CARTESIAN_POINT('',(41.157122,126.668596,-1.301528));
#6579 = CARTESIAN_POINT('',(33.122321,129.002922,-1.472785));
#6580 = CARTESIAN_POINT('',(24.956801,130.828132,-1.606691));
#6581 = CARTESIAN_POINT('',(16.692788,132.137023,-1.702718));
#6582 = CARTESIAN_POINT('',(8.362896,132.924429,-1.760485));
#6583 = CARTESIAN_POINT('',(145.105442,9.129261,10.309304));
#6584 = CARTESIAN_POINT('',(144.245879,18.222492,9.621334));
#6585 = CARTESIAN_POINT('',(142.817043,27.243808,8.938806));
#6586 = CARTESIAN_POINT('',(140.824573,36.157605,8.264411));
#6587 = CARTESIAN_POINT('',(138.276333,44.928704,7.600813));
#6588 = CARTESIAN_POINT('',(135.18238,53.522491,6.95063));
#6589 = CARTESIAN_POINT('',(131.554923,61.905048,6.316428));
#6590 = CARTESIAN_POINT('',(127.40828,70.043294,5.70071));
#6591 = CARTESIAN_POINT('',(122.758814,77.905112,5.105905));
#6592 = CARTESIAN_POINT('',(117.624875,85.459474,4.534362));
#6593 = CARTESIAN_POINT('',(112.026724,92.676566,3.988336));
#6594 = CARTESIAN_POINT('',(105.986455,99.527906,3.469982));
#6595 = CARTESIAN_POINT('',(99.527906,105.986455,2.981345));
#6596 = CARTESIAN_POINT('',(92.676566,112.026724,2.524354));
#6597 = CARTESIAN_POINT('',(85.459474,117.624875,2.100813));
#6598 = CARTESIAN_POINT('',(77.905112,122.758814,1.712393));
#6599 = CARTESIAN_POINT('',(70.043294,127.40828,1.360627));
#6600 = CARTESIAN_POINT('',(61.905048,131.554923,1.046902));
#6601 = CARTESIAN_POINT('',(53.522491,135.18238,0.772459));
#6602 = CARTESIAN_POINT('',(44.928704,138.276333,0.538378));
#6603 = CARTESIAN_POINT('',(36.157605,140.824573,0.345585));
#6604 = CARTESIAN_POINT('',(27.243808,142.817043,0.19484));
#6605 = CARTESIAN_POINT('',(18.222492,144.245879,8.6738E-02));
#6606 = CARTESIAN_POINT('',(9.129261,145.105442,2.1706E-02));
#6607 = CARTESIAN_POINT('',(145.105442,9.129261,12.809304));
#6608 = CARTESIAN_POINT('',(144.245879,18.222492,12.121334));
#6609 = CARTESIAN_POINT('',(142.817043,27.243808,11.438806));
#6610 = CARTESIAN_POINT('',(140.824573,36.157605,10.764411));
#6611 = CARTESIAN_POINT('',(138.276333,44.928704,10.100813));
#6612 = CARTESIAN_POINT('',(135.18238,53.522491,9.45063));
#6613 = CARTESIAN_POINT('',(131.554923,61.905048,8.816428));
#6614 = CARTESIAN_POINT('',(127.40828,70.043294,8.20071));
#6615 = CARTESIAN_POINT('',(122.758814,77.905112,7.605905));
#6616 = CARTESIAN_POINT('',(117.624875,85.459474,7.034362));
#6617 = CARTESIAN_POINT('',(112.026724,92.676566,6.488336));
#6618 = CARTESIAN_POINT('',(105.986455,99.527906,5.969982));
#6619 = CARTESIAN_POINT('',(99.527906,105.986455,5.481345));
#6620 = CARTESIAN_POINT('',(92.676566,112.026724,5.024354));
#6621 = CARTESIAN_POINT('',(85.459474,117.624875,4.600813));
#6622 = CARTESIAN_POINT('',(77.905112,122.758814,4.212393));
#6623 = CARTESIAN_POINT('',(70.043294,127.40828,3.860627));
#6624 = CARTESIAN_POINT('',(61.905048,131.554923,3.546902));
#6625 = CARTESIAN_POINT('',(53.522491,135.18238,3.272459));
#6626 = CARTESIAN_POINT('',(44.928704,138.276333,3.038378));
#6627 = CARTESIAN_POINT('',(36.157605,140.824573,2.845585));
#6628 = CARTESIAN_POINT('',(27.243808,142.817043,2.69484));
#6629 = CARTESIAN_POINT('',(18.222492,144.245879,2.586738));
#6630 = CARTESIAN_POINT('',(9.129261,145.105442,2.521706));
#6631 = CARTESIAN_POINT('',(145.105442,9.129261,15.309304));
#6632 = CARTESIAN_POINT('',(144.245879,18.222492,14.621334));
#6633 = CARTESIAN_POINT('',(142.817043,27.243808,13.938806));
#6634 = CARTESIAN_POINT('',(140.824573,36.157605,13.264411));
#6635 = CARTESIAN_POINT('',(138.276333,44.928704,12.600813));
#6636 = CARTESIAN_POINT('',(135.18238,53.522491,11.95063));
#6637 = CARTESIAN_POINT('',(131.554923,61.905048,11.316428));
#6638 = CARTESIAN_POINT('',(127.40828,70.043294,10.70071));
#6639 = CARTESIAN_POINT('',(122.758814,77.905112,10.105905));
#6640 = CARTESIAN_POINT('',(117.624875,85.459474,9.534362));
#6641 = CARTESIAN_POINT('',(112.026724,92.676566,8.988336));
#6642 = CARTESIAN_POINT('',(105.986455,99.527906,8.469982));
#6643 = CARTESIAN_POINT('',(99.527906,105.986455,7.981345));
#6644 = CARTESIAN_POINT('',(92.676566,112.026724,7.524354));
#6645 = CARTESIAN_POINT('',(85.459474,117.624875,7.100813));
#6646 = CARTESIAN_POINT('',(77.905112,122.758814,6.712393));
#6647 = CARTESIAN_POINT('',(70.043294,127.40828,6.360627));
#6648 = CARTESIAN_POINT('',(61.905048,131.554923,6.046902));
#6649 = CARTESIAN_POINT('',(53.522491,135.18238,5.772459));
#6650 = CARTESIAN_POINT('',(44.928704,138.276333,5.538378));
#6651 = CARTESIAN_POINT('',(36.157605,140.824573,5.345585));
#6652 = CARTESIAN_POINT('',(27.243808,142.817043,5.19484));
#6653 = CARTESIAN_POINT('',(18.222492,144.245879,5.086738));
#6654 = CARTESIAN_POINT('',(9.129261,145.105442,5.021706));
#6655 = ( GEOMETRIC_REPRESENTATION_CONTEXT(3) 
GLOBAL_UNCERTAINTY_ASSIGNED_CONTEXT((#6659)) 
GLOBAL_UNIT_ASSIGNED_CONTEXT((#6656,#6657,#6658)) REPRESENTATION_CONTEXT
('Context #1','3D Context with UNIT and UNCERTAINTY') );
#6656 = ( LENGTH_UNIT() NAMED_UNIT(*) SI_UNIT(.MILLI.,.METRE.) );
#6657 = ( NAMED_UNIT(*) PLANE_ANGLE_UNIT() SI_UNIT($,.RADIAN.) );
#6658 = ( NAMED_UNIT(*) SI_UNIT($,.STERADIAN.) SOLID_ANGLE_UNIT() );
#6659 = UNCERTAINTY_MEASURE_WITH_UNIT(LENGTH_MEASURE(1.E-07),#6656,
  'distance_accuracy_value','confusion accuracy');
#6660 = CONTEXT_DEPENDENT_SHAPE_REPRESENTATION(#6661,#6663);
#6661 = ( REPRESENTATION_RELATIONSHIP('','',#5885,#10) 
REPRESENTATION_RELATIONSHIP_WITH_TRANSFORMATION(#6662) 
SHAPE_REPRESENTATION_RELATIONSHIP() );
#6662 = ITEM_DEFINED_TRANSFORMATION('','',#11,#391);
#6663 = PRODUCT_DEFINITION_SHAPE('Placement','Placement of an item',
  #6664);
#6664 = NEXT_ASSEMBLY_USAGE_OCCURRENCE('95','','',#5,#5880,$);
#6665 = PRODUCT_RELATED_PRODUCT_CATEGORY('part',$,(#5882));
ENDSEC;
END-ISO-10303-21;
