$MeshFormat
2.2 0 8
$EndMeshFormat
$PhysicalNames
4
2 1 "horn_surface"
2 2 "throat_cap"
2 3 "interface_wall"
2 4 "interface_face"
$EndPhysicalNames
$Nodes
8490
1 15 0 -100
2 59.84221633333334 3.764953 5.968520833333334
3 60 0 20
4 14.94964867194176 1.228008381693632 -100
5 14.76211794495515 2.66080322068977 -100
6 13.9996887632927 5.385973870242594 -100
7 12.9927607659215 7.495876711868397 -100
8 11.04785198820263 10.14617989426401 -100
9 7.993738574443973 12.69252313779441 -100
10 4.367382870147003 14.35012079620052 -100
11 0.4324359342231346 14.99376534306151 -100
12 -3.533066128537409 14.57797803988542 -100
13 -7.248928244345469 13.13213765189546 -100
14 -10.4525944383835 10.75840459857661 -100
15 -12.91769955652285 7.624502486550154 -100
16 -14.47006381029196 3.951867068371469 -100
17 -15 7.51116291559939e-14 -100
18 -14.470063810292 -3.951867068371331 -100
19 -12.91769955652292 -7.624502486550028 -100
20 -10.45259443838361 -10.7584045985765 -100
21 -7.248928244345583 -13.1321376518954 -100
22 -3.533066128537507 -14.5779780398854 -100
23 0.4324359342230577 -14.99376534306152 -100
24 4.367382870146955 -14.35012079620053 -100
25 7.993738574443949 -12.69252313779442 -100
26 11.04785198820263 -10.14617989426401 -100
27 12.9927607659215 -7.495876711868402 -100
28 13.9996887632927 -5.385973870242597 -100
29 14.51027581636833 -3.801564905787671 -100
30 14.88613984127752 -1.844679003493556 -100
31 14.99194392131545 -0.4915459898451059 -100
32 59.93469564826933 2.798617078009439 20
33 59.62038697081406 6.738653979125564 20
34 58.77529528803068 12.06087326045668 20
35 56.8674130905171 19.13367001890864 20
36 53.88016127623941 26.39939811523042 20
37 49.96924667391617 33.21256368968403 20
38 45.20171374295183 39.4563692539017 20
39 39.65929187417982 45.02377780727218 20
40 33.43699431022181 49.81934776267343 20
41 26.64148934196335 53.76086909306855 20
42 19.38927170357901 56.78077265064989 20
43 11.80466551371873 58.82728849869948 20
44 4.017692998255894 59.86533339898614 20
45 -3.838154469107259 59.87711224058214 20
46 -11.62820479752514 58.86242309985899 20
47 -19.21891385062313 56.83866070204616 20
48 -26.48015478168895 53.84051822501151 20
49 -33.28744878657286 49.91939255721456 20
50 -39.52409903269937 45.14250320544235 20
51 -45.08319118243557 39.59173995681376 20
52 -49.86942621602351 33.36225904947965 20
53 -53.80075413415639 26.5608519177389 20
54 -56.8097805337817 19.30411447602706 20
55 -58.84492194432796 11.71644832557841 20
56 -59.87129011852927 3.927928148897138 20
57 -59.87129011852932 -3.927928148896538 20
58 -58.84492194432808 -11.71644832557784 20
59 -56.80978053378189 -19.30411447602652 20
60 -53.80075413415666 -26.56085191773836 20
61 -49.86942621602385 -33.36225904947916 20
62 -45.08319118243598 -39.59173995681331 20
63 -39.52409903269982 -45.14250320544195 20
64 -33.28744878657329 -49.91939255721427 20
65 -26.48015478168936 -53.8405182250113 20
66 -19.2189138506235 -56.83866070204603 20
67 -11.62820479752549 -58.86242309985892 20
68 -3.838154469107539 -59.87711224058213 20
69 4.017692998255667 -59.86533339898615 20
70 11.8046655137185 -58.82728849869952 20
71 19.38927170357886 -56.78077265064994 20
72 26.64148934196326 -53.7608690930686 20
73 33.43699431022174 -49.81934776267348 20
74 39.65929187417981 -45.02377780727218 20
75 45.20171374295188 -39.45636925390165 20
76 49.96924667391622 -33.21256368968394 20
77 53.88016127623949 -26.39939811523025 20
78 56.86741309051716 -19.1336700189085 20
79 58.77529528803071 -12.06087326045652 20
80 59.62038697081407 -6.73865397912545 20
81 59.93469564826933 -2.798617078009396 20
82 14.99970803849625 0.09358825100356925 -100.0000000000001
83 14.99883234106332 0.1871587776956603 -100.0000000000003
84 14.99737319462554 0.2807085119840114 -100.0000000000005
85 14.99533089809531 0.3742342447566498 -100.0000000000006
86 14.99270576808807 0.4677325860950343 -100.0000000000007
87 14.98949814175989 0.5612000421967909 -100.0000000000007
88 14.98570838934777 0.6546328043517941 -100.0000000000009
89 14.98133691686417 0.748026893629161 -100.0000000000009
90 14.97638417680319 0.8413780667025703 -100.0000000000011
91 14.9708506772675 0.9346818037973018 -100.0000000000012
92 14.96473697550678 1.027933530508357 -100.0000000000012
93 14.95804360897569 1.121129562421464 -100.0000000000013
94 14.9507711017411 1.21426668492964 -100.0000000000013
95 14.94292005267364 1.307340978326497 -100.0000000000013
96 14.93449108633924 1.400348578724882 -100.0000000000014
97 14.92548489354666 1.49328525680481 -100.0000000000014
98 14.91590223762055 1.586146468399701 -100.0000000000013
99 14.9057439637508 1.678927361214806 -100.0000000000014
100 14.89501101600055 1.771622715410148 -100.0000000000014
101 14.88370444769632 1.864226955388175 -100.0000000000013
102 14.87182539942283 1.956734404871925 -100.0000000000014
103 14.85937485083933 2.049141112354751 -100.0000000000014
104 14.84635372053387 2.141443782633097 -100.0000000000014
105 14.83276295446896 2.233639052854213 -100.0000000000014
106 14.81860356483033 2.325723259967836 -100.0000000000014
107 14.80387661028106 2.417692621457289 -100.0000000000014
108 14.78858321484113 2.509543148006227 -100.0000000000013
109 14.77272458306458 2.60127059637083 -100.0000000000013
110 14.75630200849272 2.692870469274121 -100.0000000000014
111 14.73931688274014 2.78433801228218 -100.0000000000013
112 14.72177068544373 2.875668309591995 -100.0000000000013
113 14.70366474371926 2.966857504119333 -100.0000000000013
114 14.68500025032534 3.057902548474237 -100.0000000000012
115 14.66577851562357 3.148799911072581 -100.0000000000012
116 14.64600088213727 3.239546034507078 -100.0000000000011
117 14.62566878281685 3.330137084750171 -100.0000000000011
118 14.60478375127574 3.420568947364453 -100.000000000001
119 14.5833474237604 3.51083725898709 -100.000000000001
120 14.56136156173301 3.600937350795713 -100.000000000001
121 14.53882806156793 3.69086425182821 -100.000000000001
122 14.51574895566639 3.780612725133828 -100.0000000000009
123 14.49212603419255 3.870178719558556 -100.0000000000009
124 14.46796085231042 3.959559202476708 -100.0000000000009
125 14.44325496011485 4.048751220747672 -100.0000000000008
126 14.41800997221071 4.137751650228436 -100.0000000000008
127 14.39222759830934 4.226557112172353 -100.0000000000008
128 14.36590957520569 4.315164229344932 -100.0000000000007
129 14.3390577345116 4.403569406716361 -100.0000000000007
130 14.31167400386609 4.491768852442459 -100.0000000000007
131 14.28376041483487 4.579758575591952 -100.0000000000006
132 14.25531911394338 4.667534374842247 -100.0000000000006
133 14.22635208521077 4.755092691960447 -100.0000000000005
134 14.19686100221543 4.842430983031028 -100.0000000000006
135 14.166847662842 4.929546370506038 -100.0000000000005
136 14.13631360662109 5.016436754842296 -100.0000000000004
137 14.10526098107885 5.103098346510981 -100.0000000000004
138 14.07369170089823 5.189528106156015 -100.0000000000003
139 14.04160790011407 5.27572247314205 -100.0000000000004
140 14.00901184624339 5.361677638885971 -100.0000000000003
141 13.97590596714762 5.447389501963238 -100.0000000000003
142 13.94229286632014 5.532853657507365 -100.0000000000003
143 13.90817510008266 5.618065977538298 -100.0000000000003
144 13.87355477408424 5.703023570870124 -100.0000000000003
145 13.8384338145907 5.787724030700042 -100.0000000000002
146 13.80281442546523 5.872164320722892 -100.0000000000002
147 13.76669875578174 5.956341596835546 -100.0000000000001
148 13.73008908690913 6.040252767364496 -100.0000000000001
149 13.69298780242238 6.123894581768606 -100
150 13.65539743029567 6.207263552060128 -100.0000000000001
151 13.61732062187828 6.290356018828438 -100
152 13.57876017961467 6.373168107481706 -100
153 13.53971896679692 6.455695936262576 -100.0000000000001
154 13.50019923926845 6.537936998898893 -100
155 13.46020304877859 6.619889241370006 -99.99999999999996
156 13.419732477621 6.70155055886082 -99.99999999999997
157 13.37878970948627 6.782918660539234 -99.99999999999994
158 13.33737693154926 6.863991274394665 -99.99999999999994
159 13.29549655582727 6.944765722976697 -99.99999999999986
160 13.25315102487614 7.025239320449259 -99.99999999999991
161 13.21034294509104 7.105409126605664 -99.99999999999986
162 13.16707503932562 7.185272053211739 -99.99999999999986
163 13.12335019010327 7.264824797976759 -99.99999999999986
164 13.0791709379478 7.344064754738243 -99.99999999999983
165 13.03453941339487 7.422990085940644 -99.99999999999983
166 12.98945787173814 7.501598744544706 -99.99999999999983
167 12.94392858980306 7.579888665372162 -99.99999999999977
168 12.89795410721097 7.657857360792558 -99.9999999999998
169 12.85153705809797 7.735502229847873 -99.99999999999974
170 12.80468025640188 7.812820427331502 -99.99999999999976
171 12.75738670671549 7.889808863945932 -99.99999999999973
172 12.70965961277254 7.966464210595952 -99.99999999999973
173 12.66150249648201 8.042782728688943 -99.99999999999972
174 12.6129184882738 8.118761401633439 -99.99999999999973
175 12.56391024295292 8.194398019122106 -99.99999999999972
176 12.51448001381958 8.269691014412524 -99.99999999999972
177 12.46463005746819 8.344638819210349 -99.99999999999969
178 12.41436270590355 8.419239757984791 -99.99999999999969
179 12.36368036853289 8.493492052479668 -99.99999999999969
180 12.31258548700868 8.567393893802347 -99.99999999999969
181 12.26108048655495 8.640943514188669 -99.99999999999969
182 12.20916795377701 8.714138936084652 -99.99999999999969
183 12.15685065531675 8.78697796025434 -99.99999999999969
184 12.10413134687369 8.859458441520765 -99.99999999999969
185 12.05101239116483 8.931578802098127 -99.99999999999969
186 11.99749590633434 9.003337799906019 -99.99999999999969
187 11.94358411814132 9.074734044981499 -99.99999999999969
188 11.88927944278904 9.145765901167465 -99.99999999999969
189 11.83458447858593 9.216431512313644 -99.99999999999969
190 11.77950198616338 9.286728841471657 -99.99999999999969
191 11.72403499339736 9.35665555134551 -99.9999999999997
192 11.66818671977167 9.426209117249211 -99.99999999999969
193 11.61196064510786 9.495386755861661 -99.9999999999997
194 11.5553605202681 9.564185429590946 -99.9999999999997
195 11.49839002303031 9.63260227466802 -99.99999999999972
196 11.4410517708168 9.700635757539573 -99.99999999999972
197 11.38334820523177 9.768284566969193 -99.99999999999972
198 11.32528177146416 9.835547395045907 -99.99999999999977
199 11.26685498817231 9.902422858051239 -99.99999999999977
200 11.20807049624275 9.968909446713507 -99.99999999999977
201 11.14893083994084 10.03500577745295 -99.99999999999976
202 11.08943895773695 10.10071004692622 -99.99999999999979
203 11.02959765264183 10.16602063212421 -99.99999999999979
204 10.96940997943783 10.2309356657994 -99.99999999999979
205 10.90887910072778 10.29545320437391 -99.9999999999998
206 10.84800771265882 10.35957183512358 -99.99999999999979
207 10.7867979005482 10.42329079595944 -99.9999999999998
208 10.72525183184223 10.48660922946551 -99.99999999999977
209 10.66337176800018 10.54952617651593 -99.9999999999998
210 10.60116049710681 10.61204015021808 -99.9999999999998
211 10.53861980018442 10.67415068125369 -99.9999999999998
212 10.47575329121708 10.73585548823013 -99.99999999999983
213 10.41256375976583 10.7971531458531 -99.99999999999983
214 10.34905442135874 10.85804184526054 -99.99999999999983
215 10.28522876171589 10.91851956412486 -99.99999999999983
216 10.22109038900495 10.97858421819235 -99.99999999999984
217 10.15664208644773 11.0382345384973 -99.99999999999983
218 10.09188615402155 11.09746971503012 -99.99999999999984
219 10.02682485631656 11.15628896832941 -99.99999999999983
220 9.96146059051792 11.21469139877333 -99.99999999999983
221 9.895795762623694 11.27267610251829 -99.99999999999986
222 9.829832845044587 11.33024212219767 -99.99999999999986
223 9.763574431663541 11.38738840328952 -99.99999999999986
224 9.697023151442945 11.44411387355079 -99.99999999999986
225 9.630181884800155 11.50041726356095 -99.99999999999986
226 9.563053510515806 11.55629732850304 -99.99999999999986
227 9.49564085330354 11.61175289065772 -99.99999999999986
228 9.427945948922055 11.66678343036892 -99.99999999999984
229 9.359970623300715 11.72138858564048 -99.99999999999986
230 9.291716876095553 11.77556784007496 -99.99999999999986
231 9.223186879566331 11.82932053259075 -99.99999999999987
232 9.154382951226083 11.88264588701807 -99.99999999999986
233 9.085307621156415 11.93554296787667 -99.99999999999986
234 9.015963628244904 11.98801069309009 -99.99999999999989
235 8.946353923131682 12.04004784123499 -99.99999999999989
236 8.876481746897843 12.09165300308841 -99.99999999999989
237 8.806350547624691 12.14282465469425 -99.9999999999999
238 8.735963603968781 12.19356143560436 -99.99999999999989
239 8.665323198748792 12.2438627256922 -99.99999999999989
240 8.594431529914457 12.2937279647726 -99.99999999999991
241 8.523290879464481 12.34315653256104 -99.99999999999989
242 8.451903654991415 12.39214772419388 -99.99999999999991
243 8.380272413727951 12.44070073953327 -99.99999999999989
244 8.308399786779207 12.48881473994013 -99.9999999999999
245 8.236288676101626 12.53648872193363 -99.9999999999999
246 8.163942075129999 12.58372164465199 -99.9999999999999
247 8.091363225812493 12.63051233276784 -99.9999999999999
248 8.018555535581379 12.67685953879175 -99.9999999999999
249 7.945522024975845 12.72276229426864 -99.9999999999999
250 7.872264685542054 12.768220289772 -99.99999999999989
251 7.798785447841178 12.81323324483767 -99.99999999999989
252 7.725086320772863 12.85780082224543 -99.9999999999999
253 7.651169414367615 12.90192261795082 -99.9999999999999
254 7.577036916498615 12.9455981789622 -99.99999999999991
255 7.502691165681653 12.98882696454516 -99.99999999999991
256 7.428134698816848 13.03160832496387 -99.99999999999991
257 7.353369904687592 13.07394170400036 -99.99999999999989
258 7.278399791611383 13.11582620741694 -99.99999999999987
259 7.203227215545155 13.15726104875405 -99.99999999999993
260 7.1278547277043 13.1982456257614 -99.99999999999991
261 7.052284039890633 13.23877979386607 -99.99999999999991
262 6.976516896099556 13.27886337756511 -99.9999999999999
263 6.9005551775846 13.3184961175727 -99.99999999999991
264 6.824400931443294 13.35767766155338 -99.99999999999993
265 6.748056317163478 13.3964075973031 -99.99999999999994
266 6.671523737842305 13.4346853918148 -99.99999999999993
267 6.594805743380068 13.47251044746234 -99.99999999999994
268 6.51790516196367 13.5098820437911 -99.99999999999993
269 6.440824971200951 13.54679940852495 -99.99999999999993
270 6.363568434969342 13.58326165853582 -99.99999999999993
271 6.286138375247324 13.61926814567337 -99.99999999999993
272 6.20853660984258 13.65481869692494 -99.99999999999991
273 6.130764917276033 13.68991314783676 -99.99999999999993
274 6.052825171303772 13.72455128213203 -99.99999999999991
275 5.974719336355956 13.75873283720254 -99.99999999999993
276 5.896449501073369 13.79245749306595 -99.99999999999991
277 5.818017848230209 13.82572488938408 -99.99999999999994
278 5.739426735937144 13.85853459511979 -99.99999999999994
279 5.66067873678656 13.89088609851238 -99.99999999999993
280 5.581776359854141 13.92277892565797 -99.99999999999993
281 5.502722612768232 13.95421241675561 -99.99999999999993
282 5.423519952622658 13.98518614924324 -99.99999999999991
283 5.344169866040506 14.01570007985767 -99.99999999999993
284 5.264673844728263 14.04575414757342 -99.99999999999994
285 5.185033502842018 14.07534823083904 -99.99999999999993
286 5.10525059855318 14.1044821439932 -99.99999999999994
287 5.025327056540347 14.133155634114 -99.99999999999991
288 4.945264951578781 14.16136839224208 -99.99999999999994
289 4.865066583043699 14.18912003273252 -99.99999999999993
290 4.78473441442029 14.21641012079604 -99.99999999999993
291 4.704271144104987 14.24323815430621 -99.99999999999993
292 4.623679708009217 14.2696035702996 -99.99999999999993
293 4.542962846068119 14.29550589007404 -99.99999999999994
294 4.462122318067788 14.32094495731931 -99.99999999999994
295 4.381159830154756 14.3459206247853 -99.99999999999993
296 4.300077217702497 14.37043269807208 -99.99999999999993
297 4.218876468069715 14.39448093309458 -99.99999999999991
298 4.137559702693418 14.41806504600296 -99.99999999999994
299 4.0561292380473 14.44118470024226 -99.99999999999994
300 3.974587596521346 14.46383950955087 -99.99999999999993
301 3.892937455640154 14.48602905786332 -99.9999999999999
302 3.811181728443675 14.50775288285598 -99.99999999999993
303 3.729323578961329 14.52901047901227 -99.99999999999991
304 3.647365976414969 14.54980141681389 -99.99999999999993
305 3.565310526526607 14.57012562276149 -99.99999999999994
306 3.483158527741464 14.58998308646857 -99.99999999999991
307 3.400911372482715 14.60937375826841 -99.99999999999991
308 3.318570545909341 14.62829755247674 -99.99999999999993
309 3.236137643066777 14.64675434651288 -99.99999999999991
310 3.153614392645403 14.66474397917556 -99.99999999999993
311 3.071002656173551 14.68226625486209 -99.99999999999991
312 2.988304454606598 14.6993209421534 -99.99999999999991
313 2.90552198617476 14.71590777502469 -99.99999999999993
314 2.822657626081963 14.73202645812189 -99.99999999999993
315 2.739713787153736 14.7476766978214 -99.99999999999993
316 2.656692294928932 14.76285831577228 -99.99999999999993
317 2.573594760087171 14.77757116698482 -99.99999999999991
318 2.49042297448941 14.79181506698819 -99.99999999999994
319 2.407178911140374 14.80558979714963 -99.99999999999991
320 2.323864729053307 14.81889510918731 -99.99999999999994
321 2.240482799462847 14.8317307265932 -99.99999999999991
322 2.157035723963397 14.84409634810193 -99.99999999999994
323 2.073526324045978 14.85599165574357 -99.99999999999993
324 1.989957686224981 14.86741631506448 -99.99999999999993
325 1.906333154794223 14.87836998357894 -99.99999999999987
326 1.82265621176053 14.88885233275332 -99.99999999999994
327 1.738929077734862 14.89886321513985 -99.99999999999994
328 1.655153142528852 14.90840258056594 -99.99999999999994
329 1.571329836261944 14.91747036076534 -99.99999999999994
330 1.48746066221101 14.92606646731801 -99.99999999999994
331 1.403547209090614 14.93419079262928 -99.99999999999991
332 1.319591162664021 14.94184321137128 -99.99999999999993
333 1.235594322886085 14.94902358184737 -99.9999999999999
334 1.151558616386721 14.95573174828348 -99.99999999999993
335 1.067486111164137 14.96196754337121 -99.99999999999993
336 0.9833790307306075 14.96773079133239 -99.99999999999993
337 0.8992397362263035 14.97302131337431 -99.99999999999994
338 0.8150700883552767 14.97783896627813 -99.99999999999993
339 0.7308714533772221 14.9821836279858 -99.99999999999993
340 0.6466453468175076 14.98605515589343 -99.99999999999994
341 0.5623934762874707 14.98945338945023 -99.99999999999991
342 0.4781177573675441 14.99237815505034 -99.99999999999994
343 0.3938203253489165 14.99482927155858 -99.99999999999994
344 0.309503557087511 14.99680655601527 -99.99999999999994
345 0.2251700689729836 14.99830983043124 -99.99999999999993
346 0.1408227475666811 14.99933892820454 -99.99999999999989
347 0.05646475085887699 14.99989370168131 -99.99999999999993
348 -0.02790048084818873 14.99997402977976 -99.99999999999993
349 -0.1122701791857683 14.99957981876353 -99.99999999999993
350 -0.1966429106020748 14.99871097463427 -99.99999999999993
351 -0.2810172921709533 14.99736738962312 -99.99999999999993
352 -0.3653918592735202 14.99554894395464 -99.99999999999994
353 -0.4497650521275849 14.99325550850718 -99.99999999999993
354 -0.5341351928001733 14.99048694826278 -99.99999999999994
355 -0.618500482513744 14.98724312569422 -99.99999999999991
356 -0.7028589880591494 14.98352390475407 -99.99999999999993
357 -0.7872086041425498 14.97932915658974 -99.99999999999993
358 -0.8715470875897031 14.97465876235699 -99.99999999999993
359 -0.9558719808570983 14.96951262194964 -99.99999999999993
360 -1.0401810217837 14.96389063153486 -99.99999999999993
361 -1.124472624355279 14.95779264184195 -99.99999999999991
362 -1.20874517555767 14.95121849579498 -99.99999999999994
363 -1.2929969021165 14.94416804071851 -99.99999999999993
364 -1.377225859485676 14.93664113381104 -99.99999999999993
365 -1.461429887240425 14.92863765129407 -99.99999999999994
366 -1.545606662237716 14.92015748897226 -99.99999999999994
367 -1.629753504359311 14.91120058803823 -99.99999999999993
368 -1.713867712694121 14.90176690654865 -99.99999999999994
369 -1.797946162080653 14.89185646870315 -99.99999999999993
370 -1.881985540512917 14.88146934695587 -99.99999999999993
371 -1.965982663774785 14.87060562580146 -99.99999999999994
372 -2.049935711256867 14.85926522765435 -99.99999999999991
373 -2.133843131179341 14.84744803094591 -99.99999999999993
374 -2.217703236193608 14.83515392271725 -99.99999999999991
375 -2.301514224040808 14.82238279919369 -99.99999999999991
376 -2.385274145173209 14.80913457419947 -99.99999999999994
377 -2.46898086367793 14.79540918983222 -99.99999999999993
378 -2.552632112735416 14.78120661219863 -99.99999999999993
379 -2.636225470310458 14.76652683948164 -99.99999999999996
380 -2.719758141328911 14.75136994656275 -99.99999999999993
381 -2.803227359512348 14.73573601945423 -99.99999999999993
382 -2.886630226888333 14.71962518592381 -99.99999999999991
383 -2.969964932051854 14.70303737328347 -99.99999999999993
384 -3.053229919889069 14.68597244894587 -99.99999999999993
385 -3.136423547415282 14.66843028627857 -99.99999999999994
386 -3.219544014798148 14.65041078217351 -99.99999999999993
387 -3.30258939816205 14.63191385412014 -99.99999999999994
388 -3.385557613763882 14.61293945203541 -99.99999999999993
389 -3.468446376616263 14.59348757272695 -99.99999999999991
390 -3.55125329113155 14.57355824371485 -99.99999999999994
391 -3.633975556602512 14.5531516000052 -99.99999999999993
392 -3.71661047459014 14.53226776648911 -99.99999999999993
393 -3.799155078269784 14.51090695188008 -99.99999999999994
394 -3.88160749609955 14.48906909153253 -99.99999999999994
395 -3.963966201634658 14.46675401959257 -99.99999999999993
396 -4.046229494226827 14.44396160370337 -99.99999999999994
397 -4.128395497139156 14.42069175062313 -99.99999999999993
398 -4.210462155125518 14.39694441211676 -99.99999999999993
399 -4.292427193846679 14.37271960238645 -99.99999999999993
400 -4.374288144311745 14.34801739724786 -99.99999999999991
401 -4.456042196305985 14.32283798566946 -99.99999999999994
402 -4.537686452993604 14.29718159956725 -99.99999999999993
403 -4.619217692928797 14.27104859355413 -99.99999999999993
404 -4.700632575315232 14.24443938747877 -99.99999999999991
405 -4.781928850177504 14.21735406328388 -99.99999999999991
406 -4.86310472929921 14.18979254597799 -99.99999999999994
407 -4.944158317552175 14.16175478723972 -99.99999999999994
408 -5.025087593488178 14.13324077546967 -99.99999999999994
409 -5.105890417878031 14.10425053651317 -99.99999999999994
410 -5.186564467691117 14.07478416157232 -99.99999999999997
411 -5.267107288529595 14.04484179332359 -99.99999999999993
412 -5.347516240513126 14.01442365070963 -100
413 -5.427788493927615 13.98353003661043 -100
414 -5.507921015906913 13.95216134931517 -99.99999999999994
415 -5.587910705252363 13.92031803515339 -100
416 -5.667755423674246 13.88800016999174 -100
417 -5.747453279480104 13.85520772412818 -100
418 -5.827002233896156 13.82194071969106 -100
419 -5.906400084191683 13.788199242524 -100
420 -5.985644387230295 13.7539834807571 -100.0000000000001
421 -6.064732542333582 13.71929369618418 -100
422 -6.143661715409611 13.68413026360515 -100
423 -6.222428823975782 13.6484936856557 -100
424 -6.301030599355299 13.61238457268044 -100
425 -6.37946346562767 13.57580370624939 -100
426 -6.457723866867296 13.53875189410421 -100.0000000000001
427 -6.53580939724749 13.50122942269256 -100.0000000000001
428 -6.613717963631217 13.46323642773004 -100
429 -6.691447344433717 13.42477310265412 -100.0000000000001
430 -6.768995124638185 13.38583973581499 -100.0000000000001
431 -6.846358763875596 13.34643668232788 -100.0000000000001
432 -6.923535531414302 13.30656440230404 -100
433 -7.000522508015267 13.26622346676255 -100
434 -7.077316533083463 13.22541459286957 -100.0000000000001
435 -7.153914271374118 13.18413861682093 -100
436 -7.230312156012059 13.14239653194414 -100
437 -7.306506700171644 13.10018932392313 -100.0000000000001
438 -7.382495679234137 13.0575172997762 -100.0000000000001
439 -7.458276996623487 13.01438068963011 -100
440 -7.533848506221051 12.9707797446004 -100
441 -7.609207959102196 12.92671476969054 -100.0000000000001
442 -7.684352966112942 12.88218614978433 -100.0000000000001
443 -7.759281043752658 12.83719432714165 -100.0000000000001
444 -7.833989565628858 12.7917398346401 -100
445 -7.90847577468388 12.74582329373165 -100
446 -7.982736736068425 12.69944544924086 -100
447 -8.056769299262944 12.65260720070912 -100
448 -8.130570760995408 12.60530918376566 -100
449 -8.204139153459174 12.55755156346158 -100
450 -8.277472467391124 12.50933451746658 -100
451 -8.350568470341839 12.46065835900976 -100
452 -8.423424656514456 12.41152357984024 -100
453 -8.49603836551789 12.36193077990606 -100.0000000000001
454 -8.568406661548359 12.31188075787241 -100
455 -8.64052629411497 12.26137455068578 -100.0000000000001
456 -8.712393837416037 12.21041334806424 -100
457 -8.784005534802931 12.15899861297357 -100
458 -8.855357402377306 12.10713202118487 -100
459 -8.926446098775932 12.05481482827403 -100.0000000000001
460 -8.997269119185445 12.00204769574626 -100
461 -9.067823790821565 11.94883141516033 -100
462 -9.138107432731452 11.89516679294921 -100
463 -9.208117306072973 11.84105468935763 -100
464 -9.277850313034193 11.78649625808529 -100.0000000000001
465 -9.347303603577249 11.7314924800423 -100
466 -9.41647391811011 11.67604468172985 -100.0000000000001
467 -9.485357936110065 11.62015427080022 -100
468 -9.553952204817984 11.56382279845947 -100
469 -9.62225326505423 11.50705186143468 -100.0000000000001
470 -9.690258591863822 11.44984230693036 -100.0000000000001
471 -9.757965856587578 11.39219481769453 -100
472 -9.825378006331491 11.33410549831429 -100
473 -9.892481197497288 11.27558495878129 -100
474 -9.959273109059035 11.21663405553358 -100.0000000000001
475 -10.02576091917556 11.15724510705538 -100.0000000000001
476 -10.09193603185699 11.09742436364598 -100
477 -10.15779483136812 11.03717375654195 -100
478 -10.22333347275218 10.97649548185975 -100
479 -10.28854786899953 10.91539202665671 -100
480 -10.35343444828996 10.85386546180583 -100.0000000000001
481 -10.41799066085146 10.79191692508684 -100
482 -10.48221415003364 10.7295473730153 -100.0000000000001
483 -10.54610238590126 10.66675793164262 -100
484 -10.60965287298251 10.60354969857151 -100
485 -10.67286299595123 10.53992389696808 -100
486 -10.73573005375149 10.475881847656 -100
487 -10.79825134845291 10.41142488218849 -100.0000000000001
488 -10.86042383919525 10.34655470596453 -100
489 -10.92224466871539 10.28127286068112 -100
490 -10.98371076051747 10.2155811463114 -100
491 -11.04481970440679 10.14948067209344 -100
492 -11.10556921319444 10.08297241171628 -100
493 -11.16595678523286 10.01605757088107 -100
494 -11.22597972261602 9.948737580653205 -100
495 -11.28563515819786 9.881014079826627 -100.0000000000001
496 -11.34491993202338 9.812889069691469 -100
497 -11.40383072856839 9.744364774611228 -100
498 -11.46236394172976 9.675443814230334 -100
499 -11.5205157575296 9.606129126970231 -99.99999999999999
500 -11.57828213265352 9.536424013684076 -100
501 -11.63565947217438 9.466331324665623 -100.0000000000001
502 -11.69264516640059 9.39585276077338 -100
503 -11.7492366458476 9.324989990245982 -100
504 -11.80543111452123 9.253744986087952 -100
505 -11.8612258628594 9.182119640178056 -100
506 -11.91661809031952 9.110115989105729 -100
507 -11.97160485741863 9.03773628585386 -100
508 -12.02618308488568 8.964983013541383 -100
509 -12.08034964275785 8.891858777703296 -100
510 -12.13410125361974 8.818366445696856 -100
511 -12.18743471882934 8.744508846580619 -100
512 -12.24034758831763 8.670287821114695 -100
513 -12.29283754593855 8.595705034684954 -100.0000000000001
514 -12.34490217365055 8.5207623067238 -100
515 -12.39653878593236 8.445461863291566 -100
516 -12.44774479437187 8.369805820960979 -100
517 -12.49851731039669 8.293796777068199 -100
518 -12.54885336752149 8.217437501402477 -100
519 -12.59874981854484 8.140731105397208 -100
520 -12.6482033747392 8.063681002110467 -100
521 -12.69721066238729 7.986290834903492 -100.0000000000001
522 -12.74576896529779 7.908563294325541 -100.0000000000001
523 -12.79387599473228 7.830500425973351 -100
524 -12.84152938805214 7.752104414832456 -100.0000000000001
525 -12.88872663626661 7.673377715937411 -100.0000000000001
526 -12.93546518880279 7.594322894016051 -100.0000000000001
527 -12.98174233092306 7.514942841868427 -100
528 -13.02755526480586 7.435240660493644 -100
529 -13.07290105039288 7.355219777677857 -100
530 -13.11777663217637 7.274883921698856 -100
531 -13.16217885045322 7.194237120736807 -100
532 -13.20610492917763 7.113282817052824 -100.0000000000001
533 -13.24955272298367 7.032023355486809 -100
534 -13.29252008264206 6.950461112723755 -100.0000000000001
535 -13.3350047507563 6.868598701351689 -100
536 -13.37700447269327 6.786438768360567 -100
537 -13.41851687355004 6.70398424296765 -100
538 -13.45953950958661 6.621238252955983 -100
539 -13.5000698626449 6.538204150479148 -100
540 -13.54010531958435 6.454885571532856 -100.0000000000001
541 -13.57964318673056 6.371286426284835 -100
542 -13.61868094258419 6.287410372061529 -100
543 -13.65721660693104 6.203259977800671 -100
544 -13.69524819874695 6.118837845049169 -100.0000000000001
545 -13.73277364380553 6.034146820058499 -100
546 -13.76979077239469 5.949190018942877 -100
547 -13.80629731333559 5.863970863846998 -100
548 -13.84229091331351 5.778493061946214 -100.0000000000001
549 -13.87776910417526 5.692760708716385 -100.0000000000001
550 -13.91272932955749 5.606778254752052 -100
551 -13.94716895663565 5.520550506133019 -100
552 -13.9810853733199 5.434082404610025 -100
553 -14.01447673105598 5.34737709082775 -100
554 -14.04734120264426 5.260437713175034 -100
555 -14.07967700300561 5.173267370804147 -100
556 -14.11148226387021 5.08586945532036 -100
557 -14.14275508819031 4.998247524586798 -100.0000000000001
558 -14.17349352373371 4.910405394254306 -100
559 -14.2036955764126 4.822347123309678 -100
560 -14.23335920715881 4.734077047018425 -100
561 -14.26248232616267 4.645599821896301 -100
562 -14.29106288759035 4.556920161093968 -100
563 -14.31909928353685 4.46804157571854 -100
564 -14.34658999234949 4.378967390627403 -100.0000000000001
565 -14.37353350978362 4.289700952589074 -100
566 -14.39992825117546 4.200245967010856 -100.0000000000001
567 -14.42577260251902 4.110606359868552 -100.0000000000001
568 -14.45106490497553 4.020786358494417 -100.0000000000001
569 -14.47580346361311 3.930790494862601 -100
570 -14.49998654919714 3.840623635300223 -100
571 -14.52361240135817 3.750291009159795 -100
572 -14.54667930041712 3.659797968808874 -100
573 -14.56918600158188 3.56914823122568 -100.0000000000001
574 -14.59113148078636 3.478344715388838 -100
575 -14.61251469438174 3.3873904644583 -100
576 -14.63333458079233 3.29628865580671 -100
577 -14.65359004170625 3.205042706272248 -100
578 -14.67327997000917 3.113656176389691 -100
579 -14.69240322989451 3.022132888681864 -100.0000000000001
580 -14.71095866945998 2.930476905851151 -100
581 -14.72894511640423 2.838692591994405 -99.99999999999999
582 -14.7463614083461 2.746784500450689 -100
583 -14.7632065672016 2.654756436128075 -100.0000000000001
584 -14.77947971798769 2.562611782953437 -100
585 -14.79517996399115 2.47035416916732 -100
586 -14.81030639247746 2.377987479437241 -100.0000000000001
587 -14.82485807899333 2.285515878849639 -100.0000000000001
588 -14.83883409069061 2.192943849487129 -100
589 -14.85223349327266 2.100276211015069 -100
590 -14.86505535814544 2.007518145281086 -100
591 -14.87729877100945 1.914675216715722 -100.0000000000001
592 -14.88896285643825 1.821753268121592 -100.0000000000001
593 -14.90004698314573 1.728756724695346 -100.0000000000001
594 -14.91055068052272 1.635688943351328 -100.0000000000001
595 -14.92047347323134 1.542553484657803 -100.0000000000001
596 -14.92981488861455 1.449354101868274 -100.0000000000001
597 -14.93857445496134 1.356094825894204 -100.0000000000001
598 -14.94675171080849 1.262779957431773 -100.0000000000001
599 -14.95434621043555 1.169414103707892 -100.0000000000001
600 -14.96135753196309 1.076002198054651 -100.0000000000001
601 -14.9677852857636 0.9825495257277993 -100.0000000000001
602 -14.97362912812363 0.8890616774268754 -100.0000000000001
603 -14.97888883431511 0.7955433511572562 -100.0000000000001
604 -14.98356426813413 0.7019984033860972 -100.0000000000001
605 -14.98765531597556 0.6084308229661419 -100.0000000000001
606 -14.99116188941647 0.514844775766223 -100.0000000000001
607 -14.99408392956536 0.4212446460362181 -100.0000000000001
608 -14.99642141371488 0.3276350433183961 -100.0000000000001
609 -14.99817436178108 0.234020839786854 -100.0000000000001
610 -14.99934284437796 0.1404071828172654 -100.0000000000001
611 -14.99992699130984 0.04679952694283417 -100.0000000000001
612 -14.99992700101339 -0.04679641671049849 -100.0000000000001
613 -14.99934313448904 -0.1403761875652894 -100.0000000000001
614 -14.99817567414113 -0.2339367167481283 -100.0000000000001
615 -14.99642491225116 -0.3274748701044146 -100.0000000000001
616 -14.99409115626427 -0.4209873350871308 -100.0000000000001
617 -14.99117473104548 -0.5144707193748063 -100.0000000000001
618 -14.9876759910252 -0.60792131470927 -100.0000000000001
619 -14.98359532213189 -0.7013352680841793 -100.0000000000001
620 -14.97893315304272 -0.7947084566242877 -100.0000000000001
621 -14.97368996250928 -0.8880365079921509 -100.0000000000001
622 -14.96786628923018 -0.9813147705902342 -100.0000000000001
623 -14.96146268232211 -1.074539126769656 -100.0000000000001
624 -14.95447967347618 -1.167706137323563 -100.0000000000001
625 -14.9469178167876 -1.260812318979533 -100.0000000000001
626 -14.93877772228838 -1.353853790981481 -100.0000000000001
627 -14.93006004729615 -1.446826494468327 -100.0000000000001
628 -14.92076551796717 -1.539726039381209 -100.0000000000001
629 -14.91089493643693 -1.632547736045386 -100.0000000000001
630 -14.90044919573667 -1.72528654967883 -100.0000000000001
631 -14.88942929300151 -1.817937083382097 -100.0000000000001
632 -14.87783634033099 -1.910493584874137 -100.0000000000001
633 -14.8656714239134 -2.002951077973901 -100.0000000000001
634 -14.85293546384541 -2.095306184847063 -100.0000000000001
635 -14.83962938361137 -2.187555634787801 -100.0000000000001
636 -14.82575417233994 -2.279695838554008 -100.0000000000001
637 -14.81131085699868 -2.371723126547653 -100.0000000000001
638 -14.79630053036664 -2.463633597621571 -100.0000000000001
639 -14.7807243547463 -2.555423141834402 -100.0000000000001
640 -14.76458357741697 -2.647087393115557 -100.0000000000001
641 -14.74787953970354 -2.738621726377307 -100.0000000000001
642 -14.73061368880239 -2.830021241174511 -100.0000000000001
643 -14.71278745732976 -2.921281415079438 -100.0000000000001
644 -14.69440210334159 -3.012398826908871 -100.0000000000001
645 -14.67545879686914 -3.10337058129475 -100.0000000000001
646 -14.65595893246815 -3.194192797822005 -100.0000000000001
647 -14.63590387358704 -3.284861893502299 -100.0000000000001
648 -14.61529510548414 -3.375373880373626 -100.0000000000001
649 -14.59413420752895 -3.465724539225931 -100.0000000000001
650 -14.57242287884609 -3.555909347233777 -100.0000000000001
651 -14.55016294566821 -3.645923490244034 -100.0000000000001
652 -14.52735638274618 -3.735761818892844 -100.0000000000001
653 -14.5040051683344 -3.825419442677092 -100.0000000000001
654 -14.48011091213243 -3.914893077028974 -100.0000000000001
655 -14.45567517686528 -4.004179692522899 -100.0000000000001
656 -14.43069951941463 -4.093276341310852 -100.0000000000001
657 -14.40518562700362 -4.182179679850462 -100.0000000000001
658 -14.37913520099055 -4.27088640585839 -100.0000000000001
659 -14.35255003120538 -4.359393010397264 -100.0000000000001
660 -14.32543199485356 -4.447695805194989 -100.0000000000001
661 -14.29778307116886 -4.535790897078814 -100.0000000000001
662 -14.26960543019895 -4.623673937066414 -100
663 -14.24090096687876 -4.711341577429685 -100.0000000000001
664 -14.21167169985597 -4.798790191405809 -100.0000000000001
665 -14.18191922577851 -4.886017486382248 -100.0000000000001
666 -14.15164529693448 -4.973020731083319 -100.0000000000001
667 -14.12085175509413 -5.059796983196227 -100.0000000000001
668 -14.0895405456311 -5.146343071753632 -100.0000000000001
669 -14.05771372951864 -5.232655587455506 -100.0000000000001
670 -14.02537350965615 -5.318730836555087 -100.0000000000001
671 -13.99252223031429 -5.404564869674028 -100.0000000000001
672 -13.95916240441944 -5.490153437098104 -100.0000000000001
673 -13.92529668927771 -5.575492077936486 -100.0000000000001
674 -13.8909273781273 -5.660577388488332 -100.0000000000001
675 -13.85605651508135 -5.745406656321753 -100.0000000000001
676 -13.82068605940517 -5.829977413626752 -100.0000000000001
677 -13.78481825475231 -5.914286557153297 -100.0000000000001
678 -13.74845529771119 -5.998331161615134 -100.0000000000001
679 -13.71159951629402 -6.082108064106695 -100.0000000000001
680 -13.67425337286282 -6.165613878183652 -100.0000000000001
681 -13.63641944650725 -6.24884505174148 -100.0000000000001
682 -13.59810046608338 -6.331797810888629 -100.0000000000001
683 -13.5592993138254 -6.414468171559236 -100.0000000000001
684 -13.52001859525103 -6.496852852910224 -100.0000000000001
685 -13.48026038431678 -6.578949747645098 -100
686 -13.44002674516701 -6.660756781568132 -100.0000000000001
687 -13.39931979646514 -6.742271784000675 -100.0000000000001
688 -13.35814176851702 -6.823492383890667 -100.0000000000001
689 -13.3164948841383 -6.904416255219955 -100.0000000000001
690 -13.27438162277338 -6.985040612744729 -100
691 -13.23180449255958 -7.065362673194081 -100
692 -13.18876615624553 -7.145379424047301 -100
693 -13.14526943466456 -7.225087634950682 -100
694 -13.10131711693743 -7.304484215143276 -100.0000000000001
695 -13.05691145648123 -7.383567096661917 -100
696 -13.01205464279535 -7.462334342010053 -100
697 -12.96674893816169 -7.540783900876729 -100
698 -12.92099675380919 -7.618913489426308 -100
699 -12.8748006508191 -7.696720605524964 -100.0000000000001
700 -12.82816337652199 -7.774202484493072 -100
701 -12.78108781953444 -7.851356191196413 -100
702 -12.73357709338087 -7.928178498616126 -100
703 -12.68563451602544 -8.00466594133499 -100
704 -12.63726360710491 -8.080814837556968 -100
705 -12.58846723744731 -8.156622618099185 -100
706 -12.53924772249182 -8.232087614002904 -100
707 -12.48960735044432 -8.307208205579961 -100
708 -12.43954840861968 -8.381982780789262 -100
709 -12.38907327512309 -8.456409601030316 -100
710 -12.3381843401906 -8.53048692358036 -100
711 -12.28688411492886 -8.604212847294228 -100
712 -12.23517500042587 -8.677585648883866 -100
713 -12.18305977625694 -8.750603092508722 -100
714 -12.13054115929121 -8.823263069131716 -100
715 -12.07762175193478 -8.895563660140446 -100
716 -12.02430376280822 -8.967503501217783 -100
717 -11.97058935026459 -9.03908129415472 -100
718 -11.9164808034723 -9.110295566335541 -100
719 -11.86198066415324 -9.181144524481425 -100
720 -11.80709157433726 -9.251626269048154 -100
721 -11.75181645103407 -9.321738581349075 -100
722 -11.69615840443616 -9.391479045769501 -100
723 -11.6401207840586 -9.460845006255626 -100
724 -11.58370720064516 -9.529833555773282 -100
725 -11.52692150620828 -9.598441577254153 -100
726 -11.46976682225188 -9.66666691143875 -100
727 -11.41224562640773 -9.734508200592716 -100
728 -11.35436029824713 -9.801964209985178 -100
729 -11.29611339478708 -9.869033505858134 -100
730 -11.23750740219801 -9.935714748552083 -100
731 -11.1785450569932 -10.00200632869413 -99.99999999999999
732 -11.1192288958119 -10.06790688099621 -100
733 -11.05956192030242 -10.13341454516936 -100
734 -10.99954706386984 -10.19852757089551 -99.99999999999999
735 -10.93918737861301 -10.26324411341277 -99.99999999999999
736 -10.87848597913768 -10.32756229944222 -99.99999999999997
737 -10.81744511512261 -10.39148119565459 -99.99999999999997
738 -10.75606688424085 -10.45500002157657 -99.99999999999997
739 -10.69435353972796 -10.5181178281924 -99.99999999999997
740 -10.63230742090886 -10.58083357768248 -99.99999999999997
741 -10.56993106956051 -10.64314603333263 -99.99999999999997
742 -10.50722725866733 -10.70505374332469 -99.99999999999997
743 -10.44419883861307 -10.76655520316363 -99.99999999999997
744 -10.38084898066679 -10.82764862628057 -99.99999999999997
745 -10.31718103228516 -10.88833209866623 -100
746 -10.25319857825117 -10.94860353053038 -99.99999999999997
747 -10.1889049574894 -11.00846111547184 -99.99999999999997
748 -10.12430253862594 -11.06790397860366 -99.99999999999997
749 -10.05939364298326 -11.1269312893593 -99.99999999999997
750 -9.994180568278948 -11.18554223810458 -99.99999999999997
751 -9.928665699701295 -11.2437359371472 -99.99999999999997
752 -9.862851487531703 -11.30151144512542 -99.99999999999997
753 -9.796740495882959 -11.35886772852649 -99.99999999999996
754 -9.730335370685172 -11.41580369487775 -99.99999999999997
755 -9.663638692882735 -11.47231832051777 -99.99999999999997
756 -9.596653476278721 -11.52841023288473 -99.99999999999997
757 -9.529382643105063 -11.58407816315251 -99.99999999999997
758 -9.461828644462939 -11.63932124990684 -99.99999999999997
759 -9.393993283782823 -11.69413915799739 -99.99999999999997
760 -9.325878481472127 -11.74853144088665 -99.99999999999997
761 -9.257486337571375 -11.80249749774805 -99.99999999999997
762 -9.188819054210466 -11.85603664254133 -99.99999999999997
763 -9.119879091137603 -11.90914799003742 -99.99999999999997
764 -9.050669046755896 -11.96183055792829 -99.99999999999997
765 -8.981191819710549 -12.01408315239225 -99.99999999999997
766 -8.911450461679298 -12.06590449026607 -99.99999999999997
767 -8.841448318119765 -12.11729310287456 -99.99999999999997
768 -8.771188905706907 -12.16824743694547 -99.99999999999997
769 -8.700674957306163 -12.21876654153764 -99.99999999999997
770 -8.629908652779218 -12.26884987097568 -99.99999999999997
771 -8.558892188477007 -12.31849686528454 -99.99999999999997
772 -8.487627931632931 -12.3677068452436 -99.99999999999997
773 -8.416118353671187 -12.416479065098 -99.99999999999997
774 -8.344366064992037 -12.464812693791 -99.99999999999997
775 -8.272373830197894 -12.51270681074928 -99.99999999999996
776 -8.200144583358412 -12.56016040225296 -99.99999999999997
777 -8.127681435059694 -12.60717236369993 -99.99999999999999
778 -8.054987720850384 -12.6537414757021 -99.99999999999997
779 -7.982066826984179 -12.69986652233655 -99.99999999999997
780 -7.908921159686994 -12.74554693230782 -99.99999999999997
781 -7.835552620033276 -12.79078244871056 -99.99999999999997
782 -7.761963176033595 -12.83557276333012 -99.99999999999997
783 -7.688154880987099 -12.87991750872778 -99.99999999999997
784 -7.614129899569342 -12.92381624654808 -99.99999999999997
785 -7.53989047519558 -12.9672684910906 -99.99999999999997
786 -7.465439012191085 -13.0102736654036 -99.99999999999997
787 -7.390778088948881 -13.05283110012382 -99.99999999999997
788 -7.315910267959755 -13.09494014626102 -99.99999999999997
789 -7.240838540255993 -13.13659992962556 -99.99999999999997
790 -7.165565750422869 -13.17780967942349 -99.99999999999997
791 -7.090093948874524 -13.21856907006466 -99.99999999999997
792 -7.014424803576853 -13.25887797408412 -99.99999999999997
793 -6.938560124287543 -13.29873617493937 -99.99999999999997
794 -6.86250186962352 -13.3381433689354 -99.99999999999997
795 -6.786252153816294 -13.37709916749958 -99.99999999999997
796 -6.709813249748197 -13.41560310149341 -99.99999999999997
797 -6.633187634109799 -13.45365460477431 -99.99999999999996
798 -6.556377985096463 -13.49125302262811 -99.99999999999997
799 -6.479387190443046 -13.52839761502061 -99.99999999999997
800 -6.402218409194958 -13.56508753470001 -99.9999999999999
801 -6.324874846023458 -13.60132194142116 -99.99999999999997
802 -6.247358716095771 -13.6371004774846 -99.99999999999997
803 -6.169671758058625 -13.67242300203446 -99.99999999999997
804 -6.091815795915068 -13.70728932521557 -99.99999999999997
805 -6.013792754740443 -13.74169920450066 -99.99999999999997
806 -5.935604648334571 -13.77565235368787 -99.99999999999997
807 -5.857253609865374 -13.80914843310117 -99.99999999999997
808 -5.778741936301708 -13.84218703520847 -99.99999999999997
809 -5.700072064397487 -13.87476770006533 -99.99999999999997
810 -5.621246499007722 -13.90688994898606 -99.99999999999997
811 -5.542268093859172 -13.938553175169 -99.99999999999997
812 -5.463139663540757 -13.9697568068661 -99.99999999999997
813 -5.383863113494723 -14.00050064055963 -99.99999999999997
814 -5.304439863702589 -14.03078465119022 -99.99999999999997
815 -5.22487147525236 -14.06060874383106 -99.99999999999997
816 -5.14515962127369 -14.08997276915972 -99.99999999999997
817 -5.065306149226545 -14.11887650496539 -99.99999999999997
818 -4.985313062946171 -14.14731966825732 -99.99999999999997
819 -4.905182526650027 -14.17530191900924 -99.99999999999997
820 -4.824916926391343 -14.20282284447097 -99.99999999999997
821 -4.744518861217021 -14.22988196917189 -99.99999999999997
822 -4.663991138658337 -14.25647876308739 -99.99999999999997
823 -4.583336715554095 -14.28261266709936 -99.99999999999997
824 -4.50255781413888 -14.30828337570312 -99.99999999999997
825 -4.421656089874508 -14.3334907623507 -99.99999999999997
826 -4.340633300923874 -14.35823465962144 -99.99999999999997
827 -4.259491362601717 -14.38251484643775 -99.99999999999996
828 -4.178232326647793 -14.40633105904484 -99.99999999999997
829 -4.096858424936481 -14.42968298287865 -99.99999999999997
830 -4.015372075844514 -14.45257025635728 -99.99999999999996
831 -3.933775797128407 -14.47499250025305 -99.99999999999997
832 -3.852072495154109 -14.49694924384312 -99.99999999999997
833 -3.770265147726232 -14.51844001896784 -99.99999999999996
834 -3.688356988736772 -14.53946431524312 -99.99999999999997
835 -3.606350305653058 -14.56002188547857 -99.99999999999997
836 -3.524246414106317 -14.58011272341623 -99.99999999999997
837 -3.442046661515118 -14.59973679821179 -99.99999999999997
838 -3.359752478673325 -14.61889404371922 -99.99999999999997
839 -3.277365409869334 -14.6375843543966 -99.99999999999997
840 -3.194887111660194 -14.65580758908228 -99.99999999999997
841 -3.112319375566834 -14.67356356961857 -99.99999999999997
842 -3.029664151402992 -14.69085208011239 -99.99999999999997
843 -2.946923531318882 -14.70767287485165 -99.99999999999997
844 -2.864099798060384 -14.72402567313306 -99.99999999999997
845 -2.7811954266456 -14.73991016453597 -99.99999999999997
846 -2.698212574961817 -14.75532610767328 -99.99999999999997
847 -2.615152849092599 -14.77027336251009 -99.99999999999997
848 -2.532017956616759 -14.7847517625068 -99.99999999999997
849 -2.448809776923587 -14.79876110600086 -99.99999999999997
850 -2.365530368154796 -14.81230116012139 -99.99999999999997
851 -2.282182010263891 -14.82537165935103 -99.99999999999997
852 -2.198767167114373 -14.83797231753954 -99.99999999999997
853 -2.115288558805013 -14.8501028228753 -99.99999999999997
854 -2.031749141074505 -14.86176284802075 -99.99999999999997
855 -1.948152121743988 -14.87295205465512 -100
856 -1.864500980182458 -14.88367009817368 -99.99999999999997
857 -1.780798767910867 -14.89391671897707 -99.99999999999997
858 -1.697047058491769 -14.90369184975805 -99.99999999999997
859 -1.613247254248947 -14.9129954320395 -99.99999999999997
860 -1.529400822195743 -14.92182738718605 -99.99999999999997
861 -1.44550930443694 -14.93018761729696 -99.99999999999997
862 -1.361574336808382 -14.93807600568791 -99.99999999999997
863 -1.277597661179599 -14.94549241853398 -99.99999999999997
864 -1.193581138622756 -14.95243670684721 -99.99999999999997
865 -1.109526764735226 -14.95890870872705 -99.99999999999997
866 -1.025436682850946 -14.96490825226205 -99.99999999999997
867 -0.9413132002494945 -14.97043515867813 -99.99999999999997
868 -0.8571585579303395 -14.97548926012935 -99.99999999999997
869 -0.7729742378960357 -14.98007043355653 -99.99999999999997
870 -0.6887616646059481 -14.98417854704676 -99.99999999999997
871 -0.6045224493343369 -14.98781344836093 -99.99999999999997
872 -0.5202584018089604 -14.99097496978609 -99.99999999999997
873 -0.4359715431247342 -14.99366293333171 -99.99999999999997
874 -0.3516641171484023 -14.99587715638725 -99.99999999999997
875 -0.2673386548478418 -14.9976174568142 -99.99999999999997
876 -0.1829978717556715 -14.99888366224041 -99.99999999999997
877 -0.09864479921183571 -14.99967561435465 -99.99999999999997
878 -0.01428274195095511 -14.99999317779732 -99.99999999999997
879 0.07008494599519559 -14.99983624677479 -99.99999999999997
880 0.1544563300946386 -14.99920473130045 -99.99999999999997
881 0.2388300644796948 -14.99809853047919 -99.99999999999997
882 0.3232047308175008 -14.99651753016555 -99.99999999999997
883 0.4075788140917818 -14.99446160562124 -99.99999999999997
884 0.4919506980045975 -14.99193062434182 -99.99999999999997
885 0.5763186499722968 -14.98892444943528 -99.99999999999997
886 0.6606807983322712 -14.98544294384984 -99.99999999999997
887 0.7450351379169223 -14.98148597396311 -99.99999999999997
888 0.8293794798309864 -14.9770534160755 -99.99999999999997
889 0.9137115128138873 -14.97214515780194 -99.99999999999993
890 0.9980286830754906 -14.96676110949637 -99.99999999999997
891 1.082329198174051 -14.96090113844822 -99.99999999999997
892 1.166611484853454 -14.95456508957536 -99.99999999999997
893 1.250873860779039 -14.94775280660207 -99.99999999999997
894 1.335114456360133 -14.940464142048 -99.99999999999997
895 1.419331229043992 -14.93269896109953 -99.99999999999997
896 1.503521924883996 -14.92445715031953 -99.99999999999997
897 1.587684079020158 -14.9157386235455 -99.99999999999997
898 1.671814986006999 -14.90654333117607 -99.99999999999997
899 1.75591170982855 -14.89687126582311 -99.99999999999997
900 1.839971064552176 -14.88672247128156 -99.99999999999997
901 1.923989627704048 -14.87609704796703 -99.99999999999997
902 2.007964902314595 -14.86499500276987 -99.99999999999997
903 2.091895339233734 -14.85341621933464 -99.99999999999997
904 2.175779318582222 -14.8413605800232 -99.99999999999997
905 2.259615101720119 -14.82882797514264 -99.99999999999997
906 2.343400802697897 -14.81581831076424 -99.99999999999997
907 2.427134402304504 -14.80233151056535 -99.99999999999997
908 2.510813691977152 -14.78836752911053 -99.99999999999997
909 2.594436331540349 -14.77392634712474 -99.99999999999997
910 2.677999639753965 -14.75900801325834 -99.99999999999997
911 2.761500983013407 -14.74361258119801 -99.99999999999997
912 2.84493733045122 -14.72774019419021 -99.99999999999997
913 2.928306305210849 -14.71139088744297 -99.99999999999997
914 3.011606350112742 -14.69456453492712 -99.99999999999997
915 3.094835871207297 -14.67726100567575 -99.99999999999997
916 3.17799314971311 -14.65948018377281 -99.99999999999997
917 3.261076322281352 -14.64122197626423 -99.99999999999997
918 3.344083397309926 -14.6224863135537 -99.99999999999997
919 3.427012163008921 -14.60327317464631 -99.99999999999997
920 3.509860298257414 -14.58358256692312 -99.99999999999997
921 3.592625243337112 -14.56341456120503 -99.99999999999997
922 3.675304234950331 -14.54276929000776 -99.99999999999997
923 3.757894299917876 -14.52164695528487 -99.99999999999997
924 3.840392991991121 -14.5000476396453 -99.99999999999997
925 3.922798750309975 -14.47797119320467 -99.99999999999997
926 4.005109970555924 -14.45541746378705 -99.99999999999997
927 4.087324860837104 -14.43238633880767 -99.99999999999997
928 4.169441473584953 -14.40887774155443 -99.99999999999997
929 4.251457607943676 -14.38489166461538 -99.99999999999997
930 4.333370915002892 -14.36042814577791 -99.99999999999997
931 4.415178740765914 -14.33548732085237 -99.99999999999997
932 4.496878298725917 -14.31006937886205 -99.99999999999996
933 4.578466470850106 -14.28417462994697 -99.99999999999997
934 4.659939902668049 -14.25780348472696 -99.99999999999997
935 4.74129569554902 -14.23095623121974 -99.99999999999997
936 4.822531996102061 -14.2036328203712 -99.99999999999997
937 4.903646970960133 -14.17583318733784 -99.99999999999997
938 4.984638658368098 -14.14755730287191 -99.99999999999997
939 5.065504985670202 -14.11880517090587 -99.99999999999997
940 5.146243704189125 -14.08957685567671 -99.99999999999997
941 5.226852447165369 -14.05987246568453 -99.99999999999997
942 5.307328748056458 -14.02969215044839 -99.99999999999997
943 5.387669624411813 -13.99903626378374 -99.99999999999997
944 5.467872403051242 -13.96790505768148 -99.99999999999997
945 5.547933859483858 -13.93629901468827 -99.99999999999997
946 5.627851291969944 -13.90421843149245 -99.99999999999997
947 5.707622817700306 -13.87166327967976 -99.99999999999997
948 5.787246483125887 -13.83863355016786 -99.99999999999997
949 5.866720168456123 -13.80512929585212 -99.99999999999997
950 5.946041545512184 -13.77115065514162 -99.99999999999997
951 6.025208122500337 -13.73669783918308 -99.99999999999997
952 6.104217134153222 -13.70177118623502 -99.99999999999997
953 6.183065674617431 -13.66637111086984 -99.99999999999997
954 6.261750544002862 -13.63049817932482 -99.99999999999996
955 6.340268320693356 -13.59415308609413 -99.99999999999997
956 6.418615336053603 -13.55733667385911 -99.99999999999997
957 6.496788550640994 -13.52004952144216 -99.99999999999997
958 6.574785864235634 -13.48229177054776 -99.99999999999997
959 6.652605125534415 -13.44406358221035 -99.99999999999997
960 6.730244010134559 -13.40536519958423 -99.99999999999997
961 6.807700054218761 -13.36619693677406 -99.99999999999997
962 6.884970662657858 -13.3265591795149 -99.99999999999997
963 6.962052857505014 -13.28645252162012 -99.99999999999997
964 7.038943755047367 -13.2458775255423 -99.99999999999997
965 7.115640055593751 -13.20483499386751 -99.99999999999997
966 7.192138315192085 -13.16332583650676 -99.99999999999997
967 7.268434880942251 -13.12135111223166 -99.99999999999997
968 7.344526905176705 -13.07891146744801 -99.99999999999997
969 7.420412315230848 -13.03600712298825 -99.99999999999997
970 7.496089000374052 -12.99263831331765 -99.99999999999997
971 7.571554762527373 -12.94880531643804 -99.99999999999997
972 7.646807287110293 -12.9045084741984 -99.99999999999997
973 7.721844146460015 -12.85974819448976 -99.99999999999997
974 7.796662801498633 -12.81452495443382 -99.99999999999997
975 7.871260580454787 -12.76883931772859 -99.99999999999997
976 7.945634486464032 -12.72269205999071 -99.99999999999997
977 8.019781636241913 -12.6760839043613 -99.99999999999997
978 8.093698924332065 -12.62901573212971 -99.99999999999997
979 8.167384091323179 -12.58148789852567 -99.99999999999997
980 8.240835213810673 -12.53350053296083 -99.99999999999997
981 8.314050157418903 -12.48505388874771 -99.99999999999997
982 8.387026581250831 -12.43614834840928 -99.99999999999997
983 8.459762252812885 -12.38678421691919 -99.99999999999997
984 8.532253276805681 -12.33696294160811 -99.99999999999997
985 8.604497652203452 -12.28668469303648 -99.99999999999997
986 8.676491704186175 -12.23595081266388 -99.99999999999999
987 8.748231817206118 -12.18476264209588 -99.99999999999999
988 8.819714090783251 -12.133121771287 -99.99999999999997
989 8.8909347247975 -12.08102976847938 -99.99999999999997
990 8.961890906234856 -12.02848751584837 -99.99999999999997
991 9.03258007145757 -11.97549572138054 -99.99999999999997
992 9.102999600497888 -11.9220551407302 -99.99999999999997
993 9.173146703507253 -11.86816666742039 -99.99999999999997
994 9.243018509151602 -11.81383127156353 -99.99999999999997
995 9.312612084473191 -11.75904998801742 -99.99999999999996
996 9.381924274449057 -11.70382404804064 -99.99999999999997
997 9.450951882694765 -11.64815474363942 -99.99999999999997
998 9.519691489025377 -11.59204357978972 -99.99999999999997
999 9.588139549725145 -11.53549220265741 -99.99999999999997
1000 9.656293033122587 -11.47850187180796 -99.99999999999997
1001 9.724149645607184 -11.42107324256369 -99.99999999999997
1002 9.791706957999526 -11.36320708118428 -99.99999999999997
1003 9.85896470026178 -11.30490227020082 -99.99999999999997
1004 9.925915886108662 -11.24616352805953 -99.99999999999997
1005 9.992555925558786 -11.18699362341424 -99.99999999999997
1006 10.05888783659634 -11.12738854017046 -99.99999999999997
1007 10.12490526963353 -11.06735259631594 -99.99999999999997
1008 10.19060449870248 -11.00688784979956 -99.99999999999997
1009 10.25598155340075 -10.94599664443141 -99.99999999999997
1010 10.32103239401079 -10.88468145890052 -99.99999999999997
1011 10.38575411258987 -10.82294375985385 -99.99999999999997
1012 10.45014427865745 -10.76078457397206 -99.99999999999997
1013 10.51420046840173 -10.69820492318314 -100
1014 10.57792014945761 -10.63520593856918 -100
1015 10.64130081042248 -10.57178873616446 -100.0000000000001
1016 10.70433974976056 -10.50795463054711 -100.0000000000001
1017 10.7670342992042 -10.44370491596385 -100.0000000000001
1018 10.82938155130416 -10.37904114860268 -100
1019 10.89137861023658 -10.31396489682345 -100
1020 10.95302244420538 -10.2484778985797 -100
1021 11.01431025501634 -10.18258167087074 -100.0000000000001
1022 11.07523978614212 -10.11627715783951 -100
1023 11.13580866706502 -10.04956542158346 -100
1024 11.19601453972713 -9.98244750730794 -100.0000000000001
1025 11.25585385017306 -9.914925813725432 -100.0000000000001
1026 11.31532437371906 -9.847001273703167 -100
1027 11.37442260830349 -9.778676294553854 -100
1028 11.43314508386283 -9.709953306633794 -100.0000000000001
1029 11.49148810529519 -9.640835069215823 -100.0000000000001
1030 11.54944771743942 -9.571324731144658 -100.0000000000001
1031 11.60701995103763 -9.501425552236665 -100.0000000000001
1032 11.66420179305791 -9.431139707458758 -100.0000000000001
1033 11.72099070647877 -9.360468817984566 -100.0000000000001
1034 11.77738405044264 -9.28941465034389 -100.0000000000001
1035 11.833379003552 -9.217979223266601 -100.0000000000001
1036 11.88897287446999 -9.146164418917945 -100.0000000000001
1037 11.94416275339296 -9.073972431883785 -100.0000000000001
1038 11.99894564183799 -9.001405614992517 -100.0000000000001
1039 12.05331844397915 -8.928466499777462 -100.0000000000001
1040 12.10727795385484 -8.855157823940798 -100.0000000000001
1041 12.16082085114643 -8.781482548823917 -100.0000000000001
1042 12.21394430565476 -8.707443024133743 -100.0000000000001
1043 12.26664602562658 -8.633040877604273 -100.0000000000001
1044 12.31892361674015 -8.5582778893083 -100.0000000000001
1045 12.37077456987703 -8.483156018921145 -100.0000000000001
1046 12.42219624888785 -8.407677434919668 -100.0000000000001
1047 12.47318588191781 -8.331844540510875 -100.0000000000001
1048 12.52374054872338 -8.255660007417239 -100.0000000000001
1049 12.57385720547255 -8.179126754428786 -100.0000000000001
1050 12.62353263051288 -8.102248046990187 -100.0000000000001
1051 12.67276345968529 -8.025027463163939 -100.0000000000001
1052 12.72154653824457 -7.947468349554886 -100.0000000000001
1053 12.76987949371307 -7.869572873498994 -100.0000000000001
1054 12.81776001055673 -7.791343132704153 -100.0000000000001
1055 12.86518563505583 -7.712781474989485 -100.0000000000001
1056 12.91215386773556 -7.633890358660503 -100.0000000000001
1057 12.9586620593542 -7.554672537670042 -100.0000000000001
1058 13.00470744829832 -7.475131016448994 -100
1059 13.05028717736857 -7.395269036831237 -100.0000000000001
1060 13.09539824527367 -7.315090180417374 -100.0000000000001
1061 13.14003753446913 -7.234598340942786 -100.0000000000001
1062 13.18420196266505 -7.153797465875042 -100.0000000000001
1063 13.22788915840509 -7.07269029451233 -100.0000000000001
1064 13.27109699546197 -6.991279149136682 -100.0000000000001
1065 13.31382331633764 -6.909566435119485 -100.0000000000001
1066 13.35606576617476 -6.827554971315413 -100.0000000000001
1067 13.3978221187755 -6.745247373367651 -100.0000000000001
1068 13.43908993920951 -6.662646717216846 -100.0000000000001
1069 13.47986674361351 -6.579756246707489 -100.0000000000001
1070 13.52014997011991 -6.496579445898555 -100.0000000000001
1071 13.55993696344228 -6.413120089258254 -100
1072 13.59922503501893 -6.329382134113697 -100.0000000000001
1073 13.63801197594998 -6.245368613463521 -100.0000000000001
1074 13.67629585533789 -6.161082005085379 -100.0000000000001
1075 13.71407461818601 -6.076525091306398 -100.0000000000001
1076 13.75134617053078 -5.991700788536527 -100.0000000000001
1077 13.78810827961191 -5.906612390682628 -100.0000000000001
1078 13.82435864293812 -5.821263436630149 -100.0000000000001
1079 13.86009484002929 -5.735657846831527 -100.0000000000001
1080 13.89531436091587 -5.649799885414384 -100.0000000000001
1081 13.93001460341063 -5.563694195950403 -100.0000000000001
1082 13.96419289346405 -5.477345781921414 -100.0000000000001
1083 13.99784700420033 -5.390758689719537 -100.0000000000001
1084 14.03097512801344 -5.303935989793972 -100.0000000000001
1085 14.06357547813967 -5.216880755789909 -100.0000000000001
1086 14.09564623189662 -5.129596219687434 -100.0000000000001
1087 14.12718550412065 -5.042085860624296 -100.0000000000001
1088 14.15819136835194 -4.954353367727118 -100.0000000000001
1089 14.18866185327627 -4.866402670294367 -100
1090 14.21859494239324 -4.778237961892128 -100
1091 14.24798857032905 -4.689863737428543 -100
1092 14.27684063358272 -4.601284789920232 -100
1093 14.30514929339198 -4.512505280485189 -100.0000000000001
1094 14.33291301407126 -4.423528541875831 -100
1095 14.36013031696738 -4.334357798518255 -100
1096 14.38679963703202 -4.244996638973228 -100
1097 14.41291937903992 -4.155448862442872 -100
1098 14.43848790804667 -4.065718536403081 -100
1099 14.46350354458401 -3.975810045223199 -100
1100 14.48796457822435 -3.885728077290991 -100
1101 14.5118692618015 -3.79547768381309 -100
1102 14.53521582723699 -3.705064261754701 -100
1103 14.55800274880909 -3.614492537081977 -100
1104 14.58022896278657 -3.52376556161517 -100
1105 14.60189343608557 -3.43288631124457 -100
1106 14.62299511658547 -3.341857891642361 -100
1107 14.64353292298025 -3.250683602375058 -100
1108 14.66350575541837 -3.159366916040112 -100
1109 14.68291248939473 -3.067911533437373 -100
1110 14.70175198186391 -2.976321388816674 -100
1111 14.72002306996861 -2.884600693615057 -100
1112 14.73772457752744 -2.792753947975144 -100
1113 14.75485540931157 -2.700785474826776 -100
1114 14.77141467396337 -2.608698689594489 -100
1115 14.78740148474417 -2.516497097884558 -99.99999999999994
1116 14.80281493643538 -2.424184453097154 -99.99999999999997
1117 14.81765410960631 -2.331764778521796 -99.99999999999994
1118 14.83191807594557 -2.2392423877447 -99.99999999999991
1119 14.84560589982029 -2.146621936282494 -99.9999999999999
1120 14.85871664951868 -2.053908417168597 -99.99999999999994
1121 14.87124940215889 -1.96110720298214 -99.9999999999999
1122 14.88320325380726 -1.868224058850835 -99.9999999999999
1123 14.89457742065578 -1.775264395300666 -99.99999999999991
1124 14.90537139305629 -1.682231801132218 -99.99999999999989
1125 14.91558469792474 -1.58912973070423 -99.99999999999984
1126 14.92521686283499 -1.495961818857646 -99.99999999999983
1127 14.9342674134546 -1.402731967880233 -99.99999999999983
1128 14.94273588276764 -1.309444337269215 -99.99999999999983
1129 14.95062181630448 -1.21610337756549 -99.99999999999982
1130 14.95792477920275 -1.12271385656211 -99.99999999999984
1131 14.96464436457775 -1.02928088059517 -99.99999999999983
1132 14.9707802019702 -0.9358099272017534 -99.99999999999983
1133 14.9763319969609 -0.8423063452561342 -99.99999999999983
1134 14.98129958386054 -0.748774217573253 -99.99999999999983
1135 14.98568283877989 -0.6552174407512665 -99.99999999999986
1136 14.98948165998918 -0.5616400930100534 -99.99999999999987
1137 14.99269597338879 -0.4680464401252312 -99.99999999999983
1138 14.99532573720967 -0.3744409810802153 -99.99999999999999
1139 14.99737094918901 -0.2808284529748281 -99.99999999999987
1140 14.99883165361544 -0.1872138614016208 -99.99999999999999
1141 14.99970794953867 -0.09360250745371318 -99.99999999999999
1142 14.99534871516108 0.1082795816304807 -99.97840541204681
1143 14.98896918629206 0.2576220801859337 -99.93726454095999
1144 14.98054363860155 0.457506428270871 -99.85233657693263
1145 14.97090149538814 0.6962015555304395 -99.66471522870255
1146 14.96467594112349 0.8880088395658404 -99.28592256001879
1147 14.96704555693048 0.9517294195806298 -98.68943462561852
1148 15.00507836959905 0.9444956976657745 -96.66182465853788
1149 15.06043615194537 0.9475033243698829 -95.00097791430106
1150 15.17518893179736 0.9547406593543559 -92.67188296392736
1151 15.40896453598376 0.9694502425559571 -89.40794263300367
1152 15.84579334403869 0.9969327895358718 -85.11761028943401
1153 16.46392457536299 1.035822055257451 -80.60564138586112
1154 17.26925965499757 1.08648995796561 -75.96596630500069
1155 18.27528181729648 1.149783185308277 -71.20173431786726
1156 19.4952054908856 1.226534669824761 -66.31672120298107
1157 20.94184260150445 1.317549078216479 -61.31525163181603
1158 22.62749214653059 1.423601431357403 -56.20209046146108
1159 24.56385652101391 1.545426894345972 -50.98232453790378
1160 26.76198519793736 1.683721248151006 -45.66123743794535
1161 29.23225239731309 1.839137715909301 -40.24417632376618
1162 31.98436420105253 2.012285750140351 -34.73643482590497
1163 35.02739852182468 2.20373726349064 -29.14313277557286
1164 38.36985905951288 2.414026961931331 -23.46912626444146
1165 42.01976292616735 2.643659529339797 -17.71892573140285
1166 45.98472653899913 2.893113475712541 -11.89663243967237
1167 50.27206288389544 3.162849970351045 -6.005910912840969
1168 54.88888942718313 3.453316071607588 -0.04995172198103204
1169 58.83559855406595 11.56019130872996 5.769677028688319
1170 56.82022416717344 19.15013684935949 5.381705153018209
1171 53.83445552027531 26.40297154193055 4.83178030123716
1172 49.93285170816784 33.1960214357977 4.157903015679548
1173 45.18357702281811 39.41712576975929 3.406003535349566
1174 39.66643401083384 44.96486887161803 2.626813581066884
1175 33.47186816200782 49.74836191777199 1.87270702579084
1176 26.70084444491876 53.68733879702366 1.194549001183062
1177 19.46506701864563 56.71310871966558 0.6385370930226648
1178 11.8867838645437 58.77048564857506 0.2430692580463864
1179 4.097471372531673 59.82036796906775 0.03583098874768231
1180 -3.764952999999871 59.84221633333334 0.03147916666666506
1181 -11.56019130872986 58.835598554066 0.2303229713116779
1182 -19.15013684935936 56.82022416717349 0.6182948469817853
1183 -26.40297154193037 53.8344555202754 1.168219698762826
1184 -33.19602143579752 49.93285170816793 1.842096984320431
1185 -39.41712576975918 45.18357702281823 2.593996464650419
1186 -44.96486887161788 39.66643401083401 3.373186418933093
1187 -49.74836191777186 33.47186816200806 4.12729297420914
1188 -53.68733879702361 26.70084444491891 4.805450998816927
1189 -56.71310871966551 19.46506701864586 5.361462906977322
1190 -58.77048564857505 11.88678386454372 5.756930741953617
1191 -59.82036796906776 4.097471372531641 5.96416901125232
1192 -59.84221633333334 -3.764952999999831 5.968520833333344
1193 -58.835598554066 -11.56019130872973 5.769677028688326
1194 -56.82022416717351 -19.15013684935927 5.381705153018224
1195 -53.83445552027544 -26.40297154193031 4.831780301237179
1196 -49.93285170816792 -33.19602143579752 4.157903015679571
1197 -45.18357702281828 -39.4171257697591 3.406003535349591
1198 -39.66643401083404 -44.96486887161787 2.62681358106691
1199 -33.47186816200807 -49.74836191777182 1.872707025790866
1200 -26.70084444491898 -53.68733879702357 1.19454900118308
1201 -19.46506701864592 -56.71310871966547 0.6385370930226831
1202 -11.88678386454395 -58.77048564857502 0.2430692580463961
1203 -4.097471372531851 -59.82036796906774 0.03583098874768475
1204 3.764952999999454 -59.84221633333334 0.03147916666665985
1205 11.56019130872936 -58.83559855406607 0.2303229713116588
1206 19.15013684935927 -56.82022416717355 0.6182948469817789
1207 26.40297154193027 -53.83445552027547 1.168219698762818
1208 33.19602143579745 -49.93285170816799 1.842096984320423
1209 39.417125769759 -45.18357702281837 2.593996464650397
1210 44.96486887161795 -39.66643401083393 3.373186418933103
1211 49.74836191777194 -33.47186816200795 4.127292974209153
1212 53.68733879702366 -26.70084444491879 4.805450998816939
1213 56.71310871966562 -19.46506701864552 5.361462906977344
1214 58.7704856485751 -11.88678386454354 5.756930741953624
1215 59.82036796906775 -4.097471372531432 5.964169011252327
1216 58.83559855406595 11.56019130872996 5.76967702868832
1217 56.82022416717346 19.15013684935949 5.381705153018208
1218 53.83445552027533 26.40297154193053 4.83178030123716
1219 49.93285170816785 33.1960214357977 4.157903015679548
1220 45.18357702281813 39.41712576975929 3.406003535349567
1221 39.66643401083385 44.96486887161802 2.626813581066885
1222 33.47186816200779 49.74836191777192 1.872707025790838
1223 26.70084444491876 53.68733879702367 1.194549001183062
1224 19.46506701864563 56.7131087196656 0.6385370930226646
1225 11.8867838645437 58.77048564857505 0.2430692580463863
1226 4.097471372531673 59.82036796906776 0.03583098874768229
1227 -3.764952999999874 59.84221633333333 0.03147916666666509
1228 -11.56019130872988 58.83559855406597 0.2303229713116786
1229 -19.15013684935938 56.82022416717351 0.6182948469817864
1230 -26.40297154193039 53.8344555202754 1.168219698762827
1231 -33.19602143579753 49.93285170816792 1.842096984320433
1232 -39.41712576975917 45.18357702281824 2.593996464650417
1233 -44.9648688716179 39.66643401083401 3.373186418933093
1234 -49.74836191777184 33.47186816200806 4.127292974209141
1235 -53.68733879702361 26.70084444491891 4.805450998816927
1236 -56.71310871966552 19.46506701864588 5.361462906977321
1237 -58.77048564857505 11.88678386454374 5.756930741953616
1238 -59.82036796906774 4.097471372531681 5.964169011252321
1239 -59.84221633333334 -3.764952999999764 5.968520833333342
1240 -58.83559855406601 -11.56019130872965 5.769677028688329
1241 -56.82022416717356 -19.15013684935922 5.381705153018226
1242 -53.83445552027548 -26.4029715419302 4.831780301237189
1243 -49.93285170816795 -33.19602143579752 4.157903015679571
1244 -45.18357702281828 -39.41712576975911 3.406003535349592
1245 -39.66643401083407 -44.96486887161784 2.626813581066915
1246 -33.47186816200811 -49.7483619177718 1.87270702579087
1247 -26.70084444491895 -53.68733879702357 1.194549001183077
1248 -19.46506701864588 -56.7131087196655 0.6385370930226806
1249 -11.88678386454386 -58.77048564857503 0.2430692580463928
1250 -4.097471372531682 -59.82036796906774 0.03583098874768246
1251 3.764952999999625 -59.84221633333334 0.03147916666666199
1252 11.56019130872948 -58.83559855406606 0.2303229713116635
1253 19.15013684935939 -56.82022416717351 0.6182948469817864
1254 26.40297154193039 -53.83445552027541 1.168219698762828
1255 33.19602143579755 -49.93285170816794 1.842096984320435
1256 39.41712576975901 -45.18357702281838 2.593996464650396
1257 44.96486887161791 -39.66643401083401 3.373186418933095
1258 49.74836191777188 -33.471868162008 4.127292974209146
1259 53.68733879702364 -26.70084444491884 4.805450998816934
1260 56.71310871966562 -19.46506701864556 5.361462906977341
1261 58.77048564857509 -11.88678386454353 5.756930741953626
1262 59.82036796906776 -4.097471372531433 5.964169011252326
1263 59.81587246591366 4.39355686482739 11.76206724244138
1264 59.84243856688708 3.759650176821265 15.98366393729326
1265 59.91145396838756 2.112840032179728 18.65470430278877
1266 59.94939112350528 2.463839240156183 19.99999999999991
1267 59.77556524781382 5.184766038292327 19.99999999999987
1268 59.41896108756772 8.329889706865295 19.99999999999988
1269 58.74593503154597 12.20307815947747 19.99999999999994
1270 57.42775478250157 17.37967148031101 20
1271 54.87639380279436 24.26069670079303 20.00000000000003
1272 51.20149046284057 31.27950407089308 20.00000000000001
1273 46.63385255681734 37.75293093980589 20
1274 41.25312012920524 43.56810849673639 19.99999999999999
1275 35.15311009488022 48.62364497316278 19.99999999999999
1276 28.44018047691943 52.83139347082209 19.99999999999998
1277 21.23137599091618 56.11798887558226 19.99999999999998
1278 13.65238729450316 58.42612704510672 19.99999999999999
1279 5.835359474619177 59.71556395266212 19.99999999999999
1280 -2.083412003598986 59.96381735946163 19.99999999999999
1281 -9.965857706349189 59.16655879381467 19.99999999999999
1282 -17.67454156371939 57.33768901728752 19.99999999999999
1283 -25.07505716218481 54.5090956660891 19.99999999999999
1284 -32.03837122133986 50.73009728209329 19.99999999999999
1285 -38.44307338952989 46.06658341193396 20
1286 -44.17749311937161 40.5998657639629 20
1287 -49.14164671185118 34.42526046610166 20
1288 -53.13121301280299 27.87605074093943 20
1289 -55.56828094847632 22.63108820835197 20
1290 -57.01842353760493 18.67884840335877 20
1291 -57.96871390790945 15.47992918632986 20.00000000000001
1292 -58.63577940431482 12.72184628875346 20.00000000000003
1293 -59.12092454091653 10.23309731365504 20.00000000000004
1294 -59.47690543238696 7.905549915716771 20.00000000000009
1295 -59.73229670441003 5.661513042072908 20.00000000000012
1296 -59.90149131476885 3.436762727722366 20.00000000000016
1297 -59.98859122696794 1.17000964765952 20.00000000000021
1298 -59.98785154141196 -1.207338981232652 20.00000000000025
1299 -59.88057472304782 -3.783750860895854 20.00000000000026
1300 -59.62587187978392 -6.689947830010761 20.0000000000002
1301 -59.13574750378287 -10.14708659526069 20.00000000000011
1302 -58.19966322392919 -14.58763861008105 20.00000000000005
1303 -56.33699506028781 -20.6432310538715 19.99999999999999
1304 -53.15491790042771 -27.83082291501121 19.99999999999997
1305 -49.02463564176048 -34.59169119683792 19.99999999999998
1306 -44.03957384390579 -40.74942863400508 19.99999999999999
1307 -38.28665062972594 -46.1966706860694 19.99999999999999
1308 -31.86617231957246 -50.83844079547804 19.99999999999999
1309 -24.89008452907179 -54.59380637183664 19.99999999999999
1310 -17.48002032934627 -57.3972899236074 19.99999999999999
1311 -9.765179487494901 -59.20001071663541 19.99999999999999
1312 -1.880075768406553 -59.97053704100813 19.99999999999999
1313 6.0378084137472 -59.6954342305939 19.99999999999999
1314 13.85041909573375 -58.37949889521556 19.99999999999999
1315 21.42153782823185 -56.04567529257216 19.99999999999999
1316 28.6191567427005 -52.73465529357415 19.99999999999999
1317 35.31778021020825 -48.50416890115113 19.99999999999999
1318 41.40061295323713 -43.4279776809795 19.99999999999999
1319 46.761596446986 -37.59458866116604 19.99999999999999
1320 51.3072581129183 -31.10571113978096 19.99999999999999
1321 54.5154680529032 -25.06119997549181 20.00000000000001
1322 56.37776069772494 -20.53163655086387 20.00000000000001
1323 57.53846550259387 -17.00955577474219 20.00000000000001
1324 58.32972733507535 -14.05855286048286 20.00000000000001
1325 58.8970516517366 -11.4515198107582 20
1326 59.31286225596126 -9.054522087050652 20
1327 59.61600905690737 -6.777275522680449 19.99999999999999
1328 59.82719179612324 -4.550507821804207 19.99999999999998
1329 59.95541388320005 -2.312649127746162 19.99999999999998
1330 25.58859940084578 -4.592196382037091 -47.65392347066697
1331 24.99504676980412 6.4715741018699 -48.17211655029123
1332 14.98140327115178 -0.4825268278004783 -99.9038760445745
1333 14.84231669449697 -2.098873040737485 -99.91952488873795
1334 14.33701942472387 -4.376042831406617 -99.91988287909052
1335 13.6613683928542 -6.168269228464824 -99.90830278153713
1336 12.37181321465183 -8.464156256740551 -99.92296927310844
1337 10.28174889976997 -10.90816923905572 -99.92323529471092
1338 8.051469789651518 -12.64427287957957 -99.92476901849093
1339 6.501521142882157 -13.50776470124244 -99.93741710252941
1340 3.548934381801405 -14.56402545645318 -99.92688672695728
1341 -1.234788471378284 -14.93927440780718 -99.92764180202323
1342 -4.294958587876286 -14.36152583756955 -99.92397919344234
1343 -9.489411582105346 -11.60412529932665 -99.92508335162444
1344 -13.25030495147385 -7.00875984690733 -99.91694383109672
1345 -7.137562253183476 -13.18114665988472 -99.91610202485474
1346 -14.92452988642445 -1.399412891278655 -99.91974985327127
1347 -11.54500274642163 -9.559279377624351 -99.9001197497148
1348 -14.36397336775182 -4.290100793289855 -99.93461010664362
1349 1.116193164583707 -14.94881948026341 -99.93080443836296
1350 -14.940737325512 1.212145697442044 -99.91673016812439
1351 -14.42850943153844 4.060773579763901 -99.90159927207414
1352 -13.27069953866536 6.96907528093039 -99.907800480739
1353 -11.42556829156652 9.703510026109903 -99.92234185466205
1354 -9.09699887514684 11.91418457069316 -99.92407611291478
1355 -6.332013087693806 13.58730159175023 -99.9280068711804
1356 -4.815604004936849 14.19519853717438 -99.92012418338469
1357 -3.077870513977712 14.67090621679445 -99.92847125534874
1358 -1.169025934410361 14.94424835249563 -99.92262914604237
1359 0.4346514008019783 14.98288696348417 -99.90967220211552
1360 2.107412615594694 14.84117952855024 -99.92513054059769
1361 -7.712315100652826 12.85329362428985 -99.91529367527315
1362 -10.31783629517896 10.87317069675336 -99.91207668447454
1363 -5.740751939727719 -13.84771880506442 -99.93154592360351
1364 -12.40319132614846 8.417145168177909 -99.91352266651658
1365 -2.73076093350753 -14.73816503140034 -99.90592862603803
1366 5.008345908176234 -14.12947631872025 -99.93606177069678
1367 -13.91505767851414 5.575832890897119 -99.92996289811659
1368 -14.71196434048083 -2.873749509093456 -99.92009966914232
1369 -8.374785569364237 -12.43254538261148 -99.9257364238769
1370 -10.5316916221186 -10.66712377613119 -99.92434519838945
1371 -13.87788805981081 -5.666393680813149 -99.92255220104164
1372 11.39127629350868 -9.744430855079694 -99.92928855333264
1373 -12.51087843299268 -8.257725026863765 -99.92764236436193
1374 -14.74217043822618 2.719293828633635 -99.93313279054486
1375 9.138196507992431 -11.88600800298362 -99.95671665899239
1376 3.357509810792684 14.60798675176983 -99.90256033382052
1377 4.660949976439278 14.24717293958487 -99.92722350145118
1378 6.071915947507708 13.70498583110933 -99.92072543204691
1379 -14.98969881941157 -0.09352430751309165 -99.91957341335578
1380 -0.05642715801863214 -14.99010811558664 -99.92759267843475
1381 2.279944816909187 -14.81607595270965 -99.93124524539311
1382 13.05553380479666 -7.365133673529633 -99.91603723254067
1383 6.977485958244968 13.2662317155711 -99.91028565528055
1384 7.933170021235918 12.71635005494005 -99.87789693193058
1385 9.044735947124972 11.95397951892999 -99.92535111790413
1386 9.907210331549402 11.24806170566264 -99.9046225172346
1387 14.62065186473643 -3.304672261422734 -99.91027591913738
1388 -2.17436057688701 14.83166535688075 -99.92725681733117
1389 -3.92023599522099 14.46849706633906 -99.92676449019832
1390 1.292760832863272 14.93444523372633 -99.92877585461547
1391 7.301707538511769 -13.09157291919879 -99.92520507965293
1392 10.56298177779438 10.63613919880392 -99.92432198685167
1393 11.21466950937193 9.945922818645171 -99.91617294664597
1394 11.87422460006966 9.147030295456039 -99.89873391536644
1395 13.99364088457845 -5.377594551223237 -99.93969209486529
1396 -3.487607288358505 -14.57766927586658 -99.90671542790368
1397 -1.988660574393311 -14.85771915214347 -99.92761072141721
1398 5.743688561003416 -13.84611784233891 -99.92600844831728
1399 4.235218540863245 -14.38223062727886 -99.95805625862798
1400 10.84943775389873 -10.34410682389979 -99.92737444476471
1401 11.89953437693471 -9.114152358511589 -99.89931502382619
1402 -12.03755604254694 -8.931753823563762 -99.90860055230836
1403 -11.06764932243301 -10.11338978392897 -99.9531867520539
1404 8.64032029643691 -12.24872543959452 -99.91462358108893
1405 9.733789962758586 -11.40051297484587 -99.93146196000539
1406 14.93862225034449 -1.229243343395107 -99.90257383966238
1407 13.37211041896076 -6.770624751443604 -99.88815835985116
1408 12.73729809175351 -7.903299279320664 -99.92125010751198
1409 12.27877003421775 8.598522415499533 -99.9228886851609
1410 12.67724772609333 7.999365124992614 -99.92249709321248
1411 13.07624648865583 7.327074913227407 -99.90462091501774
1412 13.50002840239273 6.513529560908239 -99.90615855538493
1413 21.08947907624849 5.902112310628623 -58.62347803350371
1414 -12.79621124345204 -7.807645295096989 -99.92237434936868
1415 -10.14997063377359 -11.03097368789517 -99.92462990258466
1416 14.48296692477746 -3.865612154859352 -99.91947802090968
1417 13.730015201315 6.013842582299806 -99.90793630722635
1418 13.96897938049581 5.434806053168097 -99.90048059910229
1419 14.23143539464709 4.708203651721699 -99.92076501586274
1420 14.74001478441599 -2.725970027372708 -99.91918597508194
1421 18.75480986698387 -2.971168340614296 -68.4382088073509
1422 13.84019198088864 -5.756777479555387 -99.91517672223341
1423 14.15679166948532 -4.928273846583378 -99.92151754193355
1424 14.36957228582493 4.268040086190199 -99.92058339039096
1425 14.51332531591074 3.745178252108899 -99.89483386563371
1426 14.65937979708827 3.130865342381852 -99.91979696355263
1427 14.77087586718322 2.553716361789529 -99.92000841219232
1428 13.28992325539175 6.931690279634984 -99.90162630949152
1429 11.61200621806863 9.478263859298631 -99.90689343018613
1430 0.7247305744573356 55.69291679627548 -4.849191881429798
1431 -39.38490360624223 39.09989789723391 -2.223951384988284
1432 -55.7971773232693 0.1395449215015091 0.9667833220040004
1433 17.05545728711856 5.202413469510927 -73.48674690627499
1434 -11.33695576057632 -9.807456728583867 -99.92848654769965
1435 -11.84402934040049 -9.187146944991529 -99.91246643203264
1436 12.12917919658941 -8.80727823289976 -99.91219072364592
1437 14.1036021420537 5.074648534156695 -99.89574338723038
1438 14.98874611880986 -0.1364402806763734 -99.90797490288548
1439 14.96466557866617 -0.8560724528327651 -99.90300729023177
1440 14.90296143231956 -1.60250746225345 -99.89708449584622
1441 -51.53693554900418 -20.66567696975995 -0.1565511579392923
1442 16.08273389545612 -2.312807982985971 -82.29231630032129
1443 -22.46369908292439 -50.39658983897252 -4.523646489737958
1444 30.83067604510503 -3.239422643022884 -36.79643801107196
1445 29.96863515357567 7.130280375778816 -37.33429041232851
1446 14.11345550860365 -53.56918497293122 -4.833766315575546
1447 15.13017029124324 -0.5894482469101712 -93.84822450643168
1448 15.06901982308294 4.219553550270417 -87.22665714377325
1449 14.81130132372354 2.302497708710987 -99.90470422070479
1450 14.89618909901001 1.675103224632935 -99.92115655009059
1451 14.93405313128237 1.283492555595376 -99.90255907683984
1452 14.8612176951142 1.960844209411039 -99.92021179740277
1453 14.7208012749234 2.82813144921404 -99.92008614017666
1454 14.95788112032389 0.9806577775393484 -99.91968716085697
1455 14.906203298023 2.667442979509655 -93.83133783477724
1456 14.68786782522041 -2.99475657212442 -99.92094213651863
1457 28.87703467991252 47.86917842096589 -3.08542786093514
1458 14.79124762453793 -2.426868954393008 -99.90061682240741
1459 14.59417396694953 3.416842891085302 -99.89620484503079
1460 39.52557720257871 -39.15608155663029 -2.049741574269213
1461 14.98305770282761 0.3342888826321482 -99.71728861926154
1462 39.58856780194186 8.298833813487779 -20.43963979635014
1463 -21.10411107792479 51.37415529489788 -4.214135811388776
1464 -39.70442230631512 -38.75358764046322 -2.194155529565543
1465 -52.0707230801481 20.81706339953736 0.5248299766214719
1466 40.36581723010136 -3.474496620275421 -20.17991323361034
1467 15.01371610718401 -0.3412704464085843 -97.37711680284184
1468 14.98842091258764 0.4291089820676411 -98.94669841185697
1469 14.87349419973344 2.057462805360329 -97.49998507510803
1470 21.68921295389883 -3.25477150300178 -58.40797976410923
1471 44.03523226973048 33.91423759042887 -1.417598502148874
1472 48.13528972084357 -2.364279548641547 -8.937193360287148
1473 -11.43040114992676 -9.697143159698307 -99.91513644071026
1474 -11.72954797577004 -9.334381662449211 -99.92843696242745
1475 14.92753480844397 1.400547994453507 -99.08915408784023
1476 47.5354085842482 9.206905872599075 -8.802622715271143
1477 -0.1569066216811368 -55.43069467255844 -5.162335139553334
1478 14.90484359982777 1.585395848136697 -99.89844521494231
1479 14.98641200254066 -0.3274176315225318 -99.91952506825345
1480 14.98297584002295 -0.3363088723686335 -99.72837084196591
1481 15.06024993130928 53.22046633010027 -4.883807643846566
1482 14.97451178779584 -0.6664503480338697 -99.90730847476993
1483 14.96753011163002 -0.7581651402497824 -99.76810832979686
1484 28.27198984162917 -48.20347149688989 -3.173491623311395
1485 14.95321388130425 -1.039451069230953 -99.90656085109501
1486 14.94112270352015 -1.168380642453924 -99.77560885766194
1487 48.45591663640723 -27.83754217933801 -0.3433617330147758
1488 14.92268832110654 -1.411082990328993 -99.90567644013021
1489 14.90726773913463 -1.541191484921657 -99.7709620841006
1490 14.8840515823334 -1.769332775939611 -99.89649572564049
1491 14.82234079014761 -2.227352547194098 -99.89438765068962
1492 14.80047650419164 -2.35527353196526 -99.75871797883127
1493 14.8907898463183 1.69301458374965 -99.77212901843346
1494 14.98908695851814 0.03658073827247347 -99.9030077562458
1495 14.98657605445307 -0.06533849337461797 -99.76720157058983
1496 53.66625312117976 -13.90830282340028 0.1655943871604894
1497 51.35642424581344 20.53075332291431 -0.4209515231511076
1498 14.98116899072988 0.5090520839697343 -99.39360720370664
1499 14.9254491709818 1.381382410772482 -99.44593890779758
1500 14.88504311133205 1.783846624421062 -99.2353027883923
1501 14.87485741175995 1.828152541259465 -99.78806445425003
1502 14.89101298716444 1.702502035400684 -99.55942421385392
1503 14.91252537154888 1.489566223535473 -99.77612826901264
1504 14.85377829924064 2.008645063529869 -99.47005793843054
1505 14.8516056079514 2.051205196881043 -99.13813177392403
1506 14.81024957631477 2.312266941050472 -99.40782601663966
1507 14.78760168585629 2.471450855706608 -99.1271088410785
1508 14.71250909481617 2.875376520730635 -99.30063586559771
1509 14.70543839038746 2.940534484527375 -98.75865347506979
1510 14.57997844756424 3.490602067085807 -99.19519562323174
1511 14.57265307111263 3.553542864775626 -98.48390749373156
1512 14.43447497330206 4.061237167478407 -98.91622153760531
1513 14.41432397618112 4.160618264952561 -98.24198054671668
1514 14.25343820483311 4.665017538126692 -98.6821293407294
1515 14.22334963553906 4.785319506018525 -97.97555844688149
1516 14.04548345376607 5.265424908309485 -98.46094354889068
1517 14.00364606136427 5.40354418704263 -97.78592903197496
1518 14.4033662660225 4.244611464854005 -97.47620793848478
1519 14.08963006170318 5.127589117240711 -99.04037408223576
1520 13.89279875180291 5.639697988530745 -99.02191708301388
1521 13.91869523862173 5.564241582326473 -99.40944124887899
1522 13.71350360682258 6.057526564586531 -99.21963786479635
1523 13.68706958893212 6.128369442535421 -98.77968226368772
1524 13.76326318490596 5.931951882559722 -99.65494161543209
1525 13.92803880002611 5.544646062849341 -99.93689895384151
1526 13.51738213075772 6.483708715083853 -99.20747511741489
1527 13.48310357655295 6.567780906426743 -98.66842264779827
1528 13.3105554110737 6.902240588269582 -99.03937668581631
1529 13.24708278004564 7.035164821384075 -98.52892740150334
1530 13.05939185078948 7.367124232530163 -99.00780488984378
1531 12.9637545590647 7.547114718303737 -98.42523399602401
1532 13.19279872828385 7.154596893517485 -97.91835775759893
1533 12.86347732595123 7.736516658607702 -97.7617761515526
1534 13.17600282877487 7.218944768952399 -97.12797767085422
1535 12.71294994345761 8.015669330002209 -96.93473835834872
1536 13.1102569586097 7.392453439004004 -96.15950938162698
1537 12.50941573738936 8.381637361117111 -95.96047951571198
1538 12.06660112382173 8.961992960223458 -96.8827320701118
1539 11.83382184997065 9.321948664009426 -95.7839696873846
1540 11.33525914818323 9.883120759195215 -96.60039428756006
1541 11.08302772412474 10.21419394552588 -95.59660106588056
1542 10.58057719235883 10.69196774660419 -96.49794044835592
1543 10.26809196006615 11.04051194696613 -95.47338708344205
1544 9.734023399048819 11.46816548201192 -96.50980905879175
1545 9.417126278369723 11.783590671937 -95.31756737010238
1546 8.872962499624473 12.15929758104728 -96.19814185699096
1547 8.518996386143421 12.45884951886996 -95.12760592153266
1548 9.135006737398074 12.06998893731995 -94.15748175143227
1549 8.096987277138087 12.80223708770878 -93.97548467931942
1550 8.80413485498396 12.40137459544682 -92.88686179556092
1551 7.602533964360774 13.18697951819785 -92.71912716612276
1552 6.830406920208459 13.52582845325537 -93.91507739321733
1553 6.280972893420733 13.87821205211723 -92.57022146248829
1554 7.124135659202349 13.5659302379381 -91.28739445309293
1555 5.670059996309426 14.25157729169013 -91.13108082810967
1556 6.578364226097562 13.98595189989513 -89.71296342833435
1557 4.948891757240514 14.65629058979376 -89.61388473650123
1558 4.012810409951946 14.79993029441466 -91.21528411847945
1559 3.27349335853757 15.1292480940291 -89.54131821437787
1560 2.301295851511233 15.18579533566214 -90.92819726605829
1561 1.611343767161428 15.40813346206058 -89.42658633193091
1562 0.6065859956028371 15.33810643489883 -91.0517036696878
1563 -0.03694210912618884 15.49930903671869 -89.35799261055379
1564 -0.9555158688263091 15.35211567634174 -90.66441137667047
1565 -1.629883271486424 15.42625470147205 -89.21829794391579
1566 -2.487781866541594 15.1944752496569 -90.47504418819835
1567 -3.162936683077958 15.19860946604859 -89.07401408551384
1568 -3.981646249458259 14.88633860526775 -90.30239265274585
1569 -4.690643105137043 14.81235421154678 -88.90834901836534
1570 -3.852396676506437 15.19452660777445 -87.61113932302223
1571 -5.450745759467829 14.71188362954412 -87.44122198800433
1572 -4.54860190924076 15.19301439838215 -86.02810347661975
1573 -5.429610319408566 14.43174030704697 -90.15738916008959
1574 4.233234409560088 15.06514719911761 -87.84546957623326
1575 -4.665498548963414 14.57832206847711 -91.56286725311618
1576 -6.068214523594813 14.06960888275066 -91.32246212109115
1577 -5.577353956558376 14.18478493655419 -92.45740392728121
1578 -6.746989299219982 13.66120784220337 -92.51116462308921
1579 -7.21598053658343 13.52012266511424 -91.25198607048335
1580 -7.815352346738276 13.09628078194878 -92.2637139184569
1581 -8.256214906326301 12.91505543730826 -91.1741546901778
1582 -6.262536657440798 14.58474573450656 -85.8614085981617
1583 -5.305207015171439 15.17261481227163 -84.37730417661575
1584 -8.799768551121904 12.46335302272279 -92.14500082450066
1585 -9.249140215668124 12.22981282300123 -91.07153450878369
1586 -9.760467395657376 11.71346245102086 -92.25589783886394
1587 -10.1791191826317 11.46931820465354 -91.01232349423397
1588 -7.100914581720019 14.44672638556558 -84.1235822054086
1589 -6.137950746612651 15.14323659590642 -82.52768694374639
1590 -7.998880298879486 14.28487663954673 -82.21922125278695
1591 -6.936237673231735 15.15412011274274 -80.49341802970828
1592 -8.934791928316161 14.11493513284841 -80.1355919988401
1593 -7.840037988318121 15.15296779077572 -78.26783456897722
1594 -9.899731403563614 13.9649849480585 -77.81049890525635
1595 -8.765167415824852 15.17386903843974 -75.90777086396598
1596 -10.93658044056588 13.78704450156848 -75.36002255705499
1597 -9.786664881533174 15.17521784531739 -73.42295863281898
1598 -11.97172321678608 13.61657917332686 -72.88055784647291
1599 -12.76589900425054 12.15297698074644 -75.02961022783593
1600 -10.87129283338109 15.19063161415392 -70.77283951871587
1601 -13.10343697772475 13.41288760708422 -70.233213876631
1602 -12.01894367920197 15.20047483281154 -68.04163607238448
1603 -14.30184626991948 13.24182618552375 -67.34289593329831
1604 -13.23537639432825 15.22568969899474 -65.17043300798744
1605 -15.56921625857088 13.07529799515995 -64.32459684716547
1606 -14.63821310773834 15.21238938611593 -62.04128773347351
1607 -16.87778393819301 12.91904414008186 -61.2652902717811
1608 -17.6921759911257 10.55301097421345 -63.11738153586198
1609 -15.96956116211196 15.33874988147778 -58.87403669603998
1610 -18.34802019132102 12.75421650149861 -57.92260811634115
1611 -10.62661415783639 10.9568416979242 -91.97517484757721
1612 -11.0375563948607 10.65432035644386 -90.89441059279191
1613 -11.44289519228101 10.11110217677301 -91.84480626009362
1614 -11.79134956437589 9.818362134518496 -90.81606965215664
1615 -12.16217986568348 9.242731861480467 -91.72846919893961
1616 -12.51602574835176 8.905099419360624 -90.56081986438551
1617 -12.81902743544543 8.317363256217785 -91.61971139738664
1618 -13.13164324604536 7.956273895889595 -90.61165047437424
1619 -13.37727703615872 7.374107556882362 -91.67349858791474
1620 -13.64931740467902 7.03632734138225 -90.55006326078929
1621 -13.87979185168006 6.417372999870584 -91.40890113848522
1622 -14.1419867154244 6.037090770371862 -90.25875514097623
1623 -14.30783969006857 5.388058551439491 -91.42367978745752
1624 -14.54070172434077 4.985495828607216 -90.29553543795548
1625 -14.66731702500685 4.377454660078795 -91.14943657285068
1626 -14.85206907590485 3.999575018397246 -90.15398088094743
1627 -14.94290943715153 3.367297154877808 -90.97981484775023
1628 -15.10106741186843 2.973264032882247 -90.01408102092681
1629 -15.15208591569889 2.313139916663663 -90.82960136332393
1630 -15.28010075768912 1.926808471084489 -89.87645238281392
1631 -15.28411030756681 1.254310937891433 -90.71500973608121
1632 -15.3855003846225 0.8734408945378267 -89.75697627565413
1633 -15.34216772778823 0.2249079329510615 -90.60034735608927
1634 -15.42232222471376 -0.2119689351917609 -89.59186463558368
1635 -17.52394950821232 15.4327503463074 -55.42561875788071
1636 -19.9866704208696 12.47731483902295 -54.45850985846396
1637 -15.49669876748611 0.4330880915557792 -88.68414606513724
1638 -15.50407457175128 -0.7089448367036996 -88.49318754462976
1639 -15.35851064800134 -1.419462196916261 -89.59448248762929
1640 -15.42578933172491 -1.86726329562503 -88.30638187142023
1641 -15.227808200312 -2.637543026804154 -89.24663843395342
1642 -15.25677443056675 -3.081206816964722 -88.04481702267366
1643 -15.00941250913121 -3.784262780868991 -88.98486397233397
1644 -14.98167866878696 -4.314297469962259 -87.80620683517944
1645 -14.640193564809 -5.038888853018738 -88.96927707925708
1646 -14.58966314229356 -5.584014292973769 -87.52911548174865
1647 -14.12649186876921 -6.428400917493439 -88.60219976804842
1648 -14.06633136636841 -6.881413124455661 -87.21103473206861
1649 -13.50893372242755 -7.711225945579841 -88.28697949750523
1650 -14.58650933788325 -5.985718564814831 -86.18322724244373
1651 -13.4068689288194 -8.175041388978469 -86.86191255057713
1652 -12.75047849835043 -8.967598346454828 -88.00501690596235
1653 -12.59764178330364 -9.455595203809988 -86.48948132452063
1654 -11.81238721875486 -10.23664518024448 -87.65546269280911
1655 -11.62885494544665 -10.69997219987408 -86.12279354325484
1656 -10.69145781929792 -11.46487482590976 -87.30154862927192
1657 -15.58693785063893 -1.027607022598604 -87.45139868483291
1658 -14.75869531079331 4.602649693023707 -89.22301902467406
1659 -10.46567812152808 -11.92624057495336 -85.67054958827299
1660 -9.41349039269365 -12.59960585545651 -86.91680810362921
1661 -15.26197102022932 0.6211287692682728 -91.57074451196455
1662 -15.03311585024958 -3.270508354614388 -90.09639419768568
1663 -5.614045287390155 16.06230611060708 -78.63983411133319
1664 -9.145351897335333 -13.060897670937 -85.14486562322621
1665 -7.928306068966585 -13.65741363036055 -86.4454018672147
1666 -10.58937395358172 -12.17145803452299 -83.64481760585036
1667 -14.80341565291978 3.683409863520188 -91.8956195451115
1668 -19.19581925755199 15.53588218611209 -51.8617341659538
1669 -21.52196897141202 12.58184483863118 -50.88585667702655
1670 -13.60690269729902 -7.280105474445266 -89.62514383777439
1671 -7.62403739380823 -14.10221736900501 -84.57793942316825
1672 -6.228122908685148 -14.58872605844676 -85.94210385611484
1673 -13.65916386042573 6.732486999072042 -92.37267990336854
1674 -22.03731094703813 9.183108703922757 -53.28347272804718
1675 -23.58513979327353 9.257838995431248 -49.54203074737966
1676 -23.57703801671356 5.916644046925294 -51.91435029024137
1677 -25.1956146307428 5.788036171692333 -48.05671542326134
1678 -10.94995377179196 -10.967543295878 -89.05450523708205
1679 -25.3549458197245 9.08894808739673 -45.72550837709478
1680 -26.94785679164849 5.574782906376321 -44.185234419407
1681 -9.613392851669579 16.74499467933164 -68.55022600284555
1682 -5.902203023670529 -15.01012236084399 -83.95851510625381
1683 -4.385190771557739 -15.32359984615609 -85.40948041442047
1684 -13.54240939341246 17.44945753318879 -59.37478054890776
1685 -11.83672566305553 9.557177895201441 -92.69800025423554
1686 -6.65643117141915 -14.16961857672118 -87.70622151314736
1687 -3.991866604506569 -15.74196276469111 -83.26575041871672
1688 -2.429226969520399 -15.85321282257046 -84.71125985503227
1689 -27.28795957230195 9.133141920305594 -41.64916715090828
1690 -28.94781560255675 5.340010416633832 -40.03777082761372
1691 -9.133426019204563 12.14028012755731 -93.1496229466637
1692 -1.907978865373278 -16.25019733405869 -82.51956642407795
1693 -3.715312682251127 -16.19946511879462 -80.90362527179275
1694 -6.161080764470967 13.87430707479751 -93.42468307096358
1695 -5.22239540053139 14.25156472131967 -93.48524883027829
1696 -5.770309940705022 13.99146130758782 -94.28149688641227
1697 -4.941321506563781 14.29904349531978 -94.41204159273478
1698 -13.42886829284104 7.568598792141398 -89.83943206522275
1699 -5.418303269056251 14.09046429222496 -95.10263252334815
1700 -4.676601011229304 14.3488681510442 -95.21898111009253
1701 -29.334976494859 9.326292655840602 -37.51615395230409
1702 -31.05954143581308 5.271392107576538 -35.87262239471852
1703 -30.26052459762115 1.110651625599902 -38.19952385372617
1704 -24.77277769906585 2.32527500775444 -50.31471027857071
1705 -1.545120741269895 -16.71787695290134 -79.98729162829028
1706 -3.558956683250801 -16.73545981811916 -78.23206319132214
1707 -0.9802162674484114 -17.27930862591291 -77.29544253837938
1708 -3.236140053694228 -17.40113792287894 -75.40355134750611
1709 -0.2776864692171653 -17.90953250485758 -74.50917311209572
1710 -2.781179648432568 -18.16401506226406 -72.52222442480029
1711 -5.566877790521273 -17.22303029301881 -73.55047873790616
1712 -5.198672921216581 -18.15007272919331 -70.45393629133066
1713 -8.028222844541885 -16.76905088908671 -71.3820270849599
1714 -7.768597028691785 -17.85258591295623 -68.13582854263497
1715 -4.716958890613015 -19.20939991077756 -67.25005312567293
1716 -7.417300331042265 -19.02822855249713 -64.9659086663335
1717 -4.088855903057522 -20.44471448548414 -63.81758262774721
1718 -6.95238351378537 -20.46993621853465 -61.36781338663718
1719 -3.322799429289355 -21.86160670815973 -60.14570850776428
1720 -6.81828034566035 -21.94356047408102 -57.62786559596349
1721 -2.812909622526377 -23.393396865858 -56.30050318879701
1722 -6.542525510345016 -23.68136712171251 -53.64934824281033
1723 -2.727322258510563 -25.04416536649557 -52.33275168231872
1724 -6.386892680161025 -25.51412602381253 -49.66663251447518
1725 -2.141447972449638 -27.04477202459268 -48.0208266896058
1726 -6.063981976331847 -27.75641809525612 -45.21709836566286
1727 -1.593142337527859 -29.264980174115 -43.55941111829699
1728 -10.39587865644062 -16.04691564893595 -69.15684030359029
1729 -5.109932282727185 14.1744619636811 -95.82581777060595
1730 -5.794229023713883 13.91228491445645 -95.73060261018669
1731 -4.416657289588806 14.40208619991222 -95.9233538594378
1732 -5.50224491936411 14.00332663710153 -96.46231980276784
1733 -6.108998006515277 13.75388845100961 -96.32879969180422
1734 -5.911003645472534 13.82165651892295 -96.89972759216097
1735 -6.415406083483125 13.59696598890153 -96.82656177084426
1736 -27.30924520066475 12.81666575577544 -39.0524916024706
1737 0.1732182880743404 -21.15838664208637 -62.95934494231616
1738 1.502888227098006 15.18736959748768 -92.22608215771291
1739 -32.53111084459118 1.010962003972808 -33.77716762683457
1740 -31.16451090865567 -3.296781007563027 -36.13327732156493
1741 -5.876454485639797 -30.06458788690331 -40.88585328730008
1742 -29.37907885746554 13.37153561490971 -34.91751205653816
1743 -26.83325695807568 17.08917505105455 -36.22862569475118
1744 -1.221719574068359 -31.66777701759107 -39.04864538361716
1745 3.188602108384679 -30.14594955136437 -41.58234885736543
1746 3.656077315604363 -32.68363279048497 -36.86265422311646
1747 -6.186472577704986 13.68875125120467 -97.31694448665182
1748 -5.313217772147831 14.01683480378505 -99.92454538629059
1749 -4.972388394696811 14.14203681436228 -99.93437934632745
1750 -6.662072423664787 13.46274056749154 -97.34897800202359
1751 -5.54733474944508 13.92569008182897 -99.92222700812933
1752 -5.942145602139691 13.76211301044708 -99.9259109186973
1753 -5.746962007232969 13.87718393693791 -97.39221425762759
1754 -6.888922930061717 13.36256503893121 -96.84461633003401
1755 -7.117729532328455 13.22956344936297 -97.26778277062651
1756 -6.948644195022696 13.3083965676271 -97.70088059541257
1757 -7.344414047715935 13.09508301417516 -97.65702858891805
1758 -6.739356877718409 13.38907709931603 -99.91520251394184
1759 -7.034322857714276 13.2371690425139 -99.92534780627102
1760 -7.326547588033296 13.07749472100477 -99.92249073417398
1761 -6.524387793169658 13.49442067348124 -99.90212107014638
1762 -7.540475219724248 12.9935781819535 -97.25171730078485
1763 -7.744668809759711 12.8626206643646 -97.64467206118535
1764 -7.940723929992549 12.75290026180809 -97.24766490343234
1765 -8.121222122620502 12.62833658922159 -97.63737692461871
1766 -8.406741352873995 12.40960872329598 -99.90487329656952
1767 -7.866085259919497 12.76043139086247 -99.92488157618922
1768 -8.097348583179009 12.61451550100102 -99.91880407854237
1769 -8.326661588289515 12.50434881302668 -97.24248455315815
1770 -8.484993418746944 12.38679923590097 -97.63561644031026
1771 -8.701704388570313 12.2462112427166 -97.24162229390102
1772 -8.862381521485432 12.11774158533106 -97.70896642295091
1773 -9.074066761961765 11.97255990893303 -97.24864608992567
1774 -9.239267746063469 11.83445762149433 -97.64290846769343
1775 -9.427751353209866 11.69603239900368 -97.24567200972953
1776 -9.600606269338968 11.54186440185185 -97.69266585244367
1777 -9.773239476263276 11.40849433824318 -97.25457854660168
1778 -9.937821989207967 11.25427560274652 -97.63377535248546
1779 -9.44471730214112 11.64045977230163 -99.9238349642257
1780 -9.701505126607442 11.42801139098562 -99.9316081824572
1781 -9.989688465011954 11.1752015205698 -99.90921851171255
1782 -9.250190741558823 11.79471153919323 -99.91107222555665
1783 -10.10678927334362 11.11397266910657 -97.25323261667818
1784 -10.26949933889103 10.95267618930029 -97.62191968210367
1785 -10.43059680313854 10.81069116223664 -97.24737425514803
1786 -10.58736528376726 10.64571027788398 -97.61828745943326
1787 -10.7422186535419 10.50108799079312 -97.24308682410117
1788 -10.88923392492004 10.33654132126898 -97.62089000844533
1789 -11.04122960353291 10.18537856276419 -97.26329878319713
1790 -11.2070039620687 9.989417035176665 -97.67417159913569
1791 -10.63626712011994 10.56253454092505 -99.92021721258718
1792 -10.8679857258126 10.32507050357232 -99.93192756288963
1793 -11.11237716953673 10.06155517321568 -99.93166183256199
1794 -11.33483473226849 9.857080845335519 -97.27327091952716
1795 -11.46691432175585 9.691651629020608 -97.6150780824161
1796 -11.59864293053667 9.545925271485716 -97.25079975368045
1797 -11.73245099926496 9.368603979574269 -97.60643141829115
1798 -11.87097348547995 9.207523730266786 -97.18197995895864
1799 -11.99211057390004 9.034370635691985 -97.58696629870391
1800 -11.70539330201828 9.365598381026867 -99.93636950003952
1801 -11.93314663713474 9.070630893426982 -99.90641542703219
1802 -12.14189324349507 8.789583784342328 -99.91037863624129
1803 -12.12770245280992 8.864180085816391 -97.2395951641152
1804 -12.26690300065587 8.655456674101266 -97.64481337755116
1805 -12.37316650561338 8.517795699697709 -97.24509510728247
1806 -12.500522230403 8.316235342029316 -97.59222714295862
1807 -12.6041139508631 8.172325536528527 -97.23745641103216
1808 -12.70841818644788 7.994982055290738 -97.58769468778921
1809 -12.82287062413027 7.824757823881844 -97.23028598278485
1810 -12.92087710178849 7.647005541854003 -97.58076097215115
1811 -12.6438139188566 8.0511740525909 -99.91335537970025
1812 -12.84649056468036 7.725955448023569 -99.93229912622172
1813 -13.02270498362434 7.425246083462721 -99.93334933472352
1814 -13.03107667398368 7.472198316814836 -97.2412169347005
1815 -13.12785606275074 7.285624324990202 -97.5855984039607
1816 -13.23079710035729 7.112592418706886 -97.23718049511663
1817 -13.32294392111298 6.922695231053844 -97.57631348756158
1818 -13.41905826052892 6.750473736255294 -97.23793712078097
1819 -13.50119135812803 6.568329710058344 -97.57240646752322
1820 -13.5952934920414 6.388779516193503 -97.22223486872265
1821 -13.67294944181269 6.199473559553097 -97.64166716700679
1822 -13.7612412286159 6.022148451384499 -97.23433423215572
1823 -13.83697014585398 5.827407289409539 -97.57469237147637
1824 -13.91789616831823 5.651472481756307 -97.21823281602293
1825 -13.98278461041617 5.469165572975601 -97.55599257286053
1826 -14.06277688285302 5.280967662911713 -97.21050779398556
1827 -14.11980248863424 5.105633843589485 -97.5430461273795
1828 -14.19741461552798 4.907569242723679 -97.20710576115596
1829 -14.25273685176506 4.721928064740887 -97.53941613224018
1830 -14.32319300710827 4.527294170401331 -97.20543204367584
1831 -14.37410025512148 4.338218278120888 -97.54096668591802
1832 -14.43754554153143 4.148593634248928 -97.19827373104481
1833 -14.48380092810258 3.956885149270414 -97.53475852517656
1834 -14.54183724323272 3.766780006552281 -97.19600474407061
1835 -14.58298058845621 3.574209985279349 -97.53151449104448
1836 -14.63596231669222 3.383118342178972 -97.18933753603383
1837 -14.67200405313964 3.189636945839839 -97.52453403060755
1838 -14.71924488074517 2.998737876414352 -97.19975609060621
1839 -14.75063848337682 2.803561009347761 -97.52345293961942
1840 -14.79301004272195 2.610014327497031 -97.20303936703888
1841 -14.81922700274812 2.415360416431894 -97.51853128930969
1842 -14.85672296013535 2.222072088279409 -97.1804417459698
1843 -14.877509025251 2.026540035024802 -97.51130693358498
1844 -14.90997840351201 1.832813718979037 -97.16936742320092
1845 -14.92563613820365 1.636197898530476 -97.50269257167838
1846 -14.95303481319868 1.441531748210811 -97.16174211474674
1847 -14.9628053466891 1.253634011940645 -97.49303761520582
1848 -14.98576280276977 1.048085050986904 -97.16063007885091
1849 -14.9905212633652 0.8657999844508193 -97.47897456813152
1850 -15.00829187970649 0.6536460815015955 -97.15359427603816
1851 -15.00706429786255 0.4608497465982413 -97.54730095071612
1852 -15.02001972626646 0.2604766596356101 -97.16385955399629
1853 -15.01509833023736 0.06008442212322807 -97.49267087489235
1854 -15.02189455080734 -0.138738577722221 -97.15261435552209
1855 -15.01172842943551 -0.3388113338126341 -97.47617104764021
1856 -15.01341602508581 -0.5375217298322571 -97.13108709924623
1857 -14.99764982255795 -0.7370694171978156 -97.46659942317524
1858 -14.99421026240309 -0.9349473029448836 -97.11879022423895
1859 -14.97296308071694 -1.135636598309272 -97.45639028186616
1860 -14.96424314769104 -1.333842385049639 -97.10906764177705
1861 -14.93491916476492 -1.545749559362108 -97.52026159295781
1862 -14.92307784596452 -1.733926129513594 -97.11418879277134
1863 -14.89030801389856 -1.939834088121628 -97.44993558582816
1864 -14.87156929202253 -2.134534286054274 -97.09388423608304
1865 -14.83268849712766 -2.341491149124133 -97.4396524836865
1866 -14.80859885663624 -2.536784216535621 -97.08103454103507
1867 -14.75872678554565 -2.761748035171738 -97.51331821556664
1868 -14.73306247462481 -2.943593188219932 -97.08550581818413
1869 -14.85213309347483 -2.3269659305074 -96.72031976424829
1870 -14.67911528703 -3.164128319252537 -97.44758537797486
1871 -14.64671499487877 -3.349233968770006 -97.06523719054024
1872 -14.58904650680424 -3.559208139978591 -97.41696773544942
1873 -14.54858113294579 -3.754561380033219 -97.04744790025492
1874 -14.48335801098607 -3.968701569368454 -97.40304161936348
1875 -14.43789089565396 -4.161377852089245 -97.0334743098136
1876 -14.36969300758807 -4.363443567186342 -97.39024116617914
1877 -14.31523295416806 -4.566577078607196 -97.02271247259576
1878 -14.2376497962987 -4.77259247070948 -97.4555072758137
1879 -14.17977187860578 -4.971587007571834 -97.02135081811018
1880 -14.09557769847041 -5.182000254324938 -97.37857008173177
1881 -14.03154537017266 -5.377602018046163 -96.9969279984971
1882 -13.94296147909547 -5.580802147719715 -97.36110552295598
1883 -13.87096624170158 -5.779246055733275 -96.99959880327188
1884 -13.77301147096098 -5.988381988542071 -97.35645530414446
1885 -13.69522750054296 -6.184532375110829 -96.99745426642936
1886 -13.59141334216571 -6.390585449830107 -97.34520093920426
1887 -13.50799357227558 -6.58585704304426 -96.95892742960203
1888 -13.3962408124309 -6.791798174528689 -97.31585128611361
1889 -13.30659971965171 -6.985209983119121 -96.93752086932531
1890 -13.18691777491419 -7.191073993567278 -97.29192571120763
1891 -13.08973710075884 -7.384614708531676 -96.92233096047877
1892 -12.9610561313157 -7.592140895100192 -97.26168547582273
1893 -12.85866540110413 -7.781315696259933 -96.90051234332192
1894 -13.93956161036068 -5.635423234841064 -96.65697855604786
1895 -12.72293617310852 -7.984625640770825 -97.26921700947759
1896 -12.61319294231276 -8.174678164546078 -96.87479863287859
1897 -12.46582044448733 -8.381138304699672 -97.25501727302846
1898 -12.35232250119647 -8.564912882769976 -96.85502492189919
1899 -12.19688463839041 -8.768233405758634 -97.25134133200923
1900 -12.07810084172488 -8.948365815149781 -96.84001806507716
1901 -11.91964959867907 -9.143293746727588 -97.2102947432691
1902 -11.78944753168992 -9.326769258702946 -96.81318370305286
1903 -11.61921466450915 -9.523817613266411 -97.17128509779403
1904 -11.48550428886703 -9.699918445861229 -96.78743930136817
1905 -11.30563372831999 -9.893962887946538 -97.1784180784573
1906 -11.16560860435148 -10.06648625788182 -96.79371456619555
1907 -10.97931664696411 -10.25466177388559 -97.18979555339324
1908 -10.82941166954441 -10.42832655547337 -96.77395219034048
1909 -10.63211052961609 -10.61499009253128 -97.17262546790529
1910 -10.47949748143349 -10.78179047180247 -96.7310837254297
1911 -10.28329986878868 -10.95425663650539 -97.14757249835401
1912 -10.1136771593212 -11.12679504556834 -96.70752029073351
1913 -9.909158792306359 -11.29209352545308 -97.20683823218151
1914 -9.73093237879257 -11.4639528899056 -96.68899008132126
1915 -11.64776289591006 -9.524371280746164 -96.34694427257288
1916 -9.498277807475846 -11.6399828456659 -97.20752685137539
1917 -9.32865539102924 -11.79457860867425 -96.66914665499881
1918 -9.099689583841819 -11.95784627256178 -97.09431316121265
1919 -8.91379003613592 -12.11298452292889 -96.62487707437681
1920 -8.65253414378688 -12.28353336519831 -97.15739682880249
1921 -8.479335826484183 -12.42173207772274 -96.61041333860091
1922 -8.213228842177257 -12.58466292478739 -97.05835805138761
1923 -8.036619779841763 -12.71428000160959 -96.5701140463333
1924 -7.772530260662805 -12.86291957022945 -97.0175074806624
1925 -7.573164103520229 -12.99717580973742 -96.53313295003262
1926 -7.314584164571766 -13.12987490306912 -96.98522929386651
1927 -7.097458462294606 -13.26417476176139 -96.50355708709814
1928 -6.844875791880078 -13.38161199810445 -96.96161524620356
1929 -6.608238880074664 -13.51598713424874 -96.46817605119877
1930 -6.339646164767553 -13.62658606186246 -97.02307944308927
1931 -6.103202197578361 -13.75226883187092 -96.44931241272609
1932 -14.93963501443059 1.439255919615025 -97.84064850039982
1933 -5.8334105151125 -13.85451497648657 -96.90275621772129
1934 -5.582705274002065 -13.97341825456323 -96.40335015087221
1935 -5.348015130051376 -14.05111473723202 -96.83678439424584
1936 -5.047323404810485 -14.17719018096981 -96.36186070796178
1937 -4.817449919753534 -14.23981968534383 -96.90672153620322
1938 -4.505822675010053 -14.35904553600432 -96.34995117220265
1939 -4.145668129949936 -14.45025977833679 -96.89205844526522
1940 -3.920756631078633 -14.5304105030987 -96.33373441217601
1941 -3.558511918492934 -14.60976440764946 -96.76488011393346
1942 -3.338092697287629 -14.67809652242576 -96.2532649659879
1943 -2.990761266171026 -14.73752471365806 -96.73255092268647
1944 -2.749561670953142 -14.80169041706061 -96.1970823511042
1945 -2.402796918183272 -14.84587983971723 -96.69654779200269
1946 -2.146316074439572 -14.90266662731704 -96.15545342466841
1947 -1.792454724614361 -14.93300513533183 -96.6609127236182
1948 -1.53055470375557 -14.98035274763772 -96.10286689913018
1949 -1.198815579654517 -14.99346729962395 -96.62530053907047
1950 -0.8970241295237003 -15.03298236445204 -96.06515800636492
1951 -1.268645999427705 -15.02804162651254 -95.49037487955317
1952 -0.5702070364421788 -15.07246876285949 -95.44879698119313
1953 -0.1815431649029362 -15.05610425690651 -96.1379461576082
1954 0.1489559468710546 -15.08321486281229 -95.43210354028977
1955 0.5260791271675794 -15.05140820293203 -96.0409466311007
1956 0.8742676753036742 -15.06014998529387 -95.39351861915064
1957 1.253885801346261 -15.00937115657152 -96.01003131104207
1958 1.620537986913088 -14.99967342081019 -95.35624222996742
1959 -14.95395106971534 -1.286030806593426 -97.82014435003406
1960 -14.42110579462745 -4.165223665971412 -97.74748434738717
1961 -7.839196764529083 -12.85627517018973 -96.05826650312224
1962 2.021964546735659 -14.92525704997272 -96.00907015392376
1963 2.393367642336838 -14.89821552939535 -95.2981458055268
1964 -14.50730702843486 -3.948779723376854 -96.66126683854249
1965 -14.7985483688428 -2.506496993802188 -97.81294616380094
1966 -12.52195984301975 8.239539570863659 -99.91470112580269
1967 -11.54179150430648 9.564972093405096 -99.92224655273168
1968 2.803553101507569 -14.79848628595454 -96.00188072548404
1969 3.184787251853915 -14.75027119551295 -95.27046064918792
1970 -0.402201119511447 -16.16206379784774 -83.82057531168746
1971 -10.46213435583816 10.73373755533061 -99.90214425294354
1972 -14.70483882178897 3.006242170684965 -97.83344832701569
1973 -14.2992066180597 4.556992779570767 -97.91174283253976
1974 -14.0862472574921 5.126172237652662 -99.92008308292593
1975 -14.18153574694366 4.855424086936003 -99.91480299707978
1976 -14.28667605310018 4.542071997415309 -99.9391720921334
1977 -13.99344481511517 5.372060072977368 -99.90462193727988
1978 -13.90301441217599 5.652420466292893 -97.89723196789012
1979 -13.47047123829582 6.576239301211152 -99.92068772893555
1980 -13.58552340970737 6.334517118779641 -99.91600942309915
1981 -13.72739335132217 6.021357500164792 -99.91917413519276
1982 -13.34839215789698 6.819280675572766 -99.90956730885013
1983 -14.00863397584406 -5.393326275804913 -97.7312977389393
1984 3.608819079342077 -14.6246712403833 -95.9507625835049
1985 3.994245107107756 -14.55492976005949 -95.19583146081862
1986 -12.76523523908222 -7.954852472040058 -96.49299321838497
1987 -14.88914417369728 2.058256398497932 -96.81854052237938
1988 -14.69827882507069 3.151881828253195 -96.75799934380903
1989 -14.38482436457937 4.357024126204982 -96.85128816366634
1990 -13.99161540258635 5.489125439419228 -96.87444115887479
1991 -13.519896057463 6.566131114609984 -96.87704282712745
1992 -12.93377332793653 7.658510592196862 -96.8462187464161
1993 -12.27231024071279 8.677791635045475 -96.88706345188957
1994 -15.01427500473006 -0.7300119635581369 -96.76619417855046
1995 -15.02370677236179 0.4384175330670161 -96.8401513135905
1996 -11.43870049001498 9.752691408803566 -96.84577583121475
1997 -10.59331887409031 10.66544596388263 -96.846805960689
1998 -15.00777657876874 0.2042757495391451 -97.81818585768357
1999 4.437032287672618 -14.39143192097338 -96.04049294097247
2000 4.811897931531379 -14.30930059697625 -95.10198380787578
2001 -10.71808905744101 -10.56515102983944 -96.2432942351829
2002 -9.55430874150918 -11.63657959635396 -96.06893909199694
2003 -13.41124555228381 -6.803189860631369 -96.57845532345526
2004 -6.364200860690706 -13.6508018738848 -95.97469500295452
2005 -4.732134630867717 -14.30944184597965 -95.71820075800096
2006 -13.49148241156032 -6.584241932053922 -97.66332039231396
2007 -3.054850116755287 -14.75982763317129 -95.70564109369201
2008 -5.988505833929872 -13.77541076075048 -97.36122684471562
2009 0.4976159928963805 -15.10121932728542 -94.84904812365089
2010 -12.86084440476447 -7.745909932626001 -97.62458605907258
2011 2.709648679382986 -14.88665146919977 -94.38712970220836
2012 -13.40751369643627 6.744626037643748 -97.88911256676626
2013 -12.05212324491402 -8.95079094580942 -97.68856276992608
2014 -7.521826088136649 -12.99890391447624 -97.45609522560039
2015 -10.43521642802485 -10.79691263373091 -97.54937036171317
2016 -12.59991566345386 8.154898612711143 -97.88313807082471
2017 -8.918043596619654 -12.08162659181473 -97.52055657303025
2018 -11.61384153104954 9.505579174557271 -97.94070329205049
2019 0.9192853862167774 -15.01189027937898 -96.66922452388819
2020 -2.710723331671226 -14.7752207367935 -97.33762933535745
2021 -9.08780092871727 11.94218058424308 -98.03494309294628
2022 -9.382752240341809 11.71212719672807 -98.0197232913202
2023 -9.236508917445301 11.82169410192497 -98.33913432212762
2024 -9.502139823012675 11.60922536925915 -98.33889824563131
2025 -10.73386764247655 10.48865038470637 -97.97013725936102
2026 -11.46993515425396 10.32583579668806 -89.74571108020051
2027 -7.933741653097073 12.73841534648157 -98.02962309628495
2028 -33.51559788212382 -3.468817823430911 -31.68387502303874
2029 -31.70605600823189 -7.827531041206027 -33.77969173295958
2030 -4.442698208911332 -14.34962171569921 -97.33721402753866
2031 -34.98557388407404 0.9741517833581335 -29.30252899542684
2032 8.045861842708108 -30.38574673158821 -39.29029179950624
2033 -10.30520601092558 -19.90432907633278 -58.85284665884331
2034 3.264889629486665 -14.68215450356556 -96.63475893742414
2035 -3.96568016669212 14.55528283401289 -95.36702942148297
2036 -3.721878180141702 14.59228446629759 -96.05921094374263
2037 -6.248870299445493 -32.71433560016319 -36.04183076528074
2038 -29.50041545436346 -7.271604230963384 -38.1885695594184
2039 -29.30510071734244 17.4465690774815 -31.91758792519455
2040 -26.09031887833023 21.32993867740717 -33.18000754389518
2041 11.60320972268797 9.680365176234448 -94.63118713068413
2042 8.602843854259996 -33.09267414126935 -34.40189045238032
2043 2.092127823550052 -17.25541522846919 -76.91680916639903
2044 -29.4462302151329 -11.99174101550707 -35.72863698361205
2045 -32.03893687832404 -12.25957111675989 -31.03859563161607
2046 -3.269248162319571 14.72123462199777 -95.51977241586104
2047 -3.055443444133203 14.74154128326427 -96.19661473260267
2048 -3.479097753022871 14.63152640056934 -96.67744109742212
2049 -2.867471017460513 14.76013343897443 -96.79669444640965
2050 -2.432859206630597 14.85199704324362 -96.34745690232545
2051 -2.290011358903984 14.85429015841787 -97.02650204091506
2052 -1.830170001293902 14.93320343651833 -96.50611161383333
2053 -1.671300065637406 14.93490880242297 -97.09024640727056
2054 -1.244203975246212 14.98906486247126 -96.64845091852781
2055 -1.103904848177374 14.98220698104089 -97.30078556908994
2056 -0.07003988399995065 14.99005049217202 -99.92758551931487
2057 0.271145250602549 14.98639765319912 -99.90236213342904
2058 -0.3229949815183356 14.98673314697028 -99.92756667913999
2059 -0.7008701287468846 14.97496999018033 -99.94292573493567
2060 -0.6625455201259697 15.0217163051821 -96.79519910072038
2061 -0.5033773410408515 15.0107022441259 -97.45669016748245
2062 -0.1033472894129378 15.03120152100244 -96.96491252945539
2063 -2.023075687928409 14.88028507883879 -97.54107187791416
2064 0.07418694163457826 15.01811705701958 -97.49372396578451
2065 0.4579890438769523 15.02079164682936 -97.10593395839747
2066 0.6483699158216193 15.00037156574077 -97.67391949936332
2067 1.022865658906462 14.98989936583084 -97.22276923213609
2068 -0.8761167052248813 14.98757264354941 -97.73307823930121
2069 1.214847200196497 14.96369218098987 -97.74415273506274
2070 1.578373924451575 14.93897362211955 -97.32855483305931
2071 1.732955416091093 14.90859882671798 -97.95009914845224
2072 2.111993250635992 14.86940581364986 -97.47547362022874
2073 -8.11121200679831 12.65887329113673 -96.8014205727092
2074 2.285939843741716 14.83308250484694 -97.99299775333334
2075 2.641459263561442 14.7819494569715 -97.58855746255243
2076 2.7979120345913 14.74325615985435 -98.09693693175601
2077 3.153711827446226 14.67845544782272 -97.71434937964207
2078 3.01497844432116 14.72047222420245 -97.16550389803479
2079 3.606513916612105 14.5808204379654 -97.40105017300792
2080 2.432032616794523 14.80194303031249 -98.50447961339039
2081 2.891183474313233 14.71836866073096 -98.56329374179862
2082 4.343881529710739 14.3469896498125 -99.92676986240629
2083 4.021113277095515 14.44041835932247 -99.92124089979256
2084 3.68595336154292 14.52997901700727 -99.9274312756403
2085 1.351229283664612 14.94446164273746 -98.15954441824213
2086 12.94710424364537 -30.12966988214246 -36.48799219522893
2087 -29.16899910662331 -16.50292093038883 -32.90542633399879
2088 -26.92150158445271 -15.33948528644571 -37.66265167782417
2089 -23.33554964188611 2.461555335123054 -54.01595264123429
2090 -24.04234173757461 -1.024674635021519 -52.39353529677952
2091 -22.68733149274981 -0.854762431536165 -56.10698859825048
2092 -32.00652081637565 -16.85065719157817 -28.14934532654192
2093 -9.60925028095077 11.56070529822838 -96.84149583603593
2094 -28.59885798972632 -21.13649427022386 -29.7419527265169
2095 -9.3826308775293 11.70147131836292 -98.61881584323967
2096 -9.151071802168055 11.88322941864514 -98.63426813539617
2097 -9.623418087367881 11.50413414779297 -98.62543329868186
2098 -3.20161621708552 15.7618852169211 -84.36729685420771
2099 -9.511079924901894 11.59348597535357 -98.88080456503766
2100 -9.725149752888115 11.41442349664038 -98.88562966072782
2101 -9.888997622007464 13.06411960415465 -82.00386543500804
2102 -28.9542193502317 21.63220522626428 -28.77727570213018
2103 -25.30258418373596 25.44237139610388 -29.80673549879828
2104 -22.24923881781323 24.97376970292357 -34.23387019091562
2105 -21.16628316349387 28.82785015312137 -30.6036163929191
2106 -17.92971846582525 28.25707134636148 -34.79767250441373
2107 -16.62111705651524 31.76654950357198 -31.00803364752659
2108 -13.14171780454725 30.92030666321899 -35.08163936864306
2109 -11.68111391083569 34.14436196631029 -31.07191389494594
2110 -8.059254467034528 32.86507825733858 -35.0344894192956
2111 -6.389099337027218 35.99676130167988 -30.61250845374564
2112 -2.623920650901473 34.19441883955232 -34.4525569933024
2113 -4.254367617736032 31.48921791213041 -38.8354956326035
2114 0.9894669848916576 32.2325464248339 -38.04369465063963
2115 -0.6923103583373755 29.82511542972628 -42.54260223045198
2116 2.798697206273355 34.7423298067717 -33.5064025533982
2117 4.475332757103715 30.04798743651667 -41.42072943186396
2118 2.848075435869585 27.98945334133913 -45.8998569617635
2119 -1.43640362256309 14.98830979032272 -96.1421420546468
2120 13.5408959277331 -32.98839963934989 -31.6144782013126
2121 2.619598502390492 14.76539353314458 -98.87624010926078
2122 3.097150657674266 14.66500556263907 -99.893292841697
2123 2.873374350475946 14.71244241723398 -99.93036008247762
2124 17.81588327374618 -29.41184099730575 -33.26459541195017
2125 0.2481106605680371 15.00687718264912 -97.95449844708232
2126 -22.99547415347574 -4.293564462174831 -54.27077577657992
2127 -21.72531238974985 -4.082640765512502 -57.92012746287766
2128 3.388700032630833 14.6530761909569 -96.66651569728454
2129 1.402523112219611 14.9705829518505 -96.80024744882115
2130 7.808497248968385 27.64963496952237 -44.47424431105208
2131 6.263465169808038 25.87515012797732 -48.96831804642043
2132 -2.779071945879706 -15.5140965422427 -86.88164395005947
2133 -1.486961644900333 -14.95090265750253 -97.22558618715307
2134 -9.705620969969347 -11.4583027460813 -97.51958031701196
2135 -11.13134496293505 -10.0756420098155 -97.60784831165203
2136 -12.11064076542492 8.863385599576933 -97.95467079369671
2137 -9.619127047603072 11.50076458666353 -99.11165557547791
2138 -9.812090393964585 11.33648914996856 -99.11723376411389
2139 -9.424424039080076 11.66083567819109 -99.11352623661917
2140 -9.533970862567722 11.56830990258397 -99.33231390150362
2141 -13.03221469505483 7.442180923608153 -97.94769785320329
2142 12.01901312414028 -27.68605769177264 -41.32096606938379
2143 -14.6257060345708 -3.375238152912443 -97.77007756286957
2144 9.887259513651086 -35.84625267274871 -29.44481740663565
2145 -14.99903851213562 -0.5440970776321334 -97.83369934925875
2146 -14.53284613878228 3.746436355365538 -97.89628722380324
2147 -14.84510841097455 2.215027162045162 -97.80441472936535
2148 -24.42264060563078 29.52435842082173 -26.22218974333422
2149 -5.990263609263629 13.76485826917032 -97.78002214799052
2150 -5.580980801964621 13.9348843069096 -97.82835971128546
2151 -5.799127560997578 13.83913527365398 -98.16771038197759
2152 -5.441639510014632 13.98277941334974 -98.21706814965088
2153 -5.665058666235595 13.88941564613748 -98.50328785987909
2154 -5.980950333546804 13.75669333254347 -98.47705838563159
2155 -5.344487708626017 14.01513773124359 -98.56009645719288
2156 -5.859194760499851 13.80507728549271 -98.77504583478394
2157 -6.141475764758918 13.68215922773059 -98.7479504394713
2158 -5.113046916488412 14.1051593171844 -98.28731069640287
2159 -5.003984174027587 14.13881203765924 -98.67580352224431
2160 -3.254489070725884 14.66727973933404 -97.24579517206389
2161 -6.023574714638917 13.73127999537559 -99.01312793941179
2162 -6.271305084684234 13.62006296920315 -99.00043808118684
2163 -5.770642255389888 13.83914744463569 -99.04216224595127
2164 12.62123584067375 8.109304269276906 -98.32982380473734
2165 -9.923173319572378 11.24241338271302 -98.90422843329347
2166 -10.00316800515106 11.16751572636683 -99.16682003073434
2167 -10.66878894906096 -14.93829886738336 -72.08305957596971
2168 -12.70562010787491 -13.89991309343151 -69.97331630116723
2169 -12.89497458964667 -12.7640165185178 -72.71548484034687
2170 -14.57111962372273 -11.56792690577049 -70.60637308287639
2171 -14.62973036053125 -10.3629973571728 -73.41901935606535
2172 -16.02135698817317 -9.062140143379807 -71.18489640782258
2173 -16.00353954730838 -7.837451855441869 -73.7036877287549
2174 -17.07044921311242 -6.482897392176783 -71.6224729154051
2175 -16.8971195671416 -5.281423080596993 -74.09647201024008
2176 -17.7419200218612 -3.870251212310653 -71.9355232043972
2177 -17.45926368785852 -2.626200112762331 -74.22729534200336
2178 -18.06856963648595 -1.233908424815205 -72.08679168646768
2179 -17.61305918175581 -0.08677046767412863 -74.40116091701516
2180 -17.13353506890412 -1.450292720564833 -76.54108878600879
2181 -17.15885501872219 0.9617988899862987 -76.58384786033517
2182 -14.24181471731216 -13.14616367436337 -67.73802329569286
2183 4.064272227864223 14.47430721867271 -96.86008723750361
2184 4.245673554312006 14.40489268185805 -97.51551291958842
2185 4.702117460380395 14.27442538848645 -97.04454206516156
2186 4.827903181693883 14.21671518652287 -97.67255187382281
2187 5.696352622513898 13.86570376190812 -99.92693039510414
2188 5.380351037988903 13.99135746127203 -99.92703326889533
2189 5.063004838141604 14.10880997566608 -99.91964893392213
2190 5.962342546818226 13.75513827811819 -99.94725363339535
2191 5.298899128985259 14.05861074078243 -97.23029433397376
2192 5.387210117442208 14.00897091921725 -97.92880255098218
2193 -4.792510566272017 14.21612063452988 -98.36440275393454
2194 -4.66950506366129 14.25259548449375 -98.69138980807192
2195 18.52307025508001 -32.43870692206417 -28.43601958172184
2196 22.58475539122114 -28.24544935547371 -29.7744117295689
2197 9.167879807901784 11.9034875718393 -97.16207419191568
2198 -31.61698266916036 -21.51858603088204 -25.14257534744276
2199 -27.79690640516161 -25.58672469698148 -26.49973608992839
2200 -35.03114324903627 -17.15831726750859 -23.3869199378207
2201 4.391953745602498 14.34879434628128 -98.12116634296852
2202 -6.399314426700415 13.64408323108723 -95.73343877216237
2203 -7.152969053558548 13.19259973786709 -98.03933673848032
2204 2.703866932554468 -18.09314264643921 -72.85726824097719
2205 5.332158286174645 -16.88119571752528 -75.3021067715745
2206 5.96258094952361 -17.51951865321125 -71.86159321766571
2207 5.857319475144007 13.8294200002156 -97.45358863248697
2208 5.963333765272941 13.77124903925444 -98.04929443601692
2209 -15.96941901673016 -6.656266364003595 -76.17335783445796
2210 -16.83028075784298 -0.2277282287950976 -78.55067079936028
2211 -16.70495716427805 1.977487307167572 -78.6267755882734
2212 -17.41400107254992 2.334281075163888 -74.6396547666082
2213 5.612703681967865 13.91145971375089 -98.44642150821716
2214 6.061457828292561 13.71901789765658 -98.65238225805992
2215 6.423295181277175 13.55929252510046 -98.24797508516723
2216 -10.20822506664064 37.5481374314599 -26.76059928686912
2217 -21.56390485193265 -7.453273471770939 -56.05173405315529
2218 2.970941931721389 14.69783849496309 -98.95484960164264
2219 -32.16533760834297 17.52083882150551 -27.42830474340204
2220 -4.472747489554671 14.31914181030082 -98.42111505804799
2221 -4.372320626384576 14.34601049533225 -98.73668805766268
2222 -4.553767797966196 14.28666148534982 -98.97430933058891
2223 -4.281701627381466 14.36945469589631 -99.07074984709971
2224 -4.092203067385063 14.4275246197841 -98.81225350006096
2225 -4.007708534336929 14.44799672988249 -99.09533475185459
2226 -3.828911456875923 14.49884497013019 -98.88016426886939
2227 -4.483585471642413 14.30584377980467 -99.23521013710867
2228 -4.08465414085775 14.42294000894668 -99.92670519125794
2229 -4.711193713752546 14.23299966720834 -99.19313145487305
2230 -4.2438348404763 14.37689573936729 -99.92650700577161
2231 -3.749447409899456 14.51657766726468 -99.14740403138093
2232 -3.568348898637649 14.56442069956353 -98.94612002241162
2233 -3.496206445519154 14.57864079331321 -99.23528472664677
2234 -3.310097419208812 14.6245328378729 -99.01296552408664
2235 -3.238494250570945 14.63773380711855 -99.26263514802724
2236 -2.341872577109822 14.80613855086575 -99.92721867495466
2237 -2.592743839476835 14.76427183622251 -99.92715722335384
2238 -2.843080800120748 14.71811387720708 -99.92709433961109
2239 -3.064951154722404 14.67718117641395 -99.07490324314875
2240 -3.689736826656123 14.52871081475891 -99.41695716218202
2241 -3.258947616775234 14.63164827254871 -99.92697851523116
2242 -3.017194675637672 14.68432845917665 -99.31599020230486
2243 -2.816556488295495 14.72566546053859 -99.18247234684516
2244 -2.886799253552153 14.71541175577914 -98.88240752354483
2245 -2.629302158512004 14.76273673821771 -98.95942621629732
2246 -2.554586172762867 14.77291643111803 -99.2223381625234
2247 -1.385271667716905 14.92654567437151 -99.93436153383691
2248 -1.660533971413773 14.89762521771684 -99.92227238524524
2249 -1.940672219052036 14.86324706815399 -99.91379323240146
2250 -2.363196700004904 14.80688692459932 -99.02996681275766
2251 -2.316477455087669 14.81135685275338 -99.28924247038971
2252 -2.098912839601866 14.8453568596595 -99.14752295622795
2253 -2.184625478120299 14.83635188952207 -98.84468839417951
2254 -1.904124862221631 14.87398142797946 -98.93187747916049
2255 -1.837972053953709 14.8793553997839 -99.19798121941565
2256 -1.643797797915876 14.90397019605535 -99.02524300777304
2257 -1.620416405736676 14.90328629659763 -99.31502894605738
2258 -1.399746262703033 14.9277767973984 -99.12461214516954
2259 -2.689392463773437 14.75489867581072 -98.69896074558756
2260 10.9328092794391 24.87685183851807 -47.44233640564563
2261 9.468788583703287 23.38632460944845 -51.87470521344382
2262 12.53134360601588 26.58037365902015 -42.80033450979731
2263 4.976879598567344 24.23768931934357 -53.31303959895816
2264 8.028009826037392 22.11445658340432 -56.1243170240055
2265 3.765041019874655 22.69422989781715 -57.71376450188988
2266 6.709347355143416 20.95072103744333 -60.29915954688338
2267 0.3666148955456661 24.14555666357024 -54.8682595008711
2268 -10.11190808030537 11.07267814024737 -98.92291378011379
2269 -10.19353553684138 10.99437348962872 -99.14248418813396
2270 -9.845544143007224 -23.71634526979134 -50.81465039263871
2271 -4.579184079185898 14.29089179427939 -98.07702498560222
2272 -5.921925311848164 13.77217703604659 -99.28451451974966
2273 -5.68869272078059 13.87007658061925 -99.29036348791126
2274 -6.213870878132913 28.43153463312976 -43.82329462718994
2275 8.348551723623801 -15.92968144909198 -73.85978480516353
2276 7.803908412843885 -15.38481700380406 -77.30215209007767
2277 8.999544099993997 -16.55263932915251 -70.33552100817617
2278 -4.346600975280275 14.52968686849654 -93.71684384602868
2279 8.159896493947986 13.10715659357628 -89.83466504725892
2280 3.907762757070679 14.54150321791407 -96.11598403975873
2281 1.380222437435619 -24.03697726172273 -55.03722638372942
2282 23.41311031522215 -31.66860645291148 -24.78631942458717
2283 27.31658289921894 -26.82261911122205 -25.8309306474155
2284 -4.597826054335391 39.249901865186 -26.08120022955062
2285 21.69214889794503 -25.26737988540239 -34.56350391778353
2286 10.55150081866879 -13.98037984559524 -75.78722854207821
2287 -16.50138958510578 18.14901353774376 -52.69266618941141
2288 -10.29545437391432 10.90210390487253 -98.93012048721098
2289 -10.37505304887808 10.82315261553362 -99.14801098529931
2290 -10.47415848171327 10.73034136089209 -98.94164983737295
2291 -10.54959129703999 10.6523775097789 -99.19439850398776
2292 -10.64804884316216 10.55749178977443 -98.96145578758258
2293 -10.72256306155706 10.47850840728109 -99.17682921451924
2294 -10.81601257617516 10.38516700266755 -98.9723165619984
2295 -10.9004204478164 10.29269821941371 -99.21802927171991
2296 -10.98464473043705 10.20635947878047 -98.98905332682487
2297 -11.06477794903277 10.11608027633298 -99.20015542639931
2298 -11.14175644435357 10.03444053017923 -98.99899805019191
2299 -11.214273524635 9.950003917019281 -99.20520020263197
2300 -11.29826731204918 9.85767287576224 -99.01123373121075
2301 -11.36687515770809 9.774466160790938 -99.25469296088626
2302 -11.45164498387193 9.678760015285107 -99.02926449837277
2303 -11.51094916111792 9.604817628839541 -99.22843171068187
2304 -11.59757535314155 9.503284084751447 -99.03601783858254
2305 -11.64877288116885 9.436592870807317 -99.26204746498649
2306 -11.73993211055584 9.326569149316772 -99.05175724901176
2307 -11.80273886658689 9.243431703681342 -99.25380787844173
2308 -11.88040225513796 9.146765189473054 -99.06237279192148
2309 -11.95006231282061 9.051776370320612 -99.27445453459462
2310 -12.01553606506848 8.96825998883852 -99.0757407939029
2311 -12.08092816669809 8.876820613169784 -99.24925637646119
2312 -12.14977147164635 8.785447045106819 -99.08056223946119
2313 -12.20650248097143 8.702769508674734 -99.27859772564781
2314 -12.27521879261838 8.608919477042081 -99.10038861754688
2315 -12.33086569861097 8.524771974474309 -99.32287537106707
2316 -12.40132546965689 8.425944324140387 -99.11562522434183
2317 -12.45292823370623 8.345760075475168 -99.30693053558146
2318 -12.51984999885718 8.248617532308316 -99.12464500912419
2319 -12.5718172265788 8.164803059217487 -99.34400074741946
2320 -12.63861271161958 8.065159109405593 -99.13973416429127
2321 -12.6869557545848 7.985052408706635 -99.32764733112536
2322 -12.75004413220142 7.887631115812589 -99.14840914806697
2323 -12.79880670835171 7.804309205016089 -99.3367706135235
2324 -12.85993992750024 7.706902128404222 -99.16014685664007
2325 -12.91336781517763 7.612455319920704 -99.37255827526823
2326 -12.9692885067622 7.521057673623526 -99.17716439540204
2327 -11.45414052932568 9.670021147840648 -99.37198958619638
2328 -13.01424090012936 7.439006068084455 -99.35807593703586
2329 -13.06954314426067 7.34531452550186 -99.18335443929962
2330 -13.11513938039335 7.259462243881629 -99.36544826507331
2331 -13.17106215177103 7.161423378589626 -99.19443521007013
2332 -12.81703586370493 7.782052886634561 -98.96311902125733
2333 -10.27654685447439 10.91422826641382 -99.31385612905113
2334 -13.12739992926836 7.245496409982145 -98.99583724838983
2335 -13.23327195262464 7.049894241658601 -99.01217515964375
2336 -13.27599739695078 6.964504379567869 -99.21376765937516
2337 -13.33623158000024 6.852590853433679 -99.03512934795398
2338 -13.38092320872886 6.759372813293004 -99.26909642426534
2339 -13.43748224015741 6.651216871015726 -99.0614299816728
2340 -13.48049591302834 6.558719479391854 -99.26146218821404
2341 -13.53061353431613 6.459204984002193 -99.07925772364526
2342 -13.56861603986242 6.374057893707135 -99.27510948119421
2343 -13.62174522262292 6.264172363111725 -99.1009871509881
2344 -13.65870333112507 6.178460021383348 -99.28195627291583
2345 -13.7092966005949 6.06962774065338 -99.12130491092536
2346 -13.74317813411572 5.986942356297481 -99.32731432374604
2347 -13.79353662633631 5.874992108240443 -99.14604667539832
2348 -13.82436289081577 5.796799226711879 -99.33457844411687
2349 -13.87229416520776 5.686003316482389 -99.16447341738692
2350 -13.67915232727638 6.142152039966792 -98.92999034855207
2351 -13.90810745107111 5.591652235142375 -99.37582621853217
2352 -13.95093704642893 5.489541977425266 -99.18737585968829
2353 -13.97757390331832 5.415785275486317 -99.37167719365935
2354 -14.02146426964707 5.306253506041553 -99.20540946417165
2355 -14.04993528653852 5.224695411700742 -99.38683847327874
2356 -14.09262686753063 5.113632566031201 -99.22489846787209
2357 -14.06551797635146 5.193726982748676 -99.02849477583545
2358 -14.13828797196908 4.991443040142173 -99.05329959902244
2359 -14.16394792158215 4.911715005661657 -99.25232074683238
2360 -14.20860949599442 4.786687668087159 -99.08074687426459
2361 -14.2339866503043 4.702871196244927 -99.31001004959872
2362 -14.27479920820222 4.584222635613326 -99.11843057576655
2363 -14.29658494336719 4.508898660616211 -99.31231104662879
2364 -14.33527561958401 4.390440376977332 -99.14618198360404
2365 -14.35621523776687 4.314340708561189 -99.3363896900364
2366 -14.39546733474285 4.187846285002196 -99.17275688427068
2367 -14.11176606220694 5.072391406626921 -98.84423202879942
2368 -14.37797713717594 4.25507847441023 -98.96740407862147
2369 -14.43525111814931 4.054863508220872 -99.01050118053141
2370 -14.45257172761015 3.984545674146882 -99.21653134052994
2371 -14.58662140525868 3.450157547516304 -99.90250427049965
2372 -14.50348075691282 3.787342177631656 -99.9169282167863
2373 -14.49146910958566 3.847596553278648 -99.04778680536134
2374 -14.5068109593169 3.780299272034731 -99.26328441614224
2375 -14.544234901538 3.641294326785546 -99.08868195744688
2376 -14.5607175586518 3.564483549960041 -99.31853464412623
2377 -14.59350652777717 3.436509449050743 -99.13214028587153
2378 -14.60906291747318 3.360419271219058 -99.32708124965994
2379 -14.63763779785131 3.241687621953217 -99.16678981044592
2380 -14.65103900572067 3.170844476422571 -99.35693885908518
2381 -14.67973642163044 3.043396056212138 -99.20438531462486
2382 -14.66809254046331 3.109350335293134 -99.00045011684833
2383 -14.71003847375343 2.901996095398396 -99.04583981738551
2384 -14.72090109188874 2.83518569409399 -99.24677578725991
2385 -14.86132004894717 1.959796813428126 -99.91951420529655
2386 -14.80547986084318 2.350110055570937 -99.93269330354882
2387 -14.74908769436414 2.693846448476101 -99.09177475132624
2388 -14.63513557216178 3.236697633663573 -99.89490637966352
2389 -14.75794023556273 2.632662363576071 -99.29414612825371
2390 -14.78452423529692 2.488850931822283 -99.14198563083579
2391 -14.77625079314015 2.550568547826687 -98.92876110852981
2392 -14.81078843516683 2.33788300636347 -98.98598227253632
2393 -14.81794214732536 2.277787893425109 -99.1947283238726
2394 -14.84214951397333 2.125580386360968 -99.04267382909255
2395 -14.84803196815405 2.065737236006033 -99.28259364285755
2396 -14.86952194991699 1.91948999389785 -99.10779746914355
2397 -14.87442660866443 1.863777769389539 -99.31024062304451
2398 -14.8930110413418 1.722902052150477 -99.16145728773593
2399 -14.89695407272201 1.669522569518482 -99.35769076952592
2400 -14.91399519465377 1.524922647127136 -99.2163201113306
2401 -14.91050163804701 1.579460777600391 -99.00910803405512
2402 -14.93081000289437 1.367551606582516 -99.06842266233602
2403 -14.72789631261575 2.785886143780126 -99.46229918753585
2404 -14.81864034483232 2.257910243269987 -99.4070773436826
2405 -14.69837610500012 2.971722612745321 -98.83204818586954
2406 -14.88491900725938 1.769976863498849 -99.91598590987599
2407 -14.89568652660189 1.679307983514349 -99.92056902700962
2408 -12.39457734860054 8.428700775386501 -99.48129384463708
2409 -1.372511940743808 14.92739943522443 -99.38038622252778
2410 -1.169116764265046 14.94680033604746 -99.19747526261183
2411 -3.896294559187079 14.48446339399573 -98.58343249146537
2412 -14.93297989973476 1.316286418038915 -99.29695491167455
2413 -3.502014658805821 14.57526256919465 -99.92513436407764
2414 -9.350175455633961 11.71745046299491 -99.32689479768443
2415 -8.598831491427353 12.27858125420992 -99.92440990951779
2416 -4.626226031097018 14.25825004287459 -99.40979331783009
2417 -4.847903626152224 14.18445054727203 -99.40614593939878
2418 -4.935361102167933 14.1570888393043 -99.17053593399039
2419 -14.83747757674006 2.13041481046504 -99.91343780309047
2420 -14.34149420708727 4.365877436757064 -99.93907137511167
2421 -14.23848492550028 4.686732537718385 -99.91995760202155
2422 -13.82149567145156 5.800603397931521 -99.90835396692003
2423 -14.54433201147794 3.624927266034794 -99.90582059788966
2424 -13.66495728755806 6.16155332471305 -99.91788893037591
2425 -13.13533934089214 7.221638263127292 -99.91419080333186
2426 -14.86385109845781 1.979692514646176 -98.89506402214175
2427 -12.24787659750247 8.641170221238172 -99.9089523110258
2428 -12.93833814056938 7.570916893862118 -99.9306846442538
2429 -11.24839832295654 9.908349378958556 -99.92249192689293
2430 -12.76139126544433 7.864336039190698 -99.92122970711094
2431 -7.4311633010984 16.36235654072299 -73.98959664440677
2432 -12.03753347284804 8.933338073707784 -99.92475299561283
2433 -9.664361570302299 12.02112661796528 -89.94328303752859
2434 -10.13770624435512 11.04284233372468 -99.93088262791107
2435 -10.98678478540703 10.19935351886118 -99.93902282400181
2436 -11.82552991853429 9.211857378992141 -99.9220184678972
2437 -0.9663232209635307 -15.08031616202992 -94.80879028204356
2438 -32.02100346719463 22.00105455658429 -24.19167906787375
2439 -35.33201002623118 17.61432225557095 -22.66278466952949
2440 -7.491164085941576 12.98408958588915 -99.92510147990825
2441 -9.834530617556714 11.31362428233977 -99.93033511889081
2442 -9.696301831064073 11.43261996061691 -99.32977586563976
2443 12.91450486398729 7.812609512050559 -94.98918813245825
2444 -10.74439208603428 10.45361630963283 -99.93190424566119
2445 -18.51271536046542 -2.448682458438347 -69.69336166112042
2446 -18.62451017341476 0.3158071295678065 -69.85758671994843
2447 -13.51971147276631 6.472871489450849 -99.44125650459607
2448 -10.31990510651157 -27.874646520066 -42.34384267801097
2449 -9.560128308588132 11.54596355929153 -99.92502717969809
2450 -7.175774025593729 13.16059028862377 -99.91898712596202
2451 5.193550377022297 14.11711403302364 -96.57536868163514
2452 -8.209780996252272 12.54383464107227 -99.94466342147125
2453 -6.100216414108844 13.69277671671356 -99.92583100966323
2454 -6.169445855935369 13.66327855638963 -99.26867803627216
2455 -6.399259141790544 13.55756066889112 -99.236241201472
2456 -6.511496715147302 13.50657320599032 -99.02513631343955
2457 -6.608365683203933 13.45676538543919 -99.24444102081929
2458 -6.730701657326374 13.39839487918011 -99.0483527120528
2459 -6.820507240372724 13.34981646254694 -99.29756696795513
2460 -6.946208646148847 13.28755562761281 -99.07963088844367
2461 -7.033382382489525 13.23900532686762 -99.28876302508613
2462 -7.154660180544012 13.17631384392933 -99.09293800755418
2463 -7.239921332493203 13.12657962262063 -99.33572339132027
2464 -7.362316637537755 13.06110568353522 -99.11747595860325
2465 -7.443992650966748 13.01204752145681 -99.32680080918446
2466 -7.559929311178602 12.9474799688655 -99.13643997090685
2467 -7.641561748480023 12.89640527738094 -99.37193004652782
2468 -7.758741377254815 12.82901490113258 -99.16045374483619
2469 -7.835856297506826 12.77938830393858 -99.36366818218305
2470 -7.946559939654327 12.71328672905262 -99.1787767896014
2471 -8.028642432277028 12.65859716139046 -99.40441751454546
2472 -8.137477247845222 12.59163585641872 -99.20131082090423
2473 -8.20970893038635 12.5419827875417 -99.39964940972061
2474 -8.315524697695693 12.47451360237726 -99.21997969758078
2475 -8.390424895854764 12.42158541484317 -99.41548581610769
2476 -8.493729571743 12.35358615332206 -99.2401690873736
2477 -8.550291786518709 12.31183112741858 -99.43344252949646
2478 -8.41766219440723 12.40821809191312 -99.0369739775429
2479 -8.669395900207778 12.23024357048752 -99.29110992675632
2480 -8.767204233178964 12.15792453864642 -99.46097632865579
2481 -7.675868021572153 12.88156073212975 -98.93906532248269
2482 -6.495293708822879 13.509301115079 -99.43418760446738
2483 -14.57867577496745 3.507736163975135 -98.93349191973716
2484 -14.47178054595532 3.928796149803024 -98.85151578502082
2485 -5.835591738007297 13.80668875904758 -99.9106852702356
2486 -6.851202013012578 13.33434736604059 -99.943219272433
2487 -12.34308952609234 8.514083129293102 -98.95130120143628
2488 -22.91309093138156 -7.694363982737733 -52.38451672414397
2489 -21.01990619519856 -10.91545764087812 -53.95263980193559
2490 -16.50541150505154 0.784515333338148 -80.42710189850526
2491 -16.26882536696985 2.880400703411353 -80.47222064176165
2492 -16.48178051724557 -1.279429490327131 -80.384596305112
2493 -16.30808366053069 4.065098096322577 -78.76526417525581
2494 -15.77134928046372 4.894713222350515 -80.58916949851243
2495 -15.80045097537471 3.809846360551238 -82.29124322061656
2496 -15.20569540268198 5.743065222964352 -82.35559314023014
2497 -8.739961705832647 12.17863967539543 -99.9257965856864
2498 -8.885076102453274 12.07305752351814 -99.92421826598304
2499 -8.480527406097085 12.3605473331867 -99.92392411953013
2500 -14.5246572383709 3.703063150389221 -99.44424811924297
2501 -14.25134410709351 4.66360232802504 -98.91039560397958
2502 9.902611058317053 -13.65354696487695 -79.15009741753732
2503 -13.49642285751975 6.536620385239421 -98.81865881089499
2504 3.068246744389277 21.3179231284417 -61.79374858397063
2505 5.676126794593945 19.91462451949627 -64.1799356749021
2506 9.255948577490878 18.93989978732924 -62.7712886566031
2507 8.118268934403872 18.2078511041579 -66.50599244647445
2508 4.702339210710011 19.05715465429661 -67.77053052977904
2509 7.054910037355866 17.59055282179875 -70.06790243626556
2510 -13.91951488693942 5.574342723183174 -98.98921652279273
2511 6.500735170684925 13.5152287098866 -98.74127365294834
2512 6.82387937209768 13.35913191514033 -98.43875317774216
2513 6.872885004670206 13.32805684842937 -98.88084673936658
2514 7.794326444973185 12.80728339661853 -99.95537620297087
2515 7.542021120902171 12.95445155667211 -99.92314928455212
2516 7.262484260123468 13.11233459928563 -99.90937290608279
2517 7.190751719063587 13.16278923144933 -98.6103039775312
2518 7.1975524079853 13.16781791031495 -98.06606046834689
2519 7.227620910326734 13.13664060345155 -99.07603832136624
2520 8.751790492661167 12.16887019960357 -99.90763482980017
2521 8.557821621662123 12.3072630123463 -99.92558414674767
2522 8.266953536345062 12.50386512253364 -99.91679150954032
2523 7.533995942596652 12.96703838081566 -98.78297170768622
2524 7.491378976332626 13.69751179410547 -88.07517636235937
2525 9.323788187610665 12.49353350614751 -88.21075657150907
2526 8.572533988330129 13.29175571650699 -86.20556767635613
2527 11.46760895790757 16.6670658356829 -65.2026118090117
2528 12.64990503775145 17.32475334285203 -61.30298822605772
2529 -14.98052589846743 1.239993543743573 -96.77677336615777
2530 -4.392782642207413 14.33249087721826 -99.93217233110276
2531 -3.359204199633307 14.60908612599917 -99.92886888659565
2532 -12.58630041984149 8.150320194314443 -98.94588707205939
2533 -12.07287457686046 8.895148815087863 -98.83845385669159
2534 -34.9333513523907 -22.11858389326145 -20.16699463590524
2535 -4.575472366529051 14.2748188387975 -99.92651484742288
2536 18.81906347925421 -36.26354845382528 -23.19096260029195
2537 -14.70355017674227 -3.135662066567518 -96.69121889845019
2538 -14.92762632894585 1.426207348043172 -98.8469147860219
2539 -14.94651141927629 1.203595252621988 -98.91495858673028
2540 -5.111573586303293 14.09286912947919 -99.94092094863761
2541 -5.058097854934604 14.11138557814116 -99.36341466436933
2542 -21.47869846279853 -0.7726824293849947 -59.69886287774167
2543 -18.25265872940794 18.47513222821514 -49.12103793541903
2544 -38.36882539702826 -17.56669003425207 -18.36143161038612
2545 -0.9163264275237747 -14.99909974244614 -97.13264537136428
2546 -1.119508847486097 -14.97395348383536 -97.60880688390282
2547 -0.6407058372740109 -15.00296544254085 -97.56804054272237
2548 -0.8631090351700993 -14.98343983036956 -97.99053341892319
2549 -0.418870893623679 -15.0028984022336 -97.96462860968863
2550 -1.282336312811736 -14.95281115369385 -98.02331746626565
2551 -1.071212045272826 -14.96418245035971 -98.35497683952556
2552 -1.43888592957515 -14.93285983447513 -98.38657013238431
2553 -1.216219325964545 -14.94854969917276 -98.70522770769591
2554 -0.8808203948894643 -14.9722603734365 -98.68833762348498
2555 -1.567016568889094 -14.91575876203505 -98.71319298743285
2556 -1.395697416516071 -14.92980285318316 -98.97487141346545
2557 -1.687019218646147 -14.89900641984175 -99.03733695738909
2558 -1.871734553123001 -14.87999913519483 -98.76341321414634
2559 -1.97971019104397 -14.86297123134439 -99.03482068405867
2560 -2.153288156136306 -14.84137893947818 -98.80553946808983
2561 -2.265652676120403 -14.82141257567784 -99.09458839881401
2562 -2.433392273052295 -14.79751842980687 -98.85017760384727
2563 -2.076389881599915 -14.84700075743476 -99.28230947588786
2564 -2.544643663515257 -14.77606383889801 -99.094830015596
2565 -2.701816333977676 -14.75043582322265 -98.88805704307038
2566 -2.802601681152919 -14.72884911059366 -99.13618132919973
2567 -2.962962886989569 -14.69973849988076 -98.92901611078905
2568 -3.056244313017394 -14.6779729050814 -99.16622361896168
2569 -3.223712057569957 -14.64426208341785 -98.97333351652006
2570 -5.363248777301195 -13.99873838145951 -99.93773504626458
2571 -4.960546827103233 -14.14438191784854 -99.90553337945906
2572 -4.701203340597049 -14.23394078719744 -99.92721332455449
2573 -5.560254475847351 -13.92028990447714 -99.9186005754042
2574 -3.285311164207255 -14.62807132812544 -99.19529642210989
2575 -3.4865179047958 -14.58314852944297 -99.04227907843375
2576 -2.904599021243644 -14.70626916015729 -99.37947765994508
2577 -3.384426072830274 -14.6104035768763 -98.75934435737243
2578 -3.650887032470141 -14.54542150866385 -98.81727452361109
2579 -3.739650224723158 -14.52075402955538 -99.00128150407505
2580 -3.917123252015241 -14.47550758119088 -98.85857185620681
2581 -3.981487020100939 -14.45481300659266 -99.13343712363147
2582 -4.170905733495014 -14.40378174546453 -98.91458717662361
2583 -4.254724309255675 -14.37641110076448 -99.16316105319258
2584 -4.427644642887826 -14.32631562489583 -98.96890579761309
2585 -4.503460341595336 -14.29986190661547 -99.21288755213656
2586 -4.662023488328829 -14.25117469614724 -99.02017235933286
2587 -6.708859208098987 -13.40414430896831 -99.91147441851925
2588 -6.458424338396647 -13.52826737971047 -99.93585907713633
2589 -6.126762710069236 -13.68096650257245 -99.92678154527589
2590 -6.971958518114058 -13.27017732359406 -99.92644262769579
2591 -4.730314799238551 -14.22597596022985 -99.25102628801849
2592 -4.894261688768952 -14.17248956526833 -99.07228226574345
2593 -4.950747718858996 -14.1498716609451 -99.32552311787582
2594 -5.117014815982297 -14.09299326151801 -99.12359406001615
2595 -5.185869310475321 -14.06512218016178 -99.34794719346077
2596 -5.330682759215508 -14.01303308461513 -99.16878868481875
2597 -5.044872498408853 -14.12201270594441 -98.86206139066694
2598 -3.830317027999988 -14.49348848029845 -99.31637092959316
2599 -1.49464947965517 -14.91738737419695 -99.23080826792442
2600 -1.255630990335622 -14.93963686229692 -99.21033757110831
2601 -1.354992659858453 -14.9281810304769 -99.4501387138771
2602 -1.81994010065179 -14.87902645074008 -99.92288506797642
2603 -1.140403780277285 -14.9465193633484 -99.4150930728603
2604 -0.6462228454999854 -14.97628072836821 -99.92763134451523
2605 -0.9026082617008011 -14.96200393468511 -99.90996844435901
2606 -1.021344240063778 -14.95751434679014 -99.20745267196014
2607 -3.591593155565177 -14.56408990436976 -98.50180838571114
2608 -4.095543287670029 -14.42876812529279 -98.6315082570558
2609 -4.336008568290453 -14.34952092693205 -99.38155314837347
2610 -6.620543207444917 -13.45058463354857 -99.94583286271967
2611 -0.492595600333638 -14.98122389838599 -99.91225497447675
2612 -1.066789743735645 -14.95220963268179 -99.92764142152387
2613 -6.282034192055153 -13.61036605997136 -99.92672299194321
2614 -4.577241561200577 -14.28216312581945 -98.71846789786784
2615 -5.194335333519323 -14.06191415738144 -99.93304755426759
2616 -5.96846026822315 -13.7497888602694 -99.91124880579939
2617 -4.822846076916102 -14.1924478850193 -99.9154592981277
2618 -0.3199446824802137 -14.98617447309356 -99.91728548666592
2619 -1.654074288838029 -14.89868004181749 -99.92763349813421
2620 -1.482710678662218 -14.91601280490517 -99.91610676236168
2621 -2.846040233305479 -14.72594794769495 -98.66048679444303
2622 -2.376518741087944 -14.81007831897396 -98.57240675144138
2623 -17.33305411436624 -7.469166902930214 -69.12703791028524
2624 -14.25986333909395 -4.768943845878571 -96.62847174946658
2625 -4.540000556481259 -14.28617551286989 -99.9272531342461
2626 -8.909649589754284 12.10874364224248 -96.83267884042203
2627 -3.365609742862892 14.61493835217128 -98.74347910659547
2628 -1.247481488625124 14.93850760259397 -99.93181166333434
2629 -35.31850069184815 22.57093246196949 -19.32934682991301
2630 -14.9541648663495 -1.533045774817843 -96.74737288887384
2631 10.90692083283496 10.32369437937908 -97.42952218601371
2632 -0.4916310651026356 14.98214815500255 -99.92754904811946
2633 -8.933329194898171 41.17940469336809 -22.08892698131472
2634 -0.8987340172644092 14.96222719381911 -99.90974240104379
2635 -8.067211013484789 12.63956317244801 -98.98411875099046
2636 -38.72030735893186 17.81588733788423 -17.73540030209092
2637 -12.23555006171932 -8.7509949820982 -96.43940395728141
2638 5.729751720764273 13.85775044799388 -98.90435711065184
2639 5.345874420347967 14.01164955848146 -98.79340924349815
2640 -15.27951550286935 -0.3682096766420118 -91.43287062077361
2641 -15.22656956016701 -0.01846353951772221 -92.31441362430971
2642 -15.20614320252018 -0.9216099470127349 -92.1956446271233
2643 -15.17349601637252 -0.5693253520152026 -93.03819712352674
2644 -15.12519623785628 -1.415051241773497 -92.91537660663631
2645 -15.17328720915689 0.2446136632297557 -93.19955354264329
2646 -15.10856159054386 -1.123754920111016 -93.67652879852017
2647 -15.03691858243783 -1.892336384264713 -93.57784159560751
2648 -15.03760041473584 -1.585934481220165 -94.28582745940706
2649 -14.94755809102615 -2.316965977157159 -94.1803881418014
2650 -15.09104424935025 -0.8774382720182734 -94.3818112344392
2651 -14.93038757920299 -2.629832809740631 -93.49246068564956
2652 -14.81168053542254 -3.057284155751721 -94.23222745218304
2653 -14.7835592823149 -3.37215614660882 -93.44151218015297
2654 -14.64773622102979 -3.801316456831667 -94.04819217147994
2655 -14.59869251901456 -4.120427747927104 -93.34251947796221
2656 -14.43380645608577 -4.56101501669017 -93.96786335171579
2657 -14.37124092552668 -4.874145207145067 -93.23824017764366
2658 -14.18374340937476 -5.30699592550368 -93.8417665712829
2659 -14.09905150889425 -5.630450504927994 -93.13517240551612
2660 -13.89429425288802 -6.042030303041582 -93.71453178555532
2661 -13.78047590417501 -6.387763990030302 -93.02236361102435
2662 -13.54416188654788 -6.781624722232091 -93.80878308339216
2663 -13.40825966620488 -7.143284606269234 -92.98093102327961
2664 -13.12242043768837 -7.584850117802103 -93.63908184427426
2665 -12.97873724682166 -7.91187691552639 -92.86700692319846
2666 -12.66484487183679 -8.337832027482127 -93.53994160833558
2667 -12.5070070083838 -8.656699201460672 -92.71366566163724
2668 -12.18553199007992 -9.037853830294878 -93.40637280431693
2669 -11.97019568498549 -9.400192431511719 -92.58488362777385
2670 -11.60483712095236 -9.771187402551282 -93.44210047846654
2671 -8.796365978365753 -12.22173024086716 -96.0323549417578
2672 0.09857978662732801 14.98989026308972 -99.92759529910545
2673 2.721579386338997 14.74309338646795 -99.21978179314722
2674 2.418380504107332 14.79666636044847 -99.14768756243242
2675 3.032079383904609 14.68184221311303 -99.26624923241035
2676 3.260291287353787 14.63516611194087 -99.06234141688772
2677 3.310918223050525 14.62013839449832 -99.38024760026944
2678 3.535414173859631 14.57004721619629 -99.15975271538066
2679 3.614246010345924 14.54700924790188 -99.472439809981
2680 3.788750886108335 14.50517156372856 -99.25155292738549
2681 -11.22956650687995 9.939278928143931 -98.79974678285703
2682 3.75237089882694 18.31113849654781 -71.23878413886747
2683 6.169455962868603 17.05510609650752 -73.36307931001578
2684 3.107687335332632 14.74024331444616 -95.92881944589674
2685 3.709561541313684 14.62553631799693 -95.30235382002665
2686 -15.17623213456083 11.15525294670487 -69.62164575781833
2687 -0.9020868518337202 -14.96257885517825 -99.43348879395408
2688 -0.7871533404403915 -14.97159982629313 -99.21339751666912
2689 7.618141846223626 12.91216811781121 -99.22629333813451
2690 7.851214100491122 12.7754227811111 -98.94005221256634
2691 15.43423169671404 23.19812072990907 -45.51004722194158
2692 17.09656252245078 24.95253271142341 -40.63412630991174
2693 -5.688230860707384 -15.86165368083475 -79.51898594487218
2694 -0.1681841061803589 15.04616498448194 -96.44065374775458
2695 0.9735004434043164 15.61396321794113 -87.9354924066155
2696 -15.05541958346772 6.773829473404721 -80.7053583056872
2697 -14.44826057677048 7.456569297896428 -82.40790930950855
2698 4.577945393446348 14.27682936001672 -99.95810153943729
2699 4.175508429505941 14.39693024038629 -99.92733195080908
2700 5.538652319251621 13.92944896576426 -99.92698312093762
2701 -11.37441192447249 -10.12805432220395 -92.45135985983721
2702 -10.91713396992858 -10.55232134602683 -93.24121163799389
2703 -10.7094662956184 -10.84513039719632 -92.29904065324322
2704 -10.21999448324354 -11.24384584182709 -93.075952933867
2705 -9.982576567165561 -11.53414328073969 -92.14123082460425
2706 -9.4495535646303 -11.91124378723922 -92.9383564685258
2707 -9.192095575603574 -12.19168473471489 -91.95885888592538
2708 -8.554889913115888 -12.56779290790205 -92.98669624605604
2709 6.540022191658213 13.49136858655111 -99.14244416986723
2710 -15.2573636474786 2.585537725295116 -89.01282261637084
2711 3.875220385247671 14.48126609205552 -99.93587734683113
2712 5.229770355632084 14.0475115690942 -99.91391371413745
2713 -13.34342200748838 -8.615760135485798 -85.31096020741849
2714 -14.17581019060861 4.87054940932541 -99.45308840634682
2715 -15.28683946219405 -3.541203910738929 -86.79994255184457
2716 -5.390239207481168 -13.98766263947882 -99.38087834940744
2717 -5.544048481095071 -13.9293668857515 -99.2211569353799
2718 -5.481364617699583 -13.95681542129918 -98.9946507423187
2719 -5.701803533156073 -13.86761334844985 -99.04562704321594
2720 -5.76101364149445 -13.8401757767033 -99.29187770509576
2721 -5.920851382058266 -13.77476143775687 -99.1086288591478
2722 -5.964152441464873 -13.75316877107384 -99.34689733816073
2723 -6.117310466847015 -13.68789126701492 -99.17115399916395
2724 -6.079837859834232 -13.70738886014469 -98.93481365586128
2725 -6.304677232416708 -13.60415824525738 -99.04134588871682
2726 -7.949533950809043 -12.7086776655527 -99.92604633123194
2727 -8.230897498069794 -12.52827253439878 -99.92581525744995
2728 -7.710852824713662 -12.85408458399164 -99.91425731443188
2729 -7.423278570360645 -13.02307887433818 -99.92623498597916
2730 -6.247606187490267 -13.63407726704886 -98.74326940510539
2731 -6.485386574368092 -13.52159324639915 -98.82183961105162
2732 -6.549773362430218 -13.48728016383314 -99.08927186872752
2733 -6.716587041449129 -13.40724573916739 -98.90240517533132
2734 -6.768919571723543 -13.37784207762502 -99.15389367366792
2735 -6.938166447083155 -13.29291301042982 -98.98480399269559
2736 -6.982780137195344 -13.26650169712642 -99.23086746370963
2737 -7.141775777049471 -13.18366255881127 -99.0637127830659
2738 -7.187570789747995 -13.15577618386341 -99.30070858120159
2739 -7.344527311917014 -13.07079890377486 -99.14315018853694
2740 -7.374956727551601 -13.05081488405723 -99.3641938186688
2741 -7.510678266755776 -12.97506223497403 -99.21954790691443
2742 -7.496899009372513 -12.98595684282656 -98.98609826687616
2743 -7.688567955267832 -12.87195495811679 -99.10061687234115
2744 -9.151293805526501 -11.87256432721196 -99.92483433343058
2745 -8.875003657534494 -12.08034730854611 -99.9230612881674
2746 -9.353831755309361 -11.71369117414581 -99.92516822656904
2747 -8.667256017343352 -12.22921709504673 -99.90755351507677
2748 -7.657573732995179 -12.89406915928465 -98.81142417717483
2749 -7.8732623951432 -12.76237914969843 -98.89812942015475
2750 -7.90541254700821 -12.73922003701256 -99.15523866803881
2751 -8.073337172359937 -12.63553741465015 -98.99299831921694
2752 -8.095368188162695 -12.61789080496491 -99.26681025620435
2753 -8.264751760209306 -12.50993080315574 -99.08857726278038
2754 -8.050363025050521 -12.65339487502988 -98.74617167162111
2755 -6.694790394109039 -13.42175960315651 -98.61852616709241
2756 -7.929890958436227 -12.72094105409761 -99.38667438288223
2757 -5.625699149704058 -13.90167175404793 -98.79164827904033
2758 -8.290573610028671 -12.48977415946242 -99.31975930487394
2759 -8.441598004302312 -12.39011575896971 -99.17688381728344
2760 -8.466700021266332 -12.36996612912076 -99.39809277269035
2761 -8.616839887005485 -12.26780308143185 -99.25680129196157
2762 -8.582298677669922 -12.2950432343619 -99.0269137975595
2763 -8.776483998307594 -12.15589693845467 -99.12361427984723
2764 -8.738035822398007 -12.1869123168206 -98.87089488925599
2765 -8.941801159054053 -12.03675919044575 -98.9772598507748
2766 -8.913630069524139 -12.06133683583629 -98.70642306065521
2767 -9.11400215755986 -11.90903098543126 -98.82017185607673
2768 -9.133976881926019 -11.89018460455344 -99.08019837697672
2769 -9.297118040585282 -11.76507248300029 -98.93208459218143
2770 -9.313675824247747 -11.74812239392483 -99.21202845486019
2771 -9.476260222434878 -11.61971413594761 -99.04369373797856
2772 -9.490936197623292 -11.60432479799072 -99.2858041860348
2773 -10.00900148026031 -11.15845013895681 -99.91730525561128
2774 -9.823380037397577 -11.32279431857214 -99.92485978571881
2775 -9.628902399362651 -11.49211826119074 -99.14465274352405
2776 -9.620596450077212 -11.50254516715103 -98.89602410788945
2777 -9.794995463260914 -11.35221945532599 -99.04977639896902
2778 -9.791113978025537 -11.35974501543556 -98.75689069000701
2779 -9.964121899518396 -11.20649467638373 -98.8791001029941
2780 -9.977450915956462 -11.19094145092044 -99.13645299074638
2781 -10.13115639626425 -11.05399029819476 -98.9973874727303
2782 -10.13334894551678 -11.04852679915429 -99.23388398292735
2783 -10.28852286471209 -10.90597154058708 -99.11269072743416
2784 -10.29100099054548 -10.90720487597414 -98.86926741076353
2785 -10.44314204033774 -10.75978830125278 -98.99185910067104
2786 -10.43038729665709 -10.76835973712562 -99.24529396615824
2787 -10.58552183885582 -10.61780574873462 -99.12008388637867
2788 -10.58266778108494 -10.61710985480355 -99.34831581275408
2789 -10.72513418731901 -10.4748961561899 -99.23980431863063
2790 -10.73528704095265 -10.46799614324089 -99.01202309243097
2791 -10.8725681198395 -10.32336368284553 -99.13893975797409
2792 -10.45239761503339 -10.75475796810723 -98.72950839403815
2793 -10.88253556787208 -10.31652326747048 -98.90167971961171
2794 -11.02113768463222 -10.16626969453631 -99.0319143862444
2795 -11.00772819316206 -10.17706931575244 -99.26628307901414
2796 -11.15260694286578 -10.01966061739739 -99.1695689935716
2797 -11.16812189919639 -10.00626098245524 -98.9249980248284
2798 -11.30444670648279 -9.849005491149764 -99.10911367143891
2799 -11.32206068526375 -9.83337032478738 -98.82424485921015
2800 -11.45027714066756 -9.681212031294265 -98.97836400877488
2801 -11.44340012967249 -9.685260181439386 -99.22527544087175
2802 -11.5747116829985 -9.529624224489845 -99.12567009874827
2803 -11.59908991492598 -9.503938516685214 -98.88613792645526
2804 -11.71642186456313 -9.356275856004613 -99.04078452292717
2805 -11.68826883364403 -9.387515804614816 -99.26851716303132
2806 -11.82654771400503 -9.213965929823953 -99.19662378456262
2807 -11.85536674966689 -9.180959150518865 -98.95996371824847
2808 -11.96535944932292 -9.034322404817436 -99.12003893169374
2809 -11.99764830715494 -8.995599772419867 -98.88138590467457
2810 -12.101703471531 -8.852083278780148 -99.05067254235415
2811 -12.069680321473 -8.891555017541302 -99.27936256370626
2812 -12.19742914303552 -8.716918130582028 -99.20241980173947
2813 -12.2334415788468 -8.67034668302988 -98.98205267757994
2814 -12.33090353972891 -8.527909845633701 -99.15676408949595
2815 -12.36802929594297 -8.47825042835659 -98.92766507121948
2816 -12.44517536684554 -8.360787480265044 -99.12884277648352
2817 -12.16688444291465 -8.755393396325379 -99.41887723678799
2818 -12.41242595818665 -8.404478776600904 -99.92325012799789
2819 -12.48092655947569 -8.312302202060224 -98.86691705077128
2820 -12.58419454664897 -8.151736358812039 -99.04093654267832
2821 -12.55110889681527 -8.197586062573397 -99.29587383817817
2822 -12.68937931160407 -7.983143077938417 -99.23389648860972
2823 -12.71682125268585 -7.944307422915222 -98.98669877856851
2824 -12.80470683584046 -7.798507704385992 -99.15170290370169
2825 -13.68390516548498 -6.119826401975615 -99.92141956714767
2826 -13.53509401689435 -6.441228527734131 -99.91365566319345
2827 -13.800424139664 -5.852287364697962 -99.92104015257125
2828 -13.41542662107521 -6.68828461385383 -99.92442927979192
2829 -12.83894479854841 -7.74651961338131 -98.93018085035193
2830 -12.91475662227178 -7.615797725030191 -99.10683405786081
2831 -12.86295101589779 -7.699160659737178 -99.28893386794991
2832 -13.15835725336457 -7.180507477016107 -99.92200622480593
2833 -12.97326135512095 -7.511624082469442 -99.2962341678582
2834 -13.02400696352486 -7.428173749003359 -99.07073561329517
2835 -13.09126072585296 -7.305171145888283 -99.24508371648986
2836 -13.13600234238781 -7.228952713241862 -99.03894314146982
2837 -13.20136098169272 -7.105061692680849 -99.21002386698491
2838 -13.02591283432165 -7.418070104938397 -99.92214444263557
2839 -13.24200050768493 -7.033832046256762 -98.99658601869432
2840 -13.30892140912331 -6.902314074068806 -99.17365827508004
2841 -13.34882953543109 -6.829702138817757 -98.96162054274555
2842 -13.41373611332742 -6.697196087136953 -99.13722373679222
2843 -13.45242538994343 -6.624332677111425 -98.91797924559431
2844 -14.24584295533339 -4.66442662058465 -99.92074633831396
2845 -14.12692071530786 -5.013098777224196 -99.92089310065532
2846 -13.98829768915932 -5.38611996893095 -99.9098824436891
2847 -13.51652625050666 -6.488083215301332 -99.10202980620117
2848 -13.55572407208666 -6.411161407931904 -98.88188552060986
2849 -13.61801553905215 -6.273178942275765 -99.06510104297813
2850 -13.65581940820417 -6.19621008147427 -98.83747149794009
2851 -13.71741150239797 -6.053719669657468 -99.02678241283314
2852 -13.17506003236556 -7.162457788339963 -98.81439358625194
2853 -13.47382557327016 -6.571283404251706 -99.30679948131379
2854 -12.45154425357002 -8.346780034565976 -99.3593674975909
2855 -12.49722592751932 -8.275903845296567 -99.47332532136041
2856 -13.75512319406562 -5.973508683565041 -98.79956976018158
2857 -13.81469007915263 -5.829347004109479 -98.98752032837265
2858 -9.141547885435886 -11.88097957392362 -99.32445779985336
2859 -9.640305922400945 -11.4791990837328 -99.37599058240595
2860 -12.7523739106638 -7.89208123532226 -98.74065446695884
2861 -12.27066196181265 -8.621895875565322 -98.74984004132884
2862 -11.18025968800971 -9.997001693438847 -98.66285554610432
2863 -11.35012967641537 -9.8058093431526 -98.54468879460805
2864 -13.67904370831123 -6.135072031884985 -99.21508611892902
2865 -11.88313392327211 -9.149457401228448 -98.70701304337265
2866 -13.91867550820327 -5.564623059732352 -99.917293427795
2867 -14.0613823223995 -5.193698961772685 -99.91862426063528
2868 -14.30036961749242 -4.493833513958194 -99.91737705029831
2869 -14.18742583542139 -4.83920794022165 -99.92082012089034
2870 -12.40667936063026 -8.410175402141684 -99.51731238996706
2871 -13.33847259672109 -6.841451219504534 -99.93123853060662
2872 -13.61025074255718 -6.282083418893279 -99.92253860874153
2873 -13.85170324069673 -5.747160059496437 -98.75733785903938
2874 -13.90710972268263 -5.606344794575782 -98.94889235787554
2875 -13.87177704227001 -5.687169445775662 -99.1679871281397
2876 -13.95988421291924 -5.468148836077259 -99.13939277047025
2877 -13.99406819574633 -5.386457132934586 -98.91920221876275
2878 -14.03945671010593 -5.260295654707592 -99.14506045432573
2879 -14.07739005722628 -5.165415869163534 -98.89751491051726
2880 -14.63325079913593 -3.249407398027095 -99.91446657637619
2881 -14.55527712098925 -3.585611586221939 -99.92683631668052
2882 -14.46861576001621 -3.924511603775142 -99.94054873523822
2883 -14.12232500541095 -5.035393694392227 -99.08678752122545
2884 -14.15672828605509 -4.944841768275122 -98.86504989355629
2885 -14.19881348775392 -4.816406681412111 -99.05811877072716
2886 -14.16619564609568 -4.904954428396088 -99.26071652449676
2887 -14.23842712716308 -4.691766778482604 -99.24248505956187
2888 -14.269602950098 -4.602909685748745 -99.04398963234357
2889 -14.30182719102561 -4.494281802670266 -99.25648210579699
2890 -14.3358179514467 -4.392830409787063 -99.02973637361892
2891 -14.36942559238208 -4.274891851851727 -99.21192946244788
2892 -14.39875844927061 -4.182522261744317 -99.01287901305876
2893 -14.43086689859242 -4.063398574540368 -99.19274008975253
2894 -14.45864631790907 -3.971195840789718 -98.99602883876959
2895 -14.48965645298046 -3.849010400716775 -99.18021824293477
2896 -14.51668672948427 -3.754092799245533 -98.98097398068249
2897 -14.8850788331868 -1.77043901408874 -99.91981960942231
2898 -14.83645781935316 -2.140013806797646 -99.91990645697831
2899 -14.77872886941373 -2.507868151728513 -99.91999641113166
2900 -14.54552009176516 -3.632853486268411 -99.16494888149616
2901 -14.57122255689741 -3.537212031100739 -98.96447486202973
2902 -14.59840458194367 -3.414843403269392 -99.14946190124986
2903 -14.62264047140701 -3.31905348011269 -98.94686968678712
2904 -14.64918737375341 -3.18907725120508 -99.1670249021365
2905 -14.67131142702224 -3.097600177080995 -98.93112970106843
2906 -14.69641760101707 -2.966215561034855 -99.12173039518352
2907 -14.71672733132599 -2.875082808384177 -98.91260375936565
2908 -14.73908657982592 -2.747594759762438 -99.09971030721489
2909 -14.7588804264318 -2.651303163009297 -98.89362861391345
2910 -14.77910935290835 -2.52234112739067 -99.11748641654171
2911 -14.79817414977373 -2.423236019852681 -98.88021183995605
2912 -14.81664430855063 -2.294666020568448 -99.07193777151535
2913 -14.83371120755897 -2.196611039492715 -98.86053295578988
2914 -14.85083041934473 -2.060524198270943 -99.08940004983546
2915 -14.98497973408332 -0.4362440003757766 -99.93913235225571
2916 -14.98852090826304 -0.2002538375890968 -99.91728741403551
2917 -14.98633534788591 -0.1456926042729854 -99.82143041552646
2918 -14.96633439532677 0.841744330586799 -99.91949603693408
2919 -14.98236988780675 0.4623789503211884 -99.91067640629576
2920 -14.94686496674505 1.169804081483234 -99.13884658288383
2921 -14.96120088093507 0.9911812944632812 -99.00162951421889
2922 -14.97134193728937 -0.7475264370349751 -99.91965377038132
2923 -14.95475401645415 -1.027246195790747 -99.9196939633956
2924 -14.98944243681555 0.2057101276254578 -99.93283725406549
2925 -14.96058013219639 0.9630429649619574 -99.23554960250785
2926 -14.97284041539855 0.7783670703153299 -99.09217043781921
2927 -14.97450887031053 0.7935976009502513 -98.85414956336763
2928 -14.98248741796514 0.5985971460023002 -98.95853532968735
2929 -14.98067864105489 0.5848478007474602 -99.18424292765289
2930 -14.98798843899594 0.403601315766944 -99.05709749358303
2931 -14.75435052051244 -2.652756020714402 -99.29349821748755
2932 -14.86609094399439 -1.966494918084028 -98.84856175132181
2933 -14.8816033256388 -1.829051002591459 -99.04227572833165
2934 -14.83254884459217 -2.176143535020313 -99.25572047037605
2935 -14.62193910473083 -3.302132829325635 -99.36329504132125
2936 -14.89519623136873 -1.734258884557906 -98.82675035807256
2937 -14.90808262979612 -1.601157836565791 -99.01920857767044
2938 -14.92058565907903 -1.502107263102221 -98.80845866338785
2939 -14.93086363215216 -1.374192965957085 -99.00463191039644
2940 -14.91965785725094 -1.467418352320231 -99.22609359131064
2941 -14.94017908901028 -1.244940877078624 -99.19688617965529
2942 -14.94978367976711 -1.150923414505984 -98.99948046229783
2943 -14.95632135894311 -1.034988922293777 -99.18452791705562
2944 -14.96510454754327 -0.9315282449643467 -98.99473880770196
2945 -14.96987551702851 -0.8165344213495068 -99.18083810210163
2946 -14.97715915959251 -0.7135309394354691 -98.98711044263868
2947 -14.96109267348506 -0.9339189194984365 -99.35770497726595
2948 -14.97953937386149 -0.6083037627775356 -99.20355788809265
2949 -14.98602537587956 -0.4945216318467098 -98.98350912458631
2950 -14.34633013378764 -4.344427012961918 -99.40646552738603
2951 -14.98611415279321 0.3906674115605938 -99.2668338588968
2952 -13.92104152035659 -5.560452274077865 -99.33998934765992
2953 -14.95907668381934 -1.04897079726461 -98.82684363662671
2954 -14.46009941923281 -3.951114948416795 -99.36223999315759
2955 -14.30094385380872 -4.511691549779851 -98.83867186006171
2956 -14.94315128644877 -1.191704031103309 -99.92920998932837
2957 -14.94802925137624 -1.12209212656655 -99.36928354870906
2958 -14.74910256143079 -2.68014448041899 -99.92994353153802
2959 -14.80921069393094 -2.321288462207154 -99.92046567446272
2960 -14.90488929187691 -1.592401613474971 -99.91476934464524
2961 -14.86191065827203 -1.955427228221067 -99.91986293050456
2962 -14.40234650198097 -4.155644845410002 -99.91838964091642
2963 -14.51231038153659 -3.756199716009441 -99.92861260455706
2964 -14.67365406386822 -3.061663488545193 -99.91395958368737
2965 -14.59620257773289 -3.413673197191728 -99.92127961457288
2966 -14.9538223653333 1.041422574902514 -99.92044075775742
2967 -14.97497281889253 0.6770253456994285 -99.92414911641515
2968 -13.11987026515153 -7.251678488379236 -99.93016671164939
2969 -12.31829580296328 -8.542858735928743 -99.93199512926151
2970 -12.20876127933372 -8.698169264108509 -99.92774208379868
2971 -12.34969226621589 -8.496831386365303 -99.35576419910403
2972 -9.690659231010709 -11.43659314810228 -99.92494957450597
2973 -7.094416612857838 -13.21179504636302 -98.85376965732543
2974 -9.017977300269427 -11.97416055358737 -99.92512942742633
2975 -8.542001230907347 -12.31806823694304 -99.92322337225761
2976 -8.083463935370942 -12.62381146553985 -99.92465912011535
2977 -8.696992978415967 -12.22005715281353 -98.59723735879169
2978 -14.8805793545861 -1.873113391001155 -98.62399314515692
2979 -7.591137180252994 -12.92607620222247 -99.92780176381679
2980 -13.790316852438 -5.898898972328104 -98.54859701934153
2981 -7.273642644703985 -13.10724331685067 -99.92630649964529
2982 -9.276885438942243 -11.78470072622865 -98.67187496164631
2983 -6.162470883994316 -13.6648947150747 -99.39096981416195
2984 -13.37298429547154 -6.772633413415766 -99.3687774741428
2985 -14.98379132937626 -0.6121804253881284 -98.78081556391025
2986 -14.99170419154621 -0.3732482547671317 -98.77526224105431
2987 -11.79832896391388 -9.246726479549395 -99.38319302151909
2988 -14.53982824644207 -3.672000442062742 -98.78038297360642
2989 -14.64630081101387 -3.22344262688672 -98.734121305993
2990 -14.4234093595908 -4.10464541739678 -98.80441991537883
2991 -10.70895436374561 -10.48824591812372 -99.438584596422
2992 -13.12366246621177 -7.237472443636936 -99.82411636352573
2993 -14.99072555025687 0.3828060603686652 -98.84540398907788
2994 -13.38692898863881 -6.759969168767561 -98.73819488043588
2995 -14.98719727907516 -0.387650238410737 -99.17295406792203
2996 -10.28672625453155 -10.91557837439221 -98.58869615453483
2997 -14.98271760531081 -0.4739366018854107 -99.35773428263018
2998 -14.9849044966654 -0.2566800348642397 -99.8263408982864
2999 -14.98774671832329 -0.2786282225720177 -99.34638063767851
3000 -14.20325451568029 -4.790857957160101 -99.42647602784363
3001 -14.14419198916992 -4.961534467834268 -99.45603067930989
3002 -0.6778091508611837 -14.97464230979837 -99.41413910583114
3003 -0.5644808060854508 -14.98161193699757 -99.21663766762202
3004 -0.4467114462528609 -14.98301090837597 -99.44025052161726
3005 -0.3282659924963264 -14.98864253686473 -99.2171982374274
3006 -0.2196587847796942 -14.98832986135844 -99.41721845197981
3007 0.5337882468529327 -14.98070509929228 -99.92754409913275
3008 -0.6794250429717584 -14.98732307072152 -98.33845960924715
3009 -0.1035570359758414 -14.99187180378517 -99.21790256455355
3010 0.2808351649138432 -14.98758265199169 -99.92757048754117
3011 -0.0009227300878421701 -14.98993904272762 -99.41725112233472
3012 0.1503780986741933 -14.99107330424527 -99.2535920488337
3013 0.01752884388988452 -14.99458417821764 -99.00323223863417
3014 0.2749168459214703 -14.99197793329209 -99.01195229911546
3015 0.4014129557815376 -14.98662028496718 -99.2386740452032
3016 0.5260909551444239 -14.98515639630373 -99.0219365748839
3017 0.6411654434007027 -14.97816083525134 -99.24906083664357
3018 0.7841903395219747 -14.97370532893851 -99.03676054555118
3019 0.6693456254968921 -14.98211132514935 -98.78198886632448
3020 0.9566866732709942 -14.96628562492642 -98.80153087980753
3021 1.066010196414081 -14.95553734300256 -99.1046367863043
3022 1.245721305895144 -14.94456803046841 -98.83968739037017
3023 1.393569324006982 -14.92817871302585 -99.14052221514963
3024 1.540288150110855 -14.91670319671042 -98.87344723093746
3025 1.66623888305338 -14.90025004049992 -99.13657426092088
3026 1.837557557603024 -14.88282019708777 -98.8898958841
3027 1.296472552271671 -14.93361269759596 -99.92063854011339
3028 1.703639778903831 -14.90188607437811 -98.62091693821509
3029 2.036466591470546 -14.85964307814386 -98.65447769685284
3030 1.53091002650668 -14.91143140393911 -99.92109451386925
3031 1.879249466994122 -14.88473529878961 -98.32461611931818
3032 1.712750843486242 -14.89203428921751 -99.92734785498229
3033 1.248211248603711 -14.93902967537556 -99.31830244686741
3034 2.251230521474743 -14.83233883096951 -98.371980439097
3035 2.375393139865557 -14.80785583054021 -98.7704388512936
3036 2.609601301544063 -14.77248883677834 -98.44347755303967
3037 2.735783894172692 -14.74537675023413 -98.7827922815619
3038 2.550967266094918 -14.77154764989596 -99.92716768133022
3039 2.884955203736365 -14.71007848877935 -99.9287965089532
3040 2.963672602918702 -14.70478723642893 -98.49872807322295
3041 3.082524072925137 -14.67562008703588 -98.88555283732757
3042 3.307986469271917 -14.63026595346847 -98.56723428867147
3043 2.554470510445058 -14.77477965783253 -99.05772948094659
3044 3.425153256938357 -14.59876998518747 -98.94547799641967
3045 3.64565251654495 -14.54898932708223 -98.63000309128475
3046 3.756897033858086 -14.51692424417726 -98.94605059744812
3047 3.984922830939313 -14.45913023441961 -98.67848279585866
3048 3.583322679051186 -14.55782275675984 -99.20481854863168
3049 3.85253199336533 -14.48860985686768 -99.23001209332702
3050 1.419416702974449 -14.92276142320789 -99.40174234979
3051 0.8255222113284256 -14.97747297596471 -98.52225382445299
3052 3.864101725244077 -14.49644673895892 -98.33962732370692
3053 4.227722733857817 -14.39365924832116 -98.4030117291743
3054 4.331858959084764 -14.35779267198877 -98.77742869063708
3055 4.580382352043895 -14.28408940487572 -98.49133335804528
3056 4.694095071181718 -14.24308114328733 -98.80975052932718
3057 4.923110172627183 -14.16848685758093 -98.57399502596962
3058 5.330240090901387 -14.08667056658178 -95.98898322605305
3059 5.700032640584667 -13.979299972514 -95.08947074351718
3060 6.193616699927467 -13.73377965436703 -95.85689380018641
3061 6.539109373677749 -13.60892440641895 -95.03707359635857
3062 7.014107530451008 -13.33501633855233 -95.80637590592779
3063 7.401965501145881 -13.16281415048404 -94.95658112564756
3064 5.26159322723761 -14.19834490792365 -94.14810768164098
3065 7.845468250034215 -12.86548375450791 -95.746352625245
3066 8.258817573980718 -12.64799338036088 -94.84131539501132
3067 8.71920675105223 -12.29060844670827 -95.72000127344675
3068 9.126548806715606 -12.04003887220068 -94.76474677738584
3069 7.693035168004689 -13.05500573547696 -93.8871076989722
3070 9.577006473850146 -11.63795406917782 -95.63354016828271
3071 9.985503001493667 -11.34335627924528 -94.65102279411748
3072 10.48373457769869 -10.82586513280532 -95.66050848307673
3073 10.87838746892667 -10.49808154468119 -94.50552985141393
3074 10.29990831786102 -11.14260582374681 -93.43160611218454
3075 11.31957899293893 -10.11526866250263 -93.27443062143041
3076 11.78065229923726 -9.466763964556389 -94.58206493034365
3077 12.2852504300978 -8.91912254265214 -93.22041042741351
3078 12.64078050486032 -8.288127411255232 -94.49576489049123
3079 11.78819711541879 -9.71295804236615 -91.76735870749259
3080 7.384535423614586 -13.10662568319485 -96.49678227174945
3081 12.85800978493378 -8.237040127468138 -91.77374701201573
3082 12.41133030186997 -9.100285681061893 -90.20097544361737
3083 9.161444115495719 -11.93016360205536 -96.52974578077198
3084 12.26480545012567 -8.752275370170144 -95.68906605546485
3085 12.92153602192082 -7.754505446977108 -95.60586241125507
3086 12.64886109158045 -8.134310033526603 -96.57708815335063
3087 13.15187431326685 -7.293662415318374 -96.55567962468895
3088 13.4430494910256 -6.803699780188572 -95.67636748643575
3089 13.62800616358308 -6.355909550495666 -96.60293097326019
3090 12.86571650845676 -7.74912068986389 -97.34374734033908
3091 12.45188713945989 -8.395980677887657 -97.40189219150398
3092 5.021175536294585 -14.12986125489115 -98.91297339472996
3093 5.251674267988692 -14.04893042112742 -98.65623653395468
3094 5.328161598554911 -14.0160914347822 -98.98870392523
3095 5.575556782720541 -13.92245794941677 -98.7429931695839
3096 5.480600833156626 -13.965075776001 -98.3755280000596
3097 5.827860832920555 -13.82225730068638 -98.47681765617601
3098 5.903604905289865 -13.7846479020007 -98.89841723979598
3099 6.164910797660464 -13.6735810050509 -98.59616437645951
3100 6.238897881545146 -13.63554053128663 -98.95002900591921
3101 6.498607110309742 -13.51681317594561 -98.69755980902991
3102 6.421700542914921 -13.55909056334439 -98.30724702243576
3103 6.769341812889897 -13.38682101034587 -98.44107953739142
3104 6.852884536403584 -13.33872831078168 -98.85049834053062
3105 7.1054011071595 -13.20940206420563 -98.5858741877768
3106 5.733074737592783 -13.86816874570517 -98.07955617515687
3107 11.1382036922165 -10.6263772420323 -90.22403947241999
3108 11.88910676700107 -10.02097487791673 -88.46145560205979
3109 10.39605035501377 -11.55868578305985 -88.58273576089385
3110 12.67571450436274 -8.032958967020081 -97.99847666775642
3111 13.0094570336483 -7.480151201270577 -98.00142429675039
3112 12.28214125444991 -8.618898737079132 -98.14466716011742
3113 12.86356487002644 -7.714468386501536 -98.51721338734241
3114 13.12679583764221 -7.257154709620475 -98.52934478419641
3115 2.112405325385415 -14.85859405967364 -98.00440175713774
3116 1.689553672543037 -14.91338080127858 -97.96116246555965
3117 4.795863122344168 -14.2051738075189 -99.15175107433539
3118 0.6933646763604292 -14.97461369489676 -99.93396908701476
3119 12.04456642195581 -8.965887385273046 -97.53996491322059
3120 11.87915852595877 -9.166159836736181 -98.15712556091977
3121 4.497965176040682 -14.31592131351608 -98.12044729874546
3122 1.858789218996682 -14.8739207632566 -99.91766623254797
3123 13.89052552764244 -5.831291790969173 -95.71525576853277
3124 14.08272154534428 -5.26202376322581 -96.7244710181881
3125 1.37579057971768 -14.92720689887788 -99.93136900471214
3126 0.8884595411814769 -14.96294588610523 -99.91183207913514
3127 3.047005367623952 -14.67730597316096 -99.9278613835305
3128 3.316053727141981 -14.61813609645014 -99.91593940817414
3129 2.717983793837277 -14.74172910538902 -99.92712573241468
3130 2.04676017680554 -14.84935636556968 -99.91996915458839
3131 3.190668252223857 -14.66271300110244 -98.12906535679967
3132 7.215753194645713 -13.14399569659379 -99.00842807673102
3133 7.423317185451968 -13.03140008601108 -98.73105568619668
3134 7.464713444685914 -13.003148262358 -99.09364507247722
3135 7.705207349739426 -12.86504312039165 -98.85930624931456
3136 7.781562186793868 -12.8146894859174 -99.1990320830454
3137 7.996121157717259 -12.68494346420183 -98.96184641034513
3138 7.929862589006054 -12.73115612851593 -98.60872465201646
3139 8.241664859764164 -12.52952362201107 -98.7533064875749
3140 8.180340293703599 -12.57578268811219 -98.34054362871957
3141 8.514434927488248 -12.34920213887098 -98.5146131947985
3142 7.186751276309805 -13.15608430473495 -99.31128739481515
3143 8.256215088498113 -12.51495751756063 -99.13550696296004
3144 11.63763414264553 -9.484471833775247 -97.66086512166058
3145 11.52084460220585 -9.610652631764806 -98.24917537825783
3146 11.7426481711567 -9.328470336974357 -98.74215193218866
3147 11.41738729430426 -9.722479935219468 -98.82639883714285
3148 11.19235946475316 -9.988456078658258 -98.39013421148888
3149 11.1050255538874 -10.07733088092107 -98.85683318628405
3150 10.86508296513896 -10.34101987542611 -98.52859673972648
3151 10.94451584315055 -10.2669885601764 -98.03718455948886
3152 10.60749547707282 -10.61116740090681 -98.2089815249786
3153 10.54857183779247 -10.6602023234539 -98.74431497828358
3154 10.2608696643106 -10.94372011848495 -98.36763542316714
3155 10.21455705129145 -10.97866308762146 -98.88091812964039
3156 9.940325304041414 -11.23289236097489 -98.5325631804975
3157 9.900107685823059 -11.26190106743841 -98.96253515517114
3158 11.27862247726541 -9.877308713101709 -99.18633098867743
3159 4.901983410159561 14.1660476443858 -99.92716269897441
3160 7.909724046149023 12.73495145981162 -99.27758679900603
3161 8.148290884984172 12.58615701845016 -99.08441422810735
3162 3.523803975007195 14.56938745520451 -99.91493697046835
3163 -2.813064604487374 42.67160617782589 -21.38539064503041
3164 7.38565621640104 -13.05806944474036 -98.36317060900632
3165 -10.63916281869665 10.55963431283976 -99.40132343351081
3166 7.827407431599291 12.79569124002267 -98.51987053807471
3167 -14.14104526937289 8.538077203185559 -80.75340754343414
3168 -11.7296792783528 9.332742033643905 -99.43336245185654
3169 -2.485108347368284 14.78207304486782 -99.4526626013307
3170 9.204074545064255 15.88870447208956 -72.2033825430442
3171 8.21107330106074 15.63867153870377 -75.30220005254201
3172 5.375616832720653 16.60550302055529 -76.45860744839497
3173 -1.626674811993152 14.90962548059672 -98.6917054685904
3174 -1.192485046659508 14.94763707091467 -98.95409779160821
3175 -0.9472472096287849 14.9640945413951 -99.05317900070628
3176 -0.9512694844856818 14.96086008975467 -99.31963195124699
3177 -0.7114460458413615 14.97593217074306 -99.16460604228951
3178 -0.6825275550818758 14.97426447006256 -99.4280541563669
3179 -0.4707282717038534 14.98403996492689 -99.2883270400136
3180 -0.4843708882704505 14.98660885020675 -99.01775061850621
3181 -0.2506270545285126 14.99107245593668 -99.13340557470002
3182 8.919189398570357 12.04779812850895 -99.92353356434865
3183 -8.320337204299509 -12.81640486959681 -91.82385309475613
3184 -7.715850188156359 -13.12552545753346 -92.65480339596095
3185 10.09755202841988 -11.08128096449784 -99.23188547612428
3186 9.857779131204273 -11.29335789979742 -99.35081098871972
3187 9.657685526669662 -11.46856789184502 -99.0998514919319
3188 -14.6526740048902 6.51364403539888 -83.9925422651535
3189 -13.8380441828387 8.100442769619292 -84.07953405931919
3190 -13.18912431428823 7.136951748265714 -98.79541768904822
3191 -11.81828579663957 9.231432629484772 -98.79924964958144
3192 8.412984387516264 12.40545920986268 -99.90670047083664
3193 -13.12039061318936 -11.5874884342501 -75.55657128329381
3194 7.160883211318921 13.16918750572569 -99.92635937145084
3195 7.083847612809955 13.20697178029445 -99.80562329544458
3196 13.58536205933538 6.545675858099735 -95.31088666752396
3197 8.101780662107096 12.61165189040146 -99.91888383083048
3198 -3.191409755018691 14.64535636439127 -99.49180228016945
3199 -3.37555334515666 14.60509447261039 -99.40144447573198
3200 -7.34391729185305 13.06643422648392 -99.50552104476384
3201 -11.12709712039599 -10.04436909401332 -99.38833800180589
3202 -14.31663653252041 -5.158069683064555 -92.51261108360214
3203 28.28879528786399 -30.55206500157457 -20.89004842651875
3204 31.82765790534917 -25.23369603402222 -21.73107846447188
3205 -14.74111791942156 -2.760229822755029 -98.688029610084
3206 10.45477225988743 11.80141116597682 -86.51590381449184
3207 9.840038159918437 12.70911153891915 -84.13166473950803
3208 7.736274867667294 14.12163169622912 -84.05843685446156
3209 30.61145894182528 -21.36620375988113 -26.67551092262934
3210 -14.95338115893781 -1.023919407182148 -99.52330220567879
3211 -6.817357060943996 -13.35040703602414 -99.37714237583818
3212 13.48162979958366 -7.417003216583661 -90.17090963714656
3213 -14.80387667296162 2.396199017814372 -98.75814841241716
3214 -24.62179968045974 -24.99770838109732 -31.17439096440834
3215 -23.46190876774143 -29.23834566190661 -27.60609738854874
3216 -26.85688492830131 -30.13102861939955 -22.88990392670547
3217 -22.05367377919534 -33.66112821319865 -23.712235315344
3218 -25.72049787919507 -34.89453155197307 -18.90912075772363
3219 -20.48503585989821 -38.11475783515157 -19.6285041616052
3220 11.03243491890646 11.00627416753451 -88.16548869987066
3221 -14.11089807162834 -5.080373702460165 -98.6690790353418
3222 -14.97995749842005 0.5462063720851101 -99.38480786868146
3223 -14.98426435457986 0.3790451097337522 -99.46210936764008
3224 1.360507694405284 19.30118434510319 -68.85489324022623
3225 -6.663535349048119 13.43491135880313 -98.803751452424
3226 13.01453672416417 -7.447071385286176 -98.96089742197051
3227 13.23054397715488 -7.055442617792151 -98.99283532311576
3228 13.35369627849498 -6.829482139832458 -98.57247947040293
3229 13.46293233199063 -6.60001140752869 -99.04189731031212
3230 13.55781860148057 -6.413138918376086 -98.62935586014267
3231 12.80752489415105 -7.7963971258161 -99.0275987026655
3232 10.31800895501209 -10.90151577531742 -97.82873849627728
3233 3.485082755975162 14.58575636835358 -98.84187975976631
3234 -13.2427087214991 -7.293197463967705 -94.41802680216266
3235 -13.26901018448185 -6.973913529191682 -99.378724022531
3236 -13.3270116222751 -6.85859634005693 -99.53671555923856
3237 -14.94509198117565 1.251577539100014 -98.67748258408896
3238 -14.92307404429156 1.499003423932299 -98.60877820432657
3239 -8.846147449278728 12.10312694834623 -99.28244511867011
3240 -8.772715997147735 12.1592209354747 -99.07808075480042
3241 -8.911671501322425 12.05228517381634 -99.47086935160488
3242 -8.823535998995363 12.11493172939476 -99.62279367658122
3243 2.514587546431639 14.77740944516021 -99.42559373160748
3244 2.696453712277437 14.74570120860386 -99.92756247506564
3245 2.600545896317977 14.76244829227939 -99.92011472778358
3246 2.217195822181604 14.82531069223115 -99.39495748468082
3247 2.12311433084142 14.84213906080456 -99.12740032931491
3248 1.944140086704816 14.86389468333517 -99.36869200482174
3249 13.40907360849032 7.039669940972365 -93.86298700588138
3250 -14.94065055162798 -1.193757299077417 -99.53569366871979
3251 -11.13501531392712 10.03553568514749 -99.39112172019071
3252 -10.20131713575134 10.99374214651781 -98.69649433645154
3253 -14.66827897474347 -3.587106783728474 -94.76537951371131
3254 -10.45983177309951 -10.73670924211912 -99.43937045962436
3255 -7.39781148197076 -13.39067833870888 -91.60548062272007
3256 -6.796252960642152 -13.62942062649259 -92.6104381547138
3257 -6.400179107492344 -13.9129890782878 -91.41784451247223
3258 -5.679437908899152 -14.15429594686477 -92.31643703035095
3259 -5.322482895367555 -14.37953144893092 -91.20511574382651
3260 -4.543389448448093 -14.57530359876072 -92.11110232267934
3261 13.64402455338439 -6.217033595859601 -99.04000927367309
3262 13.74673284123235 -5.996469656040127 -98.66459182786987
3263 13.83762824787684 -5.771843754963076 -99.09216504050815
3264 13.92219411523012 -5.575879799896655 -98.70037081461095
3265 14.00552330406994 -5.353010548995026 -99.04235736258424
3266 14.08722125061588 -5.144248343643388 -98.71351776821068
3267 0.1407315365757913 -14.99636986853818 -98.78439231372859
3268 6.955654754508044 13.27483921106792 -99.78815636589586
3269 -8.631667886152158 -12.25448116055383 -99.46461961924128
3270 -6.039612093343464 -13.71778159246309 -99.53863202987647
3271 -38.93501345005397 22.98305443456292 -14.37697863783316
3272 -34.99104286877212 27.73404964466038 -15.7977434166389
3273 -1.183887114776943 -14.94090502898068 -99.61110669256026
3274 -14.26290639049809 -4.984738258063467 -94.58703775682407
3275 -20.25722902933211 -7.309094650817793 -59.8261158821073
3276 19.6698145176031 21.12800116078936 -42.90273493154574
3277 21.39174568074714 22.78395314163606 -38.17418663487498
3278 18.74912913468462 26.94352261342977 -35.78996212096106
3279 23.30830998696725 24.77166258163867 -33.12733002107863
3280 20.52581888011788 29.16660030282117 -30.84611799123613
3281 25.34012148604887 26.8922193086388 -28.1477524802196
3282 22.47536957082419 31.7973577782094 -25.56410944114543
3283 27.63087677737756 29.42468955998473 -22.77167683965774
3284 18.47620690215452 19.00422506514168 -47.92211025587052
3285 24.80885442157916 34.40155224708628 -20.30403081216637
3286 19.1771365085013 36.32640554712281 -22.83609148416715
3287 -14.96423552060112 -1.999914606129947 -94.83132613006566
3288 -38.3978453980062 -22.85219589165265 -15.14469767896557
3289 6.033697664833601 -13.72460227085469 -99.20038088785341
3290 6.298338977567693 -13.60441136297309 -99.26294375494754
3291 -22.48976166397654 -11.21566570021052 -50.23292074113714
3292 -14.9790385232323 0.5125732352222641 -99.58076712267463
3293 -13.29751080625314 6.918383179897933 -99.42077712769971
3294 -14.81632088831426 -2.326758813783836 -98.63361944961089
3295 -12.26968499424327 -9.11293977166771 -91.60845535149956
3296 -13.59296079921473 -6.33792073694967 -98.64363072661401
3297 11.72376534151234 10.91946391376887 -84.37111885682684
3298 -14.86809732089771 7.851076478914299 -78.9191180040781
3299 12.58695709760449 -11.44057245325391 -78.11404895111217
3300 -11.67947656738807 -9.394552633823068 -99.48628352159258
3301 -0.2330799388521532 14.98846452400159 -99.38836529402278
3302 -0.02083103113416117 14.99178840505349 -99.25579430449258
3303 -0.0335274180016242 14.98879121959502 -99.51222087519406
3304 0.1851383344306473 14.98912529993428 -99.38909357939654
3305 0.2007566639397055 14.99186731112126 -99.12942698174554
3306 0.4342990277640032 14.9849763166471 -99.30266798637312
3307 0.4310125693692163 14.9886097307885 -98.98384320025642
3308 0.6678534641866489 14.97833887367615 -99.1284860907008
3309 0.6462921290552315 14.97674682080667 -99.35324284993807
3310 1.10456107345845 14.94902928406466 -99.92062907656435
3311 0.8670370406476032 14.96625452278793 -99.29561765010203
3312 0.8623277074147372 14.96520668890629 -99.92474307417596
3313 1.02506335858431 14.95537422563226 -99.9312622148688
3314 1.062453380453343 14.94916686531933 -99.8144550798182
3315 -5.151125739476916 14.08024632286437 -99.15042863922496
3316 -7.745530621217139 13.84156104288277 -85.88164189429962
3317 13.17097398435619 -12.01461397563549 -74.05829978066933
3318 -9.436076256817424 11.64573688354758 -99.50704844909201
3319 30.12346315863895 31.90864578110688 -17.58018715777841
3320 -38.05112781533558 -12.60512731338023 -21.26498278445389
3321 -41.40788752695359 -12.68273215417791 -16.30068396245278
3322 -40.71362992900593 -7.510443174174578 -18.9243938505098
3323 -4.173659193962491 -14.77677450174609 -90.95339976343566
3324 -3.381555844146175 -14.90506782851466 -91.89405994392882
3325 -20.16458210664636 -14.26917476070942 -51.67008576334147
3326 27.36351275013734 22.36938723214918 -30.3066260608681
3327 -7.740808566573969 12.83487251861561 -99.5365412085837
3328 -10.42896962712724 -10.98179706486962 -93.96965662120752
3329 2.789870664784058 14.83822717034165 -95.08694860173074
3330 -2.981422364977666 14.68914577220706 -99.52575960583792
3331 11.26263233077193 -11.0143442089644 -86.5745032901137
3332 9.57245562319109 -12.4966793370958 -86.78584987452065
3333 8.614018113215371 -12.90042723853001 -89.02779405578758
3334 7.709989381743791 -13.711475449024 -86.98358326236847
3335 6.733006583888259 -13.99960000659891 -88.87268821559236
3336 -8.417329495831908 12.39976078511455 -99.80678673113599
3337 -8.527547736083573 12.32452967821329 -99.83240223098825
3338 -8.141282699096292 12.58477652307399 -99.52668889007616
3339 -15.05570901349606 20.99429049954632 -49.89104459046857
3340 -16.26589767180264 -0.3338282413156625 -82.12412495058734
3341 -16.11674245820399 -2.280854635853117 -82.08767317411009
3342 14.28465424568045 -4.7815271751188 -95.73808995370072
3343 14.43378132666187 -4.220417940494364 -96.5525932795389
3344 14.14558824007992 -5.301147950192526 -94.65075947222978
3345 -2.286721600217262 14.81335492233326 -99.51250791034779
3346 11.17935877665783 11.99526166721415 -81.81869375503231
3347 5.786601256633539 -14.6252423202151 -87.08245706027806
3348 5.02777392362297 -14.6833216784416 -89.07355232244358
3349 -12.3296206048998 -8.764096223435494 -94.261543866823
3350 -14.01136670480552 5.322549619030958 -99.53915535500177
3351 -14.07085758500423 5.162546011671965 -99.56145448000093
3352 -12.63199930869618 8.068145756235285 -99.49912179886108
3353 -12.74795389939649 7.883393824870038 -99.5113560557388
3354 -12.68102596253892 7.988070800817628 -99.64771712989689
3355 -4.413853737829678 14.3248843056606 -99.45365932793337
3356 -14.88082558816016 1.795263287490616 -99.49258077239622
3357 8.020265182021276 12.74362056469949 -96.06726385957201
3358 -44.08517459278571 -7.57508115345242 -13.94323107586398
3359 -42.84160087445041 -1.925181953377734 -16.53168996284457
3360 -12.13191363271622 8.803405434027303 -99.43844064120381
3361 13.36342536167256 -6.791544313159843 -99.36571432841879
3362 1.353457257182953 -14.92569126960958 -99.82113206568241
3363 -12.04620172270215 -8.919575970926697 -99.47906125391562
3364 -2.965608243988178 -15.089294094072 -90.69203740389244
3365 -2.187556323589182 -15.14640341153409 -91.64070916255497
3366 -1.687465173446127 -15.30730686754978 -90.44513513788577
3367 -0.7788410761920271 -15.29830852221222 -91.45785916003804
3368 -0.325170228457671 -15.42746615576207 -90.0989045757793
3369 0.7133792146204588 -15.32602480954976 -91.144818926669
3370 0.5197228110870714 -14.98059267990664 -99.44561445820253
3371 0.7254708925315561 -14.97185206422285 -99.46154074798925
3372 9.61895363652097 -11.4963555445397 -99.4253966088235
3373 9.435035699124601 -11.65043235566138 -99.24306628652333
3374 9.444846331712714 -11.63853113164141 -99.51354343842013
3375 9.599679572373013 -11.5090853400214 -99.67401720291278
3376 9.248851365644654 -11.7966180334932 -99.39444035441498
3377 9.436347637024799 -11.65371740244148 -98.93001429880573
3378 9.192543710741434 -11.83751850117172 -99.61055436151473
3379 8.706654884439907 -12.20235855235094 -99.92433667523426
3380 8.905797317722145 -12.05815857989457 -99.9288876237014
3381 9.047635552710119 -11.9502167313638 -99.49414976300424
3382 9.343309729372312 -11.72198955058396 -99.92360137495496
3383 8.519039397730481 -12.34033493858851 -98.92183685499748
3384 -1.858712078798317 15.17434354281468 -91.85692929586961
3385 -6.029239539711016 -13.93595847117398 -93.36675630278525
3386 -16.54589670296609 -36.67901279120789 -24.30672706955912
3387 -14.53531776416274 -41.25606048262247 -19.50629688836242
3388 -7.073493612638723 44.96153691136832 -17.48711541702007
3389 -13.35676701139779 42.9815414386058 -17.86069078172728
3390 32.61180370846539 26.37675261433239 -19.77486062938307
3391 -13.04848043977877 -7.377212881939045 -99.42717819469236
3392 -11.53280880169299 9.585343218549639 -98.82212283277818
3393 -14.89985140699164 1.625108336211607 -99.54063398128878
3394 14.83769446538533 -9.077175563994766 -75.87103854318433
3395 -8.915639158079763 -12.49413161276796 -90.88575556965966
3396 -11.00086989434661 -10.18101648229798 -99.475306342812
3397 -11.09510121132054 -10.07597380078051 -99.61859534571499
3398 -1.653642601115169 -14.91559075263699 -98.06473856924606
3399 5.45492819615785 13.96526895975998 -99.15729257713591
3400 5.117048692950579 14.09302573069777 -99.11974491257889
3401 5.750619008844931 13.84490441269852 -99.25865044063949
3402 5.569894490316521 13.91571513131113 -99.49129932102493
3403 -12.59398839070586 8.124631224886231 -99.645961538603
3404 -14.99129494930603 -0.1674578449693173 -99.17102586658797
3405 -5.305346923063849 14.05044463938905 -97.45673436667914
3406 -1.228156011338494 14.93652722007501 -99.82151346988448
3407 -9.009677045153344 -12.18474092408247 -93.83633348419727
3408 -10.60387732863601 -39.27985671460242 -24.09611354263051
3409 -8.603207718256392 -43.32521631459517 -19.256846913035
3410 -6.0483982422801 13.71493207527448 -99.45672226277583
3411 -14.91473481253794 -2.92510011647229 -92.79396855506782
3412 -14.32130329242906 4.423123510986116 -99.4891317758416
3413 -14.37201478885302 4.254341841318589 -99.51823926724283
3414 10.92065441214299 14.10033951901249 -74.28284916563294
3415 -9.765669333350559 11.38811873975353 -98.35432665709895
3416 -25.53850107664756 -1.820790837798881 -48.52348007057771
3417 1.832048595766886 14.88126426040049 -99.09209139954102
3418 1.671822542604566 14.8976840940904 -99.30839918830459
3419 1.556960172635647 14.91307019295625 -99.04547291618105
3420 1.744452503684944 14.88690022311398 -99.51773529014417
3421 2.028543470447524 14.85248484308499 -99.92994965081218
3422 -7.725804163813681 13.34056957194641 -90.11943443477267
3423 -38.39448803957465 12.78706329548588 -20.67041024488
3424 -41.65361389357973 12.79475448412355 -15.90802380282237
3425 6.163613746646891 -13.66326343287869 -99.47837436980653
3426 5.902530297758827 -13.77915104439766 -99.92593071891507
3427 5.900937501482707 -13.77925396863131 -99.43852794922634
3428 6.134833552358354 -13.67679486611051 -99.91815191595666
3429 6.221027402628199 -13.63846315873598 -99.92788867066567
3430 5.974524454654923 -13.74845916888794 -99.93100025652267
3431 14.1554460021343 -4.940717882382248 -99.11167333760359
3432 14.23262843505669 -4.725532993757256 -98.7576067296951
3433 14.29187772740162 -4.527422771980192 -99.21155252700738
3434 14.36450447254527 -4.306272578347551 -98.80458544344512
3435 14.42647717007278 -4.078897562777891 -99.19416790014449
3436 14.49518444745592 -3.843407318430862 -98.80608440059372
3437 1.528269209913619 14.91052995639119 -99.52773271529644
3438 1.953664413125734 14.86285302162519 -99.93460410900227
3439 1.7796382885209 14.88420318658692 -99.92762664178794
3440 1.531054629180192 14.91178331934166 -99.92701504252625
3441 -13.89518293181111 -5.64892446842363 -98.5007890393176
3442 14.3477943804591 -4.334941384461797 -99.52866445606642
3443 14.44638111023149 -3.993071517175206 -99.55506816743211
3444 6.708741061577492 -13.42466082782465 -98.00489936690701
3445 -3.914704263836213 14.47058588347876 -99.34441561315231
3446 -3.850659347481678 14.48530949559726 -99.54890189724287
3447 -7.279316666658104 13.11049535381675 -98.8795720359003
3448 -17.05694989569517 21.42447965708724 -46.27687534852111
3449 -13.78624174916704 5.882316204060487 -99.49605466100567
3450 -12.8865951724431 -7.672158759544394 -98.68404104384562
3451 1.947711777646111 -14.88906242957519 -97.59917662512133
3452 -3.817742398819708 -14.72224603520283 -92.99367051858323
3453 -10.9002573377631 10.30000334042285 -98.76178996992518
3454 -0.9840641276174977 14.964922576914 -98.76559326521561
3455 -8.46966697657694 -12.36520909217817 -99.59926840747418
3456 -1.563718102338632 -14.90781652731789 -99.4454208728763
3457 -0.1857231761126256 -15.0155286995003 -97.56659247512208
3458 -1.810157332601454 14.87991653468904 -99.44413193674681
3459 10.06038727207666 -11.11068418536271 -99.51762840787907
3460 14.59932542243283 14.53424726429559 -63.61439093812486
3461 15.73879738652616 15.19002220815989 -59.66155766781009
3462 8.482772441212271 -12.37902310404868 -98.05286070719532
3463 8.087073691169744 -12.64498153582801 -97.86641322205175
3464 -13.84790118072162 -5.739038499672842 -99.37961681978302
3465 -13.88666972110071 -5.640022561473973 -99.53517390601088
3466 -13.81899702797898 -5.803485802332428 -99.54908811126653
3467 -13.95847977854461 -5.46101353981576 -99.49665976742344
3468 -13.92604267394986 -5.538781227016794 -99.66653170658626
3469 -13.06431281357927 7.346905230933157 -99.52561764852211
3470 -13.14894342366979 7.193995822638674 -99.540893937776
3471 6.684854241836545 -14.4497301064653 -85.45883090303542
3472 34.76288490296333 -19.50571086563072 -22.24153082081452
3473 36.40662192614048 -23.52254122714928 -17.23653629695682
3474 0.4620024433547018 18.38806057474434 -72.48529515421862
3475 -14.14878171845353 7.145132358243591 -85.5068991530585
3476 -13.29012269464774 8.636823547051884 -85.58946622856261
3477 -14.80735026201888 5.64621593406123 -85.47143737425262
3478 -18.61838325077866 -13.86434273390157 -55.5882601440839
3479 8.823174510199692 -12.13436042179975 -98.28174504347152
3480 -14.96435324874349 -0.8489727324048224 -99.52141845340563
3481 -14.62367505754319 3.287359641860457 -99.50386401852577
3482 -14.65984986323568 3.120287862450145 -99.5388335462121
3483 11.05583144756476 -10.1246028402339 -99.27732506070988
3484 11.24062146300176 -9.915604308426762 -99.47830095825216
3485 10.9795688357997 -10.20485980051963 -99.91585236403381
3486 -0.2553040883131366 14.99417827601754 -98.84421146979366
3487 -3.788486568912213 14.5411448361305 -97.14190707775052
3488 -5.070196763346936 -14.1051047636925 -99.52094699734215
3489 -6.928329816854872 13.29189411557133 -99.47326677217134
3490 -9.516374934577131 -11.58041625631924 -99.49338277753512
3491 21.60883143863306 39.3041534770368 -17.3725857394697
3492 15.53860481469343 40.82973762586715 -19.50663647701664
3493 -8.981217423126994 11.99821729721497 -99.64768104053793
3494 -13.82948591102197 -5.815168594242033 -98.28015728137156
3495 -9.99365142121429 -11.17313059581062 -99.36194570352133
3496 -10.12943111322752 -11.04880330996512 -99.45075425272822
3497 -10.00469391412115 -11.16026083719063 -99.55896090617922
3498 -12.88644312547696 9.546316780882369 -84.15011363882915
3499 -12.27640687742891 10.02062049525697 -85.70070083543062
3500 33.24902843490475 -15.5378659020656 -27.10027650754273
3501 -2.440675165698253 14.7873803571441 -99.64005825250094
3502 -2.613549767147644 14.75805202525795 -99.61526850704419
3503 -9.642724462173179 -11.4742868907803 -99.57204892014698
3504 2.36847433962107 -14.82652958172877 -97.66412611919873
3505 7.598595618325792 12.91941519033763 -99.5497378332865
3506 8.04788905553494 12.64264170845414 -99.8044486778129
3507 -10.45760992867453 -10.7544331035265 -98.44466510775202
3508 -20.23376210104025 -28.43217412884145 -32.12325179500868
3509 3.473892747241104 14.72809412167702 -94.36044079162346
3510 -6.21130725596614 -13.64032262808364 -99.58641293079469
3511 11.1034923873644 -10.07034902891138 -99.92124102464426
3512 11.16488680694269 -10.00185344383785 -99.91677594395469
3513 -8.893211525907178 -12.08089618655197 -98.41147962131343
3514 -8.65714745373559 -12.25315250272715 -98.29501767537744
3515 -6.623084332636317 -13.44857091228158 -99.32062930027837
3516 -6.660495918725741 -13.42750019388708 -99.52141790556342
3517 -6.844807386874739 -13.33337621026578 -99.61304538642118
3518 -14.17063333615784 -4.880682587773335 -99.60561645254275
3519 -14.10377067800905 -5.071148396707398 -99.58844484748471
3520 -14.98360543548371 -0.3846280987835803 -99.50961113738245
3521 9.040768226352823 -11.9593170580219 -99.21948225449182
3522 -14.23017265607015 -4.705165151209498 -99.57623967205045
3523 -14.20679815512009 -4.771864704551164 -99.71848917823476
3524 12.77513647687104 -9.216861730674319 -86.46254006684781
3525 -9.519659555143289 -11.57531659403257 -99.67930616967628
3526 -9.428275332238535 -11.65076124667204 -99.6008728886668
3527 -6.687214141429178 13.5804483774508 -94.20594857133618
3528 -13.07090212195894 7.35149770078946 -98.78419597368764
3529 10.23452632087569 -10.95131804255324 -99.46335968216255
3530 -8.633062097018612 -12.25097266454007 -99.66237424423392
3531 -8.767986138773708 -12.15616081330298 -99.54772537811776
3532 -21.86375361313359 -14.59694062968055 -47.79704490380573
3533 -14.99039070904985 -0.4993725278005905 -98.56093521687211
3534 -14.99685320901883 -0.2402750508328909 -98.55465296939063
3535 -16.21111062426234 -3.26479740362395 -80.38794628621048
3536 -15.74677026387612 -4.185310628146794 -82.02289596060912
3537 -14.97311358053313 0.6804870715045559 -99.5070605807872
3538 -14.97288413898232 0.6501627564751228 -99.67748654409958
3539 -14.9653185554434 0.8154693425491066 -99.61104375511339
3540 13.10861372257005 9.775698731374009 -81.92476719136833
3541 -7.229616084953355 -13.13007547144575 -99.5020772451666
3542 -7.402354285306656 -13.03264120835779 -99.56651674445459
3543 -12.31039190863275 -8.549682779700044 -99.56092961610065
3544 6.644243111046562 -18.29967820535946 -68.22034866486536
3545 9.787212567012238 -17.31521732380939 -66.51088143514249
3546 -3.095451513970368 14.66391355853801 -99.68439238712433
3547 -10.57049626523902 10.63860779474017 -98.73493842317447
3548 -14.99000124431706 -0.07530405865418294 -99.3596345484582
3549 3.067653243857926 14.67129179676551 -99.53346882503809
3550 -13.6471851485889 -6.793316250524119 -92.11785690984026
3551 0.6844814005858618 14.98098137417901 -98.82113548616314
3552 -19.28627558449656 -0.9241339817649425 -67.15956478840261
3553 -19.1740450340885 1.998031401090936 -67.29150449900203
3554 0.05334487094729397 -15.00794941563725 -98.0042498449169
3555 38.99325814110274 -17.43292940827333 -17.56272749610412
3556 2.325991588200805 14.80611256697948 -99.61389814022566
3557 2.060282650820268 14.84629318964013 -99.5342801110519
3558 1.903359663442221 14.86548678351254 -99.72009798233934
3559 -8.779460476320402 -12.14598242164231 -99.72737609683774
3560 -8.876816298701847 -12.0757383689737 -99.64153283541552
3561 -14.76455566647144 2.583231422296855 -99.48307824733243
3562 -14.74548246554981 2.682553284795024 -99.61293776087427
3563 -14.65371852781806 3.157255951664578 -99.91966044497927
3564 -14.76976309401914 2.543491783941068 -99.65280045802851
3565 11.40366553745452 -9.728214524488665 -99.4454255432012
3566 -11.22458230902775 -9.933198778458848 -99.5119926173039
3567 -11.20732269203479 -9.950133535846078 -99.6896848273865
3568 -11.31742811542144 -9.825568936050617 -99.61989056117623
3569 -11.56137947929455 -9.541877257607464 -99.35337622060408
3570 5.906308947536462 -14.20451454949315 -90.56384370220979
3571 -1.735685910766756 -15.00801823590571 -94.87488239607184
3572 -12.79443480030007 -7.829499969083132 -98.4785374757914
3573 -12.94013007968873 -7.587623173993745 -98.42251776210796
3574 1.106053520358642 -15.41750923971103 -89.80559315422047
3575 3.770856972043573 -15.20288262606659 -87.71943324252267
3576 -7.764667774930544 -12.8234253722326 -99.31472042219616
3577 -7.805915948049043 -12.79558612460083 -99.52114727854065
3578 -7.941856342435401 -12.71088653730435 -99.58071739219143
3579 2.053932321010937 -15.22076174466118 -90.93632702532683
3580 -1.420800613474381 -15.07876175931746 -94.1176491210035
3581 -10.2684513759432 -10.93807839209581 -98.28926881799174
3582 -4.491654554285537 -40.98293146641912 -23.55549994856225
3583 -2.515910183962534 -44.6151668038336 -18.71665094248609
3584 -3.299707701674064 14.61924843184008 -99.82809257037856
3585 -3.412347520156573 14.59355034491967 -99.84152442729443
3586 -3.543056487939828 14.56211351656173 -99.82136837482255
3587 -18.98346354758491 -17.62520242193057 -49.14917847050112
3588 -9.239160633938148 11.80805855069366 -99.12207571712
3589 3.714839641587569 -14.52281355093291 -99.3752921410984
3590 3.930023348295506 -14.46471187358491 -99.48699467934982
3591 3.631602374234931 -14.54363126284163 -99.92685989326506
3592 3.491087498317198 -14.57756933271211 -99.4296574585595
3593 3.796673502551265 -14.50141257261528 -99.92680626488568
3594 2.823557149043399 -14.72537219175137 -99.08904421368347
3595 2.652182160608231 -14.75459351238561 -99.31889198879757
3596 2.409261387010159 -14.79649392895174 -99.29380874706547
3597 2.507639812811926 -14.77762703074351 -99.50682716421193
3598 2.275402292602267 -14.81537750008655 -99.48866893050825
3599 2.693771367813984 -14.74422506512584 -99.5594035426126
3600 2.358030597990628 -14.80034511029929 -99.69232531394829
3601 -0.1049030353869602 -14.98756426848279 -99.59250823191191
3602 0.09921379713611421 -14.98750438390529 -99.6018399055814
3603 -1.916337428502128 18.97552227868173 -69.85156078307367
3604 -4.964222709074086 14.14224101407219 -99.56355540612077
3605 -5.154510215293031 14.07428292424736 -99.53955591731939
3606 12.85783074358097 -7.70510242887392 -99.40879447193137
3607 12.69982846876743 -7.963852737906871 -99.36137304023309
3608 12.05396671456093 -8.924738318914292 -98.62450874073339
3609 11.95753056903181 -9.045820264795012 -99.05522298000508
3610 12.18987782338633 -8.731134529487258 -99.00188712842788
3611 12.08725062881783 -8.865421433720343 -99.3971262472036
3612 11.89208727433103 -9.125722490309503 -99.38828391916586
3613 11.51287994675096 -9.599752848718047 -99.92226981504015
3614 11.61273756935534 -9.479220943558506 -99.92729763771688
3615 11.73793035797768 -9.323545494768961 -99.92529065981401
3616 -20.80434630434943 -18.18525789374628 -45.1770250692778
3617 4.086279798519472 -14.42359068528712 -99.30088544647283
3618 -24.36061294988007 -40.01362277630834 -14.46666877959204
3619 -0.4488096107077268 -14.98786580454992 -99.00406892152299
3620 2.527088723633224 14.77269530612298 -99.65781576138012
3621 -0.9801428419116587 46.62434657912846 -16.10586988299651
3622 12.21597271906473 -10.41105248848157 -84.11063386573581
3623 -6.805800893694536 13.37429865253535 -98.07977643233329
3624 -14.98318303088562 0.3514263219463889 -99.63581632952075
3625 4.906646488144517 -14.22071139949341 -96.53668392840213
3626 14.19063800299814 -4.868004010390222 -98.27381906064062
3627 -29.78412907768379 -36.00542818837704 -13.94228226188292
3628 -13.1347842786099 7.242114592200674 -98.55257414553239
3629 -13.26314944191003 7.003577487183887 -98.57853116697983
3630 -12.99797724993178 7.485491737786324 -98.52794773875422
3631 -0.8853370982353596 14.96215149443119 -99.55657815481493
3632 35.26175066764179 29.04412308881217 -14.43342556849612
3633 37.23182810097786 23.26222799958521 -16.3617647629274
3634 -14.88629986279187 1.735194998658118 -99.6634532140957
3635 -14.86594116754318 1.904428239411242 -99.62111802245981
3636 -12.36640661050173 -8.466408462013515 -99.69344953785975
3637 -14.64139763731462 3.200042484352221 -99.67396944187497
3638 -14.60152840763764 3.37845492793704 -99.63942551040864
3639 -3.564067589976143 14.58561550694073 -97.64843138905449
3640 -3.107990075181456 14.68801013429465 -97.72387986448618
3641 7.083283892578045 -19.32926153635884 -64.47127398229887
3642 10.61128521215173 -18.20523222285712 -62.66378081983308
3643 12.95621101087153 -15.69298141061141 -64.63560810804347
3644 13.98105048143276 -16.47286198028648 -60.67978628546585
3645 11.47631453422798 -19.38955214529435 -58.41075437271143
3646 14.98135447737842 -17.69000171069816 -56.25114599804324
3647 12.3857603512285 -20.73940194361849 -54.13884921975932
3648 16.17053743830831 -18.91701094792216 -51.90000704340813
3649 18.5372467650365 -14.85415410245979 -54.24119511512038
3650 19.72124234363438 -16.54381544455088 -49.38325202924642
3651 16.03152645950232 -13.68554234266642 -61.928500173757
3652 15.46275675163662 -9.609044530814106 -72.10526809694881
3653 5.815511845533794 13.81432126613255 -99.53538393319157
3654 5.340533802622758 -14.02612805452711 -97.96596353917724
3655 5.622552195920061 -13.92300484260386 -97.60431625565481
3656 -20.33327542996226 18.6521245453179 -45.33820139468776
3657 -9.280850281229581 11.76970853413517 -99.51480973211468
3658 -9.351848531985972 11.71131146505702 -99.67896013277756
3659 6.374011191046571 -13.56626295705257 -99.48784119519983
3660 6.50266197851366 -13.5064291516136 -99.38184644482496
3661 14.61016569470252 -3.671566230330396 -95.70596538341849
3662 14.69288683417384 -3.189493992095529 -96.65797792768483
3663 -13.99297108835588 -5.368190876798029 -99.6329189049664
3664 -13.97636161102253 -5.409669238981427 -99.78680156982934
3665 -14.9580884513773 -0.9312968475957383 -99.66875159325939
3666 -14.96729410215722 -0.7692557254622803 -99.66918393992606
3667 8.520460197791234 -12.33476677623016 -99.26947038830836
3668 8.348153746340655 -12.44922490237154 -99.47395861625127
3669 8.530999909775293 -12.32334029025771 -99.56973991713321
3670 8.250959441950489 -12.51378962345023 -99.90606285496351
3671 8.331390976733454 -12.46134116235669 -99.92102928399525
3672 8.475826196306087 -12.36412171780124 -99.9283972362916
3673 -6.435076134747156 -47.3825325530043 -14.46194559179691
3674 9.906752495146797 11.5204813778862 -93.09092941018261
3675 15.86908865271195 30.88526206316454 -32.92411001157814
3676 -21.32277202432023 -24.79224764057839 -35.64317338536824
3677 -46.42965756926991 -2.300217529728434 -11.30869104882573
3678 -47.64525284497434 -7.991145485617617 -8.904843675841304
3679 32.97061970855564 34.95103355687227 -11.83882976430441
3680 -11.55553495516202 -9.545362835521862 -99.55820048762642
3681 -11.62445764905331 -9.459581489580327 -99.6765040899394
3682 -9.489813310422994 11.59992530217268 -99.66575337622945
3683 4.185628399894854 -14.39212119321559 -99.54596648709474
3684 3.879071912004981 -14.47958811902923 -99.92677869326292
3685 23.18434903392709 18.83320686778806 -40.39980417881323
3686 7.382201241308607 13.04592919546521 -99.42376414892874
3687 7.391997172205509 13.03757685757932 -99.64885740902231
3688 29.3060833311111 -18.00080434152554 -31.45538560267273
3689 13.46538685768942 37.88775592241821 -24.60509193133399
3690 0.1425167873611955 14.98688885121535 -99.62817921644486
3691 -28.82182694686267 -41.00760818336299 -9.856005624764878
3692 -11.19496321398466 -9.985878769365533 -98.37278087896769
3693 -11.3814959698794 -9.775332341466015 -98.2479944184004
3694 -17.51605883395993 -21.00582622924895 -46.28214443898272
3695 0.2665640754779796 -15.01434240483747 -97.56513276094243
3696 4.399812446450855 14.46627801623372 -94.58672856272382
3697 -6.099439161259689 -13.68946500782086 -99.72405671716341
3698 -8.963122141425634 -12.01786844196084 -99.20187993298683
3699 -15.72589620325721 -5.189355445686184 -80.30638572638981
3700 -15.13009208235235 -6.106337359048218 -81.94540404553153
3701 -15.00544702210404 -7.079298581425213 -80.20403172329127
3702 13.83098133088222 -5.817157490482399 -98.12784027246435
3703 14.43980810785968 -4.065936193712007 -98.35115183360347
3704 14.57583983255553 -3.543558098096598 -98.42355213984274
3705 14.61268485456799 -3.362922985970059 -98.94025497565869
3706 14.69612678677034 -3.001846849624806 -98.49000247935815
3707 -16.00149788539948 -1.311616358164304 -83.69475098956694
3708 -16.03267407399837 0.4382754996877017 -83.81613054113154
3709 -13.23028093006781 -7.042530269629497 -99.57555926225622
3710 -13.28382254131265 -6.938789269159426 -99.69988004308807
3711 -13.3662916077032 -6.778996016752703 -99.66911338454683
3712 12.34637097076937 -8.501904873394091 -99.34288794477695
3713 12.26451106774436 -8.615490196068755 -99.55393540577792
3714 -14.98642246524867 0.2264672378672707 -99.54828032407669
3715 -14.98528715280355 0.2143051420648355 -99.70923215310268
3716 -14.9871230118957 0.0749328188549903 -99.63502547285943
3717 -14.98873813379934 0.09155462724193392 -99.46577274664163
3718 -14.99104293018811 0.1976920722168122 -99.16002525966245
3719 -11.20207249421251 -10.43268409099088 -91.32591996869891
3720 14.07142355509961 5.161164750699143 -99.55642597584104
3721 -12.7170161841164 9.186071575939563 -87.05393247266534
3722 -5.945304567857286 -13.75740094147956 -99.68010515381239
3723 -12.11472060946405 -8.823768641300527 -99.62020674209023
3724 -14.34444455957214 4.341775948571025 -99.65901403912024
3725 -14.40030354348385 4.1525205705948 -99.66783301673549
3726 -14.29274635905187 4.509856648117218 -99.62903828359761
3727 -14.41837310922908 4.093332659128228 -99.54769729996221
3728 3.847421222065249 14.48662209968947 -99.51074452906241
3729 4.035544813467389 14.4374161867761 -99.3390713978926
3730 4.046573212441521 14.4311914279433 -99.60374947003666
3731 4.25841193999159 14.37245392490932 -99.40521568857628
3732 4.998301470194917 14.1403828597539 -98.71098411200528
3733 4.228331447040676 14.38421264104267 -99.1617433323156
3734 5.940823063499882 -13.75916064667641 -99.81831664873779
3735 6.065929911448502 -13.70455184406515 -99.82604103345464
3736 13.47886896867866 -6.590679741084187 -98.17443692886675
3737 -4.550963765107695 14.28015581917191 -99.60270367309555
3738 -4.388409536789979 14.33067245267549 -99.62893446461385
3739 -14.96778805355608 0.753511449614363 -99.73087258314118
3740 -14.95952837624566 0.9038310655348334 -99.71199602161208
3741 -14.95793365780763 0.9524279878926999 -99.53950602441593
3742 -14.94927511833334 1.065494623555546 -99.64899571288876
3743 -14.91611068215787 1.481941473635429 -99.4179947067724
3744 -14.91609314426977 1.462487731612683 -99.60037635745032
3745 0.07433519660872312 -15.58695067587611 -88.47723770111142
3746 6.006206615872542 13.73444410496879 -99.379495904801
3747 6.919190244837291 13.3011971065629 -99.96126700412746
3748 6.818224768816472 13.34611924638693 -99.81520280980168
3749 6.584280547090445 13.46658962110764 -99.92443709773849
3750 6.665793151221084 13.42530985229672 -99.90592009479764
3751 -14.38032632414311 6.281370682819961 -86.87513496065895
3752 -0.7630756380025016 -14.9685836819014 -99.58404574177437
3753 -15.23392155265815 -1.293943750064459 -91.36604002906255
3754 4.483695254177436 14.30579914144914 -99.23618407701474
3755 4.479291655899829 14.30379194077213 -99.5168702559144
3756 -2.557206030986134 14.76697142933583 -99.79283568761612
3757 -2.699293650722812 14.74163753114134 -99.75072020747317
3758 34.64397880606322 20.17059828050028 -21.94920750785127
3759 -24.30710800168942 -11.32463287454772 -46.19455138006762
3760 -11.8537465076884 47.0128529994655 -13.38252573173037
3761 3.529592003854838 -14.56597335377323 -99.63213083740857
3762 3.342943667932397 -14.60994276184317 -99.63189981879641
3763 -9.230197906432537 11.80744277212514 -99.6773986836519
3764 40.92963871526189 -21.68346599596303 -12.62800229493456
3765 37.92380370251707 -27.87000009146069 -12.26032091832952
3766 -0.2575646783964669 14.9856759619064 -99.59643791177977
3767 4.307476935826615 -14.35828011345046 -99.36748771599376
3768 4.406272995462591 -14.32604003080118 -99.55164444411335
3769 4.610599208703371 -14.26266647510571 -99.91265354526084
3770 4.440448159294931 -14.31771111862379 -99.93102432546247
3771 4.215922820971714 -14.38151461951211 -99.75146173765776
3772 3.961376620207671 -14.45728670727759 -99.92675002372195
3773 3.963497730025723 -14.4532182315667 -99.80625913169668
3774 3.789112102443885 -14.4998726127989 -99.79954019990247
3775 3.892146583837444 -14.47291304951437 -99.67582786317317
3776 -14.67284019447384 3.052187040562054 -99.68824289222945
3777 -12.75828909046291 7.863808081114296 -99.66581617147222
3778 1.497826179131238 -14.94185714770008 -97.56212632615205
3779 -14.93181598080808 4.835880221860186 -86.79781125143043
3780 -15.28887279507147 4.152519957171201 -85.46209542152259
3781 -14.27419461154756 -7.973954255093407 -81.81322667189369
3782 -14.04473050274203 -8.927230972552371 -80.01707426993998
3783 -14.02565092556648 -5.286438181650658 -99.48578361080757
3784 -14.94290600197074 1.311370052267055 -98.42404350287507
3785 -14.91841349484017 1.573753581049751 -98.35611526119813
3786 -14.96252316468875 1.051706922361152 -98.49834389150209
3787 -1.129349171812411 19.98640801247143 -66.5529399475982
3788 -18.2905179239139 3.232161034143259 -70.12986794739918
3789 -18.59314463756412 4.879621730386844 -67.60082813262525
3790 -19.56578093041618 3.681489123703016 -65.01282609425316
3791 -13.76700886464056 9.676197559619908 -78.97651548629663
3792 -12.99623522489797 10.1830221954167 -80.92988952086888
3793 -11.6804293579492 10.46449409129288 -87.1798334784734
3794 -11.16463803793469 11.24256745363332 -85.80685969236811
3795 -7.280691518129236 -13.09963873182208 -99.69671769021242
3796 1.678977431431821 -15.17124696844804 -92.19180407634516
3797 2.892338253396165 -14.99707264747289 -92.04525717393327
3798 13.4615330399321 14.12581877079857 -67.38133060541637
3799 16.21023100014103 11.44141425073718 -65.84118478156388
3800 7.76015371133633 15.13231825946191 -78.56176355825716
3801 4.617094211410291 16.2388383846397 -79.39330980627588
3802 2.647813085572085 17.07579955693935 -77.40183137068355
3803 1.932464853059277 16.65156535284186 -80.1256077726336
3804 -0.05962777566005291 17.11711288391665 -78.24979187446191
3805 3.816166344917416 15.99863367527667 -81.93873634070933
3806 1.338857991420912 16.29313742407421 -82.61469485052569
3807 -14.99592573445732 -0.1162829258657322 -98.77274949141368
3808 -14.99875759183078 0.02315012667215516 -98.5548758294797
3809 -15.0011972019363 -0.1200404459880385 -98.31736187097367
3810 -38.92782140803413 28.31528452003703 -10.78034786858591
3811 -34.40938875044696 33.27760678755403 -11.84410312852762
3812 -14.6973694464603 27.5307374996339 -39.14494056512602
3813 -13.34225623786598 23.76132074094788 -47.03165457629659
3814 -11.55044071357446 23.02524700840516 -50.46998349649487
3815 -13.14221799394025 -9.79140687780907 -81.6848587096452
3816 -12.82394413534479 -10.70729822290331 -79.77462272260401
3817 -0.7044828551251229 14.97073390017542 -99.6566894969711
3818 -9.661244932022196 -11.45697009148292 -99.74919418457532
3819 -9.759990067318626 -11.37398275959044 -99.62694089231955
3820 -13.2153836326425 7.099876827336896 -98.32787489370568
3821 1.5006336820257 40.06991753748921 -25.26702874334368
3822 -17.56959436759302 6.087778848614319 -70.17486912970986
3823 17.58720514089013 -20.49189422063357 -46.99689858563314
3824 21.11553665099371 -18.10927224435657 -44.74642155064975
3825 11.00096128721726 -10.17950701690183 -99.56177223647848
3826 10.40100394342786 -10.7945097443002 -99.92308192177829
3827 10.53912980539176 -10.65969564369152 -99.92305190261186
3828 10.67261423858207 -10.52383196572208 -99.8908751486224
3829 10.44785877841779 -10.75409607919989 -99.06680979584479
3830 -12.64253990084256 8.047900505056438 -99.78179214645856
3831 6.320705834473124 -13.59237249975251 -99.92531997619042
3832 6.277526017335235 -13.60874804228287 -99.80749156859454
3833 5.863758222091982 -13.79246551045158 -99.66681872295783
3834 5.183644729801062 -14.0650998612226 -99.92200858245786
3835 5.319295135674534 -14.01528286194273 -99.93485498286547
3836 5.530776321035176 -13.93174906352085 -99.91358637997358
3837 5.098058198956398 -14.09883637333324 -99.21102279619119
3838 4.928274404926768 -14.15649949580833 -99.42444523656874
3839 5.712602956647912 -13.85654378307901 -99.59011432668331
3840 5.158743305458146 -14.07353275109429 -99.47396966389449
3841 5.002569981841702 -14.12769966693105 -99.66023900616156
3842 4.816353526691277 -14.19250491789997 -99.63496037524554
3843 5.223089959060352 -14.04746544793198 -99.68383937029901
3844 13.15966474074946 7.177154432452138 -99.42021976774663
3845 12.93389907194257 7.579048227242664 -99.30332490983217
3846 13.29717043067652 6.920167928491224 -99.3745219977112
3847 13.51853526605441 6.471176994055321 -99.6111340995359
3848 -17.80945160200077 44.71743136963771 -13.44109186010854
3849 -19.29854051430375 40.16715958387579 -17.9909078524286
3850 -23.57689554176281 41.57735987081315 -13.33767418463901
3851 -24.90299381689457 36.73029784751949 -17.63333341332762
3852 2.223121277721327 -14.85964052323188 -97.20949248863663
3853 13.73882999680873 -5.994592899330276 -99.41067585362626
3854 13.85647727756386 -5.715810587055 -99.46451710450752
3855 14.73789029373477 -2.757040833511689 -99.04605830228574
3856 14.79870056245298 -2.445450091201987 -98.50420248294394
3857 14.68367934163992 -3.014606069577101 -99.38364121743678
3858 4.44714135040667 14.32077980042783 -98.9248119780903
3859 4.099896130867247 14.42508493333432 -98.83405302849719
3860 10.85028141280124 -10.34279236828008 -99.38803273152824
3861 5.326557176911038 -14.00976527521826 -99.56545814056527
3862 5.411007128123843 -13.97595053791479 -99.71363172790409
3863 -2.353595060789901 -14.95725874229506 -94.19331303199796
3864 -3.889449443284676 -14.96326507809407 -89.73328722607916
3865 -10.55333873604368 11.60137207369136 -87.24768516540041
3866 18.05242768322651 43.88450652608982 -14.2950592902976
3867 -3.560318687251964 14.55897443969918 -99.58621645394406
3868 7.898377064481787 12.73650139108838 -99.73803402878148
3869 8.160831456211527 12.57358297693351 -99.41898059241294
3870 8.408869422129907 12.41187867224025 -99.21264748904348
3871 8.384883264401497 12.43266409361059 -98.86252753720035
3872 8.675772604556055 12.22958061212491 -99.00246849476557
3873 9.657296889384114 11.46477976331901 -99.9249720960559
3874 9.747197367503512 11.38706954086994 -99.90578430169556
3875 9.844576661319698 11.29982119644724 -99.77366056836468
3876 10.37402653451655 10.82052301948038 -99.92446192800084
3877 10.15329937662397 11.0271161335835 -99.91460248598084
3878 10.19467334862338 11.03027714685092 -97.35161577012195
3879 9.523130724028217 11.57646828519703 -99.92506149609757
3880 9.290331266203321 11.76268796738647 -99.90445665226005
3881 9.133463592462006 11.88506596286946 -99.90728146326097
3882 9.090826156904656 11.91464542442184 -99.7485824287653
3883 8.971463867676988 12.00519860909803 -99.82957173538695
3884 10.41215134052116 10.80323736645966 -98.19501021739555
3885 9.886785882053449 11.28926720967514 -98.04291000043993
3886 10.920972092698 10.2870976665608 -98.2609956894007
3887 10.62144493940794 10.58617607961557 -98.8350759696249
3888 10.95949415327247 10.23431839840238 -98.92764546025631
3889 10.75222109956239 10.4481771167787 -99.17017175008205
3890 11.14805617589036 10.02458790439921 -99.95249751141628
3891 10.37393881933094 10.82445391244453 -99.13250427322154
3892 10.93445035466007 10.25339514201434 -99.91874853395697
3893 11.08263520258224 10.09452719406093 -99.32152757851864
3894 11.2607858320214 9.900196033251159 -99.02843405360549
3895 10.02791444169745 11.14120219659833 -99.91383449049232
3896 10.09453166293266 11.07713178612498 -99.78479536966107
3897 8.615939831763372 12.27801558107344 -98.55223216715119
3898 8.944362802641354 12.03741851471518 -98.78789438071681
3899 11.26462495242113 9.889027065485736 -99.43783667930236
3900 11.49081449789584 9.628927358022569 -99.22693337298978
3901 11.47852398556238 9.651541344161334 -98.74824127702337
3902 11.73605897740976 9.333475322336641 -98.93198869280448
3903 11.75797556479494 9.298108162100082 -99.37659307027522
3904 11.9434365599094 9.062222255535264 -99.18013962600487
3905 11.97593352069751 9.027824786238503 -98.69686194567574
3906 11.99496607969837 8.987783431830033 -99.51027563776799
3907 12.1460400917463 8.78479637243966 -99.3925034288105
3908 12.766132081583 7.865525808897198 -98.95117771909599
3909 8.41596954786424 12.40238789467293 -99.55473260675866
3910 8.835013920679639 12.10553485296134 -99.76627566390353
3911 8.955033924639338 12.0180900112207 -99.62050929623449
3912 11.30789503975228 9.871426066661178 -97.79987270335354
3913 10.84630448583809 10.34377523859899 -99.58688166316423
3914 12.65081305352965 8.042293226658179 -99.32315447439983
3915 13.00344370950861 7.45738821816631 -99.92216715330194
3916 12.89502859875264 7.641528936546191 -99.90509024516544
3917 12.82825291723891 7.753463375345725 -99.908978544871
3918 12.84677032518539 7.717654299296607 -99.77006402426339
3919 2.157299316432527 -14.83589343114944 -99.24433731453702
3920 2.029574883902856 -14.85099256380137 -99.49370807253071
3921 1.459649273768323 -14.91581163330744 -99.8329652962848
3922 1.437989255864282 -14.91781695296635 -99.69960321721607
3923 1.28422990732425 -14.93187449814236 -99.69448430606076
3924 0.8706329419608033 -14.96605378358123 -99.29489202630198
3925 1.574212607112804 -14.90404956364972 -99.70076983039385
3926 -4.193945591348585 14.40821888273872 -98.1040520216192
3927 -4.391423966902745 14.35531211382912 -97.78119249961257
3928 7.105399056815946 13.19927524083849 -99.3827863280803
3929 43.29113396163775 -15.26287299192358 -12.67072722469767
3930 -10.12404345257866 -11.05103556754284 -99.63822017283813
3931 -10.00886684352713 -11.15460687150698 -99.73689867907794
3932 8.446812730909961 -12.41498891826286 -97.55169119152669
3933 1.785182477766333 14.89059588180017 -98.76652751148072
3934 -7.135816078667786 -13.17952419781446 -99.65030024398591
3935 13.801189361965 -5.843008371875144 -99.66269352923271
3936 0.06290140228087203 -15.02755648663741 -97.10932274860595
3937 -14.63174507393963 8.973488857136891 -77.05450163754985
3938 -9.050139328961526 11.94823992028146 -99.4998226094817
3939 0.6392372828788191 -14.97382629770234 -99.63869128002149
3940 0.8048810778372264 -14.96574330804761 -99.64867729910617
3941 12.04291209348019 20.78334761546125 -54.51118942312858
3942 -13.10551048435758 7.270086468722422 -99.68910772739309
3943 -13.19353501402828 7.109012071274921 -99.69534717097852
3944 -13.02117350112801 7.420266003947187 -99.67523599296975
3945 -12.84724165322327 7.720434247016154 -99.51564848946254
3946 12.54211906547494 8.215730809784571 -99.07214713253566
3947 12.29768354175037 8.587137756648877 -98.55695719938676
3948 -12.02369178926784 -8.946842878031669 -99.66005273106461
3949 12.62043191450116 11.07869783360472 -79.29782949464025
3950 14.75129798258933 7.957628634390137 -79.23572089916533
3951 14.14645130168974 9.986662832933821 -76.3461955746903
3952 40.22274554023318 25.8679696258124 -10.93046226626601
3953 -7.173648715566325 -13.61160673979143 -90.49171807518223
3954 -19.41729055302324 21.77361307050024 -42.3459451105732
3955 -6.21912077199151 -13.6354215489985 -99.74707275064191
3956 -6.340772751453214 -13.57990076513929 -99.65354246011478
3957 -14.96127947605204 1.113962739664136 -98.24148923732889
3958 -14.97830935491999 0.8378077924361632 -98.31421060507566
3959 -6.290923106971787 13.61808421881939 -98.4513111190213
3960 -14.25426380621495 -4.628244890066526 -99.71131526135052
3961 -14.03791099397582 5.248319439526377 -99.69111217537422
3962 -13.98287194947217 5.39344669393318 -99.67947091507978
3963 -13.85631393718619 5.714808199706718 -99.51309551580269
3964 -13.81525607315343 5.809659574621934 -99.6632516790695
3965 -13.75067866577252 5.961281493414658 -99.64372016254904
3966 -13.61782923788581 6.263617142697702 -99.44827925135701
3967 -13.55589007849758 6.392653578583496 -99.60607914461826
3968 -13.48066643946132 6.550056014427198 -99.59437672109341
3969 14.46692517749851 3.922052473893321 -99.45649190192962
3970 14.35068274395041 4.332731555167733 -99.33599339938628
3971 14.38110386007413 4.217574137037146 -99.71592741420922
3972 14.28170246631934 4.545806245642003 -99.59315270313711
3973 2.491926221538632 14.93695242344751 -94.15232340249699
3974 1.808676437727323 14.99763466032804 -94.91270015482283
3975 11.8095858469538 45.06260884934672 -15.85238327447774
3976 4.83968637199874 -14.18386603537119 -99.80474922633093
3977 4.697558165130511 -14.23510818524374 -99.9264676192164
3978 -14.19440615233533 -4.843400656755009 -98.63225585691114
3979 -14.14867372998077 -4.983170834591 -98.41479093194206
3980 -14.23805713072215 -4.723271560155604 -98.37519458072896
3981 -14.18123967791999 -4.900628067145705 -98.14977696486244
3982 -11.56081589400706 -9.558559691061587 -98.43734504839306
3983 -11.57524840490066 -9.548066929290803 -98.11835317263369
3984 -6.406888793144152 -13.54824083213822 -99.79391610993234
3985 10.21403039837164 10.96700627054738 -99.77253476882377
3986 10.12765728196758 11.04825042147162 -99.5973788225029
3987 10.01226907860277 11.16722732478734 -98.6304421822479
3988 10.55709369953086 10.63950839253881 -99.53910345634422
3989 -7.838995731030061 -12.77329974483524 -99.70674166479165
3990 -7.697764643033276 -12.85943310075574 -99.64621350971835
3991 11.77943634314689 -9.332186474737746 -96.98539365805188
3992 11.36345380172935 -9.8258785126317 -97.22218430130361
3993 11.48924190484405 -9.711902616198426 -96.41640562117016
3994 -10.96935414584966 -10.21225555203788 -99.65531165030498
3995 12.39832064828641 -8.432639876808707 -98.99437671948257
3996 14.01440730634835 -5.314506242662129 -99.54022828270858
3997 1.74126649385606 -41.81407752392139 -22.70162584309433
3998 3.895433697782572 -45.27023453304417 -17.67402607252438
3999 8.163670878028833 -41.99904876792569 -21.20491906951712
4000 10.35057206385224 -45.39205181172702 -15.96300323138867
4001 -0.865190062654522 -38.22488546986166 -28.09738436260575
4002 -13.6289655834155 6.234913493502634 -99.62526159694153
4003 -13.58212921531839 6.334607157793744 -99.76136741672491
4004 -13.65615956616857 6.173414277850384 -99.76973035827554
4005 13.04539948768409 7.377093689210072 -99.79340544519879
4006 13.11490637327615 7.252686232260182 -99.73812120298898
4007 13.23200296880664 7.044288113890049 -99.92510159761686
4008 3.612861567503777 14.54510084399019 -99.68193358390592
4009 3.446511632550096 14.58596109155631 -99.62178515146849
4010 3.21998623262228 -14.64041055896308 -99.38218440869481
4011 -15.00042752452871 0.1802833468249288 -98.33021477927757
4012 4.221832566284256 14.57896397738961 -93.50707266474319
4013 -4.039155568508709 14.4341876204225 -99.52281150366409
4014 3.09789015018306 -14.66432460709725 -99.58736577994755
4015 3.188781777655109 -14.64358209645223 -99.74105083718148
4016 -15.33310330019828 3.257454201071776 -86.9488566534491
4017 -12.03475853091501 -35.44939754347195 -28.90784121078617
4018 -13.87541802197026 5.66423775943595 -99.67553634397284
4019 -42.83302032682956 23.03742891187556 -9.482046027400083
4020 -6.991073135965093 13.27344150643713 -98.36979848344052
4021 -7.32686498085134 13.09132859265238 -98.35214299507932
4022 -12.03723215921233 -8.94728667486495 -98.6250354033658
4023 -11.91510913127883 -9.113143976609621 -98.43215319220333
4024 -12.07899617960028 -8.897005502812981 -98.32944757768425
4025 -43.4881512938809 28.03499866978471 -5.770268697201388
4026 -9.955904558888861 -11.21800371073952 -98.59934840293755
4027 -9.763387578578614 -11.3881448310114 -98.4655670396029
4028 8.704753150841801 12.19953855937894 -99.76843614038636
4029 12.38720499106804 -8.437202316195391 -99.60529913040081
4030 12.32402486621872 -8.527815774056689 -99.80123789680043
4031 12.18810794402836 -8.725927040160908 -99.91627090531104
4032 12.76723336778103 7.848635585766629 -99.72587258015611
4033 -3.48791101609571 14.70364302909312 -94.7843244717964
4034 -2.72721648778194 14.85656648050896 -94.93995911742239
4035 -2.987212593764926 14.84706102954068 -94.12528931886773
4036 -2.124550250947761 14.98593402389919 -94.30180223630818
4037 1.254052947769796 -14.95661442152479 -97.94437822087352
4038 -0.9083688953709527 -14.96706304167051 -99.00225332338218
4039 -17.66720329040358 7.568104974319608 -67.77802388726231
4040 -7.300412569042231 -14.59332162987772 -82.61244707142504
4041 -15.63870513577081 7.038782291465753 -76.99367694601399
4042 -15.52126908894497 8.216649597604814 -74.96590782608425
4043 -0.2492420676339187 -14.99926015349671 -98.43763991312319
4044 -4.260402041730033 19.26445466301451 -67.44175962531077
4045 -3.626201704872939 20.40062101811922 -64.23541432007416
4046 -6.673924552607957 19.26753238715701 -65.12099879575284
4047 -6.340873412628477 20.57058577456889 -61.67681693456191
4048 0.4159463749608254 -14.98178948262523 -99.62853114187838
4049 0.5016658442181468 -14.97833802084882 -99.78840044640148
4050 0.6522937215900265 -14.97252342423952 -99.78409563641063
4051 -7.419463499755473 -13.02128662695393 -99.74455510617702
4052 1.008473741093906 -14.95514544742368 -99.48785648507121
4053 8.943441522168945 12.04556870123897 -98.30474653862014
4054 8.595441009991051 12.30032643576675 -98.08887838754067
4055 -8.535566342997914 -12.31850604679241 -99.76889113037626
4056 -8.417459598262447 -12.3995663330474 -99.73679732824927
4057 -10.99968935483095 -10.19867277387447 -98.47515728640542
4058 -11.06303484074693 -10.13538830499448 -98.20210040219388
4059 13.73887714482814 -8.228032789547347 -84.24311443176117
4060 3.004583137535318 15.81371912991985 -84.2801397803126
4061 -18.95733974052199 -3.680710410870531 -67.21149072258824
4062 -9.53244666160478 -11.56456425614252 -99.81169682222576
4063 0.8990576615133771 14.96167627072587 -99.52642611654255
4064 0.925720428175358 14.9583235500263 -99.82207704444346
4065 0.7702439181596781 14.96710144904502 -99.81848376289199
4066 1.086812894962717 14.95019425895465 -99.44212124334638
4067 23.05098989432615 -13.82135112566428 -46.32001120869452
4068 24.84015210760489 -15.81113513224733 -40.88557002308126
4069 5.630665819525399 -13.89271890962892 -99.37258428226993
4070 -5.539401497805572 13.93257670575411 -99.10617841571673
4071 -5.47147625462799 13.95671351848014 -99.32984862430901
4072 -5.615303172131043 13.89742395397993 -99.493297151305
4073 -14.76607299048689 2.622586172124497 -98.70175286744528
4074 -14.79570128546951 2.462995174011936 -98.51170424879177
4075 -14.75433703237922 2.703598586270766 -98.4542137131899
4076 -14.83617332194511 2.20294575908915 -98.5516198881424
4077 8.801244732319303 -12.14337279528355 -98.7225073486731
4078 12.03007442699853 -8.938769448806331 -99.62373416550763
4079 0.4930815503980406 -15.00138946917869 -97.92343595498788
4080 0.7052486606587826 -15.00037942533575 -97.55391016428115
4081 -3.409217950493512 14.61440641902453 -98.07152910234217
4082 -10.62252689542333 -10.58891155540222 -98.59580886469926
4083 -10.64803994520198 -10.56956610009124 -98.25311486194725
4084 -8.876877036967818 12.07489380661042 -99.78093190428596
4085 -9.004134411058157 11.98034426214607 -99.79176922662531
4086 -8.762687818801103 12.15802105919898 -99.74375448103996
4087 0.4059097609856607 14.99272302713378 -98.6826811090526
4088 0.6727952507716776 14.98626006649276 -98.43571015030024
4089 -15.61378931173717 2.638470537187955 -85.49354326775612
4090 -15.60064577842602 1.776208237998755 -86.6794179752839
4091 -8.457986457302422 -12.38838631845035 -98.48525148307985
4092 -8.403626079069333 -12.43049816980234 -98.17868867073365
4093 13.86873876882924 -6.337984538736836 -92.04685013240696
4094 14.38913788687567 -5.45999589848704 -90.07365252290191
4095 14.61246439084889 -4.436771476358477 -91.66073246507639
4096 -14.44504406167316 3.993959851060737 -99.67335412856863
4097 -14.4033515931949 4.141763332142975 -99.81986730746229
4098 -12.6460779119746 -8.065677796096352 -98.53559096370063
4099 -12.69067539752916 -8.002009185117727 -98.25810773115937
4100 -12.52307379561267 -8.260332117247492 -98.3207581506546
4101 -12.56835123568593 -8.199575659117054 -98.01159136748169
4102 -12.40413489981256 -8.442875595594106 -98.12469697840288
4103 16.51393130090355 -6.491487149649101 -73.96923544748583
4104 -14.78623762053477 2.538723229116085 -98.25083042549072
4105 14.91701244277972 11.47288959018628 -69.72254799695662
4106 17.25656000626579 8.40789440759157 -67.93718658638929
4107 -1.093474727091778 14.94708875651636 -99.83064154504652
4108 -1.121924959211337 14.94481453272066 -99.71568380690505
4109 -1.311100496344646 14.92945004293699 -99.70820177719324
4110 41.38228187752241 19.50939381400808 -13.23906347159567
4111 4.520064863095096 -14.29216344462494 -99.41778578794541
4112 8.402133760440085 12.46088196857212 -97.00638355299597
4113 7.522898715730739 13.01150800447595 -96.98706678102313
4114 7.162286754744748 13.24348726632707 -96.11577075851642
4115 6.54996133556917 -13.48076076355826 -99.60437794728203
4116 6.707393863808732 -13.40485217798659 -99.46502474360672
4117 6.754634134029184 -13.37875834176014 -99.66394346922384
4118 6.913515498912615 -13.30099739366072 -99.92986844288926
4119 7.071923916279351 -13.21636667231622 -99.91394460954977
4120 6.764553665286528 -13.37704365691633 -99.92549333885178
4121 6.606799377343639 -13.45518493565542 -99.91853192004349
4122 6.916372838010138 -13.29695705244729 -99.56470347813092
4123 -14.08988678136475 5.106801490939586 -99.71404377617144
4124 -14.06303004879121 5.181178589865923 -99.82781297062641
4125 -14.69131073726355 2.966567593064087 -99.57881289795361
4126 -14.70235429419617 2.905845213767988 -99.72314862762509
4127 -14.67293942540951 3.061668513620453 -99.89934340793681
4128 14.07543529667111 5.518988815669554 -94.37391080690692
4129 14.01849593291259 5.900923127621406 -92.65449180253111
4130 13.20158155580645 7.609553243562694 -92.24673031773463
4131 -14.46419666319978 3.927555149825793 -99.5676872845096
4132 -14.48266184443538 3.854333482883633 -99.72163964743652
4133 18.80446170995525 -22.28956966801942 -42.46126830314734
4134 -36.35825211670944 -3.269920955865349 -26.72046521009771
4135 -37.70812827483649 2.4763610744836 -24.54902213109204
4136 -36.04281868502348 5.76492167453307 -26.79739761615591
4137 -3.096702038720776 18.14204284023922 -72.3969522139388
4138 -14.97952106839768 -0.7578995244532383 -98.56318287784195
4139 -14.9879885894798 -0.63608216420348 -98.33273096519872
4140 -14.97253249913953 -0.9326160176641284 -98.32754860359752
4141 12.47845164850239 8.303534530652705 -99.50584549455853
4142 2.865264282772631 14.7128584327889 -99.47398028005128
4143 2.925058632117196 14.69876455129519 -99.69659433002995
4144 3.139197348693086 14.65433511108514 -99.72988748649138
4145 1.120162214996678 14.95091173805111 -99.1649780463752
4146 4.719600765254916 14.22813666151308 -99.3672592674442
4147 4.711574635231901 14.22770488507217 -99.62824894269013
4148 5.308701796139787 14.0179550628559 -99.44986678534094
4149 5.299920257233494 14.01877418817796 -99.67011562961758
4150 5.15567884231622 14.0729342794551 -99.62099714169413
4151 -14.69296083782009 2.96990206308053 -99.92170924853194
4152 8.747713896320798 -21.82474247329703 -56.10293476818347
4153 9.639676302903659 -23.46562165458888 -51.5414191184449
4154 -13.71980419844448 -6.067718616987851 -98.33308006937416
4155 -13.76092103800831 -5.984367360523692 -98.0400143702784
4156 7.254744995531492 -15.01998437340512 -80.39262561336761
4157 9.307825302692267 -13.42502574188403 -82.36248300122364
4158 -16.27701065661403 -4.319494981489242 -78.58040292574823
4159 31.23567070447119 -12.35539631497975 -32.35417383475097
4160 10.79598964372797 -10.39566526029491 -99.63046166192576
4161 -14.65171604614126 3.196641770453677 -98.77589233629605
4162 -10.10045335683067 11.09952344186167 -97.99520889158437
4163 -10.89995976119746 -10.28736280808837 -99.57717157453573
4164 -10.88368676080074 -10.30283240525474 -99.73270346557999
4165 -10.74548246265406 -10.44974065926514 -99.89703747636473
4166 -10.96219215291415 -10.224193814906 -99.9240156999776
4167 9.803118116008323 -11.33681745167159 -99.62753219563358
4168 -19.91273602047322 -2.348560348335615 -64.4716054732465
4169 13.51327487418702 -6.486746334319078 -99.42394760632688
4170 13.37096493578041 -6.770030738298689 -99.65313712648636
4171 13.15342210069152 -7.189443912257799 -99.92089039029291
4172 13.53681926003003 -6.431984034445859 -99.65322507453885
4173 13.4095840072173 -6.699514526005292 -99.92067060558099
4174 13.27089981030276 -6.965325484174165 -99.59173822241142
4175 13.49469613308519 -6.525417510626132 -99.91319686452164
4176 13.53385113440763 -6.445533047660794 -99.92577174229707
4177 -14.02997734315341 5.295395938866868 -98.81216406869994
4178 -14.08357978653833 5.157555043248398 -98.61007789668616
4179 -13.9886606167209 5.410271489556289 -98.59331754676572
4180 -14.0463135618843 5.266580636297206 -98.36644105142669
4181 -14.14359213290741 4.998407118943327 -98.39285052280908
4182 -14.10254080034311 5.123458460785126 -98.13305366582368
4183 11.33632730751174 -9.802925911128094 -99.68636708950623
4184 11.50461255699652 -9.604999880609929 -99.67403212873582
4185 11.6002974863052 -9.493886247669447 -99.38872156801057
4186 11.64946623470062 -9.42877782192712 -99.67471816176028
4187 -5.999062146190041 -13.74641495079875 -98.65278975852108
4188 -6.191880265422442 -13.66355315358918 -98.44132549564272
4189 -5.904788809491646 -13.79150247568965 -98.34534096796331
4190 -6.126110639587166 -13.698448566662 -98.11299451201933
4191 -5.808959607023621 -13.8375570396354 -98.02390958014723
4192 -5.602528776415437 -13.91831593037789 -98.26437195526533
4193 -5.476621415314924 -13.97406322517136 -97.93844554216273
4194 -5.25751488891828 -14.052586937302 -98.24635326340177
4195 -5.104012172502977 -14.11625469851025 -97.84669916847331
4196 -4.85427437781241 -14.19851968394965 -98.15062239437624
4197 -6.429255701978641 -13.55736019432133 -98.19454458725104
4198 -17.00004397856561 -27.84519765581078 -36.35709058734751
4199 -14.94753202048154 1.110454462996314 -99.49286665864351
4200 -10.24095697888354 -10.94395413160827 -99.55225946507743
4201 -10.23066422695627 -10.95155681423459 -99.7323826000149
4202 -10.4663993368542 -10.73100343943996 -99.92215160542372
4203 -10.50958665811758 -10.6848225699661 -99.83996687263082
4204 -10.78528900634557 -10.40626070480424 -99.67360374370116
4205 -10.58735717681174 -10.60748452996056 -99.82488489325978
4206 -10.70288204865953 -10.49558134028124 -99.92680084521869
4207 -10.74542747032442 -10.44694390175078 -99.78778363338085
4208 -10.51956651599131 -10.67446268969722 -99.71332437183266
4209 -10.34225363346354 -10.85089645813638 -99.92448580226262
4210 -10.57526723698886 -10.62121440867619 -99.55415909788682
4211 -10.432557655191 -10.75954702379908 -99.70896301628954
4212 6.876603715146684 -13.32073624078367 -99.31865055842435
4213 14.84489938335657 -2.502658904975712 -96.00012157626435
4214 14.78405943903424 -3.107900067659287 -94.60507210764888
4215 14.84045462527619 -2.130258703769158 -99.13985865832419
4216 14.88294145153223 -1.850039266521651 -98.67096776474403
4217 14.85791612055134 -2.109131063104325 -97.95956377299305
4218 10.67192687983857 -10.5251317263455 -99.48706657486973
4219 10.64052330518377 -10.5538968460999 -99.71222337863377
4220 -19.27275629729198 -5.423795259206138 -64.69420927410702
4221 35.14800305464067 -9.564027559237019 -27.10681124362261
4222 -14.28093939329931 -4.604584465159142 -98.09468098382344
4223 -14.33397024929097 -4.4223855762845 -98.40406247531544
4224 -12.10654811883031 -8.833641167605977 -99.77293750255421
4225 -12.17274672395737 -8.74224929864271 -99.73314059471102
4226 9.588904617619335 11.89007880949857 -91.8548309142644
4227 10.79753307212953 10.79548118204685 -91.89528948451026
4228 9.620659597215287 11.50749417870586 -98.55782799772126
4229 9.753775408213055 11.38741290021893 -99.06719843810191
4230 -11.95331309350622 -9.042225175546502 -99.55961082296322
4231 -11.93358964735305 -9.066055766312111 -99.72161134400878
4232 -5.113288602882347 14.08767666090941 -99.70152644452905
4233 -5.267036520243167 14.03089054475804 -99.70573066434878
4234 -0.5438404904412047 -15.141189837599 -94.01898152189737
4235 14.22857603944623 4.721785060346133 -99.23589958254738
4236 -44.36297494528015 3.85391778954614 -14.13203211313892
4237 -48.5125874391607 3.138390079403273 -8.371247102836458
4238 13.2626771806405 6.978917536837229 -99.79252326931984
4239 13.3316875824659 6.846570963200024 -99.68453105374189
4240 13.43112104448768 6.656335550583104 -99.92171314858733
4241 -13.94597904698971 -5.531464947175433 -98.23833029235479
4242 5.905592301440629 -49.00146386844355 -12.50027005719579
4243 0.5419233934549719 -14.99034784787237 -98.52745901047757
4244 9.484074358833526 -11.60811463406919 -99.91995662209618
4245 -14.89659893401054 1.748441197385421 -98.54898248149748
4246 -14.88805491700969 1.846238842540955 -98.28727326151258
4247 -8.950976856619981 12.02825451848166 -99.10304039369312
4248 -1.038201252788294 -15.15748637795126 -93.28110774968277
4249 -0.06711405781829231 -15.19813671326465 -93.19605106798487
4250 6.644106015571634 13.43346181476187 -99.74930060327293
4251 6.498907039599305 13.50438985950141 -99.80250787568588
4252 6.724033028371617 13.39508637003012 -99.57879805063979
4253 -14.71212070296924 2.874290769767344 -99.92420073167882
4254 -14.70210786439094 2.90878479845215 -99.82606864264646
4255 1.476569483078915 15.07991017167704 -93.9960880107938
4256 0.8310633376585956 15.09152488461458 -94.74214466251271
4257 0.4783140758106 15.15607013664738 -93.78808641198431
4258 -0.1310799088215568 15.12063077270867 -94.60096500261452
4259 -0.4896635301446337 15.16169341413305 -93.68186622696858
4260 -2.980911985706667 14.70578782660281 -98.19136685635098
4261 -2.699247180067632 14.76597473115152 -97.85674448986838
4262 -7.937051984848051 -12.71248624029319 -99.7263488571549
4263 -8.087720213261891 -12.61764652077754 -99.66277611972808
4264 -0.521889720598988 14.98880631377038 -98.71027002154317
4265 -0.2684739466054735 14.99780247404596 -98.52253996952405
4266 -0.6297765875734193 14.9890978144324 -98.3660218187855
4267 13.19805614563655 -7.107970052552266 -99.34938737011059
4268 14.53191983753416 7.191807621413871 -82.70766527676335
4269 -13.77668423962101 -5.906728328391628 -99.4231511995751
4270 -13.75576618240005 -5.950614796648261 -99.59632577530503
4271 -13.79731091698229 -5.851395547183669 -99.71291542094319
4272 -13.73793230797352 -5.989227820466473 -99.74830249039546
4273 -13.69216697564885 -6.094271153242687 -99.65470236423607
4274 -0.01336415591328542 14.98683546103167 -99.72108131680488
4275 -7.437787060514922 -13.02343886369582 -98.70878800344461
4276 -7.623545988624675 -12.91819819213729 -98.5203418296598
4277 -7.369405823819021 -13.06653516473645 -98.40874141021246
4278 -7.581962404425274 -12.9477467895427 -98.20226608812824
4279 -7.299668620293336 -13.11091148388623 -98.09602688542837
4280 -7.881283852765538 -12.76555435688196 -98.32885950092987
4281 -7.828516521031553 -12.80429035539163 -97.9831275474335
4282 -7.078735371984152 -13.22757290986015 -98.32663285558769
4283 -6.997751020230226 -13.27633168526844 -98.00131527004591
4284 6.598965199173239 -13.45609704273064 -99.83301543883758
4285 6.473584199617616 -13.51658169041673 -99.80692451997666
4286 6.201583108530588 -13.64375148462081 -99.68469808817515
4287 6.3667121193868 -13.56759808898214 -99.67063125246207
4288 -6.361500889903803 -13.59546555082919 -97.86394157153968
4289 -14.16327775203594 -4.89929262335239 -99.75119980531196
4290 -6.481328360729549 -13.51305601738225 -99.69093811717578
4291 2.405766836508648 14.79235857434286 -99.77835269154038
4292 -14.95103227129465 1.035143475032052 -99.79594609466793
4293 -14.97843394532161 -0.5451758996845437 -99.52740709079507
4294 -14.97934226429782 -0.4796952009471681 -99.67332743508135
4295 14.11147402625783 5.24988574494034 -95.95944168619469
4296 -13.67075873277966 6.144999530721548 -99.53170086485349
4297 13.13049185903995 -7.225968068959365 -99.62078577666136
4298 -5.385242030157678 -13.99719911228198 -98.74143494903264
4299 -3.259264551713204 -14.64268986595467 -98.45490768937468
4300 -3.454802872221475 -14.60191456457442 -98.17810357351064
4301 -3.10172349704172 -14.68184576936707 -98.12571242422312
4302 -3.330948046398669 -14.63643466158572 -97.85370415656004
4303 -3.740881610982596 -14.53622255827312 -97.89570211539566
4304 -12.40306131557138 11.3758158780162 -79.11471548133117
4305 13.94051608268057 6.412352104346694 -90.68281773375244
4306 14.59891304589045 4.564505030475886 -91.30480579059309
4307 -4.890168601797718 14.16645236840085 -99.74840559716174
4308 15.04704920874105 -3.216829591372696 -90.06669677120314
4309 14.8905092631211 -4.733818230767064 -87.47298481939173
4310 12.94620397058477 8.313539357242293 -90.22335332883071
4311 45.57371916605468 -19.46757777467027 -7.882256891370164
4312 6.302656234884223 -13.62329037217434 -97.84262355156702
4313 6.599711296151172 -13.48981445726162 -97.49178519961862
4314 7.114259831775787 -13.22131453720889 -97.66849472563854
4315 -3.960680167036927 14.4540870682231 -99.70637265573072
4316 -3.590279040100088 14.55388799340802 -99.92687332288845
4317 -3.676693360844659 14.52899130826928 -99.8254740243321
4318 11.6030185678669 -9.496082337758153 -99.06919357304426
4319 24.08244441895187 42.41607899472336 -12.05179149442327
4320 -2.943593683453186 21.68113463752722 -60.8124819308147
4321 -5.499780797598097 22.1085943641098 -58.22519572572641
4322 6.050473531509149 13.71175995864454 -99.64817594414177
4323 6.475156080016987 13.51955273466102 -99.92664521980555
4324 6.325495955679666 13.58647986473446 -99.80265528739449
4325 6.382809546893431 13.56019973238314 -99.65285494271026
4326 5.863833457064123 13.79191879523802 -99.75962618958373
4327 -13.21855408037899 -7.062108561420881 -99.72331308569628
4328 -13.16348486753457 -7.166404675234653 -99.58530090934923
4329 -2.256676303652555 14.81602523134255 -99.70953258957782
4330 -2.101849792826253 14.8398268889557 -99.5912844356982
4331 8.194875742534025 -12.6137900396709 -96.54166865373024
4332 -14.97738017374053 0.9190230772317558 -98.04251994999147
4333 -0.1134481107775958 -14.99681839283854 -98.76547793447234
4334 -6.678001276094459 -13.41688022679079 -99.70059001032229
4335 -13.94399062096393 5.532328002309524 -98.35284622303422
4336 -13.88258406448806 5.67774035460748 -98.56771879174633
4337 -13.83499803806112 5.800550855117105 -98.32338602370696
4338 -13.7747442625296 5.935023786031461 -98.55385647966068
4339 -13.71958765670003 6.068671938246492 -98.31892538296022
4340 -13.65749122390523 6.200076874359148 -98.55526147324522
4341 -13.60403717523893 6.325020797796557 -98.27104422418644
4342 8.310172718981358 -12.47167514834531 -99.77490925995718
4343 8.174789832377698 -12.56171876259453 -99.63241820191054
4344 7.423818467081197 -13.02328722406543 -99.93253133917852
4345 7.679302305670886 -12.87370700642364 -99.92499311237984
4346 7.060131299510855 -13.22297703857116 -99.42582852660588
4347 7.837487688908443 -12.77717009278213 -99.912316045355
4348 7.568480051665872 -12.93899143791174 -99.40495105402337
4349 7.787421925836051 -12.80681237572722 -99.52359498925723
4350 7.620193869483437 -12.90541251742902 -99.65962263380564
4351 7.098707419368432 -13.19949806386048 -99.65502386185379
4352 7.429509695493933 -13.016908510314 -99.58809164766744
4353 -15.2250742907576 -5.089127556534294 -83.79685633581944
4354 -8.452637283170327 12.37692281335938 -99.59337820716199
4355 -8.680590866485455 12.21770031056194 -99.62838102732272
4356 3.037185625547994 -14.67581772165462 -99.729480404236
4357 13.64429185417568 6.238737799872903 -98.23934910653854
4358 4.435278121184594 -14.32095792024057 -99.22986375269689
4359 -13.33806396536234 6.865374102935302 -98.37054250969703
4360 6.889811598415853 -13.30912383418523 -99.74541205620702
4361 -12.98047233973855 7.494006164260049 -99.52738269217615
4362 -12.94158070971604 7.558184880831258 -99.67849560925725
4363 -12.9925232261922 7.470015188153763 -99.80742430547181
4364 -14.03238324857638 -5.262495794810165 -99.74694073476955
4365 14.2148296147508 -4.753963045653364 -99.49627552598461
4366 -16.45772063942405 6.067532098769445 -74.92890247133684
4367 -34.60488932309356 -27.11518590666044 -16.75168156832271
4368 -38.63262123795021 -27.95010549888681 -11.38024940962876
4369 -42.42204723654282 -23.42350135926089 -9.767139937705009
4370 -42.70494222357253 -28.98627444539278 -6.052794516896941
4371 -1.264560873583166 14.94543917032378 -98.63040761014715
4372 14.59351578329548 -3.42575148115723 -99.3593742423176
4373 14.59737120331295 -3.3945834669424 -99.69823733662506
4374 -13.95712807917904 5.463378233987827 -99.5330709221664
4375 -13.44280228425013 -6.629540527854878 -99.50491868874036
4376 -13.52168724540179 -6.468049156099806 -99.46848461934663
4377 -13.48983576807803 -6.530294279748134 -99.63552161633298
4378 -13.56228879696205 -6.37880914934329 -99.61843462799798
4379 -13.53482133374093 -6.435092193344262 -99.77092321319368
4380 -13.59504989609205 -6.30688757548173 -99.73738923525157
4381 -13.47148979021924 -6.566784016985287 -99.79087557657391
4382 -13.59406812036566 -6.314510891225685 -99.46807101919839
4383 -2.079708416526053 14.84171730773622 -99.7553742072829
4384 12.81506022218168 -7.772488044128056 -99.57689682728169
4385 12.67486683991268 -7.998022034447101 -99.63619641953252
4386 12.42696338113493 -8.384458070314357 -99.93515070610223
4387 12.54192439982358 -8.208411799330648 -99.90713672557655
4388 12.54027295856901 -8.211634584284541 -99.41893893433019
4389 8.237339171111687 12.52041551378738 -99.66948562361736
4390 -8.878302981903634 12.08502218677637 -98.87659714023539
4391 -8.686439590203898 12.22402145949948 -98.85032005025856
4392 -8.792448299968786 12.15116340791285 -98.62345388548567
4393 -8.539128600193107 12.33041408698746 -98.63085521969506
4394 -8.696029204817128 12.22461629332501 -98.35152586362921
4395 -8.438642319258911 12.40427929950799 -98.31823546295152
4396 -8.250831312493258 12.52588006695015 -98.58244012467409
4397 -10.61412000831626 -10.58052774026064 -99.70256715163396
4398 -6.874057050920729 -13.31723816662235 -99.76447986226675
4399 -14.68332379580345 3.057959264479031 -98.59368205438145
4400 -14.6316688914205 3.29947046502876 -98.53302771149745
4401 -14.67185596446507 3.127257613078835 -98.34006565972385
4402 -14.61199558823996 3.398699100253797 -98.29373856296684
4403 -14.56773393224718 3.57367336247309 -98.4836633553608
4404 -2.126252828484552 14.83866807504789 -99.39141128237073
4405 8.119848796936413 -12.60029519825004 -99.40357850281242
4406 -0.3999672889264769 14.98321759323081 -99.5360170530334
4407 -0.417518233361619 14.98107302887365 -99.71207943772649
4408 -8.921879106567475 -12.04173230965461 -99.79350999412492
4409 -8.961787288538609 -12.0126334524578 -99.65820628990598
4410 -8.987735724915083 -11.99481066432248 -99.53197779870841
4411 -9.088720857763036 -11.91732766685956 -99.61876597527083
4412 -9.091714432640011 -11.91404673869719 -99.72727101739294
4413 -9.197190974315838 -11.83302294296357 -99.69518315375012
4414 -9.219844043388886 -11.8175817575893 -99.51380672301931
4415 3.859609535689061 14.48127155364611 -99.7318985684859
4416 1.627836725481498 14.89841599242645 -99.6829089883949
4417 1.36387642631865 14.9246397566647 -99.7235346711288
4418 -13.6418925431885 -6.248428091598506 -98.11069614671105
4419 0.749806531394777 16.01237917411807 -84.79099171336665
4420 8.71738382071065 -12.1941895084282 -99.42618254001903
4421 8.720100438863978 -12.18920689975299 -99.65828589309484
4422 0.937659947168763 14.9695389425641 -98.62785115132932
4423 -9.227668092856808 -11.80953238413426 -99.83681212423103
4424 -9.304897413629158 -11.74821141758802 -99.75484261030856
4425 -8.104041318506821 -12.60687991447964 -99.82093774388102
4426 -8.17551748987121 -12.56046843931689 -99.7233042524268
4427 -8.869192614429645 -12.10416923163696 -98.09934826657512
4428 -9.092558343844749 -11.93440085968056 -98.24842069482646
4429 47.69794824100934 -13.02493138920871 -7.588404220956799
4430 5.139321200018906 -14.11129538479945 -97.48811344092397
4431 -3.531859603119385 -14.59625753818093 -97.52202462947884
4432 -14.98648902037918 0.09207796692874964 -99.78587475968732
4433 -9.951414380432627 -11.22735819697043 -98.28835862068689
4434 -9.739492068200457 -11.41443054667762 -98.14812103747175
4435 -9.976460920502415 -11.21271057738195 -97.9257773913353
4436 12.94742820129279 -7.549094736135416 -99.62014130336705
4437 12.78537231109981 -7.82528774638517 -99.92120920248965
4438 12.88396942054061 -7.659170644134921 -99.89281107073462
4439 12.93323845154617 -7.578338934456214 -99.92058164048234
4440 5.53677729356691 13.92661087295313 -99.71267290034251
4441 2.172449153295848 14.82841428072431 -99.7701286518198
4442 12.19470186505529 8.712703060027525 -99.63260020504181
4443 12.02100462598919 8.950193782039225 -99.82263383039859
4444 12.19950783398459 8.711862819796508 -99.9337644284892
4445 -11.44649710965977 -9.677472843764944 -99.463330829743
4446 6.774768573196956 13.41843340516314 -96.92291779898949
4447 6.3026944034388 13.66752555017795 -96.28978467805915
4448 12.32625759497268 8.55903909382034 -98.02027893565331
4449 13.80554313374393 -12.6538549437948 -70.23253095442288
4450 16.4606969731724 -9.984556276921035 -67.86539421362104
4451 -4.138708103847839 14.40857401679099 -99.30588686505435
4452 -9.87186348183541 11.28119808969502 -99.34083068545367
4453 -9.794298138099746 11.34604692272831 -99.51114334014645
4454 -9.925570305564197 11.23111507417194 -99.52934620925615
4455 -9.847763634130711 11.29749265639342 -99.67877403419581
4456 -9.718166729974154 11.40925032429919 -99.67002470883622
4457 -10.0001221516447 11.16270674077288 -99.6952483436832
4458 -10.06389781133591 11.10710946326166 -99.54419445208065
4459 -10.14373596899906 11.03245764031116 -99.68459660818466
4460 -9.564951033283117 11.53982656019683 -99.52715192555954
4461 -10.1755794343615 11.00431683945719 -99.58328455871909
4462 -10.26595512225684 10.91856081876551 -99.7175035146297
4463 -10.29235629953923 10.89483519298545 -99.60751060840836
4464 -14.28554580005098 -4.534249665248534 -99.5766116882953
4465 -14.30583263251111 -4.466486227827226 -99.6997895577974
4466 13.92608028206192 5.537675432609757 -99.76514796565274
4467 14.00493036460288 5.33516174880766 -99.73903393152062
4468 13.96686931401591 5.437505366808485 -99.56549874331637
4469 -8.322776293369994 -12.46553511595516 -99.52356247870985
4470 -15.85220124529534 -0.4971189838926841 -85.25954235448933
4471 9.554514872761406 -11.55009273778765 -99.91843032809396
4472 -11.93709573566307 -9.092705961843201 -98.07186107724191
4473 -9.515037684625327 -11.59877163366364 -98.33223971498316
4474 -9.495748101403864 -11.62107360063085 -98.00135268027566
4475 14.63904541363921 3.21560806721547 -99.5571579655204
4476 -2.442367473035748 14.98525210021555 -93.44078510875727
4477 -14.94094645636418 1.170565590307808 -99.73602300434996
4478 -14.93889909750683 1.209006719896712 -99.58746077286163
4479 -4.724459171137783 14.22383956694868 -99.58970378770975
4480 -4.669859750559267 14.24069158829702 -99.72274499668661
4481 14.98958501651927 0.1028424801038954 -99.38249024319573
4482 14.99435565789075 -0.2111551832742255 -98.82341907848532
4483 -14.99208240364761 0.6138169497185594 -98.10298849524395
4484 5.503294242994679 -13.98380495219155 -97.08402035391444
4485 4.604090950800495 -14.29859037427138 -97.33878874691501
4486 26.18906847500983 -9.875383022138806 -43.41496322009338
4487 0.3279253546034488 -14.98605205953993 -99.4427288326593
4488 -7.515302055352896 -12.96967080152979 -99.42643021769756
4489 1.22510632419497 15.02373131258444 -95.68977442356778
4490 -11.84591376231123 -9.181335282678113 -99.63094975549099
4491 -5.365046983746929 -14.02506742121592 -97.57013199913847
4492 6.540825587616742 13.48541723427743 -99.58560961569749
4493 6.886898393938257 13.3158104283893 -99.28799914947996
4494 -4.714693865613494 14.2540692090626 -97.70056128908855
4495 -4.468253350229687 14.34036666245723 -97.39034772806208
4496 7.948094879222037 12.73873441446133 -97.60935345368179
4497 -14.79053517642653 2.426702170080572 -99.53374904911621
4498 -14.79891140153288 2.366111690486256 -99.69861033480039
4499 -14.77914596989434 2.486310128594271 -99.79656168363644
4500 -46.41013016485511 8.980781812273962 -10.38156613335116
4501 -50.45732280792246 8.741177049249721 -5.03537246636584
4502 -47.91900017813749 14.38605395124304 -6.873976567657586
4503 3.911689305901453 14.49024258189023 -97.94527826813658
4504 -0.1802943937136101 15.00876699397466 -97.90410379437731
4505 2.857822298310698 14.99045849783092 -92.23022115895816
4506 -20.74544756841614 35.52736278428716 -22.57691327192028
4507 2.598457792368876 -14.75994898465444 -99.70468259896411
4508 2.782129622936347 -14.72632777708082 -99.7233310153422
4509 9.12586825681044 -11.904780908597 -98.4922095188881
4510 9.173903089550421 -11.87530169184682 -98.07617898162798
4511 -6.486454586315357 -13.5120514238907 -99.55251410941125
4512 -6.426832805663697 -13.54426245668837 -99.25643868058332
4513 -11.52525295333033 -9.579966909678367 -99.70002390379005
4514 14.52005541718335 -3.792217268631314 -97.95049057856859
4515 -8.945586813622823 20.53835817420397 -59.01191493547914
4516 -0.5633020269228737 15.28246285266813 -91.7942598365359
4517 10.52124751236567 -10.6741996112517 -99.58974169351811
4518 10.4630375049301 -10.72972737925505 -99.74227326742185
4519 6.665442887530451 -13.48717277606292 -96.48766087359394
4520 -14.12421195075359 5.013929571049816 -99.58817119441109
4521 -14.139457461968 4.967759690377984 -99.72713057540608
4522 -13.82191224600505 5.818345170824069 -98.76115189300339
4523 3.493107541227872 14.5739464516323 -99.77962100787747
4524 -14.99058429700893 0.5452263954636939 -98.4105771469858
4525 3.337591646813214 -19.80999446577961 -66.26875683073804
4526 -1.556553697198173 14.93428334992948 -97.63441941082188
4527 -1.862398694109261 14.89255120914436 -97.97372853966382
4528 -1.49626756379321 14.93222109992106 -98.06367208747038
4529 -22.33228324438867 18.59860307020049 -42.07890620888876
4530 -22.93544138815085 15.65076239140224 -44.51779604562915
4531 -4.125875570908719 -14.41165376839277 -99.35625874741447
4532 -4.202852706972769 -14.38687306220553 -99.56592114883456
4533 -4.353675597733601 -14.34212881682121 -99.55050789522636
4534 -4.01539730244852 -14.44083537881114 -99.52140285827913
4535 -4.051339771892438 -14.42910444360976 -99.6831068410894
4536 -3.909042633143771 -14.46850473350953 -99.65905857709963
4537 -4.076453242854489 -14.42595456723097 -99.93639922648259
4538 -4.2204831230208 -14.3841643914885 -99.93230761304949
4539 -3.890399805536431 -14.47657754093433 -99.92738920992122
4540 -3.805217179026441 -14.49920665771035 -99.92748279832549
4541 -4.238191322168587 -14.37523408890952 -99.82541604477392
4542 -4.348039955571808 -14.34225225879734 -99.8104585739613
4543 -14.09858765507663 -5.094795975789329 -99.2994421544925
4544 -19.65475903585479 -21.56422474432735 -42.30256686059887
4545 -13.22608387078165 7.050707009118324 -99.56137409035871
4546 -13.27673232755945 6.95261160522607 -99.6789128484323
4547 -13.21214954841601 7.074879625068582 -99.83215943866037
4548 -14.04911418743007 -5.219985738987127 -99.6134012062616
4549 -7.89716309801841 12.73906595274484 -99.55158492487151
4550 -7.818814496396904 12.78582016073806 -99.6852032240281
4551 -7.665943980057594 12.87805593436444 -99.6855868858591
4552 -7.966043359218524 12.69438063359448 -99.7178462749827
4553 -7.887223225779247 12.74390866039062 -99.83856102489686
4554 -7.970378890928203 12.69192883872839 -99.82987844114507
4555 -8.122221565244796 12.5949307379124 -99.7375085185712
4556 -7.508536332774679 12.97233609735155 -99.52047534195462
4557 -7.41111837581851 13.02656225008526 -99.66409675346198
4558 -7.264300067410956 13.10905830814933 -99.65841976768093
4559 -7.320594834230618 13.07726555922715 -99.80970452305205
4560 -7.463683348189164 12.99605061223557 -99.79854640142743
4561 -7.098535733769615 13.20154684946027 -99.49079899454948
4562 -6.99832365682703 13.25318626376899 -99.63613494076208
4563 -6.836817768010255 13.33724455329968 -99.633850836222
4564 -6.90375682293357 13.30190097232591 -99.78680215847584
4565 -6.6764241302684 13.42044618957912 -99.45407621574114
4566 -6.568589140447398 13.47164103432947 -99.60906926636665
4567 -6.410786110453317 13.54755188211317 -99.59988287942278
4568 -6.496139638030095 13.50571415438159 -99.72703026803048
4569 -6.599827495085107 13.45525143158616 -99.7629312743918
4570 -6.333222588946696 13.58279579886573 -99.74899800621573
4571 -6.249186052735065 13.6227000687276 -99.61347204167738
4572 -6.178457635838173 13.65387912517676 -99.75463059893214
4573 -6.273828204417085 13.61147926381357 -99.8692768113926
4574 -6.327002262503989 13.58890950585183 -99.43635130050551
4575 11.1161360988055 10.0532184059438 -99.5872996775052
4576 11.32786681724921 9.812422779783908 -99.72079512365171
4577 11.51932531650233 9.592107027614919 -99.92355068367172
4578 11.56508703974368 9.531627701930757 -99.78991209140392
4579 11.66991864670124 9.402897671348143 -99.76584008246591
4580 11.8072916852742 9.235610262426196 -99.92620375822274
4581 11.85152248349072 9.173090742437838 -99.79668951016878
4582 11.57346955636914 9.523282647969587 -99.57809043061987
4583 -15.73888781628621 -2.189746165590411 -85.01865431010239
4584 15.96531773492672 -5.822107117194591 -77.77548262057377
4585 -8.268208884799956 12.50102034063851 -99.58248366098611
4586 5.608718321223387 -13.90508739912851 -99.08298074100567
4587 -1.836472208535623 -14.87894848894325 -99.25040162610301
4588 -1.937350933388468 -14.8636511546465 -99.46446658757272
4589 -2.142448962294913 -14.8351301022414 -99.49372960945907
4590 -2.654960302902419 -14.75322855755447 -99.92756595624672
4591 -2.405609428983776 -14.79593224435403 -99.92758354393158
4592 -2.62816145781741 -14.758795234882 -99.3271907300813
4593 -2.580557869705962 -14.76684899089296 -99.93362310965867
4594 -2.614948277246965 -14.75721537979812 -99.83635748524424
4595 -2.755463744702759 -14.73122878770472 -99.78007909489534
4596 -3.312940071896749 -14.61915549362813 -99.92147383941884
4597 -3.069225604472575 -14.67246021931144 -99.92475553087229
4598 -2.90362792727838 -14.70630851147613 -99.92754198377528
4599 -2.624611241970095 -14.75540781247005 -99.69172783477904
4600 -2.490137855749912 -14.77854838373795 -99.71484976383886
4601 -2.018139866871768 -14.85076272961313 -99.66054976431388
4602 -1.832098192389927 -14.87508475141258 -99.63605839426663
4603 -2.199955658425642 -14.82483596873248 -99.67031539374406
4604 -2.118698291394569 -14.8363307908578 -99.8110731342685
4605 -2.322349562813026 -14.80922890860851 -99.92758866972731
4606 -2.32324015381983 -14.80755684355809 -99.52245691503327
4607 -2.356305522931162 -14.8006065791683 -99.82766183159183
4608 -2.272809048465553 -14.81763400990447 -99.33129956464558
4609 -2.784873156313585 -14.72643035405124 -99.64093274997822
4610 -2.509350476629611 -14.77680841391475 -99.5525982517928
4611 -1.928889406194495 14.86267296113093 -99.65422629561623
4612 -1.940808710705849 14.86055474960488 -99.79415882863793
4613 -1.770470217470666 14.88185337617126 -99.72949325242683
4614 -1.551043766149217 14.90824108485739 -99.52212963613783
4615 -10.35398826553326 10.83500753323559 -99.73890846440682
4616 -10.4216270325618 10.77092273303634 -99.63180608763044
4617 -10.43831007006888 10.75889611281209 -99.35944795511072
4618 -11.39475369483137 -9.768506019837199 -97.89126061262868
4619 -5.800858466851479 13.82127538593686 -99.47110755831537
4620 -5.934985417692613 13.76226186021278 -99.63580638436474
4621 -5.771603878266404 13.83119301468168 -99.67726330731001
4622 -5.813200776688585 13.81363475119882 -99.82488925566057
4623 -5.55647065419137 13.91892472525081 -99.68872809587924
4624 -14.25901797878193 -4.622471571761517 -99.42003879056281
4625 -1.489324610001042 -14.91367694189561 -99.59926723981926
4626 -1.34317124968758 -14.92640508203428 -99.77914244406021
4627 -2.942928809886839 -14.72046551698789 -97.79878027572376
4628 -2.761387846254236 -14.7498467023537 -98.11458229823072
4629 12.56529443545412 -8.188835939684429 -98.63580433511565
4630 54.92852125290284 -7.186064917456362 0.374350593240438
4631 15.05332316484004 -0.4529729009562813 -95.81835593645299
4632 2.620670452295836 -15.26720024063027 -89.43293270536887
4633 -13.44198651881305 6.632818212150243 -99.43971333641815
4634 -13.38859252067937 6.735855883033937 -99.61376150528731
4635 -13.45148059675659 6.607721250960441 -99.71567360204305
4636 -13.40487757433597 6.701588502391203 -99.74004883201424
4637 -13.30515467423308 6.89999192844514 -99.57658008147789
4638 -14.98290986053724 0.3414891270839922 -99.79188250815285
4639 -1.003631728800264 -14.9544723455269 -99.57560711202296
4640 -0.9185142106637764 -14.95855145677185 -99.753583984865
4641 -1.131763738223819 -14.94391984816576 -99.76016353137567
4642 1.333763607061509 -14.92890363250414 -99.55246785782217
4643 -9.900115319534828 12.37518616179832 -85.86509703644164
4644 -9.429407191465861 12.51847485587122 -87.41442834616321
4645 -10.52561256869222 12.08543713103737 -84.4267554461824
4646 3.907573831969501 -14.52332788487793 -96.66292567493949
4647 3.565350033972178 -14.59569859158338 -97.2104596453191
4648 -1.017296269722942 16.20396648288442 -83.35109723923087
4649 6.251415626293152 13.62950058804063 -98.9755653950708
4650 6.415085115653395 13.54775651730782 -99.42038246651472
4651 -11.61956674356406 -9.465594656218023 -99.82673643099471
4652 -11.70549755590508 -9.358569885233205 -99.76672834747679
4653 13.22494766109089 -7.113679375356865 -97.44879641962743
4654 -5.981582952340816 -13.74137764218837 -99.80541592861456
4655 -5.876359613480431 -13.78665807898256 -99.79793121116374
4656 -5.804655358230633 -13.81743783558411 -99.66793514424953
4657 -9.881725545977318 -11.27011568400774 -99.50263036976079
4658 -15.83304058910229 -20.02379290007546 -50.47614106189105
4659 -0.2134131113770468 14.98530161939428 -99.80701704753469
4660 10.8494772450475 -10.34998432866677 -98.98624184064501
4661 53.42599080866115 13.53150470976988 -0.224180444027029
4662 -13.99031115311015 -5.384260607987305 -99.32444120819991
4663 13.23633812317551 -9.699022978647365 -81.54110726460017
4664 7.754916214773314 -12.82461002079007 -99.69369782270903
4665 -9.312116861398181 25.5996783518051 -47.43746716504167
4666 -7.637560146678205 24.23663238711197 -51.59665936805379
4667 20.30151720736131 47.48108442363879 -8.882803674602869
4668 -5.666029977796984 13.87442185283656 -99.79716368093231
4669 -0.8486949294528386 14.96270868586846 -99.74053643758269
4670 -0.6536725823328339 14.97273027348026 -99.82703419013525
4671 -13.17938965056378 -7.135331537178321 -99.81703936542598
4672 -13.87614894685244 -5.662195653410264 -99.69098484690078
4673 -13.85916990391015 -5.705236037470418 -99.85420947291159
4674 -13.92241802514914 -5.547394612975067 -99.80902748185579
4675 -13.53306372064626 6.467690502583449 -98.53719592643415
4676 -11.74328207722508 -11.48369593377753 -81.58980516934102
4677 -11.27862837689973 -12.40220958264606 -79.60123935311255
4678 -12.18804087498591 -10.61054618285964 -83.32375558678652
4679 2.117943227494978 -14.84480355978619 -98.95325509101896
4680 9.427647297217854 11.65988313043571 -98.99352229430683
4681 9.496568727693303 11.5995834828751 -99.29492947601747
4682 9.720328828981076 11.40688934487122 -99.74738389184625
4683 9.799095589737965 11.34082014822297 -99.5874985365204
4684 10.30451456754482 10.89571505472052 -98.78400648410427
4685 9.605131712324585 11.50404201110669 -99.77130285965583
4686 9.46111325801435 11.62281363579686 -99.78626508241831
4687 9.235235394037927 11.80849266022984 -99.31085306665271
4688 10.09299442032636 11.08798617598217 -99.05725259527459
4689 3.030946224805599 -14.71554505015325 -97.22930748578763
4690 -13.23095226504088 7.085825621172091 -97.8611886255471
4691 -13.35060982933121 -6.809519518862379 -99.81352393173991
4692 -11.62247413146873 -9.498962645312341 -97.7982866449386
4693 14.74575587406242 -2.68803419930528 -99.49034791258762
4694 14.68468809336965 -2.994000948232692 -99.71471722333867
4695 -7.951398919070455 -12.7410060433401 -97.43884007098951
4696 -8.317106742738096 -12.50402458057284 -97.48467524182666
4697 -12.49584679605728 8.277684761000094 -99.48787180435228
4698 -12.43566744116972 8.365141292459622 -99.63358874867126
4699 -12.34648601859868 8.496257347591177 -99.63112308936934
4700 -12.39188960499753 8.428693193910902 -99.77249458753032
4701 -12.46701029915933 8.317162715525424 -99.76536924122874
4702 -12.34892738678168 8.493477368529343 -99.86782516414279
4703 -13.77362668816829 5.962433269514292 -97.8602367672526
4704 -7.023152367612266 -13.24213271123694 -99.4660815978647
4705 -12.24644305866095 8.642715984590897 -99.47173282442181
4706 -12.18516942761675 8.726285056323199 -99.61571281181392
4707 -12.09066618863239 8.856825225831363 -99.61184180824577
4708 -11.862920763373 9.162615934026604 -99.44184645995851
4709 -11.78977277361735 9.253715846277249 -99.60400724872345
4710 -11.67886308125591 9.393426927426697 -99.59638543806199
4711 -11.90428943784662 9.105798243587909 -99.61188145515148
4712 -11.85203638839449 9.172560974074631 -99.70219847248191
4713 -11.94195413126354 9.054898494912003 -99.75734618786171
4714 -12.13969566991966 8.788016219840882 -99.75959439125225
4715 -12.22162524320867 8.673729107482476 -99.77116047079713
4716 -11.96835399800589 9.024009415121776 -99.46570769593956
4717 -11.61025384494297 9.480365278254855 -99.46367135645933
4718 -11.56730205473658 9.530220414150982 -99.61297415918332
4719 -11.6388258871363 9.441484704118157 -99.72173632348361
4720 -11.5303507231122 9.573530136408969 -99.75591370465223
4721 -11.46331760287975 9.654701123384839 -99.63762082654594
4722 -11.44655607357937 9.673561360360969 -99.75944347443647
4723 -11.36753933161928 9.766759690254629 -99.68193292362702
4724 -11.2664804972091 9.887392389537068 -99.4095383452588
4725 -11.18989331921211 9.971381966654164 -99.56547883619533
4726 -11.07014175138002 10.10425012512453 -99.5603189765954
4727 -10.78995485025573 10.40568776941008 -99.38969532124224
4728 -10.71893049598368 10.47624862654826 -99.55084113715974
4729 -11.14743334261824 10.01696804552193 -99.71492203704643
4730 -11.02385854279564 10.15294072259766 -99.6978286810955
4731 -10.84378777189631 10.34674425607673 -99.56431881455987
4732 -10.79062386368056 10.40040641712595 -99.70834488755405
4733 -10.65916627152884 10.53523416440895 -99.6914424019421
4734 -11.01102709492814 10.17141466164612 -99.3920354794802
4735 -10.52744118623092 10.66879773171499 -99.54202063359267
4736 -11.24184682701601 9.91100117295456 -99.70082806122728
4737 -11.33467985026433 9.804531461875941 -99.79429164201584
4738 -14.86953865863133 1.870610312060213 -99.77761245665366
4739 -14.85274145683098 1.999436910327252 -99.74295944902201
4740 -14.82307554366078 2.216242282016544 -99.57770839661364
4741 -14.8218456879112 2.217387383997001 -99.71565489398024
4742 -14.84709562391816 2.048737820391192 -99.58350567106177
4743 -14.86077537129786 1.957339076478374 -99.45647334735054
4744 3.244792589966876 14.64882188161923 -98.25427888682425
4745 -6.349494913212145 13.60321476593732 -97.76212373891086
4746 18.39516733605927 8.670370093018885 -63.83040680928203
4747 -13.06397615730017 -7.344527233409837 -99.8181672421407
4748 -2.095557243280834 -14.87836354562136 -97.20216835369645
4749 -2.307301621800997 -14.83778572113516 -97.58929986885823
4750 14.91615046983738 -1.515417834355959 -99.10453950116151
4751 14.9601595767948 -1.035799941453331 -98.81114526532494
4752 2.983857828945537 -14.68992535321212 -99.41848383532745
4753 -11.14439043693915 -10.02022834830443 -99.78296595903771
4754 -11.18806749875201 -9.971715509161776 -99.8147437146321
4755 -11.26394562949529 -9.885597700045134 -99.75802396872875
4756 -11.37341975493977 -9.759576647383632 -99.72223960667624
4757 -4.937469874829911 -14.18442744969496 -97.43750581852353
4758 28.08596288398537 -11.8639406724524 -38.30778261076861
4759 -40.81844967053035 7.712572385114957 -18.71675880300187
4760 -3.250582543293044 14.9630278406192 -91.51593262073956
4761 -4.578898059200823 -14.27309998356687 -99.44431747769734
4762 -4.598539064243409 -14.26435048583116 -99.65844329594836
4763 -4.797641954025861 -14.20064771444301 -99.4782100803103
4764 -4.878531808640312 -14.17106053707123 -99.65525567841968
4765 13.8746422995708 -5.666179248054255 -99.67322572944849
4766 13.73742519832057 -5.994959677938176 -99.88945995413209
4767 13.69240581941419 -6.094519744737844 -99.85211792700676
4768 13.61162769451371 -6.281517543508767 -99.28122284483329
4769 13.91597723837944 -5.565462141605575 -99.8576521221179
4770 13.64904577517794 -6.189161574751851 -99.77666319968077
4771 45.497012668395 21.67956629377323 -6.931997596009974
4772 -14.2064778926423 4.826610166185355 -98.15764766002385
4773 -14.24171753854604 4.708420042821899 -98.47141645305508
4774 -2.184792176205135 -14.82926343138656 -99.91264708541139
4775 -11.76806654994053 9.279874767394222 -99.72535111141042
4776 -11.70538298288688 9.359922546829981 -99.85230658879007
4777 -11.59932465687833 9.495118592877951 -99.92220091378945
4778 2.215984847931062 14.90765938281771 -95.74154333222391
4779 5.198279219464329 14.05629696007733 -99.7760277373286
4780 1.982936805839394 14.87065205748405 -98.36771635389259
4781 9.942452726604115 -11.28904886209174 -96.4783933306495
4782 9.579509901114559 -11.57192189355904 -97.24822281367379
4783 10.55069849993289 -10.71558278189388 -96.64233214377059
4784 -16.13682353703454 -23.94626439274458 -43.38945225125428
4785 13.03329420537415 -7.404998140687712 -99.38339499902924
4786 0.2725288510163626 15.08279371861336 -95.4003695344211
4787 -0.9598974005723414 -34.46288535593743 -34.16547793019392
4788 -5.904695102237024 -35.60499852008055 -31.3850014217592
4789 3.231996333428776 -14.64072649880636 -99.12608895905639
4790 -12.34169293627775 -8.550349799456889 -97.58960529573528
4791 -12.64092731894948 -8.055835406910484 -99.41852770998732
4792 -12.60096664683998 -8.114457926453758 -99.60684325167378
4793 -12.69604940527829 -7.965512035532349 -99.57208165489013
4794 -12.65559366758011 -8.027397885108968 -99.72746755429493
4795 -12.74595244993485 -7.889055496739903 -99.91912289130961
4796 -12.77004245314158 -7.844615493970796 -99.82588923812938
4797 -12.83452722931326 -7.738601695394616 -99.82312200995518
4798 -12.80053365652345 -7.794387629702431 -99.7043970441196
4799 -12.87356810712422 -7.673027456023851 -99.71890639627073
4800 -12.93801488792215 -7.570376650821721 -99.92255727556167
4801 -12.84397593694874 -7.724457034174673 -99.58521437884809
4802 -12.92166851838113 -7.593636997473946 -99.59212193923354
4803 -12.58354722864392 -8.139767025458433 -99.76352152188849
4804 -12.70125609017976 -7.961188591811169 -99.92247195446397
4805 -12.73006605212838 -7.908899955984746 -99.71023322070994
4806 -12.77690248202779 -7.835063933761813 -99.57707940537917
4807 -12.95370688967321 -7.53682802494218 -99.73722289366535
4808 -12.73290089179044 -7.90957691715627 -99.42222473619478
4809 -10.4382302985479 10.7829564938471 -97.9712370385882
4810 -10.58612843264046 10.63136239965467 -98.26432073588172
4811 -10.84421328264486 10.36703305894917 -98.30871777081664
4812 -10.33349411144693 10.8769402171721 -98.27390484674372
4813 14.84733363064392 2.506805403052695 -95.90502713151059
4814 -9.217728366303298 -11.85576041386245 -97.47326784717221
4815 -5.258083414808843 -14.03572676232434 -99.55574218321507
4816 -5.130903859660051 -14.08129422310242 -99.6984138145459
4817 -5.428632813153539 -13.97036580248645 -99.57971507314635
4818 -5.703214494809969 -13.85922361528877 -99.80528396502692
4819 -5.340002955270985 -14.00325024812833 -99.71126609319808
4820 -5.847791217561593 -13.80317748950106 -99.93558181794552
4821 -5.462432484376783 -13.95582656144133 -99.73550523823326
4822 -5.666263650871801 -13.87469468113629 -99.67613015868037
4823 -5.727523051017389 -13.85126838613622 -99.51635697993144
4824 -5.606455144039938 -13.89935349242829 -99.85710309265416
4825 -6.642736956780842 13.44969712081772 -98.46879673872976
4826 -14.97759169310837 0.5237290791612538 -99.7298148935796
4827 -14.97248553297051 0.6610658133579602 -99.82385229326665
4828 -4.130388386953676 14.40676696384494 -99.67134817861765
4829 -4.087081318123284 14.41884909876828 -99.81770908328151
4830 -4.225803553369696 14.37869887852901 -99.80372948121656
4831 10.23102432072441 -10.95155463832703 -99.68490552415393
4832 9.816486849687573 -11.32814715721792 -99.91649544757395
4833 9.952698223202157 -11.2092155179275 -99.92347519243093
4834 -1.073380083893736 14.95072543141649 -99.47941101424257
4835 -13.8505636551195 -9.858246763580798 -78.01415603286497
4836 -11.73638963821163 -9.320907867025166 -99.63283354213547
4837 14.76160368962028 -2.587830228472048 -99.74029817207266
4838 -0.6181957045000611 15.07414896815998 -95.36233115329274
4839 -5.441291798657238 13.96626286769116 -99.5105941755387
4840 -8.171227084647771 -12.56616824971761 -99.46711221450808
4841 -10.13507547555636 -12.98115752523155 -81.45284328569758
4842 -9.611309014643558 -13.83761571669833 -79.27664238301131
4843 -10.90640187155524 -13.2804631701109 -77.37405915581105
4844 -9.093406448521542 -14.74564632843392 -76.84104840703756
4845 -4.843593736781286 14.24600908942871 -96.42508877882679
4846 -4.155559603920861 14.45637204403582 -96.59560853013797
4847 4.948839622752751 -16.28711367168163 -78.63273215417209
4848 4.579845695502553 -15.80856123153579 -81.84438887236105
4849 2.409540996625168 -16.58592972814159 -80.1352584679056
4850 -7.573639915992373 12.95581445019825 -98.02915442298321
4851 -7.650948336894527 12.90314928052275 -98.44267865839493
4852 -7.979014852776026 12.70306010156623 -98.43014922044463
4853 9.343031413959178 -11.71831588864797 -99.82648340875626
4854 -2.860937792475893 -14.71131659484517 -99.70616280563279
4855 -2.938235775262103 -14.69703069048049 -99.59841875079512
4856 -3.001033738794636 -14.6834385458061 -99.69697911189874
4857 -3.106927784244762 -14.66270072044305 -99.56168650963586
4858 -3.205287775502465 -14.64028510062179 -99.68624481899221
4859 -3.269391902427391 -14.62783404655732 -99.51824743160944
4860 -3.37116928170657 -14.60320991716355 -99.65828130255569
4861 -3.448613691554161 -14.58714210913695 -99.4743025596394
4862 -3.567651394499948 -14.5569420345932 -99.60846596562318
4863 -3.516154578038077 -14.56840292000069 -99.77942917997476
4864 -3.660377890712255 -14.53291366901784 -99.73085451710713
4865 -3.621145131206278 -14.54410570298711 -99.88259717902957
4866 -3.686609668160723 -14.52763904288263 -99.57465255419649
4867 -3.383340124293662 -14.59990058035954 -99.80253835936414
4868 -3.159611629148619 -14.65024062317618 -99.83445189692854
4869 -0.5919440862670677 -14.97616371784023 -99.59944050422175
4870 -0.6526272410613418 -14.97260178721451 -99.72580479744084
4871 -0.5209336050651906 -14.97766498639602 -99.75565818242424
4872 14.96727643878293 0.8153255160453541 -99.91004015746742
4873 14.97767653468738 0.6075137823651223 -99.91963582129964
4874 8.17728354977648 12.55930622131483 -99.80000270731797
4875 -10.79555992501693 -10.43449594484066 -97.6166630099909
4876 -11.1409590202922 -10.02691735869649 -99.89478487212178
4877 -11.20069109746153 -9.962336382884452 -99.92382068048647
4878 7.444736276512599 -13.45910321015983 -90.54707826566485
4879 6.697695768751085 -13.71892969373092 -92.06874770742621
4880 5.205690639497035 -14.35667261490266 -92.03695983755374
4881 7.974107317571379 -13.02644870263239 -91.93424365274589
4882 4.533018163021839 -14.68917435127609 -90.72782577269805
4883 -14.61781778292667 3.304792707553496 -99.7760908799852
4884 -14.58384295519422 3.451520535848025 -99.7582588520159
4885 -14.56490823691132 3.533360175633025 -99.6292254350557
4886 -14.54182710578215 3.624465457052454 -99.75213746931712
4887 -14.4978494168669 3.799686535174213 -99.61407385101505
4888 -14.48692872508629 3.847351771567369 -99.45985292663539
4889 -14.58770455591763 3.444398910615356 -99.48435581660732
4890 -5.209382632150452 -14.05240773644131 -99.81902074733495
4891 -14.79976379817433 2.363598434564373 -99.84108609279399
4892 -14.79034497349136 2.437254969815141 -99.91657726871445
4893 -14.77412095478956 2.527450801885841 -99.89422943996101
4894 -14.72032236427262 2.816989913896489 -99.62059040433816
4895 -14.73732583564698 2.722882253336993 -99.72595581378933
4896 -4.348045110920689 14.34214375341253 -99.79057608692936
4897 -14.26992829754348 4.586628835339429 -99.47636368890099
4898 -14.23686990923756 4.683338279599274 -99.62645372867406
4899 -14.26555653590942 4.593018173192178 -99.73992424242323
4900 -14.21640787976348 4.742923209043485 -99.74831213553628
4901 -14.18176033850521 4.847911709880493 -99.61739699395932
4902 -0.3054589825151202 -14.98482256857314 -99.59210727190073
4903 -0.2204645635643114 -14.98509091384037 -99.76271728286713
4904 0.0007849979509445954 -14.9867100160093 -99.7714151757384
4905 0.1055377605310376 -14.98638126580765 -99.79336276492381
4906 -0.1328750912908493 -14.98732502376293 -99.87609514544955
4907 -13.99816018991814 -5.389574111317485 -98.47328592391854
4908 -14.06655738610022 -5.216871327817453 -98.24563051672362
4909 -14.94686891948784 -1.096464706729268 -99.67160574555453
4910 -14.95204632420981 -1.020167811924109 -99.79369931142004
4911 -14.93230556974016 -1.277784530008831 -99.69712117893724
4912 -14.92665264209696 -1.353721861759138 -99.57007511042805
4913 -14.91852212750236 -1.429344580399715 -99.70479841074608
4914 -14.91116780258817 -1.512333482537234 -99.59556194497809
4915 -14.90162690450491 -1.595454784148157 -99.71528162851602
4916 -14.89434942972958 -1.668087771273615 -99.61701208030466
4917 -14.89439203532702 -1.704446487350375 -99.23078616716201
4918 -14.88755430929108 -1.721096425848676 -99.75052062342944
4919 -14.87538338359042 -1.826437514630735 -99.66320526561776
4920 -14.88456224071195 -1.762361044909942 -99.51069499599618
4921 -14.86716870314815 -1.900417505824314 -99.54808810005456
4922 -14.86037913445776 -1.942950499468968 -99.70087050368828
4923 -14.84676711929067 -2.050824307106464 -99.58777224366978
4924 -14.83628497131003 -2.118277600297132 -99.73071352952356
4925 -14.82453383884113 -2.203590987682561 -99.62308566174181
4926 -14.87054249277373 -1.902946980066776 -99.21166064728619
4927 -14.8151630993722 -2.261072228984403 -99.74946588209731
4928 -14.79866277558748 -2.36886520572532 -99.66811608305466
4929 -14.80942975489513 -2.309716453928941 -99.51757847835303
4930 -14.78554509699671 -2.455418560621436 -99.5577842507366
4931 -14.77616040351448 -2.504145734145831 -99.70319759801254
4932 -14.75939488172825 -2.60551693507092 -99.60196354733866
4933 -14.74980053611672 -2.654311312333077 -99.738350548569
4934 -14.73342904444704 -2.746061641814636 -99.65537385800803
4935 -14.71860562550736 -2.843911561134858 -99.30222183633803
4936 -14.80365074438491 -2.364618169458932 -99.25778072786048
4937 -14.68205408397775 -3.02601190468202 -99.31981565409068
4938 -14.65139350979683 -3.162254054891605 -99.48990519798178
4939 -14.70292855084995 -2.914236500379922 -99.47233360489187
4940 -14.73730027620047 -2.734606115975213 -99.48070567507438
4941 -14.96098404158816 -0.879313169854321 -99.79239955608466
4942 -14.85578453513645 -1.994489525573474 -99.46113352960474
4943 -11.85988774213392 9.196782539056283 -97.93683876080652
4944 -11.96726006397895 9.048420209131571 -98.25694616850394
4945 -12.18490268640333 8.752564350238135 -98.27855596623316
4946 -11.74310842520629 9.337630394419525 -98.25288700909393
4947 -11.49537036130225 9.641295524666642 -98.24094968610679
4948 -12.31650108467344 8.572627910152427 -98.03639780108249
4949 -12.3780714288643 8.475717795228553 -98.33736857153775
4950 -12.26495561256042 8.634123304102712 -98.54263347607952
4951 -12.44814061962092 8.366313075118068 -98.61430682445068
4952 -12.57322907424334 8.181706643829811 -98.40695007557252
4953 -11.49081351302018 -9.626245561581733 -99.92357572262051
4954 -11.5292129470981 -9.575133167675009 -99.80616324487788
4955 9.01849210346538 -11.96960354713598 -99.72008126838155
4956 -14.40237295253201 -4.156051867741794 -99.3765426057202
4957 -14.42535936353721 -4.068490450678427 -99.55194445914159
4958 -14.48259503911729 -3.860786365293774 -99.52753013861518
4959 -14.57361114631473 -3.510211279074657 -99.3438133709511
4960 -14.45845979820623 -3.945027865669084 -99.6771063436868
4961 -14.42335155780549 -4.070652768303014 -99.72290758399377
4962 -14.5013229771048 -3.78470437720968 -99.66700854636173
4963 -14.37516452262153 -4.24228162732427 -99.55632623343575
4964 -14.5977040726683 -3.399236250354001 -99.53807893656396
4965 -14.62598805882544 -3.270601353431774 -99.64887951542104
4966 -14.52546034500201 -3.69610386086536 -99.53070642612482
4967 -14.54131149939414 -3.627983703544893 -99.66860045749425
4968 -14.91820185049771 -1.457167633760259 -99.44949082298234
4969 -13.51651844029344 6.473539445992709 -99.72743427006309
4970 -13.54107035309048 6.42456484934029 -99.86742836941184
4971 -4.91339408126307 -14.37152441769861 -93.32095398034286
4972 -4.075754758852061 -14.59160009512834 -94.0088664549444
4973 -5.476113092335091 -14.11599602138023 -94.16260978436524
4974 -6.260896690842751 -13.77736748388936 -94.30082938036264
4975 -5.759298442701207 -13.96806182052251 -94.81772214579453
4976 -6.856003339823575 -13.52470941384552 -93.7200679675867
4977 -6.95547464010736 -13.4217525375268 -94.62202101143941
4978 -7.848945582615331 -12.97212338423046 -93.72091434429147
4979 -7.950812152649069 -12.85591343745577 -94.62405871852177
4980 -4.685338980099018 -14.35408930319512 -95.04166919473084
4981 -14.97092917802022 -0.7591792449471686 -99.36196976624085
4982 -12.79721368762017 7.838935232110296 -97.96523769838829
4983 -12.91501220235726 7.634719512338579 -98.25297430167964
4984 6.666482562606262 13.52977679714277 -95.40222347148263
4985 5.858094218419846 13.89323561367961 -95.5451550173341
4986 8.103148967464497 12.60808067064859 -99.6304772962289
4987 -0.9882743445861376 14.96863156975816 -98.44543986971325
4988 -22.97245316774023 -44.58888181303396 -10.44996771540482
4989 -12.7138351630229 7.934869673921395 -99.79198490593603
4990 14.97436838512931 -1.338095710116129 -96.69026127313938
4991 0.1220527656033445 -15.00190548778914 -98.36059630458628
4992 -9.875415971621534 -11.27333264217382 -99.67885049907339
4993 -9.829002687271865 -11.31353875995986 -99.80580942439208
4994 -14.9880136492789 -0.05464454811729069 -99.55022993534148
4995 2.482188098790585 14.78313725566195 -99.92543079584067
4996 0.3444844934942957 -14.98275412395245 -99.77671361715086
4997 -13.77588968410422 5.901402304941402 -99.76831656284247
4998 7.493747719970961 -12.9786658852018 -99.78164039558368
4999 -14.9841697505291 -0.2968544102948716 -99.66057893571268
5000 -4.983099078543172 -14.14802048758743 -98.53465395867897
5001 1.917524901385055 -14.86822290603049 -99.29369764972762
5002 1.801441668795393 -14.88036102541699 -99.49619655454141
5003 1.921525251267149 -14.86370047128004 -99.64613358174917
5004 1.495089419271161 -14.91353115455687 -99.55951543850266
5005 2.191945263101332 -14.82581366339612 -99.69791226661313
5006 2.245095529280975 -14.81813021837288 -99.8452861398041
5007 2.04635167559927 -14.84641294047867 -99.79942074336873
5008 8.800293562893195 -12.13398818516853 -99.90968110785956
5009 8.834394467599106 -12.10603403894807 -99.78758975268465
5010 8.877654521800141 -12.07564756860072 -99.59674660035417
5011 9.046055179748139 -11.95034616471016 -99.87816157971032
5012 9.518742651807916 -11.59555944599239 -98.34195529588504
5013 -1.978710309538457 14.96553035827909 -95.14785607543203
5014 -14.5281991280022 -3.774678762027661 -97.7468930476318
5015 -14.56995269023186 -3.587852881203073 -98.07111817695167
5016 -14.65153417839966 -3.236655415316915 -98.09856913908233
5017 -14.60402170576754 -3.429959309703211 -98.34350140843577
5018 -14.5289262887261 -3.73465671322194 -98.35665670066616
5019 -14.69906815068242 -3.035913559604176 -97.81492094800461
5020 -14.71438886261193 -2.93542450935893 -98.12825870824433
5021 -10.27234942600923 -10.91769216051032 -99.34563566381084
5022 -9.751456712278694 -11.59699643312275 -93.85249810855073
5023 -10.00344483016488 -11.32695437130307 -94.66009240433492
5024 -10.58090510156748 -10.78323023895984 -94.74312971143719
5025 -10.20093648881468 -11.10954005009568 -95.3441885836551
5026 -9.328593453630763 -11.89340116658003 -94.60123646911762
5027 -11.06728073399695 -10.32719526664739 -94.09741245196906
5028 -11.12840865771575 -10.20318836992935 -94.94519256247155
5029 -11.58985826436792 -9.715632755068913 -94.36374992192067
5030 -11.66333166140336 -9.577685441147031 -95.07258437593204
5031 -11.34598952497439 -9.921463937710133 -95.58669009501163
5032 -10.89766230640246 -10.40846295715295 -95.6623297337411
5033 -14.52084524594513 -3.708125775364732 -99.79822593758706
5034 -14.55686753254712 -3.564284972804734 -99.80473213635238
5035 -14.57160329944715 -3.504160319768373 -99.6746083984094
5036 -14.4233915661391 4.149673586686311 -97.86880529593925
5037 -14.46573829837384 3.981523206997132 -98.17768245586194
5038 -14.3717553809968 4.308245242451992 -98.1831031630437
5039 -14.41480821233012 4.149754910381953 -98.43821160483637
5040 -13.10326716901209 -7.273870085779794 -99.71318317112508
5041 -14.13517014445383 -5.055781996188561 -97.66759612769846
5042 -14.98051922135849 -0.9360000839167768 -97.78596267699373
5043 -15.00891115676466 -0.15158832456564 -97.78865510759579
5044 -14.62495710168688 3.374656084365723 -97.81938090742617
5045 -9.471176649131582 -11.61458493967941 -99.77708651796851
5046 13.47829778954942 6.553057033045608 -99.80849612556372
5047 14.73071839395638 -41.35394333374625 -19.27566482636901
5048 16.77118520854559 -44.85431887303948 -13.83612770013647
5049 20.98083388064205 -40.27315084854018 -16.69596457664254
5050 22.96715792503781 -43.88070464158272 -11.22918993267391
5051 26.23422817138127 -39.23314518021673 -13.80237751545998
5052 8.079314635816363 -12.66401160664644 -97.3005425981724
5053 -14.78198884013026 2.595117546168406 -97.88752731240947
5054 -14.73036928650385 -2.760350223225103 -99.7863108011137
5055 -14.70757201172165 -2.880789943510807 -99.669978738054
5056 -6.155178323716488 -13.6649950704744 -99.84599610342919
5057 7.250389614091202 13.11711725051501 -99.62412085528594
5058 7.304281669854477 13.08622523129521 -99.77870902107793
5059 8.204706098538225 -12.54145853026908 -99.80639097356874
5060 -14.89651891621751 1.83727077189606 -97.80696884630271
5061 7.276294763377421 -13.10181619446896 -99.74810727574146
5062 7.994432643313149 -12.67783545641571 -99.58407079080392
5063 8.039801593648011 -12.64782500241072 -99.80887002074405
5064 -2.681531369932391 14.74800486503012 -99.42746988224084
5065 6.047752021837061 -13.74961366409175 -97.3563905831128
5066 -10.89777171028058 10.28804305095921 -99.71313637312849
5067 -13.67051064689693 -6.200661194305774 -97.7343438523615
5068 -13.04194167064604 -7.405631937784967 -98.65512941261763
5069 -13.08956938730521 -7.328394662794778 -98.36067787451768
5070 -12.99443257665987 -7.502087083831803 -98.13568394955642
5071 -13.14434031606803 -7.238106610872432 -98.07358456014137
5072 -13.23935425553819 -7.055832463077257 -98.30092062846633
5073 -13.28198721832129 -6.984274077232827 -98.01319050240063
5074 -13.3970362960605 -6.752192256154356 -98.2808132414235
5075 -13.03202841631528 -7.44632157336842 -97.83631737459437
5076 0.1559858254708087 14.98591961095152 -99.78651870085042
5077 0.2872357675385502 14.98400325129383 -99.74166510147967
5078 0.3424754325288086 14.98456645707074 -99.54271020720869
5079 0.4873480633631359 14.97923880176737 -99.67281122903546
5080 0.7724696790514147 14.97030024259043 -99.92763665339321
5081 0.6360272284448621 14.97338724711345 -99.81636316379111
5082 0.6774627701911655 14.9717952331828 -99.67907853722703
5083 -7.155026159090356 -13.16844384486234 -99.78602390273032
5084 -7.049353896992636 -13.22528750712756 -99.75799901317006
5085 -6.999949452978316 -13.25240833217727 -99.62894146944386
5086 -7.308744493939499 -13.08412750371578 -99.83109504273276
5087 -10.11417016442185 11.06458593712449 -99.33304857184011
5088 -12.8111144505742 -8.038087781779637 -94.30924049928284
5089 -12.97547532179995 -7.709359924633797 -95.00653119719406
5090 -13.32865810637814 -7.070854518806656 -95.1147747071892
5091 -13.12338648255052 -7.406386074088223 -95.61896578871885
5092 -12.7754537372769 -7.996138426590184 -95.56279270068637
5093 -13.42295751240033 -6.839111935978783 -95.7303264983244
5094 -13.61856854690786 -6.482912816425498 -95.23644774680997
5095 -13.69985150980584 -6.259687860269472 -95.79855955157036
5096 -13.86914831598037 -5.916696559034818 -95.34286615215701
5097 -13.93416485810665 -5.712864529116484 -95.86192065284918
5098 -14.08542737520639 -5.367813955216437 -95.46698673234322
5099 -14.1423993717011 -5.167003769123819 -95.94805154393082
5100 -14.2786557692827 -4.817401389034615 -95.57518485886722
5101 -13.80578091158271 -6.119128312193713 -94.78363159834088
5102 -12.56943152300522 -8.357069990261268 -94.99235805262801
5103 -12.41388564823592 -8.542362978129017 -95.64015863108168
5104 13.49734247182658 6.584137764473455 -97.40400458715264
5105 -14.07608181193444 -5.144543829118692 -99.73329593588909
5106 -13.21111336396819 7.082736190460737 -99.3888713484958
5107 -14.97196516089071 0.7464203718614812 -99.32612679141174
5108 1.3670442705391 14.92877589220364 -99.30515436827289
5109 -14.94216518582699 -1.15725984131516 -99.80856792313092
5110 -14.11684004498231 5.040054768912632 -99.41887310482379
5111 8.798141180203489 -12.14043971201012 -99.10780294349551
5112 -34.01589413556352 -37.472796379395 -8.589485877379868
5113 -15.03304191745361 -1.301598149877609 -95.02516296539889
5114 -15.07604220333841 -0.6178567596298448 -95.03829671503122
5115 -14.96898213503608 -1.765246730098819 -95.46163131497268
5116 -14.89133011382313 -2.354095479218014 -95.36794388803439
5117 -15.10928967468345 -0.2099225496682196 -94.51085480325573
5118 -15.08524121045617 0.008397039645898906 -95.12555485937506
5119 -15.09917723098063 0.4283028878809422 -94.63757758930647
5120 -15.06777901393157 0.6372192472267211 -95.22952910860941
5121 -15.06369776634295 1.050842640765942 -94.75519386612898
5122 -15.02316986207988 1.270390324642706 -95.34912549120047
5123 -14.99951197977508 1.695662525310569 -94.88399750810559
5124 -15.05117385379751 1.46558436996987 -94.25566953751556
5125 -14.9684802856577 2.109739516617555 -94.38919721982576
5126 -14.91258554180879 2.30515354769264 -95.01930794633543
5127 -14.85946343725494 2.742630495926 -94.52779369843171
5128 -15.02799980185629 1.903100057659436 -93.72522562425294
5129 -14.7983434244224 2.927288078737009 -95.13980113964078
5130 -14.72616344496484 3.360565346796018 -94.66410165016782
5131 -14.6585480000655 3.542061421545287 -95.26539938499897
5132 -14.56931772200459 3.965106858910637 -94.79950547431038
5133 -14.49050290282188 4.158025355715711 -95.40790915558834
5134 -14.37821004508329 4.590496730555307 -94.9515486846702
5135 -14.47032917540585 4.388699709332792 -94.30481021149885
5136 -14.26044992938199 5.009123600809811 -94.45794886476055
5137 -14.17168134117607 5.175617050305632 -95.10841292020906
5138 -14.02513011499828 5.61620261316498 -94.62030199375646
5139 -13.9342477107949 5.770818929990244 -95.24992683539854
5140 -13.76875851506786 6.202545219668579 -94.77956208888419
5141 -14.35453796381853 4.835131471357583 -93.77623437493767
5142 -13.6728561026911 6.352864907989244 -95.39711374683982
5143 -13.49187319118202 6.769963215457318 -94.93656360714924
5144 -13.38716656241338 6.922743571920089 -95.55378408114403
5145 -13.18089208961586 7.344055007585427 -95.10234015583595
5146 -13.29652995785441 7.189417549908581 -94.47002424499846
5147 -12.96226587158902 7.76388319651031 -94.61974606247075
5148 -12.84341039234507 7.906730054417401 -95.28128518554277
5149 -12.60303463374839 8.320188787949929 -94.81063245489943
5150 -12.73125073314111 8.181771553827771 -94.11194355320926
5151 -14.79080560009261 3.201246611076784 -94.03528833045144
5152 -12.47867674851593 8.459160317092637 -95.46044980666528
5153 -12.22488191033042 8.85409741531997 -94.99397805215511
5154 -12.10683686227054 8.972075931832361 -95.65111519428906
5155 -11.81202942271176 9.385434010272231 -95.19411353232202
5156 -14.85438746746516 2.527108537673874 -95.60166689674431
5157 -13.86680450984985 6.05055376768732 -94.15575964391934
5158 -15.06285530018611 -0.3767099966318953 -95.60197445228265
5159 -14.58817180987347 3.740003341560993 -95.83799279826459
5160 -14.07520999306752 5.370415317323867 -95.70758887056598
5161 -11.96412807593347 9.240663766503133 -94.48438882756075
5162 -11.51514158346974 9.77785863870788 -94.73684781500108
5163 -11.3898142234129 9.881214141818331 -95.4110369338941
5164 -11.02758689165755 10.31226974551686 -94.94493013515495
5165 -11.14706321733997 10.2285660179668 -94.26623504715735
5166 -10.647069396295 10.73666040843808 -94.45110749667201
5167 -10.52091476222983 10.81510324446784 -95.1920500238423
5168 -10.12103465209102 11.21851866046749 -94.71398126947686
5169 -10.01370901297889 11.27394335122001 -95.4369971750899
5170 -9.590836979426365 11.66088533326402 -94.97547478773676
5171 -9.491653379865285 11.70052788986979 -95.78603668644458
5172 -9.027144459327872 12.0883005031735 -95.26003401196841
5173 -15.03801910778775 0.833454324417517 -95.7902765456364
5174 -14.9932553520628 1.38638774545333 -95.90828708604026
5175 -12.74367388541477 8.018737996751389 -95.99026520836715
5176 -14.43024151748942 4.294456334623557 -95.97135125941249
5177 -10.23515166494793 11.16697739454573 -93.91414339427804
5178 -14.56292472455799 4.18719604849496 -93.65018255783113
5179 -14.43971496708584 4.706606833791809 -93.01783732943019
5180 -14.1669583185225 5.453284243316743 -93.15799768604275
5181 -10.43732129397416 10.85624302574004 -95.95244979524634
5182 -13.58237441508557 6.491313576866195 -96.05267047535347
5183 -13.30560112207185 7.035991405081549 -96.13665744278542
5184 -9.147543186970566 12.0385618048489 -94.51493920899597
5185 -8.560414641792278 12.44908335334606 -94.77530838356833
5186 -8.4473144159355 12.48858078528376 -95.51700807165852
5187 -7.973276090736302 12.8179151921384 -95.07989775974596
5188 -8.092429209816748 12.788071187679 -94.25712516915236
5189 -7.876384730758657 12.84486273930752 -95.78551386881199
5190 -7.357558697300664 13.16523036012052 -95.42356548438678
5191 -14.91144195109264 -2.08543495890983 -95.93069909481169
5192 -14.82295162213465 -2.657423433863275 -95.85125039321684
5193 -14.97353050079794 -1.572517167819366 -95.94993826992754
5194 -9.971374424459608 11.27720228512137 -96.15178645662949
5195 -7.395578125602112 13.11969329897565 -95.98479054783036
5196 -14.53561384679863 3.872856741863938 -96.38992596493466
5197 -14.79403928966904 -2.907111780639733 -95.3522602066143
5198 -14.72238009379311 -3.170636883998235 -95.83484171098141
5199 -14.65175501183032 3.421884739725737 -96.27416320643189
5200 -15.10069208970041 1.232351994806431 -93.66511970049964
5201 -15.08839311427395 1.687594540133753 -93.07299505488837
5202 -14.98339530762695 2.42327811654559 -93.15750743470042
5203 -15.06475330663428 2.178829898879174 -92.40620756970485
5204 -14.06432417640792 5.859375150336072 -92.22732784765839
5205 -8.233444258603029 12.75912551789771 -93.30057378731807
5206 -7.453692080746234 13.24439185414801 -93.10709071749963
5207 -13.84688870299868 5.914345160414755 -95.94596327381713
5208 -13.74298890031533 6.117142744619581 -96.40326117250551
5209 -15.19918859510659 0.8120906274452967 -92.40904337170825
5210 -15.06283567670101 0.2129847214367066 -95.69441713551397
5211 -15.0500417100765 -0.1587604469411243 -96.10465257950302
5212 -15.0387036849764 -0.6729066790778647 -96.01399253376886
5213 -15.0409935845618 0.458338447796646 -96.19914456958789
5214 -10.91459057712734 10.39144683674299 -95.64809904518171
5215 -11.23126355003816 10.02621060191231 -96.06215862411557
5216 -11.65790175883619 9.533493825383427 -95.9259289370802
5217 -11.9742237165036 9.116806012059236 -96.21759313937977
5218 -12.35783441261837 8.594505770270487 -96.12161938985223
5219 -12.5932712564336 8.224738101735074 -96.49013536454477
5220 -14.73285899761627 3.12698329953828 -95.80124910653525
5221 -14.81052206738356 2.674216364722668 -96.1392893496582
5222 -14.8903871892664 2.208641103873467 -96.03264229538388
5223 -14.01300360274593 5.487356124076467 -96.19102064738664
5224 -14.17305614140694 5.065458301487087 -96.12377835878503
5225 -14.69032692610924 2.981223815458233 -99.39830951709267
5226 -13.60752815697994 7.762094607280436 -87.18877874086868
5227 -14.03070040993466 6.707745508276022 -88.28039354919758
5228 -14.47918417889113 -3.93848525497033 -98.06745719477679
5229 -14.43713822270528 -4.073703099862418 -98.38742530490583
5230 0.7938894370406001 -14.96569929840469 -99.79013976299423
5231 -14.79114629741816 2.435435423034246 -99.34969445981572
5232 -10.06464926885976 11.12343281685758 -98.42613770164938
5233 -4.745974086524927 -14.96964030241748 -87.33122102127381
5234 -11.00844818141733 10.19926819380028 -98.00058048507742
5235 -11.09111387500531 10.10244091011075 -98.30687594985866
5236 -11.2557641876965 9.923580947119916 -98.08366456294446
5237 -14.5041392129609 -4.222649884259764 -94.63631335925632
5238 -14.55822484901701 -3.935216044398423 -95.26139834740447
5239 10.29253664975618 10.89474584183161 -99.60206740504086
5240 10.44263632310295 10.74988012977874 -99.81775366088662
5241 1.625616360307418 -15.5977655038251 -87.58521255321097
5242 2.92233430563696 -15.59835876001945 -85.98487984050782
5243 0.06801426319130305 -15.74579056824678 -87.03489854214293
5244 9.985364098970614 11.1757239698843 -99.79946149006494
5245 -3.017999336869109 14.69248342505196 -98.59483721076747
5246 10.32222088289409 13.32484353548385 -79.17604754105432
5247 4.280557767773108 -21.04553940856161 -61.92840375082714
5248 41.15694513071759 -10.54767102811633 -17.40796414268705
5249 -7.080215952061962 -13.2468078729312 -97.37540628598551
5250 -6.633941628548509 -13.47444815910466 -97.43401745892518
5251 -8.257046667845215 22.28031919052174 -55.51410890421203
5252 -11.63255534243842 20.03949017716237 -56.70152797418389
5253 -9.538909336558444 18.74552894972108 -62.88891881004272
5254 -12.49613728313234 8.670075627013183 -92.73586878629517
5255 -13.03729545297911 7.851979602749003 -92.54866737651734
5256 -13.37226453284756 7.177409822873922 -93.25898026960623
5257 -12.07713702981788 9.158757296561502 -93.67323940451645
5258 4.058295295277372 -14.42704632900609 -99.82457291594697
5259 -13.57346047747369 6.403288017657369 -97.9075146075219
5260 -14.32026826887517 4.419458449246136 -99.76775572337372
5261 10.35614071907972 -10.83295299847583 -99.78446228380031
5262 10.14795748900662 -11.03120062029825 -99.90159425374658
5263 10.02254994126715 -11.14649812197457 -99.91968403016853
5264 9.951822626665768 -11.20548742453225 -99.77337306178089
5265 -8.19382810127621 -12.56652055777549 -98.36943846946647
5266 13.02362229060163 7.416548679940271 -99.63854867275478
5267 1.555466924331922 -14.96122935297299 -96.60620414732914
5268 -11.13466615488196 10.35054709354618 -92.90767233241812
5269 0.428207306877419 -14.98160284236803 -99.8688582115156
5270 11.03795246200832 10.14136057108965 -99.91214318161454
5271 -13.088256560214 7.460400707977619 -95.72966920055735
5272 -12.04021371592941 8.923836226486895 -99.75057957314426
5273 14.68943427044197 2.974774882545785 -99.6010783512783
5274 5.440594482966135 14.15105780044094 -93.79001982970517
5275 -13.72242000240323 6.024714528369255 -99.77410244406677
5276 10.97645577726236 10.20397010378342 -99.79339323301008
5277 -12.47799810996348 -8.30164163699504 -99.64859795325795
5278 -12.41277869889919 -8.397990306052503 -99.79005753882417
5279 4.681676700960586 -14.23669835387571 -99.77819616600115
5280 4.535023198235662 -14.28419531270204 -99.80516284006158
5281 4.39864684483165 -14.32672216599379 -99.79476386159696
5282 4.578072104403502 -14.27099241315702 -99.6515723427412
5283 -12.10809852053026 9.72986194174163 -88.61178525482975
5284 -12.93448371197066 8.616719739598411 -88.46386314190339
5285 4.073072649284355 14.42263950857286 -99.78963583415462
5286 4.207760784703086 14.38388813758519 -99.77194742999075
5287 -12.91480325202458 7.603692023659199 -99.81334566926098
5288 -12.86817261213859 7.682435489575667 -99.6835979466416
5289 -12.83014680748888 7.745978431287081 -99.82757343655899
5290 -14.51945488983834 -3.72725986743995 -99.35822972473368
5291 -15.01151537873765 0.9887666206420124 -96.33148388268417
5292 -10.84068446579043 10.43611521775941 -96.31136583935584
5293 -8.662018175327779 -12.38793559347154 -94.60657030407005
5294 -8.933232043954147 -12.15497275186536 -95.31945709388583
5295 -9.578018725496776 -11.65148612682029 -95.34675092470582
5296 -3.72428791988566 -14.52025030758616 -99.92815806260137
5297 9.133596695480358 -11.88187046241966 -99.76572736094663
5298 -6.480868806123899 13.53400302552932 -98.12291483130048
5299 -0.5431006653527342 -14.98856593322239 -98.66714954031464
5300 -14.36061242899245 4.286815543704837 -99.79133049384029
5301 4.50937398395707 14.29247086473773 -99.69808473600648
5302 4.738534638493566 14.21805190760175 -99.81491802517286
5303 4.901441261704005 14.16261422490791 -99.73159842169437
5304 4.898942554808058 14.16553965024738 -99.51745641841777
5305 -14.90308891845151 1.582525448613543 -99.69742792922179
5306 -14.91720054350711 1.441733197470568 -99.75287188152889
5307 -14.90580081844847 1.58471950290244 -99.91633022155177
5308 -14.91560291286418 1.492357443356421 -99.92099741807154
5309 -14.92528243855759 1.389973444101427 -99.9174156210921
5310 -14.88724090839352 1.72584803191272 -99.81199578460365
5311 14.85868540817235 -1.969102353817065 -99.50512620086248
5312 14.82568847148948 -2.191010765794806 -99.76496010418735
5313 14.81300154774984 -2.286172487838793 -99.52488352876109
5314 -13.16152173413764 -7.173861404835908 -99.41539316196348
5315 -11.86337672453985 9.178596761734591 -98.52099934060328
5316 -12.05061365704793 8.930525693565258 -98.56037335606409
5317 -14.85472519140689 -2.152586209556674 -97.77959933970399
5318 -14.82271915626821 -2.330894406397884 -98.09014707497802
5319 -14.87103661014562 -1.993954623785435 -98.14079253072286
5320 -14.90019735032296 -1.805244874079716 -97.82055447992053
5321 -14.90897684417064 -1.689173623337513 -98.12339587669528
5322 -8.224240370643798 -13.2393438524902 -88.29793073598921
5323 -9.655498390155261 -12.16953448597322 -88.740666756449
5324 -10.09715619306369 -11.66401888384301 -89.88673915999375
5325 -13.57971186160511 -6.350097764122255 -99.28635524616809
5326 11.18636605870023 -9.973326623740176 -99.74307258283977
5327 11.06170104641626 -10.11147319190355 -99.73006305828952
5328 10.93275762203307 -10.25068281483782 -99.75064991981122
5329 -2.68331272618565 -14.98093629945678 -92.8467877196365
5330 -12.35336475863091 -8.508634180750342 -98.47243349700159
5331 -12.04212921484881 -9.73551429122384 -89.12662230837699
5332 -12.86721818875754 -8.530771090472003 -89.60198313438464
5333 -13.17230116270673 -7.861864647449166 -90.78849916816951
5334 -13.72754113488346 -6.807068463488418 -90.98828962916849
5335 -14.16641405538576 -6.052451906776449 -89.90618262211972
5336 -14.23731893506914 -5.667601244936836 -90.93878513761834
5337 -14.56711922178999 -4.900876397005423 -90.3216265963902
5338 -14.56190344628843 -4.676713997301341 -91.32667791495128
5339 -12.22502043734693 -9.320549412859979 -90.42527151580128
5340 -11.24888543020699 -9.908906386602162 -99.32210934968674
5341 12.95099044805643 7.541445306863235 -99.76539039113086
5342 12.91444445902221 7.606786063018876 -99.54897345612467
5343 0.5867071824645965 17.65004624710333 -75.63156119459887
5344 -2.119275574589905 17.34796125922778 -76.46181800854092
5345 -10.45152786057819 10.74091116702741 -99.76939830517041
5346 -11.83533283366002 -9.193949900635383 -99.7944070611845
5347 -11.89618179543895 -9.116052911949335 -99.84815955752597
5348 -11.99872596545009 -8.986775201357947 -99.93696912089504
5349 -13.77777382432993 -5.910045592610865 -99.21343569228111
5350 -9.384825518443973 -11.68801166173952 -99.44356138532373
5351 -3.249341226746282 14.63094076252815 -99.64275955191863
5352 2.508844290644802 -14.98607451231317 -93.24507363905234
5353 3.749476720072811 -14.73745111457071 -93.03077423758106
5354 1.267302174283574 -15.12844645942493 -93.47454054859297
5355 6.433481552465086 13.56729355731732 -97.60138632262142
5356 -9.662145699168628 29.82770537112605 -39.33061073017699
5357 -13.8416195921565 -5.809846056877915 -97.70680116154195
5358 -12.11870009991513 -8.849674125036003 -98.05257702084027
5359 15.24897145178582 -0.9620302505635223 -91.50276897063024
5360 7.942295224175419 -12.71329227339123 -99.37952955765431
5361 -2.557565728482925 14.78488168663383 -98.21857131365026
5362 2.536545933148172 -14.77058906913088 -99.80420950528803
5363 -14.84069340925183 -2.187332501684515 -98.37058090349416
5364 -14.79185380013964 -2.496885121702318 -98.36388168915657
5365 -6.471628974117128 -13.64320330640914 -94.99577207802257
5366 -7.135702368827583 -13.29029306968687 -95.35090998606682
5367 -4.459212818530315 -14.31159850644151 -99.92727179497398
5368 -4.498642859047091 -14.29589713799005 -99.82790766827983
5369 -4.430874922452734 -14.31691759604343 -99.71117416478231
5370 14.58073805423918 3.887190947972284 -95.02380956070522
5371 -11.54378477966542 26.74449062615082 -43.39591804278083
5372 -33.3122934278692 -42.57249120650787 -4.669496799800839
5373 -12.3363925301776 8.509712325309533 -99.74586855976128
5374 -4.216404956445893 14.38353626259083 -99.51203708865023
5375 0.4851527860421211 15.04993113792189 -96.12191445465886
5376 -16.53072969053451 7.236951599896948 -72.62354940094538
5377 -15.33119895140848 9.598291664823769 -72.62362024644673
5378 -14.5654381588172 5.439222666798972 -88.27738800752888
5379 23.45609956030643 -3.654653079407705 -53.31179772136383
5380 21.51419819299347 -7.682579045488384 -55.98600259184084
5381 20.03185720938758 -7.185755719567301 -60.61010592338538
5382 18.97871272745337 -11.42598885766672 -58.33476865213513
5383 20.15960334853391 -3.03593455589091 -63.32807376688289
5384 -10.85804770106811 -10.33482875410079 -99.37682967139688
5385 -12.62493129139459 -8.076338579896076 -99.83645226381081
5386 -2.947289608166303 16.68609919094642 -79.11437898446182
5387 -14.29500224273233 4.763460607768124 -95.62090953936929
5388 14.35367457982886 -4.384902942815098 -97.86726065199876
5389 14.13375083833983 -5.060624153247105 -97.65190555028369
5390 13.83908143843372 -5.829196488478867 -97.44433463361312
5391 7.611826215931922 -12.90990145189125 -99.80703764531548
5392 -4.659108910728565 -14.27077250926382 -97.77529595973931
5393 -4.475970714446766 -14.32266664897489 -98.12917436219071
5394 -4.235770925128476 -14.40166290151611 -97.79898486453904
5395 -4.0797122628851 -14.43972067389918 -98.18003220172604
5396 10.19684576032063 10.98798880946937 -99.3623763430693
5397 3.369473699706567 -14.60304983128746 -99.78925181508147
5398 -13.03580374679487 -7.394049188707866 -99.71834510914763
5399 -16.17348463740667 1.639619419913578 -82.22456788120546
5400 -15.13182297221899 0.2247422800208527 -94.01566283793291
5401 -3.497767056341648 14.78402138399679 -93.27567283866557
5402 14.40397133241063 -4.138723222468984 -99.72139474983375
5403 1.444623402126183 14.92711995704593 -98.79849949825257
5404 -1.128352043861578 15.07951576839894 -94.58944072285985
5405 -14.95076291817494 1.88852832916895 -95.54928577084698
5406 -29.29655724162143 37.76938917921684 -12.65755981975698
5407 -28.24411020229775 42.8765306818232 -8.454865570672586
5408 -2.935391429411288 14.69661320559841 -99.71072307549537
5409 -3.042992700203184 14.6748238734254 -99.82749205525528
5410 14.6719905689615 3.224341088734166 -97.17869139636497
5411 -9.855046530060733 -11.29659091497531 -99.29439886089233
5412 -15.04196310574698 -0.9086597178417292 -95.55140648037279
5413 -14.54105458008685 4.559266517367948 -92.15393414462662
5414 -1.870453315114363 -14.86954725374444 -99.78600876654045
5415 -1.760120989238451 -14.88304374461695 -99.73931522054426
5416 6.486683762940832 15.2066087038926 -81.30938873638527
5417 -12.93138912424199 7.594056863826385 -98.79293712329427
5418 -12.86067957961079 7.718555143182821 -98.54839992940599
5419 -12.75542051054754 7.896504207533901 -98.33064903918596
5420 -12.70646282398847 7.969452763373635 -98.56910955551102
5421 -30.3910838675665 32.08578449286024 -17.12757388872641
5422 -33.92989113052001 38.49588440537179 -7.767257037472924
5423 -13.04491234687172 7.492129339589063 -96.40605911326055
5424 -13.25981823857325 7.094515677189362 -96.57011462525563
5425 -11.66078320952154 9.433620872423965 -98.57646043074679
5426 -4.669134670561903 -14.24094291116753 -99.80854644025796
5427 -4.741673443738369 -14.21729889270223 -99.67118932819157
5428 -4.828845764764363 -14.18756429328656 -99.80567755105214
5429 -2.444777746490049 -14.78951138138633 -99.39254026531462
5430 -6.804242305715118 13.35308691687968 -99.78911204082063
5431 -14.72637347671201 2.870819481727451 -98.17995391816352
5432 9.940662724185151 -11.21700307494303 -99.58201075347243
5433 -15.75131846079761 -3.192769769067608 -83.59949626774336
5434 8.445334925346964 12.3805440238935 -99.77178519631126
5435 -13.4068095978673 6.699309533318506 -99.84921116924114
5436 -8.88488945945133 13.40871021716331 -84.10885016299457
5437 -0.7982986102362806 -19.99646990311941 -66.57572129262981
5438 1.322408640224077 -19.12055680200293 -69.51544022913735
5439 -14.96460622686417 -1.0976957033418 -98.09193764651449
5440 -11.93784257520493 -9.066536172068389 -99.34812532964794
5441 9.771307257088266 -11.87317942735737 -90.50059710694315
5442 -0.6289110171973208 -15.02769278011479 -96.64177545316515
5443 7.655346440660021 12.88399971587062 -99.75361774017458
5444 -1.832647275892965 27.57389097447021 -46.95584306609035
5445 -13.84479942527991 5.738072622042576 -99.79192172919753
5446 13.86859616137103 6.994693864259598 -88.49141054958932
5447 6.551838515938617 -13.48674421365361 -99.05042982150265
5448 14.65241605305793 3.147829220042854 -99.77460814995547
5449 14.57711347638189 3.482635489009206 -99.63028166648014
5450 -13.78961791019065 -6.01814803329771 -96.30974985651041
5451 -14.56252928522677 -3.547219777428289 -99.53107604967752
5452 -20.56442103880994 -3.918937840733176 -61.54055452120729
5453 33.09042492016703 -6.549580263106749 -31.71967307779938
5454 -14.92939220905619 -1.313103886711092 -99.82032307843107
5455 14.0718932554101 5.163535311535878 -99.90815956842
5456 -14.76078260055116 2.592485412775491 -99.76786577520447
5457 13.85602548282842 21.79929249074684 -50.05398442008057
5458 15.48178295972055 -1.855969918168236 -87.74138886436481
5459 -5.127504044750624 14.13021947760167 -96.93559463097374
5460 -8.816977131321771 -12.12349851899159 -99.34689402298361
5461 22.92568917623038 6.311652547560068 -53.33008929371202
5462 22.66595845120057 10.6859692409572 -50.36239795796696
5463 24.7658735104156 11.08299667980164 -45.44253745899152
5464 20.80604582917916 10.01733737568803 -55.48947811687572
5465 19.571276264735 14.42629515182507 -52.69790204501987
5466 -8.336308483662901 12.53252607389029 -96.22719383912626
5467 -8.879729269641068 12.1654114337763 -95.93499933091464
5468 -9.247075089061109 11.86849221010639 -96.40929944693458
5469 5.282386442973144 15.24549654737404 -83.94281794396075
5470 6.253684067148082 14.52532097726992 -86.33419420089972
5471 -3.152432563588244 -14.65531195953344 -99.36499836291527
5472 -22.01692587867474 2.497889549687109 -57.71380894035495
5473 -20.80837509500976 2.348814342374489 -61.47220139703428
5474 -20.9269013210726 5.660497175769179 -59.27982972939643
5475 -22.21643494011813 5.754183913725491 -55.56698125075744
5476 -20.33926533215952 9.446704761493271 -57.33188416623232
5477 -15.38909822093039 -3.817913908629512 -85.34393972031519
5478 -17.42468621191359 4.368009372025906 -72.8352110152823
5479 -13.00015770667832 -7.458713780565188 -99.57961330106093
5480 27.9999205173636 -3.557749830512068 -42.55120503268205
5481 9.387931381565082 11.70781722146546 -98.02716864601685
5482 -1.671909385020629 -14.89393433758787 -99.63672332660029
5483 -1.541631937379944 -14.90721226038316 -99.75986525690034
5484 -11.50049348641539 -10.23315857226053 -90.2046377343727
5485 -13.2767672344658 -6.952698043233566 -99.82676299752485
5486 -13.70720855461658 -6.064187775003091 -99.49724580125564
5487 5.533507369294097 -13.92887394781155 -99.60451085524285
5488 5.521371944452756 -13.93267325736451 -99.80600004575842
5489 -0.9973789809862017 14.95699121918872 -99.92748044752084
5490 -1.012222482973672 14.95260064086157 -99.80744670147537
5491 5.357733465593666 -14.00127733466669 -99.28862591115485
5492 1.72476122949217 26.0688128194787 -50.22143772859418
5493 2.56340866118616 14.82426929560624 -96.52447752577626
5494 -11.76986462839085 -9.404500928051762 -95.7516088264218
5495 -14.66723171882599 -3.143215009710135 -98.43440857927183
5496 -5.330461787857739 -14.58805724636725 -88.95062187528346
5497 -4.122223919780757 -14.40898427375951 -99.83112066873502
5498 -4.19010589902921 -14.38921873855833 -99.71243475610287
5499 -8.521562050420055 -15.76044454263843 -74.14227409936957
5500 -14.48467830096505 -3.846966010498868 -99.79781335742608
5501 -0.6865638316809816 16.62891307991246 -80.824592525002
5502 -2.845994285303828 16.20609991617957 -81.92355722044272
5503 -7.548650987167821 -12.94772179547419 -99.62816662108376
5504 -7.548241203497061 -12.94711935777935 -99.79847084916327
5505 -14.53295811191707 -6.984815113641936 -83.34550065784259
5506 -1.348536396252157 15.83014336944484 -85.86688376272696
5507 -2.482783773281425 -14.78001658483024 -99.83575472732163
5508 -3.818302495960624 14.51379803266476 -98.01884486489034
5509 -14.99499969350901 0.3117180111657708 -98.60196120150241
5510 -15.18622320922008 -2.320184045099077 -90.36830848034631
5511 -15.01836124411776 -2.925092373896959 -91.21185258291885
5512 -14.92940439276181 1.312254066055222 -99.68199599499572
5513 -14.929595886026 1.329586618491917 -99.49651665465771
5514 -14.90937360861869 3.024044374671625 -92.5556386984705
5515 -15.3556543854945 -31.18156225265679 -32.92071283171552
5516 -11.44970897045454 -30.27535589896471 -37.36605209034764
5517 -9.08996537037379 11.91613612038724 -99.63885273407622
5518 -19.43477166274802 8.513013962103875 -60.91621375413106
5519 -15.00057504013498 4.137972478008238 -88.10722208345356
5520 -33.79223162138646 43.97801436583496 -3.018988880935928
5521 -1.905369825178496 -14.89220803195375 -97.70946546833436
5522 -10.12940313417991 -11.08402483568356 -97.56399282399792
5523 -3.224496964473182 -14.81071917285053 -93.87940813455567
5524 -3.582290909333396 -14.6865125216343 -94.66840325882335
5525 -4.140095898538346 -14.50382292383783 -95.4312534291094
5526 -5.031792519389665 14.12536568159942 -98.9748779758377
5527 -5.286214510023162 14.03276760857698 -98.91998467887383
5528 -4.495058545625188 14.29672255073296 -99.78110070890573
5529 -4.980437502087053 -14.13494746936096 -99.76330361461216
5530 -14.99549291667708 0.1515162048105155 -98.78390556868227
5531 -14.99402558437095 0.009981260485964077 -98.998384815663
5532 -2.575658227570581 -14.87574329959826 -95.11452602100064
5533 1.064598929855299 -22.48462891115848 -59.09948121966545
5534 13.88433784747252 5.641566534305382 -99.7759051145246
5535 -9.793270683925455 11.34440592260248 -99.79501926202914
5536 -9.667691814453054 11.45167576711693 -99.80371095147595
5537 14.95140804282212 -1.07978125216495 -99.34550751284904
5538 -8.96812701149873 12.02557721522409 -98.39961618004078
5539 -10.99003555796208 -10.18976226956752 -99.82811754280581
5540 -14.79278627580696 38.92742421878059 -22.4266085098966
5541 -15.63276100438973 3.424498859641447 -84.13067182728925
5542 -10.72114464692189 10.47215983513657 -99.81858168403782
5543 -11.74483586629403 -9.329502867692966 -98.53726399295579
5544 -15.79666368382015 1.148942054573869 -85.44724962848709
5545 -15.70206801690676 0.1970871762295942 -86.65239538304685
5546 22.00772564987811 14.77454394593507 -47.30198555066127
5547 -14.96006487251884 0.9022595914025342 -99.83669693530499
5548 5.021858459999367 14.39281623370616 -92.44073278962539
5549 -9.163196736285455 11.86388986982116 -99.35204778729182
5550 -9.00441779713069 11.98534024928545 -99.31769337789976
5551 16.12986005498393 18.48951807737348 -52.73112566761926
5552 -14.69515616064515 3.861182019121969 -92.89029713676204
5553 4.843212052027555 14.19972684145191 -98.31098163399078
5554 -8.135580613623194 -12.60978209156247 -98.06264961415992
5555 -23.4200016239834 -18.20985310719326 -40.73752633865214
5556 -25.33266782450351 -20.57032229450849 -35.10146389946818
5557 -25.33740703901892 -13.63963602956468 -42.06067021867564
5558 -14.64889512066917 3.165130204368948 -99.81103521177518
5559 4.784521073030092 14.21054151711354 -99.01774283651915
5560 -14.97659854883223 0.8065949944115091 -98.59652856232955
5561 14.60547818821058 3.358807103351965 -99.76386299996233
5562 17.07127767481277 -26.39354650423157 -38.45953268420615
5563 -13.63492431014677 -6.222893425270268 -99.58095092946512
5564 -13.67841339414642 -6.12416640098061 -99.79526012864918
5565 -13.72504809110002 -6.02216339145008 -99.87685343434909
5566 48.99404157420537 14.49735473694223 -5.461642922363054
5567 26.25588052571074 -23.41359214559373 -30.75834059497704
5568 24.76460025974993 -20.47950975803881 -36.05444507143007
5569 -16.2603464328044 11.06340846163028 -66.42881592089338
5570 -7.364273841469526 13.10602262377885 -96.85715620890063
5571 -13.39686830587565 6.743263554979827 -98.61648065847055
5572 6.423821392281289 -13.54478311256251 -99.93619322564615
5573 36.14291930439696 7.965239968774643 -26.02544112210083
5574 -14.86716065485104 -2.628796144445711 -94.82307091977218
5575 -8.323748169473108 -12.58569229939867 -95.22021355675891
5576 -3.834763495774266 14.48799288450778 -99.70798050265356
5577 -13.83395518132937 6.269899807555972 -93.0285119373961
5578 7.617703751989392 -12.93605706012764 -97.73897279298967
5579 36.37070462266165 14.69572892842566 -22.80353321262034
5580 32.93835694789335 13.42232279071474 -28.87764523550594
5581 40.55746820412346 13.92886601154722 -17.02269245489085
5582 -14.85057922830337 -9.061381775988021 -75.85575668630057
5583 11.95460728004346 -38.47536070270933 -24.59329479071088
5584 -15.00222525897062 -0.2888549011792257 -98.07829162698674
5585 -5.276238694671625 14.03116971486894 -99.37211401482078
5586 -2.733633772688512 14.77116923123866 -97.33057122093427
5587 4.069974083706915 -14.43179699180343 -98.98777337179357
5588 32.94937364736209 7.711990550579706 -31.57932841801262
5589 29.98247389166575 12.55407683965094 -34.4101833001784
5590 27.34984199217842 11.42397265219027 -40.01163918569669
5591 -8.04903482637717 12.64309786168225 -99.59547990915323
5592 -5.580793337104339 13.91946930759878 -98.81585558800184
5593 -6.924586342318753 14.08031805772765 -87.37014248246724
5594 12.60987174182871 8.10028457346443 -99.62594124244404
5595 12.46651386143369 8.317904245503193 -99.76556837116732
5596 12.58014726861853 8.151223099637271 -99.92259767782399
5597 12.30894974611575 8.551769456857256 -99.56035928629538
5598 12.34552071073745 8.504205763596909 -99.28878933636997
5599 2.631529500930172 -14.80520096780581 -96.75751646934765
5600 12.5839365576157 -8.150731586177447 -99.11315964875028
5601 -4.506141242890316 14.5369985472475 -92.8220942122577
5602 -14.31027624519381 -4.532315613103359 -97.73359077186144
5603 -12.12463855679056 -8.978267309357625 -95.18027615628344
5604 -28.98723437633104 -3.063145637880903 -40.56423107823507
5605 -27.52662608107422 -6.839925603383133 -42.38897545545299
5606 -28.25631370258024 1.333137743646293 -42.37080727395943
5607 1.141101825657661 14.94379735676087 -99.65660206806781
5608 -14.33315929988217 4.423040585115282 -98.45117603047595
5609 -14.37179533462031 4.285198516090405 -98.71598887506077
5610 10.30249965598471 16.23606612155205 -68.76883609776
5611 9.327523159987443 41.60513976445309 -21.36013266880635
5612 3.332597875490806 -14.6398314689107 -97.66837143546593
5613 3.835559974584628 -14.51631274494788 -97.65979137096446
5614 -7.027584447806114 13.23687188901038 -99.77619648386873
5615 11.46590370935517 9.650636819421283 -99.77332390912363
5616 -0.579140025492578 14.98138207154196 -99.95570687025365
5617 -13.90244326134821 5.597531209198528 -99.81912220114961
5618 4.375957474910026 14.33395969142575 -99.6873936032153
5619 -14.41053549507934 4.128346858572638 -99.35927601165176
5620 -13.9459410434662 -5.515791358935908 -98.71440560818139
5621 -7.206322943475876 13.1404882727694 -99.79613682868313
5622 -7.117687875308735 13.18915249019292 -99.6677780759313
5623 -3.631097369792066 -14.54338414732053 -99.42491899153202
5624 -3.646246622531377 -14.54219905032761 -99.20401440663261
5625 -9.297803149202467 11.75388318891155 -99.78989996576325
5626 -9.180160570762984 11.84614035734038 -99.81014578892724
5627 -9.3361194525159 11.72655103500139 -99.90689190638146
5628 44.08705582500574 -2.923129530221557 -14.62168433120233
5629 8.906744514269178 13.84277893218023 -81.59877182869474
5630 -14.07533025263031 -5.153517569157673 -99.46031212627564
5631 -13.06364452495602 7.377030234756545 -98.26842310209486
5632 9.656352840938775 -11.46496526533395 -99.91671821282635
5633 9.692496678182968 -11.43069577340635 -99.80445359979002
5634 -15.18699166524231 1.581904032306537 -91.65614310441191
5635 -6.282008874869916 -16.22932957295671 -76.65543792946553
5636 -9.295937070410101 11.76671555560774 -98.88044695335581
5637 12.59968040744668 9.136060123263359 -88.26570309213622
5638 13.83157290415774 7.668427001897839 -85.83478608921155
5639 6.609327765505685 13.45441626400094 -99.39261515576572
5640 -12.96102344759161 -7.541410405050298 -98.88516781584599
5641 1.264703519684597 14.93496638871565 -99.54791444406047
5642 36.48806846705986 -3.625774781148366 -26.45107389928288
5643 7.475498391335932 -27.90628810355144 -44.17665260981874
5644 10.83146245001455 -25.40998121936337 -46.50831551401896
5645 2.355361305099938 -27.88352037485181 -46.22201802135176
5646 24.59166429198462 -35.28588660707759 -19.51478663524817
5647 43.09307314483448 8.891167456464217 -15.06507721201592
5648 6.205115639670929 13.64410225590563 -99.50737221473605
5649 -8.624928499371805 12.25610268264093 -99.76675845492119
5650 -11.14803704083938 10.09284563133345 -96.6272789100618
5651 -23.13117650225606 20.84919349738505 -38.088571746908
5652 -1.749272523854809 14.90028540726922 -98.34438174271531
5653 -2.132345816804468 14.85138237884065 -98.27087709054524
5654 -16.80459765269647 -3.850352064767971 -76.35878930113284
5655 -9.915827355602801 11.23744615472599 -99.79566855211864
5656 -14.80042715008906 -2.357334115415014 -99.81622855089863
5657 -7.718459755059389 -12.84635127860683 -99.7950309680414
5658 -7.796010099789574 -12.79988737513201 -99.83764110210214
5659 -18.33644718671121 -32.68345662011603 -28.27001340060504
5660 -14.49324627415274 3.866858910751904 -98.43837983331179
5661 2.109296270034429 14.84911241354638 -98.68470230405842
5662 -9.817477104850818 11.3509892200991 -97.97977033906336
5663 -5.563715787190311 -13.91899006685087 -99.42703815078153
5664 8.975585728443425 -12.04602986103738 -97.26797297648253
5665 16.25875848329577 4.926061461699824 -77.76205456398017
5666 5.838110774030331 -14.02736164832021 -93.21092019110903
5667 37.08082376123851 -13.51205073036425 -22.32250081146378
5668 -5.141992735323256 18.19698590039015 -70.34499893735091
5669 -17.13246556971078 -17.16654106903637 -53.25628892234737
5670 -15.89488643941472 -16.36689544099167 -57.07185210434221
5671 -17.24828006623871 -13.49394207105905 -59.34446602580765
5672 -14.57725585186591 -15.82846224197964 -60.85005455951151
5673 -16.19474516923018 -13.046862265949 -62.76088634580699
5674 -13.73168052572519 -15.01297451249143 -64.54695460210128
5675 -18.31259030485294 -10.56046623855019 -61.35803553731166
5676 -17.2117009295072 -10.25864574176766 -65.01781901806989
5677 -13.66586438208536 -19.3911471476204 -55.05470318868354
5678 -19.5958045508967 -10.68490099428674 -57.76339005017087
5679 -11.99976087949537 -17.56788420491437 -61.90149869569784
5680 -10.51366414913201 -17.20343529397745 -65.53384152909292
5681 27.09046401352201 6.823603212717888 -43.32117489879573
5682 -18.00186006902922 1.493216783336606 -72.30108510972588
5683 -14.87724237602996 -1.811440045807646 -99.8277677849795
5684 22.98908703870866 -8.396826533059532 -51.64734951419577
5685 -12.27628432462113 -8.596324875130744 -99.7209076848593
5686 -12.34251799260798 -8.501671059804192 -99.83682854645023
5687 -10.34477805995894 11.14075908109812 -92.92894475958772
5688 -10.2794386970425 10.98317884172273 -96.46991539973533
5689 -14.98689735191589 -0.05879821294150357 -99.67453377082285
5690 -35.41124536091016 11.90274105383652 -25.67623892327266
5691 -14.16863391436774 4.917592172171164 -98.6528179402768
5692 -15.13568685721148 -1.749064667068558 -92.16210000575268
5693 -6.157602228357028 13.78769430332926 -95.00271311742533
5694 5.92058435263873 -13.8262071798446 -96.6218453406654
5695 -11.59919034615185 9.780261815144319 -93.41464766194542
5696 -6.757200392834423 -13.39577075826702 -98.26101404982766
5697 -31.33373149878323 27.34421030307399 -20.47634454962028
5698 14.82117353307918 2.225035773080577 -99.64144538690844
5699 14.77684101386791 2.500497046731859 -99.69150780941021
5700 8.574033361234484 -12.29176113643738 -99.7629498416081
5701 8.43296842525128 -12.38896662966826 -99.7669325207366
5702 -14.31426755974557 -4.651018976494034 -96.12428310529191
5703 0.05347858157100324 14.99837199937219 -98.66188808750718
5704 0.9810602129613898 14.95502364862951 -99.6723359801704
5705 1.20974178842013 14.93791198307342 -99.72605394442543
5706 1.361355918878108 14.92534519449478 -99.84902510102404
5707 4.416522142338431 14.33469463815675 -98.55946272048713
5708 4.042553172706723 14.44696559076463 -98.38916304049543
5709 -1.770916414165019 -14.89633839889184 -98.44352391681129
5710 -2.002289225440035 -14.87124734716911 -98.15768405516266
5711 -11.78125221014139 9.264074081186289 -99.84663351354831
5712 -3.952021284809179 -14.45637405076793 -99.80852079691337
5713 -3.854903277193922 -14.48245504690125 -99.78076850684305
5714 -5.227366927114231 14.06975345014172 -97.91123788746924
5715 10.12697185573645 -11.09805416276136 -97.17669344673506
5716 -10.79828525277874 12.8285036797448 -79.62049296441862
5717 18.65599433184942 -6.69751885187237 -65.48171178702829
5718 -27.0931876134385 -2.812959891760404 -44.71676483983656
5719 -25.51364563567832 -6.685234876935176 -46.86322607886253
5720 -24.29482318962514 -5.016563008075941 -50.59164586556663
5721 -16.48554074776029 8.650089708445089 -70.26573949186275
5722 -13.23190430744921 -7.172036358021979 -96.16252009605762
5723 -14.97757639645788 0.5360787449694867 -99.83115121861587
5724 -46.55637482800763 -24.01059798235658 -4.495542788725352
5725 -46.59810279575833 -17.84776699623286 -7.289109220292878
5726 -50.71171806380843 -14.11532583212673 -3.41214156572935
5727 -41.88224698348751 -18.06032845258953 -13.3133558563517
5728 0.2992900465498688 -15.0390117711907 -96.60437588364339
5729 12.99807115455976 -7.466697285339021 -99.92141239423535
5730 12.97035400867468 -7.508275769871915 -99.79490654497089
5731 2.346776034311492 15.64643927370106 -86.38471604537536
5732 -11.47762651698332 -9.653134782180487 -98.71772153337078
5733 -10.43991881227892 -33.19084659096846 -33.27640007032265
5734 1.761067001450864 -14.88325721087646 -99.68242494262888
5735 1.800071593926763 -14.87831961234438 -99.80630643523327
5736 -16.29048216623211 49.34047378484141 -8.789914823895259
5737 -9.852462724807207 51.48014104089481 -8.57496709940243
5738 18.82822528099544 -48.70205748336155 -8.303533139657272
5739 -10.10874671984712 -11.06430362447903 -99.80605665674403
5740 -10.19808657444827 -10.98326960388302 -99.86740848096339
5741 -10.03635877845301 -11.13104947896312 -99.86138942477071
5742 -9.981273881110559 -11.17990394952262 -99.83884227374948
5743 -9.96639777480115 -11.19931009962817 -99.94651062409632
5744 -13.62492137470632 -6.242975732265713 -99.82815895043998
5745 -2.578643833616142 14.85170799540479 -95.67600287337247
5746 -13.60074894540014 -23.23955186629066 -47.68890192727699
5747 1.446889577568675 -14.93309558332307 -98.316228781273
5748 -6.128184225259356 14.28543594047996 -88.79401415213803
5749 -7.419986229222071 13.03421487778119 -98.66227074751384
5750 -11.10509565470815 10.87678603552121 -88.55842135725449
5751 -12.54176634551528 8.204057132478473 -99.78130319789159
5752 13.5879411146198 -6.330685570179795 -99.92559116737505
5753 -1.742850545647902 -14.88776956600194 -99.45955309581717
5754 -9.839860714826417 11.31894531272774 -98.66361756891119
5755 -10.26707002897607 -10.94739637778025 -97.91580628462935
5756 -10.56514852531806 -10.65997308368099 -97.91401397926523
5757 -10.79820937370723 -10.42243694784265 -97.96779439593082
5758 -14.0181650905454 5.300935127729135 -99.81430036253721
5759 -13.96934093264285 5.427950632626228 -99.79869380222692
5760 -13.93651600446373 5.512052348906933 -99.68363730315666
5761 -14.02955324065805 5.282198552250036 -99.9351418323932
5762 -13.90933502405048 5.583186788331207 -99.55984179278403
5763 2.902657581103532 -14.70403745687161 -99.60400569158011
5764 -8.599331465382976 12.29892126541892 -98.02295835269928
5765 -7.714477971410292 12.91757458153772 -96.42549606330512
5766 7.169287511909222 -13.16164134510925 -99.86074679949911
5767 6.204959774557524 32.30226220590086 -36.76554724124972
5768 7.292152285731436 34.95603466231604 -31.94948070606607
5769 9.460901874740189 29.57823500150013 -39.89540267984817
5770 -16.87052290137764 3.103750663431775 -76.7947037388775
5771 -8.297151809362621 12.50532601816606 -97.99794986658426
5772 -14.44754156580013 -3.984363309978313 -99.80530500558419
5773 -19.03347708770632 24.73769706938844 -38.59736733814622
5774 17.36343531933448 33.74473353082118 -27.64624624206781
5775 -9.08463436594432 11.9300403546629 -98.92355206935858
5776 -14.99201789544788 -0.2582645018193045 -98.9776902924326
5777 14.81460343996479 -7.063962391022658 -81.34657515508286
5778 -13.16270738213665 -7.165877777886124 -99.70048770955431
5779 -14.37874456959443 -4.290534067375617 -98.072075647689
5780 -34.87264062540466 -12.41285531940204 -26.29278072194746
5781 -14.38088625471562 -4.259768907987371 -98.58381711143984
5782 14.95916695624247 0.9086471662964322 -99.77677556251199
5783 14.94796647214576 1.076904445387471 -99.75385971895217
5784 14.95796618193986 0.9405073723063595 -99.61271037035388
5785 1.231101699607025 -14.93619380424373 -99.8106220704348
5786 1.105563414064607 -14.94595088405221 -99.80087267444355
5787 0.9884585879173111 -14.95720464764773 -99.92144243053126
5788 0.9483995686989646 -14.95666998570132 -99.77072874158839
5789 0.9708846461902713 -14.95630989159523 -99.60585772448968
5790 1.134941371959642 -14.94438097338673 -99.64371267355267
5791 9.962786323122389 11.1964553650873 -99.65362101208083
5792 9.938998753200075 11.22135969846082 -99.38938865810013
5793 -15.0255508619842 2.696455413291814 -91.71931459742167
5794 -2.292061059313192 14.83324330488385 -97.93194232348466
5795 -13.31555535788186 -7.492768154006629 -91.62150442793711
5796 3.293345302240187 43.45997127968899 -20.22624484348967
5797 -10.81025607653661 10.38068412783077 -99.84604613610892
5798 5.775679025234673 -13.82906326197926 -99.76710130174092
5799 -1.344018582241353 14.9267061055796 -99.83537965391884
5800 -1.450550173766839 14.91641042113128 -99.79870463998266
5801 -1.445031444009267 14.91768821806563 -99.63323627726653
5802 -1.62784461785113 14.89863294464512 -99.65631758041206
5803 -1.555148636296019 14.90684781050379 -99.86989447752204
5804 -4.836477329866959 15.9037833781362 -80.84723702485086
5805 -32.15067393170912 12.99476335268941 -30.42596414329384
5806 -6.148290866866783 13.688310216932 -98.12409234433322
5807 -6.63922100662287 13.50526918981166 -96.34061940807491
5808 14.98639318157253 -0.2970632549476837 -99.43677044796547
5809 -15.32953650699628 -0.7690410862673073 -90.53538685373219
5810 3.362598058517149 14.60460988687841 -99.75754642536837
5811 3.256738667539354 14.62969413328469 -99.60349412732342
5812 14.58059624465545 4.215782687090098 -93.18216451498992
5813 -26.44513665439541 1.820372074177839 -46.37402718174285
5814 -10.8156043180713 -10.37458099840947 -99.81955559593516
5815 -10.90170219020984 -10.28866990946635 -99.92406467096629
5816 -14.98689394897845 -0.2146344768213857 -99.51993257254193
5817 33.22286868206675 -29.16825767545775 -16.66169964449166
5818 34.48535297842668 -33.44490830575447 -11.62240723970039
5819 39.6312306365113 -32.62124779504134 -6.892505269894121
5820 43.03530052989223 -25.7035992836446 -7.701206408768016
5821 -10.34362721519978 -10.84563084370959 -99.65067716747735
5822 -10.33395889571583 -10.85425277222042 -99.80539951977443
5823 -14.9340523998506 -1.292293801084583 -99.38958123606066
5824 -4.880175663315827 14.20654230354154 -97.34446713956177
5825 -4.004601250689639 -14.47598056381276 -97.42251474816094
5826 -9.429018444981425 11.64895873447627 -99.80130870964676
5827 -9.547409271985366 11.55209611269328 -99.79711497361183
5828 8.667635976091878 12.23061857056926 -99.35421848649297
5829 8.93817180189872 12.03670932573392 -99.18197109262196
5830 -14.30001416668123 4.519508571182995 -98.70158828981165
5831 27.23614270464605 37.45752052530496 -14.80854856208231
5832 13.53568198422788 -22.23505414961144 -49.6450174219453
5833 -3.279352660070992 -14.66351802942995 -97.17663077076921
5834 -12.58539003855883 -8.186263433930367 -97.6177492131465
5835 7.740982624082125 55.1599862838864 -4.736822483967516
5836 4.228511682298809 50.95408240066284 -10.31139449402604
5837 5.504810465183093 46.95794215127248 -15.18888277666414
5838 -2.697594134887596 51.20100009710403 -10.15628626417167
5839 -8.705124180320471 -12.7820349352193 -89.53073757113229
5840 -13.49935335200828 9.059880006566781 -82.5168517214849
5841 -51.66660675496464 14.82590310085804 -2.019099901825107
5842 -55.10876622284502 7.954253761493204 0.7051879434156101
5843 -0.9404103672397437 37.04606320896317 -29.94038132525646
5844 -28.53729099596303 -47.89864746987516 -3.290144309764104
5845 -16.53286732809448 -48.76205240695593 -9.347626795741302
5846 -18.03423836106729 -43.7782476581692 -14.43223895370943
5847 -14.46014888068559 -53.803714983289 -4.448610068040786
5848 -10.65841632038493 -50.56898295313158 -9.437590606836432
5849 -4.273330274511376 23.74008923757384 -54.85010264828379
5850 12.16509784462201 14.07047701428264 -70.93933643779106
5851 -10.07581350259986 -21.76132255802573 -54.81132322386091
5852 29.00396064822828 -42.72260751403665 -8.015309391278068
5853 3.357135134426771 17.58600121033933 -74.49141786579581
5854 2.230194363777148 20.22136037878616 -65.46847981098894
5855 7.981920401043981 -20.46235479716821 -60.30576605328918
5856 -6.398320345815943 13.56393197030653 -98.74824936185162
5857 11.08883912190036 10.08162450989354 -99.7624919099941
5858 -6.796619684067712 13.47688112130032 -95.14196783191285
5859 -7.413626020177039 13.17013961966896 -94.68900413874174
5860 0.9461233618147166 14.97594144008859 -98.13684297781624
5861 14.70893968612287 2.971316296007131 -98.01366845428171
5862 14.49445731148363 4.015105063512915 -96.47501303617877
5863 -19.83096899385585 5.825816441175058 -62.50368887014962
5864 -14.99116303570307 0.7362125216977432 -97.81478154377483
5865 -14.9619455966445 1.018361106669168 -98.75562751040805
5866 14.09739901632987 28.40782818116678 -38.29266951019485
5867 29.89233399345409 24.18403057315681 -25.15465380197054
5868 -21.02009354089489 15.60939552962199 -48.18474903877535
5869 34.12201517459432 -43.9861092206051 -2.74478373472647
5870 -13.45579804946423 6.635569856376755 -98.23990060581191
5871 -14.3234883120357 4.413137490143702 -99.86985748971846
5872 7.020003978923055 -13.24097774982718 -99.79904935209848
5873 -11.0815341903672 10.08998972184661 -99.81564518098183
5874 -10.98613263796101 10.1941122262398 -99.83498193284386
5875 4.392816428406433 -35.70374971714502 -31.62610653797362
5876 -42.1409418069212 18.04326808990232 -12.97779750256178
5877 47.97276531045036 27.53877104053544 -1.035980896936818
5878 1.169147611626762 14.94120859299447 -99.81536780945493
5879 14.44626340801203 3.988357475731106 -99.750284169163
5880 13.28861915230256 -7.1931506538966 -94.58541060337753
5881 13.15094238089314 -7.573367001487895 -93.28631427292032
5882 13.79301195347621 -6.267778494158824 -93.73519878610378
5883 -13.68849165675409 6.102647932746887 -99.64766242831783
5884 -33.48297853090254 5.439146595489675 -31.32879031180721
5885 -14.92382470954448 -1.884020078710368 -96.39453666630708
5886 -14.54529629053138 3.677501951281972 -98.22538033758272
5887 12.59975401375807 -49.00134336854563 -10.68260016636436
5888 -14.96792125649438 1.496242800782228 -96.38490640066122
5889 12.05356646182878 9.36342625121711 -91.91764628947053
5890 -13.46787719573137 -8.835552490341499 -83.57665409251554
5891 -13.8574992981612 5.715228209236498 -99.91680234565152
5892 10.62947658477984 -10.95467589702038 -91.96863355906528
5893 9.289178591633394 -12.07154028294153 -92.5039439605779
5894 -14.18723081569948 4.856309826043467 -98.87487837442137
5895 1.876795434926788 -16.21116816633739 -82.79209339526943
5896 13.47518907812862 -6.559490512573731 -99.81040302141078
5897 13.41484415295784 -6.681648199656544 -99.78013872352189
5898 10.6143587064565 -10.6283339155823 -97.3051449985562
5899 -14.04838047036211 5.282737757140205 -97.85433629941336
5900 6.626148211807727 -55.25523807301339 -4.823862163323128
5901 25.16733993171428 20.53292643729844 -35.3897845855769
5902 -14.98440244615326 -0.7851049384052107 -98.0819061744251
5903 -14.95020277405447 -1.234253025925393 -98.36568946101066
5904 -7.456934787174354 -13.00047562365678 -99.84508019988223
5905 -14.73146255211117 -2.827795700624216 -98.42036218206903
5906 1.744939538724391 -25.83123709050725 -50.75052554750589
5907 6.26551395220243 -25.94679907117369 -48.81550650364684
5908 14.32665561741708 48.30293556062059 -10.84950883963832
5909 22.63460992873724 51.16112638259607 -3.627265860942847
5910 -0.2760087770739887 -48.2294313141243 -14.0189398770798
5911 -8.712788112566548 12.39022432685051 -93.97728891573026
5912 -13.05719483237979 7.356177331107972 -99.79086876387569
5913 -14.17316818494012 4.937976604773468 -97.85634264218621
5914 -14.91332564951898 1.656593087531899 -98.07653022049419
5915 -20.00950039063003 0.5967252830082747 -64.55970000334159
5916 6.066060644202297 -13.70479151895168 -99.65614877234962
5917 12.29662665280232 -8.586556125630567 -98.66064535905961
5918 -2.418014327638644 14.79046004538425 -99.80502933621388
5919 -2.512777477567323 14.77670219622606 -99.90161983283562
5920 -2.290233707032178 14.81114829262448 -99.84065545401903
5921 -22.57409808493576 46.35352204390482 -8.783211654408758
5922 -10.95700582275751 10.22667472426515 -99.57033802349035
5923 -6.102630988729445 13.68894196528755 -99.61715033730941
5924 -6.069321804130435 13.7027872241252 -99.73703299403203
5925 13.42258800033357 11.91694975639567 -73.48726827755127
5926 -12.96910384637671 -7.515108880092602 -99.46198829046944
5927 -14.90545364323917 1.647698136389334 -98.78571833297276
5928 -8.67764187946811 -12.21892690818114 -99.79656987093763
5929 -8.744859857416911 -12.17150022166354 -99.84384779082099
5930 -13.4082817127794 -6.694792203362557 -99.77802328910924
5931 -44.8381175063327 -12.964614677853 -11.41934080567672
5932 -14.85373616459401 2.359357855418495 -96.47780286241638
5933 -14.78415032490145 2.747710357734076 -96.57372880455782
5934 -12.5803527341279 8.147333262353401 -99.87838621404705
5935 -14.43892299776338 -4.298554422809295 -95.68959578830751
5936 -14.46117799387252 -4.164060528672192 -96.18987554149676
5937 -14.58988444191648 -3.731982766481994 -95.84779923220843
5938 -14.20080407891419 6.129173131377592 -89.18159081220381
5939 -1.997076757693581 14.8656238492554 -98.6029819833571
5940 -14.96922084648961 -0.7277205169336167 -99.80673922048859
5941 -14.9675781384649 -0.8458914150413033 -99.94081645407039
5942 -14.97507980000308 -0.6418348499696747 -99.89604181460042
5943 -14.97303924195905 -0.6478979908781946 -99.66906076128905
5944 -14.97813633855443 -0.5086948740614533 -99.78593789917213
5945 -14.98188443867667 -0.3836838573118477 -99.79110460991456
5946 -14.98572665133777 -0.3495761170059358 -99.91631445900306
5947 -4.667079409783592 -14.25699113640139 -98.41999972246163
5948 -14.4950437330521 -3.853107512198608 -98.59084667563577
5949 -14.06572664595993 54.07020160164272 -4.287556486186532
5950 -34.38076215002672 -7.958648745550226 -28.99207860098674
5951 10.45087349373561 19.79844931451348 -58.91007039575506
5952 37.79136776646558 32.00592502278845 -9.308850672924613
5953 35.76126994088184 37.98429716777552 -6.509972841380363
5954 -11.67597973888907 11.63692837538994 -81.22069978152203
5955 -10.78524658510556 10.65512254910128 -93.65046836035778
5956 -10.2612628072958 -10.92341127518526 -99.83475149464729
5957 -13.29596806572837 6.935231260761028 -98.82223605999367
5958 12.16341787337511 -8.755259233612277 -99.78965546608866
5959 7.480272199402352 38.48463192578834 -26.45456798776779
5960 -31.03557195487794 -26.34281454143081 -21.74044114883999
5961 -39.23360810115376 33.54552777862303 -6.62200769727648
5962 -9.149197255201985 -11.89871422840784 -97.87297266377323
5963 -12.70006466194218 -7.957492574420867 -99.82961534406707
5964 -9.615861226993152 11.49560095372609 -99.6707289682914
5965 11.25273492972911 -10.03187499454036 -95.50453102563286
5966 6.207375969971547 13.64092201618071 -99.71289262271381
5967 6.212019097533683 13.64060833568503 -99.89311390782261
5968 6.379992115240787 13.56370784750376 -99.91064739426119
5969 31.82060203985679 18.90592762303911 -26.9188785953277
5970 -13.10442331466625 7.584194558189215 -93.95046649362168
5971 -12.88337999326228 8.012141827146142 -93.3739489313932
5972 -12.52993189871906 9.040783680171614 -89.47688377244936
5973 -11.84471252175136 -9.219971024453356 -97.808410000926
5974 -14.89286785461801 -1.795053855103816 -98.39883097707749
5975 -14.92232556167361 -1.532991456460152 -98.38209603385687
5976 2.541323662412889 14.76990555464976 -99.82221581934147
5977 2.679072053114798 14.74530385485408 -99.76764214470444
5978 14.74452495522537 2.683380422108832 -99.76269981951963
5979 -5.444570408362267 13.96304297654989 -99.69326772415917
5980 -5.493420450808881 13.9441334497446 -99.84222707959242
5981 -5.298313188010996 14.01963053479179 -99.85315271356394
5982 -15.93761744887365 24.45081453253263 -42.80743041080521
5983 1.252016261852173 -14.97650177382894 -97.06799602903121
5984 -14.32868365707377 -4.396381172046235 -99.5661817567795
5985 -14.33890269014633 -4.359279730082214 -99.69297521397604
5986 -14.40436430457361 -4.138466271587644 -99.8255583487956
5987 -14.33650446261545 -4.366731775300548 -99.78988662067644
5988 -16.28622894974456 -10.26652825561409 -67.89408172672616
5989 -14.96305884742558 0.8956163728090423 -99.39156823192666
5990 -26.36386191265285 32.01310671386737 -21.40066958143741
5991 -8.356055092457632 12.44120229332469 -99.7045150359278
5992 -8.224570747787512 12.52832419609219 -99.74068852745539
5993 -8.313656602341881 12.46976680439335 -99.82957480533145
5994 -8.12104637683978 12.59660730476161 -99.85784515850081
5995 -5.897156247981203 -13.77977933065365 -99.52603832293259
5996 -14.99208830904448 0.01720482930044416 -99.18350956218038
5997 -13.15280233344691 7.184119719859326 -99.81128938158388
5998 -14.89166682948014 17.81629383882267 -56.16369505947124
5999 -50.06761674405747 -2.416489387122757 -6.324095785360291
6000 5.569909907584644 -24.05528154785324 -53.40789062453712
6001 -13.95559452381737 -5.467242049088815 -99.8829327060251
6002 -13.8870811721031 -5.637868838061658 -99.86871022605033
6003 14.18027599969654 4.852284172453062 -99.61654494430623
6004 -14.98823803638895 0.2385317683198807 -99.36456247733256
6005 17.43344024944445 -6.497288917075533 -70.15681300017781
6006 -14.93338707809787 -1.309167128725662 -99.93021050990755
6007 -10.97057068531914 16.83952932947116 -65.69489377629017
6008 14.92807907319512 1.461420502790058 -98.49839659087679
6009 -18.01088348167858 -5.074906337070667 -69.63346400408551
6010 11.72032833313728 9.362412310959463 -98.42971855675576
6011 -8.013410232085274 16.84375885657567 -71.14377349307766
6012 -6.819874597414318 13.34667521713774 -99.88196673729364
6013 -6.501110030606763 -13.5036829421916 -99.8360972120919
6014 6.964547051242377 -13.31675863484023 -97.05986320154911
6015 4.866924168052717 -15.16022846929355 -85.52102993191322
6016 15.92519974093632 8.585409312320975 -72.51686919509899
6017 -44.41480519440474 33.59891718700673 -1.236151345480199
6018 -48.59035185365673 27.37977145130253 -0.4361751771814466
6019 -13.28242349137341 -6.997579484096569 -97.63780896462794
6020 44.38053523279821 -33.93262103834729 -1.052609562936502
6021 7.238670856391757 -13.12466938823014 -99.53385648481168
6022 -14.89361409629913 -1.700552420440452 -99.92607461455719
6023 -14.89643197867296 -1.647336699988174 -99.83655617682862
6024 -14.91538807694911 -1.490972618698968 -99.9149650338331
6025 -14.91844420327427 -1.432302278324921 -99.82174210231146
6026 -10.02163477720498 11.14354496532625 -99.82740131222459
6027 -14.73058686088029 -2.782685610643501 -99.9365516756437
6028 34.70239779275239 43.73495172504746 -2.492162655723906
6029 -14.94917072408688 -1.120463024676458 -99.936263866061
6030 -7.563587698685645 12.93843885444106 -99.6855453162336
6031 -8.256595809775305 -12.51841643182325 -98.8487958441202
6032 13.05114114226082 -7.366776271379463 -99.74849402543686
6033 -14.76151108503946 -2.611415336163516 -99.93113681769941
6034 -14.7637785079918 -2.578000308151835 -99.83171855144911
6035 -12.39501037126699 10.5084164443731 -82.67796845520785
6036 -2.050796225485505 -19.00811769619114 -69.67818751079419
6037 9.640904694975671 -11.48757464139946 -98.75290468209076
6038 9.897556973529344 -11.27870130085412 -98.09559784499608
6039 -6.696905065251029 13.40785513816305 -99.65269675961049
6040 1.129486950879515 -14.9571641164194 -98.55762664147514
6041 -14.79309509453823 -2.425747400548486 -99.93026049471713
6042 -13.36754120116023 10.78483487736556 -77.15385319982337
6043 -6.179012664579479 13.65739875503892 -99.92579096160765
6044 -11.99607538304467 -8.983396466232545 -99.81135432943287
6045 14.45101106527962 -3.971418659191563 -99.79057219132319
6046 14.39032115304427 -4.197440555758977 -99.91984126950764
6047 14.50574608378479 -3.769031247521132 -99.62524667472192
6048 14.51037103170069 -3.760806480497092 -99.39569218734485
6049 14.5414574738185 -3.625963563370732 -99.7646356350312
6050 14.51392067301038 -3.747786411889288 -99.91975146322562
6051 14.49905467978894 -3.792144932660372 -99.78342574302961
6052 -11.75217951608503 -9.300627004179203 -99.83566153028151
6053 -10.59635338812719 -10.61076861895428 -98.86952670185997
6054 7.02490596806626 -13.2450498313411 -99.1660766916573
6055 12.40704017101471 8.701335219283767 -93.7183009422869
6056 -14.82207579912865 -2.242312656347566 -99.93119318233401
6057 -14.82460854101666 -2.201869859854451 -99.83624021613919
6058 -14.04439645027679 -5.53120606203631 -94.93630000925828
6059 -44.41072114007915 -33.90924414793614 -1.03712112661408
6060 -4.367430426026422 -14.35105073589373 -98.46162125039447
6061 -3.864724836711904 -14.49506243781906 -98.42407216826631
6062 -11.07203502700847 -13.84493765981234 -74.74916665021753
6063 -14.51561274916039 3.728429975718151 -99.71433180064143
6064 -14.48874037906384 3.83498471849954 -99.85991697158448
6065 -14.45385274407907 3.973154627623452 -99.91979259145796
6066 14.97506607850185 -0.5912834759585681 -99.7751056239909
6067 14.97199151606272 -0.6983701276579365 -99.53512887324595
6068 -14.8487207203636 -2.058279993320892 -99.93076241832493
6069 -14.85081792133344 -2.017499680370115 -99.83591394885012
6070 -14.65709570800637 -3.146932413099411 -99.93664003571274
6071 -14.65754128405757 -3.125737187576539 -99.82818055939197
6072 -14.68029306634091 -3.016292972878844 -99.81423322746765
6073 -14.66703779997795 -3.079235578718216 -99.7186660054568
6074 -14.63392302039025 -3.233065986903169 -99.79391566643204
6075 -14.69372307327033 -2.963896462940228 -99.91411448185933
6076 -14.70581245018017 -2.888743797464388 -99.80100703375325
6077 -0.5768734950648133 14.97577616486548 -99.71334116147408
6078 -0.4175657428095858 14.98201192877623 -99.87302902286567
6079 7.75780135137275 -12.84327915224067 -98.1944570870883
6080 -14.98978533971045 0.006305484158970912 -99.91599938512798
6081 -14.98658467619259 0.171978692759358 -99.85438361144438
6082 -14.98727825184026 0.3292237500787463 -99.93338757419765
6083 -14.98676598684071 -0.05651211254967867 -99.80318534106496
6084 -14.98599318988276 -0.1652764348125898 -99.69222520465274
6085 4.862033113807178 -14.20075206591333 -97.88170616125211
6086 2.48759792546724 -14.79919062813109 -98.07323444784375
6087 2.840105606651903 -14.74092284971776 -97.78538302519121
6088 -14.87488040661106 -1.863119071046824 -99.93636672761328
6089 -15.38088019126641 35.26304167673167 -27.04311587321779
6090 51.69720175433915 -21.39931950736576 0.3214773031974397
6091 -14.3837191612181 -4.224054107593601 -99.93695202294785
6092 10.35424240059861 -10.83566349727503 -99.63619959529279
6093 -14.43012322364904 -4.056301553230731 -99.90907772806611
6094 -14.37734144277447 -4.235202468424242 -99.87788458809034
6095 -14.3762155507335 -4.233897416824601 -99.75715624490685
6096 -14.94230296537189 -1.269192106792921 -98.79856505850721
6097 -6.689052867379767 -13.43665653750146 -97.89461196414535
6098 -11.3046394671044 9.861196247905227 -98.38934555131904
6099 -11.45388322480122 9.684026795883979 -98.5648792400257
6100 -14.48538354815842 -3.855468967281932 -99.91475932254548
6101 -15.1390558755669 -0.3866886290405272 -93.80048590484293
6102 -7.159629226306353 13.1794113659818 -98.63488032666606
6103 -6.897560183051465 13.31794670542209 -98.67313005534689
6104 -8.490339882356736 -12.36211797956958 -98.77015374557219
6105 -7.754471546353129 12.82480416820358 -99.81542898464909
6106 -7.643587563498887 12.89128713827267 -99.82339042797405
6107 -15.03871706470217 0.1025292726983776 -96.50432445556361
6108 -14.11255560386038 5.044858160001496 -99.83123193608469
6109 -14.12498581326915 5.023934988487346 -99.94545588240914
6110 -28.29082899915846 26.23982000709395 -25.22768502210496
6111 -27.66732407383896 48.04333069660659 -3.737741150315697
6112 -14.5302261632618 -3.688676320564015 -99.93678391806802
6113 -2.786803830824881 14.72659688765709 -99.58887049983387
6114 -14.83598971707979 2.183089764659782 -98.83378472860679
6115 -14.57471698928318 -3.508755812148516 -99.93673296137543
6116 -14.15208610650853 4.933178898683354 -99.83792314103766
6117 -14.17863401955405 4.854858892282937 -99.78693623369212
6118 -11.67459753394608 9.483119382873863 -96.5225819502887
6119 -11.91172255969891 9.174768441474084 -96.70575565339071
6120 -14.99080595390657 0.09354825882886991 -99.93614177540199
6121 39.95139052123768 39.15044553951551 -1.658703678106039
6122 30.14787708825907 41.65133320656427 -8.139993255935197
6123 7.601916950185874 13.04579980637988 -95.00305706119111
6124 9.651486129163281 11.5060430194367 -97.44561931800159
6125 -14.27532065316414 -4.577047618907105 -99.93706868201311
6126 -14.27930961872919 -4.551478839921972 -99.8309709466304
6127 -14.61425909770036 -3.339231256623591 -99.93371390025341
6128 -14.60649737626357 -3.357135248446303 -99.84240919873952
6129 -14.3391225452779 -4.364839767072906 -99.8943957091566
6130 -15.26884630640891 4.893301071564132 -83.93810122217276
6131 -14.95808621494845 -7.982096253550152 -78.12426543595298
6132 -14.91685709782108 2.601965175571599 -93.84902966547283
6133 17.29826287364972 12.01061158352554 -61.77769833085479
6134 -12.56276480534045 -8.174825612197306 -99.88554499352803
6135 -12.65313218935108 -8.037457388794273 -99.92252237034768
6136 -12.50643684710452 -8.257969175092573 -99.80056030272064
6137 -10.06570847360092 11.83934194069264 -88.66481076808617
6138 -8.786592406373265 12.79358795015455 -88.93293363941353
6139 1.005362981084994 -14.97039144572614 -98.24397147627091
6140 -14.73878590760854 2.761882200927515 -98.87508734150182
6141 -19.85890800739025 32.35975542585076 -27.34376241228097
6142 -14.2304346008114 -4.729116206016567 -98.84734323466078
6143 -13.82873990288617 -5.787114825467355 -99.93307925209206
6144 8.570502339825659 12.29422954115497 -99.75627857823318
6145 -14.88833783463769 1.781499040012028 -98.94932489366396
6146 -11.80664648030815 10.84252870024146 -84.29961919742786
6147 -15.87278770104651 1.95215426676557 -84.18998156659943
6148 -16.68152788726234 -2.403604981695976 -78.44759772598037
6149 -11.99917133275853 8.980310029928916 -99.61732404813642
6150 -15.005109192455 0.02189657947799565 -98.07028182070356
6151 -55.72408147642764 -6.933104943374137 1.319463696524325
6152 -13.94966548080028 -5.488913205759727 -99.93142539313662
6153 -14.03332060320088 -5.272603657683338 -99.93731569800431
6154 -14.09693373934814 -5.10008079842654 -99.93725352998641
6155 -14.1004668106108 -5.078489874260728 -99.83016176826095
6156 -14.13610765525075 -4.978091414572543 -99.8211744812431
6157 -14.12306296024261 -5.014256077756754 -99.71988641792024
6158 -15.10251275439938 0.8449600604659321 -94.17227523943036
6159 -9.582778182280776 -11.53798481747326 -98.62715096409589
6160 -31.6172863068055 9.280223976313557 -33.31535528527016
6161 -14.1545488778923 -4.936620996319115 -99.93138624021816
6162 -14.16354351109965 -4.90018647085107 -99.83826759565704
6163 7.45466434395354 13.03361782798853 -97.61465386273653
6164 -14.21794867649783 -4.752279063816486 -99.93713024028662
6165 -14.22266581628896 -4.72516396629321 -99.82243878866376
6166 -14.98058439849588 0.5613071654627931 -99.93611799812963
6167 -4.165712246242393 14.41050208097015 -98.49116705090427
6168 45.44735397029382 -8.930310898277099 -11.72204848724981
6169 -14.11986932468456 5.455947926223967 -93.98094755631446
6170 -9.453736685433755 -11.64155768340601 -98.7911812938484
6171 -10.60510383949378 11.2116494795897 -89.79815490900954
6172 -14.97240680734248 0.7483300610671961 -99.93611273278232
6173 11.01567851024721 10.43628556931553 -93.39714301334145
6174 -14.82253263531414 3.239021963927965 -93.27134043316389
6175 -14.52965699614259 3.707608825344235 -98.8848254677704
6176 0.5238260790948551 14.97796776355547 -99.83774264825273
6177 0.6883118908446959 14.97440546584094 -99.92763334846065
6178 -14.64441700598795 3.784659302934227 -94.20405006940798
6179 -23.40581680824393 12.45034000401462 -47.01968099531143
6180 -0.2308510180719972 -14.98726640456121 -99.90663537424051
6181 -0.7129862860625314 15.64586737687523 -87.7735570364557
6182 -14.96189324477371 0.9352546486307555 -99.93610897903747
6183 -14.49113972401912 3.990794043477672 -96.83233441254274
6184 -14.59554071706159 3.596877812972114 -96.76861732222434
6185 -14.62198094199882 3.321789297674188 -98.95047888677418
6186 -14.93261885594796 1.305133169954485 -99.91151334787904
6187 -14.93478597496249 1.24928197276434 -99.81195712754611
6188 -14.94904529738377 1.122047146053803 -99.93610911222281
6189 -14.94449415970833 1.131721012197372 -99.83898606964051
6190 -14.26786934385431 4.725970884057869 -96.85386854663372
6191 -14.33505226803841 4.552650560575357 -96.46745470155467
6192 -14.72563504554913 2.801385479068991 -99.91514654627434
6193 -13.78424398542592 11.81988425101401 -72.54120445451331
6194 -14.87325414684265 1.857835769613783 -99.89627612509598
6195 -13.59127448317159 6.335012434709241 -98.89918264579218
6196 -14.13814854042976 5.099876267532895 -96.87094482095399
6197 -14.85135543092028 2.040528595878433 -99.93325553038729
6198 -14.82311346790588 2.237911462084213 -99.93616054062514
6199 -14.81583104528744 2.259005321713789 -99.82313126515032
6200 -14.83242547541725 2.145447230823133 -99.78981517189646
6201 -14.83537963106903 2.126457774194502 -99.67570599798212
6202 -14.40354376461563 4.151506314238621 -99.91824539461132
6203 -14.43335856243607 4.035275109043756 -99.79873967155146
6204 -13.95525838472961 5.472163970446221 -99.91656604829117
6205 -14.9388499701468 1.6673443426345 -96.7835066691449
6206 -14.37053183622282 4.261000606497221 -99.89899860954858
6207 -14.61323595123875 3.339625363156647 -99.91968920722832
6208 -14.31203155784524 4.45974149276582 -99.93207361319419
6209 -14.26850629301584 4.59693577983082 -99.93140940822731
6210 -13.21333706244251 7.07888386261127 -99.9221088375063
6211 3.681458756617893e-05 15.00363360195495 -98.27613215933393
6212 -13.68459121587042 6.215986614654022 -96.86721027125883
6213 -14.21016786361988 4.775402821060691 -99.93655420207882
6214 -14.47605920296287 3.890504930337753 -99.9153867906023
6215 -14.52659423651659 3.702864661400629 -99.93634387909644
6216 -14.51544188661591 3.730623155083512 -99.83264699053557
6217 -13.78823167638837 5.878525957973938 -99.90247977987927
6218 -15.02801942671889 -0.2964883562510807 -96.80714758744881
6219 -14.57158004539424 3.521673166031375 -99.93631892042873
6220 13.95368748763478 -5.476940748809755 -99.92142212551383
6221 13.97612039013466 -5.410345737718963 -99.79067511890472
6222 14.06726287497865 -5.168546362749736 -99.74348346444752
6223 14.09344527059676 -5.100423181536597 -99.56596091089192
6224 14.11985729216475 -5.023090143375993 -99.77020752044479
6225 14.04082256083292 -5.245511846487999 -99.89250203377344
6226 -13.30977268234989 6.8956120654394 -99.92019632809271
6227 -13.26217631959212 6.980032804676313 -99.80450469420497
6228 -13.70595924459217 6.072924743767746 -99.93692747925911
6229 -13.69784298150816 6.081893724347065 -99.84353741653747
6230 -11.10233392974613 -10.1694287728469 -96.05215593668431
6231 -7.446295194984033 13.63909039004342 -88.79586937429086
6232 8.777252731112387 12.14884647622983 -99.59547906565653
6233 -11.35601162532287 9.783895512127609 -99.91162358442797
6234 -14.32015572384266 4.447315181709948 -98.92433337529805
6235 -13.62994358597089 6.241669294683822 -99.93698544848158
6236 -13.17641369675338 7.149566625225662 -99.93732294795015
6237 -14.82025254364808 2.32500942273914 -98.33191834424511
6238 -14.99029102361082 -1.124553047919528 -96.75137935461571
6239 -13.43161009531301 6.655018631630562 -99.91894953125723
6240 -12.92812591542334 -7.712443576109402 -96.06970541452502
6241 -15.68698197934373 -6.156425007490724 -78.59695665768548
6242 -10.24920435367557 10.93875422859783 -99.9232580569219
6243 -10.13257372336359 11.04318457627493 -99.8479384978183
6244 -10.06047128130677 11.11298408783998 -99.92799418329804
6245 -10.2690059306721 10.91638934861617 -99.84607118255846
6246 -13.83680845627116 5.869982928884835 -96.85426666272429
6247 -15.71662305819741 5.966938699201043 -78.82255473531414
6248 -13.08766460026009 7.310765021266241 -99.93738702594506
6249 -12.46490039366981 8.326303384160722 -99.92148282422022
6250 -12.61465107454813 -8.109326015194787 -98.79518823772344
6251 -13.98854002449026 5.39855713291525 -98.99678525287773
6252 -13.55163399246564 -6.682239861766194 -94.59797933282607
6253 -13.2860777700485 -6.942718489450362 -99.93169147674496
6254 -13.370918351976 -6.77892126018268 -99.93795620219579
6255 -9.026626602872751 11.96759095689295 -99.92412390986271
6256 -13.49225237159161 -6.53408169528819 -99.93784274647761
6257 -13.4519483170477 -6.615822747636884 -99.93292636703808
6258 -13.57076405621036 -6.369408325081267 -99.93776632164642
6259 -13.57051882058759 -6.360509397580921 -99.83278479131901
6260 -13.64189594613336 -6.213935917753451 -99.92816850775182
6261 -12.98709477156236 7.48508123519533 -99.91541507895626
6262 -15.00625121551266 0.8574766796815285 -96.81601743342642
6263 -11.18704177072394 9.973149398700313 -99.83136719290398
6264 -12.20675170822635 8.702308555883754 -99.93803507072229
6265 -12.19055303402069 8.718544695256316 -99.84919750259616
6266 10.81939812792039 32.02212680164139 -34.9234660531697
6267 -12.90106563005023 7.632658958732998 -99.91778721176928
6268 -11.30867966524644 9.841209868230129 -99.93866158162406
6269 -11.28076343691722 9.866846274080249 -99.82204887960053
6270 -12.7156300107245 8.014969537532622 -96.86127020234203
6271 -7.612315407744211 12.91295930661413 -99.91826517214975
6272 -7.558865206152883 12.94226735481484 -99.87534884696954
6273 -2.280708975801949 15.50935315371218 -87.63233057603165
6274 -11.4838714399522 9.634436925030236 -99.922293499971
6275 -7.792130339609987 12.80706276805476 -99.94075748292742
6276 -12.81019765414606 7.78674044733095 -99.93759476694892
6277 -12.79175832214776 7.809406216757075 -99.83513523492542
6278 -18.77181710103934 6.502496197740772 -65.30974719205901
6279 -12.10015025326887 8.849937879673936 -99.93810930092026
6280 -13.39597687879739 6.739228135527853 -98.85541869714123
6281 -12.59490113314179 8.130408112982584 -99.93793027973305
6282 -10.19745065678965 10.98763565047962 -99.93022660554705
6283 -14.9731725416625 -0.8281479286337349 -98.80318981641415
6284 -11.18944245983432 9.976579135676394 -99.93874646413053
6285 -12.71404308016347 7.942774907258256 -99.93766491834353
6286 -10.37884027235081 10.81568327580593 -99.92144969243124
6287 0.2625893070252256 -14.98520745225593 -99.63416284092614
6288 -10.51655421267142 10.68332817113335 -99.93710538146077
6289 -10.57145498147835 10.62869639039225 -99.93417605947
6290 -10.53508732548358 10.65974210172271 -99.84214185455068
6291 -10.54571683303887 10.64878108994238 -99.6932279251093
6292 -11.99188411583647 8.996100979320701 -99.93818538801909
6293 -12.84685303982357 -7.723524666767919 -99.91788108403121
6294 -12.89860298713045 -7.632013240131021 -99.84713685289009
6295 -12.95420658831602 -7.537403422327972 -99.85119819100125
6296 -12.13548849614503 -8.810016993685188 -98.81154143934437
6297 -8.410315329385913 -12.41401114802044 -98.97440504214882
6298 -8.943567796588118 12.02728104192431 -99.87932856519292
6299 -11.06277064353461 10.11514021838316 -99.92207827303831
6300 -13.84075649781226 5.767531596864596 -98.97447142330309
6301 12.71869295740349 -7.92724624996344 -99.806101716928
6302 12.59037923411006 -8.135314194718708 -99.92137364810938
6303 12.56948476358107 -8.161593809700186 -99.79081870813931
6304 -11.88197853147077 9.140776239796093 -99.93826296503354
6305 -11.86341499719585 9.15812092018829 -99.82588089184343
6306 -15.05024515155853 3.56938759158968 -89.10996560832362
6307 -9.167098893946161 11.86033054731408 -99.92402796459849
6308 -9.095367206684005 11.91228493017566 -99.86076950911738
6309 -1.828038282294806 14.87522862026303 -99.83823986543756
6310 -14.93312163156412 -1.397665263681615 -98.58962354143986
6311 -13.20514343342133 -7.093536051933887 -99.91742896197601
6312 15.00430947493392 -2.390604113865755 -92.8811772679913
6313 0.5795952349680792 -15.01802772859509 -97.05151368434704
6314 -11.65630154977053 9.424335709091688 -99.91391416208235
6315 -11.60966234820285 9.477763791412913 -99.82748817391878
6316 -14.90854971417097 -1.63728586603623 -98.60771675943673
6317 -10.93037169402659 10.2560510791668 -99.8941220886538
6318 -11.77045778975465 9.283943974577221 -99.93834101156503
6319 -2.383001565651615 14.80948215027919 -98.53774484210444
6320 -14.77884545301325 -2.55041855685927 -98.68922201156708
6321 11.28612245206586 -9.895699959968574 -97.82235638582313
6322 -13.06874549862923 -7.343732896972862 -99.93242031927528
6323 -9.926283986494429 11.23187052759415 -99.91380695251631
6324 -11.73591916952576 -9.335974950633183 -98.79671491851998
6325 -14.85069672584129 -2.094584647225465 -98.65341753750364
6326 14.98889376704863 0.3410428880929766 -99.95507879272742
6327 14.98408707126755 0.4207045778074399 -99.91961328301404
6328 14.98228031789239 0.5141635722463954 -99.93619898976743
6329 -6.908002294228063 -13.31172455327721 -98.73493300627023
6330 -11.02545669301558 -10.16558532426425 -98.77857101624799
6331 -12.35928814607451 8.720431159656725 -94.28196894684366
6332 -10.82303250326415 10.37294690646181 -99.93899446984622
6333 -3.125887459420842 14.65716106493897 -99.79883191982407
6334 -3.667638870396179 14.54746975540248 -98.33515831294042
6335 11.19830575787448 -14.49904710791592 -72.17784544783872
6336 -13.59444580103818 6.622628183014212 -94.32741141664934
6337 -14.59561525754495 -3.444470024369434 -98.76055898610782
6338 -12.71074936215605 7.954632335082914 -98.95569944855599
6339 -12.22754849949024 8.680164975924953 -98.89924736641365
6340 -12.45593483174663 8.34929323306911 -98.88878476481062
6341 -7.416102527657307 13.0284233040028 -99.9409396789157
6342 -9.784859341995704 11.3552215442231 -99.91292621121995
6343 -14.609647615787 -3.550005188267738 -96.67170468818345
6344 -6.40714481622747 13.55155847368434 -99.92113615456805
6345 -5.255449291535941 -14.0441801865283 -98.9318931807633
6346 -14.55345169325114 -4.420476733772528 -92.62441125335921
6347 -14.93999656712269 1.382903295434533 -98.1576273222107
6348 -14.38540121581454 -4.37752595301232 -96.60602915352058
6349 -14.36488543749304 -4.304063152971153 -98.83006002082894
6350 -6.582248085939574 13.46877165833498 -99.93923148603011
6351 -6.659496104841311 13.43001172685366 -99.93035690221079
6352 -6.602255589764537 13.45503565554607 -99.86143951519804
6353 -10.69806658135617 10.50178723076072 -99.93907601317679
6354 -12.89037977694892 -7.653352866460371 -99.93837694890266
6355 -12.09614198368499 -8.853602179094024 -99.92305560581063
6356 -12.17513089990287 -8.741177559997476 -99.87667436081603
6357 -14.76804322372905 -2.565041662909544 -99.45489297472236
6358 -14.10782981524693 -5.200331553475685 -96.64697209407448
6359 -14.78632801330941 -2.718167551428942 -96.69274430276768
6360 -14.7609847746391 -2.914394406920599 -96.274344710607
6361 -12.60551994891329 -8.113990553081985 -99.93861668727973
6362 -12.35643471916486 -8.488506135773747 -99.93882382296843
6363 -9.700345607381799 11.61373461561416 -94.24607042696354
6364 -14.69622919305171 -2.990257272709393 -98.68427711906391
6365 -12.4570212832728 -8.336441866423772 -99.90460622062838
6366 -13.02148224127063 7.434229887859384 -98.99355019829855
6367 -11.77261272902457 -9.281288896080756 -99.93926263018872
6368 -9.653084588849506 11.46735974908835 -99.9116141461564
6369 -11.8958918084982 -9.121626902413624 -99.93001253094945
6370 -7.3036801259446 -13.09648498466129 -98.91574389146155
6371 -12.14973150073091 -8.781823632816874 -99.9389858873552
6372 -12.21362151681805 -8.685537355930816 -99.82415341040081
6373 -9.422471323818572 -11.65999882774932 -99.94078291373518
6374 -9.441024828147176 -11.63977324137502 -99.84188769957562
6375 -11.66136537115932 -9.420689437741652 -99.93934131605241
6376 -11.60272690599749 -9.490271180222697 -99.91497671554718
6377 3.743994494584357 14.51161952567292 -99.80535517755143
6378 -7.264214642558778 13.1137202931509 -99.94100867668544
6379 -9.562821541616534 -11.54333856888679 -99.92045373931775
6380 -11.78031937370772 -9.290846000821368 -98.24343224690099
6381 -12.48808956013657 -11.60597097563635 -77.91713018060695
6382 -15.03496051990035 -2.191207557372077 -92.87547841133359
6383 -10.59979120618495 -10.59905766490395 -99.91964299948201
6384 -10.69724382133696 -10.49640023130453 -99.71295850642316
6385 -10.67425596278781 -10.52051874231971 -99.84819064102567
6386 -5.186356017235261 14.06080471737417 -99.80394692506579
6387 -11.37670070376513 -9.762570677385376 -99.93954846124774
6388 -11.38326582635479 -9.749016578208453 -99.8494498439314
6389 -11.46811223419914 -9.64814136510568 -99.79729034443497
6390 -11.46840364959901 -9.648513905152001 -99.64919342084535
6391 -12.25566384584186 -8.627891129172159 -99.8763863766769
6392 -12.26768715270711 8.609323175418766 -99.65300644633479
6393 -9.514131385656302 11.58526239905743 -99.93980097653939
6394 -11.95202859769993 9.056144587383768 -98.88059211178795
6395 -5.845290570112931 -13.81002098089025 -98.8530903834593
6396 -9.624586862352198 -11.49372542825752 -99.94066878314587
6397 -14.90753496824738 -1.921531180514498 -96.81312981352823
6398 -7.11151005987638 13.19715813111776 -99.94107737872834
6399 9.366483689895443 11.70148908912134 -99.52811265444522
6400 9.161944222948994 11.86178826956011 -99.56719671715932
6401 9.290373598531813 11.75974984162208 -99.73658462130332
6402 9.542641665759756 11.55794986915666 -99.55098878393864
6403 9.696846944600912 11.43097163134822 -99.40956681405878
6404 14.95963165624214 -0.9023514500129006 -99.70877524800196
6405 -14.94668424824831 1.14697046172344 -99.32007551348661
6406 -11.67401066395718 9.41234983377826 -98.85096005843509
6407 -9.749613408641249 -11.38731659582271 -99.93530558541553
6408 -9.768875662366103 -11.36603991810245 -99.84270897111074
6409 -11.3833307526005 9.762701636408881 -98.80441865175885
6410 13.32781437591484 -6.853528913993865 -99.75560843420267
6411 13.20342193660548 -7.096634879423352 -99.91621373298759
6412 13.29308476066859 -6.929437228337107 -99.93234843037946
6413 13.24284275314062 -7.020919269778759 -99.89805765619766
6414 13.22845333155539 -7.043500255586202 -99.78435346631204
6415 -9.286323081998445 -11.76872249820628 -99.94085593543305
6416 -9.295765061645902 -11.75640453604844 -99.85500067952663
6417 -9.217600048124451 -11.82214545400653 -99.93605921796029
6418 -11.06366206705164 10.12411953384071 -98.77050844367569
6419 -11.33498256834713 -9.807891377670421 -99.4613712550363
6420 0.9008358151859487 14.96773985156459 -98.98205764633057
6421 -8.617553050420867 -12.28698174328099 -97.98287225491713
6422 -8.004853888102957 12.67307634447571 -99.91369659192534
6423 -10.73924951321373 10.46790773574396 -98.75414617311948
6424 -8.162631689753374 12.57415439978949 -99.94056838704059
6425 -11.2715028263532 -9.881416742338029 -99.91552571160078
6426 -14.99648115599518 -0.3901726188056998 -98.32674345428254
6427 -9.952354922349182 11.26878306941794 -96.77855042741174
6428 -10.08525808622295 -11.09017098977221 -99.92467687165211
6429 -6.941155366948955 13.28504439276659 -99.9056691437884
6430 -13.09659427397229 -7.28792777527886 -99.58551244385438
6431 -4.036085749115108 14.46308401845166 -97.60205600581364
6432 -8.814572334452754 12.12603678002256 -99.94020407770559
6433 4.492513432126949 14.39422790404863 -95.53046383240508
6434 -14.67483318593042 3.042375858627737 -99.80551224900056
6435 -9.84176155216492 -25.67916879580663 -46.84767483532112
6436 -10.65715889398891 -10.54337001207331 -99.94003989861541
6437 -14.8338378322171 -2.153001563221084 -99.44357213627535
6438 -10.40572023293099 -10.79004694986608 -99.92443826844176
6439 -10.82572625331375 -10.36733809801202 -99.9085831841906
6440 -10.87610978473809 -10.31121911037867 -99.82502755480155
6441 -14.44587484018192 3.999881530010263 -99.43249293915025
6442 -14.03451121823027 -5.287053205554224 -98.69159500295179
6443 -14.27573131197627 -4.599265305855954 -98.60181147541809
6444 -12.49959517889001 -8.289079303433333 -98.6215353902419
6445 -0.36551028731485 -14.98233142124625 -99.73254583067319
6446 7.085009380227884 13.20706114267266 -99.63522697466981
6447 -6.021719697281291 13.72873025391379 -99.94155040104729
6448 -5.963679945849153 13.74940509582026 -99.83006125851804
6449 14.04770094478579 -7.081075951098322 -86.54681829821349
6450 -9.092456934061593 -11.92952081563851 -98.54319636576891
6451 -6.803751869722127 13.35843174920563 -99.941216849255
6452 -10.03084600750491 11.14913949060191 -98.72133584887084
6453 -6.335320039200376 -13.58487879244887 -99.44871947271716
6454 -10.39271925330954 10.81251559888032 -98.72506431015488
6455 -8.522465156200926 12.38438714448852 -96.83586632682155
6456 -9.254843320361413 11.84404075314783 -96.91381348341444
6457 -6.608669901987 13.92739072047982 -90.16322423189445
6458 -9.08003610789758 -11.92860806960746 -99.94096135450278
6459 -9.098916332213372 -11.90909484532632 -99.8411543012275
6460 -9.014429551881666 -11.97256347427332 -99.78379041530707
6461 -12.87059579703902 -8.199740461503026 -91.91306563445198
6462 4.788861810981405 -14.20298000828497 -99.89535939319012
6463 -12.50315231452686 -8.362148327362622 -96.47212499606312
6464 -47.26155834748877 21.0295461140068 -5.092163032654948
6465 -11.94132497561963 -9.15300718460111 -96.35272392080556
6466 -12.12406396776917 -8.93202099961634 -95.93420594989409
6467 -15.41926353575647 1.508376810994877 -88.79927032143316
6468 -8.941164841735345 -12.03305445413785 -99.94103060418276
6469 -4.327664621315782 -14.35952535745826 -98.73835770084639
6470 -8.309210603535409 12.4777735607232 -99.94048934430366
6471 -8.214697673068514 12.53608783429095 -99.87021419487394
6472 -14.75920130235325 -3.659126820104518 -92.68006798198527
6473 -14.69810789602736 -4.076148996355299 -91.93140834203965
6474 21.59710176047172 -12.49453198909165 -50.82275440255088
6475 -14.01558216387059 -5.946801637768035 -92.4059214734
6476 -13.68988528083514 -6.127080299326837 -98.59498112863795
6477 8.644642962998713 -13.41446766398109 -85.06591931288186
6478 -13.49208428358678 -6.54852298663888 -98.69943623938744
6479 -13.52132301770425 -6.494979325389823 -98.43788681049163
6480 -4.82469177007737 -14.19898087546549 -98.84256601227325
6481 -8.425856717760251 -12.39415010680565 -99.82429840317234
6482 -2.984734647095662 15.54628446640399 -86.30211350820579
6483 12.01566921472762 8.98617868754897 -98.16720733346745
6484 -8.671435648853251 12.22880831400086 -99.9402848414389
6485 -8.629878347413408 12.25356004254134 -99.85533980824854
6486 -8.589451020429813 -12.28659360615482 -99.94120602810438
6487 -2.524929968268676 22.8949836100611 -57.67374631922073
6488 -8.731736667785826 -12.18422692272959 -99.92208156657685
6489 -9.968893568790714 -11.27638270599826 -96.22117223522919
6490 -2.890416618983788 25.51576337346087 -51.20617190190959
6491 -14.98645147100159 -1.303094791902858 -96.36793899869679
6492 -8.595347761279521 12.2854555904617 -99.06259541576472
6493 -7.744825826006423 -12.94070762126408 -95.42717411068132
6494 -5.695477748745859 13.86567551788527 -99.92088029874293
6495 -5.882768947890009 13.78881444477211 -99.94126864869347
6496 -8.447007299894619 -12.38495868154031 -99.94127423710582
6497 -8.537264200608243 12.32255512769301 -99.93724296344898
6498 -8.240388886902972 12.52684074692906 -99.02274066150726
6499 -2.598067155360404 -14.77162261302537 -98.66846382324984
6500 -2.091268363801499 -14.85406568656451 -98.49399022441354
6501 -2.386526510722717 -14.81326526772195 -98.23094015837307
6502 -11.21612508289067 -9.96863107357445 -98.07263943307099
6503 -8.303588138257354 -12.48157195630618 -99.9413414097251
6504 -8.321773850000675 -12.46440508887032 -99.83352104427678
6505 -4.909808645960646 14.1820830550688 -97.99852894028083
6506 -3.129336803771452 -14.66750474172602 -98.73048074121121
6507 -7.867649613752559 12.76485434238966 -98.97576844021187
6508 -7.808397122179555 12.80470209602945 -98.70456640134945
6509 -8.046018881051651 12.65675168969262 -98.70239064803383
6510 -13.27399498785899 -6.978520773995364 -98.76484764059184
6511 -8.159215771712997 -12.576426169916 -99.94140837257419
6512 -8.293786206315842 -12.48288288242415 -99.6940183273221
6513 -8.179151586831273 -12.55858555916679 -99.84123788391355
6514 -14.90191487438276 -1.611817088560864 -99.48317423002204
6515 7.944647965248503 12.70929372691433 -99.56860929973922
6516 -8.00585041971893 -12.67435276978468 -99.93878361233057
6517 -0.7343978009553038 14.97786123007268 -98.8885379529907
6518 -0.01576280078782308 14.99484052192782 -98.98000215337373
6519 34.55065965703704 -38.5973314766647 -7.108273237332445
6520 -3.604972634237281 14.55888551791126 -98.6490984228148
6521 5.239619521354197 14.0563705966181 -98.43803203458836
6522 -7.843061266215802 -12.78448427318248 -98.63254722490191
6523 -10.80055927277736 -10.40922294656826 -98.48240123187061
6524 12.48771761224688 8.291115006669228 -99.91272930775826
6525 12.41991401889933 8.392226393621312 -99.91151898723614
6526 12.35425088089133 8.48380827955317 -99.73494468989286
6527 12.34691809188613 8.497071218549184 -99.88148549471815
6528 12.25636794464062 8.624782537627345 -99.7099163483015
6529 -9.169713891924921 -11.93609328663701 -96.21728755407052
6530 -11.32774663387524 -9.900307135594513 -96.40851590235155
6531 3.727025368749135 -14.51714733372823 -99.59019688554525
6532 -9.834944009497821 -11.77314458189005 -90.95462168059778
6533 -12.84231861137331 -7.757513801888802 -98.21183561911309
6534 -6.910005401406557 -13.86879590772683 -89.27862400817952
6535 -8.300268188581217 -12.56079976075548 -96.1177993557163
6536 -10.33473439409036 -10.94004351068082 -96.26002063680174
6537 -10.51816940399057 -10.78601831425606 -95.78571206168827
6538 -7.051596401110626 13.23443942946583 -98.87485801091633
6539 14.06853371281839 -5.176521622756202 -99.32093034104051
6540 -1.430656961817693 14.92756684403849 -98.87799537173598
6541 13.22019407693689 7.06063273194374 -99.61511661945859
6542 -13.06707963047099 -7.35595388086649 -98.89193806119866
6543 -6.881377675629301 -13.39714847897459 -95.97734620134894
6544 -7.38101252817593 -13.12843479010199 -95.97158664954326
6545 -3.67465352120701 14.53199169028539 -99.91322227232854
6546 -3.76617180695613 14.50841909456691 -99.91087333614944
6547 -15.42536997807536 2.164811503088093 -87.90978639568651
6548 -7.488321356540624 12.99185956317476 -98.9097132012032
6549 15.10246215841144 -5.376120131782597 -83.97851501360282
6550 -1.503167646236189 15.09957155164529 -93.59789097771954
6551 -7.646744893876938 -12.89445152572697 -99.94164141068238
6552 14.08134540105265 5.130027356096051 -99.7542005933819
6553 14.14258227843745 4.958754284444818 -99.77203658918435
6554 -7.801581703571732 -12.79964457393845 -99.92067374849285
6555 -10.27847098430455 -10.9113353035533 -99.92453405288576
6556 -5.714812327485619 -13.88401518965052 -97.6646633517378
6557 -5.072938946266165 14.10257571369224 -99.84415343969275
6558 -5.455215480066599 13.96192895820892 -99.92061499200229
6559 7.939234172773874 -12.7132892650698 -99.89531334511391
6560 -5.624595422229978 13.89616016355921 -99.94171115823613
6561 -5.588294447199067 13.9060771161259 -99.81909165023822
6562 -11.43169480949626 -9.735730158434317 -97.53393377052328
6563 -7.498353683358563 -12.98130767985035 -99.94170383388781
6564 -11.7432319377905 -9.768600988720815 -91.75726891022626
6565 -5.37348726223074 -14.0747487263552 -95.87140069542797
6566 5.947159105432745 14.43016567686329 -88.17916753279843
6567 4.259134837470944 15.30367761073399 -85.82943770847875
6568 -10.12746908943558 -11.06121747720437 -98.73550983823665
6569 4.067321879645813 -14.42456001880064 -99.68898574371572
6570 -12.74178211685022 -7.929307276995191 -97.94707363708638
6571 -3.129104772208516 14.66601795514766 -98.8626588030656
6572 -3.34123127126915 14.6245310805916 -98.43106111490374
6573 -1.954891845098774 -14.95108667856699 -95.56613803161028
6574 6.174724041853644 -13.65563366591976 -99.79711840783959
6575 -0.3588168135841389 21.10538325169265 -63.11126512608662
6576 -7.336327213653786 -13.07286633448328 -99.93397645044634
6577 -7.379693398069572 -13.04454797647955 -99.84875115670042
6578 10.54319052471621 10.65094569709195 -99.76099331212335
6579 10.87132927603307 10.32075867920146 -99.92408886036691
6580 10.74602166343054 10.44989644288454 -99.90812511828443
6581 10.66329233012362 10.53149921903336 -99.84282203035137
6582 10.67576540273209 10.5188383066516 -99.65168715591037
6583 10.76004032706191 10.4318302919468 -99.76731249996773
6584 -6.434214585024511 -13.54970871528359 -98.5389691754708
6585 -6.661693778622124 -13.42991026187841 -99.94228079349558
6586 -6.699716621337111 -13.40613375061548 -99.82726205181079
6587 -6.828501613478449 -13.34417753302995 -99.92092856842595
6588 -6.77278368384858 -13.36915940101941 -99.80596691155745
6589 -6.566051757439966 -13.47184525723699 -99.73145683973148
6590 -6.512760798395112 16.21242561325303 -76.31212711014868
6591 -4.416667752608681 17.28794567720154 -74.71770043645762
6592 11.44943597929955 9.674304726072503 -99.91074730182025
6593 -7.528762201504573 -12.98500429341932 -97.87806466810282
6594 -7.199065286245446 -13.14964851198036 -99.94182585452789
6595 -0.2201538439760439 -14.99301631179115 -98.99970550419211
6596 8.85451399332468 12.12353637173116 -97.70725030251982
6597 -6.896569899421924 -13.3107946154468 -99.94194283249992
6598 -6.883712427576958 -13.31277355095718 -99.83946927942048
6599 -4.208594543393683 14.52153592171728 -94.61949576678921
6600 -7.043610671132241 -13.23146561927661 -99.91409767636848
6601 13.87438109268852 18.0836386349075 -57.41867200338913
6602 2.649098698907451 -14.7509691157472 -99.82306316121979
6603 2.877109137208071 -14.70846118509785 -99.84333213435534
6604 -6.531091783733413 -13.49310661378002 -99.93304427706613
6605 -6.616301159920013 -13.44839081667639 -99.87130316470483
6606 3.618922961922337 -14.5432190812166 -99.75438211055744
6607 3.491706357298353 -14.57427365992072 -99.76805709634843
6608 3.410944484012561 -14.596979546884 -99.92720435106722
6609 -11.74227767719667 12.5332364849426 -77.3424178496137
6610 -2.005134148907522 14.93093879154817 -95.91580657523507
6611 -5.89002770442598 -13.86045554283965 -96.02101940433215
6612 6.069692813548489 -13.7224528328504 -98.17612027110295
6613 -2.497475599302649 -14.86382907931667 -95.7210680941447
6614 -15.4832946357882 -2.291293209317477 -87.15773145944397
6615 -3.971996552761834 -14.45440207970642 -99.92737269808299
6616 -6.056207710213529 -13.73645375121877 -97.75698394924541
6617 -0.7404147059758609 -14.97155866847042 -99.92189761829553
6618 -0.5620689407277815 -14.98082567180505 -99.9429902202626
6619 -0.5870624904215963 -14.97569291385583 -99.84255430543995
6620 -0.8146005049483406 -14.96921852885923 -99.94299733232336
6621 -0.8061909829433453 -14.96567228392323 -99.85287119026196
6622 -5.394087971209212 13.98693758294978 -99.93814585138114
6623 -14.97910314975816 -4.768874611989468 -86.56789893197933
6624 -6.351761843467918 -13.57686331680917 -99.90905874326229
6625 12.39638414194226 -8.422513883200306 -99.81689346521713
6626 12.50185628107798 -8.266418828484273 -99.60208604897308
6627 -14.05415445338208 -7.254642148917045 -85.80608001164144
6628 -0.4112358398361724 -15.02169797565823 -97.12305094828216
6629 14.92689468552477 -1.337760132088533 -99.76845180405174
6630 0.6278600285845669 -14.97784605963546 -99.93848918711464
6631 0.1689690780058963 -14.98809554571139 -99.90670068326484
6632 0.06876481687294332 -14.98729831352431 -99.85720218380825
6633 1.414976614613019 -14.93216072512152 -98.61310386603721
6634 4.16256681378448 -14.39847259552006 -99.88145052923753
6635 4.05626342046212 -14.43030105168283 -99.91625632380428
6636 -10.50266292661888 -11.13058830261346 -91.4169618976771
6637 -14.66848007597157 -3.347073704427387 -96.29148261184027
6638 0.409194242154296 -14.9914261728359 -98.78609885319939
6639 -30.33971879011958 -31.18975276848149 -18.03761132477178
6640 -5.007280359208883 -14.12622603739081 -99.63995499638015
6641 -5.086196831361705 -14.09749348800361 -99.8221736576979
6642 2.819199646281574 -14.73774131915581 -98.18572653680191
6643 -6.195345497370012 -13.65083455615105 -99.93693156162755
6644 -6.229771873113005 -13.63128850360119 -99.85298852817607
6645 -4.156677066512517 14.40232472062014 -99.92634460020022
6646 -4.330869983437597 14.35212452686257 -99.94216433368805
6647 7.055618892223143 -13.24225346913522 -98.18689002418009
6648 -5.261640263612434 -14.03765182626884 -99.94246224355561
6649 -5.283927761927168 -14.02482800555801 -99.84089029915496
6650 -5.403430884105127 -13.9790525015583 -99.82903688481991
6651 -5.48217418926625 -13.95304183845757 -99.94286015880294
6652 3.757610557989234 14.51655167395718 -98.96266019395119
6653 3.511903040147644 -14.5860945899352 -98.31904952149563
6654 4.804486238354642 14.20099745309806 -99.94669446070019
6655 -8.061312341571513 -13.08097576400591 -90.71338363734735
6656 -14.56308775127247 3.540797105322815 -99.84347240213162
6657 -14.59970167204276 3.385280281947485 -99.82165033301588
6658 -13.3181985687044 -6.899579107869057 -98.52859969065037
6659 -0.2331920257383306 -15.10915143969012 -94.81628035002001
6660 1.605450892471792 -14.90413320348756 -99.38136188120804
6661 -0.6834088676522422 -14.97946574469515 -98.96174335358974
6662 11.3870062743784 -11.86426964270017 -81.49848013627145
6663 -10.90948014196532 10.34064903419326 -96.8716797286632
6664 -6.049334008058639 -13.71662557099329 -99.94223402245711
6665 6.190295909712072 -13.81401201723971 -94.21598207424719
6666 4.805392155027789 -14.41692123242337 -93.18160978709476
6667 4.220068362391167 -14.54210510646499 -94.16026731455833
6668 6.826522257219049 -13.55887996876334 -93.41615180040131
6669 -0.8105107966393208 15.03754408266279 -96.07522729852901
6670 -14.7718394240475 -2.632021882545235 -98.11643723290256
6671 4.876040981421959 -14.17614119010407 -99.9416122882164
6672 4.980422474939824 -14.13505708719586 -99.80368953138151
6673 5.084436063524709 -14.0980030436805 -99.80749730208761
6674 -14.82766476532949 -3.844290947407987 -90.98327677022107
6675 -5.076752150447779 -14.10423638898218 -99.92534419924775
6676 1.983990379451946 14.90108310677997 -96.92455695513669
6677 -4.794957930547654 14.20757721740932 -98.9694787149332
6678 -1.149584022199667 -14.95053644547609 -98.99608218275237
6679 -1.570425892313359 -14.90888483438943 -99.94298745092166
6680 -5.233990732891276 14.04584745070934 -99.91198461705523
6681 -9.091787526539152 11.92135688344606 -99.16264249875346
6682 7.657747552088553 -12.89811354926884 -98.50934123820785
6683 1.617966276062648 -14.90224409301923 -99.92121002430943
6684 1.708247305087309 -14.88915112040203 -99.80778837256051
6685 1.569472992410861 -14.90445286533188 -99.81269782955123
6686 1.796912150358114 -14.88327201531696 -99.94275740117118
6687 4.104124880252379 -14.43550238131429 -98.02187984845266
6688 -5.656984864105829 -13.88181208210337 -99.92694356142917
6689 3.193182142674889 14.65402176011452 -98.70661722953959
6690 -4.498859538067462 14.2996717575366 -99.93378430387237
6691 10.97574797441718 10.20641762112646 -99.58007590187259
6692 10.45529134281799 -12.15595281162954 -84.37760083990922
6693 -3.425037158965783 14.59484091036899 -99.94242431889482
6694 -5.61056583036012 -15.4558628935987 -81.9010614329966
6695 -14.97150430705057 1.072281749189024 -97.77909260319311
6696 -4.00249322891396 14.44595711725534 -99.92673530137196
6697 -3.892463232851874 14.47315024458016 -99.8557015354932
6698 -13.22789097727297 -7.045243478042989 -99.82682981434934
6699 -13.76833913066139 -5.929506591657108 -99.93378239850504
6700 9.246380492720169 -11.80218970908851 -99.13778722713727
6701 9.120622665427341 -11.90301618232372 -98.88904367701072
6702 -4.899006177830362 -14.16787582993748 -99.93774259765554
6703 2.509083511804578 15.41398878196997 -88.17549554283566
6704 -14.96061624357451 -1.062741581299041 -98.59563589490079
6705 -4.617331394343689 14.30551226000831 -96.92380940624473
6706 2.466196133996224 14.82316489119849 -97.13417172914492
6707 -1.283080694602988 -15.47570585649143 -89.05009769999131
6708 -0.3935926932771771 -14.9861978691455 -99.94298257896475
6709 -0.3975882033843977 -14.98185579939716 -99.83814189151788
6710 -0.3075894081047495 -14.98373188890034 -99.81625878728194
6711 -2.986584974666219 -14.69085665051912 -99.94288379185488
6712 -3.010151288669906 -14.68176411297698 -99.84055719449154
6713 -3.162198704449314 -14.65248590723332 -99.92125275199601
6714 -8.923628670115885 -13.54347824448651 -83.16841655402438
6715 0.6831781692297102 -14.98873580482084 -98.23208101845989
6716 6.006085323581582 -38.87731824135489 -26.30953483077764
6717 -3.16499647268715 14.65185545010842 -99.92064141561113
6718 -6.067290981566281 -14.15792812178705 -90.32611443982957
6719 -0.9828128524458685 -14.95911630586227 -99.94299836934564
6720 -1.021180930266664 -14.95221193091341 -99.83141925019234
6721 3.739998933303031 14.52509757788155 -98.62373381445839
6722 -1.737928907379572 -14.89028780631698 -99.94297831990335
6723 -1.755717808056653 -14.88395223995969 -99.83933486693718
6724 -1.918013018013276 -14.86707576614093 -99.92868002293042
6725 -4.763607735436824 -14.21434563340386 -99.94215343186076
6726 -37.52064653153909 -7.701515572346828 -23.85968674177461
6727 2.693635082313114 14.74410183088038 -99.57273138673149
6728 -2.480645155028976 -14.78385045725506 -99.93210676054022
6729 11.61520894528605 10.1216068728844 -90.04984166732579
6730 -4.65724861283975 14.24955476965871 -99.94205857867499
6731 -4.643762082242509 14.24957221038038 -99.83887238482642
6732 -4.739207576670238 14.21796951375942 -99.82831290003607
6733 -4.742026702228737 14.22072596103208 -99.93164931483986
6734 -1.393086800032194 -14.92632462539017 -99.94089963307059
6735 -1.313840182160259 -14.93304787668074 -99.93501669461517
6736 -1.376371829692887 -14.92421573151792 -99.86154192320961
6737 -1.28301739043784 -14.93212408218544 -99.83901530730861
6738 4.291647205507158 -14.36617508773043 -99.09815535873713
6739 -4.896382569592393 14.16728754902366 -99.91591347316766
6740 5.752924212157603 13.89142573892736 -96.79443059315444
6741 -5.049464235006355 14.11415809809731 -99.92700348926813
6742 -14.06304143841447 -5.180768110343783 -99.81673369014153
6743 5.145384895894232 -14.09299495023178 -98.31302257283421
6744 0.7867570162842391 -14.97070136198971 -99.94290045401266
6745 -1.916843402886263 -15.06294233153322 -93.42034648499218
6746 -13.45033382338403 6.61105341218892 -99.83803559828573
6747 -13.49189636377275 6.525026813729991 -99.8088375338931
6748 -4.621017220172122 -14.26137745133944 -99.94260996398245
6749 -4.13517789791145 -14.40975712627503 -99.94270694045609
6750 -2.258141615801045 14.81914036699945 -99.92723811908776
6751 2.968254505224098 -14.69455271917635 -99.9425355203246
6752 -13.45924468604179 6.715958665172412 -96.44871655053291
6753 -3.234275589046262 -14.63831983783602 -99.94285504487536
6754 -3.257575007619863 -14.6288456924853 -99.83979681624413
6755 -3.409781127860009 -14.59683944415023 -99.92092528086795
6756 -3.463370575244492 14.58129734103591 -99.69857803933289
6757 11.93088143868512 12.51575799869736 -76.73264205594282
6758 -14.65572967327279 3.219259227648481 -98.07470450806036
6759 -2.812754440935542 -14.72468472214718 -99.93752995318705
6760 -2.844488506708949 -14.71474053129833 -99.83948059836595
6761 -18.74620879614053 -8.151651205503162 -63.42699933131239
6762 5.423888072332867 13.97079285861523 -99.77672326903449
6763 -10.74959835834742 -10.45707338530794 -98.76702732103024
6764 11.29039546861095 -9.855670016001142 -99.8115849716702
6765 11.32120115228762 -9.825148907999358 -99.92316414361363
6766 -2.676457710369105 14.75049368589528 -99.94259691228297
6767 -2.688400239119613 14.74440224930346 -99.85854814648992
6768 -2.786457394649113 14.7265751620455 -99.87431410873252
6769 -2.759838836788664 14.73472277183862 -99.93775731650601
6770 -12.80739391446477 7.885255184001689 -96.52006848229371
6771 -0.1543682321761126 14.99056942205629 -99.94295536325217
6772 -0.129678413511609 14.98658914137115 -99.83952108352489
6773 -0.2528785383009948 14.98720586415644 -99.91260371698836
6774 17.55960017285351 -2.857228610438054 -73.58881854620471
6775 -8.745616956216887 12.67818363595276 -90.24431631319119
6776 -10.90550148251341 10.28390831174637 -99.42662791273689
6777 -14.89850785494179 1.625910091216401 -99.81414307025629
6778 -12.49398799178046 8.355501187661217 -96.88209939855386
6779 1.764224960593347 -14.92342624154773 -97.1200272586965
6780 -1.586649562749687 14.90599767097233 -99.92737308368744
6781 13.5922711765429 6.44029378853066 -96.47786816373417
6782 -2.926619697730124 14.70290185113512 -99.94254459066293
6783 -2.901783758795945 14.70376559014652 -99.85205147045257
6784 -3.01143193226348 14.68450026463007 -99.92566832388155
6785 -1.639543540800453 14.89683371769876 -99.80111869167848
6786 -14.87357160745775 -1.865034483411003 -99.37316598876671
6787 -14.51634444847574 3.768817077631239 -98.66349943828865
6788 14.94552375032689 -1.372403800042287 -97.86423039573177
6789 14.85676841137107 -2.226415180066 -97.15041845982043
6790 14.74702096122462 -2.804288889906421 -97.70288756531025
6791 -2.168486782919105 14.82949959713392 -99.84313774667882
6792 -2.058984300437229 14.8467912126753 -99.90295250282105
6793 -0.4073453866042691 14.98582784763639 -99.94293780503813
6794 -17.94315317072284 -7.964104252060396 -66.26627180921611
6795 14.83920050509009 2.180782927453384 -98.57280583537806
6796 -14.84345031404825 -2.457395875900915 -96.28714750287135
6797 4.936620098518614 14.15533396224137 -99.2818549858337
6798 -4.845490970442257 14.18210321127778 -99.82851472080627
6799 -3.845540178772706 14.48831111857135 -99.92344796226392
6800 -3.808405175932386 14.49501177452794 -99.82433547389923
6801 14.88514783683459 -1.742045111004007 -99.73181586906736
6802 14.89782358256453 -1.65363292850134 -99.43871589532372
6803 14.92698551541027 -1.353502480990056 -99.53962093000889
6804 -14.29928384949159 10.28873521874124 -74.88053149171198
6805 -2.574779004182102 -15.27980414736996 -89.38373620099247
6806 -3.422755987212389 -15.22600175372062 -88.26310953523895
6807 -1.833630152098296 14.87766704564637 -99.92782729662584
6808 1.46679146085613 -14.91868178892181 -99.93334894764496
6809 1.990144283180477 -14.98316102213947 -94.72993843338979
6810 -4.387273220431408 -14.33286816220018 -99.91163168554388
6811 -1.150895743620907 -14.94712430696285 -99.94299793084066
6812 -1.160622323738161 -14.94214001772745 -99.83932636346459
6813 -1.242238728336891 -14.93521038355953 -99.73400773912513
6814 13.10537332892933 -8.355474813081379 -88.44628773957366
6815 -2.086479725410527 -14.84423800207611 -99.92669485045249
6816 -3.559963010067723 -14.56170084553903 -99.93229404999484
6817 1.96485174128132 -14.86203262423673 -99.94273122359895
6818 1.95884942735126 -14.85818131067374 -99.79252827172479
6819 -12.21126621820792 -8.69027527390392 -99.58364469929978
6820 3.195159529837206 14.85058691161301 -93.30809245439737
6821 6.688220817392105 -13.41712644488762 -99.2545091987311
6822 -7.698328968265972 -55.115980755123 -4.795763805549979
6823 -11.07562665913033 -10.09668110081722 -99.82894687878189
6824 2.624493422567468 -14.75776341849637 -99.91190593020721
6825 2.801613131631346 -14.7272339985148 -99.94257086236968
6826 2.770303678853955 -14.72881714548152 -99.8341560827109
6827 -1.334347353134914 14.93185482645135 -99.94283061383516
6828 -0.818817169379321 14.96799224111176 -99.92992711092863
6829 -0.7825704850914226 14.96663147075981 -99.83416559424913
6830 -5.338553093685173 14.00992159498132 -99.17843355212456
6831 -13.75982104955658 5.958523618449874 -98.9567386582566
6832 4.590464775666425 14.3331084410133 -96.32295616732833
6833 13.87954027885616 5.661144752525685 -99.91468938024956
6834 13.85081300429623 5.724803854971028 -99.83989591781874
6835 0.01427396926525319 14.99135773150546 -99.94296330475575
6836 0.03901282982000171 14.98710743205375 -99.84008509484003
6837 9.975260856366127 11.36632500735284 -94.42661501492266
6838 10.80800596927756 10.55800356640799 -94.69905046390377
6839 1.188826373525226 -14.94291974425876 -99.92634601965472
6840 -1.077808555123003 14.95057236275021 -99.91322864162468
6841 -12.45958517289285 -9.935204102943535 -84.96715713030984
6842 -5.292849870077147 -14.1308572530494 -95.26248305250326
6843 -14.91694416111953 1.930688980782356 -96.42625032116612
6844 12.20217117572389 -8.779509759861369 -96.81378129646039
6845 -1.9884182899592 14.85671701978266 -99.48029971483844
6846 3.004285009718668 14.68253675296437 -99.79186558371457
6847 3.24891631132242 14.63170664178436 -99.88118083286169
6848 2.9969814061681 14.68867408416335 -99.94212336641453
6849 -10.36509933553553 10.82754262438597 -99.48041633424398
6850 6.764117081424797 13.39758854083019 -97.96606445258806
6851 3.142180852115997 -14.65800663777823 -99.93843477412283
6852 3.098049229276712 -14.66342306373126 -99.83715511824464
6853 3.245405371135142 -14.63451121949809 -99.9247427636105
6854 -12.43104416899187 8.371520536556064 -99.82902693370495
6855 0.9287920623500994 14.96153321209589 -99.92940009388771
6856 2.109493654306519 15.05119472792591 -93.18790804052442
6857 -7.228216031159814 -13.15748742963309 -97.74995475992633
6858 -12.64174194706147 -8.176384087624555 -96.02755010152792
6859 14.44605843603874 4.001510040158219 -99.92048079437669
6860 14.41028744605189 4.123604884191832 -99.89283680320506
6861 14.48013826138121 3.87168065198536 -99.89596692975351
6862 14.51080912305848 3.748003158996826 -99.67298774537105
6863 1.696071064734594 14.895113834297 -99.9429809040259
6864 1.595049684921188 14.90563811921364 -99.93507023477514
6865 1.719612553190946 14.88813529671793 -99.83710144055863
6866 1.845029528727902 14.8729034054802 -99.81852696178808
6867 1.796188962946012 14.87908596542663 -99.67914239764721
6868 -11.39608088516658 9.733491261215644 -99.82559455821794
6869 7.50636350805093 12.98819266440369 -98.41742558117978
6870 2.45459466099231 -14.78706014907127 -99.91362518990323
6871 14.20182139005152 4.79604799734358 -99.91666906288243
6872 14.42495358089034 -4.070898397490332 -99.88436324589058
6873 -14.8260659348378 2.465371975771045 -96.86271389056344
6874 1.229025329313251 14.93870934739829 -99.90947010042299
6875 -2.368278011912394 -14.798715584812 -99.69139334051505
6876 2.779382575218472 14.73029526169422 -99.92755486170259
6877 1.863428821279735 14.87510275302047 -99.94296970870144
6878 50.39390284980114 -8.952168018836417 -5.077282306717579
6879 16.90356028814148 15.9160894968656 -55.86714096771819
6880 18.39505908638512 12.72196547654998 -57.85922995201896
6881 19.52461263461743 9.284784540426129 -59.72722900507632
6882 -14.3912655096938 -4.522630322228311 -95.15186435993057
6883 4.541985115025513 -14.28485262884054 -99.91602602522246
6884 -13.18314783165582 -7.153444544227147 -98.56229587184693
6885 3.714182984878802 -14.52276025924295 -99.92683312017054
6886 -51.47890858049015 -8.272899455084955 -3.801641834878737
6887 0.3551681735780759 14.98549103734822 -99.91922907345369
6888 0.1665696137415415 14.98927591521159 -99.92739893507863
6889 -12.40289767894629 -15.127696011247 -67.34503717273496
6890 3.980503178467576 14.45536328400071 -99.1088654304023
6891 12.88933797336296 -7.646368504756295 -99.77441074762795
6892 9.250580479646116 11.80613819990765 -98.61972212830251
6893 -39.48816686930997 -2.378919787311939 -21.67132683012095
6894 44.50569490629626 13.75707169532672 -11.59766790562311
6895 -13.68672224002334 6.500134570366338 -93.71028504837741
6896 8.55421833925727 12.69787656930373 -91.401615408355
6897 8.073862571125408 12.63861136621364 -98.73134067977485
6898 8.191647659988405 12.56984991967343 -98.25627748615246
6899 -15.03302194076117 -0.5100353164857596 -96.4125690161506
6900 -12.51928087237295 8.239273857898784 -99.64671392348956
6901 14.93170824107796 1.28980415951899 -99.63486680357717
6902 1.444677720759556 14.92159493124916 -99.94299229418607
6903 1.360755543123336 14.92909038269829 -99.93820846025335
6904 0.8651346030644017 -14.98460682108987 -97.91940374772656
6905 2.145231266562676 -14.8370087215635 -99.94199311554407
6906 2.366116567866478 -14.79893056173272 -99.81603826817127
6907 2.217488844340811 -14.82556784334918 -99.93147322822608
6908 5.993353017856852 13.74383275317418 -99.06949888617773
6909 9.874176864610684 -11.27427118212012 -99.817641326681
6910 1.598320788161592 14.91574545074463 -98.4510231749473
6911 7.560606767391008 -12.985166077738 -97.13618416760301
6912 6.996460366025564 -13.25851299942564 -99.94112967938305
6913 -6.885156777547834 18.13361347269127 -68.45831786341505
6914 6.842387662443041 -13.33868234343745 -99.94119946523664
6915 6.818414292059437 -13.3462108569951 -99.83083138387461
6916 22.26695888810862 -19.97744240181658 -40.47594558442037
6917 5.063387271474845 14.10544495337948 -99.76518301111682
6918 11.74560133276264 -9.312220195648109 -99.45943185917118
6919 11.81856376495662 -9.216194971214403 -99.65346912237888
6920 11.74936041606206 -9.303671417948447 -99.80471259985437
6921 11.53896648708004 -9.563745219827066 -99.8294324278888
6922 11.83736654647974 -9.191325044408657 -99.793012020948
6923 11.93618661855968 -9.062554864179669 -99.7358709928927
6924 12.01773524246425 -8.955254401368608 -99.84925630803357
6925 11.76349257981537 -9.294627098021115 -99.17994373029717
6926 4.722837559143522 -14.22635461780785 -99.42479750372671
6927 -14.90728459603668 -1.544875756495698 -99.82803501339502
6928 4.346202616665765 -14.37050971863033 -97.71208833414669
6929 -6.531310097421032 55.620000719959 -4.417181269017474
6930 -13.77469119696826 -5.905368707569934 -99.83359039024464
6931 6.0692802531193 -13.70663863110058 -99.92754805097422
6932 -12.18531717529865 -8.746297753820853 -98.5364284287472
6933 -27.58350816049391 -10.88172548110873 -39.93863058029542
6934 -4.794101992037735 14.19941960603512 -99.70964157631118
6935 -4.871514131796494 14.17384558765074 -99.61738616459948
6936 42.83447518691282 29.02810900544309 -5.88162021599802
6937 7.804074432263049 12.79514595563015 -99.65084408790744
6938 11.22121855974464 9.953437954151079 -98.52559709922181
6939 2.820562461175869 14.71902731499543 -99.80964783332635
6940 0.5199183243937622 14.98119685242832 -99.92762419189405
6941 0.4189694254716122 14.98091121608615 -99.79721272445173
6942 0.6168858694542616 14.97706304985618 -99.92031101557733
6943 2.175495786741486 14.8302323924166 -99.90453241741361
6944 2.405201840332568 14.79692768331554 -99.94014226377072
6945 2.278085346176864 14.81275279903827 -99.81824755384022
6946 2.280868913385127 14.81683642780992 -99.94294382537532
6947 -11.28651800674685 9.861418992195906 -99.59484915159285
6948 -11.38030942648153 9.754798860720477 -99.48748497065566
6949 -14.93914911698599 -1.397266620392249 -98.12377619568166
6950 16.74354710639118 -2.123969955284577 -78.30419772363582
6951 -12.07864152028081 8.872992041896184 -99.85098699824448
6952 -48.52384351091334 -27.97803411878011 -0.1941176640134896
6953 2.820696209724388 -14.7219611509145 -99.43245731788579
6954 29.91497365560035 -34.05738240092863 -15.7149099827077
6955 0.2466792841639329 -14.98477471934698 -99.8043353217812
6956 -13.61765008773291 6.259620557942959 -99.84895589618846
6957 2.102925215480005 -14.89229097423005 -96.66529420056381
6958 21.75583476195255 -51.81566557790288 -3.409013618000382
6959 1.238054601477146 -15.07188381894435 -94.56905297897458
6960 -14.53436267350837 3.65765808270067 -99.61064455328236
6961 -14.87172062111211 1.998308199110554 -98.05556314814935
6962 11.94526708304594 -15.10414890558052 -68.48611660218295
6963 6.011279344443231 13.86534916631293 -94.73687361835651
6964 14.98637655299563 0.1744639870798775 -99.84525797815837
6965 3.18541367137131 14.64805473250799 -99.93038471263182
6966 -9.746375689362715 -11.38814736568508 -99.4508741126929
6967 4.257039393172888 14.37422657566256 -99.94268454012348
6968 -13.89860707341129 -5.658769284951447 -98.00119882955507
6969 1.16152770500148 14.95096704409765 -98.87362590489928
6970 0.5901111447073647 -14.97583250030953 -99.85710282766797
6971 5.60397775531176 13.90414291761451 -99.93797378498905
6972 5.826631023967336 13.8106620590835 -99.91437039610149
6973 5.727572434054656 13.84933765286188 -99.82360610671708
6974 6.022566152705052 13.72346544468538 -99.80546308733611
6975 4.102333691705868 -14.45296156067518 -97.24604412701824
6976 12.48665628962241 -8.287736648223458 -99.7879345817078
6977 -3.95891611815316 14.47144928976271 -98.29867419989999
6978 14.55484227667365 3.575188164813289 -99.85194626176626
6979 -12.92029184216569 7.608572502486625 -99.00200910265723
6980 -8.550385561360324 12.30854456743509 -99.69239501607487
6981 -1.221590883678389 14.93846080023675 -99.5560851389843
6982 -13.50282872685249 -6.503769159745067 -99.85306899678987
6983 13.9377473840333 -5.511093953712293 -99.58834198692765
6984 4.094500344848587 14.42136855456131 -99.94271422223777
6985 6.307172020110117 13.59785858091047 -99.91308196662796
6986 14.84881980907867 2.029010516263963 -99.71239922517134
6987 -10.6115058437614 10.58312223658457 -99.80905410265383
6988 -14.89484688317019 -3.268164287809509 -91.97641759912277
6989 -2.24753441517708 -14.81729680291254 -99.80073613368319
6990 5.443238066113027 13.96698139174624 -99.92658545199663
6991 14.55048949050775 -3.601341486391731 -99.91165921488758
6992 -14.87053377056065 1.960747284549326 -98.51607927853634
6993 -14.6879877259769 -3.406667624048429 -95.33159836813938
6994 -13.9297170101168 5.554635250664337 -98.78328568017069
6995 -14.92557907768312 1.357247036421701 -99.83084440838003
6996 28.68509877940804 -7.424060831481778 -39.73844465559406
6997 30.53244103737613 -8.128986935295286 -35.83243855831753
6998 12.66138730085122 -8.022046747548869 -99.89664353222865
6999 0.3110228245994002 15.22854312131996 -92.66977710160207
7000 -14.98610725786249 0.5730619560569876 -98.70896193397853
7001 5.087906570723338 -14.09973166470856 -99.9174511330833
7002 5.264062302693234 -14.03670731047013 -99.94184681910295
7003 5.240239192963999 -14.0410470608097 -99.82909052082726
7004 -6.092538704712012 13.69280240299358 -99.83065094271798
7005 3.931511961952222 14.46665295794189 -99.94274284497916
7006 3.931122995197148 14.46214985726779 -99.81829669249676
7007 10.64875862644733 -10.55353501636928 -99.17510739058996
7008 5.301383538457216 14.02269046092434 -99.94245187153282
7009 5.301923712467695 14.01780372601764 -99.82373961234451
7010 -13.6780879380576 6.171418352270151 -98.03926518474309
7011 6.460779610266787 -14.87194500516885 -83.34026654073752
7012 6.687567471180244 -13.41697606537267 -99.94126850193993
7013 6.69612112374678 -13.40794493201008 -99.82788710131695
7014 -16.37834656565472 5.076462963726307 -76.90220244534078
7015 -11.95414592185085 -9.246706878150643 -94.57656216002698
7016 -14.4813976987531 -3.895439291793969 -98.79616274397702
7017 -13.64581782246465 -6.196550007949331 -99.7064993493473
7018 -12.98041271837884 -7.49737785285132 -99.92196129218607
7019 -12.997557347353 -7.461492531718982 -99.82084978515084
7020 -13.62876918615775 -6.352942750584489 -96.62319514968036
7021 5.437663227551747 -13.96655602106769 -99.86913026547735
7022 5.628613867101657 -13.89140183118753 -99.89023017257897
7023 5.642668672113652 -13.88390796622886 -99.74170416967685
7024 -14.56917109465855 -3.563815174474391 -98.56447173583362
7025 8.862269969924055 -12.11545666020633 -97.80877978972472
7026 8.588416464619039 -12.33562448581218 -96.92941664710924
7027 -34.33269944093806 -32.46588733483527 -12.61763131594692
7028 -13.50934552680095 6.496129486646398 -99.92155674531209
7029 4.434668422535584 14.32017426135139 -99.93978794751561
7030 4.439269709474845 14.31454957225181 -99.83594879759711
7031 5.142195449574753 14.08184595229083 -99.94249221107221
7032 8.418519837776541 -12.40428382477381 -99.94042842556206
7033 3.76377308181905 14.50998831191969 -99.92701729668396
7034 2.083513033017713 14.84176154194542 -99.84847944388332
7035 -14.28989616926946 4.570349898382149 -98.22971081138678
7036 -0.9595528070509712 14.95628680864109 -99.68934180834316
7037 1.457837697875923 14.91595084798809 -99.82980061258894
7038 8.645022128562386 -12.44053721883763 -93.93303129154756
7039 4.982441351198196 14.13916108536458 -99.9425299394094
7040 -7.738683749871289 12.88695402594122 -96.90065022732642
7041 9.504234294818026 -11.80450305565164 -93.80048178462488
7042 -14.97191358025458 -0.6993005641070378 -99.53850108428075
7043 3.604275530562471 14.55163564254805 -99.9428002445288
7044 3.613369215095668 14.54496849557556 -99.83392533894659
7045 12.32749731811053 -8.529269626837756 -99.9291374126086
7046 12.25918662757595 -8.623360319970535 -99.88448936751146
7047 12.22965904851114 -8.662467620591865 -99.73021344331517
7048 -52.2175226190983 2.721904151004503 -3.486482243807758
7049 0.2114563439900187 14.99436879562418 -98.88825618474191
7050 12.27245232249345 8.786783787924026 -95.01010091777344
7051 11.4137039196782 9.714360016016 -99.56782214758481
7052 11.38742446040238 9.744938069894619 -99.87167486494472
7053 11.29887946252598 9.849324086800396 -99.9054131274098
7054 11.20353035078493 9.954051612797866 -99.74124003419305
7055 9.41486279934594 -11.66414217227875 -99.91758859015647
7056 -11.16192740381591 10.01918141260186 -98.56503630253147
7057 8.666215944270881 12.22957691737511 -99.90079293786253
7058 10.74434755744241 -10.44799474915635 -99.76895248467977
7059 10.87288826193636 10.31416438893869 -99.77186941749893
7060 -4.203666843439342 14.42899152065592 -97.05113790804452
7061 -1.709673988154328 14.89024380302578 -99.57871144399589
7062 38.19178186799386 -8.176660523209508 -22.65248388698543
7063 9.253402171124645 -11.78883251925102 -99.74554682604737
7064 3.432289369690849 14.5927414845383 -99.93780349784856
7065 10.88993628709384 10.30176221600424 -99.34386135081962
7066 -14.90644726081356 -1.583327182549285 -99.35002106750385
7067 13.72504284855734 -6.019048449002355 -99.7044979475716
7068 12.1715803305228 8.757403060656598 -98.9587907245218
7069 11.04715064140605 -10.13173913896252 -99.91677206134669
7070 6.629358496254738 13.44587797241151 -99.9420376150812
7071 0.4155084923373458 -15.25070047591264 -92.30487319873016
7072 13.54700932837249 -6.485760499597848 -97.31493528332661
7073 4.356564685927422 -14.3434037718297 -99.93029541040019
7074 -8.340686745147 12.46288711202681 -98.82269494937967
7075 -14.43863335550951 4.056652850328913 -98.65719724075284
7076 8.287971104509939 -12.49175093806957 -99.93903974932003
7077 -7.661055932739419 -12.88333969791714 -99.48369479470847
7078 -2.704380826355359 -14.74281736034943 -99.51314253985521
7079 -13.72615962204198 -6.02568717168363 -99.33386238038058
7080 11.12226753901696 -10.04687704023968 -99.55807879031656
7081 7.529471489797995 -12.96323189529406 -99.94088628532886
7082 7.609819337610049 -12.91416652849525 -99.91413981274832
7083 13.25910997982132 -7.024227684438679 -98.11635624177954
7084 13.64798736393676 -6.229411177769141 -98.27686500359646
7085 0.3488200336790898 14.99871908128142 -98.3344934053478
7086 -14.5892129082078 3.472657254509214 -98.7354134205307
7087 5.463043924062399 -13.95839291384482 -99.46027185493276
7088 -4.307887682828416 -14.35449365403007 -99.69718521411444
7089 10.09230539691249 -11.08461045311907 -99.93359773238079
7090 10.10064477189793 -11.07164112786604 -99.7981616511338
7091 -14.21526817033322 -4.81588497175936 -97.8473423059375
7092 0.3985997971590071 -15.14222897108143 -94.08424377321111
7093 -8.359887632034331 -12.46653150077799 -97.85330050511634
7094 -14.58299130265267 -3.456705378273353 -99.82484633568117
7095 -14.60060304121426 -3.380205383706578 -99.72157346204116
7096 -13.35498279757858 -17.90971568072444 -58.70246628194489
7097 14.32160289382507 -4.41510512111125 -99.75881573099288
7098 14.18926560104199 -4.834306595008473 -99.92321606147354
7099 14.25562598334618 -4.633391276817031 -99.91481581360742
7100 14.17614779600567 -4.862140333793853 -99.78885368247963
7101 14.11954505489379 -5.029585684715287 -99.89087171924845
7102 14.08041020071308 -5.139767859733559 -99.90430566454748
7103 14.27697647915269 -4.560745801541335 -99.58908919061885
7104 14.23752876860019 -4.679229146616271 -99.7786216976651
7105 14.28941385865197 -4.521371465132151 -99.85929773013454
7106 -13.44131788814351 -6.673074632320254 -97.99493209564822
7107 -4.472313810699319 15.68339357311794 -82.798935756544
7108 9.914174410112871 11.78469454641949 -90.21185768884392
7109 12.83299309276507 -7.746943311904861 -99.92116806015589
7110 12.80773357488866 -7.782284765518258 -99.77484964686971
7111 18.06402088782428 5.027183527804747 -69.47473592046407
7112 10.98581489198919 -10.23724243416568 -97.50651788759903
7113 14.0194675276232 -5.33907712520977 -98.32716267244233
7114 -10.27437940575252 10.9709000570021 -96.9103820606351
7115 -9.163210985376095 11.86090391495206 -99.55969529472075
7116 -14.99262456973607 0.2270501224088064 -98.96786151975714
7117 14.4094732975247 -8.686919447651373 -78.90988389919241
7118 -7.081415962313823 -13.20864110596499 -99.83754693443576
7119 -1.568874399453872 -15.16082220159533 -92.51412306036781
7120 13.59093731651765 -6.315712810319862 -99.7710980113161
7121 -13.43115191341485 -6.649617701885789 -99.66561975644113
7122 -4.34698248417087 16.81226782124218 -76.93093522533384
7123 -13.56093322304269 -6.526415107020624 -96.18408297562122
7124 -40.08996195124072 2.768885419205332 -20.68527710743462
7125 13.45717017583105 -6.601717635346398 -99.90675926030168
7126 7.71853869390447 12.85201134549443 -99.94569291757306
7127 7.825141086900169 12.78344124665853 -99.88675338150058
7128 7.640020246769497 12.895014024553 -99.88882879106761
7129 -6.945430695499956 -13.28023108347199 -99.73209708155707
7130 8.571844593493115 -12.29751544492825 -99.92544332048438
7131 15.50394401458991 4.05368751901452 -83.9783613358764
7132 -13.01594719538851 -7.53570705392213 -96.52089368536996
7133 14.85683031528499 -1.969072596168832 -99.72792828292151
7134 7.754770510268463 -12.82971982778406 -99.94077615845296
7135 7.732661796097813 -12.83801520158478 -99.81999350952111
7136 -12.5818127662602 8.163634669729062 -98.62608489796168
7137 -3.714700002568448 14.52023869090073 -99.59640199950864
7138 -11.75933202147451 -9.338573015958971 -97.49275384859095
7139 11.57147749342766 -9.530810303340392 -99.93847707512319
7140 -13.99284181137174 5.416312389623872 -98.12415206294966
7141 -38.11284846906732 7.692310867604249 -22.91521002804091
7142 6.779176324952195 13.37013174057555 -99.93231810456683
7143 -7.927645974493574 12.72242379965695 -99.92680109164581
7144 -4.256994833109179 14.369709119026 -99.69121785323534
7145 -4.9679071163765 -14.59490968529767 -90.19308994067005
7146 -8.725623399282739 12.25644903696178 -96.43141405773336
7147 18.81370859093363 5.792409982627911 -65.91969564788759
7148 14.45608810337436 -3.965615497910161 -99.92244214747863
7149 6.906779713842773 13.30178686303731 -99.5779579977545
7150 -14.82807221797668 2.295277099126833 -98.10373659459445
7151 10.50018883502613 -10.69577752937343 -99.88904893656257
7152 -10.80338327552947 -10.3896126423991 -99.52090015602261
7153 9.591078308580395 11.5217028624036 -99.94068793447606
7154 0.1512510448678453 -16.53359080013991 -81.46819711966405
7155 -14.56800747005804 -3.761736773206307 -96.28279454831507
7156 -8.182739608568662 12.57541272801179 -98.27013495162024
7157 11.69677575696575 9.404340996811602 -97.90279057316732
7158 -14.22094051013468 4.895814414682298 -96.48922138864053
7159 -14.7263529054888 2.840498737031718 -98.64438611632831
7160 7.461123546644172 13.0027423930887 -99.9417192335036
7161 7.466720118634306 12.99423988342901 -99.7839588107185
7162 7.36281841347574 13.05697274974616 -99.92084252029895
7163 -10.96427917392064 10.23594520650472 -98.51886692231851
7164 -13.43241586664932 -6.647547692518733 -99.84290169117715
7165 1.581669634196302 14.90345458032902 -99.83944185409496
7166 8.482710493332954 12.36053139476468 -99.94125731772741
7167 -5.615887869379788 -13.93397858220479 -97.26702194336254
7168 1.77868971184089 -14.88195578390158 -99.87453817114883
7169 -39.19161684721767 -33.7934509710417 -6.479192170277685
7170 -9.89769174932413 -11.36005316812759 -95.75797194258557
7171 4.085641039428941 -14.72227500410118 -91.95496279582206
7172 -12.25420333041774 -8.632024913247978 -99.45597129252849
7173 -14.79496349598175 -2.407382606783331 -99.41885559245874
7174 6.128633332344925 13.67639981413953 -99.80114927587108
7175 14.89369044871567 1.738748990083691 -98.92051027085975
7176 -10.35543654006318 -10.83659101237856 -99.49332458314157
7177 14.59152650577053 5.030734838574063 -89.52816101398408
7178 -0.5820799976001971 14.99736066991731 -97.96969424273598
7179 10.80199393762471 10.39370976845632 -99.92845811381778
7180 11.67540648794504 -9.397629609817601 -99.86221399110208
7181 -15.1481786683834 -2.081288426761554 -91.3468542030386
7182 9.456333744290349 11.63255205435677 -99.94076415820042
7183 9.376171468682953 11.69590774795407 -99.92626519276882
7184 10.75772255343937 -10.43804330382514 -99.91042060718794
7185 9.886695159538851 -11.26898452072678 -99.93957651182978
7186 -5.254885264813977 -14.04954498119645 -98.51849869652536
7187 10.60813761765498 -10.59195420513412 -99.93289370463488
7188 -2.953546059906762 -14.70799412698094 -98.41304175248492
7189 14.31954385796011 -4.468657454078729 -98.40952806635113
7190 8.339533233654144 12.45758322428451 -99.94132468471305
7191 -1.490086458343912 -14.93917582719557 -97.72493096256315
7192 8.822630367944916 12.11789546338533 -99.91226347553823
7193 -15.00078524825186 0.3368134487747953 -98.10810408424759
7194 4.804688016905573 -14.21337689454586 -98.27435968669093
7195 -54.54888852106006 -13.62178887259775 1.156865056280941
7196 -15.01486933197006 -0.9099340334549031 -96.38724357436065
7197 -3.695527059811023 -14.60780836464162 -95.82320521878896
7198 12.61550798437439 8.09024151178855 -99.78763847096229
7199 12.72318529033059 7.926039521273733 -99.92197562154044
7200 12.54060234864253 8.205858334092088 -99.73117381029718
7201 12.76995076317467 7.849790730372539 -99.91577647360582
7202 -6.88222475774887 -13.3285328845472 -98.48150242838233
7203 14.46932420102043 -4.312630953445576 -94.82452931911452
7204 14.44315565697824 -4.612506343943606 -93.48568827267812
7205 7.218313389080265 13.13905574910094 -99.94143391199334
7206 -8.812708846511692 -12.12626894853864 -99.92817131360262
7207 9.199041888440222 11.83556020701597 -99.92423085451965
7208 8.181863601472193 12.56117512433218 -99.93577931875416
7209 11.79848852011742 -9.248293825032533 -99.93832147862597
7210 11.84643792621251 -9.183460128247637 -99.90483432603602
7211 16.6233628736504 -14.89441411705744 -58.28445321174767
7212 -13.10740529702172 7.267519362530747 -99.84516585062782
7213 -25.28336706761507 12.47314283655452 -43.20461841817732
7214 -13.99324870399334 -5.729527792007682 -94.33302086814362
7215 -14.78158800171409 -2.472723509077274 -99.8163627376959
7216 4.855749093299544 -22.48833464555125 -57.66316707575722
7217 -18.51810001250388 -24.57585513662974 -39.47209521790019
7218 -14.51952463836415 -26.81921763586139 -40.47653179779043
7219 -8.581506069445711 12.28817031744848 -99.57372022646176
7220 -2.768525543733288 14.9843653036139 -92.56096796331293
7221 -9.774534966082461 11.60236993266506 -93.50172366714092
7222 -13.73251470158838 6.026393886551004 -98.7588808111547
7223 10.31117537282943 10.88198420654832 -99.94025566844536
7224 10.23515781990518 10.95191885565132 -99.92390102248622
7225 10.470084549921 10.72592984631002 -99.90174116488883
7226 9.708554109295592 11.42284773396131 -99.94026516691837
7227 0.2114452971694212 15.80612421933581 -86.51676305796524
7228 -33.96458067204455 9.175973503876325 -29.24941371507438
7229 -14.38577765685282 4.203846959998001 -99.84761341966113
7230 -2.417986967765802 14.82107958913512 -97.54694267492354
7231 28.97133542324967 17.42646306409482 -32.4635632328558
7232 14.56278653474997 3.628698917055236 -97.89018811300157
7233 14.22797508755552 -4.719315067121427 -99.92396265164834
7234 4.247636915650991 14.37337356385452 -99.59633077217522
7235 49.64331008838212 -16.54680371697613 -3.965293924243815
7236 -12.34287711620183 -46.10659291018147 -14.32689864561214
7237 11.74494387792525 9.31627880434306 -99.9392821428751
7238 11.73935908163724 9.316308777768485 -99.80704921998398
7239 11.74970771497654 9.304104919760995 -99.6334199022361
7240 11.68261148298369 9.392922055264474 -99.9271575322775
7241 -0.9946952031187773 15.19421440444838 -92.74406365428241
7242 -6.952074433910722 13.36578145338474 -95.84805605524149
7243 -14.88527774521647 -1.749728920380915 -99.86305014205506
7244 10.22483977593245 -10.96082073987076 -99.91424024166255
7245 -10.6749413262456 10.5372737475175 -98.52523269631686
7246 -14.94830928389421 -1.085750902988291 -99.85982335834537
7247 12.11424050565622 8.83003125055115 -99.93367621841824
7248 12.13360068764925 8.796752377824184 -99.81072175837797
7249 -11.99653605294951 8.983430319022791 -99.84242145252399
7250 -14.81534862885884 -2.281824513548404 -99.37406123480127
7251 -2.424490784284952 14.79256696534231 -99.92303746750116
7252 13.79468910475456 -5.863015120798608 -99.89944545643927
7253 13.31740721120131 -6.878185705714998 -99.89524409535098
7254 15.03880246300533 -12.9676550908882 -65.96868097786296
7255 12.06230316449318 -8.898673450092438 -99.91248907688576
7256 12.07271096854168 -8.879813819381257 -99.75848678549505
7257 2.493094661894959 -51.77017694547526 -9.470309420247942
7258 15.02462808361075 2.710375681266155 -91.69609509613491
7259 4.280497313843012 -14.36308884600546 -99.85145713896851
7260 -0.6133316287320839 -15.22745951992902 -92.54755499828408
7261 9.480506051292769 -11.60696850029042 -99.77485136379653
7262 -0.7914381115749953 -14.96592842814795 -99.72124463367032
7263 -0.8889382669441442 -14.96127615632524 -99.6185302392074
7264 -10.88707473774801 -10.31550148177386 -98.66594283946428
7265 -7.879772638491183 -12.75230277853894 -99.9293321768553
7266 -13.21412382055309 -7.178137933090088 -96.59032186747241
7267 14.26463246564629 4.604961535997683 -99.91142129852693
7268 14.30143717134673 4.483717857831553 -99.86604459897055
7269 14.22524277574718 4.716616824443622 -99.79216250917887
7270 -5.732212208809285 -13.86101573770487 -98.56271736391618
7271 -12.23897245870059 -8.677700903241535 -98.24039265536103
7272 14.15339386700045 4.935930381041576 -99.9092377369971
7273 -9.61828976258874 -11.49393028596247 -99.85074345723612
7274 13.55672850702325 6.395409511775483 -99.91235219453378
7275 13.6030969670618 6.291980983859561 -99.8646477036343
7276 13.54531688256766 6.413004767324052 -99.7777021045392
7277 13.62286709882388 6.247171778811042 -99.68255625088652
7278 13.66595283106409 6.154311777022934 -99.86532280249854
7279 13.69556292840061 6.085559343574345 -99.73355121209659
7280 13.61579510673507 6.268273389280116 -99.43983670465077
7281 13.64432442715254 6.211969045481648 -99.94621117550706
7282 13.70331615704927 6.072160403588774 -99.52784651100019
7283 14.01800277527782 5.306350463073185 -99.8942418470664
7284 -8.845870545393142 12.121077870916 -98.1070136731786
7285 13.18101272994672 7.141170931164217 -99.93812571456532
7286 13.1777507364789 7.138063012996235 -99.79959021123904
7287 13.13150483792731 7.229864655893096 -99.92487629670082
7288 13.3778879644177 6.756744700853751 -99.84638438477252
7289 -14.85890498795127 2.032737960936019 -98.68797829142977
7290 13.78624351739861 5.87933569360427 -99.85552037148221
7291 3.904041941974875 14.73246375713024 -92.50167453733542
7292 0.5488973951855545 14.97860047648418 -99.52733046493397
7293 -10.48625770119427 10.72531987474998 -98.51166665087776
7294 -13.38895096070595 6.740776184358682 -99.92158784773775
7295 -14.98044519944351 0.4404570421436985 -99.80894417200962
7296 1.105893915409273 -14.97522754766825 -97.5966702443106
7297 1.914033129179935 14.86530241325435 -99.58371786787812
7298 13.02974001843833 7.410228472661414 -99.42873056392145
7299 11.96911700906556 9.024338104355737 -99.92064027278562
7300 11.94197336867903 9.054872744325083 -99.76449433493272
7301 -10.69615059900764 -10.49874599335891 -99.60288254677015
7302 -13.65453391479151 -6.184658831664552 -99.39435636248696
7303 14.98660579886225 0.1070802969268399 -99.67827291859186
7304 15.05708489649062 -24.60200705700491 -43.58685019034495
7305 14.88060153590595 1.816855742585055 -99.93635867675161
7306 14.87022438761597 1.885812737158514 -99.90727454385404
7307 14.84453437200821 2.077901774535488 -99.90590951264927
7308 -3.718820444779134 14.68178112847675 -94.10168678704642
7309 -13.59241018738993 20.33212919939643 -53.26637001641073
7310 -14.46390472019981 3.925381391374302 -99.82664049585549
7311 -14.00469483429489 -5.389903787493227 -98.02179675751061
7312 9.965347160331996 51.29899075952213 -8.760710500258226
7313 14.5908343762125 -3.438886668697894 -99.92949411436486
7314 14.57397269476468 -3.493484841927022 -99.79770407018374
7315 14.64719412712419 -3.172852100660927 -99.69296501683944
7316 14.55963883451995 -3.55679490788061 -99.58346982843382
7317 12.2228606348425 35.05058625714417 -29.38856878227148
7318 14.9211653856253 1.429450311664386 -99.91035018583567
7319 -10.42832393461409 -10.76387254664148 -99.82517767756735
7320 5.215798965054683 14.17206790994436 -94.99009844523579
7321 -13.33477048106987 6.840407022465511 -99.69589746586422
7322 -13.31639103319168 6.876734322429124 -99.83423555233172
7323 -13.36689101903145 6.777688396959538 -99.82133456097128
7324 -2.44923638100339 14.79532988270144 -98.81286231139269
7325 -11.00268367629513 -10.20719214077921 -97.93140036075822
7326 -11.8762743190785 -9.144597424722678 -99.48035738943481
7327 3.343790769106595 -14.78603898618759 -93.84624683142532
7328 -11.6187050006684 -9.483928785062206 -98.65665788614207
7329 14.78861587153393 2.445731789037714 -99.91060222944299
7330 14.80066774457582 2.354443384829012 -99.7851240257544
7331 -3.468477748372911 -14.58470926808335 -99.28308134779374
7332 14.94618261203929 1.131346766724921 -99.89877308707899
7333 2.131242565780741 -14.83576135057763 -99.88089382210414
7334 8.979567446937663 -12.00236900332984 -99.91636725087804
7335 -14.84638969338077 2.052990216098754 -99.85873406073398
7336 -15.56459441799926 1.043128286015883 -87.66487774101822
7337 -12.53842470231423 -8.209566112641964 -99.68775751888876
7338 4.321164503970685 14.35040149041114 -99.81413705612377
7339 -10.11792368930178 -11.07486034522609 -98.4333409614395
7340 -0.2245376991914768 -18.56165190368562 -71.81073971441462
7341 -9.495166716373339 11.59617579290854 -99.86228595534395
7342 13.7265293206269 -6.286484871282648 -94.86934113678031
7343 -11.50301306287861 9.609591349435401 -99.49900687001941
7344 20.73073973148709 -23.24826875519805 -38.46331602529439
7345 4.698016687833779 14.24306406473505 -98.70406256318701
7346 6.37636252152788 -13.56346929179625 -99.85841869257978
7347 -5.61071650979736 26.40400808781451 -48.1982272901187
7348 -11.77752369917532 -9.267823258706093 -99.73474400946257
7349 11.24905686788788 -9.906975564400424 -99.91533602545645
7350 13.83916494582567 5.790857164600197 -98.31582180065834
7351 -3.82682442286251 -14.49222885287537 -99.49800632069989
7352 3.749617854226253 14.510796501781 -99.64197489146642
7353 -1.454154996122407 14.93127415874408 -98.39416869791124
7354 4.119207134041623 14.41014450915448 -99.85024860589446
7355 -0.5458287649855448 14.97717201589284 -99.836982210958
7356 9.326601580260265 -11.73191445076759 -99.63281758851743
7357 14.99383164670023 -0.533728402544027 -98.19485455454993
7358 14.20551094091356 4.892212754622635 -97.09327299306703
7359 -12.79483032466529 7.822686629580666 -98.75834035903826
7360 -11.67841879827696 -9.393768752128393 -99.8595085044454
7361 -0.159383079167114 -15.03758219983079 -96.72329970291243
7362 3.696960801402805 37.12131074801689 -29.51078360587047
7363 -11.39386851763008 -9.737452957486292 -99.5781713449353
7364 15.00097445066115 -1.650813553484467 -94.97031893329287
7365 -0.9197525108049809 14.97832653088206 -98.09183156809486
7366 -12.16878991771333 8.765900273759746 -98.70782959612819
7367 8.866623673664016 12.08612050865811 -99.42535014823079
7368 27.73473903336926 -16.00013095128675 -35.69608516931752
7369 13.13037217677967 -7.224718322893815 -99.78744004062472
7370 -15.59021724550867 0.01972020054566898 -87.75607756178439
7371 -15.67149008335311 -1.574817777662118 -86.22622407615168
7372 13.87932189394857 5.755169928489684 -97.06205497243864
7373 1.167812037496216 -14.94365814590988 -99.47829940793103
7374 -15.02863311392608 0.07392514154957999 -96.89103943169923
7375 -14.89259373945117 -1.705213727740551 -99.38628427697854
7376 13.41830929531901 6.71408408712926 -98.14538731299638
7377 13.83056424738439 5.781793515566907 -99.92772848410061
7378 -24.75701550893801 16.32802469588641 -40.50560883680092
7379 -12.49421478653601 8.308650430761697 -98.13621048142373
7380 -43.55070385912495 8.916691291996015 -14.40103798941109
7381 -12.45608813462347 -8.37463856916602 -97.83069118831884
7382 15.62447822876046 -2.720737058268119 -85.28660094291695
7383 -14.41955312456267 4.116798178436309 -98.84026192172907
7384 -6.985455479831785 -13.25951775166839 -99.82929231903323
7385 8.315155463045162 12.46848053681684 -99.80377526745256
7386 0.5821796189346655 14.97543368592867 -99.74501325476102
7387 -2.140224597196243 -14.83842856604303 -99.9498211190905
7388 -14.5999787921618 -6.354347224987938 -84.87267239934414
7389 0.09769313555818404 -14.99017451541031 -99.93168197610395
7390 -3.752747546268795 -14.50955564546565 -99.82771568321482
7391 -2.838676537394714 -14.71738728050434 -99.52694967976947
7392 -4.313524069821631 14.35711052433123 -99.31378226168944
7393 24.29551912359478 15.09213283681967 -42.60430750600715
7394 -8.88430288631154 -12.07229368722685 -99.48413487953991
7395 -4.96493022425198 14.14093780527373 -99.84274601271706
7396 -9.314624851860721 -11.74150988198615 -99.62624249496022
7397 -3.906851279122616 -51.55901566210511 -9.603634859376696
7398 -7.017472231010841 -15.08314642676342 -80.66575539113083
7399 -14.21805637121221 -5.043043148568576 -95.13873910494132
7400 -6.752984134972279 -38.00391645254643 -27.40524766199072
7401 -9.678617707409552 11.44480742274349 -99.51677874815752
7402 -9.622551047994165 11.49332902066613 -99.42643167578599
7403 8.40159770246942 12.4411696679627 -97.73402424415333
7404 -1.982276539220641 -14.85557172988157 -99.84554644691038
7405 6.242756181321766 13.67108665120486 -97.02951084941574
7406 -6.693170482976917 13.4093881553386 -99.82552024462532
7407 -12.27425561059228 17.04984546738249 -62.66729806182197
7408 -14.2949959109574 5.225136657686311 -92.47223380128783
7409 -7.163055911638851 -13.17777317105145 -98.61834600925363
7410 -1.007583898152138 -15.64348538097651 -87.6471668843039
7411 -8.60525506642392 -12.27087872842504 -99.85637338059099
7412 -14.99044771504252 0.09436745925203741 -99.30919128731064
7413 13.12046782931224 -7.254082144737265 -99.17755033015256
7414 -7.220581067402878 -13.13350637586291 -99.85855820055389
7415 -1.653797051573373 -14.89535424369948 -99.81546967828751
7416 -9.277538339409091 -11.78828015769437 -98.41107250050376
7417 -1.071129145763194 -15.84086851051084 -85.95155663781021
7418 -11.42720611254134 -11.16876212954934 -84.71769433793551
7419 -15.0332674772167 -2.524597985485498 -92.05216360126302
7420 -10.73699590975986 -11.01027173704046 -90.43079225560214
7421 17.79866377877979 -10.31129503860833 -63.19495736314509
7422 5.069852514170231 14.10641900706816 -99.42420914826442
7423 -1.440705208641913 -14.91740466053246 -99.8058617289765
7424 -18.77321736912212 8.079528224777462 -63.43419537555665
7425 0.804078539040092 15.01797911267288 -96.68687998901302
7426 -6.350148298034662 13.57549286570989 -99.84556446981986
7427 -12.64459888773233 8.077453337258927 -98.15227834206655
7428 -9.894429656743698 -11.25660982959702 -99.8261121540361
7429 13.87734402585591 -5.665229887305606 -99.90468361962405
7430 13.85002425585792 -5.725694988048001 -99.80643407072236
7431 -12.89127403405848 -7.68373773558072 -97.94938918698078
7432 -7.114391265059345 13.19102249349453 -99.84359258885326
7433 -15.14868055996111 1.50608390049205 -92.37108265549783
7434 -13.41432691068765 7.021041631365787 -93.94250913011915
7435 0.575192983700835 14.99525171628713 -98.10769403172667
7436 -17.73998006848977 8.880181631442552 -65.59154625003561
7437 -3.667874232376363 14.5311344610819 -99.70913901445937
7438 -13.81646412051229 -5.807262797353792 -99.84111475009072
7439 -13.3702665123997 6.775380802077891 -99.47428593050584
7440 0.3896161704709998 -14.99903872344168 -98.24523161764478
7441 -8.613774636955007 -12.26394949443597 -99.77273367064404
7442 -14.0789390438816 5.287195169703964 -96.53172642215651
7443 0.2449705365627854 22.24481906739966 -59.82797790676889
7444 -5.734521069860029 13.846741465189 -99.8430501005443
7445 -3.773265305841036 -14.5043823955585 -99.67363181091564
7446 14.74723215813637 2.67687746144819 -99.87926265137558
7447 -14.97890437719109 -0.5532920962230675 -99.90278032476523
7448 3.514870929988935 -14.70720114072213 -94.57982375272876
7449 -0.7710109721508228 14.97925403025043 -98.61111206863826
7450 -8.409699387040066 -12.6001647150681 -93.94941987741622
7451 12.04307218778207 8.92550450166029 -99.92159886160226
7452 -9.086373959830603 -11.92117526245394 -99.46753636956748
7453 -8.211731978305803 -12.5378560871409 -99.61070072707552
7454 -8.072483814639579 -12.65693369805459 -97.74854188562169
7455 15.75444917184135 4.79221443250506 -80.8827426608688
7456 14.65242539221555 -3.151794820904214 -99.85480511296258
7457 15.75735027991557 7.331324191089504 -75.81455502590421
7458 9.200161129952926 11.8310208846903 -99.83934419503457
7459 -12.81404670711639 -7.77703132356779 -99.4402188207811
7460 -12.77939118045203 -7.836752914947053 -99.30458604223782
7461 -8.831367176139292 -12.10859231999979 -99.82715153961203
7462 10.99401665993538 -10.24895786869419 -96.91591023423159
7463 -44.53789111581463 13.66405350031464 -11.58696087502563
7464 -14.61707287699647 -3.36177071993637 -98.56742751576016
7465 -11.30816493352608 9.852749906419421 -98.62426197819144
7466 -1.748995664568443 14.88800724976025 -99.93010156981687
7467 -9.647667084542062 11.54562766055603 -96.3920660129418
7468 26.4789865468973 16.35675281588498 -37.50449611960227
7469 -8.573187494947302 -14.14914321540738 -81.11247600442059
7470 -14.96129124558781 -0.9522905427398686 -99.94210332023516
7471 -14.95781091143476 -0.9470030533051109 -99.8627653952433
7472 1.764923837096402 14.94698088674372 -96.32331976613277
7473 -8.806440692791302 12.12717063030093 -99.85033026696753
7474 -13.61532280759396 -6.297187656015161 -98.38226188105862
7475 -9.294588180915996 11.96736999568797 -93.84982030185965
7476 -9.266348654332376 -11.78324133236965 -99.36980682865334
7477 -12.64520597733381 -8.660347735619057 -90.99792073103282
7478 -13.42338442667857 -6.692377269953813 -98.53723660856417
7479 -13.38679319878796 -6.739489495935158 -99.8556667204254
7480 -11.41719672501308 9.742003982313848 -97.900789179578
7481 -13.89077491894004 5.637351748969808 -99.93669249107809
7482 8.89500355728949 -12.06627746282459 -99.35265843088021
7483 -13.33133934386438 6.937393907359862 -96.94584159688154
7484 -9.608539144057389 11.52650015450056 -98.07017253605044
7485 -6.187180694625902 13.6526164932943 -99.47764700036591
7486 -12.27142726353666 -8.610392888808246 -99.30902691514851
7487 6.810974110048149 -13.35696628760777 -99.11396572116145
7488 -11.43238560779007 9.779823874226503 -96.39483036495106
7489 -3.722545172499278 -14.55773314444365 -97.1586402133547
7490 9.887877270394821 14.21852783361376 -76.79921372940387
7491 14.70796877021105 -2.884096567733537 -99.87460982939304
7492 14.73117842089882 -2.755942984865073 -99.72623481203551
7493 7.784635713836787 12.82921549780118 -98.07556673933348
7494 -14.23123649288842 4.73097175828888 -98.72113817463308
7495 -5.508846003408955 -13.93809241883927 -99.8452828967491
7496 -5.581172230059959 -13.90870429591798 -99.76051577030165
7497 -5.558417747771932 -13.91886472347221 -99.61287887997105
7498 -10.45836957252845 -10.73587158660002 -99.58638744282075
7499 20.04503474022873 5.403267054886863 -62.17768741733607
7500 -12.91165532021683 7.611295826458322 -99.55937322301831
7501 -15.90362629575923 2.698797808061443 -83.14460915752284
7502 3.452723011548542 -15.76597619320503 -83.96716277507122
7503 -8.203427225318332 13.35331691055225 -87.48474380036969
7504 -14.86376290848451 -1.917585303852751 -99.81255719981033
7505 -14.55408384027307 3.582977462788527 -99.50264082181469
7506 -0.3300525337751011 15.0010434259824 -98.20787722049151
7507 -1.304915784134371 15.02648757967607 -95.45226703584147
7508 -3.96560025473362 -14.45643812461725 -99.36810139567793
7509 9.033792343040464 11.96168481285203 -99.42492649537006
7510 -13.84094793180715 -5.747140832476306 -99.75516111935077
7511 -13.88597396773922 -5.637593298353151 -99.78282845282831
7512 -6.585316538632026 -13.46330136169661 -99.62508520294644
7513 -14.02073987067695 -5.295816666957291 -99.85486355386215
7514 -13.52401615959415 -6.497243850040906 -98.18259254069356
7515 -12.39656728644248 -8.54015853077521 -96.09233063734267
7516 3.470248239418756 14.5929670701313 -98.54081897876374
7517 -4.676667929311936 -14.2400689137912 -99.55129209619724
7518 -7.395438599857013 13.03613721090212 -99.86885880151334
7519 -10.11521032667493 -11.08320937836781 -98.12702102192422
7520 -13.58741738259697 6.347976218378761 -98.71318175548259
7521 -14.73597164784269 3.03335931682369 -96.30873290746584
7522 11.96171507811281 -9.033591833137786 -99.91433889233159
7523 -2.863885721097563 14.71396991898097 -99.4031000219878
7524 8.617722743228839 12.26266694838507 -99.58440905420184
7525 2.918517814608042 14.70023551054782 -99.83937135410348
7526 12.04829315657052 8.957692474876227 -97.63478879296873
7527 -14.77992031154352 -2.505467147420951 -99.30725476995913
7528 3.039962033033421 14.67550836016854 -99.68586645706068
7529 -12.06588678578968 -8.889929174200329 -99.83782645260497
7530 9.57121618264113 -11.56294591531064 -97.82697454193905
7531 0.8307173459840249 14.96421477543218 -99.66192257310593
7532 13.75645014447015 6.010508891694772 -97.66996192707315
7533 -12.49405775647987 8.277457446770223 -99.8395816025205
7534 9.234990180148785 -11.83756635103974 -97.65194518443766
7535 -21.70834638231255 -21.95273422616189 -38.80664067296058
7536 14.76537708018189 -2.578133299936151 -99.89462963817185
7537 1.946526329690271 -14.866865023517 -99.07914457300595
7538 -14.97433415205563 -0.6104475631328636 -99.78591804529395
7539 14.86050266679809 -1.95275348420843 -99.88036553095206
7540 -14.15571842000241 4.933955142627039 -99.93432299928773
7541 -15.01329566864327 -1.118881855869982 -95.97797927009331
7542 -13.94208849138439 5.943985788711866 -93.613431320019
7543 5.840381481801701 -13.80282451101862 -99.86222099520067
7544 -12.16466098333163 8.842438725671787 -96.57934642862942
7545 -11.08069493386429 11.84545310387042 -82.99777774055947
7546 -14.68820120777372 -2.976981436971885 -99.70334918733286
7547 -14.6770521584504 -3.035982509140121 -99.58616798568929
7548 -14.65229306385545 -3.151936819366642 -99.61705387901993
7549 -13.1387967265366 7.29692518057202 -96.92218423958001
7550 -9.99634616345889 11.17039573981224 -99.38283405274977
7551 -2.579313535202776 -14.78794367801206 -97.82883239520864
7552 1.323383308582601 14.93573170613054 -99.03454459770558
7553 -14.84037935278926 2.105799430582748 -99.46432924201767
7554 5.358892503555944 -14.05390820432778 -96.61331185164609
7555 -13.3128564423783 6.92181130200966 -98.11600233390106
7556 1.149676730072478 15.00765525854027 -96.30069421541528
7557 4.580227458086241 14.27012266951529 -99.83933323957291
7558 8.954147875453332 -12.01815525232904 -99.8313752735682
7559 -9.219192251037448 -11.9173673306949 -95.77024617489042
7560 -14.97497804588957 0.5928780435875799 -99.75408014978906
7561 -14.54459196871452 -3.624095855530018 -99.44173161418428
7562 8.225668114383657 -12.78464712327888 -93.01101026006123
7563 -1.362281510086794 -14.92504390957767 -99.68268510441712
7564 -10.1970922760064 10.98633395657493 -99.45371514006537
7565 -10.62276937183018 10.57336290966531 -99.57637174387777
7566 24.16943330461581 -9.85445094775932 -47.73891375821525
7567 -15.02493106544851 0.6413094881991885 -96.52096940839064
7568 7.886782227189815 -12.74363203309043 -99.76107344575595
7569 -6.927148806806681 -13.31978958331718 -97.69261752911478
7570 -8.604513069609146 17.94655324423895 -66.57632677170341
7571 5.170357290750418 14.15234526393652 -95.82990122733104
7572 -12.04809605080947 8.916686845084971 -99.49624910501412
7573 -12.03189139710484 8.940876257651212 -99.37263334046709
7574 -14.74961384196274 -2.774618907422898 -97.87247337763152
7575 -11.46546153923047 -9.759290656808973 -96.0224971714826
7576 -6.859674197418286 13.3346924670862 -98.89463412839609
7577 0.7018821771535189 -14.97113645472984 -99.86297229532829
7578 2.371486417315442 -14.8016768198051 -99.93091417446847
7579 10.69576999813192 -10.5323610410744 -97.77752045238829
7580 -12.79677202849902 7.800327981411075 -99.73453930012516
7581 14.1590060831731 -4.914249004091062 -99.60753548244591
7582 14.13962453114268 -4.975643807442866 -99.4227162322457
7583 3.438731729343814 14.58784287128848 -99.86621935579809
7584 -8.040720337891058 -12.64995532421019 -99.47608599781515
7585 9.673810635463362 11.44756977806009 -99.61107816465473
7586 -14.28425881168483 4.537010495329489 -99.85047889193173
7587 -16.97170601795817 4.139741942399757 -75.19247364551231
7588 -6.294249293084317 -13.63495786105777 -97.49687778783569
7589 -14.29363121875372 -5.360108327870813 -91.76214749001667
7590 -0.4470840562309433 -14.98090918282256 -99.62687182331285
7591 -10.38057650018324 -10.81423139637784 -99.38409310624434
7592 9.160064042146578 11.87122078840196 -98.99712541883196
7593 -5.837273655981754 -13.80659435362637 -99.4191148546237
7594 -14.06388965302765 5.188229239123484 -99.92587529155179
7595 6.457253077852378 -13.57090086080343 -97.03390998451061
7596 14.68867327427383 2.976926150174192 -99.84049992099719
7597 14.01461385476699 5.32042894476816 -99.33247630540258
7598 14.62561513805809 3.280020272960778 -99.89811497960058
7599 -9.727460306014139 -11.43163241586116 -97.83291960899797
7600 52.301539530367 -2.768905230390921 -3.375269352443606
7601 -14.72093082937789 -2.815119949931337 -99.85990247018606
7602 -2.23843722362106 -14.84199226278606 -97.90180136750273
7603 14.53911617188423 3.646928055933218 -99.91158592087227
7604 -7.987754514783324 -12.68141262676484 -99.85263978627806
7605 -7.878940264807378 -12.74895072715069 -99.83411555554034
7606 -10.91850211248588 -10.26646328807217 -99.83291501342329
7607 -10.44271677491977 -10.77432541822218 -98.164383573338
7608 -0.152916411823248 14.98615120446128 -99.70515674409745
7609 -13.15934741528162 7.20963693760103 -98.10982073324439
7610 -12.31102521963381 8.552783798774023 -99.92705821108682
7611 -12.28547088715152 8.58376651533897 -99.83081495497163
7612 -12.72850595560712 -21.52300514976655 -52.07330071744455
7613 11.40686859306718 -9.720416383631511 -99.78948742306862
7614 14.78599993756674 -2.46951913542063 -99.30431764944944
7615 -19.82137428400835 -6.217262008667125 -62.18176148219501
7616 11.91548857313191 -9.191090614880103 -96.26464197873022
7617 11.74527060740174 -9.448318107653533 -95.52722836053346
7618 -13.72457652228113 6.023985984960494 -99.52607906349435
7619 -13.98027438699299 -6.15167583092145 -91.65792103767001
7620 -47.84497994490102 -12.92423156853332 -7.426365368312679
7621 -13.89383110731613 5.664049216821471 -98.16217045220066
7622 -0.5419970448023609 14.97818843476518 -99.58680973534703
7623 -12.89276335007721 -7.645726382128641 -99.44447791056072
7624 -6.063546625326696 -13.70622993769917 -99.86152681908818
7625 -0.5257055006539317 14.98047793244511 -99.43760701655063
7626 -14.22408829436419 4.726068234683684 -99.49972324519106
7627 14.36426476846136 -4.27463802809145 -99.79532371086573
7628 9.783215519657002 -11.35341405449696 -99.82642766964042
7629 9.935672249380273 -11.25618121568593 -97.63351447443611
7630 -14.21668178761604 4.744854837553901 -99.85567752482628
7631 -14.24474409007811 4.658725154448408 -99.83490805018252
7632 -14.71210515074468 2.926637157301405 -98.42378761322293
7633 -14.83877515098372 -2.10490305271496 -99.84165473402143
7634 -13.90092530253732 5.742760861073797 -96.48447858626682
7635 8.730763862745805 -12.18130240521922 -99.82471462662707
7636 3.267445771548876 -15.01025341913644 -90.88402281227727
7637 -18.54429187768784 10.99598266477163 -60.08475938963206
7638 -23.10204387781495 -15.29130806729147 -44.61153170148931
7639 15.00283067921038 0.2307518914337117 -98.10541815733434
7640 5.683246037577497 13.86771967918236 -99.67944238258714
7641 5.428431956327644 13.97007888106094 -99.61241834257137
7642 -1.221736000499087 14.96176901798083 -97.81277181309945
7643 -15.68258642904911 -12.33617081688136 -65.54883422321102
7644 6.96646784092975 13.30387776793944 -97.49829808323467
7645 8.633405098575965 -12.69058803093701 -90.89914620707333
7646 0.02696434532626275 -14.99051481969484 -99.93233789184032
7647 5.835611121990214 -13.80811532613182 -99.9326085314529
7648 51.5503395160124 9.085500332570538 -3.563020614604723
7649 -14.25153647257545 -4.637849721752286 -99.83408237731774
7650 -6.978374046167425 13.26355417249647 -99.84749711973969
7651 -15.1371652070317 0.6809767220771595 -93.63239558712498
7652 -13.83698114368173 -5.757842638083393 -99.65760362778703
7653 11.01507321620252 -10.16263100963639 -99.82416115180558
7654 -14.31028893790609 -4.452984574286391 -99.82790180771632
7655 -14.76601701721504 2.795419676867523 -96.9179189202187
7656 -8.656395915424094 12.23682489134843 -99.4784985386929
7657 -9.468579751156609 -11.65161817372998 -97.64738055474162
7658 -12.43812082570149 8.400452807587126 -97.85794305221874
7659 -8.020468735840026 -12.67559919240122 -98.51682415623731
7660 15.00081488303341 3.508699720545743 -89.84093041184445
7661 -7.750274200613013 -12.85829962501555 -97.68459517110924
7662 4.132405668119061 -14.40573925770228 -99.78529362084051
7663 -14.89337746618506 1.670245045145044 -99.73105977261361
7664 -15.15253277503793 0.929240076630008 -93.09629065839168
7665 3.273855083473696 -14.62490035882584 -99.81137637620341
7666 -14.19190055590914 -4.817063992641781 -99.82986771370336
7667 -3.514150015747827 14.57175665344251 -99.45209797351862
7668 -16.21935993089649 -5.255680073981518 -77.43921287883177
7669 -8.176665993194934 12.57097327423994 -98.83376452905297
7670 -4.201211963013938 -14.46615002338652 -95.93198405521873
7671 1.176224665820049 15.1539834109078 -93.17275189933061
7672 -3.0184201034782 -14.81902053019806 -94.54489121673078
7673 -2.416539779722308 -14.7959818703255 -99.23506385532681
7674 5.957453747682306 -13.77929004068651 -97.77081181422757
7675 -8.504150924203675 -12.44202610459611 -95.68753896514998
7676 -14.71309948410751 3.620798100513051 -93.65997090665003
7677 -13.98963945257932 -7.69918666851089 -84.57288717868121
7678 -5.860389710265001 17.39199080145304 -72.48592622845115
7679 -14.30294820100758 -4.48372611872017 -99.44600896582598
7680 47.36911432788686 -23.37250312699025 -3.859029134570418
7681 -23.94424547028851 -8.284555021975828 -49.46596275493913
7682 14.05822484487386 -6.598120183575593 -88.50924393956524
7683 0.1554039706391511 -14.988626516024 -99.46043629275798
7684 11.8572434975459 9.167762248712767 -99.56446811526359
7685 -14.71809432027062 -2.831505988001062 -99.56364112677227
7686 40.05947108342004 34.51024106813588 -5.056004896187313
7687 10.49979101905593 -10.69936099227866 -99.33037548061391
7688 -12.3665011948183 8.473387777702092 -99.93521775215684
7689 4.467651313253906 -14.35654073990779 -96.80279450468642
7690 -20.66258878205394 -0.8190280316200743 -62.30553970108596
7691 -5.406051598447779 13.9783247680321 -99.84722344426444
7692 -14.31038250774292 4.665206751902147 -96.10225228775134
7693 -13.69141906238385 6.102017486282993 -99.41392196776226
7694 12.46564435753286 -8.328657561921586 -99.21046189067077
7695 -14.88138296240383 1.857476289858675 -98.72872392043156
7696 -6.649732676293204 -13.5317573645027 -95.54368413566958
7697 7.336556834705051 -13.09237778270875 -97.9872755043439
7698 11.93643627019559 -9.064515104770637 -99.55785948542712
7699 13.96235506107654 -5.504574576355785 -97.88834080570477
7700 14.13009697051787 5.004151358546013 -99.37759699327219
7701 -9.878263872095262 -11.27712523026406 -99.94654304724037
7702 -9.729932329818325 -11.40507007345134 -99.25804729939561
7703 12.06574393616012 8.890100363563848 -99.6561661974247
7704 -12.65319708636491 8.049519767621074 -98.77160741846491
7705 4.850767363912889 14.18077713120894 -99.85739252690412
7706 4.966121855318388 14.14065454327863 -99.85062270312442
7707 5.139478370228119 14.07856024799091 -99.84985650081326
7708 0.3687584586365761 -14.9858233554025 -99.92975248147526
7709 0.3467120005114283 -14.98345653480608 -99.85773385702895
7710 -7.841440896537573 -14.99956374738694 -78.98626267538448
7711 -13.55906560487617 6.39577717174807 -99.94530275550619
7712 -14.94610470163819 1.787684871906736 -96.05179572091467
7713 -2.792583922635557 14.73930930311044 -98.42020871907265
7714 -7.14566568751627 13.2411245169543 -96.42166171497524
7715 2.320235161399129 14.81530119032264 -98.88416598810386
7716 -9.306421389656268 -11.76972239278177 -98.17630305213211
7717 1.051431770821683 -14.95398290075722 -99.33442838051727
7718 -9.388898205924276 11.68770266386884 -99.94643425984944
7719 -7.626256516879091 12.90293354546857 -99.56280140188933
7720 -14.86572316707808 -2.000875388623063 -98.47138437637858
7721 14.31724615786624 4.452541398845585 -99.0426258385577
7722 -10.21616141340366 10.96534907558416 -99.81823357515663
7723 -15.23218351702378 3.126548631083399 -88.20323231998549
7724 11.10622524639129 -10.06312434817123 -99.83412428012208
7725 -3.384718158364975 14.60092997921034 -99.57438161022662
7726 2.701795052169715 14.74438789562831 -99.42068241224949
7727 -14.98077705508103 0.4250086853505344 -99.71268456601317
7728 10.56382769023456 -10.63104964761493 -99.83195859515021
7729 -8.517677983768669 12.34183286663719 -98.87944746093412
7730 10.29346131288916 -10.89960303519077 -99.22703609417644
7731 -11.54091949806394 9.566317749580087 -99.36984493023726
7732 3.592680169852041 -14.57196250759359 -97.98213566806137
7733 -6.266906935680337 -13.61907826695878 -99.25028983817953
7734 -7.496252934461402 13.16971439230678 -93.87993484389706
7735 -7.220871560648768 13.13447900021187 -99.53323002803484
7736 -14.98800180931826 -0.2805317528810916 -99.92961603922944
7737 10.30435767306283 10.88226879848972 -99.79417511914281
7738 10.43085306491706 10.76157577036894 -99.66763855654118
7739 -13.83946637385052 6.861057640548289 -89.43753016619539
7740 -5.003471187225245 14.1268562835379 -99.74014089162449
7741 -8.26676465757531 -12.51491154448216 -98.61397354807795
7742 5.615752980673256 13.89523699132269 -99.83754885848055
7743 0.4261289935764837 -16.93908616173454 -79.15104549194237
7744 0.03681323882120646 -14.99930036084615 -98.59024934298537
7745 -14.04468458443703 -5.240210827567818 -99.34254295501826
7746 -14.90941895751393 1.524564498910108 -99.83098589923894
7747 -14.91815171690443 1.440732200557076 -99.85388281807117
7748 -13.48223430384249 7.651987196720875 -88.843420436709
7749 9.608779673981482 -11.50146590958129 -99.8295312983854
7750 25.50545666740279 45.49746936251117 -7.779025808832387
7751 6.207037371240428 13.64633291810743 -99.26142328740642
7752 -7.616462263300667 12.91943592239064 -98.73211359151908
7753 37.9720410071987 18.27977600218259 -18.51466705552411
7754 10.38228454425358 -10.81128699248622 -99.46625829413642
7755 -14.81103345978859 -2.291835258725424 -99.84037304635966
7756 -14.98284006048151 0.3947675555583529 -99.87320560792649
7757 -14.67569911611802 -3.049231372237349 -99.45705270916791
7758 1.064643290525926 -15.92464238637526 -85.30785563977085
7759 13.62261285575061 -6.301187517075801 -97.82941771601152
7760 1.750170203227363 -14.88851337883303 -99.32297772437572
7761 -6.447774706897918 13.52918315653749 -99.83236623578728
7762 -6.531729785512838 13.48869693476322 -99.8198762007417
7763 7.368012215650118 -13.05134652977486 -99.85719118380619
7764 12.81420851363438 7.773241291198856 -99.61191843636222
7765 -14.47223079231274 3.907752717598109 -99.33122332670671
7766 -13.80073316829672 5.889693759530634 -98.09826255544958
7767 -6.801961194338694 13.35661835012102 -99.50330328237806
7768 20.62414813440186 -11.15893056733315 -54.6173694752883
7769 13.81089916378489 5.826224530689172 -99.42491806676991
7770 0.8615164980375104 -14.96390731786994 -99.52441535722251
7771 -14.59333271749373 3.491600224551286 -98.0698600120262
7772 -5.484416365531579 -13.96151447677827 -98.51972024618209
7773 13.70721620580724 -6.071146344592713 -99.9422796995875
7774 3.029570095391563 -14.68313319847559 -99.19872765914791
7775 2.860931479861736 -14.71596417060871 -99.28242803679066
7776 -2.647891644209077 -14.76591434485012 -98.4258844827945
7777 -11.73184226282627 -9.357978689654527 -97.99843829065402
7778 -5.983970149766602 -13.84239465427019 -95.47606090991083
7779 -8.978307469557409 -12.0038965758777 -99.38953019029141
7780 -3.685886775761749 14.79444871103518 -92.41987562807758
7781 -5.520336103384106 13.97868216527486 -97.02725973518037
7782 -3.826853234029135 -14.50210972444887 -98.65117515643773
7783 1.253934314587194 14.9478279892062 -98.51229997762559
7784 8.330995562930331 -51.70709915617272 -8.679204919866423
7785 -13.59968724433556 6.421301961905207 -96.5272642315141
7786 8.030460541291985 -12.66017123556779 -99.20047502644424
7787 -8.179923294066461 12.55843201068456 -99.62744044767418
7788 -7.821793504556998 -13.31609685784881 -89.80544810524121
7789 -7.787898640560796 12.82440735377893 -98.23085401011647
7790 -6.536032265523978 47.98713393586161 -13.66686185841488
7791 1.965510882654389 -15.02226914724826 -94.02547304365895
7792 -13.26063012397619 -7.497087158683356 -92.31401268920682
7793 13.41402220007161 -6.736741213805524 -97.7591375742615
7794 -14.93909831982118 1.227920112978522 -99.4241870392798
7795 -10.53951187228359 10.73665334323792 -96.39911168654432
7796 -12.81358182560113 7.774003722006879 -99.62674731217759
7797 -53.07201968025782 -3.242725968032229 -2.356840811610339
7798 -11.96330864788829 -9.279176788418573 -94.00819860373049
7799 -6.303469087071014 -13.59696913011742 -99.82946879379521
7800 -4.926508256177608 -14.15584308837126 -99.52847693709856
7801 -11.93813011864932 -9.066900178918662 -99.93526311949341
7802 -8.82118246445865 -12.14535387139425 -97.81143561388508
7803 -8.61557124249684 -12.29637478901983 -97.63267338812281
7804 5.656627814707619 13.9510972439541 -96.19186136623034
7805 7.363004004173063 -13.05814511914323 -99.31949246713204
7806 4.526855467931084 -14.29425883757102 -99.05782431488576
7807 -12.05906866913809 9.60749517817273 -89.88400926693961
7808 -11.01874132447609 -10.24149297564862 -96.4514253926162
7809 6.934733354201139 -13.45014121948142 -94.29950043764219
7810 0.2980230322142221 15.03721364685654 -96.66468107475286
7811 -12.38190630322434 8.535040937423593 -96.58541141574474
7812 14.59842836367032 -35.18218719438998 -27.6926438571037
7813 4.605784039464007 -14.26671314244813 -99.25682052522392
7814 -12.52411173732279 8.539812519872305 -93.62975594296745
7815 -3.323307987581178 -14.61750060821229 -99.36566498777712
7816 -4.764246658224821 -14.22204653273281 -98.62435424676718
7817 -10.39937391864616 10.79211602162758 -99.83926554233554
7818 11.55369239511615 9.598500429588368 -97.30105850141109
7819 2.033499250035776 -14.84848719009251 -99.68238738273486
7820 -13.18080079967284 7.134943806148333 -99.87414205091757
7821 -9.931901208950183 11.24653678269204 -98.18971988375642
7822 -1.911308553005594 15.10000892317849 -92.83556333848674
7823 2.4057469518113 -14.85707710274926 -96.32759661404216
7824 11.45834662511166 -9.668096128650117 -99.19400137452403
7825 -11.19244610386369 10.0296901226724 -96.96886782700722
7826 13.86510826641044 5.690209337753461 -99.63717424566286
7827 -14.97724815435638 -0.6132214429450223 -99.39531455785148
7828 15.33973873656151 -1.524977247857372 -89.69904384694028
7829 -12.70918898699094 -25.62849062251876 -44.31940578846916
7830 12.13703016428146 -8.792742331902581 -99.64033662302504
7831 -5.29902342520012 14.02025031025593 -99.56143143072276
7832 7.781289900121131 12.81132975832195 -99.46477429690447
7833 -15.00713246007128 -1.348014145822382 -95.60414015069823
7834 3.684706125057446 14.54410032122111 -98.27238613195624
7835 -5.929391771851646 13.76642224203049 -99.48689320598086
7836 2.788923180659504 14.72545243830587 -99.66426468229383
7837 2.313354078847858 -14.81397640692438 -99.10044166665925
7838 -12.54786843156081 -8.204091953759429 -99.94662835839969
7839 12.19849796436129 10.0199482751721 -86.21902139704147
7840 -1.965074517927769 14.86157216632539 -99.33173784702967
7841 -14.43807736945183 -4.060804405483275 -98.60465165690128
7842 5.00544306311022 14.12707546823104 -99.62043265267057
7843 6.622959886148264 -13.44397770561525 -99.72703260677658
7844 -12.39341216572687 -8.444929897109308 -98.72678042890371
7845 -3.162888613995947 -14.68032245910472 -97.53721481907573
7846 -14.95482118428912 1.02399748744801 -99.39163855888735
7847 8.683958933789304 -12.28950932666542 -96.34038322279294
7848 -14.85496376238219 2.094684588682548 -98.30060979605869
7849 -13.76183767855502 -6.275605549657589 -94.24789680679578
7850 2.979586829134404 -14.68825806305064 -99.85514453246648
7851 2.910464091187035 -14.70143530893156 -99.73933671758665
7852 -14.38134266592377 4.216452693363703 -99.7603083458724
7853 3.497012065441484 14.59684021019865 -97.89508667586821
7854 14.9121147806026 1.50043765020729 -99.62330280336865
7855 24.05098127277368 -47.04273939279131 -7.119911434457114
7856 -0.3396847978941779 -14.99316402623685 -98.78595679293964
7857 -1.588480748609424 17.86831395853086 -74.37958365943879
7858 7.568677775710172 12.9355182840966 -99.83190399529985
7859 -12.07074317276811 8.954799721208282 -96.91965929818163
7860 -11.48447870658311 9.629105090423353 -99.82934102922385
7861 -14.64555201818348 -3.180132636359373 -99.70509670582716
7862 -7.626655138316176 -12.90169473759453 -99.84762507504489
7863 -11.55076254280432 9.54981229787427 -99.84313836582537
7864 -10.63113148445113 22.06350690366812 -53.5135409369152
7865 -2.547443420074976 -14.95961429026276 -93.57770554979764
7866 -3.728601327325158 -14.53392045223182 -98.20764033185469
7867 -14.95838005269823 1.194307776474054 -98.01453168834954
7868 -7.625483863728841 -12.90666885114172 -99.31570058608155
7869 4.981557732522018 -14.18024689111324 -97.00958819729118
7870 -11.61706351447508 9.705051142774565 -94.07313973812175
7871 -14.73171096904561 2.756584334810714 -99.84582128642816
7872 -6.278433020774729 13.61381293560504 -99.94743404548645
7873 33.53404945201689 -1.618591158140664 -31.87436308145575
7874 -5.034418585813817 14.14519921851062 -97.65771577732694
7875 -5.213525864175903 -14.18623323590348 -94.71604497975372
7876 12.25115098346251 8.632865686631369 -99.83894049921844
7877 14.31129102707899 -4.56434455537497 -97.21146782047177
7878 -5.184233632555395 -14.07327049091227 -98.71098967348989
7879 -14.7640052796277 -2.646058455971702 -98.51669108929124
7880 -6.873255795998024 13.53069306709494 -93.48570959800844
7881 14.82023051074792 2.227926220479705 -99.78282042479786
7882 10.71137494732351 -10.4826718315663 -99.64302504672122
7883 -1.666033411238446 -14.89855590830459 -99.28900119483794
7884 3.846371226733642 -14.99140550548089 -89.55598583508043
7885 -14.62706924153229 -3.270940925423909 -99.53024335842734
7886 -14.99460636791284 -0.5393507334897129 -98.12621648830056
7887 -18.29387070185578 -5.955443116019461 -67.59719386232516
7888 10.84392336112007 -10.34474590477961 -99.79856522886263
7889 -8.063554239827196 12.63295641534464 -99.83115238889886
7890 -11.78827067272855 -9.256857592614775 -99.53139384109619
7891 -2.220928996007847 -15.45072869767978 -88.24879507603745
7892 1.652683798732351 -14.89677711809651 -99.56961859315852
7893 0.4578252081077858 -14.98442519032587 -99.94357774045851
7894 -7.246294275971121 13.11969504166666 -99.87121777649016
7895 8.494975832712715 12.34729208803889 -99.84836301375471
7896 -14.75889767634753 2.615582076090259 -99.89723793221263
7897 13.03606478592421 -7.395722704448948 -99.58180843646008
7898 11.45576944272201 9.688983061037975 -98.21128731277778
7899 1.514904330896419 14.91003028285138 -99.73147466211505
7900 -12.05459928024811 -8.904392159347113 -99.75154681660041
7901 -0.3178069175714263 14.98362380237942 -99.82715539872964
7902 -0.2827076082525621 14.98414444489794 -99.72738762568146
7903 -14.98188895440973 -5.206992894038887 -85.34036618332648
7904 5.813576326123135 -13.81915005203303 -99.21184894342088
7905 56.76307780033788 -1.280599605604014 2.169276322207828
7906 -4.131845474139028 -14.53362984831379 -94.82340008623628
7907 -15.00019319251476 0.4706804518288987 -97.91342326609337
7908 -14.96858436779283 0.7540489360523716 -99.85408354080018
7909 -13.78697186925838 -5.995471024461005 -96.71346282130737
7910 -1.19724293671271 14.94248728265392 -99.3797141586568
7911 12.4845715833219 -8.295443099985663 -99.90786549806558
7912 -10.3195271680714 10.88553439933962 -98.53086554244447
7913 0.3271150869988127 14.98345397279177 -99.82987206341734
7914 8.146027985826958 -12.58278619075024 -99.91347463163322
7915 -10.19735090801912 -10.98930234633941 -99.94535466663653
7916 -9.904083341168366 -11.28388154817375 -97.63783561062064
7917 -1.568389904358451 -14.905064394861 -99.85195416463792
7918 -2.821406030933423 14.71874725377481 -99.78218634681555
7919 -14.43660799636395 4.216102699961151 -96.4989852733802
7920 6.918177286082716 -13.29509259359698 -99.84957019231511
7921 1.037027911072495 -14.95105377888239 -99.69801708752958
7922 9.588735614709027 48.28462266895038 -12.54069578867959
7923 -3.470584830316507 -14.68762038378672 -95.2230530588496
7924 -9.326957221474107 -18.93858830230694 -62.67408940660187
7925 -12.55940578426671 8.186244284764607 -99.94527355212047
7926 -14.74186024322651 -2.70371826740254 -99.86245843833264
7927 14.82588024946009 2.207343293505563 -99.90676381533048
7928 -10.61538626250355 -10.71585715813882 -95.30466566555832
7929 -1.035588704082593 -14.96048065080006 -98.8502716553303
7930 9.247782937787552 -11.79623604969398 -99.90519972360372
7931 4.146994534229528 -18.59298638917473 -69.86657910912142
7932 7.210116931886004 13.13833973824014 -99.75438492322058
7933 -13.5529136205808 -6.445708031325486 -97.9324984020959
7934 0.9147286322371 -14.99783657230144 -97.18546297312088
7935 -14.1994924749206 -4.971432576573946 -96.33356579614119
7936 15.87292196917842 -4.552467072770492 -80.57979618300875
7937 -14.07575867461821 -5.182835193241581 -98.49240709331465
7938 10.71289597440855 10.48443680910751 -99.42523347105438
7939 -1.048188024348876 -14.95020564416788 -99.70935555937842
7940 -16.57865197511449 9.528687120757889 -68.32278019965526
7941 10.40790611851202 10.7873668194546 -99.41966917826345
7942 10.56910672660389 10.63200905672642 -99.25956839603757
7943 10.91266016251581 -10.27715681190617 -99.92490576025702
7944 10.24052051584719 -10.94291893938443 -99.83716513174944
7945 14.52802488940795 -3.704118643229909 -99.11998499835933
7946 -14.09440241873822 -5.154727132727079 -97.93524670676358
7947 -6.508961078252202 -13.5030812173819 -99.40652878418909
7948 -9.088045789258416 11.9167605324417 -99.75027609569548
7949 -44.97905571748423 18.53267407945935 -9.055430700539564
7950 -11.94552934501937 9.067988592930508 -98.69873021077325
7951 -13.1640049163068 -7.211041977998782 -97.81796145037811
7952 13.51597672555986 -6.474726911359582 -99.79072859403263
7953 13.46677920499885 -6.577186137482158 -99.66382110082199
7954 56.17111676022229 8.243503830788137 2.044813327843651
7955 -12.28534028264562 -8.620436927773925 -97.92396603011558
7956 -8.464501255943812 12.36759040653259 -99.71761587925589
7957 -13.01600480156284 8.297746220209284 -89.61871835246393
7958 -1.038347028733696 14.95176579639133 -99.60696831840728
7959 -12.53696419466999 8.22933889157453 -98.77456606160941
7960 12.37231750505754 8.472387367980335 -98.90643164534637
7961 -55.41651459730437 14.96394745398532 2.537033884230711
7962 -11.12251532852661 18.9303208098131 -60.03518943266228
7963 -12.12286387285273 -8.812650952263082 -99.85653843978108
7964 -8.244736703846657 -12.51523721380972 -99.81324259698437
7965 -8.129533054616971 -12.68955230230519 -95.70386667772766
7966 14.54416639736913 -3.736680869631705 -97.43813087605659
7967 -0.1922282696503391 15.06618006535508 -95.85436331454645
7968 -14.33184458086856 -4.419493066578823 -98.64882205217251
7969 -7.629234412666063 -12.89954162212468 -99.73291983577634
7970 2.619225759149807 -14.79195584255623 -97.32808239273149
7971 -5.220413262641962 -14.08872301447573 -97.20148578530339
7972 14.67225083108841 -3.05491998352157 -99.80838054009189
7973 -14.01787765486349 -5.469823125261838 -96.250927689192
7974 -8.847006838503017 13.1176250160494 -86.14212375135486
7975 0.731951483633283 14.97101744923174 -99.5060168188048
7976 11.02196195554973 -10.24626437831196 -96.26875752945568
7977 -14.87766226899743 1.810481705651877 -99.84676486617478
7978 14.62338555579002 -3.367446230540974 -98.01174789223977
7979 -0.6948051272588995 -14.97091751975277 -99.83052531158785
7980 -10.19460684499001 -11.08827160863842 -95.87740220707452
7981 -14.9662199213714 -0.8043274523826511 -99.86509832723242
7982 14.97087959657237 0.6985625842066194 -99.83137814615067
7983 -14.46154849399179 -3.936745227999996 -99.86522492901869
7984 -7.558430416732127 12.94116760354593 -99.7970873155102
7985 -9.151743802474648 11.86806779906916 -99.71405612953764
7986 12.72655182028608 7.916616035743757 -99.57567482599222
7987 12.79419884424683 7.811015195273833 -99.37651867641421
7988 -10.88517916743722 -10.32585291368473 -98.21870358032733
7989 -9.365970001907653 -12.24634565843058 -90.0373228672025
7990 44.27564044452264 -29.38443180141268 -4.062324427267265
7991 -4.751780654971316 -14.36674128303505 -94.34633262917436
7992 -13.07366007525169 -7.384566273085643 -97.53414220266959
7993 14.7474448681031 2.677315998616288 -99.5143341806456
7994 7.450400290633358 -13.27135864216597 -92.75312457715398
7995 -11.30326281161816 9.840881576532123 -99.70289297154389
7996 -1.493316300999575 14.91619657609476 -99.93533026755388
7997 -26.12858417460776 -9.98410470979441 -43.46346201222082
7998 13.15132522952179 9.163405902165858 -84.18828381154457
7999 13.95151321719971 -5.483893754553528 -99.32819916908578
8000 -13.65274588659173 6.204921225690157 -98.76227891580905
8001 -8.965976570380519 12.02271641810272 -98.68934723611673
8002 -13.80877204340782 5.82479201165354 -99.81953283518978
8003 11.45554097075412 -9.667432175783368 -99.91475964652925
8004 11.47798718849958 -9.636680745782147 -99.8204138903038
8005 0.2788941482735 -14.99714504942255 -98.55899509109713
8006 10.34236296068319 -10.84955858996444 -99.90795301881396
8007 -12.53658986870234 -8.214086729900778 -99.57816173483788
8008 -12.57191014340522 -8.161851848663085 -99.48054548410211
8009 12.70511275650544 7.948832237395542 -99.79317400787124
8010 -7.402099646680947 -13.26245348839571 -93.26729532713175
8011 3.672176010567763 -14.53046085084076 -99.84831086755054
8012 -9.369209384343137 -11.69761281390366 -99.83969937514146
8013 -9.398199317964755 -11.67376890765467 -99.73356567221595
8014 -1.211171327049541 14.95521262684194 -98.23949265139031
8015 12.52404807754908 8.249615744035609 -98.74263084010884
8016 -10.34022828052413 10.84869574638002 -99.83424408796999
8017 -3.445091429358093 -14.58596840759314 -99.84854411074461
8018 -10.82609601236833 10.38106585227685 -98.57261773554943
8019 31.0808017508066 -37.48464902169908 -11.31058685038106
8020 -14.65293949503445 -3.161798271567713 -99.36187724484414
8021 -9.703908588483815 -11.42152494028245 -99.84126007197601
8022 -5.233437943295127 -14.04342795239567 -99.71081412835814
8023 -14.85298915319632 -2.02814283014489 -99.30304704691963
8024 -11.35331646286409 -9.789143766364814 -99.31786050778383
8025 -13.38512203989073 -6.744159112367082 -99.55042265243003
8026 -10.10441929733197 12.63543339825006 -83.36126074059591
8027 -11.70063877801995 9.434362010599813 -96.89988527706267
8028 13.11239524142016 -7.261936273880418 -99.90156045258115
8029 21.54028258445332 17.76723779866208 -44.460256985332
8030 -14.69955721175784 -2.924407787511791 -99.59970789206474
8031 -9.747594074127836 -11.38357916046104 -99.75988560708474
8032 -12.32183182718595 8.534070341210658 -99.51358898860873
8033 -3.343775095133692 14.6090830364154 -99.71548559520588
8034 -12.56354846178036 8.173720245138444 -99.52961639765232
8035 9.100273097831208 -11.90814568530351 -99.64973601727478
8036 -11.78554374004509 -9.801665075688502 -91.01445835269396
8037 -15.53781511937865 -2.647979597249218 -86.13745980921745
8038 -7.465698084026483 -13.12938947020004 -94.9039790184016
8039 13.38828351722835 -6.824073940489768 -96.99511603205013
8040 12.4896905083602 8.332678427676726 -97.58729675984627
8041 3.202262330695874 -14.64138817728294 -99.85814961635243
8042 -11.21129311405441 10.20413075632907 -93.65745198415549
8043 -3.970396778235374 14.45150827579754 -99.82682881641368
8044 -14.96636654962042 0.8188153179345021 -99.49045292878964
8045 8.978199881238089 12.00419956757706 -99.9274377834022
8046 -6.666888664095854 13.44962510119464 -97.80062231996953
8047 5.451397195626307 40.95844829154728 -23.39726410325946
8048 -10.53499826247953 10.66366015161139 -99.39529234075444
8049 14.97337695179758 0.7191603654215522 -99.9298005129468
8050 13.63273208804662 -6.227773840226754 -99.577150624544
8051 -14.45926195250904 5.401296936105748 -89.52891253100897
8052 -14.49229974513921 -4.738461114216673 -92.02865272076511
8053 2.039839047364518 14.8475504987481 -99.69163253815481
8054 2.175940019501321 14.8288199881024 -99.62258430875646
8055 -8.70958813200741 12.19676872402139 -99.84359906664949
8056 -14.8416498994446 -4.138714533202735 -89.82564749955759
8057 -13.36206320400354 7.28494356749124 -92.53795389013419
8058 3.387497150305598 -14.60444848840781 -99.2210645954616
8059 -27.21950664187031 -45.0557987738496 -7.029796508978051
8060 9.371746107095234 -11.70962438467743 -98.65657193341532
8061 -15.26297337702263 -1.55020108196228 -90.6365197968602
8062 -14.92840596710732 -1.54524491538362 -97.87866092800431
8063 -7.454917856454184 -13.175762952097 -94.17080643638668
8064 -12.32819596943178 8.539323697629097 -98.75484492061993
8065 1.95740783361476 14.85875512205079 -99.83810726706324
8066 -14.77071320597944 -3.10880208139719 -94.91038717236295
8067 -9.425465319078645 -11.66824303179693 -98.53803679310714
8068 2.004285923239111 14.86102568124982 -98.91290184128601
8069 -3.22216524901865 14.63626897752853 -99.74219851420712
8070 59.76137796701146 -4.722948031405299 17.97776280951614
8071 59.44977001939792 -7.710820866527511 17.92918083332751
8072 59.45725157417572 7.838866092222831 14.03612109226785
8073 59.54995402446893 6.891396133370851 18.15619492640446
8074 -59.94772069809094 -0.01865206544779527 17.98872831962297
8075 -59.67344140302541 5.725873106344717 18.05930641081781
8076 -59.39880020787791 8.093956040676234 17.93067009088486
8077 -58.26804400854856 14.09261554017802 17.67360301270001
8078 57.90303079842029 -15.5257245936359 17.52195091000875
8079 -59.73450220916162 -5.066444022325943 17.61622783951733
8080 59.70054607052091 -5.658319747999945 14.79038591983621
8081 -56.23746916636163 20.77431671466505 16.58386503198081
8082 55.30210446353568 -23.15410044888608 16.14818163180598
8083 -59.58535398050471 6.764937150846469 14.75443232181243
8084 59.96704504287455 0.9997758108601832 13.08528248088598
8085 58.1037105186733 14.79566952005438 15.98470329291366
8086 56.55086676501952 19.93186413800599 15.3139444842984
8087 59.13844735363488 -9.95605136135006 14.1775471974021
8088 -0.1844155025300322 59.97348849327599 6.816199283336807
8089 -1.082048863206986 -59.96415288657641 6.770810107765714
8090 59.95407297267033 0.8574893232486629 16.03554981652007
8091 -57.79008494306588 16.04383704154192 12.35821287851798
8092 -13.74176550167703 58.35336113154816 13.02246673435028
8093 49.72247741561615 -33.53648769594425 10.95410465347263
8094 43.8237905149002 -40.92195976951771 13.40197535068279
8095 35.07077273029529 -48.65173246943569 8.808308094180985
8096 25.50630432717515 -54.25402027765708 13.34409647231352
8097 15.06667548700628 -58.05037892314415 7.223688695080672
8098 2.081628465856238 -59.91248438685827 13.13923466905173
8099 -13.45109595445144 -58.42056680783666 13.13499923172027
8100 10.30975745501218 59.05539824564872 13.27243668567092
8101 22.69283865226812 55.51515775464878 7.707257626720874
8102 32.77307356274002 50.20146586228326 13.44945560703012
8103 42.04743899874553 42.76699467940279 9.790846320488537
8104 48.99670821105408 34.57198565408945 13.13945543633381
8105 -28.63145504542418 52.67380674026923 13.0990508230459
8106 -35.32486682429563 48.44370462459219 13.1010803924085
8107 -41.12161812602201 43.63308852034286 13.47892733994093
8108 59.82542074222326 3.821935232033162 18.21753389363948
8109 -27.71031584695312 -53.16338612063897 13.12158008772405
8110 -21.69858917349205 -55.9134416179318 6.715312480275051
8111 -51.20850258493353 31.19455997021442 14.17564053029832
8112 -46.72542666874409 37.58117410985831 13.144708346146
8113 -35.803937691447 -48.11770231564725 7.547125058375069
8114 -57.78474915628601 -16.06427930873402 12.25399032206979
8115 -55.57175157758367 -22.55896863880277 11.83757522453651
8116 -59.970642647754 0.7631170055000629 13.03133617398347
8117 -46.60546816073914 -37.72995205022625 13.13942283889441
8118 -52.25098311685244 -29.44314702988876 11.41424787048107
8119 54.04033995909405 25.99898760561709 13.45385401388483
8120 -59.05066529794931 -10.49777164187632 12.27300153640971
8121 -58.59471427369537 -12.70431994694464 16.31690304049368
8122 -59.42928063766878 -7.909369593042904 16.86434525042029
8123 -59.83848786526061 -4.066596894753161 12.45670489985248
8124 -7.509988757636117 59.501626490707 6.936342292418485
8125 59.06727898450133 10.26384807325308 16.92716242781654
8126 -20.81133656626552 56.24943031791751 6.704094569432219
8127 -58.91753782815415 11.20434243468865 13.46503620920968
8128 58.57688616572674 -12.74709273650369 17.79158584838087
8129 58.36122258299566 -13.80216271722845 13.90925364854041
8130 47.20986639030225 -36.98981634249159 10.49458854704039
8131 -57.31182761350671 -17.62881473140665 15.29175367522718
8132 52.74078254441759 -28.52610750210945 14.55438814638539
8133 58.71375540953479 12.24351833993551 12.02108799502568
8134 57.48854406571708 17.09659885663989 10.75075830531686
8135 -5.862042130928799 -59.66132768063994 13.16529648547137
8136 38.41547551587266 -46.03351270141444 13.13933580352946
8137 37.44266670706163 46.82639391939284 13.24774009619046
8138 -21.4038107566785 55.99929553647934 13.139254730911
8139 -34.68154791551305 -48.90544588418509 13.12393659449598
8140 -40.67363777736366 -44.05357910232254 13.05351586150653
8141 18.15346351308204 -57.13491153024957 13.23180016373766
8142 10.11280806453488 -59.08982574264279 13.14399680043061
8143 -6.063246147239773 59.64119769704052 13.20364609120329
8144 -21.21370994678509 -56.07129463975184 13.13925151166098
8145 17.67330405217998 57.28500359028786 13.22751971823307
8146 14.70065830057846 58.14586373351634 6.614239850347921
8147 29.30061286370625 -52.3295121794771 8.24812594590259
8148 6.728181379558363 -59.59527895918352 6.852792504138352
8149 -54.33618289999205 25.34464952995968 15.55020508351983
8150 -52.66865850616963 28.69222137301663 9.683582737314289
8151 28.79342895038975 52.61084662145794 8.117583666236571
8152 7.004037531621066 59.56374786733299 6.797509445887763
8153 -8.015736078462997 -59.43598665170097 6.851673418805258
8154 -55.97517599480801 21.54116849170309 10.8153178860365
8155 59.54587665874534 -7.160399498610607 9.832251871340782
8156 57.61168178374174 -16.65621950424574 13.73724682367363
8157 56.42119253987148 -20.3443240412196 10.83584895945471
8158 59.93649469829789 -1.155530023160674 18.02822772193203
8159 35.13956524210517 48.60477752998737 7.732882867743349
8160 1.878446487288448 59.91856633602363 13.47244180259883
8161 56.93761738532059 -18.76384178202538 17.07133252251096
8162 -59.8961975480064 -2.493962025504725 17.85432938107934
8163 -15.42915687571047 -57.95753007294631 6.291913504743337
8164 -57.51916822363368 16.90414085686696 16.81591485026544
8165 22.43577725038511 -55.62115443327153 6.982927942655555
8166 -15.13028965583453 58.03670769111687 5.908179095658243
8167 32.01190266817787 -50.68818652867988 13.90659851419862
8168 -58.81921120187187 11.57954534972946 17.7018257420753
8169 24.8688664235876 54.54726666873781 13.78275145203483
8170 -59.50441221544809 7.500709322245066 10.020430858089
8171 59.97257603468417 -0.1374548555594502 9.164469655839065
8172 56.10092539140689 21.21127320566304 10.53398836904545
8173 59.0919218835115 -10.0961219886853 17.73491563722818
8174 -30.04566492860424 -51.90840302083684 6.965540148245563
8175 -29.4912318579727 52.22550992787875 6.591907796042992
8176 49.10362518687674 -34.39862519866755 15.19627439299527
8177 51.86198395134782 30.12571281811233 9.548367540736399
8178 45.89011348363022 38.61781681390544 8.653720214605279
8179 -59.86592151108874 3.126632352081868 18.08301646632498
8180 59.92650293964973 -2.217350840429455 14.94227889476946
8181 59.87210912497986 -3.529490768847189 10.51761664162401
8182 59.42378539205713 8.121002020763459 10.4944474905297
8183 -59.86644379142675 3.478634694220018 14.94301224618521
8184 57.71361037445381 -16.31504604340181 9.623737157526801
8185 45.34038583379419 39.22865838282712 14.29567598001879
8186 41.38463858693753 -43.41108622442454 8.543620010048537
8187 -35.76243264811972 48.14863286199032 7.062235778804031
8188 -42.62354493553817 -42.19497509147467 7.507188558401929
8189 -41.02532073273903 43.75105483781274 7.566210359060196
8190 -49.73447869460164 33.52188626160239 9.721252285361672
8191 -47.58875898833124 -36.50135037938052 7.666023845578859
8192 -59.79143265193095 4.705063507104501 10.64032842590381
8193 14.24281947011985 0.1094669944028592 -100
8194 11.84292458040292 -5.330103449324959 -100
8195 11.51501377947925 5.573995636545022 -100
8196 -10.51328611242622 -4.443797897769785 -100
8197 -0.8945689916726364 12.10767403160636 -100
8198 1.798568874157143 -11.66047109993943 -100
8199 13.55007582860796 1.669594991961184 -100
8200 12.64175888433401 0.2658380780488172 -100
8201 -8.971108155464563 7.056609887255672 -100
8202 7.506648364870174 9.003560506529871 -100
8203 7.766402664337811 -8.999703109746628 -100
8204 -11.46595029536196 1.818754140154086 -100
8205 -6.987103922662899 -9.355307719974054 -100
8206 13.23655655858958 -2.52530128242985 -100
8207 11.64209579666527 2.099054312312186 -100
8208 10.43401844145412 -0.2164647192686151 -100
8209 9.017146240996095 2.34270541219018 -100
8210 7.418296764100378 0.03024060944812724 -100
8211 6.10378939487562 2.833204440961863 -100
8212 4.317048673013701 0.2586996727363168 -100
8213 2.88438517730455 3.164166597380412 -100
8214 0.9732306803846048 0.4186723890109995 -100
8215 -0.5117690011963286 3.475980078412095 -100
8216 -2.479259263365513 0.6100814544668662 -100
8217 -0.9146228389209899 -2.519944549772636 -100
8218 5.785160447368916 -2.542517372843321 -100
8219 -4.452888729172987 -2.349554859495325 -100
8220 1.52407962345878 6.217208041711939 -100
8221 -3.994123559567857 3.744930802950013 -100
8222 -2.711171503896421 -5.518927484155922 -100
8223 0.8549692347319172 -5.588071426176655 -100
8224 8.566808363159268 5.31745884354156 -100
8225 12.96101088262422 3.624263177513364 -100
8226 -0.9295457607524054 -9.006897228734656 -100
8227 -6.550382319479426 -5.491937064839448 -100
8228 8.711464228642411 -2.54464873000582 -100
8229 7.426532656327915 -5.535849421919496 -100
8230 2.529193551892555 -2.504218249117614 -100
8231 4.300662404713845 -5.298214318206189 -100
8232 -5.849155832195594 0.7478667804297062 -100
8233 -1.970133351292763 6.540339897775064 -100
8234 5.012831081532225 5.935346723608365 -100
8235 3.594822116706674 8.995165013608075 -100
8236 -8.045488152511659 -2.09856360928959 -100
8237 -5.585676883593797 6.813520338098815 -100
8238 12.99362253392313 -3.962933232270869 -100
8239 11.30912590007552 -2.917051032110971 -100
8240 -7.987589846408614 3.648816798206925 -100
8241 10.16084243274787 -7.01255670571005 -100
8242 5.161447731841048 -10.73282922116205 -100
8243 3.396653893154334 -8.456075836734085 -100
8244 9.890177959639326 -4.668041867814259 -100
8245 10.32581665232656 7.507414318549772 -100
8246 -1.344458311847251 -12.33612387981715 -100
8247 -7.243044163411367 9.504213550772871 -100
8248 -9.591605993019877 -7.571866636862479 -100
8249 -11.37154798961853 -1.349516679272713 -100
8250 -3.696185990598145 10.25164239934283 -100
8251 2.1901772854959 11.87643478078924 -100
8252 -11.16248233280999 4.82011007610766 -100
8253 -4.365894278424498 -11.35511474952708 -100
8254 0.6021158286664273 9.085633285365809 -100
8255 5.431275239558408 11.2035917131118 -100
8256 13.67598861530973 -0.9597498946094521 -100
8257 -4.128204175636718 -8.21150850023021 -100
8258 5.708849963821495 -7.490094816276438 -100
8259 12.25948967995259 -1.270545770074014 -100
8260 -8.73449956711934 0.5783743596402673 -100
8261 10.57500696089523 3.842353917478831 -100
8262 57.11316197937974 -0.5672914305329839 20
8263 -53.21951454090922 -0.4059790540607677 20
8264 26.68195081203212 -45.99177821930608 20
8265 32.39505768519792 42.03289502467914 20
8266 -26.48800734438753 45.98466585185405 20
8267 -26.89713355995718 -45.96681705695286 20
8268 49.51022553522684 -20.42350708615172 20
8269 52.14913534231684 13.02829276131649 20
8270 -46.61362745283891 -26.92909631366232 20
8271 -0.01765173591933298 -53.55252687797507 20
8272 7.012206002070185 52.60259493188078 20
8273 -46.54985859674811 26.6810447274181 20
8274 55.20292299661466 -8.765428221533607 20
8275 46.67204190745489 26.38392321615539 20
8276 42.87316179054001 -32.35078099465129 20
8277 -51.40410133938863 -13.51240127585674 20
8278 -51.77380012543706 13.53073173628236 20
8279 13.26014954205222 -50.84491262959251 20
8280 56.18541727157811 4.217518892300514 20
8281 52.32277333389999 0.698519425385701 20
8282 -37.64935402097462 -38.18603384463543 20
8283 -14.0697631562009 -50.33971964317784 20
8284 20.40006732492676 48.9902161632448 20
8285 -12.86258829475113 51.31067628826516 20
8286 -37.49654312386207 37.55280655747787 20
8287 51.59274448674154 6.330054751805529 20
8288 47.21426440925295 2.559465216898005 20
8289 46.00260202692192 8.634989880458999 20
8290 41.14583038683224 4.50780223534804 20
8291 40.0331861098141 11.1375859544237 20
8292 34.81700633354683 6.702252931826657 20
8293 36.16389119030164 0.02055754537824009 20
8294 29.69499223829985 2.09843026807905 20
8295 28.31453665218936 9.026857035040532 20
8296 23.09662208763042 4.295297072588363 20
8297 24.55759676560778 -2.617614164940218 20
8298 17.84754478479529 -0.410980831977472 20
8299 16.41707902660506 6.534176339967822 20
8300 11.07118650743227 1.810393459743715 20
8301 9.634027123977198 8.851446202920714 20
8302 4.231368691873059 4.059879925883494 20
8303 5.697506748032816 -3.023598847414109 20
8304 -1.220049345530299 -0.7645447882796855 20
8305 -2.708214691135035 6.363115159155167 20
8306 0.271609116672705 -7.923337029522457 20
8307 -8.208653775126415 1.526545421345251 20
8308 -9.696476225666206 8.737277225698325 20
8309 -15.245485882114 3.852997813387789 20
8310 -16.72242670490253 11.14595332997985 20
8311 -11.14015150204386 16.07403344585292 20
8312 -13.73373337415649 -3.41501639337751 20
8313 19.32918144621962 -7.328457164638919 20
8314 -20.83212066481682 -1.074965223049728 20
8315 -19.28936531345526 -8.434488610654775 20
8316 14.99624430421797 13.59121463469956 20
8317 26.07186129345923 -9.532733566090434 20
8318 20.7984059731519 -14.28247142565444 20
8319 -18.22529959615367 18.49986710007679 20
8320 -12.60470170335897 23.48847669247779 20
8321 -23.8340880273605 13.56152302447781 20
8322 -26.45915570691493 -6.054513024255737 20
8323 -24.91626437665048 -13.46196795756953 20
8324 -17.71905880048852 -15.82510612111135 20
8325 8.172370450732629 15.98502926832466 20
8326 13.65316866783473 20.81152198209079 20
8327 6.732882749656415 23.21150878252416 20
8328 27.58086568254871 -16.43251324193526 20
8329 22.29263218653367 -21.27942776350496 20
8330 15.43935358316362 -19.11166626879655 20
8331 16.91385650844263 -26.21777732585205 20
8332 9.949569842613968 -24.00696506528332 20
8333 -23.36965277442294 -20.88627392039124 20
8334 -16.14473380419201 -23.23939455539846 20
8335 12.33947070439417 28.11903932977469 20
8336 5.309230665355795 30.59120620936881 20
8337 19.23149380332923 25.69420816309536 20
8338 -19.75462289511876 25.93171420816369 20
8339 11.45079685746507 -31.211071233772 20
8340 4.445613560630974 -29.02793417554615 20
8341 -14.07486427332017 30.86435006384774 20
8342 23.90435399017399 -28.41887661033725 20
8343 -32.1166483338482 -11.09407056409392 20
8344 -33.65215366112995 -3.647065732338893 20
8345 -21.81364802375098 -28.34065807646321 20
8346 -14.69949225574299 -30.7485526124565 20
8347 5.925068772468079 -36.27396547672647 20
8348 10.94620173162503 35.56257725976549 20
8349 3.837359845551345 38.06325816004491 20
8350 32.81494726290032 -11.69084352170842 20
8351 34.32154778290803 -18.53349855439826 20
8352 -10.65909890354474 -18.20483235333983 20
8353 -29.01379482772267 -25.89569467330337 20
8354 3.128389947723991 -22.10537531282135 20
8355 39.51912148006845 -13.81310305790134 20
8356 -1.143862004988689 -34.19690052646186 20
8357 12.89944979520536 -38.296197213322 20
8358 -21.2007224912761 33.30956430257676 20
8359 -26.99109652388982 28.3143077460753 20
8360 -39.21856285739948 -8.679230340754938 20
8361 -37.57059474450564 -15.96469124450172 20
8362 -40.62727812399484 -1.184002430022512 20
8363 -35.15597415581806 3.815230338467812 20
8364 -15.92769004258824 38.32562897876688 20
8365 1.290000124478864 18.40834924813029 20
8366 48.1912836271147 -3.744423769010776 20
8367 7.220902487146925 -10.0422916469187 20
8368 -6.940568835564521 28.36675535265319 20
8369 -20.02632515409745 -35.71653849323589 20
8370 -13.37103438890509 -37.87942852635279 20
8371 0.5861529545977526 -41.45527176684949 20
8372 -41.96599013770925 6.287950522540278 20
8373 -36.6390957044778 11.24227111044605 20
8374 41.94898945878503 -20.86718577376559 20
8375 35.88196799171319 -25.32737954323502 20
8376 9.252839964796181 43.32405495758892 20
8377 45.65739774803194 15.63021010382976 20
8378 38.99777602519995 17.82259667763814 20
8379 16.81559281629491 41.61033748166616 20
8380 -28.79711259551276 37.00295142193616 20
8381 -47.01113239176811 -6.132100716001776 20
8382 1.921810848138513 46.09020383737178 20
8383 -3.228424692378602 40.63868989074333 20
8384 -5.133676991171837 48.13047053007544 20
8385 37.7820804846011 -6.892796994708952 20
8386 44.00592140232077 -8.49258764466698 20
8387 -18.96067662286298 -43.40825492098556 20
8388 42.41721191673722 -2.00699723512707 20
8389 33.5298284159576 13.65808081791017 20
8390 32.63363952327007 20.60896837193505 20
8391 27.10817006596095 16.00905841240393 20
8392 39.31264673785045 25.41139285281682 20
8393 31.89904035099882 27.81062029615101 20
8394 36.98833617269344 31.86855222708063 20
8395 52.73897053529632 -14.18012328562693 20
8396 -12.12085400872719 -10.77920842916532 20
8397 -9.315426663467195 -25.5540895478419 20
8398 -27.9810414473167 1.360932304906458 20
8399 31.18089487252832 -4.769166738998455 20
8400 -5.217288731659841 -12.98186356865714 20
8401 -30.52213539149484 -18.46544174165431 20
8402 -22.33804866323348 6.239642468513109 20
8403 50.12197070705609 20.42667367305067 20
8404 -6.70482835308792 -5.722904131276142 20
8405 -26.78630469372954 -33.4784509445003 20
8406 8.023488731918341 -44.64184686941447 20
8407 -25.37197925837541 20.9052923199028 20
8408 -32.48897145218972 23.32498576051913 20
8409 18.03825866003542 33.23307578220548 20
8410 24.39036358524029 38.61507772306276 20
8411 21.70002261854104 11.2925362421728 20
8412 18.46135033345789 -33.37188640344483 20
8413 25.61200392527521 -35.21335325176828 20
8414 30.60839671977299 -30.17902347670895 20
8415 32.14182751466791 -36.82962851878266 20
8416 12.5690767357951 -5.142420139789182 20
8417 29.09829405894176 -23.36178653168661 20
8418 2.738516633922511 11.18580270273667 20
8419 46.58967502025858 -26.55751776254771 20
8420 -34.6156391897059 30.79761638827435 20
8421 25.08646894020081 30.60442484950615 20
8422 -29.49210651169723 8.678889974728857 20
8423 14.00953847266198 -12.1587883352182 20
8424 -35.85481196909275 -23.18752790050093 20
8425 -5.630958617385249 20.93263147705274 20
8426 26.07570757586661 23.22510083792263 20
8427 -30.97892900295122 16.00466374337634 20
8428 -4.190424860615347 13.5683334104095 20
8429 -44.31220350386704 14.27588121749 20
8430 20.74325271968208 -40.82648836126408 20
8431 46.26227926271892 -14.57977812365756 20
8432 31.1354094150074 34.91921417831954 20
8433 -0.1075404594838211 25.77044726554259 20
8434 20.40556757320148 18.39765640147534 20
8435 -37.89283436697185 18.57231738271643 20
8436 -34.71038275466938 -31.61614298226555 20
8437 8.700310610494695 -17.04542336551142 20
8438 1.677014904625512 -15.12716051130574 20
8439 55.66964691892002 8.579782616278814 20
8440 -30.7640724816222 -38.97534659717955 20
8441 -1.547169109360098 33.12870587398183 20
8442 20.01388290353577 -48.45306567504993 20
8443 -8.644038610319011 35.73954763750195 20
8444 -3.845098026678632 -20.32991871333033 20
8445 49.87551828124533 -9.135581900017495 20
8446 13.6940810334433 49.75869870254428 20
8447 -10.86181718768148 43.51138894187207 20
8448 -53.04460507939348 6.51231094366049 20
8449 6.582613847576192 -52.49673067167531 20
8450 -49.87576412654159 -20.6811245637188 20
8451 -22.35760339372894 40.3092261762027 20
8452 -19.32150744035253 46.98495844105712 20
8453 -44.39084205844487 -13.77567989079212 20
8454 -54.07019206698467 -7.138971504078735 20
8455 -49.51324875916277 20.20733501081492 20
8456 -6.799593262403398 -52.84385769006116 20
8457 -8.732338678800184 -46.99457909940607 20
8458 -42.35711830068351 -32.89271064373386 20
8459 -42.11989486435569 32.28003052566628 20
8460 -7.878703325384834 -32.53654795736777 20
8461 -33.11864217660692 43.120463918785 20
8462 26.52624551609133 46.09364707700645 20
8463 -0.5143999487727732 53.46924903026682 20
8464 -2.434847752027397 -27.29179437222822 20
8465 -20.99218535694025 -50.06630986035184 20
8466 -39.44661907578801 25.50175003731058 20
8467 -42.42039475476368 -21.36818527145387 20
8468 38.97192352517525 -37.79842132154413 20
8469 -6.685961450164268 -40.7449303229395 20
8470 38.04867598383878 38.61852910232273 20
8471 -47.12960300948142 2.075425313988323 20
8472 56.94457989169689 -4.784228212962113 20
8473 14.98804473847875 -44.6125021497286 20
8474 43.50529361856907 32.31972317061491 20
8475 43.98358892494694 21.11478288177507 20
8476 -7.066278080822135 54.24977924270462 20
8477 2.407338035431751 -47.24847575538416 20
8478 53.27504001832521 -4.383072351445211 20
8479 36.68320581144115 -31.11764530767564 20
8480 32.61834079421571 -43.42830183492919 20
8481 41.2102675285827 -26.39165815043786 20
8482 -24.58454130146653 -39.94472163661621 20
8483 -43.54295286050755 21.04766567515 20
8484 -47.74328474425111 8.729368753189357 20
8485 21.96470822738583 43.59033532588913 20
8486 -40.28033563679806 -27.49888563201091 20
8487 27.5594751531746 -40.45791003721006 20
8488 -3.20700902287628 -47.13994025210258 20
8489 -12.87962307098813 -43.77949870732115 20
8490 -33.87292272016659 -44.12874165314069 20
$EndNodes
$Elements
15680
1 2 2 1 1 7003 7021 3843
2 2 2 1 1 83 1143 1142
3 2 2 1 1 248 7127 1384
4 2 2 1 1 317 6944 4995
5 2 2 1 1 7871 7896 4895
6 2 2 1 1 6326 6327 1143
7 2 2 1 1 6255 6298 2498
8 2 2 1 1 944 7022 3836
9 2 2 1 1 1403 4876 731
10 2 2 1 1 1 82 1142
11 2 2 1 1 6271 6272 2440
12 2 2 1 1 291 2698 1377
13 2 2 1 1 273 2190 1378
14 2 2 1 1 6604 6605 2610
15 2 2 1 1 3194 3195 2516
16 2 2 1 1 2572 5426 2617
17 2 2 1 1 261 3747 1383
18 2 2 1 1 606 6082 2919
19 2 2 1 1 199 3890 1393
20 2 2 1 1 810 6651 2573
21 2 2 1 1 2617 5428 2571
22 2 2 1 1 3873 4685 3874
23 2 2 1 1 353 5616 2632
24 2 2 1 1 2514 7127 249
25 2 2 1 1 288 6654 3159
26 2 2 1 1 1148 7639 1147
27 2 2 1 1 1106 7313 1105
28 2 2 1 1 1148 6008 1469
29 2 2 1 1 7006 7033 4415
30 2 2 1 1 4451 7392 2223
31 2 2 1 1 3409 7236 3387
32 2 2 1 1 4497 4740 2404
33 2 2 1 1 5346 5347 1435
34 2 2 1 1 3012 7683 4487
35 2 2 1 1 3487 4846 2048
36 2 2 1 1 1330 5480 4486
37 2 2 1 1 2554 6661 5299
38 2 2 1 1 1424 7268 3971
39 2 2 1 1 4632 7884 3575
40 2 2 1 1 6746 7028 6747
41 2 2 1 1 4462 8016 4615
42 2 2 1 1 4825 5856 3225
43 2 2 1 1 1385 3881 233
44 2 2 1 1 6849 7564 4463
45 2 2 1 1 5316 7366 4950
46 2 2 1 1 4631 4990 1467
47 2 2 1 1 4585 5991 4354
48 2 2 1 1 5218 5219 5175
49 2 2 1 1 4590 4594 1365
50 2 2 1 1 7098 7233 7100
51 2 2 1 1 4629 5600 3231
52 2 2 1 1 4407 7355 6077
53 2 2 1 1 1384 3197 248
54 2 2 1 1 1095 6046 1334
55 2 2 1 1 3871 6898 3897
56 2 2 1 1 3969 3971 3970
57 2 2 1 1 175 6524 5596
58 2 2 1 1 2020 4749 4748
59 2 2 1 1 1383 3194 261
60 2 2 1 1 2388 5558 4883
61 2 2 1 1 1077 7252 1076
62 2 2 1 1 1144 7982 1145
63 2 2 1 1 2761 5460 3269
64 2 2 1 1 4125 4894 2403
65 2 2 1 1 3928 4493 2519
66 2 2 1 1 4386 7911 6625
67 2 2 1 1 4822 7497 4823
68 2 2 1 1 1469 5410 4813
69 2 2 1 1 5782 7332 5783
70 2 2 1 1 4818 4820 1363
71 2 2 1 1 5537 6803 1486
72 2 2 1 1 5521 5710 3398
73 2 2 1 1 193 4577 1429
74 2 2 1 1 4584 6774 4103
75 2 2 1 1 5874 6299 5873
76 2 2 1 1 2037 5516 1741
77 2 2 1 1 1937 4757 2030
78 2 2 1 1 372 6792 371
79 2 2 1 1 4965 7095 4964
80 2 2 1 1 1973 5913 4772
81 2 2 1 1 2159 5527 2155
82 2 2 1 1 2634 5490 4669
83 2 2 1 1 5553 7345 5707
84 2 2 1 1 1441 5726 5725
85 2 2 1 1 4524 7000 5509
86 2 2 1 1 2076 4744 2081
87 2 2 1 1 4904 7646 6632
88 2 2 1 1 4780 6910 2071
89 2 2 1 1 188 4580 1394
90 2 2 1 1 167 3916 3915
91 2 2 1 1 2576 4857 4855
92 2 2 1 1 1380 7646 4904
93 2 2 1 1 221 3874 1386
94 2 2 1 1 5977 6876 3244
95 2 2 1 1 173 5596 1410
96 2 2 1 1 4303 5825 5394
97 2 2 1 1 5081 6940 6176
98 2 2 1 1 186 7299 185
99 2 2 1 1 2755 6584 5696
100 2 2 1 1 4471 7749 7261
101 2 2 1 1 5791 5792 3986
102 2 2 1 1 218 3895 3877
103 2 2 1 1 3381 8035 3378
104 2 2 1 1 1737 5437 4525
105 2 2 1 1 169 3917 3916
106 2 2 1 1 4675 5571 2503
107 2 2 1 1 164 3915 1411
108 2 2 1 1 5080 6177 4065
109 2 2 1 1 181 4444 1409
110 2 2 1 1 3762 6607 3761
111 2 2 1 1 1521 7769 1520
112 2 2 1 1 3211 4704 3517
113 2 2 1 1 1536 6781 1534
114 2 2 1 1 1719 5533 1721
115 2 2 1 1 4904 4905 3602
116 2 2 1 1 169 7201 3917
117 2 2 1 1 5281 6883 5280
118 2 2 1 1 5526 5527 2159
119 2 2 1 1 4459 7722 4462
120 2 2 1 1 2404 5231 4497
121 2 2 1 1 4011 7193 4524
122 2 2 1 1 946 7022 945
123 2 2 1 1 1496 4630 1214
124 2 2 1 1 4474 7716 5962
125 2 2 1 1 159 4007 1428
126 2 2 1 1 2159 6677 5526
127 2 2 1 1 5627 5826 5625
128 2 2 1 1 154 4240 1412
129 2 2 1 1 1586 7221 5687
130 2 2 1 1 4873 7982 1144
131 2 2 1 1 2670 5029 5027
132 2 2 1 1 3888 3889 3887
133 2 2 1 1 6534 6718 5496
134 2 2 1 1 84 1143 83
135 2 2 1 1 2609 4761 4533
136 2 2 1 1 1509 6795 1507
137 2 2 1 1 4331 6911 5052
138 2 2 1 1 2974 6468 6460
139 2 2 1 1 4223 5779 5229
140 2 2 1 1 2225 4451 2223
141 2 2 1 1 3483 4660 3860
142 2 2 1 1 4006 5266 3844
143 2 2 1 1 4520 4901 2714
144 2 2 1 1 141 1525 1418
145 2 2 1 1 4043 4991 3554
146 2 2 1 1 4584 6950 6774
147 2 2 1 1 4665 5371 2274
148 2 2 1 1 3853 3935 3854
149 2 2 1 1 4676 4678 1666
150 2 2 1 1 4162 4812 4809
151 2 2 1 1 4776 6318 5711
152 2 2 1 1 2403 5225 4125
153 2 2 1 1 7067 7252 3935
154 2 2 1 1 4327 5778 3709
155 2 2 1 1 1691 7221 1586
156 2 2 1 1 4902 4903 3601
157 2 2 1 1 5315 5425 3191
158 2 2 1 1 1386 3895 220
159 2 2 1 1 3989 5658 5657
160 2 2 1 1 1781 6026 5655
161 2 2 1 1 2940 5823 4968
162 2 2 1 1 4759 7124 4236
163 2 2 1 1 3284 5546 5465
164 2 2 1 1 277 6972 2190
165 2 2 1 1 5062 5063 4343
166 2 2 1 1 4774 6815 4604
167 2 2 1 1 1198 5372 1199
168 2 2 1 1 1387 7313 1106
169 2 2 1 1 4964 7095 5035
170 2 2 1 1 2616 4820 4655
171 2 2 1 1 2475 4585 4354
172 2 2 1 1 5425 6406 3191
173 2 2 1 1 4493 7149 4252
174 2 2 1 1 5280 5282 5281
175 2 2 1 1 1562 6999 4516
176 2 2 1 1 4021 4850 2203
177 2 2 1 1 1417 7279 1524
178 2 2 1 1 3377 6701 6700
179 2 2 1 1 4945 5316 4950
180 2 2 1 1 3008 4043 2549
181 2 2 1 1 1391 5766 966
182 2 2 1 1 2454 7485 4574
183 2 2 1 1 5394 5395 4303
184 2 2 1 1 3911 6400 3882
185 2 2 1 1 1450 1478 99
186 2 2 1 1 367 7466 2248
187 2 2 1 1 3043 3595 3594
188 2 2 1 1 3552 5915 3553
189 2 2 1 1 4745 5806 5298
190 2 2 1 1 2708 7450 4978
191 2 2 1 1 3487 7060 4846
192 2 2 1 1 5976 5977 3244
193 2 2 1 1 4952 5420 5419
194 2 2 1 1 3921 6685 3922
195 2 2 1 1 4324 6985 5967
196 2 2 1 1 2454 4574 2455
197 2 2 1 1 4619 4621 4620
198 2 2 1 1 5092 5102 5089
199 2 2 1 1 1170 4661 1497
200 2 2 1 1 4545 4637 3293
201 2 2 1 1 4273 5563 5486
202 2 2 1 1 2833 7623 2831
203 2 2 1 1 5465 5551 3284
204 2 2 1 1 2931 4940 4935
205 2 2 1 1 5836 5837 3621
206 2 2 1 1 3883 7192 3910
207 2 2 1 1 6019 7106 5073
208 2 2 1 1 135 7272 134
209 2 2 1 1 4201 5740 5739
210 2 2 1 1 3886 3887 3884
211 2 2 1 1 3306 7292 5078
212 2 2 1 1 1867 7574 5019
213 2 2 1 1 5701 7130 5700
214 2 2 1 1 4657 4992 3819
215 2 2 1 1 2005 5525 4980
216 2 2 1 1 107 7329 106
217 2 2 1 1 5196 6184 5199
218 2 2 1 1 6520 6572 2627
219 2 2 1 1 2714 5110 4520
220 2 2 1 1 5521 7602 5710
221 2 2 1 1 6897 6898 3871
222 2 2 1 1 6070 6074 6071
223 2 2 1 1 4236 7124 3359
224 2 2 1 1 1102 6991 6050
225 2 2 1 1 5029 5030 5028
226 2 2 1 1 5260 5300 3724
227 2 2 1 1 4890 6675 6641
228 2 2 1 1 4586 5491 4069
229 2 2 1 1 1738 6999 1562
230 2 2 1 1 1992 7549 5423
231 2 2 1 1 4070 5592 5527
232 2 2 1 1 6198 6200 6199
233 2 2 1 1 1347 4954 4651
234 2 2 1 1 2098 5502 4648
235 2 2 1 1 6192 7871 4254
236 2 2 1 1 4969 4970 4003
237 2 2 1 1 5479 6430 5398
238 2 2 1 1 6333 6717 3584
239 2 2 1 1 4518 7728 4517
240 2 2 1 1 4485 6085 4430
241 2 2 1 1 4645 5436 4643
242 2 2 1 1 4328 5314 3709
243 2 2 1 1 4363 6261 1813
244 2 2 1 1 3713 4030 4029
245 2 2 1 1 4990 7364 4213
246 2 2 1 1 4771 6894 4110
247 2 2 1 1 1466 5628 5248
248 2 2 1 1 4038 6661 2554
249 2 2 1 1 2301 6948 2327
250 2 2 1 1 5535 6342 2441
251 2 2 1 1 5005 7333 5006
252 2 2 1 1 3459 7090 4831
253 2 2 1 1 3621 5838 5836
254 2 2 1 1 3293 5106 4545
255 2 2 1 1 3709 5314 3235
256 2 2 1 1 4935 4940 4939
257 2 2 1 1 2149 5806 4745
258 2 2 1 1 585 4893 584
259 2 2 1 1 1610 5476 1636
260 2 2 1 1 4507 4508 3599
261 2 2 1 1 4863 4865 1396
262 2 2 1 1 4952 7136 5420
263 2 2 1 1 3385 4973 4971
264 2 2 1 1 4618 6502 2135
265 2 2 1 1 4762 5426 5368
266 2 2 1 1 4886 6216 2423
267 2 2 1 1 4650 7751 2709
268 2 2 1 1 5595 6526 4141
269 2 2 1 1 6460 6468 4408
270 2 2 1 1 2194 6677 2159
271 2 2 1 1 2041 6173 6055
272 2 2 1 1 1526 3846 1528
273 2 2 1 1 4815 4816 3488
274 2 2 1 1 4351 5766 5061
275 2 2 1 1 5431 6758 4401
276 2 2 1 1 1821 7010 4703
277 2 2 1 1 1382 8028 6032
278 2 2 1 1 6310 6704 6096
279 2 2 1 1 4724 6948 2301
280 2 2 1 1 5920 7251 5918
281 2 2 1 1 5064 7523 2243
282 2 2 1 1 6226 7322 1352
283 2 2 1 1 3907 5597 4442
284 2 2 1 1 5133 5387 5176
285 2 2 1 1 4334 6605 6589
286 2 2 1 1 1520 7597 1521
287 2 2 1 1 5259 7010 1821
288 2 2 1 1 5509 7000 2993
289 2 2 1 1 2240 3446 3445
290 2 2 1 1 3959 5856 4825
291 2 2 1 1 1528 3846 3844
292 2 2 1 1 4572 6043 4573
293 2 2 1 1 3868 6515 3506
294 2 2 1 1 5199 6184 1988
295 2 2 1 1 3730 4415 3728
296 2 2 1 1 4956 4963 2950
297 2 2 1 1 4686 7183 6401
298 2 2 1 1 1160 1330 1159
299 2 2 1 1 3960 7649 6165
300 2 2 1 1 2071 6910 2085
301 2 2 1 1 4638 6082 6081
302 2 2 1 1 2979 6563 5504
303 2 2 1 1 2984 3236 3235
304 2 2 1 1 1100 6050 1416
305 2 2 1 1 3519 5105 4548
306 2 2 1 1 4637 7321 4634
307 2 2 1 1 3986 5792 5396
308 2 2 1 1 4229 4681 4680
309 2 2 1 1 3829 7007 3153
310 2 2 1 1 4649 6908 2214
311 2 2 1 1 4525 5247 1737
312 2 2 1 1 5018 5228 5015
313 2 2 1 1 1332 1482 1136
314 2 2 1 1 5566 6894 4771
315 2 2 1 1 5527 5592 2155
316 2 2 1 1 1146 1499 1475
317 2 2 1 1 1645 5337 5335
318 2 2 1 1 5810 6847 4144
319 2 2 1 1 1138 1479 1332
320 2 2 1 1 2429 6269 6263
321 2 2 1 1 3862 7021 5488
322 2 2 1 1 5045 8013 3525
323 2 2 1 1 4157 7011 6477
324 2 2 1 1 3012 4487 3015
325 2 2 1 1 1657 7371 5545
326 2 2 1 1 4625 7563 2601
327 2 2 1 1 131 7267 130
328 2 2 1 1 3607 4384 3606
329 2 2 1 1 4627 7551 2020
330 2 2 1 1 3846 6541 3844
331 2 2 1 1 3575 7884 3348
332 2 2 1 1 5528 6690 2535
333 2 2 1 1 5655 6323 1781
334 2 2 1 1 1441 5725 5724
335 2 2 1 1 5436 7974 4643
336 2 2 1 1 2409 5801 4614
337 2 2 1 1 4506 6141 2148
338 2 2 1 1 4943 4944 2136
339 2 2 1 1 3113 4629 3231
340 2 2 1 1 3705 3857 3855
341 2 2 1 1 3772 6635 3773
342 2 2 1 1 3269 5460 3531
343 2 2 1 1 4655 4820 4818
344 2 2 1 1 2214 6908 2638
345 2 2 1 1 3112 4629 3110
346 2 2 1 1 4085 7948 3493
347 2 2 1 1 6554 7605 7265
348 2 2 1 1 4891 6199 4498
349 2 2 1 1 4704 5085 3517
350 2 2 1 1 5062 7568 5063
351 2 2 1 1 2519 4493 2513
352 2 2 1 1 1884 5357 5067
353 2 2 1 1 4751 6788 4216
354 2 2 1 1 2631 3884 3878
355 2 2 1 1 2012 5870 5259
356 2 2 1 1 1387 7314 7313
357 2 2 1 1 5796 5837 5611
358 2 2 1 1 5443 7858 7161
359 2 2 1 1 6082 7756 2919
360 2 2 1 1 1869 6796 5885
361 2 2 1 1 5025 5295 5023
362 2 2 1 1 4450 7421 7254
363 2 2 1 1 3112 5917 4629
364 2 2 1 1 7806 7813 3117
365 2 2 1 1 3864 6806 5496
366 2 2 1 1 5764 7284 1772
367 2 2 1 1 4744 6689 2081
368 2 2 1 1 3987 4229 4228
369 2 2 1 1 4611 7061 4613
370 2 2 1 1 2549 4043 3554
371 2 2 1 1 1741 5516 2448
372 2 2 1 1 5281 5282 3768
373 2 2 1 1 4471 7261 4244
374 2 2 1 1 1552 6963 5274
375 2 2 1 1 6878 7235 4429
376 2 2 1 1 5555 5556 2088
377 2 2 1 1 5423 7549 5424
378 2 2 1 1 3878 6124 1544
379 2 2 1 1 4576 7054 3899
380 2 2 1 1 4648 5506 2098
381 2 2 1 1 5297 7930 7063
382 2 2 1 1 5182 5208 5207
383 2 2 1 1 4551 6106 6105
384 2 2 1 1 4108 7036 5490
385 2 2 1 1 2925 5107 2926
386 2 2 1 1 2601 7563 3273
387 2 2 1 1 5025 7170 5295
388 2 2 1 1 5990 6110 5697
389 2 2 1 1 2123 6848 312
390 2 2 1 1 2576 5471 4857
391 2 2 1 1 5152 5218 5175
392 2 2 1 1 5563 7302 5486
393 2 2 1 1 4940 7685 4939
394 2 2 1 1 5860 7783 4422
395 2 2 1 1 5134 5387 5133
396 2 2 1 1 4043 7856 4333
397 2 2 1 1 4021 4851 4850
398 2 2 1 1 5861 6795 1509
399 2 2 1 1 5395 6060 2608
400 2 2 1 1 3735 6574 5916
401 2 2 1 1 6356 7963 4225
402 2 2 1 1 6596 7403 4112
403 2 2 1 1 4485 6928 6085
404 2 2 1 1 4963 6095 5985
405 2 2 1 1 5007 7333 5005
406 2 2 1 1 1568 4760 1575
407 2 2 1 1 3306 5078 3304
408 2 2 1 1 2043 4849 4847
409 2 2 1 1 5122 5405 5174
410 2 2 1 1 4913 6927 4915
411 2 2 1 1 1214 4630 1215
412 2 2 1 1 4063 7975 3311
413 2 2 1 1 3374 7261 3375
414 2 2 1 1 5245 6571 2627
415 2 2 1 1 5312 7133 5313
416 2 2 1 1 5857 7054 1393
417 2 2 1 1 3830 5934 1811
418 2 2 1 1 4851 6508 4852
419 2 2 1 1 5179 5552 5413
420 2 2 1 1 3884 3987 3885
421 2 2 1 1 1514 4235 1519
422 2 2 1 1 1388 6792 372
423 2 2 1 1 4088 5860 4422
424 2 2 1 1 3909 7385 4389
425 2 2 1 1 1520 7769 1522
426 2 2 1 1 6334 6572 6520
427 2 2 1 1 5651 5773 3954
428 2 2 1 1 4162 5232 4812
429 2 2 1 1 2013 5358 4472
430 2 2 1 1 7100 7104 4365
431 2 2 1 1 7104 7105 7103
432 2 2 1 1 3219 5846 3618
433 2 2 1 1 3387 7236 5846
434 2 2 1 1 2708 4978 3184
435 2 2 1 1 4541 6749 5497
436 2 2 1 1 3934 4704 3541
437 2 2 1 1 5945 5946 2915
438 2 2 1 1 5495 6364 2989
439 2 2 1 1 1937 7971 4757
440 2 2 1 1 2246 5064 2243
441 2 2 1 1 3690 4274 3303
442 2 2 1 1 5654 7668 2209
443 2 2 1 1 1336 7045 1044
444 2 2 1 1 4495 7060 6431
445 2 2 1 1 3328 5023 5022
446 2 2 1 1 5400 6101 2645
447 2 2 1 1 5483 7563 4625
448 2 2 1 1 4957 4963 4956
449 2 2 1 1 2020 7845 4627
450 2 2 1 1 4249 7092 5354
451 2 2 1 1 6477 7011 3471
452 2 2 1 1 4982 4983 2141
453 2 2 1 1 5468 7146 2626
454 2 2 1 1 5259 5870 4341
455 2 2 1 1 4127 5558 3563
456 2 2 1 1 1454 4872 90
457 2 2 1 1 2338 7439 4633
458 2 2 1 1 2020 4748 1945
459 2 2 1 1 5175 6770 5423
460 2 2 1 1 5205 7734 5188
461 2 2 1 1 3404 5776 5531
462 2 2 1 1 5772 6093 5986
463 2 2 1 1 5644 5907 4153
464 2 2 1 1 1971 6290 5345
465 2 2 1 1 2006 7106 6019
466 2 2 1 1 6175 7086 6787
467 2 2 1 1 5038 5039 5037
468 2 2 1 1 2148 5990 4506
469 2 2 1 1 1145 1498 1461
470 2 2 1 1 5246 5629 3800
471 2 2 1 1 3415 5754 5232
472 2 2 1 1 4770 8050 7120
473 2 2 1 1 2597 6480 5000
474 2 2 1 1 3926 6431 5508
475 2 2 1 1 5261 7151 4518
476 2 2 1 1 4196 5392 4195
477 2 2 1 1 4408 6468 2745
478 2 2 1 1 3149 4660 3483
479 2 2 1 1 3193 5582 4835
480 2 2 1 1 5027 5029 5028
481 2 2 1 1 1339 5572 956
482 2 2 1 1 1134 1482 1439
483 2 2 1 1 5066 5874 4730
484 2 2 1 1 5199 5220 5159
485 2 2 1 1 5963 6135 5385
486 2 2 1 1 5216 5217 5154
487 2 2 1 1 3483 3484 3158
488 2 2 1 1 4106 7111 6016
489 2 2 1 1 6055 6173 5889
490 2 2 1 1 3521 6701 5111
491 2 2 1 1 6128 7095 6074
492 2 2 1 1 1349 5787 890
493 2 2 1 1 4946 5315 4944
494 2 2 1 1 1496 7235 6878
495 2 2 1 1 4898 4901 4900
496 2 2 1 1 4003 4970 1980
497 2 2 1 1 4442 7703 3907
498 2 2 1 1 4804 6135 5963
499 2 2 1 1 3519 6157 5105
500 2 2 1 1 5337 5338 5336
501 2 2 1 1 1438 1479 1140
502 2 2 1 1 4358 7813 7806
503 2 2 1 1 3225 6103 4825
504 2 2 1 1 1366 7001 6672
505 2 2 1 1 4604 7404 4601
506 2 2 1 1 2621 7188 6506
507 2 2 1 1 1169 4661 1170
508 2 2 1 1 3437 5108 3418
509 2 2 1 1 5609 6234 2368
510 2 2 1 1 3984 7799 3956
511 2 2 1 1 5414 6724 2602
512 2 2 1 1 2684 5493 4778
513 2 2 1 1 5123 5405 5122
514 2 2 1 1 3886 3888 3887
515 2 2 1 1 2143 5015 5014
516 2 2 1 1 3273 6813 4641
517 2 2 1 1 2670 5027 2702
518 2 2 1 1 7261 7356 4853
519 2 2 1 1 4504 7178 2061
520 2 2 1 1 145 7377 144
521 2 2 1 1 2148 6110 5990
522 2 2 1 1 6288 6290 1971
523 2 2 1 1 3406 6827 5799
524 2 2 1 1 5494 6465 1915
525 2 2 1 1 3857 4693 3855
526 2 2 1 1 4112 4113 3357
527 2 2 1 1 5611 5837 3975
528 2 2 1 1 5905 6364 5495
529 2 2 1 1 3698 5460 2763
530 2 2 1 1 1330 5379 1159
531 2 2 1 1 4208 7319 4211
532 2 2 1 1 3611 3713 3712
533 2 2 1 1 4740 6201 4742
534 2 2 1 1 1074 7773 1335
535 2 2 1 1 3353 3945 2323
536 2 2 1 1 3823 7304 5832
537 2 2 1 1 3505 3687 3686
538 2 2 1 1 1867 5019 1870
539 2 2 1 1 4713 6305 1801
540 2 2 1 1 5882 7204 4093
541 2 2 1 1 4943 4946 4944
542 2 2 1 1 4524 5509 4011
543 2 2 1 1 1393 7054 7053
544 2 2 1 1 4371 6540 3173
545 2 2 1 1 2135 7325 4875
546 2 2 1 1 3433 3442 3435
547 2 2 1 1 5962 7657 4474
548 2 2 1 1 6257 6982 6256
549 2 2 1 1 5398 6430 5040
550 2 2 1 1 3232 6038 3154
551 2 2 1 1 5658 7605 6554
552 2 2 1 1 3800 5629 5416
553 2 2 1 1 5497 5712 4535
554 2 2 1 1 3353 7796 3945
555 2 2 1 1 3721 5284 5226
556 2 2 1 1 4895 5456 3562
557 2 2 1 1 1972 6758 5431
558 2 2 1 1 6181 6273 5506
559 2 2 1 1 6045 6051 3443
560 2 2 1 1 5260 7586 5871
561 2 2 1 1 5545 7371 4470
562 2 2 1 1 1528 3844 1530
563 2 2 1 1 3567 4755 4754
564 2 2 1 1 5102 5603 3349
565 2 2 1 1 5413 5552 1667
566 2 2 1 1 3208 5469 5416
567 2 2 1 1 1829 5913 1973
568 2 2 1 1 1552 5274 1553
569 2 2 1 1 4709 4775 4712
570 2 2 1 1 3401 3402 3399
571 2 2 1 1 3686 3928 2519
572 2 2 1 1 5834 7381 4790
573 2 2 1 1 3431 4365 3433
574 2 2 1 1 4634 7321 4636
575 2 2 1 1 2423 6656 4886
576 2 2 1 1 517 7925 1966
577 2 2 1 1 6303 6998 4385
578 2 2 1 1 3186 3459 3185
579 2 2 1 1 6026 6244 6243
580 2 2 1 1 2518 7493 6869
581 2 2 1 1 5089 5102 5088
582 2 2 1 1 3601 4904 3602
583 2 2 1 1 4816 6641 5529
584 2 2 1 1 5533 7216 2281
585 2 2 1 1 4167 7628 6909
586 2 2 1 1 371 6792 2249
587 2 2 1 1 2274 5371 5356
588 2 2 1 1 2281 7216 6000
589 2 2 1 1 1886 5067 2006
590 2 2 1 1 3091 3110 3090
591 2 2 1 1 1678 5324 5323
592 2 2 1 1 2249 6792 4612
593 2 2 1 1 3705 4372 3857
594 2 2 1 1 5036 5037 2146
595 2 2 1 1 1373 6365 6136
596 2 2 1 1 1658 5519 5378
597 2 2 1 1 4621 7444 4622
598 2 2 1 1 3634 7663 5305
599 2 2 1 1 6726 6893 4134
600 2 2 1 1 3147 4318 3146
601 2 2 1 1 1636 5476 1674
602 2 2 1 1 1464 5372 1198
603 2 2 1 1 5798 7022 1398
604 2 2 1 1 5354 7071 4249
605 2 2 1 1 1148 4631 1467
606 2 2 1 1 5053 5431 4104
607 2 2 1 1 2548 3008 2549
608 2 2 1 1 5214 5215 5163
609 2 2 1 1 6788 6789 4217
610 2 2 1 1 3154 6038 3156
611 2 2 1 1 2338 4633 2340
612 2 2 1 1 4760 7780 1575
613 2 2 1 1 6003 6553 6552
614 2 2 1 1 4632 5241 3574
615 2 2 1 1 4721 7343 6948
616 2 2 1 1 149 7278 1417
617 2 2 1 1 4218 7882 4160
618 2 2 1 1 4372 7316 4373
619 2 2 1 1 2645 6101 2643
620 2 2 1 1 3234 5089 5088
621 2 2 1 1 2203 4850 1757
622 2 2 1 1 4112 4496 4113
623 2 2 1 1 4831 7944 5261
624 2 2 1 1 5466 5765 2073
625 2 2 1 1 3931 7428 4992
626 2 2 1 1 3300 3680 3569
627 2 2 1 1 3433 7103 3442
628 2 2 1 1 6662 6692 3622
629 2 2 1 1 4592 7078 4610
630 2 2 1 1 5699 7329 1427
631 2 2 1 1 3562 5456 3564
632 2 2 1 1 4348 4350 4349
633 2 2 1 1 3380 5008 988
634 2 2 1 1 2253 6319 5939
635 2 2 1 1 4162 4809 1784
636 2 2 1 1 5722 7123 2003
637 2 2 1 1 5499 6062 4844
638 2 2 1 1 1510 3969 1512
639 2 2 1 1 3165 4728 4727
640 2 2 1 1 2048 4846 2036
641 2 2 1 1 3153 7007 4660
642 2 2 1 1 4253 6192 4254
643 2 2 1 1 5009 7558 5010
644 2 2 1 1 139 5455 138
645 2 2 1 1 3113 3226 3114
646 2 2 1 1 1439 1485 1132
647 2 2 1 1 5992 7787 4555
648 2 2 1 1 4517 7728 4219
649 2 2 1 1 2524 5470 2526
650 2 2 1 1 4524 7193 4483
651 2 2 1 1 1497 5566 4771
652 2 2 1 1 3660 5447 3290
653 2 2 1 1 2608 6061 5395
654 2 2 1 1 3385 4971 3258
655 2 2 1 1 4843 6062 3193
656 2 2 1 1 2631 7818 3912
657 2 2 1 1 3493 7948 5517
658 2 2 1 1 3110 3113 3111
659 2 2 1 1 1920 7803 4696
660 2 2 1 1 1965 7574 1867
661 2 2 1 1 5256 5577 1673
662 2 2 1 1 3033 4642 3050
663 2 2 1 1 3530 7441 4055
664 2 2 1 1 5759 5760 5617
665 2 2 1 1 2135 4875 1907
666 2 2 1 1 5175 5423 5271
667 2 2 1 1 5696 6584 4197
668 2 2 1 1 5555 7535 5556
669 2 2 1 1 4204 5814 4207
670 2 2 1 1 5831 6122 3679
671 2 2 1 1 4274 7608 3303
672 2 2 1 1 3442 3443 3435
673 2 2 1 1 3193 6381 4843
674 2 2 1 1 179 6527 178
675 2 2 1 1 5553 5707 2201
676 2 2 1 1 5194 6427 5688
677 2 2 1 1 3416 5720 5719
678 2 2 1 1 2061 7178 2068
679 2 2 1 1 3080 6911 4331
680 2 2 1 1 6632 7389 6631
681 2 2 1 1 5527 6830 4070
682 2 2 1 1 3982 6380 5543
683 2 2 1 1 1884 5067 1886
684 2 2 1 1 4735 6849 4616
685 2 2 1 1 1392 7225 6578
686 2 2 1 1 3086 3090 3087
687 2 2 1 1 3574 5241 3745
688 2 2 1 1 6415 6417 6416
689 2 2 1 1 3459 4831 3529
690 2 2 1 1 2631 3886 3884
691 2 2 1 1 5015 5228 5014
692 2 2 1 1 1514 1519 1516
693 2 2 1 1 6524 7200 5596
694 2 2 1 1 3458 7061 4611
695 2 2 1 1 3899 4575 3893
696 2 2 1 1 5537 6404 6067
697 2 2 1 1 4720 7863 6315
698 2 2 1 1 5334 7619 3550
699 2 2 1 1 5603 6466 5494
700 2 2 1 1 4552 7889 4555
701 2 2 1 1 3607 4385 4384
702 2 2 1 1 3294 5364 5363
703 2 2 1 1 4405 5062 4343
704 2 2 1 1 1779 5826 5627
705 2 2 1 1 152 7275 151
706 2 2 1 1 7254 7421 3651
707 2 2 1 1 2925 5989 5107
708 2 2 1 1 4159 7368 4758
709 2 2 1 1 3550 5795 5334
710 2 2 1 1 1144 6328 4873
711 2 2 1 1 3299 6662 4663
712 2 2 1 1 3374 3375 3372
713 2 2 1 1 3609 3611 3610
714 2 2 1 1 5356 5371 3812
715 2 2 1 1 3987 4688 4229
716 2 2 1 1 4365 7103 3433
717 2 2 1 1 5643 5907 5644
718 2 2 1 1 5803 6785 5800
719 2 2 1 1 3416 5719 5718
720 2 2 1 1 3168 4709 4708
721 2 2 1 1 4069 5487 3839
722 2 2 1 1 3575 5241 4632
723 2 2 1 1 5651 7378 1743
724 2 2 1 1 6312 7204 4214
725 2 2 1 1 2376 4889 2378
726 2 2 1 1 5026 5293 3407
727 2 2 1 1 4757 5392 2030
728 2 2 1 1 5182 5207 5142
729 2 2 1 1 2744 6459 4423
730 2 2 1 1 1670 5333 5332
731 2 2 1 1 2376 7505 4889
732 2 2 1 1 3261 3853 3263
733 2 2 1 1 6350 6352 1761
734 2 2 1 1 3079 5892 3075
735 2 2 1 1 4546 7322 7321
736 2 2 1 1 1737 5533 1719
737 2 2 1 1 2684 4778 3329
738 2 2 1 1 7011 7502 6015
739 2 2 1 1 4594 6728 5507
740 2 2 1 1 4323 5968 4251
741 2 2 1 1 4046 5253 4047
742 2 2 1 1 3075 5892 3074
743 2 2 1 1 3043 3594 3037
744 2 2 1 1 3597 4507 3599
745 2 2 1 1 4667 5908 1481
746 2 2 1 1 4780 5661 3933
747 2 2 1 1 4989 6285 2430
748 2 2 1 1 5173 5213 5210
749 2 2 1 1 1392 6581 209
750 2 2 1 1 4529 7378 5651
751 2 2 1 1 4871 6619 2611
752 2 2 1 1 5092 5103 5102
753 2 2 1 1 6842 7778 6565
754 2 2 1 1 2611 6709 4871
755 2 2 1 1 2605 6621 4640
756 2 2 1 1 4811 5234 2025
757 2 2 1 1 5677 7096 2033
758 2 2 1 1 2274 7347 4665
759 2 2 1 1 4001 4788 4787
760 2 2 1 1 1372 7613 6765
761 2 2 1 1 5488 7021 3836
762 2 2 1 1 6218 6899 6107
763 2 2 1 1 3401 3653 3402
764 2 2 1 1 3903 4582 3900
765 2 2 1 1 1380 4906 876
766 2 2 1 1 2984 3235 2840
767 2 2 1 1 4811 5235 5234
768 2 2 1 1 3861 5491 3840
769 2 2 1 1 5470 6566 1574
770 2 2 1 1 6765 7613 6764
771 2 2 1 1 3033 7373 4642
772 2 2 1 1 1799 4943 2136
773 2 2 1 1 3361 4174 4170
774 2 2 1 1 6525 6527 5595
775 2 2 1 1 976 6559 975
776 2 2 1 1 549 5891 548
777 2 2 1 1 2214 2638 2213
778 2 2 1 1 5335 5337 5336
779 2 2 1 1 3084 3086 3085
780 2 2 1 1 7491 7972 1456
781 2 2 1 1 2891 4956 2950
782 2 2 1 1 5754 6452 5232
783 2 2 1 1 5204 5577 5180
784 2 2 1 1 3006 4902 3601
785 2 2 1 1 5597 6528 4442
786 2 2 1 1 4472 5973 2013
787 2 2 1 1 6221 6222 3996
788 2 2 1 1 4772 7035 1973
789 2 2 1 1 3126 5788 5230
790 2 2 1 1 2924 6120 6081
791 2 2 1 1 2536 5049 5047
792 2 2 1 1 5504 6563 5904
793 2 2 1 1 2333 7564 6849
794 2 2 1 1 6924 7256 6923
795 2 2 1 1 4631 7364 4990
796 2 2 1 1 2686 6193 5377
797 2 2 1 1 965 5766 4119
798 2 2 1 1 1542 3878 1544
799 2 2 1 1 1531 3908 2164
800 2 2 1 1 1378 5967 272
801 2 2 1 1 4051 5086 3795
802 2 2 1 1 3253 5238 5237
803 2 2 1 1 1540 2631 1542
804 2 2 1 1 4329 5918 3501
805 2 2 1 1 1409 7876 6527
806 2 2 1 1 3252 7912 5232
807 2 2 1 1 3967 4969 4003
808 2 2 1 1 2409 6981 5801
809 2 2 1 1 4721 6948 4723
810 2 2 1 1 7027 7169 4368
811 2 2 1 1 2033 5851 5677
812 2 2 1 1 3969 5879 3971
813 2 2 1 1 3516 7512 4511
814 2 2 1 1 2058 6793 6078
815 2 2 1 1 5210 5213 5211
816 2 2 1 1 3464 5349 2875
817 2 2 1 1 4313 5065 4312
818 2 2 1 1 3989 5657 3990
819 2 2 1 1 5986 6093 2962
820 2 2 1 1 1552 6123 4984
821 2 2 1 1 4163 5384 3396
822 2 2 1 1 5067 5357 4155
823 2 2 1 1 3001 4543 2886
824 2 2 1 1 5668 7678 6011
825 2 2 1 1 6506 7188 4299
826 2 2 1 1 3146 3609 3608
827 2 2 1 1 3094 5491 4586
828 2 2 1 1 2765 3698 2763
829 2 2 1 1 1666 4841 4676
830 2 2 1 1 4486 7566 1330
831 2 2 1 1 3927 6431 3926
832 2 2 1 1 4572 7004 6043
833 2 2 1 1 2295 6776 4734
834 2 2 1 1 2192 6521 5553
835 2 2 1 1 4231 6044 5347
836 2 2 1 1 4539 7390 5713
837 2 2 1 1 3838 3841 3840
838 2 2 1 1 2941 5823 2940
839 2 2 1 1 1623 7408 5413
840 2 2 1 1 5204 7408 1623
841 2 2 1 1 5109 5454 4911
842 2 2 1 1 4675 5870 5571
843 2 2 1 1 3328 5022 2704
844 2 2 1 1 5703 7085 4087
845 2 2 1 1 1810 4982 2141
846 2 2 1 1 3830 4989 3354
847 2 2 1 1 3536 5433 4353
848 2 2 1 1 3420 4416 3437
849 2 2 1 1 5299 6661 3619
850 2 2 1 1 1366 6671 937
851 2 2 1 1 5036 5038 5037
852 2 2 1 1 2689 3686 2519
853 2 2 1 1 1130 1485 1406
854 2 2 1 1 5299 7856 4043
855 2 2 1 1 2727 7964 6503
856 2 2 1 1 1645 5335 1647
857 2 2 1 1 3995 5600 4629
858 2 2 1 1 5832 7304 5644
859 2 2 1 1 5155 5216 5154
860 2 2 1 1 5618 7234 3755
861 2 2 1 1 4384 4436 3606
862 2 2 1 1 5862 7358 4295
863 2 2 1 1 3556 6945 4441
864 2 2 1 1 3449 3964 3963
865 2 2 1 1 3025 7760 5001
866 2 2 1 1 2953 6704 6283
867 2 2 1 1 5229 5781 4223
868 2 2 1 1 2889 4624 2887
869 2 2 1 1 6011 6913 5668
870 2 2 1 1 2602 6723 5414
871 2 2 1 1 6376 7360 6375
872 2 2 1 1 2967 6166 4827
873 2 2 1 1 5018 5229 5228
874 2 2 1 1 5467 5468 5171
875 2 2 1 1 1337 8006 7944
876 2 2 1 1 2295 4734 2297
877 2 2 1 1 5690 7228 4136
878 2 2 1 1 2806 5440 2987
879 2 2 1 1 4601 7404 5414
880 2 2 1 1 3484 4183 3565
881 2 2 1 1 3609 3612 3611
882 2 2 1 1 1686 5233 1672
883 2 2 1 1 6864 7165 6863
884 2 2 1 1 4892 4893 585
885 2 2 1 1 3872 5829 5828
886 2 2 1 1 2595 4815 3488
887 2 2 1 1 5159 5220 5131
888 2 2 1 1 6500 6501 2622
889 2 2 1 1 2078 5493 2128
890 2 2 1 1 2447 3967 3966
891 2 2 1 1 6033 7926 6034
892 2 2 1 1 3060 5694 4519
893 2 2 1 1 3399 4148 3400
894 2 2 1 1 6221 6983 4769
895 2 2 1 1 2786 7591 5021
896 2 2 1 1 1770 5764 1772
897 2 2 1 1 5012 6037 3156
898 2 2 1 1 3227 3361 3229
899 2 2 1 1 4370 6952 5724
900 2 2 1 1 3853 3854 3263
901 2 2 1 1 2325 7500 4361
902 2 2 1 1 2240 3445 2231
903 2 2 1 1 4241 4908 4907
904 2 2 1 1 3687 5058 5057
905 2 2 1 1 2513 4493 2709
906 2 2 1 1 2013 7955 5358
907 2 2 1 1 308 6965 6847
908 2 2 1 1 3827 7728 7151
909 2 2 1 1 3738 5528 3737
910 2 2 1 1 2614 6469 6060
911 2 2 1 1 5144 5271 5183
912 2 2 1 1 3455 4469 2760
913 2 2 1 1 1469 4813 1148
914 2 2 1 1 7640 7742 4440
915 2 2 1 1 5521 7191 2133
916 2 2 1 1 1043 7046 1042
917 2 2 1 1 5580 5969 5579
918 2 2 1 1 3686 5057 3928
919 2 2 1 1 4095 6312 4308
920 2 2 1 1 6687 7732 3052
921 2 2 1 1 2141 4690 1815
922 2 2 1 1 2954 5290 4958
923 2 2 1 1 3899 7054 4575
924 2 2 1 1 3149 3483 3158
925 2 2 1 1 6283 6704 4138
926 2 2 1 1 3496 5021 4200
927 2 2 1 1 3149 3158 3147
928 2 2 1 1 3173 7353 4371
929 2 2 1 1 5893 7645 4881
930 2 2 1 1 4127 6434 5558
931 2 2 1 1 4213 6789 4990
932 2 2 1 1 3474 5853 5343
933 2 2 1 1 5885 6397 1869
934 2 2 1 1 5277 5278 3636
935 2 2 1 1 1678 5323 1656
936 2 2 1 1 2395 4743 2397
937 2 2 1 1 3442 5402 3443
938 2 2 1 1 5368 5369 4762
939 2 2 1 1 3549 4143 4142
940 2 2 1 1 5571 6280 2503
941 2 2 1 1 4714 6951 1802
942 2 2 1 1 2513 2709 2511
943 2 2 1 1 3157 3186 3185
944 2 2 1 1 4700 4702 1364
945 2 2 1 1 1171 5877 1172
946 2 2 1 1 2483 7086 6175
947 2 2 1 1 1519 7597 1520
948 2 2 1 1 4638 6081 3715
949 2 2 1 1 2017 7803 1920
950 2 2 1 1 2197 6596 4112
951 2 2 1 1 1496 6878 4630
952 2 2 1 1 2325 4361 2328
953 2 2 1 1 5830 6234 5609
954 2 2 1 1 4901 6117 4900
955 2 2 1 1 4385 6998 6301
956 2 2 1 1 5268 5695 1685
957 2 2 1 1 3294 6320 5364
958 2 2 1 1 5173 5210 5120
959 2 2 1 1 3956 7799 3955
960 2 2 1 1 2127 5452 3275
961 2 2 1 1 4598 6760 6712
962 2 2 1 1 2889 7679 4624
963 2 2 1 1 2143 5014 1872
964 2 2 1 1 5531 5776 3807
965 2 2 1 1 5494 6466 6465
966 2 2 1 1 2190 6972 4326
967 2 2 1 1 3541 4704 2738
968 2 2 1 1 3418 5108 3419
969 2 2 1 1 2135 6562 4618
970 2 2 1 1 4844 6062 4843
971 2 2 1 1 4055 7411 2975
972 2 2 1 1 3668 3669 3667
973 2 2 1 1 4603 4604 4601
974 2 2 1 1 4072 4839 4623
975 2 2 1 1 4047 5253 4515
976 2 2 1 1 905 7578 1381
977 2 2 1 1 2732 4512 2725
978 2 2 1 1 3231 3607 3606
979 2 2 1 1 6392 7611 5373
980 2 2 1 1 2585 4761 2609
981 2 2 1 1 3243 3556 3246
982 2 2 1 1 3289 3425 3290
983 2 2 1 1 5229 5779 5228
984 2 2 1 1 2853 5325 4376
985 2 2 1 1 4980 6842 2005
986 2 2 1 1 2631 3878 1542
987 2 2 1 1 6896 7108 4226
988 2 2 1 1 2638 3399 2639
989 2 2 1 1 2772 5350 2770
990 2 2 1 1 7300 7703 4443
991 2 2 1 1 2409 4614 2257
992 2 2 1 1 4548 5630 3519
993 2 2 1 1 3845 3908 1530
994 2 2 1 1 3145 3146 3120
995 2 2 1 1 4748 5521 2133
996 2 2 1 1 2736 4704 3211
997 2 2 1 1 3243 3620 3556
998 2 2 1 1 4482 7639 7357
999 2 2 1 1 2819 6444 6250
1000 2 2 1 1 4252 5639 4493
1001 2 2 1 1 4612 6792 4383
1002 2 2 1 1 2218 2673 2121
1003 2 2 1 1 5257 7870 5161
1004 2 2 1 1 1721 5533 2281
1005 2 2 1 1 5676 6794 5988
1006 2 2 1 1 3372 4167 3186
1007 2 2 1 1 4582 7239 4579
1008 2 2 1 1 4141 6526 5597
1009 2 2 1 1 3311 7975 3309
1010 2 2 1 1 4875 7325 5757
1011 2 2 1 1 3146 6925 3609
1012 2 2 1 1 1686 5496 5233
1013 2 2 1 1 4988 5845 1443
1014 2 2 1 1 5172 5467 5171
1015 2 2 1 1 3234 5088 2664
1016 2 2 1 1 4529 5651 3954
1017 2 2 1 1 3999 6716 5583
1018 2 2 1 1 1377 6654 290
1019 2 2 1 1 6074 7095 4965
1020 2 2 1 1 6127 6128 2880
1021 2 2 1 1 6431 7060 3487
1022 2 2 1 1 3157 3185 3155
1023 2 2 1 1 2822 4808 4791
1024 2 2 1 1 6016 7111 1433
1025 2 2 1 1 2009 7092 6659
1026 2 2 1 1 3155 3829 3153
1027 2 2 1 1 4294 5943 4293
1028 2 2 1 1 6059 6952 4370
1029 2 2 1 1 4681 4687 4680
1030 2 2 1 1 5579 5969 3758
1031 2 2 1 1 4550 4553 4552
1032 2 2 1 1 2351 4374 2353
1033 2 2 1 1 4758 6997 4159
1034 2 2 1 1 1833 5036 2146
1035 2 2 1 1 5674 7643 2182
1036 2 2 1 1 4754 4876 4753
1037 2 2 1 1 5269 7893 3007
1038 2 2 1 1 5333 7477 5332
1039 2 2 1 1 5086 7414 3795
1040 2 2 1 1 1729 4845 1732
1041 2 2 1 1 2878 4662 2876
1042 2 2 1 1 4348 4349 3136
1043 2 2 1 1 4834 7910 3176
1044 2 2 1 1 6720 6812 2612
1045 2 2 1 1 6634 6635 927
1046 2 2 1 1 3120 3608 3112
1047 2 2 1 1 5161 6331 5257
1048 2 2 1 1 4896 6646 2530
1049 2 2 1 1 4452 7550 2166
1050 2 2 1 1 1544 2197 1546
1051 2 2 1 1 3083 4782 4781
1052 2 2 1 1 2496 6130 2495
1053 2 2 1 1 4787 5875 4001
1054 2 2 1 1 5628 6168 5248
1055 2 2 1 1 5256 6895 5577
1056 2 2 1 1 1837 5044 1972
1057 2 2 1 1 4229 4680 4228
1058 2 2 1 1 1670 5332 1649
1059 2 2 1 1 6785 7466 6309
1060 2 2 1 1 7426 7761 4570
1061 2 2 1 1 5838 6929 1430
1062 2 2 1 1 4106 6016 4105
1063 2 2 1 1 1406 1488 1128
1064 2 2 1 1 1859 5042 1959
1065 2 2 1 1 4498 6199 4741
1066 2 2 1 1 3909 4389 3869
1067 2 2 1 1 5603 7015 3349
1068 2 2 1 1 3832 4287 4286
1069 2 2 1 1 2918 7908 5547
1070 2 2 1 1 2935 4964 4959
1071 2 2 1 1 3907 7703 3906
1072 2 2 1 1 1855 5043 2145
1073 2 2 1 1 3884 3885 3878
1074 2 2 1 1 5427 5428 5426
1075 2 2 1 1 5473 5863 3790
1076 2 2 1 1 3300 3569 2805
1077 2 2 1 1 5433 5477 4353
1078 2 2 1 1 4068 7368 5568
1079 2 2 1 1 2395 7553 4743
1080 2 2 1 1 4048 4049 3939
1081 2 2 1 1 4165 6385 4207
1082 2 2 1 1 2679 4009 2677
1083 2 2 1 1 2917 6084 6083
1084 2 2 1 1 4896 5528 3738
1085 2 2 1 1 4864 4865 4863
1086 2 2 1 1 3743 5513 2412
1087 2 2 1 1 1841 5053 2147
1088 2 2 1 1 2614 6060 5947
1089 2 2 1 1 1474 7360 6052
1090 2 2 1 1 4230 5440 3363
1091 2 2 1 1 2175 5654 2209
1092 2 2 1 1 4947 5425 4946
1093 2 2 1 1 5565 6930 6699
1094 2 2 1 1 5294 7559 2671
1095 2 2 1 1 3205 6364 5905
1096 2 2 1 1 1343 6374 4062
1097 2 2 1 1 3091 3112 3110
1098 2 2 1 1 4884 6656 2371
1099 2 2 1 1 2638 3401 3399
1100 2 2 1 1 2677 3549 2675
1101 2 2 1 1 2081 2121 2080
1102 2 2 1 1 3377 8060 6701
1103 2 2 1 1 5042 5439 1959
1104 2 2 1 1 2694 7967 5375
1105 2 2 1 1 5234 5236 1790
1106 2 2 1 1 1845 5060 1932
1107 2 2 1 1 3620 4291 3556
1108 2 2 1 1 3303 7608 3766
1109 2 2 1 1 5634 7433 5209
1110 2 2 1 1 3145 3147 3146
1111 2 2 1 1 5054 7601 6076
1112 2 2 1 1 5775 6681 3588
1113 2 2 1 1 2430 6277 4989
1114 2 2 1 1 3086 3091 3090
1115 2 2 1 1 4947 6099 5425
1116 2 2 1 1 3841 3843 3840
1117 2 2 1 1 1340 6608 919
1118 2 2 1 1 5022 5026 3407
1119 2 2 1 1 3987 4228 3885
1120 2 2 1 1 1546 4112 3357
1121 2 2 1 1 2870 5277 3636
1122 2 2 1 1 2991 4210 2788
1123 2 2 1 1 3143 3668 3667
1124 2 2 1 1 5928 5929 2747
1125 2 2 1 1 6105 6106 1361
1126 2 2 1 1 5377 5721 2686
1127 2 2 1 1 2278 5601 5401
1128 2 2 1 1 4148 7422 3400
1129 2 2 1 1 3117 3838 3837
1130 2 2 1 1 3754 5559 4146
1131 2 2 1 1 1574 6567 5470
1132 2 2 1 1 3396 5384 2795
1133 2 2 1 1 3856 6790 3706
1134 2 2 1 1 3113 3231 3226
1135 2 2 1 1 2208 2213 2192
1136 2 2 1 1 5456 7896 4893
1137 2 2 1 1 3598 3600 3597
1138 2 2 1 1 7247 7451 7248
1139 2 2 1 1 5236 7480 1790
1140 2 2 1 1 4661 5566 1497
1141 2 2 1 1 4883 6207 2388
1142 2 2 1 1 3596 3597 3595
1143 2 2 1 1 2673 3243 2674
1144 2 2 1 1 5638 7131 1448
1145 2 2 1 1 5087 7564 2333
1146 2 2 1 1 2192 5553 2186
1147 2 2 1 1 2415 6485 3337
1148 2 2 1 1 3110 4629 3113
1149 2 2 1 1 4318 6925 3146
1150 2 2 1 1 4308 6312 5359
1151 2 2 1 1 834 6816 4865
1152 2 2 1 1 3134 4348 3136
1153 2 2 1 1 1149 4813 1455
1154 2 2 1 1 4640 6720 2605
1155 2 2 1 1 2043 4847 2205
1156 2 2 1 1 3361 4169 3229
1157 2 2 1 1 2453 7004 6447
1158 2 2 1 1 2511 4649 2214
1159 2 2 1 1 6446 7149 3928
1160 2 2 1 1 3425 3659 3290
1161 2 2 1 1 2077 4744 2076
1162 2 2 1 1 4025 6464 6018
1163 2 2 1 1 3752 4870 4869
1164 2 2 1 1 4781 4783 3072
1165 2 2 1 1 3128 6608 5397
1166 2 2 1 1 5568 6916 4068
1167 2 2 1 1 3889 7942 3887
1168 2 2 1 1 5213 6107 5211
1169 2 2 1 1 3437 5641 5108
1170 2 2 1 1 5625 5626 1782
1171 2 2 1 1 5787 5788 3126
1172 2 2 1 1 1447 4631 1149
1173 2 2 1 1 5491 7087 4069
1174 2 2 1 1 4216 6788 4217
1175 2 2 1 1 5350 7476 2770
1176 2 2 1 1 6266 7317 3675
1177 2 2 1 1 5997 7820 4547
1178 2 2 1 1 5416 5629 3208
1179 2 2 1 1 4582 7051 3900
1180 2 2 1 1 2510 6994 6300
1181 2 2 1 1 5602 7091 1878
1182 2 2 1 1 4903 4906 4904
1183 2 2 1 1 1878 7091 5041
1184 2 2 1 1 3721 5226 3476
1185 2 2 1 1 5278 5686 3636
1186 2 2 1 1 3300 3681 3680
1187 2 2 1 1 3538 7560 4826
1188 2 2 1 1 3345 3501 3169
1189 2 2 1 1 3253 5237 2654
1190 2 2 1 1 4742 7553 4740
1191 2 2 1 1 6629 6803 1489
1192 2 2 1 1 7120 8050 4172
1193 2 2 1 1 6401 7458 3882
1194 2 2 1 1 3969 3970 1512
1195 2 2 1 1 4322 4326 3653
1196 2 2 1 1 1972 5431 5053
1197 2 2 1 1 6564 8036 3295
1198 2 2 1 1 2495 6130 5541
1199 2 2 1 1 5378 5519 3779
1200 2 2 1 1 1420 7536 7492
1201 2 2 1 1 6935 7740 3604
1202 2 2 1 1 3330 3546 3198
1203 2 2 1 1 3362 6808 3921
1204 2 2 1 1 4578 4582 4579
1205 2 2 1 1 5283 5750 2026
1206 2 2 1 1 4903 4904 3601
1207 2 2 1 1 5625 5826 3658
1208 2 2 1 1 5033 6112 2963
1209 2 2 1 1 6250 6444 4098
1210 2 2 1 1 1849 6695 5864
1211 2 2 1 1 4823 7497 5663
1212 2 2 1 1 2361 4897 2363
1213 2 2 1 1 5232 6452 3252
1214 2 2 1 1 4944 5316 4945
1215 2 2 1 1 5113 5115 3287
1216 2 2 1 1 1160 5480 1330
1217 2 2 1 1 5702 6348 2624
1218 2 2 1 1 5093 7123 5722
1219 2 2 1 1 3501 3756 3502
1220 2 2 1 1 2279 7108 6896
1221 2 2 1 1 3888 7065 3889
1222 2 2 1 1 2626 6456 5468
1223 2 2 1 1 4752 5763 4014
1224 2 2 1 1 5864 6695 4332
1225 2 2 1 1 3092 3837 3094
1226 2 2 1 1 5164 5214 5163
1227 2 2 1 1 5030 5031 5028
1228 2 2 1 1 2138 4452 2166
1229 2 2 1 1 5181 5292 5214
1230 2 2 1 1 4572 4573 4570
1231 2 2 1 1 1897 5834 4790
1232 2 2 1 1 1349 6839 5786
1233 2 2 1 1 2044 6933 2088
1234 2 2 1 1 5194 7467 6427
1235 2 2 1 1 2780 5411 2777
1236 2 2 1 1 4019 6464 4025
1237 2 2 1 1 4794 5963 5385
1238 2 2 1 1 4201 5739 3930
1239 2 2 1 1 5496 6806 5233
1240 2 2 1 1 4771 5877 1497
1241 2 2 1 1 3048 3589 3049
1242 2 2 1 1 5580 7231 5969
1243 2 2 1 1 6966 7702 5411
1244 2 2 1 1 4558 4559 4557
1245 2 2 1 1 2180 6148 5654
1246 2 2 1 1 5410 7232 1518
1247 2 2 1 1 3567 4754 4753
1248 2 2 1 1 2171 5582 3193
1249 2 2 1 1 2269 5087 2333
1250 2 2 1 1 4845 5459 1732
1251 2 2 1 1 4207 6384 4204
1252 2 2 1 1 3962 5759 5758
1253 2 2 1 1 3892 5270 203
1254 2 2 1 1 4463 7564 4461
1255 2 2 1 1 3817 4669 3631
1256 2 2 1 1 4982 5419 4983
1257 2 2 1 1 2351 5762 4374
1258 2 2 1 1 4343 5063 5059
1259 2 2 1 1 2897 6088 5683
1260 2 2 1 1 2782 5021 3496
1261 2 2 1 1 4983 5418 3630
1262 2 2 1 1 2627 6572 5245
1263 2 2 1 1 4994 5816 3548
1264 2 2 1 1 465 5627 464
1265 2 2 1 1 6922 7210 1401
1266 2 2 1 1 3983 6380 3982
1267 2 2 1 1 4674 7511 3468
1268 2 2 1 1 3666 5940 4941
1269 2 2 1 1 4351 5872 5766
1270 2 2 1 1 5032 6230 2001
1271 2 2 1 1 3058 7554 5694
1272 2 2 1 1 7103 7105 7097
1273 2 2 1 1 6257 7164 4381
1274 2 2 1 1 3303 3766 3301
1275 2 2 1 1 4014 4015 3762
1276 2 2 1 1 4177 6994 6251
1277 2 2 1 1 5230 6744 3126
1278 2 2 1 1 1398 7022 946
1279 2 2 1 1 2878 7745 4662
1280 2 2 1 1 3178 3817 3631
1281 2 2 1 1 6183 6184 5196
1282 2 2 1 1 2371 6657 4884
1283 2 2 1 1 5441 7645 5893
1284 2 2 1 1 2186 2201 2184
1285 2 2 1 1 4512 7733 2725
1286 2 2 1 1 2208 2214 2213
1287 2 2 1 1 3165 4727 2293
1288 2 2 1 1 4678 7418 1666
1289 2 2 1 1 4280 5554 5265
1290 2 2 1 1 180 6527 179
1291 2 2 1 1 3008 5299 4043
1292 2 2 1 1 5636 5775 3588
1293 2 2 1 1 4225 7963 4224
1294 2 2 1 1 4567 4568 4566
1295 2 2 1 1 3446 4315 4013
1296 2 2 1 1 5065 7674 4312
1297 2 2 1 1 5440 7326 2987
1298 2 2 1 1 3713 4029 3712
1299 2 2 1 1 5390 7759 3702
1300 2 2 1 1 1544 6124 2197
1301 2 2 1 1 6941 7386 6176
1302 2 2 1 1 1445 5681 5590
1303 2 2 1 1 2182 6889 5674
1304 2 2 1 1 5480 6996 4486
1305 2 2 1 1 3226 3227 3114
1306 2 2 1 1 3076 3084 3078
1307 2 2 1 1 5500 7983 5772
1308 2 2 1 1 6096 6704 2953
1309 2 2 1 1 6652 6721 3859
1310 2 2 1 1 4563 4564 4562
1311 2 2 1 1 4959 7561 5290
1312 2 2 1 1 2948 4981 2945
1313 2 2 1 1 4157 6692 6662
1314 2 2 1 1 4196 5393 5392
1315 2 2 1 1 6659 7092 4234
1316 2 2 1 1 5977 6939 6876
1317 2 2 1 1 3345 4329 3501
1318 2 2 1 1 6251 6994 2510
1319 2 2 1 1 2671 7675 5294
1320 2 2 1 1 1093 7105 1092
1321 2 2 1 1 2184 4503 2079
1322 2 2 1 1 4610 5429 4592
1323 2 2 1 1 2265 7443 2267
1324 2 2 1 1 3530 4055 3455
1325 2 2 1 1 4715 6265 2427
1326 2 2 1 1 1686 6534 5496
1327 2 2 1 1 5265 7659 4280
1328 2 2 1 1 2867 6742 6154
1329 2 2 1 1 5785 5790 5786
1330 2 2 1 1 212 7225 1392
1331 2 2 1 1 3914 5594 4141
1332 2 2 1 1 6163 7493 2518
1333 2 2 1 1 5372 5844 1199
1334 2 2 1 1 2212 5682 5478
1335 2 2 1 1 6606 6607 1340
1336 2 2 1 1 4499 4892 4891
1337 2 2 1 1 4296 7693 3966
1338 2 2 1 1 2495 5399 2491
1339 2 2 1 1 3684 3774 3593
1340 2 2 1 1 4128 5370 4295
1341 2 2 1 1 3186 5432 3459
1342 2 2 1 1 2218 2675 2673
1343 2 2 1 1 5262 7944 7090
1344 2 2 1 1 2197 4112 1546
1345 2 2 1 1 3370 3939 3371
1346 2 2 1 1 2763 5460 2761
1347 2 2 1 1 3110 3111 3090
1348 2 2 1 1 5332 7477 5339
1349 2 2 1 1 4046 7570 5253
1350 2 2 1 1 1126 1488 1440
1351 2 2 1 1 6502 7325 2135
1352 2 2 1 1 1578 5206 1580
1353 2 2 1 1 4688 5792 4229
1354 2 2 1 1 6585 6605 2587
1355 2 2 1 1 4917 7375 6786
1356 2 2 1 1 2073 6455 5466
1357 2 2 1 1 6138 6231 3422
1358 2 2 1 1 3242 4084 3493
1359 2 2 1 1 4776 5711 4775
1360 2 2 1 1 4174 6410 4170
1361 2 2 1 1 3104 7487 6054
1362 2 2 1 1 4817 4819 4815
1363 2 2 1 1 3113 3114 3111
1364 2 2 1 1 3387 5846 3219
1365 2 2 1 1 2880 6128 6074
1366 2 2 1 1 3553 5915 3790
1367 2 2 1 1 2443 6055 3249
1368 2 2 1 1 5295 7170 2002
1369 2 2 1 1 157 7288 4240
1370 2 2 1 1 3168 4708 2307
1371 2 2 1 1 2675 4142 2673
1372 2 2 1 1 4839 5979 4623
1373 2 2 1 1 2423 6216 6215
1374 2 2 1 1 4551 6105 4550
1375 2 2 1 1 4909 4911 3250
1376 2 2 1 1 3510 3697 3270
1377 2 2 1 1 2442 4452 2138
1378 2 2 1 1 5043 5584 2145
1379 2 2 1 1 1530 3908 1531
1380 2 2 1 1 5988 6794 2623
1381 2 2 1 1 2789 5384 2991
1382 2 2 1 1 2454 2455 2162
1383 2 2 1 1 1920 4696 1922
1384 2 2 1 1 4136 7141 5690
1385 2 2 1 1 6973 7742 7640
1386 2 2 1 1 5317 5318 1965
1387 2 2 1 1 1481 5909 4667
1388 2 2 1 1 4589 4601 4588
1389 2 2 1 1 2989 7464 5495
1390 2 2 1 1 4284 7843 4285
1391 2 2 1 1 3737 4480 4479
1392 2 2 1 1 6395 7270 4187
1393 2 2 1 1 3517 4334 3516
1394 2 2 1 1 6300 6994 4522
1395 2 2 1 1 3870 5828 3909
1396 2 2 1 1 5737 6929 5838
1397 2 2 1 1 2361 7626 4897
1398 2 2 1 1 5032 7928 5028
1399 2 2 1 1 4168 5915 3552
1400 2 2 1 1 5320 5321 5319
1401 2 2 1 1 5571 5870 4359
1402 2 2 1 1 1916 7657 4814
1403 2 2 1 1 3456 4625 2601
1404 2 2 1 1 4604 6989 4774
1405 2 2 1 1 3355 3737 2416
1406 2 2 1 1 4535 5712 4536
1407 2 2 1 1 1519 1520 1516
1408 2 2 1 1 5250 7588 1930
1409 2 2 1 1 6100 7983 5500
1410 2 2 1 1 4549 5591 2471
1411 2 2 1 1 3930 3931 3497
1412 2 2 1 1 5354 7092 6959
1413 2 2 1 1 6370 7409 4275
1414 2 2 1 1 5180 7408 5204
1415 2 2 1 1 4231 5347 5346
1416 2 2 1 1 6005 6774 1421
1417 2 2 1 1 4195 5392 4757
1418 2 2 1 1 3327 4550 4549
1419 2 2 1 1 3548 5816 2999
1420 2 2 1 1 3290 5447 3100
1421 2 2 1 1 3766 4407 4406
1422 2 2 1 1 5410 5862 4813
1423 2 2 1 1 2535 6731 5528
1424 2 2 1 1 2037 5733 5516
1425 2 2 1 1 6277 7580 4989
1426 2 2 1 1 3838 3840 3837
1427 2 2 1 1 4719 4776 4775
1428 2 2 1 1 4691 5485 3710
1429 2 2 1 1 1791 6987 6289
1430 2 2 1 1 4781 5715 4783
1431 2 2 1 1 5255 5971 5256
1432 2 2 1 1 2526 5470 3208
1433 2 2 1 1 3542 3795 3541
1434 2 2 1 1 5026 5294 5293
1435 2 2 1 1 5286 6967 2699
1436 2 2 1 1 4269 5349 3464
1437 2 2 1 1 3178 3631 3176
1438 2 2 1 1 3578 3989 3577
1439 2 2 1 1 3058 5694 3060
1440 2 2 1 1 4104 7150 5053
1441 2 2 1 1 4770 5752 1335
1442 2 2 1 1 1613 5268 1685
1443 2 2 1 1 3818 4062 3525
1444 2 2 1 1 5583 6716 2144
1445 2 2 1 1 2010 6570 5834
1446 2 2 1 1 4883 5558 3637
1447 2 2 1 1 2822 7460 4808
1448 2 2 1 1 3702 7759 7084
1449 2 2 1 1 3578 4262 3989
1450 2 2 1 1 3200 4557 4556
1451 2 2 1 1 2442 4453 4452
1452 2 2 1 1 1974 6108 4124
1453 2 2 1 1 4431 5825 4303
1454 2 2 1 1 890 5787 889
1455 2 2 1 1 1098 6872 1097
1456 2 2 1 1 5000 7878 2597
1457 2 2 1 1 2002 7559 5295
1458 2 2 1 1 5718 5813 3416
1459 2 2 1 1 5606 5813 5718
1460 2 2 1 1 3385 4974 4973
1461 2 2 1 1 4728 4732 4731
1462 2 2 1 1 2081 2218 2121
1463 2 2 1 1 4135 7141 4136
1464 2 2 1 1 5634 5793 5203
1465 2 2 1 1 4999 6084 2998
1466 2 2 1 1 3098 3289 3100
1467 2 2 1 1 5936 6348 5702
1468 2 2 1 1 3840 5491 3837
1469 2 2 1 1 2336 5106 3293
1470 2 2 1 1 4214 7364 6312
1471 2 2 1 1 5112 7169 7027
1472 2 2 1 1 6503 7964 6504
1473 2 2 1 1 5137 5387 5134
1474 2 2 1 1 5188 5911 5205
1475 2 2 1 1 1661 5634 5209
1476 2 2 1 1 4786 4838 4258
1477 2 2 1 1 3503 3818 3525
1478 2 2 1 1 1574 6703 5731
1479 2 2 1 1 5905 6670 5364
1480 2 2 1 1 1782 5627 5625
1481 2 2 1 1 1988 7521 5199
1482 2 2 1 1 3060 4519 3062
1483 2 2 1 1 3604 4232 3605
1484 2 2 1 1 1372 6765 1026
1485 2 2 1 1 3617 5587 3049
1486 2 2 1 1 4384 6891 4436
1487 2 2 1 1 2482 4566 4565
1488 2 2 1 1 2076 2080 2074
1489 2 2 1 1 2000 6667 1985
1490 2 2 1 1 4702 7688 1364
1491 2 2 1 1 3043 3596 3595
1492 2 2 1 1 3681 4513 3680
1493 2 2 1 1 3775 6569 3590
1494 2 2 1 1 5023 5295 5026
1495 2 2 1 1 2682 5853 3474
1496 2 2 1 1 1185 5520 1431
1497 2 2 1 1 5145 5271 5144
1498 2 2 1 1 4379 6259 2826
1499 2 2 1 1 3590 6569 3683
1500 2 2 1 1 1928 5250 1930
1501 2 2 1 1 3289 3290 3100
1502 2 2 1 1 4617 6849 4735
1503 2 2 1 1 4730 5922 5066
1504 2 2 1 1 1495 7303 5808
1505 2 2 1 1 5047 5583 2536
1506 2 2 1 1 3449 3963 2348
1507 2 2 1 1 4066 5641 5607
1508 2 2 1 1 3777 7796 3353
1509 2 2 1 1 3489 4562 4561
1510 2 2 1 1 2757 7270 6395
1511 2 2 1 1 4852 7156 2027
1512 2 2 1 1 1980 6956 4003
1513 2 2 1 1 3422 6775 6138
1514 2 2 1 1 3503 3525 3490
1515 2 2 1 1 4709 4712 4711
1516 2 2 1 1 2359 5110 2714
1517 2 2 1 1 5622 7432 5621
1518 2 2 1 1 1396 8017 4863
1519 2 2 1 1 5174 5291 5173
1520 2 2 1 1 5502 5804 5386
1521 2 2 1 1 3510 3955 3697
1522 2 2 1 1 4663 7117 3299
1523 2 2 1 1 1404 7635 5700
1524 2 2 1 1 3600 4507 3597
1525 2 2 1 1 3591 8011 1340
1526 2 2 1 1 4764 5427 4763
1527 2 2 1 1 4852 6509 4396
1528 2 2 1 1 5612 6087 3131
1529 2 2 1 1 5305 5306 3744
1530 2 2 1 1 2134 7657 1916
1531 2 2 1 1 5841 6464 4502
1532 2 2 1 1 2447 3966 2342
1533 2 2 1 1 3542 4051 3795
1534 2 2 1 1 2267 7443 6487
1535 2 2 1 1 2973 7409 6370
1536 2 2 1 1 3855 7614 4215
1537 2 2 1 1 3248 3420 3418
1538 2 2 1 1 2141 7609 4690
1539 2 2 1 1 4096 7310 4132
1540 2 2 1 1 3702 7699 5390
1541 2 2 1 1 3086 3087 3085
1542 2 2 1 1 5208 7634 5207
1543 2 2 1 1 2020 7551 4749
1544 2 2 1 1 197 7052 196
1545 2 2 1 1 2503 7520 4675
1546 2 2 1 1 5747 6139 6040
1547 2 2 1 1 3236 3710 3709
1548 2 2 1 1 4453 4455 4454
1549 2 2 1 1 4634 7439 4637
1550 2 2 1 1 2826 6259 6258
1551 2 2 1 1 2601 3273 2603
1552 2 2 1 1 5590 5681 5463
1553 2 2 1 1 2716 5663 4817
1554 2 2 1 1 3790 5915 5473
1555 2 2 1 1 4149 4150 4148
1556 2 2 1 1 1983 7311 6968
1557 2 2 1 1 2108 5356 3812
1558 2 2 1 1 1610 7637 5476
1559 2 2 1 1 3484 3565 3158
1560 2 2 1 1 6013 6605 6604
1561 2 2 1 1 5478 5682 3788
1562 2 2 1 1 3236 3709 3235
1563 2 2 1 1 1708 5635 1706
1564 2 2 1 1 1044 7046 1043
1565 2 2 1 1 3407 7450 2708
1566 2 2 1 1 5795 6461 5333
1567 2 2 1 1 5974 6316 2978
1568 2 2 1 1 3894 3899 3893
1569 2 2 1 1 1975 7630 6117
1570 2 2 1 1 1039 7255 6924
1571 2 2 1 1 3657 3658 3318
1572 2 2 1 1 6263 6284 2429
1573 2 2 1 1 3611 3712 3610
1574 2 2 1 1 2859 7702 6966
1575 2 2 1 1 4204 7301 7152
1576 2 2 1 1 3844 7298 1530
1577 2 2 1 1 3608 5917 3112
1578 2 2 1 1 4144 5811 5810
1579 2 2 1 1 5002 5003 3920
1580 2 2 1 1 2838 7019 4747
1581 2 2 1 1 4291 6945 3556
1582 2 2 1 1 2025 5234 1788
1583 2 2 1 1 1146 1475 1147
1584 2 2 1 1 2709 7751 4649
1585 2 2 1 1 2384 5225 2403
1586 2 2 1 1 2931 6357 4940
1587 2 2 1 1 5253 7570 6007
1588 2 2 1 1 208 6581 6580
1589 2 2 1 1 364 7996 2247
1590 2 2 1 1 4909 5109 4911
1591 2 2 1 1 1575 7780 5601
1592 2 2 1 1 4072 4621 4619
1593 2 2 1 1 2835 5314 3391
1594 2 2 1 1 4616 6291 4735
1595 2 2 1 1 3887 4684 3884
1596 2 2 1 1 3235 5314 2837
1597 2 2 1 1 3067 3083 3070
1598 2 2 1 1 3960 6165 3523
1599 2 2 1 1 4817 4821 4819
1600 2 2 1 1 2030 5825 1939
1601 2 2 1 1 1617 5255 1619
1602 2 2 1 1 5635 7710 2693
1603 2 2 1 1 1151 1448 1152
1604 2 2 1 1 3001 5630 4543
1605 2 2 1 1 3584 8069 6333
1606 2 2 1 1 3062 4519 3080
1607 2 2 1 1 3971 7268 3972
1608 2 2 1 1 5408 5409 3546
1609 2 2 1 1 2074 4780 2071
1610 2 2 1 1 3914 4141 3946
1611 2 2 1 1 3443 6051 6047
1612 2 2 1 1 7372 7532 5104
1613 2 2 1 1 5351 7725 3198
1614 2 2 1 1 2055 4526 2053
1615 2 2 1 1 3669 4421 4420
1616 2 2 1 1 5300 7852 3724
1617 2 2 1 1 6136 6365 5278
1618 2 2 1 1 2393 5231 2404
1619 2 2 1 1 4084 7473 2498
1620 2 2 1 1 3227 4267 3361
1621 2 2 1 1 5331 5484 1678
1622 2 2 1 1 4017 5733 4788
1623 2 2 1 1 6302 6998 6303
1624 2 2 1 1 4227 7108 6729
1625 2 2 1 1 4014 4356 4015
1626 2 2 1 1 5111 7482 3521
1627 2 2 1 1 3506 6515 4986
1628 2 2 1 1 4069 7087 5487
1629 2 2 1 1 2071 2085 2069
1630 2 2 1 1 4511 7947 3516
1631 2 2 1 1 2998 5945 4999
1632 2 2 1 1 2593 4763 2591
1633 2 2 1 1 3795 7414 5083
1634 2 2 1 1 6557 7395 6741
1635 2 2 1 1 5206 7734 5205
1636 2 2 1 1 1629 5793 5634
1637 2 2 1 1 3837 5491 3094
1638 2 2 1 1 6579 7179 7059
1639 2 2 1 1 3095 4586 3098
1640 2 2 1 1 5284 7748 5226
1641 2 2 1 1 6080 6083 4432
1642 2 2 1 1 5560 5865 2927
1643 2 2 1 1 1440 1490 1124
1644 2 2 1 1 5693 5858 3527
1645 2 2 1 1 3496 3930 3497
1646 2 2 1 1 5654 6148 4158
1647 2 2 1 1 4103 6774 6005
1648 2 2 1 1 2076 2081 2080
1649 2 2 1 1 2416 4479 2417
1650 2 2 1 1 2867 7513 6742
1651 2 2 1 1 4568 4569 4566
1652 2 2 1 1 3842 5279 3976
1653 2 2 1 1 4974 4975 4973
1654 2 2 1 1 4526 4527 2063
1655 2 2 1 1 1758 6012 5430
1656 2 2 1 1 2051 7230 5586
1657 2 2 1 1 4645 8026 5436
1658 2 2 1 1 2948 7827 4981
1659 2 2 1 1 6038 7629 7530
1660 2 2 1 1 6032 8028 7369
1661 2 2 1 1 5251 7864 4666
1662 2 2 1 1 3309 7292 3306
1663 2 2 1 1 5126 5405 5123
1664 2 2 1 1 5383 5717 1421
1665 2 2 1 1 3961 4124 4123
1666 2 2 1 1 96 7318 1451
1667 2 2 1 1 3512 7349 5326
1668 2 2 1 1 2034 4647 4646
1669 2 2 1 1 7182 7183 4686
1670 2 2 1 1 5978 7446 1453
1671 2 2 1 1 5337 6674 5338
1672 2 2 1 1 4790 7955 2013
1673 2 2 1 1 3687 5057 3686
1674 2 2 1 1 4161 7086 6185
1675 2 2 1 1 2257 3458 2255
1676 2 2 1 1 3402 4148 3399
1677 2 2 1 1 3056 3117 3092
1678 2 2 1 1 5529 6640 4816
1679 2 2 1 1 2966 6189 6188
1680 2 2 1 1 3597 3599 3595
1681 2 2 1 1 5236 6098 4947
1682 2 2 1 1 2010 7992 5075
1683 2 2 1 1 5657 5658 2728
1684 2 2 1 1 4148 7641 4149
1685 2 2 1 1 2427 7611 4715
1686 2 2 1 1 5614 7432 5622
1687 2 2 1 1 3967 4003 4002
1688 2 2 1 1 4084 4085 3493
1689 2 2 1 1 1578 7880 5206
1690 2 2 1 1 3084 6844 3086
1691 2 2 1 1 4224 7900 3723
1692 2 2 1 1 5277 6136 5278
1693 2 2 1 1 2895 5290 2954
1694 2 2 1 1 4793 4794 4792
1695 2 2 1 1 4532 4535 4534
1696 2 2 1 1 1667 5552 5514
1697 2 2 1 1 4589 4603 4601
1698 2 2 1 1 2852 6542 5068
1699 2 2 1 1 5376 5478 3822
1700 2 2 1 1 3397 3994 3396
1701 2 2 1 1 5429 7673 4592
1702 2 2 1 1 3589 3590 3049
1703 2 2 1 1 1149 1455 1150
1704 2 2 1 1 4381 6982 6257
1705 2 2 1 1 3391 6430 5479
1706 2 2 1 1 4319 6122 5831
1707 2 2 1 1 3567 4753 3397
1708 2 2 1 1 6211 7085 5703
1709 2 2 1 1 6233 6269 6268
1710 2 2 1 1 4268 7131 5638
1711 2 2 1 1 2251 3345 3169
1712 2 2 1 1 2847 5325 2853
1713 2 2 1 1 3044 3048 3046
1714 2 2 1 1 4726 4729 4725
1715 2 2 1 1 5993 6471 6470
1716 2 2 1 1 2935 4959 2902
1717 2 2 1 1 3403 3830 3354
1718 2 2 1 1 807 4820 806
1719 2 2 1 1 4959 5290 2900
1720 2 2 1 1 5181 7795 5292
1721 2 2 1 1 3328 5024 5023
1722 2 2 1 1 5010 7558 4955
1723 2 2 1 1 5111 6701 4077
1724 2 2 1 1 4977 5366 5365
1725 2 2 1 1 4699 4700 4698
1726 2 2 1 1 2864 5325 2849
1727 2 2 1 1 2599 2601 2600
1728 2 2 1 1 6197 7335 2419
1729 2 2 1 1 3609 3610 3608
1730 2 2 1 1 4948 7658 1804
1731 2 2 1 1 2251 3169 2246
1732 2 2 1 1 4272 6930 5565
1733 2 2 1 1 3041 4789 3044
1734 2 2 1 1 5364 7879 5905
1735 2 2 1 1 3496 3497 3495
1736 2 2 1 1 4707 4714 4706
1737 2 2 1 1 1081 4769 1080
1738 2 2 1 1 1791 6353 5542
1739 2 2 1 1 4229 6403 4681
1740 2 2 1 1 3870 3909 3869
1741 2 2 1 1 1981 6229 6228
1742 2 2 1 1 2419 7335 6200
1743 2 2 1 1 2886 4543 2883
1744 2 2 1 1 2557 2599 2556
1745 2 2 1 1 4209 6555 5822
1746 2 2 1 1 5602 5779 4222
1747 2 2 1 1 1801 6305 6304
1748 2 2 1 1 3355 3738 3737
1749 2 2 1 1 3117 3837 3092
1750 2 2 1 1 3363 5440 2811
1751 2 2 1 1 3812 5982 5773
1752 2 2 1 1 3301 4406 3179
1753 2 2 1 1 5171 5194 5169
1754 2 2 1 1 3269 3530 3455
1755 2 2 1 1 5641 5705 5607
1756 2 2 1 1 3330 5408 3546
1757 2 2 1 1 2855 5277 2870
1758 2 2 1 1 3275 6761 5675
1759 2 2 1 1 1338 6559 976
1760 2 2 1 1 5256 5971 5970
1761 2 2 1 1 6772 6836 2056
1762 2 2 1 1 5939 6319 5653
1763 2 2 1 1 5450 7973 1894
1764 2 2 1 1 3569 4445 2801
1765 2 2 1 1 3037 3594 3041
1766 2 2 1 1 2272 3410 2454
1767 2 2 1 1 4968 7066 2940
1768 2 2 1 1 5068 6884 2852
1769 2 2 1 1 2648 5113 3287
1770 2 2 1 1 2223 2227 2222
1771 2 2 1 1 3666 4941 3665
1772 2 2 1 1 2906 4937 2904
1773 2 2 1 1 2851 5349 2864
1774 2 2 1 1 1706 5635 2693
1775 2 2 1 1 2088 6933 5557
1776 2 2 1 1 3062 3080 3065
1777 2 2 1 1 4048 4996 4049
1778 2 2 1 1 2209 6131 5582
1779 2 2 1 1 2063 7230 2051
1780 2 2 1 1 5350 7396 4414
1781 2 2 1 1 5386 5804 1663
1782 2 2 1 1 1665 5322 1686
1783 2 2 1 1 2190 6974 1378
1784 2 2 1 1 2875 5349 2857
1785 2 2 1 1 5768 7317 6266
1786 2 2 1 1 1922 4696 4695
1787 2 2 1 1 93 7332 1454
1788 2 2 1 1 2542 5452 2127
1789 2 2 1 1 3900 7051 3899
1790 2 2 1 1 4084 6298 4085
1791 2 2 1 1 4072 4623 4621
1792 2 2 1 1 5535 5655 4455
1793 2 2 1 1 5532 7923 2007
1794 2 2 1 1 4788 7400 4017
1795 2 2 1 1 4304 5954 3792
1796 2 2 1 1 6959 7791 5354
1797 2 2 1 1 3665 4910 4909
1798 2 2 1 1 3618 5846 4988
1799 2 2 1 1 3598 5005 3600
1800 2 2 1 1 4029 6976 6626
1801 2 2 1 1 1 1494 1438
1802 2 2 1 1 3446 4013 3445
1803 2 2 1 1 3640 5586 4261
1804 2 2 1 1 2926 5107 2929
1805 2 2 1 1 4884 6657 4883
1806 2 2 1 1 2242 3198 2235
1807 2 2 1 1 3851 5421 5406
1808 2 2 1 1 4728 4731 4727
1809 2 2 1 1 2161 2454 2162
1810 2 2 1 1 2201 5708 4503
1811 2 2 1 1 3922 6685 3925
1812 2 2 1 1 1150 1447 1149
1813 2 2 1 1 3153 4660 3150
1814 2 2 1 1 4825 5298 3959
1815 2 2 1 1 2662 6252 3234
1816 2 2 1 1 2817 3723 3363
1817 2 2 1 1 3201 3397 3396
1818 2 2 1 1 3187 3372 3186
1819 2 2 1 1 2555 2556 2553
1820 2 2 1 1 5710 6501 6500
1821 2 2 1 1 6273 6482 5506
1822 2 2 1 1 3640 4081 3639
1823 2 2 1 1 2414 3318 2140
1824 2 2 1 1 2495 7501 5399
1825 2 2 1 1 5739 5740 1415
1826 2 2 1 1 6552 7283 4467
1827 2 2 1 1 2563 4588 4587
1828 2 2 1 1 2137 2442 2138
1829 2 2 1 1 2465 4556 2467
1830 2 2 1 1 7124 7141 4135
1831 2 2 1 1 3348 3570 3335
1832 2 2 1 1 2163 2272 2161
1833 2 2 1 1 3041 7774 4789
1834 2 2 1 1 2066 2125 2064
1835 2 2 1 1 5481 6596 2197
1836 2 2 1 1 2049 2160 2048
1837 2 2 1 1 2552 2553 2551
1838 2 2 1 1 2469 4549 2471
1839 2 2 1 1 4813 5862 5370
1840 2 2 1 1 2687 3752 3002
1841 2 2 1 1 3942 7212 5997
1842 2 2 1 1 2550 2551 2548
1843 2 2 1 1 2227 2416 2229
1844 2 2 1 1 3393 5305 3744
1845 2 2 1 1 3314 6855 4064
1846 2 2 1 1 1340 8011 6606
1847 2 2 1 1 6003 6552 3720
1848 2 2 1 1 5411 7702 2777
1849 2 2 1 1 5454 6006 1346
1850 2 2 1 1 2242 3330 3198
1851 2 2 1 1 3630 5631 4983
1852 2 2 1 1 2788 4210 3254
1853 2 2 1 1 3592 3762 3761
1854 2 2 1 1 5589 7231 5580
1855 2 2 1 1 3483 7080 3484
1856 2 2 1 1 6153 7513 2867
1857 2 2 1 1 5271 5423 5183
1858 2 2 1 1 4344 7081 4998
1859 2 2 1 1 3295 8036 5339
1860 2 2 1 1 5576 6800 6697
1861 2 2 1 1 4550 4552 4549
1862 2 2 1 1 2859 3503 3490
1863 2 2 1 1 1670 5334 5333
1864 2 2 1 1 1492 5313 4837
1865 2 2 1 1 3035 3043 3037
1866 2 2 1 1 4657 6966 5411
1867 2 2 1 1 5207 7634 5223
1868 2 2 1 1 3002 4869 3004
1869 2 2 1 1 3070 4781 3072
1870 2 2 1 1 2461 4561 2463
1871 2 2 1 1 5114 5412 5113
1872 2 2 1 1 3570 4879 4878
1873 2 2 1 1 3210 4909 3250
1874 2 2 1 1 3035 7837 3043
1875 2 2 1 1 3853 7067 3935
1876 2 2 1 1 4378 4379 4377
1877 2 2 1 1 3056 7806 3117
1878 2 2 1 1 4709 4711 4708
1879 2 2 1 1 3393 3744 3743
1880 2 2 1 1 3373 3374 3372
1881 2 2 1 1 3146 3608 3120
1882 2 2 1 1 5035 5451 4964
1883 2 2 1 1 4310 6729 5637
1884 2 2 1 1 3746 4322 3653
1885 2 2 1 1 4807 6294 4799
1886 2 2 1 1 4140 5903 5439
1887 2 2 1 1 1580 5206 5205
1888 2 2 1 1 5560 7000 4524
1889 2 2 1 1 5317 5320 5319
1890 2 2 1 1 2371 6656 6219
1891 2 2 1 1 2001 6537 5032
1892 2 2 1 1 2473 4585 2475
1893 2 2 1 1 3161 3869 3160
1894 2 2 1 1 3663 3664 3468
1895 2 2 1 1 3269 3455 2760
1896 2 2 1 1 6591 7857 5344
1897 2 2 1 1 3004 4902 3006
1898 2 2 1 1 4226 7108 4227
1899 2 2 1 1 5202 6174 6132
1900 2 2 1 1 4134 6893 4135
1901 2 2 1 1 2609 4532 4531
1902 2 2 1 1 1700 1729 1699
1903 2 2 1 1 4870 4871 4869
1904 2 2 1 1 4304 6609 5716
1905 2 2 1 1 4971 4972 3452
1906 2 2 1 1 2991 7301 4210
1907 2 2 1 1 5716 6609 1594
1908 2 2 1 1 5268 8042 5695
1909 2 2 1 1 1697 1699 1696
1910 2 2 1 1 2064 4504 2061
1911 2 2 1 1 4794 4803 4792
1912 2 2 1 1 5024 5025 5023
1913 2 2 1 1 2055 7642 4526
1914 2 2 1 1 1674 5476 5475
1915 2 2 1 1 1753 2149 1747
1916 2 2 1 1 2150 2151 2149
1917 2 2 1 1 3939 3940 3371
1918 2 2 1 1 2034 4689 4647
1919 2 2 1 1 5834 6570 4101
1920 2 2 1 1 1654 5331 1678
1921 2 2 1 1 3723 3948 3363
1922 2 2 1 1 1405 5632 1000
1923 2 2 1 1 2740 3542 3541
1924 2 2 1 1 2933 4926 2914
1925 2 2 1 1 1731 4845 1729
1926 2 2 1 1 2233 2240 2231
1927 2 2 1 1 3715 6081 4432
1928 2 2 1 1 1747 4745 1750
1929 2 2 1 1 1695 1696 1694
1930 2 2 1 1 2524 6566 5470
1931 2 2 1 1 2638 2639 2213
1932 2 2 1 1 3251 4725 4724
1933 2 2 1 1 1117 1491 1458
1934 2 2 1 1 2756 3578 3577
1935 2 2 1 1 2061 2068 2055
1936 2 2 1 1 4904 6632 4905
1937 2 2 1 1 1369 6504 6481
1938 2 2 1 1 7101 7102 1087
1939 2 2 1 1 5513 7794 2412
1940 2 2 1 1 1443 8059 4988
1941 2 2 1 1 1802 6265 4714
1942 2 2 1 1 2152 2153 2151
1943 2 2 1 1 4862 4863 4860
1944 2 2 1 1 4009 5811 2677
1945 2 2 1 1 5916 6574 4286
1946 2 2 1 1 4558 5621 4559
1947 2 2 1 1 4597 6712 4868
1948 2 2 1 1 5001 7537 3025
1949 2 2 1 1 3596 3598 3597
1950 2 2 1 1 5060 5914 1932
1951 2 2 1 1 2983 3510 3270
1952 2 2 1 1 6809 7791 6959
1953 2 2 1 1 3006 3601 3011
1954 2 2 1 1 2983 3270 2722
1955 2 2 1 1 3920 5005 3598
1956 2 2 1 1 3211 3517 3516
1957 2 2 1 1 4944 4945 2136
1958 2 2 1 1 3570 4880 4879
1959 2 2 1 1 1684 5998 5252
1960 2 2 1 1 5254 5255 1617
1961 2 2 1 1 6107 6899 5211
1962 2 2 1 1 5367 6810 5368
1963 2 2 1 1 6730 6733 6731
1964 2 2 1 1 3048 3049 3046
1965 2 2 1 1 3668 4343 4342
1966 2 2 1 1 2716 4815 2595
1967 2 2 1 1 5406 5421 3811
1968 2 2 1 1 4876 4877 731
1969 2 2 1 1 5885 6796 5191
1970 2 2 1 1 1999 3625 3058
1971 2 2 1 1 2698 7557 1377
1972 2 2 1 1 4975 7778 6842
1973 2 2 1 1 3015 3370 3017
1974 2 2 1 1 2457 4565 2459
1975 2 2 1 1 3844 6541 4006
1976 2 2 1 1 4844 7710 5635
1977 2 2 1 1 4679 7837 3035
1978 2 2 1 1 3838 3842 3841
1979 2 2 1 1 3084 3085 3078
1980 2 2 1 1 4837 5313 4693
1981 2 2 1 1 3505 3686 2689
1982 2 2 1 1 2782 3496 3495
1983 2 2 1 1 2104 5773 5651
1984 2 2 1 1 4071 4072 2273
1985 2 2 1 1 1469 6795 5861
1986 2 2 1 1 3623 4020 2203
1987 2 2 1 1 4563 5430 4564
1988 2 2 1 1 4344 7763 1391
1989 2 2 1 1 3234 5090 5089
1990 2 2 1 1 1983 6968 5357
1991 2 2 1 1 5981 6680 1748
1992 2 2 1 1 3459 3529 3185
1993 2 2 1 1 2139 2140 2137
1994 2 2 1 1 3360 4706 4705
1995 2 2 1 1 5053 7150 2147
1996 2 2 1 1 2408 4698 4697
1997 2 2 1 1 2609 4533 4532
1998 2 2 1 1 4350 4664 4349
1999 2 2 1 1 2870 3636 3543
2000 2 2 1 1 5446 5638 1448
2001 2 2 1 1 3420 3437 3418
2002 2 2 1 1 5214 5292 5215
2003 2 2 1 1 3710 4327 3709
2004 2 2 1 1 2760 4469 2758
2005 2 2 1 1 2521 7057 239
2006 2 2 1 1 3594 7774 3041
2007 2 2 1 1 1865 5317 1965
2008 2 2 1 1 4984 6963 1552
2009 2 2 1 1 3469 3942 3470
2010 2 2 1 1 3964 4018 3963
2011 2 2 1 1 2595 3488 2593
2012 2 2 1 1 1465 6464 5841
2013 2 2 1 1 3352 3354 3353
2014 2 2 1 1 4986 6515 3869
2015 2 2 1 1 4718 4719 4710
2016 2 2 1 1 2740 3541 2738
2017 2 2 1 1 3867 7137 2240
2018 2 2 1 1 5112 5372 1464
2019 2 2 1 1 5361 5794 5653
2020 2 2 1 1 2546 2548 2547
2021 2 2 1 1 2163 5592 4070
2022 2 2 1 1 2427 6265 6264
2023 2 2 1 1 5250 6097 4288
2024 2 2 1 1 6384 7301 4204
2025 2 2 1 1 2635 6509 6507
2026 2 2 1 1 4848 7502 7011
2027 2 2 1 1 3522 3523 3518
2028 2 2 1 1 2231 3445 2225
2029 2 2 1 1 2160 3639 3487
2030 2 2 1 1 2156 2161 2157
2031 2 2 1 1 2053 2063 2051
2032 2 2 1 1 5040 6430 5778
2033 2 2 1 1 5751 7533 1966
2034 2 2 1 1 3965 4997 3964
2035 2 2 1 1 3333 5441 3109
2036 2 2 1 1 4567 4570 4568
2037 2 2 1 1 3935 4765 3854
2038 2 2 1 1 4071 5585 4839
2039 2 2 1 1 2716 4817 4815
2040 2 2 1 1 4348 4352 4350
2041 2 2 1 1 4732 5066 4731
2042 2 2 1 1 5778 6430 4328
2043 2 2 1 1 5464 5465 5462
2044 2 2 1 1 6030 6106 4551
2045 2 2 1 1 5272 6149 4713
2046 2 2 1 1 4146 4147 3755
2047 2 2 1 1 2155 5592 2153
2048 2 2 1 1 1560 1738 1562
2049 2 2 1 1 3021 3033 3023
2050 2 2 1 1 4363 5912 3944
2051 2 2 1 1 2959 6041 5656
2052 2 2 1 1 5163 5216 5155
2053 2 2 1 1 3329 4778 3974
2054 2 2 1 1 4947 7480 5236
2055 2 2 1 1 3732 7345 5553
2056 2 2 1 1 1156 5383 1421
2057 2 2 1 1 1695 5601 2278
2058 2 2 1 1 144 7377 6833
2059 2 2 1 1 5171 7467 5194
2060 2 2 1 1 2455 2482 2457
2061 2 2 1 1 3664 4674 3468
2062 2 2 1 1 3350 3961 3351
2063 2 2 1 1 4147 5301 3755
2064 2 2 1 1 4167 5432 3186
2065 2 2 1 1 2859 3490 2772
2066 2 2 1 1 2738 4704 2736
2067 2 2 1 1 106 7329 1449
2068 2 2 1 1 3029 4679 3035
2069 2 2 1 1 3967 4002 3966
2070 2 2 1 1 2467 3327 2469
2071 2 2 1 1 4093 7204 4095
2072 2 2 1 1 5076 6888 2672
2073 2 2 1 1 4455 4457 4454
2074 2 2 1 1 3370 4048 3939
2075 2 2 1 1 2235 3199 2233
2076 2 2 1 1 3893 7065 3888
2077 2 2 1 1 4607 6875 5507
2078 2 2 1 1 2821 2855 2854
2079 2 2 1 1 6918 6925 4185
2080 2 2 1 1 2153 2156 2154
2081 2 2 1 1 3739 4827 3538
2082 2 2 1 1 3168 4710 4709
2083 2 2 1 1 3962 5758 3961
2084 2 2 1 1 2480 3242 3241
2085 2 2 1 1 1756 2203 1757
2086 2 2 1 1 2471 3338 2473
2087 2 2 1 1 6185 7086 2483
2088 2 2 1 1 1734 1747 1735
2089 2 2 1 1 4594 4595 1365
2090 2 2 1 1 4333 7744 4043
2091 2 2 1 1 1172 5877 1471
2092 2 2 1 1 5452 7615 3275
2093 2 2 1 1 4362 4363 3944
2094 2 2 1 1 4495 6431 3927
2095 2 2 1 1 3048 3592 3589
2096 2 2 1 1 6163 7644 4113
2097 2 2 1 1 5903 6704 6310
2098 2 2 1 1 4008 4009 2679
2099 2 2 1 1 2561 4608 2563
2100 2 2 1 1 1729 1732 1730
2101 2 2 1 1 4355 6980 5649
2102 2 2 1 1 5362 6602 4507
2103 2 2 1 1 2227 3355 2416
2104 2 2 1 1 2591 4761 2585
2105 2 2 1 1 4382 7302 5563
2106 2 2 1 1 4499 4891 4498
2107 2 2 1 1 4668 7444 4621
2108 2 2 1 1 4712 4713 4711
2109 2 2 1 1 5482 5483 4625
2110 2 2 1 1 6132 6174 5151
2111 2 2 1 1 1935 7971 1937
2112 2 2 1 1 1577 1694 1578
2113 2 2 1 1 3737 5528 4480
2114 2 2 1 1 3456 5482 4625
2115 2 2 1 1 2133 2546 2545
2116 2 2 1 1 1732 1734 1733
2117 2 2 1 1 5500 5772 4960
2118 2 2 1 1 2463 3200 2465
2119 2 2 1 1 5441 5893 5892
2120 2 2 1 1 3335 4878 3333
2121 2 2 1 1 2585 2609 2583
2122 2 2 1 1 4490 7348 4836
2123 2 2 1 1 5425 6099 3392
2124 2 2 1 1 5044 6758 1972
2125 2 2 1 1 5889 6173 4227
2126 2 2 1 1 5063 7914 5059
2127 2 2 1 1 7202 7409 6329
2128 2 2 1 1 3624 4638 3715
2129 2 2 1 1 3018 3924 3021
2130 2 2 1 1 3933 6910 4780
2131 2 2 1 1 2736 3211 2734
2132 2 2 1 1 4935 4939 4937
2133 2 2 1 1 3903 7239 4582
2134 2 2 1 1 2563 4589 4588
2135 2 2 1 1 2099 2137 2100
2136 2 2 1 1 1566 4760 1568
2137 2 2 1 1 3974 4489 4256
2138 2 2 1 1 5430 7406 1758
2139 2 2 1 1 3208 5470 5469
2140 2 2 1 1 4958 4960 4957
2141 2 2 1 1 2475 4354 2477
2142 2 2 1 1 4015 7665 3762
2143 2 2 1 1 1575 1577 1576
2144 2 2 1 1 5766 5872 4119
2145 2 2 1 1 6752 7483 1991
2146 2 2 1 1 2690 3160 2689
2147 2 2 1 1 3399 3400 2639
2148 2 2 1 1 130 7268 129
2149 2 2 1 1 3466 4271 4270
2150 2 2 1 1 3124 5390 5389
2151 2 2 1 1 4626 7563 7423
2152 2 2 1 1 4611 6845 3458
2153 2 2 1 1 4376 4377 4375
2154 2 2 1 1 3211 3516 3515
2155 2 2 1 1 2752 2756 2750
2156 2 2 1 1 5199 7521 5220
2157 2 2 1 1 3000 3518 3001
2158 2 2 1 1 2459 3489 2461
2159 2 2 1 1 2616 4655 4654
2160 2 2 1 1 2568 2576 2566
2161 2 2 1 1 6213 7630 1975
2162 2 2 1 1 4004 6229 5275
2163 2 2 1 1 2424 6956 6235
2164 2 2 1 1 4071 4839 4072
2165 2 2 1 1 4256 4786 4258
2166 2 2 1 1 4681 6399 4687
2167 2 2 1 1 1150 7258 1151
2168 2 2 1 1 3564 4499 4498
2169 2 2 1 1 4465 6126 3960
2170 2 2 1 1 3568 4755 3567
2171 2 2 1 1 5370 5862 4295
2172 2 2 1 1 3902 3903 3900
2173 2 2 1 1 4004 6956 2424
2174 2 2 1 1 2095 2099 2097
2175 2 2 1 1 4556 7719 2467
2176 2 2 1 1 4526 4528 4527
2177 2 2 1 1 1375 5297 5011
2178 2 2 1 1 2143 5016 5015
2179 2 2 1 1 2561 2563 2559
2180 2 2 1 1 3869 6515 3160
2181 2 2 1 1 1434 6388 6387
2182 2 2 1 1 3484 5326 4183
2183 2 2 1 1 7176 7498 5821
2184 2 2 1 1 2952 3465 3464
2185 2 2 1 1 2853 4375 2984
2186 2 2 1 1 4343 5059 4342
2187 2 2 1 1 3905 6483 3947
2188 2 2 1 1 3653 7640 3402
2189 2 2 1 1 3156 6038 5012
2190 2 2 1 1 3467 3468 3465
2191 2 2 1 1 3412 3724 3413
2192 2 2 1 1 5090 5091 5089
2193 2 2 1 1 2788 3254 2786
2194 2 2 1 1 2023 2095 2024
2195 2 2 1 1 1151 5359 1150
2196 2 2 1 1 3293 7439 2338
2197 2 2 1 1 3481 3637 3482
2198 2 2 1 1 2533 7950 6394
2199 2 2 1 1 3638 4883 3637
2200 2 2 1 1 2591 4763 4761
2201 2 2 1 1 2119 7507 6669
2202 2 2 1 1 5849 6490 2267
2203 2 2 1 1 3427 3839 3833
2204 2 2 1 1 5079 7292 5082
2205 2 2 1 1 3657 3763 3658
2206 2 2 1 1 3934 5085 4704
2207 2 2 1 1 3356 3634 3393
2208 2 2 1 1 5103 6466 5603
2209 2 2 1 1 5345 6291 4616
2210 2 2 1 1 4232 4233 3605
2211 2 2 1 1 4583 5477 5433
2212 2 2 1 1 2417 3604 2541
2213 2 2 1 1 4271 4272 4270
2214 2 2 1 1 4003 4004 4002
2215 2 2 1 1 4639 7939 4640
2216 2 2 1 1 5514 5793 1667
2217 2 2 1 1 3201 3396 2795
2218 2 2 1 1 3819 6966 4657
2219 2 2 1 1 5501 5502 5386
2220 2 2 1 1 4729 4736 4725
2221 2 2 1 1 3243 3246 2674
2222 2 2 1 1 3242 4086 4084
2223 2 2 1 1 2599 3456 2601
2224 2 2 1 1 4324 5967 5966
2225 2 2 1 1 2770 2858 2768
2226 2 2 1 1 5067 7933 2006
2227 2 2 1 1 5249 5250 1928
2228 2 2 1 1 1966 5934 5751
2229 2 2 1 1 2021 2023 2022
2230 2 2 1 1 4917 6786 4926
2231 2 2 1 1 3322 6893 6726
2232 2 2 1 1 3752 4869 3002
2233 2 2 1 1 3065 4331 3067
2234 2 2 1 1 4738 5310 3634
2235 2 2 1 1 1968 2034 1984
2236 2 2 1 1 4715 7611 6392
2237 2 2 1 1 3480 3665 3210
2238 2 2 1 1 3520 4294 4293
2239 2 2 1 1 4714 4715 4706
2240 2 2 1 1 6943 7034 4441
2241 2 2 1 1 2263 5492 2131
2242 2 2 1 1 4366 5478 5376
2243 2 2 1 1 4825 6103 4020
2244 2 2 1 1 2782 3495 2780
2245 2 2 1 1 3950 7455 4268
2246 2 2 1 1 4453 4454 4452
2247 2 2 1 1 3087 8039 3089
2248 2 2 1 1 2673 2674 2121
2249 2 2 1 1 5663 7497 4817
2250 2 2 1 1 5584 6150 3809
2251 2 2 1 1 5975 6316 5974
2252 2 2 1 1 2805 3569 2802
2253 2 2 1 1 3242 3493 3241
2254 2 2 1 1 7966 7978 6790
2255 2 2 1 1 3327 4551 4550
2256 2 2 1 1 4487 6287 4048
2257 2 2 1 1 4648 5501 3806
2258 2 2 1 1 5467 7146 5468
2259 2 2 1 1 7428 7701 2774
2260 2 2 1 1 5319 7720 5363
2261 2 2 1 1 3963 5762 2351
2262 2 2 1 1 1683 5233 2132
2263 2 2 1 1 4718 4720 4719
2264 2 2 1 1 3953 6718 6534
2265 2 2 1 1 3452 5523 5329
2266 2 2 1 1 3884 4684 3987
2267 2 2 1 1 2047 2048 2036
2268 2 2 1 1 3658 3682 3318
2269 2 2 1 1 6480 7816 5000
2270 2 2 1 1 2053 4526 2063
2271 2 2 1 1 2221 2222 2194
2272 2 2 1 1 3748 7142 3750
2273 2 2 1 1 4561 7735 2463
2274 2 2 1 1 5205 5911 1691
2275 2 2 1 1 4958 5290 4966
2276 2 2 1 1 4620 5923 3410
2277 2 2 1 1 3289 3427 3425
2278 2 2 1 1 5016 5495 5017
2279 2 2 1 1 3273 4639 2603
2280 2 2 1 1 2403 3562 3561
2281 2 2 1 1 5232 7912 4812
2282 2 2 1 1 1558 4505 1560
2283 2 2 1 1 4935 4937 2906
2284 2 2 1 1 5279 6462 3976
2285 2 2 1 1 3261 4768 3853
2286 2 2 1 1 3515 4512 2732
2287 2 2 1 1 1333 1491 1119
2288 2 2 1 1 4791 4793 4792
2289 2 2 1 1 4352 4998 4350
2290 2 2 1 1 6948 7343 2327
2291 2 2 1 1 3711 4691 3710
2292 2 2 1 1 5312 7539 7133
2293 2 2 1 1 3468 7511 4672
2294 2 2 1 1 2566 4592 2564
2295 2 2 1 1 2756 3577 3576
2296 2 2 1 1 3354 4989 3777
2297 2 2 1 1 6562 7138 4692
2298 2 2 1 1 1861 8062 5320
2299 2 2 1 1 4710 4775 4709
2300 2 2 1 1 2709 4649 2511
2301 2 2 1 1 4164 5814 4204
2302 2 2 1 1 2273 4619 2272
2303 2 2 1 1 4124 6108 4123
2304 2 2 1 1 3658 5826 3682
2305 2 2 1 1 3635 4738 3634
2306 2 2 1 1 4875 5756 2015
2307 2 2 1 1 3049 5587 3046
2308 2 2 1 1 4623 4668 4621
2309 2 2 1 1 3327 4549 2469
2310 2 2 1 1 4149 4779 4150
2311 2 2 1 1 4910 5109 4909
2312 2 2 1 1 2954 4957 4956
2313 2 2 1 1 3090 4653 3087
2314 2 2 1 1 3549 4142 2675
2315 2 2 1 1 3304 3690 3303
2316 2 2 1 1 3566 3567 3397
2317 2 2 1 1 6766 6769 6767
2318 2 2 1 1 5961 6017 1431
2319 2 2 1 1 2987 3300 2805
2320 2 2 1 1 3375 4167 3372
2321 2 2 1 1 4773 5830 5608
2322 2 2 1 1 5371 5982 3812
2323 2 2 1 1 5332 5339 5331
2324 2 2 1 1 1685 5257 5254
2325 2 2 1 1 4634 4635 3968
2326 2 2 1 1 2855 2870 2854
2327 2 2 1 1 3200 4556 2465
2328 2 2 1 1 6248 7212 5912
2329 2 2 1 1 3200 4558 4557
2330 2 2 1 1 5016 5017 5015
2331 2 2 1 1 2289 4617 2291
2332 2 2 1 1 4611 4612 4383
2333 2 2 1 1 4799 6294 4797
2334 2 2 1 1 4651 6376 1347
2335 2 2 1 1 3338 4585 2473
2336 2 2 1 1 3538 4826 3292
2337 2 2 1 1 3786 5865 5560
2338 2 2 1 1 3525 8013 3526
2339 2 2 1 1 3292 3624 3223
2340 2 2 1 1 3601 3602 3011
2341 2 2 1 1 2217 5678 2489
2342 2 2 1 1 3033 3050 3023
2343 2 2 1 1 3370 3371 3017
2344 2 2 1 1 3611 7830 3713
2345 2 2 1 1 5255 8057 1619
2346 2 2 1 1 2128 5493 2684
2347 2 2 1 1 4315 4828 4013
2348 2 2 1 1 2559 4587 2557
2349 2 2 1 1 6782 6784 6783
2350 2 2 1 1 6734 6736 2620
2351 2 2 1 1 5974 7720 5319
2352 2 2 1 1 5510 5511 1662
2353 2 2 1 1 5023 5026 5022
2354 2 2 1 1 3659 4115 3660
2355 2 2 1 1 1960 5779 5602
2356 2 2 1 1 4115 4117 4116
2357 2 2 1 1 5536 5964 5827
2358 2 2 1 1 2069 5860 2066
2359 2 2 1 1 4840 7584 2752
2360 2 2 1 1 2482 4567 4566
2361 2 2 1 1 5154 5218 5152
2362 2 2 1 1 3489 4563 4562
2363 2 2 1 1 2201 4503 2184
2364 2 2 1 1 3449 3965 3964
2365 2 2 1 1 1538 8040 7526
2366 2 2 1 1 3156 3157 3155
2367 2 2 1 1 3825 7080 3483
2368 2 2 1 1 2523 2689 2519
2369 2 2 1 1 4972 5524 5523
2370 2 2 1 1 3222 3292 3223
2371 2 2 1 1 2096 5636 2095
2372 2 2 1 1 1564 3384 1566
2373 2 2 1 1 2482 4565 2457
2374 2 2 1 1 3489 4561 2461
2375 2 2 1 1 110 7446 1427
2376 2 2 1 1 6340 7959 4951
2377 2 2 1 1 2817 3363 2811
2378 2 2 1 1 4142 7726 2673
2379 2 2 1 1 6565 7778 6611
2380 2 2 1 1 3523 4289 3518
2381 2 2 1 1 4728 4733 4732
2382 2 2 1 1 3887 7942 3891
2383 2 2 1 1 5424 7483 6752
2384 2 2 1 1 3147 7824 4318
2385 2 2 1 1 4417 5705 5641
2386 2 2 1 1 1158 5379 1470
2387 2 2 1 1 4114 6123 3357
2388 2 2 1 1 2299 4724 2301
2389 2 2 1 1 4362 5287 4363
2390 2 2 1 1 2043 7743 4849
2391 2 2 1 1 3640 4260 4081
2392 2 2 1 1 5033 5500 4962
2393 2 2 1 1 2934 8023 6437
2394 2 2 1 1 3924 7770 4052
2395 2 2 1 1 2583 4531 2581
2396 2 2 1 1 5675 5678 3275
2397 2 2 1 1 4601 4602 4588
2398 2 2 1 1 4200 4201 3930
2399 2 2 1 1 1518 7358 5862
2400 2 2 1 1 2252 4404 2251
2401 2 2 1 1 1945 4748 1947
2402 2 2 1 1 2156 5592 2163
2403 2 2 1 1 2447 3968 3967
2404 2 2 1 1 1967 7863 6274
2405 2 2 1 1 3468 4672 3465
2406 2 2 1 1 2166 7550 5087
2407 2 2 1 1 6527 7876 6526
2408 2 2 1 1 4982 7427 5419
2409 2 2 1 1 2576 7078 4592
2410 2 2 1 1 4809 4810 2025
2411 2 2 1 1 1715 5437 1717
2412 2 2 1 1 3756 3757 3502
2413 2 2 1 1 4994 6084 5816
2414 2 2 1 1 4917 4926 2933
2415 2 2 1 1 3634 5305 3393
2416 2 2 1 1 6105 6275 4553
2417 2 2 1 1 3768 5282 4111
2418 2 2 1 1 2080 4780 2074
2419 2 2 1 1 4503 7853 2079
2420 2 2 1 1 1468 1498 1146
2421 2 2 1 1 4153 5832 5644
2422 2 2 1 1 5169 5181 5167
2423 2 2 1 1 3083 4781 3070
2424 2 2 1 1 4453 4456 4455
2425 2 2 1 1 3977 6462 5279
2426 2 2 1 1 4565 7767 2459
2427 2 2 1 1 5026 5295 5294
2428 2 2 1 1 1184 5520 1185
2429 2 2 1 1 1802 6951 6279
2430 2 2 1 1 5088 5102 3349
2431 2 2 1 1 6674 6988 6473
2432 2 2 1 1 1161 5681 1445
2433 2 2 1 1 4813 5370 1455
2434 2 2 1 1 4898 7626 4901
2435 2 2 1 1 3154 3155 3153
2436 2 2 1 1 4926 8023 2914
2437 2 2 1 1 3256 4976 3385
2438 2 2 1 1 2098 7107 5502
2439 2 2 1 1 5013 5745 4034
2440 2 2 1 1 3386 5659 4017
2441 2 2 1 1 5716 5954 4304
2442 2 2 1 1 3148 3149 3147
2443 2 2 1 1 5749 6102 3447
2444 2 2 1 1 2555 2557 2556
2445 2 2 1 1 2947 3210 2957
2446 2 2 1 1 4737 6868 4723
2447 2 2 1 1 5623 7351 4866
2448 2 2 1 1 1431 5520 5422
2449 2 2 1 1 4272 5565 5564
2450 2 2 1 1 2267 5492 2263
2451 2 2 1 1 2163 2273 2272
2452 2 2 1 1 5825 7489 1939
2453 2 2 1 1 2440 6272 4560
2454 2 2 1 1 1562 4516 1564
2455 2 2 1 1 3258 4971 3260
2456 2 2 1 1 4330 4383 4329
2457 2 2 1 1 5197 5574 5116
2458 2 2 1 1 4331 7847 3067
2459 2 2 1 1 2166 5087 2269
2460 2 2 1 1 5305 7746 5306
2461 2 2 1 1 4726 4730 4729
2462 2 2 1 1 1672 5233 1683
2463 2 2 1 1 2018 4946 4943
2464 2 2 1 1 6461 7477 5333
2465 2 2 1 1 2269 2333 2289
2466 2 2 1 1 3994 4164 4163
2467 2 2 1 1 4707 5272 4714
2468 2 2 1 1 2603 4639 2687
2469 2 2 1 1 1959 8062 1861
2470 2 2 1 1 5030 5603 5494
2471 2 2 1 1 2221 2223 2222
2472 2 2 1 1 5578 6911 4314
2473 2 2 1 1 4672 7652 3465
2474 2 2 1 1 2313 4705 2315
2475 2 2 1 1 5409 6717 6333
2476 2 2 1 1 4951 8064 6340
2477 2 2 1 1 3402 7641 4148
2478 2 2 1 1 2550 2552 2551
2479 2 2 1 1 7672 7923 5532
2480 2 2 1 1 2552 2555 2553
2481 2 2 1 1 2536 5646 5049
2482 2 2 1 1 5461 5464 5462
2483 2 2 1 1 3393 3743 2399
2484 2 2 1 1 6087 6642 3131
2485 2 2 1 1 2160 3640 3639
2486 2 2 1 1 3755 7234 3731
2487 2 2 1 1 2160 5586 3640
2488 2 2 1 1 2795 5384 2791
2489 2 2 1 1 5108 5641 4066
2490 2 2 1 1 2546 2550 2548
2491 2 2 1 1 5169 5194 5181
2492 2 2 1 1 3612 7698 3611
2493 2 2 1 1 3094 4586 3095
2494 2 2 1 1 4014 5763 4356
2495 2 2 1 1 4898 4899 3726
2496 2 2 1 1 1696 5693 3527
2497 2 2 1 1 1660 5323 5322
2498 2 2 1 1 2317 4697 2319
2499 2 2 1 1 3717 4994 3548
2500 2 2 1 1 5034 6115 2881
2501 2 2 1 1 4977 5365 4974
2502 2 2 1 1 2291 3165 2293
2503 2 2 1 1 2276 4156 2502
2504 2 2 1 1 1472 6878 6168
2505 2 2 1 1 5189 5765 5466
2506 2 2 1 1 1700 1731 1729
2507 2 2 1 1 1750 1756 1755
2508 2 2 1 1 2293 4727 2295
2509 2 2 1 1 2758 4840 2752
2510 2 2 1 1 4937 8020 2904
2511 2 2 1 1 2517 2519 2513
2512 2 2 1 1 3246 3557 3248
2513 2 2 1 1 1801 7249 4713
2514 2 2 1 1 5899 5913 1827
2515 2 2 1 1 6493 6544 5366
2516 2 2 1 1 2887 3000 2886
2517 2 2 1 1 1984 4646 1999
2518 2 2 1 1 3143 3667 3383
2519 2 2 1 1 7321 7323 4636
2520 2 2 1 1 5542 6987 1791
2521 2 2 1 1 1770 5771 5764
2522 2 2 1 1 5523 7865 5329
2523 2 2 1 1 5217 5218 5154
2524 2 2 1 1 2422 5891 5445
2525 2 2 1 1 2209 6241 6131
2526 2 2 1 1 4049 5269 3007
2527 2 2 1 1 3260 4971 3452
2528 2 2 1 1 1697 1700 1699
2529 2 2 1 1 2414 3657 3318
2530 2 2 1 1 3556 8054 3246
2531 2 2 1 1 3637 3776 3482
2532 2 2 1 1 4438 7110 7109
2533 2 2 1 1 3064 6667 2000
2534 2 2 1 1 3304 5078 3690
2535 2 2 1 1 2734 3515 2732
2536 2 2 1 1 1334 7105 1093
2537 2 2 1 1 2822 4791 2821
2538 2 2 1 1 1656 5323 1660
2539 2 2 1 1 3751 5378 3779
2540 2 2 1 1 1763 2027 1765
2541 2 2 1 1 608 6082 607
2542 2 2 1 1 2321 3353 2323
2543 2 2 1 1 1974 6109 6108
2544 2 2 1 1 4869 7590 3004
2545 2 2 1 1 2139 5636 3588
2546 2 2 1 1 5142 5207 5139
2547 2 2 1 1 2999 3520 2997
2548 2 2 1 1 1695 1697 1696
2549 2 2 1 1 5275 6229 1981
2550 2 2 1 1 3275 5678 2217
2551 2 2 1 1 3961 4123 3351
2552 2 2 1 1 4406 7625 3179
2553 2 2 1 1 3737 4479 2416
2554 2 2 1 1 3150 4660 3149
2555 2 2 1 1 5316 7950 2533
2556 2 2 1 1 1757 4850 1763
2557 2 2 1 1 2297 3251 2299
2558 2 2 1 1 3796 5354 5352
2559 2 2 1 1 1577 5601 1695
2560 2 2 1 1 4764 5529 5428
2561 2 2 1 1 3109 5441 3107
2562 2 2 1 1 1955 2019 1957
2563 2 2 1 1 4514 7978 7966
2564 2 2 1 1 5275 5883 4004
2565 2 2 1 1 3942 3943 3470
2566 2 2 1 1 3725 7852 4097
2567 2 2 1 1 3465 3466 3464
2568 2 2 1 1 5765 7714 5570
2569 2 2 1 1 2301 2327 2303
2570 2 2 1 1 3562 3564 3561
2571 2 2 1 1 1753 2150 2149
2572 2 2 1 1 6231 6457 3422
2573 2 2 1 1 2150 2152 2151
2574 2 2 1 1 1568 1575 1573
2575 2 2 1 1 1191 5842 1432
2576 2 2 1 1 2012 7555 5870
2577 2 2 1 1 1947 2133 1949
2578 2 2 1 1 1717 5437 1737
2579 2 2 1 1 2152 2155 2153
2580 2 2 1 1 1922 4695 1924
2581 2 2 1 1 3665 4941 4910
2582 2 2 1 1 5174 5888 5291
2583 2 2 1 1 3651 7421 5382
2584 2 2 1 1 3968 4969 3967
2585 2 2 1 1 4489 4786 4256
2586 2 2 1 1 2240 7137 3446
2587 2 2 1 1 5399 6147 3708
2588 2 2 1 1 3226 7413 3227
2589 2 2 1 1 1413 5461 1158
2590 2 2 1 1 1774 2022 1776
2591 2 2 1 1 3134 7805 4348
2592 2 2 1 1 4031 7046 5958
2593 2 2 1 1 3316 7974 5436
2594 2 2 1 1 5731 6567 1574
2595 2 2 1 1 2601 2603 2600
2596 2 2 1 1 2036 4846 1731
2597 2 2 1 1 1772 7284 2021
2598 2 2 1 1 3974 4778 4489
2599 2 2 1 1 5293 5575 4979
2600 2 2 1 1 3897 6898 4054
2601 2 2 1 1 2047 2049 2048
2602 2 2 1 1 2750 3576 2743
2603 2 2 1 1 1943 2020 1945
2604 2 2 1 1 3354 3777 3353
2605 2 2 1 1 2593 7800 4763
2606 2 2 1 1 5542 5797 4732
2607 2 2 1 1 5207 5223 5160
2608 2 2 1 1 2812 2817 2811
2609 2 2 1 1 4960 4961 4957
2610 2 2 1 1 3724 3725 3413
2611 2 2 1 1 5391 7135 4350
2612 2 2 1 1 1916 4814 1918
2613 2 2 1 1 2305 3168 2307
2614 2 2 1 1 1577 1695 1694
2615 2 2 1 1 1508 4475 1510
2616 2 2 1 1 5116 5574 3287
2617 2 2 1 1 3384 4760 1566
2618 2 2 1 1 5278 6365 2818
2619 2 2 1 1 2156 2163 2161
2620 2 2 1 1 3729 3730 3728
2621 2 2 1 1 3708 5544 4470
2622 2 2 1 1 1734 1753 1747
2623 2 2 1 1 937 6671 936
2624 2 2 1 1 5173 5291 5213
2625 2 2 1 1 1580 5205 1584
2626 2 2 1 1 2786 5021 2783
2627 2 2 1 1 5345 7817 1971
2628 2 2 1 1 3501 3502 3169
2629 2 2 1 1 5215 5216 5163
2630 2 2 1 1 2876 2952 2875
2631 2 2 1 1 2846 6001 3664
2632 2 2 1 1 4723 6868 4722
2633 2 2 1 1 2307 4708 2309
2634 2 2 1 1 5512 6995 6187
2635 2 2 1 1 4315 4829 4828
2636 2 2 1 1 5028 7928 5024
2637 2 2 1 1 3518 3519 3001
2638 2 2 1 1 5503 5504 4051
2639 2 2 1 1 2315 2408 2317
2640 2 2 1 1 2311 3360 2313
2641 2 2 1 1 5187 5859 5190
2642 2 2 1 1 1937 2030 1939
2643 2 2 1 1 4122 4351 4346
2644 2 2 1 1 3604 7740 4232
2645 2 2 1 1 1731 4846 4845
2646 2 2 1 1 5836 5838 1430
2647 2 2 1 1 2679 7352 4008
2648 2 2 1 1 4719 4775 4710
2649 2 2 1 1 3923 5790 5785
2650 2 2 1 1 4036 5404 5013
2651 2 2 1 1 2512 2513 2511
2652 2 2 1 1 1403 6823 4876
2653 2 2 1 1 1615 5254 1617
2654 2 2 1 1 5167 5214 5164
2655 2 2 1 1 5252 7962 1684
2656 2 2 1 1 4587 7883 2557
2657 2 2 1 1 1772 2021 1774
2658 2 2 1 1 1152 5458 1151
2659 2 2 1 1 1584 1691 1586
2660 2 2 1 1 2414 5549 3657
2661 2 2 1 1 2319 3352 2321
2662 2 2 1 1 3302 3303 3301
2663 2 2 1 1 3796 7071 5354
2664 2 2 1 1 5014 5228 1960
2665 2 2 1 1 4634 4636 4635
2666 2 2 1 1 6437 8023 4942
2667 2 2 1 1 3222 3223 2951
2668 2 2 1 1 1907 4875 1909
2669 2 2 1 1 2323 3945 2325
2670 2 2 1 1 2328 3469 2330
2671 2 2 1 1 5254 5971 5255
2672 2 2 1 1 4297 6414 4174
2673 2 2 1 1 3734 6931 3735
2674 2 2 1 1 1352 6227 4547
2675 2 2 1 1 3801 5416 3805
2676 2 2 1 1 2974 6459 6458
2677 2 2 1 1 4236 7380 4759
2678 2 2 1 1 4376 5325 4382
2679 2 2 1 1 2259 7713 6319
2680 2 2 1 1 3727 5619 3413
2681 2 2 1 1 1497 5877 1171
2682 2 2 1 1 2215 2511 2214
2683 2 2 1 1 2125 4504 2064
2684 2 2 1 1 5176 5196 5159
2685 2 2 1 1 3942 5997 3943
2686 2 2 1 1 1611 5268 1613
2687 2 2 1 1 2680 3728 2679
2688 2 2 1 1 2806 2987 2805
2689 2 2 1 1 3669 5700 4421
2690 2 2 1 1 2704 5022 2706
2691 2 2 1 1 3561 5231 2389
2692 2 2 1 1 1445 5590 5589
2693 2 2 1 1 4207 6385 6384
2694 2 2 1 1 4085 6298 6255
2695 2 2 1 1 3604 3605 2541
2696 2 2 1 1 6107 7567 1995
2697 2 2 1 1 5439 5902 4140
2698 2 2 1 1 3539 3739 3538
2699 2 2 1 1 3623 4825 4020
2700 2 2 1 1 2599 2600 2556
2701 2 2 1 1 1930 2008 1933
2702 2 2 1 1 3531 3559 3530
2703 2 2 1 1 5828 7524 3909
2704 2 2 1 1 2021 5538 2023
2705 2 2 1 1 1649 5332 1652
2706 2 2 1 1 4727 6776 2295
2707 2 2 1 1 1924 2014 1926
2708 2 2 1 1 5186 5467 5172
2709 2 2 1 1 2353 3350 2355
2710 2 2 1 1 2791 5384 2789
2711 2 2 1 1 2027 7156 5771
2712 2 2 1 1 1756 3623 2203
2713 2 2 1 1 1947 4748 2133
2714 2 2 1 1 6959 7092 2009
2715 2 2 1 1 3080 4331 3065
2716 2 2 1 1 4827 6166 5723
2717 2 2 1 1 2139 2414 2140
2718 2 2 1 1 5531 5996 3404
2719 2 2 1 1 1652 5332 5331
2720 2 2 1 1 3771 7259 5281
2721 2 2 1 1 1159 5379 1158
2722 2 2 1 1 5152 5175 5148
2723 2 2 1 1 5465 5546 5462
2724 2 2 1 1 5536 6368 1780
2725 2 2 1 1 2140 2442 2137
2726 2 2 1 1 4862 4864 4863
2727 2 2 1 1 3576 7868 2743
2728 2 2 1 1 2272 2454 2161
2729 2 2 1 1 2136 4948 1804
2730 2 2 1 1 6578 7225 5240
2731 2 2 1 1 1151 7660 1448
2732 2 2 1 1 4999 5945 4294
2733 2 2 1 1 5653 6319 5361
2734 2 2 1 1 1918 2017 1920
2735 2 2 1 1 4259 7241 6999
2736 2 2 1 1 2798 5340 2796
2737 2 2 1 1 4156 7011 4157
2738 2 2 1 1 4017 5659 5515
2739 2 2 1 1 6083 6084 5689
2740 2 2 1 1 1778 4162 1784
2741 2 2 1 1 2768 3698 2765
2742 2 2 1 1 2348 3963 2351
2743 2 2 1 1 1667 5793 1627
2744 2 2 1 1 5131 5220 5129
2745 2 2 1 1 7358 7372 4295
2746 2 2 1 1 6031 7741 6104
2747 2 2 1 1 2346 3449 2348
2748 2 2 1 1 7530 7629 4782
2749 2 2 1 1 3665 4909 3210
2750 2 2 1 1 3697 3722 3270
2751 2 2 1 1 6771 6773 6772
2752 2 2 1 1 4840 7453 4263
2753 2 2 1 1 5120 5210 5118
2754 2 2 1 1 3806 5501 3803
2755 2 2 1 1 5319 5363 5318
2756 2 2 1 1 3251 4726 4725
2757 2 2 1 1 1423 7101 1087
2758 2 2 1 1 3352 3403 3354
2759 2 2 1 1 2702 5027 3328
2760 2 2 1 1 5220 5221 5156
2761 2 2 1 1 2340 2447 2342
2762 2 2 1 1 2333 4617 2289
2763 2 2 1 1 3348 4882 3570
2764 2 2 1 1 3948 6044 4231
2765 2 2 1 1 1913 2134 1916
2766 2 2 1 1 2397 3356 2399
2767 2 2 1 1 2342 3966 2344
2768 2 2 1 1 4535 4536 4534
2769 2 2 1 1 1997 6663 5292
2770 2 2 1 1 2706 5022 3407
2771 2 2 1 1 5090 5093 5091
2772 2 2 1 1 1413 5464 5461
2773 2 2 1 1 5317 5319 5318
2774 2 2 1 1 2202 5693 1730
2775 2 2 1 1 2099 5636 2139
2776 2 2 1 1 4635 4969 3968
2777 2 2 1 1 2336 3293 2338
2778 2 2 1 1 5564 5565 2825
2779 2 2 1 1 2378 3481 2380
2780 2 2 1 1 2363 3412 2365
2781 2 2 1 1 2821 2854 2816
2782 2 2 1 1 3482 5225 2380
2783 2 2 1 1 1613 1685 1615
2784 2 2 1 1 5210 5211 5158
2785 2 2 1 1 3031 5747 3028
2786 2 2 1 1 6320 7879 5364
2787 2 2 1 1 7147 7499 1156
2788 2 2 1 1 4670 5616 2059
2789 2 2 1 1 3469 3944 3942
2790 2 2 1 1 3356 3393 2399
2791 2 2 1 1 4583 8037 5477
2792 2 2 1 1 4379 4381 4377
2793 2 2 1 1 4945 4950 4949
2794 2 2 1 1 2650 5113 2648
2795 2 2 1 1 1346 6025 5454
2796 2 2 1 1 3360 4707 4706
2797 2 2 1 1 1641 5510 1662
2798 2 2 1 1 3026 4679 3029
2799 2 2 1 1 2205 4847 2276
2800 2 2 1 1 2842 2984 2840
2801 2 2 1 1 2408 4699 4698
2802 2 2 1 1 1797 4943 1799
2803 2 2 1 1 5585 7831 4839
2804 2 2 1 1 3964 5445 4018
2805 2 2 1 1 5115 5191 5116
2806 2 2 1 1 3089 5390 3124
2807 2 2 1 1 5392 5394 2030
2808 2 2 1 1 5248 7062 1466
2809 2 2 1 1 3176 7910 2410
2810 2 2 1 1 4745 8046 1750
2811 2 2 1 1 1788 5234 1790
2812 2 2 1 1 2359 2714 2361
2813 2 2 1 1 2802 3569 2801
2814 2 2 1 1 3044 8058 3048
2815 2 2 1 1 1384 7127 3868
2816 2 2 1 1 1786 2025 1788
2817 2 2 1 1 4489 5375 4786
2818 2 2 1 1 4156 4157 2502
2819 2 2 1 1 5540 6089 4506
2820 2 2 1 1 4008 4523 4009
2821 2 2 1 1 1897 4790 1899
2822 2 2 1 1 4072 4619 2273
2823 2 2 1 1 1909 2015 1911
2824 2 2 1 1 4378 4380 4379
2825 2 2 1 1 2374 2500 2376
2826 2 2 1 1 2252 7840 4404
2827 2 2 1 1 4835 6381 3193
2828 2 2 1 1 2384 2403 2389
2829 2 2 1 1 3251 4724 2299
2830 2 2 1 1 2678 2679 2677
2831 2 2 1 1 1784 4809 1786
2832 2 2 1 1 2099 2139 2137
2833 2 2 1 1 4749 5521 4748
2834 2 2 1 1 2051 5586 2049
2835 2 2 1 1 4557 6030 4556
2836 2 2 1 1 2010 5834 1895
2837 2 2 1 1 2568 5471 2576
2838 2 2 1 1 5637 6729 3220
2839 2 2 1 1 2553 2554 2551
2840 2 2 1 1 3930 5739 3931
2841 2 2 1 1 3723 7900 3948
2842 2 2 1 1 2929 3222 2951
2843 2 2 1 1 7472 7556 4489
2844 2 2 1 1 4292 5547 3740
2845 2 2 1 1 5148 5271 5145
2846 2 2 1 1 1973 5038 5036
2847 2 2 1 1 5973 7138 2013
2848 2 2 1 1 3475 3751 3477
2849 2 2 1 1 7322 7323 7321
2850 2 2 1 1 4080 6313 3695
2851 2 2 1 1 3522 3960 3523
2852 2 2 1 1 3537 3538 3292
2853 2 2 1 1 2393 2404 2395
2854 2 2 1 1 2005 7670 5525
2855 2 2 1 1 3981 7946 7091
2856 2 2 1 1 5037 5886 2146
2857 2 2 1 1 2952 3464 2875
2858 2 2 1 1 4789 8058 3044
2859 2 2 1 1 6222 6223 3996
2860 2 2 1 1 3119 3120 3112
2861 2 2 1 1 4797 6294 6293
2862 2 2 1 1 4020 4021 2203
2863 2 2 1 1 3761 6606 6531
2864 2 2 1 1 5144 5182 5142
2865 2 2 1 1 5715 5898 4783
2866 2 2 1 1 1395 6220 1082
2867 2 2 1 1 5294 5575 5293
2868 2 2 1 1 6951 7249 2432
2869 2 2 1 1 3198 3199 2235
2870 2 2 1 1 4113 4446 4114
2871 2 2 1 1 1968 5599 2034
2872 2 2 1 1 5423 5424 5183
2873 2 2 1 1 3595 7775 3594
2874 2 2 1 1 2796 3201 2795
2875 2 2 1 1 3260 3452 3324
2876 2 2 1 1 1905 2135 1907
2877 2 2 1 1 2137 2138 2100
2878 2 2 1 1 4816 6640 3488
2879 2 2 1 1 1795 2018 1797
2880 2 2 1 1 1926 5249 1928
2881 2 2 1 1 3340 5399 3708
2882 2 2 1 1 3374 7356 7261
2883 2 2 1 1 1924 4695 2014
2884 2 2 1 1 3236 3711 3710
2885 2 2 1 1 6043 7004 2453
2886 2 2 1 1 3663 4364 3664
2887 2 2 1 1 2110 5356 2108
2888 2 2 1 1 2213 6521 2192
2889 2 2 1 1 3445 4451 2225
2890 2 2 1 1 2835 3391 2833
2891 2 2 1 1 4922 6069 4924
2892 2 2 1 1 3000 3001 2886
2893 2 2 1 1 2331 5106 2336
2894 2 2 1 1 5188 5859 5187
2895 2 2 1 1 2161 2162 2157
2896 2 2 1 1 3898 5829 3872
2897 2 2 1 1 5652 7353 3173
2898 2 2 1 1 4113 7644 4446
2899 2 2 1 1 4875 5757 5756
2900 2 2 1 1 4958 4962 4960
2901 2 2 1 1 2789 2991 2788
2902 2 2 1 1 2403 3561 2389
2903 2 2 1 1 3481 3482 2380
2904 2 2 1 1 5773 5982 3954
2905 2 2 1 1 4536 7445 7351
2906 2 2 1 1 3858 5559 3754
2907 2 2 1 1 3360 4705 2313
2908 2 2 1 1 5421 5990 5697
2909 2 2 1 1 2664 5088 2666
2910 2 2 1 1 3134 3136 3135
2911 2 2 1 1 3600 5362 4507
2912 2 2 1 1 2408 4697 2317
2913 2 2 1 1 1918 4814 2017
2914 2 2 1 1 5038 5608 5039
2915 2 2 1 1 2529 6262 5291
2916 2 2 1 1 3177 3178 3176
2917 2 2 1 1 2893 4956 2891
2918 2 2 1 1 6154 6742 6155
2919 2 2 1 1 3965 5275 4997
2920 2 2 1 1 3839 5798 3833
2921 2 2 1 1 3083 5664 4782
2922 2 2 1 1 2305 7731 4717
2923 2 2 1 1 4974 5365 4975
2924 2 2 1 1 5397 7665 3128
2925 2 2 1 1 1696 3527 1694
2926 2 2 1 1 2149 4745 1747
2927 2 2 1 1 5363 6325 3294
2928 2 2 1 1 2416 2417 2229
2929 2 2 1 1 1808 4982 1810
2930 2 2 1 1 2160 3487 2048
2931 2 2 1 1 2676 2677 2675
2932 2 2 1 1 5988 7643 5676
2933 2 2 1 1 6437 7250 2934
2934 2 2 1 1 2023 2096 2095
2935 2 2 1 1 2099 2100 2097
2936 2 2 1 1 4612 6309 2249
2937 2 2 1 1 1870 5019 2143
2938 2 2 1 1 3680 6390 4445
2939 2 2 1 1 7161 7162 5058
2940 2 2 1 1 4419 5506 4648
2941 2 2 1 1 6834 7826 5534
2942 2 2 1 1 1560 4505 1738
2943 2 2 1 1 3350 3351 2355
2944 2 2 1 1 2125 6211 4504
2945 2 2 1 1 1899 2013 1901
2946 2 2 1 1 2356 5110 2359
2947 2 2 1 1 2023 2024 2022
2948 2 2 1 1 4194 5000 4196
2949 2 2 1 1 3104 6054 3132
2950 2 2 1 1 2095 2097 2024
2951 2 2 1 1 2993 5530 5509
2952 2 2 1 1 5020 5495 5016
2953 2 2 1 1 2837 5314 2835
2954 2 2 1 1 4713 7249 5272
2955 2 2 1 1 5437 5438 4525
2956 2 2 1 1 3469 3470 2330
2957 2 2 1 1 3350 3962 3961
2958 2 2 1 1 2156 2157 2154
2959 2 2 1 1 2153 2154 2151
2960 2 2 1 1 3369 3796 3579
2961 2 2 1 1 5215 7488 5216
2962 2 2 1 1 4601 5414 4602
2963 2 2 1 1 3352 3353 2321
2964 2 2 1 1 2400 3743 2412
2965 2 2 1 1 2840 3235 2837
2966 2 2 1 1 3265 6539 3431
2967 2 2 1 1 5139 5160 5137
2968 2 2 1 1 4592 7673 2564
2969 2 2 1 1 3412 3413 2365
2970 2 2 1 1 3341 5433 3536
2971 2 2 1 1 6289 6987 6290
2972 2 2 1 1 4267 4297 4174
2973 2 2 1 1 2576 4592 2566
2974 2 2 1 1 3762 7665 5397
2975 2 2 1 1 5482 7415 5483
2976 2 2 1 1 2548 2549 2547
2977 2 2 1 1 5532 6573 3571
2978 2 2 1 1 4898 4900 4899
2979 2 2 1 1 4164 6440 5814
2980 2 2 1 1 2891 2950 2889
2981 2 2 1 1 5484 7420 1678
2982 2 2 1 1 1729 1730 1699
2983 2 2 1 1 1799 2136 1804
2984 2 2 1 1 3256 3385 3258
2985 2 2 1 1 2227 2229 2222
2986 2 2 1 1 3636 5685 3543
2987 2 2 1 1 1685 5254 1615
2988 2 2 1 1 3520 4999 4294
2989 2 2 1 1 1518 5862 5410
2990 2 2 1 1 3480 3666 3665
2991 2 2 1 1 3210 3250 2957
2992 2 2 1 1 2381 5225 2384
2993 2 2 1 1 5567 5568 3688
2994 2 2 1 1 3351 5110 2355
2995 2 2 1 1 1909 4875 2015
2996 2 2 1 1 4060 4419 3806
2997 2 2 1 1 2895 2954 2893
2998 2 2 1 1 2853 2984 2842
2999 2 2 1 1 5544 5545 4470
3000 2 2 1 1 1747 1750 1735
3001 2 2 1 1 1495 5808 1480
3002 2 2 1 1 5472 5473 2542
3003 2 2 1 1 2720 5663 2717
3004 2 2 1 1 1892 2010 1895
3005 2 2 1 1 1804 7658 1806
3006 2 2 1 1 5339 7477 3295
3007 2 2 1 1 2752 7584 2756
3008 2 2 1 1 1756 1757 1755
3009 2 2 1 1 4309 6549 6449
3010 2 2 1 1 1806 2016 1808
3011 2 2 1 1 1734 1735 1733
3012 2 2 1 1 3728 7352 2679
3013 2 2 1 1 2390 5231 2393
3014 2 2 1 1 1732 1733 1730
3015 2 2 1 1 2666 5088 3349
3016 2 2 1 1 3800 7490 5246
3017 2 2 1 1 2034 4646 1984
3018 2 2 1 1 3308 3309 3306
3019 2 2 1 1 4231 5346 4490
3020 2 2 1 1 3742 4292 3740
3021 2 2 1 1 4810 4811 2025
3022 2 2 1 1 5574 8066 2652
3023 2 2 1 1 3497 4992 4657
3024 2 2 1 1 2900 5290 2895
3025 2 2 1 1 2864 7302 5325
3026 2 2 1 1 2787 2788 2786
3027 2 2 1 1 1577 1578 1576
3028 2 2 1 1 3795 3934 3541
3029 2 2 1 1 6104 6297 6031
3030 2 2 1 1 2021 2022 1774
3031 2 2 1 1 4826 7727 3292
3032 2 2 1 1 2908 4935 2906
3033 2 2 1 1 2443 7050 6055
3034 2 2 1 1 2902 4959 2900
3035 2 2 1 1 3132 3134 3133
3036 2 2 1 1 1763 4850 2027
3037 2 2 1 1 5109 6029 2956
3038 2 2 1 1 5489 6840 5490
3039 2 2 1 1 2026 7807 5283
3040 2 2 1 1 3724 7852 3725
3041 2 2 1 1 2563 4587 2559
3042 2 2 1 1 3160 7832 2689
3043 2 2 1 1 2546 2547 2545
3044 2 2 1 1 4950 4951 4949
3045 2 2 1 1 4904 4906 1380
3046 2 2 1 1 1584 5205 1691
3047 2 2 1 1 2943 2957 2941
3048 2 2 1 1 1408 6998 1051
3049 2 2 1 1 1878 5041 1880
3050 2 2 1 1 5821 5822 4201
3051 2 2 1 1 2904 2935 2902
3052 2 2 1 1 3144 3145 3120
3053 2 2 1 1 5226 5227 3751
3054 2 2 1 1 4697 8034 2319
3055 2 2 1 1 2847 2853 2842
3056 2 2 1 1 4648 5502 5501
3057 2 2 1 1 4532 4534 4531
3058 2 2 1 1 2652 8066 3253
3059 2 2 1 1 6416 6417 4423
3060 2 2 1 1 3723 4225 4224
3061 2 2 1 1 3673 7236 3409
3062 2 2 1 1 2883 4543 2878
3063 2 2 1 1 2830 2831 2824
3064 2 2 1 1 1810 2141 1815
3065 2 2 1 1 3679 6122 5953
3066 2 2 1 1 1872 5014 1874
3067 2 2 1 1 4493 5639 2709
3068 2 2 1 1 3948 4231 4230
3069 2 2 1 1 5133 5159 5131
3070 2 2 1 1 4055 4056 3455
3071 2 2 1 1 2706 3407 2708
3072 2 2 1 1 2491 5399 2490
3073 2 2 1 1 2849 5325 2847
3074 2 2 1 1 6507 6509 6508
3075 2 2 1 1 4182 5913 5899
3076 2 2 1 1 1819 5259 1821
3077 2 2 1 1 2648 3287 2649
3078 2 2 1 1 3708 4470 3707
3079 2 2 1 1 2646 2648 2647
3080 2 2 1 1 2885 2886 2883
3081 2 2 1 1 4376 4378 4377
3082 2 2 1 1 2643 2646 2644
3083 2 2 1 1 4705 8032 2315
3084 2 2 1 1 1886 2006 1888
3085 2 2 1 1 5219 6770 5175
3086 2 2 1 1 2912 4936 2910
3087 2 2 1 1 4666 7864 3814
3088 2 2 1 1 5118 5158 5114
3089 2 2 1 1 3793 5283 3721
3090 2 2 1 1 5511 6988 6674
3091 2 2 1 1 3520 4293 2997
3092 2 2 1 1 2641 2643 2642
3093 2 2 1 1 5717 7421 4450
3094 2 2 1 1 1957 5267 1962
3095 2 2 1 1 2910 2931 2908
3096 2 2 1 1 1674 5475 1676
3097 2 2 1 1 4708 4716 2309
3098 2 2 1 1 6168 6878 4429
3099 2 2 1 1 5661 8068 3933
3100 2 2 1 1 1647 5335 1670
3101 2 2 1 1 4030 6625 4029
3102 2 2 1 1 3000 3522 3518
3103 2 2 1 1 3470 5106 2330
3104 2 2 1 1 5375 7967 4786
3105 2 2 1 1 4865 5296 834
3106 2 2 1 1 1661 2641 2640
3107 2 2 1 1 3754 3755 3731
3108 2 2 1 1 3104 3132 3105
3109 2 2 1 1 1950 5442 1953
3110 2 2 1 1 1619 1673 1621
3111 2 2 1 1 5129 5156 5126
3112 2 2 1 1 2945 2947 2943
3113 2 2 1 1 2783 5021 2782
3114 2 2 1 1 4984 6123 4114
3115 2 2 1 1 2995 2997 2948
3116 2 2 1 1 2654 5237 2656
3117 2 2 1 1 4588 5753 4587
3118 2 2 1 1 2851 2864 2849
3119 2 2 1 1 2954 4958 4957
3120 2 2 1 1 5144 5183 5182
3121 2 2 1 1 6924 7522 1038
3122 2 2 1 1 1621 5204 1623
3123 2 2 1 1 2671 7559 6529
3124 2 2 1 1 1817 2012 1819
3125 2 2 1 1 3570 4878 3335
3126 2 2 1 1 1953 5728 1955
3127 2 2 1 1 5860 7435 2066
3128 2 2 1 1 4786 7967 4838
3129 2 2 1 1 4281 5554 4280
3130 2 2 1 1 2857 5349 2851
3131 2 2 1 1 1880 1983 1882
3132 2 2 1 1 4660 7007 3860
3133 2 2 1 1 3152 3153 3150
3134 2 2 1 1 3925 6684 5734
3135 2 2 1 1 3796 5352 3797
3136 2 2 1 1 4773 7494 5830
3137 2 2 1 1 1575 1576 1573
3138 2 2 1 1 5245 6572 4260
3139 2 2 1 1 5412 7833 5113
3140 2 2 1 1 3845 7987 3908
3141 2 2 1 1 2937 4917 2933
3142 2 2 1 1 2598 7351 5623
3143 2 2 1 1 5717 6005 1421
3144 2 2 1 1 5694 7595 4519
3145 2 2 1 1 3715 4432 3716
3146 2 2 1 1 6329 7409 2973
3147 2 2 1 1 3624 3715 3714
3148 2 2 1 1 5239 7738 7737
3149 2 2 1 1 3101 5447 3104
3150 2 2 1 1 5943 7042 4293
3151 2 2 1 1 5122 5173 5120
3152 2 2 1 1 6352 7762 1761
3153 2 2 1 1 2874 2875 2857
3154 2 2 1 1 5139 5207 5160
3155 2 2 1 1 1512 7721 1514
3156 2 2 1 1 4105 5925 5850
3157 2 2 1 1 4967 5033 4962
3158 2 2 1 1 4809 4812 4810
3159 2 2 1 1 1573 5748 1569
3160 2 2 1 1 2820 2821 2816
3161 2 2 1 1 6481 6504 4056
3162 2 2 1 1 5375 7810 2694
3163 2 2 1 1 3467 3663 3468
3164 2 2 1 1 4021 5749 4851
3165 2 2 1 1 3189 3475 3188
3166 2 2 1 1 4365 7104 7103
3167 2 2 1 1 4983 5631 2141
3168 2 2 1 1 4847 4848 4156
3169 2 2 1 1 3996 6983 6221
3170 2 2 1 1 1564 4516 3384
3171 2 2 1 1 3766 4406 3301
3172 2 2 1 1 1899 4790 2013
3173 2 2 1 1 1874 1960 1876
3174 2 2 1 1 2914 2934 2912
3175 2 2 1 1 2998 6084 2917
3176 2 2 1 1 3155 7730 3829
3177 2 2 1 1 3843 3862 3861
3178 2 2 1 1 5115 5116 3287
3179 2 2 1 1 3638 4884 4883
3180 2 2 1 1 2702 3328 2704
3181 2 2 1 1 6532 7420 6636
3182 2 2 1 1 4992 7428 4993
3183 2 2 1 1 5031 5032 5028
3184 2 2 1 1 3989 3990 3577
3185 2 2 1 1 1861 5320 1863
3186 2 2 1 1 5532 6613 6573
3187 2 2 1 1 2068 7642 2055
3188 2 2 1 1 3476 5226 3475
3189 2 2 1 1 3208 5629 3207
3190 2 2 1 1 1473 6389 4953
3191 2 2 1 1 2947 3480 3210
3192 2 2 1 1 1870 2143 1872
3193 2 2 1 1 5758 5759 1977
3194 2 2 1 1 3412 3726 3724
3195 2 2 1 1 3800 3801 3172
3196 2 2 1 1 5587 6738 3054
3197 2 2 1 1 5291 5888 2529
3198 2 2 1 1 2670 7798 5029
3199 2 2 1 1 4887 6960 2500
3200 2 2 1 1 2133 2545 1949
3201 2 2 1 1 5007 7819 6818
3202 2 2 1 1 5283 5284 3721
3203 2 2 1 1 1815 4690 1817
3204 2 2 1 1 1590 5436 2101
3205 2 2 1 1 2006 6019 1888
3206 2 2 1 1 1601 6193 2686
3207 2 2 1 1 2211 2490 2210
3208 2 2 1 1 2781 2782 2780
3209 2 2 1 1 2853 4376 4375
3210 2 2 1 1 1445 5589 5588
3211 2 2 1 1 1765 5771 1770
3212 2 2 1 1 4262 7605 3989
3213 2 2 1 1 2939 2940 2937
3214 2 2 1 1 1823 1978 1825
3215 2 2 1 1 2954 4956 2893
3216 2 2 1 1 2018 4943 1797
3217 2 2 1 1 2258 2409 2257
3218 2 2 1 1 3413 5619 2365
3219 2 2 1 1 2609 4531 2583
3220 2 2 1 1 5658 6554 2728
3221 2 2 1 1 2810 2811 2808
3222 2 2 1 1 1829 1973 1831
3223 2 2 1 1 1352 7322 6227
3224 2 2 1 1 1831 5036 1833
3225 2 2 1 1 1363 6688 4818
3226 2 2 1 1 4586 7904 3098
3227 2 2 1 1 2650 5114 5113
3228 2 2 1 1 1821 4703 1823
3229 2 2 1 1 5505 5890 3781
3230 2 2 1 1 3872 5828 3870
3231 2 2 1 1 5822 6555 5956
3232 2 2 1 1 272 5967 271
3233 2 2 1 1 5097 5450 5095
3234 2 2 1 1 3842 6926 5282
3235 2 2 1 1 2808 5440 2806
3236 2 2 1 1 2014 5249 1926
3237 2 2 1 1 4613 6785 6309
3238 2 2 1 1 2557 7883 2599
3239 2 2 1 1 3098 7904 3289
3240 2 2 1 1 3198 7725 3199
3241 2 2 1 1 1730 5693 1699
3242 2 2 1 1 2798 8024 5340
3243 2 2 1 1 2656 5237 3274
3244 2 2 1 1 5918 5919 3756
3245 2 2 1 1 1865 1965 1867
3246 2 2 1 1 5387 7692 5176
3247 2 2 1 1 3726 5260 3724
3248 2 2 1 1 1930 7588 2008
3249 2 2 1 1 1941 5833 1943
3250 2 2 1 1 2467 7719 3327
3251 2 2 1 1 2018 4947 4946
3252 2 2 1 1 5216 7488 6118
3253 2 2 1 1 2181 2210 2180
3254 2 2 1 1 2775 2859 2772
3255 2 2 1 1 5683 7243 2897
3256 2 2 1 1 812 6651 811
3257 2 2 1 1 1835 5044 1837
3258 2 2 1 1 4735 7565 3165
3259 2 2 1 1 5314 6430 3391
3260 2 2 1 1 4479 6935 2417
3261 2 2 1 1 1833 2146 1835
3262 2 2 1 1 5379 5380 1470
3263 2 2 1 1 5115 5193 5191
3264 2 2 1 1 1863 5317 1865
3265 2 2 1 1 5416 5469 3805
3266 2 2 1 1 2633 5540 3389
3267 2 2 1 1 2666 3349 2668
3268 2 2 1 1 1416 7148 1099
3269 2 2 1 1 1145 5784 1146
3270 2 2 1 1 2952 3467 3465
3271 2 2 1 1 1678 7420 5324
3272 2 2 1 1 4338 4522 4336
3273 2 2 1 1 4747 6322 2838
3274 2 2 1 1 3631 4834 3176
3275 2 2 1 1 3977 5279 3769
3276 2 2 1 1 1859 1959 1861
3277 2 2 1 1 2256 2257 2255
3278 2 2 1 1 2771 2772 2770
3279 2 2 1 1 4902 6445 4903
3280 2 2 1 1 5665 7455 3950
3281 2 2 1 1 1393 7053 198
3282 2 2 1 1 4996 5269 4049
3283 2 2 1 1 1364 6854 4700
3284 2 2 1 1 1837 1972 1839
3285 2 2 1 1 2088 5556 2087
3286 2 2 1 1 1166 5647 1476
3287 2 2 1 1 1400 7184 1017
3288 2 2 1 1 1855 2145 1857
3289 2 2 1 1 5133 5176 5159
3290 2 2 1 1 3158 7824 3147
3291 2 2 1 1 5118 5210 5158
3292 2 2 1 1 4267 4785 4297
3293 2 2 1 1 2305 4717 3168
3294 2 2 1 1 4620 7835 4619
3295 2 2 1 1 6787 7086 4403
3296 2 2 1 1 2804 2805 2802
3297 2 2 1 1 2646 2650 2648
3298 2 2 1 1 4356 6852 4015
3299 2 2 1 1 3340 3707 3341
3300 2 2 1 1 6089 6141 4506
3301 2 2 1 1 5873 6263 4729
3302 2 2 1 1 3590 3683 3617
3303 2 2 1 1 1851 1998 1853
3304 2 2 1 1 4879 4881 4878
3305 2 2 1 1 7748 7957 1698
3306 2 2 1 1 4823 5663 2720
3307 2 2 1 1 5895 7758 7502
3308 2 2 1 1 3924 7717 3021
3309 2 2 1 1 3798 5610 2527
3310 2 2 1 1 1839 5053 1841
3311 2 2 1 1 2490 3340 2492
3312 2 2 1 1 5129 5220 5156
3313 2 2 1 1 2641 2645 2643
3314 2 2 1 1 1660 5322 1665
3315 2 2 1 1 5833 7845 2020
3316 2 2 1 1 3683 3768 3767
3317 2 2 1 1 1841 2147 1843
3318 2 2 1 1 5227 5378 3751
3319 2 2 1 1 3805 4060 3806
3320 2 2 1 1 1845 1932 1847
3321 2 2 1 1 5914 6961 4246
3322 2 2 1 1 3481 3638 3637
3323 2 2 1 1 2761 3269 2760
3324 2 2 1 1 1625 1667 1627
3325 2 2 1 1 1882 5357 1884
3326 2 2 1 1 6660 7760 3025
3327 2 2 1 1 1683 2132 1688
3328 2 2 1 1 1843 5060 1845
3329 2 2 1 1 4997 8002 3964
3330 2 2 1 1 4903 6180 4906
3331 2 2 1 1 2931 4935 2908
3332 2 2 1 1 1665 1686 1672
3333 2 2 1 1 1634 5809 1639
3334 2 2 1 1 1853 5043 1855
3335 2 2 1 1 7730 7754 7687
3336 2 2 1 1 1857 5042 1859
3337 2 2 1 1 4566 6039 4565
3338 2 2 1 1 2016 4982 1808
3339 2 2 1 1 1467 7639 1148
3340 2 2 1 1 4211 5822 5821
3341 2 2 1 1 3402 7640 4440
3342 2 2 1 1 6386 6680 5981
3343 2 2 1 1 2662 3234 2664
3344 2 2 1 1 2947 2957 2943
3345 2 2 1 1 4465 7654 6126
3346 2 2 1 1 1911 5522 1913
3347 2 2 1 1 5122 5174 5173
3348 2 2 1 1 3559 5928 3530
3349 2 2 1 1 7502 7758 5242
3350 2 2 1 1 1786 4809 2025
3351 2 2 1 1 2216 5540 2633
3352 2 2 1 1 2759 2760 2758
3353 2 2 1 1 2769 2770 2768
3354 2 2 1 1 3805 3806 3803
3355 2 2 1 1 3695 6313 3936
3356 2 2 1 1 5821 7498 4211
3357 2 2 1 1 2207 2208 2192
3358 2 2 1 1 5315 5316 4944
3359 2 2 1 1 1086 7102 1085
3360 2 2 1 1 4081 5508 3639
3361 2 2 1 1 1654 1678 1656
3362 2 2 1 1 3284 5457 2691
3363 2 2 1 1 2440 7518 6341
3364 2 2 1 1 6081 6082 2924
3365 2 2 1 1 5030 5494 5031
3366 2 2 1 1 2455 4574 2482
3367 2 2 1 1 2940 4917 2937
3368 2 2 1 1 2463 7735 3200
3369 2 2 1 1 2934 4936 2912
3370 2 2 1 1 1880 5041 1983
3371 2 2 1 1 3137 3143 3139
3372 2 2 1 1 5888 6843 6205
3373 2 2 1 1 4225 6819 5685
3374 2 2 1 1 3589 6531 3590
3375 2 2 1 1 4137 7857 6591
3376 2 2 1 1 3475 3477 3188
3377 2 2 1 1 4521 6117 4901
3378 2 2 1 1 3181 3301 3179
3379 2 2 1 1 4052 7717 3924
3380 2 2 1 1 1639 5510 1641
3381 2 2 1 1 3446 5576 4315
3382 2 2 1 1 2191 2192 2186
3383 2 2 1 1 5039 5660 5037
3384 2 2 1 1 3751 3779 3477
3385 2 2 1 1 3140 6079 3138
3386 2 2 1 1 5689 6084 4994
3387 2 2 1 1 1874 5014 1960
3388 2 2 1 1 2753 2758 2752
3389 2 2 1 1 4095 7204 6312
3390 2 2 1 1 3403 5751 3830
3391 2 2 1 1 5911 7475 1691
3392 2 2 1 1 4794 5385 4803
3393 2 2 1 1 7261 7749 3375
3394 2 2 1 1 1652 5331 1654
3395 2 2 1 1 5748 6457 6231
3396 2 2 1 1 2167 6062 5499
3397 2 2 1 1 1673 5204 1621
3398 2 2 1 1 1586 5687 1611
3399 2 2 1 1 4025 6017 5961
3400 2 2 1 1 4553 6275 1767
3401 2 2 1 1 2197 6124 5481
3402 2 2 1 1 6501 7551 4628
3403 2 2 1 1 1506 7993 1507
3404 2 2 1 1 3964 8002 5445
3405 2 2 1 1 2171 3193 2169
3406 2 2 1 1 1623 5413 1625
3407 2 2 1 1 2459 7767 3489
3408 2 2 1 1 3367 7260 7071
3409 2 2 1 1 2656 3274 2658
3410 2 2 1 1 6067 6404 1483
3411 2 2 1 1 1776 5662 1778
3412 2 2 1 1 4967 5034 5033
3413 2 2 1 1 1760 7894 6378
3414 2 2 1 1 4105 5850 3798
3415 2 2 1 1 5912 7212 3942
3416 2 2 1 1 2800 2801 2798
3417 2 2 1 1 6669 7507 4838
3418 2 2 1 1 2087 5556 2094
3419 2 2 1 1 4169 7953 4172
3420 2 2 1 1 3800 5416 3801
3421 2 2 1 1 4430 7869 4485
3422 2 2 1 1 5726 7195 6886
3423 2 2 1 1 3015 4487 3370
3424 2 2 1 1 2175 2209 2173
3425 2 2 1 1 4396 7156 4852
3426 2 2 1 1 1540 7818 2631
3427 2 2 1 1 3383 5111 4077
3428 2 2 1 1 5017 5018 5015
3429 2 2 1 1 3635 4739 4738
3430 2 2 1 1 3525 3526 3490
3431 2 2 1 1 4976 4977 4974
3432 2 2 1 1 2012 5259 1819
3433 2 2 1 1 4778 7472 4489
3434 2 2 1 1 2652 3253 2654
3435 2 2 1 1 5645 5907 5643
3436 2 2 1 1 5613 7732 6687
3437 2 2 1 1 2115 5444 2274
3438 2 2 1 1 5352 7791 2011
3439 2 2 1 1 2186 5553 2201
3440 2 2 1 1 2449 7341 6393
3441 2 2 1 1 2751 2752 2750
3442 2 2 1 1 5873 6299 1793
3443 2 2 1 1 1711 5635 1708
3444 2 2 1 1 4764 5428 5427
3445 2 2 1 1 1647 1670 1649
3446 2 2 1 1 6058 7214 3274
3447 2 2 1 1 5522 5755 4435
3448 2 2 1 1 1863 5320 5317
3449 2 2 1 1 2019 5267 1957
3450 2 2 1 1 3098 3100 3099
3451 2 2 1 1 2185 2186 2184
3452 2 2 1 1 3966 7693 2344
3453 2 2 1 1 5274 5548 1553
3454 2 2 1 1 2091 5472 2542
3455 2 2 1 1 6898 7403 4054
3456 2 2 1 1 4077 4509 3479
3457 2 2 1 1 7351 7445 4866
3458 2 2 1 1 4128 4295 3196
3459 2 2 1 1 4049 4050 3939
3460 2 2 1 1 3697 4654 3722
3461 2 2 1 1 3499 3721 3476
3462 2 2 1 1 2794 2795 2791
3463 2 2 1 1 2494 2495 2491
3464 2 2 1 1 6400 6401 3882
3465 2 2 1 1 2995 2999 2997
3466 2 2 1 1 3334 3335 3333
3467 2 2 1 1 5061 5766 1391
3468 2 2 1 1 4972 5523 3452
3469 2 2 1 1 2662 7849 6252
3470 2 2 1 1 5349 7079 2864
3471 2 2 1 1 3628 5631 3630
3472 2 2 1 1 5468 6456 2093
3473 2 2 1 1 2717 5663 2716
3474 2 2 1 1 3343 7966 3662
3475 2 2 1 1 2739 2740 2738
3476 2 2 1 1 1961 6544 6493
3477 2 2 1 1 3801 3805 3803
3478 2 2 1 1 3275 7615 6761
3479 2 2 1 1 1153 1442 1152
3480 2 2 1 1 1631 1661 1633
3481 2 2 1 1 3211 3515 2734
3482 2 2 1 1 5243 7758 7417
3483 2 2 1 1 1108 7456 1387
3484 2 2 1 1 3465 7652 3466
3485 2 2 1 1 6447 7004 6448
3486 2 2 1 1 2266 2505 2504
3487 2 2 1 1 5892 5893 3074
3488 2 2 1 1 4769 6983 4765
3489 2 2 1 1 3356 3635 3634
3490 2 2 1 1 4144 6847 2122
3491 2 2 1 1 5335 5336 5334
3492 2 2 1 1 1555 5548 1558
3493 2 2 1 1 2250 2251 2246
3494 2 2 1 1 2489 5678 3478
3495 2 2 1 1 4456 5535 4455
3496 2 2 1 1 4001 7400 4788
3497 2 2 1 1 2737 2738 2736
3498 2 2 1 1 3436 7945 3705
3499 2 2 1 1 4938 7885 2935
3500 2 2 1 1 5189 5466 5186
3501 2 2 1 1 3004 7590 4902
3502 2 2 1 1 5091 5092 5089
3503 2 2 1 1 6589 6605 6013
3504 2 2 1 1 1973 5036 1831
3505 2 2 1 1 3171 3172 2683
3506 2 2 1 1 5097 7973 5450
3507 2 2 1 1 4263 7584 4840
3508 2 2 1 1 5330 7844 2861
3509 2 2 1 1 5230 5788 3940
3510 2 2 1 1 3107 5892 3079
3511 2 2 1 1 2885 2887 2886
3512 2 2 1 1 2340 4633 2447
3513 2 2 1 1 5181 5214 5167
3514 2 2 1 1 5247 5533 1737
3515 2 2 1 1 2096 5775 5636
3516 2 2 1 1 2509 2682 2508
3517 2 2 1 1 2974 6460 6459
3518 2 2 1 1 3931 4992 3497
3519 2 2 1 1 1641 1662 1643
3520 2 2 1 1 3265 3431 3266
3521 2 2 1 1 5549 7115 3657
3522 2 2 1 1 2131 5492 2118
3523 2 2 1 1 1187 6018 1188
3524 2 2 1 1 5254 7814 5971
3525 2 2 1 1 3763 5625 3658
3526 2 2 1 1 2264 2266 2265
3527 2 2 1 1 5870 7555 4359
3528 2 2 1 1 2399 3743 2400
3529 2 2 1 1 1817 4690 2012
3530 2 2 1 1 2735 2736 2734
3531 2 2 1 1 3340 3708 3707
3532 2 2 1 1 3268 6446 3195
3533 2 2 1 1 4814 5962 2017
3534 2 2 1 1 4210 4397 4208
3535 2 2 1 1 3347 3348 3335
3536 2 2 1 1 2870 3543 2971
3537 2 2 1 1 5607 5705 3314
3538 2 2 1 1 476 6244 475
3539 2 2 1 1 2167 5499 1713
3540 2 2 1 1 5468 7467 5171
3541 2 2 1 1 5175 5271 5148
3542 2 2 1 1 2266 2504 2265
3543 2 2 1 1 2146 5044 1835
3544 2 2 1 1 5002 5734 5003
3545 2 2 1 1 2509 2683 2682
3546 2 2 1 1 3680 4445 3569
3547 2 2 1 1 1983 5357 1882
3548 2 2 1 1 2785 2786 2783
3549 2 2 1 1 1673 5577 5204
3550 2 2 1 1 5190 5195 5189
3551 2 2 1 1 6746 6747 4635
3552 2 2 1 1 3410 7485 2454
3553 2 2 1 1 3955 5056 3697
3554 2 2 1 1 5182 7785 5208
3555 2 2 1 1 4931 4933 4932
3556 2 2 1 1 2554 7929 4038
3557 2 2 1 1 5237 6882 3274
3558 2 2 1 1 4469 4840 2758
3559 2 2 1 1 6877 8065 3438
3560 2 2 1 1 1823 4703 1978
3561 2 2 1 1 5198 6637 5937
3562 2 2 1 1 1892 7992 2010
3563 2 2 1 1 1156 7499 1157
3564 2 2 1 1 4964 5451 4959
3565 2 2 1 1 2013 7138 1901
3566 2 2 1 1 5405 7712 5174
3567 2 2 1 1 1181 6929 5949
3568 2 2 1 1 4785 7897 4297
3569 2 2 1 1 1972 5053 1839
3570 2 2 1 1 1154 1433 1155
3571 2 2 1 1 4689 5612 4647
3572 2 2 1 1 5061 6021 4351
3573 2 2 1 1 2330 5106 2331
3574 2 2 1 1 3232 5898 5715
3575 2 2 1 1 6206 7229 5300
3576 2 2 1 1 2872 6259 5744
3577 2 2 1 1 6339 8064 7366
3578 2 2 1 1 3688 7368 4159
3579 2 2 1 1 2367 5691 4178
3580 2 2 1 1 4962 5500 4960
3581 2 2 1 1 1549 6123 1552
3582 2 2 1 1 4553 4554 4552
3583 2 2 1 1 5948 7024 2988
3584 2 2 1 1 3795 5083 3934
3585 2 2 1 1 2697 3188 2496
3586 2 2 1 1 2380 5225 2381
3587 2 2 1 1 2733 2734 2732
3588 2 2 1 1 2355 5110 2356
3589 2 2 1 1 2389 5231 2390
3590 2 2 1 1 3793 5750 5283
3591 2 2 1 1 2267 6487 5849
3592 2 2 1 1 5671 5673 5672
3593 2 2 1 1 3292 7727 3624
3594 2 2 1 1 1713 5499 1711
3595 2 2 1 1 2147 5060 1843
3596 2 2 1 1 3324 5329 3365
3597 2 2 1 1 4946 5425 5315
3598 2 2 1 1 2939 2941 2940
3599 2 2 1 1 5655 6026 4457
3600 2 2 1 1 3891 4688 4684
3601 2 2 1 1 3081 5881 4093
3602 2 2 1 1 6822 7397 1477
3603 2 2 1 1 2145 5042 1857
3604 2 2 1 1 4215 4750 4216
3605 2 2 1 1 5223 5224 5160
3606 2 2 1 1 5027 5028 5024
3607 2 2 1 1 4519 6014 3080
3608 2 2 1 1 3318 4460 2140
3609 2 2 1 1 3056 3092 3057
3610 2 2 1 1 1998 5043 1853
3611 2 2 1 1 3171 3800 3172
3612 2 2 1 1 3501 5918 3756
3613 2 2 1 1 2498 7473 6432
3614 2 2 1 1 5187 5189 5186
3615 2 2 1 1 2874 2876 2875
3616 2 2 1 1 2179 2180 2177
3617 2 2 1 1 2830 2833 2831
3618 2 2 1 1 2264 2265 2263
3619 2 2 1 1 4989 7580 3777
3620 2 2 1 1 2240 7667 3867
3621 2 2 1 1 2723 2983 2722
3622 2 2 1 1 2088 5557 5555
3623 2 2 1 1 1540 1542 1541
3624 2 2 1 1 5363 5364 5318
3625 2 2 1 1 6137 6171 5750
3626 2 2 1 1 1051 6998 1050
3627 2 2 1 1 3067 7847 3083
3628 2 2 1 1 2285 5567 2196
3629 2 2 1 1 2276 4847 4156
3630 2 2 1 1 2168 2169 2167
3631 2 2 1 1 2490 5399 3340
3632 2 2 1 1 5507 6875 4600
3633 2 2 1 1 3375 5633 4167
3634 2 2 1 1 3452 5329 3324
3635 2 2 1 1 6981 7958 4108
3636 2 2 1 1 2121 7715 2080
3637 2 2 1 1 5196 5199 5159
3638 2 2 1 1 6510 6884 6658
3639 2 2 1 1 4197 6097 5696
3640 2 2 1 1 5608 5609 5039
3641 2 2 1 1 4416 7899 3437
3642 2 2 1 1 3811 5422 5406
3643 2 2 1 1 5801 6981 4109
3644 2 2 1 1 3175 3176 2410
3645 2 2 1 1 3199 7667 2233
3646 2 2 1 1 3263 3265 3264
3647 2 2 1 1 4617 8048 2291
3648 2 2 1 1 4232 6386 4233
3649 2 2 1 1 4600 6875 4610
3650 2 2 1 1 2756 3576 2750
3651 2 2 1 1 3945 7500 2325
3652 2 2 1 1 1542 1544 1543
3653 2 2 1 1 3758 5867 3390
3654 2 2 1 1 2507 2509 2508
3655 2 2 1 1 2721 2722 2720
3656 2 2 1 1 4126 4895 4894
3657 2 2 1 1 4911 4913 4912
3658 2 2 1 1 1876 5602 1878
3659 2 2 1 1 4783 7976 3072
3660 2 2 1 1 4508 6826 6603
3661 2 2 1 1 4666 5849 5251
3662 2 2 1 1 3801 3803 3802
3663 2 2 1 1 3425 5916 4286
3664 2 2 1 1 2689 7832 3505
3665 2 2 1 1 4831 6092 3529
3666 2 2 1 1 6340 8064 2487
3667 2 2 1 1 2080 5661 4780
3668 2 2 1 1 5415 7415 5482
3669 2 2 1 1 2984 8025 3236
3670 2 2 1 1 3681 4652 4651
3671 2 2 1 1 5382 7211 3651
3672 2 2 1 1 5445 5617 4018
3673 2 2 1 1 6637 7155 5937
3674 2 2 1 1 4328 6430 5314
3675 2 2 1 1 5675 5676 5673
3676 2 2 1 1 2929 2951 2930
3677 2 2 1 1 4924 4927 4925
3678 2 2 1 1 1851 7907 1998
3679 2 2 1 1 4457 4459 4458
3680 2 2 1 1 2852 6884 6510
3681 2 2 1 1 2170 2171 2169
3682 2 2 1 1 4570 7761 4568
3683 2 2 1 1 5191 5192 5116
3684 2 2 1 1 4867 6755 4596
3685 2 2 1 1 5798 7023 7022
3686 2 2 1 1 5453 5642 4221
3687 2 2 1 1 3054 3056 3055
3688 2 2 1 1 2779 2780 2777
3689 2 2 1 1 3564 4498 4497
3690 2 2 1 1 1625 5413 1667
3691 2 2 1 1 4610 6875 4606
3692 2 2 1 1 4642 5790 3923
3693 2 2 1 1 5890 6841 4678
3694 2 2 1 1 5266 7298 3844
3695 2 2 1 1 2223 7392 2227
3696 2 2 1 1 5750 6171 2026
3697 2 2 1 1 3092 3094 3093
3698 2 2 1 1 3822 5721 5376
3699 2 2 1 1 2374 4888 2500
3700 2 2 1 1 5221 5222 5156
3701 2 2 1 1 2011 7327 5352
3702 2 2 1 1 5506 7227 6181
3703 2 2 1 1 3280 5774 3282
3704 2 2 1 1 1464 7169 5112
3705 2 2 1 1 4686 6401 6399
3706 2 2 1 1 3568 4756 4755
3707 2 2 1 1 3471 7011 6015
3708 2 2 1 1 2239 2242 2235
3709 2 2 1 1 6212 6246 5208
3710 2 2 1 1 2319 8034 3352
3711 2 2 1 1 2507 2508 2505
3712 2 2 1 1 4498 4741 4740
3713 2 2 1 1 2480 4355 3242
3714 2 2 1 1 4700 4701 4698
3715 2 2 1 1 2811 5440 2808
3716 2 2 1 1 3431 3433 3432
3717 2 2 1 1 2234 2235 2233
3718 2 2 1 1 3201 3566 3397
3719 2 2 1 1 1535 8040 1538
3720 2 2 1 1 4183 4184 3565
3721 2 2 1 1 5292 5650 5215
3722 2 2 1 1 3773 3774 3684
3723 2 2 1 1 2075 2076 2074
3724 2 2 1 1 1158 5461 1159
3725 2 2 1 1 2211 2491 2490
3726 2 2 1 1 4462 4615 4463
3727 2 2 1 1 3776 4126 4125
3728 2 2 1 1 6388 6389 1473
3729 2 2 1 1 5211 5212 5158
3730 2 2 1 1 3117 6926 3838
3731 2 2 1 1 3664 7513 2846
3732 2 2 1 1 3497 4657 3495
3733 2 2 1 1 4455 5655 4457
3734 2 2 1 1 5909 7750 4667
3735 2 2 1 1 3774 6885 3593
3736 2 2 1 1 4522 6994 4336
3737 2 2 1 1 3196 6781 1536
3738 2 2 1 1 2140 7402 2442
3739 2 2 1 1 2820 2822 2821
3740 2 2 1 1 2861 6932 5330
3741 2 2 1 1 2181 2211 2210
3742 2 2 1 1 4258 5404 4259
3743 2 2 1 1 3478 5671 5670
3744 2 2 1 1 5441 5892 3107
3745 2 2 1 1 2151 5806 2149
3746 2 2 1 1 4459 4462 4461
3747 2 2 1 1 3907 5598 5597
3748 2 2 1 1 4365 7581 7100
3749 2 2 1 1 3475 5226 3751
3750 2 2 1 1 5459 5824 3405
3751 2 2 1 1 2315 8032 2408
3752 2 2 1 1 4497 5231 3561
3753 2 2 1 1 5522 7916 1913
3754 2 2 1 1 4735 8048 4617
3755 2 2 1 1 3433 3435 3434
3756 2 2 1 1 1460 6519 5819
3757 2 2 1 1 4990 6789 6788
3758 2 2 1 1 5419 5420 5418
3759 2 2 1 1 1629 5634 1631
3760 2 2 1 1 3261 3263 3262
3761 2 2 1 1 5337 8056 6674
3762 2 2 1 1 7393 7468 5590
3763 2 2 1 1 6414 7369 4171
3764 2 2 1 1 3989 7605 5658
3765 2 2 1 1 2224 2225 2223
3766 2 2 1 1 6217 8002 4997
3767 2 2 1 1 1714 5680 1728
3768 2 2 1 1 1401 6923 6922
3769 2 2 1 1 7099 7105 7104
3770 2 2 1 1 5419 7427 4952
3771 2 2 1 1 4880 5666 4879
3772 2 2 1 1 4721 4722 4720
3773 2 2 1 1 5091 6240 5092
3774 2 2 1 1 3555 5667 5248
3775 2 2 1 1 2232 2233 2231
3776 2 2 1 1 3619 7856 5299
3777 2 2 1 1 2596 2716 2595
3778 2 2 1 1 5170 5171 5169
3779 2 2 1 1 2584 2585 2583
3780 2 2 1 1 6106 6271 1361
3781 2 2 1 1 6508 6509 4852
3782 2 2 1 1 1469 5861 5410
3783 2 2 1 1 3193 6062 2169
3784 2 2 1 1 4922 4924 4923
3785 2 2 1 1 3284 5551 5457
3786 2 2 1 1 3546 5351 3198
3787 2 2 1 1 2713 6841 5890
3788 2 2 1 1 2196 5567 2283
3789 2 2 1 1 4016 6547 4090
3790 2 2 1 1 2267 6490 5492
3791 2 2 1 1 2586 2591 2585
3792 2 2 1 1 5799 5800 4109
3793 2 2 1 1 2619 7415 6722
3794 2 2 1 1 4987 7365 4266
3795 2 2 1 1 5701 7032 3672
3796 2 2 1 1 4496 7403 6898
3797 2 2 1 1 3807 5776 2986
3798 2 2 1 1 2582 2583 2581
3799 2 2 1 1 3379 7635 1404
3800 2 2 1 1 6222 6224 6223
3801 2 2 1 1 3961 5758 4124
3802 2 2 1 1 3629 5957 5571
3803 2 2 1 1 1953 7361 5728
3804 2 2 1 1 2594 2595 2593
3805 2 2 1 1 4719 6315 4776
3806 2 2 1 1 3466 4270 4269
3807 2 2 1 1 4647 6975 4646
3808 2 2 1 1 2254 2255 2252
3809 2 2 1 1 2172 2173 2171
3810 2 2 1 1 120 6978 119
3811 2 2 1 1 2078 6706 5493
3812 2 2 1 1 3855 4215 3856
3813 2 2 1 1 4251 5968 4324
3814 2 2 1 1 3101 3104 3103
3815 2 2 1 1 3227 3229 3228
3816 2 2 1 1 3796 3797 3579
3817 2 2 1 1 2767 2768 2765
3818 2 2 1 1 1544 1546 1545
3819 2 2 1 1 5503 7077 3990
3820 2 2 1 1 3669 4420 3667
3821 2 2 1 1 1645 8056 5337
3822 2 2 1 1 2592 2593 2591
3823 2 2 1 1 5986 6095 4961
3824 2 2 1 1 3536 4353 3700
3825 2 2 1 1 3420 6867 4416
3826 2 2 1 1 3566 3568 3567
3827 2 2 1 1 2490 2492 2210
3828 2 2 1 1 3742 4477 4292
3829 2 2 1 1 1190 5842 1191
3830 2 2 1 1 5802 6785 4613
3831 2 2 1 1 4913 4915 4914
3832 2 2 1 1 4062 6374 5045
3833 2 2 1 1 2858 3698 2768
3834 2 2 1 1 1582 5593 3316
3835 2 2 1 1 2022 7484 1776
3836 2 2 1 1 4528 5652 4527
3837 2 2 1 1 5380 5381 1470
3838 2 2 1 1 4646 7689 1999
3839 2 2 1 1 2646 2647 2644
3840 2 2 1 1 2648 2649 2647
3841 2 2 1 1 2976 7604 4425
3842 2 2 1 1 2226 2231 2225
3843 2 2 1 1 6455 7146 5466
3844 2 2 1 1 4470 4583 3707
3845 2 2 1 1 1183 6111 1184
3846 2 2 1 1 1977 5761 5758
3847 2 2 1 1 2179 2181 2180
3848 2 2 1 1 5013 6610 5745
3849 2 2 1 1 2643 2644 2642
3850 2 2 1 1 4294 5945 5944
3851 2 2 1 1 2580 2581 2579
3852 2 2 1 1 5788 5789 3940
3853 2 2 1 1 5470 6567 5469
3854 2 2 1 1 3410 7835 4620
3855 2 2 1 1 2072 2074 2071
3856 2 2 1 1 5306 6995 5512
3857 2 2 1 1 3725 4096 3727
3858 2 2 1 1 2641 2642 2640
3859 2 2 1 1 4663 6662 3622
3860 2 2 1 1 3157 3187 3186
3861 2 2 1 1 4036 6550 5404
3862 2 2 1 1 2173 5582 2171
3863 2 2 1 1 3685 7468 7393
3864 2 2 1 1 2810 2812 2811
3865 2 2 1 1 5864 7907 1851
3866 2 2 1 1 3243 6727 3620
3867 2 2 1 1 1382 6032 5729
3868 2 2 1 1 5168 5169 5167
3869 2 2 1 1 1152 7382 5458
3870 2 2 1 1 7299 7451 185
3871 2 2 1 1 2060 2061 2055
3872 2 2 1 1 5941 7981 2922
3873 2 2 1 1 6504 6512 4056
3874 2 2 1 1 3332 3333 3109
3875 2 2 1 1 3910 7192 2520
3876 2 2 1 1 2494 2496 2495
3877 2 2 1 1 5606 5718 5604
3878 2 2 1 1 2558 2559 2557
3879 2 2 1 1 4774 6989 4605
3880 2 2 1 1 2261 2264 2263
3881 2 2 1 1 4752 6953 5763
3882 2 2 1 1 6501 7602 7551
3883 2 2 1 1 2500 7505 2376
3884 2 2 1 1 4070 4071 2273
3885 2 2 1 1 3378 7356 3376
3886 2 2 1 1 4844 5635 5499
3887 2 2 1 1 4815 8022 4816
3888 2 2 1 1 4217 6790 3856
3889 2 2 1 1 5756 5757 4083
3890 2 2 1 1 5875 6716 4001
3891 2 2 1 1 3189 3476 3475
3892 2 2 1 1 3047 5587 3054
3893 2 2 1 1 5020 6670 5905
3894 2 2 1 1 5394 5825 2030
3895 2 2 1 1 4915 4918 4916
3896 2 2 1 1 3815 5890 4678
3897 2 2 1 1 7074 7729 4393
3898 2 2 1 1 1681 6913 6011
3899 2 2 1 1 6144 7057 2521
3900 2 2 1 1 3904 3907 3906
3901 2 2 1 1 5094 5095 5093
3902 2 2 1 1 1825 5899 1827
3903 2 2 1 1 1153 5665 1154
3904 2 2 1 1 3229 3261 3230
3905 2 2 1 1 3037 3041 3040
3906 2 2 1 1 4096 4132 4131
3907 2 2 1 1 4123 4521 4520
3908 2 2 1 1 1560 1562 1561
3909 2 2 1 1 2145 5902 5042
3910 2 2 1 1 2749 2750 2743
3911 2 2 1 1 3165 7565 4728
3912 2 2 1 1 1562 1564 1563
3913 2 2 1 1 1159 5461 1331
3914 2 2 1 1 1750 8046 1756
3915 2 2 1 1 2455 2457 2456
3916 2 2 1 1 1776 7484 5662
3917 2 2 1 1 2070 2071 2069
3918 2 2 1 1 3919 3920 3598
3919 2 2 1 1 1558 1560 1559
3920 2 2 1 1 4927 5656 4928
3921 2 2 1 1 5819 6020 1460
3922 2 2 1 1 3705 3855 3706
3923 2 2 1 1 4533 7088 4532
3924 2 2 1 1 6886 7195 6151
3925 2 2 1 1 4196 5947 5393
3926 2 2 1 1 2054 2055 2053
3927 2 2 1 1 1546 3357 1547
3928 2 2 1 1 5459 6705 5824
3929 2 2 1 1 3084 7616 6844
3930 2 2 1 1 5604 5605 2038
3931 2 2 1 1 6052 7360 4652
3932 2 2 1 1 3496 4200 3930
3933 2 2 1 1 6294 6354 6293
3934 2 2 1 1 3044 3046 3045
3935 2 2 1 1 4550 6105 4553
3936 2 2 1 1 3143 4405 3668
3937 2 2 1 1 5463 7393 5590
3938 2 2 1 1 6193 6804 5377
3939 2 2 1 1 2551 3008 2548
3940 2 2 1 1 1564 1566 1565
3941 2 2 1 1 2346 7618 3449
3942 2 2 1 1 3539 3740 3739
3943 2 2 1 1 2133 7191 2546
3944 2 2 1 1 6085 6928 3121
3945 2 2 1 1 3499 3793 3721
3946 2 2 1 1 4905 6632 6631
3947 2 2 1 1 3340 3341 2492
3948 2 2 1 1 2677 5811 3549
3949 2 2 1 1 4725 6947 4724
3950 2 2 1 1 5288 5289 5287
3951 2 2 1 1 3274 7214 2658
3952 2 2 1 1 2118 5444 2115
3953 2 2 1 1 2210 6148 2180
3954 2 2 1 1 7359 7704 6338
3955 2 2 1 1 3779 5519 4016
3956 2 2 1 1 4143 7836 4142
3957 2 2 1 1 4754 4877 4876
3958 2 2 1 1 2560 2561 2559
3959 2 2 1 1 5194 5688 5181
3960 2 2 1 1 3041 3044 3042
3961 2 2 1 1 1480 6067 6066
3962 2 2 1 1 2562 2564 2561
3963 2 2 1 1 2565 2566 2564
3964 2 2 1 1 1827 5913 1829
3965 2 2 1 1 3367 7071 3369
3966 2 2 1 1 3222 3537 3292
3967 2 2 1 1 2118 5492 5444
3968 2 2 1 1 1732 7781 1734
3969 2 2 1 1 4527 5794 2063
3970 2 2 1 1 4458 7564 5087
3971 2 2 1 1 5858 5859 3527
3972 2 2 1 1 3804 5501 5386
3973 2 2 1 1 1566 1568 1567
3974 2 2 1 1 2567 2568 2566
3975 2 2 1 1 4936 7527 2910
3976 2 2 1 1 1913 7916 2134
3977 2 2 1 1 1157 5383 1156
3978 2 2 1 1 1457 7750 5909
3979 2 2 1 1 4851 7752 6508
3980 2 2 1 1 2153 5592 2156
3981 2 2 1 1 2682 3474 3224
3982 2 2 1 1 3943 5997 4547
3983 2 2 1 1 2804 2806 2805
3984 2 2 1 1 2569 2574 2568
3985 2 2 1 1 6516 7604 2976
3986 2 2 1 1 5096 5097 5095
3987 2 2 1 1 2920 2925 2921
3988 2 2 1 1 3207 5629 3346
3989 2 2 1 1 5671 5672 5670
3990 2 2 1 1 5395 7866 4303
3991 2 2 1 1 3519 5630 3001
3992 2 2 1 1 4706 6392 4705
3993 2 2 1 1 2050 2051 2049
3994 2 2 1 1 5034 7094 6115
3995 2 2 1 1 2052 2053 2051
3996 2 2 1 1 6041 7215 5656
3997 2 2 1 1 3311 4066 4063
3998 2 2 1 1 1661 2640 1633
3999 2 2 1 1 2158 2159 2155
4000 2 2 1 1 3943 4546 4545
4001 2 2 1 1 2397 2399 2398
4002 2 2 1 1 4271 6930 4272
4003 2 2 1 1 3999 5583 5047
4004 2 2 1 1 5499 5635 1711
4005 2 2 1 1 4261 5361 4260
4006 2 2 1 1 4396 7074 4393
4007 2 2 1 1 4852 7789 4851
4008 2 2 1 1 5444 7347 2274
4009 2 2 1 1 3249 6055 4130
4010 2 2 1 1 4620 5924 5923
4011 2 2 1 1 1376 6847 5810
4012 2 2 1 1 2697 3189 3188
4013 2 2 1 1 2067 2069 2066
4014 2 2 1 1 3851 5990 5421
4015 2 2 1 1 2745 7461 4408
4016 2 2 1 1 4733 5542 4732
4017 2 2 1 1 1442 7382 1152
4018 2 2 1 1 5673 5674 5672
4019 2 2 1 1 2395 2397 2396
4020 2 2 1 1 3994 4163 3396
4021 2 2 1 1 4738 7977 5310
4022 2 2 1 1 2091 2542 2127
4023 2 2 1 1 3503 3819 3818
4024 2 2 1 1 6047 7316 6048
4025 2 2 1 1 2826 6982 4379
4026 2 2 1 1 2285 5568 5567
4027 2 2 1 1 2115 2274 2113
4028 2 2 1 1 4211 7319 5822
4029 2 2 1 1 4963 5984 2950
4030 2 2 1 1 3792 5840 3167
4031 2 2 1 1 4295 6781 3196
4032 2 2 1 1 3815 4678 4676
4033 2 2 1 1 1522 7280 1526
4034 2 2 1 1 5530 5531 3807
4035 2 2 1 1 4945 4949 4948
4036 2 2 1 1 2297 4734 3251
4037 2 2 1 1 2914 8023 2934
4038 2 2 1 1 5705 5878 3314
4039 2 2 1 1 5786 6839 5785
4040 2 2 1 1 5393 5395 5394
4041 2 2 1 1 2887 4624 3000
4042 2 2 1 1 2177 5654 2175
4043 2 2 1 1 5098 5099 5097
4044 2 2 1 1 4352 5061 4998
4045 2 2 1 1 3537 3539 3538
4046 2 2 1 1 4531 7508 2581
4047 2 2 1 1 3248 7297 3420
4048 2 2 1 1 3557 7297 3248
4049 2 2 1 1 1903 7138 6562
4050 2 2 1 1 3052 7732 6653
4051 2 2 1 1 3474 4137 3603
4052 2 2 1 1 5185 5186 5172
4053 2 2 1 1 4125 5225 3482
4054 2 2 1 1 4763 7800 4764
4055 2 2 1 1 1111 7491 1456
4056 2 2 1 1 3822 5478 3788
4057 2 2 1 1 1661 5209 2641
4058 2 2 1 1 3563 5558 2388
4059 2 2 1 1 2731 2732 2725
4060 2 2 1 1 6240 6858 5092
4061 2 2 1 1 2220 2221 2194
4062 2 2 1 1 2393 2395 2394
4063 2 2 1 1 3916 5341 3915
4064 2 2 1 1 4214 7204 7203
4065 2 2 1 1 2950 7679 2889
4066 2 2 1 1 2926 2929 2928
4067 2 2 1 1 6088 7504 5683
4068 2 2 1 1 5393 6060 5395
4069 2 2 1 1 3263 7999 3265
4070 2 2 1 1 4380 7017 5744
4071 2 2 1 1 2089 5472 2091
4072 2 2 1 1 1728 2167 1713
4073 2 2 1 1 2245 2246 2243
4074 2 2 1 1 5822 6438 4209
4075 2 2 1 1 1510 1512 1511
4076 2 2 1 1 2193 2194 2159
4077 2 2 1 1 1157 1413 1158
4078 2 2 1 1 4747 7019 5398
4079 2 2 1 1 2174 2175 2173
4080 2 2 1 1 4698 6900 4697
4081 2 2 1 1 2328 4361 3469
4082 2 2 1 1 4487 7683 6287
4083 2 2 1 1 4928 4931 4930
4084 2 2 1 1 6113 7918 5408
4085 2 2 1 1 6523 7988 4057
4086 2 2 1 1 4559 4560 4557
4087 2 2 1 1 4639 7263 2687
4088 2 2 1 1 3483 3860 3825
4089 2 2 1 1 3095 3098 3097
4090 2 2 1 1 6546 6800 4317
4091 2 2 1 1 5019 5020 5016
4092 2 2 1 1 2065 2066 2064
4093 2 2 1 1 4241 7311 4908
4094 2 2 1 1 3786 5560 3958
4095 2 2 1 1 4569 7406 6039
4096 2 2 1 1 1611 1613 1612
4097 2 2 1 1 3820 5631 3628
4098 2 2 1 1 5322 6534 1686
4099 2 2 1 1 3849 4506 3851
4100 2 2 1 1 1703 5606 5604
4101 2 2 1 1 3675 5774 3280
4102 2 2 1 1 4990 6788 1467
4103 2 2 1 1 3971 3972 3970
4104 2 2 1 1 4717 4718 4710
4105 2 2 1 1 4288 7588 5250
4106 2 2 1 1 3035 3037 3036
4107 2 2 1 1 3076 7617 3084
4108 2 2 1 1 4564 5614 4562
4109 2 2 1 1 5763 7851 4356
4110 2 2 1 1 1555 1558 1557
4111 2 2 1 1 4571 4572 4570
4112 2 2 1 1 3185 7730 3155
4113 2 2 1 1 4960 5772 4961
4114 2 2 1 1 1154 5665 1433
4115 2 2 1 1 5652 5939 5653
4116 2 2 1 1 6738 7806 3054
4117 2 2 1 1 2049 5586 2160
4118 2 2 1 1 2957 5823 2941
4119 2 2 1 1 2465 2467 2466
4120 2 2 1 1 2062 2064 2061
4121 2 2 1 1 5001 5002 3920
4122 2 2 1 1 4585 5992 5991
4123 2 2 1 1 3187 3373 3372
4124 2 2 1 1 2015 5522 1911
4125 2 2 1 1 5671 5675 5673
4126 2 2 1 1 1613 1615 1614
4127 2 2 1 1 2384 2389 2387
4128 2 2 1 1 5464 6880 5465
4129 2 2 1 1 1790 7480 1795
4130 2 2 1 1 2480 3241 3239
4131 2 2 1 1 2467 2469 2468
4132 2 2 1 1 4010 4014 3762
4133 2 2 1 1 2800 2802 2801
4134 2 2 1 1 4676 4841 4677
4135 2 2 1 1 2261 2263 2131
4136 2 2 1 1 2463 2465 2464
4137 2 2 1 1 4350 7135 4664
4138 2 2 1 1 2719 2720 2717
4139 2 2 1 1 4037 6139 5747
4140 2 2 1 1 5475 5476 5474
4141 2 2 1 1 3246 8054 3557
4142 2 2 1 1 4413 4424 4423
4143 2 2 1 1 2442 7401 4453
4144 2 2 1 1 2457 2459 2458
4145 2 2 1 1 2469 2471 2470
4146 2 2 1 1 6481 6496 1369
4147 2 2 1 1 3909 6144 5434
4148 2 2 1 1 6039 7406 5430
4149 2 2 1 1 2461 2463 2462
4150 2 2 1 1 4983 5419 5418
4151 2 2 1 1 2817 7486 7172
4152 2 2 1 1 1445 5588 1162
4153 2 2 1 1 3169 5064 2246
4154 2 2 1 1 2471 2473 2472
4155 2 2 1 1 5153 5154 5152
4156 2 2 1 1 3857 7315 4694
4157 2 2 1 1 7097 7627 3442
4158 2 2 1 1 5117 5118 5114
4159 2 2 1 1 2094 5556 3214
4160 2 2 1 1 2459 2461 2460
4161 2 2 1 1 2183 2184 2079
4162 2 2 1 1 5643 5644 2142
4163 2 2 1 1 1162 5588 1163
4164 2 2 1 1 5235 5236 5234
4165 2 2 1 1 1690 5606 1703
4166 2 2 1 1 5797 6332 1792
4167 2 2 1 1 2475 2477 2476
4168 2 2 1 1 5476 5518 5474
4169 2 2 1 1 4931 6034 4933
4170 2 2 1 1 1188 6018 1465
4171 2 2 1 1 1680 5606 1690
4172 2 2 1 1 2473 2475 2474
4173 2 2 1 1 5477 8037 2715
4174 2 2 1 1 7951 7992 6019
4175 2 2 1 1 6607 6608 1340
4176 2 2 1 1 1599 6804 6193
4177 2 2 1 1 2673 7726 3243
4178 2 2 1 1 6079 7697 3164
4179 2 2 1 1 2741 4488 2740
4180 2 2 1 1 3588 5549 2414
4181 2 2 1 1 2378 2380 2379
4182 2 2 1 1 5562 7304 4133
4183 2 2 1 1 4164 4204 4163
4184 2 2 1 1 1740 5604 2038
4185 2 2 1 1 3389 5540 3849
4186 2 2 1 1 5552 6174 5514
4187 2 2 1 1 3214 3676 3508
4188 2 2 1 1 2353 4374 3350
4189 2 2 1 1 2374 2376 2375
4190 2 2 1 1 2376 2378 2377
4191 2 2 1 1 5396 5792 4688
4192 2 2 1 1 4878 7645 3333
4193 2 2 1 1 5378 8051 1658
4194 2 2 1 1 5149 5152 5148
4195 2 2 1 1 2035 2036 1731
4196 2 2 1 1 5339 5484 5331
4197 2 2 1 1 3763 5626 5625
4198 2 2 1 1 1422 7430 7252
4199 2 2 1 1 3337 6485 5649
4200 2 2 1 1 3023 3025 3024
4201 2 2 1 1 5959 7317 5768
4202 2 2 1 1 2104 5651 2040
4203 2 2 1 1 3478 5669 3325
4204 2 2 1 1 4979 7450 5293
4205 2 2 1 1 2975 7411 6486
4206 2 2 1 1 1156 1421 1155
4207 2 2 1 1 5286 7338 6967
4208 2 2 1 1 3047 3054 3053
4209 2 2 1 1 3578 4263 4262
4210 2 2 1 1 4274 6836 6772
4211 2 2 1 1 5461 5462 1331
4212 2 2 1 1 4988 5846 5845
4213 2 2 1 1 2999 5816 3520
4214 2 2 1 1 3141 4077 3479
4215 2 2 1 1 1745 5645 5643
4216 2 2 1 1 2370 2374 2373
4217 2 2 1 1 5800 5801 4109
4218 2 2 1 1 2138 2166 2165
4219 2 2 1 1 2714 7626 2361
4220 2 2 1 1 3165 8048 4735
4221 2 2 1 1 2945 4981 2947
4222 2 2 1 1 5292 7795 1997
4223 2 2 1 1 3373 3376 3374
4224 2 2 1 1 2471 5591 3338
4225 2 2 1 1 239 7057 238
4226 2 2 1 1 5042 5902 5439
4227 2 2 1 1 5923 5924 4572
4228 2 2 1 1 3944 5912 3942
4229 2 2 1 1 2603 2687 2606
4230 2 2 1 1 1694 7880 1578
4231 2 2 1 1 4488 5503 3542
4232 2 2 1 1 5140 5142 5139
4233 2 2 1 1 1160 5681 1161
4234 2 2 1 1 2117 2118 2115
4235 2 2 1 1 5472 5475 5474
4236 2 2 1 1 3891 5396 4688
4237 2 2 1 1 5049 5646 5051
4238 2 2 1 1 5230 7577 6744
4239 2 2 1 1 1468 7639 4482
4240 2 2 1 1 5226 7748 5227
4241 2 2 1 1 4720 6315 4719
4242 2 2 1 1 1575 5601 1577
4243 2 2 1 1 2506 2507 2505
4244 2 2 1 1 3116 5747 3031
4245 2 2 1 1 4401 7632 5431
4246 2 2 1 1 2023 5538 2096
4247 2 2 1 1 5406 5422 5407
4248 2 2 1 1 3376 3381 3378
4249 2 2 1 1 3308 3311 3309
4250 2 2 1 1 5334 5795 5333
4251 2 2 1 1 5417 6366 3528
4252 2 2 1 1 5119 5120 5118
4253 2 2 1 1 5700 7130 1404
4254 2 2 1 1 4016 7723 6547
4255 2 2 1 1 2114 2115 2113
4256 2 2 1 1 5213 7567 6107
4257 2 2 1 1 5279 5280 3769
4258 2 2 1 1 1165 5647 1166
4259 2 2 1 1 1999 7689 3625
4260 2 2 1 1 1615 1617 1616
4261 2 2 1 1 4048 6287 4996
4262 2 2 1 1 2095 5636 2099
4263 2 2 1 1 5422 5520 5407
4264 2 2 1 1 4740 7553 2404
4265 2 2 1 1 4403 5886 5660
4266 2 2 1 1 5138 5139 5137
4267 2 2 1 1 2794 2796 2795
4268 2 2 1 1 5695 7870 5257
4269 2 2 1 1 5018 5948 5229
4270 2 2 1 1 2556 6678 2553
4271 2 2 1 1 5043 6150 5584
4272 2 2 1 1 2176 2177 2175
4273 2 2 1 1 4919 4922 4921
4274 2 2 1 1 4425 6511 2976
4275 2 2 1 1 5933 7521 1988
4276 2 2 1 1 2363 2365 2364
4277 2 2 1 1 3958 5560 4524
4278 2 2 1 1 4964 7885 4965
4279 2 2 1 1 1504 5698 1506
4280 2 2 1 1 3757 7918 6113
4281 2 2 1 1 1727 5645 1745
4282 2 2 1 1 4824 7496 4818
4283 2 2 1 1 919 6608 918
4284 2 2 1 1 2361 2363 2362
4285 2 2 1 1 2424 6229 4004
4286 2 2 1 1 3801 3802 3172
4287 2 2 1 1 4918 5683 4919
4288 2 2 1 1 2359 2361 2360
4289 2 2 1 1 2205 2276 2275
4290 2 2 1 1 3173 5939 5652
4291 2 2 1 1 2935 7885 4964
4292 2 2 1 1 5258 6569 3773
4293 2 2 1 1 1676 2089 1704
4294 2 2 1 1 3804 5386 5344
4295 2 2 1 1 5816 6084 4999
4296 2 2 1 1 3902 3904 3903
4297 2 2 1 1 5798 7543 3734
4298 2 2 1 1 4441 8054 3556
4299 2 2 1 1 6523 7264 6763
4300 2 2 1 1 3888 3894 3893
4301 2 2 1 1 5127 5129 5126
4302 2 2 1 1 4292 6189 2966
4303 2 2 1 1 3217 5659 3386
4304 2 2 1 1 1941 7489 5833
4305 2 2 1 1 2578 2579 2575
4306 2 2 1 1 4456 5536 5535
4307 2 2 1 1 2108 3812 2106
4308 2 2 1 1 2715 6623 5477
4309 2 2 1 1 5093 5722 5091
4310 2 2 1 1 1401 7522 6923
4311 2 2 1 1 2400 2412 2402
4312 2 2 1 1 2166 2269 2268
4313 2 2 1 1 3006 3011 3009
4314 2 2 1 1 3300 7890 4836
4315 2 2 1 1 5660 7075 6787
4316 2 2 1 1 5052 7026 4331
4317 2 2 1 1 2787 2789 2788
4318 2 2 1 1 6034 7926 4933
4319 2 2 1 1 2208 5355 2215
4320 2 2 1 1 3928 7149 4493
4321 2 2 1 1 4847 4849 4848
4322 2 2 1 1 3269 3531 3530
4323 2 2 1 1 4899 5260 3726
4324 2 2 1 1 3526 7396 5350
4325 2 2 1 1 4184 4186 4185
4326 2 2 1 1 2876 4662 2952
4327 2 2 1 1 4814 7657 5962
4328 2 2 1 1 2269 2289 2288
4329 2 2 1 1 3478 5670 5669
4330 2 2 1 1 5453 7873 5642
4331 2 2 1 1 2295 2297 2296
4332 2 2 1 1 2046 2047 2036
4333 2 2 1 1 5469 6567 4060
4334 2 2 1 1 4194 7772 7186
4335 2 2 1 1 3859 6890 6652
4336 2 2 1 1 4419 4648 3806
4337 2 2 1 1 3386 4017 3408
4338 2 2 1 1 3756 6767 3757
4339 2 2 1 1 4361 4362 3944
4340 2 2 1 1 5384 7152 2991
4341 2 2 1 1 3660 6821 5447
4342 2 2 1 1 2297 2299 2298
4343 2 2 1 1 5121 5122 5120
4344 2 2 1 1 2040 5651 1743
4345 2 2 1 1 1970 7758 5895
4346 2 2 1 1 3803 5501 3804
4347 2 2 1 1 4633 4634 3968
4348 2 2 1 1 5282 6926 4111
4349 2 2 1 1 3611 7698 4078
4350 2 2 1 1 1512 1514 1513
4351 2 2 1 1 2293 2295 2294
4352 2 2 1 1 5143 5144 5142
4353 2 2 1 1 1578 1580 1579
4354 2 2 1 1 2299 2301 2300
4355 2 2 1 1 1757 1763 1762
4356 2 2 1 1 4568 7762 4569
4357 2 2 1 1 5166 5167 5164
4358 2 2 1 1 3087 3089 3088
4359 2 2 1 1 3253 6993 5238
4360 2 2 1 1 3021 3023 3022
4361 2 2 1 1 2289 2291 2290
4362 2 2 1 1 2340 2342 2341
4363 2 2 1 1 2342 2344 2343
4364 2 2 1 1 5835 5836 1430
4365 2 2 1 1 2338 2340 2339
4366 2 2 1 1 3516 7947 3515
4367 2 2 1 1 2113 5356 2110
4368 2 2 1 1 3624 3714 3223
4369 2 2 1 1 3639 6431 3487
4370 2 2 1 1 4353 5505 3700
4371 2 2 1 1 5380 5382 5381
4372 2 2 1 1 1670 5335 5334
4373 2 2 1 1 3854 7999 3263
4374 2 2 1 1 2344 2346 2345
4375 2 2 1 1 4383 6791 4329
4376 2 2 1 1 4864 7390 4865
4377 2 2 1 1 2301 2303 2302
4378 2 2 1 1 6078 7901 2058
4379 2 2 1 1 2346 2348 2347
4380 2 2 1 1 1770 1772 1771
4381 2 2 1 1 3214 5556 3676
4382 2 2 1 1 5130 5131 5129
4383 2 2 1 1 2348 2351 2349
4384 2 2 1 1 3015 3017 3016
4385 2 2 1 1 1444 5480 1161
4386 2 2 1 1 5132 5133 5131
4387 2 2 1 1 2743 7868 2741
4388 2 2 1 1 2276 2502 2286
4389 2 2 1 1 2353 2355 2354
4390 2 2 1 1 4744 7516 6689
4391 2 2 1 1 4411 4413 4412
4392 2 2 1 1 1158 1470 1157
4393 2 2 1 1 2351 2353 2352
4394 2 2 1 1 5276 7059 6691
4395 2 2 1 1 4679 7537 3919
4396 2 2 1 1 2687 3002 2688
4397 2 2 1 1 5588 5589 5580
4398 2 2 1 1 4966 4967 4962
4399 2 2 1 1 2303 2305 2304
4400 2 2 1 1 2291 2293 2292
4401 2 2 1 1 2336 2338 2337
4402 2 2 1 1 1617 1619 1618
4403 2 2 1 1 5885 6491 2630
4404 2 2 1 1 3958 4524 4483
4405 2 2 1 1 4603 6989 4604
4406 2 2 1 1 124 6861 123
4407 2 2 1 1 3690 5077 5076
4408 2 2 1 1 2303 7731 2305
4409 2 2 1 1 5610 5850 3170
4410 2 2 1 1 2998 5946 5945
4411 2 2 1 1 3974 4256 4255
4412 2 2 1 1 5618 7338 5286
4413 2 2 1 1 2305 2307 2306
4414 2 2 1 1 5352 5353 3797
4415 2 2 1 1 2313 2315 2314
4416 2 2 1 1 2363 4897 3412
4417 2 2 1 1 2311 2313 2312
4418 2 2 1 1 5474 5863 5473
4419 2 2 1 1 3002 3004 3003
4420 2 2 1 1 2309 2311 2310
4421 2 2 1 1 5000 5947 4196
4422 2 2 1 1 1772 1774 1773
4423 2 2 1 1 2315 2317 2316
4424 2 2 1 1 3246 3248 3247
4425 2 2 1 1 2307 2309 2308
4426 2 2 1 1 2498 6298 4084
4427 2 2 1 1 4260 6572 4081
4428 2 2 1 1 3542 5503 4051
4429 2 2 1 1 2554 5299 3008
4430 2 2 1 1 4910 7246 5109
4431 2 2 1 1 4770 7120 5752
4432 2 2 1 1 2390 2393 2392
4433 2 2 1 1 4397 6385 4205
4434 2 2 1 1 5257 7814 5254
4435 2 2 1 1 4100 5330 4102
4436 2 2 1 1 3488 7800 2593
4437 2 2 1 1 2317 2319 2318
4438 2 2 1 1 1765 1770 1769
4439 2 2 1 1 4807 6295 6294
4440 2 2 1 1 2124 5562 2285
4441 2 2 1 1 5404 6550 4259
4442 2 2 1 1 3401 3746 3653
4443 2 2 1 1 4539 5713 5712
4444 2 2 1 1 5075 7431 2010
4445 2 2 1 1 4375 8025 2984
4446 2 2 1 1 5381 5383 1470
4447 2 2 1 1 1451 7318 6901
4448 2 2 1 1 4256 4258 4257
4449 2 2 1 1 2328 2330 2329
4450 2 2 1 1 5734 6684 5735
4451 2 2 1 1 4201 5956 5740
4452 2 2 1 1 2319 2321 2320
4453 2 2 1 1 2283 5567 3209
4454 2 2 1 1 1774 1776 1775
4455 2 2 1 1 2323 2325 2324
4456 2 2 1 1 5421 5697 3272
4457 2 2 1 1 2032 5643 2142
4458 2 2 1 1 1790 1795 1794
4459 2 2 1 1 3345 4330 4329
4460 2 2 1 1 2321 2323 2322
4461 2 2 1 1 2325 2328 2326
4462 2 2 1 1 1847 6695 1849
4463 2 2 1 1 1549 1552 1551
4464 2 2 1 1 3582 4001 3997
4465 2 2 1 1 4562 5622 4561
4466 2 2 1 1 3659 3660 3290
4467 2 2 1 1 2785 2787 2786
4468 2 2 1 1 5018 7024 5948
4469 2 2 1 1 4782 5715 4781
4470 2 2 1 1 1776 1778 1777
4471 2 2 1 1 1725 5645 1727
4472 2 2 1 1 4891 4892 2386
4473 2 2 1 1 4285 5572 1339
4474 2 2 1 1 1149 4631 1148
4475 2 2 1 1 3272 5697 2629
4476 2 2 1 1 2643 6101 2646
4477 2 2 1 1 5398 7019 4807
4478 2 2 1 1 2130 2131 2118
4479 2 2 1 1 3385 4976 4974
4480 2 2 1 1 3021 7717 3033
4481 2 2 1 1 5366 6544 6543
4482 2 2 1 1 1639 1641 1640
4483 2 2 1 1 5624 7331 2575
4484 2 2 1 1 3004 3006 3005
4485 2 2 1 1 2112 2113 2110
4486 2 2 1 1 3355 5374 3738
4487 2 2 1 1 5442 7361 1953
4488 2 2 1 1 3779 4016 3780
4489 2 2 1 1 4205 6385 6383
4490 2 2 1 1 4836 7890 4490
4491 2 2 1 1 4635 6747 4969
4492 2 2 1 1 1788 1790 1789
4493 2 2 1 1 1415 6428 5739
4494 2 2 1 1 1763 1765 1764
4495 2 2 1 1 3798 5850 5610
4496 2 2 1 1 5201 7664 7433
4497 2 2 1 1 3302 3304 3303
4498 2 2 1 1 2378 4889 3481
4499 2 2 1 1 4178 5691 4181
4500 2 2 1 1 3676 4198 3508
4501 2 2 1 1 4615 5345 4616
4502 2 2 1 1 1530 7298 3845
4503 2 2 1 1 1795 1797 1796
4504 2 2 1 1 4223 7968 6443
4505 2 2 1 1 1786 1788 1787
4506 2 2 1 1 5637 7839 5638
4507 2 2 1 1 2089 2091 2090
4508 2 2 1 1 5103 5603 5102
4509 2 2 1 1 1778 1784 1783
4510 2 2 1 1 2575 7331 2574
4511 2 2 1 1 3058 3060 3059
4512 2 2 1 1 5439 6949 1959
4513 2 2 1 1 5326 7349 6764
4514 2 2 1 1 4622 7444 2485
4515 2 2 1 1 1631 5634 1661
4516 2 2 1 1 5326 6764 4183
4517 2 2 1 1 4345 7135 5391
4518 2 2 1 1 6312 7364 1447
4519 2 2 1 1 3587 5669 4658
4520 2 2 1 1 2168 2170 2169
4521 2 2 1 1 3860 4218 4160
4522 2 2 1 1 5764 5771 4395
4523 2 2 1 1 1026 6765 1025
4524 2 2 1 1 4543 7745 2878
4525 2 2 1 1 5284 7957 7748
4526 2 2 1 1 2720 7593 4823
4527 2 2 1 1 2695 7227 5731
4528 2 2 1 1 2649 5574 2652
4529 2 2 1 1 1750 1755 1754
4530 2 2 1 1 4644 6138 6137
4531 2 2 1 1 1663 7122 5386
4532 2 2 1 1 2381 2384 2383
4533 2 2 1 1 5195 5765 5189
4534 2 2 1 1 5512 6187 4477
4535 2 2 1 1 2222 6677 2194
4536 2 2 1 1 2505 5854 2504
4537 2 2 1 1 4263 4426 4425
4538 2 2 1 1 1619 1621 1620
4539 2 2 1 1 3849 5540 4506
4540 2 2 1 1 1797 1799 1798
4541 2 2 1 1 1685 5695 5257
4542 2 2 1 1 4506 5990 3851
4543 2 2 1 1 4464 4465 3960
4544 2 2 1 1 4619 7835 2272
4545 2 2 1 1 2987 7890 3300
4546 2 2 1 1 2605 6720 6719
4547 2 2 1 1 5162 5163 5155
4548 2 2 1 1 1159 1331 1160
4549 2 2 1 1 1184 6111 5520
4550 2 2 1 1 2366 5619 2370
4551 2 2 1 1 3833 5798 3734
4552 2 2 1 1 3564 5456 4499
4553 2 2 1 1 1784 1786 1785
4554 2 2 1 1 2291 8048 3165
4555 2 2 1 1 2781 2783 2782
4556 2 2 1 1 2533 7366 5316
4557 2 2 1 1 3325 5669 3587
4558 2 2 1 1 3715 3716 3714
4559 2 2 1 1 3209 3688 3500
4560 2 2 1 1 4912 5823 3250
4561 2 2 1 1 3912 6938 3886
4562 2 2 1 1 1185 1431 1186
4563 2 2 1 1 3124 3343 3342
4564 2 2 1 1 3248 3418 3417
4565 2 2 1 1 1799 1804 1803
4566 2 2 1 1 1716 5680 1714
4567 2 2 1 1 5573 5588 5580
4568 2 2 1 1 2935 8020 4938
4569 2 2 1 1 3026 7537 4679
4570 2 2 1 1 4641 6812 6720
4571 2 2 1 1 1188 1465 1189
4572 2 2 1 1 3560 4409 4408
4573 2 2 1 1 3436 3705 3704
4574 2 2 1 1 5472 5474 5473
4575 2 2 1 1 3859 6721 5708
4576 2 2 1 1 5436 8026 2101
4577 2 2 1 1 2404 7553 2395
4578 2 2 1 1 3089 3124 3123
4579 2 2 1 1 1191 1432 1192
4580 2 2 1 1 1584 1586 1585
4581 2 2 1 1 2272 7835 3410
4582 2 2 1 1 7091 7946 5041
4583 2 2 1 1 3188 6130 2496
4584 2 2 1 1 3256 8010 4976
4585 2 2 1 1 2549 3554 3457
4586 2 2 1 1 7034 8065 8053
4587 2 2 1 1 3157 6037 3187
4588 2 2 1 1 5772 5986 4961
4589 2 2 1 1 5216 6118 5217
4590 2 2 1 1 1182 1463 1183
4591 2 2 1 1 6523 6763 4082
4592 2 2 1 1 1676 5475 2089
4593 2 2 1 1 3170 5850 3414
4594 2 2 1 1 4368 7169 4370
4595 2 2 1 1 7600 7905 4630
4596 2 2 1 1 3862 5488 5487
4597 2 2 1 1 4791 8008 2821
4598 2 2 1 1 1810 1815 1814
4599 2 2 1 1 4818 6688 4824
4600 2 2 1 1 1728 2168 2167
4601 2 2 1 1 113 7596 1453
4602 2 2 1 1 2740 4488 3542
4603 2 2 1 1 3531 3560 3559
4604 2 2 1 1 3659 4287 4115
4605 2 2 1 1 1808 1810 1809
4606 2 2 1 1 3700 5505 3781
4607 2 2 1 1 3170 3171 2683
4608 2 2 1 1 1431 6017 1186
4609 2 2 1 1 5218 7811 5219
4610 2 2 1 1 1605 5569 1608
4611 2 2 1 1 1806 1808 1807
4612 2 2 1 1 1804 1806 1805
4613 2 2 1 1 2683 5853 2682
4614 2 2 1 1 4863 4867 4860
4615 2 2 1 1 5573 5580 5579
4616 2 2 1 1 3948 4230 3363
4617 2 2 1 1 1580 1584 1581
4618 2 2 1 1 1179 1430 1180
4619 2 2 1 1 4855 7391 2576
4620 2 2 1 1 2812 7486 2817
4621 2 2 1 1 5623 5624 2598
4622 2 2 1 1 4373 7314 1387
4623 2 2 1 1 2366 2370 2369
4624 2 2 1 1 5241 5243 3745
4625 2 2 1 1 4218 4517 4219
4626 2 2 1 1 1621 1623 1622
4627 2 2 1 1 5287 6267 2428
4628 2 2 1 1 1815 1817 1816
4629 2 2 1 1 1148 4813 1149
4630 2 2 1 1 1955 5728 2019
4631 2 2 1 1 3404 3548 2999
4632 2 2 1 1 2611 6619 6618
4633 2 2 1 1 3145 3148 3147
4634 2 2 1 1 2456 5856 2162
4635 2 2 1 1 3154 3156 3155
4636 2 2 1 1 1538 1540 1539
4637 2 2 1 1 3360 7573 7572
4638 2 2 1 1 2091 2127 2126
4639 2 2 1 1 1161 5480 1160
4640 2 2 1 1 3209 5567 3688
4641 2 2 1 1 3328 5027 5024
4642 2 2 1 1 4802 4807 4799
4643 2 2 1 1 5509 5530 3808
4644 2 2 1 1 3515 7947 4512
4645 2 2 1 1 2209 5582 2173
4646 2 2 1 1 1673 8057 5256
4647 2 2 1 1 1568 1573 1569
4648 2 2 1 1 1586 1611 1587
4649 2 2 1 1 3750 4250 3748
4650 2 2 1 1 6211 7506 4504
4651 2 2 1 1 5113 7833 5115
4652 2 2 1 1 1817 1819 1818
4653 2 2 1 1 4908 7937 4907
4654 2 2 1 1 3730 5286 5285
4655 2 2 1 1 5389 7877 3124
4656 2 2 1 1 1194 1441 1195
4657 2 2 1 1 3920 7819 5005
4658 2 2 1 1 3756 5919 2237
4659 2 2 1 1 1819 1821 1820
4660 2 2 1 1 3510 3956 3955
4661 2 2 1 1 2417 2541 2418
4662 2 2 1 1 5437 6036 5438
4663 2 2 1 1 4421 5010 4420
4664 2 2 1 1 2127 3275 2217
4665 2 2 1 1 3711 5930 4691
4666 2 2 1 1 4417 5641 3437
4667 2 2 1 1 1447 7364 4631
4668 2 2 1 1 5160 5387 5137
4669 2 2 1 1 2904 8020 2935
4670 2 2 1 1 3392 6406 5425
4671 2 2 1 1 3287 5574 2649
4672 2 2 1 1 5092 6858 5103
4673 2 2 1 1 5390 7699 5389
4674 2 2 1 1 2574 5471 2568
4675 2 2 1 1 5125 5126 5123
4676 2 2 1 1 3778 4037 3116
4677 2 2 1 1 1502 6986 1504
4678 2 2 1 1 2122 6848 6846
4679 2 2 1 1 2170 2172 2171
4680 2 2 1 1 1821 1823 1822
4681 2 2 1 1 3554 4079 3695
4682 2 2 1 1 1153 6950 1442
4683 2 2 1 1 6992 7848 4076
4684 2 2 1 1 5669 5677 4658
4685 2 2 1 1 5057 6446 3928
4686 2 2 1 1 2779 2781 2780
4687 2 2 1 1 4355 7219 6980
4688 2 2 1 1 4113 4114 3357
4689 2 2 1 1 4272 5564 4273
4690 2 2 1 1 1168 7905 7600
4691 2 2 1 1 5648 5966 4322
4692 2 2 1 1 2356 2359 2358
4693 2 2 1 1 4037 5747 3116
4694 2 2 1 1 3161 3870 3869
4695 2 2 1 1 2233 7667 2240
4696 2 2 1 1 4405 5360 5062
4697 2 2 1 1 1960 5602 1876
4698 2 2 1 1 5066 5922 4731
4699 2 2 1 1 5466 5467 5186
4700 2 2 1 1 6385 6436 6383
4701 2 2 1 1 1623 1625 1624
4702 2 2 1 1 3683 6569 3771
4703 2 2 1 1 2260 2261 2131
4704 2 2 1 1 4737 6269 6233
4705 2 2 1 1 5381 5717 5383
4706 2 2 1 1 1522 1526 1523
4707 2 2 1 1 4548 5105 4364
4708 2 2 1 1 4173 7125 5897
4709 2 2 1 1 5256 8057 5255
4710 2 2 1 1 1849 5864 1851
4711 2 2 1 1 5147 5148 5145
4712 2 2 1 1 2682 3224 2508
4713 2 2 1 1 2477 7656 2479
4714 2 2 1 1 1823 1825 1824
4715 2 2 1 1 2085 7783 5860
4716 2 2 1 1 4991 7440 3554
4717 2 2 1 1 4520 5110 3351
4718 2 2 1 1 4821 6650 4819
4719 2 2 1 1 4865 7390 5296
4720 2 2 1 1 2668 7798 2670
4721 2 2 1 1 1825 1827 1826
4722 2 2 1 1 3834 7003 6673
4723 2 2 1 1 6767 6769 6768
4724 2 2 1 1 2769 2771 2770
4725 2 2 1 1 1827 1829 1828
4726 2 2 1 1 4703 7766 1978
4727 2 2 1 1 2178 2179 2177
4728 2 2 1 1 5136 5137 5134
4729 2 2 1 1 2771 2775 2772
4730 2 2 1 1 1829 1831 1830
4731 2 2 1 1 4450 6005 5717
4732 2 2 1 1 1330 5684 5379
4733 2 2 1 1 5422 5961 1431
4734 2 2 1 1 4181 4773 4772
4735 2 2 1 1 1114 7536 1420
4736 2 2 1 1 3286 3689 3492
4737 2 2 1 1 4897 4898 3726
4738 2 2 1 1 3773 6635 5258
4739 2 2 1 1 6390 7363 4445
4740 2 2 1 1 6446 7932 3195
4741 2 2 1 1 4423 6417 2744
4742 2 2 1 1 4611 4613 4612
4743 2 2 1 1 1703 5604 1740
4744 2 2 1 1 1831 1833 1832
4745 2 2 1 1 5800 7996 5803
4746 2 2 1 1 4644 6137 3865
4747 2 2 1 1 2265 2267 2263
4748 2 2 1 1 1163 5588 5573
4749 2 2 1 1 4036 5013 4034
4750 2 2 1 1 4285 7843 4115
4751 2 2 1 1 5325 7302 4382
4752 2 2 1 1 1384 3506 3197
4753 2 2 1 1 1833 1835 1834
4754 2 2 1 1 4496 6163 4113
4755 2 2 1 1 4973 7991 4971
4756 2 2 1 1 5524 7923 7672
4757 2 2 1 1 4060 5731 4419
4758 2 2 1 1 3018 3021 3020
4759 2 2 1 1 4086 7473 4084
4760 2 2 1 1 5542 6353 2444
4761 2 2 1 1 1835 1837 1836
4762 2 2 1 1 1197 1464 1198
4763 2 2 1 1 2281 6000 5906
4764 2 2 1 1 2942 2943 2941
4765 2 2 1 1 1208 5869 1209
4766 2 2 1 1 7417 7758 1970
4767 2 2 1 1 6191 7919 5176
4768 2 2 1 1 5156 5405 5126
4769 2 2 1 1 1625 1627 1626
4770 2 2 1 1 1042 7046 4031
4771 2 2 1 1 2331 2336 2335
4772 2 2 1 1 4016 4090 4089
4773 2 2 1 1 4517 6092 4518
4774 2 2 1 1 1837 1839 1838
4775 2 2 1 1 3932 7026 5052
4776 2 2 1 1 1177 1481 1178
4777 2 2 1 1 1953 1955 1954
4778 2 2 1 1 6921 7139 3614
4779 2 2 1 1 5847 6822 1202
4780 2 2 1 1 2479 7656 2480
4781 2 2 1 1 1569 5748 1571
4782 2 2 1 1 5559 6797 4146
4783 2 2 1 1 2888 2889 2887
4784 2 2 1 1 3688 4159 3500
4785 2 2 1 1 1182 5949 1463
4786 2 2 1 1 3152 3154 3153
4787 2 2 1 1 5083 7414 1345
4788 2 2 1 1 5323 5839 5322
4789 2 2 1 1 2106 5773 2104
4790 2 2 1 1 3191 7950 5315
4791 2 2 1 1 1839 1841 1840
4792 2 2 1 1 5195 7714 5765
4793 2 2 1 1 2690 3161 3160
4794 2 2 1 1 4235 7700 1519
4795 2 2 1 1 3629 5571 4359
4796 2 2 1 1 3181 3302 3301
4797 2 2 1 1 3329 3974 3973
4798 2 2 1 1 4841 4842 4677
4799 2 2 1 1 1843 1845 1844
4800 2 2 1 1 1841 1843 1842
4801 2 2 1 1 1470 5383 1157
4802 2 2 1 1 3300 4836 3681
4803 2 2 1 1 3808 5530 3807
4804 2 2 1 1 5993 6470 1766
4805 2 2 1 1 3803 3804 3802
4806 2 2 1 1 3029 3035 3034
4807 2 2 1 1 1634 1639 1638
4808 2 2 1 1 3817 6077 4670
4809 2 2 1 1 4885 4886 4884
4810 2 2 1 1 3073 5965 3076
4811 2 2 1 1 3687 7161 5058
4812 2 2 1 1 3788 5682 2446
4813 2 2 1 1 5376 5721 5377
4814 2 2 1 1 5158 5412 5114
4815 2 2 1 1 4192 7772 4194
4816 2 2 1 1 3908 8015 2164
4817 2 2 1 1 4445 8024 2801
4818 2 2 1 1 3177 3179 3178
4819 2 2 1 1 2629 5697 2438
4820 2 2 1 1 4733 7565 6291
4821 2 2 1 1 7053 7054 4576
4822 2 2 1 1 1905 6562 2135
4823 2 2 1 1 1627 1629 1628
4824 2 2 1 1 3178 7622 3817
4825 2 2 1 1 3100 5447 3101
4826 2 2 1 1 4330 4611 4383
4827 2 2 1 1 1699 5693 1696
4828 2 2 1 1 5346 7348 4490
4829 2 2 1 1 2801 8024 2798
4830 2 2 1 1 5621 7894 4559
4831 2 2 1 1 5906 6000 5907
4832 2 2 1 1 2944 2945 2943
4833 2 2 1 1 3972 7269 6003
4834 2 2 1 1 1432 6151 1192
4835 2 2 1 1 4090 5545 5544
4836 2 2 1 1 5079 7386 6941
4837 2 2 1 1 5505 7677 5890
4838 2 2 1 1 1855 1857 1856
4839 2 2 1 1 2946 2948 2945
4840 2 2 1 1 1528 1530 1529
4841 2 2 1 1 1853 1855 1854
4842 2 2 1 1 5696 7202 2755
4843 2 2 1 1 1857 1859 1858
4844 2 2 1 1 3474 3603 3224
4845 2 2 1 1 1845 1847 1846
4846 2 2 1 1 3570 4882 4880
4847 2 2 1 1 5338 7589 5336
4848 2 2 1 1 6319 7713 5361
4849 2 2 1 1 3012 3015 3014
4850 2 2 1 1 3282 5774 3286
4851 2 2 1 1 2949 2995 2948
4852 2 2 1 1 1859 1861 1860
4853 2 2 1 1 1851 1853 1852
4854 2 2 1 1 2762 6104 2764
4855 2 2 1 1 3805 5469 4060
4856 2 2 1 1 5744 7017 5564
4857 2 2 1 1 2894 2895 2893
4858 2 2 1 1 2951 3718 2930
4859 2 2 1 1 2767 2769 2768
4860 2 2 1 1 5424 6752 5183
4861 2 2 1 1 1849 1851 1850
4862 2 2 1 1 3143 3383 3139
4863 2 2 1 1 2909 2910 2908
4864 2 2 1 1 5060 6961 5914
4865 2 2 1 1 2951 6004 3718
4866 2 2 1 1 4911 4912 3250
4867 2 2 1 1 1847 1849 1848
4868 2 2 1 1 5612 5613 4647
4869 2 2 1 1 1590 2101 1592
4870 2 2 1 1 6882 7399 3274
4871 2 2 1 1 1209 5869 1460
4872 2 2 1 1 2208 2215 2214
4873 2 2 1 1 2896 2900 2895
4874 2 2 1 1 2892 2893 2891
4875 2 2 1 1 2901 2902 2900
4876 2 2 1 1 1629 1631 1630
4877 2 2 1 1 4870 6619 4871
4878 2 2 1 1 2911 2912 2910
4879 2 2 1 1 2997 7827 2948
4880 2 2 1 1 3664 6001 4674
4881 2 2 1 1 1928 1930 1929
4882 2 2 1 1 4137 5668 3603
4883 2 2 1 1 4266 7449 4987
4884 2 2 1 1 1179 5835 1430
4885 2 2 1 1 4163 7152 5384
4886 2 2 1 1 1926 1928 1927
4887 2 2 1 1 1200 1443 1201
4888 2 2 1 1 5666 6666 3064
4889 2 2 1 1 6545 6546 4317
4890 2 2 1 1 1740 2038 2029
4891 2 2 1 1 2890 2891 2889
4892 2 2 1 1 1901 1903 1902
4893 2 2 1 1 1571 5593 1582
4894 2 2 1 1 2538 5927 2401
4895 2 2 1 1 1924 1926 1925
4896 2 2 1 1 3276 3284 2691
4897 2 2 1 1 5718 5719 5605
4898 2 2 1 1 3843 3861 3840
4899 2 2 1 1 5604 5718 5605
4900 2 2 1 1 5459 7781 1732
4901 2 2 1 1 2903 2904 2902
4902 2 2 1 1 1922 1924 1923
4903 2 2 1 1 2753 2759 2758
4904 2 2 1 1 1899 1901 1900
4905 2 2 1 1 3478 5678 5671
4906 2 2 1 1 4341 7010 5259
4907 2 2 1 1 4922 7504 6069
4908 2 2 1 1 2907 2908 2906
4909 2 2 1 1 1920 1922 1921
4910 2 2 1 1 5582 6131 4835
4911 2 2 1 1 2913 2914 2912
4912 2 2 1 1 4115 4116 3660
4913 2 2 1 1 1181 5949 1182
4914 2 2 1 1 6287 7683 3602
4915 2 2 1 1 4231 4490 4230
4916 2 2 1 1 1947 1949 1948
4917 2 2 1 1 2759 2761 2760
4918 2 2 1 1 2877 2878 2876
4919 2 2 1 1 1203 1477 1204
4920 2 2 1 1 1880 1882 1881
4921 2 2 1 1 4181 5691 4773
4922 2 2 1 1 4261 5794 5361
4923 2 2 1 1 1918 1920 1919
4924 2 2 1 1 3849 3851 3850
4925 2 2 1 1 3707 5433 3341
4926 2 2 1 1 1619 8057 1673
4927 2 2 1 1 1897 1899 1898
4928 2 2 1 1 1421 6774 1155
4929 2 2 1 1 1945 1947 1946
4930 2 2 1 1 3232 7629 6038
4931 2 2 1 1 4845 6705 5459
4932 2 2 1 1 1878 1880 1879
4933 2 2 1 1 1943 1945 1944
4934 2 2 1 1 4906 6180 876
4935 2 2 1 1 1941 1943 1942
4936 2 2 1 1 1916 1918 1917
4937 2 2 1 1 2751 2753 2752
4938 2 2 1 1 2905 2906 2904
4939 2 2 1 1 1582 3316 1588
4940 2 2 1 1 1876 1878 1877
4941 2 2 1 1 1939 1941 1940
4942 2 2 1 1 1205 1446 1206
4943 2 2 1 1 4117 4122 4116
4944 2 2 1 1 5858 7242 5190
4945 2 2 1 1 4117 4360 4122
4946 2 2 1 1 5548 7291 1558
4947 2 2 1 1 1895 1897 1896
4948 2 2 1 1 1913 1916 1914
4949 2 2 1 1 1937 1939 1938
4950 2 2 1 1 1986 6858 6240
4951 2 2 1 1 1874 1876 1875
4952 2 2 1 1 1745 5643 2032
4953 2 2 1 1 1978 7766 7621
4954 2 2 1 1 2112 2114 2113
4955 2 2 1 1 1935 1937 1936
4956 2 2 1 1 5343 7857 3474
4957 2 2 1 1 2561 7673 4608
4958 2 2 1 1 2218 2676 2675
4959 2 2 1 1 1930 1933 1931
4960 2 2 1 1 2870 2971 2854
4961 2 2 1 1 2693 6694 1693
4962 2 2 1 1 1778 5662 4162
4963 2 2 1 1 1911 1913 1912
4964 2 2 1 1 1175 1457 1176
4965 2 2 1 1 1933 1935 1934
4966 2 2 1 1 1943 5833 2020
4967 2 2 1 1 1758 6451 6012
4968 2 2 1 1 4730 5873 4729
4969 2 2 1 1 2266 2506 2505
4970 2 2 1 1 6923 7256 4078
4971 2 2 1 1 1892 1895 1893
4972 2 2 1 1 4186 6920 6919
4973 2 2 1 1 6040 6633 5747
4974 2 2 1 1 5495 7464 5017
4975 2 2 1 1 1207 1484 1208
4976 2 2 1 1 1872 1874 1873
4977 2 2 1 1 2932 2933 2914
4978 2 2 1 1 5321 5974 5319
4979 2 2 1 1 6541 7286 4006
4980 2 2 1 1 3754 4146 3755
4981 2 2 1 1 1861 1863 1862
4982 2 2 1 1 6119 7859 7544
4983 2 2 1 1 5601 7780 5401
4984 2 2 1 1 1909 1911 1910
4985 2 2 1 1 5673 7643 5674
4986 2 2 1 1 3914 3946 3908
4987 2 2 1 1 1870 1872 1871
4988 2 2 1 1 2493 2494 2491
4989 2 2 1 1 1966 7925 5934
4990 2 2 1 1 2929 2930 2928
4991 2 2 1 1 1890 1892 1891
4992 2 2 1 1 5573 5579 1462
4993 2 2 1 1 3148 3150 3149
4994 2 2 1 1 2172 2174 2173
4995 2 2 1 1 1162 1444 1161
4996 2 2 1 1 1903 1905 1904
4997 2 2 1 1 2018 7480 4947
4998 2 2 1 1 1209 1460 1210
4999 2 2 1 1 1170 1497 1171
5000 2 2 1 1 1211 1487 1212
5001 2 2 1 1 1867 1870 1868
5002 2 2 1 1 2938 2939 2937
5003 2 2 1 1 1213 1496 1214
5004 2 2 1 1 2936 2937 2933
5005 2 2 1 1 1596 1599 1598
5006 2 2 1 1 2817 6819 3723
5007 2 2 1 1 1172 1471 1173
5008 2 2 1 1 1907 1909 1908
5009 2 2 1 1 5324 7420 6532
5010 2 2 1 1 1888 1890 1889
5011 2 2 1 1 5021 7176 4200
5012 2 2 1 1 4385 6626 6303
5013 2 2 1 1 2089 2090 1704
5014 2 2 1 1 5529 6641 2571
5015 2 2 1 1 2114 2117 2115
5016 2 2 1 1 1865 1867 1866
5017 2 2 1 1 5239 7737 3985
5018 2 2 1 1 7181 7419 5511
5019 2 2 1 1 2089 5475 5472
5020 2 2 1 1 1882 1884 1883
5021 2 2 1 1 3802 5853 3172
5022 2 2 1 1 1161 1445 1162
5023 2 2 1 1 2523 2690 2689
5024 2 2 1 1 1905 1907 1906
5025 2 2 1 1 5192 5198 5197
5026 2 2 1 1 3395 6655 5839
5027 2 2 1 1 2612 6812 6811
5028 2 2 1 1 2397 4743 3356
5029 2 2 1 1 1863 1865 1864
5030 2 2 1 1 4337 4338 4336
5031 2 2 1 1 4598 6712 6711
5032 2 2 1 1 4339 4340 4338
5033 2 2 1 1 3490 5350 2772
5034 2 2 1 1 2879 2883 2878
5035 2 2 1 1 4341 4675 4340
5036 2 2 1 1 4233 6386 5981
5037 2 2 1 1 3376 7356 3374
5038 2 2 1 1 1886 1888 1887
5039 2 2 1 1 1658 6306 5519
5040 2 2 1 1 1412 7276 7274
5041 2 2 1 1 6863 7165 6865
5042 2 2 1 1 4314 6911 6014
5043 2 2 1 1 2884 2885 2883
5044 2 2 1 1 3894 3900 3899
5045 2 2 1 1 1164 5573 1462
5046 2 2 1 1 7442 7634 1990
5047 2 2 1 1 3389 3849 3848
5048 2 2 1 1 4259 6999 4257
5049 2 2 1 1 1571 5748 5593
5050 2 2 1 1 1163 5573 1164
5051 2 2 1 1 5108 7552 3419
5052 2 2 1 1 5626 6307 1782
5053 2 2 1 1 1884 1886 1885
5054 2 2 1 1 5306 5512 3744
5055 2 2 1 1 3956 4290 3984
5056 2 2 1 1 3758 5969 5867
5057 2 2 1 1 5318 6670 1965
5058 2 2 1 1 5551 6601 3941
5059 2 2 1 1 1466 5642 1164
5060 2 2 1 1 4514 7966 5388
5061 2 2 1 1 3073 3076 3075
5062 2 2 1 1 5827 7341 2449
5063 2 2 1 1 5220 7521 5221
5064 2 2 1 1 2925 2926 2921
5065 2 2 1 1 3633 3758 3390
5066 2 2 1 1 5073 5074 5072
5067 2 2 1 1 2332 7359 6338
5068 2 2 1 1 4200 5821 4201
5069 2 2 1 1 2027 5771 1765
5070 2 2 1 1 5768 7362 5959
5071 2 2 1 1 118 6978 1459
5072 2 2 1 1 2274 5356 2113
5073 2 2 1 1 3064 6665 5666
5074 2 2 1 1 5090 5094 5093
5075 2 2 1 1 3773 6569 3775
5076 2 2 1 1 2834 2835 2833
5077 2 2 1 1 6137 6138 2433
5078 2 2 1 1 5924 7004 4572
5079 2 2 1 1 2117 2130 2118
5080 2 2 1 1 3564 4497 3561
5081 2 2 1 1 2044 2088 2087
5082 2 2 1 1 2032 2142 2086
5083 2 2 1 1 4112 7403 4496
5084 2 2 1 1 3666 5943 5940
5085 2 2 1 1 3175 3177 3176
5086 2 2 1 1 4945 4948 2136
5087 2 2 1 1 4651 7360 6376
5088 2 2 1 1 2261 3941 2264
5089 2 2 1 1 2749 2751 2750
5090 2 2 1 1 4082 6053 2792
5091 2 2 1 1 3554 7440 4079
5092 2 2 1 1 6650 7495 6651
5093 2 2 1 1 5481 6892 4053
5094 2 2 1 1 2143 5019 5016
5095 2 2 1 1 5746 7612 2270
5096 2 2 1 1 5228 5779 1960
5097 2 2 1 1 2631 3912 3886
5098 2 2 1 1 6650 6651 2570
5099 2 2 1 1 2180 5654 2177
5100 2 2 1 1 4640 7263 4639
5101 2 2 1 1 1526 1528 1527
5102 2 2 1 1 5445 8002 2422
5103 2 2 1 1 5809 8061 1639
5104 2 2 1 1 1514 7721 4235
5105 2 2 1 1 5619 6441 2370
5106 2 2 1 1 3460 3798 2527
5107 2 2 1 1 1526 7280 3847
5108 2 2 1 1 2085 5860 2069
5109 2 2 1 1 5379 5684 5380
5110 2 2 1 1 4058 7988 7325
5111 2 2 1 1 1463 6111 1183
5112 2 2 1 1 4545 5106 3470
5113 2 2 1 1 2092 5780 2045
5114 2 2 1 1 4589 4606 4603
5115 2 2 1 1 5511 7419 6988
5116 2 2 1 1 2093 7467 5468
5117 2 2 1 1 4374 5760 3962
5118 2 2 1 1 6621 7979 7262
5119 2 2 1 1 1164 5642 1163
5120 2 2 1 1 2124 2285 2196
5121 2 2 1 1 1165 1466 1164
5122 2 2 1 1 7137 7437 5576
5123 2 2 1 1 975 6559 4347
5124 2 2 1 1 2256 2258 2257
5125 2 2 1 1 5061 7763 4998
5126 2 2 1 1 4272 4273 4270
5127 2 2 1 1 4422 6420 3551
5128 2 2 1 1 1164 1462 1165
5129 2 2 1 1 3337 6497 2415
5130 2 2 1 1 2843 2847 2842
5131 2 2 1 1 6224 7101 1423
5132 2 2 1 1 5187 5190 5189
5133 2 2 1 1 1973 7035 5038
5134 2 2 1 1 2848 2849 2847
5135 2 2 1 1 6230 7575 6530
5136 2 2 1 1 3718 5996 5531
5137 2 2 1 1 4758 7368 4068
5138 2 2 1 1 2691 5457 2260
5139 2 2 1 1 6666 7171 5353
5140 2 2 1 1 1167 1472 1166
5141 2 2 1 1 2841 2842 2840
5142 2 2 1 1 2737 2739 2738
5143 2 2 1 1 2258 2410 2409
5144 2 2 1 1 1166 1476 1167
5145 2 2 1 1 876 6180 875
5146 2 2 1 1 3333 7645 5441
5147 2 2 1 1 2735 2737 2736
5148 2 2 1 1 3534 3807 2986
5149 2 2 1 1 4978 7450 4979
5150 2 2 1 1 5492 6490 5444
5151 2 2 1 1 1611 5687 5268
5152 2 2 1 1 4838 5404 4258
5153 2 2 1 1 4968 5823 4912
5154 2 2 1 1 3091 3119 3112
5155 2 2 1 1 2739 2741 2740
5156 2 2 1 1 5267 6957 1962
5157 2 2 1 1 3136 3137 3135
5158 2 2 1 1 2839 2840 2837
5159 2 2 1 1 2618 6709 6708
5160 2 2 1 1 4655 4818 4656
5161 2 2 1 1 5685 6819 3543
5162 2 2 1 1 2873 2874 2857
5163 2 2 1 1 5848 6822 5847
5164 2 2 1 1 1742 5805 2039
5165 2 2 1 1 4011 5509 3808
5166 2 2 1 1 2850 2851 2849
5167 2 2 1 1 1531 2164 1533
5168 2 2 1 1 2776 6159 2778
5169 2 2 1 1 2836 2837 2835
5170 2 2 1 1 2489 3478 3325
5171 2 2 1 1 2733 2735 2734
5172 2 2 1 1 1605 1608 1607
5173 2 2 1 1 1950 1953 1952
5174 2 2 1 1 4002 4296 3966
5175 2 2 1 1 1514 1516 1515
5176 2 2 1 1 2856 2857 2851
5177 2 2 1 1 2517 2523 2519
5178 2 2 1 1 3746 5648 4322
5179 2 2 1 1 5476 7637 5518
5180 2 2 1 1 1538 7818 1540
5181 2 2 1 1 2649 2652 2651
5182 2 2 1 1 5845 5847 1443
5183 2 2 1 1 3577 7077 3576
5184 2 2 1 1 4482 7357 4751
5185 2 2 1 1 3861 7087 5491
5186 2 2 1 1 2512 2517 2513
5187 2 2 1 1 3811 5421 3272
5188 2 2 1 1 5192 6360 5198
5189 2 2 1 1 5652 5653 4527
5190 2 2 1 1 3776 4125 3482
5191 2 2 1 1 5343 5853 3802
5192 2 2 1 1 3214 3508 3215
5193 2 2 1 1 6762 6990 2188
5194 2 2 1 1 2455 2456 2162
5195 2 2 1 1 5465 6880 6879
5196 2 2 1 1 3076 3078 3077
5197 2 2 1 1 5277 7337 6136
5198 2 2 1 1 5344 7122 6591
5199 2 2 1 1 1643 8056 1645
5200 2 2 1 1 4924 7633 6057
5201 2 2 1 1 2823 2824 2822
5202 2 2 1 1 5984 5985 4465
5203 2 2 1 1 1471 6121 1173
5204 2 2 1 1 5354 7791 5352
5205 2 2 1 1 5393 5394 5392
5206 2 2 1 1 4456 7401 5964
5207 2 2 1 1 3124 7877 3343
5208 2 2 1 1 3689 5611 3492
5209 2 2 1 1 6173 6838 6837
5210 2 2 1 1 2696 2697 2496
5211 2 2 1 1 3630 5417 3528
5212 2 2 1 1 2581 7508 2598
5213 2 2 1 1 3553 3788 2446
5214 2 2 1 1 3134 3135 3133
5215 2 2 1 1 2254 2256 2255
5216 2 2 1 1 2773 5743 5742
5217 2 2 1 1 4829 6645 4830
5218 2 2 1 1 4185 6925 4318
5219 2 2 1 1 1558 7291 4505
5220 2 2 1 1 3341 3536 3535
5221 2 2 1 1 3472 5667 3555
5222 2 2 1 1 2200 5780 2092
5223 2 2 1 1 2796 5340 3201
5224 2 2 1 1 3466 4269 3464
5225 2 2 1 1 5940 7981 4941
5226 2 2 1 1 4933 4934 4932
5227 2 2 1 1 3656 5868 4530
5228 2 2 1 1 3209 3500 3472
5229 2 2 1 1 7056 7163 6418
5230 2 2 1 1 3442 7627 5402
5231 2 2 1 1 4098 6444 4100
5232 2 2 1 1 6274 7863 7860
5233 2 2 1 1 1351 6203 4097
5234 2 2 1 1 4711 4716 4708
5235 2 2 1 1 3789 3822 3788
5236 2 2 1 1 2103 2104 2040
5237 2 2 1 1 4741 6201 4740
5238 2 2 1 1 3332 3334 3333
5239 2 2 1 1 4366 7587 5478
5240 2 2 1 1 2174 2176 2175
5241 2 2 1 1 4461 7564 4458
5242 2 2 1 1 2650 5117 5114
5243 2 2 1 1 2094 3214 2199
5244 2 2 1 1 2105 2106 2104
5245 2 2 1 1 2283 3209 3204
5246 2 2 1 1 2920 6405 2925
5247 2 2 1 1 4198 5516 5515
5248 2 2 1 1 2182 7643 5988
5249 2 2 1 1 4357 7376 5104
5250 2 2 1 1 1365 6760 6759
5251 2 2 1 1 4222 4223 3980
5252 2 2 1 1 5686 6362 2969
5253 2 2 1 1 1999 3058 2000
5254 2 2 1 1 3132 3133 3105
5255 2 2 1 1 5185 5187 5186
5256 2 2 1 1 4941 7471 4910
5257 2 2 1 1 3752 7262 4870
5258 2 2 1 1 3590 3617 3049
5259 2 2 1 1 5177 5955 5687
5260 2 2 1 1 4951 4952 4949
5261 2 2 1 1 4642 5004 3050
5262 2 2 1 1 4395 4396 4393
5263 2 2 1 1 5193 5885 5191
5264 2 2 1 1 2215 2512 2511
5265 2 2 1 1 2829 2830 2824
5266 2 2 1 1 3498 3499 3476
5267 2 2 1 1 2731 2733 2732
5268 2 2 1 1 3729 3731 3730
5269 2 2 1 1 5487 7023 3839
5270 2 2 1 1 4749 7602 5521
5271 2 2 1 1 4763 7517 4761
5272 2 2 1 1 3794 3865 3793
5273 2 2 1 1 4488 7077 5503
5274 2 2 1 1 4057 7988 4058
5275 2 2 1 1 2910 7527 2931
5276 2 2 1 1 4993 7428 2774
5277 2 2 1 1 2332 6979 5417
5278 2 2 1 1 5903 6310 5975
5279 2 2 1 1 3908 7987 3914
5280 2 2 1 1 1601 2686 1603
5281 2 2 1 1 2039 5805 2219
5282 2 2 1 1 3187 6037 3377
5283 2 2 1 1 3587 4658 3694
5284 2 2 1 1 4559 7894 1760
5285 2 2 1 1 4658 7612 5746
5286 2 2 1 1 4859 4860 4858
5287 2 2 1 1 1535 1538 1537
5288 2 2 1 1 5674 5680 5679
5289 2 2 1 1 1984 1999 1985
5290 2 2 1 1 3725 3727 3413
5291 2 2 1 1 2678 2680 2679
5292 2 2 1 1 2641 5209 2645
5293 2 2 1 1 2439 5690 3423
5294 2 2 1 1 2221 2224 2223
5295 2 2 1 1 2130 2260 2131
5296 2 2 1 1 3607 4388 4385
5297 2 2 1 1 2091 2126 2090
5298 2 2 1 1 4335 4336 4179
5299 2 2 1 1 3863 5532 3571
5300 2 2 1 1 6205 6843 1987
5301 2 2 1 1 1508 5273 4475
5302 2 2 1 1 3346 5629 5246
5303 2 2 1 1 6173 6837 3674
5304 2 2 1 1 3744 5513 3743
5305 2 2 1 1 3615 7209 6920
5306 2 2 1 1 5833 7489 4431
5307 2 2 1 1 3405 7781 5459
5308 2 2 1 1 3060 3062 3061
5309 2 2 1 1 2680 3729 3728
5310 2 2 1 1 6272 7984 4560
5311 2 2 1 1 5462 5546 5463
5312 2 2 1 1 3386 3408 3387
5313 2 2 1 1 2652 2654 2653
5314 2 2 1 1 3334 3347 3335
5315 2 2 1 1 3640 4261 4260
5316 2 2 1 1 3270 5995 2722
5317 2 2 1 1 3495 5411 2780
5318 2 2 1 1 85 6326 84
5319 2 2 1 1 3675 7317 5774
5320 2 2 1 1 4857 4858 4856
5321 2 2 1 1 5388 7966 7877
5322 2 2 1 1 3874 3875 1386
5323 2 2 1 1 5094 5096 5095
5324 2 2 1 1 2250 2252 2251
5325 2 2 1 1 1345 7414 6594
5326 2 2 1 1 7252 7430 3935
5327 2 2 1 1 3656 4530 4529
5328 2 2 1 1 6787 7075 2484
5329 2 2 1 1 3224 5854 2508
5330 2 2 1 1 2821 8008 2855
5331 2 2 1 1 4643 4644 3865
5332 2 2 1 1 2412 2920 2402
5333 2 2 1 1 7452 7779 2858
5334 2 2 1 1 4498 4740 4497
5335 2 2 1 1 3620 5976 4291
5336 2 2 1 1 1968 1984 1969
5337 2 2 1 1 5071 5072 5069
5338 2 2 1 1 5170 5172 5171
5339 2 2 1 1 4159 5453 4221
5340 2 2 1 1 2721 2723 2722
5341 2 2 1 1 6967 7338 2082
5342 2 2 1 1 4021 6102 5749
5343 2 2 1 1 5366 7696 5365
5344 2 2 1 1 1955 1957 1956
5345 2 2 1 1 3070 3072 3071
5346 2 2 1 1 4241 4907 3441
5347 2 2 1 1 3555 5248 3929
5348 2 2 1 1 5096 5098 5097
5349 2 2 1 1 4931 4932 4930
5350 2 2 1 1 4020 6102 4021
5351 2 2 1 1 5819 6519 5818
5352 2 2 1 1 2929 5107 3222
5353 2 2 1 1 5357 6968 4155
5354 2 2 1 1 2019 5983 5267
5355 2 2 1 1 7248 7451 4443
5356 2 2 1 1 2813 2814 2812
5357 2 2 1 1 4855 4856 4854
5358 2 2 1 1 2399 2400 2398
5359 2 2 1 1 2550 3398 2552
5360 2 2 1 1 2397 2398 2396
5361 2 2 1 1 3936 6313 5728
5362 2 2 1 1 3941 5951 2264
5363 2 2 1 1 2660 2662 2661
5364 2 2 1 1 2395 2396 2394
5365 2 2 1 1 4146 5304 4147
5366 2 2 1 1 3217 3386 3219
5367 2 2 1 1 4861 4862 4860
5368 2 2 1 1 1613 1614 1612
5369 2 2 1 1 1962 1968 1963
5370 2 2 1 1 5261 6092 4831
5371 2 2 1 1 4183 7613 4184
5372 2 2 1 1 1205 5900 1446
5373 2 2 1 1 7045 7046 1044
5374 2 2 1 1 2555 2558 2557
5375 2 2 1 1 5098 5100 5099
5376 2 2 1 1 5845 5848 5847
5377 2 2 1 1 5707 5708 2201
5378 2 2 1 1 5453 6997 1444
5379 2 2 1 1 3067 3070 3068
5380 2 2 1 1 6701 8060 4509
5381 2 2 1 1 4230 7326 5440
5382 2 2 1 1 3343 3662 3661
5383 2 2 1 1 2107 2108 2106
5384 2 2 1 1 2509 3170 2683
5385 2 2 1 1 2654 2656 2655
5386 2 2 1 1 2658 2660 2659
5387 2 2 1 1 1196 6059 1197
5388 2 2 1 1 1174 6028 1175
5389 2 2 1 1 2656 2658 2657
5390 2 2 1 1 2676 2678 2677
5391 2 2 1 1 4141 7200 5595
5392 2 2 1 1 3286 5774 3689
5393 2 2 1 1 5253 7962 4515
5394 2 2 1 1 3347 3575 3348
5395 2 2 1 1 3492 5611 3975
5396 2 2 1 1 3906 7703 7300
5397 2 2 1 1 5518 5863 5474
5398 2 2 1 1 4596 6754 4867
5399 2 2 1 1 5176 7919 5196
5400 2 2 1 1 5844 8059 1443
5401 2 2 1 1 4301 4628 4627
5402 2 2 1 1 4105 6016 5925
5403 2 2 1 1 3408 3582 3409
5404 2 2 1 1 2662 2664 2663
5405 2 2 1 1 4446 4447 4114
5406 2 2 1 1 3493 3938 3241
5407 2 2 1 1 5168 5170 5169
5408 2 2 1 1 6384 6385 4397
5409 2 2 1 1 3104 3105 3103
5410 2 2 1 1 4699 5373 4700
5411 2 2 1 1 2176 2178 2177
5412 2 2 1 1 2670 2702 2701
5413 2 2 1 1 5190 7242 5195
5414 2 2 1 1 2506 2527 2507
5415 2 2 1 1 3065 3067 3066
5416 2 2 1 1 3799 4105 3798
5417 2 2 1 1 4927 4928 4925
5418 2 2 1 1 3603 5668 4044
5419 2 2 1 1 3962 5760 5759
5420 2 2 1 1 5957 6280 5571
5421 2 2 1 1 1957 1962 1958
5422 2 2 1 1 4123 4520 3351
5423 2 2 1 1 4457 4458 4454
5424 2 2 1 1 2152 2158 2155
5425 2 2 1 1 3787 5854 3224
5426 2 2 1 1 5328 7943 3485
5427 2 2 1 1 1627 5793 1629
5428 2 2 1 1 4043 7744 4991
5429 2 2 1 1 2687 7263 3752
5430 2 2 1 1 5992 6471 5993
5431 2 2 1 1 2255 7840 2252
5432 2 2 1 1 3779 3780 3477
5433 2 2 1 1 7433 7664 5209
5434 2 2 1 1 1631 1633 1632
5435 2 2 1 1 5087 7550 4458
5436 2 2 1 1 5531 7116 3718
5437 2 2 1 1 6291 6987 4733
5438 2 2 1 1 2668 2670 2669
5439 2 2 1 1 184 7451 7247
5440 2 2 1 1 4133 7304 3823
5441 2 2 1 1 4194 4196 4195
5442 2 2 1 1 1753 3405 2150
5443 2 2 1 1 2824 7460 2822
5444 2 2 1 1 4192 4194 4193
5445 2 2 1 1 5078 5079 5077
5446 2 2 1 1 3338 7787 4585
5447 2 2 1 1 2243 7523 2242
5448 2 2 1 1 4402 5886 4403
5449 2 2 1 1 5786 5787 1349
5450 2 2 1 1 2702 2704 2703
5451 2 2 1 1 2815 2816 2814
5452 2 2 1 1 2664 2666 2665
5453 2 2 1 1 2719 2721 2720
5454 2 2 1 1 2819 2820 2816
5455 2 2 1 1 3062 3065 3063
5456 2 2 1 1 4924 4925 4923
5457 2 2 1 1 4076 7848 6237
5458 2 2 1 1 2393 2394 2392
5459 2 2 1 1 4355 5649 4086
5460 2 2 1 1 2666 2668 2667
5461 2 2 1 1 1197 6059 1464
5462 2 2 1 1 2127 2217 2126
5463 2 2 1 1 4712 6305 4713
5464 2 2 1 1 3184 3256 3255
5465 2 2 1 1 3860 7007 4218
5466 2 2 1 1 2527 5610 2507
5467 2 2 1 1 1676 1704 1677
5468 2 2 1 1 1200 5844 1443
5469 2 2 1 1 5504 5904 4051
5470 2 2 1 1 5006 7578 6906
5471 2 2 1 1 2163 4070 2273
5472 2 2 1 1 4012 5548 5274
5473 2 2 1 1 2038 2044 2029
5474 2 2 1 1 1152 7131 1153
5475 2 2 1 1 1566 1567 1565
5476 2 2 1 1 3072 7976 5965
5477 2 2 1 1 3536 3700 3699
5478 2 2 1 1 4126 4894 4125
5479 2 2 1 1 3523 7666 4289
5480 2 2 1 1 1674 1676 1675
5481 2 2 1 1 4665 4666 3814
5482 2 2 1 1 3907 7068 5598
5483 2 2 1 1 5272 6951 4714
5484 2 2 1 1 6781 7372 5104
5485 2 2 1 1 4762 5427 5426
5486 2 2 1 1 2016 7427 4982
5487 2 2 1 1 2708 3184 3183
5488 2 2 1 1 3100 3101 3099
5489 2 2 1 1 4223 6443 3980
5490 2 2 1 1 6622 7691 1748
5491 2 2 1 1 1781 6244 6026
5492 2 2 1 1 1636 1674 1669
5493 2 2 1 1 4219 7728 3828
5494 2 2 1 1 2706 2708 2707
5495 2 2 1 1 3582 3997 3583
5496 2 2 1 1 2389 2390 2387
5497 2 2 1 1 3865 5750 3793
5498 2 2 1 1 3256 3258 3257
5499 2 2 1 1 2704 2706 2705
5500 2 2 1 1 1564 1565 1563
5501 2 2 1 1 1615 1616 1614
5502 2 2 1 1 4141 5598 3946
5503 2 2 1 1 3573 5068 3450
5504 2 2 1 1 5739 5741 3931
5505 2 2 1 1 2245 2250 2246
5506 2 2 1 1 2544 3320 2200
5507 2 2 1 1 3320 5780 2200
5508 2 2 1 1 5117 5119 5118
5509 2 2 1 1 3919 7537 5001
5510 2 2 1 1 3321 3322 3320
5511 2 2 1 1 5417 7359 2332
5512 2 2 1 1 4402 4403 4400
5513 2 2 1 1 3278 5866 3675
5514 2 2 1 1 4364 7513 3664
5515 2 2 1 1 3828 7728 7187
5516 2 2 1 1 2582 2584 2583
5517 2 2 1 1 2584 2586 2585
5518 2 2 1 1 6427 7467 2093
5519 2 2 1 1 3258 3260 3259
5520 2 2 1 1 3945 7796 5288
5521 2 2 1 1 5496 7145 3864
5522 2 2 1 1 2101 5716 1592
5523 2 2 1 1 4456 5964 5536
5524 2 2 1 1 3493 5517 3938
5525 2 2 1 1 3463 6079 3140
5526 2 2 1 1 3260 3324 3323
5527 2 2 1 1 5389 7113 3626
5528 2 2 1 1 3747 7142 3748
5529 2 2 1 1 5724 5725 4369
5530 2 2 1 1 4811 7163 5235
5531 2 2 1 1 2580 2582 2581
5532 2 2 1 1 5402 6872 6045
5533 2 2 1 1 2142 5562 2086
5534 2 2 1 1 3768 4111 3767
5535 2 2 1 1 3895 3896 3877
5536 2 2 1 1 4691 6254 2871
5537 2 2 1 1 3365 7119 3367
5538 2 2 1 1 1558 1559 1557
5539 2 2 1 1 3641 4525 3544
5540 2 2 1 1 1739 5884 1702
5541 2 2 1 1 4689 6087 5612
5542 2 2 1 1 5859 7734 3527
5543 2 2 1 1 2807 2808 2806
5544 2 2 1 1 1451 6901 5783
5545 2 2 1 1 4907 5620 3441
5546 2 2 1 1 3683 3767 3617
5547 2 2 1 1 4039 5721 3822
5548 2 2 1 1 4309 7382 6549
5549 2 2 1 1 4913 4914 4912
5550 2 2 1 1 3238 5927 2538
5551 2 2 1 1 1562 1563 1561
5552 2 2 1 1 3119 3144 3120
5553 2 2 1 1 2586 2592 2591
5554 2 2 1 1 1386 5244 3895
5555 2 2 1 1 1695 2278 1697
5556 2 2 1 1 4110 6894 5581
5557 2 2 1 1 3943 4545 3470
5558 2 2 1 1 2122 6846 4144
5559 2 2 1 1 2219 5690 2439
5560 2 2 1 1 4441 6945 6943
5561 2 2 1 1 4115 4287 4285
5562 2 2 1 1 3997 3999 3998
5563 2 2 1 1 4849 5895 4848
5564 2 2 1 1 3168 4717 4710
5565 2 2 1 1 3972 6003 4235
5566 2 2 1 1 5227 5938 5378
5567 2 2 1 1 1472 5628 1166
5568 2 2 1 1 2594 2596 2595
5569 2 2 1 1 2384 2387 2383
5570 2 2 1 1 3447 6548 5749
5571 2 2 1 1 2596 2717 2716
5572 2 2 1 1 6077 7622 4407
5573 2 2 1 1 5276 6691 5857
5574 2 2 1 1 2109 2110 2108
5575 2 2 1 1 2592 2594 2593
5576 2 2 1 1 5227 7748 7739
5577 2 2 1 1 5221 5932 5222
5578 2 2 1 1 3623 5298 4825
5579 2 2 1 1 2858 7779 3698
5580 2 2 1 1 4971 7991 4972
5581 2 2 1 1 5166 5168 5167
5582 2 2 1 1 3813 3814 3339
5583 2 2 1 1 2439 3423 2636
5584 2 2 1 1 3669 5701 5700
5585 2 2 1 1 4718 4721 4720
5586 2 2 1 1 4922 4923 4921
5587 2 2 1 1 2219 5805 5690
5588 2 2 1 1 4062 6379 1343
5589 2 2 1 1 4288 6097 4197
5590 2 2 1 1 4933 5054 4934
5591 2 2 1 1 3647 4152 3645
5592 2 2 1 1 2374 2375 2373
5593 2 2 1 1 3423 4759 3424
5594 2 2 1 1 2500 4888 4887
5595 2 2 1 1 2433 6171 6137
5596 2 2 1 1 3849 3850 3848
5597 2 2 1 1 3821 5843 2284
5598 2 2 1 1 2376 2377 2375
5599 2 2 1 1 5979 7691 5980
5600 2 2 1 1 5445 5891 5617
5601 2 2 1 1 4096 4131 3727
5602 2 2 1 1 2047 2050 2049
5603 2 2 1 1 5119 5121 5120
5604 2 2 1 1 5670 5677 5669
5605 2 2 1 1 2809 2810 2808
5606 2 2 1 1 2378 2379 2377
5607 2 2 1 1 2380 2381 2379
5608 2 2 1 1 5324 7989 5323
5609 2 2 1 1 5003 7819 3920
5610 2 2 1 1 4979 8063 4978
5611 2 2 1 1 2232 2234 2233
5612 2 2 1 1 1592 5716 1594
5613 2 2 1 1 4128 5812 5370
5614 2 2 1 1 3324 3365 3364
5615 2 2 1 1 3383 4077 3141
5616 2 2 1 1 4322 6974 4326
5617 2 2 1 1 2015 5755 5522
5618 2 2 1 1 4924 6057 4927
5619 2 2 1 1 1617 1618 1616
5620 2 2 1 1 2097 5754 3415
5621 2 2 1 1 6752 7785 5182
5622 2 2 1 1 5725 5727 4369
5623 2 2 1 1 1175 6028 1457
5624 2 2 1 1 5190 5859 5858
5625 2 2 1 1 1345 7118 5083
5626 2 2 1 1 2234 2239 2235
5627 2 2 1 1 3947 6483 4448
5628 2 2 1 1 3131 7732 5612
5629 2 2 1 1 3225 5856 2456
5630 2 2 1 1 2080 7715 5661
5631 2 2 1 1 2097 3415 2024
5632 2 2 1 1 3791 3792 3167
5633 2 2 1 1 5020 5905 5495
5634 2 2 1 1 2034 5599 4689
5635 2 2 1 1 1472 6168 5628
5636 2 2 1 1 4132 4887 4131
5637 2 2 1 1 5052 5578 3463
5638 2 2 1 1 5138 5140 5139
5639 2 2 1 1 5241 7758 5243
5640 2 2 1 1 5506 6482 2098
5641 2 2 1 1 2578 2580 2579
5642 2 2 1 1 2365 5619 2366
5643 2 2 1 1 1933 7167 1935
5644 2 2 1 1 5283 5972 5284
5645 2 2 1 1 5031 6230 5032
5646 2 2 1 1 3056 3057 3055
5647 2 2 1 1 4793 4805 4794
5648 2 2 1 1 3666 7042 5943
5649 2 2 1 1 1700 2035 1731
5650 2 2 1 1 2224 2226 2225
5651 2 2 1 1 4282 5696 4283
5652 2 2 1 1 3316 5436 1588
5653 2 2 1 1 3999 5047 4000
5654 2 2 1 1 1165 5628 1466
5655 2 2 1 1 2239 2243 2242
5656 2 2 1 1 5121 5123 5122
5657 2 2 1 1 3842 5282 5279
5658 2 2 1 1 5679 7924 2033
5659 2 2 1 1 4969 6747 4970
5660 2 2 1 1 3145 6321 3148
5661 2 2 1 1 5125 5127 5126
5662 2 2 1 1 1560 1561 1559
5663 2 2 1 1 2226 2232 2231
5664 2 2 1 1 1712 1713 1711
5665 2 2 1 1 3358 3359 3322
5666 2 2 1 1 2370 2373 2369
5667 2 2 1 1 4475 5449 1510
5668 2 2 1 1 5975 6949 5903
5669 2 2 1 1 5153 5155 5154
5670 2 2 1 1 5822 7319 6438
5671 2 2 1 1 1895 5834 1897
5672 2 2 1 1 2921 5865 2539
5673 2 2 1 1 6972 6973 4326
5674 2 2 1 1 4186 6919 6918
5675 2 2 1 1 2138 2165 2100
5676 2 2 1 1 7059 7179 6583
5677 2 2 1 1 4109 6981 4108
5678 2 2 1 1 5478 7587 2212
5679 2 2 1 1 4077 6701 4509
5680 2 2 1 1 4915 4916 4914
5681 2 2 1 1 3851 5406 3850
5682 2 2 1 1 3812 5773 2106
5683 2 2 1 1 6085 6743 3654
5684 2 2 1 1 5674 5679 5672
5685 2 2 1 1 3209 3472 3204
5686 2 2 1 1 2276 2286 2275
5687 2 2 1 1 1710 1711 1708
5688 2 2 1 1 4818 7496 4822
5689 2 2 1 1 3163 3821 2284
5690 2 2 1 1 3785 4245 3238
5691 2 2 1 1 6731 6733 6732
5692 2 2 1 1 4159 4221 3500
5693 2 2 1 1 5127 5130 5129
5694 2 2 1 1 3739 7908 4827
5695 2 2 1 1 4713 6149 4711
5696 2 2 1 1 3879 7182 4686
5697 2 2 1 1 5047 5049 5048
5698 2 2 1 1 2447 4633 3968
5699 2 2 1 1 4174 6414 6410
5700 2 2 1 1 4005 5266 4006
5701 2 2 1 1 2803 2804 2802
5702 2 2 1 1 2558 2560 2559
5703 2 2 1 1 2111 2112 2110
5704 2 2 1 1 3700 3781 3701
5705 2 2 1 1 3361 4267 4174
5706 2 2 1 1 4138 6704 4140
5707 2 2 1 1 5149 5153 5152
5708 2 2 1 1 6528 7876 7248
5709 2 2 1 1 1099 7148 1098
5710 2 2 1 1 5949 6929 5737
5711 2 2 1 1 1573 6457 5748
5712 2 2 1 1 2361 2362 2360
5713 2 2 1 1 2139 3588 2414
5714 2 2 1 1 2365 2366 2364
5715 2 2 1 1 4609 4854 4595
5716 2 2 1 1 4918 4919 4916
5717 2 2 1 1 1619 1620 1618
5718 2 2 1 1 1894 7909 5450
5719 2 2 1 1 1978 5899 1825
5720 2 2 1 1 2363 2364 2362
5721 2 2 1 1 3862 5487 3861
5722 2 2 1 1 5462 5463 1331
5723 2 2 1 1 2507 5610 2509
5724 2 2 1 1 2562 2565 2564
5725 2 2 1 1 2560 2562 2561
5726 2 2 1 1 6862 6978 1425
5727 2 2 1 1 5755 7607 3581
5728 2 2 1 1 2686 5569 1603
5729 2 2 1 1 4807 5479 5398
5730 2 2 1 1 3278 3675 3280
5731 2 2 1 1 3903 7684 7239
5732 2 2 1 1 1641 1643 1642
5733 2 2 1 1 3098 3099 3097
5734 2 2 1 1 3749 4323 4251
5735 2 2 1 1 3092 3093 3057
5736 2 2 1 1 1611 1612 1587
5737 2 2 1 1 4978 8010 3184
5738 2 2 1 1 2565 2567 2566
5739 2 2 1 1 5244 5791 3896
5740 2 2 1 1 5136 5138 5137
5741 2 2 1 1 5744 6259 4380
5742 2 2 1 1 3649 7211 5382
5743 2 2 1 1 5642 7873 1163
5744 2 2 1 1 5281 7073 3770
5745 2 2 1 1 3714 6004 3223
5746 2 2 1 1 6065 6203 1351
5747 2 2 1 1 2346 7693 7618
5748 2 2 1 1 6017 6018 1187
5749 2 2 1 1 3398 5710 5709
5750 2 2 1 1 3741 3742 3740
5751 2 2 1 1 4377 7121 4375
5752 2 2 1 1 3346 5246 3949
5753 2 2 1 1 1059 5729 1058
5754 2 2 1 1 1706 2693 1693
5755 2 2 1 1 3046 5587 3047
5756 2 2 1 1 4480 6934 4479
5757 2 2 1 1 3394 4584 4103
5758 2 2 1 1 5130 5132 5131
5759 2 2 1 1 5049 5051 5050
5760 2 2 1 1 5879 6860 3971
5761 2 2 1 1 6583 7179 6580
5762 2 2 1 1 5235 6098 5236
5763 2 2 1 1 4521 4901 4520
5764 2 2 1 1 2567 2569 2568
5765 2 2 1 1 4189 4192 4191
5766 2 2 1 1 4560 7518 2440
5767 2 2 1 1 6246 7634 5208
5768 2 2 1 1 2569 2575 2574
5769 2 2 1 1 5385 6134 4803
5770 2 2 1 1 3828 7058 4219
5771 2 2 1 1 5132 5134 5133
5772 2 2 1 1 4846 6705 4845
5773 2 2 1 1 4198 5515 3508
5774 2 2 1 1 5918 7251 5919
5775 2 2 1 1 2031 5884 1739
5776 2 2 1 1 3017 3924 3018
5777 2 2 1 1 5068 5640 3450
5778 2 2 1 1 2947 4981 3480
5779 2 2 1 1 3818 7273 4062
5780 2 2 1 1 3137 7786 3143
5781 2 2 1 1 2359 2360 2358
5782 2 2 1 1 4573 7426 4570
5783 2 2 1 1 5162 5164 5163
5784 2 2 1 1 5100 5702 5099
5785 2 2 1 1 5581 7753 4110
5786 2 2 1 1 3371 3924 3017
5787 2 2 1 1 7648 7954 1168
5788 2 2 1 1 5039 7075 5660
5789 2 2 1 1 5983 7296 3778
5790 2 2 1 1 4313 7595 5065
5791 2 2 1 1 5140 5143 5142
5792 2 2 1 1 5473 7690 2542
5793 2 2 1 1 6418 7163 3453
5794 2 2 1 1 4362 5288 5287
5795 2 2 1 1 5666 6668 4879
5796 2 2 1 1 3054 3055 3053
5797 2 2 1 1 7292 7975 5082
5798 2 2 1 1 3139 3383 3141
5799 2 2 1 1 3286 3492 3491
5800 2 2 1 1 3094 3095 3093
5801 2 2 1 1 2207 5355 2208
5802 2 2 1 1 3365 3367 3366
5803 2 2 1 1 3682 4460 3318
5804 2 2 1 1 4722 7860 4720
5805 2 2 1 1 5888 6205 2529
5806 2 2 1 1 1621 1622 1620
5807 2 2 1 1 4459 4461 4458
5808 2 2 1 1 3596 3919 3598
5809 2 2 1 1 5690 7141 3423
5810 2 2 1 1 3667 5111 3383
5811 2 2 1 1 5147 5149 5148
5812 2 2 1 1 1578 1579 1576
5813 2 2 1 1 1714 1728 1713
5814 2 2 1 1 3677 4236 3359
5815 2 2 1 1 1484 5869 1208
5816 2 2 1 1 2086 5562 2124
5817 2 2 1 1 3689 5959 5611
5818 2 2 1 1 1680 5813 5606
5819 2 2 1 1 5998 7309 5252
5820 2 2 1 1 5848 7236 3673
5821 2 2 1 1 3582 7400 4001
5822 2 2 1 1 1643 1645 1644
5823 2 2 1 1 2158 2193 2159
5824 2 2 1 1 2193 2220 2194
5825 2 2 1 1 1757 1762 1755
5826 2 2 1 1 2995 3404 2999
5827 2 2 1 1 2266 5951 2506
5828 2 2 1 1 4967 5451 5035
5829 2 2 1 1 3282 3286 3285
5830 2 2 1 1 3603 4044 3787
5831 2 2 1 1 2179 2212 2181
5832 2 2 1 1 5280 6883 3769
5833 2 2 1 1 2340 2341 2339
5834 2 2 1 1 3214 3215 2199
5835 2 2 1 1 2342 2343 2341
5836 2 2 1 1 1724 2270 1722
5837 2 2 1 1 2211 2493 2491
5838 2 2 1 1 5703 6518 3486
5839 2 2 1 1 2338 2339 2337
5840 2 2 1 1 5232 7821 3415
5841 2 2 1 1 5382 7421 5381
5842 2 2 1 1 2344 2345 2343
5843 2 2 1 1 4730 5874 5873
5844 2 2 1 1 1720 2033 1718
5845 2 2 1 1 4462 4463 4461
5846 2 2 1 1 2645 7651 5400
5847 2 2 1 1 5671 5678 5675
5848 2 2 1 1 2634 6829 6828
5849 2 2 1 1 1645 1647 1646
5850 2 2 1 1 4714 6265 4715
5851 2 2 1 1 2346 2347 2345
5852 2 2 1 1 2103 2105 2104
5853 2 2 1 1 4436 4785 3606
5854 2 2 1 1 2202 5858 5693
5855 2 2 1 1 4016 4089 3780
5856 2 2 1 1 4091 5265 4092
5857 2 2 1 1 2509 5610 3170
5858 2 2 1 1 2054 2060 2055
5859 2 2 1 1 5881 5882 4093
5860 2 2 1 1 2846 6152 6001
5861 2 2 1 1 4260 7713 5245
5862 2 2 1 1 3215 5659 3217
5863 2 2 1 1 5143 5145 5144
5864 2 2 1 1 1121 7539 1333
5865 2 2 1 1 2348 2349 2347
5866 2 2 1 1 2260 5457 2261
5867 2 2 1 1 3717 6004 3714
5868 2 2 1 1 3054 7806 3056
5869 2 2 1 1 2797 2798 2796
5870 2 2 1 1 4615 4616 4463
5871 2 2 1 1 5992 5993 5991
5872 2 2 1 1 1741 2448 1726
5873 2 2 1 1 2101 5954 5716
5874 2 2 1 1 2191 2207 2192
5875 2 2 1 1 4976 8063 4977
5876 2 2 1 1 5402 6045 3443
5877 2 2 1 1 2355 2356 2354
5878 2 2 1 1 1647 1649 1648
5879 2 2 1 1 2351 2352 2349
5880 2 2 1 1 1623 1624 1622
5881 2 2 1 1 5553 6521 3732
5882 2 2 1 1 1690 1703 1702
5883 2 2 1 1 4532 5498 4535
5884 2 2 1 1 3172 5853 2683
5885 2 2 1 1 3398 5709 2552
5886 2 2 1 1 3492 3975 3866
5887 2 2 1 1 5608 5830 5609
5888 2 2 1 1 3371 7770 3924
5889 2 2 1 1 5321 5975 5974
5890 2 2 1 1 2353 2354 2352
5891 2 2 1 1 5685 6372 4225
5892 2 2 1 1 2253 7324 6319
5893 2 2 1 1 2052 2054 2053
5894 2 2 1 1 4515 5252 5251
5895 2 2 1 1 3469 4361 3944
5896 2 2 1 1 4044 4046 4045
5897 2 2 1 1 4958 4966 4962
5898 2 2 1 1 3781 3815 3782
5899 2 2 1 1 6850 7644 2518
5900 2 2 1 1 3553 3789 3788
5901 2 2 1 1 4546 4637 4545
5902 2 2 1 1 1649 1652 1651
5903 2 2 1 1 4349 5360 3136
5904 2 2 1 1 4135 4136 2031
5905 2 2 1 1 4340 7222 4338
5906 2 2 1 1 6610 7507 2119
5907 2 2 1 1 7262 7979 4870
5908 2 2 1 1 1795 1796 1794
5909 2 2 1 1 2457 2458 2456
5910 2 2 1 1 5362 6870 3038
5911 2 2 1 1 1017 7184 1016
5912 2 2 1 1 3171 7490 3800
5913 2 2 1 1 5940 5942 2922
5914 2 2 1 1 4228 5481 3885
5915 2 2 1 1 2117 5769 2130
5916 2 2 1 1 3792 6035 5840
5917 2 2 1 1 5579 5581 1462
5918 2 2 1 1 3330 6113 5408
5919 2 2 1 1 3251 4734 4726
5920 2 2 1 1 2554 3008 2551
5921 2 2 1 1 3319 3390 3283
5922 2 2 1 1 2185 2191 2186
5923 2 2 1 1 2520 4028 3910
5924 2 2 1 1 5726 7620 5725
5925 2 2 1 1 3938 7115 5549
5926 2 2 1 1 4147 5303 5302
5927 2 2 1 1 6499 7776 2621
5928 2 2 1 1 4017 7400 3408
5929 2 2 1 1 2336 2337 2335
5930 2 2 1 1 2014 6857 5249
5931 2 2 1 1 6194 7977 4738
5932 2 2 1 1 3952 4110 3633
5933 2 2 1 1 4003 6956 4004
5934 2 2 1 1 2920 2921 2539
5935 2 2 1 1 3370 4487 4048
5936 2 2 1 1 5781 7968 4223
5937 2 2 1 1 1790 1794 1789
5938 2 2 1 1 6018 6464 1465
5939 2 2 1 1 4658 5746 3694
5940 2 2 1 1 1652 1654 1653
5941 2 2 1 1 5388 5389 3626
5942 2 2 1 1 3239 5550 4247
5943 2 2 1 1 1815 1816 1814
5944 2 2 1 1 2799 2800 2798
5945 2 2 1 1 4707 6149 5272
5946 2 2 1 1 4277 4282 4279
5947 2 2 1 1 5438 7931 4525
5948 2 2 1 1 2157 3959 2154
5949 2 2 1 1 4093 4095 4094
5950 2 2 1 1 2939 2942 2941
5951 2 2 1 1 2297 2298 2296
5952 2 2 1 1 1810 1814 1809
5953 2 2 1 1 1797 1798 1796
5954 2 2 1 1 4481 7303 1461
5955 2 2 1 1 5292 6663 5650
5956 2 2 1 1 1625 1626 1624
5957 2 2 1 1 6477 6692 4157
5958 2 2 1 1 4967 5035 5034
5959 2 2 1 1 3632 3633 3390
5960 2 2 1 1 4237 4500 4236
5961 2 2 1 1 3386 3387 3219
5962 2 2 1 1 2299 2300 2298
5963 2 2 1 1 2183 2185 2184
5964 2 2 1 1 2295 2296 2294
5965 2 2 1 1 1799 1803 1798
5966 2 2 1 1 6290 6291 5345
5967 2 2 1 1 3804 5344 5343
5968 2 2 1 1 1750 1754 1735
5969 2 2 1 1 2166 2268 2165
5970 2 2 1 1 4630 7905 1215
5971 2 2 1 1 2301 2302 2300
5972 2 2 1 1 1817 1818 1816
5973 2 2 1 1 2465 2466 2464
5974 2 2 1 1 1733 2202 1730
5975 2 2 1 1 1654 1656 1655
5976 2 2 1 1 1808 1809 1807
5977 2 2 1 1 2105 2107 2106
5978 2 2 1 1 2303 2304 2302
5979 2 2 1 1 1703 1740 1739
5980 2 2 1 1 1819 1820 1818
5981 2 2 1 1 5578 6079 3463
5982 2 2 1 1 4577 4578 1429
5983 2 2 1 1 1568 1569 1567
5984 2 2 1 1 6783 6784 5409
5985 2 2 1 1 2480 3239 2479
5986 2 2 1 1 1788 1789 1787
5987 2 2 1 1 2315 2316 2314
5988 2 2 1 1 4721 4723 4722
5989 2 2 1 1 1804 1805 1803
5990 2 2 1 1 2313 2314 2312
5991 2 2 1 1 2467 2468 2466
5992 2 2 1 1 2463 2464 2462
5993 2 2 1 1 3046 3047 3045
5994 2 2 1 1 2317 2318 2316
5995 2 2 1 1 2477 2479 2476
5996 2 2 1 1 2269 2288 2268
5997 2 2 1 1 3913 6583 6582
5998 2 2 1 1 2471 2472 2470
5999 2 2 1 1 5510 7181 5511
6000 2 2 1 1 2330 2331 2329
6001 2 2 1 1 2144 6716 5875
6002 2 2 1 1 2311 2312 2310
6003 2 2 1 1 1964 6348 5936
6004 2 2 1 1 5109 7246 6029
6005 2 2 1 1 1821 1822 1820
6006 2 2 1 1 2305 2306 2304
6007 2 2 1 1 2461 2462 2460
6008 2 2 1 1 2469 2470 2468
6009 2 2 1 1 3041 3042 3040
6010 2 2 1 1 1772 1773 1771
6011 2 2 1 1 6950 7936 1442
6012 2 2 1 1 2927 5865 2921
6013 2 2 1 1 2050 2052 2051
6014 2 2 1 1 4013 4451 3445
6015 2 2 1 1 2309 2310 2308
6016 2 2 1 1 3170 3414 3171
6017 2 2 1 1 4047 4515 4321
6018 2 2 1 1 2473 2474 2472
6019 2 2 1 1 2328 2329 2326
6020 2 2 1 1 751 5743 750
6021 2 2 1 1 2319 2320 2318
6022 2 2 1 1 2459 2460 2458
6023 2 2 1 1 2307 2308 2306
6024 2 2 1 1 4931 7215 6034
6025 2 2 1 1 1211 6020 1487
6026 2 2 1 1 1806 1807 1805
6027 2 2 1 1 2325 2326 2324
6028 2 2 1 1 2323 2324 2322
6029 2 2 1 1 2494 2696 2496
6030 2 2 1 1 5528 6731 4480
6031 2 2 1 1 4245 5927 3238
6032 2 2 1 1 2402 2920 2539
6033 2 2 1 1 3965 5883 5275
6034 2 2 1 1 5792 6403 4229
6035 2 2 1 1 2475 2476 2474
6036 2 2 1 1 3408 3409 3387
6037 2 2 1 1 5272 7249 6951
6038 2 2 1 1 1627 1628 1626
6039 2 2 1 1 2321 2322 2320
6040 2 2 1 1 2603 2606 2600
6041 2 2 1 1 4152 5855 3645
6042 2 2 1 1 2289 2290 2288
6043 2 2 1 1 3350 4374 3962
6044 2 2 1 1 3896 5791 3986
6045 2 2 1 1 1823 1824 1822
6046 2 2 1 1 5593 7503 3316
6047 2 2 1 1 1656 1660 1659
6048 2 2 1 1 5438 7340 2204
6049 2 2 1 1 2885 2888 2887
6050 2 2 1 1 2075 2077 2076
6051 2 2 1 1 2293 2294 2292
6052 2 2 1 1 4090 5544 4089
6053 2 2 1 1 7152 7301 2991
6054 2 2 1 1 1382 5729 1059
6055 2 2 1 1 1588 5436 1590
6056 2 2 1 1 5248 6168 3929
6057 2 2 1 1 1827 1828 1826
6058 2 2 1 1 1829 1830 1828
6059 2 2 1 1 2204 7931 5438
6060 2 2 1 1 5595 6527 6526
6061 2 2 1 1 5908 7312 1481
6062 2 2 1 1 1770 1771 1769
6063 2 2 1 1 1825 1826 1824
6064 2 2 1 1 4810 7245 4811
6065 2 2 1 1 1831 1832 1830
6066 2 2 1 1 1774 1775 1773
6067 2 2 1 1 2007 6613 5532
6068 2 2 1 1 3932 7025 5664
6069 2 2 1 1 4239 6541 3846
6070 2 2 1 1 2038 6933 2044
6071 2 2 1 1 1776 1777 1775
6072 2 2 1 1 4606 5429 4610
6073 2 2 1 1 3815 4676 3816
6074 2 2 1 1 3322 6726 3320
6075 2 2 1 1 4547 6210 1352
6076 2 2 1 1 1629 1630 1628
6077 2 2 1 1 2291 2292 2290
6078 2 2 1 1 3520 5816 4999
6079 2 2 1 1 4791 4808 4793
6080 2 2 1 1 1727 1745 1744
6081 2 2 1 1 1833 1834 1832
6082 2 2 1 1 1786 1787 1785
6083 2 2 1 1 3662 6789 4213
6084 2 2 1 1 4499 4893 4892
6085 2 2 1 1 5638 7998 4268
6086 2 2 1 1 1441 7195 5726
6087 2 2 1 1 2270 6435 5746
6088 2 2 1 1 1778 1783 1777
6089 2 2 1 1 4044 6913 4046
6090 2 2 1 1 1835 1836 1834
6091 2 2 1 1 5192 5197 5116
6092 2 2 1 1 1745 2032 1746
6093 2 2 1 1 3341 3535 2492
6094 2 2 1 1 1481 5835 1178
6095 2 2 1 1 6142 6443 2955
6096 2 2 1 1 3044 3045 3042
6097 2 2 1 1 1837 1838 1836
6098 2 2 1 1 1660 1665 1664
6099 2 2 1 1 725 1347 724
6100 2 2 1 1 3037 3040 3036
6101 2 2 1 1 3405 5714 2150
6102 2 2 1 1 6138 7503 6231
6103 2 2 1 1 2526 3208 3207
6104 2 2 1 1 1839 1840 1838
6105 2 2 1 1 7325 7988 5757
6106 2 2 1 1 1688 7417 1970
6107 2 2 1 1 2262 2691 2260
6108 2 2 1 1 3693 3982 2863
6109 2 2 1 1 3605 5585 2541
6110 2 2 1 1 6107 7374 6218
6111 2 2 1 1 1784 1785 1783
6112 2 2 1 1 3437 7899 4417
6113 2 2 1 1 5298 5806 3959
6114 2 2 1 1 3367 3369 3368
6115 2 2 1 1 1841 1842 1840
6116 2 2 1 1 2790 2791 2789
6117 2 2 1 1 1843 1844 1842
6118 2 2 1 1 1639 1640 1638
6119 2 2 1 1 1178 5835 1179
6120 2 2 1 1 1444 7873 5453
6121 2 2 1 1 5925 6016 3951
6122 2 2 1 1 3582 3583 3409
6123 2 2 1 1 2114 5767 2117
6124 2 2 1 1 6000 7216 4152
6125 2 2 1 1 5399 7501 6147
6126 2 2 1 1 3111 4653 3090
6127 2 2 1 1 2027 7789 4852
6128 2 2 1 1 2508 5854 2505
6129 2 2 1 1 134 7272 6871
6130 2 2 1 1 3522 4464 3960
6131 2 2 1 1 5822 5956 4201
6132 2 2 1 1 4501 4502 4500
6133 2 2 1 1 5281 7259 7073
6134 2 2 1 1 6963 7320 5274
6135 2 2 1 1 1939 7489 1941
6136 2 2 1 1 5457 5551 3941
6137 2 2 1 1 2501 6234 5830
6138 2 2 1 1 2196 2283 2282
6139 2 2 1 1 3398 7191 5521
6140 2 2 1 1 3369 3579 3574
6141 2 2 1 1 2642 3753 2640
6142 2 2 1 1 2032 2086 2042
6143 2 2 1 1 1740 2029 2028
6144 2 2 1 1 4326 6974 2190
6145 2 2 1 1 5886 7771 2146
6146 2 2 1 1 4766 7067 4767
6147 2 2 1 1 4580 4581 1394
6148 2 2 1 1 3789 4039 3822
6149 2 2 1 1 5222 5405 5156
6150 2 2 1 1 2107 2109 2108
6151 2 2 1 1 5224 5387 5160
6152 2 2 1 1 5065 7595 5694
6153 2 2 1 1 4585 7787 5992
6154 2 2 1 1 2060 2062 2061
6155 2 2 1 1 5979 7831 4233
6156 2 2 1 1 5423 6770 1992
6157 2 2 1 1 3081 4093 3212
6158 2 2 1 1 1674 1675 1669
6159 2 2 1 1 3412 4897 3726
6160 2 2 1 1 2692 3276 2691
6161 2 2 1 1 3281 3326 3279
6162 2 2 1 1 3997 6716 3999
6163 2 2 1 1 2549 3457 2547
6164 2 2 1 1 4351 6021 4346
6165 2 2 1 1 2124 2196 2195
6166 2 2 1 1 4505 6856 1738
6167 2 2 1 1 3719 7420 5484
6168 2 2 1 1 4532 7088 5498
6169 2 2 1 1 6399 6402 4686
6170 2 2 1 1 4629 5917 3995
6171 2 2 1 1 3344 7204 5882
6172 2 2 1 1 6039 7767 4565
6173 2 2 1 1 4583 5433 3707
6174 2 2 1 1 4081 6334 5508
6175 2 2 1 1 6019 7992 1890
6176 2 2 1 1 2977 4091 3514
6177 2 2 1 1 1845 1846 1844
6178 2 2 1 1 1765 1769 1764
6179 2 2 1 1 3997 3998 3583
6180 2 2 1 1 139 7283 5455
6181 2 2 1 1 5212 5412 5158
6182 2 2 1 1 2545 5442 1949
6183 2 2 1 1 2544 3321 3320
6184 2 2 1 1 1489 6803 6802
6185 2 2 1 1 3708 6147 5544
6186 2 2 1 1 2616 7624 6664
6187 2 2 1 1 3592 4010 3762
6188 2 2 1 1 5516 7218 2448
6189 2 2 1 1 2283 3204 3203
6190 2 2 1 1 2874 2877 2876
6191 2 2 1 1 4407 7622 4406
6192 2 2 1 1 2086 2124 2120
6193 2 2 1 1 3242 4355 4086
6194 2 2 1 1 1446 5887 5738
6195 2 2 1 1 2169 6062 2167
6196 2 2 1 1 2644 5692 2642
6197 2 2 1 1 2793 2794 2791
6198 2 2 1 1 4802 5479 4807
6199 2 2 1 1 8010 8063 4976
6200 2 2 1 1 4595 6760 1365
6201 2 2 1 1 2056 6836 6835
6202 2 2 1 1 4123 6108 4521
6203 2 2 1 1 1763 1764 1762
6204 2 2 1 1 1665 1672 1671
6205 2 2 1 1 5722 7266 7132
6206 2 2 1 1 1169 7954 4661
6207 2 2 1 1 1443 5847 1201
6208 2 2 1 1 1476 6894 5566
6209 2 2 1 1 5288 7500 3945
6210 2 2 1 1 2112 2116 2114
6211 2 2 1 1 2072 2075 2074
6212 2 2 1 1 1580 1581 1579
6213 2 2 1 1 4376 4382 4378
6214 2 2 1 1 4078 7830 3611
6215 2 2 1 1 3472 3555 3473
6216 2 2 1 1 3534 3808 3807
6217 2 2 1 1 1855 1856 1854
6218 2 2 1 1 4563 6039 5430
6219 2 2 1 1 1715 6036 5437
6220 2 2 1 1 6085 7194 6743
6221 2 2 1 1 1857 1858 1856
6222 2 2 1 1 4558 5622 5621
6223 2 2 1 1 6627 7677 7388
6224 2 2 1 1 3716 5689 4994
6225 2 2 1 1 1853 1854 1852
6226 2 2 1 1 1847 1848 1846
6227 2 2 1 1 3555 3929 3764
6228 2 2 1 1 1186 6017 1187
6229 2 2 1 1 1331 5681 1160
6230 2 2 1 1 1859 1860 1858
6231 2 2 1 1 5921 6111 1463
6232 2 2 1 1 3277 3685 3276
6233 2 2 1 1 1851 1852 1850
6234 2 2 1 1 5667 7062 5248
6235 2 2 1 1 4210 7301 4397
6236 2 2 1 1 3929 4429 4311
6237 2 2 1 1 1721 2281 1723
6238 2 2 1 1 1849 1850 1848
6239 2 2 1 1 3650 4067 3824
6240 2 2 1 1 5518 7637 1608
6241 2 2 1 1 3999 4000 3998
6242 2 2 1 1 2070 2072 2071
6243 2 2 1 1 3206 3220 2525
6244 2 2 1 1 3130 6818 6817
6245 2 2 1 1 3647 4153 4152
6246 2 2 1 1 4638 7756 6082
6247 2 2 1 1 5568 7368 3688
6248 2 2 1 1 1701 1736 1689
6249 2 2 1 1 4661 7648 5566
6250 2 2 1 1 5313 7133 5311
6251 2 2 1 1 1542 1543 1541
6252 2 2 1 1 4623 6561 4668
6253 2 2 1 1 3510 6453 3956
6254 2 2 1 1 1586 1587 1585
6255 2 2 1 1 2942 2944 2943
6256 2 2 1 1 2649 2651 2647
6257 2 2 1 1 1672 1683 1682
6258 2 2 1 1 1584 1585 1581
6259 2 2 1 1 5301 7030 5618
6260 2 2 1 1 3918 7201 4032
6261 2 2 1 1 4210 7498 3254
6262 2 2 1 1 4567 4571 4570
6263 2 2 1 1 2633 3389 3388
6264 2 2 1 1 3163 5796 3821
6265 2 2 1 1 2522 7208 4874
6266 2 2 1 1 5233 6806 2132
6267 2 2 1 1 4132 6063 4887
6268 2 2 1 1 3381 5010 4955
6269 2 2 1 1 1166 5628 1165
6270 2 2 1 1 2944 2946 2945
6271 2 2 1 1 2946 2949 2948
6272 2 2 1 1 5083 5084 3934
6273 2 2 1 1 6666 6667 3064
6274 2 2 1 1 1213 6090 1496
6275 2 2 1 1 1155 7111 1156
6276 2 2 1 1 1998 6150 5043
6277 2 2 1 1 4247 6681 5775
6278 2 2 1 1 116 7598 1426
6279 2 2 1 1 5047 5048 4000
6280 2 2 1 1 3336 5993 1766
6281 2 2 1 1 7289 7695 6992
6282 2 2 1 1 4067 4486 4068
6283 2 2 1 1 1153 7455 5665
6284 2 2 1 1 3423 3424 2636
6285 2 2 1 1 2044 2087 2045
6286 2 2 1 1 3467 3783 3663
6287 2 2 1 1 3641 5247 4525
6288 2 2 1 1 4966 5451 4967
6289 2 2 1 1 3813 4665 3814
6290 2 2 1 1 2784 2785 2783
6291 2 2 1 1 3321 3358 3322
6292 2 2 1 1 2541 5585 3315
6293 2 2 1 1 6531 6606 3774
6294 2 2 1 1 4334 7512 3516
6295 2 2 1 1 3389 3848 3760
6296 2 2 1 1 2909 2911 2910
6297 2 2 1 1 3919 5001 3920
6298 2 2 1 1 5049 5050 5048
6299 2 2 1 1 5947 7816 2614
6300 2 2 1 1 1676 1677 1675
6301 2 2 1 1 5046 7276 1412
6302 2 2 1 1 3227 3228 3114
6303 2 2 1 1 2109 2111 2110
6304 2 2 1 1 4378 5563 4380
6305 2 2 1 1 5191 6796 5192
6306 2 2 1 1 1742 1743 1736
6307 2 2 1 1 2035 2046 2036
6308 2 2 1 1 2309 7573 2311
6309 2 2 1 1 5848 7397 6822
6310 2 2 1 1 5301 5618 3755
6311 2 2 1 1 2911 2913 2912
6312 2 2 1 1 4136 5884 2031
6313 2 2 1 1 1861 1862 1860
6314 2 2 1 1 2067 2070 2069
6315 2 2 1 1 3035 3036 3034
6316 2 2 1 1 2907 2909 2908
6317 2 2 1 1 3460 3799 3798
6318 2 2 1 1 3189 3498 3476
6319 2 2 1 1 2913 2932 2914
6320 2 2 1 1 2555 5709 2558
6321 2 2 1 1 6290 6987 6291
6322 2 2 1 1 2620 7917 6679
6323 2 2 1 1 3359 7124 6893
6324 2 2 1 1 3764 3765 3473
6325 2 2 1 1 1073 5752 1072
6326 2 2 1 1 3716 4994 3717
6327 2 2 1 1 1759 7432 5614
6328 2 2 1 1 3919 7837 4679
6329 2 2 1 1 1704 5813 1677
6330 2 2 1 1 4130 5889 4310
6331 2 2 1 1 2764 6104 2977
6332 2 2 1 1 3759 7997 5719
6333 2 2 1 1 2374 7765 4888
6334 2 2 1 1 5368 6810 4542
6335 2 2 1 1 1683 1688 1687
6336 2 2 1 1 6859 6860 5879
6337 2 2 1 1 1733 5807 2202
6338 2 2 1 1 4788 5733 2037
6339 2 2 1 1 1204 5900 1205
6340 2 2 1 1 4027 4473 4434
6341 2 2 1 1 1544 1545 1543
6342 2 2 1 1 1552 1553 1551
6343 2 2 1 1 3952 4771 4110
6344 2 2 1 1 5514 6174 5202
6345 2 2 1 1 2859 6966 3503
6346 2 2 1 1 2901 2903 2902
6347 2 2 1 1 2894 2896 2895
6348 2 2 1 1 4764 6640 5529
6349 2 2 1 1 1462 5647 1165
6350 2 2 1 1 2065 2067 2066
6351 2 2 1 1 6672 7001 6673
6352 2 2 1 1 4700 5373 4702
6353 2 2 1 1 2221 6167 2224
6354 2 2 1 1 1949 5442 1950
6355 2 2 1 1 2896 2901 2900
6356 2 2 1 1 5515 5733 4017
6357 2 2 1 1 2892 2894 2893
6358 2 2 1 1 3559 5929 5928
6359 2 2 1 1 3025 3026 3024
6360 2 2 1 1 3011 3012 3009
6361 2 2 1 1 3357 6123 1547
6362 2 2 1 1 3809 6426 5584
6363 2 2 1 1 6156 6161 2845
6364 2 2 1 1 2936 2938 2937
6365 2 2 1 1 2903 2905 2904
6366 2 2 1 1 2905 2907 2906
6367 2 2 1 1 2417 2418 2229
6368 2 2 1 1 2932 2936 2933
6369 2 2 1 1 4726 5922 4730
6370 2 2 1 1 5303 7705 5302
6371 2 2 1 1 1725 5906 5645
6372 2 2 1 1 4140 6704 5903
6373 2 2 1 1 3286 3491 3285
6374 2 2 1 1 2888 2890 2889
6375 2 2 1 1 5024 7928 5025
6376 2 2 1 1 4828 5374 4013
6377 2 2 1 1 2059 6829 4670
6378 2 2 1 1 4509 5012 4510
6379 2 2 1 1 3227 7413 4267
6380 2 2 1 1 3023 3024 3022
6381 2 2 1 1 4081 6572 6334
6382 2 2 1 1 4661 7954 7648
6383 2 2 1 1 5826 5827 3682
6384 2 2 1 1 2830 2834 2833
6385 2 2 1 1 2217 2489 2488
6386 2 2 1 1 3472 3473 3204
6387 2 2 1 1 3663 4548 4364
6388 2 2 1 1 1888 6019 1890
6389 2 2 1 1 7157 7818 7526
6390 2 2 1 1 3271 3272 2629
6391 2 2 1 1 3638 4885 4884
6392 2 2 1 1 3021 3022 3020
6393 2 2 1 1 2890 2892 2891
6394 2 2 1 1 2130 5769 2262
6395 2 2 1 1 1880 1881 1879
6396 2 2 1 1 3951 6757 5925
6397 2 2 1 1 2552 5709 2555
6398 2 2 1 1 3499 3794 3793
6399 2 2 1 1 5915 7690 5473
6400 2 2 1 1 4256 4257 4255
6401 2 2 1 1 4337 4339 4338
6402 2 2 1 1 2087 2094 2092
6403 2 2 1 1 1878 1879 1877
6404 2 2 1 1 3630 5418 5417
6405 2 2 1 1 1876 1877 1875
6406 2 2 1 1 2039 2040 1743
6407 2 2 1 1 3646 3649 3648
6408 2 2 1 1 2142 7304 5562
6409 2 2 1 1 2062 2065 2064
6410 2 2 1 1 2534 4367 3288
6411 2 2 1 1 4371 8014 4987
6412 2 2 1 1 4901 7626 2714
6413 2 2 1 1 6673 7001 3834
6414 2 2 1 1 4339 4341 4340
6415 2 2 1 1 3319 3632 3390
6416 2 2 1 1 4222 5779 4223
6417 2 2 1 1 3358 3677 3359
6418 2 2 1 1 1874 1875 1873
6419 2 2 1 1 2270 5851 1722
6420 2 2 1 1 1199 5844 1200
6421 2 2 1 1 3810 3811 3272
6422 2 2 1 1 5969 7231 3326
6423 2 2 1 1 3492 3866 3491
6424 2 2 1 1 4652 7360 4651
6425 2 2 1 1 2506 5951 2528
6426 2 2 1 1 1872 1873 1871
6427 2 2 1 1 3632 3952 3633
6428 2 2 1 1 1863 1864 1862
6429 2 2 1 1 3006 3009 3005
6430 2 2 1 1 2874 5620 2877
6431 2 2 1 1 2926 2928 2927
6432 2 2 1 1 4516 7241 3384
6433 2 2 1 1 1870 1871 1868
6434 2 2 1 1 1639 8061 5510
6435 2 2 1 1 4314 7697 5578
6436 2 2 1 1 4258 4259 4257
6437 2 2 1 1 3781 5890 3815
6438 2 2 1 1 4950 8064 4951
6439 2 2 1 1 7150 7848 6961
6440 2 2 1 1 4605 6989 4607
6441 2 2 1 1 3536 3699 3535
6442 2 2 1 1 2216 6089 5540
6443 2 2 1 1 2101 7545 5954
6444 2 2 1 1 2168 2182 2170
6445 2 2 1 1 2534 5960 4367
6446 2 2 1 1 1867 1868 1866
6447 2 2 1 1 4335 4337 4336
6448 2 2 1 1 4868 6713 4597
6449 2 2 1 1 1546 1547 1545
6450 2 2 1 1 2368 7383 5609
6451 2 2 1 1 1457 5909 1176
6452 2 2 1 1 7659 7741 2754
6453 2 2 1 1 2264 5951 2266
6454 2 2 1 1 3017 3018 3016
6455 2 2 1 1 1865 1866 1864
6456 2 2 1 1 2442 7402 7401
6457 2 2 1 1 2927 7000 5560
6458 2 2 1 1 3974 4255 3973
6459 2 2 1 1 1507 7993 1508
6460 2 2 1 1 2090 3416 1704
6461 2 2 1 1 3508 5659 3215
6462 2 2 1 1 5731 7227 4419
6463 2 2 1 1 1717 1737 1719
6464 2 2 1 1 5238 6882 5237
6465 2 2 1 1 2102 2103 2040
6466 2 2 1 1 1173 6121 1174
6467 2 2 1 1 2251 4404 3345
6468 2 2 1 1 2094 2199 2198
6469 2 2 1 1 2687 2688 2606
6470 2 2 1 1 3641 5855 5247
6471 2 2 1 1 2367 5894 5691
6472 2 2 1 1 6764 7613 4183
6473 2 2 1 1 5596 7198 1410
6474 2 2 1 1 1882 1883 1881
6475 2 2 1 1 4927 7755 5656
6476 2 2 1 1 178 6527 6525
6477 2 2 1 1 1335 5752 1073
6478 2 2 1 1 1353 7860 6868
6479 2 2 1 1 3590 6531 3775
6480 2 2 1 1 1477 5900 1204
6481 2 2 1 1 6818 7819 5003
6482 2 2 1 1 5074 6658 5072
6483 2 2 1 1 4055 6481 4056
6484 2 2 1 1 2877 2879 2878
6485 2 2 1 1 3507 4082 2792
6486 2 2 1 1 5893 7562 7038
6487 2 2 1 1 3618 3627 3218
6488 2 2 1 1 6255 6308 4085
6489 2 2 1 1 3929 4311 3764
6490 2 2 1 1 3765 5818 5817
6491 2 2 1 1 5391 7082 4345
6492 2 2 1 1 2130 2262 2260
6493 2 2 1 1 2417 6935 3604
6494 2 2 1 1 1901 1902 1900
6495 2 2 1 1 5736 5921 1463
6496 2 2 1 1 4004 5883 4002
6497 2 2 1 1 2518 7644 6163
6498 2 2 1 1 2879 2884 2883
6499 2 2 1 1 1092 7105 7099
6500 2 2 1 1 1899 1900 1898
6501 2 2 1 1 4145 5108 4066
6502 2 2 1 1 3691 5112 3627
6503 2 2 1 1 7274 7275 152
6504 2 2 1 1 3555 3764 3473
6505 2 2 1 1 2311 7573 3360
6506 2 2 1 1 5549 5550 3938
6507 2 2 1 1 4053 6596 5481
6508 2 2 1 1 1897 1898 1896
6509 2 2 1 1 3677 4237 4236
6510 2 2 1 1 2033 7096 5679
6511 2 2 1 1 3015 3016 3014
6512 2 2 1 1 1603 5569 1605
6513 2 2 1 1 2776 2777 2775
6514 2 2 1 1 7353 8014 4371
6515 2 2 1 1 2489 3325 3291
6516 2 2 1 1 4696 7454 4695
6517 2 2 1 1 3391 5926 2833
6518 2 2 1 1 4771 6936 5877
6519 2 2 1 1 4034 5745 2046
6520 2 2 1 1 3891 4684 3887
6521 2 2 1 1 3215 3217 3216
6522 2 2 1 1 3002 3003 2688
6523 2 2 1 1 1895 1896 1893
6524 2 2 1 1 7734 7880 3527
6525 2 2 1 1 3694 5746 4784
6526 2 2 1 1 4642 7373 5790
6527 2 2 1 1 2820 2823 2822
6528 2 2 1 1 3004 3005 3003
6529 2 2 1 1 3603 3787 3224
6530 2 2 1 1 2196 2282 2195
6531 2 2 1 1 5565 6699 678
6532 2 2 1 1 7423 7917 2620
6533 2 2 1 1 2283 3203 2282
6534 2 2 1 1 2152 5714 2158
6535 2 2 1 1 1892 1893 1891
6536 2 2 1 1 6441 7765 2370
6537 2 2 1 1 1703 1739 1702
6538 2 2 1 1 6975 7689 4646
6539 2 2 1 1 3554 3695 3457
6540 2 2 1 1 2282 2536 2195
6541 2 2 1 1 7447 7538 5944
6542 2 2 1 1 6627 7388 1650
6543 2 2 1 1 2502 3299 2286
6544 2 2 1 1 3643 3651 3644
6545 2 2 1 1 3122 6818 5735
6546 2 2 1 1 3254 7498 7176
6547 2 2 1 1 1890 1891 1889
6548 2 2 1 1 2778 6159 4027
6549 2 2 1 1 725 4953 1347
6550 2 2 1 1 4179 6994 4177
6551 2 2 1 1 1192 6151 1193
6552 2 2 1 1 5413 7408 5179
6553 2 2 1 1 4881 7562 5893
6554 2 2 1 1 3217 3219 3218
6555 2 2 1 1 5751 5934 3830
6556 2 2 1 1 1666 6714 4841
6557 2 2 1 1 2333 6849 4617
6558 2 2 1 1 3384 7220 4760
6559 2 2 1 1 1884 1885 1883
6560 2 2 1 1 3618 4988 3691
6561 2 2 1 1 1888 1889 1887
6562 2 2 1 1 3765 5817 3473
6563 2 2 1 1 3500 5667 3472
6564 2 2 1 1 4228 6892 5481
6565 2 2 1 1 2696 3167 2697
6566 2 2 1 1 2032 2042 1746
6567 2 2 1 1 5575 6493 4979
6568 2 2 1 1 5712 5713 4536
6569 2 2 1 1 5273 5448 4475
6570 2 2 1 1 4508 5763 3599
6571 2 2 1 1 3650 3823 3648
6572 2 2 1 1 2543 3656 3448
6573 2 2 1 1 1477 7257 5900
6574 2 2 1 1 2179 5682 2212
6575 2 2 1 1 2650 6101 5117
6576 2 2 1 1 1903 1904 1902
6577 2 2 1 1 1886 1887 1885
6578 2 2 1 1 3319 3679 3632
6579 2 2 1 1 1745 1746 1744
6580 2 2 1 1 2778 2779 2777
6581 2 2 1 1 4578 5615 4582
6582 2 2 1 1 6313 7934 2019
6583 2 2 1 1 2692 3277 3276
6584 2 2 1 1 1361 6275 6105
6585 2 2 1 1 2044 2045 2029
6586 2 2 1 1 2692 3278 3277
6587 2 2 1 1 1631 1632 1630
6588 2 2 1 1 4110 7753 3633
6589 2 2 1 1 7839 7998 5638
6590 2 2 1 1 3652 4449 3317
6591 2 2 1 1 1201 5847 1202
6592 2 2 1 1 5556 7535 3676
6593 2 2 1 1 4792 8008 4791
6594 2 2 1 1 2445 2446 2178
6595 2 2 1 1 2086 2120 2042
6596 2 2 1 1 4879 7994 4881
6597 2 2 1 1 2261 5457 3941
6598 2 2 1 1 3325 3587 3532
6599 2 2 1 1 5227 7739 5938
6600 2 2 1 1 5071 5073 5072
6601 2 2 1 1 3656 4529 3954
6602 2 2 1 1 3011 7683 3012
6603 2 2 1 1 2150 5714 2152
6604 2 2 1 1 4544 5555 3616
6605 2 2 1 1 6004 7412 3718
6606 2 2 1 1 5722 7132 6240
6607 2 2 1 1 6736 7423 2620
6608 2 2 1 1 4890 6648 2615
6609 2 2 1 1 5842 7048 1432
6610 2 2 1 1 5736 5737 3760
6611 2 2 1 1 2124 2195 2120
6612 2 2 1 1 2873 5620 2874
6613 2 2 1 1 4281 7454 5554
6614 2 2 1 1 2111 5843 2112
6615 2 2 1 1 2262 2692 2691
6616 2 2 1 1 4830 6645 2230
6617 2 2 1 1 3466 7652 4271
6618 2 2 1 1 2198 2200 2092
6619 2 2 1 1 2848 2850 2849
6620 2 2 1 1 4237 4501 4500
6621 2 2 1 1 2856 2873 2857
6622 2 2 1 1 6600 7384 7118
6623 2 2 1 1 2502 6662 3299
6624 2 2 1 1 5479 5926 3391
6625 2 2 1 1 3848 5921 5736
6626 2 2 1 1 4819 8022 4815
6627 2 2 1 1 1928 1929 1927
6628 2 2 1 1 3246 3247 2674
6629 2 2 1 1 1926 1927 1925
6630 2 2 1 1 3025 7537 3026
6631 2 2 1 1 3635 4742 4739
6632 2 2 1 1 3400 7422 6797
6633 2 2 1 1 3644 3645 3642
6634 2 2 1 1 6359 6796 1869
6635 2 2 1 1 4368 4369 3288
6636 2 2 1 1 1924 1925 1923
6637 2 2 1 1 2120 2144 2042
6638 2 2 1 1 2528 3460 2527
6639 2 2 1 1 2843 2848 2847
6640 2 2 1 1 4290 6013 3984
6641 2 2 1 1 1740 2028 1739
6642 2 2 1 1 5408 6783 5409
6643 2 2 1 1 4325 5966 5648
6644 2 2 1 1 5747 6633 3028
6645 2 2 1 1 1922 1923 1921
6646 2 2 1 1 3545 3643 3642
6647 2 2 1 1 1920 1921 1919
6648 2 2 1 1 1668 2287 1635
6649 2 2 1 1 1743 7378 1736
6650 2 2 1 1 4067 4068 3824
6651 2 2 1 1 2850 2856 2851
6652 2 2 1 1 3587 3694 3616
6653 2 2 1 1 1918 1919 1917
6654 2 2 1 1 3278 3280 3279
6655 2 2 1 1 3866 4319 3491
6656 2 2 1 1 3694 4784 4544
6657 2 2 1 1 2841 2843 2842
6658 2 2 1 1 6865 6867 6866
6659 2 2 1 1 1953 1954 1952
6660 2 2 1 1 1916 1917 1914
6661 2 2 1 1 4941 7981 5941
6662 2 2 1 1 3917 3918 3916
6663 2 2 1 1 5590 7468 5589
6664 2 2 1 1 3765 5819 5818
6665 2 2 1 1 4734 5922 4726
6666 2 2 1 1 2990 6349 5781
6667 2 2 1 1 3548 7412 3717
6668 2 2 1 1 3824 4133 3823
6669 2 2 1 1 1913 1914 1912
6670 2 2 1 1 1710 1712 1711
6671 2 2 1 1 5360 7786 3136
6672 2 2 1 1 4270 5486 4269
6673 2 2 1 1 5767 5769 2117
6674 2 2 1 1 2652 2653 2651
6675 2 2 1 1 5960 6639 4367
6676 2 2 1 1 3285 3319 3283
6677 2 2 1 1 1911 1912 1910
6678 2 2 1 1 4486 4758 4068
6679 2 2 1 1 2285 7344 5568
6680 2 2 1 1 3915 4005 1411
6681 2 2 1 1 5687 5955 5268
6682 2 2 1 1 5780 5950 2045
6683 2 2 1 1 1905 1906 1904
6684 2 2 1 1 2541 3315 2418
6685 2 2 1 1 2403 4894 3562
6686 2 2 1 1 5069 6884 5068
6687 2 2 1 1 1909 1910 1908
6688 2 2 1 1 5050 5738 5048
6689 2 2 1 1 4380 6259 4379
6690 2 2 1 1 2534 2544 2200
6691 2 2 1 1 5417 6979 6366
6692 2 2 1 1 2284 5843 2111
6693 2 2 1 1 3280 3282 3281
6694 2 2 1 1 3282 3285 3283
6695 2 2 1 1 5617 7481 1367
6696 2 2 1 1 4370 5724 4369
6697 2 2 1 1 3380 5009 5008
6698 2 2 1 1 3282 3283 3281
6699 2 2 1 1 1907 1908 1906
6700 2 2 1 1 1930 1931 1929
6701 2 2 1 1 3799 4106 4105
6702 2 2 1 1 5684 7768 5380
6703 2 2 1 1 3400 5559 3732
6704 2 2 1 1 4975 7875 4973
6705 2 2 1 1 3271 4019 3810
6706 2 2 1 1 2839 2841 2840
6707 2 2 1 1 5868 6179 4530
6708 2 2 1 1 2436 6305 5711
6709 2 2 1 1 3774 8011 6885
6710 2 2 1 1 6028 6122 1457
6711 2 2 1 1 1688 1970 1692
6712 2 2 1 1 5646 6954 5051
6713 2 2 1 1 3700 3701 3699
6714 2 2 1 1 4886 6960 6063
6715 2 2 1 1 6030 7719 4556
6716 2 2 1 1 2039 2219 2102
6717 2 2 1 1 4079 4080 3695
6718 2 2 1 1 3388 3621 3163
6719 2 2 1 1 4062 5045 3525
6720 2 2 1 1 5406 5407 3850
6721 2 2 1 1 2217 2488 2126
6722 2 2 1 1 3552 3553 2446
6723 2 2 1 1 6334 6520 2411
6724 2 2 1 1 2834 2836 2835
6725 2 2 1 1 2278 6599 1697
6726 2 2 1 1 1712 1714 1713
6727 2 2 1 1 1746 4787 1744
6728 2 2 1 1 3646 3647 3645
6729 2 2 1 1 3280 3281 3279
6730 2 2 1 1 2836 2839 2837
6731 2 2 1 1 4515 5251 4321
6732 2 2 1 1 4000 4242 3998
6733 2 2 1 1 2810 2813 2812
6734 2 2 1 1 3532 3759 3291
6735 2 2 1 1 2830 5640 2834
6736 2 2 1 1 3389 3760 3388
6737 2 2 1 1 3278 3279 3277
6738 2 2 1 1 2448 6435 1726
6739 2 2 1 1 4571 5923 4572
6740 2 2 1 1 7555 7609 3820
6741 2 2 1 1 1968 7823 5599
6742 2 2 1 1 3804 5343 3802
6743 2 2 1 1 3712 3995 3610
6744 2 2 1 1 3583 3673 3409
6745 2 2 1 1 1933 1934 1931
6746 2 2 1 1 3649 3650 3648
6747 2 2 1 1 4829 4830 4828
6748 2 2 1 1 2986 5776 2949
6749 2 2 1 1 2487 8064 6339
6750 2 2 1 1 4525 7931 3544
6751 2 2 1 1 4046 4047 4045
6752 2 2 1 1 5914 6347 1932
6753 2 2 1 1 3573 5069 5068
6754 2 2 1 1 1935 1936 1934
6755 2 2 1 1 3866 4667 4319
6756 2 2 1 1 5653 5794 4527
6757 2 2 1 1 5095 7123 5093
6758 2 2 1 1 1937 1938 1936
6759 2 2 1 1 2488 5720 2126
6760 2 2 1 1 5614 7650 1759
6761 2 2 1 1 1939 1940 1938
6762 2 2 1 1 3215 3216 2199
6763 2 2 1 1 2770 7476 2858
6764 2 2 1 1 1949 1950 1948
6765 2 2 1 1 2282 5646 2536
6766 2 2 1 1 5964 7401 4460
6767 2 2 1 1 1607 1610 1609
6768 2 2 1 1 2633 3163 2284
6769 2 2 1 1 6119 7544 5217
6770 2 2 1 1 5566 7648 1476
6771 2 2 1 1 1941 1942 1940
6772 2 2 1 1 1610 1636 1635
6773 2 2 1 1 1605 1607 1606
6774 2 2 1 1 1947 1948 1946
6775 2 2 1 1 2439 2636 2629
6776 2 2 1 1 1636 1669 1668
6777 2 2 1 1 2212 5770 2181
6778 2 2 1 1 2762 2763 2761
6779 2 2 1 1 1943 1944 1942
6780 2 2 1 1 1945 1946 1944
6781 2 2 1 1 1603 1605 1604
6782 2 2 1 1 2219 2439 2438
6783 2 2 1 1 3794 4643 3865
6784 2 2 1 1 4044 4045 3787
6785 2 2 1 1 3848 5736 3760
6786 2 2 1 1 1701 1742 1736
6787 2 2 1 1 3213 6114 4076
6788 2 2 1 1 2028 2031 1739
6789 2 2 1 1 1601 1603 1602
6790 2 2 1 1 3250 5823 2957
6791 2 2 1 1 4100 6444 5330
6792 2 2 1 1 4299 7188 4301
6793 2 2 1 1 4942 8023 6786
6794 2 2 1 1 2178 5682 2179
6795 2 2 1 1 3083 7026 5664
6796 2 2 1 1 2543 3339 2287
6797 2 2 1 1 6237 7848 7150
6798 2 2 1 1 2126 5720 2090
6799 2 2 1 1 1720 5851 2033
6800 2 2 1 1 6900 8034 4697
6801 2 2 1 1 1409 6527 180
6802 2 2 1 1 2162 5856 2157
6803 2 2 1 1 5950 6726 4134
6804 2 2 1 1 1516 7350 1517
6805 2 2 1 1 2103 2148 2105
6806 2 2 1 1 1598 1601 1600
6807 2 2 1 1 2766 2767 2765
6808 2 2 1 1 3786 3958 3957
6809 2 2 1 1 2087 2092 2045
6810 2 2 1 1 2216 2284 2111
6811 2 2 1 1 3650 3824 3823
6812 2 2 1 1 1609 1684 1606
6813 2 2 1 1 2642 5692 3753
6814 2 2 1 1 6999 7241 4516
6815 2 2 1 1 3958 4483 4332
6816 2 2 1 1 3265 3266 3264
6817 2 2 1 1 1746 5875 4787
6818 2 2 1 1 5193 6491 5885
6819 2 2 1 1 5100 5935 5702
6820 2 2 1 1 3358 3678 3677
6821 2 2 1 1 2654 2655 2653
6822 2 2 1 1 2400 2402 2401
6823 2 2 1 1 4025 5961 3810
6824 2 2 1 1 2862 4057 3692
6825 2 2 1 1 3785 4246 4245
6826 2 2 1 1 3448 3813 3339
6827 2 2 1 1 4007 4238 1428
6828 2 2 1 1 6379 7273 6396
6829 2 2 1 1 2764 2765 2763
6830 2 2 1 1 4613 6309 4612
6831 2 2 1 1 5249 7569 5250
6832 2 2 1 1 5002 7892 5734
6833 2 2 1 1 2109 2216 2111
6834 2 2 1 1 2993 7116 5530
6835 2 2 1 1 2544 5727 3321
6836 2 2 1 1 2004 7778 7696
6837 2 2 1 1 3148 6321 3151
6838 2 2 1 1 4851 7789 4850
6839 2 2 1 1 4240 5046 1412
6840 2 2 1 1 2157 5856 3959
6841 2 2 1 1 1677 1680 1679
6842 2 2 1 1 2823 2829 2824
6843 2 2 1 1 4410 4411 4409
6844 2 2 1 1 4425 6513 6511
6845 2 2 1 1 1742 2039 1743
6846 2 2 1 1 3390 5867 3283
6847 2 2 1 1 2277 3544 2206
6848 2 2 1 1 4367 4368 3288
6849 2 2 1 1 3620 5977 5976
6850 2 2 1 1 1962 7823 1968
6851 2 2 1 1 3780 6130 3477
6852 2 2 1 1 5183 6752 5182
6853 2 2 1 1 5460 7394 3531
6854 2 2 1 1 2094 2198 2092
6855 2 2 1 1 4850 7789 2027
6856 2 2 1 1 2187 7742 6973
6857 2 2 1 1 1596 1598 1597
6858 2 2 1 1 3271 3810 3272
6859 2 2 1 1 6687 6928 5613
6860 2 2 1 1 3502 5064 3169
6861 2 2 1 1 4010 7774 4752
6862 2 2 1 1 1602 1681 1600
6863 2 2 1 1 2402 2539 2538
6864 2 2 1 1 4466 6833 5534
6865 2 2 1 1 1680 1690 1689
6866 2 2 1 1 2066 7435 2125
6867 2 2 1 1 3691 5372 5112
6868 2 2 1 1 3829 7730 7687
6869 2 2 1 1 1727 1744 1741
6870 2 2 1 1 1975 6117 6116
6871 2 2 1 1 4695 7661 2014
6872 2 2 1 1 4427 4428 3513
6873 2 2 1 1 5925 6757 3414
6874 2 2 1 1 1690 1702 1701
6875 2 2 1 1 1677 1679 1675
6876 2 2 1 1 2829 5640 2830
6877 2 2 1 1 1744 2037 1741
6878 2 2 1 1 2656 2657 2655
6879 2 2 1 1 2660 2661 2659
6880 2 2 1 1 6221 6225 6222
6881 2 2 1 1 1727 1741 1726
6882 2 2 1 1 7100 7233 7104
6883 2 2 1 1 3237 3786 3784
6884 2 2 1 1 2658 2659 2657
6885 2 2 1 1 3618 3691 3627
6886 2 2 1 1 3416 5813 1704
6887 2 2 1 1 5242 7758 5241
6888 2 2 1 1 6046 7627 1334
6889 2 2 1 1 3978 6443 6142
6890 2 2 1 1 4010 4752 4014
6891 2 2 1 1 2633 3388 3163
6892 2 2 1 1 2039 2102 2040
6893 2 2 1 1 1400 7943 7888
6894 2 2 1 1 3781 3782 3701
6895 2 2 1 1 3791 4304 3792
6896 2 2 1 1 628 6024 627
6897 2 2 1 1 2205 2275 2206
6898 2 2 1 1 3642 5855 3641
6899 2 2 1 1 2939 6096 2942
6900 2 2 1 1 6947 6948 4724
6901 2 2 1 1 5058 7932 5057
6902 2 2 1 1 4137 7678 5668
6903 2 2 1 1 3305 3306 3304
6904 2 2 1 1 3217 3218 3216
6905 2 2 1 1 4134 4135 2031
6906 2 2 1 1 3298 4041 3937
6907 2 2 1 1 4041 4366 4042
6908 2 2 1 1 4000 5887 4242
6909 2 2 1 1 5617 5760 4018
6910 2 2 1 1 2804 2807 2806
6911 2 2 1 1 5935 5936 5702
6912 2 2 1 1 4065 7531 4064
6913 2 2 1 1 3222 5107 3537
6914 2 2 1 1 3982 5732 2863
6915 2 2 1 1 2390 2392 2391
6916 2 2 1 1 3219 3618 3218
6917 2 2 1 1 3765 5820 5819
6918 2 2 1 1 3682 5964 4460
6919 2 2 1 1 4513 6390 3680
6920 2 2 1 1 3369 7071 3796
6921 2 2 1 1 3400 3732 2639
6922 2 2 1 1 5739 6428 5741
6923 2 2 1 1 3427 4069 3839
6924 2 2 1 1 6526 7876 6528
6925 2 2 1 1 3646 3648 3647
6926 2 2 1 1 3644 3646 3645
6927 2 2 1 1 2172 2623 2174
6928 2 2 1 1 2662 2663 2661
6929 2 2 1 1 5516 5733 5515
6930 2 2 1 1 3473 5817 3204
6931 2 2 1 1 3234 6252 5090
6932 2 2 1 1 4400 7086 4161
6933 2 2 1 1 3813 5371 4665
6934 2 2 1 1 5983 6779 5267
6935 2 2 1 1 5336 7619 5334
6936 2 2 1 1 7131 7455 1153
6937 2 2 1 1 2198 2534 2200
6938 2 2 1 1 1597 2431 1595
6939 2 2 1 1 4818 4822 4656
6940 2 2 1 1 4368 4370 4369
6941 2 2 1 1 1725 1727 1726
6942 2 2 1 1 1391 7763 5061
6943 2 2 1 1 3643 3644 3642
6944 2 2 1 1 3583 5910 3673
6945 2 2 1 1 2534 3288 2544
6946 2 2 1 1 2028 4134 2031
6947 2 2 1 1 4972 7906 5524
6948 2 2 1 1 2489 3291 2488
6949 2 2 1 1 5031 7575 6230
6950 2 2 1 1 3814 7309 3339
6951 2 2 1 1 3517 7129 4398
6952 2 2 1 1 1677 5813 1680
6953 2 2 1 1 3248 3417 3247
6954 2 2 1 1 1335 7773 4767
6955 2 2 1 1 2216 2633 2284
6956 2 2 1 1 3204 5817 3203
6957 2 2 1 1 554 5761 553
6958 2 2 1 1 1725 1726 1724
6959 2 2 1 1 4900 7631 4899
6960 2 2 1 1 3263 3264 3262
6961 2 2 1 1 1707 2043 1709
6962 2 2 1 1 5719 7681 3759
6963 2 2 1 1 2019 7934 5983
6964 2 2 1 1 1210 6020 1211
6965 2 2 1 1 2638 6908 3401
6966 2 2 1 1 2742 2743 2741
6967 2 2 1 1 5013 7507 6610
6968 2 2 1 1 4382 5563 4378
6969 2 2 1 1 3213 4076 4074
6970 2 2 1 1 3545 3641 3544
6971 2 2 1 1 5051 5852 5050
6972 2 2 1 1 3418 3419 3417
6973 2 2 1 1 1633 5809 1634
6974 2 2 1 1 2015 5756 5755
6975 2 2 1 1 2116 5767 2114
6976 2 2 1 1 1680 1689 1679
6977 2 2 1 1 4341 5870 4675
6978 2 2 1 1 6360 6796 6359
6979 2 2 1 1 5545 7370 1657
6980 2 2 1 1 3307 3308 3306
6981 2 2 1 1 1690 1701 1689
6982 2 2 1 1 5079 6941 5077
6983 2 2 1 1 6971 7742 2187
6984 2 2 1 1 5780 6726 5950
6985 2 2 1 1 6722 7415 6723
6986 2 2 1 1 2176 2445 2178
6987 2 2 1 1 5810 7583 1376
6988 2 2 1 1 4862 4866 4864
6989 2 2 1 1 2949 5776 2995
6990 2 2 1 1 2636 3271 2629
6991 2 2 1 1 5765 7040 2073
6992 2 2 1 1 5839 7788 5322
6993 2 2 1 1 4424 6416 4423
6994 2 2 1 1 4915 6023 4918
6995 2 2 1 1 4019 4025 3810
6996 2 2 1 1 2664 2665 2663
6997 2 2 1 1 1637 7336 6467
6998 2 2 1 1 5551 6879 6601
6999 2 2 1 1 5017 7024 5018
7000 2 2 1 1 2439 2629 2438
7001 2 2 1 1 1742 6160 5805
7002 2 2 1 1 5035 7094 5034
7003 2 2 1 1 3087 3088 3085
7004 2 2 1 1 3347 6015 3575
7005 2 2 1 1 3325 3532 3291
7006 2 2 1 1 3656 3954 3448
7007 2 2 1 1 1903 6562 1905
7008 2 2 1 1 1636 1668 1635
7009 2 2 1 1 3912 7898 6938
7010 2 2 1 1 6589 7512 4334
7011 2 2 1 1 1525 4466 1418
7012 2 2 1 1 1668 5868 2543
7013 2 2 1 1 5124 5125 5123
7014 2 2 1 1 3694 4544 3616
7015 2 2 1 1 6597 6598 2590
7016 2 2 1 1 2579 5624 2575
7017 2 2 1 1 1610 1635 1609
7018 2 2 1 1 2748 2749 2743
7019 2 2 1 1 2219 2438 2102
7020 2 2 1 1 1607 1609 1606
7021 2 2 1 1 6992 7695 4245
7022 2 2 1 1 1605 1606 1604
7023 2 2 1 1 5295 7559 5294
7024 2 2 1 1 3241 5550 3239
7025 2 2 1 1 5465 6879 5551
7026 2 2 1 1 1603 1604 1602
7027 2 2 1 1 1723 1724 1722
7028 2 2 1 1 3404 5996 3548
7029 2 2 1 1 5447 7487 3104
7030 2 2 1 1 2381 2383 2382
7031 2 2 1 1 1601 1602 1600
7032 2 2 1 1 2800 2803 2802
7033 2 2 1 1 3587 3616 3532
7034 2 2 1 1 4133 7344 5562
7035 2 2 1 1 1441 6952 1195
7036 2 2 1 1 2033 7924 1718
7037 2 2 1 1 5715 7629 3232
7038 2 2 1 1 644 6075 643
7039 2 2 1 1 5404 7507 5013
7040 2 2 1 1 2813 2815 2814
7041 2 2 1 1 2666 2667 2665
7042 2 2 1 1 2670 2701 2669
7043 2 2 1 1 1540 1541 1539
7044 2 2 1 1 1598 1600 1597
7045 2 2 1 1 2815 2819 2816
7046 2 2 1 1 3431 3432 3266
7047 2 2 1 1 2865 5543 4023
7048 2 2 1 1 2885 6142 2888
7049 2 2 1 1 2668 2669 2667
7050 2 2 1 1 6380 7777 4472
7051 2 2 1 1 5009 5010 4421
7052 2 2 1 1 3553 3790 3789
7053 2 2 1 1 3778 6779 5983
7054 2 2 1 1 4278 4280 4276
7055 2 2 1 1 3815 3816 3782
7056 2 2 1 1 1633 1634 1632
7057 2 2 1 1 2563 4608 4589
7058 2 2 1 1 2042 5875 1746
7059 2 2 1 1 2977 6104 4091
7060 2 2 1 1 3950 4268 3540
7061 2 2 1 1 4018 5762 3963
7062 2 2 1 1 7366 8064 4950
7063 2 2 1 1 1721 1722 1720
7064 2 2 1 1 5608 7035 4773
7065 2 2 1 1 2492 6148 2210
7066 2 2 1 1 3810 5961 3811
7067 2 2 1 1 1978 7140 5899
7068 2 2 1 1 2413 3586 3585
7069 2 2 1 1 2543 3448 3339
7070 2 2 1 1 1668 2543 2287
7071 2 2 1 1 1723 1725 1724
7072 2 2 1 1 1684 7962 7407
7073 2 2 1 1 2702 2703 2701
7074 2 2 1 1 5184 5185 5172
7075 2 2 1 1 2777 7702 2775
7076 2 2 1 1 1498 4481 1461
7077 2 2 1 1 3742 4478 4477
7078 2 2 1 1 2855 8007 5277
7079 2 2 1 1 5329 7119 3365
7080 2 2 1 1 3261 3262 3230
7081 2 2 1 1 2543 5868 3656
7082 2 2 1 1 4717 7343 4718
7083 2 2 1 1 3652 4450 4449
7084 2 2 1 1 3783 4548 3663
7085 2 2 1 1 3082 3107 3079
7086 2 2 1 1 3888 6938 3894
7087 2 2 1 1 1641 1642 1640
7088 2 2 1 1 3697 7624 4654
7089 2 2 1 1 3575 5242 5241
7090 2 2 1 1 5577 7542 5180
7091 2 2 1 1 2506 2528 2527
7092 2 2 1 1 3673 7397 5848
7093 2 2 1 1 4088 4422 3551
7094 2 2 1 1 3180 3181 3179
7095 2 2 1 1 3184 8010 3256
7096 2 2 1 1 3058 3059 2000
7097 2 2 1 1 1596 1597 1595
7098 2 2 1 1 3167 5840 2697
7099 2 2 1 1 2211 5770 2493
7100 2 2 1 1 3223 6004 2951
7101 2 2 1 1 4761 7517 4762
7102 2 2 1 1 1594 1596 1595
7103 2 2 1 1 4963 5985 5984
7104 2 2 1 1 5201 5202 5128
7105 2 2 1 1 3621 5796 3163
7106 2 2 1 1 2043 2205 2204
7107 2 2 1 1 5700 7635 4421
7108 2 2 1 1 7090 7944 4831
7109 2 2 1 1 5647 6894 1476
7110 2 2 1 1 2366 2369 2368
7111 2 2 1 1 5203 5514 5202
7112 2 2 1 1 2101 8026 7545
7113 2 2 1 1 5407 6111 5921
7114 2 2 1 1 2287 7309 5998
7115 2 2 1 1 5202 6132 5128
7116 2 2 1 1 2445 4061 3552
7117 2 2 1 1 5660 5886 5037
7118 2 2 1 1 1446 6958 1206
7119 2 2 1 1 4607 6989 6875
7120 2 2 1 1 1596 6609 1599
7121 2 2 1 1 2181 5770 2211
7122 2 2 1 1 1460 6020 1210
7123 2 2 1 1 1144 1461 1143
7124 2 2 1 1 1167 7648 1168
7125 2 2 1 1 5251 5849 4321
7126 2 2 1 1 5376 5377 4042
7127 2 2 1 1 2413 4316 3586
7128 2 2 1 1 1721 1723 1722
7129 2 2 1 1 4880 7171 6666
7130 2 2 1 1 1719 1720 1718
7131 2 2 1 1 4282 7409 7202
7132 2 2 1 1 5578 7697 6079
7133 2 2 1 1 3326 5901 3279
7134 2 2 1 1 2112 5843 2116
7135 2 2 1 1 5401 7308 2278
7136 2 2 1 1 3108 3109 3107
7137 2 2 1 1 5135 5136 5134
7138 2 2 1 1 1744 4787 2037
7139 2 2 1 1 4842 4843 4677
7140 2 2 1 1 1724 6435 2270
7141 2 2 1 1 4181 4772 4182
7142 2 2 1 1 3545 3642 3641
7143 2 2 1 1 5670 7096 5677
7144 2 2 1 1 7357 7639 1467
7145 2 2 1 1 1915 7575 5494
7146 2 2 1 1 6104 7741 4091
7147 2 2 1 1 5105 6742 4364
7148 2 2 1 1 2275 2277 2206
7149 2 2 1 1 3539 3741 3740
7150 2 2 1 1 7038 7041 5893
7151 2 2 1 1 2704 2705 2703
7152 2 2 1 1 5850 5925 3414
7153 2 2 1 1 2724 2725 2723
7154 2 2 1 1 4281 7661 7454
7155 2 2 1 1 3203 5646 2282
7156 2 2 1 1 1212 6090 1213
7157 2 2 1 1 5708 7834 4503
7158 2 2 1 1 4061 4220 4168
7159 2 2 1 1 3229 3230 3228
7160 2 2 1 1 5854 6575 2504
7161 2 2 1 1 2218 6689 2676
7162 2 2 1 1 5258 6635 6634
7163 2 2 1 1 3631 7958 4834
7164 2 2 1 1 5315 7950 5316
7165 2 2 1 1 3647 5832 4153
7166 2 2 1 1 4676 4677 3816
7167 2 2 1 1 3650 6474 4067
7168 2 2 1 1 3156 6037 3157
7169 2 2 1 1 1595 6590 1593
7170 2 2 1 1 3549 5811 4144
7171 2 2 1 1 2807 2809 2808
7172 2 2 1 1 5612 7732 5613
7173 2 2 1 1 1955 1956 1954
7174 2 2 1 1 2446 5682 2178
7175 2 2 1 1 1717 1718 1716
7176 2 2 1 1 4047 4320 4045
7177 2 2 1 1 1715 1716 1714
7178 2 2 1 1 5414 5415 4602
7179 2 2 1 1 4194 4195 4193
7180 2 2 1 1 4981 7042 3480
7181 2 2 1 1 1207 6958 1484
7182 2 2 1 1 2553 7929 2554
7183 2 2 1 1 2794 2797 2796
7184 2 2 1 1 4130 6055 5889
7185 2 2 1 1 4098 4100 4099
7186 2 2 1 1 660 6129 659
7187 2 2 1 1 1590 1592 1591
7188 2 2 1 1 1450 1493 1478
7189 2 2 1 1 2706 2707 2705
7190 2 2 1 1 4319 5831 3491
7191 2 2 1 1 2730 2731 2725
7192 2 2 1 1 4100 4102 4101
7193 2 2 1 1 4379 6982 4381
7194 2 2 1 1 1719 1721 1720
7195 2 2 1 1 3184 3255 3183
7196 2 2 1 1 6427 7114 5688
7197 2 2 1 1 2708 3183 2707
7198 2 2 1 1 3201 5340 3566
7199 2 2 1 1 4013 5374 4451
7200 2 2 1 1 4047 4321 4320
7201 2 2 1 1 4178 4181 4180
7202 2 2 1 1 3111 7083 4653
7203 2 2 1 1 4858 6754 4868
7204 2 2 1 1 4928 4930 4929
7205 2 2 1 1 4187 7270 4189
7206 2 2 1 1 4700 6854 4701
7207 2 2 1 1 3331 3332 3109
7208 2 2 1 1 2590 7384 6600
7209 2 2 1 1 2046 5745 2047
7210 2 2 1 1 5906 5907 5645
7211 2 2 1 1 1050 6998 6302
7212 2 2 1 1 5294 7675 5575
7213 2 2 1 1 5893 7041 3074
7214 2 2 1 1 1669 5868 1668
7215 2 2 1 1 4354 7219 2477
7216 2 2 1 1 2646 6101 2650
7217 2 2 1 1 4190 4197 4188
7218 2 2 1 1 4192 4193 4191
7219 2 2 1 1 3617 6738 5587
7220 2 2 1 1 7407 7962 5253
7221 2 2 1 1 1634 1638 1637
7222 2 2 1 1 3122 7168 6686
7223 2 2 1 1 1755 5570 1754
7224 2 2 1 1 612 6080 611
7225 2 2 1 1 3424 5876 2636
7226 2 2 1 1 3256 3257 3255
7227 2 2 1 1 5179 5180 5141
7228 2 2 1 1 5972 7957 5284
7229 2 2 1 1 2145 7886 5902
7230 2 2 1 1 5515 5659 3508
7231 2 2 1 1 5687 7221 5177
7232 2 2 1 1 2356 2358 2357
7233 2 2 1 1 3526 5350 3490
7234 2 2 1 1 4464 5984 4465
7235 2 2 1 1 4812 7293 4810
7236 2 2 1 1 3299 3394 3317
7237 2 2 1 1 6099 6409 3392
7238 2 2 1 1 2445 3552 2446
7239 2 2 1 1 6474 7566 4067
7240 2 2 1 1 2930 2993 2928
7241 2 2 1 1 7257 7784 5900
7242 2 2 1 1 1555 1557 1556
7243 2 2 1 1 5688 7114 1997
7244 2 2 1 1 2277 3545 3544
7245 2 2 1 1 5935 5937 5936
7246 2 2 1 1 4552 5591 4549
7247 2 2 1 1 2860 4098 3572
7248 2 2 1 1 4386 6625 1336
7249 2 2 1 1 3288 5727 2544
7250 2 2 1 1 3281 5867 3326
7251 2 2 1 1 2983 6453 3510
7252 2 2 1 1 3929 6168 4429
7253 2 2 1 1 3823 5832 3648
7254 2 2 1 1 1717 1719 1718
7255 2 2 1 1 1712 1715 1714
7256 2 2 1 1 3799 4746 4106
7257 2 2 1 1 5511 6674 1662
7258 2 2 1 1 2528 3461 3460
7259 2 2 1 1 3813 5982 5371
7260 2 2 1 1 2998 7736 5946
7261 2 2 1 1 2116 5768 5767
7262 2 2 1 1 4027 6159 4473
7263 2 2 1 1 3621 5837 5796
7264 2 2 1 1 5508 6977 3926
7265 2 2 1 1 5117 6101 5400
7266 2 2 1 1 1487 6090 1212
7267 2 2 1 1 5942 7538 7447
7268 2 2 1 1 3819 8031 3818
7269 2 2 1 1 5223 7442 5224
7270 2 2 1 1 4787 4788 2037
7271 2 2 1 1 4444 7876 1409
7272 2 2 1 1 5725 5931 5727
7273 2 2 1 1 2926 2927 2921
7274 2 2 1 1 2980 4154 3494
7275 2 2 1 1 3629 4359 3820
7276 2 2 1 1 5710 6500 5709
7277 2 2 1 1 5048 5887 4000
7278 2 2 1 1 4154 4418 4155
7279 2 2 1 1 3832 7346 4287
7280 2 2 1 1 2100 5754 2097
7281 2 2 1 1 3258 3259 3257
7282 2 2 1 1 1715 1717 1716
7283 2 2 1 1 5221 5933 5932
7284 2 2 1 1 1591 5804 1589
7285 2 2 1 1 5985 6095 5987
7286 2 2 1 1 4657 5411 3495
7287 2 2 1 1 312 6848 311
7288 2 2 1 1 3394 4103 3652
7289 2 2 1 1 6287 6955 4996
7290 2 2 1 1 6358 7973 7935
7291 2 2 1 1 4138 4140 4139
7292 2 2 1 1 6871 7269 1419
7293 2 2 1 1 6923 7522 6924
7294 2 2 1 1 1168 7600 1167
7295 2 2 1 1 4265 5703 3486
7296 2 2 1 1 3809 4011 3808
7297 2 2 1 1 3662 7966 6790
7298 2 2 1 1 3174 3175 2410
7299 2 2 1 1 6624 7799 3984
7300 2 2 1 1 3260 3323 3259
7301 2 2 1 1 5755 7519 4435
7302 2 2 1 1 3433 3434 3432
7303 2 2 1 1 4862 5623 4866
7304 2 2 1 1 5165 5166 5164
7305 2 2 1 1 2751 6031 2753
7306 2 2 1 1 5146 5147 5145
7307 2 2 1 1 5889 6729 4310
7308 2 2 1 1 2253 2254 2252
7309 2 2 1 1 2422 8002 6217
7310 2 2 1 1 5161 5162 5155
7311 2 2 1 1 3444 6647 4314
7312 2 2 1 1 3979 4908 3981
7313 2 2 1 1 3625 7554 3058
7314 2 2 1 1 2985 4138 3533
7315 2 2 1 1 2146 7771 5044
7316 2 2 1 1 4854 6760 4595
7317 2 2 1 1 5941 7471 4941
7318 2 2 1 1 3950 7457 5665
7319 2 2 1 1 2621 7776 7188
7320 2 2 1 1 3477 6130 3188
7321 2 2 1 1 4225 6372 6356
7322 2 2 1 1 5807 7714 7242
7323 2 2 1 1 2718 2719 2717
7324 2 2 1 1 5840 6035 3498
7325 2 2 1 1 3271 5876 4019
7326 2 2 1 1 4220 5452 4168
7327 2 2 1 1 6467 7336 6547
7328 2 2 1 1 2697 5840 3189
7329 2 2 1 1 3693 3983 3982
7330 2 2 1 1 2787 2790 2789
7331 2 2 1 1 4536 7351 4534
7332 2 2 1 1 4785 7413 3226
7333 2 2 1 1 4282 4283 4279
7334 2 2 1 1 4919 4921 4920
7335 2 2 1 1 6074 7861 6071
7336 2 2 1 1 4088 7435 5860
7337 2 2 1 1 3319 5831 3679
7338 2 2 1 1 6243 6244 2434
7339 2 2 1 1 6772 6773 4659
7340 2 2 1 1 1194 7195 1441
7341 2 2 1 1 5581 6894 5647
7342 2 2 1 1 5650 7825 1996
7343 2 2 1 1 5557 7638 5555
7344 2 2 1 1 3190 3629 3628
7345 2 2 1 1 5180 6169 5141
7346 2 2 1 1 4251 4492 4250
7347 2 2 1 1 5724 6952 1441
7348 2 2 1 1 2205 2206 2204
7349 2 2 1 1 4838 7967 6669
7350 2 2 1 1 2331 2335 2334
7351 2 2 1 1 3648 5832 3647
7352 2 2 1 1 1643 1644 1642
7353 2 2 1 1 3499 6146 3794
7354 2 2 1 1 3681 4836 4652
7355 2 2 1 1 5938 8051 5378
7356 2 2 1 1 3811 5961 5422
7357 2 2 1 1 2898 7633 6068
7358 2 2 1 1 6779 6957 5267
7359 2 2 1 1 2545 6628 5442
7360 2 2 1 1 5664 7026 3932
7361 2 2 1 1 3324 3364 3323
7362 2 2 1 1 4297 7369 6414
7363 2 2 1 1 5541 6130 3780
7364 2 2 1 1 3237 5865 3786
7365 2 2 1 1 1582 1588 1583
7366 2 2 1 1 3394 3652 3317
7367 2 2 1 1 5353 6667 6666
7368 2 2 1 1 1592 1594 1593
7369 2 2 1 1 4159 6997 5453
7370 2 2 1 1 2722 7593 2720
7371 2 2 1 1 1709 1710 1708
7372 2 2 1 1 2493 6247 2494
7373 2 2 1 1 3435 3436 3434
7374 2 2 1 1 3060 3061 3059
7375 2 2 1 1 4366 5376 4042
7376 2 2 1 1 3741 4199 3742
7377 2 2 1 1 4509 8060 5012
7378 2 2 1 1 4061 4168 3552
7379 2 2 1 1 2636 5876 3271
7380 2 2 1 1 2985 2986 2949
7381 2 2 1 1 2224 6167 2411
7382 2 2 1 1 3783 5630 4548
7383 2 2 1 1 3089 7072 5390
7384 2 2 1 1 1571 1582 1572
7385 2 2 1 1 6036 7340 5438
7386 2 2 1 1 4615 7817 5345
7387 2 2 1 1 621 5941 620
7388 2 2 1 1 1508 1510 1509
7389 2 2 1 1 1008 5262 1007
7390 2 2 1 1 598 6186 597
7391 2 2 1 1 3132 6054 3142
7392 2 2 1 1 596 5308 595
7393 2 2 1 1 2644 6382 5692
7394 2 2 1 1 594 2407 593
7395 2 2 1 1 1645 1646 1644
7396 2 2 1 1 1569 1571 1570
7397 2 2 1 1 2799 5732 2800
7398 2 2 1 1 5631 7609 2141
7399 2 2 1 1 3533 3534 2986
7400 2 2 1 1 582 6192 581
7401 2 2 1 1 5029 7015 5030
7402 2 2 1 1 4369 5727 3288
7403 2 2 1 1 2797 2799 2798
7404 2 2 1 1 1707 1708 1706
7405 2 2 1 1 3491 5831 3285
7406 2 2 1 1 2692 5866 3278
7407 2 2 1 1 4219 7882 4218
7408 2 2 1 1 4510 7534 7025
7409 2 2 1 1 4340 8000 7222
7410 2 2 1 1 2709 5639 4650
7411 2 2 1 1 570 6214 569
7412 2 2 1 1 3355 7392 5374
7413 2 2 1 1 580 4151 579
7414 2 2 1 1 4311 5820 3764
7415 2 2 1 1 3645 5855 3642
7416 2 2 1 1 5937 6993 5198
7417 2 2 1 1 5217 7544 5218
7418 2 2 1 1 3298 3791 3167
7419 2 2 1 1 2971 7486 2814
7420 2 2 1 1 2781 2784 2783
7421 2 2 1 1 7474 7514 4418
7422 2 2 1 1 3699 4158 3535
7423 2 2 1 1 5838 7790 5737
7424 2 2 1 1 2640 5809 1633
7425 2 2 1 1 5962 7802 2017
7426 2 2 1 1 5265 5554 4092
7427 2 2 1 1 3998 5910 3583
7428 2 2 1 1 4510 7025 3479
7429 2 2 1 1 6392 8032 4705
7430 2 2 1 1 5680 6889 1728
7431 2 2 1 1 1932 6695 1847
7432 2 2 1 1 533 6210 532
7433 2 2 1 1 3716 3717 3714
7434 2 2 1 1 5583 7812 2536
7435 2 2 1 1 2577 2578 2575
7436 2 2 1 1 746 7915 6555
7437 2 2 1 1 4416 6867 6865
7438 2 2 1 1 4750 6803 5537
7439 2 2 1 1 6603 7851 4508
7440 2 2 1 1 4153 6000 4152
7441 2 2 1 1 5117 5400 5119
7442 2 2 1 1 6777 7746 5305
7443 2 2 1 1 3137 3139 3138
7444 2 2 1 1 1701 6160 1742
7445 2 2 1 1 3315 6830 5527
7446 2 2 1 1 4002 5883 4296
7447 2 2 1 1 4108 7958 7036
7448 2 2 1 1 4041 4042 3937
7449 2 2 1 1 1647 1648 1646
7450 2 2 1 1 6591 7678 4137
7451 2 2 1 1 4089 5541 3780
7452 2 2 1 1 4918 7243 5683
7453 2 2 1 1 5543 7328 3982
7454 2 2 1 1 3947 7068 3905
7455 2 2 1 1 3443 6048 3435
7456 2 2 1 1 1598 6193 1601
7457 2 2 1 1 1553 1555 1554
7458 2 2 1 1 481 6286 480
7459 2 2 1 1 6220 6221 4769
7460 2 2 1 1 3179 7625 3178
7461 2 2 1 1 1593 6590 1663
7462 2 2 1 1 4789 7774 4010
7463 2 2 1 1 5735 7168 3122
7464 2 2 1 1 6593 6857 2014
7465 2 2 1 1 4419 7227 5506
7466 2 2 1 1 4091 4092 3514
7467 2 2 1 1 3277 5901 3685
7468 2 2 1 1 5697 6110 2438
7469 2 2 1 1 5124 5200 5128
7470 2 2 1 1 4861 5623 4862
7471 2 2 1 1 185 7451 184
7472 2 2 1 1 5738 6958 1446
7473 2 2 1 1 4859 4861 4860
7474 2 2 1 1 4447 4985 4984
7475 2 2 1 1 6949 8062 1959
7476 2 2 1 1 4388 6626 4385
7477 2 2 1 1 692 6311 691
7478 2 2 1 1 520 6281 519
7479 2 2 1 1 3764 5820 3765
7480 2 2 1 1 6579 7059 3892
7481 2 2 1 1 5178 5552 5179
7482 2 2 1 1 1444 6996 5480
7483 2 2 1 1 4302 4303 4300
7484 2 2 1 1 1614 2026 1612
7485 2 2 1 1 5135 5178 5141
7486 2 2 1 1 2396 2426 2394
7487 2 2 1 1 5386 7122 5344
7488 2 2 1 1 5719 7997 5605
7489 2 2 1 1 3757 6113 3502
7490 2 2 1 1 4122 4346 4212
7491 2 2 1 1 3189 5840 3498
7492 2 2 1 1 2271 3926 2220
7493 2 2 1 1 2940 7066 4917
7494 2 2 1 1 4097 6202 1351
7495 2 2 1 1 1202 6822 1203
7496 2 2 1 1 3365 3366 3364
7497 2 2 1 1 1512 1513 1511
7498 2 2 1 1 6651 7495 2573
7499 2 2 1 1 1649 1651 1648
7500 2 2 1 1 1196 6952 6059
7501 2 2 1 1 2077 7853 4744
7502 2 2 1 1 4886 6656 4884
7503 2 2 1 1 3816 4835 3782
7504 2 2 1 1 5595 7200 6524
7505 2 2 1 1 4857 4859 4858
7506 2 2 1 1 1180 6929 1181
7507 2 2 1 1 4275 7409 4277
7508 2 2 1 1 426 6344 425
7509 2 2 1 1 2244 2245 2243
7510 2 2 1 1 4842 4844 4843
7511 2 2 1 1 3007 6970 4049
7512 2 2 1 1 4446 7405 4447
7513 2 2 1 1 3868 7127 6937
7514 2 2 1 1 2154 5806 2151
7515 2 2 1 1 4440 7641 3402
7516 2 2 1 1 2899 7215 6041
7517 2 2 1 1 3626 7189 5388
7518 2 2 1 1 1579 6457 1576
7519 2 2 1 1 4392 5538 4394
7520 2 2 1 1 5450 7123 5095
7521 2 2 1 1 2800 5732 2803
7522 2 2 1 1 4501 5842 5841
7523 2 2 1 1 3216 6639 5960
7524 2 2 1 1 4199 4478 3742
7525 2 2 1 1 5463 5681 1331
7526 2 2 1 1 1592 1593 1591
7527 2 2 1 1 2672 6836 5076
7528 2 2 1 1 2820 6250 2823
7529 2 2 1 1 2400 2401 2398
7530 2 2 1 1 4472 7777 5973
7531 2 2 1 1 5962 7716 4428
7532 2 2 1 1 502 6314 501
7533 2 2 1 1 1735 5807 1733
7534 2 2 1 1 5121 5124 5123
7535 2 2 1 1 5660 6787 4403
7536 2 2 1 1 1097 6872 6046
7537 2 2 1 1 1608 7637 1607
7538 2 2 1 1 6007 7407 5253
7539 2 2 1 1 4515 7962 5252
7540 2 2 1 1 3787 6575 5854
7541 2 2 1 1 4805 5963 4794
7542 2 2 1 1 5094 5101 5096
7543 2 2 1 1 4949 7379 4948
7544 2 2 1 1 2147 6961 5060
7545 2 2 1 1 2696 3298 3167
7546 2 2 1 1 1652 1653 1651
7547 2 2 1 1 5382 7768 3649
7548 2 2 1 1 5662 7484 3415
7549 2 2 1 1 442 6271 441
7550 2 2 1 1 4518 6092 5261
7551 2 2 1 1 3151 3152 3150
7552 2 2 1 1 4939 7757 4937
7553 2 2 1 1 7133 7539 1490
7554 2 2 1 1 3091 6844 3119
7555 2 2 1 1 3136 7786 3137
7556 2 2 1 1 3676 7217 4198
7557 2 2 1 1 2493 7014 6247
7558 2 2 1 1 4848 7011 4156
7559 2 2 1 1 4234 7092 4249
7560 2 2 1 1 3952 6936 4771
7561 2 2 1 1 4180 4335 4179
7562 2 2 1 1 5085 7129 3517
7563 2 2 1 1 4793 4806 4805
7564 2 2 1 1 2367 4177 2357
7565 2 2 1 1 708 6365 707
7566 2 2 1 1 2390 2391 2387
7567 2 2 1 1 4247 5775 4390
7568 2 2 1 1 2043 2204 1709
7569 2 2 1 1 1424 6860 126
7570 2 2 1 1 5302 6654 1377
7571 2 2 1 1 3000 4624 3522
7572 2 2 1 1 4232 6557 6386
7573 2 2 1 1 2281 5906 1723
7574 2 2 1 1 5127 5151 5130
7575 2 2 1 1 4473 4474 4434
7576 2 2 1 1 5581 5647 1462
7577 2 2 1 1 6691 7059 3913
7578 2 2 1 1 2767 2982 2769
7579 2 2 1 1 1957 1958 1956
7580 2 2 1 1 4178 4179 4177
7581 2 2 1 1 6660 7892 5002
7582 2 2 1 1 1707 1709 1708
7583 2 2 1 1 2058 7901 6773
7584 2 2 1 1 2938 6096 2939
7585 2 2 1 1 6494 6561 6560
7586 2 2 1 1 2045 5950 2029
7587 2 2 1 1 4199 7794 4478
7588 2 2 1 1 5519 7723 4016
7589 2 2 1 1 3239 4247 3240
7590 2 2 1 1 3285 5831 3319
7591 2 2 1 1 4221 5667 3500
7592 2 2 1 1 3993 7462 3992
7593 2 2 1 1 2790 2793 2791
7594 2 2 1 1 1174 6121 6028
7595 2 2 1 1 5112 7027 3627
7596 2 2 1 1 4613 7061 5802
7597 2 2 1 1 2771 2776 2775
7598 2 2 1 1 5291 7567 5213
7599 2 2 1 1 3720 6552 4467
7600 2 2 1 1 2412 6405 2920
7601 2 2 1 1 1654 1655 1653
7602 2 2 1 1 6742 7513 4364
7603 2 2 1 1 1177 5909 1481
7604 2 2 1 1 3668 4405 4343
7605 2 2 1 1 3221 3978 2884
7606 2 2 1 1 4194 7186 5000
7607 2 2 1 1 4978 8063 8010
7608 2 2 1 1 3628 3630 3528
7609 2 2 1 1 627 1346 626
7610 2 2 1 1 1663 5804 1591
7611 2 2 1 1 5497 6749 4537
7612 2 2 1 1 5132 5135 5134
7613 2 2 1 1 3949 3951 3950
7614 2 2 1 1 2103 6110 2148
7615 2 2 1 1 1593 1663 1591
7616 2 2 1 1 1076 7252 4766
7617 2 2 1 1 3981 4222 3980
7618 2 2 1 1 3580 3863 3571
7619 2 2 1 1 3190 3528 2334
7620 2 2 1 1 3883 8045 3182
7621 2 2 1 1 4414 7476 5350
7622 2 2 1 1 3139 3141 3140
7623 2 2 1 1 1962 1963 1958
7624 2 2 1 1 2262 5866 2692
7625 2 2 1 1 2373 2484 2369
7626 2 2 1 1 3979 3980 3978
7627 2 2 1 1 2504 7443 2265
7628 2 2 1 1 2405 4161 2382
7629 2 2 1 1 5414 6723 5415
7630 2 2 1 1 1620 1698 1618
7631 2 2 1 1 4855 4857 4856
7632 2 2 1 1 1477 7397 7257
7633 2 2 1 1 4401 4402 4400
7634 2 2 1 1 3850 5921 3848
7635 2 2 1 1 6055 7050 2041
7636 2 2 1 1 7119 7260 3367
7637 2 2 1 1 5753 7883 4587
7638 2 2 1 1 3077 5881 3081
7639 2 2 1 1 2377 2483 2375
7640 2 2 1 1 3956 6453 4511
7641 2 2 1 1 2952 4662 3467
7642 2 2 1 1 1583 2098 1572
7643 2 2 1 1 4650 5639 4492
7644 2 2 1 1 5684 7566 6474
7645 2 2 1 1 3076 3077 3075
7646 2 2 1 1 7111 7147 1156
7647 2 2 1 1 3507 4083 4082
7648 2 2 1 1 3941 6601 5951
7649 2 2 1 1 3213 4073 2391
7650 2 2 1 1 4399 4400 4161
7651 2 2 1 1 4449 6335 3317
7652 2 2 1 1 1968 1969 1963
7653 2 2 1 1 2564 7673 2561
7654 2 2 1 1 1626 1658 1624
7655 2 2 1 1 3237 3238 2538
7656 2 2 1 1 6098 6099 4947
7657 2 2 1 1 7739 7748 1698
7658 2 2 1 1 1656 1659 1655
7659 2 2 1 1 3958 4332 3957
7660 2 2 1 1 3460 6133 3799
7661 2 2 1 1 705 7838 6361
7662 2 2 1 1 3786 3957 3784
7663 2 2 1 1 4469 7453 4840
7664 2 2 1 1 4483 5864 4332
7665 2 2 1 1 6411 6414 4171
7666 2 2 1 1 1705 1706 1693
7667 2 2 1 1 4104 5431 4075
7668 2 2 1 1 2381 2382 2379
7669 2 2 1 1 3298 6247 4041
7670 2 2 1 1 6485 8055 5649
7671 2 2 1 1 1984 1985 1969
7672 2 2 1 1 730 6425 729
7673 2 2 1 1 2862 6330 4057
7674 2 2 1 1 1999 2000 1985
7675 2 2 1 1 2980 3441 2873
7676 2 2 1 1 4609 4855 4854
7677 2 2 1 1 5138 5157 5140
7678 2 2 1 1 4074 4075 4073
7679 2 2 1 1 3759 7638 5557
7680 2 2 1 1 3605 7831 5585
7681 2 2 1 1 1446 7784 5887
7682 2 2 1 1 6676 7472 5493
7683 2 2 1 1 719 6369 718
7684 2 2 1 1 7554 7869 4484
7685 2 2 1 1 5477 7903 4353
7686 2 2 1 1 3101 3103 3102
7687 2 2 1 1 5621 7432 2450
7688 2 2 1 1 5867 5969 3326
7689 2 2 1 1 5352 7327 5353
7690 2 2 1 1 3871 3872 3870
7691 2 2 1 1 3298 3937 3791
7692 2 2 1 1 757 6379 756
7693 2 2 1 1 3231 5600 3607
7694 2 2 1 1 1700 6599 2035
7695 2 2 1 1 1844 1987 1842
7696 2 2 1 1 4428 6450 3513
7697 2 2 1 1 700 6293 699
7698 2 2 1 1 1838 1988 1836
7699 2 2 1 1 2539 5865 3237
7700 2 2 1 1 1832 1989 1830
7701 2 2 1 1 3494 4241 3441
7702 2 2 1 1 1599 6609 6042
7703 2 2 1 1 3784 3785 3238
7704 2 2 1 1 5808 6067 1480
7705 2 2 1 1 2525 7108 2279
7706 2 2 1 1 5907 6000 4153
7707 2 2 1 1 6606 8011 3774
7708 2 2 1 1 3481 4889 3638
7709 2 2 1 1 1660 1664 1659
7710 2 2 1 1 6774 6950 1154
7711 2 2 1 1 3578 7584 4263
7712 2 2 1 1 3299 3317 2286
7713 2 2 1 1 2107 6089 2109
7714 2 2 1 1 2784 2792 2785
7715 2 2 1 1 6620 6621 2605
7716 2 2 1 1 1852 1995 1850
7717 2 2 1 1 2539 3237 2538
7718 2 2 1 1 2942 6096 2953
7719 2 2 1 1 2008 7167 1933
7720 2 2 1 1 7160 7162 7161
7721 2 2 1 1 1858 1994 1856
7722 2 2 1 1 2362 2501 2360
7723 2 2 1 1 4563 7767 6039
7724 2 2 1 1 2366 2368 2364
7725 2 2 1 1 6790 7978 3706
7726 2 2 1 1 2144 5875 2042
7727 2 2 1 1 3534 3809 3808
7728 2 2 1 1 5570 7040 5765
7729 2 2 1 1 4843 6381 4677
7730 2 2 1 1 6399 6401 6400
7731 2 2 1 1 3909 7524 6144
7732 2 2 1 1 4227 6729 5889
7733 2 2 1 1 6834 7377 7290
7734 2 2 1 1 2402 2538 2401
7735 2 2 1 1 6291 7565 4735
7736 2 2 1 1 1848 2529 1846
7737 2 2 1 1 5374 7144 3738
7738 2 2 1 1 737 6439 736
7739 2 2 1 1 6490 7347 5444
7740 2 2 1 1 2360 5894 2358
7741 2 2 1 1 6115 7094 2965
7742 2 2 1 1 1705 1707 1706
7743 2 2 1 1 2437 3571 1951
7744 2 2 1 1 4686 6402 4685
7745 2 2 1 1 2220 6167 2221
7746 2 2 1 1 2810 6296 2813
7747 2 2 1 1 5070 5071 5069
7748 2 2 1 1 2445 6009 4061
7749 2 2 1 1 423 7872 6043
7750 2 2 1 1 5852 5869 1484
7751 2 2 1 1 5124 5128 5125
7752 2 2 1 1 625 2956 624
7753 2 2 1 1 5365 7778 4975
7754 2 2 1 1 2287 5998 1635
7755 2 2 1 1 1665 1671 1664
7756 2 2 1 1 2749 2754 2751
7757 2 2 1 1 1723 5906 1725
7758 2 2 1 1 447 6422 446
7759 2 2 1 1 1146 1498 1145
7760 2 2 1 1 5201 5203 5202
7761 2 2 1 1 2831 7460 2824
7762 2 2 1 1 4359 7555 3820
7763 2 2 1 1 1826 1990 1824
7764 2 2 1 1 4157 6662 2502
7765 2 2 1 1 2392 3213 2391
7766 2 2 1 1 5203 5793 5514
7767 2 2 1 1 5488 7023 5487
7768 2 2 1 1 3367 3368 3366
7769 2 2 1 1 4890 6641 4816
7770 2 2 1 1 3498 6146 3499
7771 2 2 1 1 1978 7621 7140
7772 2 2 1 1 6103 6538 6102
7773 2 2 1 1 1820 1991 1818
7774 2 2 1 1 3141 3479 3462
7775 2 2 1 1 4716 7573 2309
7776 2 2 1 1 4575 6691 3893
7777 2 2 1 1 5897 7125 5896
7778 2 2 1 1 2884 6142 2885
7779 2 2 1 1 2995 5776 3404
7780 2 2 1 1 3627 6639 3218
7781 2 2 1 1 3866 5908 4667
7782 2 2 1 1 1587 2433 1585
7783 2 2 1 1 3400 6797 5559
7784 2 2 1 1 5586 7230 4261
7785 2 2 1 1 1814 1992 1809
7786 2 2 1 1 6433 6832 2280
7787 2 2 1 1 5143 5146 5145
7788 2 2 1 1 2345 2350 2343
7789 2 2 1 1 4501 5841 4502
7790 2 2 1 1 7073 7259 1399
7791 2 2 1 1 2341 2503 2339
7792 2 2 1 1 2866 6002 4674
7793 2 2 1 1 3785 5914 4246
7794 2 2 1 1 2102 6110 2103
7795 2 2 1 1 2759 2762 2761
7796 2 2 1 1 2932 2978 2936
7797 2 2 1 1 3698 7779 5460
7798 2 2 1 1 4606 6875 4603
7799 2 2 1 1 2946 2985 2949
7800 2 2 1 1 2942 2953 2944
7801 2 2 1 1 3753 5809 2640
7802 2 2 1 1 2109 6089 2216
7803 2 2 1 1 1465 7961 1189
7804 2 2 1 1 1672 1682 1671
7805 2 2 1 1 3899 7051 4576
7806 2 2 1 1 7350 7532 1517
7807 2 2 1 1 1588 1589 1583
7808 2 2 1 1 5930 7121 4381
7809 2 2 1 1 4033 4034 2046
7810 2 2 1 1 2651 6382 2647
7811 2 2 1 1 6918 6919 3612
7812 2 2 1 1 2286 6335 2275
7813 2 2 1 1 1683 1687 1682
7814 2 2 1 1 2182 5988 2170
7815 2 2 1 1 3047 3053 3052
7816 2 2 1 1 5096 6058 5098
7817 2 2 1 1 2352 2510 2349
7818 2 2 1 1 741 6383 740
7819 2 2 1 1 5845 7236 5848
7820 2 2 1 1 4470 7371 4583
7821 2 2 1 1 1871 2537 1868
7822 2 2 1 1 3356 4743 3635
7823 2 2 1 1 2105 6141 2107
7824 2 2 1 1 5866 6266 3675
7825 2 2 1 1 2356 2357 2354
7826 2 2 1 1 643 1368 642
7827 2 2 1 1 2337 5957 2335
7828 2 2 1 1 2647 6382 2644
7829 2 2 1 1 6631 6955 4905
7830 2 2 1 1 1866 1869 1864
7831 2 2 1 1 4045 6575 3787
7832 2 2 1 1 769 6488 768
7833 2 2 1 1 1875 1964 1873
7834 2 2 1 1 2778 4026 2779
7835 2 2 1 1 3794 4645 4643
7836 2 2 1 1 3078 5881 3077
7837 2 2 1 1 5490 6840 4107
7838 2 2 1 1 5185 5188 5187
7839 2 2 1 1 2383 2405 2382
7840 2 2 1 1 1688 1692 1687
7841 2 2 1 1 2653 3411 2651
7842 2 2 1 1 1553 5548 1555
7843 2 2 1 1 5951 6601 2528
7844 2 2 1 1 5523 7672 3863
7845 2 2 1 1 2003 7266 5722
7846 2 2 1 1 4653 8039 3087
7847 2 2 1 1 2725 7733 2723
7848 2 2 1 1 629 2960 628
7849 2 2 1 1 4057 4058 3692
7850 2 2 1 1 1862 2630 1860
7851 2 2 1 1 2911 3294 2913
7852 2 2 1 1 4772 5913 4182
7853 2 2 1 1 1736 7213 1689
7854 2 2 1 1 4853 7930 3382
7855 2 2 1 1 1879 2624 1877
7856 2 2 1 1 1582 1583 1572
7857 2 2 1 1 2907 3205 2909
7858 2 2 1 1 4828 7144 5374
7859 2 2 1 1 2776 2778 2777
7860 2 2 1 1 5361 7713 4260
7861 2 2 1 1 1722 5851 1720
7862 2 2 1 1 3643 7254 3651
7863 2 2 1 1 5485 6253 1344
7864 2 2 1 1 1594 1595 1593
7865 2 2 1 1 5771 7156 4395
7866 2 2 1 1 4181 4182 4180
7867 2 2 1 1 4435 7916 5522
7868 2 2 1 1 782 6554 781
7869 2 2 1 1 4263 7453 4426
7870 2 2 1 1 5674 6889 5680
7871 2 2 1 1 5283 7807 5972
7872 2 2 1 1 3799 6133 4746
7873 2 2 1 1 3727 6441 5619
7874 2 2 1 1 2735 2973 2737
7875 2 2 1 1 2731 2755 2733
7876 2 2 1 1 3216 5960 2199
7877 2 2 1 1 641 2958 640
7878 2 2 1 1 1594 6609 1596
7879 2 2 1 1 3232 7579 5898
7880 2 2 1 1 2934 7250 4936
7881 2 2 1 1 5135 5141 5136
7882 2 2 1 1 5679 7096 5672
7883 2 2 1 1 3579 4632 3574
7884 2 2 1 1 4477 6189 4292
7885 2 2 1 1 3369 3574 3368
7886 2 2 1 1 623 2923 622
7887 2 2 1 1 6179 7213 4530
7888 2 2 1 1 5239 7941 7738
7889 2 2 1 1 4020 6103 6102
7890 2 2 1 1 4750 5537 4751
7891 2 2 1 1 4970 7711 1980
7892 2 2 1 1 2860 3450 2829
7893 2 2 1 1 5153 5161 5155
7894 2 2 1 1 2888 6142 2955
7895 2 2 1 1 1569 1570 1567
7896 2 2 1 1 2148 6141 2105
7897 2 2 1 1 3733 3754 3731
7898 2 2 1 1 6968 7311 4241
7899 2 2 1 1 5147 5150 5149
7900 2 2 1 1 4140 5902 4139
7901 2 2 1 1 6003 7269 6553
7902 2 2 1 1 1571 1572 1570
7903 2 2 1 1 6641 6675 2571
7904 2 2 1 1 2903 2989 2905
7905 2 2 1 1 1883 1894 1881
7906 2 2 1 1 3572 3573 3450
7907 2 2 1 1 5200 5201 5128
7908 2 2 1 1 7944 8006 5261
7909 2 2 1 1 3809 6150 4011
7910 2 2 1 1 3524 6814 6449
7911 2 2 1 1 3689 7317 5959
7912 2 2 1 1 4287 7346 4285
7913 2 2 1 1 2896 2988 2901
7914 2 2 1 1 4138 4139 3533
7915 2 2 1 1 3129 6826 6602
7916 2 2 1 1 5731 6703 2695
7917 2 2 1 1 639 2899 638
7918 2 2 1 1 4035 4036 4034
7919 2 2 1 1 5099 7973 5097
7920 2 2 1 1 2659 3202 2657
7921 2 2 1 1 4834 7958 6981
7922 2 2 1 1 1563 2695 1561
7923 2 2 1 1 2739 2742 2741
7924 2 2 1 1 1805 1993 1803
7925 2 2 1 1 1436 7256 7255
7926 2 2 1 1 3975 5908 3866
7927 2 2 1 1 2804 6324 2807
7928 2 2 1 1 5696 6097 4283
7929 2 2 1 1 2892 2990 2894
7930 2 2 1 1 5170 5184 5172
7931 2 2 1 1 5072 6884 5069
7932 2 2 1 1 5933 6873 5932
7933 2 2 1 1 6501 7776 2622
7934 2 2 1 1 3358 5931 3678
7935 2 2 1 1 3451 3778 3116
7936 2 2 1 1 5675 6761 5676
7937 2 2 1 1 2324 2332 2322
7938 2 2 1 1 3018 3020 3019
7939 2 2 1 1 2331 2334 2329
7940 2 2 1 1 2693 7398 6694
7941 2 2 1 1 1588 1590 1589
7942 2 2 1 1 3444 4314 4313
7943 2 2 1 1 1064 6413 1063
7944 2 2 1 1 1692 1693 1687
7945 2 2 1 1 1889 2003 1887
7946 2 2 1 1 5250 7569 6097
7947 2 2 1 1 4415 7352 3728
7948 2 2 1 1 1653 2713 1651
7949 2 2 1 1 4427 5962 4428
7950 2 2 1 1 5953 6122 6028
7951 2 2 1 1 3089 3123 3088
7952 2 2 1 1 1796 1996 1794
7953 2 2 1 1 3095 3097 3096
7954 2 2 1 1 2081 6689 2218
7955 2 2 1 1 7046 7047 5958
7956 2 2 1 1 5223 7634 7442
7957 2 2 1 1 417 6494 416
7958 2 2 1 1 3502 6113 5064
7959 2 2 1 1 4923 4942 4921
7960 2 2 1 1 4838 7507 5404
7961 2 2 1 1 1336 6625 4030
7962 2 2 1 1 637 2959 636
7963 2 2 1 1 2327 7731 2303
7964 2 2 1 1 4656 5995 3722
7965 2 2 1 1 3632 5952 3952
7966 2 2 1 1 5427 7517 4763
7967 2 2 1 1 2888 2955 2890
7968 2 2 1 1 2482 4574 4567
7969 2 2 1 1 5359 7828 4308
7970 2 2 1 1 2320 2532 2318
7971 2 2 1 1 4280 6522 4276
7972 2 2 1 1 1681 6011 1600
7973 2 2 1 1 5786 5788 5787
7974 2 2 1 1 4035 5401 4476
7975 2 2 1 1 6626 6976 6303
7976 2 2 1 1 6539 7999 3996
7977 2 2 1 1 4060 6567 5731
7978 2 2 1 1 6479 7514 7474
7979 2 2 1 1 2358 2367 2357
7980 2 2 1 1 4998 5391 4350
7981 2 2 1 1 2879 3221 2884
7982 2 2 1 1 2985 3533 2986
7983 2 2 1 1 3317 6335 2286
7984 2 2 1 1 1679 7213 6179
7985 2 2 1 1 5211 6899 5212
7986 2 2 1 1 2438 6110 2102
7987 2 2 1 1 1630 2710 1628
7988 2 2 1 1 3646 7211 3649
7989 2 2 1 1 3237 3784 3238
7990 2 2 1 1 3283 5867 3281
7991 2 2 1 1 4764 7800 6640
7992 2 2 1 1 2312 2533 2310
7993 2 2 1 1 2316 2487 2314
7994 2 2 1 1 5166 5177 5168
7995 2 2 1 1 3926 6167 2220
7996 2 2 1 1 4411 4414 4413
7997 2 2 1 1 4934 4940 4932
7998 2 2 1 1 1648 1650 1646
7999 2 2 1 1 6714 7469 4841
8000 2 2 1 1 3334 3471 3347
8001 2 2 1 1 4602 5753 4588
8002 2 2 1 1 7030 7557 2698
8003 2 2 1 1 1599 6193 1598
8004 2 2 1 1 4074 4104 4075
8005 2 2 1 1 2856 2980 2873
8006 2 2 1 1 3992 6321 3144
8007 2 2 1 1 5176 7692 6191
8008 2 2 1 1 3051 4243 3019
8009 2 2 1 1 150 7281 149
8010 2 2 1 1 5178 5179 5141
8011 2 2 1 1 2090 5720 3416
8012 2 2 1 1 3315 5527 5526
8013 2 2 1 1 1950 1952 1951
8014 2 2 1 1 3705 3706 3704
8015 2 2 1 1 5947 6060 5393
8016 2 2 1 1 1581 3422 1579
8017 2 2 1 1 4390 4391 3240
8018 2 2 1 1 4399 4401 4400
8019 2 2 1 1 5863 6278 3790
8020 2 2 1 1 5178 7676 5552
8021 2 2 1 1 635 2898 634
8022 2 2 1 1 3213 4074 4073
8023 2 2 1 1 2202 7242 5858
8024 2 2 1 1 5162 5165 5164
8025 2 2 1 1 3124 3342 3123
8026 2 2 1 1 3624 7727 4638
8027 2 2 1 1 5594 7200 4141
8028 2 2 1 1 2304 3392 2302
8029 2 2 1 1 1423 7100 6224
8030 2 2 1 1 5238 5937 5935
8031 2 2 1 1 1463 5949 5736
8032 2 2 1 1 2308 3191 2306
8033 2 2 1 1 1576 6457 1573
8034 2 2 1 1 6866 8065 6877
8035 2 2 1 1 1692 1705 1693
8036 2 2 1 1 2300 2681 2298
8037 2 2 1 1 1682 4040 1671
8038 2 2 1 1 6045 7148 1416
8039 2 2 1 1 1538 1539 1537
8040 2 2 1 1 2764 2766 2765
8041 2 2 1 1 2028 5950 4134
8042 2 2 1 1 4394 4395 4393
8043 2 2 1 1 3267 4333 3013
8044 2 2 1 1 3348 7884 4882
8045 2 2 1 1 6331 7814 5257
8046 2 2 1 1 4496 7493 6163
8047 2 2 1 1 1697 6599 1700
8048 2 2 1 1 5728 6313 2019
8049 2 2 1 1 6667 7448 1985
8050 2 2 1 1 2405 4399 4161
8051 2 2 1 1 2587 6605 6586
8052 2 2 1 1 4392 4393 4391
8053 2 2 1 1 2528 6601 3461
8054 2 2 1 1 5738 5887 5048
8055 2 2 1 1 3629 3820 3628
8056 2 2 1 1 2685 6433 2280
8057 2 2 1 1 6729 7108 3220
8058 2 2 1 1 5727 5931 3321
8059 2 2 1 1 1896 1986 1893
8060 2 2 1 1 4154 4155 3494
8061 2 2 1 1 3990 7969 5503
8062 2 2 1 1 4887 4888 4131
8063 2 2 1 1 3062 3063 3061
8064 2 2 1 1 3690 5078 5077
8065 2 2 1 1 1987 6843 5932
8066 2 2 1 1 4384 7110 6891
8067 2 2 1 1 3190 5957 3629
8068 2 2 1 1 4144 7528 3549
8069 2 2 1 1 2165 5754 2100
8070 2 2 1 1 5041 7946 1983
8071 2 2 1 1 3115 3116 3031
8072 2 2 1 1 1900 2637 1898
8073 2 2 1 1 4756 6389 6388
8074 2 2 1 1 4142 7836 6727
8075 2 2 1 1 633 2961 632
8076 2 2 1 1 5322 7788 6534
8077 2 2 1 1 2762 2764 2763
8078 2 2 1 1 2550 7191 3398
8079 2 2 1 1 645 2964 644
8080 2 2 1 1 4478 5512 4477
8081 2 2 1 1 2721 2724 2723
8082 2 2 1 1 3655 5065 4484
8083 2 2 1 1 2848 3296 2850
8084 2 2 1 1 4801 4802 4799
8085 2 2 1 1 3329 3973 3509
8086 2 2 1 1 6472 6988 3411
8087 2 2 1 1 3897 3898 3872
8088 2 2 1 1 5512 5513 3744
8089 2 2 1 1 4178 4180 4179
8090 2 2 1 1 4418 5067 4155
8091 2 2 1 1 3343 3661 3342
8092 2 2 1 1 2296 3453 2294
8093 2 2 1 1 3012 3014 3013
8094 2 2 1 1 4928 4929 4925
8095 2 2 1 1 4914 4968 4912
8096 2 2 1 1 1644 2715 1642
8097 2 2 1 1 5920 6791 6750
8098 2 2 1 1 4472 5358 4024
8099 2 2 1 1 4100 4101 4099
8100 2 2 1 1 3991 3992 3144
8101 2 2 1 1 4876 6823 4753
8102 2 2 1 1 5897 6410 1407
8103 2 2 1 1 3448 5982 3813
8104 2 2 1 1 2663 3550 2661
8105 2 2 1 1 3585 6693 2413
8106 2 2 1 1 2078 2079 2077
8107 2 2 1 1 2865 4022 2809
8108 2 2 1 1 613 1379 612
8109 2 2 1 1 3471 6015 3347
8110 2 2 1 1 2367 4178 4177
8111 2 2 1 1 795 6587 794
8112 2 2 1 1 3026 3029 3028
8113 2 2 1 1 3441 5620 2873
8114 2 2 1 1 2865 6324 5543
8115 2 2 1 1 2271 4494 3927
8116 2 2 1 1 5568 7344 6916
8117 2 2 1 1 4098 4099 3572
8118 2 2 1 1 3794 6146 4645
8119 2 2 1 1 2841 2994 2843
8120 2 2 1 1 3573 5070 5069
8121 2 2 1 1 4023 4024 4022
8122 2 2 1 1 1787 1997 1785
8123 2 2 1 1 4555 7889 5994
8124 2 2 1 1 2288 3252 2268
8125 2 2 1 1 1634 1637 1632
8126 2 2 1 1 5240 7738 6578
8127 2 2 1 1 659 1348 658
8128 2 2 1 1 1664 1666 1659
8129 2 2 1 1 3789 6278 4039
8130 2 2 1 1 414 6558 413
8131 2 2 1 1 4273 5486 4270
8132 2 2 1 1 631 2897 630
8133 2 2 1 1 5555 7638 3616
8134 2 2 1 1 3545 6962 3643
8135 2 2 1 1 792 6600 791
8136 2 2 1 1 836 6816 835
8137 2 2 1 1 4278 4281 4280
8138 2 2 1 1 4001 6716 3997
8139 2 2 1 1 5355 6850 2215
8140 2 2 1 1 2292 3547 2290
8141 2 2 1 1 2580 2608 2582
8142 2 2 1 1 5520 6111 5407
8143 2 2 1 1 2029 5950 2028
8144 2 2 1 1 4644 7503 6138
8145 2 2 1 1 1904 1915 1902
8146 2 2 1 1 2335 3190 2334
8147 2 2 1 1 3457 6628 2547
8148 2 2 1 1 5877 6936 1471
8149 2 2 1 1 3835 7003 7002
8150 2 2 1 1 3461 6133 3460
8151 2 2 1 1 3115 3504 3451
8152 2 2 1 1 5538 8001 2096
8153 2 2 1 1 2819 6250 2820
8154 2 2 1 1 4908 7946 3981
8155 2 2 1 1 1162 7873 1444
8156 2 2 1 1 657 2962 656
8157 2 2 1 1 5321 6949 5975
8158 2 2 1 1 5286 7234 5618
8159 2 2 1 1 2410 7910 2409
8160 2 2 1 1 2577 4299 2607
8161 2 2 1 1 6059 7169 1464
8162 2 2 1 1 6138 6775 2433
8163 2 2 1 1 5756 7607 5755
8164 2 2 1 1 5247 7216 5533
8165 2 2 1 1 4494 5824 4495
8166 2 2 1 1 3065 3066 3063
8167 2 2 1 1 5769 5866 2262
8168 2 2 1 1 3679 5953 5952
8169 2 2 1 1 4618 4692 3983
8170 2 2 1 1 2584 2614 2586
8171 2 2 1 1 1707 7743 2043
8172 2 2 1 1 5409 6333 3546
8173 2 2 1 1 870 6617 869
8174 2 2 1 1 2669 3295 2667
8175 2 2 1 1 5420 7359 5418
8176 2 2 1 1 3979 3981 3980
8177 2 2 1 1 4907 6442 5620
8178 2 2 1 1 4509 4510 3479
8179 2 2 1 1 2592 2597 2594
8180 2 2 1 1 2980 6476 4154
8181 2 2 1 1 1559 1574 1557
8182 2 2 1 1 3855 3856 3706
8183 2 2 1 1 597 5309 596
8184 2 2 1 1 1609 5998 1684
8185 2 2 1 1 3311 4145 4066
8186 2 2 1 1 4421 7635 5009
8187 2 2 1 1 4310 5637 5446
8188 2 2 1 1 655 2882 654
8189 2 2 1 1 4711 6149 4716
8190 2 2 1 1 4839 7831 5979
8191 2 2 1 1 4426 6513 4425
8192 2 2 1 1 2836 2852 2839
8193 2 2 1 1 581 4253 580
8194 2 2 1 1 3321 5931 3358
8195 2 2 1 1 3221 3979 3978
8196 2 2 1 1 1777 2093 1775
8197 2 2 1 1 1549 1551 1550
8198 2 2 1 1 3575 6015 5242
8199 2 2 1 1 2794 6330 2797
8200 2 2 1 1 4061 7887 4220
8201 2 2 1 1 3880 7458 6401
8202 2 2 1 1 3190 3628 3528
8203 2 2 1 1 2823 2860 2829
8204 2 2 1 1 3560 4410 4409
8205 2 2 1 1 3144 6321 3145
8206 2 2 1 1 6046 6872 5402
8207 2 2 1 1 1555 1556 1554
8208 2 2 1 1 6247 7014 4041
8209 2 2 1 1 2742 2748 2743
8210 2 2 1 1 4919 4920 4916
8211 2 2 1 1 5799 6827 2247
8212 2 2 1 1 653 2963 652
8213 2 2 1 1 1710 6036 1712
8214 2 2 1 1 1547 1549 1548
8215 2 2 1 1 1522 1523 1520
8216 2 2 1 1 3649 6474 3650
8217 2 2 1 1 2980 3494 3441
8218 2 2 1 1 2606 6678 2600
8219 2 2 1 1 5737 7790 3760
8220 2 2 1 1 4299 4301 4300
8221 2 2 1 1 2542 7690 5452
8222 2 2 1 1 2228 6645 4829
8223 2 2 1 1 6296 6932 2861
8224 2 2 1 1 1773 2626 1771
8225 2 2 1 1 3627 7027 6639
8226 2 2 1 1 1514 1515 1513
8227 2 2 1 1 4637 7439 3293
8228 2 2 1 1 3067 3068 3066
8229 2 2 1 1 2766 6450 2767
8230 2 2 1 1 2596 2718 2717
8231 2 2 1 1 2536 7812 2195
8232 2 2 1 1 2718 4298 2757
8233 2 2 1 1 7167 7971 1935
8234 2 2 1 1 3782 6131 3701
8235 2 2 1 1 4266 7365 7178
8236 2 2 1 1 2960 6024 628
8237 2 2 1 1 1917 2002 1914
8238 2 2 1 1 1762 5570 1755
8239 2 2 1 1 4899 7586 5260
8240 2 2 1 1 4301 4627 4302
8241 2 2 1 1 3419 7552 5403
8242 2 2 1 1 4162 7821 5232
8243 2 2 1 1 3955 6644 5056
8244 2 2 1 1 4409 6460 4408
8245 2 2 1 1 5722 6240 5091
8246 2 2 1 1 1602 6007 1681
8247 2 2 1 1 7888 7943 5328
8248 2 2 1 1 3279 5901 3277
8249 2 2 1 1 651 2881 650
8250 2 2 1 1 4669 7036 3631
8251 2 2 1 1 3029 3034 3031
8252 2 2 1 1 2560 2622 2562
8253 2 2 1 1 5626 6308 6307
8254 2 2 1 1 6672 6673 3841
8255 2 2 1 1 1921 2671 1919
8256 2 2 1 1 2198 5960 2534
8257 2 2 1 1 1910 2001 1908
8258 2 2 1 1 1608 7424 5518
8259 2 2 1 1 4197 6584 4188
8260 2 2 1 1 3692 3693 2863
8261 2 2 1 1 4955 8035 3381
8262 2 2 1 1 4654 4655 3722
8263 2 2 1 1 2254 3173 2256
8264 2 2 1 1 370 6807 369
8265 2 2 1 1 4268 7998 3540
8266 2 2 1 1 5841 7961 1465
8267 2 2 1 1 6200 7335 4739
8268 2 2 1 1 2862 2863 2799
8269 2 2 1 1 5849 6487 4321
8270 2 2 1 1 3422 6457 1579
8271 2 2 1 1 1769 2073 1764
8272 2 2 1 1 2961 7504 6088
8273 2 2 1 1 2813 2861 2815
8274 2 2 1 1 2565 2621 2567
8275 2 2 1 1 4190 4288 4197
8276 2 2 1 1 3911 7509 6400
8277 2 2 1 1 2809 6296 2810
8278 2 2 1 1 3693 4618 3983
8279 2 2 1 1 5104 7532 4357
8280 2 2 1 1 2807 2865 2809
8281 2 2 1 1 6473 6988 6472
8282 2 2 1 1 3346 3949 3540
8283 2 2 1 1 826 6810 825
8284 2 2 1 1 5038 7035 5608
8285 2 2 1 1 5872 6912 4119
8286 2 2 1 1 852 4774 851
8287 2 2 1 1 649 2965 648
8288 2 2 1 1 2193 2271 2220
8289 2 2 1 1 5146 5970 5147
8290 2 2 1 1 4691 7479 6254
8291 2 2 1 1 5484 8036 3719
8292 2 2 1 1 935 6462 3977
8293 2 2 1 1 4447 7405 6740
8294 2 2 1 1 2684 3329 2685
8295 2 2 1 1 4271 7438 6930
8296 2 2 1 1 2724 4187 2730
8297 2 2 1 1 2170 5988 2172
8298 2 2 1 1 3581 7519 5755
8299 2 2 1 1 610 2924 609
8300 2 2 1 1 3070 3071 3068
8301 2 2 1 1 2520 7057 4028
8302 2 2 1 1 2569 2577 2575
8303 2 2 1 1 1925 1961 1923
8304 2 2 1 1 7258 7660 1151
8305 2 2 1 1 6474 7768 5684
8306 2 2 1 1 4242 5910 3998
8307 2 2 1 1 4370 7169 6059
8308 2 2 1 1 1150 5359 1447
8309 2 2 1 1 4430 6085 3654
8310 2 2 1 1 3790 6278 3789
8311 2 2 1 1 1530 1531 1529
8312 2 2 1 1 2224 2411 2226
8313 2 2 1 1 3458 7840 2255
8314 2 2 1 1 2168 6889 2182
8315 2 2 1 1 4690 7555 2012
8316 2 2 1 1 7492 7536 4837
8317 2 2 1 1 1754 5807 1735
8318 2 2 1 1 1590 1591 1589
8319 2 2 1 1 4195 4757 4491
8320 2 2 1 1 271 6985 270
8321 2 2 1 1 4478 7794 5513
8322 2 2 1 1 6233 6868 4737
8323 2 2 1 1 6195 7520 2503
8324 2 2 1 1 5084 5085 3934
8325 2 2 1 1 4213 7364 4214
8326 2 2 1 1 4336 6994 4179
8327 2 2 1 1 5184 5911 5185
8328 2 2 1 1 6072 6075 2964
8329 2 2 1 1 2797 2862 2799
8330 2 2 1 1 1565 6181 1563
8331 2 2 1 1 647 2880 646
8332 2 2 1 1 6932 7271 5330
8333 2 2 1 1 1612 6171 1587
8334 2 2 1 1 2703 3719 2701
8335 2 2 1 1 1504 1506 1505
8336 2 2 1 1 661 2868 660
8337 2 2 1 1 4381 7121 4377
8338 2 2 1 1 5222 7712 5405
8339 2 2 1 1 3759 7681 3291
8340 2 2 1 1 6410 7253 1407
8341 2 2 1 1 2244 5245 2259
8342 2 2 1 1 1597 6011 2431
8343 2 2 1 1 3467 4662 3783
8344 2 2 1 1 6636 7420 3719
8345 2 2 1 1 6960 7505 2500
8346 2 2 1 1 6118 6119 5217
8347 2 2 1 1 4132 7310 6064
8348 2 2 1 1 2778 4027 4026
8349 2 2 1 1 6102 6538 3447
8350 2 2 1 1 3959 5806 2154
8351 2 2 1 1 5070 5075 5071
8352 2 2 1 1 5869 6519 1460
8353 2 2 1 1 3509 3696 2685
8354 2 2 1 1 4874 7385 2522
8355 2 2 1 1 4933 7926 5054
8356 2 2 1 1 2724 2730 2725
8357 2 2 1 1 6008 6795 1469
8358 2 2 1 1 1702 6160 1701
8359 2 2 1 1 3108 3331 3109
8360 2 2 1 1 6773 7901 4659
8361 2 2 1 1 2437 4234 3580
8362 2 2 1 1 2630 6397 5885
8363 2 2 1 1 6928 6975 5613
8364 2 2 1 1 1466 7062 5642
8365 2 2 1 1 2232 2627 2234
8366 2 2 1 1 2742 4275 2748
8367 2 2 1 1 3949 3950 3540
8368 2 2 1 1 2764 2977 2766
8369 2 2 1 1 1748 7691 5981
8370 2 2 1 1 2784 2996 2792
8371 2 2 1 1 2618 6710 6709
8372 2 2 1 1 398 6645 397
8373 2 2 1 1 5903 6949 5439
8374 2 2 1 1 2803 6324 2804
8375 2 2 1 1 4070 6830 4071
8376 2 2 1 1 1155 6774 1154
8377 2 2 1 1 3072 3073 3071
8378 2 2 1 1 2258 3174 2410
8379 2 2 1 1 617 2915 616
8380 2 2 1 1 5748 6231 5593
8381 2 2 1 1 4187 4189 4188
8382 2 2 1 1 2458 3225 2456
8383 2 2 1 1 3268 7149 6446
8384 2 2 1 1 5664 7534 4782
8385 2 2 1 1 4189 4191 4190
8386 2 2 1 1 3082 3108 3107
8387 2 2 1 1 3885 6124 3878
8388 2 2 1 1 3302 3305 3304
8389 2 2 1 1 2607 7866 6061
8390 2 2 1 1 1547 6123 1549
8391 2 2 1 1 3635 4743 4742
8392 2 2 1 1 5959 7362 3821
8393 2 2 1 1 393 6546 392
8394 2 2 1 1 2985 6283 4138
8395 2 2 1 1 3284 8029 5546
8396 2 2 1 1 5804 7107 1589
8397 2 2 1 1 2172 5988 2623
8398 2 2 1 1 5530 7116 5531
8399 2 2 1 1 6013 6604 2588
8400 2 2 1 1 3239 3240 2479
8401 2 2 1 1 3535 6148 2492
8402 2 2 1 1 3886 6938 3888
8403 2 2 1 1 2464 3447 2462
8404 2 2 1 1 3474 7857 4137
8405 2 2 1 1 2002 7170 6489
8406 2 2 1 1 5642 7062 4221
8407 2 2 1 1 3207 3346 3297
8408 2 2 1 1 7085 7435 4088
8409 2 2 1 1 540 7711 7028
8410 2 2 1 1 4739 6201 6200
8411 2 2 1 1 2188 7009 6762
8412 2 2 1 1 2250 2253 2252
8413 2 2 1 1 4220 7887 6794
8414 2 2 1 1 2547 6628 2545
8415 2 2 1 1 3177 3180 3179
8416 2 2 1 1 5557 7997 3759
8417 2 2 1 1 2107 6141 6089
8418 2 2 1 1 3901 3902 3900
8419 2 2 1 1 6077 7355 4670
8420 2 2 1 1 3638 4889 4885
8421 2 2 1 1 3183 3395 2707
8422 2 2 1 1 4154 7474 4418
8423 2 2 1 1 2526 3207 3206
8424 2 2 1 1 3522 4624 4464
8425 2 2 1 1 2476 2478 2474
8426 2 2 1 1 4338 7222 4522
8427 2 2 1 1 1890 7992 1892
8428 2 2 1 1 6891 7110 4438
8429 2 2 1 1 4301 7188 4628
8430 2 2 1 1 2860 3572 3450
8431 2 2 1 1 2468 2481 2466
8432 2 2 1 1 3847 7276 5046
8433 2 2 1 1 4277 4279 4278
8434 2 2 1 1 2472 2635 2470
8435 2 2 1 1 4146 6797 5304
8436 2 2 1 1 6079 6682 3138
8437 2 2 1 1 5524 7672 5523
8438 2 2 1 1 675 1371 674
8439 2 2 1 1 3978 6142 2884
8440 2 2 1 1 1413 6881 5464
8441 2 2 1 1 4275 4277 4276
8442 2 2 1 1 5649 8055 4086
8443 2 2 1 1 2748 6522 2749
8444 2 2 1 1 4694 7972 7491
8445 2 2 1 1 6767 6768 3757
8446 2 2 1 1 4023 4472 4024
8447 2 2 1 1 6035 6146 3498
8448 2 2 1 1 1203 6822 1477
8449 2 2 1 1 6063 6960 4887
8450 2 2 1 1 673 2866 672
8451 2 2 1 1 3359 6893 3322
8452 2 2 1 1 2623 6009 2174
8453 2 2 1 1 3938 5550 3241
8454 2 2 1 1 898 6683 897
8455 2 2 1 1 3220 7108 2525
8456 2 2 1 1 3677 5999 4237
8457 2 2 1 1 6786 8023 4926
8458 2 2 1 1 3951 7457 3950
8459 2 2 1 1 841 6713 840
8460 2 2 1 1 2622 7776 6499
8461 2 2 1 1 4747 5398 5040
8462 2 2 1 1 671 2846 670
8463 2 2 1 1 5165 5955 5166
8464 2 2 1 1 2865 4023 4022
8465 2 2 1 1 4117 6915 4360
8466 2 2 1 1 2793 6330 2794
8467 2 2 1 1 6360 6637 5198
8468 2 2 1 1 3865 6137 5750
8469 2 2 1 1 4823 5995 4656
8470 2 2 1 1 5895 7154 1970
8471 2 2 1 1 4903 6710 6180
8472 2 2 1 1 1931 2004 1929
8473 2 2 1 1 2082 7030 7029
8474 2 2 1 1 2275 6335 2277
8475 2 2 1 1 2047 5745 2050
8476 2 2 1 1 4684 4688 3987
8477 2 2 1 1 4414 7452 2858
8478 2 2 1 1 1712 6036 1715
8479 2 2 1 1 3652 6005 4450
8480 2 2 1 1 2418 6677 2229
8481 2 2 1 1 2977 3514 3513
8482 2 2 1 1 3450 5640 2829
8483 2 2 1 1 3758 7753 5579
8484 2 2 1 1 5954 6035 3792
8485 2 2 1 1 669 2867 668
8486 2 2 1 1 4025 6018 6017
8487 2 2 1 1 4026 6568 2779
8488 2 2 1 1 4751 7357 6788
8489 2 2 1 1 1600 6011 1597
8490 2 2 1 1 2996 3507 2792
8491 2 2 1 1 2239 2244 2243
8492 2 2 1 1 2718 2757 2719
8493 2 2 1 1 84 6326 1143
8494 2 2 1 1 1679 6179 1675
8495 2 2 1 1 4798 4799 4797
8496 2 2 1 1 5466 7146 5467
8497 2 2 1 1 3299 7117 3394
8498 2 2 1 1 4027 4434 4433
8499 2 2 1 1 2823 6250 2860
8500 2 2 1 1 2128 2183 2079
8501 2 2 1 1 4041 7014 4366
8502 2 2 1 1 2792 6053 2785
8503 2 2 1 1 2862 3692 2863
8504 2 2 1 1 5999 7048 4237
8505 2 2 1 1 2394 6114 2392
8506 2 2 1 1 4068 6916 3824
8507 2 2 1 1 1098 7148 6872
8508 2 2 1 1 667 2845 666
8509 2 2 1 1 2676 6689 3233
8510 2 2 1 1 1377 7557 5302
8511 2 2 1 1 5107 8044 3537
8512 2 2 1 1 7012 7013 4121
8513 2 2 1 1 2594 6345 2596
8514 2 2 1 1 196 7052 6592
8515 2 2 1 1 2996 3581 3507
8516 2 2 1 1 1938 2005 1936
8517 2 2 1 1 361 6840 360
8518 2 2 1 1 6529 7559 2002
8519 2 2 1 1 4362 7500 5288
8520 2 2 1 1 5056 7624 3697
8521 2 2 1 1 665 2869 664
8522 2 2 1 1 3609 6925 3612
8523 2 2 1 1 2754 6031 2751
8524 2 2 1 1 1430 6929 1180
8525 2 2 1 1 2964 6075 644
8526 2 2 1 1 1944 2007 1942
8527 2 2 1 1 3949 6757 3951
8528 2 2 1 1 2660 7849 2662
8529 2 2 1 1 6898 7493 4496
8530 2 2 1 1 663 2844 662
8531 2 2 1 1 605 2967 604
8532 2 2 1 1 3695 3936 3457
8533 2 2 1 1 8053 8065 3558
8534 2 2 1 1 4215 5313 5311
8535 2 2 1 1 2128 2684 2280
8536 2 2 1 1 1950 1951 1948
8537 2 2 1 1 4302 4431 4303
8538 2 2 1 1 2990 7841 7016
8539 2 2 1 1 4215 4216 3856
8540 2 2 1 1 1604 6007 1602
8541 2 2 1 1 1486 6803 6629
8542 2 2 1 1 2248 6785 6780
8543 2 2 1 1 5125 6132 5127
8544 2 2 1 1 6945 6946 6943
8545 2 2 1 1 5364 6670 5318
8546 2 2 1 1 4076 6237 4074
8547 2 2 1 1 2021 7284 5538
8548 2 2 1 1 4027 4433 4026
8549 2 2 1 1 2176 6009 2445
8550 2 2 1 1 5649 6980 3337
8551 2 2 1 1 603 2918 602
8552 2 2 1 1 2577 2607 2578
8553 2 2 1 1 6674 8056 1662
8554 2 2 1 1 2387 6140 2383
8555 2 2 1 1 4324 5966 4325
8556 2 2 1 1 407 6739 406
8557 2 2 1 1 3345 4404 4330
8558 2 2 1 1 4195 4491 4193
8559 2 2 1 1 2524 2526 2525
8560 2 2 1 1 4849 7154 5895
8561 2 2 1 1 2174 6009 2176
8562 2 2 1 1 4083 7607 5756
8563 2 2 1 1 4434 4435 4433
8564 2 2 1 1 6875 6989 4603
8565 2 2 1 1 2370 7765 2374
8566 2 2 1 1 3257 3953 3255
8567 2 2 1 1 3731 7234 3730
8568 2 2 1 1 1528 1529 1527
8569 2 2 1 1 1726 6435 1724
8570 2 2 1 1 2398 6145 2396
8571 2 2 1 1 2035 4033 2046
8572 2 2 1 1 7906 7991 4980
8573 2 2 1 1 3419 5403 3933
8574 2 2 1 1 4247 4390 3240
8575 2 2 1 1 4357 7532 7350
8576 2 2 1 1 4012 5274 3696
8577 2 2 1 1 4589 4608 4606
8578 2 2 1 1 2860 6250 4098
8579 2 2 1 1 5407 5921 3850
8580 2 2 1 1 5691 7494 4773
8581 2 2 1 1 2785 6053 2787
8582 2 2 1 1 2344 7693 2346
8583 2 2 1 1 3894 6938 3901
8584 2 2 1 1 881 6631 880
8585 2 2 1 1 601 2966 600
8586 2 2 1 1 2480 7656 4355
8587 2 2 1 1 3086 6844 3091
8588 2 2 1 1 5377 6804 4042
8589 2 2 1 1 2730 6584 2731
8590 2 2 1 1 4130 4310 4305
8591 2 2 1 1 2271 3927 3926
8592 2 2 1 1 838 6755 837
8593 2 2 1 1 4227 6173 3674
8594 2 2 1 1 5119 6158 5121
8595 2 2 1 1 2358 5894 2367
8596 2 2 1 1 341 6942 340
8597 2 2 1 1 1635 5998 1609
8598 2 2 1 1 2600 6678 2556
8599 2 2 1 1 386 6717 385
8600 2 2 1 1 4420 5111 3667
8601 2 2 1 1 2199 5960 2198
8602 2 2 1 1 4222 7091 5602
8603 2 2 1 1 4805 4806 4798
8604 2 2 1 1 3956 4511 4290
8605 2 2 1 1 1834 6183 1832
8606 2 2 1 1 5389 7699 7113
8607 2 2 1 1 2711 7006 7005
8608 2 2 1 1 4093 4094 3212
8609 2 2 1 1 599 1350 598
8610 2 2 1 1 4265 6211 5703
8611 2 2 1 1 5900 7784 1446
8612 2 2 1 1 5991 5993 3336
8613 2 2 1 1 3651 7211 3644
8614 2 2 1 1 4750 4751 4216
8615 2 2 1 1 856 6724 855
8616 2 2 1 1 583 1374 582
8617 2 2 1 1 1836 6184 1834
8618 2 2 1 1 3852 7970 5599
8619 2 2 1 1 3059 3064 2000
8620 2 2 1 1 4796 4805 4798
8621 2 2 1 1 4298 7772 2757
8622 2 2 1 1 1996 8027 6118
8623 2 2 1 1 5884 6160 1702
8624 2 2 1 1 6048 7945 3435
8625 2 2 1 1 2229 6677 2222
8626 2 2 1 1 2375 6175 2373
8627 2 2 1 1 5104 7376 1532
8628 2 2 1 1 1556 2279 1554
8629 2 2 1 1 3315 5526 2418
8630 2 2 1 1 3828 7184 7058
8631 2 2 1 1 5699 7330 7329
8632 2 2 1 1 2052 2119 2054
8633 2 2 1 1 4880 6666 5666
8634 2 2 1 1 2977 3513 2766
8635 2 2 1 1 5544 6147 4089
8636 2 2 1 1 592 6194 591
8637 2 2 1 1 3621 7790 5838
8638 2 2 1 1 5508 6431 3639
8639 2 2 1 1 1822 6212 1820
8640 2 2 1 1 589 2419 588
8641 2 2 1 1 551 1367 550
8642 2 2 1 1 587 2386 586
8643 2 2 1 1 1856 6218 1854
8644 2 2 1 1 591 2385 590
8645 2 2 1 1 5818 6954 5817
8646 2 2 1 1 3514 4427 3513
8647 2 2 1 1 4198 7218 5516
8648 2 2 1 1 1553 1554 1551
8649 2 2 1 1 552 6204 551
8650 2 2 1 1 567 6202 566
8651 2 2 1 1 578 3563 577
8652 2 2 1 1 565 2420 564
8653 2 2 1 1 1830 6190 1828
8654 2 2 1 1 3791 6042 4304
8655 2 2 1 1 563 1976 562
8656 2 2 1 1 569 6065 568
8657 2 2 1 1 561 2421 560
8658 2 2 1 1 3411 6382 2651
8659 2 2 1 1 2379 6185 2377
8660 2 2 1 1 4315 8043 4829
8661 2 2 1 1 559 1975 558
8662 2 2 1 1 1398 7543 5798
8663 2 2 1 1 576 6207 575
8664 2 2 1 1 4392 4394 4393
8665 2 2 1 1 2407 5310 2406
8666 2 2 1 1 534 1352 533
8667 2 2 1 1 6292 7249 1801
8668 2 2 1 1 571 2372 570
8669 2 2 1 1 4394 5764 4395
8670 2 2 1 1 5493 7472 4778
8671 2 2 1 1 573 2423 572
8672 2 2 1 1 546 1981 545
8673 2 2 1 1 6086 6087 3504
8674 2 2 1 1 2813 6296 2861
8675 2 2 1 1 678 6699 677
8676 2 2 1 1 2938 6310 6096
8677 2 2 1 1 5525 7906 4980
8678 2 2 1 1 535 6226 534
8679 2 2 1 1 7667 7725 3867
8680 2 2 1 1 3307 3551 3308
8681 2 2 1 1 5569 7436 1608
8682 2 2 1 1 5130 6178 5132
8683 2 2 1 1 3546 8069 5351
8684 2 2 1 1 4390 4392 4391
8685 2 2 1 1 4234 4249 4248
8686 2 2 1 1 3722 5995 3270
8687 2 2 1 1 5136 6169 5138
8688 2 2 1 1 3187 3377 3373
8689 2 2 1 1 4208 4397 4205
8690 2 2 1 1 544 2424 543
8691 2 2 1 1 5339 8036 5484
8692 2 2 1 1 1901 7138 1903
8693 2 2 1 1 908 6870 907
8694 2 2 1 1 1846 6205 1844
8695 2 2 1 1 5855 7216 5247
8696 2 2 1 1 3821 7362 5843
8697 2 2 1 1 5768 6266 5767
8698 2 2 1 1 2144 7812 5583
8699 2 2 1 1 3836 7022 5488
8700 2 2 1 1 6048 7316 4372
8701 2 2 1 1 3012 3013 3009
8702 2 2 1 1 1379 6080 612
8703 2 2 1 1 3036 6086 3034
8704 2 2 1 1 2928 7000 2927
8705 2 2 1 1 4769 7430 7429
8706 2 2 1 1 542 1980 541
8707 2 2 1 1 3954 5982 3448
8708 2 2 1 1 531 2425 530
8709 2 2 1 1 1795 7480 2018
8710 2 2 1 1 5543 6380 4023
8711 2 2 1 1 3174 4371 3454
8712 2 2 1 1 517 6249 516
8713 2 2 1 1 1828 6196 1826
8714 2 2 1 1 3657 7115 3763
8715 2 2 1 1 3364 3864 3323
8716 2 2 1 1 2244 2259 2245
8717 2 2 1 1 4277 4278 4276
8718 2 2 1 1 4501 7048 5842
8719 2 2 1 1 5932 6873 1987
8720 2 2 1 1 5616 7355 2632
8721 2 2 1 1 2253 5939 2254
8722 2 2 1 1 4275 4276 2748
8723 2 2 1 1 4448 8040 2164
8724 2 2 1 1 2983 7733 6453
8725 2 2 1 1 1550 3674 1548
8726 2 2 1 1 1154 6950 1153
8727 2 2 1 1 2364 6234 2362
8728 2 2 1 1 3174 3454 3175
8729 2 2 1 1 3018 3019 3016
8730 2 2 1 1 1454 5782 4872
8731 2 2 1 1 529 1813 528
8732 2 2 1 1 2639 6521 2213
8733 2 2 1 1 497 6233 496
8734 2 2 1 1 1526 1527 1523
8735 2 2 1 1 3980 6443 3978
8736 2 2 1 1 3026 3028 3024
8737 2 2 1 1 4321 6487 4320
8738 2 2 1 1 513 2427 512
8739 2 2 1 1 6071 7861 6073
8740 2 2 1 1 3180 3486 3181
8741 2 2 1 1 1824 6246 1822
8742 2 2 1 1 1628 6306 1626
8743 2 2 1 1 540 7028 539
8744 2 2 1 1 5135 6178 5178
8745 2 2 1 1 538 6239 537
8746 2 2 1 1 4082 6763 6053
8747 2 2 1 1 3394 7117 4584
8748 2 2 1 1 3005 3619 3003
8749 2 2 1 1 4008 7044 4523
8750 2 2 1 1 2392 6114 3213
8751 2 2 1 1 3101 3102 3099
8752 2 2 1 1 3918 5342 5341
8753 2 2 1 1 689 2871 688
8754 2 2 1 1 3852 6957 6779
8755 2 2 1 1 3305 3307 3306
8756 2 2 1 1 499 6274 498
8757 2 2 1 1 5128 6132 5125
8758 2 2 1 1 2164 8040 1533
8759 2 2 1 1 1640 1657 1638
8760 2 2 1 1 687 2828 686
8761 2 2 1 1 4403 7086 4400
8762 2 2 1 1 3415 7484 2024
8763 2 2 1 1 527 2428 526
8764 2 2 1 1 4189 4190 4188
8765 2 2 1 1 684 2826 683
8766 2 2 1 1 3662 4213 3661
8767 2 2 1 1 2437 3580 3571
8768 2 2 1 1 1556 2524 2279
8769 2 2 1 1 682 2872 681
8770 2 2 1 1 3106 3654 3096
8771 2 2 1 1 4187 4188 2730
8772 2 2 1 1 680 2825 679
8773 2 2 1 1 479 6242 478
8774 2 2 1 1 1806 7658 2016
8775 2 2 1 1 4022 6932 6296
8776 2 2 1 1 5068 6542 5640
8777 2 2 1 1 2688 4038 2606
8778 2 2 1 1 1684 7407 1606
8779 2 2 1 1 1997 7795 5688
8780 2 2 1 1 4151 6434 4127
8781 2 2 1 1 1753 7781 3405
8782 2 2 1 1 6236 7820 2425
8783 2 2 1 1 1850 6262 1848
8784 2 2 1 1 618 7447 617
8785 2 2 1 1 511 1802 510
8786 2 2 1 1 4494 4495 3927
8787 2 2 1 1 525 1812 524
8788 2 2 1 1 6405 7846 2925
8789 2 2 1 1 495 2429 494
8790 2 2 1 1 3946 8015 3908
8791 2 2 1 1 7199 8009 7201
8792 2 2 1 1 5330 7271 4102
8793 2 2 1 1 3047 3052 3045
8794 2 2 1 1 2335 5957 3190
8795 2 2 1 1 443 1361 442
8796 2 2 1 1 2443 3196 1536
8797 2 2 1 1 5052 6911 5578
8798 2 2 1 1 2868 6129 660
8799 2 2 1 1 4299 4300 2607
8800 2 2 1 1 5749 7752 4851
8801 2 2 1 1 523 2430 522
8802 2 2 1 1 1373 6136 6134
8803 2 2 1 1 317 3245 316
8804 2 2 1 1 2431 6590 1595
8805 2 2 1 1 4793 4808 4806
8806 2 2 1 1 910 6824 909
8807 2 2 1 1 954 3429 953
8808 2 2 1 1 509 2432 508
8809 2 2 1 1 4306 5812 4129
8810 2 2 1 1 1860 6238 1858
8811 2 2 1 1 3055 3121 3053
8812 2 2 1 1 2779 6568 2781
8813 2 2 1 1 5124 6158 5200
8814 2 2 1 1 5323 7989 5839
8815 2 2 1 1 7680 7990 5820
8816 2 2 1 1 4482 5808 4481
8817 2 2 1 1 3042 3131 3040
8818 2 2 1 1 3550 7792 5795
8819 2 2 1 1 4301 4302 4300
8820 2 2 1 1 477 2434 476
8821 2 2 1 1 4436 7897 4785
8822 2 2 1 1 2339 6280 2337
8823 2 2 1 1 4033 4035 4034
8824 2 2 1 1 4485 7689 6975
8825 2 2 1 1 6553 7272 1437
8826 2 2 1 1 521 1811 520
8827 2 2 1 1 493 1793 492
8828 2 2 1 1 463 6307 462
8829 2 2 1 1 2657 6346 2655
8830 2 2 1 1 2349 6300 2347
8831 2 2 1 1 4184 4185 3565
8832 2 2 1 1 5615 7052 4576
8833 2 2 1 1 1516 1517 1515
8834 2 2 1 1 5090 6252 5094
8835 2 2 1 1 2075 2078 2077
8836 2 2 1 1 2026 6171 1612
8837 2 2 1 1 4320 6575 4045
8838 2 2 1 1 2988 7016 5948
8839 2 2 1 1 7597 7700 3720
8840 2 2 1 1 4874 7208 3197
8841 2 2 1 1 4254 6434 4151
8842 2 2 1 1 482 1971 481
8843 2 2 1 1 4264 4266 4265
8844 2 2 1 1 4458 7550 4454
8845 2 2 1 1 507 1801 506
8846 2 2 1 1 3022 6040 3020
8847 2 2 1 1 4090 7336 5545
8848 2 2 1 1 1082 6220 1081
8849 2 2 1 1 3696 6433 2685
8850 2 2 1 1 701 1414 700
8851 2 2 1 1 461 6255 460
8852 2 2 1 1 4189 7270 4192
8853 2 2 1 1 2807 6324 2865
8854 2 2 1 1 3679 5952 3632
8855 2 2 1 1 6765 7349 1025
8856 2 2 1 1 2526 3206 2525
8857 2 2 1 1 1809 6270 1807
8858 2 2 1 1 3947 4448 2164
8859 2 2 1 1 2035 6599 4033
8860 2 2 1 1 3415 7821 5662
8861 2 2 1 1 3133 3164 3105
8862 2 2 1 1 4610 7078 4599
8863 2 2 1 1 3948 7900 6044
8864 2 2 1 1 3072 5965 3073
8865 2 2 1 1 491 2435 490
8866 2 2 1 1 5185 5911 5188
8867 2 2 1 1 2712 7009 7008
8868 2 2 1 1 501 4777 500
8869 2 2 1 1 3571 6573 1951
8870 2 2 1 1 2909 6320 2911
8871 2 2 1 1 505 2436 504
8872 2 2 1 1 3152 3232 3154
8873 2 2 1 1 6444 7844 5330
8874 2 2 1 1 2383 6140 2405
8875 2 2 1 1 3137 3138 3135
8876 2 2 1 1 3180 4264 3486
8877 2 2 1 1 514 7688 7610
8878 2 2 1 1 2913 6325 2932
8879 2 2 1 1 2343 6195 2341
8880 2 2 1 1 3331 6692 3332
8881 2 2 1 1 86 6327 85
8882 2 2 1 1 6678 7929 2553
8883 2 2 1 1 3376 3521 3381
8884 2 2 1 1 3574 3745 3368
8885 2 2 1 1 2936 6316 2938
8886 2 2 1 1 4618 6562 4692
8887 2 2 1 1 2494 6247 2696
8888 2 2 1 1 693 2832 692
8889 2 2 1 1 3610 5917 3608
8890 2 2 1 1 5609 7075 5039
8891 2 2 1 1 3020 3051 3019
8892 2 2 1 1 5819 7990 6020
8893 2 2 1 1 3207 3297 3206
8894 2 2 1 1 4035 4476 4036
8895 2 2 1 1 198 7053 197
8896 2 2 1 1 2067 2129 2070
8897 2 2 1 1 1952 2437 1951
8898 2 2 1 1 5920 6750 2236
8899 2 2 1 1 6459 6460 4412
8900 2 2 1 1 5851 7612 5677
8901 2 2 1 1 440 2440 439
8902 2 2 1 1 5891 7481 5617
8903 2 2 1 1 446 7143 445
8904 2 2 1 1 1195 6952 1196
8905 2 2 1 1 3249 4130 4129
8906 2 2 1 1 489 1792 488
8907 2 2 1 1 4802 5926 5479
8908 2 2 1 1 503 1800 502
8909 2 2 1 1 4569 6039 4566
8910 2 2 1 1 707 1373 706
8911 2 2 1 1 6475 7619 7589
8912 2 2 1 1 5599 7970 4689
8913 2 2 1 1 3485 7653 5328
8914 2 2 1 1 5930 7479 4691
8915 2 2 1 1 5370 5812 1455
8916 2 2 1 1 4226 4227 3674
8917 2 2 1 1 1157 7499 1413
8918 2 2 1 1 4769 7429 1080
8919 2 2 1 1 4177 6251 2357
8920 2 2 1 1 4447 4984 4114
8921 2 2 1 1 5935 6882 5238
8922 2 2 1 1 2432 7249 6292
8923 2 2 1 1 3623 8046 5298
8924 2 2 1 1 694 2968 693
8925 2 2 1 1 5420 7704 7359
8926 2 2 1 1 5010 7482 4420
8927 2 2 1 1 1996 7488 5650
8928 2 2 1 1 473 2441 472
8929 2 2 1 1 6307 6308 1354
8930 2 2 1 1 4422 6969 6420
8931 2 2 1 1 3655 4430 3654
8932 2 2 1 1 2329 6366 2326
8933 2 2 1 1 3119 6844 3991
8934 2 2 1 1 2992 5778 4671
8935 2 2 1 1 3346 3540 3297
8936 2 2 1 1 702 4795 701
8937 2 2 1 1 3524 6449 4059
8938 2 2 1 1 5493 6706 6676
8939 2 2 1 1 445 1767 444
8940 2 2 1 1 5074 7514 6479
8941 2 2 1 1 3528 6366 2334
8942 2 2 1 1 4599 7078 4609
8943 2 2 1 1 6014 6911 3080
8944 2 2 1 1 5688 7795 5181
8945 2 2 1 1 4111 4358 3767
8946 2 2 1 1 2767 6450 2982
8947 2 2 1 1 487 2444 486
8948 2 2 1 1 5203 7433 5634
8949 2 2 1 1 3095 3096 3093
8950 2 2 1 1 3243 7726 6727
8951 2 2 1 1 5340 6419 3566
8952 2 2 1 1 5620 6442 2877
8953 2 2 1 1 3898 7592 5829
8954 2 2 1 1 3705 7945 4372
8955 2 2 1 1 4220 6794 6761
8956 2 2 1 1 2060 2694 2062
8957 2 2 1 1 2769 6170 2771
8958 2 2 1 1 537 7294 536
8959 2 2 1 1 2905 6364 2907
8960 2 2 1 1 3730 7234 5286
8961 2 2 1 1 5965 7976 3993
8962 2 2 1 1 4346 6021 3142
8963 2 2 1 1 1567 6273 1565
8964 2 2 1 1 4083 6523 4082
8965 2 2 1 1 3858 7345 5559
8966 2 2 1 1 3579 7636 4632
8967 2 2 1 1 5101 6058 5096
8968 2 2 1 1 438 1760 437
8969 2 2 1 1 3566 6419 3568
8970 2 2 1 1 471 1780 470
8971 2 2 1 1 5415 5482 4602
8972 2 2 1 1 5927 6145 2401
8973 2 2 1 1 5541 7501 2495
8974 2 2 1 1 2524 2525 2279
8975 2 2 1 1 1206 6958 1207
8976 2 2 1 1 5385 6361 6134
8977 2 2 1 1 5141 6169 5136
8978 2 2 1 1 2079 7853 2077
8979 2 2 1 1 596 5309 5308
8980 2 2 1 1 427 1761 426
8981 2 2 1 1 4103 6005 3652
8982 2 2 1 1 485 1791 484
8983 2 2 1 1 3444 4312 3102
8984 2 2 1 1 696 2838 695
8985 2 2 1 1 2501 5894 2360
8986 2 2 1 1 1440 6801 1490
8987 2 2 1 1 5147 5970 5150
8988 2 2 1 1 5605 6933 2038
8989 2 2 1 1 344 6887 343
8990 2 2 1 1 698 4800 697
8991 2 2 1 1 3937 6042 3791
8992 2 2 1 1 2944 6283 2946
8993 2 2 1 1 7665 8041 6853
8994 2 2 1 1 3117 7813 6926
8995 2 2 1 1 6684 7168 5735
8996 2 2 1 1 580 4253 4151
8997 2 2 1 1 5140 6336 5143
8998 2 2 1 1 4551 7719 6030
8999 2 2 1 1 4594 4599 4595
9000 2 2 1 1 1956 2009 1954
9001 2 2 1 1 5970 7434 5256
9002 2 2 1 1 4161 6185 2382
9003 2 2 1 1 5614 5622 4562
9004 2 2 1 1 3073 3075 3074
9005 2 2 1 1 715 6355 714
9006 2 2 1 1 5637 5638 5446
9007 2 2 1 1 5374 7392 4451
9008 2 2 1 1 6665 6668 5666
9009 2 2 1 1 3249 4128 3196
9010 2 2 1 1 704 6135 703
9011 2 2 1 1 2741 7868 4488
9012 2 2 1 1 3979 7937 4908
9013 2 2 1 1 1736 7378 7213
9014 2 2 1 1 3014 3267 3013
9015 2 2 1 1 709 2818 708
9016 2 2 1 1 1561 6703 1559
9017 2 2 1 1 5760 5762 4018
9018 2 2 1 1 459 2498 458
9019 2 2 1 1 4352 6021 5061
9020 2 2 1 1 3923 5785 3362
9021 2 2 1 1 4073 6140 2391
9022 2 2 1 1 6479 7478 5074
9023 2 2 1 1 3085 5880 3078
9024 2 2 1 1 720 1435 719
9025 2 2 1 1 469 2449 468
9026 2 2 1 1 2797 6330 2862
9027 2 2 1 1 334 6874 333
9028 2 2 1 1 2310 6394 2308
9029 2 2 1 1 6639 7027 4367
9030 2 2 1 1 4049 6970 4050
9031 2 2 1 1 4835 6131 3782
9032 2 2 1 1 3504 3852 3451
9033 2 2 1 1 3115 3451 3116
9034 2 2 1 1 713 2970 712
9035 2 2 1 1 2814 7486 2812
9036 2 2 1 1 436 2450 435
9037 2 2 1 1 758 1343 757
9038 2 2 1 1 717 5348 716
9039 2 2 1 1 3307 4087 3551
9040 2 2 1 1 6453 7733 4512
9041 2 2 1 1 3312 4065 4064
9042 2 2 1 1 722 1474 721
9043 2 2 1 1 6556 7167 2008
9044 2 2 1 1 1877 6348 1875
9045 2 2 1 1 1873 6343 1871
9046 2 2 1 1 5757 7988 4083
9047 2 2 1 1 6973 7640 4326
9048 2 2 1 1 5728 7361 3936
9049 2 2 1 1 5074 7478 6658
9050 2 2 1 1 2354 6251 2352
9051 2 2 1 1 3029 3031 3028
9052 2 2 1 1 1433 7111 1155
9053 2 2 1 1 4951 7136 4952
9054 2 2 1 1 4392 8001 5538
9055 2 2 1 1 1868 6359 1866
9056 2 2 1 1 742 1370 741
9057 2 2 1 1 5970 5971 5150
9058 2 2 1 1 6144 7524 4028
9059 2 2 1 1 2306 6406 2304
9060 2 2 1 1 2667 6461 2665
9061 2 2 1 1 1176 5909 1177
9062 2 2 1 1 4689 7970 6087
9063 2 2 1 1 4560 6030 4557
9064 2 2 1 1 5004 6660 3050
9065 2 2 1 1 6209 7631 2421
9066 2 2 1 1 734 1403 733
9067 2 2 1 1 290 6654 289
9068 2 2 1 1 4234 4248 3580
9069 2 2 1 1 1881 6358 1879
9070 2 2 1 1 727 1473 726
9071 2 2 1 1 4782 7629 5715
9072 2 2 1 1 726 4953 725
9073 2 2 1 1 2426 6114 2394
9074 2 2 1 1 711 2969 710
9075 2 2 1 1 4731 6776 4727
9076 2 2 1 1 6052 6367 1474
9077 2 2 1 1 893 6839 892
9078 2 2 1 1 5149 6331 5153
9079 2 2 1 1 467 1779 466
9080 2 2 1 1 5938 7739 1622
9081 2 2 1 1 5338 6674 6473
9082 2 2 1 1 3375 7749 5633
9083 2 2 1 1 5836 7922 5837
9084 2 2 1 1 2302 6409 2300
9085 2 2 1 1 7267 7268 130
9086 2 2 1 1 3925 6685 6684
9087 2 2 1 1 5400 6158 5119
9088 2 2 1 1 755 2972 754
9089 2 2 1 1 4089 6147 5541
9090 2 2 1 1 6509 7669 4396
9091 2 2 1 1 4101 7381 5834
9092 2 2 1 1 5552 7676 6174
9093 2 2 1 1 5166 5955 5177
9094 2 2 1 1 5890 7677 2713
9095 2 2 1 1 3220 7839 5637
9096 2 2 1 1 4071 6830 5585
9097 2 2 1 1 2450 7432 6398
9098 2 2 1 1 3034 3115 3031
9099 2 2 1 1 4095 4308 4094
9100 2 2 1 1 2431 6591 6590
9101 2 2 1 1 4269 7079 5349
9102 2 2 1 1 1534 5104 1532
9103 2 2 1 1 2901 6337 2903
9104 2 2 1 1 2863 5732 2799
9105 2 2 1 1 1864 6397 1862
9106 2 2 1 1 434 1759 433
9107 2 2 1 1 5720 7681 5719
9108 2 2 1 1 3993 7617 5965
9109 2 2 1 1 749 6428 748
9110 2 2 1 1 1783 6427 1777
9111 2 2 1 1 3534 6426 3809
9112 2 2 1 1 3509 4012 3696
9113 2 2 1 1 3922 3923 3362
9114 2 2 1 1 2298 6418 2296
9115 2 2 1 1 4567 4574 4571
9116 2 2 1 1 2787 6053 2790
9117 2 2 1 1 5972 7807 1616
9118 2 2 1 1 743 4202 742
9119 2 2 1 1 753 2774 752
9120 2 2 1 1 2098 6482 1572
9121 2 2 1 1 3329 3509 2685
9122 2 2 1 1 4040 7469 6714
9123 2 2 1 1 760 2746 759
9124 2 2 1 1 5011 5297 4955
9125 2 2 1 1 2391 6140 2387
9126 2 2 1 1 2877 6442 2879
9127 2 2 1 1 4693 7614 3855
9128 2 2 1 1 2294 6423 2292
9129 2 2 1 1 2658 7214 2660
9130 2 2 1 1 5839 7989 3395
9131 2 2 1 1 6160 7228 5805
9132 2 2 1 1 4371 4987 3454
9133 2 2 1 1 5852 6519 5869
9134 2 2 1 1 1807 6778 1805
9135 2 2 1 1 5127 6132 5151
9136 2 2 1 1 423 6043 422
9137 2 2 1 1 735 4166 734
9138 2 2 1 1 2676 3233 2678
9139 2 2 1 1 3349 7798 2668
9140 2 2 1 1 85 6327 6326
9141 2 2 1 1 6042 6804 1599
9142 2 2 1 1 448 1768 447
9143 2 2 1 1 731 4877 730
9144 2 2 1 1 2401 6145 2398
9145 2 2 1 1 6071 6072 2964
9146 2 2 1 1 4131 6441 3727
9147 2 2 1 1 1350 6186 598
9148 2 2 1 1 7738 7941 3988
9149 2 2 1 1 7268 7269 3972
9150 2 2 1 1 3533 6426 3534
9151 2 2 1 1 3892 5276 5270
9152 2 2 1 1 4122 4212 4116
9153 2 2 1 1 4932 6357 4930
9154 2 2 1 1 6969 7783 5403
9155 2 2 1 1 3613 7139 6921
9156 2 2 1 1 744 6438 743
9157 2 2 1 1 1374 6192 582
9158 2 2 1 1 1969 2011 1963
9159 2 2 1 1 2206 7931 2204
9160 2 2 1 1 2314 6339 2312
9161 2 2 1 1 6131 6241 3701
9162 2 2 1 1 2396 6145 2426
9163 2 2 1 1 2992 4671 2832
9164 2 2 1 1 3115 6086 3504
9165 2 2 1 1 5418 7359 5417
9166 2 2 1 1 3785 6347 5914
9167 2 2 1 1 6962 7254 3643
9168 2 2 1 1 432 2486 431
9169 2 2 1 1 4158 6148 3535
9170 2 2 1 1 5880 5882 5881
9171 2 2 1 1 6718 7145 5496
9172 2 2 1 1 736 5815 735
9173 2 2 1 1 2890 6349 2892
9174 2 2 1 1 4542 5369 5368
9175 2 2 1 1 4059 5777 4663
9176 2 2 1 1 1728 6889 2168
9177 2 2 1 1 2318 6340 2316
9178 2 2 1 1 3320 6726 5780
9179 2 2 1 1 3701 6241 3699
9180 2 2 1 1 4675 7520 4340
9181 2 2 1 1 3148 3151 3150
9182 2 2 1 1 5274 7320 3696
9183 2 2 1 1 3077 3081 3079
9184 2 2 1 1 2279 6896 1554
9185 2 2 1 1 6094 6095 5986
9186 2 2 1 1 1448 7177 5446
9187 2 2 1 1 1547 1548 1545
9188 2 2 1 1 3403 6900 5751
9189 2 2 1 1 4022 6296 2809
9190 2 2 1 1 5301 7557 7030
9191 2 2 1 1 2322 6338 2320
9192 2 2 1 1 3480 7042 3666
9193 2 2 1 1 457 2497 456
9194 2 2 1 1 5589 7468 7231
9195 2 2 1 1 2185 2451 2191
9196 2 2 1 1 5989 7846 3741
9197 2 2 1 1 6892 7592 3898
9198 2 2 1 1 2008 6616 6556
9199 2 2 1 1 746 6555 745
9200 2 2 1 1 3936 6628 3457
9201 2 2 1 1 7365 8014 7642
9202 2 2 1 1 6042 6609 4304
9203 2 2 1 1 5348 6044 1402
9204 2 2 1 1 4038 6678 2606
9205 2 2 1 1 2372 6214 570
9206 2 2 1 1 3108 3524 3331
9207 2 2 1 1 2749 6522 2754
9208 2 2 1 1 3761 6607 6606
9209 2 2 1 1 5451 7561 4959
9210 2 2 1 1 4326 7640 3653
9211 2 2 1 1 4857 5471 4859
9212 2 2 1 1 1510 1511 1509
9213 2 2 1 1 739 4206 738
9214 2 2 1 1 738 4165 737
9215 2 2 1 1 4759 7141 7124
9216 2 2 1 1 1587 6171 2433
9217 2 2 1 1 4389 4986 3869
9218 2 2 1 1 4666 6490 5849
9219 2 2 1 1 5265 7741 7659
9220 2 2 1 1 6119 8027 1798
9221 2 2 1 1 3128 7665 6853
9222 2 2 1 1 3699 6241 4158
9223 2 2 1 1 7503 7974 3316
9224 2 2 1 1 4822 4823 4656
9225 2 2 1 1 2696 6247 3298
9226 2 2 1 1 5562 7344 2285
9227 2 2 1 1 2290 6454 2288
9228 2 2 1 1 5503 7969 5504
9229 2 2 1 1 4264 4265 3486
9230 2 2 1 1 2916 7736 2998
9231 2 2 1 1 2209 7668 6241
9232 2 2 1 1 5007 6818 3130
9233 2 2 1 1 2844 7649 6125
9234 2 2 1 1 4798 4801 4799
9235 2 2 1 1 5121 6158 5124
9236 2 2 1 1 1352 6210 533
9237 2 2 1 1 3139 3140 3138
9238 2 2 1 1 1789 6663 1787
9239 2 2 1 1 5599 6957 3852
9240 2 2 1 1 2678 6652 2680
9241 2 2 1 1 4715 6392 4706
9242 2 2 1 1 3081 3082 3079
9243 2 2 1 1 1798 7859 6119
9244 2 2 1 1 2483 6175 2375
9245 2 2 1 1 1549 1550 1548
9246 2 2 1 1 2753 6297 2759
9247 2 2 1 1 420 1752 419
9248 2 2 1 1 2268 6452 2165
9249 2 2 1 1 5030 7015 5603
9250 2 2 1 1 6262 7567 5291
9251 2 2 1 1 5065 5694 4484
9252 2 2 1 1 4925 6437 4923
9253 2 2 1 1 4882 7171 4880
9254 2 2 1 1 5168 6363 5170
9255 2 2 1 1 1585 6775 1581
9256 2 2 1 1 2930 7116 2993
9257 2 2 1 1 3097 3106 3096
9258 2 2 1 1 4446 7644 5355
9259 2 2 1 1 5151 6178 5130
9260 2 2 1 1 430 1758 429
9261 2 2 1 1 4353 7388 5505
9262 2 2 1 1 2382 6185 2379
9263 2 2 1 1 2728 7862 5657
9264 2 2 1 1 4087 4088 3551
9265 2 2 1 1 6913 7570 4046
9266 2 2 1 1 4035 7308 5401
9267 2 2 1 1 4277 7409 4282
9268 2 2 1 1 763 2744 762
9269 2 2 1 1 5363 7720 6325
9270 2 2 1 1 3103 3444 3102
9271 2 2 1 1 3419 3933 3417
9272 2 2 1 1 2733 6329 2735
9273 2 2 1 1 6453 7947 4511
9274 2 2 1 1 5872 7920 6912
9275 2 2 1 1 5132 6178 5135
9276 2 2 1 1 3655 7674 5065
9277 2 2 1 1 6060 6469 2608
9278 2 2 1 1 4208 7498 4210
9279 2 2 1 1 4437 6301 1408
9280 2 2 1 1 1775 6456 1773
9281 2 2 1 1 5967 6985 271
9282 2 2 1 1 4314 6014 4313
9283 2 2 1 1 3228 7083 3114
9284 2 2 1 1 7870 8042 5165
9285 2 2 1 1 1771 6455 1769
9286 2 2 1 1 2982 6170 2769
9287 2 2 1 1 3254 7591 2786
9288 2 2 1 1 2254 5939 3173
9289 2 2 1 1 7068 7960 5598
9290 2 2 1 1 1990 7634 6246
9291 2 2 1 1 2762 6297 6104
9292 2 2 1 1 1675 6179 1669
9293 2 2 1 1 4282 7202 5696
9294 2 2 1 1 4600 4610 4599
9295 2 2 1 1 450 2452 449
9296 2 2 1 1 6917 7707 2189
9297 2 2 1 1 765 2974 764
9298 2 2 1 1 2116 7362 5768
9299 2 2 1 1 3423 7141 4759
9300 2 2 1 1 1914 6489 1912
9301 2 2 1 1 2368 6234 2364
9302 2 2 1 1 3784 6347 3785
9303 2 2 1 1 6156 6157 4289
9304 2 2 1 1 3053 6687 3052
9305 2 2 1 1 1994 6218 1856
9306 2 2 1 1 4053 6892 3898
9307 2 2 1 1 5584 7886 2145
9308 2 2 1 1 3723 6819 4225
9309 2 2 1 1 4707 7572 6149
9310 2 2 1 1 999 4471 998
9311 2 2 1 1 3678 5999 3677
9312 2 2 1 1 2707 6532 2705
9313 2 2 1 1 4074 6237 4104
9314 2 2 1 1 4286 6574 3832
9315 2 2 1 1 5861 7232 5410
9316 2 2 1 1 5298 8046 4745
9317 2 2 1 1 4599 4609 4595
9318 2 2 1 1 2373 6175 2484
9319 2 2 1 1 5062 5360 4349
9320 2 2 1 1 4796 4797 1414
9321 2 2 1 1 5640 6542 2834
9322 2 2 1 1 1832 6183 1989
9323 2 2 1 1 1622 8051 5938
9324 2 2 1 1 1669 6179 5868
9325 2 2 1 1 5579 7753 5581
9326 2 2 1 1 1988 6184 1836
9327 2 2 1 1 6668 7994 4879
9328 2 2 1 1 3203 6954 5646
9329 2 2 1 1 6713 6754 6753
9330 2 2 1 1 2437 6659 4234
9331 2 2 1 1 1898 6463 1896
9332 2 2 1 1 4333 6595 3013
9333 2 2 1 1 2537 6360 6359
9334 2 2 1 1 6346 6473 6472
9335 2 2 1 1 5238 6993 5937
9336 2 2 1 1 4972 7991 7906
9337 2 2 1 1 2850 6476 2856
9338 2 2 1 1 2869 7666 6164
9339 2 2 1 1 1989 6191 6190
9340 2 2 1 1 1971 6286 481
9341 2 2 1 1 5824 6705 4495
9342 2 2 1 1 5138 6169 5157
9343 2 2 1 1 1844 6205 1987
9344 2 2 1 1 5083 7118 5084
9345 2 2 1 1 3312 5080 4065
9346 2 2 1 1 6745 7119 5329
9347 2 2 1 1 7278 7279 1417
9348 2 2 1 1 3859 5708 5707
9349 2 2 1 1 1902 6465 1900
9350 2 2 1 1 1811 6281 520
9351 2 2 1 1 3247 8068 7715
9352 2 2 1 1 5989 8044 5107
9353 2 2 1 1 278 6972 277
9354 2 2 1 1 1995 6262 1850
9355 2 2 1 1 1989 6190 1830
9356 2 2 1 1 5235 7056 6098
9357 2 2 1 1 2843 6478 2848
9358 2 2 1 1 6377 7033 2084
9359 2 2 1 1 3314 5704 5607
9360 2 2 1 1 355 5616 354
9361 2 2 1 1 2347 6831 2345
9362 2 2 1 1 5965 7617 3076
9363 2 2 1 1 5005 7819 5007
9364 2 2 1 1 3462 3463 3140
9365 2 2 1 1 3932 5052 3463
9366 2 2 1 1 1626 6306 1658
9367 2 2 1 1 4059 4663 3622
9368 2 2 1 1 1024 3512 1023
9369 2 2 1 1 455 2415 454
9370 2 2 1 1 4821 7495 6650
9371 2 2 1 1 3816 6381 4835
9372 2 2 1 1 5668 6913 4044
9373 2 2 1 1 4977 8038 5366
9374 2 2 1 1 4243 6638 3019
9375 2 2 1 1 3066 3069 3063
9376 2 2 1 1 2832 6311 692
9377 2 2 1 1 2529 6205 1846
9378 2 2 1 1 5494 7575 5031
9379 2 2 1 1 770 2747 769
9380 2 2 1 1 3406 4109 4108
9381 2 2 1 1 768 7206 767
9382 2 2 1 1 5709 6500 2558
9383 2 2 1 1 5714 6505 2158
9384 2 2 1 1 7237 7240 7238
9385 2 2 1 1 4305 4306 4129
9386 2 2 1 1 2737 6370 2739
9387 2 2 1 1 940 7001 939
9388 2 2 1 1 1848 6262 2529
9389 2 2 1 1 7526 7818 1538
9390 2 2 1 1 4803 7337 4792
9391 2 2 1 1 6578 6581 1392
9392 2 2 1 1 1361 6271 442
9393 2 2 1 1 3838 6926 3842
9394 2 2 1 1 2078 2128 2079
9395 2 2 1 1 4916 6514 4914
9396 2 2 1 1 5057 7932 6446
9397 2 2 1 1 4616 6849 4463
9398 2 2 1 1 4555 5591 4552
9399 2 2 1 1 2510 6300 2349
9400 2 2 1 1 2499 6497 3337
9401 2 2 1 1 4942 6786 4921
9402 2 2 1 1 2377 6185 2483
9403 2 2 1 1 2512 2518 2517
9404 2 2 1 1 1858 6238 1994
9405 2 2 1 1 418 2485 417
9406 2 2 1 1 1842 6873 1840
9407 2 2 1 1 1563 6181 2695
9408 2 2 1 1 3406 5799 4109
9409 2 2 1 1 772 2975 771
9410 2 2 1 1 1557 6566 1556
9411 2 2 1 1 6919 7698 3612
9412 2 2 1 1 5526 6677 2418
9413 2 2 1 1 453 2499 452
9414 2 2 1 1 4773 7035 4772
9415 2 2 1 1 6475 7589 3202
9416 2 2 1 1 2699 7354 5286
9417 2 2 1 1 2503 6280 2339
9418 2 2 1 1 2523 3166 2690
9419 2 2 1 1 4981 7827 7042
9420 2 2 1 1 4401 6758 4402
9421 2 2 1 1 988 5008 987
9422 2 2 1 1 4693 7492 4837
9423 2 2 1 1 2731 6584 2755
9424 2 2 1 1 5000 7816 5947
9425 2 2 1 1 6155 6156 2845
9426 2 2 1 1 4765 7430 4769
9427 2 2 1 1 4723 6948 6947
9428 2 2 1 1 697 7018 696
9429 2 2 1 1 5313 7614 4693
9430 2 2 1 1 1057 4439 1056
9431 2 2 1 1 5549 6681 5550
9432 2 2 1 1 2978 6316 2936
9433 2 2 1 1 1800 6314 502
9434 2 2 1 1 4193 6556 4191
9435 2 2 1 1 3218 6639 3216
9436 2 2 1 1 1826 6196 1990
9437 2 2 1 1 452 1766 451
9438 2 2 1 1 3524 3622 3331
9439 2 2 1 1 4921 6786 4920
9440 2 2 1 1 774 1369 773
9441 2 2 1 1 1820 6212 1991
9442 2 2 1 1 4207 5814 4165
9443 2 2 1 1 3077 3079 3075
9444 2 2 1 1 5073 7951 6019
9445 2 2 1 1 4476 6550 4036
9446 2 2 1 1 2630 6491 6238
9447 2 2 1 1 6859 6861 124
9448 2 2 1 1 4827 7560 3538
9449 2 2 1 1 3403 8034 6900
9450 2 2 1 1 3965 7618 5883
9451 2 2 1 1 7242 7714 5195
9452 2 2 1 1 2597 6345 2594
9453 2 2 1 1 2839 6510 2841
9454 2 2 1 1 3141 3462 3140
9455 2 2 1 1 3733 3859 3858
9456 2 2 1 1 1929 6543 1927
9457 2 2 1 1 5157 6336 5140
9458 2 2 1 1 2624 7935 5702
9459 2 2 1 1 3729 3733 3731
9460 2 2 1 1 1151 7828 5359
9461 2 2 1 1 776 2727 775
9462 2 2 1 1 1761 6344 426
9463 2 2 1 1 5729 6032 5730
9464 2 2 1 1 1970 7154 1692
9465 2 2 1 1 1990 6246 1824
9466 2 2 1 1 2655 6472 2653
9467 2 2 1 1 3073 3074 3071
9468 2 2 1 1 4374 5762 5760
9469 2 2 1 1 2719 6395 2721
9470 2 2 1 1 4796 5963 4805
9471 2 2 1 1 4541 7088 4542
9472 2 2 1 1 3205 6320 2909
9473 2 2 1 1 5812 7258 1455
9474 2 2 1 1 5094 6252 5101
9475 2 2 1 1 3119 3991 3144
9476 2 2 1 1 3294 6325 2913
9477 2 2 1 1 2630 6238 1860
9478 2 2 1 1 4091 7741 5265
9479 2 2 1 1 2128 2280 2183
9480 2 2 1 1 3559 7461 5929
9481 2 2 1 1 4300 7866 2607
9482 2 2 1 1 4062 7273 6379
9483 2 2 1 1 6140 7159 2405
9484 2 2 1 1 5414 7404 6724
9485 2 2 1 1 6065 7310 6203
9486 2 2 1 1 2546 7191 2550
9487 2 2 1 1 778 2976 777
9488 2 2 1 1 2781 6568 2784
9489 2 2 1 1 2164 8015 3947
9490 2 2 1 1 1616 7957 5972
9491 2 2 1 1 5273 7596 5448
9492 2 2 1 1 4449 6962 6335
9493 2 2 1 1 7300 7684 3906
9494 2 2 1 1 1988 7655 5933
9495 2 2 1 1 5197 8066 5574
9496 2 2 1 1 5656 7755 2959
9497 2 2 1 1 2158 6505 2193
9498 2 2 1 1 5289 6276 1812
9499 2 2 1 1 5179 7408 5180
9500 2 2 1 1 4391 6492 3240
9501 2 2 1 1 3513 6450 2766
9502 2 2 1 1 2834 6542 2836
9503 2 2 1 1 6063 6216 4886
9504 2 2 1 1 4026 7339 6568
9505 2 2 1 1 6335 6962 2277
9506 2 2 1 1 5293 7450 3407
9507 2 2 1 1 3202 6346 2657
9508 2 2 1 1 2684 2685 2280
9509 2 2 1 1 1444 6997 6996
9510 2 2 1 1 2776 6170 6159
9511 2 2 1 1 6117 7630 4900
9512 2 2 1 1 2362 6234 2501
9513 2 2 1 1 3957 6347 3784
9514 2 2 1 1 4890 6649 6648
9515 2 2 1 1 1378 7174 5967
9516 2 2 1 1 6551 7862 2728
9517 2 2 1 1 3551 6420 3308
9518 2 2 1 1 3106 3655 3654
9519 2 2 1 1 4431 7845 5833
9520 2 2 1 1 5458 7828 1151
9521 2 2 1 1 1632 6467 1630
9522 2 2 1 1 4203 4205 1370
9523 2 2 1 1 2334 6366 2329
9524 2 2 1 1 1653 6841 2713
9525 2 2 1 1 4985 7320 6963
9526 2 2 1 1 6191 7692 7158
9527 2 2 1 1 4311 7680 5820
9528 2 2 1 1 4514 5388 3703
9529 2 2 1 1 2341 6195 2503
9530 2 2 1 1 2818 6365 708
9531 2 2 1 1 3178 7625 7622
9532 2 2 1 1 2537 6359 1868
9533 2 2 1 1 1550 4226 3674
9534 2 2 1 1 4677 6381 3816
9535 2 2 1 1 5936 7155 1964
9536 2 2 1 1 1936 6565 1934
9537 2 2 1 1 2462 6538 2460
9538 2 2 1 1 3253 8066 6993
9539 2 2 1 1 1414 6293 700
9540 2 2 1 1 1085 7102 6225
9541 2 2 1 1 2433 6775 1585
9542 2 2 1 1 5899 7140 4182
9543 2 2 1 1 2661 6475 2659
9544 2 2 1 1 1071 4176 1070
9545 2 2 1 1 1574 6566 1557
9546 2 2 1 1 1570 6273 1567
9547 2 2 1 1 5100 6882 5935
9548 2 2 1 1 4779 6917 4150
9549 2 2 1 1 2946 6283 2985
9550 2 2 1 1 1964 6343 1873
9551 2 2 1 1 2466 6548 2464
9552 2 2 1 1 5672 7096 5670
9553 2 2 1 1 3225 7576 6103
9554 2 2 1 1 4489 7556 5375
9555 2 2 1 1 3114 7083 3111
9556 2 2 1 1 2989 6364 2905
9557 2 2 1 1 5751 6900 4701
9558 2 2 1 1 6750 6791 1388
9559 2 2 1 1 3971 6860 1424
9560 2 2 1 1 1190 7961 5842
9561 2 2 1 1 7151 7728 4518
9562 2 2 1 1 2582 6469 2584
9563 2 2 1 1 1871 6343 2537
9564 2 2 1 1 5680 7924 5679
9565 2 2 1 1 4064 7531 5704
9566 2 2 1 1 2771 6170 2776
9567 2 2 1 1 2953 6283 2944
9568 2 2 1 1 2350 6195 2343
9569 2 2 1 1 5676 7643 5673
9570 2 2 1 1 1992 6270 1809
9571 2 2 1 1 2932 6325 2978
9572 2 2 1 1 3161 3871 3870
9573 2 2 1 1 4255 6856 3973
9574 2 2 1 1 5246 6757 3949
9575 2 2 1 1 4680 7592 6892
9576 2 2 1 1 4673 6002 1371
9577 2 2 1 1 2624 6348 1877
9578 2 2 1 1 5835 7312 5836
9579 2 2 1 1 5073 7106 5074
9580 2 2 1 1 1866 6359 1869
9581 2 2 1 1 2271 6505 4494
9582 2 2 1 1 6071 6073 6072
9583 2 2 1 1 1716 7924 5680
9584 2 2 1 1 3655 4484 4430
9585 2 2 1 1 4655 4656 3722
9586 2 2 1 1 1919 6529 1917
9587 2 2 1 1 1875 6348 1964
9588 2 2 1 1 4147 5304 5303
9589 2 2 1 1 4584 7117 5777
9590 2 2 1 1 3276 8029 3284
9591 2 2 1 1 2757 6395 2719
9592 2 2 1 1 1693 6694 1687
9593 2 2 1 1 5767 6266 5769
9594 2 2 1 1 3206 7839 3220
9595 2 2 1 1 5198 6993 5197
9596 2 2 1 1 2962 6094 5986
9597 2 2 1 1 3921 6808 3030
9598 2 2 1 1 2558 6500 2560
9599 2 2 1 1 1869 6397 1864
9600 2 2 1 1 1894 6358 1881
9601 2 2 1 1 1923 6535 1921
9602 2 2 1 1 2754 7741 6031
9603 2 2 1 1 1912 6536 1910
9604 2 2 1 1 4087 7049 5703
9605 2 2 1 1 783 2728 782
9606 2 2 1 1 2756 7584 3578
9607 2 2 1 1 2537 6637 6360
9608 2 2 1 1 1906 6530 1904
9609 2 2 1 1 2352 6251 2510
9610 2 2 1 1 1894 7973 6358
9611 2 2 1 1 3732 6521 2639
9612 2 2 1 1 6732 6733 1356
9613 2 2 1 1 1879 6358 2624
9614 2 2 1 1 5665 7457 1433
9615 2 2 1 1 4736 6947 4725
9616 2 2 1 1 2562 6499 2565
9617 2 2 1 1 1435 6369 719
9618 2 2 1 1 1987 6873 1842
9619 2 2 1 1 5622 7735 4561
9620 2 2 1 1 6598 7384 2590
9621 2 2 1 1 2577 6506 4299
9622 2 2 1 1 1948 6573 1946
9623 2 2 1 1 3081 3212 3082
9624 2 2 1 1 2586 6480 2592
9625 2 2 1 1 4414 7396 4413
9626 2 2 1 1 3143 7786 4405
9627 2 2 1 1 2911 6320 3294
9628 2 2 1 1 2337 6280 5957
9629 2 2 1 1 1405 5633 5632
9630 2 2 1 1 4139 6426 3533
9631 2 2 1 1 3691 8059 5372
9632 2 2 1 1 4276 6522 2748
9633 2 2 1 1 3009 6595 3005
9634 2 2 1 1 1343 6379 757
9635 2 2 1 1 5143 6336 5146
9636 2 2 1 1 4422 7783 6969
9637 2 2 1 1 4467 4468 3720
9638 2 2 1 1 4358 7806 6738
9639 2 2 1 1 5482 5753 4602
9640 2 2 1 1 3573 6533 5070
9641 2 2 1 1 2713 6627 1651
9642 2 2 1 1 4010 8058 4789
9643 2 2 1 1 415 1751 414
9644 2 2 1 1 6789 6790 4217
9645 2 2 1 1 4885 6960 4886
9646 2 2 1 1 3935 7430 4765
9647 2 2 1 1 1927 6544 1925
9648 2 2 1 1 4680 6892 4228
9649 2 2 1 1 5502 7107 5804
9650 2 2 1 1 5055 7685 4934
9651 2 2 1 1 5550 6681 4247
9652 2 2 1 1 2357 6251 2354
9653 2 2 1 1 3733 3858 3754
9654 2 2 1 1 7416 7716 4473
9655 2 2 1 1 785 2979 784
9656 2 2 1 1 3456 5753 5482
9657 2 2 1 1 2533 6394 2310
9658 2 2 1 1 781 7265 780
9659 2 2 1 1 6419 8024 4445
9660 2 2 1 1 1330 7566 5684
9661 2 2 1 1 1862 6397 2630
9662 2 2 1 1 2567 6506 2569
9663 2 2 1 1 2938 6316 6310
9664 2 2 1 1 2132 7417 1688
9665 2 2 1 1 6319 7324 2259
9666 2 2 1 1 6087 7970 3504
9667 2 2 1 1 5403 7552 6969
9668 2 2 1 1 3332 6477 3334
9669 2 2 1 1 4149 7009 4779
9670 2 2 1 1 2907 6364 3205
9671 2 2 1 1 4460 7402 2140
9672 2 2 1 1 5200 7664 5201
9673 2 2 1 1 4042 6804 3937
9674 2 2 1 1 2695 6703 1561
9675 2 2 1 1 4915 6927 6023
9676 2 2 1 1 4877 6425 730
9677 2 2 1 1 5150 6331 5149
9678 2 2 1 1 7238 7239 4581
9679 2 2 1 1 4023 6380 4472
9680 2 2 1 1 2189 7706 6917
9681 2 2 1 1 2470 6507 2468
9682 2 2 1 1 2903 6337 2989
9683 2 2 1 1 4283 6857 4279
9684 2 2 1 1 5630 7745 4543
9685 2 2 1 1 5967 7174 5966
9686 2 2 1 1 4888 6441 4131
9687 2 2 1 1 2474 6498 2472
9688 2 2 1 1 1616 7807 1614
9689 2 2 1 1 6118 8027 6119
9690 2 2 1 1 5769 6266 5866
9691 2 2 1 1 6155 6157 6156
9692 2 2 1 1 2345 6831 2350
9693 2 2 1 1 5359 6312 1447
9694 2 2 1 1 3524 4059 3622
9695 2 2 1 1 4188 6584 2730
9696 2 2 1 1 5999 7797 7048
9697 2 2 1 1 2479 6492 2476
9698 2 2 1 1 4523 5810 4009
9699 2 2 1 1 955 3831 954
9700 2 2 1 1 3191 6406 2306
9701 2 2 1 1 7020 7123 5450
9702 2 2 1 1 3164 6682 6079
9703 2 2 1 1 2988 6337 2901
9704 2 2 1 1 4040 6714 1671
9705 2 2 1 1 3444 4313 4312
9706 2 2 1 1 3308 6420 3311
9707 2 2 1 1 1072 5752 1071
9708 2 2 1 1 6513 7964 2727
9709 2 2 1 1 5983 7934 7296
9710 2 2 1 1 787 2729 786
9711 2 2 1 1 4502 7463 4500
9712 2 2 1 1 5794 7230 2063
9713 2 2 1 1 2755 6329 2733
9714 2 2 1 1 3392 6409 2302
9715 2 2 1 1 4747 5040 2992
9716 2 2 1 1 6478 6479 3296
9717 2 2 1 1 1834 6184 6183
9718 2 2 1 1 6465 6466 2637
9719 2 2 1 1 1662 8056 1643
9720 2 2 1 1 2226 6520 2232
9721 2 2 1 1 6866 6877 3439
9722 2 2 1 1 3295 7477 6461
9723 2 2 1 1 3368 6707 3366
9724 2 2 1 1 2892 6349 2990
9725 2 2 1 1 4837 7536 1458
9726 2 2 1 1 796 2587 795
9727 2 2 1 1 1193 7195 1194
9728 2 2 1 1 5937 7155 5936
9729 2 2 1 1 4250 4492 4252
9730 2 2 1 1 3693 6502 4618
9731 2 2 1 1 1650 6623 1646
9732 2 2 1 1 1565 6273 6181
9733 2 2 1 1 4654 7624 2616
9734 2 2 1 1 4028 7057 6144
9735 2 2 1 1 4246 6992 4245
9736 2 2 1 1 1768 6422 447
9737 2 2 1 1 1370 6383 741
9738 2 2 1 1 2681 6418 2298
9739 2 2 1 1 3020 6040 3051
9740 2 2 1 1 4165 6439 737
9741 2 2 1 1 4347 7135 7134
9742 2 2 1 1 4940 6357 4932
9743 2 2 1 1 3162 7044 7043
9744 2 2 1 1 2653 6472 3411
9745 2 2 1 1 4546 7321 4637
9746 2 2 1 1 3572 6533 3573
9747 2 2 1 1 4092 6421 3514
9748 2 2 1 1 3454 7449 6517
9749 2 2 1 1 6031 6297 2753
9750 2 2 1 1 5884 7228 6160
9751 2 2 1 1 789 2981 788
9752 2 2 1 1 4129 5812 4128
9753 2 2 1 1 7071 7260 4249
9754 2 2 1 1 5596 7200 7198
9755 2 2 1 1 5153 6331 5161
9756 2 2 1 1 4541 4542 1342
9757 2 2 1 1 2858 7476 4414
9758 2 2 1 1 6090 7235 1496
9759 2 2 1 1 3824 6916 4133
9760 2 2 1 1 3486 6518 3181
9761 2 2 1 1 6467 6547 2710
9762 2 2 1 1 5224 7692 5387
9763 2 2 1 1 2955 6349 2890
9764 2 2 1 1 6343 6637 2537
9765 2 2 1 1 4290 6589 6013
9766 2 2 1 1 2710 6306 1628
9767 2 2 1 1 1805 6778 1993
9768 2 2 1 1 6569 7662 3771
9769 2 2 1 1 1954 6659 1952
9770 2 2 1 1 6061 7866 5395
9771 2 2 1 1 7315 7972 4694
9772 2 2 1 1 793 2590 792
9773 2 2 1 1 4701 7533 5751
9774 2 2 1 1 7077 7868 3576
9775 2 2 1 1 6190 6196 1828
9776 2 2 1 1 4186 6918 4185
9777 2 2 1 1 5372 8059 5844
9778 2 2 1 1 2828 7479 7164
9779 2 2 1 1 2757 7772 7270
9780 2 2 1 1 2724 6395 4187
9781 2 2 1 1 1581 6775 3422
9782 2 2 1 1 4929 6437 4925
9783 2 2 1 1 3453 6423 2294
9784 2 2 1 1 7267 7269 7268
9785 2 2 1 1 2531 6693 3585
9786 2 2 1 1 4796 4798 4797
9787 2 2 1 1 2973 6370 2737
9788 2 2 1 1 3922 4642 3923
9789 2 2 1 1 3295 6461 2667
9790 2 2 1 1 6068 7633 6069
9791 2 2 1 1 5320 8062 5321
9792 2 2 1 1 2227 7392 3355
9793 2 2 1 1 1541 2041 1539
9794 2 2 1 1 2332 6338 2322
9795 2 2 1 1 2320 6338 2532
9796 2 2 1 1 798 2610 797
9797 2 2 1 1 2120 7812 2144
9798 2 2 1 1 6347 7867 1932
9799 2 2 1 1 2244 6571 5245
9800 2 2 1 1 203 5270 202
9801 2 2 1 1 3741 7846 4199
9802 2 2 1 1 7016 7841 5948
9803 2 2 1 1 3003 6661 2688
9804 2 2 1 1 2879 6442 3221
9805 2 2 1 1 5644 7304 2142
9806 2 2 1 1 1058 5729 1057
9807 2 2 1 1 2312 6339 2533
9808 2 2 1 1 5177 6363 5168
9809 2 2 1 1 5212 7541 5412
9810 2 2 1 1 3506 4986 4874
9811 2 2 1 1 3388 7790 3621
9812 2 2 1 1 2316 6340 2487
9813 2 2 1 1 791 1345 790
9814 2 2 1 1 3991 3993 3992
9815 2 2 1 1 3016 6638 3014
9816 2 2 1 1 3550 6475 2661
9817 2 2 1 1 5196 7919 6183
9818 2 2 1 1 3937 6804 6042
9819 2 2 1 1 3024 6633 3022
9820 2 2 1 1 5677 7612 4658
9821 2 2 1 1 3871 3897 3872
9822 2 2 1 1 1822 6246 6212
9823 2 2 1 1 7285 7287 7286
9824 2 2 1 1 2659 6475 3202
9825 2 2 1 1 3625 7869 7554
9826 2 2 1 1 2050 6610 2052
9827 2 2 1 1 5040 5778 2992
9828 2 2 1 1 2532 6340 2318
9829 2 2 1 1 2759 6297 2762
9830 2 2 1 1 3863 7865 5523
9831 2 2 1 1 2487 6339 2314
9832 2 2 1 1 1572 6482 1570
9833 2 2 1 1 5481 6124 3885
9834 2 2 1 1 3925 5004 3922
9835 2 2 1 1 2242 7523 3330
9836 2 2 1 1 6445 6710 4903
9837 2 2 1 1 5633 7628 4167
9838 2 2 1 1 3720 7700 6003
9839 2 2 1 1 2856 6476 2980
9840 2 2 1 1 1622 7739 1620
9841 2 2 1 1 2637 6463 1898
9842 2 2 1 1 2701 6564 2669
9843 2 2 1 1 4417 7037 5706
9844 2 2 1 1 5449 6978 6862
9845 2 2 1 1 1934 6611 1931
9846 2 2 1 1 7696 7778 5365
9847 2 2 1 1 3296 6476 2850
9848 2 2 1 1 6821 7487 5447
9849 2 2 1 1 3915 5341 4005
9850 2 2 1 1 5623 7331 5624
9851 2 2 1 1 3599 6953 3595
9852 2 2 1 1 4012 7291 5548
9853 2 2 1 1 871 2604 870
9854 2 2 1 1 1559 6703 1574
9855 2 2 1 1 868 2605 867
9856 2 2 1 1 1896 6463 1986
9857 2 2 1 1 4782 7534 7530
9858 2 2 1 1 3547 6454 2290
9859 2 2 1 1 2256 6540 2258
9860 2 2 1 1 5781 7841 2990
9861 2 2 1 1 831 6615 830
9862 2 2 1 1 412 1748 411
9863 2 2 1 1 3454 6517 3175
9864 2 2 1 1 3175 6517 3177
9865 2 2 1 1 2994 6478 2843
9866 2 2 1 1 5388 7189 3703
9867 2 2 1 1 800 2588 799
9868 2 2 1 1 1995 7374 6107
9869 2 2 1 1 1168 7954 2
9870 2 2 1 1 830 4537 829
9871 2 2 1 1 7190 7385 3192
9872 2 2 1 1 4152 7216 5855
9873 2 2 1 1 885 3007 884
9874 2 2 1 1 1915 6465 1902
9875 2 2 1 1 882 3010 881
9876 2 2 1 1 3034 6086 3115
9877 2 2 1 1 5933 7655 6873
9878 2 2 1 1 1710 7340 6036
9879 2 2 1 1 3252 6452 2268
9880 2 2 1 1 1371 6143 4673
9881 2 2 1 1 6602 6824 3129
9882 2 2 1 1 5943 7538 5940
9883 2 2 1 1 1900 6465 2637
9884 2 2 1 1 2234 6571 2239
9885 2 2 1 1 2742 6370 4275
9886 2 2 1 1 6040 6139 3051
9887 2 2 1 1 4079 6904 4080
9888 2 2 1 1 4920 6514 4916
9889 2 2 1 1 6653 7732 3131
9890 2 2 1 1 1400 7888 7184
9891 2 2 1 1 5743 7701 7428
9892 2 2 1 1 3532 7638 3759
9893 2 2 1 1 2735 6329 2973
9894 2 2 1 1 2204 7340 1709
9895 2 2 1 1 5525 7923 7906
9896 2 2 1 1 1946 6613 1944
9897 2 2 1 1 3181 6518 3302
9898 2 2 1 1 1379 6083 6080
9899 2 2 1 1 2484 7383 2369
9900 2 2 1 1 4273 7017 5563
9901 2 2 1 1 3897 4054 4053
9902 2 2 1 1 3381 7482 5010
9903 2 2 1 1 3859 5707 3858
9904 2 2 1 1 4346 6054 4212
9905 2 2 1 1 2070 6676 2072
9906 2 2 1 1 3069 7994 6668
9907 2 2 1 1 5805 7228 5690
9908 2 2 1 1 5270 5857 3890
9909 2 2 1 1 2308 6394 3191
9910 2 2 1 1 3839 7023 5798
9911 2 2 1 1 2848 6478 3296
9912 2 2 1 1 2747 6488 769
9913 2 2 1 1 5170 6363 5184
9914 2 2 1 1 2304 6406 3392
9915 2 2 1 1 392 6545 391
9916 2 2 1 1 834 5296 833
9917 2 2 1 1 514 7610 513
9918 2 2 1 1 2300 6409 2681
9919 2 2 1 1 3692 6502 3693
9920 2 2 1 1 6901 7318 1503
9921 2 2 1 1 3897 4053 3898
9922 2 2 1 1 1787 6663 1997
9923 2 2 1 1 3408 7400 3582
9924 2 2 1 1 1384 3868 3506
9925 2 2 1 1 2277 6962 3545
9926 2 2 1 1 3040 6642 3036
9927 2 2 1 1 1758 7406 6351
9928 2 2 1 1 802 2613 801
9929 2 2 1 1 3580 6745 3863
9930 2 2 1 1 2450 7894 5621
9931 2 2 1 1 5507 6728 4591
9932 2 2 1 1 399 2230 398
9933 2 2 1 1 3990 7077 3577
9934 2 2 1 1 391 4316 390
9935 2 2 1 1 3814 7864 7309
9936 2 2 1 1 4923 6437 4942
9937 2 2 1 1 2326 6979 2324
9938 2 2 1 1 5569 7940 7436
9939 2 2 1 1 4499 5456 4893
9940 2 2 1 1 1655 6841 1653
9941 2 2 1 1 3902 3905 3904
9942 2 2 1 1 4673 7511 6002
9943 2 2 1 1 2852 6510 2839
9944 2 2 1 1 2 7954 1169
9945 2 2 1 1 2147 7150 6961
9946 2 2 1 1 814 2570 813
9947 2 2 1 1 4170 6410 5897
9948 2 2 1 1 3985 7224 3877
9949 2 2 1 1 2715 6614 1642
9950 2 2 1 1 3118 7577 6630
9951 2 2 1 1 4668 6561 6494
9952 2 2 1 1 3775 6531 3774
9953 2 2 1 1 6449 6549 4059
9954 2 2 1 1 3622 6692 3331
9955 2 2 1 1 3274 7399 6058
9956 2 2 1 1 2784 6568 2996
9957 2 2 1 1 390 2413 389
9958 2 2 1 1 1000 5632 999
9959 2 2 1 1 2922 7981 5940
9960 2 2 1 1 2296 6418 3453
9961 2 2 1 1 3875 5244 1386
9962 2 2 1 1 3607 5600 4388
9963 2 2 1 1 3506 4874 3197
9964 2 2 1 1 1648 6627 1650
9965 2 2 1 1 6151 7195 1193
9966 2 2 1 1 3494 6968 4241
9967 2 2 1 1 7850 7851 6603
9968 2 2 1 1 2054 6669 2060
9969 2 2 1 1 7245 8018 4811
9970 2 2 1 1 2002 6489 1914
9971 2 2 1 1 1503 7854 6901
9972 2 2 1 1 3462 3932 3463
9973 2 2 1 1 6655 7788 5839
9974 2 2 1 1 4894 4895 3562
9975 2 2 1 1 2739 6370 2742
9976 2 2 1 1 5059 7914 3670
9977 2 2 1 1 2841 6510 2994
9978 2 2 1 1 1777 6427 2093
9979 2 2 1 1 6269 7995 4736
9980 2 2 1 1 3596 7837 3919
9981 2 2 1 1 4253 4254 4151
9982 2 2 1 1 6658 6884 5072
9983 2 2 1 1 6422 7143 446
9984 2 2 1 1 5712 6615 4539
9985 2 2 1 1 1630 6467 2710
9986 2 2 1 1 4058 6502 3692
9987 2 2 1 1 804 2589 803
9988 2 2 1 1 3783 7745 5630
9989 2 2 1 1 2 7905 1168
9990 2 2 1 1 2292 6423 3547
9991 2 2 1 1 4486 6996 4758
9992 2 2 1 1 2488 7681 5720
9993 2 2 1 1 6536 6537 2001
9994 2 2 1 1 5895 7502 4848
9995 2 2 1 1 3995 5917 3610
9996 2 2 1 1 1682 6694 4040
9997 2 2 1 1 2237 6767 3756
9998 2 2 1 1 4985 6963 4984
9999 2 2 1 1 4203 4208 4205
10000 2 2 1 1 851 4605 850
10001 2 2 1 1 3435 7945 3436
10002 2 2 1 1 1481 7312 5835
10003 2 2 1 1 3045 6653 3042
10004 2 2 1 1 2288 6454 3252
10005 2 2 1 1 1556 6566 2524
10006 2 2 1 1 3773 3775 3774
10007 2 2 1 1 850 4591 849
10008 2 2 1 1 3121 6687 3053
10009 2 2 1 1 4308 4309 4094
10010 2 2 1 1 2324 6979 2332
10011 2 2 1 1 2485 6494 417
10012 2 2 1 1 5842 7961 5841
10013 2 2 1 1 3895 5244 3896
10014 2 2 1 1 5310 7663 3634
10015 2 2 1 1 6346 6472 2655
10016 2 2 1 1 1350 6187 6186
10017 2 2 1 1 4075 7159 4073
10018 2 2 1 1 3514 6421 4427
10019 2 2 1 1 3442 7103 7097
10020 2 2 1 1 4433 7519 7339
10021 2 2 1 1 5585 6830 3315
10022 2 2 1 1 4073 7159 6140
10023 2 2 1 1 2411 6977 6334
10024 2 2 1 1 2896 7016 2988
10025 2 2 1 1 816 2615 815
10026 2 2 1 1 3741 8044 5989
10027 2 2 1 1 6510 6658 2994
10028 2 2 1 1 4670 7355 5616
10029 2 2 1 1 1589 7107 1583
10030 2 2 1 1 4607 5507 4591
10031 2 2 1 1 2705 6636 2703
10032 2 2 1 1 5788 7921 5789
10033 2 2 1 1 859 2619 858
10034 2 2 1 1 3543 7172 2971
10035 2 2 1 1 2728 6554 782
10036 2 2 1 1 1904 6530 1915
10037 2 2 1 1 2671 6529 1919
10038 2 2 1 1 5852 7855 5050
10039 2 2 1 1 5613 6975 4647
10040 2 2 1 1 3334 6477 3471
10041 2 2 1 1 4173 5897 1407
10042 2 2 1 1 4500 7380 4236
10043 2 2 1 1 3395 6532 2707
10044 2 2 1 1 3676 7535 7217
10045 2 2 1 1 4099 6533 3572
10046 2 2 1 1 410 2540 409
10047 2 2 1 1 1637 6467 1632
10048 2 2 1 1 2721 6395 2724
10049 2 2 1 1 2608 6469 2582
10050 2 2 1 1 4310 5446 4305
10051 2 2 1 1 3748 7149 3268
10052 2 2 1 1 2093 6456 1775
10053 2 2 1 1 5510 8061 7181
10054 2 2 1 1 1642 6614 1640
10055 2 2 1 1 2990 7016 2894
10056 2 2 1 1 3718 7116 2930
10057 2 2 1 1 2626 6455 1771
10058 2 2 1 1 5774 7317 3689
10059 2 2 1 1 3718 7412 5996
10060 2 2 1 1 1009 7244 1008
10061 2 2 1 1 899 3032 898
10062 2 2 1 1 549 7481 5891
10063 2 2 1 1 1484 7855 5852
10064 2 2 1 1 4817 7497 4821
10065 2 2 1 1 1764 7040 1762
10066 2 2 1 1 1644 6623 2715
10067 2 2 1 1 1917 6529 2002
10068 2 2 1 1 2165 6452 5754
10069 2 2 1 1 4849 7743 7154
10070 2 2 1 1 1618 7957 1616
10071 2 2 1 1 4155 6968 3494
10072 2 2 1 1 2191 6740 2207
10073 2 2 1 1 401 2530 400
10074 2 2 1 1 6389 6390 4513
10075 2 2 1 1 5888 7712 6843
10076 2 2 1 1 5770 7014 2493
10077 2 2 1 1 4560 7984 6030
10078 2 2 1 1 2894 7016 2896
10079 2 2 1 1 1773 6456 2626
10080 2 2 1 1 1769 6455 2073
10081 2 2 1 1 2836 6542 2852
10082 2 2 1 1 2003 7020 1887
10083 2 2 1 1 6058 7399 5098
10084 2 2 1 1 2775 7702 2859
10085 2 2 1 1 388 2531 387
10086 2 2 1 1 3719 6564 2701
10087 2 2 1 1 5353 7327 6667
10088 2 2 1 1 3586 7437 6756
10089 2 2 1 1 4733 6987 5542
10090 2 2 1 1 3406 4107 1358
10091 2 2 1 1 1624 8051 1622
10092 2 2 1 1 1961 6535 1923
10093 2 2 1 1 4024 6932 4022
10094 2 2 1 1 6640 7800 3488
10095 2 2 1 1 4158 7668 5654
10096 2 2 1 1 6504 7964 6512
10097 2 2 1 1 1910 6536 2001
10098 2 2 1 1 197 7053 7052
10099 2 2 1 1 1921 6535 2671
10100 2 2 1 1 6270 6778 1807
10101 2 2 1 1 1448 7131 1152
10102 2 2 1 1 2614 6480 2586
10103 2 2 1 1 6086 6642 6087
10104 2 2 1 1 3436 3704 3703
10105 2 2 1 1 818 2571 817
10106 2 2 1 1 5817 6954 3203
10107 2 2 1 1 2132 7891 7410
10108 2 2 1 1 5711 6318 2436
10109 2 2 1 1 810 6688 809
10110 2 2 1 1 3588 6681 5549
10111 2 2 1 1 4579 7240 1429
10112 2 2 1 1 5703 7049 6518
10113 2 2 1 1 3121 7194 6085
10114 2 2 1 1 2596 6345 2718
10115 2 2 1 1 6507 6508 2481
10116 2 2 1 1 1646 6623 1644
10117 2 2 1 1 1664 6714 1666
10118 2 2 1 1 6575 7443 2504
10119 2 2 1 1 5188 7734 5859
10120 2 2 1 1 6156 6162 6161
10121 2 2 1 1 6343 7155 6637
10122 2 2 1 1 825 5367 824
10123 2 2 1 1 4512 7947 6453
10124 2 2 1 1 2669 6564 3295
10125 2 2 1 1 6022 6023 2960
10126 2 2 1 1 3247 7715 2674
10127 2 2 1 1 6125 7649 6126
10128 2 2 1 1 3255 6655 3183
10129 2 2 1 1 2270 7612 5851
10130 2 2 1 1 6133 6881 4746
10131 2 2 1 1 3051 6715 4243
10132 2 2 1 1 3099 6612 3097
10133 2 2 1 1 873 2611 872
10134 2 2 1 1 138 5455 137
10135 2 2 1 1 2083 7354 6984
10136 2 2 1 1 4893 7896 584
10137 2 2 1 1 1666 7418 1659
10138 2 2 1 1 842 4597 841
10139 2 2 1 1 1964 7155 6343
10140 2 2 1 1 5910 7397 3673
10141 2 2 1 1 5846 7236 5845
10142 2 2 1 1 6630 7577 6970
10143 2 2 1 1 4447 7804 4985
10144 2 2 1 1 387 2241 386
10145 2 2 1 1 809 1363 808
10146 2 2 1 1 1416 6051 6045
10147 2 2 1 1 4237 7048 4501
10148 2 2 1 1 2574 7815 5471
10149 2 2 1 1 1651 6627 1648
10150 2 2 1 1 6923 7698 6919
10151 2 2 1 1 4308 5458 4309
10152 2 2 1 1 3447 6538 2462
10153 2 2 1 1 5695 8042 7870
10154 2 2 1 1 3586 6756 3585
10155 2 2 1 1 866 2612 865
10156 2 2 1 1 3461 6880 6133
10157 2 2 1 1 6011 7678 2431
10158 2 2 1 1 4054 7403 6596
10159 2 2 1 1 4279 6593 4278
10160 2 2 1 1 2481 6548 2466
10161 2 2 1 1 1963 6809 1958
10162 2 2 1 1 2622 6499 2562
10163 2 2 1 1 1925 6544 1961
10164 2 2 1 1 4130 4305 4129
10165 2 2 1 1 4608 5429 4606
10166 2 2 1 1 2817 7172 6819
10167 2 2 1 1 5932 6843 5222
10168 2 2 1 1 4564 7650 5614
10169 2 2 1 1 4339 7010 4341
10170 2 2 1 1 2584 6469 2614
10171 2 2 1 1 4101 6570 4099
10172 2 2 1 1 1531 1533 1532
10173 2 2 1 1 4182 7140 4180
10174 2 2 1 1 857 2602 856
10175 2 2 1 1 3674 6837 1548
10176 2 2 1 1 6591 7122 6590
10177 2 2 1 1 6176 6940 1359
10178 2 2 1 1 4914 6514 4968
10179 2 2 1 1 820 2617 819
10180 2 2 1 1 3230 3736 3228
10181 2 2 1 1 7157 7526 6483
10182 2 2 1 1 4191 6616 4190
10183 2 2 1 1 4699 6392 5373
10184 2 2 1 1 4683 5791 3875
10185 2 2 1 1 3105 6647 3103
10186 2 2 1 1 848 4593 847
10187 2 2 1 1 4526 7642 4528
10188 2 2 1 1 6175 6787 2484
10189 2 2 1 1 2621 6506 2567
10190 2 2 1 1 1852 7374 1995
10191 2 2 1 1 1986 7132 1893
10192 2 2 1 1 3173 6540 2256
10193 2 2 1 1 394 6799 393
10194 2 2 1 1 1768 6424 5994
10195 2 2 1 1 2004 6543 1929
10196 2 2 1 1 5952 6936 3952
10197 2 2 1 1 6649 6650 2570
10198 2 2 1 1 2259 7324 2245
10199 2 2 1 1 2592 6480 2597
10200 2 2 1 1 861 2620 860
10201 2 2 1 1 5381 7421 5717
10202 2 2 1 1 2193 6505 2271
10203 2 2 1 1 1081 6220 4769
10204 2 2 1 1 403 2535 402
10205 2 2 1 1 5403 6910 3933
10206 2 2 1 1 1355 7426 4573
10207 2 2 1 1 2072 6706 2075
10208 2 2 1 1 3451 6779 3778
10209 2 2 1 1 4491 6556 4193
10210 2 2 1 1 5355 7405 4446
10211 2 2 1 1 5857 6691 4575
10212 2 2 1 1 5692 7419 7181
10213 2 2 1 1 2993 7000 2928
10214 2 2 1 1 4420 7482 5111
10215 2 2 1 1 6462 6671 3976
10216 2 2 1 1 4367 7027 4368
10217 2 2 1 1 5662 7821 4162
10218 2 2 1 1 1798 8027 1796
10219 2 2 1 1 6801 6802 5311
10220 2 2 1 1 1751 6558 414
10221 2 2 1 1 4211 7498 4208
10222 2 2 1 1 5279 5282 5280
10223 2 2 1 1 6164 7666 6165
10224 2 2 1 1 5071 7951 5073
10225 2 2 1 1 6033 6034 2899
10226 2 2 1 1 4006 7287 1411
10227 2 2 1 1 408 1749 407
10228 2 2 1 1 6056 6057 2898
10229 2 2 1 1 6294 6295 4800
10230 2 2 1 1 3332 6692 6477
10231 2 2 1 1 2560 6500 2622
10232 2 2 1 1 887 3118 886
10233 2 2 1 1 2411 6520 2226
10234 2 2 1 1 6022 7243 6023
10235 2 2 1 1 3093 6743 3057
10236 2 2 1 1 1952 6659 2437
10237 2 2 1 1 6230 7808 2001
10238 2 2 1 1 3654 6743 3096
10239 2 2 1 1 7158 7692 5224
10240 2 2 1 1 3592 8058 4010
10241 2 2 1 1 6628 7361 5442
10242 2 2 1 1 2565 6499 2621
10243 2 2 1 1 6300 6831 2347
10244 2 2 1 1 134 6871 133
10245 2 2 1 1 367 6780 366
10246 2 2 1 1 1535 1537 1536
10247 2 2 1 1 2587 6587 795
10248 2 2 1 1 3174 6540 4371
10249 2 2 1 1 3362 5785 3027
10250 2 2 1 1 1640 6614 1657
10251 2 2 1 1 4320 7443 6575
10252 2 2 1 1 3013 6595 3009
10253 2 2 1 1 2005 6565 1936
10254 2 2 1 1 178 6525 177
10255 2 2 1 1 1554 6896 1551
10256 2 2 1 1 1533 1535 1534
10257 2 2 1 1 5070 7431 5075
10258 2 2 1 1 5736 5949 5737
10259 2 2 1 1 822 2572 821
10260 2 2 1 1 828 4538 827
10261 2 2 1 1 2425 7820 5997
10262 2 2 1 1 1604 7407 6007
10263 2 2 1 1 396 6696 395
10264 2 2 1 1 913 3039 912
10265 2 2 1 1 5996 7412 3548
10266 2 2 1 1 5905 7879 3205
10267 2 2 1 1 2967 7908 6172
10268 2 2 1 1 1432 7797 6151
10269 2 2 1 1 6070 6071 2964
10270 2 2 1 1 3894 3901 3900
10271 2 2 1 1 4120 7013 7012
10272 2 2 1 1 1215 7905 2
10273 2 2 1 1 3767 6738 3617
10274 2 2 1 1 3505 6937 5443
10275 2 2 1 1 4024 7271 6932
10276 2 2 1 1 3531 7394 3560
10277 2 2 1 1 377 7251 376
10278 2 2 1 1 6068 6069 2961
10279 2 2 1 1 4393 7729 4391
10280 2 2 1 1 557 6109 556
10281 2 2 1 1 4453 7401 4456
10282 2 2 1 1 2569 6506 2577
10283 2 2 1 1 3446 7137 5576
10284 2 2 1 1 1785 7114 1783
10285 2 2 1 1 847 4590 846
10286 2 2 1 1 3874 4682 3875
10287 2 2 1 1 4185 7824 3565
10288 2 2 1 1 1803 7859 1798
10289 2 2 1 1 3264 3702 3262
10290 2 2 1 1 4666 7347 6490
10291 2 2 1 1 4671 5778 4327
10292 2 2 1 1 4278 6593 4281
10293 2 2 1 1 7436 7940 4039
10294 2 2 1 1 1143 6964 1142
10295 2 2 1 1 839 4596 838
10296 2 2 1 1 2590 6600 792
10297 2 2 1 1 854 6815 853
10298 2 2 1 1 4559 7518 4560
10299 2 2 1 1 1754 7714 5807
10300 2 2 1 1 6512 7453 4469
10301 2 2 1 1 6274 7860 1353
10302 2 2 1 1 4473 8067 7416
10303 2 2 1 1 3342 3344 3123
10304 2 2 1 1 613 2916 1379
10305 2 2 1 1 6549 7936 5777
10306 2 2 1 1 5966 7174 4322
10307 2 2 1 1 1570 6482 6273
10308 2 2 1 1 7063 7930 4853
10309 2 2 1 1 6281 7925 519
10310 2 2 1 1 844 4598 843
10311 2 2 1 1 615 7736 614
10312 2 2 1 1 3135 6682 3133
10313 2 2 1 1 2476 6492 2478
10314 2 2 1 1 6670 7574 1965
10315 2 2 1 1 6249 7533 6854
10316 2 2 1 1 3259 6718 3257
10317 2 2 1 1 2468 6507 2481
10318 2 2 1 1 6881 7499 4746
10319 2 2 1 1 3088 5880 3085
10320 2 2 1 1 2472 6498 2635
10321 2 2 1 1 6611 7778 2004
10322 2 2 1 1 1951 6573 1948
10323 2 2 1 1 5192 6796 6360
10324 2 2 1 1 3121 6928 6687
10325 2 2 1 1 2703 6636 3719
10326 2 2 1 1 379 2237 378
10327 2 2 1 1 3868 6937 6515
10328 2 2 1 1 5261 8006 3826
10329 2 2 1 1 2627 6571 2234
10330 2 2 1 1 5498 7088 4541
10331 2 2 1 1 6372 6391 2970
10332 2 2 1 1 6805 6806 3864
10333 2 2 1 1 2123 7525 6848
10334 2 2 1 1 627 6024 1346
10335 2 2 1 1 3240 6492 2479
10336 2 2 1 1 2607 7782 2578
10337 2 2 1 1 3014 6638 3267
10338 2 2 1 1 349 2056 348
10339 2 2 1 1 3993 7976 7462
10340 2 2 1 1 3311 6420 4145
10341 2 2 1 1 3778 7296 4037
10342 2 2 1 1 824 2625 823
10343 2 2 1 1 1889 7266 2003
10344 2 2 1 1 3863 7672 5532
10345 2 2 1 1 4454 7550 4452
10346 2 2 1 1 4829 6696 2228
10347 2 2 1 1 3644 7211 3646
10348 2 2 1 1 2232 6520 2627
10349 2 2 1 1 3953 6655 3255
10350 2 2 1 1 4965 7861 6074
10351 2 2 1 1 7373 7717 4052
10352 2 2 1 1 2635 6507 2470
10353 2 2 1 1 4474 7657 7599
10354 2 2 1 1 3339 7309 2287
10355 2 2 1 1 6028 6121 5953
10356 2 2 1 1 2464 6548 3447
10357 2 2 1 1 2478 6498 2474
10358 2 2 1 1 2604 6617 870
10359 2 2 1 1 1997 7114 1785
10360 2 2 1 1 4054 6596 4053
10361 2 2 1 1 4318 7824 4185
10362 2 2 1 1 3619 6661 3003
10363 2 2 1 1 3233 6652 2678
10364 2 2 1 1 1687 6694 1682
10365 2 2 1 1 4353 7903 7388
10366 2 2 1 1 5759 6204 1977
10367 2 2 1 1 1887 7020 1885
10368 2 2 1 1 2443 3249 3196
10369 2 2 1 1 360 5489 359
10370 2 2 1 1 3192 7385 5434
10371 2 2 1 1 382 2238 381
10372 2 2 1 1 6061 7782 2607
10373 2 2 1 1 4671 6311 2832
10374 2 2 1 1 6772 7608 4274
10375 2 2 1 1 5209 7664 2645
10376 2 2 1 1 4030 7045 1336
10377 2 2 1 1 880 7389 879
10378 2 2 1 1 2073 7040 1764
10379 2 2 1 1 2024 7484 2022
10380 2 2 1 1 6270 6770 5219
10381 2 2 1 1 375 6750 374
10382 2 2 1 1 5807 7242 2202
10383 2 2 1 1 6556 6616 4191
10384 2 2 1 1 4059 6549 5777
10385 2 2 1 1 4312 6612 3102
10386 2 2 1 1 2718 6345 4298
10387 2 2 1 1 1931 6611 2004
10388 2 2 1 1 3620 6727 5977
10389 2 2 1 1 4190 6616 4288
10390 2 2 1 1 352 2058 351
10391 2 2 1 1 5818 8019 6954
10392 2 2 1 1 3973 6820 3509
10393 2 2 1 1 5883 7618 4296
10394 2 2 1 1 6732 6934 4480
10395 2 2 1 1 6126 7649 3960
10396 2 2 1 1 1838 7655 1988
10397 2 2 1 1 6037 8060 3377
10398 2 2 1 1 3097 6612 3106
10399 2 2 1 1 2965 6128 6127
10400 2 2 1 1 4449 7254 6962
10401 2 2 1 1 4037 7296 6904
10402 2 2 1 1 1762 7040 5570
10403 2 2 1 1 4861 7331 5623
10404 2 2 1 1 406 1356 405
10405 2 2 1 1 1671 6714 1664
10406 2 2 1 1 2959 7755 6056
10407 2 2 1 1 4558 7735 5622
10408 2 2 1 1 5554 7093 4092
10409 2 2 1 1 2041 6838 6173
10410 2 2 1 1 7339 7519 3581
10411 2 2 1 1 6433 7571 6832
10412 2 2 1 1 3183 6655 3395
10413 2 2 1 1 5288 7580 5289
10414 2 2 1 1 1944 6613 2007
10415 2 2 1 1 3875 5791 5244
10416 2 2 1 1 1040 7255 1039
10417 2 2 1 1 3904 7068 3907
10418 2 2 1 1 6493 7965 1961
10419 2 2 1 1 4846 7060 6705
10420 2 2 1 1 371 2249 370
10421 2 2 1 1 4411 7452 4414
10422 2 2 1 1 2608 7782 6061
10423 2 2 1 1 3180 6517 4264
10424 2 2 1 1 1814 7549 1992
10425 2 2 1 1 6240 7132 1986
10426 2 2 1 1 5830 7494 2501
10427 2 2 1 1 1991 7483 1818
10428 2 2 1 1 4437 7110 6301
10429 2 2 1 1 3678 7620 6886
10430 2 2 1 1 4204 7152 4163
10431 2 2 1 1 6489 6536 1912
10432 2 2 1 1 895 3125 894
10433 2 2 1 1 3745 6707 3368
10434 2 2 1 1 4746 7147 4106
10435 2 2 1 1 6761 6794 5676
10436 2 2 1 1 827 1342 826
10437 2 2 1 1 864 1341 863
10438 2 2 1 1 2790 6763 2793
10439 2 2 1 1 6076 7546 5055
10440 2 2 1 1 7022 7023 5488
10441 2 2 1 1 3019 6638 3016
10442 2 2 1 1 6568 7339 2996
10443 2 2 1 1 956 5572 955
10444 2 2 1 1 837 1396 836
10445 2 2 1 1 901 3122 900
10446 2 2 1 1 2521 7895 6144
10447 2 2 1 1 3249 4129 4128
10448 2 2 1 1 4528 7353 5652
10449 2 2 1 1 149 7281 7278
10450 2 2 1 1 123 6861 122
10451 2 2 1 1 340 6177 339
10452 2 2 1 1 6543 7696 5366
10453 2 2 1 1 1893 7132 1891
10454 2 2 1 1 4037 6904 6139
10455 2 2 1 1 3901 6010 3902
10456 2 2 1 1 4238 6541 4239
10457 2 2 1 1 3103 6647 3444
10458 2 2 1 1 6669 7967 2694
10459 2 2 1 1 4395 7156 4396
10460 2 2 1 1 6488 7206 768
10461 2 2 1 1 3043 7837 3596
10462 2 2 1 1 1366 6672 6671
10463 2 2 1 1 1994 6899 6218
10464 2 2 1 1 911 3129 910
10465 2 2 1 1 339 5080 338
10466 2 2 1 1 2011 7791 6809
10467 2 2 1 1 3921 3922 3362
10468 2 2 1 1 363 2628 362
10469 2 2 1 1 1385 8045 3883
10470 2 2 1 1 357 2059 356
10471 2 2 1 1 5790 7373 4052
10472 2 2 1 1 4213 4214 3661
10473 2 2 1 1 7935 7973 5099
10474 2 2 1 1 5882 7342 3344
10475 2 2 1 1 2258 6540 3174
10476 2 2 1 1 3028 6633 3024
10477 2 2 1 1 1080 7429 1079
10478 2 2 1 1 3083 7847 7026
10479 2 2 1 1 5994 7889 1768
10480 2 2 1 1 3503 6966 3819
10481 2 2 1 1 6463 6858 1986
10482 2 2 1 1 3326 7231 5901
10483 2 2 1 1 2239 6571 2244
10484 2 2 1 1 3177 6517 3180
10485 2 2 1 1 6223 6539 3996
10486 2 2 1 1 3432 3626 3266
10487 2 2 1 1 6399 6400 4687
10488 2 2 1 1 5157 6895 6336
10489 2 2 1 1 851 4774 4605
10490 2 2 1 1 3330 7523 6113
10491 2 2 1 1 4064 6855 3312
10492 2 2 1 1 7330 7881 1449
10493 2 2 1 1 338 3312 337
10494 2 2 1 1 4439 6891 4438
10495 2 2 1 1 2230 6645 398
10496 2 2 1 1 883 7708 882
10497 2 2 1 1 3057 7194 3055
10498 2 2 1 1 392 6546 6545
10499 2 2 1 1 7121 8025 4375
10500 2 2 1 1 359 2634 358
10501 2 2 1 1 5810 5811 4009
10502 2 2 1 1 3896 3985 3877
10503 2 2 1 1 4279 6857 6593
10504 2 2 1 1 3972 4235 3970
10505 2 2 1 1 1551 6896 1550
10506 2 2 1 1 2599 7883 3456
10507 2 2 1 1 6150 7193 4011
10508 2 2 1 1 4699 8032 6392
10509 2 2 1 1 6906 7578 6870
10510 2 2 1 1 6852 7850 3127
10511 2 2 1 1 6125 6126 2868
10512 2 2 1 1 4633 7439 4634
10513 2 2 1 1 4797 6293 1414
10514 2 2 1 1 935 3977 934
10515 2 2 1 1 6369 7801 718
10516 2 2 1 1 1359 6941 6176
10517 2 2 1 1 6532 6636 2705
10518 2 2 1 1 5745 6610 2050
10519 2 2 1 1 3449 7618 3965
10520 2 2 1 1 4728 7565 4733
10521 2 2 1 1 347 2672 346
10522 2 2 1 1 5162 7870 5165
10523 2 2 1 1 5497 5498 4541
10524 2 2 1 1 3685 8029 3276
10525 2 2 1 1 3406 4108 4107
10526 2 2 1 1 4069 7904 4586
10527 2 2 1 1 4756 6390 6389
10528 2 2 1 1 3414 7490 3171
10529 2 2 1 1 3314 5878 3310
10530 2 2 1 1 894 3027 893
10531 2 2 1 1 3982 7328 5732
10532 2 2 1 1 6532 7989 5324
10533 2 2 1 1 2819 7844 6444
10534 2 2 1 1 3036 6642 6086
10535 2 2 1 1 5256 7434 6895
10536 2 2 1 1 3373 6700 3376
10537 2 2 1 1 2729 6577 5904
10538 2 2 1 1 362 1358 361
10539 2 2 1 1 5243 7410 3745
10540 2 2 1 1 3302 6518 3305
10541 2 2 1 1 2183 6832 2185
10542 2 2 1 1 1992 6770 6270
10543 2 2 1 1 4836 7348 4652
10544 2 2 1 1 7410 7417 2132
10545 2 2 1 1 6868 7860 4722
10546 2 2 1 1 5880 5881 3078
10547 2 2 1 1 1734 7781 1753
10548 2 2 1 1 5431 7632 4075
10549 2 2 1 1 5650 7488 5215
10550 2 2 1 1 5991 7956 4354
10551 2 2 1 1 6623 7903 5477
10552 2 2 1 1 3059 6665 3064
10553 2 2 1 1 2052 6610 2119
10554 2 2 1 1 5353 7171 3797
10555 2 2 1 1 6366 6979 2326
10556 2 2 1 1 5597 5598 4141
10557 2 2 1 1 1346 6006 626
10558 2 2 1 1 6958 7855 1484
10559 2 2 1 1 2009 6659 1954
10560 2 2 1 1 1471 7686 6121
10561 2 2 1 1 7586 7631 6209
10562 2 2 1 1 5081 5082 4065
10563 2 2 1 1 7642 8014 4528
10564 2 2 1 1 6543 6544 1927
10565 2 2 1 1 6016 7457 3951
10566 2 2 1 1 6164 6165 2844
10567 2 2 1 1 6218 7374 1854
10568 2 2 1 1 2723 7733 2983
10569 2 2 1 1 4168 7690 5915
10570 2 2 1 1 3257 6718 3953
10571 2 2 1 1 4523 7044 3162
10572 2 2 1 1 4180 7140 4335
10573 2 2 1 1 4690 7609 7555
10574 2 2 1 1 1657 7370 1638
10575 2 2 1 1 2746 8012 6373
10576 2 2 1 1 6517 7449 4264
10577 2 2 1 1 3892 7059 5276
10578 2 2 1 1 3010 6631 881
10579 2 2 1 1 4099 6570 6533
10580 2 2 1 1 4841 7469 4842
10581 2 2 1 1 3867 7725 6756
10582 2 2 1 1 3061 6665 3059
10583 2 2 1 1 4955 7558 5011
10584 2 2 1 1 6198 6199 2386
10585 2 2 1 1 5517 7115 3938
10586 2 2 1 1 3864 7145 3323
10587 2 2 1 1 3436 3703 3434
10588 2 2 1 1 6491 7196 6238
10589 2 2 1 1 6161 6162 2869
10590 2 2 1 1 2978 7720 5974
10591 2 2 1 1 6154 6155 2845
10592 2 2 1 1 3366 6805 3364
10593 2 2 1 1 3662 6790 6789
10594 2 2 1 1 926 3772 925
10595 2 2 1 1 915 3127 914
10596 2 2 1 1 4665 7347 4666
10597 2 2 1 1 5035 7095 7094
10598 2 2 1 1 4871 6709 6445
10599 2 2 1 1 4484 7869 4430
10600 2 2 1 1 3032 6683 898
10601 2 2 1 1 2119 6669 2054
10602 2 2 1 1 4116 6821 3660
10603 2 2 1 1 1689 7213 1679
10604 2 2 1 1 5487 7087 3861
10605 2 2 1 1 336 3313 335
10606 2 2 1 1 6357 7173 4930
10607 2 2 1 1 5814 6439 4165
10608 2 2 1 1 3360 7572 4707
10609 2 2 1 1 5115 7833 5193
10610 2 2 1 1 6032 7369 4297
10611 2 2 1 1 2686 7940 5569
10612 2 2 1 1 3022 6633 6040
10613 2 2 1 1 6114 7289 4076
10614 2 2 1 1 1545 6837 1543
10615 2 2 1 1 6215 6216 2372
10616 2 2 1 1 1396 6816 836
10617 2 2 1 1 925 3684 924
10618 2 2 1 1 3981 7091 4222
10619 2 2 1 1 1163 7873 1162
10620 2 2 1 1 4779 7009 2712
10621 2 2 1 1 6091 6094 2962
10622 2 2 1 1 4087 7085 4088
10623 2 2 1 1 3401 6908 3746
10624 2 2 1 1 2082 7338 7030
10625 2 2 1 1 327 3439 326
10626 2 2 1 1 342 6940 341
10627 2 2 1 1 4330 6845 4611
10628 2 2 1 1 3973 6856 6820
10629 2 2 1 1 317 4995 3245
10630 2 2 1 1 4597 6713 841
10631 2 2 1 1 7544 7859 1993
10632 2 2 1 1 3479 7025 3462
10633 2 2 1 1 2129 6676 2070
10634 2 2 1 1 5692 7181 3753
10635 2 2 1 1 5723 6166 2919
10636 2 2 1 1 909 3038 908
10637 2 2 1 1 3736 7083 3228
10638 2 2 1 1 625 6006 2956
10639 2 2 1 1 5078 7292 5079
10640 2 2 1 1 3337 7956 3336
10641 2 2 1 1 3131 6642 3040
10642 2 2 1 1 643 6075 1368
10643 2 2 1 1 4205 6383 1370
10644 2 2 1 1 4433 7339 4026
10645 2 2 1 1 4221 7062 5667
10646 2 2 1 1 4883 6657 6207
10647 2 2 1 1 617 7447 2915
10648 2 2 1 1 1537 2443 1536
10649 2 2 1 1 1998 7193 6150
10650 2 2 1 1 3712 7694 3995
10651 2 2 1 1 4429 7235 4311
10652 2 2 1 1 1515 1518 1513
10653 2 2 1 1 3005 6595 3619
10654 2 2 1 1 2278 7308 6599
10655 2 2 1 1 335 3310 334
10656 2 2 1 1 6915 7013 4120
10657 2 2 1 1 4106 7147 7111
10658 2 2 1 1 6419 7363 3568
10659 2 2 1 1 4028 7524 6232
10660 2 2 1 1 4991 8005 7440
10661 2 2 1 1 3711 7121 5930
10662 2 2 1 1 320 6944 319
10663 2 2 1 1 6445 7590 4871
10664 2 2 1 1 3763 7985 5626
10665 2 2 1 1 3377 6700 3373
10666 2 2 1 1 2007 7197 1942
10667 2 2 1 1 6021 7805 3142
10668 2 2 1 1 1692 7154 1705
10669 2 2 1 1 2280 6832 2183
10670 2 2 1 1 5782 7982 4872
10671 2 2 1 1 1583 7107 2098
10672 2 2 1 1 2249 6807 370
10673 2 2 1 1 1783 7114 6427
10674 2 2 1 1 5734 7892 3925
10675 2 2 1 1 4248 6745 3580
10676 2 2 1 1 3678 6886 5999
10677 2 2 1 1 3233 6721 6652
10678 2 2 1 1 7042 7827 4293
10679 2 2 1 1 4473 7716 4474
10680 2 2 1 1 6056 7755 6057
10681 2 2 1 1 6565 6611 1934
10682 2 2 1 1 5564 7017 4273
10683 2 2 1 1 4080 7934 6313
10684 2 2 1 1 7746 7747 5306
10685 2 2 1 1 3052 6653 3045
10686 2 2 1 1 3323 7145 3259
10687 2 2 1 1 5504 7862 2979
10688 2 2 1 1 6601 6879 3461
10689 2 2 1 1 1078 7252 1077
10690 2 2 1 1 3940 7770 3371
10691 2 2 1 1 4530 7378 4529
10692 2 2 1 1 1342 6810 826
10693 2 2 1 1 4160 7888 5328
10694 2 2 1 1 325 3438 324
10695 2 2 1 1 369 7466 368
10696 2 2 1 1 4361 7500 4362
10697 2 2 1 1 4474 7599 4434
10698 2 2 1 1 1996 7825 1794
10699 2 2 1 1 4381 7164 5930
10700 2 2 1 1 1883 7909 1894
10701 2 2 1 1 932 3770 931
10702 2 2 1 1 5539 6823 1403
10703 2 2 1 1 3042 6653 3131
10704 2 2 1 1 1756 8046 3623
10705 2 2 1 1 3853 8050 7067
10706 2 2 1 1 6238 7196 1994
10707 2 2 1 1 5285 7354 2083
10708 2 2 1 1 6780 7996 366
10709 2 2 1 1 5302 7705 6654
10710 2 2 1 1 345 2057 344
10711 2 2 1 1 7207 7458 3880
10712 2 2 1 1 927 6635 926
10713 2 2 1 1 1531 1532 1529
10714 2 2 1 1 2956 6029 624
10715 2 2 1 1 5827 5964 3682
10716 2 2 1 1 3507 7607 4083
10717 2 2 1 1 4784 7217 4544
10718 2 2 1 1 6554 7265 781
10719 2 2 1 1 3602 7683 3011
10720 2 2 1 1 6548 7752 5749
10721 2 2 1 1 1147 1468 1146
10722 2 2 1 1 6700 6701 3521
10723 2 2 1 1 2241 6717 386
10724 2 2 1 1 878 1380 877
10725 2 2 1 1 3307 7049 4087
10726 2 2 1 1 315 6876 314
10727 2 2 1 1 1749 6739 407
10728 2 2 1 1 5486 7079 4269
10729 2 2 1 1 2075 6706 2078
10730 2 2 1 1 5084 7129 5085
10731 2 2 1 1 2215 6850 2512
10732 2 2 1 1 1543 6838 1541
10733 2 2 1 1 1520 7350 1516
10734 2 2 1 1 5730 6032 4436
10735 2 2 1 1 4692 7138 5973
10736 2 2 1 1 2688 6661 4038
10737 2 2 1 1 2602 6724 856
10738 2 2 1 1 4535 5498 5497
10739 2 2 1 1 5019 7574 5020
10740 2 2 1 1 2060 6669 2694
10741 2 2 1 1 4577 5615 4578
10742 2 2 1 1 3102 6612 3099
10743 2 2 1 1 4383 6792 6791
10744 2 2 1 1 6394 7950 3191
10745 2 2 1 1 4306 7258 5812
10746 2 2 1 1 213 7225 212
10747 2 2 1 1 3539 8044 3741
10748 2 2 1 1 4404 6845 4330
10749 2 2 1 1 3891 7941 5396
10750 2 2 1 1 7244 7944 5262
10751 2 2 1 1 5808 7303 4481
10752 2 2 1 1 4394 7284 5764
10753 2 2 1 1 4508 7851 5763
10754 2 2 1 1 6573 6613 1946
10755 2 2 1 1 2635 7669 6509
10756 2 2 1 1 686 6257 685
10757 2 2 1 1 7388 7677 5505
10758 2 2 1 1 2011 6809 1963
10759 2 2 1 1 5219 6778 6270
10760 2 2 1 1 330 3440 329
10761 2 2 1 1 6856 7671 1738
10762 2 2 1 1 4293 7827 2997
10763 2 2 1 1 6113 7523 5064
10764 2 2 1 1 6149 7572 4716
10765 2 2 1 1 6858 7515 5103
10766 2 2 1 1 903 3130 902
10767 2 2 1 1 5311 7133 6801
10768 2 2 1 1 7440 8005 4243
10769 2 2 1 1 2925 7846 5989
10770 2 2 1 1 5702 7935 5099
10771 2 2 1 1 4332 7867 3957
10772 2 2 1 1 4596 6755 838
10773 2 2 1 1 2250 7324 2253
10774 2 2 1 1 4039 7940 5721
10775 2 2 1 1 6582 7938 3913
10776 2 2 1 1 5775 8001 4390
10777 2 2 1 1 6306 7723 5519
10778 2 2 1 1 6258 6259 2872
10779 2 2 1 1 2001 7808 1908
10780 2 2 1 1 3568 7363 4756
10781 2 2 1 1 1368 6027 642
10782 2 2 1 1 6053 6763 2790
10783 2 2 1 1 6276 6277 2430
10784 2 2 1 1 5880 7342 5882
10785 2 2 1 1 3364 6805 3864
10786 2 2 1 1 5820 7990 5819
10787 2 2 1 1 3427 7904 4069
10788 2 2 1 1 5235 7163 7056
10789 2 2 1 1 6832 7571 2451
10790 2 2 1 1 623 6029 2923
10791 2 2 1 1 6139 6715 3051
10792 2 2 1 1 3821 8047 5959
10793 2 2 1 1 5546 7393 5463
10794 2 2 1 1 322 6943 321
10795 2 2 1 1 963 4118 962
10796 2 2 1 1 3133 6682 3164
10797 2 2 1 1 961 4120 960
10798 2 2 1 1 5224 7442 7158
10799 2 2 1 1 4067 7566 4486
10800 2 2 1 1 4577 6592 5615
10801 2 2 1 1 7094 7095 6128
10802 2 2 1 1 5790 7921 5786
10803 2 2 1 1 641 6027 2958
10804 2 2 1 1 4303 7866 4300
10805 2 2 1 1 1891 7266 1889
10806 2 2 1 1 6351 7406 6352
10807 2 2 1 1 187 7299 186
10808 2 2 1 1 6880 6881 6133
10809 2 2 1 1 3852 6779 3451
10810 2 2 1 1 6361 7838 6134
10811 2 2 1 1 5146 7434 5970
10812 2 2 1 1 4285 7346 5572
10813 2 2 1 1 5922 6776 4731
10814 2 2 1 1 5452 7690 4168
10815 2 2 1 1 4965 7885 7548
10816 2 2 1 1 4867 8017 6755
10817 2 2 1 1 1189 7961 1190
10818 2 2 1 1 7616 7617 3993
10819 2 2 1 1 7224 7737 7223
10820 2 2 1 1 3055 7194 3121
10821 2 2 1 1 4450 7254 4449
10822 2 2 1 1 4252 7149 3748
10823 2 2 1 1 2958 6033 640
10824 2 2 1 1 4271 7510 7438
10825 2 2 1 1 4576 7051 5615
10826 2 2 1 1 4871 7590 4869
10827 2 2 1 1 5984 7679 2950
10828 2 2 1 1 6014 7595 4313
10829 2 2 1 1 3733 6890 3859
10830 2 2 1 1 6122 7750 1457
10831 2 2 1 1 629 6022 2960
10832 2 2 1 1 3327 7719 4551
10833 2 2 1 1 4324 4325 4251
10834 2 2 1 1 626 6006 625
10835 2 2 1 1 6814 7682 6449
10836 2 2 1 1 5358 7271 4024
10837 2 2 1 1 4494 7874 5824
10838 2 2 1 1 2245 7324 2250
10839 2 2 1 1 126 6860 125
10840 2 2 1 1 6044 7529 1402
10841 2 2 1 1 5704 7531 4063
10842 2 2 1 1 4800 7018 697
10843 2 2 1 1 4737 7995 6269
10844 2 2 1 1 4578 4579 1429
10845 2 2 1 1 5777 7117 4663
10846 2 2 1 1 954 3831 3429
10847 2 2 1 1 2458 7576 3225
10848 2 2 1 1 4136 7228 5884
10849 2 2 1 1 4358 6738 3767
10850 2 2 1 1 639 6033 2899
10851 2 2 1 1 5100 7399 6882
10852 2 2 1 1 3164 6647 3105
10853 2 2 1 1 2663 7792 3550
10854 2 2 1 1 951 3430 950
10855 2 2 1 1 4261 7230 5794
10856 2 2 1 1 2803 7328 6324
10857 2 2 1 1 3489 7767 4563
10858 2 2 1 1 1356 6798 6732
10859 2 2 1 1 2406 6194 592
10860 2 2 1 1 1358 6840 361
10861 2 2 1 1 2815 7844 2819
10862 2 2 1 1 591 6194 2385
10863 2 2 1 1 4687 7509 5829
10864 2 2 1 1 551 6204 1367
10865 2 2 1 1 3200 7735 4558
10866 2 2 1 1 7213 7378 4530
10867 2 2 1 1 2405 7159 4399
10868 2 2 1 1 2005 6842 6565
10869 2 2 1 1 484 6289 483
10870 2 2 1 1 578 4127 3563
10871 2 2 1 1 2899 6041 638
10872 2 2 1 1 2972 8021 6407
10873 2 2 1 1 1977 6204 552
10874 2 2 1 1 1351 6202 567
10875 2 2 1 1 5995 7593 2722
10876 2 2 1 1 6106 6272 6271
10877 2 2 1 1 2517 6869 2523
10878 2 2 1 1 1535 1536 1534
10879 2 2 1 1 1533 1534 1532
10880 2 2 1 1 6304 6305 2436
10881 2 2 1 1 6528 7248 4442
10882 2 2 1 1 3352 8034 3403
10883 2 2 1 1 6612 7674 3106
10884 2 2 1 1 1442 7936 6549
10885 2 2 1 1 6476 7474 4154
10886 2 2 1 1 1338 7914 5063
10887 2 2 1 1 2388 6207 576
10888 2 2 1 1 3048 8058 3592
10889 2 2 1 1 4490 7326 4230
10890 2 2 1 1 196 6592 195
10891 2 2 1 1 3509 6820 4012
10892 2 2 1 1 153 7274 152
10893 2 2 1 1 1942 7197 1940
10894 2 2 1 1 637 6041 2959
10895 2 2 1 1 6052 7348 5346
10896 2 2 1 1 2372 6216 6064
10897 2 2 1 1 534 6226 1352
10898 2 2 1 1 6268 6269 2429
10899 2 2 1 1 5486 7302 7079
10900 2 2 1 1 3936 7361 6628
10901 2 2 1 1 158 7288 157
10902 2 2 1 1 3395 7989 6532
10903 2 2 1 1 4325 4492 4251
10904 2 2 1 1 5942 7447 618
10905 2 2 1 1 6145 7695 2426
10906 2 2 1 1 3108 6814 3524
10907 2 2 1 1 624 6029 623
10908 2 2 1 1 1982 6226 535
10909 2 2 1 1 6524 6525 5595
10910 2 2 1 1 923 6885 922
10911 2 2 1 1 6108 6116 4521
10912 2 2 1 1 4092 7093 6421
10913 2 2 1 1 3527 7880 1694
10914 2 2 1 1 2793 7264 6330
10915 2 2 1 1 6902 6903 5706
10916 2 2 1 1 4687 7592 4680
10917 2 2 1 1 6621 7262 4640
10918 2 2 1 1 2959 6056 636
10919 2 2 1 1 3633 7753 3758
10920 2 2 1 1 2408 8032 4699
10921 2 2 1 1 642 6027 641
10922 2 2 1 1 4064 5704 3314
10923 2 2 1 1 140 7283 139
10924 2 2 1 1 6134 7838 1373
10925 2 2 1 1 5490 7036 4669
10926 2 2 1 1 3082 6814 3108
10927 2 2 1 1 3717 7412 6004
10928 2 2 1 1 6590 7122 1663
10929 2 2 1 1 724 6376 723
10930 2 2 1 1 4485 7869 7689
10931 2 2 1 1 6466 7515 2637
10932 2 2 1 1 1353 6233 497
10933 2 2 1 1 640 6033 639
10934 2 2 1 1 4233 7831 3605
10935 2 2 1 1 635 6056 2898
10936 2 2 1 1 3138 6682 3135
10937 2 2 1 1 5380 7768 5382
10938 2 2 1 1 7014 7587 4366
10939 2 2 1 1 1966 6249 517
10940 2 2 1 1 6707 6805 3366
10941 2 2 1 1 2451 6740 2191
10942 2 2 1 1 2680 6890 3729
10943 2 2 1 1 1475 6008 1147
10944 2 2 1 1 4930 7173 4929
10945 2 2 1 1 1979 6239 538
10946 2 2 1 1 4511 7512 4290
10947 2 2 1 1 6461 7792 2665
10948 2 2 1 1 1487 7990 7680
10949 2 2 1 1 147 7290 146
10950 2 2 1 1 7218 7829 2448
10951 2 2 1 1 3986 5239 3985
10952 2 2 1 1 6940 6942 341
10953 2 2 1 1 4464 7679 5984
10954 2 2 1 1 2580 7782 2608
10955 2 2 1 1 4325 4650 4492
10956 2 2 1 1 638 6041 637
10957 2 2 1 1 3096 6743 3093
10958 2 2 1 1 2898 6068 634
10959 2 2 1 1 630 6022 629
10960 2 2 1 1 1362 6242 479
10961 2 2 1 1 5098 7399 5100
10962 2 2 1 1 6207 6657 2371
10963 2 2 1 1 1455 7258 1150
10964 2 2 1 1 6167 6977 2411
10965 2 2 1 1 3129 6824 910
10966 2 2 1 1 3735 5916 3734
10967 2 2 1 1 5563 7017 4380
10968 2 2 1 1 950 3426 949
10969 2 2 1 1 3382 7055 4853
10970 2 2 1 1 2897 6022 630
10971 2 2 1 1 6791 6792 1388
10972 2 2 1 1 6954 8019 5051
10973 2 2 1 1 6865 6866 3439
10974 2 2 1 1 2681 7056 6418
10975 2 2 1 1 3983 7777 6380
10976 2 2 1 1 1527 4357 1523
10977 2 2 1 1 4571 7485 5923
10978 2 2 1 1 2868 7654 6129
10979 2 2 1 1 659 6129 1348
10980 2 2 1 1 3902 6010 3905
10981 2 2 1 1 636 6056 635
10982 2 2 1 1 4674 6001 2866
10983 2 2 1 1 633 6068 2961
10984 2 2 1 1 6938 7898 3901
10985 2 2 1 1 5547 6182 2918
10986 2 2 1 1 1967 6274 499
10987 2 2 1 1 5801 5802 4614
10988 2 2 1 1 1958 6959 1956
10989 2 2 1 1 4863 8017 4867
10990 2 2 1 1 4759 7380 3424
10991 2 2 1 1 3988 7942 7938
10992 2 2 1 1 2674 7715 2121
10993 2 2 1 1 3926 6977 6167
10994 2 2 1 1 5448 7598 5561
10995 2 2 1 1 5401 7220 4476
10996 2 2 1 1 429 6351 428
10997 2 2 1 1 4542 6810 1342
10998 2 2 1 1 634 6068 633
10999 2 2 1 1 5732 7328 2803
11000 2 2 1 1 3039 7850 6603
11001 2 2 1 1 6964 7303 1494
11002 2 2 1 1 1395 6221 6220
11003 2 2 1 1 2961 6088 632
11004 2 2 1 1 2988 7024 6337
11005 2 2 1 1 3166 6898 6897
11006 2 2 1 1 6134 6136 4803
11007 2 2 1 1 3038 6870 908
11008 2 2 1 1 6812 6813 6737
11009 2 2 1 1 6239 7294 537
11010 2 2 1 1 3585 8033 3584
11011 2 2 1 1 2448 7829 6435
11012 2 2 1 1 7312 7922 5836
11013 2 2 1 1 6118 7488 1996
11014 2 2 1 1 6321 7112 3151
11015 2 2 1 1 6010 6483 3905
11016 2 2 1 1 3649 7768 6474
11017 2 2 1 1 6557 7740 7395
11018 2 2 1 1 4952 7379 4949
11019 2 2 1 1 4124 7594 1974
11020 2 2 1 1 1606 7407 1604
11021 2 2 1 1 7241 7822 3384
11022 2 2 1 1 1354 6255 461
11023 2 2 1 1 6917 7706 5303
11024 2 2 1 1 2690 6897 3161
11025 2 2 1 1 632 6088 631
11026 2 2 1 1 4267 7413 4785
11027 2 2 1 1 7097 7105 1334
11028 2 2 1 1 762 6417 761
11029 2 2 1 1 6116 7540 1975
11030 2 2 1 1 7329 7330 1449
11031 2 2 1 1 2923 7471 7470
11032 2 2 1 1 631 6088 2897
11033 2 2 1 1 1854 7374 1852
11034 2 2 1 1 6705 7060 4495
11035 2 2 1 1 6844 7616 3991
11036 2 2 1 1 1482 1483 1439
11037 2 2 1 1 7025 7534 5664
11038 2 2 1 1 6996 6997 4758
11039 2 2 1 1 296 2082 295
11040 2 2 1 1 3988 7938 6582
11041 2 2 1 1 645 6070 2964
11042 2 2 1 1 4322 7174 6974
11043 2 2 1 1 1709 7340 1710
11044 2 2 1 1 1332 6066 1482
11045 2 2 1 1 6024 6025 1346
11046 2 2 1 1 1476 7648 1167
11047 2 2 1 1 658 6091 657
11048 2 2 1 1 3600 6906 5362
11049 2 2 1 1 4050 7577 5230
11050 2 2 1 1 4723 7995 4737
11051 2 2 1 1 6289 6290 6288
11052 2 2 1 1 5402 7627 6046
11053 2 2 1 1 4250 4252 3748
11054 2 2 1 1 6103 7576 6538
11055 2 2 1 1 1348 6091 658
11056 2 2 1 1 4150 7422 4148
11057 2 2 1 1 5826 7341 5827
11058 2 2 1 1 6330 7264 4057
11059 2 2 1 1 4325 5648 4650
11060 2 2 1 1 1938 7670 2005
11061 2 2 1 1 1511 5861 1509
11062 2 2 1 1 1607 7637 1610
11063 2 2 1 1 1344 6698 5485
11064 2 2 1 1 4555 7787 5591
11065 2 2 1 1 656 6093 655
11066 2 2 1 1 4701 6900 4698
11067 2 2 1 1 646 6070 645
11068 2 2 1 1 3152 7579 3232
11069 2 2 1 1 5928 7441 3530
11070 2 2 1 1 7454 7661 4695
11071 2 2 1 1 5958 7256 1436
11072 2 2 1 1 657 6091 2962
11073 2 2 1 1 6043 7872 4573
11074 2 2 1 1 6398 7432 1759
11075 2 2 1 1 310 6965 309
11076 2 2 1 1 2501 7494 5894
11077 2 2 1 1 3735 6931 3428
11078 2 2 1 1 7547 7548 4938
11079 2 2 1 1 654 6100 653
11080 2 2 1 1 279 2187 278
11081 2 2 1 1 97 7318 96
11082 2 2 1 1 6873 7655 1840
11083 2 2 1 1 5789 5790 4052
11084 2 2 1 1 3922 5004 4642
11085 2 2 1 1 6023 6927 2960
11086 2 2 1 1 4864 7445 7390
11087 2 2 1 1 7277 7278 7275
11088 2 2 1 1 2962 6093 656
11089 2 2 1 1 6879 6880 3461
11090 2 2 1 1 4107 6840 1358
11091 2 2 1 1 4427 7802 5962
11092 2 2 1 1 6387 6388 1473
11093 2 2 1 1 1782 6307 463
11094 2 2 1 1 1550 6896 4226
11095 2 2 1 1 3384 7822 7220
11096 2 2 1 1 4334 6588 6586
11097 2 2 1 1 652 6112 651
11098 2 2 1 1 4897 7626 4898
11099 2 2 1 1 6047 6048 3443
11100 2 2 1 1 5150 7814 6331
11101 2 2 1 1 1333 5312 1491
11102 2 2 1 1 5373 7611 4702
11103 2 2 1 1 3825 5328 5327
11104 2 2 1 1 6676 6706 2072
11105 2 2 1 1 3142 6054 4346
11106 2 2 1 1 1167 7600 1472
11107 2 2 1 1 611 6120 610
11108 2 2 1 1 655 6093 2882
11109 2 2 1 1 6420 6969 4145
11110 2 2 1 1 4347 7568 7135
11111 2 2 1 1 4717 7731 7343
11112 2 2 1 1 650 6115 649
11113 2 2 1 1 4249 7260 4248
11114 2 2 1 1 3376 6700 3521
11115 2 2 1 1 3995 7694 5600
11116 2 2 1 1 7052 7053 4576
11117 2 2 1 1 4418 7933 5067
11118 2 2 1 1 5174 7712 5888
11119 2 2 1 1 2882 6100 654
11120 2 2 1 1 922 3591 921
11121 2 2 1 1 3704 4514 3703
11122 2 2 1 1 5063 6559 1338
11123 2 2 1 1 6658 7478 2994
11124 2 2 1 1 6116 6117 4521
11125 2 2 1 1 298 2699 297
11126 2 2 1 1 648 6127 647
11127 2 2 1 1 5518 7424 5863
11128 2 2 1 1 2497 8055 6484
11129 2 2 1 1 3992 7112 6321
11130 2 2 1 1 3918 5341 3916
11131 2 2 1 1 5434 7895 3192
11132 2 2 1 1 653 6100 2963
11133 2 2 1 1 3265 7999 6539
11134 2 2 1 1 701 4795 1414
11135 2 2 1 1 4827 7908 2967
11136 2 2 1 1 4239 7288 1428
11137 2 2 1 1 136 7272 135
11138 2 2 1 1 4628 7551 4627
11139 2 2 1 1 1439 6404 1485
11140 2 2 1 1 6555 7915 5740
11141 2 2 1 1 4896 7144 4830
11142 2 2 1 1 4534 7508 4531
11143 2 2 1 1 2185 6832 2451
11144 2 2 1 1 3074 7041 3071
11145 2 2 1 1 281 2700 280
11146 2 2 1 1 2963 6112 652
11147 2 2 1 1 693 2968 2832
11148 2 2 1 1 5843 7362 2116
11149 2 2 1 1 5904 6577 4051
11150 2 2 1 1 3918 7764 5342
11151 2 2 1 1 651 6112 2881
11152 2 2 1 1 4005 4006 1411
11153 2 2 1 1 108 7329 107
11154 2 2 1 1 3296 7474 6476
11155 2 2 1 1 662 6125 661
11156 2 2 1 1 550 7481 549
11157 2 2 1 1 3027 6839 893
11158 2 2 1 1 2968 2992 2832
11159 2 2 1 1 4467 7283 1418
11160 2 2 1 1 2880 6070 646
11161 2 2 1 1 6373 6374 1343
11162 2 2 1 1 94 7332 93
11163 2 2 1 1 2881 6115 650
11164 2 2 1 1 941 3834 940
11165 2 2 1 1 4238 4239 1428
11166 2 2 1 1 5208 7785 6212
11167 2 2 1 1 6315 7863 4777
11168 2 2 1 1 5707 7345 3858
11169 2 2 1 1 1548 6837 1545
11170 2 2 1 1 4329 6791 5920
11171 2 2 1 1 6407 6408 2774
11172 2 2 1 1 4718 7343 4721
11173 2 2 1 1 5959 8047 5611
11174 2 2 1 1 610 6120 2924
11175 2 2 1 1 2369 7383 2368
11176 2 2 1 1 672 6152 671
11177 2 2 1 1 649 6115 2965
11178 2 2 1 1 6174 7676 5151
11179 2 2 1 1 5796 8047 3821
11180 2 2 1 1 6616 7588 4288
11181 2 2 1 1 3236 8025 3711
11182 2 2 1 1 4802 7623 5926
11183 2 2 1 1 2919 7295 5723
11184 2 2 1 1 670 6153 669
11185 2 2 1 1 2996 7339 3581
11186 2 2 1 1 2083 7006 5285
11187 2 2 1 1 4881 7645 4878
11188 2 2 1 1 300 2083 299
11189 2 2 1 1 668 6154 667
11190 2 2 1 1 6415 6416 2746
11191 2 2 1 1 702 4804 4795
11192 2 2 1 1 1491 1492 1458
11193 2 2 1 1 1789 7825 6663
11194 2 2 1 1 676 6143 675
11195 2 2 1 1 1426 7598 5448
11196 2 2 1 1 3310 6874 334
11197 2 2 1 1 2965 6127 648
11198 2 2 1 1 1479 1480 1332
11199 2 2 1 1 666 6161 665
11200 2 2 1 1 6751 7850 3039
11201 2 2 1 1 1350 6189 6187
11202 2 2 1 1 283 2188 282
11203 2 2 1 1 2057 6887 344
11204 2 2 1 1 3991 7616 3993
11205 2 2 1 1 606 6166 605
11206 2 2 1 1 2067 7425 2129
11207 2 2 1 1 664 6164 663
11208 2 2 1 1 7075 7383 2484
11209 2 2 1 1 6200 6201 4741
11210 2 2 1 1 4348 7805 4352
11211 2 2 1 1 4478 5513 5512
11212 2 2 1 1 88 4873 87
11213 2 2 1 1 7562 7994 3069
11214 2 2 1 1 3405 7874 5714
11215 2 2 1 1 4302 7845 4431
11216 2 2 1 1 647 6127 2880
11217 2 2 1 1 5611 8047 5796
11218 2 2 1 1 6382 7419 5692
11219 2 2 1 1 2096 8001 5775
11220 2 2 1 1 4795 4796 1414
11221 2 2 1 1 5397 6608 6607
11222 2 2 1 1 7906 7923 5524
11223 2 2 1 1 5538 7284 4394
11224 2 2 1 1 1485 1486 1406
11225 2 2 1 1 6075 6076 1368
11226 2 2 1 1 604 6172 603
11227 2 2 1 1 959 4121 958
11228 2 2 1 1 965 4119 964
11229 2 2 1 1 4212 6821 4116
11230 2 2 1 1 1503 7318 1478
11231 2 2 1 1 3820 7609 5631
11232 2 2 1 1 2003 7123 7020
11233 2 2 1 1 1956 6959 2009
11234 2 2 1 1 1638 7370 1637
11235 2 2 1 1 4284 4285 1339
11236 2 2 1 1 4200 7176 5821
11237 2 2 1 1 3130 7333 5007
11238 2 2 1 1 4866 7445 4864
11239 2 2 1 1 1541 6838 2041
11240 2 2 1 1 602 6182 601
11241 2 2 1 1 2613 7799 6624
11242 2 2 1 1 5743 7428 5742
11243 2 2 1 1 5184 7475 5911
11244 2 2 1 1 2212 7587 5770
11245 2 2 1 1 6324 7328 5543
11246 2 2 1 1 7390 7445 5713
11247 2 2 1 1 4779 7707 6917
11248 2 2 1 1 1402 6355 715
11249 2 2 1 1 4265 7506 6211
11250 2 2 1 1 943 3835 942
11251 2 2 1 1 4102 7381 4101
11252 2 2 1 1 6458 6459 2744
11253 2 2 1 1 5721 7940 2686
11254 2 2 1 1 600 6188 599
11255 2 2 1 1 661 6125 2868
11256 2 2 1 1 3289 7904 3427
11257 2 2 1 1 3901 7898 6010
11258 2 2 1 1 2407 6777 5310
11259 2 2 1 1 4121 7013 4284
11260 2 2 1 1 2478 7074 6498
11261 2 2 1 1 6820 7291 4012
11262 2 2 1 1 5276 5857 5270
11263 2 2 1 1 5746 7829 4784
11264 2 2 1 1 4466 4467 1418
11265 2 2 1 1 270 5968 269
11266 2 2 1 1 6780 6785 5803
11267 2 2 1 1 7132 7266 1891
11268 2 2 1 1 294 2698 293
11269 2 2 1 1 5001 7760 5002
11270 2 2 1 1 285 2712 284
11271 2 2 1 1 982 3671 981
11272 2 2 1 1 5657 7969 3990
11273 2 2 1 1 6530 7808 6230
11274 2 2 1 1 2412 7794 6405
11275 2 2 1 1 302 2711 301
11276 2 2 1 1 3565 7824 3158
11277 2 2 1 1 6581 6583 6580
11278 2 2 1 1 513 7610 2427
11279 2 2 1 1 5878 6874 3310
11280 2 2 1 1 590 6197 589
11281 2 2 1 1 588 6198 587
11282 2 2 1 1 4683 6403 5792
11283 2 2 1 1 5824 7874 3405
11284 2 2 1 1 566 6206 565
11285 2 2 1 1 5714 7874 6505
11286 2 2 1 1 6351 6352 6350
11287 2 2 1 1 564 6208 563
11288 2 2 1 1 1493 1503 1478
11289 2 2 1 1 562 6209 561
11290 2 2 1 1 5321 8062 6949
11291 2 2 1 1 120 7603 6978
11292 2 2 1 1 560 6213 559
11293 2 2 1 1 6183 7919 1989
11294 2 2 1 1 572 6215 571
11295 2 2 1 1 574 6219 573
11296 2 2 1 1 2982 8067 6170
11297 2 2 1 1 6237 7150 4104
11298 2 2 1 1 2014 7661 6593
11299 2 2 1 1 547 6217 546
11300 2 2 1 1 4734 6776 5922
11301 2 2 1 1 3030 6685 3921
11302 2 2 1 1 6720 7939 4641
11303 2 2 1 1 545 6228 544
11304 2 2 1 1 6484 6485 2415
11305 2 2 1 1 5157 7542 6895
11306 2 2 1 1 4742 6201 4739
11307 2 2 1 1 6057 7633 2898
11308 2 2 1 1 269 4323 268
11309 2 2 1 1 543 6235 542
11310 2 2 1 1 4492 5639 4252
11311 2 2 1 1 5290 7561 4966
11312 2 2 1 1 3259 7145 6718
11313 2 2 1 1 532 6236 531
11314 2 2 1 1 7601 7926 6027
11315 2 2 1 1 3544 7931 2206
11316 2 2 1 1 6801 7133 1490
11317 2 2 1 1 4683 5792 5791
11318 2 2 1 1 4139 7886 6426
11319 2 2 1 1 1502 1504 1500
11320 2 2 1 1 5180 7542 6169
11321 2 2 1 1 4544 7535 5555
11322 2 2 1 1 276 2190 275
11323 2 2 1 1 530 6248 529
11324 2 2 1 1 1488 1489 1440
11325 2 2 1 1 690 6253 689
11326 2 2 1 1 688 6254 687
11327 2 2 1 1 6695 7867 4332
11328 2 2 1 1 685 6256 684
11329 2 2 1 1 683 6258 682
11330 2 2 1 1 2518 6869 2517
11331 2 2 1 1 681 6260 680
11332 2 2 1 1 5785 6839 3027
11333 2 2 1 1 1025 7349 1024
11334 2 2 1 1 6373 8012 6374
11335 2 2 1 1 6072 6076 6075
11336 2 2 1 1 1473 4953 726
11337 2 2 1 1 528 6261 527
11338 2 2 1 1 287 2189 286
11339 2 2 1 1 3166 6897 2690
11340 2 2 1 1 512 6264 511
11341 2 2 1 1 526 6267 525
11342 2 2 1 1 2866 6152 672
11343 2 2 1 1 496 6268 495
11344 2 2 1 1 6740 7804 4447
11345 2 2 1 1 5326 7724 3512
11346 2 2 1 1 671 6152 2846
11347 2 2 1 1 675 6143 1371
11348 2 2 1 1 4784 7829 7218
11349 2 2 1 1 4890 8022 6649
11350 2 2 1 1 304 2084 303
11351 2 2 1 1 6310 6316 5975
11352 2 2 1 1 524 6276 523
11353 2 2 1 1 3069 7809 3063
11354 2 2 1 1 4356 7850 6852
11355 2 2 1 1 4522 7222 6831
11356 2 2 1 1 5101 7214 6058
11357 2 2 1 1 4028 6232 3910
11358 2 2 1 1 510 6279 509
11359 2 2 1 1 2846 6153 670
11360 2 2 1 1 742 4202 1370
11361 2 2 1 1 4216 4217 3856
11362 2 2 1 1 2844 6125 662
11363 2 2 1 1 7217 7535 4544
11364 2 2 1 1 669 6153 2867
11365 2 2 1 1 522 6285 521
11366 2 2 1 1 7140 7621 4335
11367 2 2 1 1 478 6282 477
11368 2 2 1 1 6191 7158 6190
11369 2 2 1 1 494 6284 493
11370 2 2 1 1 6020 7990 1487
11371 2 2 1 1 3985 7737 7224
11372 2 2 1 1 7275 7281 151
11373 2 2 1 1 558 7540 557
11374 2 2 1 1 4407 7901 6078
11375 2 2 1 1 2867 6154 668
11376 2 2 1 1 6447 6448 1752
11377 2 2 1 1 734 4166 1403
11378 2 2 1 1 508 6292 507
11379 2 2 1 1 1519 7700 7597
11380 2 2 1 1 667 6154 2845
11381 2 2 1 1 6503 6504 1369
11382 2 2 1 1 7056 7465 6098
11383 2 2 1 1 2626 7146 6455
11384 2 2 1 1 3212 6814 3082
11385 2 2 1 1 2965 7094 6128
11386 2 2 1 1 7379 7658 4948
11387 2 2 1 1 4075 7632 7159
11388 2 2 1 1 2845 6161 666
11389 2 2 1 1 492 6299 491
11390 2 2 1 1 6511 6513 2727
11391 2 2 1 1 2919 6166 606
11392 2 2 1 1 665 6161 2869
11393 2 2 1 1 6833 7377 6834
11394 2 2 1 1 506 6304 505
11395 2 2 1 1 1539 7050 1537
11396 2 2 1 1 1818 7483 1816
11397 2 2 1 1 2869 6164 664
11398 2 2 1 1 4166 5539 1403
11399 2 2 1 1 7048 7797 1432
11400 2 2 1 1 3262 7084 3230
11401 2 2 1 1 5229 7841 5781
11402 2 2 1 1 2426 7289 6114
11403 2 2 1 1 444 6275 443
11404 2 2 1 1 605 6166 2967
11405 2 2 1 1 6534 7788 3953
11406 2 2 1 1 6073 7547 7546
11407 2 2 1 1 663 6164 2844
11408 2 2 1 1 3424 7463 5876
11409 2 2 1 1 6442 7937 3221
11410 2 2 1 1 483 6288 482
11411 2 2 1 1 4118 7920 6914
11412 2 2 1 1 504 6318 503
11413 2 2 1 1 5901 7468 3685
11414 2 2 1 1 490 6317 489
11415 2 2 1 1 7610 7611 2427
11416 2 2 1 1 2923 7246 4910
11417 2 2 1 1 6588 6598 6587
11418 2 2 1 1 4910 7471 2923
11419 2 2 1 1 2967 6172 604
11420 2 2 1 1 4431 7489 5825
11421 2 2 1 1 1468 4482 4481
11422 2 2 1 1 1779 7341 5826
11423 2 2 1 1 2827 6143 676
11424 2 2 1 1 743 6438 4202
11425 2 2 1 1 2773 6428 749
11426 2 2 1 1 474 6323 473
11427 2 2 1 1 6957 7823 1962
11428 2 2 1 1 4920 7375 6514
11429 2 2 1 1 695 6322 694
11430 2 2 1 1 6743 7194 3057
11431 2 2 1 1 999 5632 4471
11432 2 2 1 1 6552 6553 1437
11433 2 2 1 1 603 6172 2918
11434 2 2 1 1 306 3162 305
11435 2 2 1 1 958 1339 957
11436 2 2 1 1 488 6332 487
11437 2 2 1 1 2747 7411 5928
11438 2 2 1 1 907 7578 906
11439 2 2 1 1 3797 7636 3579
11440 2 2 1 1 3199 7725 7667
11441 2 2 1 1 6762 7009 4149
11442 2 2 1 1 4202 4203 1370
11443 2 2 1 1 3066 7038 3069
11444 2 2 1 1 7083 7793 4653
11445 2 2 1 1 1413 7499 6881
11446 2 2 1 1 6909 7185 4833
11447 2 2 1 1 7181 8061 3753
11448 2 2 1 1 4413 7396 4424
11449 2 2 1 1 6809 6959 1958
11450 2 2 1 1 3529 7730 3185
11451 2 2 1 1 5355 7644 6850
11452 2 2 1 1 735 5815 4166
11453 2 2 1 1 4636 7323 5435
11454 2 2 1 1 2694 7810 2062
11455 2 2 1 1 5894 7494 5691
11456 2 2 1 1 6904 7296 4080
11457 2 2 1 1 2918 6182 602
11458 2 2 1 1 6886 7620 5726
11459 2 2 1 1 5744 6260 2872
11460 2 2 1 1 132 7267 131
11461 2 2 1 1 472 6342 471
11462 2 2 1 1 6831 7222 2350
11463 2 2 1 1 699 6354 698
11464 2 2 1 1 948 1398 947
11465 2 2 1 1 705 6361 704
11466 2 2 1 1 439 6341 438
11467 2 2 1 1 7526 8040 4448
11468 2 2 1 1 266 3750 265
11469 2 2 1 1 7239 7684 4581
11470 2 2 1 1 4264 7449 4266
11471 2 2 1 1 486 6353 485
11472 2 2 1 1 3032 6684 6683
11473 2 2 1 1 4902 7590 6445
11474 2 2 1 1 1906 7808 6530
11475 2 2 1 1 6505 7874 4494
11476 2 2 1 1 6893 7124 4135
11477 2 2 1 1 939 1366 938
11478 2 2 1 1 1494 1495 1438
11479 2 2 1 1 6550 7241 4259
11480 2 2 1 1 601 6182 2966
11481 2 2 1 1 6181 7227 2695
11482 2 2 1 1 949 7647 948
11483 2 2 1 1 6407 8021 6408
11484 2 2 1 1 4209 6438 744
11485 2 2 1 1 714 6371 713
11486 2 2 1 1 7271 7955 4102
11487 2 2 1 1 1969 7448 2011
11488 2 2 1 1 5730 6891 4439
11489 2 2 1 1 930 1399 929
11490 2 2 1 1 710 6362 709
11491 2 2 1 1 721 6367 720
11492 2 2 1 1 470 6368 469
11493 2 2 1 1 2710 7723 6306
11494 2 2 1 1 990 3380 989
11495 2 2 1 1 2966 6188 600
11496 2 2 1 1 4242 7257 5910
11497 2 2 1 1 723 6375 722
11498 2 2 1 1 712 6391 711
11499 2 2 1 1 5471 7815 4859
11500 2 2 1 1 5874 6317 2435
11501 2 2 1 1 3986 5396 5239
11502 2 2 1 1 1461 6964 1143
11503 2 2 1 1 437 6378 436
11504 2 2 1 1 5082 7531 4065
11505 2 2 1 1 4505 7291 6820
11506 2 2 1 1 5051 8019 5852
11507 2 2 1 1 1504 1505 1500
11508 2 2 1 1 2512 6850 2518
11509 2 2 1 1 738 4206 4165
11510 2 2 1 1 728 6387 727
11511 2 2 1 1 5594 8009 7198
11512 2 2 1 1 997 7055 996
11513 2 2 1 1 6129 7654 5987
11514 2 2 1 1 3910 3911 3883
11515 2 2 1 1 1057 5729 4439
11516 2 2 1 1 7154 7743 1705
11517 2 2 1 1 980 3670 979
11518 2 2 1 1 1406 6629 1488
11519 2 2 1 1 599 6188 1350
11520 2 2 1 1 468 6393 467
11521 2 2 1 1 6249 6854 1364
11522 2 2 1 1 759 6373 758
11523 2 2 1 1 5559 7345 3732
11524 2 2 1 1 2828 6257 686
11525 2 2 1 1 3033 7717 7373
11526 2 2 1 1 756 6396 755
11527 2 2 1 1 7118 7384 5084
11528 2 2 1 1 428 6350 427
11529 2 2 1 1 6538 7576 2460
11530 2 2 1 1 3068 7038 3066
11531 2 2 1 1 5598 7960 3946
11532 2 2 1 1 5782 5784 1145
11533 2 2 1 1 594 5307 2407
11534 2 2 1 1 3266 7113 3264
11535 2 2 1 1 5923 7485 3410
11536 2 2 1 1 970 4344 969
11537 2 2 1 1 5460 7779 7394
11538 2 2 1 1 4245 7695 5927
11539 2 2 1 1 5953 7686 5952
11540 2 2 1 1 7173 7250 4929
11541 2 2 1 1 4339 7766 7010
11542 2 2 1 1 754 6407 753
11543 2 2 1 1 435 6398 434
11544 2 2 1 1 5615 7051 4582
11545 2 2 1 1 1071 5752 4176
11546 2 2 1 1 6974 7174 1378
11547 2 2 1 1 4807 7019 6295
11548 2 2 1 1 6576 6577 2729
11549 2 2 1 1 3847 7280 7277
11550 2 2 1 1 1655 7418 6841
11551 2 2 1 1 991 7334 990
11552 2 2 1 1 1508 1509 1507
11553 2 2 1 1 2419 6198 588
11554 2 2 1 1 2385 6197 590
11555 2 2 1 1 2350 8000 6195
11556 2 2 1 1 589 6197 2419
11557 2 2 1 1 5575 7965 6493
11558 2 2 1 1 587 6198 2386
11559 2 2 1 1 4939 8030 7547
11560 2 2 1 1 7171 7636 3797
11561 2 2 1 1 2125 7085 6211
11562 2 2 1 1 4283 7569 6857
11563 2 2 1 1 458 6432 457
11564 2 2 1 1 1022 7069 1021
11565 2 2 1 1 6758 7771 4402
11566 2 2 1 1 3612 6925 6918
11567 2 2 1 1 6202 6206 566
11568 2 2 1 1 6139 6904 6715
11569 2 2 1 1 2065 7425 2067
11570 2 2 1 1 2420 6208 564
11571 2 2 1 1 565 6206 2420
11572 2 2 1 1 1976 6209 562
11573 2 2 1 1 1492 4837 1458
11574 2 2 1 1 563 6208 1976
11575 2 2 1 1 4255 7671 6856
11576 2 2 1 1 569 6214 6065
11577 2 2 1 1 4692 7777 3983
11578 2 2 1 1 761 6415 760
11579 2 2 1 1 2421 6213 560
11580 2 2 1 1 561 6209 2421
11581 2 2 1 1 4491 7167 6556
11582 2 2 1 1 2422 6217 547
11583 2 2 1 1 3905 7068 3904
11584 2 2 1 1 559 6213 1975
11585 2 2 1 1 433 6429 432
11586 2 2 1 1 1816 7549 1814
11587 2 2 1 1 270 6985 5968
11588 2 2 1 1 1718 7924 1716
11589 2 2 1 1 3616 7638 3532
11590 2 2 1 1 2423 6215 572
11591 2 2 1 1 571 6215 2372
11592 2 2 1 1 3305 7049 3307
11593 2 2 1 1 2371 6219 574
11594 2 2 1 1 573 6219 2423
11595 2 2 1 1 546 6217 1981
11596 2 2 1 1 6756 8033 3585
11597 2 2 1 1 1142 1494 1
11598 2 2 1 1 3970 7721 1512
11599 2 2 1 1 421 6447 420
11600 2 2 1 1 1981 6228 545
11601 2 2 1 1 740 6436 739
11602 2 2 1 1 5997 7212 2425
11603 2 2 1 1 1994 7196 6899
11604 2 2 1 1 4033 7308 4035
11605 2 2 1 1 2523 6869 3166
11606 2 2 1 1 7159 7632 4399
11607 2 2 1 1 5403 7783 6910
11608 2 2 1 1 1006 5263 1005
11609 2 2 1 1 4143 7525 6939
11610 2 2 1 1 544 6228 2424
11611 2 2 1 1 6980 7956 3337
11612 2 2 1 1 2424 6235 543
11613 2 2 1 1 6278 7436 4039
11614 2 2 1 1 5706 7037 6902
11615 2 2 1 1 4885 7505 6960
11616 2 2 1 1 3913 7059 6583
11617 2 2 1 1 449 6424 448
11618 2 2 1 1 5289 6277 6276
11619 2 2 1 1 4248 7119 6745
11620 2 2 1 1 542 6235 1980
11621 2 2 1 1 5264 6909 4833
11622 2 2 1 1 531 6236 2425
11623 2 2 1 1 3729 6890 3733
11624 2 2 1 1 431 6451 430
11625 2 2 1 1 2425 6248 530
11626 2 2 1 1 2755 7202 6329
11627 2 2 1 1 996 3382 995
11628 2 2 1 1 3560 7394 4410
11629 2 2 1 1 555 7594 554
11630 2 2 1 1 2187 6972 278
11631 2 2 1 1 3933 8068 3417
11632 2 2 1 1 4868 6754 6713
11633 2 2 1 1 4907 7937 6442
11634 2 2 1 1 4643 7974 4644
11635 2 2 1 1 5177 7221 6363
11636 2 2 1 1 4312 7674 6612
11637 2 2 1 1 6797 7422 5304
11638 2 2 1 1 3462 7025 3932
11639 2 2 1 1 3071 7041 3068
11640 2 2 1 1 6484 8055 6485
11641 2 2 1 1 529 6248 1813
11642 2 2 1 1 764 6458 763
11643 2 2 1 1 5075 7992 7951
11644 2 2 1 1 5307 6777 2407
11645 2 2 1 1 1813 6261 528
11646 2 2 1 1 4150 7842 7422
11647 2 2 1 1 4816 8022 4890
11648 2 2 1 1 584 7896 583
11649 2 2 1 1 5221 7521 5933
11650 2 2 1 1 5201 7433 5203
11651 2 2 1 1 6233 6268 496
11652 2 2 1 1 2427 6264 512
11653 2 2 1 1 766 6468 765
11654 2 2 1 1 689 6253 2871
11655 2 2 1 1 6190 7158 6196
11656 2 2 1 1 456 6484 455
11657 2 2 1 1 4842 7710 4844
11658 2 2 1 1 687 6254 2828
11659 2 2 1 1 1344 6253 690
11660 2 2 1 1 6473 8052 5338
11661 2 2 1 1 527 6261 2428
11662 2 2 1 1 2871 6254 688
11663 2 2 1 1 684 6256 2826
11664 2 2 1 1 7636 7884 4632
11665 2 2 1 1 1021 3485 1020
11666 2 2 1 1 682 6258 2872
11667 2 2 1 1 680 6260 2825
11668 2 2 1 1 2826 6258 683
11669 2 2 1 1 4396 7669 7074
11670 2 2 1 1 3421 7034 1360
11671 2 2 1 1 2428 6267 526
11672 2 2 1 1 6815 7404 4604
11673 2 2 1 1 2872 6260 681
11674 2 2 1 1 955 5572 3831
11675 2 2 1 1 6072 7546 6076
11676 2 2 1 1 7106 7514 5074
11677 2 2 1 1 2008 7588 6616
11678 2 2 1 1 6492 7729 2478
11679 2 2 1 1 511 6264 1802
11680 2 2 1 1 3291 7681 2488
11681 2 2 1 1 4445 7363 6419
11682 2 2 1 1 4307 6935 6934
11683 2 2 1 1 5927 7695 6145
11684 2 2 1 1 4215 7614 5313
11685 2 2 1 1 495 6268 2429
11686 2 2 1 1 4309 7682 4094
11687 2 2 1 1 525 6267 1812
11688 2 2 1 1 419 6495 418
11689 2 2 1 1 6099 7465 6409
11690 2 2 1 1 6242 6282 478
11691 2 2 1 1 451 6470 450
11692 2 2 1 1 5252 7864 5251
11693 2 2 1 1 6652 6890 2680
11694 2 2 1 1 883 7893 7708
11695 2 2 1 1 4248 7260 7119
11696 2 2 1 1 6405 7794 4199
11697 2 2 1 1 6631 7389 880
11698 2 2 1 1 1802 6279 510
11699 2 2 1 1 1812 6276 524
11700 2 2 1 1 3996 7999 6983
11701 2 2 1 1 2429 6284 494
11702 2 2 1 1 771 6486 770
11703 2 2 1 1 3711 8025 7121
11704 2 2 1 1 4057 7264 6523
11705 2 2 1 1 5103 7515 6466
11706 2 2 1 1 4410 7452 4411
11707 2 2 1 1 523 6276 2430
11708 2 2 1 1 4242 7784 7257
11709 2 2 1 1 5940 7538 5942
11710 2 2 1 1 718 7801 717
11711 2 2 1 1 454 6497 453
11712 2 2 1 1 3834 7001 940
11713 2 2 1 1 4615 8016 7817
11714 2 2 1 1 6922 6923 6919
11715 2 2 1 1 6643 6644 2613
11716 2 2 1 1 4428 7416 6450
11717 2 2 1 1 509 6279 2432
11718 2 2 1 1 2430 6285 522
11719 2 2 1 1 6578 6582 6581
11720 2 2 1 1 773 6496 772
11721 2 2 1 1 6920 7180 3615
11722 2 2 1 1 4929 7250 6437
11723 2 2 1 1 1050 6302 1049
11724 2 2 1 1 6228 6229 2424
11725 2 2 1 1 6242 7722 6282
11726 2 2 1 1 477 6282 2434
11727 2 2 1 1 5600 7694 4388
11728 2 2 1 1 6901 7854 1499
11729 2 2 1 1 1049 4387 1048
11730 2 2 1 1 7881 7927 1449
11731 2 2 1 1 3010 6955 6631
11732 2 2 1 1 2432 6292 508
11733 2 2 1 1 1433 7457 6016
11734 2 2 1 1 2195 7812 2120
11735 2 2 1 1 2681 7465 7056
11736 2 2 1 1 493 6284 1793
11737 2 2 1 1 1005 4833 1004
11738 2 2 1 1 1659 7418 1655
11739 2 2 1 1 521 6285 1811
11740 2 2 1 1 7020 7909 1885
11741 2 2 1 1 879 7646 878
11742 2 2 1 1 443 6275 1361
11743 2 2 1 1 775 6503 774
11744 2 2 1 1 6334 6977 5508
11745 2 2 1 1 6647 7697 4314
11746 2 2 1 1 6080 6120 611
11747 2 2 1 1 111 7446 110
11748 2 2 1 1 4391 7729 6492
11749 2 2 1 1 4667 7750 4319
11750 2 2 1 1 1793 6299 492
11751 2 2 1 1 6199 6200 4741
11752 2 2 1 1 777 6511 776
11753 2 2 1 1 6034 7215 2899
11754 2 2 1 1 6845 7840 3458
11755 2 2 1 1 6865 7165 4416
11756 2 2 1 1 3537 8044 3539
11757 2 2 1 1 507 6292 1801
11758 2 2 1 1 4058 7325 6502
11759 2 2 1 1 2827 7438 6143
11760 2 2 1 1 7294 7323 1982
11761 2 2 1 1 6547 7336 4090
11762 2 2 1 1 6423 7245 3547
11763 2 2 1 1 3547 7293 6454
11764 2 2 1 1 779 6516 778
11765 2 2 1 1 3161 6897 3871
11766 2 2 1 1 1791 6289 484
11767 2 2 1 1 1801 6304 506
11768 2 2 1 1 4055 7441 7411
11769 2 2 1 1 3521 7482 3381
11770 2 2 1 1 1537 7050 2443
11771 2 2 1 1 6912 7920 4118
11772 2 2 1 1 3760 7790 3388
11773 2 2 1 1 452 2499 1766
11774 2 2 1 1 7469 7710 4842
11775 2 2 1 1 2481 7752 6548
11776 2 2 1 1 1362 6245 6242
11777 2 2 1 1 491 6299 2435
11778 2 2 1 1 1840 7655 1838
11779 2 2 1 1 482 6288 1971
11780 2 2 1 1 4199 7846 6405
11781 2 2 1 1 2460 7576 2458
11782 2 2 1 1 405 6733 404
11783 2 2 1 1 6346 8052 6473
11784 2 2 1 1 252 2514 251
11785 2 2 1 1 4335 7621 4337
11786 2 2 1 1 505 6304 2436
11787 2 2 1 1 4996 7709 5269
11788 2 2 1 1 5770 7587 7014
11789 2 2 1 1 4435 7519 4433
11790 2 2 1 1 2435 6317 490
11791 2 2 1 1 984 3672 983
11792 2 2 1 1 381 6769 380
11793 2 2 1 1 6837 6838 1543
11794 2 2 1 1 5344 7857 5343
11795 2 2 1 1 6403 7585 6402
11796 2 2 1 1 2436 6318 504
11797 2 2 1 1 752 7701 751
11798 2 2 1 1 6648 6649 2570
11799 2 2 1 1 7028 7711 4970
11800 2 2 1 1 1781 6323 474
11801 2 2 1 1 4542 7088 5369
11802 2 2 1 1 863 6735 862
11803 2 2 1 1 6443 7968 2955
11804 2 2 1 1 515 7688 514
11805 2 2 1 1 7630 7631 4900
11806 2 2 1 1 351 6773 350
11807 2 2 1 1 4083 7988 6523
11808 2 2 1 1 7018 7019 2838
11809 2 2 1 1 6450 7416 2982
11810 2 2 1 1 7164 7479 5930
11811 2 2 1 1 1767 6275 444
11812 2 2 1 1 489 6317 1792
11813 2 2 1 1 541 7711 540
11814 2 2 1 1 503 6318 1800
11815 2 2 1 1 6426 7886 5584
11816 2 2 1 1 4934 7685 4940
11817 2 2 1 1 416 6560 415
11818 2 2 1 1 2587 6588 6587
11819 2 2 1 1 973 4345 972
11820 2 2 1 1 4795 5963 4796
11821 2 2 1 1 6487 7443 4320
11822 2 2 1 1 7036 7958 3631
11823 2 2 1 1 1063 6411 1062
11824 2 2 1 1 384 6784 383
11825 2 2 1 1 6494 7444 4668
11826 2 2 1 1 5876 7949 4019
11827 2 2 1 1 2917 6083 1379
11828 2 2 1 1 784 6551 783
11829 2 2 1 1 3434 7189 3432
11830 2 2 1 1 5887 7784 4242
11831 2 2 1 1 6035 7545 6146
11832 2 2 1 1 3166 7493 6898
11833 2 2 1 1 1792 6332 488
11834 2 2 1 1 6744 7577 3118
11835 2 2 1 1 473 6323 2441
11836 2 2 1 1 1353 6868 6233
11837 2 2 1 1 1705 7743 1707
11838 2 2 1 1 466 7718 465
11839 2 2 1 1 6820 6856 4505
11840 2 2 1 1 2440 6341 439
11841 2 2 1 1 4889 7505 4885
11842 2 2 1 1 7245 7293 3547
11843 2 2 1 1 6172 7908 2918
11844 2 2 1 1 1991 7785 6752
11845 2 2 1 1 519 7925 518
11846 2 2 1 1 7470 7471 5941
11847 2 2 1 1 4523 7583 5810
11848 2 2 1 1 6514 7066 4968
11849 2 2 1 1 5050 7855 5738
11850 2 2 1 1 694 6322 2968
11851 2 2 1 1 7986 8009 5594
11852 2 2 1 1 1038 7522 1037
11853 2 2 1 1 2441 6342 472
11854 2 2 1 1 1055 7109 1054
11855 2 2 1 1 4995 5976 3245
11856 2 2 1 1 1985 7448 1969
11857 2 2 1 1 501 6314 4777
11858 2 2 1 1 487 6332 2444
11859 2 2 1 1 786 6563 785
11860 2 2 1 1 2207 7405 5355
11861 2 2 1 1 7248 7876 4444
11862 2 2 1 1 4220 7615 5452
11863 2 2 1 1 968 1391 967
11864 2 2 1 1 6176 7386 5081
11865 2 2 1 1 1030 3613 1029
11866 2 2 1 1 4078 7698 6923
11867 2 2 1 1 2444 6353 486
11868 2 2 1 1 5464 6881 6880
11869 2 2 1 1 6038 7530 5012
11870 2 2 1 1 5009 7635 5008
11871 2 2 1 1 438 6341 1760
11872 2 2 1 1 7422 7842 5304
11873 2 2 1 1 7178 7506 4266
11874 2 2 1 1 264 3747 263
11875 2 2 1 1 6969 7552 4145
11876 2 2 1 1 5206 7880 7734
11877 2 2 1 1 6618 6619 2604
11878 2 2 1 1 5777 7936 4584
11879 2 2 1 1 471 6342 1780
11880 2 2 1 1 5795 7792 6461
11881 2 2 1 1 1517 7532 7372
11882 2 2 1 1 2838 6322 695
11883 2 2 1 1 696 7018 2838
11884 2 2 1 1 1932 7867 6695
11885 2 2 1 1 788 6576 787
11886 2 2 1 1 1109 7456 1108
11887 2 2 1 1 6649 8022 4819
11888 2 2 1 1 6143 7438 4673
11889 2 2 1 1 485 6353 1791
11890 2 2 1 1 6665 7809 6668
11891 2 2 1 1 4519 7595 6014
11892 2 2 1 1 622 7470 621
11893 2 2 1 1 4938 7757 7547
11894 2 2 1 1 4987 7449 3454
11895 2 2 1 1 1780 6368 470
11896 2 2 1 1 4936 7250 7173
11897 2 2 1 1 1760 6378 437
11898 2 2 1 1 698 6354 4800
11899 2 2 1 1 797 6585 796
11900 2 2 1 1 4584 7936 6950
11901 2 2 1 1 6671 6672 3976
11902 2 2 1 1 4317 7437 3586
11903 2 2 1 1 794 6597 793
11904 2 2 1 1 6634 7662 5258
11905 2 2 1 1 1069 7125 1068
11906 2 2 1 1 1372 8003 7613
11907 2 2 1 1 1012 3826 1011
11908 2 2 1 1 1637 7370 7336
11909 2 2 1 1 2774 6408 4993
11910 2 2 1 1 704 6361 6135
11911 2 2 1 1 7610 7688 4702
11912 2 2 1 1 4399 7632 4401
11913 2 2 1 1 4352 7805 6021
11914 2 2 1 1 7072 7759 5390
11915 2 2 1 1 4266 7506 4265
11916 2 2 1 1 790 6594 789
11917 2 2 1 1 1504 6986 5698
11918 2 2 1 1 4319 7750 6122
11919 2 2 1 1 6047 6051 6049
11920 2 2 1 1 4966 7561 5451
11921 2 2 1 1 225 3873 224
11922 2 2 1 1 6740 7405 2207
11923 2 2 1 1 7877 7966 3343
11924 2 2 1 1 3831 3832 3429
11925 2 2 1 1 6355 6371 714
11926 2 2 1 1 5948 7841 5229
11927 2 2 1 1 6730 6731 2535
11928 2 2 1 1 4777 7863 1967
11929 2 2 1 1 1062 4171 1061
11930 2 2 1 1 427 6350 1761
11931 2 2 1 1 255 2515 254
11932 2 2 1 1 469 6368 2449
11933 2 2 1 1 4870 7979 6619
11934 2 2 1 1 4117 7013 6915
11935 2 2 1 1 707 6365 1373
11936 2 2 1 1 4333 7856 6595
11937 2 2 1 1 4808 7459 4806
11938 2 2 1 1 7398 7710 7469
11939 2 2 1 1 709 6362 2818
11940 2 2 1 1 1448 7660 7177
11941 2 2 1 1 413 6622 412
11942 2 2 1 1 3205 7879 6320
11943 2 2 1 1 1341 6812 6737
11944 2 2 1 1 884 7893 883
11945 2 2 1 1 720 6367 1435
11946 2 2 1 1 5741 5742 3931
11947 2 2 1 1 5004 7892 6660
11948 2 2 1 1 6435 7829 5746
11949 2 2 1 1 799 6604 798
11950 2 2 1 1 241 2521 240
11951 2 2 1 1 713 6371 2970
11952 2 2 1 1 436 6378 2450
11953 2 2 1 1 6264 6265 1802
11954 2 2 1 1 2129 7556 7472
11955 2 2 1 1 6599 7308 4033
11956 2 2 1 1 4500 7463 7380
11957 2 2 1 1 2449 6393 468
11958 2 2 1 1 1474 6367 721
11959 2 2 1 1 6595 7856 3619
11960 2 2 1 1 722 6375 1474
11961 2 2 1 1 6634 7259 3771
11962 2 2 1 1 6715 6904 4079
11963 2 2 1 1 5055 8030 7685
11964 2 2 1 1 2597 7878 6345
11965 2 2 1 1 2970 6391 712
11966 2 2 1 1 5006 7333 6907
11967 2 2 1 1 1066 7253 1065
11968 2 2 1 1 758 6373 1343
11969 2 2 1 1 2969 6362 710
11970 2 2 1 1 1614 7807 2026
11971 2 2 1 1 2450 6398 435
11972 2 2 1 1 4574 7485 4571
11973 2 2 1 1 4682 4683 3875
11974 2 2 1 1 6223 7582 6539
11975 2 2 1 1 869 6620 868
11976 2 2 1 1 711 6391 2969
11977 2 2 1 1 987 3379 986
11978 2 2 1 1 6908 7751 3746
11979 2 2 1 1 3529 7754 7730
11980 2 2 1 1 6314 6315 4777
11981 2 2 1 1 6708 6709 2611
11982 2 2 1 1 6763 7264 2793
11983 2 2 1 1 4297 7897 6032
11984 2 2 1 1 727 6387 1473
11985 2 2 1 1 4145 7552 5108
11986 2 2 1 1 2498 6432 458
11987 2 2 1 1 205 3892 204
11988 2 2 1 1 1434 6387 728
11989 2 2 1 1 801 6624 800
11990 2 2 1 1 6711 6712 4597
11991 2 2 1 1 467 6393 1779
11992 2 2 1 1 4988 8059 3691
11993 2 2 1 1 1506 1507 1505
11994 2 2 1 1 1032 3614 1031
11995 2 2 1 1 6479 7474 3296
11996 2 2 1 1 206 6579 205
11997 2 2 1 1 7277 7279 7278
11998 2 2 1 1 1760 7518 4559
11999 2 2 1 1 975 4347 974
12000 2 2 1 1 3969 6862 5879
12001 2 2 1 1 7203 7204 3344
12002 2 2 1 1 7380 7463 3424
12003 2 2 1 1 5738 7855 6958
12004 2 2 1 1 4502 7949 7463
12005 2 2 1 1 227 3879 226
12006 2 2 1 1 6887 6941 1359
12007 2 2 1 1 1003 4832 1002
12008 2 2 1 1 5326 7080 5327
12009 2 2 1 1 755 6396 2972
12010 2 2 1 1 4475 5561 5449
12011 2 2 1 1 4743 7553 4742
12012 2 2 1 1 87 6328 86
12013 2 2 1 1 1014 3827 1013
12014 2 2 1 1 366 7996 365
12015 2 2 1 1 6518 7049 3305
12016 2 2 1 1 1054 4437 1053
12017 2 2 1 1 1620 7739 1698
12018 2 2 1 1 4762 7517 5427
12019 2 2 1 1 6098 7465 6099
12020 2 2 1 1 6759 6760 4598
12021 2 2 1 1 3719 8036 6564
12022 2 2 1 1 6753 6754 4596
12023 2 2 1 1 1758 6351 429
12024 2 2 1 1 6449 7682 4309
12025 2 2 1 1 434 6398 1759
12026 2 2 1 1 6400 7509 4687
12027 2 2 1 1 6914 7920 6915
12028 2 2 1 1 6722 6723 2602
12029 2 2 1 1 4784 7218 7217
12030 2 2 1 1 7548 7885 4938
12031 2 2 1 1 2972 6407 754
12032 2 2 1 1 6807 7466 369
12033 2 2 1 1 4305 7177 4306
12034 2 2 1 1 2453 6447 421
12035 2 2 1 1 803 6643 802
12036 2 2 1 1 2746 6373 759
12037 2 2 1 1 6878 7600 4630
12038 2 2 1 1 7186 7878 5000
12039 2 2 1 1 243 3192 242
12040 2 2 1 1 4798 4806 4801
12041 2 2 1 1 2041 7050 1539
12042 2 2 1 1 4434 7599 4435
12043 2 2 1 1 4659 7902 7608
12044 2 2 1 1 753 6407 2774
12045 2 2 1 1 5570 7714 1754
12046 2 2 1 1 3914 7986 5594
12047 2 2 1 1 4295 7372 6781
12048 2 2 1 1 236 3182 235
12049 2 2 1 1 2238 6783 6768
12050 2 2 1 1 815 6648 814
12051 2 2 1 1 411 6680 410
12052 2 2 1 1 1047 4386 1046
12053 2 2 1 1 6786 7375 4920
12054 2 2 1 1 7715 8068 5661
12055 2 2 1 1 872 6618 871
12056 2 2 1 1 1068 4173 1067
12057 2 2 1 1 6719 6720 2612
12058 2 2 1 1 1759 6429 433
12059 2 2 1 1 5973 7777 4692
12060 2 2 1 1 5648 7751 4650
12061 2 2 1 1 5504 7969 7862
12062 2 2 1 1 400 6646 399
12063 2 2 1 1 424 7872 423
12064 2 2 1 1 3896 3986 3985
12065 2 2 1 1 6015 7502 5242
12066 2 2 1 1 4466 7826 4468
12067 2 2 1 1 4402 7771 5886
12068 2 2 1 1 7483 7549 1816
12069 2 2 1 1 2744 6417 762
12070 2 2 1 1 4337 7766 4339
12071 2 2 1 1 805 6664 804
12072 2 2 1 1 6377 7044 4008
12073 2 2 1 1 760 6415 2746
12074 2 2 1 1 7365 7642 2068
12075 2 2 1 1 2960 6927 6024
12076 2 2 1 1 6303 6976 4387
12077 2 2 1 1 7238 7240 4579
12078 2 2 1 1 886 6630 885
12079 2 2 1 1 6788 7357 1467
12080 2 2 1 1 3429 6574 3428
12081 2 2 1 1 2084 7044 6377
12082 2 2 1 1 7551 7602 4749
12083 2 2 1 1 389 6693 388
12084 2 2 1 1 7069 7724 7653
12085 2 2 1 1 706 7838 705
12086 2 2 1 1 329 6864 328
12087 2 2 1 1 2578 7782 2580
12088 2 2 1 1 457 6432 2497
12089 2 2 1 1 2385 7335 6197
12090 2 2 1 1 1092 7099 1091
12091 2 2 1 1 1042 4031 1041
12092 2 2 1 1 5763 6953 3599
12093 2 2 1 1 1940 7670 1938
12094 2 2 1 1 867 6719 866
12095 2 2 1 1 6768 7918 3757
12096 2 2 1 1 432 6429 2486
12097 2 2 1 1 5396 7941 5239
12098 2 2 1 1 817 6675 816
12099 2 2 1 1 258 2516 257
12100 2 2 1 1 4819 6650 6649
12101 2 2 1 1 6735 6736 6734
12102 2 2 1 1 2623 7887 6009
12103 2 2 1 1 6614 7371 1657
12104 2 2 1 1 4683 7585 6403
12105 2 2 1 1 3581 7607 3507
12106 2 2 1 1 6339 7366 2533
12107 2 2 1 1 448 6424 1768
12108 2 2 1 1 6811 6812 1341
12109 2 2 1 1 1487 7680 6090
12110 2 2 1 1 5483 7917 7423
12111 2 2 1 1 1794 7825 1789
12112 2 2 1 1 1048 7911 1047
12113 2 2 1 1 230 3880 229
12114 2 2 1 1 1112 7491 1111
12115 2 2 1 1 1034 3615 1033
12116 2 2 1 1 5955 8042 5268
12117 2 2 1 1 245 2522 244
12118 2 2 1 1 1751 6561 5980
12119 2 2 1 1 6027 7926 2958
12120 2 2 1 1 1085 6225 1084
12121 2 2 1 1 2486 6451 431
12122 2 2 1 1 4218 7687 4517
12123 2 2 1 1 146 7377 145
12124 2 2 1 1 829 6749 828
12125 2 2 1 1 420 6447 1752
12126 2 2 1 1 4609 7391 4855
12127 2 2 1 1 6756 7437 3867
12128 2 2 1 1 6933 7997 5557
12129 2 2 1 1 6514 7375 7066
12130 2 2 1 1 1459 6978 5561
12131 2 2 1 1 739 6436 4206
12132 2 2 1 1 6010 7157 6483
12133 2 2 1 1 1533 8040 1535
12134 2 2 1 1 979 7914 978
12135 2 2 1 1 7547 7757 4939
12136 2 2 1 1 860 6679 859
12137 2 2 1 1 747 7915 746
12138 2 2 1 1 6794 7887 2623
12139 2 2 1 1 6782 6783 2238
12140 2 2 1 1 6188 6189 1350
12141 2 2 1 1 7197 7670 1940
12142 2 2 1 1 5626 7948 6308
12143 2 2 1 1 849 6728 848
12144 2 2 1 1 858 6722 857
12145 2 2 1 1 402 6690 401
12146 2 2 1 1 5086 6576 2981
12147 2 2 1 1 1513 7232 1511
12148 2 2 1 1 6694 7398 4040
12149 2 2 1 1 819 6702 818
12150 2 2 1 1 6934 6935 4479
12151 2 2 1 1 6619 7979 2604
12152 2 2 1 1 4280 7659 6522
12153 2 2 1 1 6560 6561 1751
12154 2 2 1 1 4653 7793 7072
12155 2 2 1 1 7193 7907 4483
12156 2 2 1 1 6557 6741 2540
12157 2 2 1 1 6766 6767 2237
12158 2 2 1 1 5286 7354 5285
12159 2 2 1 1 2828 7164 6257
12160 2 2 1 1 987 5008 3379
12161 2 2 1 1 6076 7601 1368
12162 2 2 1 1 4019 7949 6464
12163 2 2 1 1 409 6741 408
12164 2 2 1 1 6668 7809 3069
12165 2 2 1 1 6976 7911 4387
12166 2 2 1 1 2497 6484 456
12167 2 2 1 1 202 3890 201
12168 2 2 1 1 430 6451 1758
12169 2 2 1 1 4652 7348 6052
12170 2 2 1 1 6993 8066 5197
12171 2 2 1 1 208 6580 207
12172 2 2 1 1 7541 7833 5412
12173 2 2 1 1 195 4577 194
12174 2 2 1 1 1341 6737 6735
12175 2 2 1 1 995 7930 994
12176 2 2 1 1 1097 6046 1096
12177 2 2 1 1 6478 7478 6479
12178 2 2 1 1 2452 6424 449
12179 2 2 1 1 6054 7487 4212
12180 2 2 1 1 4483 7907 5864
12181 2 2 1 1 6170 8067 6159
12182 2 2 1 1 6024 6927 6025
12183 2 2 1 1 214 3876 213
12184 2 2 1 1 223 3874 222
12185 2 2 1 1 232 3881 231
12186 2 2 1 1 5012 7530 4510
12187 2 2 1 1 3411 7419 6382
12188 2 2 1 1 5863 7424 6278
12189 2 2 1 1 843 6711 842
12190 2 2 1 1 821 6725 820
12191 2 2 1 1 4767 4770 1335
12192 2 2 1 1 332 6903 331
12193 2 2 1 1 6007 7570 1681
12194 2 2 1 1 4829 8043 6696
12195 2 2 1 1 763 6458 2744
12196 2 2 1 1 1020 7943 1019
12197 2 2 1 1 3192 7895 7166
12198 2 2 1 1 260 3194 259
12199 2 2 1 1 4624 7679 4464
12200 2 2 1 1 247 3197 246
12201 2 2 1 1 1752 6495 419
12202 2 2 1 1 6491 7541 7196
12203 2 2 1 1 1090 7098 1089
12204 2 2 1 1 6097 7569 4283
12205 2 2 1 1 900 6686 899
12206 2 2 1 1 4462 7722 6245
12207 2 2 1 1 5012 8060 6037
12208 2 2 1 1 5829 7592 4687
12209 2 2 1 1 1398 7647 7543
12210 2 2 1 1 840 6753 839
12211 2 2 1 1 2974 6458 764
12212 2 2 1 1 874 6708 873
12213 2 2 1 1 7589 7619 5336
12214 2 2 1 1 2434 6244 476
12215 2 2 1 1 4436 6891 5730
12216 2 2 1 1 7007 7687 4218
12217 2 2 1 1 404 6730 403
12218 2 2 1 1 177 6524 176
12219 2 2 1 1 765 6468 2974
12220 2 2 1 1 3151 7579 3152
12221 2 2 1 1 190 4580 189
12222 2 2 1 1 917 6853 916
12223 2 2 1 1 5367 5368 2625
12224 2 2 1 1 1523 7350 1520
12225 2 2 1 1 3832 6574 3429
12226 2 2 1 1 862 6734 861
12227 2 2 1 1 465 7718 5627
12228 2 2 1 1 1010 1337 1009
12229 2 2 1 1 823 6748 822
12230 2 2 1 1 2431 7678 6591
12231 2 2 1 1 6721 7834 5708
12232 2 2 1 1 1002 1405 1001
12233 2 2 1 1 6333 8069 3546
12234 2 2 1 1 994 1375 993
12235 2 2 1 1 3661 7203 3342
12236 2 2 1 1 4268 7455 7131
12237 2 2 1 1 2745 6468 766
12238 2 2 1 1 450 6470 2452
12239 2 2 1 1 5837 7922 3975
12240 2 2 1 1 6817 6818 3122
12241 2 2 1 1 978 1338 977
12242 2 2 1 1 3336 7956 5991
12243 2 2 1 1 6805 7891 6806
12244 2 2 1 1 4538 4541 1342
12245 2 2 1 1 3484 7080 5326
12246 2 2 1 1 175 5596 174
12247 2 2 1 1 1019 1400 1018
12248 2 2 1 1 3230 7084 3736
12249 2 2 1 1 1767 7143 4553
12250 2 2 1 1 234 1385 233
12251 2 2 1 1 455 6484 2415
12252 2 2 1 1 736 6439 5815
12253 2 2 1 1 7184 7888 7058
12254 2 2 1 1 2665 7792 2663
12255 2 2 1 1 6841 7418 4678
12256 2 2 1 1 7115 7985 3763
12257 2 2 1 1 380 6766 379
12258 2 2 1 1 865 6811 864
12259 2 2 1 1 1028 1372 1027
12260 2 2 1 1 4767 7067 4770
12261 2 2 1 1 183 4444 182
12262 2 2 1 1 896 6808 895
12263 2 2 1 1 7231 7468 5901
12264 2 2 1 1 6210 6236 532
12265 2 2 1 1 6146 7545 4645
12266 2 2 1 1 6196 7442 1990
12267 2 2 1 1 6439 6440 5815
12268 2 2 1 1 3702 7084 3262
12269 2 2 1 1 6988 7419 3411
12270 2 2 1 1 350 6771 349
12271 2 2 1 1 4605 4607 4591
12272 2 2 1 1 5303 7706 7705
12273 2 2 1 1 1908 7808 1906
12274 2 2 1 1 845 6759 844
12275 2 2 1 1 4539 6615 831
12276 2 2 1 1 217 3877 216
12277 2 2 1 1 1029 8003 1028
12278 2 2 1 1 1011 8006 1010
12279 2 2 1 1 418 6495 2485
12280 2 2 1 1 830 6615 4537
12281 2 2 1 1 1079 1422 1078
12282 2 2 1 1 1084 1395 1083
12283 2 2 1 1 1089 1423 1088
12284 2 2 1 1 1074 1335 1073
12285 2 2 1 1 2415 6497 454
12286 2 2 1 1 166 3915 165
12287 2 2 1 1 5105 6157 6155
12288 2 2 1 1 5879 6861 6859
12289 2 2 1 1 888 6744 887
12290 2 2 1 1 5954 7545 6035
12291 2 2 1 1 770 6486 2747
12292 2 2 1 1 4257 7671 4255
12293 2 2 1 1 1095 1334 1094
12294 2 2 1 1 383 6782 382
12295 2 2 1 1 7369 8028 4171
12296 2 2 1 1 1060 1382 1059
12297 2 2 1 1 1041 1436 1040
12298 2 2 1 1 6828 6829 2059
12299 2 2 1 1 912 6825 911
12300 2 2 1 1 6308 7948 4085
12301 2 2 1 1 5101 7849 7214
12302 2 2 1 1 4076 7289 6992
12303 2 2 1 1 5710 7602 6501
12304 2 2 1 1 4491 7971 7167
12305 2 2 1 1 5517 7985 7115
12306 2 2 1 1 5011 7558 7334
12307 2 2 1 1 6009 7887 4061
12308 2 2 1 1 364 6827 363
12309 2 2 1 1 353 6793 352
12310 2 2 1 1 1766 6470 451
12311 2 2 1 1 914 6751 913
12312 2 2 1 1 168 3916 167
12313 2 2 1 1 2975 6486 771
12314 2 2 1 1 6377 7352 4415
12315 2 2 1 1 7599 7657 2134
12316 2 2 1 1 4593 4594 4590
12317 2 2 1 1 453 6497 2499
12318 2 2 1 1 6464 7949 4502
12319 2 2 1 1 86 6328 6327
12320 2 2 1 1 5902 7886 4139
12321 2 2 1 1 772 6496 2975
12322 2 2 1 1 7217 7218 4198
12323 2 2 1 1 4662 7745 3783
12324 2 2 1 1 1885 7909 1883
12325 2 2 1 1 5082 7975 7531
12326 2 2 1 1 7545 8026 4645
12327 2 2 1 1 133 1419 132
12328 2 2 1 1 6402 7585 4685
12329 2 2 1 1 7255 7256 6924
12330 2 2 1 1 3068 7041 7038
12331 2 2 1 1 1061 8028 1060
12332 2 2 1 1 137 1437 136
12333 2 2 1 1 1115 7536 1114
12334 2 2 1 1 154 1412 153
12335 2 2 1 1 141 1418 140
12336 2 2 1 1 4952 7427 7379
12337 2 2 1 1 7689 7869 3625
12338 2 2 1 1 3297 7839 3206
12339 2 2 1 1 171 7201 170
12340 2 2 1 1 161 4007 160
12341 2 2 1 1 1369 6496 773
12342 2 2 1 1 159 1428 158
12343 2 2 1 1 1993 7859 1803
12344 2 2 1 1 7862 7969 5657
12345 2 2 1 1 348 6835 347
12346 2 2 1 1 148 1417 147
12347 2 2 1 1 3344 7342 3123
12348 2 2 1 1 164 1411 163
12349 2 2 1 1 774 6503 1369
12350 2 2 1 1 156 4240 155
12351 2 2 1 1 6412 6413 1064
12352 2 2 1 1 235 8045 234
12353 2 2 1 1 219 3895 218
12354 2 2 1 1 5852 8019 6519
12355 2 2 1 1 6764 7349 6765
12356 2 2 1 1 3123 7342 3088
12357 2 2 1 1 6825 6826 3129
12358 2 2 1 1 173 1410 172
12359 2 2 1 1 5161 7870 5162
12360 2 2 1 1 358 6828 357
12361 2 2 1 1 7621 7766 4337
12362 2 2 1 1 391 6545 4316
12363 2 2 1 1 4801 7623 4802
12364 2 2 1 1 6349 7968 5781
12365 2 2 1 1 1698 7957 1618
12366 2 2 1 1 2727 6503 775
12367 2 2 1 1 905 6907 904
12368 2 2 1 1 5246 7490 6757
12369 2 2 1 1 5056 6643 2589
12370 2 2 1 1 776 6511 2727
12371 2 2 1 1 188 1394 187
12372 2 2 1 1 181 1409 180
12373 2 2 1 1 7093 7454 4696
12374 2 2 1 1 193 1429 192
12375 2 2 1 1 5789 7921 5790
12376 2 2 1 1 390 4316 2413
12377 2 2 1 1 6771 6772 2056
12378 2 2 1 1 1658 8051 1624
12379 2 2 1 1 2976 6511 777
12380 2 2 1 1 6533 7431 5070
12381 2 2 1 1 6069 7633 4924
12382 2 2 1 1 5971 7814 5150
12383 2 2 1 1 6866 6867 3558
12384 2 2 1 1 6798 6934 6732
12385 2 2 1 1 143 1525 142
12386 2 2 1 1 778 6516 2976
12387 2 2 1 1 3264 7113 3702
12388 2 2 1 1 6587 6598 6597
12389 2 2 1 1 3221 7937 3979
12390 2 2 1 1 6311 6698 1344
12391 2 2 1 1 100 1450 99
12392 2 2 1 1 3817 7622 6077
12393 2 2 1 1 103 1452 102
12394 2 2 1 1 6147 7501 5541
12395 2 2 1 1 106 1449 105
12396 2 2 1 1 6073 7546 6072
12397 2 2 1 1 211 1392 210
12398 2 2 1 1 6002 7511 4674
12399 2 2 1 1 2726 6516 779
12400 2 2 1 1 5310 7977 2406
12401 2 2 1 1 7276 7277 7275
12402 2 2 1 1 144 6833 143
12403 2 2 1 1 6547 7723 2710
12404 2 2 1 1 6961 7848 4246
12405 2 2 1 1 337 6855 336
12406 2 2 1 1 6663 7825 5650
12407 2 2 1 1 3696 7320 6433
12408 2 2 1 1 6851 6852 3127
12409 2 2 1 1 5931 7620 3678
12410 2 2 1 1 221 1386 220
12411 2 2 1 1 1065 6412 1064
12412 2 2 1 1 5554 7454 7093
12413 2 2 1 1 902 6817 901
12414 2 2 1 1 6727 7836 5977
12415 2 2 1 1 5327 7724 5326
12416 2 2 1 1 3456 7883 5753
12417 2 2 1 1 4644 7974 7503
12418 2 2 1 1 6357 7527 7173
12419 2 2 1 1 6169 7542 5157
12420 2 2 1 1 6895 7542 5577
12421 2 2 1 1 4214 7203 3661
12422 2 2 1 1 3626 7113 3266
12423 2 2 1 1 1104 6991 1103
12424 2 2 1 1 1796 8027 1996
12425 2 2 1 1 151 7281 150
12426 2 2 1 1 6336 7434 5146
12427 2 2 1 1 202 5270 3890
12428 2 2 1 1 7010 7766 4703
12429 2 2 1 1 98 1478 97
12430 2 2 1 1 3267 7744 4333
12431 2 2 1 1 6586 6588 2587
12432 2 2 1 1 1761 7761 6344
12433 2 2 1 1 4628 7776 6501
12434 2 2 1 1 6409 7465 2681
12435 2 2 1 1 6195 8000 7520
12436 2 2 1 1 685 6257 6256
12437 2 2 1 1 6069 7504 2961
12438 2 2 1 1 850 4605 4591
12439 2 2 1 1 882 7708 3010
12440 2 2 1 1 2062 7810 2065
12441 2 2 1 1 933 6883 932
12442 2 2 1 1 346 6888 345
12443 2 2 1 1 5328 7653 5327
12444 2 2 1 1 2861 7844 2815
12445 2 2 1 1 6737 6813 4626
12446 2 2 1 1 3746 7751 5648
12447 2 2 1 1 1472 7600 6878
12448 2 2 1 1 6219 6656 2423
12449 2 2 1 1 7495 7496 4824
12450 2 2 1 1 2773 5742 5741
12451 2 2 1 1 114 7596 113
12452 2 2 1 1 6819 7172 3543
12453 2 2 1 1 328 6863 327
12454 2 2 1 1 6231 7503 5593
12455 2 2 1 1 326 6877 325
12456 2 2 1 1 4289 7666 6162
12457 2 2 1 1 6301 6998 1408
12458 2 2 1 1 5245 7713 2259
12459 2 2 1 1 1102 6050 1101
12460 2 2 1 1 6930 7438 2827
12461 2 2 1 1 783 6551 2728
12462 2 2 1 1 3297 7998 7839
12463 2 2 1 1 7860 7863 4720
12464 2 2 1 1 3753 8061 5809
12465 2 2 1 1 6684 6685 6683
12466 2 2 1 1 4882 7636 7171
12467 2 2 1 1 7320 7571 6433
12468 2 2 1 1 2931 7527 6357
12469 2 2 1 1 3428 6574 3735
12470 2 2 1 1 109 1427 108
12471 2 2 1 1 5725 7620 5931
12472 2 2 1 1 3745 7410 6707
12473 2 2 1 1 1137 1332 1136
12474 2 2 1 1 4702 7611 7610
12475 2 2 1 1 1979 6746 6239
12476 2 2 1 1 415 6560 1751
12477 2 2 1 1 916 6851 915
12478 2 2 1 1 5075 7951 5071
12479 2 2 1 1 5362 6906 6870
12480 2 2 1 1 321 6946 320
12481 2 2 1 1 6519 8019 5818
12482 2 2 1 1 2187 6973 6972
12483 2 2 1 1 6876 6939 2123
12484 2 2 1 1 7196 7541 5212
12485 2 2 1 1 95 1451 94
12486 2 2 1 1 3342 7203 3344
12487 2 2 1 1 2628 3406 1358
12488 2 2 1 1 6895 7434 6336
12489 2 2 1 1 5489 5490 2634
12490 2 2 1 1 4488 7868 7077
12491 2 2 1 1 2979 6551 784
12492 2 2 1 1 7066 7375 4917
12493 2 2 1 1 952 6931 951
12494 2 2 1 1 5366 8038 6493
12495 2 2 1 1 3540 7998 3297
12496 2 2 1 1 6483 7526 4448
12497 2 2 1 1 5694 7554 4484
12498 2 2 1 1 92 1454 91
12499 2 2 1 1 6916 7344 4133
12500 2 2 1 1 2573 6688 810
12501 2 2 1 1 1508 7993 5273
12502 2 2 1 1 4627 7845 4302
12503 2 2 1 1 785 6563 2979
12504 2 2 1 1 1989 7919 6191
12505 2 2 1 1 5802 7061 4614
12506 2 2 1 1 1500 7175 1475
12507 2 2 1 1 1122 7539 1121
12508 2 2 1 1 7220 7822 4476
12509 2 2 1 1 6293 6354 699
12510 2 2 1 1 4102 7955 7381
12511 2 2 1 1 4390 8001 4392
12512 2 2 1 1 962 6914 961
12513 2 2 1 1 4859 7815 4861
12514 2 2 1 1 4804 5963 4795
12515 2 2 1 1 5358 7955 7271
12516 2 2 1 1 3106 7674 3655
12517 2 2 1 1 6438 7319 4202
12518 2 2 1 1 331 6902 330
12519 2 2 1 1 5446 7177 4305
12520 2 2 1 1 6570 7431 6533
12521 2 2 1 1 387 2531 2241
12522 2 2 1 1 3975 7922 5908
12523 2 2 1 1 5044 7771 6758
12524 2 2 1 1 7286 7287 4006
12525 2 2 1 1 483 6289 6288
12526 2 2 1 1 6699 6930 2827
12527 2 2 1 1 2729 6563 786
12528 2 2 1 1 5458 7382 4309
12529 2 2 1 1 6363 7475 5184
12530 2 2 1 1 6762 7641 4440
12531 2 2 1 1 7093 7803 6421
12532 2 2 1 1 2522 7385 7190
12533 2 2 1 1 809 6688 1363
12534 2 2 1 1 4830 7144 4828
12535 2 2 1 1 7079 7302 2864
12536 2 2 1 1 1399 7259 6634
12537 2 2 1 1 5409 6784 1357
12538 2 2 1 1 6282 7722 6243
12539 2 2 1 1 4485 6975 6928
12540 2 2 1 1 6999 7671 4257
12541 2 2 1 1 787 6576 2729
12542 2 2 1 1 3703 7189 3434
12543 2 2 1 1 6032 7897 4436
12544 2 2 1 1 6899 7196 5212
12545 2 2 1 1 6337 7464 2989
12546 2 2 1 1 7491 7492 4694
12547 2 2 1 1 5789 7770 3940
12548 2 2 1 1 1511 7232 5861
12549 2 2 1 1 6747 7028 4970
12550 2 2 1 1 2011 7448 7327
12551 2 2 1 1 6715 7440 4243
12552 2 2 1 1 121 7603 120
12553 2 2 1 1 3061 7809 6665
12554 2 2 1 1 2129 7472 6676
12555 2 2 1 1 3125 3362 3027
12556 2 2 1 1 796 6585 2587
12557 2 2 1 1 7297 8053 3558
12558 2 2 1 1 1995 7567 6262
12559 2 2 1 1 904 6905 903
12560 2 2 1 1 2981 6576 788
12561 2 2 1 1 4569 7762 6352
12562 2 2 1 1 6617 6621 6620
12563 2 2 1 1 1507 6795 1505
12564 2 2 1 1 7547 8030 7546
12565 2 2 1 1 4812 7912 7293
12566 2 2 1 1 5450 7909 7020
12567 2 2 1 1 2189 7707 7031
12568 2 2 1 1 7201 8009 4032
12569 2 2 1 1 2228 6696 396
12570 2 2 1 1 6345 7878 4298
12571 2 2 1 1 789 6594 2981
12572 2 2 1 1 6187 6995 6186
12573 2 2 1 1 793 6597 2590
12574 2 2 1 1 7136 7704 5420
12575 2 2 1 1 4951 7959 7136
12576 2 2 1 1 3162 7583 4523
12577 2 2 1 1 2994 7478 6478
12578 2 2 1 1 7078 7391 4609
12579 2 2 1 1 6983 7999 3854
12580 2 2 1 1 6508 7752 2481
12581 2 2 1 1 6379 6396 756
12582 2 2 1 1 4756 7363 6390
12583 2 2 1 1 4998 7763 4344
12584 2 2 1 1 2610 6585 797
12585 2 2 1 1 1135 1482 1134
12586 2 2 1 1 1501 1502 1493
12587 2 2 1 1 7459 7460 2831
12588 2 2 1 1 7047 7830 5958
12589 2 2 1 1 6761 7615 4220
12590 2 2 1 1 3734 5916 3833
12591 2 2 1 1 4212 7487 6821
12592 2 2 1 1 5740 7915 1415
12593 2 2 1 1 964 6912 963
12594 2 2 1 1 6863 6865 3439
12595 2 2 1 1 6654 7705 3159
12596 2 2 1 1 3432 7189 3626
12597 2 2 1 1 1139 1479 1138
12598 2 2 1 1 6835 6836 2672
12599 2 2 1 1 1681 7570 6913
12600 2 2 1 1 1345 6594 790
12601 2 2 1 1 853 7387 852
12602 2 2 1 1 1517 7358 1515
12603 2 2 1 1 798 6604 2610
12604 2 2 1 1 723 6376 6375
12605 2 2 1 1 2065 7810 7425
12606 2 2 1 1 6902 7037 3440
12607 2 2 1 1 4466 4468 4467
12608 2 2 1 1 6463 7515 6858
12609 2 2 1 1 1529 7376 1527
12610 2 2 1 1 137 5455 1437
12611 2 2 1 1 6936 7686 1471
12612 2 2 1 1 1759 7650 6429
12613 2 2 1 1 824 5367 2625
12614 2 2 1 1 6241 7668 4158
12615 2 2 1 1 6180 6710 2618
12616 2 2 1 1 4757 7971 4491
12617 2 2 1 1 5448 5561 4475
12618 2 2 1 1 847 4593 4590
12619 2 2 1 1 2897 7243 6022
12620 2 2 1 1 6073 7548 7547
12621 2 2 1 1 6707 7891 6805
12622 2 2 1 1 412 6622 1748
12623 2 2 1 1 5729 5730 4439
12624 2 2 1 1 6757 7490 3414
12625 2 2 1 1 117 7598 116
12626 2 2 1 1 7581 7582 6223
12627 2 2 1 1 6683 6685 3030
12628 2 2 1 1 960 7012 959
12629 2 2 1 1 2588 6604 799
12630 2 2 1 1 6522 7659 2754
12631 2 2 1 1 3212 7682 6814
12632 2 2 1 1 7158 7442 6196
12633 2 2 1 1 6530 7575 1915
12634 2 2 1 1 868 6620 2605
12635 2 2 1 1 3772 3773 3684
12636 2 2 1 1 7381 7955 4790
12637 2 2 1 1 6869 7493 3166
12638 2 2 1 1 297 6967 296
12639 2 2 1 1 7425 7556 2129
12640 2 2 1 1 5020 7574 6670
12641 2 2 1 1 4094 7682 3212
12642 2 2 1 1 3988 6582 6578
12643 2 2 1 1 428 6351 6350
12644 2 2 1 1 3088 7342 5880
12645 2 2 1 1 1367 7481 550
12646 2 2 1 1 5783 5784 5782
12647 2 2 1 1 280 6971 279
12648 2 2 1 1 800 6624 2588
12649 2 2 1 1 133 6871 1419
12650 2 2 1 1 6582 6583 6581
12651 2 2 1 1 4468 7597 3720
12652 2 2 1 1 6049 7316 6047
12653 2 2 1 1 1517 7372 7358
12654 2 2 1 1 4308 7828 5458
12655 2 2 1 1 1982 7323 7322
12656 2 2 1 1 5952 7686 6936
12657 2 2 1 1 4030 7047 7046
12658 2 2 1 1 7089 7090 5263
12659 2 2 1 1 7396 8013 4424
12660 2 2 1 1 6158 7651 5200
12661 2 2 1 1 5980 6558 1751
12662 2 2 1 1 6003 7700 4235
12663 2 2 1 1 3504 7970 3852
12664 2 2 1 1 4111 7813 4358
12665 2 2 1 1 6383 6436 740
12666 2 2 1 1 7186 7772 4298
12667 2 2 1 1 6178 7676 5178
12668 2 2 1 1 5904 6563 2729
12669 2 2 1 1 6921 8004 3613
12670 2 2 1 1 7257 7397 5910
12671 2 2 1 1 177 6525 6524
12672 2 2 1 1 5304 7842 5303
12673 2 2 1 1 2248 6780 367
12674 2 2 1 1 871 6618 2604
12675 2 2 1 1 3063 7809 3061
12676 2 2 1 1 6980 7219 4354
12677 2 2 1 1 299 6984 298
12678 2 2 1 1 1748 6680 411
12679 2 2 1 1 4985 7571 7320
12680 2 2 1 1 1389 6799 394
12681 2 2 1 1 5400 7651 6158
12682 2 2 1 1 2613 6624 801
12683 2 2 1 1 1532 7376 1529
12684 2 2 1 1 2637 7515 6463
12685 2 2 1 1 282 6990 281
12686 2 2 1 1 972 7082 971
12687 2 2 1 1 3511 7724 7069
12688 2 2 1 1 6344 7426 1355
12689 2 2 1 1 761 6417 6415
12690 2 2 1 1 2236 6750 375
12691 2 2 1 1 931 7073 930
12692 2 2 1 1 295 7029 294
12693 2 2 1 1 2713 7677 6627
12694 2 2 1 1 4580 7238 4581
12695 2 2 1 1 3550 7619 6475
12696 2 2 1 1 1133 1439 1132
12697 2 2 1 1 885 6630 3007
12698 2 2 1 1 4522 6831 6300
12699 2 2 1 1 2605 6719 867
12700 2 2 1 1 802 6643 2613
12701 2 2 1 1 6857 7569 5249
12702 2 2 1 1 4938 8020 7757
12703 2 2 1 1 5086 6577 6576
12704 2 2 1 1 4398 6598 6588
12705 2 2 1 1 3829 7687 7007
12706 2 2 1 1 942 7002 941
12707 2 2 1 1 2712 7707 4779
12708 2 2 1 1 5263 7090 5264
12709 2 2 1 1 7002 7003 3834
12710 2 2 1 1 7544 7811 5218
12711 2 2 1 1 5388 7877 5389
12712 2 2 1 1 1489 6801 1440
12713 2 2 1 1 1518 7232 1513
12714 2 2 1 1 7163 8018 3453
12715 2 2 1 1 6536 7980 6537
12716 2 2 1 1 2693 7710 7398
12717 2 2 1 1 814 6648 2570
12718 2 2 1 1 7024 7464 6337
12719 2 2 1 1 399 6646 2230
12720 2 2 1 1 1141 1438 1140
12721 2 2 1 1 827 4538 1342
12722 2 2 1 1 6870 7578 907
12723 2 2 1 1 7704 7959 2532
12724 2 2 1 1 301 7005 300
12725 2 2 1 1 5056 6644 6643
12726 2 2 1 1 284 7008 283
12727 2 2 1 1 2573 7495 4824
12728 2 2 1 1 2923 7470 622
12729 2 2 1 1 7055 7261 4853
12730 2 2 1 1 6953 7775 3595
12731 2 2 1 1 4290 7512 6589
12732 2 2 1 1 4537 6749 829
12733 2 2 1 1 6126 7654 2868
12734 2 2 1 1 2589 6643 803
12735 2 2 1 1 1337 7244 1009
12736 2 2 1 1 7170 7980 6489
12737 2 2 1 1 2413 6693 389
12738 2 2 1 1 1397 6815 854
12739 2 2 1 1 5002 7760 6660
12740 2 2 1 1 4032 8009 7986
12741 2 2 1 1 6914 6915 4120
12742 2 2 1 1 1024 7349 3512
12743 2 2 1 1 4746 7499 7147
12744 2 2 1 1 3453 8018 6423
12745 2 2 1 1 4202 7319 4203
12746 2 2 1 1 6867 7297 3558
12747 2 2 1 1 6489 7980 6536
12748 2 2 1 1 1063 6413 6411
12749 2 2 1 1 944 7021 943
12750 2 2 1 1 6279 6951 2432
12751 2 2 1 1 3771 7662 6634
12752 2 2 1 1 5340 8024 6419
12753 2 2 1 1 5296 7390 4540
12754 2 2 1 1 3313 3314 3310
12755 2 2 1 1 804 6664 2589
12756 2 2 1 1 2615 6648 815
12757 2 2 1 1 286 7031 285
12758 2 2 1 1 2010 7431 6570
12759 2 2 1 1 3526 8013 7396
12760 2 2 1 1 4744 7853 7834
12761 2 2 1 1 5561 6978 5449
12762 2 2 1 1 303 7033 302
12763 2 2 1 1 90 4872 89
12764 2 2 1 1 5151 7676 6178
12765 2 2 1 1 410 6680 2540
12766 2 2 1 1 2831 7623 7459
12767 2 2 1 1 4685 7585 4682
12768 2 2 1 1 6165 7649 2844
12769 2 2 1 1 254 7128 253
12770 2 2 1 1 6396 7273 2972
12771 2 2 1 1 5011 7334 991
12772 2 2 1 1 6225 7102 6222
12773 2 2 1 1 2530 6646 400
12774 2 2 1 1 7129 7384 6598
12775 2 2 1 1 5081 7386 5082
12776 2 2 1 1 4357 7350 1523
12777 2 2 1 1 6235 6956 1980
12778 2 2 1 1 5193 7541 6491
12779 2 2 1 1 816 6675 2615
12780 2 2 1 1 6689 7516 3233
12781 2 2 1 1 2616 6664 805
12782 2 2 1 1 7136 7959 7704
12783 2 2 1 1 4443 7703 7248
12784 2 2 1 1 288 7039 287
12785 2 2 1 1 5534 7826 4466
12786 2 2 1 1 7463 7949 5876
12787 2 2 1 1 2485 7444 6494
12788 2 2 1 1 5609 7383 7075
12789 2 2 1 1 388 6693 2531
12790 2 2 1 1 2611 6618 872
12791 2 2 1 1 4591 6728 849
12792 2 2 1 1 359 5489 2634
12793 2 2 1 1 4517 7754 6092
12794 2 2 1 1 305 7043 304
12795 2 2 1 1 4954 6389 4513
12796 2 2 1 1 6224 7581 6223
12797 2 2 1 1 859 6679 2619
12798 2 2 1 1 6121 7686 5953
12799 2 2 1 1 791 6600 1345
12800 2 2 1 1 6549 7382 1442
12801 2 2 1 1 981 7076 980
12802 2 2 1 1 4810 7293 7245
12803 2 2 1 1 3417 8068 3247
12804 2 2 1 1 2619 6722 858
12805 2 2 1 1 6162 7666 2869
12806 2 2 1 1 6338 7704 2532
12807 2 2 1 1 267 7070 266
12808 2 2 1 1 7015 7798 3349
12809 2 2 1 1 5401 7780 7220
12810 2 2 1 1 7516 7834 6721
12811 2 2 1 1 1131 1485 1130
12812 2 2 1 1 2571 6675 817
12813 2 2 1 1 1983 7946 7311
12814 2 2 1 1 5303 7842 6917
12815 2 2 1 1 5165 8042 5955
12816 2 2 1 1 339 6177 5080
12817 2 2 1 1 5058 7162 2516
12818 2 2 1 1 2540 6741 409
12819 2 2 1 1 401 6690 2530
12820 2 2 1 1 7197 7923 5525
12821 2 2 1 1 5424 7549 7483
12822 2 2 1 1 4776 6315 6314
12823 2 2 1 1 866 6719 2612
12824 2 2 1 1 7178 7365 2068
12825 2 2 1 1 6799 6800 6546
12826 2 2 1 1 307 7064 306
12827 2 2 1 1 983 7032 982
12828 2 2 1 1 4573 7872 1355
12829 2 2 1 1 338 5080 3312
12830 2 2 1 1 3233 7516 6721
12831 2 2 1 1 6535 7675 2671
12832 2 2 1 1 8012 8013 6374
12833 2 2 1 1 818 6702 2571
12834 2 2 1 1 7072 8039 4653
12835 2 2 1 1 6165 7666 3523
12836 2 2 1 1 4681 6402 6399
12837 2 2 1 1 3910 6232 3911
12838 2 2 1 1 894 3125 3027
12839 2 2 1 1 1007 7089 1006
12840 2 2 1 1 7757 8020 4937
12841 2 2 1 1 5977 7836 6939
12842 2 2 1 1 899 6686 3032
12843 2 2 1 1 1107 1387 1106
12844 2 2 1 1 3118 6630 886
12845 2 2 1 1 4206 6436 6385
12846 2 2 1 1 7005 7006 2083
12847 2 2 1 1 257 7162 256
12848 2 2 1 1 2726 7604 6516
12849 2 2 1 1 6815 7387 853
12850 2 2 1 1 4811 8018 7163
12851 2 2 1 1 1515 7358 1518
12852 2 2 1 1 6802 6803 4750
12853 2 2 1 1 6232 7524 5828
12854 2 2 1 1 857 6722 2602
12855 2 2 1 1 3704 7978 4514
12856 2 2 1 1 362 2628 1358
12857 2 2 1 1 6408 8031 4993
12858 2 2 1 1 3267 8005 7744
12859 2 2 1 1 5723 7295 4826
12860 2 2 1 1 2620 6679 860
12861 2 2 1 1 848 6728 4593
12862 2 2 1 1 2617 6702 819
12863 2 2 1 1 6592 7052 5615
12864 2 2 1 1 1971 7817 6286
12865 2 2 1 1 4888 7765 6441
12866 2 2 1 1 229 7183 228
12867 2 2 1 1 6593 7661 4281
12868 2 2 1 1 6325 7720 2978
12869 2 2 1 1 7393 8029 3685
12870 2 2 1 1 6159 8067 4473
12871 2 2 1 1 4490 7890 7326
12872 2 2 1 1 842 6711 4597
12873 2 2 1 1 2535 6690 402
12874 2 2 1 1 1494 7303 1495
12875 2 2 1 1 4410 7779 7452
12876 2 2 1 1 4874 4986 4389
12877 2 2 1 1 1334 7627 7097
12878 2 2 1 1 873 6708 2611
12879 2 2 1 1 7336 7370 5545
12880 2 2 1 1 3847 7277 7276
12881 2 2 1 1 6344 7761 7426
12882 2 2 1 1 3010 7709 6955
12883 2 2 1 1 6421 7802 4427
12884 2 2 1 1 1079 7429 1422
12885 2 2 1 1 597 6186 5309
12886 2 2 1 1 2434 6282 6243
12887 2 2 1 1 828 6749 4538
12888 2 2 1 1 3957 7867 6347
12889 2 2 1 1 1502 7854 1493
12890 2 2 1 1 7744 8005 4991
12891 2 2 1 1 820 6725 2617
12892 2 2 1 1 971 7081 970
12893 2 2 1 1 5706 6903 1390
12894 2 2 1 1 408 6741 1749
12895 2 2 1 1 5240 7225 3876
12896 2 2 1 1 6252 7849 5101
12897 2 2 1 1 7038 7562 3069
12898 2 2 1 1 581 6192 4253
12899 2 2 1 1 6854 7533 4701
12900 2 2 1 1 1076 7773 1075
12901 2 2 1 1 445 7143 1767
12902 2 2 1 1 6910 7783 2085
12903 2 2 1 1 6239 6746 5435
12904 2 2 1 1 6256 6982 2826
12905 2 2 1 1 1436 7255 1040
12906 2 2 1 1 7274 7276 7275
12907 2 2 1 1 1475 7175 6008
12908 2 2 1 1 6494 6560 416
12909 2 2 1 1 1129 1406 1128
12910 2 2 1 1 4360 7920 5872
12911 2 2 1 1 4977 8063 8038
12912 2 2 1 1 403 6730 2535
12913 2 2 1 1 861 6734 2620
12914 2 2 1 1 5193 7833 7541
12915 2 2 1 1 2612 6811 865
12916 2 2 1 1 7029 7030 2698
12917 2 2 1 1 2572 6725 821
12918 2 2 1 1 4504 7506 7178
12919 2 2 1 1 5786 7921 5788
12920 2 2 1 1 5329 7865 6745
12921 2 2 1 1 3925 7892 5004
12922 2 2 1 1 6578 7738 3988
12923 2 2 1 1 583 7896 1374
12924 2 2 1 1 6212 7785 1991
12925 2 2 1 1 1145 7982 5782
12926 2 2 1 1 7008 7009 2188
12927 2 2 1 1 2004 7696 6543
12928 2 2 1 1 3030 6808 896
12929 2 2 1 1 265 7142 264
12930 2 2 1 1 4598 6711 843
12931 2 2 1 1 5262 7089 1007
12932 2 2 1 1 7277 7282 7279
12933 2 2 1 1 6493 8038 4979
12934 2 2 1 1 4823 7593 5995
12935 2 2 1 1 839 6753 4596
12936 2 2 1 1 7769 7826 1524
12937 2 2 1 1 822 6748 2572
12938 2 2 1 1 4752 7775 6953
12939 2 2 1 1 112 1453 111
12940 2 2 1 1 3430 3734 3426
12941 2 2 1 1 1036 7210 1035
12942 2 2 1 1 7214 7849 2660
12943 2 2 1 1 6939 7525 2123
12944 2 2 1 1 7134 7135 4345
12945 2 2 1 1 5306 7747 6995
12946 2 2 1 1 4298 7878 7186
12947 2 2 1 1 7424 7436 6278
12948 2 2 1 1 925 3772 3684
12949 2 2 1 1 6356 6372 2970
12950 2 2 1 1 216 7224 215
12951 2 2 1 1 4079 7440 6715
12952 2 2 1 1 6151 7797 6886
12953 2 2 1 1 3309 7975 7292
12954 2 2 1 1 5327 7080 3825
12955 2 2 1 1 7221 7475 6363
12956 2 2 1 1 2238 6769 381
12957 2 2 1 1 887 6744 3118
12958 2 2 1 1 1110 1456 1109
12959 2 2 1 1 7030 7338 5618
12960 2 2 1 1 1356 6733 405
12961 2 2 1 1 2625 6748 823
12962 2 2 1 1 335 3313 3310
12963 2 2 1 1 4398 7129 6598
12964 2 2 1 1 3039 6825 912
12965 2 2 1 1 4246 7848 6992
12966 2 2 1 1 253 7126 252
12967 2 2 1 1 7429 7430 1422
12968 2 2 1 1 2058 6773 351
12969 2 2 1 1 7398 7469 4040
12970 2 2 1 1 379 6766 2237
12971 2 2 1 1 2614 7816 6480
12972 2 2 1 1 7177 7660 4306
12973 2 2 1 1 2618 6708 874
12974 2 2 1 1 6029 7246 2923
12975 2 2 1 1 844 6759 4598
12976 2 2 1 1 6559 7568 4347
12977 2 2 1 1 913 6751 3039
12978 2 2 1 1 6745 7865 3863
12979 2 2 1 1 105 7927 104
12980 2 2 1 1 2478 7729 7074
12981 2 2 1 1 3876 7225 213
12982 2 2 1 1 349 6771 2056
12983 2 2 1 1 5525 7670 7197
12984 2 2 1 1 2247 6827 364
12985 2 2 1 1 4476 7822 6550
12986 2 2 1 1 926 6635 3772
12987 2 2 1 1 192 7240 191
12988 2 2 1 1 1341 6735 863
12989 2 2 1 1 3122 6686 900
12990 2 2 1 1 6806 7891 2132
12991 2 2 1 1 7262 7263 4640
12992 2 2 1 1 1357 6784 384
12993 2 2 1 1 1522 7769 7282
12994 2 2 1 1 6023 7243 4918
12995 2 2 1 1 163 7287 162
12996 2 2 1 1 1527 7376 4357
12997 2 2 1 1 7037 7165 3440
12998 2 2 1 1 4861 7815 7331
12999 2 2 1 1 1004 7185 1003
13000 2 2 1 1 974 7134 973
13001 2 2 1 1 1127 1488 1126
13002 2 2 1 1 125 6859 124
13003 2 2 1 1 7309 7864 5252
13004 2 2 1 1 4007 7286 4238
13005 2 2 1 1 1738 7671 6999
13006 2 2 1 1 382 6782 2238
13007 2 2 1 1 89 8049 88
13008 2 2 1 1 1031 7139 1030
13009 2 2 1 1 5898 7462 4783
13010 2 2 1 1 7379 7427 2016
13011 2 2 1 1 6886 7797 5999
13012 2 2 1 1 1422 7252 1078
13013 2 2 1 1 1402 7529 6355
13014 2 2 1 1 2056 6835 348
13015 2 2 1 1 4307 6934 6798
13016 2 2 1 1 864 6811 1341
13017 2 2 1 1 895 6808 3125
13018 2 2 1 1 352 6793 2058
13019 2 2 1 1 6358 7935 2624
13020 2 2 1 1 7608 7902 3766
13021 2 2 1 1 5308 7746 5307
13022 2 2 1 1 2604 7979 6617
13023 2 2 1 1 6843 7712 5222
13024 2 2 1 1 5828 7367 6232
13025 2 2 1 1 226 7153 225
13026 2 2 1 1 237 7192 236
13027 2 2 1 1 1013 7151 1012
13028 2 2 1 1 102 7306 101
13029 2 2 1 1 6245 7722 6242
13030 2 2 1 1 2846 7513 6153
13031 2 2 1 1 3953 7788 6655
13032 2 2 1 1 2125 7435 7085
13033 2 2 1 1 3244 6876 315
13034 2 2 1 1 7112 7579 3151
13035 2 2 1 1 2632 6793 353
13036 2 2 1 1 1365 6759 845
13037 2 2 1 1 1650 7903 6623
13038 2 2 1 1 3882 7458 3881
13039 2 2 1 1 985 7130 984
13040 2 2 1 1 393 6799 6546
13041 2 2 1 1 242 7166 241
13042 2 2 1 1 256 7160 255
13043 2 2 1 1 3164 7697 6647
13044 2 2 1 1 1980 7711 541
13045 2 2 1 1 2979 7862 6551
13046 2 2 1 1 4176 7952 4175
13047 2 2 1 1 5752 7120 4176
13048 2 2 1 1 6202 7229 6206
13049 2 2 1 1 4808 7460 7459
13050 2 2 1 1 2425 7212 6248
13051 2 2 1 1 911 6825 3129
13052 2 2 1 1 6498 7669 2635
13053 2 2 1 1 4327 6698 4671
13054 2 2 1 1 1364 7688 515
13055 2 2 1 1 363 6827 2628
13056 2 2 1 1 1975 7540 558
13057 2 2 1 1 6778 7811 1993
13058 2 2 1 1 2386 6199 4891
13059 2 2 1 1 228 7182 227
13060 2 2 1 1 1347 6376 724
13061 2 2 1 1 4649 7751 6908
13062 2 2 1 1 6558 6622 413
13063 2 2 1 1 7074 7669 6498
13064 2 2 1 1 5605 7997 6933
13065 2 2 1 1 1033 7180 1032
13066 2 2 1 1 6587 6597 794
13067 2 2 1 1 3032 7168 6684
13068 2 2 1 1 3738 7144 4896
13069 2 2 1 1 1015 7187 1014
13070 2 2 1 1 5312 5313 1492
13071 2 2 1 1 6135 6361 5385
13072 2 2 1 1 6078 6793 2632
13073 2 2 1 1 207 7179 206
13074 2 2 1 1 4832 7185 6909
13075 2 2 1 1 1113 1420 1112
13076 2 2 1 1 7456 7972 7315
13077 2 2 1 1 244 7190 243
13078 2 2 1 1 2421 7630 6213
13079 2 2 1 1 1359 6940 342
13080 2 2 1 1 6090 7680 7235
13081 2 2 1 1 224 7226 223
13082 2 2 1 1 4404 7840 6845
13083 2 2 1 1 357 6828 2059
13084 2 2 1 1 7510 7511 4673
13085 2 2 1 1 1761 7762 7761
13086 2 2 1 1 3126 6744 888
13087 2 2 1 1 5341 5342 5266
13088 2 2 1 1 5243 7417 7410
13089 2 2 1 1 5342 7298 5266
13090 2 2 1 1 1489 6802 6801
13091 2 2 1 1 1608 7436 7424
13092 2 2 1 1 3706 7978 3704
13093 2 2 1 1 5919 7251 377
13094 2 2 1 1 2532 7959 6340
13095 2 2 1 1 6617 7979 6621
13096 2 2 1 1 3380 7558 5009
13097 2 2 1 1 2634 6828 358
13098 2 2 1 1 4426 7453 6512
13099 2 2 1 1 1394 7299 187
13100 2 2 1 1 1125 1440 1124
13101 2 2 1 1 6696 8043 1389
13102 2 2 1 1 347 6835 2672
13103 2 2 1 1 6454 7912 3252
13104 2 2 1 1 4987 8014 7365
13105 2 2 1 1 2007 7923 7197
13106 2 2 1 1 259 7205 258
13107 2 2 1 1 901 6817 3122
13108 2 2 1 1 231 7207 230
13109 2 2 1 1 1091 7233 1090
13110 2 2 1 1 8003 8004 7613
13111 2 2 1 1 4243 8005 6638
13112 2 2 1 1 3127 6751 914
13113 2 2 1 1 6644 7799 2613
13114 2 2 1 1 246 7208 245
13115 2 2 1 1 5054 7926 7601
13116 2 2 1 1 4626 7423 6736
13117 2 2 1 1 1412 7274 153
13118 2 2 1 1 2426 7695 7289
13119 2 2 1 1 1035 7209 1034
13120 2 2 1 1 3312 6855 337
13121 2 2 1 1 5946 7736 615
13122 2 2 1 1 3593 6885 923
13123 2 2 1 1 1428 7288 158
13124 2 2 1 1 3202 8052 6346
13125 2 2 1 1 1982 7322 6226
13126 2 2 1 1 5698 5699 1506
13127 2 2 1 1 6413 6414 6411
13128 2 2 1 1 4354 7956 6980
13129 2 2 1 1 1418 7283 140
13130 2 2 1 1 1368 7601 6027
13131 2 2 1 1 1974 7594 555
13132 2 2 1 1 195 6592 4577
13133 2 2 1 1 6887 7913 6941
13134 2 2 1 1 7198 8009 1410
13135 2 2 1 1 3913 7065 6691
13136 2 2 1 1 215 7223 214
13137 2 2 1 1 7496 7497 4822
13138 2 2 1 1 2955 7968 6349
13139 2 2 1 1 6617 6620 869
13140 2 2 1 1 7100 7581 6224
13141 2 2 1 1 825 6810 5367
13142 2 2 1 1 1417 7290 147
13143 2 2 1 1 2715 8037 6614
13144 2 2 1 1 1360 6943 322
13145 2 2 1 1 184 7247 183
13146 2 2 1 1 6106 7984 6272
13147 2 2 1 1 3769 6883 933
13148 2 2 1 1 1521 7826 7769
13149 2 2 1 1 3426 7647 949
13150 2 2 1 1 7161 7858 2515
13151 2 2 1 1 191 7237 190
13152 2 2 1 1 6144 7895 5434
13153 2 2 1 1 2672 6888 346
13154 2 2 1 1 7327 7448 6667
13155 2 2 1 1 336 6855 3313
13156 2 2 1 1 1961 7965 6535
13157 2 2 1 1 7572 7573 4716
13158 2 2 1 1 3818 8021 7273
13159 2 2 1 1 7389 7646 879
13160 2 2 1 1 6947 7995 4723
13161 2 2 1 1 4608 7673 5429
13162 2 2 1 1 717 7801 5348
13163 2 2 1 1 6783 7918 6768
13164 2 2 1 1 1116 1458 1115
13165 2 2 1 1 7293 7912 6454
13166 2 2 1 1 6727 7726 4142
13167 2 2 1 1 5934 7925 6281
13168 2 2 1 1 7401 7402 4460
13169 2 2 1 1 1123 1490 1122
13170 2 2 1 1 4681 6403 6402
13171 2 2 1 1 6981 7910 4834
13172 2 2 1 1 7802 7803 2017
13173 2 2 1 1 5698 7330 5699
13174 2 2 1 1 162 7285 161
13175 2 2 1 1 7530 7534 4510
13176 2 2 1 1 7546 8030 5055
13177 2 2 1 1 1522 7282 7280
13178 2 2 1 1 2057 7913 6887
13179 2 2 1 1 4696 7803 7093
13180 2 2 1 1 5896 7953 5897
13181 2 2 1 1 7235 7680 4311
13182 2 2 1 1 1374 7871 6192
13183 2 2 1 1 950 3430 3426
13184 2 2 1 1 1437 7272 136
13185 2 2 1 1 327 6863 3439
13186 2 2 1 1 5084 7384 7129
13187 2 2 1 1 6092 7754 3529
13188 2 2 1 1 3439 6877 326
13189 2 2 1 1 5263 5264 4833
13190 2 2 1 1 915 6851 3127
13191 2 2 1 1 5029 7798 7015
13192 2 2 1 1 5723 7560 4827
13193 2 2 1 1 7725 8033 6756
13194 2 2 1 1 101 7305 100
13195 2 2 1 1 104 7307 103
13196 2 2 1 1 4166 7606 5539
13197 2 2 1 1 8033 8069 3584
13198 2 2 1 1 6537 7980 5025
13199 2 2 1 1 8038 8063 4979
13200 2 2 1 1 125 6860 6859
13201 2 2 1 1 4672 7511 7510
13202 2 2 1 1 932 6883 3770
13203 2 2 1 1 3428 6931 952
13204 2 2 1 1 7160 7161 2515
13205 2 2 1 1 345 6888 2057
13206 2 2 1 1 325 6877 3438
13207 2 2 1 1 852 7387 4774
13208 2 2 1 1 406 6739 1356
13209 2 2 1 1 3130 6817 902
13210 2 2 1 1 6638 8005 3267
13211 2 2 1 1 1478 7318 97
13212 2 2 1 1 1779 7718 466
13213 2 2 1 1 1355 7872 424
13214 2 2 1 1 320 6946 6944
13215 2 2 1 1 1118 1491 1117
13216 2 2 1 1 4800 6354 6294
13217 2 2 1 1 5017 7464 7024
13218 2 2 1 1 5375 7556 7425
13219 2 2 1 1 6920 6922 6919
13220 2 2 1 1 3440 6864 329
13221 2 2 1 1 4873 6328 87
13222 2 2 1 1 2421 7631 7630
13223 2 2 1 1 1394 7300 7299
13224 2 2 1 1 3440 7165 6864
13225 2 2 1 1 751 7701 5743
13226 2 2 1 1 554 7594 5761
13227 2 2 1 1 7834 7853 4503
13228 2 2 1 1 5871 6208 2420
13229 2 2 1 1 5455 6552 1437
13230 2 2 1 1 3992 7462 7112
13231 2 2 1 1 7687 7754 4517
13232 2 2 1 1 6416 8012 2746
13233 2 2 1 1 7279 7282 1524
13234 2 2 1 1 122 6861 1425
13235 2 2 1 1 6735 6737 6736
13236 2 2 1 1 1008 7244 5262
13237 2 2 1 1 837 6755 1396
13238 2 2 1 1 3007 7893 884
13239 2 2 1 1 4235 7721 3970
13240 2 2 1 1 922 6885 3591
13241 2 2 1 1 1373 7838 706
13242 2 2 1 1 4038 7929 6678
13243 2 2 1 1 4806 7459 4801
13244 2 2 1 1 6010 7898 7157
13245 2 2 1 1 6939 7836 4143
13246 2 2 1 1 7026 7847 4331
13247 2 2 1 1 6232 7367 3911
13248 2 2 1 1 5599 7823 6957
13249 2 2 1 1 6943 6946 321
13250 2 2 1 1 7351 7508 4534
13251 2 2 1 1 6848 7525 6846
13252 2 2 1 1 6846 7525 4143
13253 2 2 1 1 4765 6983 3854
13254 2 2 1 1 1427 7329 108
13255 2 2 1 1 5006 6907 1381
13256 2 2 1 1 6537 7928 5032
13257 2 2 1 1 7514 7933 4418
13258 2 2 1 1 7280 7282 7277
13259 2 2 1 1 4744 7834 7516
13260 2 2 1 1 2122 6965 310
13261 2 2 1 1 2774 7701 752
13262 2 2 1 1 7311 7946 4908
13263 2 2 1 1 330 6902 3440
13264 2 2 1 1 5713 7445 4536
13265 2 2 1 1 360 6840 5489
13266 2 2 1 1 1451 7332 94
13267 2 2 1 1 1976 7586 6209
13268 2 2 1 1 1120 1333 1119
13269 2 2 1 1 3421 8065 7034
13270 2 2 1 1 7176 7591 3254
13271 2 2 1 1 4355 7656 7219
13272 2 2 1 1 1105 7313 1104
13273 2 2 1 1 4766 7773 1076
13274 2 2 1 1 7343 7731 2327
13275 2 2 1 1 404 6733 6730
13276 2 2 1 1 4118 6914 962
13277 2 2 1 1 961 6914 4120
13278 2 2 1 1 115 1426 114
13279 2 2 1 1 118 1459 117
13280 2 2 1 1 7388 7903 1650
13281 2 2 1 1 5347 7801 6369
13282 2 2 1 1 1419 7267 132
13283 2 2 1 1 122 1425 121
13284 2 2 1 1 7394 7779 4410
13285 2 2 1 1 951 6931 3430
13286 2 2 1 1 862 6735 6734
13287 2 2 1 1 128 1424 127
13288 2 2 1 1 6302 6303 4387
13289 2 2 1 1 6550 7822 7241
13290 2 2 1 1 903 6905 3130
13291 2 2 1 1 7039 7706 2189
13292 2 2 1 1 380 6769 6766
13293 2 2 1 1 6375 7360 1474
13294 2 2 1 1 7367 7509 3911
13295 2 2 1 1 1415 7915 747
13296 2 2 1 1 6423 8018 7245
13297 2 2 1 1 4365 7582 7581
13298 2 2 1 1 6630 6970 3007
13299 2 2 1 1 7982 8049 4872
13300 2 2 1 1 1390 6903 332
13301 2 2 1 1 5307 7746 6777
13302 2 2 1 1 7084 7759 3736
13303 2 2 1 1 4579 7239 7238
13304 2 2 1 1 7459 7623 4801
13305 2 2 1 1 6970 7577 4050
13306 2 2 1 1 350 6773 6771
13307 2 2 1 1 7104 7233 7099
13308 2 2 1 1 5435 7323 7294
13309 2 2 1 1 4306 7660 7258
13310 2 2 1 1 5309 7747 5308
13311 2 2 1 1 4768 8050 3853
13312 2 2 1 1 7109 7110 4437
13313 2 2 1 1 7173 7527 4936
13314 2 2 1 1 6798 7395 4307
13315 2 2 1 1 5025 7980 7170
13316 2 2 1 1 7531 7975 4063
13317 2 2 1 1 6995 7747 5309
13318 2 2 1 1 7416 8067 2982
13319 2 2 1 1 6295 7018 4800
13320 2 2 1 1 383 6784 6782
13321 2 2 1 1 7425 7810 5375
13322 2 2 1 1 963 6912 4118
13323 2 2 1 1 1348 6094 6091
13324 2 2 1 1 6713 6753 840
13325 2 2 1 1 4980 7875 6842
13326 2 2 1 1 7938 7942 3889
13327 2 2 1 1 7112 7462 5898
13328 2 2 1 1 3736 7793 7083
13329 2 2 1 1 340 6942 6177
13330 2 2 1 1 6558 7691 6622
13331 2 2 1 1 1691 7475 7221
13332 2 2 1 1 4031 5958 1436
13333 2 2 1 1 6374 8013 5045
13334 2 2 1 1 3831 7346 3832
13335 2 2 1 1 2451 7804 6740
13336 2 2 1 1 6813 7563 4626
13337 2 2 1 1 3127 7850 6751
13338 2 2 1 1 7222 8000 2350
13339 2 2 1 1 4736 7995 6947
13340 2 2 1 1 4120 7012 960
13341 2 2 1 1 3913 7938 7065
13342 2 2 1 1 7188 7776 4628
13343 2 2 1 1 7410 7891 6707
13344 2 2 1 1 3770 7073 931
13345 2 2 1 1 6424 6471 5994
13346 2 2 1 1 4581 7300 1394
13347 2 2 1 1 4641 6813 6812
13348 2 2 1 1 6795 7175 1505
13349 2 2 1 1 3128 6853 917
13350 2 2 1 1 5219 7811 6778
13351 2 2 1 1 4149 7641 6762
13352 2 2 1 1 1966 7533 6249
13353 2 2 1 1 5591 7787 3338
13354 2 2 1 1 4980 7991 7875
13355 2 2 1 1 5008 7635 3379
13356 2 2 1 1 6679 7917 2619
13357 2 2 1 1 6851 8041 6852
13358 2 2 1 1 1493 7854 1503
13359 2 2 1 1 2406 7977 6194
13360 2 2 1 1 1147 7639 1468
13361 2 2 1 1 3912 7818 7157
13362 2 2 1 1 6846 7528 4144
13363 2 2 1 1 6187 6189 4477
13364 2 2 1 1 3089 8039 7072
13365 2 2 1 1 3867 7437 7137
13366 2 2 1 1 7106 7933 7514
13367 2 2 1 1 909 6824 3038
13368 2 2 1 1 6432 7473 2497
13369 2 2 1 1 5025 7928 6537
13370 2 2 1 1 4821 7497 7496
13371 2 2 1 1 3734 7543 3426
13372 2 2 1 1 4008 7352 6377
13373 2 2 1 1 4271 7652 7510
13374 2 2 1 1 7034 8053 4441
13375 2 2 1 1 1993 7811 7544
13376 2 2 1 1 7270 7772 4192
13377 2 2 1 1 4405 7786 5360
13378 2 2 1 1 5021 7591 7176
13379 2 2 1 1 7331 7815 2574
13380 2 2 1 1 4671 6698 6311
13381 2 2 1 1 6739 6798 1356
13382 2 2 1 1 2645 7664 7651
13383 2 2 1 1 557 7540 6109
13384 2 2 1 1 7299 7300 4443
13385 2 2 1 1 7043 7044 2084
13386 2 2 1 1 3084 7617 7616
13387 2 2 1 1 6393 7341 1779
13388 2 2 1 1 7548 7861 4965
13389 2 2 1 1 6155 6742 5105
13390 2 2 1 1 6421 7803 7802
13391 2 2 1 1 7098 7100 1423
13392 2 2 1 1 6254 7479 2828
13393 2 2 1 1 3438 8065 3421
13394 2 2 1 1 7113 7699 3702
13395 2 2 1 1 269 5968 4323
13396 2 2 1 1 1749 7395 6739
13397 2 2 1 1 6926 7813 4111
13398 2 2 1 1 7265 7605 2726
13399 2 2 1 1 6842 7875 4975
13400 2 2 1 1 296 6967 2082
13401 2 2 1 1 7774 7775 4752
13402 2 2 1 1 7282 7769 1524
13403 2 2 1 1 1505 7175 1500
13404 2 2 1 1 7326 7890 2987
13405 2 2 1 1 7220 7780 4760
13406 2 2 1 1 4428 7716 7416
13407 2 2 1 1 6614 8037 7371
13408 2 2 1 1 5633 7749 5632
13409 2 2 1 1 3273 7563 6813
13410 2 2 1 1 279 6971 2187
13411 2 2 1 1 1998 7907 7193
13412 2 2 1 1 958 4121 1339
13413 2 2 1 1 2699 6967 297
13414 2 2 1 1 4232 7740 6557
13415 2 2 1 1 2082 7029 295
13416 2 2 1 1 2700 7742 6971
13417 2 2 1 1 5277 8007 7337
13418 2 2 1 1 6295 7019 7018
13419 2 2 1 1 6440 7606 5815
13420 2 2 1 1 4119 6912 964
13421 2 2 1 1 7296 7934 4080
13422 2 2 1 1 2882 7983 6100
13423 2 2 1 1 6697 6800 6799
13424 2 2 1 1 3818 8031 8021
13425 2 2 1 1 5288 7796 7580
13426 2 2 1 1 2919 7756 7295
13427 2 2 1 1 7705 7706 3159
13428 2 2 1 1 2700 6971 280
13429 2 2 1 1 7764 7987 5342
13430 2 2 1 1 298 6984 2699
13431 2 2 1 1 1381 6907 905
13432 2 2 1 1 4356 7851 7850
13433 2 2 1 1 5929 7206 6488
13434 2 2 1 1 4767 7773 4766
13435 2 2 1 1 2006 7933 7106
13436 2 2 1 1 5908 7922 7312
13437 2 2 1 1 4389 7385 4874
13438 2 2 1 1 328 6864 6863
13439 2 2 1 1 2409 7910 6981
13440 2 2 1 1 959 7012 4121
13441 2 2 1 1 7237 7238 4580
13442 2 2 1 1 6210 7820 6236
13443 2 2 1 1 281 6990 2700
13444 2 2 1 1 6833 6834 5534
13445 2 2 1 1 6603 6826 6825
13446 2 2 1 1 7571 7804 2451
13447 2 2 1 1 2016 7658 7379
13448 2 2 1 1 3557 8053 7297
13449 2 2 1 1 4244 7261 7055
13450 2 2 1 1 1142 6964 1494
13451 2 2 1 1 2083 6984 299
13452 2 2 1 1 7247 7248 4444
13453 2 2 1 1 2726 7605 7604
13454 2 2 1 1 5803 7996 6780
13455 2 2 1 1 4030 7046 7045
13456 2 2 1 1 941 7002 3834
13457 2 2 1 1 2188 6990 282
13458 2 2 1 1 4853 7356 7063
13459 2 2 1 1 6064 6214 2372
13460 2 2 1 1 4032 7986 7764
13461 2 2 1 1 7206 7461 2745
13462 2 2 1 1 1491 5312 1492
13463 2 2 1 1 4244 7055 997
13464 2 2 1 1 3713 7830 7047
13465 2 2 1 1 300 7005 2083
13466 2 2 1 1 3159 7706 7039
13467 2 2 1 1 7278 7281 7275
13468 2 2 1 1 3670 7914 979
13469 2 2 1 1 6739 7395 6798
13470 2 2 1 1 6050 6051 1416
13471 2 2 1 1 283 7008 2188
13472 2 2 1 1 294 7029 2698
13473 2 2 1 1 6214 7310 6065
13474 2 2 1 1 3835 7002 942
13475 2 2 1 1 7510 7652 4672
13476 2 2 1 1 1397 7404 6815
13477 2 2 1 1 4640 7939 6720
13478 2 2 1 1 5351 8033 7725
13479 2 2 1 1 5626 7985 7948
13480 2 2 1 1 5968 6985 4324
13481 2 2 1 1 6012 6451 2486
13482 2 2 1 1 1768 7889 6422
13483 2 2 1 1 7529 7963 6355
13484 2 2 1 1 2711 7005 301
13485 2 2 1 1 1405 7628 5633
13486 2 2 1 1 2712 7008 284
13487 2 2 1 1 916 6853 6851
13488 2 2 1 1 5929 7461 7206
13489 2 2 1 1 3511 7069 1022
13490 2 2 1 1 943 7021 3835
13491 2 2 1 1 4682 7585 4683
13492 2 2 1 1 331 6903 6902
13493 2 2 1 1 7314 7316 6049
13494 2 2 1 1 5258 7662 6569
13495 2 2 1 1 7708 7709 3010
13496 2 2 1 1 5435 7294 6239
13497 2 2 1 1 990 7334 3380
13498 2 2 1 1 6691 7065 3893
13499 2 2 1 1 285 7031 2712
13500 2 2 1 1 7986 7987 7764
13501 2 2 1 1 302 7033 2711
13502 2 2 1 1 3382 7930 995
13503 2 2 1 1 5546 8029 7393
13504 2 2 1 1 6535 7965 7675
13505 2 2 1 1 6044 7900 7529
13506 2 2 1 1 6341 7518 1760
13507 2 2 1 1 6066 6067 1483
13508 2 2 1 1 4387 7911 1048
13509 2 2 1 1 3836 7021 944
13510 2 2 1 1 6486 7411 2747
13511 2 2 1 1 7589 8052 3202
13512 2 2 1 1 2189 7031 286
13513 2 2 1 1 4638 7727 7295
13514 2 2 1 1 996 7055 3382
13515 2 2 1 1 3485 7943 1020
13516 2 2 1 1 6686 7168 3032
13517 2 2 1 1 5572 7346 3831
13518 2 2 1 1 2084 7033 303
13519 2 2 1 1 7285 7286 4007
13520 2 2 1 1 3671 7076 981
13521 2 2 1 1 5978 7993 5699
13522 2 2 1 1 5262 7090 7089
13523 2 2 1 1 7604 7605 4262
13524 2 2 1 1 930 7073 1399
13525 2 2 1 1 7651 7664 5200
13526 2 2 1 1 4776 6314 1800
13527 2 2 1 1 2598 7508 7351
13528 2 2 1 1 287 7039 2189
13529 2 2 1 1 7613 8004 4184
13530 2 2 1 1 1354 6308 6255
13531 2 2 1 1 6861 6862 1425
13532 2 2 1 1 982 7032 3671
13533 2 2 1 1 7599 7916 4435
13534 2 2 1 1 304 7043 2084
13535 2 2 1 1 1021 7069 3485
13536 2 2 1 1 6355 7963 6371
13537 2 2 1 1 1410 8009 7199
13538 2 2 1 1 3159 7039 288
13539 2 2 1 1 3749 7070 267
13540 2 2 1 1 7337 8007 4792
13541 2 2 1 1 7411 7441 5928
13542 2 2 1 1 621 7470 5941
13543 2 2 1 1 6186 6995 5309
13544 2 2 1 1 5698 7881 7330
13545 2 2 1 1 4426 7964 6513
13546 2 2 1 1 1419 7269 7267
13547 2 2 1 1 4184 8004 6921
13548 2 2 1 1 3162 7043 305
13549 2 2 1 1 7875 7991 4973
13550 2 2 1 1 1005 5263 4833
13551 2 2 1 1 904 6907 6905
13552 2 2 1 1 1389 8043 6697
13553 2 2 1 1 266 7070 3750
13554 2 2 1 1 5699 7993 1506
13555 2 2 1 1 306 7064 3162
13556 2 2 1 1 2632 7355 6078
13557 2 2 1 1 6917 7842 4150
13558 2 2 1 1 7759 7793 3736
13559 2 2 1 1 7219 7656 2477
13560 2 2 1 1 980 7076 3670
13561 2 2 1 1 948 7647 1398
13562 2 2 1 1 7313 7314 6991
13563 2 2 1 1 6539 7582 3431
13564 2 2 1 1 6872 7148 6045
13565 2 2 1 1 7067 8050 4770
13566 2 2 1 1 6723 7415 5415
13567 2 2 1 1 7172 7486 2971
13568 2 2 1 1 1362 8016 6245
13569 2 2 1 1 1049 6302 4387
13570 2 2 1 1 5297 8035 4955
13571 2 2 1 1 4238 7286 6541
13572 2 2 1 1 1453 7446 111
13573 2 2 1 1 5814 6440 6439
13574 2 2 1 1 1376 7064 307
13575 2 2 1 1 6600 7118 1345
13576 2 2 1 1 3613 8003 1029
13577 2 2 1 1 7229 7852 5300
13578 2 2 1 1 7135 7568 4664
13579 2 2 1 1 5898 7579 7112
13580 2 2 1 1 4424 8013 8012
13581 2 2 1 1 6594 7414 2981
13582 2 2 1 1 3826 8006 1011
13583 2 2 1 1 7031 7707 2712
13584 2 2 1 1 7622 7625 4406
13585 2 2 1 1 5980 7691 6558
13586 2 2 1 1 4468 7826 1521
13587 2 2 1 1 4438 7109 1055
13588 2 2 1 1 4397 7301 6384
13589 2 2 1 1 6731 6732 4480
13590 2 2 1 1 1006 7089 5263
13591 2 2 1 1 4821 7496 7495
13592 2 2 1 1 4171 8028 1061
13593 2 2 1 1 7058 7882 4219
13594 2 2 1 1 970 7081 4344
13595 2 2 1 1 7960 8015 3946
13596 2 2 1 1 4575 7054 5857
13597 2 2 1 1 1461 7303 6964
13598 2 2 1 1 3750 7142 265
13599 2 2 1 1 6907 7333 6905
13600 2 2 1 1 7064 7583 3162
13601 2 2 1 1 88 8049 4873
13602 2 2 1 1 6136 7337 4803
13603 2 2 1 1 7520 8000 4340
13604 2 2 1 1 7941 7942 3988
13605 2 2 1 1 1456 7456 1109
13606 2 2 1 1 7273 8021 2972
13607 2 2 1 1 4443 7451 7299
13608 2 2 1 1 1337 7944 7244
13609 2 2 1 1 6955 7709 4996
13610 2 2 1 1 6777 7663 5310
13611 2 2 1 1 5815 7606 4166
13612 2 2 1 1 6909 7628 4832
13613 2 2 1 1 6632 7646 7389
13614 2 2 1 1 4175 7125 1069
13615 2 2 1 1 7290 7377 146
13616 2 2 1 1 5369 7088 4533
13617 2 2 1 1 2134 7916 7599
13618 2 2 1 1 4372 7945 6048
13619 2 2 1 1 878 7646 1380
13620 2 2 1 1 3182 8045 235
13621 2 2 1 1 4528 8014 7353
13622 2 2 1 1 1468 4481 1498
13623 2 2 1 1 6327 6328 1144
13624 2 2 1 1 3672 7032 983
13625 2 2 1 1 4417 7899 7037
13626 2 2 1 1 1488 6629 1489
13627 2 2 1 1 7295 7727 4826
13628 2 2 1 1 6008 7175 6795
13629 2 2 1 1 1062 6411 4171
13630 2 2 1 1 7371 8037 4583
13631 2 2 1 1 7708 7893 5269
13632 2 2 1 1 8053 8054 4441
13633 2 2 1 1 6378 7894 2450
13634 2 2 1 1 5879 6862 6861
13635 2 2 1 1 6001 6152 2866
13636 2 2 1 1 4032 7764 3918
13637 2 2 1 1 1485 6404 1486
13638 2 2 1 1 7058 7888 4160
13639 2 2 1 1 1483 6404 1439
13640 2 2 1 1 1486 6629 1406
13641 2 2 1 1 7013 7843 4284
13642 2 2 1 1 5289 7580 6277
13643 2 2 1 1 1054 7109 4437
13644 2 2 1 1 4097 7229 6202
13645 2 2 1 1 5308 7747 7746
13646 2 2 1 1 5632 7749 4471
13647 2 2 1 1 4882 7884 7636
13648 2 2 1 1 4345 7082 972
13649 2 2 1 1 6991 7314 6049
13650 2 2 1 1 6515 7832 3160
13651 2 2 1 1 7395 7740 4307
13652 2 2 1 1 1521 7597 4468
13653 2 2 1 1 6603 6825 3039
13654 2 2 1 1 4121 4284 1339
13655 2 2 1 1 7037 7899 7165
13656 2 2 1 1 3876 7737 5240
13657 2 2 1 1 4175 7952 5896
13658 2 2 1 1 1482 6066 1483
13659 2 2 1 1 1068 7125 4173
13660 2 2 1 1 5342 7987 3845
13661 2 2 1 1 2619 7917 7415
13662 2 2 1 1 252 7126 2514
13663 2 2 1 1 7817 8016 6286
13664 2 2 1 1 205 6579 3892
13665 2 2 1 1 7653 7724 5327
13666 2 2 1 1 6448 7004 5924
13667 2 2 1 1 4833 7185 1004
13668 2 2 1 1 264 7142 3747
13669 2 2 1 1 6724 7404 1397
13670 2 2 1 1 4164 7606 6440
13671 2 2 1 1 7120 7952 4176
13672 2 2 1 1 6064 7310 6214
13673 2 2 1 1 2981 7414 5086
13674 2 2 1 1 5305 7663 6777
13675 2 2 1 1 1420 7491 1112
13676 2 2 1 1 3947 7960 7068
13677 2 2 1 1 973 7134 4345
13678 2 2 1 1 5956 6555 5740
13679 2 2 1 1 7685 8030 4939
13680 2 2 1 1 7199 7201 171
13681 2 2 1 1 984 7130 3672
13682 2 2 1 1 5338 8052 7589
13683 2 2 1 1 2520 7192 237
13684 2 2 1 1 1480 6066 1332
13685 2 2 1 1 1030 7139 3613
13686 2 2 1 1 4224 7963 7529
13687 2 2 1 1 2515 7128 254
13688 2 2 1 1 6309 7466 6807
13689 2 2 1 1 6073 7861 7548
13690 2 2 1 1 6526 6528 5597
13691 2 2 1 1 4826 7560 5723
13692 2 2 1 1 4985 7804 7571
13693 2 2 1 1 4873 8049 7982
13694 2 2 1 1 1012 7151 3826
13695 2 2 1 1 225 7153 3873
13696 2 2 1 1 1002 4832 1405
13697 2 2 1 1 7295 7756 4638
13698 2 2 1 1 4347 7134 974
13699 2 2 1 1 7157 7898 3912
13700 2 2 1 1 1407 7253 1066
13701 2 2 1 1 255 7160 2515
13702 2 2 1 1 1003 7185 4832
13703 2 2 1 1 3614 7139 1031
13704 2 2 1 1 6984 7354 2699
13705 2 2 1 1 939 7001 1366
13706 2 2 1 1 241 7166 2521
13707 2 2 1 1 4424 8012 6416
13708 2 2 1 1 3879 7153 226
13709 2 2 1 1 3827 7151 1013
13710 2 2 1 1 3873 7226 224
13711 2 2 1 1 236 7192 3182
13712 2 2 1 1 3192 7166 242
13713 2 2 1 1 5829 7509 7367
13714 2 2 1 1 227 7182 3879
13715 2 2 1 1 8007 8008 4792
13716 2 2 1 1 1032 7180 3614
13717 2 2 1 1 1041 4031 1436
13718 2 2 1 1 206 7179 6579
13719 2 2 1 1 1014 7187 3827
13720 2 2 1 1 1084 6225 1395
13721 2 2 1 1 6664 7624 2589
13722 2 2 1 1 3512 7724 3511
13723 2 2 1 1 243 7190 3192
13724 2 2 1 1 6286 8016 1362
13725 2 2 1 1 3752 7263 7262
13726 2 2 1 1 4659 7608 6772
13727 2 2 1 1 2516 7162 257
13728 2 2 1 1 1458 7536 1115
13729 2 2 1 1 971 7082 7081
13730 2 2 1 1 1089 7098 1423
13731 2 2 1 1 3615 7180 1033
13732 2 2 1 1 3828 7187 1015
13733 2 2 1 1 3880 7183 229
13734 2 2 1 1 2522 7190 244
13735 2 2 1 1 2970 6371 6356
13736 2 2 1 1 7675 7965 5575
13737 2 2 1 1 4005 5341 5266
13738 2 2 1 1 258 7205 2516
13739 2 2 1 1 7099 7233 1091
13740 2 2 1 1 6580 7179 207
13741 2 2 1 1 1404 7130 985
13742 2 2 1 1 1047 7911 4386
13743 2 2 1 1 230 7207 3880
13744 2 2 1 1 245 7208 2522
13745 2 2 1 1 223 7226 3874
13746 2 2 1 1 1034 7209 3615
13747 2 2 1 1 4899 7631 7586
13748 2 2 1 1 4881 7994 7562
13749 2 2 1 1 7618 7693 4296
13750 2 2 1 1 2452 6471 6424
13751 2 2 1 1 3881 7207 231
13752 2 2 1 1 3194 7205 259
13753 2 2 1 1 3197 7208 246
13754 2 2 1 1 1090 7233 7098
13755 2 2 1 1 7063 7356 3378
13756 2 2 1 1 3558 8065 6866
13757 2 2 1 1 4143 7528 6846
13758 2 2 1 1 6709 6710 6445
13759 2 2 1 1 7187 7728 3827
13760 2 2 1 1 214 7223 3876
13761 2 2 1 1 1490 7539 1122
13762 2 2 1 1 5351 8069 8033
13763 2 2 1 1 7165 7899 4416
13764 2 2 1 1 253 7128 7126
13765 2 2 1 1 4172 7952 7120
13766 2 2 1 1 7473 8055 2497
13767 2 2 1 1 978 7914 1338
13768 2 2 1 1 190 7237 4580
13769 2 2 1 1 5448 7596 1426
13770 2 2 1 1 3505 7832 6937
13771 2 2 1 1 143 6833 1525
13772 2 2 1 1 994 7930 1375
13773 2 2 1 1 1401 7210 1036
13774 2 2 1 1 183 7247 4444
13775 2 2 1 1 3877 7224 216
13776 2 2 1 1 1019 7943 1400
13777 2 2 1 1 3420 7297 6867
13778 2 2 1 1 6352 7406 4569
13779 2 2 1 1 1426 7596 114
13780 2 2 1 1 7901 7902 4659
13781 2 2 1 1 7580 7796 3777
13782 2 2 1 1 6697 6799 1389
13783 2 2 1 1 6937 7832 6515
13784 2 2 1 1 1010 8006 1337
13785 2 2 1 1 1420 7492 7491
13786 2 2 1 1 1028 8003 1372
13787 2 2 1 1 161 7285 4007
13788 2 2 1 1 1411 7287 163
13789 2 2 1 1 4015 8041 7665
13790 2 2 1 1 1429 7240 192
13791 2 2 1 1 7198 7200 5594
13792 2 2 1 1 7462 7976 4783
13793 2 2 1 1 256 7162 7160
13794 2 2 1 1 234 8045 1385
13795 2 2 1 1 1060 8028 1382
13796 2 2 1 1 2589 7624 5056
13797 2 2 1 1 1425 7603 121
13798 2 2 1 1 2515 7858 7128
13799 2 2 1 1 1452 7306 102
13800 2 2 1 1 228 7183 7182
13801 2 2 1 1 5408 7918 6783
13802 2 2 1 1 4086 8055 7473
13803 2 2 1 1 100 7305 1450
13804 2 2 1 1 103 7307 1452
13805 2 2 1 1 1449 7927 105
13806 2 2 1 1 6915 7920 4360
13807 2 2 1 1 4373 7316 7314
13808 2 2 1 1 6905 7333 3130
13809 2 2 1 1 7072 7793 7759
13810 2 2 1 1 1459 7598 117
13811 2 2 1 1 5297 7063 3378
13812 2 2 1 1 6422 7889 4554
13813 2 2 1 1 6853 8041 6851
13814 2 2 1 1 5741 6428 2773
13815 2 2 1 1 8021 8031 6408
13816 2 2 1 1 3594 7775 7774
13817 2 2 1 1 3613 8004 8003
13818 2 2 1 1 1035 7210 7209
13819 2 2 1 1 1104 7313 6991
13820 2 2 1 1 4872 8049 89
13821 2 2 1 1 5958 7830 7256
13822 2 2 1 1 4581 7684 7300
13823 2 2 1 1 4547 7820 6210
13824 2 2 1 1 7952 7953 5896
13825 2 2 1 1 215 7224 7223
13826 2 2 1 1 5897 7953 4170
13827 2 2 1 1 191 7240 7237
13828 2 2 1 1 5269 7709 7708
13829 2 2 1 1 1376 7583 7064
13830 2 2 1 1 7438 7510 4673
13831 2 2 1 1 2855 8008 8007
13832 2 2 1 1 4824 6688 2573
13833 2 2 1 1 162 7287 7285
13834 2 2 1 1 4160 7882 7058
13835 2 2 1 1 104 7927 7307
13836 2 2 1 1 7334 7558 3380
13837 2 2 1 1 3955 7799 6644
13838 2 2 1 1 3947 8015 7960
13839 2 2 1 1 7529 7900 4224
13840 2 2 1 1 101 7306 7305
13841 2 2 1 1 6512 7964 4426
13842 2 2 1 1 4052 7770 5789
13843 2 2 1 1 6986 7881 5698
13844 2 2 1 1 6852 8041 4015
13845 2 2 1 1 6885 8011 3591
13846 2 2 1 1 7069 7653 3485
13847 2 2 1 1 7248 7703 4442
13848 2 2 1 1 2610 6605 6585
13849 2 2 1 1 6057 7755 4927
13850 2 2 1 1 4097 7852 7229
13851 2 2 1 1 7415 7917 5483
13852 2 2 1 1 3845 7298 5342
13853 2 2 1 1 6371 7963 6356
13854 2 2 1 1 3891 7942 7941
13855 2 2 1 1 6941 7913 5077
13856 2 2 1 1 4832 7628 1405
13857 2 2 1 1 6768 6769 2238
13858 2 2 1 1 1065 7253 6412
13859 2 2 1 1 4117 7843 7013
13860 2 2 1 1 7166 7895 2521
13861 2 2 1 1 7065 7938 3889
13862 2 2 1 1 7761 7762 4568
13863 2 2 1 1 7948 7985 5517
13864 2 2 1 1 4172 7953 7952
13865 2 2 1 1 4407 7902 7901
13866 2 2 1 1 7223 7737 3876
13867 2 2 1 1 6755 8017 1396
13868 2 2 1 1 3914 7987 7986
13869 2 2 1 1 4289 6162 6156
13870 2 2 1 1 7543 7647 3426
13871 2 2 1 1 3881 7458 7207
13872 2 2 1 1 1456 7972 7456
13873 2 2 1 1 3378 8035 5297
13874 2 2 1 1 3557 8054 8053
13875 2 2 1 1 5561 7598 1459
13876 2 2 1 1 5896 7125 4175
13877 2 2 1 1 7256 7830 4078
13878 2 2 1 1 6736 6737 4626
13879 2 2 1 1 170 7201 169
13880 2 2 1 1 172 1410 171
13881 2 2 1 1 238 7057 237
13882 2 2 1 1 249 7127 248
13883 2 2 1 1 268 4323 267
13884 2 2 1 1 274 2190 273
13885 2 2 1 1 289 6654 288
13886 2 2 1 1 292 2698 291
13887 2 2 1 1 308 6847 307
13888 2 2 1 1 311 6848 310
13889 2 2 1 1 314 6876 313
13890 2 2 1 1 316 3245 315
13891 2 2 1 1 318 6944 317
13892 2 2 1 1 324 3438 323
13893 2 2 1 1 333 6874 332
13894 2 2 1 1 343 6887 342
13895 2 2 1 1 354 5616 353
13896 2 2 1 1 374 6750 373
13897 2 2 1 1 376 7251 375
13898 2 2 1 1 378 2237 377
13899 2 2 1 1 385 6717 384
13900 2 2 1 1 395 6696 394
13901 2 2 1 1 397 6645 396
13902 2 2 1 1 422 6043 421
13903 2 2 1 1 425 6344 424
13904 2 2 1 1 462 6307 461
13905 2 2 1 1 464 5627 463
13906 2 2 1 1 475 6244 474
13907 2 2 1 1 480 6286 479
13908 2 2 1 1 498 6274 497
13909 2 2 1 1 500 4777 499
13910 2 2 1 1 516 6249 515
13911 2 2 1 1 536 7294 535
13912 2 2 1 1 539 7028 538
13913 2 2 1 1 548 5891 547
13914 2 2 1 1 553 5761 552
13915 2 2 1 1 556 6109 555
13916 2 2 1 1 568 6065 567
13917 2 2 1 1 575 6207 574
13918 2 2 1 1 577 3563 576
13919 2 2 1 1 579 4151 578
13920 2 2 1 1 593 2407 592
13921 2 2 1 1 595 5308 594
13922 2 2 1 1 607 6082 606
13923 2 2 1 1 614 7736 613
13924 2 2 1 1 620 5941 619
13925 2 2 1 1 677 6699 676
13926 2 2 1 1 691 6311 690
13927 2 2 1 1 703 6135 702
13928 2 2 1 1 716 5348 715
13929 2 2 1 1 729 6425 728
13930 2 2 1 1 745 6555 744
13931 2 2 1 1 748 6428 747
13932 2 2 1 1 750 5743 749
13933 2 2 1 1 767 7206 766
13934 2 2 1 1 780 7265 779
13935 2 2 1 1 806 4820 805
13936 2 2 1 1 805 4820 2616
13937 2 2 1 1 811 6651 810
13938 2 2 1 1 832 4540 831
13939 2 2 1 1 833 5296 832
13940 2 2 1 1 846 4590 845
13941 2 2 1 1 855 6724 854
13942 2 2 1 1 875 6180 874
13943 2 2 1 1 889 5787 888
13944 2 2 1 1 892 6839 891
13945 2 2 1 1 897 6683 896
13946 2 2 1 1 918 6608 917
13947 2 2 1 1 921 3591 920
13948 2 2 1 1 924 3684 923
13949 2 2 1 1 1399 6634 927
13950 2 2 1 1 934 3977 933
13951 2 2 1 1 945 7022 944
13952 2 2 1 1 953 3429 952
13953 2 2 1 1 986 3379 985
13954 2 2 1 1 998 4471 997
13955 2 2 1 1 1016 7184 1015
13956 2 2 1 1 1023 3512 1022
13957 2 2 1 1 1037 7522 1036
13958 2 2 1 1 1046 4386 1045
13959 2 2 1 1 1053 4437 1052
13960 2 2 1 1 1056 4439 1055
13961 2 2 1 1 1067 4173 1066
13962 2 2 1 1 1070 4176 1069
13963 2 2 1 1 1101 6050 1100
13964 2 2 1 1 1146 6901 1499
13965 2 2 1 1 5784 6901 1146
13966 2 2 1 1 1347 6389 4954
13967 2 2 1 1 2916 2998 1379
13968 2 2 1 1 1385 3883 3881
13969 2 2 1 1 1493 7306 1501
13970 2 2 1 1 1501 7307 1502
13971 2 2 1 1 1502 7307 6986
13972 2 2 1 1 1510 6862 3969
13973 2 2 1 1 1526 4239 3846
13974 2 2 1 1 2531 3585 2241
13975 2 2 1 1 3194 3268 3195
13976 2 2 1 1 3505 7161 3687
13977 2 2 1 1 3602 6955 6287
13978 2 2 1 1 3636 6391 5685
13979 2 2 1 1 5686 6391 3636
13980 2 2 1 1 3637 6434 3776
13981 2 2 1 1 3681 4954 4513
13982 2 2 1 1 3716 6083 5689
13983 2 2 1 1 3740 7908 3739
13984 2 2 1 1 3841 7003 3843
13985 2 2 1 1 6673 7003 3841
13986 2 2 1 1 3843 7021 3862
13987 2 2 1 1 5046 7288 3847
13988 2 2 1 1 3881 3883 3882
13989 2 2 1 1 3943 6227 4546
13990 2 2 1 1 4055 6496 6481
13991 2 2 1 1 4065 6942 5081
13992 2 2 1 1 6177 6942 4065
13993 2 2 1 1 4184 7180 4186
13994 2 2 1 1 6921 7180 4184
13995 2 2 1 1 4291 6946 6945
13996 2 2 1 1 4342 7032 5701
13997 2 2 1 1 5287 6261 4363
13998 2 2 1 1 4363 6248 5912
13999 2 2 1 1 4417 5878 5705
14000 2 2 1 1 5706 6874 4417
14001 2 2 1 1 4440 6990 6762
14002 2 2 1 1 4457 6243 4459
14003 2 2 1 1 6026 6243 4457
14004 2 2 1 1 6245 8016 4462
14005 2 2 1 1 4507 6826 4508
14006 2 2 1 1 6602 6826 4507
14007 2 2 1 1 5430 6429 4564
14008 2 2 1 1 4621 6448 4620
14009 2 2 1 1 4775 6305 4712
14010 2 2 1 1 4729 6269 4736
14011 2 2 1 1 6263 6269 4729
14012 2 2 1 1 4732 6317 5066
14013 2 2 1 1 5797 6317 4732
14014 2 2 1 1 4756 6425 4755
14015 2 2 1 1 6388 6425 4756
14016 2 2 1 1 5711 6305 4775
14017 2 2 1 1 4856 6760 4854
14018 2 2 1 1 4858 6712 4856
14019 2 2 1 1 4911 6025 4913
14020 2 2 1 1 4998 7082 5391
14021 2 2 1 1 5260 6206 5300
14022 2 2 1 1 5871 6206 5260
14023 2 2 1 1 5273 7993 7596
14024 2 2 1 1 5346 6367 6052
14025 2 2 1 1 6012 6429 5430
14026 2 2 1 1 6937 7128 5443
14027 2 2 1 1 5564 6260 5744
14028 2 2 1 1 5699 7446 5978
14029 2 2 1 1 5945 7447 5944
14030 2 2 1 1 7596 7993 5978
14031 2 2 1 1 6051 6991 6049
14032 2 2 1 1 6108 7540 6116
14033 2 2 1 1 6222 7102 7101
14034 2 2 1 1 7269 7272 6553
14035 2 2 1 1 6920 7210 6922
14036 2 2 1 1 7209 7210 6920
14037 2 2 1 1 6986 7927 7881
14038 2 2 1 1 83 1142 82
14039 2 2 1 1 91 1454 90
14040 2 2 1 1 93 1454 92
14041 2 2 1 1 96 1451 95
14042 2 2 1 1 99 1478 98
14043 2 2 1 1 110 1427 109
14044 2 2 1 1 113 1453 112
14045 2 2 1 1 116 1426 115
14046 2 2 1 1 119 6978 118
14047 2 2 1 1 127 1424 126
14048 2 2 1 1 129 1424 128
14049 2 2 1 1 129 7268 1424
14050 2 2 1 1 142 1525 141
14051 2 2 1 1 149 1417 148
14052 2 2 1 1 155 4240 154
14053 2 2 1 1 157 4240 156
14054 2 2 1 1 160 4007 159
14055 2 2 1 1 165 3915 164
14056 2 2 1 1 167 3915 166
14057 2 2 1 1 169 3916 168
14058 2 2 1 1 1410 7199 171
14059 2 2 1 1 174 5596 173
14060 2 2 1 1 176 6524 175
14061 2 2 1 1 182 4444 181
14062 2 2 1 1 189 4580 188
14063 2 2 1 1 194 4577 193
14064 2 2 1 1 199 1393 198
14065 2 2 1 1 200 3890 199
14066 2 2 1 1 201 3890 200
14067 2 2 1 1 204 3892 203
14068 2 2 1 1 209 6581 208
14069 2 2 1 1 210 1392 209
14070 2 2 1 1 212 1392 211
14071 2 2 1 1 218 3877 217
14072 2 2 1 1 220 3895 219
14073 2 2 1 1 222 3874 221
14074 2 2 1 1 233 3881 232
14075 2 2 1 1 237 7057 2520
14076 2 2 1 1 240 2521 239
14077 2 2 1 1 248 3197 247
14078 2 2 1 1 250 2514 249
14079 2 2 1 1 251 2514 250
14080 2 2 1 1 261 3194 260
14081 2 2 1 1 262 3747 261
14082 2 2 1 1 263 3747 262
14083 2 2 1 1 267 4323 3749
14084 2 2 1 1 273 1378 272
14085 2 2 1 1 275 2190 274
14086 2 2 1 1 277 2190 276
14087 2 2 1 1 291 1377 290
14088 2 2 1 1 293 2698 292
14089 2 2 1 1 307 6847 1376
14090 2 2 1 1 309 6965 308
14091 2 2 1 1 310 6848 2122
14092 2 2 1 1 313 2123 312
14093 2 2 1 1 313 6876 2123
14094 2 2 1 1 315 3245 3244
14095 2 2 1 1 319 6944 318
14096 2 2 1 1 323 3421 322
14097 2 2 1 1 322 3421 1360
14098 2 2 1 1 323 3438 3421
14099 2 2 1 1 332 6874 1390
14100 2 2 1 1 342 6887 1359
14101 2 2 1 1 356 2059 355
14102 2 2 1 1 2059 5616 355
14103 2 2 1 1 365 7996 364
14104 2 2 1 1 368 7466 367
14105 2 2 1 1 373 1388 372
14106 2 2 1 1 373 6750 1388
14107 2 2 1 1 375 7251 2236
14108 2 2 1 1 2237 5919 377
14109 2 2 1 1 384 6717 1357
14110 2 2 1 1 394 6696 1389
14111 2 2 1 1 396 6645 2228
14112 2 2 1 1 421 6043 2453
14113 2 2 1 1 424 6344 1355
14114 2 2 1 1 441 2440 440
14115 2 2 1 1 441 6271 2440
14116 2 2 1 1 460 2498 459
14117 2 2 1 1 460 6255 2498
14118 2 2 1 1 461 6307 1354
14119 2 2 1 1 463 5627 1782
14120 2 2 1 1 474 6244 1781
14121 2 2 1 1 479 6286 1362
14122 2 2 1 1 497 6274 1353
14123 2 2 1 1 499 4777 1967
14124 2 2 1 1 515 6249 1364
14125 2 2 1 1 518 7925 517
14126 2 2 1 1 535 7294 1982
14127 2 2 1 1 538 7028 1979
14128 2 2 1 1 547 5891 2422
14129 2 2 1 1 552 5761 1977
14130 2 2 1 1 555 6109 1974
14131 2 2 1 1 567 6065 1351
14132 2 2 1 1 574 6207 2371
14133 2 2 1 1 576 3563 2388
14134 2 2 1 1 578 4151 4127
14135 2 2 1 1 586 2386 585
14136 2 2 1 1 2386 4892 585
14137 2 2 1 1 592 2407 2406
14138 2 2 1 1 594 5308 5307
14139 2 2 1 1 609 2924 608
14140 2 2 1 1 2924 6082 608
14141 2 2 1 1 613 7736 2916
14142 2 2 1 1 616 2915 615
14143 2 2 1 1 2915 5946 615
14144 2 2 1 1 619 2922 618
14145 2 2 1 1 2922 5942 618
14146 2 2 1 1 619 5941 2922
14147 2 2 1 1 674 2866 673
14148 2 2 1 1 1371 2866 674
14149 2 2 1 1 676 6699 2827
14150 2 2 1 1 679 2825 678
14151 2 2 1 1 2825 5565 678
14152 2 2 1 1 690 6311 1344
14153 2 2 1 1 702 6135 4804
14154 2 2 1 1 715 5348 1402
14155 2 2 1 1 728 6425 1434
14156 2 2 1 1 732 1403 731
14157 2 2 1 1 733 1403 732
14158 2 2 1 1 744 6555 4209
14159 2 2 1 1 747 6428 1415
14160 2 2 1 1 749 5743 2773
14161 2 2 1 1 766 7206 2745
14162 2 2 1 1 779 7265 2726
14163 2 2 1 1 808 1363 807
14164 2 2 1 1 1363 4820 807
14165 2 2 1 1 813 2570 812
14166 2 2 1 1 2570 6651 812
14167 2 2 1 1 831 4540 4539
14168 2 2 1 1 832 5296 4540
14169 2 2 1 1 835 6816 834
14170 2 2 1 1 845 4590 1365
14171 2 2 1 1 854 6724 1397
14172 2 2 1 1 874 6180 2618
14173 2 2 1 1 877 1380 876
14174 2 2 1 1 888 5787 3126
14175 2 2 1 1 891 1349 890
14176 2 2 1 1 891 6839 1349
14177 2 2 1 1 896 6683 3030
14178 2 2 1 1 906 7578 905
14179 2 2 1 1 917 6608 3128
14180 2 2 1 1 920 1340 919
14181 2 2 1 1 920 3591 1340
14182 2 2 1 1 923 3684 3593
14183 2 2 1 1 928 1399 927
14184 2 2 1 1 929 1399 928
14185 2 2 1 1 933 3977 3769
14186 2 2 1 1 936 6671 935
14187 2 2 1 1 935 6671 6462
14188 2 2 1 1 938 1366 937
14189 2 2 1 1 947 1398 946
14190 2 2 1 1 952 3429 3428
14191 2 2 1 1 957 1339 956
14192 2 2 1 1 966 5766 965
14193 2 2 1 1 967 1391 966
14194 2 2 1 1 969 4344 968
14195 2 2 1 1 968 4344 1391
14196 2 2 1 1 977 1338 976
14197 2 2 1 1 985 3379 1404
14198 2 2 1 1 989 3380 988
14199 2 2 1 1 992 1375 991
14200 2 2 1 1 1375 5011 991
14201 2 2 1 1 993 1375 992
14202 2 2 1 1 997 4471 4244
14203 2 2 1 1 1001 1405 1000
14204 2 2 1 1 1015 7184 3828
14205 2 2 1 1 1018 1400 1017
14206 2 2 1 1 1022 3512 3511
14207 2 2 1 1 1027 1372 1026
14208 2 2 1 1 1036 7522 1401
14209 2 2 1 1 1039 6924 1038
14210 2 2 1 1 1045 1336 1044
14211 2 2 1 1 1045 4386 1336
14212 2 2 1 1 1052 1408 1051
14213 2 2 1 1 1052 4437 1408
14214 2 2 1 1 1055 4439 4438
14215 2 2 1 1 1066 4173 1407
14216 2 2 1 1 1069 4176 4175
14217 2 2 1 1 1075 7773 1074
14218 2 2 1 1 1083 1395 1082
14219 2 2 1 1 1087 7102 1086
14220 2 2 1 1 1088 1423 1087
14221 2 2 1 1 1094 1334 1093
14222 2 2 1 1 1096 6046 1095
14223 2 2 1 1 1100 1416 1099
14224 2 2 1 1 1103 6991 1102
14225 2 2 1 1 1108 1387 1107
14226 2 2 1 1 1111 1456 1110
14227 2 2 1 1 1114 1420 1113
14228 2 2 1 1 1117 1458 1116
14229 2 2 1 1 1119 1491 1118
14230 2 2 1 1 1121 1333 1120
14231 2 2 1 1 1124 1490 1123
14232 2 2 1 1 1126 1440 1125
14233 2 2 1 1 1128 1488 1127
14234 2 2 1 1 1130 1406 1129
14235 2 2 1 1 1132 1485 1131
14236 2 2 1 1 1134 1439 1133
14237 2 2 1 1 1136 1482 1135
14238 2 2 1 1 1138 1332 1137
14239 2 2 1 1 1140 1479 1139
14240 2 2 1 1 1 1438 1141
14241 2 2 1 1 1145 1461 1144
14242 2 2 1 1 1147 6008 1148
14243 2 2 1 1 1143 6327 1144
14244 2 2 1 1 1333 7539 5312
14245 2 2 1 1 4953 6389 1347
14246 2 2 1 1 1348 6129 6094
14247 2 2 1 1 1357 6717 5409
14248 2 2 1 1 1360 7034 6943
14249 2 2 1 1 1367 6204 5617
14250 2 2 1 1 1371 6002 2866
14251 2 2 1 1 1374 7896 7871
14252 2 2 1 1 1375 7930 5297
14253 2 2 1 1 1379 2998 2917
14254 2 2 1 1 1381 7578 5006
14255 2 2 1 1 1383 3268 3194
14256 2 2 1 1 1383 3748 3268
14257 2 2 1 1 3747 3748 1383
14258 2 2 1 1 1387 7456 4373
14259 2 2 1 1 1390 6874 5706
14260 2 2 1 1 3890 5857 1393
14261 2 2 1 1 1395 6225 6221
14262 2 2 1 1 4865 6816 1396
14263 2 2 1 1 1524 7290 1417
14264 2 2 1 1 6978 7603 1425
14265 2 2 1 1 1427 7446 5699
14266 2 2 1 1 1434 6425 6388
14267 2 2 1 1 1435 6367 5346
14268 2 2 1 1 5347 6369 1435
14269 2 2 1 1 1438 1480 1479
14270 2 2 1 1 1438 1495 1480
14271 2 2 1 1 1450 7305 1493
14272 2 2 1 1 5783 7332 1451
14273 2 2 1 1 1501 7306 1452
14274 2 2 1 1 1452 7307 1501
14275 2 2 1 1 1453 7596 5978
14276 2 2 1 1 1454 7332 5782
14277 2 2 1 1 1499 1502 1475
14278 2 2 1 1 1475 1502 1500
14279 2 2 1 1 1486 6404 5537
14280 2 2 1 1 7305 7306 1493
14281 2 2 1 1 1499 7854 1502
14282 2 2 1 1 5449 6862 1510
14283 2 2 1 1 1524 7826 7290
14284 2 2 1 1 1525 6833 4466
14285 2 2 1 1 3847 4239 1526
14286 2 2 1 1 1534 6781 5104
14287 2 2 1 1 6741 7395 1749
14288 2 2 1 1 1752 6448 2485
14289 2 2 1 1 2485 6495 1752
14290 2 2 1 1 2499 3337 1766
14291 2 2 1 1 1766 3337 3336
14292 2 2 1 1 5627 7718 1779
14293 2 2 1 1 1780 6342 5536
14294 2 2 1 1 1792 6317 5797
14295 2 2 1 1 1793 6284 5873
14296 2 2 1 1 1800 6318 4776
14297 2 2 1 1 1811 6285 3830
14298 2 2 1 1 5934 6281 1811
14299 2 2 1 1 1812 6267 5289
14300 2 2 1 1 1813 6248 4363
14301 2 2 1 1 6208 7586 1976
14302 2 2 1 1 1979 7028 6746
14303 2 2 1 1 1981 6217 5275
14304 2 2 1 1 2057 6888 5077
14305 2 2 1 1 5077 7913 2057
14306 2 2 1 1 6847 6965 2122
14307 2 2 1 1 2230 6646 4830
14308 2 2 1 1 2236 7251 5920
14309 2 2 1 1 2241 3585 3584
14310 2 2 1 1 3584 6717 2241
14311 2 2 1 1 2247 7996 5799
14312 2 2 1 1 2248 7466 6785
14313 2 2 1 1 6309 6807 2249
14314 2 2 1 1 2257 7061 3458
14315 2 2 1 1 4614 7061 2257
14316 2 2 1 1 2385 6194 4739
14317 2 2 1 1 4739 7335 2385
14318 2 2 1 1 2419 6200 6198
14319 2 2 1 1 2420 6206 5871
14320 2 2 1 1 2428 6261 5287
14321 2 2 1 1 2435 6299 5874
14322 2 2 1 1 2441 6323 5535
14323 2 2 1 1 2444 6332 5542
14324 2 2 1 1 2449 6368 5827
14325 2 2 1 1 6470 6471 2452
14326 2 2 1 1 2485 6448 4622
14327 2 2 1 1 2486 6429 6012
14328 2 2 1 1 7126 7127 2514
14329 2 2 1 1 2516 7205 3194
14330 2 2 1 1 3195 7932 2516
14331 2 2 1 1 2516 7932 5058
14332 2 2 1 1 2530 6690 4896
14333 2 2 1 1 2540 6680 6557
14334 2 2 1 1 2571 6702 2617
14335 2 2 1 1 5428 5529 2571
14336 2 2 1 1 2617 6725 2572
14337 2 2 1 1 2625 5368 2572
14338 2 2 1 1 2572 6748 2625
14339 2 2 1 1 5368 5426 2572
14340 2 2 1 1 2576 7391 7078
14341 2 2 1 1 2581 5624 2579
14342 2 2 1 1 2598 5624 2581
14343 2 2 1 1 2588 6624 6013
14344 2 2 1 1 2615 6675 4890
14345 2 2 1 1 5426 5428 2617
14346 2 2 1 1 2628 6827 3406
14347 2 2 1 1 4669 6829 2634
14348 2 2 1 1 2700 6990 4440
14349 2 2 1 1 4440 7742 2700
14350 2 2 1 1 2711 7033 7006
14351 2 2 1 1 5929 6488 2747
14352 2 2 1 1 2816 2971 2814
14353 2 2 1 1 2854 2971 2816
14354 2 2 1 1 2818 6362 5278
14355 2 2 1 1 2825 6260 5564
14356 2 2 1 1 5926 7623 2833
14357 2 2 1 1 2871 6253 4691
14358 2 2 1 1 2880 6074 6070
14359 2 2 1 1 2881 6112 5034
14360 2 2 1 1 6093 7983 2882
14361 2 2 1 1 2915 7447 5945
14362 2 2 1 1 2956 6006 5109
14363 2 2 1 1 2958 7926 6033
14364 2 2 1 1 2963 6100 5033
14365 2 2 1 1 2966 6182 4292
14366 2 2 1 1 2968 6322 2992
14367 2 2 1 1 2969 6391 5686
14368 2 2 1 1 2975 6496 4055
14369 2 2 1 1 2992 6322 4747
14370 2 2 1 1 3023 6660 3025
14371 2 2 1 1 3050 6660 3023
14372 2 2 1 1 3038 6824 5362
14373 2 2 1 1 3125 6808 3362
14374 2 2 1 1 3132 7805 3134
14375 2 2 1 1 3142 7805 3132
14376 2 2 1 1 3182 7192 3883
14377 2 2 1 1 3231 4785 3226
14378 2 2 1 1 3229 4768 3261
14379 2 2 1 1 4169 4768 3229
14380 2 2 1 1 3606 4785 3231
14381 2 2 1 1 3245 5976 3244
14382 2 2 1 1 3273 7939 4639
14383 2 2 1 1 4641 7939 3273
14384 2 2 1 1 3313 6855 3314
14385 2 2 1 1 3361 7953 4169
14386 2 2 1 1 4170 7953 3361
14387 2 2 1 1 3397 5539 3994
14388 2 2 1 1 4753 6823 3397
14389 2 2 1 1 3397 6823 5539
14390 2 2 1 1 3427 5916 3425
14391 2 2 1 1 3425 4287 3659
14392 2 2 1 1 4286 4287 3425
14393 2 2 1 1 3833 5916 3427
14394 2 2 1 1 3430 6931 3734
14395 2 2 1 1 3431 7582 4365
14396 2 2 1 1 4056 6512 3455
14397 2 2 1 1 3455 6512 4469
14398 2 2 1 1 5432 7090 3459
14399 2 2 1 1 5443 7161 3505
14400 2 2 1 1 3517 6588 4334
14401 2 2 1 1 4398 6588 3517
14402 2 2 1 1 3518 6157 3519
14403 2 2 1 1 4289 6157 3518
14404 2 2 1 1 3549 7528 4143
14405 2 2 1 1 3560 7461 3559
14406 2 2 1 1 4408 7461 3560
14407 2 2 1 1 4316 6545 3586
14408 2 2 1 1 3586 6545 4317
14409 2 2 1 1 3592 6531 3589
14410 2 2 1 1 3761 6531 3592
14411 2 2 1 1 5005 6906 3600
14412 2 2 1 1 4905 6955 3602
14413 2 2 1 1 3614 7180 6921
14414 2 2 1 1 5558 6434 3637
14415 2 2 1 1 3668 5701 3669
14416 2 2 1 1 4342 5701 3668
14417 2 2 1 1 3671 4342 3670
14418 2 2 1 1 3670 7076 3671
14419 2 2 1 1 4342 5059 3670
14420 2 2 1 1 3671 7032 4342
14421 2 2 1 1 3672 7130 5701
14422 2 2 1 1 4651 4954 3681
14423 2 2 1 1 3683 5281 3768
14424 2 2 1 1 3771 5281 3683
14425 2 2 1 1 3690 6836 4274
14426 2 2 1 1 5076 6836 3690
14427 2 2 1 1 3709 5778 4328
14428 2 2 1 1 3710 6698 4327
14429 2 2 1 1 5485 6698 3710
14430 2 2 1 1 4029 6626 3712
14431 2 2 1 1 3712 6626 4388
14432 2 2 1 1 4388 7694 3712
14433 2 2 1 1 3713 7047 4030
14434 2 2 1 1 4432 6083 3716
14435 2 2 1 1 3725 6203 4096
14436 2 2 1 1 4097 6203 3725
14437 2 2 1 1 3730 7006 4415
14438 2 2 1 1 5285 7006 3730
14439 2 2 1 1 5547 7908 3740
14440 2 2 1 1 3749 4251 3750
14441 2 2 1 1 3750 7070 3749
14442 2 2 1 1 3750 4251 4250
14443 2 2 1 1 5397 6607 3762
14444 2 2 1 1 3766 7902 4407
14445 2 2 1 1 3770 6883 5281
14446 2 2 1 1 3776 4254 4126
14447 2 2 1 1 3776 6434 4254
14448 2 2 1 1 3817 6829 4669
14449 2 2 1 1 4670 6829 3817
14450 2 2 1 1 4992 8031 3819
14451 2 2 1 1 3860 5328 3825
14452 2 2 1 1 3826 7151 5261
14453 2 2 1 1 3830 6285 4989
14454 2 2 1 1 3835 7021 7003
14455 2 2 1 1 3842 6672 3841
14456 2 2 1 1 3976 6672 3842
14457 2 2 1 1 3847 7288 4239
14458 2 2 1 1 4372 7315 3857
14459 2 2 1 1 3857 7492 4693
14460 2 2 1 1 4694 7492 3857
14461 2 2 1 1 4160 5328 3860
14462 2 2 1 1 3874 7226 3873
14463 2 2 1 1 3879 4686 3873
14464 2 2 1 1 3873 7153 3879
14465 2 2 1 1 3873 4686 4685
14466 2 2 1 1 3874 4685 4682
14467 2 2 1 1 6401 7183 3880
14468 2 2 1 1 3883 3911 3882
14469 2 2 1 1 3904 7684 3903
14470 2 2 1 1 3906 7684 3904
14471 2 2 1 1 5434 7385 3909
14472 2 2 1 1 3917 7201 3918
14473 2 2 1 1 5742 7428 3931
14474 2 2 1 1 3939 5230 3940
14475 2 2 1 1 4050 5230 3939
14476 2 2 1 1 4547 6227 3943
14477 2 2 1 1 6013 6624 3984
14478 2 2 1 1 3994 7606 4164
14479 2 2 1 1 5539 7606 3994
14480 2 2 1 1 6625 6976 4029
14481 2 2 1 1 4051 6577 5086
14482 2 2 1 1 4066 5704 4063
14483 2 2 1 1 5607 5704 4066
14484 2 2 1 1 6203 7310 4096
14485 2 2 1 1 4108 5490 4107
14486 2 2 1 1 4115 7843 4117
14487 2 2 1 1 4122 5872 4351
14488 2 2 1 1 4360 5872 4122
14489 2 2 1 1 5758 7594 4124
14490 2 2 1 1 4254 7871 4126
14491 2 2 1 1 4126 7871 4895
14492 2 2 1 1 4132 6216 6063
14493 2 2 1 1 6064 6216 4132
14494 2 2 1 1 4147 7557 5301
14495 2 2 1 1 5302 7557 4147
14496 2 2 1 1 4206 6385 4165
14497 2 2 1 1 5264 5432 4167
14498 2 2 1 1 4167 6909 5264
14499 2 2 1 1 4172 8050 4169
14500 2 2 1 1 4169 8050 4768
14501 2 2 1 1 4186 7180 6920
14502 2 2 1 1 4203 7319 4208
14503 2 2 1 1 4215 6802 4750
14504 2 2 1 1 5311 6802 4215
14505 2 2 1 1 4233 7691 5979
14506 2 2 1 1 5981 7691 4233
14507 2 2 1 1 4240 7288 5046
14508 2 2 1 1 4263 7604 4262
14509 2 2 1 1 4425 7604 4263
14510 2 2 1 1 5976 6944 4291
14511 2 2 1 1 6944 6946 4291
14512 2 2 1 1 4292 6182 5547
14513 2 2 1 1 4294 7538 5943
14514 2 2 1 1 5944 7538 4294
14515 2 2 1 1 4307 7740 6935
14516 2 2 1 1 5576 8043 4315
14517 2 2 1 1 6800 7437 4317
14518 2 2 1 1 4329 5920 5918
14519 2 2 1 1 6586 6605 4334
14520 2 2 1 1 4664 7568 4349
14521 2 2 1 1 4349 7568 5062
14522 2 2 1 1 4373 7315 4372
14523 2 2 1 1 4373 7456 7315
14524 2 2 1 1 4385 7110 4384
14525 2 2 1 1 6301 7110 4385
14526 2 2 1 1 6078 7355 4407
14527 2 2 1 1 4411 6460 4409
14528 2 2 1 1 4412 6460 4411
14529 2 2 1 1 4413 6459 4412
14530 2 2 1 1 4423 6459 4413
14531 2 2 1 1 4415 7033 6377
14532 2 2 1 1 4417 6874 5878
14533 2 2 1 1 4432 6081 6080
14534 2 2 1 1 6243 7722 4459
14535 2 2 1 1 5985 7654 4465
14536 2 2 1 1 4751 5808 4482
14537 2 2 1 1 4761 5369 4533
14538 2 2 1 1 4537 6615 5497
14539 2 2 1 1 4538 6749 4541
14540 2 2 1 1 4540 7390 4539
14541 2 2 1 1 6227 7322 4546
14542 2 2 1 1 4554 7889 4552
14543 2 2 1 1 4553 6422 4554
14544 2 2 1 1 4553 7143 6422
14545 2 2 1 1 4555 6471 5992
14546 2 2 1 1 5994 6471 4555
14547 2 2 1 1 6429 7650 4564
14548 2 2 1 1 4593 6728 4594
14549 2 2 1 1 4594 5507 4599
14550 2 2 1 1 4599 5507 4600
14551 2 2 1 1 4620 6448 5924
14552 2 2 1 1 4622 6448 4621
14553 2 2 1 1 5979 6561 4623
14554 2 2 1 1 4636 6746 4635
14555 2 2 1 1 5435 6746 4636
14556 2 2 1 1 4691 6253 5485
14557 2 2 1 1 4739 6194 4738
14558 2 2 1 1 5537 6067 4751
14559 2 2 1 1 4751 6067 5808
14560 2 2 1 1 4755 4877 4754
14561 2 2 1 1 4755 6425 4877
14562 2 2 1 1 4762 5369 4761
14563 2 2 1 1 4766 7252 7067
14564 2 2 1 1 4774 7387 6815
14565 2 2 1 1 4830 6646 4896
14566 2 2 1 1 6712 6760 4856
14567 2 2 1 1 4860 6754 4858
14568 2 2 1 1 4868 6712 4858
14569 2 2 1 1 4867 6754 4860
14570 2 2 1 1 4895 7896 5456
14571 2 2 1 1 4896 6690 5528
14572 2 2 1 1 5454 6025 4911
14573 2 2 1 1 6025 6927 4913
14574 2 2 1 1 4919 7504 4922
14575 2 2 1 1 5683 7504 4919
14576 2 2 1 1 4928 7215 4931
14577 2 2 1 1 5656 7215 4928
14578 2 2 1 1 5054 6076 4934
14579 2 2 1 1 4934 6076 5055
14580 2 2 1 1 4961 6095 4957
14581 2 2 1 1 4957 6095 4963
14582 2 2 1 1 4993 8031 4992
14583 2 2 1 1 4995 6944 5976
14584 2 2 1 1 5275 6217 4997
14585 2 2 1 1 7081 7082 4998
14586 2 2 1 1 5734 6818 5003
14587 2 2 1 1 5006 6906 5005
14588 2 2 1 1 5034 6112 5033
14589 2 2 1 1 5033 6100 5500
14590 2 2 1 1 5063 7568 6559
14591 2 2 1 1 5066 6317 5874
14592 2 2 1 1 5077 6888 5076
14593 2 2 1 1 5082 7386 5079
14594 2 2 1 1 5081 6942 6940
14595 2 2 1 1 5109 6006 5454
14596 2 2 1 1 7737 7738 5240
14597 2 2 1 1 5264 7090 5432
14598 2 2 1 1 5278 6362 5686
14599 2 2 1 1 5289 6267 5287
14600 2 2 1 1 6044 7801 5347
14601 2 2 1 1 5348 7801 6044
14602 2 2 1 1 5362 6824 6602
14603 2 2 1 1 7128 7858 5443
14604 2 2 1 1 5455 7283 6552
14605 2 2 1 1 7423 7563 5483
14606 2 2 1 1 5497 6615 5712
14607 2 2 1 1 5536 6342 5535
14608 2 2 1 1 5535 6323 5655
14609 2 2 1 1 5827 6368 5536
14610 2 2 1 1 5542 6332 5797
14611 2 2 1 1 6697 8043 5576
14612 2 2 1 1 5576 7437 6800
14613 2 2 1 1 5617 6204 5759
14614 2 2 1 1 5685 6391 6372
14615 2 2 1 1 5735 6818 5734
14616 2 2 1 1 5761 7594 5758
14617 2 2 1 1 5772 7983 6093
14618 2 2 1 1 5783 6901 5784
14619 2 2 1 1 5799 7996 5800
14620 2 2 1 1 5800 6785 5801
14621 2 2 1 1 5801 6785 5802
14622 2 2 1 1 5829 7367 5828
14623 2 2 1 1 5871 7586 6208
14624 2 2 1 1 5873 6284 6263
14625 2 2 1 1 5980 6561 5979
14626 2 2 1 1 5987 7654 5985
14627 2 2 1 1 6095 6129 5987
14628 2 2 1 1 6030 7984 6106
14629 2 2 1 1 6050 6991 6051
14630 2 2 1 1 6081 6120 6080
14631 2 2 1 1 6094 6129 6095
14632 2 2 1 1 6109 7540 6108
14633 2 2 1 1 6222 7101 6224
14634 2 2 1 1 6557 6680 6386
14635 2 2 1 1 6414 7253 6410
14636 2 2 1 1 6412 7253 6413
14637 2 2 1 1 6413 7253 6414
14638 2 2 1 1 6625 7911 6976
14639 2 2 1 1 7290 7826 6834
14640 2 2 1 1 6871 7272 7269
14641 2 2 1 1 7127 7128 6937
14642 2 2 1 1 7307 7927 6986
14643 2 2 1 1 7126 7128 7127
14644 2 2 3 2 1294 8075 1295
14645 2 2 3 2 1264 8108 1265
14646 2 2 3 2 1259 8157 8132
14647 2 2 3 2 8119 8177 8104
14648 2 2 3 2 1294 8076 8075
14649 2 2 3 2 1328 8071 8070
14650 2 2 3 2 8105 8187 8106
14651 2 2 3 2 8087 8129 1261
14652 2 2 3 2 8091 8164 8154
14653 2 2 3 2 8157 8161 8082
14654 2 2 3 2 8175 8187 8105
14655 2 2 3 2 8127 8168 8091
14656 2 2 3 2 8126 8138 8092
14657 2 2 3 2 1272 8119 8104
14658 2 2 3 2 8116 8192 1238
14659 2 2 3 2 8114 8121 8120
14660 2 2 3 2 8120 8123 1239
14661 2 2 3 2 8106 8189 8107
14662 2 2 3 2 1265 8108 1266
14663 2 2 3 2 8092 8166 8126
14664 2 2 3 2 8187 8189 8106
14665 2 2 3 2 1266 8108 1267
14666 2 2 3 2 1233 8190 8112
14667 2 2 3 2 8103 8137 1274
14668 2 2 3 2 8112 8189 1233
14669 2 2 3 2 1274 8185 8103
14670 2 2 3 2 8121 8122 8120
14671 2 2 3 2 1261 8155 8087
14672 2 2 3 2 1303 8131 8115
14673 2 2 3 2 8073 8108 1264
14674 2 2 3 2 1224 8146 8101
14675 2 2 3 2 8129 8184 1261
14676 2 2 3 2 1237 8127 8091
14677 2 2 3 2 8101 8146 8145
14678 2 2 3 2 8116 8162 8074
14679 2 2 3 2 1237 8091 1236
14680 2 2 3 2 8129 8173 8128
14681 2 2 3 2 8114 8120 1240
14682 2 2 3 2 1216 8182 2
14683 2 2 3 2 1221 8159 8103
14684 2 2 3 2 1234 8190 1233
14685 2 2 3 2 8098 8148 8142
14686 2 2 3 2 2 8182 1263
14687 2 2 3 2 1271 8119 1272
14688 2 2 3 2 2 8171 1262
14689 2 2 3 2 1242 8118 8115
14690 2 2 3 2 1240 8120 1239
14691 2 2 3 2 8117 8140 1306
14692 2 2 3 2 3 8158 1265
14693 2 2 3 2 8121 8131 1302
14694 2 2 3 2 1241 8114 1240
14695 2 2 3 2 1302 8131 1303
14696 2 2 3 2 8144 8163 8099
14697 2 2 3 2 8130 8186 1257
14698 2 2 3 2 1241 8115 8114
14699 2 2 3 2 1270 8086 1271
14700 2 2 3 2 8124 8166 8092
14701 2 2 3 2 8089 8148 8098
14702 2 2 3 2 8072 8073 1264
14703 2 2 3 2 1320 8132 1321
14704 2 2 3 2 8088 8160 8152
14705 2 2 3 2 1287 8111 1288
14706 2 2 3 2 8150 8190 1234
14707 2 2 3 2 8118 8191 8117
14708 2 2 3 2 8103 8159 8137
14709 2 2 3 2 8152 8160 8100
14710 2 2 3 2 8143 8160 8088
14711 2 2 3 2 1286 8112 1287
14712 2 2 3 2 1306 8140 1307
14713 2 2 3 2 1242 8115 1241
14714 2 2 3 2 1237 8170 8127
14715 2 2 3 2 1263 8072 1264
14716 2 2 3 2 8139 8174 8109
14717 2 2 3 2 8110 8163 8144
14718 2 2 3 2 8093 8130 1258
14719 2 2 3 2 8107 8189 8112
14720 2 2 3 2 8092 8143 8124
14721 2 2 3 2 8104 8177 1219
14722 2 2 3 2 8117 8188 8140
14723 2 2 3 2 1219 8178 8104
14724 2 2 3 2 1312 8135 8098
14725 2 2 3 2 8107 8112 1286
14726 2 2 3 2 1236 8154 1235
14727 2 2 3 2 1318 8136 8094
14728 2 2 3 2 1258 8130 1257
14729 2 2 3 2 1275 8137 8102
14730 2 2 3 2 8145 8146 8100
14731 2 2 3 2 1308 8139 8109
14732 2 2 3 2 8094 8186 8130
14733 2 2 3 2 1283 8138 8105
14734 2 2 3 2 8109 8144 1309
14735 2 2 3 2 1315 8141 8096
14736 2 2 3 2 8092 8138 1282
14737 2 2 3 2 1310 8144 8099
14738 2 2 3 2 1278 8145 8100
14739 2 2 3 2 1281 8143 8092
14740 2 2 3 2 1272 8104 1273
14741 2 2 3 2 8105 8106 1284
14742 2 2 3 2 1305 8117 1306
14743 2 2 3 2 1318 8094 1319
14744 2 2 3 2 1317 8136 1318
14745 2 2 3 2 1274 8137 1275
14746 2 2 3 2 8098 8142 1313
14747 2 2 3 2 1314 8142 8141
14748 2 2 3 2 1307 8139 1308
14749 2 2 3 2 8106 8107 1285
14750 2 2 3 2 1275 8102 1276
14751 2 2 3 2 1283 8105 1284
14752 2 2 3 2 1308 8109 1309
14753 2 2 3 2 1315 8096 1316
14754 2 2 3 2 1282 8138 1283
14755 2 2 3 2 1309 8144 1310
14756 2 2 3 2 1314 8141 1315
14757 2 2 3 2 1277 8145 1278
14758 2 2 3 2 1281 8092 1282
14759 2 2 3 2 1310 8099 1311
14760 2 2 3 2 1278 8100 1279
14761 2 2 3 2 1280 8143 1281
14762 2 2 3 2 1312 8098 1313
14763 2 2 3 2 1285 8107 1286
14764 2 2 3 2 1284 8106 1285
14765 2 2 3 2 1313 8142 1314
14766 2 2 3 2 1243 8118 1242
14767 2 2 3 2 1221 8103 1220
14768 2 2 3 2 1246 8113 1245
14769 2 2 3 2 1256 8095 1255
14770 2 2 3 2 1248 8110 1247
14771 2 2 3 2 1224 8101 1223
14772 2 2 3 2 1230 8126 1229
14773 2 2 3 2 1253 8097 1252
14774 2 2 3 2 1228 8124 1227
14775 2 2 3 2 1227 8088 1226
14776 2 2 3 2 1251 8089 1250
14777 2 2 3 2 1311 8135 1312
14778 2 2 3 2 8101 8151 1223
14779 2 2 3 2 8095 8147 1255
14780 2 2 3 2 8089 8153 1250
14781 2 2 3 2 8088 8152 1226
14782 2 2 3 2 8099 8135 1311
14783 2 2 3 2 1255 8147 1254
14784 2 2 3 2 1269 8085 1270
14785 2 2 3 2 8142 8148 8097
14786 2 2 3 2 1223 8151 1222
14787 2 2 3 2 8124 8143 8088
14788 2 2 3 2 1235 8154 8150
14789 2 2 3 2 8091 8154 1236
14790 2 2 3 2 1250 8153 1249
14791 2 2 3 2 1226 8152 1225
14792 2 2 3 2 8119 8172 1218
14793 2 2 3 2 8114 8131 8121
14794 2 2 3 2 1235 8150 1234
14795 2 2 3 2 1227 8124 8088
14796 2 2 3 2 8098 8135 8089
14797 2 2 3 2 8100 8160 1279
14798 2 2 3 2 1280 8160 8143
14799 2 2 3 2 1288 8149 1289
14800 2 2 3 2 8079 8123 8122
14801 2 2 3 2 8099 8163 8153
14802 2 2 3 2 8135 8153 8089
14803 2 2 3 2 8099 8153 8135
14804 2 2 3 2 1264 8084 1263
14805 2 2 3 2 8113 8174 8139
14806 2 2 3 2 8076 8083 8075
14807 2 2 3 2 8132 8157 8082
14808 2 2 3 2 1287 8112 8111
14809 2 2 3 2 8102 8169 1276
14810 2 2 3 2 1277 8169 8145
14811 2 2 3 2 8077 8164 8091
14812 2 2 3 2 8071 8080 8070
14813 2 2 3 2 8179 8183 8074
14814 2 2 3 2 1317 8167 8136
14815 2 2 3 2 8096 8167 1316
14816 2 2 3 2 1279 8160 1280
14817 2 2 3 2 1218 8177 8119
14818 2 2 3 2 8113 8188 1245
14819 2 2 3 2 8109 8174 8110
14820 2 2 3 2 8111 8150 8149
14821 2 2 3 2 8111 8149 1288
14822 2 2 3 2 1253 8165 8097
14823 2 2 3 2 1225 8146 1224
14824 2 2 3 2 8147 8165 1254
14825 2 2 3 2 8094 8176 1319
14826 2 2 3 2 1248 8163 8110
14827 2 2 3 2 8150 8154 8149
14828 2 2 3 2 8141 8165 8096
14829 2 2 3 2 1268 8125 1269
14830 2 2 3 2 8076 8168 8127
14831 2 2 3 2 1307 8140 8139
14832 2 2 3 2 8157 8184 8156
14833 2 2 3 2 8117 8191 8188
14834 2 2 3 2 8097 8148 1252
14835 2 2 3 2 1246 8174 8113
14836 2 2 3 2 8126 8166 1229
14837 2 2 3 2 1276 8169 1277
14838 2 2 3 2 8110 8174 1247
14839 2 2 3 2 1228 8166 8124
14840 2 2 3 2 1251 8148 8089
14841 2 2 3 2 8076 8127 8083
14842 2 2 3 2 1273 8185 1274
14843 2 2 3 2 8086 8119 1271
14844 2 2 3 2 8123 8162 8116
14845 2 2 3 2 1321 8132 8082
14846 2 2 3 2 8110 8144 8109
14847 2 2 3 2 8115 8131 8114
14848 2 2 3 2 1267 8108 8073
14849 2 2 3 2 1230 8175 8126
14850 2 2 3 2 1216 8134 8133
14851 2 2 3 2 8141 8142 8097
14852 2 2 3 2 8140 8188 8113
14853 2 2 3 2 1254 8165 1253
14854 2 2 3 2 1321 8082 1322
14855 2 2 3 2 1316 8167 1317
14856 2 2 3 2 8097 8165 8141
14857 2 2 3 2 1265 8090 1264
14858 2 2 3 2 8145 8169 8101
14859 2 2 3 2 8153 8163 1249
14860 2 2 3 2 8122 8123 8120
14861 2 2 3 2 1263 8171 2
14862 2 2 3 2 8101 8169 8151
14863 2 2 3 2 8149 8154 8081
14864 2 2 3 2 1217 8134 1216
14865 2 2 3 2 1243 8191 8118
14866 2 2 3 2 1265 8158 8090
14867 2 2 3 2 1260 8157 1259
14868 2 2 3 2 8111 8190 8150
14869 2 2 3 2 8074 8183 8116
14870 2 2 3 2 1222 8159 1221
14871 2 2 3 2 1269 8125 8085
14872 2 2 3 2 1249 8163 1248
14873 2 2 3 2 1218 8172 1217
14874 2 2 3 2 1319 8176 1320
14875 2 2 3 2 1320 8176 8132
14876 2 2 3 2 1301 8121 1302
14877 2 2 3 2 1257 8186 1256
14878 2 2 3 2 8072 8133 8125
14879 2 2 3 2 8087 8173 8129
14880 2 2 3 2 1289 8081 1290
14881 2 2 3 2 1256 8186 8095
14882 2 2 3 2 1252 8148 1251
14883 2 2 3 2 1219 8177 1218
14884 2 2 3 2 8151 8169 8102
14885 2 2 3 2 1229 8166 1228
14886 2 2 3 2 8130 8176 8094
14887 2 2 3 2 1300 8122 1301
14888 2 2 3 2 8137 8159 8102
14889 2 2 3 2 8147 8167 8096
14890 2 2 3 2 8072 8125 8073
14891 2 2 3 2 1238 8170 1237
14892 2 2 3 2 1260 8184 8157
14893 2 2 3 2 1247 8174 1246
14894 2 2 3 2 8096 8165 8147
14895 2 2 3 2 1262 8155 1261
14896 2 2 3 2 8095 8167 8147
14897 2 2 3 2 1261 8184 1260
14898 2 2 3 2 1289 8149 8081
14899 2 2 3 2 1231 8175 1230
14900 2 2 3 2 1322 8161 1323
14901 2 2 3 2 8085 8086 1270
14902 2 2 3 2 1231 8187 8175
14903 2 2 3 2 1232 8187 1231
14904 2 2 3 2 8073 8125 1268
14905 2 2 3 2 1267 8073 1268
14906 2 2 3 2 1290 8164 1291
14907 2 2 3 2 8136 8167 8095
14908 2 2 3 2 8093 8176 8130
14909 2 2 3 2 8146 8152 8100
14910 2 2 3 2 8103 8178 1220
14911 2 2 3 2 8125 8133 8085
14912 2 2 3 2 8151 8159 1222
14913 2 2 3 2 8136 8186 8094
14914 2 2 3 2 1299 8079 1300
14915 2 2 3 2 1232 8189 8187
14916 2 2 3 2 8104 8185 1273
14917 2 2 3 2 1233 8189 1232
14918 2 2 3 2 8080 8181 8180
14919 2 2 3 2 8071 8087 8080
14920 2 2 3 2 1245 8188 1244
14921 2 2 3 2 8112 8190 8111
14922 2 2 3 2 8103 8185 8178
14923 2 2 3 2 8132 8176 8093
14924 2 2 3 2 1323 8078 1324
14925 2 2 3 2 1220 8178 1219
14926 2 2 3 2 1292 8168 1293
14927 2 2 3 2 1329 8158 3
14928 2 2 3 2 1244 8191 1243
14929 2 2 3 2 8133 8182 1216
14930 2 2 3 2 1291 8077 1292
14931 2 2 3 2 8188 8191 1244
14932 2 2 3 2 1225 8152 8146
14933 2 2 3 2 8133 8134 8085
14934 2 2 3 2 8085 8134 8086
14935 2 2 3 2 8071 8173 8087
14936 2 2 3 2 1264 8090 8084
14937 2 2 3 2 1298 8162 1299
14938 2 2 3 2 8155 8181 8080
14939 2 2 3 2 8078 8156 8129
14940 2 2 3 2 8084 8171 1263
14941 2 2 3 2 8086 8172 8119
14942 2 2 3 2 1324 8128 1325
14943 2 2 3 2 8087 8155 8080
14944 2 2 3 2 8082 8161 1322
14945 2 2 3 2 8127 8170 8083
14946 2 2 3 2 1297 8074 1298
14947 2 2 3 2 1293 8076 1294
14948 2 2 3 2 8178 8185 8104
14949 2 2 3 2 1325 8173 1326
14950 2 2 3 2 8139 8140 8113
14951 2 2 3 2 1326 8071 1327
14952 2 2 3 2 1328 8070 1329
14953 2 2 3 2 1295 8075 1296
14954 2 2 3 2 1263 8182 8072
14955 2 2 3 2 8072 8182 8133
14956 2 2 3 2 1301 8122 8121
14957 2 2 3 2 1296 8179 1297
14958 2 2 3 2 8081 8164 1290
14959 2 2 3 2 8095 8186 8136
14960 2 2 3 2 8180 8181 8084
14961 2 2 3 2 8079 8122 1300
14962 2 2 3 2 8080 8180 8070
14963 2 2 3 2 8102 8159 8151
14964 2 2 3 2 8078 8161 8156
14965 2 2 3 2 8158 8180 8090
14966 2 2 3 2 8078 8129 8128
14967 2 2 3 2 8083 8192 8183
14968 2 2 3 2 8171 8181 1262
14969 2 2 3 2 1323 8161 8078
14970 2 2 3 2 8156 8184 8129
14971 2 2 3 2 8070 8180 8158
14972 2 2 3 2 8170 8192 8083
14973 2 2 3 2 1217 8172 8134
14974 2 2 3 2 1291 8164 8077
14975 2 2 3 2 8134 8172 8086
14976 2 2 3 2 8083 8183 8075
14977 2 2 3 2 8084 8181 8171
14978 2 2 3 2 1299 8162 8079
14979 2 2 3 2 1293 8168 8076
14980 2 2 3 2 8078 8128 1324
14981 2 2 3 2 8079 8162 8123
14982 2 2 3 2 8077 8168 1292
14983 2 2 3 2 8070 8158 1329
14984 2 2 3 2 8183 8192 8116
14985 2 2 3 2 8074 8162 1298
14986 2 2 3 2 8075 8183 8179
14987 2 2 3 2 1297 8179 8074
14988 2 2 3 2 8090 8180 8084
14989 2 2 3 2 8128 8173 1325
14990 2 2 3 2 1238 8192 8170
14991 2 2 3 2 1262 8181 8155
14992 2 2 3 2 1326 8173 8071
14993 2 2 3 2 8075 8179 1296
14994 2 2 3 2 1239 8123 1238
14995 2 2 3 2 1238 8123 8116
14996 2 2 3 2 1259 8132 1258
14997 2 2 3 2 1258 8132 8093
14998 2 2 3 2 1265 1266 3
14999 2 2 3 2 1303 8118 1304
15000 2 2 3 2 8115 8118 1303
15001 2 2 3 2 1304 8117 1305
15002 2 2 3 2 1304 8118 8117
15003 2 2 3 2 1327 8071 1328
15004 2 2 3 2 8091 8168 8077
15005 2 2 3 2 8154 8164 8081
15006 2 2 3 2 8138 8175 8105
15007 2 2 3 2 8126 8175 8138
15008 2 2 3 2 8156 8161 8157
15009 2 2 2 220509 6 8225 5
15010 2 2 2 220509 4 8199 8193
15011 2 2 2 220509 13 8250 12
15012 2 2 2 220509 8202 8234 8224
15013 2 2 2 220509 8202 8235 8234
15014 2 2 2 220509 8226 8243 8223
15015 2 2 2 220509 8203 8241 8229
15016 2 2 2 220509 8195 8245 8224
15017 2 2 2 220509 8239 8259 8208
15018 2 2 2 220509 8233 8254 8250
15019 2 2 2 220509 12 8250 8197
15020 2 2 2 220509 8224 8261 8195
15021 2 2 2 220509 8224 8245 8202
15022 2 2 2 220509 26 8203 25
15023 2 2 2 220509 8198 8243 8226
15024 2 2 2 220509 8238 8239 8194
15025 2 2 2 220509 8228 8239 8208
15026 2 2 2 220509 8250 8254 8197
15027 2 2 2 220509 27 8241 26
15028 2 2 2 220509 9 8202 8
15029 2 2 2 220509 31 8256 30
15030 2 2 2 220509 30 8206 29
15031 2 2 2 220509 8241 8244 8229
15032 2 2 2 220509 8247 8250 13
15033 2 2 2 220509 8194 8241 27
15034 2 2 2 220509 8240 8252 8204
15035 2 2 2 220509 8203 8258 8242
15036 2 2 2 220509 8204 8260 8240
15037 2 2 2 220509 8229 8258 8203
15038 2 2 2 220509 26 8241 8203
15039 2 2 2 220509 12 8197 11
15040 2 2 2 220509 19 8196 18
15041 2 2 2 220509 24 8198 23
15042 2 2 2 220509 8223 8230 8217
15043 2 2 2 220509 8242 8258 8243
15044 2 2 2 220509 21 8205 20
15045 2 2 2 220509 17 8204 16
15046 2 2 2 220509 15 8201 14
15047 2 2 2 220509 8199 8200 8193
15048 2 2 2 220509 8227 8236 8196
15049 2 2 2 220509 8210 8228 8208
15050 2 2 2 220509 8236 8260 8249
15051 2 2 2 220509 8202 8245 8
15052 2 2 2 220509 8239 8244 8194
15053 2 2 2 220509 8222 8223 8217
15054 2 2 2 220509 8196 8248 8227
15055 2 2 2 220509 28 8194 27
15056 2 2 2 220509 8218 8228 8210
15057 2 2 2 220509 8194 8244 8241
15058 2 2 2 220509 8222 8226 8223
15059 2 2 2 220509 8224 8234 8211
15060 2 2 2 220509 8223 8231 8230
15061 2 2 2 220509 8236 8249 8196
15062 2 2 2 220509 8216 8217 8214
15063 2 2 2 220509 8219 8227 8222
15064 2 2 2 220509 8219 8222 8217
15065 2 2 2 220509 8213 8220 8215
15066 2 2 2 220509 8212 8218 8210
15067 2 2 2 220509 8216 8219 8217
15068 2 2 2 220509 8215 8216 8214
15069 2 2 2 220509 8211 8234 8213
15070 2 2 2 220509 8218 8229 8228
15071 2 2 2 220509 8 8245 7
15072 2 2 2 220509 8215 8221 8216
15073 2 2 2 220509 8218 8231 8229
15074 2 2 2 220509 8223 8243 8231
15075 2 2 2 220509 8217 8230 8214
15076 2 2 2 220509 8213 8215 8214
15077 2 2 2 220509 8212 8230 8218
15078 2 2 2 220509 8213 8214 8212
15079 2 2 2 220509 8216 8232 8219
15080 2 2 2 220509 8214 8230 8212
15081 2 2 2 220509 8230 8231 8218
15082 2 2 2 220509 8209 8224 8211
15083 2 2 2 220509 8219 8236 8227
15084 2 2 2 220509 8220 8233 8215
15085 2 2 2 220509 8221 8232 8216
15086 2 2 2 220509 8213 8234 8220
15087 2 2 2 220509 8215 8233 8221
15088 2 2 2 220509 8193 8256 31
15089 2 2 2 220509 8211 8213 8212
15090 2 2 2 220509 8226 8253 8246
15091 2 2 2 220509 8202 8255 8235
15092 2 2 2 220509 8211 8212 8210
15093 2 2 2 220509 8226 8257 8253
15094 2 2 2 220509 8234 8235 8220
15095 2 2 2 220509 8227 8248 8205
15096 2 2 2 220509 8203 8242 25
15097 2 2 2 220509 8232 8236 8219
15098 2 2 2 220509 5 8225 8199
15099 2 2 2 220509 8209 8211 8210
15100 2 2 2 220509 8233 8237 8221
15101 2 2 2 220509 24 8242 8198
15102 2 2 2 220509 8237 8240 8221
15103 2 2 2 220509 8227 8257 8222
15104 2 2 2 220509 8209 8210 8208
15105 2 2 2 220509 8209 8261 8224
15106 2 2 2 220509 8205 8257 8227
15107 2 2 2 220509 8221 8240 8232
15108 2 2 2 220509 8201 8252 8240
15109 2 2 2 220509 8198 8246 23
15110 2 2 2 220509 25 8242 24
15111 2 2 2 220509 8233 8250 8237
15112 2 2 2 220509 8220 8254 8233
15113 2 2 2 220509 8197 8251 11
15114 2 2 2 220509 7 8195 6
15115 2 2 2 220509 8201 8247 14
15116 2 2 2 220509 8249 8260 8204
15117 2 2 2 220509 8226 8246 8198
15118 2 2 2 220509 19 8248 8196
15119 2 2 2 220509 8229 8244 8228
15120 2 2 2 220509 8207 8209 8208
15121 2 2 2 220509 8196 8249 18
15122 2 2 2 220509 8201 8240 8237
15123 2 2 2 220509 14 8247 13
15124 2 2 2 220509 8205 8248 20
15125 2 2 2 220509 17 8249 8204
15126 2 2 2 220509 23 8246 22
15127 2 2 2 220509 8204 8252 16
15128 2 2 2 220509 15 8252 8201
15129 2 2 2 220509 21 8253 8205
15130 2 2 2 220509 5 8199 4
15131 2 2 2 220509 11 8251 10
15132 2 2 2 220509 20 8248 19
15133 2 2 2 220509 18 8249 17
15134 2 2 2 220509 22 8253 21
15135 2 2 2 220509 16 8252 15
15136 2 2 2 220509 10 8255 9
15137 2 2 2 220509 29 8238 28
15138 2 2 2 220509 8235 8255 8251
15139 2 2 2 220509 8251 8255 10
15140 2 2 2 220509 8199 8225 8207
15141 2 2 2 220509 8207 8208 8200
15142 2 2 2 220509 8200 8256 8193
15143 2 2 2 220509 8228 8244 8239
15144 2 2 2 220509 8195 8225 6
15145 2 2 2 220509 8242 8243 8198
15146 2 2 2 220509 8240 8260 8232
15147 2 2 2 220509 8199 8207 8200
15148 2 2 2 220509 9 8255 8202
15149 2 2 2 220509 8237 8247 8201
15150 2 2 2 220509 28 8238 8194
15151 2 2 2 220509 8251 8254 8235
15152 2 2 2 220509 8231 8258 8229
15153 2 2 2 220509 8222 8257 8226
15154 2 2 2 220509 8208 8259 8200
15155 2 2 2 220509 7 8245 8195
15156 2 2 2 220509 8206 8239 8238
15157 2 2 2 220509 8225 8261 8207
15158 2 2 2 220509 8235 8254 8220
15159 2 2 2 220509 8195 8261 8225
15160 2 2 2 220509 8197 8254 8251
15161 2 2 2 220509 8237 8250 8247
15162 2 2 2 220509 8243 8258 8231
15163 2 2 2 220509 8246 8253 22
15164 2 2 2 220509 8206 8238 29
15165 2 2 2 220509 8232 8260 8236
15166 2 2 2 220509 8207 8261 8209
15167 2 2 2 220509 30 8256 8206
15168 2 2 2 220509 8253 8257 8205
15169 2 2 2 220509 8206 8259 8239
15170 2 2 2 220509 8200 8259 8256
15171 2 2 2 220509 8256 8259 8206
15172 2 2 2 220509 1 8193 31
15173 2 2 2 220509 4 8193 1
15174 2 2 4 220513 32 8280 8262
15175 2 2 4 220513 8269 8289 8287
15176 2 2 4 220513 48 8452 47
15177 2 2 4 220513 8406 8449 8279
15178 2 2 4 220513 8374 8419 8268
15179 2 2 4 220513 43 8446 42
15180 2 2 4 220513 8269 8377 8289
15181 2 2 4 220513 8447 8452 8364
15182 2 2 4 220513 8266 8461 8380
15183 2 2 4 220513 8380 8451 8266
15184 2 2 4 220513 72 8442 71
15185 2 2 4 220513 8285 8452 8447
15186 2 2 4 220513 8268 8431 8374
15187 2 2 4 220513 8366 8388 8386
15188 2 2 4 220513 8272 8382 8376
15189 2 2 4 220513 8279 8473 8406
15190 2 2 4 220513 8436 8440 8405
15191 2 2 4 220513 8282 8440 8436
15192 2 2 4 220513 8265 8462 8410
15193 2 2 4 220513 8287 8439 8269
15194 2 2 4 220513 8406 8477 8449
15195 2 2 4 220513 8274 8395 79
15196 2 2 4 220513 8284 8446 8379
15197 2 2 4 220513 79 8395 78
15198 2 2 4 220513 8275 8474 8392
15199 2 2 4 220513 8266 8452 48
15200 2 2 4 220513 47 8452 8285
15201 2 2 4 220513 8374 8481 8419
15202 2 2 4 220513 8376 8446 8272
15203 2 2 4 220513 42 8446 8284
15204 2 2 4 220513 8272 8446 43
15205 2 2 4 220513 8386 8388 8385
15206 2 2 4 220513 8285 8447 8384
15207 2 2 4 220513 35 8269 34
15208 2 2 4 220513 8469 8488 8371
15209 2 2 4 220513 8264 8442 72
15210 2 2 4 220513 8457 8488 8469
15211 2 2 4 220513 8410 8432 8265
15212 2 2 4 220513 8374 8431 8355
15213 2 2 4 220513 8392 8474 8394
15214 2 2 4 220513 71 8442 8279
15215 2 2 4 220513 78 8268 77
15216 2 2 4 220513 8462 8485 8410
15217 2 2 4 220513 8386 8445 8366
15218 2 2 4 220513 8281 8478 8262
15219 2 2 4 220513 8379 8446 8376
15220 2 2 4 220513 8286 8420 8380
15221 2 2 4 220513 8429 8455 8278
15222 2 2 4 220513 8380 8461 8286
15223 2 2 4 220513 8379 8485 8284
15224 2 2 4 220513 78 8395 8268
15225 2 2 4 220513 8289 8377 8291
15226 2 2 4 220513 8387 8465 8283
15227 2 2 4 220513 8272 8463 8382
15228 2 2 4 220513 8400 8444 8438
15229 2 2 4 220513 8364 8452 8451
15230 2 2 4 220513 8429 8483 8455
15231 2 2 4 220513 8382 8463 8384
15232 2 2 4 220513 8283 8489 8387
15233 2 2 4 220513 8377 8378 8291
15234 2 2 4 220513 8468 8480 74
15235 2 2 4 220513 8385 8388 8293
15236 2 2 4 220513 8262 8478 8472
15237 2 2 4 220513 8381 8471 8263
15238 2 2 4 220513 8293 8399 8385
15239 2 2 4 220513 8391 8411 8295
15240 2 2 4 220513 8280 8281 8262
15241 2 2 4 220513 37 8275 36
15242 2 2 4 220513 8459 8466 8420
15243 2 2 4 220513 8389 8391 8295
15244 2 2 4 220513 76 8276 75
15245 2 2 4 220513 8355 8386 8385
15246 2 2 4 220513 8263 8454 8381
15247 2 2 4 220513 8277 8453 8381
15248 2 2 4 220513 80 8274 79
15249 2 2 4 220513 8269 8439 34
15250 2 2 4 220513 8460 8464 8397
15251 2 2 4 220513 8268 8419 77
15252 2 2 4 220513 8415 8480 8468
15253 2 2 4 220513 8450 8453 8277
15254 2 2 4 220513 8384 8476 8285
15255 2 2 4 220513 8286 8459 8420
15256 2 2 4 220513 8297 8399 8294
15257 2 2 4 220513 8351 8355 8350
15258 2 2 4 220513 8355 8385 8350
15259 2 2 4 220513 8414 8417 8342
15260 2 2 4 220513 8438 8444 8354
15261 2 2 4 220513 8450 8467 8453
15262 2 2 4 220513 8292 8389 8295
15263 2 2 4 220513 73 8264 72
15264 2 2 4 220513 8375 8417 8414
15265 2 2 4 220513 8430 8442 8264
15266 2 2 4 220513 8294 8399 8293
15267 2 2 4 220513 8288 8388 8366
15268 2 2 4 220513 8351 8374 8355
15269 2 2 4 220513 8274 8445 8395
15270 2 2 4 220513 8269 8403 8377
15271 2 2 4 220513 8355 8431 8386
15272 2 2 4 220513 8385 8399 8350
15273 2 2 4 220513 8337 8434 8426
15274 2 2 4 220513 8381 8454 8277
15275 2 2 4 220513 8291 8389 8292
15276 2 2 4 220513 8328 8350 8317
15277 2 2 4 220513 8400 8404 8396
15278 2 2 4 220513 8317 8399 8297
15279 2 2 4 220513 57 8263 56
15280 2 2 4 220513 8391 8434 8411
15281 2 2 4 220513 8306 8404 8400
15282 2 2 4 220513 71 8279 70
15283 2 2 4 220513 8470 8474 38
15284 2 2 4 220513 76 8419 8276
15285 2 2 4 220513 8315 8396 8312
15286 2 2 4 220513 59 8277 58
15287 2 2 4 220513 55 8278 54
15288 2 2 4 220513 8324 8396 8315
15289 2 2 4 220513 8334 8397 8352
15290 2 2 4 220513 8426 8434 8391
15291 2 2 4 220513 69 8271 68
15292 2 2 4 220513 8352 8396 8324
15293 2 2 4 220513 8314 8398 8322
15294 2 2 4 220513 8334 8352 8324
15295 2 2 4 220513 61 8270 60
15296 2 2 4 220513 8328 8351 8350
15297 2 2 4 220513 8264 8487 8430
15298 2 2 4 220513 8322 8398 8344
15299 2 2 4 220513 67 8283 66
15300 2 2 4 220513 65 8267 64
15301 2 2 4 220513 53 8273 52
15302 2 2 4 220513 63 8282 62
15303 2 2 4 220513 40 8265 39
15304 2 2 4 220513 51 8286 50
15305 2 2 4 220513 49 8266 48
15306 2 2 4 220513 8350 8399 8317
15307 2 2 4 220513 42 8284 41
15308 2 2 4 220513 8263 8471 8448
15309 2 2 4 220513 47 8285 46
15310 2 2 4 220513 8313 8317 8297
15311 2 2 4 220513 44 8272 43
15312 2 2 4 220513 8344 8363 8362
15313 2 2 4 220513 8396 8404 8312
15314 2 2 4 220513 8346 8397 8334
15315 2 2 4 220513 8367 8416 8303
15316 2 2 4 220513 8344 8398 8363
15317 2 2 4 220513 8320 8368 8341
15318 2 2 4 220513 8413 8414 8342
15319 2 2 4 220513 8471 8484 8448
15320 2 2 4 220513 8332 8354 8340
15321 2 2 4 220513 8323 8324 8315
15322 2 2 4 220513 8344 8362 8360
15323 2 2 4 220513 8322 8344 8343
15324 2 2 4 220513 8275 8403 36
15325 2 2 4 220513 8382 8383 8349
15326 2 2 4 220513 8333 8334 8324
15327 2 2 4 220513 8363 8373 8372
15328 2 2 4 220513 8306 8367 8303
15329 2 2 4 220513 8318 8328 8317
15330 2 2 4 220513 8311 8428 8425
15331 2 2 4 220513 8345 8346 8334
15332 2 2 4 220513 8342 8417 8329
15333 2 2 4 220513 8363 8372 8362
15334 2 2 4 220513 8369 8370 8346
15335 2 2 4 220513 8378 8389 8291
15336 2 2 4 220513 8309 8312 8307
15337 2 2 4 220513 8326 8337 8335
15338 2 2 4 220513 8362 8381 8360
15339 2 2 4 220513 8358 8359 8338
15340 2 2 4 220513 8323 8333 8324
15341 2 2 4 220513 8344 8360 8343
15342 2 2 4 220513 8331 8342 8329
15343 2 2 4 220513 8333 8345 8334
15344 2 2 4 220513 8347 8357 8339
15345 2 2 4 220513 8352 8400 8396
15346 2 2 4 220513 8412 8413 8342
15347 2 2 4 220513 8345 8369 8346
15348 2 2 4 220513 8319 8321 8310
15349 2 2 4 220513 8369 8387 8370
15350 2 2 4 220513 8333 8353 8345
15351 2 2 4 220513 8360 8361 8343
15352 2 2 4 220513 8382 8384 8383
15353 2 2 4 220513 8302 8303 8300
15354 2 2 4 220513 8308 8311 8310
15355 2 2 4 220513 8327 8365 8325
15356 2 2 4 220513 8314 8315 8312
15357 2 2 4 220513 8308 8309 8307
15358 2 2 4 220513 8314 8322 8315
15359 2 2 4 220513 8348 8379 8376
15360 2 2 4 220513 8309 8314 8312
15361 2 2 4 220513 8322 8343 8323
15362 2 2 4 220513 8322 8323 8315
15363 2 2 4 220513 8311 8320 8319
15364 2 2 4 220513 8341 8364 8358
15365 2 2 4 220513 8320 8341 8338
15366 2 2 4 220513 8358 8380 8359
15367 2 2 4 220513 8302 8305 8304
15368 2 2 4 220513 8308 8310 8309
15369 2 2 4 220513 8359 8408 8407
15370 2 2 4 220513 8341 8358 8338
15371 2 2 4 220513 8305 8308 8307
15372 2 2 4 220513 8314 8402 8398
15373 2 2 4 220513 8305 8307 8304
15374 2 2 4 220513 8311 8319 8310
15375 2 2 4 220513 8301 8302 8300
15376 2 2 4 220513 8320 8338 8319
15377 2 2 4 220513 8313 8318 8317
15378 2 2 4 220513 8304 8306 8303
15379 2 2 4 220513 8340 8356 8347
15380 2 2 4 220513 8376 8382 8349
15381 2 2 4 220513 8302 8304 8303
15382 2 2 4 220513 8380 8420 8359
15383 2 2 4 220513 8356 8371 8347
15384 2 2 4 220513 8356 8464 8460
15385 2 2 4 220513 8348 8349 8336
15386 2 2 4 220513 8409 8410 8379
15387 2 2 4 220513 8309 8402 8314
15388 2 2 4 220513 8332 8340 8339
15389 2 2 4 220513 8348 8376 8349
15390 2 2 4 220513 8340 8347 8339
15391 2 2 4 220513 8361 8401 8343
15392 2 2 4 220513 8296 8297 8294
15393 2 2 4 220513 8312 8404 8307
15394 2 2 4 220513 8323 8401 8333
15395 2 2 4 220513 8343 8401 8323
15396 2 2 4 220513 8359 8407 8338
15397 2 2 4 220513 8290 8388 8288
15398 2 2 4 220513 8363 8422 8373
15399 2 2 4 220513 8335 8336 8327
15400 2 2 4 220513 8333 8401 8353
15401 2 2 4 220513 8321 8402 8310
15402 2 2 4 220513 8331 8412 8342
15403 2 2 4 220513 8321 8422 8402
15404 2 2 4 220513 8310 8402 8309
15405 2 2 4 220513 8337 8409 8335
15406 2 2 4 220513 8330 8332 8331
15407 2 2 4 220513 8335 8348 8336
15408 2 2 4 220513 8402 8422 8398
15409 2 2 4 220513 8347 8406 8357
15410 2 2 4 220513 8299 8316 8301
15411 2 2 4 220513 8319 8407 8321
15412 2 2 4 220513 8307 8404 8304
15413 2 2 4 220513 8332 8339 8331
15414 2 2 4 220513 8353 8405 8345
15415 2 2 4 220513 8357 8412 8339
15416 2 2 4 220513 8425 8428 8365
15417 2 2 4 220513 8345 8405 8369
15418 2 2 4 220513 8320 8425 8368
15419 2 2 4 220513 8326 8335 8327
15420 2 2 4 220513 8298 8313 8297
15421 2 2 4 220513 8299 8301 8300
15422 2 2 4 220513 8316 8326 8325
15423 2 2 4 220513 8326 8327 8325
15424 2 2 4 220513 8304 8404 8306
15425 2 2 4 220513 8348 8409 8379
15426 2 2 4 220513 8330 8331 8329
15427 2 2 4 220513 8296 8299 8298
15428 2 2 4 220513 8292 8293 8290
15429 2 2 4 220513 8318 8329 8328
15430 2 2 4 220513 8338 8407 8319
15431 2 2 4 220513 8296 8298 8297
15432 2 2 4 220513 8299 8300 8298
15433 2 2 4 220513 8316 8325 8301
15434 2 2 4 220513 8371 8406 8347
15435 2 2 4 220513 8318 8330 8329
15436 2 2 4 220513 8365 8418 8325
15437 2 2 4 220513 8303 8416 8300
15438 2 2 4 220513 8302 8418 8305
15439 2 2 4 220513 8301 8418 8302
15440 2 2 4 220513 8413 8415 8414
15441 2 2 4 220513 8300 8416 8298
15442 2 2 4 220513 8293 8388 8290
15443 2 2 4 220513 8339 8412 8331
15444 2 2 4 220513 8351 8375 8374
15445 2 2 4 220513 8335 8409 8348
15446 2 2 4 220513 8378 8392 8390
15447 2 2 4 220513 8359 8420 8408
15448 2 2 4 220513 8292 8294 8293
15449 2 2 4 220513 8390 8391 8389
15450 2 2 4 220513 8295 8296 8294
15451 2 2 4 220513 8292 8295 8294
15452 2 2 4 220513 8298 8416 8313
15453 2 2 4 220513 8328 8417 8351
15454 2 2 4 220513 8288 8366 8281
15455 2 2 4 220513 8329 8417 8328
15456 2 2 4 220513 8325 8418 8301
15457 2 2 4 220513 8436 8458 8282
15458 2 2 4 220513 8378 8390 8389
15459 2 2 4 220513 8295 8411 8296
15460 2 2 4 220513 8308 8428 8311
15461 2 2 4 220513 8367 8423 8416
15462 2 2 4 220513 8398 8422 8363
15463 2 2 4 220513 8326 8434 8337
15464 2 2 4 220513 8392 8475 8275
15465 2 2 4 220513 8296 8411 8299
15466 2 2 4 220513 8395 8431 8268
15467 2 2 4 220513 8411 8434 8316
15468 2 2 4 220513 8299 8411 8316
15469 2 2 4 220513 8337 8421 8409
15470 2 2 4 220513 8332 8437 8354
15471 2 2 4 220513 8327 8433 8365
15472 2 2 4 220513 8409 8421 8410
15473 2 2 4 220513 8418 8428 8305
15474 2 2 4 220513 8392 8393 8390
15475 2 2 4 220513 8427 8435 8373
15476 2 2 4 220513 8365 8428 8418
15477 2 2 4 220513 8291 8292 8290
15478 2 2 4 220513 8408 8435 8427
15479 2 2 4 220513 8351 8417 8375
15480 2 2 4 220513 8395 8445 8431
15481 2 2 4 220513 8416 8423 8313
15482 2 2 4 220513 8313 8423 8318
15483 2 2 4 220513 8311 8425 8320
15484 2 2 4 220513 8318 8423 8330
15485 2 2 4 220513 8443 8447 8364
15486 2 2 4 220513 8373 8429 8372
15487 2 2 4 220513 8422 8427 8373
15488 2 2 4 220513 8353 8436 8405
15489 2 2 4 220513 8408 8427 8407
15490 2 2 4 220513 8392 8394 8393
15491 2 2 4 220513 8305 8428 8308
15492 2 2 4 220513 8383 8441 8349
15493 2 2 4 220513 8361 8424 8401
15494 2 2 4 220513 8352 8444 8400
15495 2 2 4 220513 8356 8469 8371
15496 2 2 4 220513 8401 8424 8353
15497 2 2 4 220513 8412 8430 8413
15498 2 2 4 220513 8365 8433 8425
15499 2 2 4 220513 8394 8470 8432
15500 2 2 4 220513 8407 8427 8321
15501 2 2 4 220513 8394 8474 8470
15502 2 2 4 220513 8393 8432 8421
15503 2 2 4 220513 8421 8426 8393
15504 2 2 4 220513 8390 8426 8391
15505 2 2 4 220513 8425 8433 8368
15506 2 2 4 220513 8337 8426 8421
15507 2 2 4 220513 8321 8427 8422
15508 2 2 4 220513 8357 8430 8412
15509 2 2 4 220513 8415 8479 8414
15510 2 2 4 220513 8468 8479 8415
15511 2 2 4 220513 8346 8460 8397
15512 2 2 4 220513 8341 8443 8364
15513 2 2 4 220513 8423 8437 8330
15514 2 2 4 220513 77 8419 76
15515 2 2 4 220513 8336 8433 8327
15516 2 2 4 220513 8367 8437 8423
15517 2 2 4 220513 8289 8291 8290
15518 2 2 4 220513 8289 8290 8288
15519 2 2 4 220513 8394 8432 8393
15520 2 2 4 220513 8421 8432 8410
15521 2 2 4 220513 8393 8426 8390
15522 2 2 4 220513 8354 8464 8340
15523 2 2 4 220513 8437 8438 8354
15524 2 2 4 220513 34 8439 33
15525 2 2 4 220513 8381 8453 8360
15526 2 2 4 220513 8400 8438 8306
15527 2 2 4 220513 8316 8434 8326
15528 2 2 4 220513 8358 8451 8380
15529 2 2 4 220513 8366 8478 8281
15530 2 2 4 220513 36 8403 35
15531 2 2 4 220513 8445 8478 8366
15532 2 2 4 220513 8383 8443 8441
15533 2 2 4 220513 8330 8437 8332
15534 2 2 4 220513 8432 8470 8265
15535 2 2 4 220513 8336 8441 8433
15536 2 2 4 220513 8433 8441 8368
15537 2 2 4 220513 8267 8465 8387
15538 2 2 4 220513 8431 8445 8386
15539 2 2 4 220513 35 8403 8269
15540 2 2 4 220513 8287 8289 8288
15541 2 2 4 220513 8306 8438 8367
15542 2 2 4 220513 8424 8436 8353
15543 2 2 4 220513 8362 8471 8381
15544 2 2 4 220513 8373 8435 8429
15545 2 2 4 220513 8456 8457 8283
15546 2 2 4 220513 8383 8447 8443
15547 2 2 4 220513 8349 8441 8336
15548 2 2 4 220513 8367 8438 8437
15549 2 2 4 220513 8397 8444 8352
15550 2 2 4 220513 8273 8466 8459
15551 2 2 4 220513 8368 8443 8341
15552 2 2 4 220513 8263 8448 56
15553 2 2 4 220513 8361 8467 8424
15554 2 2 4 220513 8444 8464 8354
15555 2 2 4 220513 8277 8454 58
15556 2 2 4 220513 8279 8449 70
15557 2 2 4 220513 55 8448 8278
15558 2 2 4 220513 33 8280 32
15559 2 2 4 220513 69 8449 8271
15560 2 2 4 220513 8441 8443 8368
15561 2 2 4 220513 59 8450 8277
15562 2 2 4 220513 8384 8447 8383
15563 2 2 4 220513 8278 8455 54
15564 2 2 4 220513 57 8454 8263
15565 2 2 4 220513 8271 8456 68
15566 2 2 4 220513 8270 8450 60
15567 2 2 4 220513 56 8448 55
15568 2 2 4 220513 67 8456 8283
15569 2 2 4 220513 53 8455 8273
15570 2 2 4 220513 61 8458 8270
15571 2 2 4 220513 70 8449 69
15572 2 2 4 220513 8282 8458 62
15573 2 2 4 220513 8273 8459 52
15574 2 2 4 220513 60 8450 59
15575 2 2 4 220513 54 8455 53
15576 2 2 4 220513 51 8459 8286
15577 2 2 4 220513 68 8456 67
15578 2 2 4 220513 8286 8461 50
15579 2 2 4 220513 49 8461 8266
15580 2 2 4 220513 40 8462 8265
15581 2 2 4 220513 62 8458 61
15582 2 2 4 220513 8357 8473 8430
15583 2 2 4 220513 8284 8462 41
15584 2 2 4 220513 58 8454 57
15585 2 2 4 220513 44 8463 8272
15586 2 2 4 220513 8360 8453 8361
15587 2 2 4 220513 52 8459 51
15588 2 2 4 220513 8364 8451 8358
15589 2 2 4 220513 8370 8460 8346
15590 2 2 4 220513 50 8461 49
15591 2 2 4 220513 45 8463 44
15592 2 2 4 220513 41 8462 40
15593 2 2 4 220513 8283 8465 66
15594 2 2 4 220513 65 8465 8267
15595 2 2 4 220513 8436 8486 8458
15596 2 2 4 220513 8287 8288 8281
15597 2 2 4 220513 8340 8464 8356
15598 2 2 4 220513 8460 8469 8356
15599 2 2 4 220513 8430 8487 8413
15600 2 2 4 220513 8276 8468 75
15601 2 2 4 220513 75 8468 74
15602 2 2 4 220513 39 8470 38
15603 2 2 4 220513 8275 8475 8403
15604 2 2 4 220513 8467 8486 8424
15605 2 2 4 220513 8280 8287 8281
15606 2 2 4 220513 66 8465 65
15607 2 2 4 220513 8387 8482 8267
15608 2 2 4 220513 8378 8475 8392
15609 2 2 4 220513 8408 8466 8435
15610 2 2 4 220513 38 8474 37
15611 2 2 4 220513 8430 8473 8442
15612 2 2 4 220513 74 8480 73
15613 2 2 4 220513 8285 8476 46
15614 2 2 4 220513 8420 8466 8408
15615 2 2 4 220513 8463 8476 8384
15616 2 2 4 220513 80 8472 8274
15617 2 2 4 220513 37 8474 8275
15618 2 2 4 220513 8449 8477 8271
15619 2 2 4 220513 8405 8482 8369
15620 2 2 4 220513 8267 8490 64
15621 2 2 4 220513 63 8490 8282
15622 2 2 4 220513 8274 8478 8445
15623 2 2 4 220513 81 8472 80
15624 2 2 4 220513 8403 8475 8377
15625 2 2 4 220513 8451 8452 8266
15626 2 2 4 220513 8265 8470 39
15627 2 2 4 220513 8397 8464 8444
15628 2 2 4 220513 8457 8489 8283
15629 2 2 4 220513 8377 8475 8378
15630 2 2 4 220513 8406 8473 8357
15631 2 2 4 220513 8372 8471 8362
15632 2 2 4 220513 8419 8481 8276
15633 2 2 4 220513 8440 8482 8405
15634 2 2 4 220513 8435 8483 8429
15635 2 2 4 220513 46 8476 45
15636 2 2 4 220513 8270 8486 8467
15637 2 2 4 220513 73 8480 8264
15638 2 2 4 220513 8440 8490 8267
15639 2 2 4 220513 8282 8490 8440
15640 2 2 4 220513 8369 8482 8387
15641 2 2 4 220513 8414 8479 8375
15642 2 2 4 220513 8276 8479 8468
15643 2 2 4 220513 8453 8467 8361
15644 2 2 4 220513 8371 8488 8477
15645 2 2 4 220513 8370 8489 8469
15646 2 2 4 220513 8469 8489 8457
15647 2 2 4 220513 8371 8477 8406
15648 2 2 4 220513 8270 8467 8450
15649 2 2 4 220513 8276 8481 8479
15650 2 2 4 220513 45 8476 8463
15651 2 2 4 220513 8375 8481 8374
15652 2 2 4 220513 8372 8484 8471
15653 2 2 4 220513 8280 8439 8287
15654 2 2 4 220513 8370 8469 8460
15655 2 2 4 220513 8466 8483 8435
15656 2 2 4 220513 8456 8488 8457
15657 2 2 4 220513 8429 8484 8372
15658 2 2 4 220513 64 8490 63
15659 2 2 4 220513 8442 8473 8279
15660 2 2 4 220513 33 8439 8280
15661 2 2 4 220513 8278 8484 8429
15662 2 2 4 220513 8410 8485 8379
15663 2 2 4 220513 8387 8489 8370
15664 2 2 4 220513 8479 8481 8375
15665 2 2 4 220513 8424 8486 8436
15666 2 2 4 220513 8413 8487 8415
15667 2 2 4 220513 8472 8478 8274
15668 2 2 4 220513 8273 8483 8466
15669 2 2 4 220513 8267 8482 8440
15670 2 2 4 220513 8448 8484 8278
15671 2 2 4 220513 8271 8488 8456
15672 2 2 4 220513 8455 8483 8273
15673 2 2 4 220513 8284 8485 8462
15674 2 2 4 220513 8458 8486 8270
15675 2 2 4 220513 3 8262 81
15676 2 2 4 220513 8477 8488 8271
15677 2 2 4 220513 8480 8487 8264
15678 2 2 4 220513 8415 8487 8480
15679 2 2 4 220513 8262 8472 81
15680 2 2 4 220513 32 8262 3
$EndElements
