$MeshFormat
2.2 0 8
$EndMeshFormat
$PhysicalNames
4
2 1 "horn_surface"
2 2 "throat_cap"
2 3 "interface_wall"
2 4 "interface_face"
$EndPhysicalNames
$Nodes
1360
1 15 0 -100
2 60 0 0
3 60 0 20
4 59.48669168242863 7.831571533203083 0
5 57.95554957734411 15.52914270615122 0
6 55.43277195067722 22.96100594190535 0
7 51.96152422706634 29.99999999999996 0
8 47.60120041747415 36.52568574052319 0
9 42.42640687119291 42.4264068711928 0
10 36.52568574052331 47.60120041747405 0
11 30.00000000000009 51.96152422706627 0
12 22.96100594190547 55.43277195067717 0
13 15.52914270615135 57.95554957734407 0
14 7.831571533203209 59.48669168242861 0
15 1.23577905720984e-13 60 0
16 -7.831571533202978 59.48669168242864 0
17 -15.52914270615112 57.95554957734413 0
18 -22.96100594190526 55.43277195067726 0
19 -29.99999999999987 51.96152422706639 0
20 -36.52568574052309 47.60120041747422 0
21 -42.42640687119271 42.42640687119299 0
22 -47.60120041747397 36.52568574052342 0
23 -51.96152422706619 30.00000000000023 0
24 -55.43277195067708 22.96100594190569 0
25 -57.95554957734402 15.52914270615157 0
26 -59.48669168242859 7.831571533203437 0
27 -60 4.070279269879906e-13 0
28 -59.48669168242868 -7.831571533202657 0
29 -57.95554957734422 -15.52914270615078 0
30 -55.43277195067739 -22.96100594190493 0
31 -51.9615242270666 -29.99999999999952 0
32 -47.60120041747447 -36.52568574052277 0
33 -42.42640687119327 -42.42640687119243 0
34 -36.52568574052372 -47.60120041747374 0
35 -30.00000000000058 -51.96152422706598 0
36 -22.96100594190601 -55.43277195067694 0
37 -15.52914270615186 -57.95554957734393 0
38 -7.831571533203626 -59.48669168242856 0
39 -5.439285090044765e-13 -60 0
40 7.8315715332026 -59.48669168242869 0
41 15.52914270615086 -57.9555495773442 0
42 22.96100594190505 -55.43277195067734 0
43 29.99999999999968 -51.9615242270665 0
44 36.52568574052298 -47.60120041747431 0
45 42.42640687119265 -42.42640687119304 0
46 47.60120041747397 -36.52568574052343 0
47 51.96152422706622 -30.00000000000017 0
48 55.43277195067715 -22.96100594190552 0
49 57.95554957734409 -15.52914270615129 0
50 59.48669168242861 -7.831571533203155 0
51 14.48888740452845 3.882285678542091 -100.0000000000009
52 12.9903810437852 7.499999990884286 -99.99999999999974
53 10.60660171686782 10.60660172029326 -99.99999999999979
54 7.500000011799331 12.99038107467953 -100.0000000000001
55 3.882285679914014 14.48888738984138 -100.0000000000001
56 1.379757419428529e-10 14.99999997768252 -100
57 -3.882285679390676 14.48888738988356 -100
58 -7.500000009683305 12.99038107025162 -100.0000000000001
59 -10.60660172321339 10.60660172632672 -100
60 -12.99038105152788 7.49999999986575 -100
61 -14.48888738878302 3.882285675806074 -100.0000000000001
62 -14.99999999801228 2.342921296345679e-14 -100
63 -14.48888738878303 -3.882285675806024 -100
64 -12.9903810515279 -7.499999999865709 -100
65 -10.60660172321341 -10.60660172632668 -99.99999999999999
66 -7.500000009683336 -12.99038107025158 -99.99999999999997
67 -3.882285679390722 -14.48888738988355 -99.99999999999997
68 1.37913125364264e-10 -14.99999997768252 -99.99999999999997
69 3.88228567991397 -14.48888738984137 -99.99999999999999
70 7.500000011799299 -12.99038107467953 -100
71 10.60660171686783 -10.6066017202933 -100
72 12.99038104378521 -7.499999990884348 -100
73 14.48888740452835 -3.882285678542102 -99.99999999999987
74 16.30279716037532 6.174327321158434e-15 -96.35257142315231
75 17.67340287590905 9.947372530034132e-15 -92.58514823532663
76 19.11581210525993 1.356942779828179e-14 -88.69415067442857
77 20.63427317817967 1.701421295523846e-14 -84.67593884249436
78 22.23330423232378 2.025295323513643e-14 -80.52681640896795
79 23.91770921553263 2.325417799195547e-14 -76.2430385514337
80 25.6925970535584 2.598351058171985e-14 -71.8208149091944
81 27.56339772464698 2.84034376422926e-14 -67.25632359746209
82 29.53588369434561 3.047307195709488e-14 -62.54571496886768
83 31.61618844551789 3.214789521765157e-14 -57.68512592148875
84 33.81082836656728 3.337948961435441e-14 -52.67068929729173
85 36.12672191742932 3.41152526092236e-14 -47.49855273675099
86 38.5712150663043 3.429810046947153e-14 -42.16488632937639
87 41.15209752010617 3.386615577479005e-14 -36.66591359781668
88 43.87763335815513 3.275242348707835e-14 -30.99791370420911
89 46.75657626098845 3.088445567934865e-14 -25.15725942506133
90 49.7981960818471 2.818400546070305e-14 -19.1404328437007
91 53.01229915981703 2.456667450846717e-14 -12.9440559518707
92 56.4092528576633 1.994155067580945e-14 -6.564914200877714
93 59.48669167680759 7.831571530473603 0
94 57.95554957517446 15.52914270651502 0
95 55.43277195883597 22.96100594616844 0
96 51.96152423314792 30.00000000293208 0
97 47.60120041256828 36.52568573510069 0
98 42.42640686087886 42.42640686147782 0
99 36.52568573596822 47.60120041468878 0
100 30.0000000038883 51.96152423734924 0
101 22.96100594872419 55.43277196617952 0
102 15.52914271001914 57.95554958344027 0
103 7.831571533921981 59.48669167222489 0
104 -6.17284001691587e-14 59.99999998184441 0
105 -7.831571533922081 59.48669167222489 0
106 -15.52914271001923 57.95554958344026 0
107 -22.9610059487243 55.43277196617947 0
108 -30.00000000388838 51.9615242373492 0
109 -36.52568573596834 47.60120041468876 0
110 -42.42640686087898 42.42640686147777 0
111 -47.60120041256835 36.52568573510061 0
112 -51.96152423314793 30.00000000293193 0
113 -55.43277195883593 22.96100594616829 0
114 -57.95554957517453 15.52914270651493 0
115 -59.48669167680789 7.831571530473561 0
116 -60.00000000000023 -8.746210988772488e-15 0
117 -59.48669167680819 -7.83157153047361 0
118 -57.95554957517459 -15.52914270651489 0
119 -55.43277195883585 -22.96100594616824 0
120 -51.96152423314783 -30.00000000293191 0
121 -47.60120041256832 -36.52568573510058 0
122 -42.42640686087894 -42.42640686147776 0
123 -36.52568573596832 -47.60120041468875 0
124 -30.00000000388834 -51.96152423734922 0
125 -22.96100594872425 -55.43277196617949 0
126 -15.52914271001924 -57.95554958344024 0
127 -7.831571533922025 -59.4866916722249 0
128 -7.105427357601002e-15 -59.99999998184441 0
129 7.831571533922013 -59.48669167222488 0
130 15.52914271001923 -57.95554958344023 0
131 22.96100594872432 -55.43277196617944 0
132 30.00000000388836 -51.96152423734922 0
133 36.52568573596827 -47.60120041468881 0
134 42.42640686087891 -42.42640686147784 0
135 47.6012004125683 -36.52568573510064 0
136 51.96152423314786 -30.000000002932 0
137 55.43277195883585 -22.96100594616835 0
138 57.95554957517451 -15.52914270651499 0
139 59.486691676808 -7.831571530473677 0
140 60 0 6.666666666666667
141 60 0 13.33333333333333
142 59.48669168242863 7.831571533203083 20
143 57.95554957734411 15.52914270615122 20
144 55.43277195067722 22.96100594190535 20
145 51.96152422706634 29.99999999999996 20
146 47.60120041747415 36.52568574052319 20
147 42.42640687119291 42.4264068711928 20
148 36.52568574052331 47.60120041747405 20
149 30.00000000000009 51.96152422706627 20
150 22.96100594190547 55.43277195067717 20
151 15.52914270615135 57.95554957734407 20
152 7.831571533203209 59.48669168242861 20
153 1.23577905720984e-13 60 20
154 -7.831571533202978 59.48669168242864 20
155 -15.52914270615112 57.95554957734413 20
156 -22.96100594190526 55.43277195067726 20
157 -29.99999999999987 51.96152422706639 20
158 -36.52568574052309 47.60120041747422 20
159 -42.42640687119271 42.42640687119299 20
160 -47.60120041747397 36.52568574052342 20
161 -51.96152422706619 30.00000000000023 20
162 -55.43277195067708 22.96100594190569 20
163 -57.95554957734402 15.52914270615157 20
164 -59.48669168242859 7.831571533203437 20
165 -60 4.070279269879906e-13 20
166 -59.48669168242868 -7.831571533202657 20
167 -57.95554957734422 -15.52914270615078 20
168 -55.43277195067739 -22.96100594190493 20
169 -51.9615242270666 -29.99999999999952 20
170 -47.60120041747447 -36.52568574052277 20
171 -42.42640687119327 -42.42640687119243 20
172 -36.52568574052372 -47.60120041747374 20
173 -30.00000000000058 -51.96152422706598 20
174 -22.96100594190601 -55.43277195067694 20
175 -15.52914270615186 -57.95554957734393 20
176 -7.831571533203626 -59.48669168242856 20
177 -5.439285090044765e-13 -60 20
178 7.8315715332026 -59.48669168242869 20
179 15.52914270615086 -57.9555495773442 20
180 22.96100594190505 -55.43277195067734 20
181 29.99999999999968 -51.9615242270665 20
182 36.52568574052298 -47.60120041747431 20
183 42.42640687119265 -42.42640687119304 20
184 47.60120041747397 -36.52568574052343 20
185 51.96152422706622 -30.00000000000017 20
186 55.43277195067715 -22.96100594190552 20
187 57.95554957734409 -15.52914270615129 20
188 59.48669168242861 -7.831571533203155 20
189 34.57338610645445 6.003192668025936 -49.79759896811225
190 34.6297217413648 -5.390794400128518 -49.89553974711356
191 -15.97109624585189 -1.976593098760238 -96.9356436131466
192 -12.79259957582572 9.502144048520375 -97.37410314404872
193 26.30010200608882 4.900263026471346 -69.2224072311197
194 26.34199487760989 -4.421668229691894 -69.32524163336292
195 -31.73283276608927 -47.15848082119292 -5.766164785945515
196 -12.94786722357859 -9.481071414402471 -97.06076596511326
197 -55.53330316153986 11.82898396648388 -5.880356053080895
198 -31.12258613347369 47.44274442962876 -5.952700362383156
199 -6.281627203869933 -14.81365497317735 -96.94252764670519
200 -2.21923539293602 15.87912219750013 -97.10125164601129
201 3.377726440434694 56.87666275884007 -5.515251344384395
202 3.679852903970763 -56.86359005010532 -5.504801410217007
203 39.6020897872345 -5.051437683337307 -39.26832841058246
204 39.58068680495813 5.161569996940582 -39.28353002030556
205 6.405163142253332 -14.77798603240022 -96.8983029630751
206 21.13958711895157 3.772302090331533 -82.48799522253563
207 -53.93719094752297 -18.38826444808383 -5.499302606531632
208 31.50436345193105 47.14961190680842 -6.014930460812866
209 31.61622045385379 -47.17206401620625 -5.865444360087621
210 21.13958711901461 -3.772302090395784 -82.4879952223434
211 -47.50271023861443 31.43511335869834 -5.542621947190108
212 47.55729759852786 31.52088399807636 -5.371294507474415
213 47.14961189194431 -31.50436344406243 -6.014930452873799
214 9.815805210767749 12.79220639816242 -96.84862708615498
215 12.8226068643389 -9.797878039291199 -96.81181122492342
216 48.045272111274 -5.496567338271357 -21.96895251947933
217 47.99819501809925 5.73043562375324 -22.00770971732477
218 30.29145987544553 4.490063468839788 -59.99362343586738
219 30.4123273572899 -4.046301278146478 -59.85847267078276
220 18.13478053518126 3.812442395132815 -90.26231592178988
221 18.7193405734856 53.76326684689995 -5.603737702476014
222 17.69209510885499 -54.04838008869218 -5.711872487169206
223 -11.06286127337209 55.6167593276316 -6.014930454653193
224 -10.81663546551063 -55.58992679852604 -6.151540643186452
225 -42.68197444044785 -37.54998983472618 -5.752229980288524
226 -56.57892753826873 -3.638819465157197 -6.034412252885318
227 18.1420921249278 -3.554168496139058 -90.38144890940029
228 53.90617912641985 17.9732095597108 -5.798385617521546
229 53.69695709588827 -18.22766078019918 -6.014930457782992
230 15.04793581364471 6.142164233861285 -96.49022000425575
231 54.43273422295259 6.143997378213284 -9.60642517909468
232 54.4327342229767 -6.143997378255019 -9.606425179041251
233 6.146428982748649 14.92872419508068 -96.79219510777486
234 8.623174397684721 14.99882932376772 -93.60192937931785
235 12.06300230105745 12.47056750919273 -93.46713648512969
236 10.90815531684362 14.99022558349633 -90.24127199846457
237 7.231881520731518 17.0896609130588 -90.19323775324008
238 9.739756921529708 17.22788323665652 -86.89919291602355
239 5.853880547074681 18.94152631802474 -86.80650171241419
240 8.458802118598097 19.4063316762543 -83.27737670979992
241 4.104585345555402 20.79889549594583 -83.19846339182733
242 6.89899401555124 21.5011421822696 -79.63575939293983
243 2.269391061223378 22.5282941486369 -79.47860819424488
244 5.126594044738593 23.51104551395263 -75.8763531957523
245 0.4449454900324867 24.21924227177071 -75.4749977634889
246 3.386965214222633 25.41159083057614 -71.95965568815214
247 -1.338278003552306 25.89229401938542 -71.24392313855557
248 1.682773326824345 27.29506731000789 -67.77965497518738
249 -3.219808551777251 27.49530303566344 -66.96731625379986
250 -0.08534684047931052 29.16510202362986 -63.42316553092306
251 -5.151726904008672 29.09455750040132 -62.51911966909282
252 -8.82795995984953 26.49622324031454 -66.37746031738274
253 -10.20637303759145 28.25658413805996 -61.35000847356501
254 -13.52717052046543 25.37688907495964 -64.3934141875505
255 -15.0651175230414 26.75836625259038 -59.79439639117467
256 -17.7273101608645 23.41791884170623 -62.935574460478
257 -19.57260739904709 24.65596120705922 -57.99958909794228
258 -21.97066750984649 20.82639731121176 -60.81134625453358
259 -23.79149317455146 21.98743325633709 -55.89102187955471
260 -25.81049808331437 17.74653685414923 -58.36402323835833
261 -4.266816785293928 24.12121217012227 -74.79288171138893
262 -1.916122081538932 31.05201177635558 -58.85548253152974
263 -16.99329450124394 28.03344741964943 -55.00779099946654
264 -27.64278265013755 18.87705638077669 -53.4344088188863
265 -29.14182223270254 14.1239353423815 -55.91759810615375
266 -27.0934086156569 13.21678911973247 -61.11076580098873
267 -30.1297546149032 9.255482452150883 -57.90914502655563
268 -31.98323982792903 10.31814882462064 -53.13297593627009
269 -32.38886561477717 5.183129902210061 -54.9640276084783
270 -30.52676130960742 4.077965849661705 -59.58415703563715
271 -31.99523855194862 -0.1185643483978292 -56.81040911514538
272 -30.04126285683001 -1.330038683247587 -61.28584169333129
273 -31.00474365086713 -5.286402346309647 -58.0644358529294
274 -28.70339670846582 -6.445234169780882 -62.82410395635495
275 -29.18020538709502 -10.31631628300214 -59.22969363211143
276 -26.82672833659181 -11.19115257231218 -63.65527745697709
277 -31.71326185990227 -9.230510613941544 -54.44347273385166
278 -29.36910905942295 -14.19490790204436 -55.37835929953503
279 -32.17824529597407 -13.18141964627957 -50.50645913028116
280 -29.30724694648352 -18.13343090610025 -51.2008457921057
281 3.57532579238086 30.56706413761411 -59.63657730805124
282 7.399195411022177 24.4126443970096 -72.27324707158978
283 1.445521027640301 32.73247644040282 -55.04756211538771
284 6.789760825035419 31.81240295758478 -55.58592340287294
285 4.888705902809225 34.24289671896699 -50.91696356801246
286 10.43546948694303 32.81247665526518 -51.27182543102238
287 -32.31959750495193 -17.17145972050999 -46.46039004703631
288 -29.02378851549467 -21.95182440734489 -46.91709653265828
289 -25.70684333806064 -22.68394824558045 -51.6038518599813
290 -25.0805869218117 -26.24834670031606 -47.10654805594878
291 -21.50239736313758 -26.69467495709875 -51.61843142033074
292 -20.6020257548023 -29.9814224894954 -46.94535555547952
293 -16.7385163836 -30.06592689548315 -51.3181333575605
294 -15.67951476789254 -33.08437007313667 -46.43015343661552
295 -11.59200840289049 -32.77520582052723 -50.52578312582997
296 -10.41553788752846 -35.53146998637219 -45.52047736673094
297 -6.149352103176882 -34.67727692446102 -49.51319027075785
298 -7.40383002417578 -32.15479055279994 -54.51888660853757
299 -1.964152761905554 -33.50634483407426 -53.22935258074953
300 -0.6900641059047861 -35.80310188025316 -48.19945653049353
301 -3.214806548217055 -31.2304906440024 -58.19566037981276
302 3.502897461553391 -34.05897039943817 -51.70624165534825
303 4.804908485210911 -36.24368211585772 -46.54222713008728
304 8.415080864196639 35.51797348166457 -46.67320847921484
305 13.88060515433346 33.69293423890853 -46.80760274561527
306 -27.84818650678374 -2.074674277211537 -66.38421735897026
307 -34.95435770681117 -12.02735150203622 -45.65375246921259
308 2.754023376365506 36.61458267945807 -46.19685091284835
309 9.031750632542741 -33.92297622603301 -49.76635027282502
310 10.25959389992991 -36.03167649752231 -44.56549874382821
311 -23.94529694727707 -30.03194504997715 -42.5137415556692
312 6.432063147124846 38.18424244245681 -41.83954850540051
313 0.5438228749284013 39.01527276699876 -41.2011487082654
314 -35.35057613580475 -16.33164766574933 -41.36927017787619
315 -37.90031693731262 -10.76713007584311 -40.38444953384158
316 5.882318874277009 -38.48900692781224 -41.3797733922115
317 14.40351575464831 -33.12682960698155 -47.50747391476347
318 15.5233870317435 -35.29051031771976 -42.20244012883002
319 13.36730683398035 -30.97885632663664 -52.83121068131116
320 19.47086497600267 -31.73060446294622 -45.07947457883964
321 20.79125882182579 -33.8578788399428 -39.67528363150392
322 15.61848872395966 30.60222201194121 -51.43914504886814
323 19.00468323578971 31.13432239094259 -46.72795535560331
324 4.346473940166099 40.84017818039796 -36.83709925789439
325 -1.846626205733719 41.47498732613073 -35.90089324596683
326 -38.43222115387415 -15.30657278621183 -36.21142732674943
327 -40.79643331117909 -9.514994137814138 -35.11481136428371
328 10.99521091681289 19.64120114008026 -79.81875244544732
329 20.58493439301955 27.70626000504753 -51.0824265719383
330 23.75334608747846 27.9641361851566 -46.25660334780677
331 22.3297202260213 31.54738551364162 -41.99417469035267
332 27.02656721789324 28.0393031072397 -41.36231981987409
333 25.69194995556281 31.91288552924928 -37.05043957471081
334 30.37318764793129 28.00000621969552 -36.33334196393366
335 24.3976690472758 -29.87086755016136 -42.17113872214004
336 25.80113383342076 -32.02982740267098 -36.71419553701125
337 21.95306557512091 -36.31017384732756 -33.9896029196193
338 27.2725061813274 -34.28843717780357 -31.13290079740539
339 30.4908022298941 -29.83858521383257 -33.50918609450373
340 -0.2881863187745348 21.31572303434056 -82.89258388767678
341 -15.91779920170239 22.25588173275992 -67.74213904185028
342 29.11841583620821 32.21763708157158 -31.92662063319878
343 33.82537310371905 27.97944086206703 -30.95676542184816
344 23.11521245908067 -27.72715044403172 -47.5606803037757
345 -8.449036238770294 -29.74618312421966 -59.29323366232349
346 -4.499440824936872 -28.98204958521545 -63.03447117537658
347 -9.456596478955088 -27.25581242039951 -64.17284144096004
348 -5.677674381574057 -26.79173518456406 -67.68325836284816
349 -0.7408786317388409 -27.90906939280405 -66.39974923314503
350 -1.85420562872082 -25.88860429184518 -71.17491501676784
351 -6.863710669482386 -24.34081514049108 -72.81581838596342
352 2.965467147693627 -26.41124972084857 -69.65042342374329
353 1.88985795579485 -24.66875192722925 -74.18026602520126
354 6.508934137212739 -24.52671605584436 -72.60369804575026
355 5.435160257051578 -22.95141796241975 -77.07931144663635
356 9.847506185983338 -22.22842138403517 -75.25253968045526
357 1.326267953764397 -22.95541452455285 -78.5822162656125
358 10.91021778784051 -23.70040828246478 -70.84053131741999
359 9.069862667979795 -20.72195979567454 -79.53578298525933
360 -3.191416013552286 36.93580872389863 -45.41800294029474
361 13.99902393377525 -20.85235678581175 -73.24839779387516
362 15.11640899265891 -22.3259893366749 -68.71285661196312
363 2.121095119863663 43.59976771556184 -31.46328408553727
364 -4.094785878193234 43.91134644922419 -30.53773667521343
365 -8.075076678496632 41.23505624806596 -34.84947816045318
366 -10.42245701012366 43.47104389960866 -29.30843507265686
367 -14.30950233687463 40.26883159081237 -33.35577709108044
368 -25.67659188048424 23.32546537210346 -50.69416052165289
369 13.60300676147549 14.4267697916955 -86.7982125326844
370 -39.64671282715122 -4.905998208186618 -39.21266775059911
371 -42.44009462518497 -3.586994528227715 -33.65543848111119
372 -40.70688234688861 1.107867487028936 -37.57328839441438
373 -43.31497613367121 2.507025003066665 -32.00708049549375
374 -41.03157556300282 7.202749923947363 -35.60124844245505
375 -43.56974652025883 8.597061861819622 -29.90716672687918
376 -40.76226866859142 13.27766529986348 -33.07670712776506
377 27.53224468587105 -25.38221761082613 -44.6021445476071
378 25.012335289023 24.18390158961137 -50.46501163750845
379 22.0309521223094 24.13944238735884 -55.23707288990403
380 -41.63210838039673 -14.12713427102902 -30.82113488816435
381 -38.6521552862278 -20.03755441171856 -31.69822542743282
382 24.1236929544608 -38.64231998890991 -27.57893615661416
383 26.29180118514568 -23.31335962242722 -49.68919060074813
384 -43.25671367021594 14.657136361718 -27.33953511642546
385 -39.81465434674447 19.15312699949119 -30.37347687809218
386 -14.61079768955899 -36.09632990882496 -41.36831848730372
387 -16.6415855484661 42.36075651225315 -27.66354737851854
388 -20.35516388753103 38.62371312414983 -31.44713197366745
389 24.21521893886384 35.66721977922649 -32.57896225146805
390 32.26624973761284 -31.94373401325874 -27.88335337447791
391 35.26785362001105 -26.86140579051471 -30.06564642415499
392 32.62109097781177 32.50033270057877 -26.58154973000144
393 37.21118309909848 27.99895831749225 -25.53464510078612
394 31.30610230951524 23.96032761993293 -40.33547720322682
395 -45.24905334635509 -2.222189160369898 -28.08676186094124
396 -42.19326109558207 -18.75837406350676 -26.32505770908129
397 -38.75482191677524 -24.57258419508575 -26.90319416480321
398 17.90294809841545 -18.96308906253464 -70.87007749390399
399 19.01242665278942 -20.48774819573271 -66.32421821052631
400 16.92334864039262 -17.45858990711545 -75.24604675903672
401 -22.6826586299741 40.59978333981157 -25.65905586245657
402 37.93845897893956 23.15146730789101 -29.83618819633728
403 -21.9159300415542 -23.30907974104943 -56.81358039715104
404 -29.60611570790116 20.11441658917103 -48.23739463356188
405 -27.51138772106304 24.7375445314042 -45.58394111334793
406 -0.01071685379968601 46.30153727640865 -26.07076840352407
407 6.470404008051754 45.45810888802787 -26.84696219632876
408 -26.04471508484581 36.39789414518025 -29.19960819979866
409 -28.42133779329669 38.27566684579799 -23.32645291300248
410 41.26247928300081 23.04895975973274 -24.14357883300408
411 26.03278895504432 20.35092025500112 -54.41132558203968
412 23.23969580090542 20.47272741522485 -59.18064495384445
413 19.18943458076895 23.98449519438508 -59.77455174422235
414 20.5021167910335 20.54329764983848 -63.75959455072515
415 -42.27180595383051 20.59022726088094 -24.63041342498198
416 -42.54679378846876 -23.45056490765189 -21.52895662102097
417 -38.65372786735631 -29.04882377827602 -21.98153485306023
418 30.17087618267194 -20.63814712055336 -46.55656303321648
419 -34.57580724876904 -29.79705330580579 -27.39765831303934
420 -34.10251979710543 -34.11521478694235 -22.2091257383406
421 -29.77933405538415 -34.59974193481931 -27.38436292732938
422 -29.04926244600759 -38.6938967033303 -21.91753274206397
423 -23.91497210109955 -38.78829278333826 -27.55058702123972
424 -23.45901726132102 -42.59469172385541 -21.43815504272293
425 -18.2491433072507 -42.46505252160618 -26.23432532888373
426 37.02326782289536 -29.21884429575739 -24.34191234837822
427 17.80016209249197 -40.14530471581725 -30.92200275147333
428 19.2204839963873 -42.53185168575489 -25.32442219870438
429 13.25547695265277 -43.48388176129945 -27.77088297393081
430 39.70781871684192 -23.54361975114453 -26.34980984432769
431 37.72905662825517 -21.36305168281778 -32.06918528928308
432 -9.134153703617269 -38.36845980407479 -40.2974459716789
433 -18.17355376490765 36.70350701572541 -37.07832042786643
434 28.80513618756323 -18.51911432178669 -51.69278368173774
435 -19.06111166418223 44.54884189659695 -21.77782374800372
436 -46.28878864044527 9.905571571818866 -23.99757166554348
437 36.21470838774573 32.72948537005615 -21.07226530209676
438 31.10692144206499 37.14570828533689 -21.78762922667512
439 4.167760618026126 -28.13777797942007 -65.13886141276996
440 33.97170488088766 -34.52561215075508 -21.8151438120375
441 24.11955156800239 16.86283094933287 -62.79669840175012
442 21.60965056567783 17.08734250606532 -67.29078473409628
443 21.43321714585743 -16.62454035736812 -68.31765123510159
444 14.67363847437331 -46.10804320997391 -21.91365208329808
445 8.346355580580905 -46.48403811739379 -24.21578253207714
446 -45.79071513917304 -17.50650792991687 -20.65914498946181
447 -17.52675048955954 -45.88485219960009 -20.47215500058422
448 -12.0932037592329 -45.28309324876366 -24.9299545874563
449 15.72631790831571 -24.09329323282083 -64.35891670498084
450 22.63404684316828 -18.21656543062128 -63.6868165419389
451 -34.16359372350203 1.172136908517476 -51.82985401567035
452 -38.18514957530126 11.89364950714116 -39.11592216581663
453 41.51275079388839 17.88482874104889 -28.29397369214091
454 -38.1679146465702 24.90684632022717 -27.53541526609487
455 -40.82512548288665 26.44139219312517 -21.4137262149484
456 -45.05018507784556 21.99732240054088 -18.48576859488546
457 4.201195769229086 48.4788366358715 -21.37300073216142
458 11.13589904458765 47.19692033543889 -21.70383689656922
459 -2.500590961878105 49.07924963271056 -20.4238036691496
460 41.54018360610641 -26.17279635534999 -20.51224643635962
461 20.73796597808951 -45.34828348289055 -19.00975607192527
462 10.34030158348618 39.50691586729131 -37.32876246732407
463 16.33447722531598 23.70833646523062 -64.3135417135594
464 -35.89535742999308 23.34843377304799 -33.17912259835277
465 24.62975516125216 -13.94581782191093 -65.47591035976357
466 3.119979553893857 18.32624519154289 -90.10420773594245
467 -11.37880033402382 -48.37876272365061 -19.33443513418322
468 43.81249506525442 -20.09036543070369 -22.28448539141713
469 22.16032250280065 -25.59139057889967 -52.57631324160126
470 38.41345611899816 18.2390532941262 -33.7963890220147
471 12.99689165025439 43.81305018378497 -27.28359666055163
472 18.52543850537252 44.6274994968239 -22.04573663138015
473 9.84903255906173 -49.32930838856061 -18.15664279600767
474 34.98468377435072 37.46742993870216 -16.29946661686147
475 3.85969094938777 -49.07311239876122 -20.26331018685936
476 2.666135314096633 -46.27945434950621 -25.96086877619627
477 44.72849387995149 17.64246723206657 -22.51613573681101
478 44.61347043740253 22.90119421927287 -18.45809042287931
479 28.81810243588115 20.15604758986043 -49.62648552203165
480 29.49326523885038 15.96090413607746 -53.29450656540657
481 32.0546441591317 15.74666293706102 -48.41261620131817
482 29.4201862264511 41.57141496686618 -16.94258970715462
483 -33.48842629305424 -38.48675042376908 -16.7722846752949
484 32.20759650989905 -15.56303659500461 -48.28613365656661
485 33.73005035932692 -17.69554039356118 -43.20498214278907
486 30.73384312607572 -13.28438250646144 -53.41486475822204
487 -42.7130508612275 -28.17506707606407 -16.47848160928668
488 -4.239527635027602 32.86096991686659 -54.20666097249205
489 -22.98329820861975 27.64032962799253 -47.89468138634462
490 -25.07403434318978 28.98224845452434 -42.70006697082225
491 23.35256736444745 -12.44208702042047 -69.93598736123712
492 9.236878298670829 29.13527293269 -60.12911974865825
493 -13.29180048963234 -27.43444021582449 -60.31535161246844
494 -14.1414251565895 -24.80881200957505 -64.87259056036356
495 45.82787195303997 -22.85242460547605 -16.39948441925353
496 24.67769230898869 13.09404922214989 -66.35766660292491
497 22.40163438522577 13.44792815790679 -70.74945969696488
498 19.11995753858957 17.24633184153344 -71.68188218119083
499 20.13161260870661 13.80214963823796 -75.01067702591637
500 9.222266855648721 50.53832159988112 -16.08451991172445
501 22.67903252404452 10.2200773923847 -73.84537053549715
502 -22.36313943924196 -46.44086703841388 -15.75327640400057
503 26.97203492195616 12.72112638879655 -61.87213612063806
504 -30.5031299457537 -30.53103921949461 -32.48168898832201
505 41.31482822058538 12.92157073126152 -32.2116619759348
506 47.83560573003962 -16.39901621009188 -17.64063154489795
507 -13.52096518900766 -39.09821224358307 -36.20736651368796
508 -7.78031958763443 -41.1974438609341 -35.0430008947292
509 -18.50268883088631 -36.49507643023536 -37.1603916898932
510 48.01390818489153 17.50850378923218 -16.59854373604554
511 20.71288426920984 10.35273439311138 -78.16932958177914
512 17.99881192002749 13.88823970174865 -79.24401727644937
513 18.68528558873508 10.60466754166269 -82.45862941096522
514 -31.5802858976683 21.40151779683756 -43.07740494841835
515 25.90260025145756 -15.6030414283767 -60.89074564169063
516 35.30935833079097 -12.32323323164676 -44.7090114526129
517 37.08983542389222 -14.25693171384944 -39.66767138593318
518 -20.12646130417223 31.47053138457758 -44.8007504421016
519 -32.77668209895613 17.09041324347502 -45.65586125747928
520 39.92000593495376 32.91653865825253 -15.37621356519877
521 -37.97954431962618 0.3952763274585488 -43.43994454400539
522 24.05782493527789 -19.63085743971575 -58.99565537032803
523 38.90355339761187 37.76061166701213 -10.66464186011176
524 -33.58802594942667 28.80332319498558 -30.24056956709933
525 -3.506327453163137 -39.75103625508445 -39.30576316489238
526 11.84497732357566 -40.8754148378042 -33.72683702317902
527 47.93463887533448 22.92145887667675 -12.71433646354603
528 -43.54588428163321 27.96370203995228 -15.35564508098278
529 -38.91889665650297 31.97374796332513 -18.0288280307705
530 -47.98867521701575 23.36470152595485 -12.25602315248302
531 -48.82003105444716 17.34635149631107 -15.24283645521655
532 27.47786687226139 -11.14412344253014 -62.27221168505858
533 38.11720701943135 14.0554249893585 -37.77607439020816
534 -31.38391985972125 27.37708968467649 -35.62676617401576
535 22.78456218222482 6.185191238528788 -77.02124885630923
536 43.08545904084183 -29.48970793473172 -14.47365263363425
537 -1.510336669486071 -42.48859008396247 -33.8133897833187
538 24.75535160184638 41.05969339313089 -22.78800098007296
539 18.76743189218553 41.43096929521379 -27.7221844120147
540 45.30172314261742 -14.41744208999591 -23.59158027398375
541 32.22821409687511 11.28494271161369 -51.91279042074305
542 34.67410467846173 10.98974659984705 -46.953259780954
543 26.91944317444419 8.827450891395463 -65.41378239774197
544 4.935203301261938 -52.02708495911067 -14.37881428459341
545 -1.927108880653336 -51.58984317010093 -15.597268302047
546 14.50041708024736 26.91877873314789 -60.10241886433176
547 11.72435664642753 26.14331095101784 -64.64413411603752
548 13.54120944736179 23.39574404547471 -68.5432348737705
549 34.69449482994115 15.46155965411694 -43.43521234353931
550 -6.619007540155943 -47.08853068649825 -23.56997593979976
551 23.55698127088466 45.09617000445316 -17.04019969087835
552 17.18318805629475 48.47609836428098 -15.97159692517727
553 -17.5855789383299 -24.58500729593271 -60.91883975054324
554 -18.10314370706384 -21.81681541543607 -65.36661443085134
555 -15.01337405425127 -22.12109356961576 -69.26631027541956
556 -18.7418414643845 -18.925050992082 -69.50981076883279
557 -15.79648459058727 -19.37977486190722 -73.53036581609877
558 -19.16323041270943 -16.02357815452837 -73.58608062562689
559 -16.54523424366353 -16.60980992733566 -77.43851273020728
560 -19.54807567068345 -13.01236934379587 -77.3404243717309
561 -17.02522028964079 -13.82045186836656 -81.3111621167026
562 -19.6947040394775 -9.946650939921753 -80.96241535280363
563 -13.68913448299553 -17.13826975897421 -81.29648330300105
564 -14.44666898187514 -14.62564016889335 -84.87693397101995
565 -10.8516113005331 -17.50625362659648 -84.77428359888022
566 -21.88233728123176 -9.027475527023967 -76.86422714927689
567 -21.49198869006208 -5.646272401846234 -80.55767200326052
568 -19.54122336286182 -6.974654922927189 -84.3764809068209
569 -20.80510751404054 -2.551057908242827 -83.82162184660673
570 -22.50947170176638 -1.257777577593207 -79.72858358568207
571 -21.24926779256834 1.93726148009616 -82.84134308634307
572 -22.73117866803879 3.219367592868989 -78.67304485318635
573 -20.91632535161678 6.357788420300595 -81.48489765075676
574 -22.25888326114384 7.634237889581486 -77.21717064874215
575 -19.81383698365462 10.60198767624036 -79.91447529150498
576 -19.60278003907755 5.258922764667942 -85.56451771109026
577 -21.09820361698969 11.86923871825631 -75.51419264882962
578 -18.10237247585927 14.56357239153056 -77.97276039749428
579 -16.89108899673656 13.3324954408939 -82.37028508065995
580 -14.72720154101697 16.83906444190357 -80.174322040428
581 -13.65849452095027 15.62000786235145 -84.37434342039556
582 -23.70898054127497 8.898566909476232 -72.73191704665618
583 -9.953471872639444 -19.69378793346161 -80.95660173141127
584 -6.877756504241274 -19.59173996466488 -84.33647997075948
585 -22.40567010844976 13.19644286413181 -71.0565477418851
586 -11.00399633706858 18.61052156882221 -82.10758056449438
587 -9.871467438686112 17.41035417929715 -86.30751275479591
588 -11.72636656386288 -15.33192855922493 -88.19664183841356
589 -18.94268898133929 -4.17158299577568 -87.94524252478018
590 -12.16578759192865 19.86703524820936 -77.81396849415421
591 -12.44074736473412 14.55944029303517 -88.6009331943026
592 -14.91336113863811 -12.12901646718079 -88.40809064590442
593 -8.764361838125001 16.25887394581203 -90.42538285191523
594 -24.28599364948187 -0.07803556756282967 -75.31754638948873
595 -5.998943318132343 18.43914643453964 -87.96158901671416
596 -25.14033294757398 10.12999644658119 -68.36709111086974
597 -25.87277409196117 5.464766664789331 -69.97682752482685
598 -21.11517531441291 -19.05985289456473 -65.13785955319857
599 -5.934917562860608 -21.47013713076006 -80.41888730389988
600 -2.760639884881931 -20.87139648594351 -83.58097916228436
601 -3.706026818281769 -19.22802693788189 -87.45238556444545
602 0.5501732003259102 -19.94068077019789 -86.48161275082057
603 -0.5549199881823902 -18.46986844850268 -90.4050387683647
604 3.611887527544787 -18.56786906854735 -89.22902469672434
605 -5.290219132989934 -17.40054148322776 -91.19131859046269
606 4.704287394294038 -19.87016616024874 -85.23970771498145
607 7.651538688040737 -17.89928240518302 -87.76016005473122
608 -1.363824713347819 -17.14200610639563 -93.88899898739308
609 -8.256166919885644 20.92568925371133 -79.85418330939605
610 -23.77257839609926 14.57133171022619 -66.48620681630533
611 -11.40645802624909 13.58021888727265 -92.41750953963867
612 -14.78393612335334 11.11293746638781 -90.35999328437177
613 -7.750234644253727 15.26015663779355 -94.11038474983386
614 -12.14215175488934 -13.15431540668507 -91.96457805040683
615 -15.04969677338705 -9.925816958801322 -91.62123492660403
616 -10.39714557554231 -12.65242088056354 -96.14864311792334
617 -20.70896949967667 16.83596165002994 -69.3773215663105
618 6.517933850650305 -16.832607907442 -91.56076974145392
619 10.2447814877254 -15.70479044924066 -89.67158785307872
620 11.36202969944542 -16.66430918875639 -85.89848065773592
621 13.66076956876208 -13.86414000123114 -87.76694882280152
622 14.76450660397482 -14.74578017950627 -84.06710071297823
623 16.6739042849642 -11.30687871398118 -85.95932397354724
624 17.91611036441543 -12.36944217674511 -81.71714341348807
625 15.20728037557228 -10.72651177636944 -90.05113379397062
626 -8.998272631737494 -21.82144674935268 -77.03454462305334
627 -27.43490303511319 6.526573872710015 -65.72356028640617
628 17.95629119103597 -7.580749046632232 -87.69422412322308
629 11.99773038236462 -52.23246507124168 -11.84208445087025
630 -42.52401893958925 33.18018055545001 -11.19043418887639
631 -36.30914848021593 37.59051645899314 -14.37464937895382
632 -39.26274899026668 39.47041898315456 -7.933343118843841
633 21.33088654618889 49.43073646170933 -11.38003714583515
634 -17.255067406069 -8.485779096055142 -88.39251727671009
635 -16.78240372312673 -6.070100632228725 -92.1144602884554
636 -18.08432723279134 -1.771985428420833 -91.23465406259953
637 -15.17387895945124 -5.914387878318986 -96.3997940741361
638 2.100387578927827 -16.01931754466168 -96.75907637882676
639 -52.0828415069954 18.19729640922807 -8.871971159542696
640 12.34861778489059 -17.86302567325601 -81.86062773741089
641 -8.354913705692027 -15.22422789672481 -93.42375910772834
642 -1.774360957906917 22.84317333694009 -78.79032900862418
643 5.779008450320802 28.06113177297554 -64.6486794361735
644 12.79220637620251 9.815805183579281 -96.84862708046387
645 14.87933918192271 9.075884019314051 -93.25212907443814
646 14.42806903374747 11.74965056062948 -90.05806998168964
647 9.994313708412164 -12.68687220214693 -96.77517985320634
648 12.59694534968844 -11.85256943101318 -93.61439626375797
649 14.85742757769526 -6.130201043183448 -96.99277300916967
650 1.843136027165611 16.08149498941052 -96.6747319208456
651 -0.6329468499355809 17.36222338231512 -93.40284286332768
652 -5.030294232061503 17.27908788322589 -91.70736585195937
653 -1.848355570592201 18.76082656169493 -89.40122198248916
654 -19.46460542466674 0.6765830885840658 -87.73295665586249
655 -17.9193917986171 2.662996651096198 -91.38282695508246
656 -15.99545580353224 1.904675607158336 -96.89248170427408
657 -14.97606982729029 6.440572207749709 -96.35406541755835
658 -8.639152355979054 22.82685724803819 -75.01482002614836
659 -13.3399970672458 21.63281222761596 -72.50587053404706
660 -9.861545790209121 24.28200191025503 -70.55331294728761
661 32.16868007470126 6.358026393299181 -54.98682279798572
662 29.59128255419619 12.21822469294001 -56.76655474215833
663 -17.39947490603364 -11.0840733793425 -84.68704215763881
664 16.81822207419563 8.110547543376224 -89.8842361487181
665 16.65624009559938 10.91746129198282 -86.56864936460885
666 18.98502033454267 6.876581195110147 -85.83817362219405
667 18.42988034135112 -29.53341430175333 -50.41985707129927
668 17.44741894484875 -27.61950175934619 -55.26597039226938
669 12.37117450251695 -29.00830510167679 -57.8702010550655
670 8.057458212236877 -31.70141319133375 -55.17323646349151
671 2.425424717545221 -31.90803078766731 -56.79977126896895
672 7.005776756376611 -29.55331130017081 -60.57841003963058
673 -8.064830085633574 -17.73834164062577 -87.70827247418197
674 11.89159707497496 -27.06634953349337 -62.48060690165931
675 15.11531805500871 -8.288272640889208 -93.7728274795958
676 17.81511157096115 20.60284327553505 -68.04571048040602
677 15.36427734888476 20.36340197926395 -72.27306022838998
678 16.84153420634219 17.20764521266444 -75.8403811157614
679 -2.22138391682265 -24.05891602076351 -75.63078234291851
680 12.40388971274564 29.99657151399202 -55.74374397673822
681 -10.62011755861466 -24.79739776915178 -68.67941351007724
682 36.93714511414355 6.05012408547206 -44.64071358220482
683 -38.59789930363939 6.263745168704274 -41.02131032271289
684 -35.92728524969098 10.27299030610182 -44.77636204209123
685 -34.54338460280532 6.827010563466964 -49.52820140918698
686 14.04807230438167 40.66100567842036 -32.76783624239299
687 -35.35392393834198 17.63908249119374 -40.14941844958322
688 -34.86194220251799 -25.54118155564502 -32.35912477765828
689 -31.41966784167301 -26.04859596451661 -37.38031415158675
690 -18.67070609544571 9.315773031809616 -84.07021861523748
691 -17.44960124295459 8.44778068903665 -87.97091807778064
692 -26.09317209949727 -19.07742958961255 -56.05685588488694
693 -25.90816535176566 -34.43608997598936 -32.61375801164756
694 2.509983745706048 -17.36437078444314 -92.93557860334499
695 -26.41801068263538 -7.40049657887329 -67.56655400200637
696 -24.44974123300947 -11.57381146796969 -68.49753555294053
697 -25.71639647042842 -3.645267270571436 -71.12932201500712
698 -24.16349352556191 -8.26906428307357 -72.19936304754171
699 35.37879172345487 -19.84393720609774 -37.90732322921164
700 7.230905664717985 -43.87486670340586 -29.79083617556973
701 -17.35492570313913 -27.26454015668284 -56.06584680107871
702 16.68287408838834 3.397563792800156 -94.35781724575652
703 -35.21484564664732 -20.96679977286865 -37.01998775160082
704 5.146599888515114 -21.35496638622074 -81.21371404610306
705 24.56205035388889 -4.021905784182748 -73.81128012371676
706 -15.90953208235969 12.10845299846342 -86.36287821135146
707 -16.58154120387573 6.907601338757444 -91.79850275215389
708 16.67306267120965 -3.857562650739352 -94.11573242330891
709 20.30933625094526 -15.08357335347454 -72.79635168985847
710 22.03714808173651 -11.09500598657727 -74.351075637975
711 19.21094804817793 -13.60910570552892 -77.18876070065031
712 20.6446425849518 -9.966619834743575 -78.75831903087601
713 19.61613066553419 -7.926326631235203 -83.31045579327979
714 45.09914166862539 -5.253080437420522 -27.88303154123104
715 45.0373531471261 5.534173135594192 -27.9396929272684
716 24.89169573378129 9.370394974543396 -69.60210050961862
717 41.79117410706196 -17.46286695517242 -28.10828388197365
718 -36.9744532828913 -6.339900999905088 -44.45612983195734
719 39.32612438887643 -16.00993120116722 -33.92841968568325
720 -11.91752804646491 38.33343516839711 -38.79975615774827
721 13.09197201215716 -19.38840377369885 -77.56399077450419
722 -23.75843581402631 34.68766898038434 -34.79578939903318
723 -10.10838455420579 12.6775683240588 -96.59853962667701
724 -7.107480534127836 19.69845069053285 -83.87240243262175
725 17.48998674150251 27.41380704091474 -55.61102982967149
726 44.63389017471638 11.66244095021214 -26.41126703142513
727 22.83759350787598 -3.782970953908989 -78.18777349906946
728 37.19349995861894 -4.551088653463473 -44.55014693100964
729 32.4504247414155 -4.476412794611309 -55.06276528010451
730 30.34517028500896 -8.768602512700017 -57.75334923697123
731 26.43188480692239 -8.838546106592249 -66.51618669837148
732 28.28483730171835 -4.171174125214019 -64.79013743163536
733 -4.884326933204283 -37.19841915040431 -44.44816070020725
734 42.17180296006372 5.217489409948373 -33.85933942681041
735 42.30773582160125 -5.301522897337071 -33.55738484023944
736 -26.71441338043378 -15.13015693443115 -59.80907707760478
737 51.22540985329849 -5.712161255439031 -15.75687649812032
738 51.77460321909524 -12.41469108680401 -12.50690028358909
739 51.02745466899539 5.827100628607428 -16.11109790282003
740 51.78405939082631 12.01595877526231 -12.66337914150191
741 19.60171501776634 -3.492379244256576 -86.58175568996879
742 -7.689982941484638 -44.0447925824614 -29.29200526087372
743 34.6621432439517 23.53547696831143 -35.10236342642333
744 -12.58582635801276 -30.05187362547796 -55.46683206900598
745 14.03800769099518 52.08895507265403 -11.1710267400314
746 -23.77753423723066 -18.8561386517709 -60.63834386026188
747 9.291844982071801 22.10557740399333 -76.08865752983669
748 15.85471267337872 14.0984107153683 -83.15580395725715
749 -51.03708910221566 24.93790940478377 -5.834622057812731
750 28.91532682198336 -27.60939102675249 -39.1475857403687
751 28.00908065482358 24.23591228528083 -45.49331567563591
752 -5.772364991490358 39.06094070269904 -40.20245706261993
753 -9.438237547849903 36.36857231555786 -44.32710304110202
754 -6.71962977170763 34.59350051177196 -49.46464353172458
755 -11.72743993327484 33.81600464822424 -48.23915301158584
756 -9.252897438537483 32.25576832165804 -53.24562969230416
757 -36.19783792545638 30.30672060295728 -24.25058220098946
758 -11.83665425409493 -22.23036163952406 -73.07564163246289
759 10.98608755087452 55.88222580049828 -5.561359201570106
760 7.584352260965883 -26.06964951141035 -68.25548753268161
761 26.74613676920016 16.58739117797108 -58.01819084505779
762 33.64430570044233 -10.46827385047134 -49.47537728098107
763 14.65878901524524 17.17052428544408 -79.64642392924104
764 0.9677295746196468 -29.89499044949577 -61.66210104205827
765 4.45295580753759 16.67269571942867 -93.72206678383432
766 47.89327064272178 -25.53609509204637 -10.55160362653128
767 41.48249138031819 -35.41202624995262 -10.05083717452301
768 37.78318242211725 -35.04277864610457 -15.77754269304592
769 33.01103713896954 -39.27080965427905 -16.22065979639759
770 28.89526601763961 -38.91519800885637 -21.74922078354001
771 27.48588473205453 -43.3066556090581 -16.23917991346865
772 31.64954738710458 -22.74326086361912 -41.2985679841243
773 -31.02036906413142 15.38018886399937 -50.84125210336948
774 -15.57522230503265 34.92117884921421 -42.88653001085165
775 -34.28194059953719 -8.005471120531663 -49.54447897249621
776 12.04863171403359 36.65893351250367 -42.12832428283003
777 -12.90663956474016 -42.10270859964989 -30.67163119338121
778 -19.32853334777762 15.85595599975405 -73.53538959665084
779 -24.35190284196073 4.3533940290722 -74.18790924519922
780 27.9146522862977 36.15674133588817 -27.32707519336577
781 43.08975204897676 -11.17964319346788 -29.68931313437837
782 -7.245836882367058 30.67240190582309 -57.91529838164949
783 20.92492180017818 34.93295675021004 -37.57624247503028
784 -6.497110809891292 46.42355128872994 -24.91811594866856
785 -9.140116624607931 48.89127390449316 -19.25745239146851
786 -4.987172477572886 51.84132254852605 -14.72363383797779
787 -11.75191422026931 52.03048894557961 -12.31903185747514
788 31.84054575335434 19.8799767522345 -44.4059434105664
789 -44.91028650005804 -12.86004864249304 -25.24007491528862
790 -48.32241411417131 -11.31385751942364 -19.47071444695484
791 -49.36838816645442 -16.2190914851777 -14.94667120927702
792 -51.6608304933677 -9.689283629824532 -13.8032707923526
793 -50.09970756917277 -4.889795036627428 -18.08887755327917
794 -43.83081705937284 -8.275629581758814 -29.50794673067426
795 -46.26240672000344 -22.35653115524831 -16.06852078926757
796 -46.82410326193348 -27.03637653613369 -10.94138416865316
797 40.71821368953656 28.06679221059523 -19.81328233120824
798 8.523322861654837 -19.23067081494683 -83.62871642283611
799 17.40952727921149 34.41917016283107 -42.1639839696517
800 16.62441842549564 -37.63978854306293 -36.67538300349165
801 -18.79320883757929 29.57105474543225 -49.91611923695958
802 19.81199363405418 -22.36866754573152 -61.73194856994635
803 16.23741382578415 -48.80338251930239 -15.96729339216656
804 22.70363953100733 -47.77209417277143 -13.17193938939927
805 -23.5606059494878 -4.695693407151526 -75.97565475262417
806 -21.41852812465764 26.02358113652412 -52.91148950936118
807 -45.86844845315185 15.95942576555714 -21.56025204938569
808 -15.96019888812275 18.17534581003775 -75.56302807818199
809 -38.46119733472236 -33.58776810391883 -16.6833158264005
810 -46.01000395166451 3.744073047571791 -26.35143170033131
811 -48.85094553137766 4.939504401137474 -20.50801604844617
812 47.66083661221234 11.80249010408168 -20.50720515987252
813 -28.19678124187862 -42.71398643228148 -16.45387546504439
814 15.87425754357346 -16.1029214281043 -79.55646955663993
815 50.99307905557036 24.57957641427911 -6.19712531782854
816 8.033594582468856 42.44473197514053 -32.39770076926048
817 24.55751857381685 -50.8848854161924 -6.395265788350424
818 -19.46013887906253 -33.30626401996313 -42.15746221772474
819 -12.9285857099623 -19.66684530173749 -77.20676451920369
820 10.96688321849908 -55.83021893974723 -5.662396579290794
821 -3.856728227966319 56.76628858431185 -5.662396585069478
822 -3.412657634298974 -56.84983824625352 -5.560823490341653
823 -38.09371417016476 -38.05424649400712 -11.36507266901891
824 1.636225982762133 51.55604268705463 -15.68161256501031
825 -16.61602232203236 -49.3413683045692 -14.75551783408537
826 -21.06472899850944 -50.29550043556736 -10.07580945131242
827 -9.888773133137319 -51.78022133503629 -13.5085509437163
828 -37.49961009871591 -42.78216875743872 -5.67458536557585
829 -32.80357850268007 -42.79088569080661 -11.22690372297679
830 -55.89166329797591 -11.2399833021483 -5.452911939114175
831 -56.76628861241576 3.85672821035722 -5.662396571537499
832 -53.40858320270182 6.850469981196386 -11.36245755189976
833 50.09298611799003 -19.4962568282504 -11.53812585621436
834 33.49947465346695 42.16504715727928 -11.35016473364835
835 37.84251463934854 42.52751177831841 -5.60791088069203
836 -17.97618097592118 -39.62717928007397 -31.74643062489173
837 -25.13361812817353 42.61125401313961 -19.77962483426884
838 -21.84886825678127 46.68610277821206 -15.75138802377343
839 -27.8520337132369 44.58347631879984 -13.79058113224855
840 -24.00943292189804 49.30791488834846 -9.485719523285313
841 5.466976721766748 -41.4326925717377 -35.32302367189968
842 0.4447631060000579 -38.11187076656279 -43.15199621408694
843 12.25835409978735 17.21774818748422 -83.36593908048251
844 -0.8471366677837078 34.88497014376222 -50.23396709432262
845 -5.911033334116069 25.50712298453583 -70.61471392471204
846 28.45365826015669 4.566486249918698 -64.24892673235172
847 24.48475734923798 -8.111417674636648 -71.57243514819567
848 37.89309293255814 -42.18287187178663 -6.020305118440016
849 1.24186404513937 19.84589010093077 -86.64971705089579
850 -18.53650645846076 53.75902082213359 -5.721667377562276
851 -42.79339635375046 -32.85407386230023 -11.16507350490851
852 -33.30957759731559 -4.123180864462159 -53.22950316264184
853 -12.74681493515881 45.7632199971532 -23.66185074335397
854 -53.30562967902384 -3.398932667035113 -12.1810345352405
855 -31.24489950644655 33.73202386252427 -26.7198989163367
856 -33.62539402599266 35.38727631342116 -21.06818830533226
857 -51.13657079060075 -25.12297320622712 -5.519318307084466
858 24.6332439247561 4.033568333702536 -73.63179313149126
859 -47.34462717379555 -31.62195844884423 -5.594668930172226
860 -28.92382964563962 32.04336122586321 -32.46301709197193
861 -26.04859118587651 1.038847265830011 -70.89389977688232
862 -46.83148645765284 -6.99146392358005 -23.97027584408347
863 -49.0557777053516 11.05794116549523 -18.18829443627543
864 -21.87260120798699 -12.19600989450267 -73.42862965796533
865 -32.20841626811603 -21.03188255343838 -42.38939687949801
866 55.96633737218156 11.11608423663679 -5.362639718161939
867 55.92475790481831 -11.18639603909372 -5.412495549698973
868 -27.25263498227713 -30.26278468070053 -37.56642165348558
869 39.86123841724551 -10.22894154238556 -36.66452102322204
870 27.40927676164594 -16.93635699783592 -56.29487289604756
871 32.53302879982784 -42.99174358119235 -11.23473082983429
872 -28.42313145047176 -25.757044122351 -42.62617289846538
873 43.88658902314641 28.41420556482625 -14.33805305469113
874 -17.10516653368789 19.375604571243 -71.44357792268394
875 33.44646082185515 -24.72158293482649 -35.74345135795423
876 -27.48391992689093 2.61766843756146 -67.14795416102629
877 35.02175265766331 19.4143681177125 -39.01288877806024
878 25.52820254798806 50.89405466102752 -5.587667270206097
879 37.46095261195121 10.19559319016983 -41.62123793153528
880 10.91016565010061 -38.50915958863285 -39.05151025759082
881 -2.994142524858308 19.94263980068183 -85.90639861602199
882 25.23209246180852 -21.32885739955188 -54.42122910402828
883 -30.81935399601783 40.10298103779967 -17.62319392920542
884 9.18347169999589 -14.63856421241946 -93.65736376181948
885 -15.52552524754505 48.22685803144778 -17.45475169841407
886 -48.01116401711673 -1.035996532115644 -22.63469983809993
887 -33.90260448818072 42.32478086943821 -10.63990055577805
888 -17.83397650731879 -54.1966807579451 -5.370191711804705
889 15.80110299021785 37.46930119165722 -37.69419300927927
890 20.85701426733129 -24.0499582939423 -57.18192657682305
891 -27.3171336714613 -46.73910226960007 -10.81397246982561
892 -20.32539642531212 19.65826251640062 -65.54116328001535
893 -18.22597080405939 50.50110471262578 -11.65901745469754
894 43.35077298716884 37.14108118358978 -5.314966473576522
895 -35.6745102006705 -2.481403136647111 -48.30810533701619
896 6.294741066710271 53.6016697526415 -11.12835694952522
897 19.6569514952429 3.116732098559193 -86.60262926367794
898 8.882063703159616 25.6955477845666 -68.16609125402481
899 27.51681145212769 46.25526066357267 -11.40954961838615
900 16.35127250460634 -25.95736801090439 -59.86353689946142
901 -50.15889377308302 -20.69865188339906 -10.57779572333248
902 28.95957732944219 8.695825485781029 -60.8955962507074
903 16.85043945048809 -6.965164935499898 -91.06617232919602
904 0.8007422472498655 -54.43421945099776 -10.24213127989869
905 -35.96141974546762 2.39484917267589 -47.68772772468456
906 20.72112304598955 7.3930141219906 -81.12582016393904
907 -12.1547654751265 29.66898173570655 -56.65676208218822
908 -25.99092913146621 -50.86669790388934 -5.247174611067354
909 48.75942991349682 -10.86315734581198 -18.8345923338246
910 13.25592468189862 19.95343279764445 -76.14828312104935
911 -21.80561384187857 -15.62142361465518 -69.04941705890406
912 -51.3647416050527 1.343410199077819 -16.06633175046526
913 51.35644954173624 -25.17346399200845 -5.114371095365973
914 -27.05506142825994 30.36364670708116 -37.6862887209351
915 -21.70593788949829 33.11110803950839 -39.97502581038593
916 11.51309906393292 -25.36278967568333 -66.55685827402365
917 -0.6290581028589552 54.28870726886252 -10.52033364599549
918 -6.104649330340194 14.75214777470665 -97.29096748304077
919 -29.39760066526074 26.01946133104635 -40.68752084176564
920 -23.96290552240757 17.36636616430624 -62.40818943494063
921 -2.187530322448637 -15.81181973890718 -97.29914573244025
922 -52.09467487865703 12.11711109038927 -12.04555492957571
923 37.61693018484342 -9.170599734033507 -41.84718102437203
924 22.8374617981212 -7.307838781512656 -76.09079607158677
925 -33.96633378810552 22.08238136151235 -38.01431919193894
926 -4.213016163628611 21.31871695982232 -81.82128469197602
927 -37.89833546294602 17.45081683864807 -35.46695238069804
928 -33.68564933234906 12.07332332017823 -48.25669812521425
929 29.13232659384152 -35.85457029928234 -26.27939792935504
930 43.23821522066259 -37.91889704668105 -4.533719449034617
931 1.538416617871031 -40.06654035401895 -38.90002484582799
932 11.6115495048427 22.564911485327 -72.59992924018877
933 50.67068840651628 18.02804002522397 -11.48328248092972
934 1.128147898164983 -21.42158601281808 -82.54572189135082
935 36.67762124256063 -39.19634320809434 -11.67570204001213
936 -44.23095332062442 36.28442529156678 -5.086216725486164
937 43.641736416954 32.58292509040458 -10.19854487228195
938 -16.62949939159375 3.944771418414741 -94.17754010190347
939 28.54490637524564 -13.12128308167003 -58.14768202230879
940 -14.13302349217068 31.15878481184856 -51.76118027772254
941 28.14588412264527 -46.16827791705789 -10.93722417609197
942 -24.31791731048839 -15.35590537946844 -64.38537416641691
943 22.39181866009868 3.520080023602179 -79.41596999243363
944 23.86687714268599 -41.78283316971367 -22.44327802204358
945 -13.9917899392686 10.04527202403906 -93.81182958177413
946 -25.50028137598731 51.70945533063674 -4.266636608984884
947 -17.12785736589885 0.2214414965868687 -94.07240716609546
948 15.68106805895575 2.943238282810265 -97.32014113445332
949 -26.57835885397566 10.56565531365682 -64.76461663888345
950 15.68106805895698 -2.94323828282011 -97.32014113444303
951 -4.537215816195212 16.20815864482744 -94.89171330921958
952 -36.11471889954454 44.378076921036 -5.07414579901436
953 -15.38926459905564 -52.25857173309964 -10.17195713954402
954 -52.7215045308095 -14.10816678951191 -9.985561537491998
955 19.41081071844953 38.34810121491616 -32.84750666473389
956 40.26060345750692 9.472970254196905 -36.22853230166483
957 32.41910175041154 -8.578040980623777 -53.29525695231457
958 -2.363226045831362 -22.30761815783546 -80.01579649450244
959 18.03341907332879 -50.94968250352903 -10.98307099013961
960 -16.81361601238469 -3.226665543190339 -94.09671720968143
961 16.57125279969977 6.053905218512121 -92.66945139264551
962 -4.735245916850729 -16.30002710629581 -94.49913364389062
963 57.17561034084737 5.314934171171166 -4.695066469376162
964 57.17561034086481 -5.314934171141754 -4.695066469349842
965 -5.082306969762616 -54.14907642214077 -10.34197584319493
966 -6.94910531980896 54.21476011793181 -9.831891517923953
967 28.72230873988232 -7.234912925129967 -62.34824904530203
968 -22.98725160048122 -33.59936939200548 -37.59785132388046
969 -28.76442973219504 7.635158804549347 -62.01566400609834
970 2.537143385653417 -44.03633019673892 -30.52235360600507
971 5.176416497670671 26.41536462212072 -68.82064573740126
972 -46.20054375223769 28.57968527459016 -10.45739524186165
973 8.197595713216346 -27.46023022915008 -64.63033358025004
974 21.43201048627991 -6.43503490327993 -80.15734520975515
975 -6.385034791965985 -49.55373577188215 -18.81797495701905
976 46.91390074054866 27.9075194251829 -9.965823415319777
977 -5.512412873560122 22.63741790217507 -77.80667935370587
978 -54.8212792327241 18.65436218467525 -3.802822309950783
979 7.128713405248043 -54.2158429712793 -9.786437593693837
980 -18.42725435646671 4.847677188649155 -88.85877331017991
981 23.19475742813751 38.59480507857236 -28.64576940845233
982 35.61377536187553 -8.441134757641853 -46.45503576148195
983 -1.918633272097638 -48.19738895253214 -22.21241310515444
984 -5.446986794957221 -22.91373574803151 -77.16509950138575
985 -14.7244334142638 -8.485958562079391 -94.44192303377929
986 5.239621245855605 -16.19295340275454 -94.37366279685446
987 43.1056407486624 8.618042453769842 -30.83144211697791
988 24.37264253809265 7.237287070322998 -72.48300455546719
989 -29.05655498858896 2.422017486572871 -63.44191193151596
990 -9.27219834882014 -15.9821876070184 -90.4079549819832
991 -16.27626618199982 32.47882478260222 -47.05256162979823
992 -54.3804222057377 -7.613005546849669 -9.358168855223427
993 -54.37355498662524 1.535237081853309 -10.3266071529704
994 -12.54507440937186 24.13441963805162 -68.13502935609777
995 38.79079966765515 -30.72196718720541 -19.75691134978656
996 -35.59486499718312 14.06844342652211 -42.80626572599859
997 12.31350791954184 -13.52122544014732 -90.91854648299839
998 -36.71600393103412 5.694590454372757 -45.23964927808144
999 -2.016938920182579 -45.6750182977393 -27.24439176374545
1000 -21.81837932674694 -36.84169922340598 -33.18574727983876
1001 46.04506062657082 -9.320621722357913 -24.7121269700619
1002 -20.64965381906654 -21.61829512408369 -61.69704415762394
1003 -13.18684479601897 -10.85222668740796 -94.21270934111668
1004 -50.89082349124042 6.54911873687394 -16.20483242123132
1005 -10.65786291329517 -4.503247650221258 -99.99999999999999
1006 10.60660172603393 4.393398258576966 -100
1007 -4.363737766387441 10.739600594842 -100
1008 4.418794380833589 -10.98736541454739 -99.99999999999999
1009 -10.60660171217962 4.393398282163057 -100
1010 4.393398309195101 10.60660171721272 -100
1011 -4.210235619283647 -10.47788544457081 -99.99999999999999
1012 10.60660172603384 -4.393398258577098 -99.99999999999999
1013 9.774190260499131 -7.499999988207187 -99.99999999999999
1014 7.095684161906498 -4.931998940665057 -99.99999999999999
1015 8.045918698100948 -1.494961864765928 -100
1016 4.336344314566277 -2.143200714339958 -100
1017 5.452418391361967 1.440729990578006 -100
1018 1.719779338127704 0.7751860812727192 -100
1019 0.481836645621458 -2.916933653661745 -100
1020 -2.105551785142513 0.02717914012162109 -100
1021 -0.8461023208151062 3.734686381495336 -100
1022 -3.334654265368155 -3.582728815263026 -99.99999999999999
1023 -5.671160393476839 -0.7552229771672734 -100
1024 -0.9208043697149062 -6.929169779244586 -99.99999999999999
1025 3.276378456358739 -5.653011306451569 -99.99999999999999
1026 2.996157139508405 4.336945112048151 -100
1027 0.9267082014819135 7.63888615954128 -100
1028 -3.472219395213216 6.791602795997775 -100
1029 -4.542393261783321 2.953215331051792 -100
1030 7.159779160717662 5.021352577149953 -100
1031 -7.348095423179249 5.468421480136142 -100
1032 -6.932861996459689 -4.217169991415838 -99.99999999999999
1033 -4.926377350093723 -7.103034087575592 -99.99999999999999
1034 -0.626895328876989 -11.1659663537439 -99.99999999999997
1035 -8.879704197325946 -7.356990812239139 -99.99999999999999
1036 11.52929552240706 -1.020925175234451 -100
1037 -8.089998515001746 1.859573546000663 -100
1038 -11.55775459418003 1.0670156874889 -100
1039 -7.203427728836594 8.996186359208751 -100
1040 6.510712434103329 -8.532822344279024 -99.99999999999999
1041 4.635501860219943 7.247704632409423 -100
1042 0.8371322274960971 11.4906514640051 -100
1043 7.409310646501354 8.946025379159414 -100
1044 8.982262062676234 1.728250245488837 -100
1045 -9.110687439520035 -1.518765694062274 -100
1046 -9.802133107088956 7.389375546156703 -100
1047 2.140072541351049 -8.852525475153108 -99.99999999999999
1048 12.18547869619474 1.843862177440251 -100
1049 -12.19122335443816 -1.823899999530517 -100
1050 -1.67275122311008 9.558981876508012 -100
1051 -1.872764761725701 12.27403484196382 -100
1052 9.953415492949556 7.249411079742809 -100
1053 -7.194978736383245 -9.95428285178639 -99.99999999999999
1054 2.063517209386001 -12.19177048093527 -99.99999999999997
1055 59.71204646884675 5.871244033617282 9.989710255018672
1056 59.71204646884708 -5.871244033613988 9.989594219161676
1057 -53.81236449196117 26.53732141314034 6.795678437544666
1058 -59.87153539431619 3.924187753808959 13.20432156245533
1059 -33.33421398117666 -49.88817673815236 13.20432156245533
1060 -53.81236449196153 -26.53732141313961 6.795678437544669
1061 -39.56074890600399 45.11038844873877 6.795678437544691
1062 -58.84711682419392 -11.70541932096723 6.795678437544692
1063 -25.17729065207909 54.4619503453625 13.27068084816088
1064 -45.11038844873904 -39.56074890600369 13.2043215624553
1065 39.56074890600421 45.11038844873858 6.795678437544706
1066 49.88817673815275 33.33421398117609 6.795678437544708
1067 56.81580776970635 19.28636791818967 6.795678437544709
1068 11.7054193209678 58.8471168241938 6.795678437544713
1069 -3.924187753808456 59.87153539431623 6.795678437544715
1070 -11.70541932096824 -58.84711682419372 6.795678437544736
1071 26.53732141313973 -53.81236449196147 13.20432156245529
1072 26.53732141314016 53.81236449196125 13.20432156245528
1073 56.8158077697063 -19.28636791818981 6.795678437544738
1074 3.924187753808063 -59.87153539431624 13.20432156245526
1075 49.88817673815259 -33.33421398117631 13.20432156245524
1076 39.5607489060039 -45.11038844873885 6.795678437544757
1077 -58.84711682419376 11.70541932096803 6.795678437544692
1078 -49.88817673815259 33.33421398117633 13.20432156245532
1079 -56.8158077697065 -19.28636791818924 13.20432156245532
1080 -39.56074890600458 -45.11038844873825 6.795678437544691
1081 -26.5373214131407 -53.81236449196099 6.795678437544693
1082 -56.81580776970623 19.28636791819001 13.20432156245531
1083 -20.70738145385969 -56.31344735784116 13.27068084816101
1084 -19.28636791818957 56.81580776970638 6.795678437544713
1085 46.08984206381748 38.41518525963868 13.27068084816082
1086 53.81236449196132 26.53732141314003 13.20432156245529
1087 3.924187753808703 59.8715353943162 13.20432156245529
1088 -11.70541932096758 58.84711682419385 13.20432156245529
1089 11.70541932096723 -58.84711682419392 6.79567843754476
1090 19.28636791821906 -56.81580776969638 6.795678437556705
1091 33.33421398117584 -49.88817673815291 13.20432156245527
1092 -3.924187753779955 -59.87153539431809 6.795678437556135
1093 -46.14153526155636 38.35307971606127 13.181644521199
1094 -33.33421398117598 49.88817673815281 6.795678437544688
1095 53.81236449196122 -26.53732141314023 6.79567843754476
1096 -49.88817673815198 -33.33421398117724 13.20432156245694
1097 33.33421398116651 49.88817673815915 6.795678437550857
1098 45.11038844873848 -39.56074890600432 6.795678437544765
1099 19.28636791818979 56.81580776970631 13.20432156245529
1100 -59.87153539431623 -3.924187753808173 13.20432156245532
1101 58.75048687064364 -12.18114495695416 6.516450753520632
1102 58.7504868706421 12.18114495696156 6.51645075351855
1103 58.80758724581897 11.90242338036213 13.77002953531943
1104 58.80758724581929 -11.90242338036051 13.77002953532102
1105 15.5291166992671 -57.95555654586145 13.11625516608355
1106 -7.831598227166808 -59.48668816809554 13.11625516608366
1107 -49.88817673815304 -33.33421398117565 6.016842185277365
1108 36.52570710101072 47.60118402698797 13.11625516608476
1109 -53.81236449196117 26.53732141314034 13.98315781472355
1110 -33.33421398117666 -49.88817673815236 6.016842185276219
1111 -59.87153539431619 3.924187753808959 6.016842185276443
1112 -53.81236449196153 -26.53732141313961 13.98315781472344
1113 -49.09834182268 34.48699508892117 6.052099117034947
1114 -56.8158077697065 -19.28636791818924 6.016842185276566
1115 -59.87153539431624 -3.924187753808146 6.016842185276504
1116 -36.52566438002854 47.60121680795056 13.11625516608525
1117 -56.81580776970623 19.28636791819001 6.016842185276385
1118 -39.56074890600458 -45.11038844873825 13.98315781472356
1119 -58.84711682419376 11.70541932096803 13.98315781472357
1120 -58.84711682419391 -11.70541932096726 13.9831578147236
1121 -26.77017425439046 -53.69690652532574 13.90220379366624
1122 -26.53732141313995 53.81236449196136 6.016842185276404
1123 -45.11038844873904 -39.56074890600369 6.016842185276304
1124 45.11038844873869 39.56074890600408 6.016842185276438
1125 50.03210423070089 33.11779802837566 13.90220379366603
1126 53.81236449196132 26.53732141314003 6.016842185276436
1127 56.81580776970635 19.28636791818967 13.98315781472356
1128 11.7054193209678 58.8471168241938 13.98315781472355
1129 19.28636791818979 56.81580776970631 6.016842185276429
1130 3.924187753808703 59.8715353943162 6.016842185276453
1131 26.53732141314016 53.81236449196125 6.016842185276441
1132 -11.70541932096758 58.84711682419385 6.016842185276424
1133 -3.924187753808456 59.87153539431623 13.98315781472357
1134 -19.04007498397304 56.89881848162301 13.90220379366605
1135 26.53732141313973 -53.81236449196147 6.016842185276827
1136 56.59629711552907 -19.92132407273061 13.95586718164534
1137 3.924187753808063 -59.87153539431624 6.016842185276665
1138 -19.28636791819032 -56.81580776970613 6.016842185276178
1139 33.33421398117584 -49.88817673815291 6.016842185276399
1140 45.11038844873848 -39.56074890600432 13.9831578147236
1141 39.5607489060039 -45.11038844873885 13.98315781472383
1142 49.88817673815259 -33.33421398117631 6.016842185275925
1143 53.81236449196122 -26.53732141314023 13.9831578147236
1144 -45.1103884487385 39.5607489060043 6.016842185276052
1145 10.17745946813249 -59.13052780733925 13.91377013153582
1146 -13.58242487755958 -58.44243094229954 14.30983475437056
1147 40.98394046011364 43.82141741616604 14.30983475436843
1148 -31.72081449244364 50.92926396420802 14.30983475437017
1149 -40.98241649573961 43.82284265277333 14.3087580885477
1150 32.02911837527286 50.73593968877248 13.91316665836196
1151 -2.370060329417939 -59.95317184298858 13.91316665836416
1152 20.75343535288246 -56.29649119664323 13.91316665836439
1153 59.78951885888976 -5.021298101334547 15.37127822292527
1154 59.75238975979956 -5.445357471553302 4.843275404241177
1155 59.76327018738906 5.324616090304904 4.782215148204505
1156 59.78961929670157 5.020102026402641 15.37170005091266
1157 -53.96515996638095 -3.970250015694623 19.99999999999999
1158 53.0076274556987 3.17776821898974 20.00000000000001
1159 -4.216532607973259 53.2164013387936 19.99999999999999
1160 2.658415338091267 -52.70067597310985 20.00000000000002
1161 -36.56883589961524 -40.33343862100229 20
1162 -39.72327793146093 34.87639652740397 20.00000000000001
1163 35.52588020349243 39.54757513650164 20.00000000000001
1164 39.90362924452577 -34.99454363543884 19.99999999999999
1165 24.02209197530158 -47.70386296132538 19.99999999999999
1166 -46.99050406674084 -24.13820637503885 20
1167 50.2579784043959 -17.06028481123584 20
1168 -17.26290144893981 -50.73168992571812 19.99999999999999
1169 -23.47357262549064 47.60099310381916 20.00000000000001
1170 16.87215710867526 50.88232174718861 19.99999999999999
1171 47.82503506644117 24.03604382735786 20
1172 -51.74228096913965 16.88312856041198 20
1173 -30.41448270342295 44.26275905432091 20.00000000000001
1174 -24.27201142408018 39.93928738879893 19.99999999999999
1175 -17.12311725934313 43.11349082829157 19.99999999999999
1176 -17.7975305757853 35.38723015201514 19.99999999999999
1177 -10.65685342874726 38.64126331103248 19.99999999999999
1178 -11.38721674225551 30.84046415794955 19.99999999999999
1179 -18.52493761081491 27.58617270191907 19.99999999999999
1180 -12.12454610471746 23.03153876293564 20
1181 -4.987138637597219 26.29188145173886 20
1182 -5.731445358842825 18.47933515367529 20.00000000000001
1183 -12.87018399611064 15.21866602504058 20
1184 -6.476827590076097 10.66651171589359 20.00000000000001
1185 0.6621182007234312 13.92725172666491 20.00000000000001
1186 -0.08341782262186959 6.11438412358922 20
1187 -7.2223726064315 2.85363972462 20.00000000000001
1188 -0.8290064059633813 -1.698496409932666 20
1189 6.309941054322817 1.562246595759746 20
1190 5.564353909457533 -6.250633747166548 19.99999999999999
1191 -1.574592397003506 -9.511376510989447 19.99999999999999
1192 12.70330038928851 -2.989890932763817 20
1193 11.95771339516971 -10.80277123385441 19.99999999999999
1194 13.44888774619432 4.822989386299588 20
1195 19.84224691022945 0.2708518802890496 20
1196 20.58783403462311 8.083732175952187 20
1197 26.98119322443603 3.531594644932014 19.99999999999999
1198 26.23560616793328 -4.281285634339951 19.99999999999999
1199 27.72678041704223 11.34447490065154 19.99999999999999
1200 21.33342118641116 15.89661240479928 20
1201 28.47236752183854 19.15735516197168 20.00000000000001
1202 22.07900829120742 23.70949266611943 20.00000000000001
1203 33.37455251050311 -1.020542862206264 19.99999999999999
1204 32.62896533193099 -8.833423139728009 20
1205 39.76791175777106 -5.572680339931951 20
1206 34.86572675246967 14.60521765782391 20
1207 14.94006194578692 20.44874994454202 20.00000000000001
1208 15.68564906057631 28.26163017026718 20.00000000000001
1209 25.49001907771787 -12.09416591296323 20
1210 31.88337833694852 -16.64630338071824 20.00000000000001
1211 24.74443200412979 -19.90704614333549 20
1212 22.78955697567807 31.47316232467166 20
1213 16.48291478340709 35.94038033082757 20.00000000000001
1214 9.300901296937569 32.79141287414016 20.00000000000001
1215 10.02883233490249 40.36704022479965 19.99999999999999
1216 40.31549617248268 2.259095328347216 19.99999999999999
1217 31.08498885473181 -24.34358011179931 20.00000000000001
1218 23.99004455629383 -27.70065921587077 20
1219 17.60401894734737 -23.16457782665412 20
1220 16.85818745426695 -30.97692285747532 20.00000000000001
1221 10.46600971146864 -26.42737219197722 19.99999999999999
1222 9.720578847908532 -34.24059436102862 20.00000000000002
1223 3.327442532295335 -29.68894499026111 20.00000000000001
1224 2.580806729034332 -37.49952917328503 20.00000000000001
1225 -3.811578236265784 -32.94952475857413 20.00000000000001
1226 -3.065798142269553 -25.13706708210861 20
1227 -10.204755347866 -28.39778605273281 19.99999999999999
1228 -9.45913000071703 -20.58498952906347 20.00000000000001
1229 -16.59807970417069 -23.84572499954141 20.00000000000001
1230 -15.85248618808676 -16.03285874612993 20.00000000000001
1231 -22.99143263538402 -19.29360131341648 20.00000000000001
1232 -22.24584392794003 -11.48072441638957 20.00000000000002
1233 -29.38479056079155 -14.74146655917866 20.00000000000002
1234 -28.63920315008015 -6.928586779376046 20.00000000000001
1235 -17.34366737014342 -31.65860401527234 20
1236 -35.77814953629434 -10.18932942335327 20.00000000000002
1237 -35.0325623037837 -2.376449260854128 20.00000000000001
1238 -27.89361592927587 0.8842934428138918 20.00000000000001
1239 -34.28697513497454 5.436430943745472 20
1240 -30.13037780167764 -22.55434669373026 20.00000000000002
1241 -27.14802878309075 8.69717366454141 20
1242 -33.54138800556082 13.24931118648528 19.99999999999999
1243 -4.558289682902405 -40.75994342757403 20.00000000000002
1244 8.819373802567281 -41.71653995574782 20.00000000000002
1245 2.897645385254989 37.32048971492732 20
1246 -26.40243016052052 16.51010928606285 19.99999999999999
1247 -32.79578174946633 21.06223795766467 19.99999999999998
1248 -15.10689783853769 -8.219981153647545 20.00000000000001
1249 -20.75466960241928 4.145036115880638 20
1250 -41.26933675586192 2.395607436736077 19.99999999999999
1251 35.39421276573134 22.26272983691215 19.99999999999999
1252 37.91260377344061 -21.03969355176983 20.00000000000002
1253 23.5282952395263 39.47082995003039 20
1254 23.11840978325919 -35.23757532335661 20.00000000000001
1255 3.768725665400325 44.58725877269836 19.99999999999999
1256 -39.69876331173899 17.53845393583443 19.99999999999999
1257 -39.18916012143805 25.61432892118395 19.99999999999999
1258 -32.38408095174859 29.17557792093517 19.99999999999999
1259 -9.187344222605585 46.88291791231785 19.99999999999999
1260 46.36183182326852 -1.904943993592365 20
1261 -31.34124345543799 36.97470691588391 19.99999999999999
1262 46.42683609345971 -10.69026696306327 20
1263 42.91475492742017 18.23766348342017 19.99999999999999
1264 -3.186021564489434 41.49622418356748 19.99999999999999
1265 -24.99609253593586 32.23102216276866 19.99999999999999
1266 -4.194375239186676 34.02389148823069 19.99999999999999
1267 1.407447630160332 21.74006490772538 20
1268 -19.26465523427194 19.77126020758208 20
1269 -23.73702124372332 -27.10647834586823 20.00000000000001
1270 -24.25776693285127 -34.60357866540302 19.99999999999999
1271 -18.13002668552248 -39.04309333487681 20
1272 -24.33083566908834 -41.62075620479973 19.99999999999998
1273 -30.55135964224112 -29.91132517965812 20.00000000000001
1274 -38.4714986275096 -25.34720976639484 20
1275 -20.00928185135351 11.95800406417854 20
1276 -21.50025682101268 -3.667844056365433 20.00000000000001
1277 7.801055601633693 17.18799187745615 20.00000000000001
1278 14.19446474697966 12.63586723006708 20
1279 2.159426590598243 29.53522503672416 20
1280 8.548408189194342 24.9960958622458 20.00000000000001
1281 -2.320185291561125 -17.32424345747137 20
1282 38.73705013175702 -13.42768815997981 20.00000000000001
1283 11.21179364629664 -18.61492310458172 20
1284 -7.967953050848126 -4.959239174528021 20
1285 -8.71353927287816 -12.77211751148971 20.00000000000001
1286 4.818710502713312 -14.0633904642157 19.99999999999999
1287 4.072995491359472 -21.8759903362909 20
1288 7.055523198173816 9.375125582506456 20.00000000000001
1289 34.08713905663778 6.795486676524099 20.00000000000002
1290 41.17426319100704 10.13760036353852 19.99999999999999
1291 47.05621270883515 12.46851349636088 19.99999999999999
1292 18.35077275979133 -15.35425223038666 19.99999999999999
1293 19.09660966441444 -7.541919094087879 19.99999999999999
1294 31.59308830125955 -33.01100695910482 20
1295 28.39546289619127 -40.49377827128308 20.00000000000001
1296 15.93239471759735 -38.39589579470986 20.00000000000002
1297 15.31200812263011 -46.46653277541183 20.00000000000001
1298 29.14089295025029 26.88692838219621 20
1299 36.69251026675791 30.51627672237177 20.00000000000001
1300 -10.95736732999007 -36.13876533054656 19.99999999999999
1301 -12.31230464308834 -44.752439170776 20
1302 -4.439967564798305 -48.53734008871806 20.00000000000001
1303 -40.46490389050055 9.652979806456411 19.99999999999999
1304 -47.57404828663418 6.644962829727933 19.99999999999999
1305 -41.84618963997104 -5.394231505077872 20
1306 -42.49747120692673 -13.10314018115737 20
1307 -36.52373676722708 -18.00220961015771 20.00000000000001
1308 -13.61574936561005 7.405785891950192 20.00000000000001
1309 -14.36131656421775 -0.4071004439269084 20.00000000000001
1310 -25.72799637903237 24.38939675186734 19.99999999999999
1311 1.889788627189167 -45.18199553704205 20.00000000000001
1312 29.70834789812058 35.17515332056401 20.00000000000001
1313 -16.45074826388443 50.70190605856364 19.99999999999999
1314 -37.11781925408717 -33.11028933888778 20
1315 38.25819579928871 -28.45251341102171 20.00000000000001
1316 44.46798911393532 -25.7612566893989 19.99999999999999
1317 10.39101133418865 47.74522139959927 20
1318 3.831098504324323 52.3525802045028 19.99999999999999
1319 17.08486491907985 43.4414591972897 20.00000000000001
1320 23.48511783420483 47.66560353761638 20.00000000000001
1321 53.10304360719205 -4.932622523587858 20.00000000000002
1322 -48.45463408549635 -8.979605920290295 20
1323 -49.7729646622477 -16.39721073111248 19.99999999999999
1324 -44.85654881847564 29.89997414785199 20.00000000000001
1325 -47.00765253742819 22.20951929076544 20
1326 11.06152015851108 -52.78602361977638 20.00000000000002
1327 44.36927165801956 30.25117882594607 20
1328 -44.26693344696434 -30.70302332063359 20
1329 41.32318273564191 35.85337145560114 20
1330 -53.7624553258263 3.55305904286379 19.99999999999999
1331 -10.41032140905395 -52.83983880944508 20
1332 46.57909275352149 5.707983520153818 20
1333 -10.64301096214695 53.64849623674284 19.99999999999999
1334 -52.78226045711668 10.50199625282627 20
1335 29.79536307267519 43.57010218380032 20
1336 35.54870019823164 -40.57951458148373 19.99999999999999
1337 -47.69336648699537 -0.2002589054689961 19.99999999999999
1338 44.19001281824185 -18.1371135938875 19.99999999999999
1339 -24.07704612515942 -48.42945887619149 19.99999999999999
1340 -3.586700879345722 -54.72248070651769 20.00000000000001
1341 41.44765347942985 24.74663159009085 19.99999999999999
1342 -42.63943958002545 -19.63692793767179 20.00000000000001
1343 53.51407764040437 9.706868779571808 20.00000000000001
1344 21.35607355985078 -41.65952899770796 20
1345 10.77947959194369 53.91403289222445 19.99999999999999
1346 -30.52351629200439 -45.42909472790208 19.99999999999998
1347 -36.24336820721507 41.3567407077238 20.00000000000001
1348 17.73612782017229 -52.24894770671043 20.00000000000001
1349 -46.17367941116956 12.57024934352488 19.99999999999999
1350 7.302073691611719 -47.85870841095945 20.00000000000001
1351 -54.06966971064882 -10.66065003581855 19.99999999999999
1352 51.05648759726135 18.10320334400398 19.99999999999999
1353 30.73373112294483 -45.99606709297728 19.99999999999999
1354 -30.37668114147822 -36.72856243103968 19.99999999999999
1355 49.56908471052271 -22.87880226000307 20
1356 44.58687508250446 -31.56499971098306 20.00000000000001
1357 -1.734025486330023 47.53650624224311 19.99999999999999
1358 -19.30434694609967 -45.02973165910367 19.99999999999999
1359 -41.69553052781974 -36.66661527287779 19.99999999999999
1360 53.41264996263264 -11.53325370117686 20.00000000000002
$EndNodes
$Elements
2622
1 2 2 1 1 787 893 850
2 2 2 1 1 281 643 250
3 2 2 1 1 739 812 740
4 2 2 1 1 83 661 84
5 2 2 1 1 79 943 535
6 2 2 1 1 787 850 223
7 2 2 1 1 649 708 675
8 2 2 1 1 708 903 675
9 2 2 1 1 369 665 646
10 2 2 1 1 628 741 713
11 2 2 1 1 671 764 672
12 2 2 1 1 633 745 221
13 2 2 1 1 538 539 472
14 2 2 1 1 192 945 723
15 2 2 1 1 541 542 189
16 2 2 1 1 723 945 611
17 2 2 1 1 552 745 633
18 2 2 1 1 617 892 874
19 2 2 1 1 535 858 79
20 2 2 1 1 500 552 458
21 2 2 1 1 874 892 341
22 2 2 1 1 651 653 466
23 2 2 1 1 666 906 206
24 2 2 1 1 713 741 210
25 2 2 1 1 472 551 538
26 2 2 1 1 658 845 261
27 2 2 1 1 189 661 541
28 2 2 1 1 513 906 666
29 2 2 1 1 213 767 536
30 2 2 1 1 672 764 439
31 2 2 1 1 781 869 735
32 2 2 1 1 546 547 492
33 2 2 1 1 740 812 510
34 2 2 1 1 715 726 217
35 2 2 1 1 369 748 665
36 2 2 1 1 218 902 661
37 2 2 1 1 369 646 236
38 2 2 1 1 250 643 248
39 2 2 1 1 697 805 698
40 2 2 1 1 661 902 662
41 2 2 1 1 594 805 697
42 2 2 1 1 660 845 658
43 2 2 1 1 571 654 569
44 2 2 1 1 351 758 626
45 2 2 1 1 193 716 543
46 2 2 1 1 218 661 83
47 2 2 1 1 229 913 833
48 2 2 1 1 868 872 311
49 2 2 1 1 833 913 766
50 2 2 1 1 689 872 868
51 2 2 1 1 341 994 659
52 2 2 1 1 194 732 731
53 2 2 1 1 492 643 281
54 2 2 1 1 576 654 571
55 2 2 1 1 229 833 738
56 2 2 1 1 664 666 220
57 2 2 1 1 537 931 841
58 2 2 1 1 84 661 189
59 2 2 1 1 890 900 802
60 2 2 1 1 228 866 740
61 2 2 1 1 911 942 696
62 2 2 1 1 738 867 229
63 2 2 1 1 536 766 213
64 2 2 1 1 662 761 480
65 2 2 1 1 235 645 644
66 2 2 1 1 726 812 217
67 2 2 1 1 466 765 651
68 2 2 1 1 513 666 665
69 2 2 1 1 517 719 699
70 2 2 1 1 699 719 431
71 2 2 1 1 655 980 707
72 2 2 1 1 503 761 662
73 2 2 1 1 458 552 472
74 2 2 1 1 547 643 492
75 2 2 1 1 610 892 617
76 2 2 1 1 657 945 192
77 2 2 1 1 85 682 86
78 2 2 1 1 598 942 911
79 2 2 1 1 659 874 341
80 2 2 1 1 612 707 691
81 2 2 1 1 774 915 433
82 2 2 1 1 589 635 634
83 2 2 1 1 543 846 193
84 2 2 1 1 492 680 546
85 2 2 1 1 637 985 635
86 2 2 1 1 235 646 645
87 2 2 1 1 236 646 235
88 2 2 1 1 698 805 566
89 2 2 1 1 740 933 228
90 2 2 1 1 589 634 568
91 2 2 1 1 610 920 892
92 2 2 1 1 206 897 666
93 2 2 1 1 548 932 898
94 2 2 1 1 591 706 581
95 2 2 1 1 841 970 537
96 2 2 1 1 624 713 712
97 2 2 1 1 266 920 610
98 2 2 1 1 198 840 839
99 2 2 1 1 898 932 282
100 2 2 1 1 635 960 637
101 2 2 1 1 493 744 701
102 2 2 1 1 605 990 641
103 2 2 1 1 815 933 527
104 2 2 1 1 616 641 614
105 2 2 1 1 624 712 711
106 2 2 1 1 671 672 670
107 2 2 1 1 252 845 660
108 2 2 1 1 542 682 189
109 2 2 1 1 500 745 552
110 2 2 1 1 518 915 774
111 2 2 1 1 610 949 266
112 2 2 1 1 641 962 605
113 2 2 1 1 666 897 220
114 2 2 1 1 60 657 192
115 2 2 1 1 217 812 739
116 2 2 1 1 681 758 351
117 2 2 1 1 652 653 651
118 2 2 1 1 553 701 403
119 2 2 1 1 403 1002 553
120 2 2 1 1 302 670 309
121 2 2 1 1 707 938 655
122 2 2 1 1 394 877 788
123 2 2 1 1 659 994 660
124 2 2 1 1 382 929 770
125 2 2 1 1 707 945 657
126 2 2 1 1 302 671 670
127 2 2 1 1 719 869 781
128 2 2 1 1 391 875 431
129 2 2 1 1 686 816 471
130 2 2 1 1 227 741 628
131 2 2 1 1 306 861 697
132 2 2 1 1 732 967 731
133 2 2 1 1 691 706 612
134 2 2 1 1 626 984 351
135 2 2 1 1 228 933 815
136 2 2 1 1 668 900 890
137 2 2 1 1 628 713 623
138 2 2 1 1 770 944 382
139 2 2 1 1 222 820 629
140 2 2 1 1 648 675 625
141 2 2 1 1 665 748 513
142 2 2 1 1 286 680 284
143 2 2 1 1 239 849 241
144 2 2 1 1 423 836 425
145 2 2 1 1 306 876 861
146 2 2 1 1 245 642 261
147 2 2 1 1 532 967 730
148 2 2 1 1 704 798 359
149 2 2 1 1 569 654 589
150 2 2 1 1 189 682 85
151 2 2 1 1 199 641 616
152 2 2 1 1 549 877 533
153 2 2 1 1 817 959 804
154 2 2 1 1 651 951 652
155 2 2 1 1 462 816 686
156 2 2 1 1 925 927 464
157 2 2 1 1 589 636 635
158 2 2 1 1 319 668 667
159 2 2 1 1 687 927 925
160 2 2 1 1 431 875 699
161 2 2 1 1 498 678 677
162 2 2 1 1 512 678 499
163 2 2 1 1 319 669 668
164 2 2 1 1 623 713 624
165 2 2 1 1 498 677 676
166 2 2 1 1 425 777 448
167 2 2 1 1 612 706 591
168 2 2 1 1 564 663 592
169 2 2 1 1 848 935 767
170 2 2 1 1 423 1000 836
171 2 2 1 1 640 721 359
172 2 2 1 1 653 849 466
173 2 2 1 1 788 877 549
174 2 2 1 1 707 980 691
175 2 2 1 1 360 844 754
176 2 2 1 1 86 682 204
177 2 2 1 1 827 975 545
178 2 2 1 1 581 706 579
179 2 2 1 1 660 994 252
180 2 2 1 1 879 956 204
181 2 2 1 1 425 836 777
182 2 2 1 1 771 804 461
183 2 2 1 1 714 781 735
184 2 2 1 1 472 552 551
185 2 2 1 1 326 703 381
186 2 2 1 1 541 662 480
187 2 2 1 1 588 673 565
188 2 2 1 1 70 647 205
189 2 2 1 1 55 650 233
190 2 2 1 1 235 644 214
191 2 2 1 1 697 861 594
192 2 2 1 1 625 997 648
193 2 2 1 1 499 678 498
194 2 2 1 1 493 701 553
195 2 2 1 1 767 930 848
196 2 2 1 1 701 744 293
197 2 2 1 1 301 671 299
198 2 2 1 1 839 887 198
199 2 2 1 1 319 667 317
200 2 2 1 1 682 879 204
201 2 2 1 1 651 765 650
202 2 2 1 1 627 989 969
203 2 2 1 1 730 939 532
204 2 2 1 1 284 680 492
205 2 2 1 1 234 765 237
206 2 2 1 1 208 899 878
207 2 2 1 1 614 1003 616
208 2 2 1 1 322 680 286
209 2 2 1 1 629 959 222
210 2 2 1 1 199 616 66
211 2 2 1 1 731 847 194
212 2 2 1 1 878 899 633
213 2 2 1 1 802 900 449
214 2 2 1 1 196 637 64
215 2 2 1 1 738 833 506
216 2 2 1 1 448 742 550
217 2 2 1 1 841 880 526
218 2 2 1 1 227 903 708
219 2 2 1 1 545 965 827
220 2 2 1 1 498 676 442
221 2 2 1 1 634 663 568
222 2 2 1 1 592 663 634
223 2 2 1 1 606 798 704
224 2 2 1 1 314 703 326
225 2 2 1 1 348 681 351
226 2 2 1 1 61 657 60
227 2 2 1 1 698 864 696
228 2 2 1 1 359 798 640
229 2 2 1 1 299 671 302
230 2 2 1 1 241 849 340
231 2 2 1 1 381 703 688
232 2 2 1 1 309 670 319
233 2 2 1 1 400 711 709
234 2 2 1 1 543 902 846
235 2 2 1 1 846 902 218
236 2 2 1 1 647 884 205
237 2 2 1 1 221 878 633
238 2 2 1 1 125 908 888
239 2 2 1 1 767 768 536
240 2 2 1 1 360 754 753
241 2 2 1 1 360 753 752
242 2 2 1 1 369 843 748
243 2 2 1 1 969 989 270
244 2 2 1 1 452 684 683
245 2 2 1 1 632 936 110
246 2 2 1 1 557 819 758
247 2 2 1 1 243 244 242
248 2 2 1 1 461 944 771
249 2 2 1 1 640 814 721
250 2 2 1 1 745 896 759
251 2 2 1 1 703 865 689
252 2 2 1 1 758 819 626
253 2 2 1 1 488 756 754
254 2 2 1 1 110 952 632
255 2 2 1 1 638 694 608
256 2 2 1 1 622 814 640
257 2 2 1 1 661 662 541
258 2 2 1 1 347 681 348
259 2 2 1 1 736 746 692
260 2 2 1 1 533 879 549
261 2 2 1 1 609 977 926
262 2 2 1 1 755 774 753
263 2 2 1 1 351 679 350
264 2 2 1 1 222 959 817
265 2 2 1 1 748 843 763
266 2 2 1 1 486 939 730
267 2 2 1 1 740 866 231
268 2 2 1 1 736 942 746
269 2 2 1 1 442 676 414
270 2 2 1 1 278 736 692
271 2 2 1 1 711 814 624
272 2 2 1 1 317 667 320
273 2 2 1 1 243 642 245
274 2 2 1 1 241 243 242
275 2 2 1 1 604 694 618
276 2 2 1 1 316 880 841
277 2 2 1 1 870 882 522
278 2 2 1 1 232 867 738
279 2 2 1 1 452 683 374
280 2 2 1 1 233 765 234
281 2 2 1 1 624 814 622
282 2 2 1 1 565 673 584
283 2 2 1 1 343 743 334
284 2 2 1 1 579 690 575
285 2 2 1 1 650 765 233
286 2 2 1 1 98 894 835
287 2 2 1 1 381 688 397
288 2 2 1 1 723 918 58
289 2 2 1 1 608 921 638
290 2 2 1 1 566 864 698
291 2 2 1 1 628 903 227
292 2 2 1 1 313 752 325
293 2 2 1 1 278 692 280
294 2 2 1 1 400 709 398
295 2 2 1 1 754 844 488
296 2 2 1 1 337 800 321
297 2 2 1 1 431 717 430
298 2 2 1 1 359 721 356
299 2 2 1 1 865 872 689
300 2 2 1 1 355 704 359
301 2 2 1 1 334 743 394
302 2 2 1 1 471 816 407
303 2 2 1 1 695 696 276
304 2 2 1 1 308 844 360
305 2 2 1 1 263 806 801
306 2 2 1 1 413 725 379
307 2 2 1 1 561 663 564
308 2 2 1 1 79 727 78
309 2 2 1 1 579 706 690
310 2 2 1 1 743 877 394
311 2 2 1 1 237 765 466
312 2 2 1 1 360 752 313
313 2 2 1 1 367 720 433
314 2 2 1 1 80 705 79
315 2 2 1 1 89 714 88
316 2 2 1 1 448 777 742
317 2 2 1 1 695 698 696
318 2 2 1 1 431 719 717
319 2 2 1 1 200 951 651
320 2 2 1 1 315 718 307
321 2 2 1 1 746 1002 403
322 2 2 1 1 656 657 61
323 2 2 1 1 466 849 239
324 2 2 1 1 301 764 671
325 2 2 1 1 801 806 489
326 2 2 1 1 274 695 276
327 2 2 1 1 538 981 539
328 2 2 1 1 720 774 433
329 2 2 1 1 476 700 445
330 2 2 1 1 970 999 537
331 2 2 1 1 282 747 244
332 2 2 1 1 78 727 210
333 2 2 1 1 515 870 522
334 2 2 1 1 804 941 817
335 2 2 1 1 512 763 678
336 2 2 1 1 705 727 79
337 2 2 1 1 275 736 278
338 2 2 1 1 646 664 645
339 2 2 1 1 306 697 695
340 2 2 1 1 644 645 230
341 2 2 1 1 276 736 275
342 2 2 1 1 298 744 345
343 2 2 1 1 345 346 301
344 2 2 1 1 347 348 346
345 2 2 1 1 468 717 540
346 2 2 1 1 688 689 504
347 2 2 1 1 56 650 55
348 2 2 1 1 357 704 355
349 2 2 1 1 71 647 70
350 2 2 1 1 746 942 598
351 2 2 1 1 721 814 400
352 2 2 1 1 412 414 413
353 2 2 1 1 497 499 498
354 2 2 1 1 561 564 563
355 2 2 1 1 556 557 555
356 2 2 1 1 888 908 826
357 2 2 1 1 511 513 512
358 2 2 1 1 244 747 242
359 2 2 1 1 672 674 669
360 2 2 1 1 558 559 557
361 2 2 1 1 676 677 548
362 2 2 1 1 564 588 565
363 2 2 1 1 592 614 588
364 2 2 1 1 59 723 58
365 2 2 1 1 345 744 493
366 2 2 1 1 605 608 603
367 2 2 1 1 441 442 414
368 2 2 1 1 560 561 559
369 2 2 1 1 411 412 379
370 2 2 1 1 593 611 591
371 2 2 1 1 709 711 710
372 2 2 1 1 66 616 65
373 2 2 1 1 711 712 710
374 2 2 1 1 64 637 63
375 2 2 1 1 62 656 61
376 2 2 1 1 505 533 470
377 2 2 1 1 759 896 201
378 2 2 1 1 593 613 611
379 2 2 1 1 709 710 491
380 2 2 1 1 344 469 383
381 2 2 1 1 430 717 468
382 2 2 1 1 496 497 442
383 2 2 1 1 587 593 591
384 2 2 1 1 717 781 540
385 2 2 1 1 539 686 471
386 2 2 1 1 501 511 499
387 2 2 1 1 348 350 349
388 2 2 1 1 272 306 274
389 2 2 1 1 370 718 315
390 2 2 1 1 506 909 738
391 2 2 1 1 793 862 790
392 2 2 1 1 298 301 299
393 2 2 1 1 319 670 669
394 2 2 1 1 569 589 568
395 2 2 1 1 754 756 755
396 2 2 1 1 864 911 696
397 2 2 1 1 419 504 421
398 2 2 1 1 857 859 120
399 2 2 1 1 697 698 695
400 2 2 1 1 554 555 494
401 2 2 1 1 587 591 581
402 2 2 1 1 397 688 419
403 2 2 1 1 350 353 352
404 2 2 1 1 306 695 274
405 2 2 1 1 233 234 214
406 2 2 1 1 289 403 291
407 2 2 1 1 443 709 491
408 2 2 1 1 345 347 346
409 2 2 1 1 601 603 602
410 2 2 1 1 463 548 547
411 2 2 1 1 378 379 329
412 2 2 1 1 280 692 289
413 2 2 1 1 521 718 370
414 2 2 1 1 453 470 402
415 2 2 1 1 353 355 354
416 2 2 1 1 398 709 443
417 2 2 1 1 353 357 355
418 2 2 1 1 356 721 361
419 2 2 1 1 298 345 301
420 2 2 1 1 421 693 423
421 2 2 1 1 361 721 400
422 2 2 1 1 348 351 350
423 2 2 1 1 355 359 356
424 2 2 1 1 402 743 343
425 2 2 1 1 670 672 669
426 2 2 1 1 494 681 347
427 2 2 1 1 295 298 297
428 2 2 1 1 601 605 603
429 2 2 1 1 690 691 576
430 2 2 1 1 567 568 562
431 2 2 1 1 291 701 293
432 2 2 1 1 379 725 329
433 2 2 1 1 497 498 442
434 2 2 1 1 511 512 499
435 2 2 1 1 584 601 600
436 2 2 1 1 412 413 379
437 2 2 1 1 414 463 413
438 2 2 1 1 414 676 463
439 2 2 1 1 400 814 711
440 2 2 1 1 321 800 318
441 2 2 1 1 365 720 367
442 2 2 1 1 561 563 559
443 2 2 1 1 603 694 604
444 2 2 1 1 372 521 370
445 2 2 1 1 249 845 252
446 2 2 1 1 554 556 555
447 2 2 1 1 556 558 557
448 2 2 1 1 564 592 588
449 2 2 1 1 564 565 563
450 2 2 1 1 344 383 377
451 2 2 1 1 322 725 680
452 2 2 1 1 329 725 322
453 2 2 1 1 504 693 421
454 2 2 1 1 688 703 689
455 2 2 1 1 613 723 611
456 2 2 1 1 573 576 571
457 2 2 1 1 419 688 504
458 2 2 1 1 558 560 559
459 2 2 1 1 289 692 403
460 2 2 1 1 463 676 548
461 2 2 1 1 367 433 388
462 2 2 1 1 403 701 291
463 2 2 1 1 309 319 317
464 2 2 1 1 580 581 579
465 2 2 1 1 412 441 414
466 2 2 1 1 592 615 614
467 2 2 1 1 667 668 469
468 2 2 1 1 383 434 418
469 2 2 1 1 293 744 295
470 2 2 1 1 560 562 561
471 2 2 1 1 524 534 464
472 2 2 1 1 555 758 681
473 2 2 1 1 378 411 379
474 2 2 1 1 197 978 639
475 2 2 1 1 586 587 581
476 2 2 1 1 673 990 605
477 2 2 1 1 52 644 230
478 2 2 1 1 497 716 501
479 2 2 1 1 376 452 374
480 2 2 1 1 325 752 365
481 2 2 1 1 441 496 442
482 2 2 1 1 604 618 607
483 2 2 1 1 497 501 499
484 2 2 1 1 254 341 256
485 2 2 1 1 320 667 344
486 2 2 1 1 555 681 494
487 2 2 1 1 320 344 335
488 2 2 1 1 211 936 630
489 2 2 1 1 546 725 413
490 2 2 1 1 739 740 231
491 2 2 1 1 88 734 715
492 2 2 1 1 434 486 484
493 2 2 1 1 348 349 346
494 2 2 1 1 94 228 95
495 2 2 1 1 137 229 138
496 2 2 1 1 101 878 221
497 2 2 1 1 361 400 398
498 2 2 1 1 578 579 575
499 2 2 1 1 752 753 720
500 2 2 1 1 194 705 80
501 2 2 1 1 298 299 297
502 2 2 1 1 501 535 511
503 2 2 1 1 72 649 215
504 2 2 1 1 731 967 532
505 2 2 1 1 453 505 470
506 2 2 1 1 513 748 512
507 2 2 1 1 412 761 441
508 2 2 1 1 350 352 349
509 2 2 1 1 214 644 53
510 2 2 1 1 692 746 403
511 2 2 1 1 394 751 332
512 2 2 1 1 621 625 623
513 2 2 1 1 454 464 385
514 2 2 1 1 589 654 636
515 2 2 1 1 391 431 430
516 2 2 1 1 567 569 568
517 2 2 1 1 576 980 654
518 2 2 1 1 649 675 215
519 2 2 1 1 96 212 97
520 2 2 1 1 135 213 136
521 2 2 1 1 99 208 100
522 2 2 1 1 132 209 133
523 2 2 1 1 441 761 503
524 2 2 1 1 101 221 102
525 2 2 1 1 130 222 131
526 2 2 1 1 735 869 203
527 2 2 1 1 718 775 307
528 2 2 1 1 601 602 600
529 2 2 1 1 209 848 133
530 2 2 1 1 54 233 214
531 2 2 1 1 470 743 402
532 2 2 1 1 608 694 603
533 2 2 1 1 216 714 89
534 2 2 1 1 103 201 104
535 2 2 1 1 128 202 129
536 2 2 1 1 468 540 506
537 2 2 1 1 443 491 465
538 2 2 1 1 260 266 265
539 2 2 1 1 353 354 352
540 2 2 1 1 199 962 641
541 2 2 1 1 270 272 271
542 2 2 1 1 105 223 106
543 2 2 1 1 126 224 127
544 2 2 1 1 603 604 602
545 2 2 1 1 635 985 615
546 2 2 1 1 613 918 723
547 2 2 1 1 429 526 427
548 2 2 1 1 355 356 354
549 2 2 1 1 114 197 115
550 2 2 1 1 121 225 122
551 2 2 1 1 118 207 119
552 2 2 1 1 108 198 109
553 2 2 1 1 123 195 124
554 2 2 1 1 111 211 112
555 2 2 1 1 116 226 117
556 2 2 1 1 272 274 273
557 2 2 1 1 274 276 275
558 2 2 1 1 714 735 88
559 2 2 1 1 267 270 269
560 2 2 1 1 639 922 197
561 2 2 1 1 372 683 521
562 2 2 1 1 223 850 106
563 2 2 1 1 91 739 231
564 2 2 1 1 241 340 243
565 2 2 1 1 573 690 576
566 2 2 1 1 205 638 69
567 2 2 1 1 349 764 346
568 2 2 1 1 654 655 636
569 2 2 1 1 475 476 445
570 2 2 1 1 754 755 753
571 2 2 1 1 211 749 112
572 2 2 1 1 493 494 347
573 2 2 1 1 350 679 353
574 2 2 1 1 433 722 388
575 2 2 1 1 374 683 372
576 2 2 1 1 575 690 573
577 2 2 1 1 439 764 349
578 2 2 1 1 584 673 601
579 2 2 1 1 618 619 607
580 2 2 1 1 689 868 504
581 2 2 1 1 488 782 756
582 2 2 1 1 295 744 298
583 2 2 1 1 533 877 470
584 2 2 1 1 85 190 84
585 2 2 1 1 84 189 85
586 2 2 1 1 83 219 82
587 2 2 1 1 82 218 83
588 2 2 1 1 472 539 471
589 2 2 1 1 81 194 80
590 2 2 1 1 80 193 81
591 2 2 1 1 453 726 505
592 2 2 1 1 611 612 591
593 2 2 1 1 769 770 440
594 2 2 1 1 79 858 80
595 2 2 1 1 553 554 494
596 2 2 1 1 625 628 623
597 2 2 1 1 850 893 840
598 2 2 1 1 595 652 593
599 2 2 1 1 388 722 408
600 2 2 1 1 365 752 720
601 2 2 1 1 77 206 78
602 2 2 1 1 684 928 685
603 2 2 1 1 344 667 469
604 2 2 1 1 609 926 724
605 2 2 1 1 578 580 579
606 2 2 1 1 284 492 281
607 2 2 1 1 78 210 77
608 2 2 1 1 587 595 593
609 2 2 1 1 449 900 674
610 2 2 1 1 323 329 322
611 2 2 1 1 593 652 613
612 2 2 1 1 595 653 652
613 2 2 1 1 344 377 335
614 2 2 1 1 537 999 742
615 2 2 1 1 926 977 642
616 2 2 1 1 580 586 581
617 2 2 1 1 87 203 86
618 2 2 1 1 86 204 87
619 2 2 1 1 543 716 496
620 2 2 1 1 88 715 89
621 2 2 1 1 383 418 377
622 2 2 1 1 75 220 76
623 2 2 1 1 480 761 411
624 2 2 1 1 419 421 420
625 2 2 1 1 521 895 718
626 2 2 1 1 458 471 407
627 2 2 1 1 768 769 440
628 2 2 1 1 463 547 546
629 2 2 1 1 90 216 89
630 2 2 1 1 89 217 90
631 2 2 1 1 289 291 290
632 2 2 1 1 120 859 121
633 2 2 1 1 330 378 329
634 2 2 1 1 427 800 337
635 2 2 1 1 305 322 286
636 2 2 1 1 680 725 546
637 2 2 1 1 434 484 418
638 2 2 1 1 729 730 219
639 2 2 1 1 76 227 75
640 2 2 1 1 454 524 464
641 2 2 1 1 496 716 497
642 2 2 1 1 421 423 422
643 2 2 1 1 565 584 583
644 2 2 1 1 432 733 525
645 2 2 1 1 491 731 465
646 2 2 1 1 397 419 417
647 2 2 1 1 280 289 288
648 2 2 1 1 438 538 482
649 2 2 1 1 291 293 292
650 2 2 1 1 230 961 702
651 2 2 1 1 634 635 615
652 2 2 1 1 266 267 265
653 2 2 1 1 631 856 529
654 2 2 1 1 92 232 91
655 2 2 1 1 91 231 92
656 2 2 1 1 479 480 411
657 2 2 1 1 486 762 484
658 2 2 1 1 423 425 424
659 2 2 1 1 566 567 562
660 2 2 1 1 89 715 217
661 2 2 1 1 351 984 679
662 2 2 1 1 74 702 75
663 2 2 1 1 293 295 294
664 2 2 1 1 295 297 296
665 2 2 1 1 503 543 496
666 2 2 1 1 75 708 74
667 2 2 1 1 429 700 526
668 2 2 1 1 215 675 648
669 2 2 1 1 410 453 402
670 2 2 1 1 481 541 480
671 2 2 1 1 353 679 357
672 2 2 1 1 584 600 599
673 2 2 1 1 577 778 578
674 2 2 1 1 425 448 447
675 2 2 1 1 438 780 538
676 2 2 1 1 334 394 332
677 2 2 1 1 299 302 300
678 2 2 1 1 270 271 269
679 2 2 1 1 469 882 383
680 2 2 1 1 884 986 205
681 2 2 1 1 557 758 555
682 2 2 1 1 96 815 212
683 2 2 1 1 570 571 569
684 2 2 1 1 98 835 99
685 2 2 1 1 272 273 271
686 2 2 1 1 465 731 532
687 2 2 1 1 75 702 220
688 2 2 1 1 345 493 347
689 2 2 1 1 601 673 605
690 2 2 1 1 448 550 467
691 2 2 1 1 328 910 763
692 2 2 1 1 274 275 273
693 2 2 1 1 840 946 850
694 2 2 1 1 307 775 279
695 2 2 1 1 222 817 131
696 2 2 1 1 393 402 343
697 2 2 1 1 232 738 737
698 2 2 1 1 411 761 412
699 2 2 1 1 237 466 239
700 2 2 1 1 130 820 222
701 2 2 1 1 336 750 339
702 2 2 1 1 753 774 720
703 2 2 1 1 302 309 303
704 2 2 1 1 641 990 614
705 2 2 1 1 572 573 571
706 2 2 1 1 604 607 606
707 2 2 1 1 227 708 75
708 2 2 1 1 190 729 84
709 2 2 1 1 128 822 202
710 2 2 1 1 201 821 104
711 2 2 1 1 371 372 370
712 2 2 1 1 432 525 508
713 2 2 1 1 619 621 620
714 2 2 1 1 365 367 366
715 2 2 1 1 308 360 313
716 2 2 1 1 356 361 358
717 2 2 1 1 219 732 82
718 2 2 1 1 279 775 277
719 2 2 1 1 631 887 883
720 2 2 1 1 327 370 315
721 2 2 1 1 574 575 573
722 2 2 1 1 252 254 253
723 2 2 1 1 243 245 244
724 2 2 1 1 325 365 364
725 2 2 1 1 245 261 247
726 2 2 1 1 792 793 790
727 2 2 1 1 309 317 310
728 2 2 1 1 621 623 622
729 2 2 1 1 373 374 372
730 2 2 1 1 690 706 691
731 2 2 1 1 367 388 387
732 2 2 1 1 938 947 655
733 2 2 1 1 587 724 595
734 2 2 1 1 445 700 429
735 2 2 1 1 554 598 556
736 2 2 1 1 234 235 214
737 2 2 1 1 463 546 413
738 2 2 1 1 203 728 86
739 2 2 1 1 249 252 251
740 2 2 1 1 668 890 469
741 2 2 1 1 83 729 219
742 2 2 1 1 225 828 122
743 2 2 1 1 226 830 117
744 2 2 1 1 116 831 226
745 2 2 1 1 493 553 494
746 2 2 1 1 552 633 551
747 2 2 1 1 683 998 521
748 2 2 1 1 254 256 255
749 2 2 1 1 85 728 190
750 2 2 1 1 565 583 563
751 2 2 1 1 361 398 362
752 2 2 1 1 577 578 575
753 2 2 1 1 585 778 577
754 2 2 1 1 388 408 401
755 2 2 1 1 317 320 318
756 2 2 1 1 375 376 374
757 2 2 1 1 346 764 301
758 2 2 1 1 81 732 194
759 2 2 1 1 592 634 615
760 2 2 1 1 458 472 471
761 2 2 1 1 305 323 322
762 2 2 1 1 256 258 257
763 2 2 1 1 883 887 839
764 2 2 1 1 339 875 391
765 2 2 1 1 378 479 411
766 2 2 1 1 210 741 77
767 2 2 1 1 771 944 770
768 2 2 1 1 560 566 562
769 2 2 1 1 398 443 399
770 2 2 1 1 384 385 376
771 2 2 1 1 112 749 113
772 2 2 1 1 320 335 321
773 2 2 1 1 441 503 496
774 2 2 1 1 645 961 230
775 2 2 1 1 568 663 562
776 2 2 1 1 82 846 218
777 2 2 1 1 323 330 329
778 2 2 1 1 87 734 88
779 2 2 1 1 87 735 203
780 2 2 1 1 469 890 882
781 2 2 1 1 484 762 516
782 2 2 1 1 419 420 417
783 2 2 1 1 289 290 288
784 2 2 1 1 559 819 557
785 2 2 1 1 835 894 523
786 2 2 1 1 258 260 259
787 2 2 1 1 610 617 585
788 2 2 1 1 630 972 211
789 2 2 1 1 421 422 420
790 2 2 1 1 538 551 482
791 2 2 1 1 443 465 450
792 2 2 1 1 415 454 385
793 2 2 1 1 590 609 586
794 2 2 1 1 291 292 290
795 2 2 1 1 340 642 243
796 2 2 1 1 52 230 51
797 2 2 1 1 299 300 297
798 2 2 1 1 533 956 879
799 2 2 1 1 90 739 91
800 2 2 1 1 567 570 569
801 2 2 1 1 260 265 264
802 2 2 1 1 686 889 462
803 2 2 1 1 339 391 390
804 2 2 1 1 352 439 349
805 2 2 1 1 465 532 515
806 2 2 1 1 73 649 72
807 2 2 1 1 763 910 678
808 2 2 1 1 423 424 422
809 2 2 1 1 584 599 583
810 2 2 1 1 809 851 487
811 2 2 1 1 232 737 91
812 2 2 1 1 604 606 602
813 2 2 1 1 293 294 292
814 2 2 1 1 391 430 426
815 2 2 1 1 456 807 531
816 2 2 1 1 53 644 52
817 2 2 1 1 769 771 770
818 2 2 1 1 90 737 216
819 2 2 1 1 295 296 294
820 2 2 1 1 479 481 480
821 2 2 1 1 54 214 53
822 2 2 1 1 336 339 338
823 2 2 1 1 72 215 71
824 2 2 1 1 267 269 268
825 2 2 1 1 193 846 81
826 2 2 1 1 484 516 485
827 2 2 1 1 404 519 514
828 2 2 1 1 223 966 787
829 2 2 1 1 823 828 225
830 2 2 1 1 76 741 227
831 2 2 1 1 456 531 530
832 2 2 1 1 55 233 54
833 2 2 1 1 356 358 354
834 2 2 1 1 425 447 424
835 2 2 1 1 490 518 489
836 2 2 1 1 630 631 529
837 2 2 1 1 430 468 460
838 2 2 1 1 528 529 455
839 2 2 1 1 748 763 512
840 2 2 1 1 405 489 368
841 2 2 1 1 428 429 427
842 2 2 1 1 655 947 636
843 2 2 1 1 619 620 607
844 2 2 1 1 611 945 612
845 2 2 1 1 452 927 687
846 2 2 1 1 70 205 69
847 2 2 1 1 526 800 427
848 2 2 1 1 481 542 541
849 2 2 1 1 382 427 337
850 2 2 1 1 57 200 56
851 2 2 1 1 617 778 585
852 2 2 1 1 410 477 453
853 2 2 1 1 67 199 66
854 2 2 1 1 614 990 588
855 2 2 1 1 393 410 402
856 2 2 1 1 444 445 429
857 2 2 1 1 341 892 256
858 2 2 1 1 646 665 664
859 2 2 1 1 448 467 447
860 2 2 1 1 197 832 831
861 2 2 1 1 69 638 68
862 2 2 1 1 570 572 571
863 2 2 1 1 302 303 300
864 2 2 1 1 312 776 304
865 2 2 1 1 719 781 717
866 2 2 1 1 468 506 495
867 2 2 1 1 473 475 445
868 2 2 1 1 662 902 503
869 2 2 1 1 509 818 386
870 2 2 1 1 525 537 508
871 2 2 1 1 582 597 596
872 2 2 1 1 215 647 71
873 2 2 1 1 621 622 620
874 2 2 1 1 60 192 59
875 2 2 1 1 65 196 64
876 2 2 1 1 63 191 62
877 2 2 1 1 477 726 453
878 2 2 1 1 194 847 705
879 2 2 1 1 454 757 524
880 2 2 1 1 665 666 664
881 2 2 1 1 481 788 549
882 2 2 1 1 84 729 83
883 2 2 1 1 572 574 573
884 2 2 1 1 724 881 595
885 2 2 1 1 200 650 56
886 2 2 1 1 327 371 370
887 2 2 1 1 86 728 85
888 2 2 1 1 544 545 475
889 2 2 1 1 365 366 364
890 2 2 1 1 275 278 277
891 2 2 1 1 88 735 87
892 2 2 1 1 103 759 201
893 2 2 1 1 609 724 586
894 2 2 1 1 82 732 81
895 2 2 1 1 371 373 372
896 2 2 1 1 623 624 622
897 2 2 1 1 252 253 251
898 2 2 1 1 309 310 303
899 2 2 1 1 367 387 366
900 2 2 1 1 580 590 586
901 2 2 1 1 813 829 483
902 2 2 1 1 642 977 261
903 2 2 1 1 361 362 358
904 2 2 1 1 99 835 208
905 2 2 1 1 733 842 525
906 2 2 1 1 525 931 537
907 2 2 1 1 254 255 253
908 2 2 1 1 283 284 281
909 2 2 1 1 574 577 575
910 2 2 1 1 462 776 312
911 2 2 1 1 521 998 905
912 2 2 1 1 246 282 244
913 2 2 1 1 262 281 250
914 2 2 1 1 674 916 449
915 2 2 1 1 710 847 491
916 2 2 1 1 297 733 296
917 2 2 1 1 133 848 134
918 2 2 1 1 535 906 511
919 2 2 1 1 91 737 90
920 2 2 1 1 373 375 374
921 2 2 1 1 823 829 828
922 2 2 1 1 388 401 387
923 2 2 1 1 192 723 59
924 2 2 1 1 285 286 284
925 2 2 1 1 317 318 310
926 2 2 1 1 730 967 219
927 2 2 1 1 398 399 362
928 2 2 1 1 256 257 255
929 2 2 1 1 65 616 196
930 2 2 1 1 278 280 279
931 2 2 1 1 570 805 594
932 2 2 1 1 242 328 240
933 2 2 1 1 238 369 236
934 2 2 1 1 63 637 191
935 2 2 1 1 191 656 62
936 2 2 1 1 640 798 620
937 2 2 1 1 406 407 363
938 2 2 1 1 327 794 371
939 2 2 1 1 408 409 401
940 2 2 1 1 326 381 380
941 2 2 1 1 106 850 107
942 2 2 1 1 267 268 265
943 2 2 1 1 375 384 376
944 2 2 1 1 457 458 407
945 2 2 1 1 484 485 418
946 2 2 1 1 304 305 286
947 2 2 1 1 381 397 396
948 2 2 1 1 234 237 236
949 2 2 1 1 823 851 809
950 2 2 1 1 510 812 477
951 2 2 1 1 354 760 352
952 2 2 1 1 324 462 312
953 2 2 1 1 280 288 287
954 2 2 1 1 443 450 399
955 2 2 1 1 258 259 257
956 2 2 1 1 507 509 386
957 2 2 1 1 296 733 432
958 2 2 1 1 397 417 416
959 2 2 1 1 320 321 318
960 2 2 1 1 77 741 76
961 2 2 1 1 763 843 328
962 2 2 1 1 234 236 235
963 2 2 1 1 209 871 848
964 2 2 1 1 807 863 531
965 2 2 1 1 384 415 385
966 2 2 1 1 228 815 95
967 2 2 1 1 580 808 590
968 2 2 1 1 465 515 450
969 2 2 1 1 626 819 583
970 2 2 1 1 260 264 259
971 2 2 1 1 586 724 587
972 2 2 1 1 271 451 269
973 2 2 1 1 590 658 609
974 2 2 1 1 237 239 238
975 2 2 1 1 335 336 321
976 2 2 1 1 415 455 454
977 2 2 1 1 562 663 561
978 2 2 1 1 393 797 410
979 2 2 1 1 438 482 474
980 2 2 1 1 265 773 264
981 2 2 1 1 331 332 330
982 2 2 1 1 621 997 625
983 2 2 1 1 886 912 811
984 2 2 1 1 275 277 273
985 2 2 1 1 392 438 437
986 2 2 1 1 215 648 647
987 2 2 1 1 548 898 547
988 2 2 1 1 342 780 392
989 2 2 1 1 519 687 514
990 2 2 1 1 239 241 240
991 2 2 1 1 333 389 342
992 2 2 1 1 590 808 659
993 2 2 1 1 380 794 327
994 2 2 1 1 531 639 530
995 2 2 1 1 518 801 489
996 2 2 1 1 352 760 439
997 2 2 1 1 331 783 333
998 2 2 1 1 213 930 767
999 2 2 1 1 405 490 489
1000 2 2 1 1 204 734 87
1001 2 2 1 1 417 809 487
1002 2 2 1 1 296 432 386
1003 2 2 1 1 333 334 332
1004 2 2 1 1 528 630 529
1005 2 2 1 1 339 390 338
1006 2 2 1 1 479 788 481
1007 2 2 1 1 391 426 390
1008 2 2 1 1 323 799 331
1009 2 2 1 1 535 943 906
1010 2 2 1 1 342 343 334
1011 2 2 1 1 269 685 268
1012 2 2 1 1 132 817 209
1013 2 2 1 1 630 632 631
1014 2 2 1 1 260 920 266
1015 2 2 1 1 328 843 240
1016 2 2 1 1 382 428 427
1017 2 2 1 1 200 651 650
1018 2 2 1 1 95 815 96
1019 2 2 1 1 285 844 308
1020 2 2 1 1 208 835 834
1021 2 2 1 1 457 824 500
1022 2 2 1 1 516 517 485
1023 2 2 1 1 416 446 396
1024 2 2 1 1 428 444 429
1025 2 2 1 1 245 247 246
1026 2 2 1 1 287 307 279
1027 2 2 1 1 597 627 596
1028 2 2 1 1 430 460 426
1029 2 2 1 1 202 820 129
1030 2 2 1 1 285 308 304
1031 2 2 1 1 622 640 620
1032 2 2 1 1 245 246 244
1033 2 2 1 1 305 799 323
1034 2 2 1 1 358 760 354
1035 2 2 1 1 444 473 445
1036 2 2 1 1 432 508 507
1037 2 2 1 1 594 779 572
1038 2 2 1 1 131 817 132
1039 2 2 1 1 314 315 307
1040 2 2 1 1 464 927 385
1041 2 2 1 1 378 751 479
1042 2 2 1 1 392 393 343
1043 2 2 1 1 406 459 457
1044 2 2 1 1 308 313 312
1045 2 2 1 1 262 488 283
1046 2 2 1 1 129 820 130
1047 2 2 1 1 313 325 324
1048 2 2 1 1 224 822 127
1049 2 2 1 1 105 821 223
1050 2 2 1 1 304 776 305
1051 2 2 1 1 326 327 315
1052 2 2 1 1 473 544 475
1053 2 2 1 1 247 249 248
1054 2 2 1 1 217 739 90
1055 2 2 1 1 796 859 857
1056 2 2 1 1 296 386 294
1057 2 2 1 1 599 626 583
1058 2 2 1 1 127 822 128
1059 2 2 1 1 104 821 105
1060 2 2 1 1 325 364 363
1061 2 2 1 1 745 759 221
1062 2 2 1 1 237 238 236
1063 2 2 1 1 323 331 330
1064 2 2 1 1 292 311 290
1065 2 2 1 1 249 251 250
1066 2 2 1 1 300 733 297
1067 2 2 1 1 422 483 420
1068 2 2 1 1 268 773 265
1069 2 2 1 1 242 747 328
1070 2 2 1 1 474 520 437
1071 2 2 1 1 515 522 450
1072 2 2 1 1 570 594 572
1073 2 2 1 1 590 659 658
1074 2 2 1 1 468 495 460
1075 2 2 1 1 262 283 281
1076 2 2 1 1 791 792 790
1077 2 2 1 1 399 449 362
1078 2 2 1 1 278 279 277
1079 2 2 1 1 582 585 577
1080 2 2 1 1 117 830 118
1081 2 2 1 1 122 828 123
1082 2 2 1 1 115 831 116
1083 2 2 1 1 481 549 542
1084 2 2 1 1 529 757 455
1085 2 2 1 1 785 787 786
1086 2 2 1 1 473 629 544
1087 2 2 1 1 574 582 577
1088 2 2 1 1 928 996 519
1089 2 2 1 1 447 502 424
1090 2 2 1 1 283 285 284
1091 2 2 1 1 404 773 519
1092 2 2 1 1 239 240 238
1093 2 2 1 1 81 846 82
1094 2 2 1 1 392 780 438
1095 2 2 1 1 264 368 259
1096 2 2 1 1 198 946 840
1097 2 2 1 1 596 610 585
1098 2 2 1 1 517 699 485
1099 2 2 1 1 394 788 751
1100 2 2 1 1 241 242 240
1101 2 2 1 1 415 456 455
1102 2 2 1 1 257 263 255
1103 2 2 1 1 406 457 407
1104 2 2 1 1 280 287 279
1105 2 2 1 1 197 831 115
1106 2 2 1 1 123 828 195
1107 2 2 1 1 118 830 207
1108 2 2 1 1 381 396 380
1109 2 2 1 1 371 395 373
1110 2 2 1 1 567 805 570
1111 2 2 1 1 375 436 384
1112 2 2 1 1 478 510 477
1113 2 2 1 1 537 742 508
1114 2 2 1 1 285 304 286
1115 2 2 1 1 428 461 444
1116 2 2 1 1 397 416 396
1117 2 2 1 1 401 435 387
1118 2 2 1 1 77 897 206
1119 2 2 1 1 389 780 342
1120 2 2 1 1 310 316 303
1121 2 2 1 1 377 750 335
1122 2 2 1 1 457 500 458
1123 2 2 1 1 417 487 416
1124 2 2 1 1 451 685 269
1125 2 2 1 1 583 819 563
1126 2 2 1 1 333 783 389
1127 2 2 1 1 264 404 368
1128 2 2 1 1 659 660 658
1129 2 2 1 1 396 789 380
1130 2 2 1 1 336 337 321
1131 2 2 1 1 426 440 390
1132 2 2 1 1 456 528 455
1133 2 2 1 1 404 514 405
1134 2 2 1 1 582 596 585
1135 2 2 1 1 404 405 368
1136 2 2 1 1 272 989 306
1137 2 2 1 1 335 750 336
1138 2 2 1 1 456 530 528
1139 2 2 1 1 432 507 386
1140 2 2 1 1 700 841 526
1141 2 2 1 1 685 998 684
1142 2 2 1 1 410 478 477
1143 2 2 1 1 437 797 393
1144 2 2 1 1 193 988 716
1145 2 2 1 1 121 859 225
1146 2 2 1 1 422 813 483
1147 2 2 1 1 247 248 246
1148 2 2 1 1 287 314 307
1149 2 2 1 1 331 333 332
1150 2 2 1 1 376 927 452
1151 2 2 1 1 684 996 928
1152 2 2 1 1 314 326 315
1153 2 2 1 1 249 250 248
1154 2 2 1 1 308 312 304
1155 2 2 1 1 326 380 327
1156 2 2 1 1 251 262 250
1157 2 2 1 1 336 338 337
1158 2 2 1 1 620 798 607
1159 2 2 1 1 333 342 334
1160 2 2 1 1 495 536 460
1161 2 2 1 1 313 324 312
1162 2 2 1 1 438 474 437
1163 2 2 1 1 325 363 324
1164 2 2 1 1 364 406 363
1165 2 2 1 1 342 392 343
1166 2 2 1 1 338 382 337
1167 2 2 1 1 257 806 263
1168 2 2 1 1 331 799 783
1169 2 2 1 1 837 839 838
1170 2 2 1 1 839 840 838
1171 2 2 1 1 491 847 731
1172 2 2 1 1 572 779 574
1173 2 2 1 1 399 802 449
1174 2 2 1 1 826 908 891
1175 2 2 1 1 459 824 457
1176 2 2 1 1 314 865 703
1177 2 2 1 1 674 900 669
1178 2 2 1 1 392 437 393
1179 2 2 1 1 474 523 520
1180 2 2 1 1 366 784 364
1181 2 2 1 1 785 786 459
1182 2 2 1 1 489 806 368
1183 2 2 1 1 855 860 524
1184 2 2 1 1 870 939 486
1185 2 2 1 1 446 791 790
1186 2 2 1 1 526 880 800
1187 2 2 1 1 253 782 251
1188 2 2 1 1 57 918 200
1189 2 2 1 1 357 934 704
1190 2 2 1 1 779 861 597
1191 2 2 1 1 594 861 779
1192 2 2 1 1 478 527 510
1193 2 2 1 1 483 829 823
1194 2 2 1 1 789 794 380
1195 2 2 1 1 578 808 580
1196 2 2 1 1 777 836 507
1197 2 2 1 1 648 884 647
1198 2 2 1 1 67 921 199
1199 2 2 1 1 693 1000 423
1200 2 2 1 1 638 921 68
1201 2 2 1 1 364 784 406
1202 2 2 1 1 80 858 193
1203 2 2 1 1 784 785 459
1204 2 2 1 1 863 1004 922
1205 2 2 1 1 495 766 536
1206 2 2 1 1 490 919 914
1207 2 2 1 1 408 860 855
1208 2 2 1 1 406 784 459
1209 2 2 1 1 251 782 262
1210 2 2 1 1 264 773 404
1211 2 2 1 1 539 955 686
1212 2 2 1 1 252 994 254
1213 2 2 1 1 751 788 479
1214 2 2 1 1 262 782 488
1215 2 2 1 1 968 1000 693
1216 2 2 1 1 793 912 886
1217 2 2 1 1 220 897 76
1218 2 2 1 1 699 772 485
1219 2 2 1 1 834 899 208
1220 2 2 1 1 332 751 330
1221 2 2 1 1 547 898 643
1222 2 2 1 1 639 749 530
1223 2 2 1 1 446 789 396
1224 2 2 1 1 563 819 559
1225 2 2 1 1 455 757 454
1226 2 2 1 1 775 852 277
1227 2 2 1 1 450 802 399
1228 2 2 1 1 540 909 506
1229 2 2 1 1 524 860 534
1230 2 2 1 1 330 751 378
1231 2 2 1 1 520 797 437
1232 2 2 1 1 521 905 895
1233 2 2 1 1 446 790 789
1234 2 2 1 1 566 805 567
1235 2 2 1 1 418 772 377
1236 2 2 1 1 78 943 79
1237 2 2 1 1 696 942 276
1238 2 2 1 1 607 798 606
1239 2 2 1 1 560 864 566
1240 2 2 1 1 485 772 418
1241 2 2 1 1 508 777 507
1242 2 2 1 1 221 759 102
1243 2 2 1 1 507 836 509
1244 2 2 1 1 207 857 119
1245 2 2 1 1 461 804 803
1246 2 2 1 1 119 857 120
1247 2 2 1 1 93 866 94
1248 2 2 1 1 138 867 139
1249 2 2 1 1 259 806 257
1250 2 2 1 1 810 811 436
1251 2 2 1 1 407 816 363
1252 2 2 1 1 582 779 597
1253 2 2 1 1 517 923 869
1254 2 2 1 1 837 838 435
1255 2 2 1 1 516 923 517
1256 2 2 1 1 825 826 502
1257 2 2 1 1 137 913 229
1258 2 2 1 1 730 957 486
1259 2 2 1 1 434 882 870
1260 2 2 1 1 371 794 395
1261 2 2 1 1 377 772 750
1262 2 2 1 1 808 874 659
1263 2 2 1 1 435 885 853
1264 2 2 1 1 247 845 249
1265 2 2 1 1 410 797 478
1266 2 2 1 1 213 913 136
1267 2 2 1 1 517 869 719
1268 2 2 1 1 657 938 707
1269 2 2 1 1 473 803 629
1270 2 2 1 1 792 854 793
1271 2 2 1 1 487 796 795
1272 2 2 1 1 504 868 693
1273 2 2 1 1 306 989 876
1274 2 2 1 1 408 855 409
1275 2 2 1 1 271 852 451
1276 2 2 1 1 420 809 417
1277 2 2 1 1 424 813 422
1278 2 2 1 1 196 985 637
1279 2 2 1 1 477 812 726
1280 2 2 1 1 444 803 473
1281 2 2 1 1 631 883 856
1282 2 2 1 1 461 803 444
1283 2 2 1 1 324 816 462
1284 2 2 1 1 434 870 486
1285 2 2 1 1 94 866 228
1286 2 2 1 1 229 867 138
1287 2 2 1 1 598 911 556
1288 2 2 1 1 277 852 273
1289 2 2 1 1 240 843 238
1290 2 2 1 1 500 896 745
1291 2 2 1 1 436 863 807
1292 2 2 1 1 446 795 791
1293 2 2 1 1 755 991 774
1294 2 2 1 1 827 965 224
1295 2 2 1 1 588 990 673
1296 2 2 1 1 433 915 722
1297 2 2 1 1 868 968 693
1298 2 2 1 1 100 878 101
1299 2 2 1 1 793 886 862
1300 2 2 1 1 853 885 785
1301 2 2 1 1 415 807 456
1302 2 2 1 1 679 958 357
1303 2 2 1 1 710 924 847
1304 2 2 1 1 786 824 459
1305 2 2 1 1 790 862 789
1306 2 2 1 1 470 877 743
1307 2 2 1 1 699 875 772
1308 2 2 1 1 238 843 369
1309 2 2 1 1 722 860 408
1310 2 2 1 1 921 962 199
1311 2 2 1 1 861 876 597
1312 2 2 1 1 784 853 785
1313 2 2 1 1 778 808 578
1314 2 2 1 1 135 930 213
1315 2 2 1 1 436 807 384
1316 2 2 1 1 678 910 677
1317 2 2 1 1 125 888 126
1318 2 2 1 1 273 852 271
1319 2 2 1 1 375 810 436
1320 2 2 1 1 1 948 74
1321 2 2 1 1 74 950 1
1322 2 2 1 1 435 853 387
1323 2 2 1 1 772 875 750
1324 2 2 1 1 395 810 373
1325 2 2 1 1 522 802 450
1326 2 2 1 1 757 855 524
1327 2 2 1 1 487 795 416
1328 2 2 1 1 574 779 582
1329 2 2 1 1 800 880 318
1330 2 2 1 1 384 807 415
1331 2 2 1 1 97 894 98
1332 2 2 1 1 669 900 668
1333 2 2 1 1 633 899 551
1334 2 2 1 1 891 908 195
1335 2 2 1 1 467 827 825
1336 2 2 1 1 386 818 294
1337 2 2 1 1 916 973 760
1338 2 2 1 1 292 818 311
1339 2 2 1 1 220 961 664
1340 2 2 1 1 261 845 247
1341 2 2 1 1 261 977 658
1342 2 2 1 1 654 980 655
1343 2 2 1 1 616 1003 196
1344 2 2 1 1 416 795 446
1345 2 2 1 1 51 948 1
1346 2 2 1 1 545 983 475
1347 2 2 1 1 618 884 619
1348 2 2 1 1 1 950 73
1349 2 2 1 1 529 856 757
1350 2 2 1 1 373 810 375
1351 2 2 1 1 387 853 366
1352 2 2 1 1 287 865 314
1353 2 2 1 1 447 825 502
1354 2 2 1 1 439 973 672
1355 2 2 1 1 780 981 538
1356 2 2 1 1 316 842 303
1357 2 2 1 1 311 872 290
1358 2 2 1 1 383 882 434
1359 2 2 1 1 540 1001 909
1360 2 2 1 1 368 806 259
1361 2 2 1 1 742 777 508
1362 2 2 1 1 102 759 103
1363 2 2 1 1 92 963 2
1364 2 2 1 1 2 964 92
1365 2 2 1 1 766 913 213
1366 2 2 1 1 108 946 198
1367 2 2 1 1 366 853 784
1368 2 2 1 1 124 908 125
1369 2 2 1 1 225 851 823
1370 2 2 1 1 114 978 197
1371 2 2 1 1 300 842 733
1372 2 2 1 1 501 988 535
1373 2 2 1 1 738 909 737
1374 2 2 1 1 401 837 435
1375 2 2 1 1 208 878 100
1376 2 2 1 1 551 899 482
1377 2 2 1 1 630 936 632
1378 2 2 1 1 558 864 560
1379 2 2 1 1 618 986 884
1380 2 2 1 1 474 834 523
1381 2 2 1 1 715 987 726
1382 2 2 1 1 224 953 827
1383 2 2 1 1 495 833 766
1384 2 2 1 1 283 844 285
1385 2 2 1 1 357 958 934
1386 2 2 1 1 837 883 839
1387 2 2 1 1 506 833 495
1388 2 2 1 1 852 895 451
1389 2 2 1 1 882 890 522
1390 2 2 1 1 210 974 713
1391 2 2 1 1 318 880 310
1392 2 2 1 1 487 851 796
1393 2 2 1 1 778 874 808
1394 2 2 1 1 750 875 339
1395 2 2 1 1 817 941 209
1396 2 2 1 1 2 963 93
1397 2 2 1 1 139 964 2
1398 2 2 1 1 847 924 705
1399 2 2 1 1 542 879 682
1400 2 2 1 1 483 823 809
1401 2 2 1 1 648 997 884
1402 2 2 1 1 826 891 502
1403 2 2 1 1 849 881 340
1404 2 2 1 1 770 929 440
1405 2 2 1 1 502 813 424
1406 2 2 1 1 598 1002 746
1407 2 2 1 1 810 886 811
1408 2 2 1 1 863 922 531
1409 2 2 1 1 483 809 420
1410 2 2 1 1 294 818 292
1411 2 2 1 1 768 995 536
1412 2 2 1 1 126 888 224
1413 2 2 1 1 288 865 287
1414 2 2 1 1 363 816 324
1415 2 2 1 1 828 829 195
1416 2 2 1 1 110 936 111
1417 2 2 1 1 482 834 474
1418 2 2 1 1 467 825 447
1419 2 2 1 1 643 971 248
1420 2 2 1 1 775 895 852
1421 2 2 1 1 776 799 305
1422 2 2 1 1 906 943 206
1423 2 2 1 1 535 988 858
1424 2 2 1 1 256 892 258
1425 2 2 1 1 109 952 110
1426 2 2 1 1 303 842 300
1427 2 2 1 1 606 934 602
1428 2 2 1 1 975 983 545
1429 2 2 1 1 632 887 631
1430 2 2 1 1 597 876 627
1431 2 2 1 1 290 872 288
1432 2 2 1 1 700 970 841
1433 2 2 1 1 409 837 401
1434 2 2 1 1 190 957 729
1435 2 2 1 1 263 907 255
1436 2 2 1 1 838 893 885
1437 2 2 1 1 488 844 283
1438 2 2 1 1 653 881 849
1439 2 2 1 1 212 894 97
1440 2 2 1 1 449 916 362
1441 2 2 1 1 288 872 865
1442 2 2 1 1 767 935 768
1443 2 2 1 1 76 897 77
1444 2 2 1 1 838 885 435
1445 2 2 1 1 769 871 771
1446 2 2 1 1 811 863 436
1447 2 2 1 1 405 919 490
1448 2 2 1 1 462 889 776
1449 2 2 1 1 617 874 778
1450 2 2 1 1 892 920 258
1451 2 2 1 1 536 995 460
1452 2 2 1 1 822 904 202
1453 2 2 1 1 885 893 787
1454 2 2 1 1 382 944 428
1455 2 2 1 1 358 916 760
1456 2 2 1 1 554 1002 598
1457 2 2 1 1 211 972 749
1458 2 2 1 1 687 925 514
1459 2 2 1 1 871 935 848
1460 2 2 1 1 395 886 810
1461 2 2 1 1 440 929 390
1462 2 2 1 1 781 1001 540
1463 2 2 1 1 263 940 907
1464 2 2 1 1 197 922 832
1465 2 2 1 1 785 885 787
1466 2 2 1 1 510 933 740
1467 2 2 1 1 612 945 707
1468 2 2 1 1 762 957 190
1469 2 2 1 1 253 907 782
1470 2 2 1 1 486 957 762
1471 2 2 1 1 834 835 523
1472 2 2 1 1 511 906 513
1473 2 2 1 1 914 919 534
1474 2 2 1 1 768 935 769
1475 2 2 1 1 201 917 821
1476 2 2 1 1 338 929 382
1477 2 2 1 1 478 873 527
1478 2 2 1 1 685 928 268
1479 2 2 1 1 595 881 653
1480 2 2 1 1 674 973 916
1481 2 2 1 1 310 880 316
1482 2 2 1 1 205 986 638
1483 2 2 1 1 440 995 768
1484 2 2 1 1 712 924 710
1485 2 2 1 1 467 975 827
1486 2 2 1 1 558 911 864
1487 2 2 1 1 677 932 548
1488 2 2 1 1 789 862 794
1489 2 2 1 1 246 971 282
1490 2 2 1 1 596 949 610
1491 2 2 1 1 503 902 543
1492 2 2 1 1 195 908 124
1493 2 2 1 1 539 981 955
1494 2 2 1 1 922 1004 832
1495 2 2 1 1 712 974 924
1496 2 2 1 1 757 856 855
1497 2 2 1 1 409 883 837
1498 2 2 1 1 713 974 712
1499 2 2 1 1 679 984 958
1500 2 2 1 1 718 895 775
1501 2 2 1 1 782 907 756
1502 2 2 1 1 505 956 533
1503 2 2 1 1 637 960 191
1504 2 2 1 1 749 972 530
1505 2 2 1 1 528 972 630
1506 2 2 1 1 225 859 851
1507 2 2 1 1 937 976 873
1508 2 2 1 1 520 937 873
1509 2 2 1 1 840 893 838
1510 2 2 1 1 625 903 628
1511 2 2 1 1 267 969 270
1512 2 2 1 1 636 960 635
1513 2 2 1 1 737 909 216
1514 2 2 1 1 694 986 618
1515 2 2 1 1 771 941 804
1516 2 2 1 1 848 930 134
1517 2 2 1 1 855 856 409
1518 2 2 1 1 639 978 749
1519 2 2 1 1 773 928 519
1520 2 2 1 1 813 891 829
1521 2 2 1 1 749 978 113
1522 2 2 1 1 534 925 464
1523 2 2 1 1 549 879 542
1524 2 2 1 1 704 934 606
1525 2 2 1 1 726 987 505
1526 2 2 1 1 896 917 201
1527 2 2 1 1 136 913 137
1528 2 2 1 1 824 896 500
1529 2 2 1 1 909 1001 216
1530 2 2 1 1 258 920 260
1531 2 2 1 1 520 873 797
1532 2 2 1 1 724 926 881
1533 2 2 1 1 527 976 815
1534 2 2 1 1 702 948 230
1535 2 2 1 1 556 911 558
1536 2 2 1 1 924 974 727
1537 2 2 1 1 850 946 107
1538 2 2 1 1 207 901 857
1539 2 2 1 1 649 950 708
1540 2 2 1 1 910 932 677
1541 2 2 1 1 831 993 226
1542 2 2 1 1 851 859 796
1543 2 2 1 1 476 970 700
1544 2 2 1 1 505 987 956
1545 2 2 1 1 884 997 619
1546 2 2 1 1 796 901 795
1547 2 2 1 1 426 995 440
1548 2 2 1 1 829 891 195
1549 2 2 1 1 794 862 395
1550 2 2 1 1 705 924 727
1551 2 2 1 1 522 890 802
1552 2 2 1 1 385 927 376
1553 2 2 1 1 544 904 545
1554 2 2 1 1 858 988 193
1555 2 2 1 1 795 901 791
1556 2 2 1 1 918 951 200
1557 2 2 1 1 675 903 625
1558 2 2 1 1 687 996 452
1559 2 2 1 1 203 923 728
1560 2 2 1 1 686 955 889
1561 2 2 1 1 672 973 674
1562 2 2 1 1 904 965 545
1563 2 2 1 1 907 940 756
1564 2 2 1 1 451 905 685
1565 2 2 1 1 857 901 796
1566 2 2 1 1 255 907 253
1567 2 2 1 1 702 961 220
1568 2 2 1 1 111 936 211
1569 2 2 1 1 797 873 478
1570 2 2 1 1 490 915 518
1571 2 2 1 1 728 982 190
1572 2 2 1 1 58 918 57
1573 2 2 1 1 876 989 627
1574 2 2 1 1 747 910 328
1575 2 2 1 1 714 1001 781
1576 2 2 1 1 869 923 203
1577 2 2 1 1 282 971 898
1578 2 2 1 1 68 921 67
1579 2 2 1 1 134 930 135
1580 2 2 1 1 276 942 736
1581 2 2 1 1 656 947 938
1582 2 2 1 1 756 940 755
1583 2 2 1 1 224 965 822
1584 2 2 1 1 658 977 609
1585 2 2 1 1 266 969 267
1586 2 2 1 1 207 954 901
1587 2 2 1 1 362 916 358
1588 2 2 1 1 799 889 783
1589 2 2 1 1 282 932 747
1590 2 2 1 1 747 932 910
1591 2 2 1 1 531 922 639
1592 2 2 1 1 684 998 683
1593 2 2 1 1 856 883 409
1594 2 2 1 1 841 931 316
1595 2 2 1 1 901 954 791
1596 2 2 1 1 190 982 762
1597 2 2 1 1 787 966 786
1598 2 2 1 1 734 987 715
1599 2 2 1 1 912 993 832
1600 2 2 1 1 514 919 405
1601 2 2 1 1 824 917 896
1602 2 2 1 1 716 988 501
1603 2 2 1 1 862 886 395
1604 2 2 1 1 482 899 834
1605 2 2 1 1 605 962 608
1606 2 2 1 1 198 952 109
1607 2 2 1 1 452 996 684
1608 2 2 1 1 895 905 451
1609 2 2 1 1 815 976 212
1610 2 2 1 1 652 951 613
1611 2 2 1 1 776 889 799
1612 2 2 1 1 860 914 534
1613 2 2 1 1 854 912 793
1614 2 2 1 1 803 959 629
1615 2 2 1 1 509 1000 968
1616 2 2 1 1 801 991 940
1617 2 2 1 1 664 961 645
1618 2 2 1 1 638 986 694
1619 2 2 1 1 74 948 702
1620 2 2 1 1 691 980 576
1621 2 2 1 1 107 946 108
1622 2 2 1 1 230 948 51
1623 2 2 1 1 940 991 755
1624 2 2 1 1 727 974 210
1625 2 2 1 1 708 950 74
1626 2 2 1 1 722 914 860
1627 2 2 1 1 602 934 600
1628 2 2 1 1 608 962 921
1629 2 2 1 1 73 950 649
1630 2 2 1 1 825 953 826
1631 2 2 1 1 340 926 642
1632 2 2 1 1 615 1003 614
1633 2 2 1 1 226 993 854
1634 2 2 1 1 801 940 263
1635 2 2 1 1 270 989 272
1636 2 2 1 1 956 987 734
1637 2 2 1 1 268 928 773
1638 2 2 1 1 254 994 341
1639 2 2 1 1 656 938 657
1640 2 2 1 1 502 891 813
1641 2 2 1 1 390 929 338
1642 2 2 1 1 818 968 311
1643 2 2 1 1 476 999 970
1644 2 2 1 1 219 967 732
1645 2 2 1 1 786 917 824
1646 2 2 1 1 206 943 78
1647 2 2 1 1 523 937 520
1648 2 2 1 1 742 999 550
1649 2 2 1 1 934 958 600
1650 2 2 1 1 428 944 461
1651 2 2 1 1 842 931 525
1652 2 2 1 1 867 964 139
1653 2 2 1 1 93 963 866
1654 2 2 1 1 509 968 818
1655 2 2 1 1 311 968 868
1656 2 2 1 1 619 997 621
1657 2 2 1 1 830 954 207
1658 2 2 1 1 532 939 515
1659 2 2 1 1 544 979 904
1660 2 2 1 1 889 955 783
1661 2 2 1 1 832 1004 912
1662 2 2 1 1 113 978 114
1663 2 2 1 1 904 979 202
1664 2 2 1 1 914 915 490
1665 2 2 1 1 832 993 831
1666 2 2 1 1 774 991 518
1667 2 2 1 1 600 958 599
1668 2 2 1 1 527 933 510
1669 2 2 1 1 316 931 842
1670 2 2 1 1 729 957 730
1671 2 2 1 1 475 983 476
1672 2 2 1 1 204 956 734
1673 2 2 1 1 216 1001 714
1674 2 2 1 1 627 949 596
1675 2 2 1 1 722 915 914
1676 2 2 1 1 191 947 656
1677 2 2 1 1 820 979 629
1678 2 2 1 1 791 954 792
1679 2 2 1 1 226 992 830
1680 2 2 1 1 888 953 224
1681 2 2 1 1 632 952 887
1682 2 2 1 1 232 964 867
1683 2 2 1 1 866 963 231
1684 2 2 1 1 553 1002 554
1685 2 2 1 1 231 963 92
1686 2 2 1 1 92 964 232
1687 2 2 1 1 830 992 954
1688 2 2 1 1 826 953 888
1689 2 2 1 1 550 975 467
1690 2 2 1 1 762 982 516
1691 2 2 1 1 212 976 937
1692 2 2 1 1 804 959 803
1693 2 2 1 1 827 953 825
1694 2 2 1 1 515 939 870
1695 2 2 1 1 783 955 389
1696 2 2 1 1 248 971 246
1697 2 2 1 1 821 966 223
1698 2 2 1 1 887 952 198
1699 2 2 1 1 202 979 820
1700 2 2 1 1 519 996 687
1701 2 2 1 1 599 984 626
1702 2 2 1 1 954 992 792
1703 2 2 1 1 760 973 439
1704 2 2 1 1 209 941 871
1705 2 2 1 1 769 935 871
1706 2 2 1 1 530 972 528
1707 2 2 1 1 881 926 340
1708 2 2 1 1 629 979 544
1709 2 2 1 1 894 937 523
1710 2 2 1 1 389 981 780
1711 2 2 1 1 550 983 975
1712 2 2 1 1 919 925 534
1713 2 2 1 1 212 937 894
1714 2 2 1 1 460 995 426
1715 2 2 1 1 958 984 599
1716 2 2 1 1 514 925 919
1717 2 2 1 1 518 991 801
1718 2 2 1 1 898 971 643
1719 2 2 1 1 871 941 771
1720 2 2 1 1 822 965 904
1721 2 2 1 1 836 1000 509
1722 2 2 1 1 854 993 912
1723 2 2 1 1 955 981 389
1724 2 2 1 1 905 998 685
1725 2 2 1 1 792 992 854
1726 2 2 1 1 854 992 226
1727 2 2 1 1 873 976 527
1728 2 2 1 1 949 969 266
1729 2 2 1 1 516 982 923
1730 2 2 1 1 923 982 728
1731 2 2 1 1 786 966 917
1732 2 2 1 1 917 966 821
1733 2 2 1 1 613 951 918
1734 2 2 1 1 811 1004 863
1735 2 2 1 1 947 960 636
1736 2 2 1 1 912 1004 811
1737 2 2 1 1 191 960 947
1738 2 2 1 1 627 969 949
1739 2 2 1 1 985 1003 615
1740 2 2 1 1 550 999 983
1741 2 2 1 1 983 999 476
1742 2 2 1 1 196 1003 985
1743 2 2 2 2 1011 1024 1034
1744 2 2 2 2 1024 1011 1033
1745 2 2 2 2 67 1011 1034
1746 2 2 2 2 68 67 1034
1747 2 2 2 2 71 70 1040
1748 2 2 2 2 1010 1027 1042
1749 2 2 2 2 1027 1010 1041
1750 2 2 2 2 64 1005 1035
1751 2 2 2 2 1007 1028 1039
1752 2 2 2 2 1028 1031 1039
1753 2 2 2 2 70 1008 1040
1754 2 2 2 2 65 64 1035
1755 2 2 2 2 55 1010 1042
1756 2 2 2 2 56 55 1042
1757 2 2 2 2 1025 1040 1047
1758 2 2 2 2 1010 54 1043
1759 2 2 2 2 1040 1008 1047
1760 2 2 2 2 1013 71 1040
1761 2 2 2 2 54 53 1043
1762 2 2 2 2 61 1009 1038
1763 2 2 2 2 62 61 1038
1764 2 2 2 2 1024 1019 1025
1765 2 2 2 2 1019 1016 1025
1766 2 2 2 2 1020 1023 1029
1767 2 2 2 2 1026 1021 1027
1768 2 2 2 2 1021 1020 1029
1769 2 2 2 2 1018 1021 1026
1770 2 2 2 2 1027 1021 1028
1771 2 2 2 2 1028 1021 1029
1772 2 2 2 2 61 60 1009
1773 2 2 2 2 64 63 1005
1774 2 2 2 2 55 54 1010
1775 2 2 2 2 70 69 1008
1776 2 2 2 2 58 57 1007
1777 2 2 2 2 67 66 1011
1778 2 2 2 2 73 72 1012
1779 2 2 2 2 52 51 1006
1780 2 2 2 2 1022 1019 1024
1781 2 2 2 2 1020 1022 1023
1782 2 2 2 2 1018 1020 1021
1783 2 2 2 2 1020 1019 1022
1784 2 2 2 2 1018 1019 1020
1785 2 2 2 2 1017 1018 1026
1786 2 2 2 2 1018 1016 1019
1787 2 2 2 2 1017 1016 1018
1788 2 2 2 2 1015 1016 1017
1789 2 2 2 2 1016 1014 1025
1790 2 2 2 2 1015 1014 1016
1791 2 2 2 2 1017 1026 1030
1792 2 2 2 2 1025 1014 1040
1793 2 2 2 2 1012 1014 1015
1794 2 2 2 2 1 73 1036
1795 2 2 2 2 73 1012 1036
1796 2 2 2 2 1028 1029 1031
1797 2 2 2 2 1022 1024 1033
1798 2 2 2 2 1005 1032 1035
1799 2 2 2 2 1026 1027 1041
1800 2 2 2 2 1038 1037 1045
1801 2 2 2 2 1031 1029 1037
1802 2 2 2 2 1009 1031 1037
1803 2 2 2 2 1023 1022 1032
1804 2 2 2 2 1030 1006 1044
1805 2 2 2 2 1017 1030 1044
1806 2 2 2 2 1034 1024 1047
1807 2 2 2 2 59 58 1039
1808 2 2 2 2 58 1007 1039
1809 2 2 2 2 1032 1033 1035
1810 2 2 2 2 68 1034 1054
1811 2 2 2 2 1012 1015 1036
1812 2 2 2 2 1029 1023 1037
1813 2 2 2 2 1036 1015 1044
1814 2 2 2 2 1006 1030 1052
1815 2 2 2 2 1035 1033 1053
1816 2 2 2 2 1032 1022 1033
1817 2 2 2 2 1012 1013 1014
1818 2 2 2 2 1033 1011 1053
1819 2 2 2 2 1009 1037 1038
1820 2 2 2 2 1036 1044 1048
1821 2 2 2 2 1041 1010 1043
1822 2 2 2 2 1037 1023 1045
1823 2 2 2 2 1024 1025 1047
1824 2 2 2 2 1028 1007 1050
1825 2 2 2 2 72 71 1013
1826 2 2 2 2 1012 72 1013
1827 2 2 2 2 1015 1017 1044
1828 2 2 2 2 60 59 1046
1829 2 2 2 2 1030 1026 1041
1830 2 2 2 2 51 1 1048
1831 2 2 2 2 1030 1043 1052
1832 2 2 2 2 63 62 1049
1833 2 2 2 2 53 52 1052
1834 2 2 2 2 69 68 1054
1835 2 2 2 2 66 65 1053
1836 2 2 2 2 57 56 1051
1837 2 2 2 2 1027 1028 1050
1838 2 2 2 2 1009 60 1046
1839 2 2 2 2 1014 1013 1040
1840 2 2 2 2 1006 51 1048
1841 2 2 2 2 1030 1041 1043
1842 2 2 2 2 1005 63 1049
1843 2 2 2 2 56 1042 1051
1844 2 2 2 2 1007 57 1051
1845 2 2 2 2 1031 1009 1046
1846 2 2 2 2 52 1006 1052
1847 2 2 2 2 1011 66 1053
1848 2 2 2 2 1008 69 1054
1849 2 2 2 2 65 1035 1053
1850 2 2 2 2 1038 1045 1049
1851 2 2 2 2 62 1038 1049
1852 2 2 2 2 1042 1027 1050
1853 2 2 2 2 1023 1032 1045
1854 2 2 2 2 1032 1005 1045
1855 2 2 2 2 1 1036 1048
1856 2 2 2 2 1043 53 1052
1857 2 2 2 2 59 1039 1046
1858 2 2 2 2 1044 1006 1048
1859 2 2 2 2 1039 1031 1046
1860 2 2 2 2 1047 1008 1054
1861 2 2 2 2 1034 1047 1054
1862 2 2 2 2 1045 1005 1049
1863 2 2 2 2 1050 1007 1051
1864 2 2 2 2 1042 1050 1051
1865 2 2 3 4 1113 1144 1093
1866 2 2 3 4 1078 1113 1093
1867 2 2 3 4 1058 1115 1111
1868 2 2 3 4 1100 1115 1058
1869 2 2 3 4 1129 1131 1099
1870 2 2 3 4 1099 1131 1072
1871 2 2 3 4 1076 1140 1098
1872 2 2 3 4 1076 1141 1140
1873 2 2 3 4 1095 1136 1073
1874 2 2 3 4 1095 1143 1136
1875 2 2 3 4 1091 1135 1071
1876 2 2 3 4 1091 1139 1135
1877 2 2 3 4 1064 1107 1096
1878 2 2 3 4 1064 1123 1107
1879 2 2 3 4 1073 1104 1101
1880 2 2 3 4 1102 1103 1067
1881 2 2 3 4 1073 1136 1104
1882 2 2 3 4 1103 1127 1067
1883 2 2 3 4 1060 1112 1096
1884 2 2 3 4 1096 1107 1060
1885 2 2 3 4 1059 1110 1080
1886 2 2 3 4 1057 1109 1082
1887 2 2 3 4 1081 1110 1059
1888 2 2 3 4 1082 1117 1057
1889 2 2 3 4 1080 1118 1059
1890 2 2 3 4 1077 1117 1082
1891 2 2 3 4 1079 1112 1060
1892 2 2 3 4 1078 1109 1057
1893 2 2 3 4 1058 1111 1077
1894 2 2 3 4 1062 1120 1079
1895 2 2 3 4 1081 1121 1083
1896 2 2 3 4 1057 1113 1078
1897 2 2 3 4 1082 1119 1077
1898 2 2 3 4 1059 1121 1081
1899 2 2 3 4 1079 1114 1062
1900 2 2 3 4 1060 1114 1079
1901 2 2 3 4 1070 1138 1083
1902 2 2 3 4 1077 1119 1058
1903 2 2 3 4 1083 1138 1081
1904 2 2 3 4 1064 1118 1080
1905 2 2 3 4 1080 1123 1064
1906 2 2 3 4 1100 1120 1062
1907 2 2 3 4 1062 1115 1100
1908 2 2 3 4 1063 1122 1084
1909 2 2 3 4 1094 1122 1063
1910 2 2 3 4 1065 1124 1085
1911 2 2 3 4 1084 1134 1063
1912 2 2 3 4 1086 1125 1066
1913 2 2 3 4 1066 1126 1086
1914 2 2 3 4 1069 1133 1088
1915 2 2 3 4 1088 1132 1069
1916 2 2 3 4 1067 1127 1086
1917 2 2 3 4 1068 1129 1099
1918 2 2 3 4 1085 1124 1066
1919 2 2 3 4 1066 1125 1085
1920 2 2 3 4 1099 1128 1068
1921 2 2 3 4 1084 1132 1088
1922 2 2 3 4 1088 1134 1084
1923 2 2 3 4 1086 1126 1067
1924 2 2 3 4 1068 1128 1087
1925 2 2 3 4 1069 1130 1087
1926 2 2 3 4 1087 1133 1069
1927 2 2 3 4 1087 1130 1068
1928 2 2 3 4 1095 1142 1075
1929 2 2 3 4 1075 1142 1098
1930 2 2 3 4 1091 1141 1076
1931 2 2 3 4 1076 1139 1091
1932 2 2 3 4 1089 1137 1074
1933 2 2 3 4 1075 1143 1095
1934 2 2 3 4 1098 1140 1075
1935 2 2 3 4 1093 1144 1061
1936 2 2 3 4 1072 1131 1097
1937 2 2 3 4 1074 1137 1092
1938 2 2 3 4 1071 1135 1090
1939 2 2 3 4 1061 1149 1093
1940 2 2 3 4 1097 1150 1072
1941 2 2 3 4 1092 1151 1074
1942 2 2 3 4 1090 1152 1071
1943 2 2 3 4 1085 1147 1065
1944 2 2 3 4 1063 1148 1094
1945 2 2 3 4 1083 1146 1070
1946 2 2 3 4 1074 1145 1089
1947 2 2 3 4 1089 1090 41
1948 2 2 3 4 1070 1092 38
1949 2 2 3 4 1065 1097 10
1950 2 2 3 4 41 1090 42
1951 2 2 3 4 38 1092 39
1952 2 2 3 4 10 1097 11
1953 2 2 3 4 1078 1093 160
1954 2 2 3 4 160 1093 159
1955 2 2 3 4 37 1070 38
1956 2 2 3 4 48 1073 49
1957 2 2 3 4 40 1089 41
1958 2 2 3 4 181 1091 1071
1959 2 2 3 4 33 1080 34
1960 2 2 3 4 168 1079 167
1961 2 2 3 4 1076 1098 45
1962 2 2 3 4 161 1078 160
1963 2 2 3 4 163 1082 162
1964 2 2 3 4 175 1083 174
1965 2 2 3 4 20 1094 1061
1966 2 2 3 4 157 1063 156
1967 2 2 3 4 165 1100 1058
1968 2 2 3 4 171 1064 170
1969 2 2 3 4 35 1081 36
1970 2 2 3 4 178 1074 177
1971 2 2 3 4 45 1098 46
1972 2 2 3 4 47 1095 48
1973 2 2 3 4 25 1077 26
1974 2 2 3 4 166 1100 165
1975 2 2 3 4 181 1071 180
1976 2 2 3 4 185 1075 184
1977 2 2 3 4 15 1069 16
1978 2 2 3 4 20 1061 21
1979 2 2 3 4 48 1095 1073
1980 2 2 3 4 147 1085 146
1981 2 2 3 4 9 1065 10
1982 2 2 3 4 145 1086 144
1983 2 2 3 4 182 1091 181
1984 2 2 3 4 17 1084 18
1985 2 2 3 4 30 1060 31
1986 2 2 3 4 150 1072 149
1987 2 2 3 4 153 1087 152
1988 2 2 3 4 28 1062 29
1989 2 2 3 4 150 1099 1072
1990 2 2 3 4 5 1067 6
1991 2 2 3 4 23 1057 24
1992 2 2 3 4 155 1088 154
1993 2 2 3 4 165 1058 164
1994 2 2 3 4 7 1066 8
1995 2 2 3 4 173 1059 172
1996 2 2 3 4 13 1068 14
1997 2 2 3 4 44 1076 45
1998 2 2 3 4 19 1094 20
1999 2 2 3 4 151 1099 150
2000 2 2 3 4 170 1096 169
2001 2 2 3 4 1064 1096 170
2002 2 2 3 4 49 1101 50
2003 2 2 3 4 4 1102 5
2004 2 2 3 4 1096 1112 169
2005 2 2 3 4 1060 1107 31
2006 2 2 3 4 1062 1114 29
2007 2 2 3 4 40 1137 1089
2008 2 2 3 4 168 1112 1079
2009 2 2 3 4 30 1114 1060
2010 2 2 3 4 28 1115 1062
2011 2 2 3 4 1082 1109 162
2012 2 2 3 4 1077 1111 26
2013 2 2 3 4 1059 1118 172
2014 2 2 3 4 1058 1119 164
2015 2 2 3 4 161 1109 1078
2016 2 2 3 4 163 1119 1082
2017 2 2 3 4 171 1118 1064
2018 2 2 3 4 1057 1117 24
2019 2 2 3 4 7 1126 1066
2020 2 2 3 4 1069 1132 16
2021 2 2 3 4 145 1125 1086
2022 2 2 3 4 1085 1125 146
2023 2 2 3 4 1088 1133 154
2024 2 2 3 4 1063 1134 156
2025 2 2 3 4 1066 1124 8
2026 2 2 3 4 1086 1127 144
2027 2 2 3 4 9 1124 1065
2028 2 2 3 4 1068 1130 14
2029 2 2 3 4 1087 1128 152
2030 2 2 3 4 15 1130 1069
2031 2 2 3 4 23 1113 1057
2032 2 2 3 4 155 1134 1088
2033 2 2 3 4 17 1132 1084
2034 2 2 3 4 25 1117 1077
2035 2 2 3 4 151 1128 1099
2036 2 2 3 4 153 1133 1087
2037 2 2 3 4 13 1129 1068
2038 2 2 3 4 1079 1120 167
2039 2 2 3 4 1067 1126 6
2040 2 2 3 4 1084 1122 18
2041 2 2 3 4 166 1120 1100
2042 2 2 3 4 44 1139 1076
2043 2 2 3 4 19 1122 1094
2044 2 2 3 4 1083 1121 174
2045 2 2 3 4 185 1143 1075
2046 2 2 3 4 37 1138 1070
2047 2 2 3 4 1075 1140 184
2048 2 2 3 4 1080 1110 34
2049 2 2 3 4 33 1123 1080
2050 2 2 3 4 1081 1138 36
2051 2 2 3 4 35 1110 1081
2052 2 2 3 4 173 1121 1059
2053 2 2 3 4 182 1141 1091
2054 2 2 3 4 1061 1144 21
2055 2 2 3 4 47 1142 1095
2056 2 2 3 4 1098 1142 46
2057 2 2 3 4 1097 1131 11
2058 2 2 3 4 1092 1137 39
2059 2 2 3 4 1090 1135 42
2060 2 2 3 4 1073 1101 49
2061 2 2 3 4 5 1102 1067
2062 2 2 3 4 143 1103 142
2063 2 2 3 4 188 1104 187
2064 2 2 3 4 141 1055 140
2065 2 2 3 4 140 1056 141
2066 2 2 3 4 149 1150 148
2067 2 2 3 4 159 1149 158
2068 2 2 3 4 177 1151 176
2069 2 2 3 4 180 1152 179
2070 2 2 3 4 148 1147 147
2071 2 2 3 4 158 1148 157
2072 2 2 3 4 179 1145 178
2073 2 2 3 4 176 1146 175
2074 2 2 3 4 1055 1103 1102
2075 2 2 3 4 1101 1104 1056
2076 2 2 3 4 3 1153 188
2077 2 2 3 4 2 1155 4
2078 2 2 3 4 142 1156 3
2079 2 2 3 4 50 1154 2
2080 2 2 3 4 1089 1105 1090
2081 2 2 3 4 1070 1106 1092
2082 2 2 3 4 1065 1108 1097
2083 2 2 3 4 31 1107 32
2084 2 2 3 4 1107 1123 32
2085 2 2 3 4 42 1135 43
2086 2 2 3 4 187 1136 186
2087 2 2 3 4 39 1137 40
2088 2 2 3 4 29 1114 30
2089 2 2 3 4 1135 1139 43
2090 2 2 3 4 169 1112 168
2091 2 2 3 4 27 1115 28
2092 2 2 3 4 1111 1115 27
2093 2 2 3 4 1136 1143 186
2094 2 2 3 4 1094 1116 1061
2095 2 2 3 4 22 1113 23
2096 2 2 3 4 172 1118 171
2097 2 2 3 4 26 1111 27
2098 2 2 3 4 162 1109 161
2099 2 2 3 4 164 1119 163
2100 2 2 3 4 14 1130 15
2101 2 2 3 4 8 1124 9
2102 2 2 3 4 146 1125 145
2103 2 2 3 4 11 1131 12
2104 2 2 3 4 152 1128 151
2105 2 2 3 4 154 1133 153
2106 2 2 3 4 6 1126 7
2107 2 2 3 4 24 1117 25
2108 2 2 3 4 12 1131 1129
2109 2 2 3 4 18 1122 19
2110 2 2 3 4 156 1134 155
2111 2 2 3 4 144 1127 143
2112 2 2 3 4 12 1129 13
2113 2 2 3 4 16 1132 17
2114 2 2 3 4 167 1120 166
2115 2 2 3 4 43 1139 44
2116 2 2 3 4 184 1140 183
2117 2 2 3 4 186 1143 185
2118 2 2 3 4 32 1123 33
2119 2 2 3 4 22 1144 1113
2120 2 2 3 4 174 1121 173
2121 2 2 3 4 34 1110 35
2122 2 2 3 4 1140 1141 183
2123 2 2 3 4 36 1138 37
2124 2 2 3 4 183 1141 182
2125 2 2 3 4 21 1144 22
2126 2 2 3 4 46 1142 47
2127 2 2 3 4 1104 1136 187
2128 2 2 3 4 143 1127 1103
2129 2 2 3 4 1101 1154 50
2130 2 2 3 4 4 1155 1102
2131 2 2 3 4 1108 1147 148
2132 2 2 3 4 1116 1148 158
2133 2 2 3 4 1105 1145 179
2134 2 2 3 4 1106 1146 176
2135 2 2 3 4 179 1152 1105
2136 2 2 3 4 176 1151 1106
2137 2 2 3 4 148 1150 1108
2138 2 2 3 4 158 1149 1116
2139 2 2 3 4 141 1153 3
2140 2 2 3 4 140 1155 2
2141 2 2 3 4 3 1156 141
2142 2 2 3 4 2 1154 140
2143 2 2 3 4 1056 1154 1101
2144 2 2 3 4 1102 1155 1055
2145 2 2 3 4 1070 1146 1106
2146 2 2 3 4 1089 1145 1105
2147 2 2 3 4 1094 1148 1116
2148 2 2 3 4 1065 1147 1108
2149 2 2 3 4 1116 1149 1061
2150 2 2 3 4 1108 1150 1097
2151 2 2 3 4 1106 1151 1092
2152 2 2 3 4 1105 1152 1090
2153 2 2 3 4 1055 1156 1103
2154 2 2 3 4 1104 1153 1056
2155 2 2 3 4 1103 1156 142
2156 2 2 3 4 188 1153 1104
2157 2 2 3 4 1072 1150 149
2158 2 2 3 4 1093 1149 159
2159 2 2 3 4 1074 1151 177
2160 2 2 3 4 1071 1152 180
2161 2 2 3 4 178 1145 1074
2162 2 2 3 4 175 1146 1083
2163 2 2 3 4 147 1147 1085
2164 2 2 3 4 157 1148 1063
2165 2 2 3 4 1055 1155 140
2166 2 2 3 4 1056 1153 141
2167 2 2 3 4 141 1156 1055
2168 2 2 3 4 140 1154 1056
2169 2 2 4 210102 1158 1321 3
2170 2 2 4 210102 1166 1328 1274
2171 2 2 4 210102 1312 1335 1253
2172 2 2 4 210102 1274 1342 1166
2173 2 2 4 210102 1257 1258 1162
2174 2 2 4 210102 1294 1336 1164
2175 2 2 4 210102 162 1325 161
2176 2 2 4 210102 1163 1335 1312
2177 2 2 4 210102 1260 1321 1158
2178 2 2 4 210102 1325 1349 1256
2179 2 2 4 210102 1172 1349 1325
2180 2 2 4 210102 1258 1261 1162
2181 2 2 4 210102 3 1321 188
2182 2 2 4 210102 1160 1311 1302
2183 2 2 4 210102 1295 1336 1294
2184 2 2 4 210102 1164 1315 1294
2185 2 2 4 210102 1163 1312 1299
2186 2 2 4 210102 1302 1340 1160
2187 2 2 4 210102 1172 1325 162
2188 2 2 4 210102 1299 1329 1163
2189 2 2 4 210102 1295 1344 1165
2190 2 2 4 210102 1165 1353 1295
2191 2 2 4 210102 1272 1354 1346
2192 2 2 4 210102 1261 1265 1174
2193 2 2 4 210102 161 1325 1324
2194 2 2 4 210102 1305 1337 1322
2195 2 2 4 210102 168 1323 167
2196 2 2 4 210102 1346 1354 1161
2197 2 2 4 210102 1258 1265 1261
2198 2 2 4 210102 1162 1324 1257
2199 2 2 4 210102 1168 1331 1301
2200 2 2 4 210102 1159 1318 153
2201 2 2 4 210102 143 1352 1343
2202 2 2 4 210102 1301 1331 1302
2203 2 2 4 210102 1173 1261 1174
2204 2 2 4 210102 1263 1352 1171
2205 2 2 4 210102 1170 1320 150
2206 2 2 4 210102 1291 1352 1263
2207 2 2 4 210102 1259 1357 1159
2208 2 2 4 210102 1343 1352 1291
2209 2 2 4 210102 1166 1323 168
2210 2 2 4 210102 153 1318 152
2211 2 2 4 210102 150 1320 149
2212 2 2 4 210102 1322 1337 1157
2213 2 2 4 210102 1274 1328 1314
2214 2 2 4 210102 1159 1333 1259
2215 2 2 4 210102 1215 1319 1317
2216 2 2 4 210102 1253 1335 1320
2217 2 2 4 210102 1265 1310 1179
2218 2 2 4 210102 1258 1310 1265
2219 2 2 4 210102 1176 1265 1179
2220 2 2 4 210102 1264 1266 1245
2221 2 2 4 210102 1255 1264 1245
2222 2 2 4 210102 1177 1266 1264
2223 2 2 4 210102 1181 1279 1266
2224 2 2 4 210102 1266 1279 1245
2225 2 2 4 210102 1181 1266 1178
2226 2 2 4 210102 157 1169 156
2227 2 2 4 210102 1246 1310 1247
2228 2 2 4 210102 1268 1310 1246
2229 2 2 4 210102 1268 1275 1183
2230 2 2 4 210102 1247 1310 1258
2231 2 2 4 210102 1246 1275 1268
2232 2 2 4 210102 1180 1268 1183
2233 2 2 4 210102 1279 1280 1214
2234 2 2 4 210102 1267 1280 1279
2235 2 2 4 210102 1245 1279 1214
2236 2 2 4 210102 1267 1279 1181
2237 2 2 4 210102 1182 1267 1181
2238 2 2 4 210102 1275 1308 1183
2239 2 2 4 210102 1290 1291 1263
2240 2 2 4 210102 1252 1282 1210
2241 2 2 4 210102 1183 1308 1184
2242 2 2 4 210102 1269 1273 1270
2243 2 2 4 210102 1229 1269 1235
2244 2 2 4 210102 1233 1307 1240
2245 2 2 4 210102 1269 1270 1235
2246 2 2 4 210102 1199 1289 1206
2247 2 2 4 210102 1221 1287 1223
2248 2 2 4 210102 1281 1285 1228
2249 2 2 4 210102 1277 1288 1278
2250 2 2 4 210102 1206 1290 1263
2251 2 2 4 210102 1240 1307 1274
2252 2 2 4 210102 1228 1285 1230
2253 2 2 4 210102 1277 1278 1207
2254 2 2 4 210102 1231 1269 1229
2255 2 2 4 210102 1223 1287 1226
2256 2 2 4 210102 1277 1280 1267
2257 2 2 4 210102 1244 1296 1222
2258 2 2 4 210102 1191 1285 1281
2259 2 2 4 210102 1283 1287 1221
2260 2 2 4 210102 1300 1301 1243
2261 2 2 4 210102 1222 1296 1220
2262 2 2 4 210102 1225 1300 1243
2263 2 2 4 210102 1234 1276 1238
2264 2 2 4 210102 1230 1231 1229
2265 2 2 4 210102 1301 1302 1243
2266 2 2 4 210102 1233 1240 1231
2267 2 2 4 210102 1278 1288 1194
2268 2 2 4 210102 1241 1275 1246
2269 2 2 4 210102 1244 1297 1296
2270 2 2 4 210102 1188 1284 1191
2271 2 2 4 210102 1227 1300 1225
2272 2 2 4 210102 1228 1230 1229
2273 2 2 4 210102 1185 1288 1277
2274 2 2 4 210102 1281 1286 1191
2275 2 2 4 210102 1234 1238 1237
2276 2 2 4 210102 1228 1229 1227
2277 2 2 4 210102 1289 1290 1206
2278 2 2 4 210102 1232 1233 1231
2279 2 2 4 210102 1193 1286 1283
2280 2 2 4 210102 1283 1292 1193
2281 2 2 4 210102 1240 1269 1231
2282 2 2 4 210102 1211 1292 1219
2283 2 2 4 210102 1191 1286 1190
2284 2 2 4 210102 1219 1292 1283
2285 2 2 4 210102 1230 1232 1231
2286 2 2 4 210102 1270 1272 1271
2287 2 2 4 210102 1238 1276 1249
2288 2 2 4 210102 1214 1280 1208
2289 2 2 4 210102 1292 1293 1193
2290 2 2 4 210102 1230 1248 1232
2291 2 2 4 210102 1241 1246 1242
2292 2 2 4 210102 1209 1292 1211
2293 2 2 4 210102 1246 1247 1242
2294 2 2 4 210102 1190 1286 1193
2295 2 2 4 210102 1209 1293 1292
2296 2 2 4 210102 1247 1256 1242
2297 2 2 4 210102 1247 1257 1256
2298 2 2 4 210102 1218 1294 1217
2299 2 2 4 210102 1247 1258 1257
2300 2 2 4 210102 1196 1278 1194
2301 2 2 4 210102 187 1167 186
2302 2 2 4 210102 1223 1225 1224
2303 2 2 4 210102 1206 1251 1201
2304 2 2 4 210102 1223 1224 1222
2305 2 2 4 210102 1206 1263 1251
2306 2 2 4 210102 1223 1226 1225
2307 2 2 4 210102 163 1172 162
2308 2 2 4 210102 184 1164 183
2309 2 2 4 210102 1200 1278 1196
2310 2 2 4 210102 1225 1243 1224
2311 2 2 4 210102 175 1168 174
2312 2 2 4 210102 1226 1227 1225
2313 2 2 4 210102 148 1163 147
2314 2 2 4 210102 166 1157 165
2315 2 2 4 210102 178 1160 177
2316 2 2 4 210102 1226 1228 1227
2317 2 2 4 210102 1251 1298 1201
2318 2 2 4 210102 142 1158 3
2319 2 2 4 210102 1226 1281 1228
2320 2 2 4 210102 154 1159 153
2321 2 2 4 210102 160 1162 159
2322 2 2 4 210102 1207 1278 1200
2323 2 2 4 210102 1251 1299 1298
2324 2 2 4 210102 1199 1206 1201
2325 2 2 4 210102 1224 1244 1222
2326 2 2 4 210102 169 1166 168
2327 2 2 4 210102 1221 1223 1222
2328 2 2 4 210102 1202 1212 1208
2329 2 2 4 210102 181 1165 180
2330 2 2 4 210102 1202 1207 1200
2331 2 2 4 210102 1202 1208 1207
2332 2 2 4 210102 1202 1298 1212
2333 2 2 4 210102 172 1161 171
2334 2 2 4 210102 1212 1253 1213
2335 2 2 4 210102 151 1170 150
2336 2 2 4 210102 1201 1202 1200
2337 2 2 4 210102 1201 1298 1202
2338 2 2 4 210102 1212 1213 1208
2339 2 2 4 210102 145 1171 144
2340 2 2 4 210102 1254 1295 1294
2341 2 2 4 210102 1199 1201 1200
2342 2 2 4 210102 1221 1222 1220
2343 2 2 4 210102 1219 1283 1221
2344 2 2 4 210102 1254 1294 1218
2345 2 2 4 210102 1199 1200 1196
2346 2 2 4 210102 1219 1221 1220
2347 2 2 4 210102 1220 1254 1218
2348 2 2 4 210102 1195 1198 1197
2349 2 2 4 210102 1197 1199 1196
2350 2 2 4 210102 1219 1220 1218
2351 2 2 4 210102 1195 1197 1196
2352 2 2 4 210102 1211 1219 1218
2353 2 2 4 210102 1195 1196 1194
2354 2 2 4 210102 1217 1252 1210
2355 2 2 4 210102 1211 1218 1217
2356 2 2 4 210102 1192 1195 1194
2357 2 2 4 210102 1211 1217 1210
2358 2 2 4 210102 1190 1193 1192
2359 2 2 4 210102 1192 1194 1189
2360 2 2 4 210102 1198 1293 1209
2361 2 2 4 210102 1249 1275 1241
2362 2 2 4 210102 1209 1211 1210
2363 2 2 4 210102 1190 1192 1189
2364 2 2 4 210102 1188 1191 1190
2365 2 2 4 210102 1234 1237 1236
2366 2 2 4 210102 1193 1293 1192
2367 2 2 4 210102 1229 1235 1227
2368 2 2 4 210102 1195 1293 1198
2369 2 2 4 210102 1270 1271 1235
2370 2 2 4 210102 1209 1210 1204
2371 2 2 4 210102 1205 1216 1203
2372 2 2 4 210102 1215 1255 1245
2373 2 2 4 210102 1192 1293 1195
2374 2 2 4 210102 1188 1190 1189
2375 2 2 4 210102 1234 1236 1233
2376 2 2 4 210102 1232 1276 1234
2377 2 2 4 210102 1194 1288 1189
2378 2 2 4 210102 1198 1209 1204
2379 2 2 4 210102 1204 1205 1203
2380 2 2 4 210102 1215 1245 1214
2381 2 2 4 210102 1240 1273 1269
2382 2 2 4 210102 1188 1189 1186
2383 2 2 4 210102 1205 1262 1260
2384 2 2 4 210102 1284 1285 1191
2385 2 2 4 210102 1232 1234 1233
2386 2 2 4 210102 1207 1280 1277
2387 2 2 4 210102 1185 1277 1267
2388 2 2 4 210102 1205 1260 1216
2389 2 2 4 210102 1186 1288 1185
2390 2 2 4 210102 1187 1284 1188
2391 2 2 4 210102 1241 1242 1239
2392 2 2 4 210102 1240 1274 1273
2393 2 2 4 210102 1220 1296 1254
2394 2 2 4 210102 1198 1204 1203
2395 2 2 4 210102 1213 1215 1214
2396 2 2 4 210102 1213 1214 1208
2397 2 2 4 210102 1208 1280 1207
2398 2 2 4 210102 1248 1276 1232
2399 2 2 4 210102 1235 1300 1227
2400 2 2 4 210102 1189 1288 1186
2401 2 2 4 210102 1198 1203 1197
2402 2 2 4 210102 1271 1301 1300
2403 2 2 4 210102 1305 1306 1236
2404 2 2 4 210102 1184 1186 1185
2405 2 2 4 210102 1185 1267 1182
2406 2 2 4 210102 1230 1285 1248
2407 2 2 4 210102 1187 1188 1186
2408 2 2 4 210102 1303 1304 1250
2409 2 2 4 210102 1238 1239 1237
2410 2 2 4 210102 1187 1309 1284
2411 2 2 4 210102 1284 1309 1248
2412 2 2 4 210102 1238 1241 1239
2413 2 2 4 210102 1238 1249 1241
2414 2 2 4 210102 1239 1250 1237
2415 2 2 4 210102 1184 1187 1186
2416 2 2 4 210102 1226 1287 1281
2417 2 2 4 210102 1239 1303 1250
2418 2 2 4 210102 1248 1309 1276
2419 2 2 4 210102 1237 1305 1236
2420 2 2 4 210102 1286 1287 1283
2421 2 2 4 210102 1236 1307 1233
2422 2 2 4 210102 1256 1303 1242
2423 2 2 4 210102 1271 1300 1235
2424 2 2 4 210102 1184 1308 1187
2425 2 2 4 210102 1242 1303 1239
2426 2 2 4 210102 1276 1309 1249
2427 2 2 4 210102 1308 1309 1187
2428 2 2 4 210102 1248 1285 1284
2429 2 2 4 210102 1249 1308 1275
2430 2 2 4 210102 1250 1305 1237
2431 2 2 4 210102 1281 1287 1286
2432 2 2 4 210102 1197 1289 1199
2433 2 2 4 210102 1184 1185 1182
2434 2 2 4 210102 1249 1309 1308
2435 2 2 4 210102 1216 1289 1203
2436 2 2 4 210102 1306 1307 1236
2437 2 2 4 210102 1210 1282 1204
2438 2 2 4 210102 1205 1282 1262
2439 2 2 4 210102 1203 1289 1197
2440 2 2 4 210102 1216 1290 1289
2441 2 2 4 210102 1204 1282 1205
2442 2 2 4 210102 1183 1184 1182
2443 2 2 4 210102 1180 1183 1182
2444 2 2 4 210102 1180 1182 1181
2445 2 2 4 210102 1179 1268 1180
2446 2 2 4 210102 1180 1181 1178
2447 2 2 4 210102 1179 1310 1268
2448 2 2 4 210102 1179 1180 1178
2449 2 2 4 210102 1176 1179 1178
2450 2 2 4 210102 1177 1264 1259
2451 2 2 4 210102 1178 1266 1177
2452 2 2 4 210102 1176 1178 1177
2453 2 2 4 210102 1177 1259 1175
2454 2 2 4 210102 1302 1311 1243
2455 2 2 4 210102 1224 1311 1244
2456 2 2 4 210102 1174 1265 1176
2457 2 2 4 210102 1176 1177 1175
2458 2 2 4 210102 1243 1311 1224
2459 2 2 4 210102 1174 1176 1175
2460 2 2 4 210102 1158 1332 1260
2461 2 2 4 210102 1174 1175 1169
2462 2 2 4 210102 1259 1313 1175
2463 2 2 4 210102 1212 1312 1253
2464 2 2 4 210102 1299 1312 1298
2465 2 2 4 210102 1317 1319 1170
2466 2 2 4 210102 156 1313 155
2467 2 2 4 210102 1169 1313 156
2468 2 2 4 210102 1294 1315 1217
2469 2 2 4 210102 1327 1329 1299
2470 2 2 4 210102 1213 1319 1215
2471 2 2 4 210102 1298 1312 1212
2472 2 2 4 210102 1165 1344 1297
2473 2 2 4 210102 1299 1341 1327
2474 2 2 4 210102 1262 1338 1167
2475 2 2 4 210102 1257 1325 1256
2476 2 2 4 210102 185 1355 1316
2477 2 2 4 210102 1316 1356 185
2478 2 2 4 210102 1260 1332 1216
2479 2 2 4 210102 1290 1332 1291
2480 2 2 4 210102 1332 1343 1291
2481 2 2 4 210102 1175 1313 1169
2482 2 2 4 210102 1319 1320 1170
2483 2 2 4 210102 1297 1350 1326
2484 2 2 4 210102 1315 1316 1252
2485 2 2 4 210102 1250 1337 1305
2486 2 2 4 210102 1282 1338 1262
2487 2 2 4 210102 1159 1357 1318
2488 2 2 4 210102 1253 1320 1319
2489 2 2 4 210102 1307 1342 1274
2490 2 2 4 210102 1297 1344 1296
2491 2 2 4 210102 1254 1344 1295
2492 2 2 4 210102 1274 1314 1273
2493 2 2 4 210102 1244 1350 1297
2494 2 2 4 210102 1256 1349 1303
2495 2 2 4 210102 1264 1357 1259
2496 2 2 4 210102 1270 1354 1272
2497 2 2 4 210102 1173 1174 1169
2498 2 2 4 210102 1316 1338 1252
2499 2 2 4 210102 1217 1315 1252
2500 2 2 4 210102 1317 1318 1255
2501 2 2 4 210102 1215 1317 1255
2502 2 2 4 210102 1253 1319 1213
2503 2 2 4 210102 161 1324 160
2504 2 2 4 210102 160 1324 1162
2505 2 2 4 210102 1301 1358 1168
2506 2 2 4 210102 1262 1321 1260
2507 2 2 4 210102 1305 1322 1306
2508 2 2 4 210102 1297 1348 1165
2509 2 2 4 210102 1322 1323 1306
2510 2 2 4 210102 146 1327 145
2511 2 2 4 210102 157 1173 1169
2512 2 2 4 210102 158 1173 157
2513 2 2 4 210102 145 1327 1171
2514 2 2 4 210102 1261 1347 1162
2515 2 2 4 210102 169 1328 1166
2516 2 2 4 210102 178 1326 1160
2517 2 2 4 210102 170 1328 169
2518 2 2 4 210102 179 1326 178
2519 2 2 4 210102 1166 1342 1323
2520 2 2 4 210102 1323 1342 1306
2521 2 2 4 210102 1318 1357 1255
2522 2 2 4 210102 1315 1356 1316
2523 2 2 4 210102 1163 1329 147
2524 2 2 4 210102 1316 1355 1338
2525 2 2 4 210102 1157 1330 165
2526 2 2 4 210102 176 1331 175
2527 2 2 4 210102 1173 1347 1261
2528 2 2 4 210102 147 1329 146
2529 2 2 4 210102 165 1330 164
2530 2 2 4 210102 163 1334 1172
2531 2 2 4 210102 175 1331 1168
2532 2 2 4 210102 1251 1341 1299
2533 2 2 4 210102 149 1335 148
2534 2 2 4 210102 1323 1351 167
2535 2 2 4 210102 183 1336 182
2536 2 2 4 210102 174 1339 173
2537 2 2 4 210102 1158 1343 1332
2538 2 2 4 210102 154 1333 1159
2539 2 2 4 210102 1167 1360 1262
2540 2 2 4 210102 1259 1333 1313
2541 2 2 4 210102 155 1333 154
2542 2 2 4 210102 1160 1340 177
2543 2 2 4 210102 1161 1354 1314
2544 2 2 4 210102 1314 1354 1273
2545 2 2 4 210102 1326 1348 1297
2546 2 2 4 210102 1216 1332 1290
2547 2 2 4 210102 143 1343 142
2548 2 2 4 210102 1271 1358 1301
2549 2 2 4 210102 151 1345 1170
2550 2 2 4 210102 172 1346 1161
2551 2 2 4 210102 1162 1347 159
2552 2 2 4 210102 1165 1348 180
2553 2 2 4 210102 144 1352 143
2554 2 2 4 210102 166 1351 1157
2555 2 2 4 210102 181 1353 1165
2556 2 2 4 210102 1320 1335 149
2557 2 2 4 210102 186 1355 185
2558 2 2 4 210102 185 1356 184
2559 2 2 4 210102 188 1360 187
2560 2 2 4 210102 1161 1359 171
2561 2 2 4 210102 1164 1356 1315
2562 2 2 4 210102 1339 1346 173
2563 2 2 4 210102 164 1334 163
2564 2 2 4 210102 1324 1325 1257
2565 2 2 4 210102 1171 1341 1263
2566 2 2 4 210102 1328 1359 1314
2567 2 2 4 210102 148 1335 1163
2568 2 2 4 210102 1336 1353 182
2569 2 2 4 210102 1263 1341 1251
2570 2 2 4 210102 1164 1336 183
2571 2 2 4 210102 1313 1333 155
2572 2 2 4 210102 1304 1337 1250
2573 2 2 4 210102 1252 1338 1282
2574 2 2 4 210102 1168 1339 174
2575 2 2 4 210102 146 1329 1327
2576 2 2 4 210102 177 1340 176
2577 2 2 4 210102 1272 1346 1339
2578 2 2 4 210102 1314 1359 1161
2579 2 2 4 210102 1306 1342 1307
2580 2 2 4 210102 142 1343 1158
2581 2 2 4 210102 1296 1344 1254
2582 2 2 4 210102 1170 1345 1317
2583 2 2 4 210102 1295 1353 1336
2584 2 2 4 210102 176 1340 1331
2585 2 2 4 210102 1334 1349 1172
2586 2 2 4 210102 1157 1337 1330
2587 2 2 4 210102 1304 1334 1330
2588 2 2 4 210102 1330 1334 164
2589 2 2 4 210102 152 1345 151
2590 2 2 4 210102 1322 1351 1323
2591 2 2 4 210102 1160 1350 1311
2592 2 2 4 210102 173 1346 172
2593 2 2 4 210102 1321 1360 188
2594 2 2 4 210102 1157 1351 1322
2595 2 2 4 210102 159 1347 158
2596 2 2 4 210102 180 1348 179
2597 2 2 4 210102 1331 1340 1302
2598 2 2 4 210102 1330 1337 1304
2599 2 2 4 210102 1303 1349 1304
2600 2 2 4 210102 1311 1350 1244
2601 2 2 4 210102 167 1351 166
2602 2 2 4 210102 1272 1358 1271
2603 2 2 4 210102 1171 1352 144
2604 2 2 4 210102 182 1353 181
2605 2 2 4 210102 1262 1360 1321
2606 2 2 4 210102 158 1347 1173
2607 2 2 4 210102 1273 1354 1270
2608 2 2 4 210102 179 1348 1326
2609 2 2 4 210102 1338 1355 1167
2610 2 2 4 210102 1167 1355 186
2611 2 2 4 210102 1255 1357 1264
2612 2 2 4 210102 184 1356 1164
2613 2 2 4 210102 1304 1349 1334
2614 2 2 4 210102 170 1359 1328
2615 2 2 4 210102 171 1359 170
2616 2 2 4 210102 1317 1345 1318
2617 2 2 4 210102 1318 1345 152
2618 2 2 4 210102 187 1360 1167
2619 2 2 4 210102 1327 1341 1171
2620 2 2 4 210102 1326 1350 1160
2621 2 2 4 210102 1339 1358 1272
2622 2 2 4 210102 1168 1358 1339
$EndElements
