$MeshFormat
2.2 0 8
$EndMeshFormat
$PhysicalNames
4
2 1 "horn_surface"
2 2 "throat_cap"
2 3 "interface_wall"
2 4 "interface_face"
$EndPhysicalNames
$Nodes
1337
1 15 0 -100
2 59.84221633333334 3.764953 39.79013983333333
3 59.84221633333334 3.764953 49.79013983333333
4 14.52689022732157 3.737574122789943 -100
5 13.05785467999237 7.381898885530843 -100
6 10.69280838799027 10.51968862551192 -100
7 7.594037342484246 12.9356328349623 -100
8 3.974174645932441 14.46395298262642 -100
9 0.08160994195072147 14.99977799226958 -100
10 -3.816554715978412 14.5063403413798 -100
11 -7.452833013785284 13.017498994378 -100
12 -10.57770889348771 10.63541605037767 -100
13 -12.9767579773759 7.523546530500827 -100
14 -14.48536105281186 3.895422335213627 -100
15 -15 1.017569817469977e-13 -100
16 -14.48536105281192 -3.89542233521343 -100
17 -12.976757977376 -7.523546530500652 -100
18 -10.57770889348786 -10.63541605037752 -100
19 -7.452833013785467 -13.01749899437789 -100
20 -3.81655471597858 -14.50634034137975 -100
21 0.08160994195057125 -14.99977799226958 -100
22 3.974174645932306 -14.46395298262646 -100
23 7.594037342484144 -12.93563283496236 -100
24 10.69280838799022 -10.51968862551197 -100
25 13.05785467999233 -7.381898885530897 -100
26 14.52689022732156 -3.737574122789975 -100
27 58.83469455833563 11.56479121278727 48.46333584947437
28 56.90405132661977 18.89959302066137 45.98382059333213
29 54.20440394724526 25.63490321276066 42.65538616028567
30 50.86294569811901 31.75258186146713 38.75964613945518
31 46.95930980312352 37.28389361027373 34.52230909297582
32 42.52977566368083 42.26681442206256 30.12371608704509
33 37.57661254395667 46.72540820081142 25.72084830097463
34 32.0768950610607 50.65904218326367 21.47005822965498
35 25.99302030261516 54.03358683740686 17.54977686791525
36 19.29249039749645 56.77204764027501 14.182691906417
37 11.98905385597324 58.74970789439244 11.64755536263975
38 4.208911586594657 59.81263025613112 10.24914470550441
39 -3.764953000000201 59.84221633333332 10.20986016666668
40 -11.56479121278755 58.83469455833558 11.5366641505257
41 -18.89959302066161 56.90405132661971 14.01617940666797
42 -25.63490321276089 54.20440394724516 17.34461383971447
43 -31.75258186146754 50.86294569811876 21.2403538605451
44 -37.28389361027416 46.95930980312316 25.47769090702454
45 -42.26681442206276 42.52977566368063 29.8762839129551
46 -46.72540820081163 37.5766125439564 34.27915169902559
47 -50.65904218326388 32.07689506106036 38.52994177034526
48 -54.03358683740711 25.99302030261463 42.45022313208506
49 -56.7720476402752 19.29249039749588 45.81730809358325
50 -58.74970789439259 11.98905385597252 48.35244463736043
51 -59.81263025613115 4.208911586594363 49.75085529449562
52 -59.84221633333328 -3.764953000000748 49.79013983333326
53 -58.83469455833555 -11.56479121278771 48.46333584947426
54 -56.90405132661968 -18.89959302066167 45.98382059333201
55 -54.20440394724513 -25.63490321276096 42.6553861602855
56 -50.86294569811872 -31.75258186146758 38.75964613945487
57 -46.95930980312312 -37.2838936102742 34.52230909297542
58 -42.5297756636806 -42.26681442206279 30.12371608704486
59 -37.57661254395617 -46.72540820081182 25.72084830097422
60 -32.07689506106009 -50.65904218326406 21.47005822965455
61 -25.99302030261458 -54.03358683740713 17.54977686791491
62 -19.29249039749575 -56.77204764027524 14.1826919064167
63 -11.98905385597318 -58.74970789439246 11.64755536263973
64 -4.208911586594576 -59.81263025613113 10.2491447055044
65 3.764953000000427 -59.8422163333333 10.2098601666667
66 11.56479121278771 -58.83469455833555 11.53666415052574
67 18.89959302066167 -56.90405132661968 14.01617940666799
68 25.63490321276103 -54.20440394724509 17.34461383971454
69 31.75258186146735 -50.86294569811886 21.24035386054498
70 37.2838936102736 -46.95930980312362 25.47769090702407
71 42.26681442206254 -42.52977566368087 29.87628391295489
72 46.7254082008116 -37.57661254395644 34.27915169902556
73 50.65904218326385 -32.07689506106041 38.52994177034522
74 54.03358683740697 -25.99302030261492 42.45022313208489
75 56.7720476402751 -19.29249039749616 45.81730809358312
76 58.74970789439238 -11.98905385597359 48.35244463736015
77 59.81263025613111 -4.208911586595004 49.75085529449556
78 14.52689023810194 3.737574124409059 -100.0000000000009
79 13.05785466760673 7.38189887632841 -99.99999999999979
80 10.69280838648122 10.51968862706214 -99.9999999999998
81 7.594037354550757 12.93563285283363 -99.99999999999991
82 3.974174649688484 14.46395297884121 -99.99999999999993
83 0.08160994222067527 14.99977796992211 -99.99999999999991
84 -3.816554718625632 14.50634033650185 -99.99999999999991
85 -7.452833023381732 13.01749900780556 -100
86 -10.57770889900663 10.63541605902874 -100.0000000000001
87 -12.97675797220778 7.523546530356318 -100
88 -14.48536104726836 3.895422334382979 -100
89 -14.99999999801229 -1.403353615006419e-10 -100.0000000000001
90 -14.48536104719545 -3.89542233465403 -100.0000000000001
91 -12.97675797206699 -7.523546530599139 -100
92 -10.57770889880763 -10.63541605922668 -99.99999999999997
93 -7.452833023138138 -13.017499007945 -99.99999999999997
94 -3.816554718354187 -14.50634033657327 -99.99999999999997
95 0.08160994250136476 -14.99977796992059 -99.99999999999997
96 3.974174649959134 -14.46395297876683 -99.99999999999997
97 7.594037354792826 -12.93563285269149 -99.99999999999997
98 10.69280838667811 -10.51968862686207 -100
99 13.05785466774489 -7.381898876084127 -100.0000000000001
100 14.52689023817177 -3.737574124137225 -100
101 14.9944382852363 0.8974870781394805 -96.26307496574147
102 15.10281167804339 0.9609989115550104 -92.1188632689523
103 15.29884448624563 0.9589753898111805 -87.86586421910245
104 15.58550845589577 0.9807735537412373 -83.504380283468
105 15.97019397784334 1.004734581523163 -79.03353328060423
106 16.45957809037252 1.035557211349795 -74.45261722238196
107 17.06069213333063 1.07336513903737 -69.76109840653267
108 17.78074111874594 1.118669726892827 -64.95863224611433
109 18.62709527329479 1.171917037983801 -60.04507039336431
110 19.60726735712484 1.23358460424235 -55.02046026236337
111 20.72888987673481 1.304150867664988 -49.88504640425513
112 21.99969262333265 1.384103677770294 -44.63926581560881
113 23.42748191008205 1.473932323629578 -39.2837420500593
114 25.02011193895285 1.574132103917344 -33.81927554853208
115 26.78546961992492 1.685198536302279 -28.24682974134443
116 28.73144956975492 1.807629793531143 -22.56751959893716
117 30.86594076694274 1.941920268691934 -16.78259157086239
118 33.19680415338537 2.088566043715748 -10.8934053763926
119 35.73186867399725 2.248058611648839 -4.901412248904913
120 38.4789164446433 2.420888122523441 1.191868085292969
121 41.44567680266545 2.607541051391084 7.384862883012657
122 44.63982768183406 2.808500122582858 13.67597992606397
123 48.06899621015212 3.0242449390688 20.06362436253347
124 51.74076056428262 3.255252820364205 26.54621419261808
125 55.66266372757984 3.501997352292643 33.12221349753255
126 58.83469455833563 11.56479121278727 38.46333584947437
127 56.90405132661978 18.89959302066137 35.98382059333211
128 54.20440394724529 25.63490321276066 32.65538616028567
129 50.86294569811901 31.75258186146714 28.7596461394552
130 46.9593098031235 37.28389361027372 24.52230909297585
131 42.52977566368087 42.26681442206254 20.12371608704511
132 37.57661254395668 46.7254082008114 15.72084830097464
133 32.07689506106072 50.65904218326366 11.470058229655
134 25.99302030261516 54.03358683740684 7.549776867915259
135 19.2924903974965 56.77204764027501 4.182691906417022
136 11.98905385597327 58.74970789439246 1.647555362639758
137 4.208911586594676 59.81263025613112 0.2491447055044108
138 -3.764953000000182 59.84221633333334 0.2098601666666819
139 -11.56479121278751 58.83469455833558 1.536664150525688
140 -18.89959302066157 56.90405132661971 4.01617940666795
141 -25.63490321276081 54.20440394724519 7.344613839714423
142 -31.75258186146748 50.86294569811879 11.24035386054506
143 -37.28389361027409 46.95930980312318 15.47769090702448
144 -42.26681442206281 42.5297756636806 19.87628391295514
145 -46.72540820081164 37.57661254395639 24.27915169902562
146 -50.65904218326388 32.07689506106037 28.52994177034527
147 -54.03358683740711 25.99302030261466 32.45022313208501
148 -56.7720476402752 19.29249039749594 35.81730809358324
149 -58.74970789439261 11.98905385597255 38.35244463736046
150 -59.81263025613114 4.208911586594466 39.75085529449561
151 -59.84221633333334 -3.764953000000659 39.79013983333324
152 -58.83469455833556 -11.56479121278764 38.46333584947426
153 -56.90405132661967 -18.89959302066167 35.98382059333201
154 -54.20440394724516 -25.63490321276091 32.65538616028551
155 -50.86294569811875 -31.75258186146759 28.75964613945487
156 -46.95930980312311 -37.28389361027415 24.52230909297545
157 -42.52977566368058 -42.26681442206284 20.12371608704483
158 -37.57661254395617 -46.72540820081184 15.7208483009742
159 -32.07689506106006 -50.65904218326411 11.47005822965452
160 -25.99302030261457 -54.03358683740711 7.549776867914913
161 -19.29249039749584 -56.7720476402752 4.182691906416741
162 -11.98905385597321 -58.74970789439246 1.64755536263974
163 -4.208911586594593 -59.81263025613114 0.2491447055044032
164 3.764953000000337 -59.84221633333333 0.2098601666666944
165 11.5647912127876 -58.83469455833556 1.536664150525715
166 18.89959302066167 -56.90405132661969 4.016179406667994
167 25.634903212761 -54.20440394724512 7.34461383971453
168 31.75258186146737 -50.86294569811887 11.24035386054499
169 37.28389361027356 -46.95930980312357 15.47769090702405
170 42.26681442206255 -42.52977566368083 19.87628391295491
171 46.72540820081162 -37.57661254395641 24.27915169902559
172 50.65904218326394 -32.0768950610603 28.52994177034531
173 54.033586837407 -25.99302030261487 32.45022313208491
174 56.7720476402751 -19.29249039749624 35.81730809358311
175 58.7497078943924 -11.98905385597361 38.35244463736017
176 59.81263025613109 -4.208911586595049 39.75085529449554
177 58.83469455833563 11.56479121278728 38.46333584947436
178 56.90405132661978 18.89959302066138 35.98382059333213
179 54.20440394724526 25.63490321276067 32.65538616028567
180 50.862945698119 31.75258186146714 28.75964613945517
181 46.95930980312351 37.28389361027372 24.52230909297582
182 42.52977566368082 42.26681442206257 20.12371608704509
183 37.57661254395666 46.72540820081143 15.72084830097462
184 32.07689506106068 50.65904218326367 11.47005822965497
185 25.99302030261514 54.03358683740686 7.549776867915238
186 19.29249039749643 56.77204764027501 4.182691906416992
187 11.9890538559732 58.74970789439246 1.647555362639739
188 4.208911586594601 59.81263025613113 0.2491447055044041
189 -3.764953000000247 59.84221633333332 0.2098601666666873
190 -11.56479121278761 58.83469455833557 1.536664150525715
191 -18.89959302066164 56.90405132661968 4.016179406667983
192 -25.63490321276092 54.20440394724514 7.344613839714481
193 -31.75258186146757 50.86294569811872 11.24035386054513
194 -37.28389361027418 46.95930980312314 15.47769090702456
195 -42.26681442206278 42.52977566368061 19.87628391295512
196 -46.72540820081164 37.57661254395639 24.27915169902561
197 -50.65904218326389 32.07689506106036 28.52994177034526
198 -54.03358683740712 25.99302030261459 32.45022313208508
199 -56.7720476402752 19.29249039749588 35.81730809358325
200 -58.7497078943926 11.98905385597248 38.35244463736045
201 -59.81263025613115 4.208911586594361 39.75085529449562
202 -59.84221633333329 -3.764953000000745 39.79013983333328
203 -58.83469455833554 -11.56479121278777 38.46333584947425
204 -56.90405132661966 -18.89959302066175 35.98382059333198
205 -54.20440394724511 -25.634903212761 32.65538616028548
206 -50.86294569811871 -31.7525818614676 28.75964613945485
207 -46.95930980312312 -37.28389361027421 24.52230909297543
208 -42.52977566368057 -42.26681442206282 20.12371608704484
209 -37.57661254395615 -46.72540820081183 15.7208483009742
210 -32.07689506106004 -50.65904218326409 11.47005822965451
211 -25.99302030261453 -54.03358683740715 7.54977686791489
212 -19.29249039749576 -56.77204764027524 4.182691906416704
213 -11.98905385597312 -58.74970789439246 1.647555362639717
214 -4.208911586594549 -59.81263025613114 0.2491447055043992
215 3.764953000000459 -59.8422163333333 0.209860166666705
216 11.56479121278773 -58.83469455833556 1.536664150525747
217 18.89959302066166 -56.90405132661969 4.016179406667992
218 25.634903212761 -54.20440394724511 7.344613839714526
219 31.75258186146736 -50.86294569811886 11.24035386054498
220 37.28389361027362 -46.95930980312359 15.47769090702409
221 42.2668144220625 -42.52977566368089 19.87628391295486
222 46.72540820081157 -37.57661254395649 24.27915169902553
223 50.65904218326384 -32.07689506106043 28.52994177034521
224 54.03358683740696 -25.99302030261495 32.45022313208487
225 56.77204764027509 -19.29249039749619 35.81730809358311
226 58.74970789439237 -11.98905385597361 38.35244463736015
227 59.81263025613109 -4.208911586595049 39.75085529449555
228 59.84221633333334 3.764953 44.79013983333333
229 58.83469455833563 11.56479121278728 48.46333584947437
230 56.90405132661978 18.89959302066138 45.98382059333213
231 54.20440394724526 25.63490321276067 42.65538616028567
232 50.862945698119 31.75258186146714 38.75964613945517
233 46.95930980312351 37.28389361027372 34.52230909297582
234 42.52977566368084 42.26681442206255 30.12371608704509
235 37.57661254395666 46.72540820081142 25.72084830097462
236 32.07689506106069 50.65904218326367 21.47005822965497
237 25.99302030261514 54.03358683740686 17.54977686791524
238 19.29249039749643 56.77204764027501 14.18269190641699
239 11.9890538559732 58.74970789439246 11.64755536263974
240 4.208911586594601 59.81263025613113 10.2491447055044
241 -3.764953000000247 59.84221633333332 10.20986016666669
242 -11.56479121278761 58.83469455833557 11.53666415052571
243 -18.89959302066164 56.90405132661968 14.01617940666798
244 -25.63490321276092 54.20440394724514 17.34461383971448
245 -31.75258186146757 50.86294569811872 21.24035386054513
246 -37.28389361027418 46.95930980312314 25.47769090702456
247 -42.26681442206278 42.52977566368061 29.87628391295512
248 -46.72540820081164 37.57661254395639 34.27915169902561
249 -50.65904218326389 32.07689506106036 38.52994177034527
250 -54.03358683740712 25.99302030261459 42.45022313208507
251 -56.7720476402752 19.29249039749588 45.81730809358325
252 -58.7497078943926 11.98905385597248 48.35244463736045
253 -59.81263025613115 4.208911586594361 49.75085529449562
254 -59.84221633333329 -3.764953000000745 49.79013983333328
255 -58.83469455833554 -11.56479121278777 48.46333584947425
256 -56.90405132661966 -18.89959302066175 45.98382059333198
257 -54.20440394724511 -25.634903212761 42.65538616028547
258 -50.86294569811871 -31.7525818614676 38.75964613945484
259 -46.95930980312312 -37.28389361027421 34.52230909297543
260 -42.52977566368057 -42.26681442206282 30.12371608704484
261 -37.57661254395615 -46.72540820081183 25.7208483009742
262 -32.07689506106004 -50.65904218326409 21.47005822965451
263 -25.99302030261453 -54.03358683740715 17.54977686791489
264 -19.29249039749576 -56.77204764027524 14.18269190641671
265 -11.98905385597312 -58.74970789439246 11.64755536263972
266 -4.208911586594549 -59.81263025613114 10.2491447055044
267 3.764953000000459 -59.8422163333333 10.2098601666667
268 11.56479121278773 -58.83469455833556 11.53666415052575
269 18.89959302066166 -56.90405132661969 14.01617940666799
270 25.634903212761 -54.20440394724511 17.34461383971453
271 31.75258186146736 -50.86294569811886 21.24035386054498
272 37.28389361027362 -46.95930980312359 25.47769090702408
273 42.2668144220625 -42.52977566368089 29.87628391295486
274 46.72540820081157 -37.57661254395649 34.27915169902553
275 50.65904218326384 -32.07689506106043 38.52994177034521
276 54.03358683740696 -25.99302030261495 42.45022313208487
277 56.77204764027509 -19.29249039749619 45.81730809358311
278 58.74970789439237 -11.98905385597361 48.35244463736015
279 59.81263025613109 -4.208911586595049 49.75085529449556
280 25.72430620506486 8.246315137828329 -29.55893629146335
281 22.32114296707534 -3.848854971158769 -42.71538111551352
282 -14.85070786496418 -2.217333659621086 -96.61358958204826
283 18.534055349216 5.539283669125511 -57.47223518551392
284 18.11029580767872 -3.25683825060699 -61.80328932518987
285 -52.32025727749115 19.50841684840551 28.73914684752463
286 23.7818802767193 -2.943990074428154 -37.75501116378669
287 -28.61387174947765 47.35339097021463 4.864294619454011
288 -33.84693143542013 -44.18576839878042 9.177557354449975
289 2.143742227747404 -14.88495200909004 -96.68911216356949
290 -11.71767396903044 -9.397584447965144 -96.7119382105779
291 -9.111242931617928 11.95235595993654 -96.60083609159295
292 15.54952176281425 4.901309975683702 -76.69810804035727
293 -54.60135622992496 -12.52839549934525 31.7699162862503
294 27.7116707330301 -3.383507410635266 -25.28055490173454
295 -8.656659925680181 -54.62513494101577 -4.340271837009295
296 -5.662669801085032 -13.92793745441202 -96.65167827400502
297 15.92699851389632 -3.440898593246745 -76.46919930688117
298 29.43720309995781 7.133117927994551 -19.66374061756819
299 32.02075060921923 -3.396914980450423 -13.69902711477785
300 8.457518092087399 55.039819832579 -3.94599942245826
301 15.39694133530682 -53.00366256803127 -2.462120300152487
302 -43.11381762476854 35.14380442294799 17.88817486046863
303 1.938072443940996 14.91338611055643 -96.68559631334846
304 34.15091420757261 7.720859639447344 -7.912603174972437
305 37.16678426127437 -3.363597452676878 -1.615926189671595
306 -47.06711640507359 -30.77950020794875 22.5846721066246
307 9.240571326379476 -11.85226660481434 -96.60082188412277
308 34.04949375192118 -43.54202686252917 9.02463839602297
309 29.33597351830158 47.14282663758168 5.563307005005839
310 47.15127656600741 -29.75470976980776 22.42463044597949
311 42.93903961220813 8.878276030658492 10.79561536538646
312 22.28638594558617 6.274122043951206 -41.62500161184786
313 20.24097785472015 -2.975525357929335 -51.49302039683982
314 16.78571057379674 5.197794627486871 -67.30335141673811
315 14.77530484116011 4.64921725339484 -85.63152502242275
316 15.21741057253333 -2.709471782370271 -85.86969082813302
317 -7.69239759750209 54.82475564837622 -4.47135192151323
318 -13.85755479239917 5.813073411425964 -96.11008528442753
319 -22.83883279281902 -50.39392572096446 1.197190309366461
320 46.45527044699546 -2.934120796761358 17.10139187581699
321 39.02071257933948 39.95171064257048 13.93020393962774
322 9.11320846736241 11.94476270526318 -96.80647108644051
323 47.2851059873943 29.28017011587878 22.50688045431037
324 53.20432591221089 -19.6822977498099 30.19749780351338
325 49.66203530283642 9.502776391425954 23.21571929139984
326 14.11847576658803 -5.099531367491636 -96.93773311811901
327 -55.6140320317035 6.934535953933529 33.13208358534157
328 14.39789448830469 4.509763048996795 -93.6644256153788
329 53.79969339494914 -2.395279415351701 30.02411015333768
330 53.03043715825101 18.44471810875521 29.76262269950492
331 23.84443932380399 7.588756305869314 -35.63147121687298
332 21.70528583337167 11.47163337953472 -39.49030249886916
333 22.51705661066872 14.00905019019815 -34.77719506005277
334 20.32731535093498 16.90158029605682 -37.62348018007123
335 24.81794747499932 13.95363175022585 -28.62148061477292
336 19.11453858761089 15.17038232158037 -43.02688719305645
337 17.1681729116642 20.15221320769959 -40.96206302656135
338 15.90585802681765 18.58749474986648 -46.33637159234502
339 13.44637505523261 23.1270294636164 -43.67711061650083
340 12.04694405706262 21.50911701095353 -49.20543443632482
341 8.43884493856997 25.47214201830092 -46.62930777081383
342 8.353902888388776 23.08420126699374 -51.74098458701656
343 4.785801764950287 24.81957615784552 -51.46383100039908
344 2.219971968108275 27.45598208964105 -46.99652022114596
345 0.273356892815256 24.78524721041397 -53.29922328528178
346 -3.377092974848993 26.64606301502113 -48.27476945111805
347 -5.601192579664537 23.91532973833279 -52.88192128939058
348 -8.563063125159326 24.79280203091897 -47.85428070333499
349 -10.64660852217899 21.4186516249194 -51.89613036201941
350 -13.2211883829313 21.62386403083476 -46.77911556585411
351 -14.80587575299777 17.75528440108171 -50.50637349474373
352 -16.94647198444723 17.6331508620482 -45.30727648121202
353 -18.05249562713021 13.42589737036316 -48.62416012576313
354 -19.83660108691017 13.15576370150876 -43.44356345387759
355 -20.29891681124463 8.741070698065723 -46.83200403716787
356 -18.82430604658831 9.077854708532854 -52.00043953438819
357 -20.41692765317306 4.372520636752477 -49.98655898434011
358 -19.18871965903498 4.73559830639922 -55.14714115855215
359 -20.10708240229197 0.06837322738780779 -52.79254565647787
360 -19.051665195739 0.4224291927237301 -57.9238648204546
361 -18.13347816140907 4.973298302789251 -60.06214062930623
362 -19.04566118098619 17.55292078048383 -40.09270210796601
363 -21.6872637924203 12.89607759073961 -38.18706120802061
364 -21.23314256864284 -0.3465107247298194 -47.84885215487369
365 -21.19759181445437 17.48793647170917 -34.76079895212351
366 -23.67227773405433 12.63167250248424 -32.72389902275106
367 5.772250532716463 29.21006976724379 -41.77190049968716
368 -18.14274199615127 0.8147523801191441 -62.85989258955135
369 -17.17591964453178 5.211532319723339 -64.96425970554017
370 -19.16078627428957 -4.180669204746221 -55.71799172506457
371 -6.794184852350682 27.70530682220954 -43.86609346290107
372 -23.5053000651036 17.39313796608981 -29.16563206485613
373 -25.81473264859137 12.36439368059221 -27.04473358559189
374 -17.34389268211207 1.188425455530072 -67.75046366598291
375 -16.32600750404559 5.46601242079833 -69.75450453564066
376 -25.8179135919871 17.35409804269147 -23.64917170414745
377 -27.99694735596401 12.16398531714304 -21.46907049094338
378 -27.5610574039635 7.049796670224692 -24.78127102489765
379 -29.73772954639015 6.78362885371598 -18.96712192376297
380 -23.00149611913391 22.38389393629395 -25.65678085530386
381 -30.38477659859395 11.94373323718752 -15.65174075087055
382 -32.00075469380221 6.512034255840909 -13.2787434659548
383 -30.98487586978882 1.251524866424963 -16.51062988608493
384 -33.30181455918544 0.9460588999293273 -10.68486607104314
385 -34.53470265061613 6.252189507132137 -7.270690864361925
386 -31.9344834943584 -4.356064690860687 -13.80070046220632
387 -35.80809120364401 0.5758442511363684 -4.778092863650051
388 -8.035781622353868 21.04918640724602 -56.9512651952791
389 -16.65323652017053 1.565488799163492 -72.56809106242197
390 -16.82412970777607 -2.676903298644994 -70.36211987577875
391 -15.56334066312882 5.748964301940467 -74.49754020788959
392 -37.17556351565969 6.053458668314376 -1.357052607190159
393 -38.51839048257563 0.195657010837624 1.227338619262813
394 -16.26697802892047 -2.333376891517902 -75.07222980527285
395 -15.5301343268679 -6.428731273831503 -73.03503034475402
396 -15.07172647999442 -6.054483380206078 -77.57215781762083
397 18.55525356799486 21.74981405619874 -35.73845893529011
398 -14.4296080043099 9.344931794904927 -71.64600878241765
399 -13.53824282013899 9.554782391362966 -76.25246768257028
400 -11.64274865490924 12.74656871337753 -73.42444071030212
401 -10.60515533019698 12.78387941561471 -77.92331498412001
402 14.61680533396771 16.98337502290929 -52.47216275838092
403 -8.16455619383647 15.38841904470573 -74.70476485132376
404 -6.870507273891695 15.18226501518824 -79.38569378038117
405 -3.963248871695483 17.01452860945606 -76.02256524067658
406 -21.75509102220154 3.989151617851284 -44.80124081222556
407 -22.56723038991689 -0.8756321196286105 -42.51521323432997
408 -29.7287227034385 -4.042979954685753 -19.56031851969851
409 -16.41905813148968 9.157989912053242 -62.01951146126228
410 -15.81978032599697 -2.059913340337595 -79.6159824182339
411 -35.44711038221347 11.85221419875379 -4.091267876678982
412 -38.30307811735271 11.63663553233554 1.916147100132106
413 -36.31423589792838 17.55149579571189 -0.6125351112087645
414 -36.93956496681798 -5.387460028827241 -1.947401304336009
415 -39.72110638821772 -5.759018218429751 4.035624397222945
416 -41.52706658985369 -0.1357006073395463 7.504688431584372
417 -37.85648080182875 -11.41655664746335 0.94501286062178
418 -25.60977126831601 22.45793178973063 -20.15635316335428
419 -22.24035512323043 27.48110259277099 -22.04919539165773
420 -25.29957096619461 27.6745361639397 -16.37100978218002
421 -21.36498831521653 32.70645985682954 -18.061329158606
422 -21.37441419468697 -5.25169581602434 -45.60439356703557
423 -22.71984371844121 -5.796735269429881 -40.36650508672234
424 -20.94677116847912 -10.14913863473579 -43.1840621272843
425 -30.25930100091022 -9.553392802227858 -16.81817615650229
426 -22.43507637232718 -10.73929770689837 -37.88065512861168
427 -20.04652065305579 -15.03201752289883 -40.5814134510422
428 -18.47492902589062 -14.38378652619477 -45.94631787738937
429 -16.7084843764368 -19.18829606277398 -43.467167481204
430 -15.53059563586643 -17.68463338182079 -48.81161577631205
431 -12.60310532778291 -23.2149763776924 -44.99145401823962
432 -15.00376728749085 -23.68656529244246 -39.95188346240773
433 -10.72926303988236 -26.15885137419561 -42.49973103230712
434 -12.87062188568708 -27.89836260554876 -36.67765800669068
435 -6.834570341326049 -30.88410341381697 -38.00350381673303
436 -11.52402940656395 -21.44260439956409 -50.29363171449113
437 -4.947700996092474 -28.57168276998973 -43.51324154537639
438 -17.36291394135428 -24.54332459313162 -34.36944539995751
439 -15.29239922798389 -29.27109126903995 -31.22179889970899
440 -19.28949323767887 27.30685469121742 -27.42207357478839
441 -2.495061557144536 16.44507812137902 -80.70334926936161
442 0.7482353052504088 17.27591897471251 -77.34625806298163
443 2.170395084291162 16.32621253431579 -81.72529319368002
444 5.229979048609124 16.15349870577263 -78.1626227623844
445 3.913422899337959 17.52137264236731 -73.83150613115144
446 -9.543628752384844 15.54879236230708 -70.15000203801803
447 6.544270674358784 14.83579340640042 -82.41472073417277
448 -19.56390030248183 -25.57645633876878 -28.99336493502198
449 -17.49922291699929 -30.91264702729818 -25.8529156865674
450 -12.53727468283748 -34.08513719826612 -27.8231991936524
451 -15.64480585004262 -35.80705018179233 -22.09765999309659
452 -9.75659734014264 -38.61343533586253 -23.865218792424
453 -21.51048708089155 -31.27042683438766 -19.34531509056731
454 -13.05375493555416 9.39597051701206 -80.299865109509
455 -42.78241093560099 -6.23569966781707 10.25139028479215
456 -14.70137672635878 -5.733831252860537 -82.15127587366082
457 -13.12114660438031 -9.356197382324934 -79.99052257635658
458 -5.575979662351843 15.05163546738909 -83.89126759801583
459 -13.22613881681897 -40.75774951463602 -18.25764264754224
460 -6.887342377369788 -42.96891511247036 -19.51572906903545
461 -3.144077941789031 -40.15457461784293 -24.79089546893695
462 0.05257739943002164 -43.78585164998963 -19.93747056063088
463 3.671249206405078 -40.21832232477363 -24.56530124168858
464 -16.12646897925472 -6.820384952919776 -68.30876401378509
465 -14.03225625949633 -10.30745330353808 -70.77285413844058
466 -14.72723967764112 -10.79019531880456 -66.03604445143426
467 -11.84680000304752 -13.92394854184471 -68.39873125761652
468 -44.6533462540549 -0.3421041351230266 13.66139075244533
469 6.843779999592145 -43.12780289189383 -19.31981439400959
470 10.25855302792598 -38.74576676119165 -23.31336366399658
471 7.379953669899317 -36.25045785056293 -28.9028367305227
472 13.35452544181004 -34.01427588748591 -27.04745516342934
473 16.15056603609848 -36.01139550834455 -21.25623744822977
474 18.59368182957021 -30.68089878908479 -24.51249174230153
475 21.16429004190525 -32.47305030086346 -18.60990088997884
476 16.19243931934208 -29.00321999819707 -30.26692315586453
477 20.54837833265515 -25.26250994638614 -27.52338269735417
478 18.44511880891519 -23.84842165572844 -33.24051655134791
479 13.98283494273694 -27.33193345619145 -35.97067874719194
480 16.54068912163003 -22.49474544640266 -38.84025263368046
481 22.10054742095673 -19.81639006254584 -30.16768926861954
482 24.13893543761673 -21.10442739439637 -24.41841564863931
483 -15.46618823958575 -1.8160808582613 -84.13682974654546
484 -24.60896873447765 33.20884709217622 -12.59942386308949
485 -39.56455742095156 17.36916465185029 5.753077169817719
486 -37.08606983226025 23.39427545235104 3.010632588979756
487 -12.71624822090172 -14.54623039880411 -63.58825883838912
488 -9.070392779044703 -17.18207163058871 -65.8332771050368
489 -20.32700474134749 38.07417482570649 -13.80802662463703
490 -16.40039357867595 37.2447169349355 -19.45659459324952
491 8.19477152658515 15.43279466155293 -74.42592302828238
492 6.98122915782174 17.22185092703094 -70.12791517496531
493 -2.972745034852085 22.7096563824188 -57.74770103460918
494 -12.83063841198044 -8.999457050776922 -84.38582717964429
495 -10.47698945127902 -12.12405607605426 -82.24586398218554
496 -8.75771313546654 -15.87979078556397 -71.08262535770079
497 -4.145932628168273 -19.20813137648047 -67.2195723549804
498 -3.703190842873497 -17.86692008992084 -72.63365644996404
499 11.98660743507738 -25.74786405190644 -41.48102884418129
500 14.75348786348545 -21.29273868296929 -44.33410271633173
501 10.10223232359082 -24.27260854758639 -46.89155609919788
502 12.9441658900355 -20.29399919269736 -49.85636371461077
503 8.291833668131259 -22.9081107338793 -52.21384443885344
504 11.36465033888144 -19.32251511582988 -55.17347692566953
505 6.496692019229941 -21.66029452765515 -57.44955335017175
506 9.679179570895847 -18.55286525120667 -60.54895177456012
507 13.55732493361086 -15.54801161239268 -58.47032431831956
508 12.31791007019128 -15.00108461449441 -63.59472641231017
509 19.01545121361761 -38.06507661113779 -15.4365017300773
510 23.9866732948719 -34.27693620523073 -12.56260476436283
511 -24.25144073059496 -6.284701553694987 -34.98843393747597
512 -24.28747983622193 -11.01941784629139 -32.14820337469234
513 17.57490576533064 -15.72812188970484 -46.57475493454069
514 2.676700887192834 18.90776924752258 -69.53003488407924
515 6.009688242507066 18.96737551324469 -65.74921302628815
516 10.07292124418178 16.32782046936796 -66.08341089727571
517 2.992433865964696 -47.39817764040989 -14.80588107908409
518 8.372355043447728 -17.70793513276454 -65.67939373813059
519 11.21820081921732 -14.53032844045262 -68.54690877734383
520 7.431088904334308 -16.92430051550953 -70.31522974046649
521 10.15439079744412 -14.18949682577635 -73.4472639380666
522 -10.21434561642687 -11.76211150918076 -86.59736753124601
523 -7.288026812597884 -14.15535359385125 -84.39947204499003
524 3.015516552136879 -24.21843649389537 -53.94062162989317
525 -46.00017492862656 -6.665356587778888 16.42264637242647
526 -43.90171792299073 -12.59737625169267 13.09152795493218
527 -15.06551786349907 42.15763269187288 -14.90627112742999
528 -10.53493136926941 40.94860802129753 -20.12672178533904
529 -8.933110677006034 46.04365345801247 -14.49738577704021
530 -3.931224109136781 43.51436012547013 -19.81068495654488
531 -5.776439094789867 39.38337477791019 -25.05368250494878
532 0.8691663442645956 40.84852340387713 -24.10351781839107
533 3.024289467753476 44.56524344989403 -18.57224988824352
534 7.578141885460748 40.84316728853248 -22.1025304454602
535 -1.075331910460201 37.21284782963549 -29.61831299115644
536 9.582453827168356 44.34206238637998 -16.30777333679041
537 13.85455586464024 39.59609988347085 -19.16253246697847
538 15.77909661861448 43.01357234929726 -13.24499400534908
539 19.50690502306477 37.47170881875462 -15.48675030818523
540 11.61422383883838 36.30308408561606 -25.595569266271
541 3.688599900629491 15.40331460417483 -85.95804549800145
542 7.76232315371173 13.59880344076477 -86.60961911304817
543 5.695048993576325 -16.62615475068814 -75.01064569572115
544 9.196812810452757 -13.93134601183821 -78.17269860255003
545 5.184872626544554 -15.84248615363275 -79.9203094519743
546 8.334504238736024 -13.7542656389085 -82.73711483480483
547 4.420166535245941 -15.39187368352054 -84.44463427497736
548 -19.92207902269481 43.05378230871414 -9.033348787385464
549 21.37640626611348 40.90594414837936 -9.585656485678067
550 24.5339646800735 34.78697746507748 -11.27094498708531
551 22.73451895516905 31.48677459275195 -17.18684908783487
552 26.99667665548918 28.48430986197105 -12.65620534484425
553 28.89691604278769 31.74446958058594 -6.891370644270356
554 30.83377084178268 25.22059999870743 -7.866583347576687
555 32.8863482904461 28.56946457035812 -2.125213765696712
556 29.01796489611187 21.95582078230952 -13.48301127229114
557 34.30280454984659 21.80779675639829 -2.964757529482931
558 36.52459796529781 25.22224526050846 2.734387459640347
559 -33.80273375182346 23.53629884253848 -3.12383204814951
560 -34.25613036056735 29.35929814153593 0.7158526637497622
561 -5.583947176504217 20.43659848804747 -61.83433535610107
562 -10.19936327153781 18.01586060457429 -60.88920237721966
563 34.99651280478037 32.26369983605777 3.563311398992481
564 11.62617835352252 -11.1529401082143 -80.9263569579484
565 11.00750084078972 -11.14693626728173 -85.32113000277086
566 21.95507848368917 -40.19476924979061 -9.596614270037815
567 26.87769761159451 -36.21163579511538 -6.540529520842574
568 28.30128765882635 -29.88709809704105 -9.285992885255204
569 31.13661909906222 -31.77573482402624 -3.140009274541318
570 32.03572258245575 -25.26222071485018 -5.570405962056305
571 34.8320109639528 -27.13133427694764 0.5644755303601581
572 35.3048485589851 -20.53052092627137 -1.539282985183264
573 38.12665421711961 -22.38926762908421 4.570230531032724
574 32.92413166637532 -18.76090546626414 -7.103428718685315
575 25.2792647414721 -42.59911907080398 -3.202098185985344
576 -48.06092428996946 -0.6396347486360462 20.01343024569397
577 -46.36440465708351 5.617000285191403 17.03819509335589
578 37.83163025046325 -29.09208640355665 6.75071479476608
579 9.269984440447853 18.39363602653621 -61.81643226985008
580 12.74398673625588 15.10684206350778 -61.99601011145194
581 13.37246124980737 -11.14076195872459 -71.35670607049052
582 -7.469876590521952 35.3573424267303 -30.21969120494813
583 10.16776661555047 12.27989152931623 -83.07399983418885
584 8.784265608135001 -29.82214293046935 -38.2308299049869
585 -6.497341628657968 -36.29646694598807 -29.34142929687075
586 1.199337096096899 -22.52234807052492 -58.91969878767595
587 -17.00540137125252 -13.81855732041074 -51.31961490780265
588 -15.58147601391363 -11.27785308689726 -61.21873621348053
589 -10.15262688961684 -17.93722547237814 -61.20467438649094
590 -2.376425222686995 -23.852894102447 -55.1128288998659
591 -23.66414701859813 7.862069165905274 -36.05038520814882
592 -47.31777007758182 -13.07715171004636 19.40231032515807
593 -40.52892033766225 23.22415643125706 9.25506603979543
594 25.0238377993068 -15.49903992214062 -26.95368916053503
595 23.22205050744038 -14.32521727634374 -32.57465904050791
596 27.01227690950343 -16.76680224553232 -21.23792970911456
597 26.26232264044935 -9.029633999188814 -27.64029467613774
598 26.25310667038227 -22.4740380751469 -18.81258892887467
599 -35.09349070646655 -10.96147056017364 -5.084295012161442
600 -35.67287793634424 -16.94473452739759 -2.119387431647381
601 -32.96898902502875 -16.40282346675956 -8.001644960182894
602 -33.04798986506766 -22.44266844365067 -5.123267432765123
603 -36.07869472228984 -22.9482279861494 0.9408536501254116
604 -33.10689375261978 -28.53428334167593 -1.755730106629954
605 -30.17471827879314 -21.98734760551924 -11.10306377938605
606 -36.5103985484145 -29.04595416162858 4.457471351339989
607 38.29701991101843 -15.73139399005308 2.837145124551876
608 41.07805664788811 -17.59274275452896 8.700114353227715
609 41.47596171326923 -9.73845233120411 8.0306633562372
610 1.000603895767318 -16.51979754040419 -81.33829914072244
611 38.92586109370885 28.5924794247525 8.409438780394048
612 37.53145982177409 18.30178842246659 2.054548769779678
613 -17.85339207162354 22.59010178295736 -36.07103439141154
614 16.0515148698917 -43.79515526448959 -12.09438272765673
615 -28.49240774751895 22.36450151335535 -14.29147216616287
616 -12.53098280594743 -8.844117249774333 -88.86269982917585
617 -24.07985050655092 -1.351888880388472 -37.00711158670948
618 -25.76333602621311 -2.013799838933379 -31.37226068837767
619 -6.825580174721997 -13.84327264558886 -89.27834177071031
620 -39.37294728444841 -23.60579284315296 7.291543088182034
621 -39.92545673192247 -29.68258004651656 10.55350982249874
622 -7.598273969818974 -14.66179118980103 -80.02943536689783
623 -15.65199676944227 1.913582019298788 -81.66516130922605
624 -15.29677811899113 2.09937674149073 -86.07389096800905
625 -15.22534762901394 -1.540890531589859 -88.35643209813524
626 -42.76382184264974 17.01243212720941 11.72790316625323
627 -44.19797406437771 22.88205698413075 15.6576526211338
628 -9.993159274043739 -45.78186361965911 -14.24514441639614
629 -16.23720262011319 -43.05102943937053 -12.77493117446898
630 17.64125116661442 46.54330834760104 -7.597817608987648
631 -28.1812691283534 -9.390410331987169 -22.22827013252173
632 -28.20577188517341 -14.66942874863726 -19.6485515983701
633 -2.090068063502235 33.46911644517255 -35.65114188306416
634 3.626292607732707 34.45580663009323 -33.56374486955253
635 -46.29861497781058 16.98663344126829 18.13334678366926
636 15.46133726824937 -11.50124068121877 -61.21098539120199
637 16.60050302016236 -11.9206211525899 -56.01787240239949
638 11.07133034956451 10.87294601048014 -86.96505745944968
639 0.06480665535598669 -15.91259347700617 -85.6691220189541
640 3.779083697220512 -15.06425450202942 -88.76814944299649
641 5.203501754164713 14.49798628822765 -89.97072572787867
642 0.5407382164731702 15.43487584561786 -89.93983034741861
643 -15.02846056775764 2.381872137895802 -90.14849017254997
644 -14.04451741318915 6.289824494520136 -87.45242104219996
645 5.776779004768811 22.6641565653994 -55.70984737120067
646 -9.114516869245886 31.37592737626707 -35.31372423591726
647 -45.29742421966778 -18.49425343518564 16.62208496394717
648 -8.412615076863561 -25.29118574962384 -47.02184818963347
649 -33.06228513890664 -34.56130313223262 1.788817099714451
650 -29.41558900166519 -34.00780069251295 -4.376041881078359
651 3.938349102770002 -19.23102550207593 -67.34574055283642
652 13.47449271587158 12.60446944917633 -66.34208907435352
653 15.63910840703009 10.74008460717497 -62.16188859056153
654 27.31207517311105 -12.09371980682154 -23.26134417283152
655 29.46787805147328 -12.54686017762052 -17.62822697640343
656 44.37267032868225 -12.86884219351444 14.00974598055071
657 44.30652460381253 -19.4231711319776 15.04258115049985
658 47.2595231659724 -14.53218155858632 19.47791483306239
659 -0.5760832439699652 -15.4169904041442 -90.12455327979028
660 -28.89512157493376 -39.96244953320674 -0.6227822883830741
661 -49.84099966005871 5.406042872263805 23.30485035233375
662 -51.57046219971171 -1.120352383597415 26.22318788726491
663 4.00946593489058 48.47949307524022 -13.21118313424877
664 -20.85618094483623 -20.57636217764192 -32.1612578097818
665 -23.29114687851614 -21.230569039882 -26.14015345741144
666 -48.68390176690254 -19.16040797915181 22.6285335199248
667 -25.04946125784126 -39.2071311451998 -6.5305984006474
668 -26.06143193581198 -33.52357078164174 -10.05342580324472
669 -0.4877519759399208 -25.98673779369789 -50.50679786143363
670 6.775668900401726 -27.83397302622798 -43.63380412505644
671 3.51487392777305 -30.95551201298396 -39.71047902556178
672 -30.91982512134824 29.23556047075521 -5.17990646144644
673 -31.02543152006734 34.88960448459424 -1.208095097397638
674 -34.57253666842879 35.69719511607663 4.856154674709492
675 22.6284198160614 45.02881119090179 -4.086963587663318
676 10.49415585807224 20.36369563799583 -54.50269679266927
677 -26.2061359835041 -14.79692865180992 -24.48202864487703
678 0.5379394860628255 30.34174766024757 -41.52586820587607
679 -0.5101051653259664 21.44542930008359 -62.06632929028706
680 13.49813249828622 -8.08610995879944 -83.34680371189245
681 13.01217672452122 -8.212468191638301 -87.9189571013456
682 10.57165632477033 -11.11359848820612 -89.52267034111432
683 15.29908807437271 13.46134850481404 -57.58437680973196
684 -13.94380004570164 -48.62344514706444 -8.29105648305114
685 -47.71260198073188 23.25545211559402 21.74635336585233
686 12.60172887607956 -8.446744860542397 -91.91730046952203
687 14.3803459838368 -5.019199503659705 -90.07012860197996
688 14.1207944573172 -7.848845520402396 -78.98702439659264
689 -4.005430357444878 -21.86790826269877 -59.33071859744812
690 35.40802806416198 13.97355387719381 -3.602821080539981
691 38.20953975849788 12.3734412972484 1.87221811917093
692 -3.199785194697823 19.80803580228541 -66.04910388325888
693 -14.40902955752917 31.19632286134011 -29.72642427517322
694 -3.66143072721168 -15.96619082327425 -82.05604464605888
695 53.05557969725012 10.66161926466834 29.09295897332401
696 -27.62026947312122 -4.011057824227851 -25.42969900444288
697 -17.94561091400333 32.20676534482274 -23.61995912635677
698 -0.6820199453460417 -20.78079475255924 -64.04705448588669
699 40.09856724816528 -3.372873350977865 4.655456763011012
700 42.95994940996466 -3.304352024573271 10.43341547154487
701 17.69135660701867 -7.644952971884186 -58.75110773000233
702 -1.429003165713203 -17.18722435609471 -77.52706915286525
703 13.30056202820885 8.452934200753786 -83.19799706672116
704 12.46304561234099 10.55976567398448 -78.68068913306072
705 14.87410074091406 -2.513484977577138 -93.64238265571167
706 16.14326329946302 53.35575279682289 -1.567856648000879
707 47.43945565893223 -21.73749145514575 20.97505405766189
708 12.38531837336708 -11.13966335969056 -76.4845509840281
709 -14.36064022966644 27.68799826245883 -34.87189137085715
710 7.768697685559982 -13.54343260135381 -87.05887749938874
711 7.532521008978874 -13.30971614125692 -90.98653436398661
712 23.02452843643929 50.27861905555245 1.273825026252972
713 29.51180005795911 40.08989091949899 0.3354601242738057
714 0.3654448920978735 55.65643467204337 -4.852785260169885
715 -3.029837592217586 51.0259021913762 -10.19910817245492
716 5.385080554668427 37.47976246495477 -28.06679609437866
717 9.628556165695441 33.5743724989392 -31.36177884558
718 15.19482922440891 31.37831441247993 -28.44974604980653
719 13.3977846234876 28.86260180467659 -34.46469269828484
720 18.28563394406139 33.37249155178726 -21.75102558569499
721 19.14967935746747 28.79331269880953 -25.88925612897824
722 14.92028827599941 -7.568072491166095 -74.07924904427827
723 15.73100772682198 -7.341156713255747 -69.51360390956198
724 14.43924100053459 -11.15578182945603 -66.35268652630724
725 16.54052655818841 -3.063400111665902 -72.02300235401951
726 17.22625482303054 -3.255567197247913 -67.06042277839339
727 -11.7210825100124 49.99054933927718 -8.169892488716222
728 -15.56935539498974 53.08364631914647 -2.257869543295528
729 -22.6451622537512 50.53092662310741 1.134881078205495
730 -24.98437228521799 44.19230771339646 -2.141339587366559
731 -24.24077491369793 38.61703750853594 -8.158321289398138
732 -14.45390075240042 -5.448733297799382 -86.39744475158889
733 -14.36214917821393 -5.032817318618458 -90.33826922673244
734 -1.008713485411075 15.93992516763862 -85.19393935375844
735 -4.00057092559174 15.03561694280389 -88.45313396130979
736 -8.145806269689523 13.30596770468396 -87.06754397015567
737 -2.411881055785154 15.04490217395086 -92.5109399759108
738 -6.596076357476861 13.78980234676462 -91.27692013051799
739 -10.1284878951848 11.46265462928585 -90.29730551907305
740 -11.53614016522622 10.36252462461662 -86.90793860054035
741 -5.948155199419639 13.83687637099341 -95.78976406017729
742 -10.09806200459934 12.39549446618464 -82.72455419427034
743 20.31965902363559 -18.52777759270387 -35.74403534348954
744 21.59105072819986 -13.28024959970857 -38.09030685619121
745 18.75360488712476 -17.31403693537063 -41.15260625118001
746 20.27411126847656 -12.12704717383807 -43.28519343836695
747 18.86280121104495 -7.768359095532599 -53.46788823451693
748 19.14408610232493 -3.192244289763312 -56.47228629483631
749 20.19317227675597 -6.969635268890499 -48.91937617791112
750 18.36175188045793 -11.45456676835925 -50.47598336665815
751 15.34999130671216 -15.89983958989821 -52.56343039273863
752 21.30454992811616 -2.957708419957025 -47.00484273662097
753 -0.6058679536997055 -55.45444120900674 -5.084012767246286
754 -4.808698207838974 -50.91729752290471 -9.973643831702018
755 7.765354079200084 -54.89434448061142 -4.366028891630926
756 12.08045139414883 -49.80154846507723 -8.172869505537863
757 -15.8266685471353 -52.82904754044947 -2.34658476134483
758 15.31368491105833 -3.813382605096204 -81.74600600952026
759 -12.41953665817383 17.97035275037556 -55.90417958956714
760 -15.96330302352999 13.90709787931059 -54.49668956565924
761 -7.957494428515995 17.92434078042466 -65.82129245003478
762 -11.69797635964335 15.18226533874946 -64.98172156032275
763 -14.43556391403753 13.81268796088677 -59.73700065244196
764 4.560357711925592 -20.54082645785841 -62.61201653143902
765 0.6169796393861806 -36.67539191534666 -30.50586461096286
766 -4.403130748088812 -33.64868533005093 -34.62337022294719
767 -9.892961111812296 -32.12762645454718 -33.38513801504286
768 17.85658135487259 14.03348077373551 -48.32359036379606
769 32.33596845957568 18.51620626741331 -8.445240235258101
770 30.23936229605019 16.86301850671552 -13.78351726526906
771 27.65237741934383 18.25853872217693 -18.79534271937272
772 25.60663038729315 24.9501518173116 -18.11164512012925
773 24.64283135129244 21.62632390467427 -22.88135202726107
774 -13.91997928295702 5.997457600245899 -91.85931279550402
775 20.34603308166115 10.51366073080847 -44.82647725585547
776 19.6160982878632 5.727656527415485 -52.39346434288488
777 -19.60623429640023 -9.574252447708554 -48.45817108061183
778 40.78134704595445 14.59858793199528 7.471727251536143
779 25.7838902431169 -3.461792143419556 -31.05618845737558
780 -7.245799928839056 -22.151818122281 -55.31508342498972
781 18.98286730364081 -46.91331274999092 -5.961339964674067
782 23.18904310334178 -49.65228707084845 0.858661237160089
783 29.0591147901191 -44.22539279140347 2.93309096409173
784 14.54423054751845 4.502128680660347 -90.13458894942239
785 13.04491685075106 7.703826687873016 -92.27741710778044
786 -15.06147129169574 5.712963966366079 -78.72113809088896
787 -14.63772993259646 5.714274639239528 -82.91912482906299
788 35.61411546861392 -14.13579617107334 -3.117901228425874
789 33.30058185846923 -12.57691899637441 -8.638126667406045
790 -28.8865479981645 1.567809840833598 -22.15109966695213
791 29.73017259259184 -22.82438453276692 -11.49183577713547
792 -12.32846161531277 36.29948014151258 -24.93818059780389
793 10.90561278713989 14.27038339859404 -70.50614244942361
794 13.98061553462537 10.55198261059807 -70.26573406761179
795 -18.27366639607857 -3.619975452880981 -60.62046185649296
796 -16.12147420027484 1.778111452200892 -76.94287823739214
797 24.11283976555218 -8.618573333688623 -34.19791681745468
798 17.95340499753926 9.639806758357739 -54.65082983310145
799 -18.51588131945625 -8.895817123468253 -53.45648682789413
800 17.758918773962 26.76582200670258 -30.72018959540593
801 29.8025886671606 -3.347003927230253 -19.46222455234022
802 34.56430186393575 -3.141924834593947 -7.550921561951863
803 35.51790502224822 -8.25525981644028 -4.704779089598962
804 -25.57233954703108 7.66680418484529 -30.27514132652362
805 20.84528219520405 5.928275200759454 -47.20629357076364
806 28.94877252207163 -18.37436232391293 -15.82954701558184
807 27.42848182040172 6.858467296756033 -25.21755370257157
808 27.53211612253363 12.15746138163488 -22.66064451665729
809 31.69531687638032 7.418755515219264 -13.83954412040891
810 46.19235573055764 9.235818493192349 16.97154940981822
811 47.40526249418921 15.61792930404403 19.88199318492342
812 9.100620959124099 12.33622320987869 -90.08149621585362
813 -14.32114397697904 -16.84218691590732 -53.53519378870717
814 -13.5118657318235 -15.45093348804238 -58.83151634514854
815 5.593533523604536 -33.34216355209425 -34.57166991526849
816 -13.51029288126267 -9.780621877070503 -75.53805616167918
817 -11.20341491395856 -13.24614950153382 -73.2765219963339
818 -8.037689500692089 -15.30763860331754 -75.42616346188727
819 0.9340269178583573 -18.00764467371769 -73.95113646918213
820 -21.91354699482856 8.31024614485581 -41.52351162694939
821 -23.33839765148876 3.52003921860768 -39.14492489064773
822 25.73073273451636 -28.08917636533806 -15.24038319115677
823 15.11537946451361 4.710378594678417 -81.33162612294538
824 -10.19124814438175 -11.36346105391874 -90.80298036841037
825 16.11099515546725 4.951452946255338 -72.2046111992499
826 14.36208873657452 8.647608291823532 -74.30943343398418
827 17.58508260383352 5.232160791297902 -62.65106243940517
828 50.09491262450802 -2.894842631492307 23.67694979153505
829 51.63157833429859 -9.66916401524964 26.62744431354023
830 44.25376065230083 14.77872852267945 14.07642308831321
831 44.90166814520564 21.60824268915328 16.57768135340555
832 48.9959027941777 21.10886353930978 23.48378466144325
833 42.81910044404588 29.262127635555 15.22226661186384
834 43.28189935115106 35.57009096110555 18.31760558130866
835 2.348360101280385 -17.04136993294037 -77.64367973859891
836 19.031513552894 10.10028643209436 -49.91501307889714
837 -17.50310239557038 9.312472155254781 -56.99292968914187
838 8.010550906099473 31.15888820735005 -36.6266178421704
839 11.8130678605666 12.31246329705229 -74.41391947592425
840 -15.40966133628418 9.117152157999893 -67.00538095959618
841 -13.02400327301584 12.48875664228515 -68.50979499699655
842 -28.83927801782439 -46.72908013396267 4.637119860499076
843 15.74755416192781 8.644047299148244 -66.38710134206794
844 30.0534705085006 12.30762255785935 -16.30696190194329
845 -33.49434704298114 17.47890162246906 -6.451288753950732
846 38.23482792555908 -8.836406853947992 1.287694171452187
847 22.79055581683756 -26.44791632674629 -22.09015285097152
848 39.62541026092792 21.72666069415823 7.129164694181799
849 4.793406706202743 -26.01794461722345 -48.81852599482882
850 0.5012470687610502 -28.5635264212731 -45.01645059882871
851 -20.24083575380633 -4.563503601351925 -50.61035815509499
852 11.07455843921844 -31.82680073544757 -32.68770664856533
853 -42.96892382162616 5.975451475727351 10.59781147048305
854 -29.80610060005302 -28.06444628573476 -7.934173543701684
855 -25.94512646575571 -28.24460858682621 -14.7260811197056
856 -27.57764773029036 -21.19718527196281 -16.98540691157807
857 7.297410120906406 13.28761223972282 -93.29292438193175
858 -10.85496972780199 -12.57790723824924 -77.74946852694727
859 -24.98306366558601 3.140173310769447 -33.67942399375167
860 -24.53950955489594 -24.75982582295488 -20.35247444863896
861 -6.1147271832459 -19.8448228997383 -62.90483653294204
862 -28.28545424543369 17.24982184209154 -17.98501446480094
863 -17.48985329102462 -2.95325569459134 -65.68301121151751
864 34.60794449589402 43.7410956911793 9.911513427015242
865 -41.41335111776428 29.41246024663691 12.93906208088137
866 -32.92547576087146 11.52476929437072 -9.814675105111482
867 -30.99414361995287 17.11828940917201 -11.98612052398739
868 -15.08546247281897 -0.8570340414893117 -92.80034994805614
869 -20.40882974375035 -44.4180934444621 -7.103753926144644
870 -18.89019571935101 -37.50047086260111 -16.21855283943685
871 26.64822861798883 38.70953043369451 -4.772111342365706
872 9.159358453375416 13.85243735604679 -78.72899597366271
873 -40.03408852665953 5.724607550569322 4.680941470657266
874 -34.27655521607693 43.50739064862212 9.310133195071787
875 -30.19971139748615 41.23785646679476 2.154317170054587
876 -38.91564609234899 36.22525446863003 11.87905227193069
877 -49.33660852015111 -6.937312199954813 22.48491757252113
878 -50.86548408167067 -13.36204932846424 25.61329110457531
879 -14.93347851937226 1.574670225775066 -96.54665247474884
880 -18.79868092633525 -19.93982280974991 -37.56855242318372
881 -13.73742329401255 -6.057747931928849 -96.84064893846018
882 -11.88257906230901 9.1712071965337 -97.22347582009392
883 16.7414209375245 -7.321192976737148 -63.92271434095511
884 12.33865627631574 -8.591124362461152 -95.98344041653843
885 5.817753690425651 -13.86599150948524 -96.5720493685333
886 3.953376883367643 -14.67053670608334 -93.08343824645871
887 12.15850854656282 8.83149993141199 -96.33841977955035
888 5.474110058495735 14.00393844099267 -96.63649909114302
889 -34.34944433132544 -4.897749080268113 -7.884038710336108
890 -9.002063185399182 -12.02755592291214 -96.85738454192619
891 -12.63252802257489 -8.314147746330878 -93.05519433046892
892 -1.926506697337867 -14.91858516819023 -96.56720536876173
893 -3.906467082503382 -14.69662726017881 -92.86928410801268
894 -38.60640264377484 -17.60642864874703 3.955771340371107
895 -16.88775532906225 -7.228224055151205 -63.32897522010883
896 -26.98851288716492 2.218138045493225 -27.57774466062964
897 -37.83033494094098 29.43671277706927 6.903414913422071
898 -0.644581126339325 18.26344033670908 -72.94629391246741
899 -5.046242240796466 17.8895290926941 -70.86975567755918
900 -40.89682891433525 -12.05956637989833 7.229005437723621
901 10.87671908565524 48.07281781192903 -10.92614760485265
902 -0.1810163865217842 -19.19049605412975 -69.41786457304842
903 41.22772470728925 -24.28669929011764 10.84193223469798
904 40.84740145806579 -31.5742400367933 12.84992258747565
905 36.58384145699556 -36.44669776063112 8.399673447312392
906 33.99922672787862 -33.93257840016359 2.899182639920565
907 13.34678426764707 -41.0894530867297 -17.73646572959388
908 50.40328123623888 -16.75280645230624 25.20112691019029
909 14.7298734143458 24.75745682138477 -38.75772268281887
910 31.08431388456372 35.38483499579191 -0.7736496075138228
911 -15.58652205192185 21.91423677118274 -41.63339364513617
912 -21.74236703011355 -15.63396069726028 -35.30633260026494
913 -32.60711556191379 -10.20480719337348 -10.936545426753
914 21.90819679178247 18.12654184953281 -32.34414496657713
915 -36.37876049295065 -36.22321174289039 7.960122960447574
916 -40.44772106343552 -36.06401697053793 14.16476494375105
917 -11.47468351130655 25.28933690771708 -43.03026655795153
918 -5.019670835150965 30.3057035088262 -40.19909124612909
919 -20.63483363123777 22.10823981739504 -30.9159755530787
920 -30.56924793213135 -15.51951167209803 -13.69027925971975
921 50.59708526241666 -24.47522639474347 26.73562510214269
922 22.22093043603794 -8.387113957836233 -40.42587861999347
923 29.83557291623533 -38.26547067451905 -0.578867588764131
924 -25.83958585237187 -6.786149605830155 -29.85309592017646
925 -47.15924324107858 30.52294101409599 22.65622967041844
926 43.79005731031751 -34.58867858252675 18.7192052552904
927 54.70100876769487 -13.82988227561147 32.0283480011667
928 -13.84636427034435 25.43999344764592 -39.14468321623914
929 -17.66193148397947 -8.022100051839967 -58.31987517663785
930 21.25748680082904 -7.234913557317064 -44.66947114906586
931 10.68825056700896 10.71678987268466 -93.1813554363651
932 -52.64445235181615 -19.26263229400634 29.2355939480255
933 9.697333357335904 -46.15758734303114 -13.94336498172505
934 4.764585966897624 20.97620258705669 -61.15674531010172
935 -41.29337123935559 11.53192790480958 7.925138254891444
936 44.30520071055335 -26.6624090702841 16.87383443328708
937 -28.13877992710929 28.10604619827784 -10.90341464877701
938 -3.68372458348673 -46.57146794527254 -15.75320566037763
939 13.32029554942191 7.678967901656288 -87.97037219683081
940 -41.86937369652792 -17.84806150157939 10.24516408588393
941 -16.4179048196855 -12.32431759850084 -55.93169835075501
942 -7.817148242293618 -12.97556650193248 -93.43782739338997
943 -3.865478757981089 -15.29113551265617 -86.49010549422697
944 3.447440464480608 14.77483623553469 -93.51268604211312
945 -1.851515658943988 14.92800490014499 -96.57134700768843
946 3.314775822009879 -51.62496046268273 -9.415981532187683
947 -44.62960517590326 11.26883997738841 14.28240970095107
948 -43.66840097616665 -30.10138101690689 16.90599839980802
949 -42.88072210476096 -24.10233303180918 13.69094212119709
950 -2.077940425463371 -31.29160953208068 -39.52804073079522
951 -2.199413825655651 47.06287661848041 -15.36350618633962
952 36.46935449465387 36.67992579684508 8.352445217028077
953 -26.0426568605506 -19.17886586665331 -21.78153621511603
954 37.19679887339818 7.683738447777253 -1.100668514278599
955 -12.59465820963323 8.639049713902272 -89.91335297403735
956 -54.82196976206564 14.00775898935511 32.23846856749266
957 -51.92838452719178 11.06353336966945 27.22605333909859
958 48.09133153810595 -8.397178242290551 20.35563288861934
959 39.42407226250715 -39.31162947639714 14.19270735120856
960 -31.05023242151944 22.77456512509865 -8.888909156489946
961 16.74430274784464 13.14925017776787 -53.31475843667046
962 32.43333267575592 12.91495145835859 -10.49183746700048
963 -11.78057973766827 9.461981144004813 -93.59680489431148
964 -48.01024934822053 11.20964336681453 20.44056101849364
965 -52.92796034205794 -7.57407705485242 28.70951946952444
966 -55.5532414134979 -0.7318592071965558 32.91422675746809
967 12.20644775845158 17.35307830266211 -57.85820944392522
968 -5.818539316794881 -24.55029925050061 -51.24334505609045
969 -18.69968952327045 47.89904747782487 -5.199313233673378
970 10.1882411684522 -11.19960848617029 -93.17917250940569
971 13.91661126671655 5.609817447912045 -97.37756555944145
972 25.65376302583525 17.00687396451212 -24.29370286934534
973 23.19859030397575 19.63785185490664 -27.8398772178113
974 -0.08420506786286562 -15.15624847678586 -93.91744585169474
975 56.17145592423628 -7.408239854757181 34.05397723847275
976 41.66891491458173 24.70064008647104 11.7507249111328
977 21.47746820957656 24.42039729568129 -26.66612977976964
978 -10.07498294945371 28.33330606534774 -39.46621196093933
979 -23.84862759899536 -15.47225945849899 -29.95926537648073
980 -50.07102722676969 -25.3629342149417 26.06041247749817
981 -50.53446924151723 25.70018695559013 26.87448107654626
982 40.08980041875778 7.994537824548506 5.026358745411673
983 32.73505120360957 -39.65031791729299 4.602373027825057
984 1.609424286290293 22.76321290114376 -58.1684848830613
985 14.31244747992244 7.505620540967083 -78.8061336972234
986 -10.99355635108097 -19.15071349981484 -56.34122145702462
987 -32.60553611569682 -39.93160758377109 4.605401232473032
988 14.85843692705936 -2.092223748001549 -97.25673476295898
989 -46.00156232649529 -24.25333997281828 19.0916806558869
990 30.67306391382502 -7.347235933025518 -16.41312676635487
991 10.84073399287943 27.8135131412221 -39.45863226501302
992 -14.80002532340369 2.964950777746298 -93.36217429753492
993 -27.68863861390894 33.75781486162318 -7.300492770549127
994 15.13006496658586 -1.721119970110059 -89.86432207385533
995 -49.34476669565738 17.06068491982735 23.44379447665352
996 -21.48748442510408 -39.14963523555322 -11.23139930492171
997 50.78980195560581 25.54079050822443 27.25203173396135
998 -24.55697879770804 -44.51590536647144 -2.35694823513207
999 40.07859741489647 33.70216963489837 12.51804417406433
1000 -52.83426281823036 4.460172052085403 28.43976404768661
1001 17.21605594466994 8.995637813380482 -58.74062547572998
1002 32.99699302981141 -7.526077374599694 -10.66108134235992
1003 50.4067880422806 15.11858428631692 25.01377464163876
1004 5.047317612505862 52.19153909728927 -8.364696412827946
1005 -44.0383321240842 -35.69636996119536 19.52785591226781
1006 31.57600432897586 -10.96780115933285 -13.14344528709725
1007 1.764632580213862 20.17437112115736 -65.67402325621212
1008 -14.38156910953183 -4.543085612052458 -93.85189873798167
1009 -22.8512117502941 -33.92608223235098 -14.59752241542699
1010 -12.92222892983186 8.927269425962253 -83.96860170542413
1011 13.93712025259117 -5.793104866994944 -93.60032076048743
1012 -14.46237757559064 11.85912710568044 -64.39720082663213
1013 11.61173449203754 9.934356615059993 -90.09138573359481
1014 44.5859331749749 -7.271418395077986 13.80898045562048
1015 3.411822589732827 31.99999815608576 -37.86153605629715
1016 -56.36199499913949 -7.347042220080625 34.35970497777875
1017 -8.842208265962116 12.29239248543267 -93.39611764639736
1018 -17.64773197666869 25.81511355047776 -32.15417481261723
1019 -3.900210224459208 -14.93841785278257 -89.74776877592734
1020 28.69009271172702 -49.04098885964915 6.30246505995312
1021 22.37076031872309 27.68687430808385 -21.60819924038288
1022 -21.32161452261797 -26.97614952832192 -24.21966013142022
1023 3.594552248490154 -18.24955238174378 -71.22989848320479
1024 8.592751752864565 20.20772302697731 -58.20950131735475
1025 55.67531012544551 13.42030600849456 33.57210926906889
1026 14.30922214552722 -5.918904715822897 -85.93015348802244
1027 0.676011669052941 -33.43219139281354 -35.90549048663596
1028 28.52879411666474 -7.152099941318184 -22.08455358907876
1029 -44.63847265527971 28.12192616426395 17.86422617530895
1030 -4.017094733645506 -26.82231606346919 -47.57944782217043
1031 -27.68177214551713 38.595389017715 -3.4143813804953
1032 32.58438744685562 40.42646034554473 4.910333688419168
1033 16.3531578200767 25.59425968289384 -34.71961064109297
1034 -14.87470484999136 45.78124163491228 -10.83079929071073
1035 -26.37232643158189 -10.26763784164031 -26.71950671766528
1036 15.62437846592976 7.508228562376703 -69.75383295261376
1037 -10.40527888619305 -10.94114637306526 -94.15663194738494
1038 12.79957132633389 51.16543421399365 -6.175636039127728
1039 57.10437542901183 -1.505099015049918 35.43543048801611
1040 -37.81928841672672 -41.56304377908494 13.06804116437723
1041 42.25252265069107 19.28605250192755 11.29179138318681
1042 13.45710663930516 6.754867887244789 -94.91588282903321
1043 31.30540822388047 -16.0698671639819 -11.78410419055853
1044 -39.12060514765805 41.66387665675399 14.97688944549976
1045 -5.08061536085584 -16.29985730761003 -77.70547631646679
1046 7.513690268441247 -13.11899964652543 -94.14236101922957
1047 -7.844910255954407 -20.39035609756342 -58.92159328893261
1048 26.76207760816884 44.82896676095892 0.5590284326341032
1049 -19.57599478620703 -48.7508450843945 -3.519369249753899
1050 -2.729788421959257 28.69560027307921 -44.3064312726089
1051 19.62934316744377 49.1742030395103 -3.042057112038091
1052 20.10972179019473 22.72962383646616 -31.29249449116838
1053 26.40074802879588 10.41502425945542 -26.56516103986812
1054 0.2241160624790344 15.15232528778704 -93.9631332960582
1055 19.81038192515356 -10.37007788647284 -46.81792529822011
1056 25.10378776901071 5.335768343773687 -32.65744117408893
1057 -0.9820586429293108 19.17184255654309 -69.36653591112638
1058 59.41445757223499 8.073899790377325 42.29013983333334
1059 0.1973566776724949 59.96020977639255 5.327335827591102
1060 -0.1973566776723726 -59.96020977639255 5.327335827591119
1061 -59.95993512829009 0.2680982482308485 44.80241045775342
1062 59.96016791945033 -0.209684944285893 47.17505238546101
1063 -5.720248508309211 59.68705204882093 5.262918229679107
1064 5.720248508309589 -59.6870520488209 5.262918229678913
1065 -59.68259658443368 -5.766549350422656 44.83832380968021
1066 6.289261987418065 59.62978005166216 5.234152866831952
1067 -6.289261987421133 -59.62978005166184 5.234152866829352
1068 -59.50940518058019 7.341416142797215 44.66340178722845
1069 59.61383530019077 -6.438645474360684 44.7477976833332
1070 59.95295513248678 -0.9532697392982763 43.08613530985695
1071 11.82010512638429 1.630838987064224 -100
1072 -11.62695585521074 -1.700434822680178 -100
1073 -1.363026430672158 11.49362468886807 -100
1074 1.563854223607454 -11.36080556792518 -100
1075 -6.95232661021072 -9.120235626882192 -100
1076 -9.136779224943222 6.988282419140756 -100
1077 9.157925907433498 -6.902603585521415 -100
1078 7.039112965132536 8.900235485685393 -100
1079 11.41991217318798 -4.603392403802507 -100
1080 7.865165807255803 -3.610526377865995 -100
1081 5.393075447204914 -6.104699142233756 -100
1082 4.089397994815643 -2.619570984533408 -100
1083 1.54867350000675 -5.381616535694281 -100
1084 0.2576244439504451 -1.822592006878287 -100
1085 2.83329107135096 1.091722831516753 -100
1086 -1.006637060187896 1.859276298596372 -100
1087 -3.586801795626568 -1.083097302321255 -100
1088 1.498636420677643 4.720942077540499 -100
1089 -2.110141513396143 5.328747960338424 -100
1090 5.610797715004177 4.287116064947301 -100
1091 6.59967510685507 0.02564185565303812 -100
1092 -2.19228526513571 -4.713447243979501 -100
1093 -6.098238209503075 -4.585126479209226 -100
1094 -7.71420251918985 -0.3855352294699228 -100
1095 -4.816165187327456 2.556582658594339 -100
1096 -0.7065518411265491 -8.67961839624564 -100
1097 -8.539055743220818 3.384247223767475 -100
1098 0.2503776928032755 8.139141781095899 -100
1099 3.741326476067716 7.842366761950622 -100
1100 9.432811330331452 6.08954899161611 -100
1101 2.001720170598389 11.36787537693819 -100
1102 6.723707123155305 -9.404436314165634 -100
1103 -5.653377614678155 6.065699240716549 -100
1104 -6.671364738391867 9.48603821312464 -100
1105 -3.903191148655966 -7.614676797685457 -100
1106 -9.496887966898495 -6.451883746700172 -100
1107 -3.987573347072096 -10.88965602519426 -100
1108 10.62367068840559 -1.390970665973251 -100
1109 3.064128509586116 -8.596007706960918 -100
1110 -11.46102066529435 1.655689823781084 -100
1111 -11.40054882133282 4.740439435855404 -100
1112 -3.322892932648542 8.686212172715472 -100
1113 8.862454295020818 2.539140878803273 -100
1114 4.573091628417619 -11.43432249638331 -100
1115 -4.486617402084097 11.48539381639493 -100
1116 -9.111242595768701 -3.3272085658103 -100
1117 -11.57046444948816 -4.518151768842556 -100
1118 11.65903675517496 4.256326320558345 -100
1119 -1.236360505251082 -12.2402158262315 -100
1120 5.09331564778116 11.18350266380531 -100
1121 -39.17871397933431 35.29591987034166 31.79081990133845
1122 -7.887862105153795 -53.76466500492012 12.94400935058695
1123 49.59442883289918 -19.80648619428903 42.6521859787474
1124 13.46970988285707 52.0909537368484 14.60672971222767
1125 -43.9375962040039 -30.88060200558126 35.96469214808811
1126 43.63823331239149 29.78826664997985 36.28654004998102
1127 30.21142803952337 -43.65061057528767 23.88626631517477
1128 -13.39997919852567 51.86744604724279 14.68840201148702
1129 -54.35958137432523 1.151911460151886 47.79733336561266
1130 31.16465581148804 43.67850111488121 24.27554627636845
1131 -30.52483656141017 -43.30820218508966 24.17900445386601
1132 53.77827550716721 7.166709783045865 47.15443184587581
1133 -49.43535020732244 19.47251516078513 42.67831833650182
1134 13.45334934661386 -51.70822025535353 14.7672457937947
1135 40.68512681078185 -35.20357659982714 32.53816516862923
1136 -30.25637880270251 42.52498551297736 24.4336620061523
1137 49.34401876903652 19.34168119694903 42.68318660781081
1138 -49.28391319248407 -17.92715699258915 43.06214333630624
1139 -21.06434271213767 -50.02276965559315 17.55611061824636
1140 54.59090050776821 -6.868526575228817 47.51733922572171
1141 0.3951761815936874 53.81985733849356 12.40995906994485
1142 35.57046365042893 -39.29365770030022 28.27999938557095
1143 28.70316444702121 -36.00671559938616 26.82568824868817
1144 23.11098805496533 -40.19071614894171 22.77026477189898
1145 21.68615354622377 -32.90622256858327 25.62033821359923
1146 27.47126947294397 -28.93153823211464 29.41326194293214
1147 20.37086805747545 -25.4843554369947 28.23981512408312
1148 14.44005214284336 -29.70051633662206 24.9583853883954
1149 13.12715248550994 -22.21767383570588 27.50185438958589
1150 19.18380257130128 -17.88651689729672 30.37391119724792
1151 11.98602136029722 -14.56439709320263 29.45488322391749
1152 18.22707061564568 -10.12038550518377 31.82161416155797
1153 11.0826273077523 -6.745564524549536 30.62561344014566
1154 4.693297523717844 -11.33823452553361 29.13851285706232
1155 3.817330509229135 -3.477536695916516 30.02073288870892
1156 -2.635602579636611 -8.195354232100609 29.51039004372023
1157 -3.565401667053033 -0.2837426082732835 30.10334118934879
1158 2.870189189653884 4.469658533923615 29.90459218143686
1159 -4.452167878243052 7.637895268071498 29.686832605253
1160 -10.85977024480028 2.95769425017674 30.8847783983057
1161 1.950154635312198 12.32082568346627 28.80314605173783
1162 7.036756762956402 -26.71989044293731 24.87875868740498
1163 -11.67594926548222 10.40521744245549 30.22529254585257
1164 -17.97960673987741 6.013708326632771 32.28729948807047
1165 -17.1314269119498 -1.69062425902092 32.32648318284666
1166 17.42019462446632 -2.191039291130481 32.38994664647262
1167 -24.08586138479462 1.619241998386646 34.51948481187122
1168 -23.43333646526154 -6.299008626081985 33.98560590125709
1169 24.2977617187237 -5.638748993156119 34.35925110971588
1170 23.68880863157052 2.316767964109588 34.35732501447759
1171 -24.81941293912312 9.321124314415114 34.10001076919622
1172 30.34609638257221 -1.158103093846859 36.98759927772239
1173 30.0049261523982 6.808171965907341 36.47637945002084
1174 23.33348637713502 10.23600048866806 33.42463855002681
1175 31.09553486421193 -9.087631264251186 36.64309149599611
1176 -30.14510868795861 -2.998051007126197 36.83796672420692
1177 -29.73013119599813 -10.89701856854482 35.77278342640983
1178 -23.20231603012698 -14.17301294310705 32.60798336621805
1179 8.384502263933483 -33.9707826092852 21.99962594991458
1180 0.9113672672445166 -31.2693952486005 22.61728432759509
1181 29.81861199513436 14.65612828389703 35.04324147361358
1182 23.34228861002369 18.05136987278926 31.67451187560059
1183 -36.19305521439551 -7.642033399277418 39.10506960337909
1184 -36.76038054469731 0.2858604244636318 39.84311445307693
1185 -29.61353342834863 -18.65509440494918 33.90985359998278
1186 -23.45848995402268 -21.52131971925938 30.65709517727284
1187 36.41015191323736 3.335264340316795 39.59473416098028
1188 2.293907329453877 -38.46231151203762 19.40913997998033
1189 -5.206246511194475 -36.00881815911705 20.72325649200416
1190 -6.582183757532662 -28.85348920106334 23.97744584781931
1191 -12.4628246974498 -34.14918212253123 22.60570278043877
1192 -16.44886666127949 -16.99790252433172 29.85563069813538
1193 -29.76105043105804 -26.23427145881077 31.40951325579756
1194 30.010321996968 22.34623538771419 32.91706925235217
1195 23.70562672677548 25.63702147819054 29.29511742615021
1196 16.90827578947559 21.50756955136285 28.63557395327392
1197 17.29291600963778 29.01443079220591 25.95480769224742
1198 10.32437571978826 25.12610493514542 25.94518627446147
1199 10.76796131370927 32.54641009166026 22.99916553577093
1200 3.366532724140286 28.73568379710323 23.76443396214412
1201 4.089682602339489 36.26814837871239 20.51888938798425
1202 -2.984948709647569 32.95319274641987 21.95024575910245
1203 -3.612483723725696 25.41989639140283 25.07651552346432
1204 -10.07803533760462 29.92931587922572 24.00578547798817
1205 -9.636296041492971 37.18746558008045 20.71738864364692
1206 -16.62624328134165 34.45526818756456 23.43186642776449
1207 -17.08499892169246 27.16227723366925 26.64246800856011
1208 -23.0990809083684 31.90853523395934 26.53443138828509
1209 -23.95564439677658 24.6591719101506 29.74608679071182
1210 30.49925744216608 29.77201712157634 30.30531973078478
1211 17.62980149147239 36.41516733328825 22.8087434201347
1212 36.2433238228349 19.09397618416921 36.69487297880078
1213 9.285014571881007 9.241599851554977 30.00701137387602
1214 -1.652939125972493 -16.07753186887177 27.9472200354808
1215 -22.86316481231058 -28.94403438765278 27.70127815257553
1216 -42.41820005446413 -4.360134478259911 42.33343589673483
1217 -43.04568611048747 3.606620168627177 42.67662084489167
1218 -37.6872084917328 8.22988245336796 39.71740018826178
1219 -16.08936499050762 41.34400330056438 20.1067659415142
1220 -11.13902192124507 -40.67178305186917 19.34326335145936
1221 -18.6141319259159 -39.11384818725401 21.83787735546322
1222 9.570745691647454 -40.96755620361284 18.94181435347099
1223 3.671811618447608 -45.56996743223205 16.14826720853803
1224 -30.39753826426607 30.37634670299138 30.00924698222566
1225 -30.69829092420838 22.35055567370037 33.20337552601374
1226 -30.08141524718084 -33.6446464894567 28.45966937838442
1227 -17.82224357518856 19.97993900069091 29.36818652722954
1228 -35.90863419020286 -22.79397058054269 35.35432251672147
1229 -14.49160692373375 -28.15756529610891 25.6004877192191
1230 -42.45076130845902 -12.46096138049157 41.23971869324524
1231 -48.14908303127026 -9.358027967270599 44.42307124899224
1232 -45.0430640365453 12.15272007825829 42.5099406954171
1233 -39.31486061376977 15.93296872864887 38.98079634009216
1234 -36.81562380093546 27.29618622368122 34.10746356279683
1235 -9.30510073389731 -12.81052542933967 29.37706840919611
1236 -9.357084652783932 45.12246633108321 16.9635278938905
1237 -16.65499532565252 -9.537507351823447 31.48444581916014
1238 16.84282178831605 5.772713959371494 32.00228125783149
1239 9.339229443233329 16.95894300733084 28.40526107740261
1240 -9.564562741744489 -21.44344076266407 27.10848842471196
1241 -0.5792868687548851 -23.93867312010384 25.51409525581568
1242 10.25663969907328 1.185817134912174 30.84310572762363
1243 -10.06277621387277 -4.947742564260259 30.62227254579194
1244 -42.19112277120091 -20.01608588332163 39.18383094525015
1245 16.39687552327368 13.64935945800818 30.65373594681449
1246 -32.0311495565377 14.21214578047653 36.0845329751365
1247 -32.61001515763611 37.020953501546 28.01364818987908
1248 25.24133778662932 -13.54830025802058 33.48119730922464
1249 32.18583503531643 -16.90796774743364 35.49056006250586
1250 37.78282341303689 -12.46708401765419 39.05540758515884
1251 38.76894402677449 -19.7185151710668 37.67386082745571
1252 33.57439205479545 -24.55381786882992 33.68019806401978
1253 40.54049510261439 -27.04980591094411 35.93809606971845
1254 26.38544945972629 -21.27099425912083 31.81595655628592
1255 5.791062073099079 -19.18582041936499 27.34316290911526
1256 -5.627645417083494 16.48310382098148 28.07931832514198
1257 -10.62300867354471 22.48481785186725 26.93439806530239
1258 24.10506631453578 33.05358391464146 26.3876547202362
1259 15.81765383112693 -36.9786631502947 22.07455066504092
1260 16.57182899989468 -44.93674982796222 18.55052459115361
1261 24.51630812861682 -47.36473967119699 19.93099558085751
1262 36.96882074075529 -4.660854979804696 39.76482042371754
1263 42.57593990694798 -0.747254933321277 42.5636931667115
1264 42.27822025572081 7.351503743794474 41.9845073713882
1265 36.25834921445208 11.25796483973381 38.58390477043643
1266 42.3346817589573 15.51841876959659 40.50540412374724
1267 -36.0103968024025 -15.46702149289093 37.56798593627826
1268 36.66625371924891 26.42151873635212 34.38135115039038
1269 38.28355620790013 34.68331193341771 31.65116952041526
1270 -36.95743533244259 -30.22232644536481 32.98225300909089
1271 -23.04745501252197 39.15525077694635 23.2330980191706
1272 -22.67238800572184 46.32492262018689 19.75744441676916
1273 -2.63441429241064 40.2839245088944 18.56960185142821
1274 4.189898004758324 42.96435262719496 17.39675246825259
1275 11.00208151223327 39.57141232879079 19.83372196895768
1276 18.18839649838988 43.19846467262025 19.79997052072276
1277 -24.68743024617188 17.17681850913576 32.3947779065836
1278 -3.315437472261997 -43.07825294345297 17.28986825008986
1279 43.48067554449101 -8.546965677395688 42.39228210442084
1280 -30.90391706937284 4.947258933661383 37.03197690481875
1281 -49.54315021944772 6.194573671981576 45.4482635159278
1282 1.769760398945778 20.17985735201013 26.79309467420682
1283 -43.77537013850414 30.30468883812777 36.13188470337103
1284 -42.5319330813774 22.54038298168871 38.52227455051202
1285 -36.47721795840633 -38.29699824424772 29.15912253568258
1286 42.72320134301221 22.71527216373886 38.55693252925658
1287 -1.910036659383222 47.32540567557865 15.25995072964914
1288 31.30516205527891 36.74127019086701 27.57590776323132
1289 -24.24304967025081 -37.08797304270654 24.61451799462629
1290 -23.05987174955311 -43.80548895804688 21.05884060911548
1291 24.72877709434333 39.99037883692651 23.4395190816047
1292 25.40167568142514 46.9236722746639 20.45656913101192
1293 -46.87781440400053 -25.30700289327888 39.55483657975598
1294 18.96175554616417 49.76915627148806 17.01735002244553
1295 47.30350876553094 -26.34026381745825 39.36159366472255
1296 50.60730058531977 -12.38423004126643 44.98348214189492
1297 -52.41034411756143 12.79416756573342 45.66663925192884
1298 48.10813042625138 11.30454843757438 44.08234878416042
1299 -8.865826958991182 -47.46813793460223 15.81111701092157
1300 44.0059472902547 -15.17772373791974 41.36926953959161
1301 -14.35111239651405 -51.71740773559191 14.9634169305621
1302 34.1515428015603 -31.4683806576146 31.17780017290964
1303 7.519784645934596 53.0895790100389 13.17506216644895
1304 -18.23584418018724 13.33711008626035 31.2178414719267
1305 -6.641084800102872 52.67548593175626 13.24625469014347
1306 6.924647365243595 -52.69750441215605 13.26803507197307
1307 -1.414150953253732 -51.62304596996201 13.34293741236422
1308 54.10474125450756 -0.420428594820945 47.70989564534317
1309 19.71696682874838 -50.89012226852952 16.75455312648878
1310 -48.04357920180745 26.13177733441081 39.774684621692
1311 -54.3801180448828 -6.737807347949603 47.44199596800451
1312 48.18578684576337 2.852608924628679 45.09702588320459
1313 48.16786980588257 25.82727737709951 39.95080304697941
1314 11.06183428558728 47.04550507975169 16.3587138491261
1315 -18.84106869207313 -33.22342070338914 24.59409148907673
1316 -19.17913987585282 51.1556370775762 16.47855354704473
1317 36.32922025336519 40.76003595184851 27.93913915146663
1318 -53.30012700571316 -13.39526792700875 45.91257358169334
1319 -48.07002769548211 -1.253249592582092 45.09379918039052
1320 -41.2839510379448 -35.41374984900867 32.72366063129748
1321 53.46806188067325 13.63791934535446 45.93449020888922
1322 -36.30202181939816 20.75548619551972 36.20766831394361
1323 -16.22667047414627 -45.43635998838114 18.22899555100841
1324 -12.21682077926122 16.86980763209265 28.92742181636044
1325 9.781254637209409 -46.82942630152252 16.24237184091819
1326 48.87860964061483 -4.359195131051707 45.31814885319347
1327 4.267416811978498 48.78539081256301 14.72007111036705
1328 45.13462941038773 -31.83352145385706 36.11622329260693
1329 -36.67926795353242 41.38897365861418 27.80519747666511
1330 -15.59706069847827 46.94130761379673 17.37852396178323
1331 -54.9095511092195 7.292103008960529 47.58876332538905
1332 -44.10374975367042 17.46731889953752 40.82005975478567
1333 -17.68405138233987 -23.17470393411323 28.28212551607254
1334 44.09202870465349 -21.43161896114239 39.62503340026187
1335 -27.33950931873579 36.26900924695298 26.16079259943042
1336 -41.12050158522715 -25.67095844736833 36.73819798868262
1337 -26.67811414138216 -48.52795259416961 20.21500042090042
$EndNodes
$Elements
2420
1 2 2 1 1 684 754 295
2 2 2 1 1 548 731 730
3 2 2 1 1 597 779 294
4 2 2 1 1 294 1028 597
5 2 2 1 1 656 1014 958
6 2 2 1 1 331 1056 113
7 2 2 1 1 658 958 829
8 2 2 1 1 756 946 933
9 2 2 1 1 297 722 688
10 2 2 1 1 750 1055 513
11 2 2 1 1 409 837 763
12 2 2 1 1 696 896 618
13 2 2 1 1 327 966 150
14 2 2 1 1 628 754 684
15 2 2 1 1 790 896 696
16 2 2 1 1 656 958 658
17 2 2 1 1 855 860 453
18 2 2 1 1 730 969 548
19 2 2 1 1 754 938 517
20 2 2 1 1 150 966 151
21 2 2 1 1 683 967 402
22 2 2 1 1 678 918 633
23 2 2 1 1 513 1055 746
24 2 2 1 1 109 748 284
25 2 2 1 1 597 1028 654
26 2 2 1 1 774 963 318
27 2 2 1 1 341 991 339
28 2 2 1 1 633 1015 678
29 2 2 1 1 517 946 754
30 2 2 1 1 829 908 658
31 2 2 1 1 831 833 323
32 2 2 1 1 345 346 344
33 2 2 1 1 933 946 517
34 2 2 1 1 763 837 760
35 2 2 1 1 301 782 166
36 2 2 1 1 125 1025 126
37 2 2 1 1 453 1009 855
38 2 2 1 1 312 331 113
39 2 2 1 1 284 748 701
40 2 2 1 1 318 963 882
41 2 2 1 1 166 782 167
42 2 2 1 1 105 758 104
43 2 2 1 1 440 697 693
44 2 2 1 1 660 998 842
45 2 2 1 1 740 955 644
46 2 2 1 1 957 1000 327
47 2 2 1 1 597 797 779
48 2 2 1 1 78 971 101
49 2 2 1 1 297 725 722
50 2 2 1 1 688 758 297
51 2 2 1 1 402 961 683
52 2 2 1 1 291 741 85
53 2 2 1 1 677 979 665
54 2 2 1 1 644 1010 740
55 2 2 1 1 956 957 327
56 2 2 1 1 513 746 745
57 2 2 1 1 323 832 831
58 2 2 1 1 884 1011 686
59 2 2 1 1 842 998 319
60 2 2 1 1 690 954 304
61 2 2 1 1 954 982 120
62 2 2 1 1 403 899 405
63 2 2 1 1 693 1018 440
64 2 2 1 1 699 700 609
65 2 2 1 1 343 345 344
66 2 2 1 1 125 126 2
67 2 2 1 1 85 741 84
68 2 2 1 1 551 720 539
69 2 2 1 1 659 886 640
70 2 2 1 1 326 1011 884
71 2 2 1 1 295 757 684
72 2 2 1 1 405 899 898
73 2 2 1 1 704 839 826
74 2 2 1 1 659 974 886
75 2 2 1 1 715 1004 663
76 2 2 1 1 876 897 865
77 2 2 1 1 539 720 537
78 2 2 1 1 304 962 690
79 2 2 1 1 446 762 761
80 2 2 1 1 826 985 704
81 2 2 1 1 642 737 735
82 2 2 1 1 691 982 954
83 2 2 1 1 868 879 282
84 2 2 1 1 367 991 341
85 2 2 1 1 700 1014 609
86 2 2 1 1 674 876 874
87 2 2 1 1 636 883 701
88 2 2 1 1 303 944 888
89 2 2 1 1 507 751 504
90 2 2 1 1 703 823 315
91 2 2 1 1 695 1025 125
92 2 2 1 1 797 922 286
93 2 2 1 1 663 951 715
94 2 2 1 1 740 1010 742
95 2 2 1 1 701 883 284
96 2 2 1 1 891 1008 881
97 2 2 1 1 868 992 879
98 2 2 1 1 513 745 500
99 2 2 1 1 587 941 813
100 2 2 1 1 619 942 893
101 2 2 1 1 910 1032 563
102 2 2 1 1 888 944 857
103 2 2 1 1 642 735 734
104 2 2 1 1 844 962 809
105 2 2 1 1 779 797 286
106 2 2 1 1 104 758 316
107 2 2 1 1 722 725 723
108 2 2 1 1 529 727 715
109 2 2 1 1 721 1021 977
110 2 2 1 1 1 78 101
111 2 2 1 1 605 920 856
112 2 2 1 1 329 975 829
113 2 2 1 1 446 841 762
114 2 2 1 1 750 751 637
115 2 2 1 1 874 875 674
116 2 2 1 1 904 959 905
117 2 2 1 1 497 902 698
118 2 2 1 1 378 896 790
119 2 2 1 1 791 822 598
120 2 2 1 1 771 844 808
121 2 2 1 1 353 760 356
122 2 2 1 1 724 883 636
123 2 2 1 1 286 922 281
124 2 2 1 1 827 843 653
125 2 2 1 1 297 758 105
126 2 2 1 1 312 332 331
127 2 2 1 1 697 792 693
128 2 2 1 1 979 1035 512
129 2 2 1 1 454 787 786
130 2 2 1 1 738 739 736
131 2 2 1 1 829 975 927
132 2 2 1 1 893 1019 619
133 2 2 1 1 674 897 876
134 2 2 1 1 857 931 322
135 2 2 1 1 610 694 639
136 2 2 1 1 640 711 710
137 2 2 1 1 926 959 904
138 2 2 1 1 742 1010 454
139 2 2 1 1 575 781 566
140 2 2 1 1 687 994 316
141 2 2 1 1 856 920 632
142 2 2 1 1 284 726 108
143 2 2 1 1 755 756 301
144 2 2 1 1 685 995 285
145 2 2 1 1 977 1021 773
146 2 2 1 1 165 755 301
147 2 2 1 1 101 971 328
148 2 2 1 1 623 796 786
149 2 2 1 1 637 751 507
150 2 2 1 1 770 962 844
151 2 2 1 1 860 953 665
152 2 2 1 1 702 819 498
153 2 2 1 1 508 724 636
154 2 2 1 1 698 902 651
155 2 2 1 1 733 1008 891
156 2 2 1 1 343 344 341
157 2 2 1 1 813 941 814
158 2 2 1 1 765 815 471
159 2 2 1 1 402 967 676
160 2 2 1 1 740 742 736
161 2 2 1 1 747 750 637
162 2 2 1 1 728 729 140
163 2 2 1 1 316 1026 687
164 2 2 1 1 500 745 480
165 2 2 1 1 110 748 109
166 2 2 1 1 709 1018 693
167 2 2 1 1 291 1017 741
168 2 2 1 1 677 1035 979
169 2 2 1 1 755 946 756
170 2 2 1 1 618 924 696
171 2 2 1 1 108 726 107
172 2 2 1 1 454 1010 787
173 2 2 1 1 760 837 356
174 2 2 1 1 566 781 614
175 2 2 1 1 598 806 791
176 2 2 1 1 540 717 716
177 2 2 1 1 829 927 908
178 2 2 1 1 498 1045 702
179 2 2 1 1 765 1027 815
180 2 2 1 1 640 710 547
181 2 2 1 1 735 738 736
182 2 2 1 1 781 782 301
183 2 2 1 1 680 1026 758
184 2 2 1 1 139 728 140
185 2 2 1 1 475 847 822
186 2 2 1 1 285 981 685
187 2 2 1 1 714 715 317
188 2 2 1 1 777 851 799
189 2 2 1 1 293 932 153
190 2 2 1 1 625 868 733
191 2 2 1 1 694 943 639
192 2 2 1 1 812 931 857
193 2 2 1 1 333 914 335
194 2 2 1 1 609 1014 656
195 2 2 1 1 788 846 607
196 2 2 1 1 680 758 688
197 2 2 1 1 141 729 287
198 2 2 1 1 519 724 508
199 2 2 1 1 302 876 865
200 2 2 1 1 842 987 660
201 2 2 1 1 653 1001 827
202 2 2 1 1 540 716 534
203 2 2 1 1 585 767 766
204 2 2 1 1 540 718 717
205 2 2 1 1 759 763 760
206 2 2 1 1 698 861 497
207 2 2 1 1 786 787 623
208 2 2 1 1 315 939 703
209 2 2 1 1 651 764 698
210 2 2 1 1 642 734 541
211 2 2 1 1 703 985 823
212 2 2 1 1 506 764 518
213 2 2 1 1 504 751 502
214 2 2 1 1 736 742 458
215 2 2 1 1 138 714 317
216 2 2 1 1 715 951 529
217 2 2 1 1 537 720 540
218 2 2 1 1 686 970 884
219 2 2 1 1 704 872 839
220 2 2 1 1 585 766 765
221 2 2 1 1 563 952 611
222 2 2 1 1 351 760 353
223 2 2 1 1 582 792 531
224 2 2 1 1 628 938 754
225 2 2 1 1 729 730 287
226 2 2 1 1 541 734 443
227 2 2 1 1 494 732 616
228 2 2 1 1 1006 1043 655
229 2 2 1 1 551 1021 720
230 2 2 1 1 763 1012 409
231 2 2 1 1 605 856 855
232 2 2 1 1 732 733 616
233 2 2 1 1 345 347 346
234 2 2 1 1 652 843 794
235 2 2 1 1 436 986 780
236 2 2 1 1 766 767 435
237 2 2 1 1 505 764 506
238 2 2 1 1 521 708 581
239 2 2 1 1 665 979 664
240 2 2 1 1 319 757 161
241 2 2 1 1 614 781 756
242 2 2 1 1 908 927 324
243 2 2 1 1 758 1026 316
244 2 2 1 1 786 796 391
245 2 2 1 1 585 765 461
246 2 2 1 1 813 986 436
247 2 2 1 1 850 950 437
248 2 2 1 1 655 1043 806
249 2 2 1 1 625 733 732
250 2 2 1 1 818 1045 498
251 2 2 1 1 480 745 743
252 2 2 1 1 342 676 645
253 2 2 1 1 458 742 404
254 2 2 1 1 759 760 351
255 2 2 1 1 693 792 582
256 2 2 1 1 882 963 291
257 2 2 1 1 140 729 141
258 2 2 1 1 552 772 551
259 2 2 1 1 727 1034 969
260 2 2 1 1 727 969 728
261 2 2 1 1 480 743 478
262 2 2 1 1 799 851 370
263 2 2 1 1 769 770 556
264 2 2 1 1 822 847 598
265 2 2 1 1 839 872 491
266 2 2 1 1 290 891 881
267 2 2 1 1 135 712 706
268 2 2 1 1 665 1022 860
269 2 2 1 1 737 738 735
270 2 2 1 1 609 846 699
271 2 2 1 1 926 936 310
272 2 2 1 1 547 710 546
273 2 2 1 1 378 790 379
274 2 2 1 1 642 1054 737
275 2 2 1 1 496 818 498
276 2 2 1 1 782 1020 167
277 2 2 1 1 575 782 781
278 2 2 1 1 164 755 165
279 2 2 1 1 605 855 854
280 2 2 1 1 554 769 556
281 2 2 1 1 714 1004 715
282 2 2 1 1 733 891 616
283 2 2 1 1 652 794 793
284 2 2 1 1 568 822 791
285 2 2 1 1 676 1024 645
286 2 2 1 1 422 851 777
287 2 2 1 1 761 762 562
288 2 2 1 1 640 886 711
289 2 2 1 1 471 852 472
290 2 2 1 1 904 936 926
291 2 2 1 1 602 854 604
292 2 2 1 1 777 799 587
293 2 2 1 1 856 953 860
294 2 2 1 1 718 719 717
295 2 2 1 1 672 960 559
296 2 2 1 1 563 1032 952
297 2 2 1 1 817 818 496
298 2 2 1 1 665 953 677
299 2 2 1 1 161 757 162
300 2 2 1 1 402 676 340
301 2 2 1 1 601 920 605
302 2 2 1 1 708 722 581
303 2 2 1 1 531 792 528
304 2 2 1 1 349 759 351
305 2 2 1 1 785 1042 887
306 2 2 1 1 753 755 164
307 2 2 1 1 338 768 402
308 2 2 1 1 345 493 347
309 2 2 1 1 379 790 383
310 2 2 1 1 691 954 690
311 2 2 1 1 456 732 494
312 2 2 1 1 605 854 602
313 2 2 1 1 916 1040 157
314 2 2 1 1 561 761 562
315 2 2 1 1 952 999 611
316 2 2 1 1 570 791 574
317 2 2 1 1 336 775 768
318 2 2 1 1 741 1017 738
319 2 2 1 1 808 972 771
320 2 2 1 1 542 812 641
321 2 2 1 1 428 777 587
322 2 2 1 1 715 727 317
323 2 2 1 1 534 716 532
324 2 2 1 1 655 1028 990
325 2 2 1 1 639 943 659
326 2 2 1 1 778 830 311
327 2 2 1 1 317 728 139
328 2 2 1 1 467 817 496
329 2 2 1 1 815 852 471
330 2 2 1 1 737 741 738
331 2 2 1 1 342 343 341
332 2 2 1 1 944 1054 642
333 2 2 1 1 153 932 154
334 2 2 1 1 474 847 475
335 2 2 1 1 294 779 115
336 2 2 1 1 845 866 411
337 2 2 1 1 817 858 818
338 2 2 1 1 320 700 122
339 2 2 1 1 450 767 585
340 2 2 1 1 443 734 441
341 2 2 1 1 794 839 793
342 2 2 1 1 824 942 619
343 2 2 1 1 729 969 730
344 2 2 1 1 526 940 647
345 2 2 1 1 770 771 556
346 2 2 1 1 522 824 619
347 2 2 1 1 103 784 315
348 2 2 1 1 723 883 724
349 2 2 1 1 288 1040 915
350 2 2 1 1 394 796 410
351 2 2 1 1 476 478 477
352 2 2 1 1 506 508 507
353 2 2 1 1 963 1017 291
354 2 2 1 1 162 757 295
355 2 2 1 1 787 1010 644
356 2 2 1 1 671 950 850
357 2 2 1 1 652 793 516
358 2 2 1 1 692 899 761
359 2 2 1 1 410 796 623
360 2 2 1 1 347 493 388
361 2 2 1 1 542 641 541
362 2 2 1 1 734 735 458
363 2 2 1 1 871 1048 713
364 2 2 1 1 535 633 582
365 2 2 1 1 856 860 855
366 2 2 1 1 347 388 349
367 2 2 1 1 545 546 544
368 2 2 1 1 505 506 504
369 2 2 1 1 543 544 521
370 2 2 1 1 518 519 508
371 2 2 1 1 501 502 500
372 2 2 1 1 499 500 480
373 2 2 1 1 503 504 502
374 2 2 1 1 391 796 389
375 2 2 1 1 520 521 519
376 2 2 1 1 479 480 478
377 2 2 1 1 115 1056 280
378 2 2 1 1 562 763 759
379 2 2 1 1 119 802 118
380 2 2 1 1 756 781 301
381 2 2 1 1 117 801 116
382 2 2 1 1 679 692 561
383 2 2 1 1 695 1003 330
384 2 2 1 1 745 746 744
385 2 2 1 1 472 476 474
386 2 2 1 1 743 744 595
387 2 2 1 1 595 797 597
388 2 2 1 1 493 561 388
389 2 2 1 1 633 646 582
390 2 2 1 1 675 1048 871
391 2 2 1 1 461 765 463
392 2 2 1 1 358 837 361
393 2 2 1 1 447 541 443
394 2 2 1 1 295 754 753
395 2 2 1 1 639 640 547
396 2 2 1 1 447 542 541
397 2 2 1 1 546 565 564
398 2 2 1 1 719 838 717
399 2 2 1 1 586 764 505
400 2 2 1 1 284 883 726
401 2 2 1 1 561 562 388
402 2 2 1 1 518 764 651
403 2 2 1 1 689 698 586
404 2 2 1 1 568 791 570
405 2 2 1 1 599 913 601
406 2 2 1 1 478 481 477
407 2 2 1 1 481 595 594
408 2 2 1 1 340 676 342
409 2 2 1 1 109 827 283
410 2 2 1 1 502 513 500
411 2 2 1 1 639 659 640
412 2 2 1 1 338 402 340
413 2 2 1 1 137 714 138
414 2 2 1 1 163 753 164
415 2 2 1 1 476 477 474
416 2 2 1 1 574 789 788
417 2 2 1 1 581 724 519
418 2 2 1 1 557 769 554
419 2 2 1 1 506 507 504
420 2 2 1 1 616 891 824
421 2 2 1 1 463 471 470
422 2 2 1 1 638 812 542
423 2 2 1 1 535 582 531
424 2 2 1 1 336 768 338
425 2 2 1 1 793 839 491
426 2 2 1 1 441 458 404
427 2 2 1 1 550 551 539
428 2 2 1 1 353 356 355
429 2 2 1 1 513 751 750
430 2 2 1 1 682 686 681
431 2 2 1 1 508 636 507
432 2 2 1 1 692 761 561
433 2 2 1 1 739 740 736
434 2 2 1 1 404 742 401
435 2 2 1 1 570 574 572
436 2 2 1 1 102 705 101
437 2 2 1 1 532 535 531
438 2 2 1 1 356 358 357
439 2 2 1 1 554 556 552
440 2 2 1 1 478 743 481
441 2 2 1 1 717 838 634
442 2 2 1 1 309 712 134
443 2 2 1 1 537 540 534
444 2 2 1 1 332 775 336
445 2 2 1 1 565 681 680
446 2 2 1 1 280 807 115
447 2 2 1 1 428 587 430
448 2 2 1 1 494 616 522
449 2 2 1 1 471 472 470
450 2 2 1 1 545 547 546
451 2 2 1 1 521 581 519
452 2 2 1 1 690 769 557
453 2 2 1 1 375 389 374
454 2 2 1 1 369 374 368
455 2 2 1 1 616 824 522
456 2 2 1 1 441 734 458
457 2 2 1 1 361 368 360
458 2 2 1 1 410 483 456
459 2 2 1 1 401 454 399
460 2 2 1 1 452 585 461
461 2 2 1 1 399 786 391
462 2 2 1 1 543 545 544
463 2 2 1 1 424 777 428
464 2 2 1 1 741 945 84
465 2 2 1 1 107 825 314
466 2 2 1 1 116 801 294
467 2 2 1 1 408 696 631
468 2 2 1 1 520 543 521
469 2 2 1 1 118 802 299
470 2 2 1 1 565 682 681
471 2 2 1 1 394 410 396
472 2 2 1 1 410 456 396
473 2 2 1 1 572 788 607
474 2 2 1 1 624 643 625
475 2 2 1 1 546 564 544
476 2 2 1 1 595 597 594
477 2 2 1 1 518 520 519
478 2 2 1 1 650 668 667
479 2 2 1 1 490 792 697
480 2 2 1 1 688 722 708
481 2 2 1 1 339 991 909
482 2 2 1 1 556 772 552
483 2 2 1 1 506 518 508
484 2 2 1 1 653 843 652
485 2 2 1 1 624 625 483
486 2 2 1 1 735 736 458
487 2 2 1 1 646 709 693
488 2 2 1 1 356 357 355
489 2 2 1 1 358 360 359
490 2 2 1 1 389 796 394
491 2 2 1 1 135 706 136
492 2 2 1 1 612 690 557
493 2 2 1 1 550 552 551
494 2 2 1 1 766 1027 765
495 2 2 1 1 361 369 368
496 2 2 1 1 463 765 471
497 2 2 1 1 369 375 374
498 2 2 1 1 503 505 504
499 2 2 1 1 375 391 389
500 2 2 1 1 559 845 413
501 2 2 1 1 430 813 436
502 2 2 1 1 743 745 744
503 2 2 1 1 530 531 528
504 2 2 1 1 422 777 424
505 2 2 1 1 510 822 568
506 2 2 1 1 476 479 478
507 2 2 1 1 358 361 360
508 2 2 1 1 501 503 502
509 2 2 1 1 481 743 595
510 2 2 1 1 499 501 500
511 2 2 1 1 373 804 378
512 2 2 1 1 347 349 348
513 2 2 1 1 446 899 403
514 2 2 1 1 493 679 561
515 2 2 1 1 574 788 572
516 2 2 1 1 479 499 480
517 2 2 1 1 580 652 516
518 2 2 1 1 401 742 454
519 2 2 1 1 791 1043 574
520 2 2 1 1 490 697 421
521 2 2 1 1 450 585 452
522 2 2 1 1 105 823 292
523 2 2 1 1 363 820 591
524 2 2 1 1 349 351 350
525 2 2 1 1 356 837 358
526 2 2 1 1 565 680 564
527 2 2 1 1 654 1028 655
528 2 2 1 1 287 874 142
529 2 2 1 1 454 786 399
530 2 2 1 1 583 638 542
531 2 2 1 1 744 797 595
532 2 2 1 1 136 706 300
533 2 2 1 1 300 714 137
534 2 2 1 1 288 842 159
535 2 2 1 1 281 930 752
536 2 2 1 1 295 753 163
537 2 2 1 1 351 353 352
538 2 2 1 1 617 859 821
539 2 2 1 1 587 813 430
540 2 2 1 1 439 767 450
541 2 2 1 1 389 394 390
542 2 2 1 1 535 634 633
543 2 2 1 1 812 857 641
544 2 2 1 1 444 447 443
545 2 2 1 1 806 1043 791
546 2 2 1 1 731 1031 730
547 2 2 1 1 720 721 718
548 2 2 1 1 327 1000 966
549 2 2 1 1 413 845 411
550 2 2 1 1 641 642 541
551 2 2 1 1 887 931 785
552 2 2 1 1 623 624 483
553 2 2 1 1 101 328 102
554 2 2 1 1 407 821 406
555 2 2 1 1 355 820 354
556 2 2 1 1 544 708 521
557 2 2 1 1 168 308 169
558 2 2 1 1 133 309 134
559 2 2 1 1 131 321 132
560 2 2 1 1 358 359 357
561 2 2 1 1 141 287 142
562 2 2 1 1 134 712 135
563 2 2 1 1 133 864 309
564 2 2 1 1 540 720 718
565 2 2 1 1 895 929 795
566 2 2 1 1 144 302 145
567 2 2 1 1 165 301 166
568 2 2 1 1 160 319 161
569 2 2 1 1 604 854 650
570 2 2 1 1 129 323 130
571 2 2 1 1 170 926 171
572 2 2 1 1 158 288 159
573 2 2 1 1 136 300 137
574 2 2 1 1 771 773 772
575 2 2 1 1 353 355 354
576 2 2 1 1 127 330 128
577 2 2 1 1 361 837 409
578 2 2 1 1 305 802 119
579 2 2 1 1 138 317 139
580 2 2 1 1 299 801 117
581 2 2 1 1 737 945 741
582 2 2 1 1 171 310 172
583 2 2 1 1 610 639 547
584 2 2 1 1 347 348 346
585 2 2 1 1 162 295 163
586 2 2 1 1 483 732 456
587 2 2 1 1 834 999 321
588 2 2 1 1 698 764 586
589 2 2 1 1 686 687 681
590 2 2 1 1 155 306 156
591 2 2 1 1 644 774 643
592 2 2 1 1 173 324 174
593 2 2 1 1 394 396 395
594 2 2 1 1 421 697 419
595 2 2 1 1 472 474 473
596 2 2 1 1 754 946 753
597 2 2 1 1 147 285 148
598 2 2 1 1 528 792 490
599 2 2 1 1 530 532 531
600 2 2 1 1 107 726 725
601 2 2 1 1 456 494 457
602 2 2 1 1 383 408 386
603 2 2 1 1 522 619 523
604 2 2 1 1 590 689 586
605 2 2 1 1 332 333 331
606 2 2 1 1 464 863 390
607 2 2 1 1 803 846 788
608 2 2 1 1 383 790 408
609 2 2 1 1 710 711 682
610 2 2 1 1 481 594 482
611 2 2 1 1 550 871 553
612 2 2 1 1 440 919 380
613 2 2 1 1 762 763 562
614 2 2 1 1 152 293 153
615 2 2 1 1 414 889 599
616 2 2 1 1 494 522 495
617 2 2 1 1 780 968 436
618 2 2 1 1 442 443 441
619 2 2 1 1 149 327 150
620 2 2 1 1 546 710 565
621 2 2 1 1 360 795 370
622 2 2 1 1 612 691 690
623 2 2 1 1 610 702 694
624 2 2 1 1 408 631 425
625 2 2 1 1 568 570 569
626 2 2 1 1 389 390 374
627 2 2 1 1 577 853 468
628 2 2 1 1 448 664 438
629 2 2 1 1 756 933 614
630 2 2 1 1 636 701 637
631 2 2 1 1 580 653 652
632 2 2 1 1 707 921 310
633 2 2 1 1 368 795 360
634 2 2 1 1 354 820 363
635 2 2 1 1 878 932 293
636 2 2 1 1 795 929 370
637 2 2 1 1 854 855 668
638 2 2 1 1 475 822 510
639 2 2 1 1 104 316 103
640 2 2 1 1 1004 1038 901
641 2 2 1 1 583 872 704
642 2 2 1 1 106 297 105
643 2 2 1 1 570 572 571
644 2 2 1 1 463 470 469
645 2 2 1 1 312 775 332
646 2 2 1 1 363 591 366
647 2 2 1 1 360 370 359
648 2 2 1 1 109 284 108
649 2 2 1 1 410 623 483
650 2 2 1 1 398 399 391
651 2 2 1 1 103 315 104
652 2 2 1 1 111 313 110
653 2 2 1 1 510 568 567
654 2 2 1 1 414 599 417
655 2 2 1 1 524 586 505
656 2 2 1 1 123 320 122
657 2 2 1 1 116 294 115
658 2 2 1 1 913 920 601
659 2 2 1 1 120 305 119
660 2 2 1 1 646 693 582
661 2 2 1 1 118 299 117
662 2 2 1 1 447 583 542
663 2 2 1 1 105 292 106
664 2 2 1 1 115 779 114
665 2 2 1 1 827 1001 283
666 2 2 1 1 433 648 437
667 2 2 1 1 332 336 334
668 2 2 1 1 625 732 483
669 2 2 1 1 405 441 404
670 2 2 1 1 720 1021 721
671 2 2 1 1 125 329 124
672 2 2 1 1 746 930 922
673 2 2 1 1 624 787 644
674 2 2 1 1 388 759 349
675 2 2 1 1 107 314 108
676 2 2 1 1 122 700 121
677 2 2 1 1 599 601 600
678 2 2 1 1 468 853 416
679 2 2 1 1 109 283 110
680 2 2 1 1 329 829 828
681 2 2 1 1 833 999 834
682 2 2 1 1 621 949 620
683 2 2 1 1 110 776 111
684 2 2 1 1 373 378 377
685 2 2 1 1 112 312 113
686 2 2 1 1 631 677 632
687 2 2 1 1 111 805 112
688 2 2 1 1 115 807 116
689 2 2 1 1 336 338 337
690 2 2 1 1 725 726 723
691 2 2 1 1 116 298 117
692 2 2 1 1 117 809 118
693 2 2 1 1 121 311 122
694 2 2 1 1 340 342 341
695 2 2 1 1 118 304 119
696 2 2 1 1 122 810 123
697 2 2 1 1 123 325 124
698 2 2 1 1 819 902 498
699 2 2 1 1 915 987 288
700 2 2 1 1 532 716 535
701 2 2 1 1 572 607 573
702 2 2 1 1 472 852 476
703 2 2 1 1 461 463 462
704 2 2 1 1 400 401 399
705 2 2 1 1 624 644 643
706 2 2 1 1 553 554 552
707 2 2 1 1 549 550 539
708 2 2 1 1 364 851 422
709 2 2 1 1 583 703 638
710 2 2 1 1 338 340 339
711 2 2 1 1 562 759 388
712 2 2 1 1 283 776 110
713 2 2 1 1 403 404 401
714 2 2 1 1 394 395 390
715 2 2 1 1 538 539 537
716 2 2 1 1 575 783 782
717 2 2 1 1 701 748 747
718 2 2 1 1 447 872 583
719 2 2 1 1 160 842 319
720 2 2 1 1 776 805 111
721 2 2 1 1 716 717 634
722 2 2 1 1 112 805 312
723 2 2 1 1 351 352 350
724 2 2 1 1 771 772 556
725 2 2 1 1 344 367 341
726 2 2 1 1 349 350 348
727 2 2 1 1 456 457 396
728 2 2 1 1 536 537 534
729 2 2 1 1 623 787 624
730 2 2 1 1 408 790 696
731 2 2 1 1 116 807 298
732 2 2 1 1 102 784 103
733 2 2 1 1 643 868 625
734 2 2 1 1 298 809 117
735 2 2 1 1 727 728 317
736 2 2 1 1 601 605 602
737 2 2 1 1 429 880 427
738 2 2 1 1 118 809 304
739 2 2 1 1 395 816 465
740 2 2 1 1 467 496 488
741 2 2 1 1 726 883 723
742 2 2 1 1 353 354 352
743 2 2 1 1 607 609 608
744 2 2 1 1 543 1023 819
745 2 2 1 1 555 557 554
746 2 2 1 1 311 810 122
747 2 2 1 1 123 810 325
748 2 2 1 1 424 428 427
749 2 2 1 1 744 922 797
750 2 2 1 1 428 430 429
751 2 2 1 1 833 834 323
752 2 2 1 1 436 648 431
753 2 2 1 1 705 994 687
754 2 2 1 1 590 780 689
755 2 2 1 1 533 534 532
756 2 2 1 1 816 817 465
757 2 2 1 1 408 425 386
758 2 2 1 1 718 800 719
759 2 2 1 1 481 482 477
760 2 2 1 1 406 821 820
761 2 2 1 1 442 444 443
762 2 2 1 1 690 962 769
763 2 2 1 1 565 710 682
764 2 2 1 1 558 612 557
765 2 2 1 1 636 637 507
766 2 2 1 1 472 473 470
767 2 2 1 1 545 610 547
768 2 2 1 1 818 858 622
769 2 2 1 1 384 889 387
770 2 2 1 1 379 383 382
771 2 2 1 1 465 817 467
772 2 2 1 1 908 921 707
773 2 2 1 1 494 495 457
774 2 2 1 1 375 398 391
775 2 2 1 1 452 461 460
776 2 2 1 1 600 894 417
777 2 2 1 1 361 409 369
778 2 2 1 1 799 941 587
779 2 2 1 1 545 835 610
780 2 2 1 1 522 523 495
781 2 2 1 1 713 1048 1032
782 2 2 1 1 171 926 310
783 2 2 1 1 807 808 298
784 2 2 1 1 311 830 810
785 2 2 1 1 650 854 668
786 2 2 1 1 474 475 473
787 2 2 1 1 543 835 545
788 2 2 1 1 810 811 325
789 2 2 1 1 448 665 664
790 2 2 1 1 486 559 413
791 2 2 1 1 633 918 646
792 2 2 1 1 721 800 718
793 2 2 1 1 104 823 105
794 2 2 1 1 431 648 433
795 2 2 1 1 107 725 106
796 2 2 1 1 560 672 559
797 2 2 1 1 357 406 355
798 2 2 1 1 664 880 438
799 2 2 1 1 330 1025 695
800 2 2 1 1 114 286 113
801 2 2 1 1 392 873 412
802 2 2 1 1 121 699 120
803 2 2 1 1 865 897 593
804 2 2 1 1 650 667 660
805 2 2 1 1 142 874 143
806 2 2 1 1 594 654 596
807 2 2 1 1 159 842 160
808 2 2 1 1 889 913 599
809 2 2 1 1 591 804 366
810 2 2 1 1 578 906 571
811 2 2 1 1 597 654 594
812 2 2 1 1 905 959 308
813 2 2 1 1 529 530 528
814 2 2 1 1 383 386 384
815 2 2 1 1 631 632 425
816 2 2 1 1 594 596 482
817 2 2 1 1 599 600 417
818 2 2 1 1 604 650 649
819 2 2 1 1 568 569 567
820 2 2 1 1 386 889 384
821 2 2 1 1 387 889 414
822 2 2 1 1 654 655 596
823 2 2 1 1 524 590 586
824 2 2 1 1 943 1019 659
825 2 2 1 1 570 571 569
826 2 2 1 1 321 864 132
827 2 2 1 1 419 697 440
828 2 2 1 1 680 688 564
829 2 2 1 1 132 864 133
830 2 2 1 1 405 442 441
831 2 2 1 1 518 651 520
832 2 2 1 1 701 747 637
833 2 2 1 1 368 863 795
834 2 2 1 1 632 953 856
835 2 2 1 1 527 528 490
836 2 2 1 1 157 1005 916
837 2 2 1 1 378 379 377
838 2 2 1 1 124 695 125
839 2 2 1 1 386 913 889
840 2 2 1 1 871 910 553
841 2 2 1 1 406 820 355
842 2 2 1 1 503 524 505
843 2 2 1 1 364 422 407
844 2 2 1 1 283 798 776
845 2 2 1 1 713 1032 910
846 2 2 1 1 810 830 811
847 2 2 1 1 550 553 552
848 2 2 1 1 579 580 516
849 2 2 1 1 91 881 90
850 2 2 1 1 451 870 453
851 2 2 1 1 100 326 99
852 2 2 1 1 914 973 335
853 2 2 1 1 396 816 395
854 2 2 1 1 80 887 79
855 2 2 1 1 572 573 571
856 2 2 1 1 398 400 399
857 2 2 1 1 419 440 380
858 2 2 1 1 387 414 393
859 2 2 1 1 516 793 492
860 2 2 1 1 93 890 92
861 2 2 1 1 501 849 503
862 2 2 1 1 106 825 107
863 2 2 1 1 381 867 862
864 2 2 1 1 463 469 462
865 2 2 1 1 359 364 357
866 2 2 1 1 390 863 374
867 2 2 1 1 593 897 486
868 2 2 1 1 664 912 880
869 2 2 1 1 857 944 641
870 2 2 1 1 922 930 281
871 2 2 1 1 703 939 638
872 2 2 1 1 302 925 145
873 2 2 1 1 489 490 421
874 2 2 1 1 499 670 501
875 2 2 1 1 336 337 334
876 2 2 1 1 696 1035 631
877 2 2 1 1 663 1004 901
878 2 2 1 1 601 602 600
879 2 2 1 1 95 892 94
880 2 2 1 1 492 793 491
881 2 2 1 1 479 584 499
882 2 2 1 1 607 608 573
883 2 2 1 1 671 850 670
884 2 2 1 1 97 885 96
885 2 2 1 1 332 334 333
886 2 2 1 1 535 716 634
887 2 2 1 1 576 577 468
888 2 2 1 1 366 804 373
889 2 2 1 1 330 1003 832
890 2 2 1 1 403 405 404
891 2 2 1 1 588 895 466
892 2 2 1 1 328 785 784
893 2 2 1 1 571 906 569
894 2 2 1 1 400 403 401
895 2 2 1 1 588 929 895
896 2 2 1 1 398 841 400
897 2 2 1 1 538 549 539
898 2 2 1 1 491 872 444
899 2 2 1 1 476 852 479
900 2 2 1 1 503 849 524
901 2 2 1 1 338 339 337
902 2 2 1 1 340 341 339
903 2 2 1 1 655 806 596
904 2 2 1 1 515 516 492
905 2 2 1 1 364 406 357
906 2 2 1 1 445 491 444
907 2 2 1 1 536 538 537
908 2 2 1 1 785 939 784
909 2 2 1 1 414 417 415
910 2 2 1 1 553 555 554
911 2 2 1 1 830 831 811
912 2 2 1 1 434 767 439
913 2 2 1 1 530 533 532
914 2 2 1 1 609 656 608
915 2 2 1 1 310 936 707
916 2 2 1 1 461 462 460
917 2 2 1 1 425 913 386
918 2 2 1 1 383 384 382
919 2 2 1 1 90 282 89
920 2 2 1 1 428 429 427
921 2 2 1 1 88 318 87
922 2 2 1 1 533 536 534
923 2 2 1 1 455 526 525
924 2 2 1 1 670 849 501
925 2 2 1 1 555 558 557
926 2 2 1 1 108 827 109
927 2 2 1 1 106 725 297
928 2 2 1 1 422 424 423
929 2 2 1 1 395 465 464
930 2 2 1 1 92 290 91
931 2 2 1 1 489 731 548
932 2 2 1 1 315 823 104
933 2 2 1 1 855 1009 668
934 2 2 1 1 840 841 398
935 2 2 1 1 495 858 457
936 2 2 1 1 620 949 940
937 2 2 1 1 354 363 362
938 2 2 1 1 329 828 124
939 2 2 1 1 86 291 85
940 2 2 1 1 98 307 97
941 2 2 1 1 81 322 80
942 2 2 1 1 120 699 305
943 2 2 1 1 584 670 499
944 2 2 1 1 770 844 771
945 2 2 1 1 470 907 469
946 2 2 1 1 114 779 286
947 2 2 1 1 816 858 817
948 2 2 1 1 418 615 420
949 2 2 1 1 862 867 615
950 2 2 1 1 457 858 816
951 2 2 1 1 484 731 489
952 2 2 1 1 564 708 544
953 2 2 1 1 392 411 385
954 2 2 1 1 121 700 699
955 2 2 1 1 363 366 365
956 2 2 1 1 502 751 513
957 2 2 1 1 761 899 446
958 2 2 1 1 704 985 703
959 2 2 1 1 486 560 559
960 2 2 1 1 94 296 93
961 2 2 1 1 290 881 91
962 2 2 1 1 313 752 749
963 2 2 1 1 580 683 653
964 2 2 1 1 281 752 112
965 2 2 1 1 366 373 372
966 2 2 1 1 607 846 609
967 2 2 1 1 584 671 670
968 2 2 1 1 83 303 82
969 2 2 1 1 526 647 592
970 2 2 1 1 96 289 95
971 2 2 1 1 373 377 376
972 2 2 1 1 464 895 863
973 2 2 1 1 395 464 390
974 2 2 1 1 322 887 80
975 2 2 1 1 444 872 447
976 2 2 1 1 479 852 584
977 2 2 1 1 523 694 622
978 2 2 1 1 905 906 578
979 2 2 1 1 364 407 406
980 2 2 1 1 645 984 345
981 2 2 1 1 924 1035 696
982 2 2 1 1 626 635 627
983 2 2 1 1 485 626 593
984 2 2 1 1 583 704 703
985 2 2 1 1 123 828 320
986 2 2 1 1 820 821 591
987 2 2 1 1 809 962 304
988 2 2 1 1 409 840 369
989 2 2 1 1 650 660 649
990 2 2 1 1 325 695 124
991 2 2 1 1 821 859 591
992 2 2 1 1 606 620 603
993 2 2 1 1 425 920 913
994 2 2 1 1 414 415 393
995 2 2 1 1 873 935 412
996 2 2 1 1 560 673 672
997 2 2 1 1 296 890 93
998 2 2 1 1 422 423 407
999 2 2 1 1 439 448 438
1000 2 2 1 1 379 382 381
1001 2 2 1 1 475 510 509
1002 2 2 1 1 646 978 709
1003 2 2 1 1 308 1020 783
1004 2 2 1 1 466 895 464
1005 2 2 1 1 313 749 747
1006 2 2 1 1 457 816 396
1007 2 2 1 1 451 453 449
1008 2 2 1 1 497 861 488
1009 2 2 1 1 307 885 97
1010 2 2 1 1 417 900 415
1011 2 2 1 1 576 661 577
1012 2 2 1 1 412 413 411
1013 2 2 1 1 434 438 432
1014 2 2 1 1 527 529 528
1015 2 2 1 1 711 970 682
1016 2 2 1 1 628 629 459
1017 2 2 1 1 375 840 398
1018 2 2 1 1 510 567 566
1019 2 2 1 1 465 467 466
1020 2 2 1 1 415 900 455
1021 2 2 1 1 292 826 825
1022 2 2 1 1 424 427 426
1023 2 2 1 1 344 678 367
1024 2 2 1 1 370 929 799
1025 2 2 1 1 459 870 451
1026 2 2 1 1 289 892 95
1027 2 2 1 1 937 960 672
1028 2 2 1 1 894 900 417
1029 2 2 1 1 426 511 423
1030 2 2 1 1 348 371 346
1031 2 2 1 1 489 527 490
1032 2 2 1 1 722 723 581
1033 2 2 1 1 455 900 526
1034 2 2 1 1 423 617 407
1035 2 2 1 1 487 588 466
1036 2 2 1 1 384 387 385
1037 2 2 1 1 749 750 747
1038 2 2 1 1 915 1040 916
1039 2 2 1 1 576 662 661
1040 2 2 1 1 415 416 393
1041 2 2 1 1 776 836 805
1042 2 2 1 1 308 983 905
1043 2 2 1 1 634 1015 633
1044 2 2 1 1 526 592 525
1045 2 2 1 1 387 393 392
1046 2 2 1 1 384 385 382
1047 2 2 1 1 354 362 352
1048 2 2 1 1 379 381 377
1049 2 2 1 1 632 920 425
1050 2 2 1 1 442 445 444
1051 2 2 1 1 612 778 691
1052 2 2 1 1 515 579 516
1053 2 2 1 1 485 486 413
1054 2 2 1 1 904 905 578
1055 2 2 1 1 455 468 416
1056 2 2 1 1 656 658 657
1057 2 2 1 1 525 576 468
1058 2 2 1 1 688 708 564
1059 2 2 1 1 940 949 647
1060 2 2 1 1 880 912 427
1061 2 2 1 1 523 622 495
1062 2 2 1 1 174 927 175
1063 2 2 1 1 392 412 411
1064 2 2 1 1 467 488 487
1065 2 2 1 1 627 865 593
1066 2 2 1 1 415 455 416
1067 2 2 1 1 424 426 423
1068 2 2 1 1 445 492 491
1069 2 2 1 1 387 392 385
1070 2 2 1 1 630 675 549
1071 2 2 1 1 455 525 468
1072 2 2 1 1 602 604 603
1073 2 2 1 1 843 1036 794
1074 2 2 1 1 465 466 464
1075 2 2 1 1 668 996 667
1076 2 2 1 1 773 1021 772
1077 2 2 1 1 647 666 592
1078 2 2 1 1 656 657 608
1079 2 2 1 1 789 1002 803
1080 2 2 1 1 488 861 589
1081 2 2 1 1 549 871 550
1082 2 2 1 1 1032 1048 309
1083 2 2 1 1 400 841 446
1084 2 2 1 1 832 997 330
1085 2 2 1 1 292 825 106
1086 2 2 1 1 635 685 627
1087 2 2 1 1 563 611 558
1088 2 2 1 1 626 627 593
1089 2 2 1 1 596 598 482
1090 2 2 1 1 328 784 102
1091 2 2 1 1 475 509 473
1092 2 2 1 1 524 669 590
1093 2 2 1 1 602 603 600
1094 2 2 1 1 573 578 571
1095 2 2 1 1 784 939 315
1096 2 2 1 1 373 376 372
1097 2 2 1 1 498 902 497
1098 2 2 1 1 363 365 362
1099 2 2 1 1 366 372 365
1100 2 2 1 1 302 1044 876
1101 2 2 1 1 412 485 413
1102 2 2 1 1 405 898 442
1103 2 2 1 1 426 512 511
1104 2 2 1 1 566 614 509
1105 2 2 1 1 884 970 307
1106 2 2 1 1 376 380 372
1107 2 2 1 1 469 517 462
1108 2 2 1 1 723 724 581
1109 2 2 1 1 452 460 459
1110 2 2 1 1 606 621 620
1111 2 2 1 1 311 982 778
1112 2 2 1 1 617 821 407
1113 2 2 1 1 604 649 606
1114 2 2 1 1 845 867 866
1115 2 2 1 1 90 881 282
1116 2 2 1 1 439 450 449
1117 2 2 1 1 903 904 578
1118 2 2 1 1 666 989 980
1119 2 2 1 1 400 446 403
1120 2 2 1 1 555 563 558
1121 2 2 1 1 450 452 451
1122 2 2 1 1 285 957 956
1123 2 2 1 1 511 617 423
1124 2 2 1 1 365 613 362
1125 2 2 1 1 658 707 657
1126 2 2 1 1 533 663 536
1127 2 2 1 1 485 593 486
1128 2 2 1 1 431 433 432
1129 2 2 1 1 538 630 549
1130 2 2 1 1 560 674 673
1131 2 2 1 1 418 862 615
1132 2 2 1 1 337 397 334
1133 2 2 1 1 628 684 629
1134 2 2 1 1 674 875 673
1135 2 2 1 1 966 1016 151
1136 2 2 1 1 467 487 466
1137 2 2 1 1 445 514 492
1138 2 2 1 1 439 449 448
1139 2 2 1 1 418 419 380
1140 2 2 1 1 584 815 671
1141 2 2 1 1 510 566 509
1142 2 2 1 1 487 814 588
1143 2 2 1 1 489 548 527
1144 2 2 1 1 567 575 566
1145 2 2 1 1 596 806 598
1146 2 2 1 1 434 439 438
1147 2 2 1 1 899 1057 898
1148 2 2 1 1 604 606 603
1149 2 2 1 1 573 903 578
1150 2 2 1 1 584 852 815
1151 2 2 1 1 431 432 429
1152 2 2 1 1 92 890 290
1153 2 2 1 1 420 421 419
1154 2 2 1 1 435 950 766
1155 2 2 1 1 298 844 809
1156 2 2 1 1 280 1056 331
1157 2 2 1 1 473 907 470
1158 2 2 1 1 484 489 421
1159 2 2 1 1 369 840 375
1160 2 2 1 1 670 850 849
1161 2 2 1 1 808 1053 335
1162 2 2 1 1 376 418 380
1163 2 2 1 1 436 968 648
1164 2 2 1 1 613 1018 709
1165 2 2 1 1 477 847 474
1166 2 2 1 1 709 928 613
1167 2 2 1 1 460 628 459
1168 2 2 1 1 514 515 492
1169 2 2 1 1 488 589 487
1170 2 2 1 1 374 863 368
1171 2 2 1 1 418 420 419
1172 2 2 1 1 906 923 569
1173 2 2 1 1 420 484 421
1174 2 2 1 1 452 459 451
1175 2 2 1 1 432 880 429
1176 2 2 1 1 618 859 617
1177 2 2 1 1 853 935 873
1178 2 2 1 1 324 927 174
1179 2 2 1 1 450 451 449
1180 2 2 1 1 511 618 617
1181 2 2 1 1 120 982 121
1182 2 2 1 1 96 885 289
1183 2 2 1 1 433 434 432
1184 2 2 1 1 94 892 296
1185 2 2 1 1 310 921 172
1186 2 2 1 1 524 849 669
1187 2 2 1 1 935 947 626
1188 2 2 1 1 377 862 376
1189 2 2 1 1 381 862 377
1190 2 2 1 1 629 870 459
1191 2 2 1 1 442 898 445
1192 2 2 1 1 603 894 600
1193 2 2 1 1 352 911 350
1194 2 2 1 1 863 895 795
1195 2 2 1 1 866 867 381
1196 2 2 1 1 359 851 364
1197 2 2 1 1 145 925 146
1198 2 2 1 1 318 992 774
1199 2 2 1 1 314 827 108
1200 2 2 1 1 819 835 543
1201 2 2 1 1 661 1000 957
1202 2 2 1 1 343 645 345
1203 2 2 1 1 668 1009 996
1204 2 2 1 1 292 985 826
1205 2 2 1 1 345 984 493
1206 2 2 1 1 124 828 123
1207 2 2 1 1 362 911 352
1208 2 2 1 1 486 897 560
1209 2 2 1 1 308 959 169
1210 2 2 1 1 305 803 802
1211 2 2 1 1 569 923 567
1212 2 2 1 1 445 898 514
1213 2 2 1 1 746 922 744
1214 2 2 1 1 119 954 120
1215 2 2 1 1 509 907 473
1216 2 2 1 1 768 961 402
1217 2 2 1 1 885 886 289
1218 2 2 1 1 335 972 808
1219 2 2 1 1 131 834 321
1220 2 2 1 1 613 911 362
1221 2 2 1 1 523 943 694
1222 2 2 1 1 892 893 296
1223 2 2 1 1 589 814 487
1224 2 2 1 1 622 858 495
1225 2 2 1 1 316 994 103
1226 2 2 1 1 376 862 418
1227 2 2 1 1 684 869 629
1228 2 2 1 1 853 873 416
1229 2 2 1 1 81 888 322
1230 2 2 1 1 282 879 89
1231 2 2 1 1 915 916 621
1232 2 2 1 1 88 879 318
1233 2 2 1 1 608 903 573
1234 2 2 1 1 614 907 509
1235 2 2 1 1 288 987 842
1236 2 2 1 1 626 947 635
1237 2 2 1 1 849 850 669
1238 2 2 1 1 643 992 868
1239 2 2 1 1 699 846 305
1240 2 2 1 1 303 888 82
1241 2 2 1 1 900 940 526
1242 2 2 1 1 804 896 378
1243 2 2 1 1 427 912 426
1244 2 2 1 1 287 875 874
1245 2 2 1 1 576 877 662
1246 2 2 1 1 170 959 926
1247 2 2 1 1 411 866 385
1248 2 2 1 1 789 803 788
1249 2 2 1 1 426 912 512
1250 2 2 1 1 730 875 287
1251 2 2 1 1 511 924 618
1252 2 2 1 1 393 873 392
1253 2 2 1 1 157 1040 158
1254 2 2 1 1 382 866 381
1255 2 2 1 1 350 917 348
1256 2 2 1 1 285 956 148
1257 2 2 1 1 798 836 776
1258 2 2 1 1 348 917 371
1259 2 2 1 1 485 935 626
1260 2 2 1 1 591 859 804
1261 2 2 1 1 82 888 81
1262 2 2 1 1 663 901 536
1263 2 2 1 1 84 945 83
1264 2 2 1 1 868 1008 733
1265 2 2 1 1 538 901 630
1266 2 2 1 1 370 851 359
1267 2 2 1 1 903 936 904
1268 2 2 1 1 592 877 525
1269 2 2 1 1 536 901 538
1270 2 2 1 1 907 933 469
1271 2 2 1 1 144 1044 302
1272 2 2 1 1 559 960 845
1273 2 2 1 1 318 882 87
1274 2 2 1 1 529 951 530
1275 2 2 1 1 520 1023 543
1276 2 2 1 1 911 917 350
1277 2 2 1 1 555 910 563
1278 2 2 1 1 98 884 307
1279 2 2 1 1 612 848 778
1280 2 2 1 1 86 882 291
1281 2 2 1 1 687 1026 681
1282 2 2 1 1 337 909 397
1283 2 2 1 1 553 910 555
1284 2 2 1 1 438 880 432
1285 2 2 1 1 339 909 337
1286 2 2 1 1 168 1020 308
1287 2 2 1 1 620 894 603
1288 2 2 1 1 677 953 632
1289 2 2 1 1 380 919 372
1290 2 2 1 1 614 933 907
1291 2 2 1 1 803 1002 802
1292 2 2 1 1 980 989 306
1293 2 2 1 1 529 1034 727
1294 2 2 1 1 592 878 877
1295 2 2 1 1 89 879 88
1296 2 2 1 1 324 921 908
1297 2 2 1 1 460 938 628
1298 2 2 1 1 905 983 906
1299 2 2 1 1 611 848 558
1300 2 2 1 1 598 847 482
1301 2 2 1 1 675 871 549
1302 2 2 1 1 808 844 298
1303 2 2 1 1 687 1011 705
1304 2 2 1 1 326 884 99
1305 2 2 1 1 517 938 462
1306 2 2 1 1 365 919 613
1307 2 2 1 1 579 967 580
1308 2 2 1 1 783 1020 782
1309 2 2 1 1 1038 1051 630
1310 2 2 1 1 667 996 869
1311 2 2 1 1 814 986 813
1312 2 2 1 1 606 915 621
1313 2 2 1 1 831 832 811
1314 2 2 1 1 334 914 333
1315 2 2 1 1 172 921 173
1316 2 2 1 1 335 1053 280
1317 2 2 1 1 420 937 484
1318 2 2 1 1 575 923 783
1319 2 2 1 1 657 903 608
1320 2 2 1 1 853 947 935
1321 2 2 1 1 948 949 621
1322 2 2 1 1 322 931 887
1323 2 2 1 1 757 1049 684
1324 2 2 1 1 102 994 705
1325 2 2 1 1 525 877 576
1326 2 2 1 1 469 933 517
1327 2 2 1 1 482 847 477
1328 2 2 1 1 512 924 511
1329 2 2 1 1 515 934 579
1330 2 2 1 1 778 982 691
1331 2 2 1 1 753 946 755
1332 2 2 1 1 293 965 878
1333 2 2 1 1 955 963 774
1334 2 2 1 1 739 955 740
1335 2 2 1 1 762 1012 763
1336 2 2 1 1 775 836 768
1337 2 2 1 1 435 767 434
1338 2 2 1 1 173 921 324
1339 2 2 1 1 798 1001 683
1340 2 2 1 1 453 1022 449
1341 2 2 1 1 893 974 659
1342 2 2 1 1 346 1050 344
1343 2 2 1 1 533 951 663
1344 2 2 1 1 878 965 877
1345 2 2 1 1 673 993 672
1346 2 2 1 1 909 991 719
1347 2 2 1 1 306 1005 156
1348 2 2 1 1 860 1022 453
1349 2 2 1 1 619 943 523
1350 2 2 1 1 567 923 575
1351 2 2 1 1 372 919 365
1352 2 2 1 1 805 836 775
1353 2 2 1 1 669 968 590
1354 2 2 1 1 437 1030 850
1355 2 2 1 1 99 884 98
1356 2 2 1 1 875 1031 673
1357 2 2 1 1 87 882 86
1358 2 2 1 1 678 1015 367
1359 2 2 1 1 728 969 729
1360 2 2 1 1 323 834 130
1361 2 2 1 1 560 897 674
1362 2 2 1 1 319 1049 757
1363 2 2 1 1 893 942 296
1364 2 2 1 1 462 938 460
1365 2 2 1 1 323 997 832
1366 2 2 1 1 305 846 803
1367 2 2 1 1 416 873 393
1368 2 2 1 1 958 1014 320
1369 2 2 1 1 876 1044 874
1370 2 2 1 1 887 971 79
1371 2 2 1 1 649 915 606
1372 2 2 1 1 911 928 917
1373 2 2 1 1 966 1000 662
1374 2 2 1 1 712 1051 706
1375 2 2 1 1 129 997 323
1376 2 2 1 1 937 993 484
1377 2 2 1 1 385 866 382
1378 2 2 1 1 831 976 833
1379 2 2 1 1 512 1035 924
1380 2 2 1 1 641 944 642
1381 2 2 1 1 610 835 702
1382 2 2 1 1 615 937 420
1383 2 2 1 1 769 962 770
1384 2 2 1 1 325 1003 695
1385 2 2 1 1 947 964 635
1386 2 2 1 1 658 908 707
1387 2 2 1 1 558 848 612
1388 2 2 1 1 148 956 149
1389 2 2 1 1 689 861 698
1390 2 2 1 1 879 992 318
1391 2 2 1 1 772 1021 551
1392 2 2 1 1 111 752 313
1393 2 2 1 1 657 936 903
1394 2 2 1 1 613 928 911
1395 2 2 1 1 829 958 828
1396 2 2 1 1 114 1056 115
1397 2 2 1 1 826 1036 825
1398 2 2 1 1 154 980 155
1399 2 2 1 1 746 1055 930
1400 2 2 1 1 296 942 890
1401 2 2 1 1 826 839 794
1402 2 2 1 1 719 991 838
1403 2 2 1 1 312 805 775
1404 2 2 1 1 147 981 285
1405 2 2 1 1 892 974 893
1406 2 2 1 1 869 996 629
1407 2 2 1 1 783 983 308
1408 2 2 1 1 679 1007 692
1409 2 2 1 1 644 955 774
1410 2 2 1 1 948 989 949
1411 2 2 1 1 437 950 435
1412 2 2 1 1 661 964 577
1413 2 2 1 1 685 1029 627
1414 2 2 1 1 412 935 485
1415 2 2 1 1 998 1049 319
1416 2 2 1 1 330 997 128
1417 2 2 1 1 864 1032 309
1418 2 2 1 1 706 1051 1038
1419 2 2 1 1 867 960 615
1420 2 2 1 1 448 1022 665
1421 2 2 1 1 672 993 937
1422 2 2 1 1 707 936 657
1423 2 2 1 1 326 988 705
1424 2 2 1 1 577 964 947
1425 2 2 1 1 682 970 686
1426 2 2 1 1 730 1031 875
1427 2 2 1 1 684 1049 869
1428 2 2 1 1 367 1015 838
1429 2 2 1 1 589 986 814
1430 2 2 1 1 886 974 289
1431 2 2 1 1 322 888 857
1432 2 2 1 1 100 988 326
1433 2 2 1 1 666 878 592
1434 2 2 1 1 771 972 773
1435 2 2 1 1 321 952 864
1436 2 2 1 1 747 748 313
1437 2 2 1 1 709 978 928
1438 2 2 1 1 169 959 170
1439 2 2 1 1 577 947 853
1440 2 2 1 1 127 1025 330
1441 2 2 1 1 828 958 320
1442 2 2 1 1 965 966 662
1443 2 2 1 1 530 951 533
1444 2 2 1 1 833 976 611
1445 2 2 1 1 579 1024 967
1446 2 2 1 1 397 914 334
1447 2 2 1 1 692 1057 899
1448 2 2 1 1 874 1044 143
1449 2 2 1 1 304 954 119
1450 2 2 1 1 969 1034 548
1451 2 2 1 1 738 1017 739
1452 2 2 1 1 916 948 621
1453 2 2 1 1 527 1034 529
1454 2 2 1 1 737 1054 945
1455 2 2 1 1 925 1029 685
1456 2 2 1 1 611 999 833
1457 2 2 1 1 83 945 303
1458 2 2 1 1 314 843 827
1459 2 2 1 1 155 980 306
1460 2 2 1 1 885 1046 886
1461 2 2 1 1 832 1003 811
1462 2 2 1 1 840 1012 841
1463 2 2 1 1 1 988 100
1464 2 2 1 1 149 956 327
1465 2 2 1 1 313 748 110
1466 2 2 1 1 101 988 1
1467 2 2 1 1 683 1001 653
1468 2 2 1 1 850 1030 669
1469 2 2 1 1 845 960 867
1470 2 2 1 1 814 941 588
1471 2 2 1 1 2 1039 125
1472 2 2 1 1 894 940 900
1473 2 2 1 1 823 985 292
1474 2 2 1 1 515 1007 934
1475 2 2 1 1 306 989 948
1476 2 2 1 1 285 995 957
1477 2 2 1 1 683 961 798
1478 2 2 1 1 711 1046 970
1479 2 2 1 1 440 1018 919
1480 2 2 1 1 934 1007 679
1481 2 2 1 1 965 1016 966
1482 2 2 1 1 666 932 878
1483 2 2 1 1 778 1041 830
1484 2 2 1 1 649 987 915
1485 2 2 1 1 957 964 661
1486 2 2 1 1 785 1013 939
1487 2 2 1 1 580 967 683
1488 2 2 1 1 176 1039 2
1489 2 2 1 1 121 982 311
1490 2 2 1 1 493 984 679
1491 2 2 1 1 685 981 925
1492 2 2 1 1 320 1014 700
1493 2 2 1 1 590 968 780
1494 2 2 1 1 702 835 819
1495 2 2 1 1 130 834 131
1496 2 2 1 1 79 971 78
1497 2 2 1 1 948 1005 306
1498 2 2 1 1 1007 1057 692
1499 2 2 1 1 932 980 154
1500 2 2 1 1 151 1016 152
1501 2 2 1 1 925 981 146
1502 2 2 1 1 618 896 859
1503 2 2 1 1 705 988 101
1504 2 2 1 1 588 941 929
1505 2 2 1 1 990 1028 801
1506 2 2 1 1 638 1013 812
1507 2 2 1 1 175 975 176
1508 2 2 1 1 300 1038 1004
1509 2 2 1 1 344 1050 678
1510 2 2 1 1 919 1018 613
1511 2 2 1 1 713 910 871
1512 2 2 1 1 694 1045 622
1513 2 2 1 1 309 1048 712
1514 2 2 1 1 146 981 147
1515 2 2 1 1 774 992 643
1516 2 2 1 1 112 752 111
1517 2 2 1 1 929 941 799
1518 2 2 1 1 838 1015 634
1519 2 2 1 1 702 1045 694
1520 2 2 1 1 877 965 662
1521 2 2 1 1 289 974 892
1522 2 2 1 1 825 1036 314
1523 2 2 1 1 918 978 646
1524 2 2 1 1 103 994 102
1525 2 2 1 1 666 980 932
1526 2 2 1 1 719 1033 909
1527 2 2 1 1 300 1004 714
1528 2 2 1 1 802 1002 299
1529 2 2 1 1 901 1038 630
1530 2 2 1 1 686 1011 687
1531 2 2 1 1 794 1036 826
1532 2 2 1 1 673 1031 993
1533 2 2 1 1 836 961 768
1534 2 2 1 1 841 1012 762
1535 2 2 1 1 678 1050 918
1536 2 2 1 1 798 961 836
1537 2 2 1 1 128 997 129
1538 2 2 1 1 283 1001 798
1539 2 2 1 1 705 1011 326
1540 2 2 1 1 848 1041 778
1541 2 2 1 1 830 1041 831
1542 2 2 1 1 886 1046 711
1543 2 2 1 1 282 1008 868
1544 2 2 1 1 299 990 801
1545 2 2 1 1 891 1037 824
1546 2 2 1 1 293 1016 965
1547 2 2 1 1 156 1005 157
1548 2 2 1 1 706 1038 300
1549 2 2 1 1 302 1029 925
1550 2 2 1 1 712 1048 675
1551 2 2 1 1 659 1019 893
1552 2 2 1 1 721 977 800
1553 2 2 1 1 819 1023 902
1554 2 2 1 1 681 1026 680
1555 2 2 1 1 647 989 666
1556 2 2 1 1 574 1043 789
1557 2 2 1 1 152 1016 293
1558 2 2 1 1 611 976 848
1559 2 2 1 1 615 960 937
1560 2 2 1 1 631 1035 677
1561 2 2 1 1 660 987 649
1562 2 2 1 1 158 1040 288
1563 2 2 1 1 648 1030 437
1564 2 2 1 1 807 1053 808
1565 2 2 1 1 126 1025 127
1566 2 2 1 1 917 978 371
1567 2 2 1 1 664 979 912
1568 2 2 1 1 934 1024 579
1569 2 2 1 1 801 1028 294
1570 2 2 1 1 651 1023 520
1571 2 2 1 1 125 1039 329
1572 2 2 1 1 167 1020 168
1573 2 2 1 1 484 993 731
1574 2 2 1 1 869 998 667
1575 2 2 1 1 667 998 660
1576 2 2 1 1 927 975 175
1577 2 2 1 1 906 983 923
1578 2 2 1 1 865 1029 302
1579 2 2 1 1 409 1012 840
1580 2 2 1 1 780 1047 689
1581 2 2 1 1 739 963 955
1582 2 2 1 1 752 930 749
1583 2 2 1 1 859 896 804
1584 2 2 1 1 679 984 934
1585 2 2 1 1 299 1002 990
1586 2 2 1 1 620 940 894
1587 2 2 1 1 635 995 685
1588 2 2 1 1 328 1042 785
1589 2 2 1 1 870 1009 453
1590 2 2 1 1 881 1008 282
1591 2 2 1 1 675 1051 712
1592 2 2 1 1 669 1030 968
1593 2 2 1 1 662 1000 661
1594 2 2 1 1 143 1044 144
1595 2 2 1 1 739 1017 963
1596 2 2 1 1 928 978 917
1597 2 2 1 1 967 1024 676
1598 2 2 1 1 811 1003 325
1599 2 2 1 1 996 1009 870
1600 2 2 1 1 861 1047 589
1601 2 2 1 1 800 1033 719
1602 2 2 1 1 957 995 964
1603 2 2 1 1 629 996 870
1604 2 2 1 1 449 1022 448
1605 2 2 1 1 645 1024 934
1606 2 2 1 1 514 1007 515
1607 2 2 1 1 890 1037 290
1608 2 2 1 1 815 1027 671
1609 2 2 1 1 630 1051 675
1610 2 2 1 1 514 1057 1007
1611 2 2 1 1 887 1042 971
1612 2 2 1 1 914 1052 973
1613 2 2 1 1 321 999 952
1614 2 2 1 1 838 991 367
1615 2 2 1 1 942 1037 890
1616 2 2 1 1 912 979 512
1617 2 2 1 1 627 1029 865
1618 2 2 1 1 1002 1006 990
1619 2 2 1 1 964 995 635
1620 2 2 1 1 548 1034 527
1621 2 2 1 1 973 1052 977
1622 2 2 1 1 307 1046 885
1623 2 2 1 1 824 1037 942
1624 2 2 1 1 622 1045 818
1625 2 2 1 1 869 1049 998
1626 2 2 1 1 335 973 972
1627 2 2 1 1 371 1050 346
1628 2 2 1 1 923 983 783
1629 2 2 1 1 939 1013 638
1630 2 2 1 1 749 1055 750
1631 2 2 1 1 812 1013 931
1632 2 2 1 1 972 973 773
1633 2 2 1 1 902 1023 651
1634 2 2 1 1 916 1005 948
1635 2 2 1 1 931 1013 785
1636 2 2 1 1 1033 1052 397
1637 2 2 1 1 831 1041 976
1638 2 2 1 1 909 1033 397
1639 2 2 1 1 973 977 773
1640 2 2 1 1 898 1057 514
1641 2 2 1 1 342 645 343
1642 2 2 1 1 619 1019 943
1643 2 2 1 1 290 1037 891
1644 2 2 1 1 329 1039 975
1645 2 2 1 1 968 1030 648
1646 2 2 1 1 371 978 918
1647 2 2 1 1 970 1046 307
1648 2 2 1 1 800 1052 1033
1649 2 2 1 1 303 1054 944
1650 2 2 1 1 934 984 645
1651 2 2 1 1 993 1031 731
1652 2 2 1 1 952 1032 864
1653 2 2 1 1 918 1050 371
1654 2 2 1 1 945 1054 303
1655 2 2 1 1 990 1006 655
1656 2 2 1 1 949 989 647
1657 2 2 1 1 397 1052 914
1658 2 2 1 1 975 1039 176
1659 2 2 1 1 671 1027 950
1660 2 2 1 1 950 1027 766
1661 2 2 1 1 689 1047 861
1662 2 2 1 1 976 1041 848
1663 2 2 1 1 971 1042 328
1664 2 2 1 1 977 1052 800
1665 2 2 1 1 589 1047 986
1666 2 2 1 1 789 1043 1006
1667 2 2 1 1 986 1047 780
1668 2 2 1 1 789 1006 1002
1669 2 2 1 1 314 1036 843
1670 2 2 1 1 280 1053 807
1671 2 2 1 1 930 1055 749
1672 2 2 1 1 113 286 112
1673 2 2 1 1 429 436 431
1674 2 2 1 1 112 286 281
1675 2 2 1 1 113 1056 114
1676 2 2 1 1 331 335 280
1677 2 2 1 1 333 335 331
1678 2 2 1 1 430 436 429
1679 2 2 1 1 433 437 434
1680 2 2 1 1 434 437 435
1681 2 2 1 1 496 498 488
1682 2 2 1 1 488 498 497
1683 2 2 3 2 256 255 203
1684 2 2 3 2 229 177 230
1685 2 2 3 2 217 268 216
1686 2 2 3 2 191 242 190
1687 2 2 3 2 256 203 204
1688 2 2 3 2 269 268 217
1689 2 2 3 2 178 230 177
1690 2 2 3 2 191 243 242
1691 2 2 3 2 252 251 200
1692 2 2 3 2 213 265 212
1693 2 2 3 2 278 277 226
1694 2 2 3 2 187 239 186
1695 2 2 3 2 265 264 212
1696 2 2 3 2 226 277 225
1697 2 2 3 2 200 251 199
1698 2 2 3 2 186 239 238
1699 2 2 3 2 229 1058 177
1700 2 2 3 2 218 269 217
1701 2 2 3 2 257 256 204
1702 2 2 3 2 192 243 191
1703 2 2 3 2 178 231 230
1704 2 2 3 2 257 204 205
1705 2 2 3 2 270 269 218
1706 2 2 3 2 179 231 178
1707 2 2 3 2 192 244 243
1708 2 2 3 2 212 264 211
1709 2 2 3 2 277 276 225
1710 2 2 3 2 186 238 185
1711 2 2 3 2 251 250 199
1712 2 2 3 2 264 263 211
1713 2 2 3 2 225 276 224
1714 2 2 3 2 185 238 237
1715 2 2 3 2 199 250 198
1716 2 2 3 2 279 1062 3
1717 2 2 3 2 179 232 231
1718 2 2 3 2 258 257 205
1719 2 2 3 2 193 244 192
1720 2 2 3 2 219 270 218
1721 2 2 3 2 271 270 219
1722 2 2 3 2 180 232 179
1723 2 2 3 2 258 205 206
1724 2 2 3 2 193 245 244
1725 2 2 3 2 250 249 198
1726 2 2 3 2 263 210 211
1727 2 2 3 2 185 237 184
1728 2 2 3 2 276 275 224
1729 2 2 3 2 263 262 210
1730 2 2 3 2 224 275 223
1731 2 2 3 2 184 237 236
1732 2 2 3 2 198 249 197
1733 2 2 3 2 228 1058 229
1734 2 2 3 2 2 1070 227
1735 2 2 3 2 220 271 219
1736 2 2 3 2 180 233 232
1737 2 2 3 2 259 258 206
1738 2 2 3 2 194 245 193
1739 2 2 3 2 272 271 220
1740 2 2 3 2 181 233 180
1741 2 2 3 2 259 206 207
1742 2 2 3 2 194 246 245
1743 2 2 3 2 262 209 210
1744 2 2 3 2 275 274 223
1745 2 2 3 2 184 236 183
1746 2 2 3 2 249 248 197
1747 2 2 3 2 223 274 222
1748 2 2 3 2 261 209 262
1749 2 2 3 2 183 236 235
1750 2 2 3 2 197 248 196
1751 2 2 3 2 221 272 220
1752 2 2 3 2 181 234 233
1753 2 2 3 2 260 259 207
1754 2 2 3 2 195 246 194
1755 2 2 3 2 273 272 221
1756 2 2 3 2 195 247 246
1757 2 2 3 2 260 207 208
1758 2 2 3 2 182 234 181
1759 2 2 3 2 261 208 209
1760 2 2 3 2 248 247 196
1761 2 2 3 2 274 273 222
1762 2 2 3 2 183 235 182
1763 2 2 3 2 261 260 208
1764 2 2 3 2 196 247 195
1765 2 2 3 2 222 273 221
1766 2 2 3 2 182 235 234
1767 2 2 3 2 255 1065 203
1768 2 2 3 2 213 1067 265
1769 2 2 3 2 187 1066 239
1770 2 2 3 2 268 1064 216
1771 2 2 3 2 242 1063 190
1772 2 2 3 2 200 1068 252
1773 2 2 3 2 226 1069 278
1774 2 2 3 2 177 1058 2
1775 2 2 3 2 1069 1070 1062
1776 2 2 3 2 265 1067 266
1777 2 2 3 2 239 1066 240
1778 2 2 3 2 203 1065 202
1779 2 2 3 2 227 1069 226
1780 2 2 3 2 201 1068 200
1781 2 2 3 2 267 1064 268
1782 2 2 3 2 241 1063 242
1783 2 2 3 2 2 1058 228
1784 2 2 3 2 189 1059 188
1785 2 2 3 2 215 1060 214
1786 2 2 3 2 253 1061 254
1787 2 2 3 2 228 1070 2
1788 2 2 3 2 240 1059 241
1789 2 2 3 2 266 1060 267
1790 2 2 3 2 202 1061 201
1791 2 2 3 2 279 1069 1062
1792 2 2 3 2 3 1062 228
1793 2 2 3 2 190 1063 189
1794 2 2 3 2 216 1064 215
1795 2 2 3 2 278 1069 279
1796 2 2 3 2 252 1068 253
1797 2 2 3 2 254 1065 255
1798 2 2 3 2 188 1066 187
1799 2 2 3 2 214 1067 213
1800 2 2 3 2 227 1070 1069
1801 2 2 3 2 1061 1065 254
1802 2 2 3 2 1059 1066 188
1803 2 2 3 2 1060 1067 214
1804 2 2 3 2 266 1067 1060
1805 2 2 3 2 240 1066 1059
1806 2 2 3 2 202 1065 1061
1807 2 2 3 2 189 1063 1059
1808 2 2 3 2 215 1064 1060
1809 2 2 3 2 253 1068 1061
1810 2 2 3 2 1061 1068 201
1811 2 2 3 2 1059 1063 241
1812 2 2 3 2 1060 1064 267
1813 2 2 3 2 1062 1070 228
1814 2 2 3 2 228 229 3
1815 2 2 2 213369 1090 1100 1078
1816 2 2 2 213369 1078 1099 1090
1817 2 2 2 213369 1 1108 26
1818 2 2 2 213369 1078 1100 6
1819 2 2 2 213369 6 1100 5
1820 2 2 2 213369 1097 1110 1094
1821 2 2 2 213369 1093 1106 1075
1822 2 2 2 213369 1094 1110 1072
1823 2 2 2 213369 1075 1105 1093
1824 2 2 2 213369 1071 1108 1
1825 2 2 2 213369 1073 1101 9
1826 2 2 2 213369 1075 1106 18
1827 2 2 2 213369 18 1106 17
1828 2 2 2 213369 9 1101 8
1829 2 2 2 213369 1108 1113 1091
1830 2 2 2 213369 26 1108 1079
1831 2 2 2 213369 19 1107 1075
1832 2 2 2 213369 20 1107 19
1833 2 2 2 213369 1071 1113 1108
1834 2 2 2 213369 1085 1091 1090
1835 2 2 2 213369 1076 1104 12
1836 2 2 2 213369 12 1104 11
1837 2 2 2 213369 25 1077 24
1838 2 2 2 213369 7 1078 6
1839 2 2 2 213369 1082 1091 1085
1840 2 2 2 213369 1085 1090 1088
1841 2 2 2 213369 16 1072 15
1842 2 2 2 213369 22 1074 21
1843 2 2 2 213369 10 1073 9
1844 2 2 2 213369 19 1075 18
1845 2 2 2 213369 13 1076 12
1846 2 2 2 213369 1085 1088 1086
1847 2 2 2 213369 1087 1094 1093
1848 2 2 2 213369 1082 1085 1084
1849 2 2 2 213369 1086 1095 1087
1850 2 2 2 213369 1087 1095 1094
1851 2 2 2 213369 1087 1092 1084
1852 2 2 2 213369 1085 1086 1084
1853 2 2 2 213369 1087 1093 1092
1854 2 2 2 213369 1086 1087 1084
1855 2 2 2 213369 1084 1092 1083
1856 2 2 2 213369 1088 1089 1086
1857 2 2 2 213369 1089 1095 1086
1858 2 2 2 213369 1080 1091 1082
1859 2 2 2 213369 1082 1084 1083
1860 2 2 2 213369 1082 1083 1081
1861 2 2 2 213369 4 1071 1
1862 2 2 2 213369 1092 1096 1083
1863 2 2 2 213369 1080 1082 1081
1864 2 2 2 213369 1080 1108 1091
1865 2 2 2 213369 1077 1102 24
1866 2 2 2 213369 24 1102 23
1867 2 2 2 213369 1090 1099 1088
1868 2 2 2 213369 1080 1081 1077
1869 2 2 2 213369 1095 1097 1094
1870 2 2 2 213369 1103 1112 1104
1871 2 2 2 213369 1098 1101 1073
1872 2 2 2 213369 1093 1105 1092
1873 2 2 2 213369 1096 1109 1083
1874 2 2 2 213369 1074 1109 1096
1875 2 2 2 213369 1095 1103 1097
1876 2 2 2 213369 1097 1103 1076
1877 2 2 2 213369 1090 1113 1100
1878 2 2 2 213369 1088 1098 1089
1879 2 2 2 213369 1100 1118 5
1880 2 2 2 213369 1099 1101 1098
1881 2 2 2 213369 1089 1103 1095
1882 2 2 2 213369 1081 1102 1077
1883 2 2 2 213369 1096 1119 1074
1884 2 2 2 213369 1081 1109 1102
1885 2 2 2 213369 1091 1113 1090
1886 2 2 2 213369 1079 1080 1077
1887 2 2 2 213369 1072 1116 1094
1888 2 2 2 213369 1088 1099 1098
1889 2 2 2 213369 26 1079 25
1890 2 2 2 213369 1099 1120 1101
1891 2 2 2 213369 1075 1107 1105
1892 2 2 2 213369 1103 1104 1076
1893 2 2 2 213369 1109 1114 1102
1894 2 2 2 213369 1078 1120 1099
1895 2 2 2 213369 1097 1111 1110
1896 2 2 2 213369 1089 1112 1103
1897 2 2 2 213369 25 1079 1077
1898 2 2 2 213369 5 1118 4
1899 2 2 2 213369 1072 1110 15
1900 2 2 2 213369 1107 1119 1096
1901 2 2 2 213369 1092 1105 1096
1902 2 2 2 213369 1083 1109 1081
1903 2 2 2 213369 15 1110 14
1904 2 2 2 213369 13 1111 1076
1905 2 2 2 213369 14 1111 13
1906 2 2 2 213369 23 1114 22
1907 2 2 2 213369 11 1115 10
1908 2 2 2 213369 8 1120 7
1909 2 2 2 213369 17 1117 16
1910 2 2 2 213369 21 1119 20
1911 2 2 2 213369 1094 1116 1093
1912 2 2 2 213369 1079 1108 1080
1913 2 2 2 213369 1106 1117 17
1914 2 2 2 213369 1105 1107 1096
1915 2 2 2 213369 1076 1111 1097
1916 2 2 2 213369 22 1114 1074
1917 2 2 2 213369 1112 1115 1104
1918 2 2 2 213369 10 1115 1073
1919 2 2 2 213369 16 1117 1072
1920 2 2 2 213369 7 1120 1078
1921 2 2 2 213369 1074 1119 21
1922 2 2 2 213369 4 1118 1071
1923 2 2 2 213369 1101 1120 8
1924 2 2 2 213369 1093 1116 1106
1925 2 2 2 213369 1104 1115 11
1926 2 2 2 213369 20 1119 1107
1927 2 2 2 213369 1098 1112 1089
1928 2 2 2 213369 1073 1112 1098
1929 2 2 2 213369 1102 1114 23
1930 2 2 2 213369 1074 1114 1109
1931 2 2 2 213369 1071 1118 1113
1932 2 2 2 213369 1110 1111 14
1933 2 2 2 213369 1113 1118 1100
1934 2 2 2 213369 1073 1115 1112
1935 2 2 2 213369 1072 1117 1116
1936 2 2 2 213369 1116 1117 1106
1937 2 2 4 213373 32 1269 31
1938 2 2 4 213373 1200 1282 1198
1939 2 2 4 213373 1296 1326 1279
1940 2 2 4 213373 1121 1234 1224
1941 2 2 4 213373 1230 1231 1138
1942 2 2 4 213373 1264 1312 1298
1943 2 2 4 213373 1203 1257 1256
1944 2 2 4 213373 1279 1300 1296
1945 2 2 4 213373 1299 1307 1278
1946 2 2 4 213373 1224 1247 1121
1947 2 2 4 213373 1226 1285 1131
1948 2 2 4 213373 65 1307 64
1949 2 2 4 213373 1298 1312 1132
1950 2 2 4 213373 1287 1305 1236
1951 2 2 4 213373 31 1269 1126
1952 2 2 4 213373 1236 1305 1128
1953 2 2 4 213373 1122 1307 1299
1954 2 2 4 213373 1256 1282 1203
1955 2 2 4 213373 1140 1326 1296
1956 2 2 4 213373 1131 1285 59
1957 2 2 4 213373 1198 1282 1239
1958 2 2 4 213373 1136 1272 43
1959 2 2 4 213373 1246 1277 1225
1960 2 2 4 213373 43 1272 42
1961 2 2 4 213373 1131 1289 1226
1962 2 2 4 213373 1231 1318 1138
1963 2 2 4 213373 1138 1244 1230
1964 2 2 4 213373 1225 1322 1246
1965 2 2 4 213373 1239 1245 1196
1966 2 2 4 213373 64 1307 1122
1967 2 2 4 213373 1142 1302 1143
1968 2 2 4 213373 1192 1333 1240
1969 2 2 4 213373 1198 1239 1196
1970 2 2 4 213373 1203 1282 1200
1971 2 2 4 213373 1294 1314 1276
1972 2 2 4 213373 59 1285 58
1973 2 2 4 213373 1240 1333 1229
1974 2 2 4 213373 1192 1240 1235
1975 2 2 4 213373 1124 1314 1294
1976 2 2 4 213373 1288 1291 1258
1977 2 2 4 213373 1306 1307 65
1978 2 2 4 213373 1215 1315 1229
1979 2 2 4 213373 1299 1323 1301
1980 2 2 4 213373 1133 1297 1232
1981 2 2 4 213373 1278 1307 1223
1982 2 2 4 213373 1229 1333 1215
1983 2 2 4 213373 32 1317 1269
1984 2 2 4 213373 1171 1277 1246
1985 2 2 4 213373 1232 1332 1133
1986 2 2 4 213373 1271 1272 1136
1987 2 2 4 213373 1303 1314 1124
1988 2 2 4 213373 1303 1327 1314
1989 2 2 4 213373 1135 1302 1142
1990 2 2 4 213373 1190 1240 1229
1991 2 2 4 213373 1190 1241 1240
1992 2 2 4 213373 1301 1323 1139
1993 2 2 4 213373 1235 1237 1192
1994 2 2 4 213373 1182 1245 1174
1995 2 2 4 213373 1137 1286 1266
1996 2 2 4 213373 1260 1325 1134
1997 2 2 4 213373 1306 1325 1223
1998 2 2 4 213373 1226 1289 1215
1999 2 2 4 213373 1130 1291 1288
2000 2 2 4 213373 1134 1309 1260
2001 2 2 4 213373 1240 1241 1214
2002 2 2 4 213373 1223 1307 1306
2003 2 2 4 213373 1246 1322 1233
2004 2 2 4 213373 1252 1254 1146
2005 2 2 4 213373 1196 1245 1182
2006 2 2 4 213373 1231 1319 1311
2007 2 2 4 213373 1126 1269 1268
2008 2 2 4 213373 1284 1310 1133
2009 2 2 4 213373 1296 1300 1123
2010 2 2 4 213373 1133 1332 1284
2011 2 2 4 213373 1289 1315 1215
2012 2 2 4 213373 1213 1242 1238
2013 2 2 4 213373 1235 1243 1237
2014 2 2 4 213373 1174 1245 1238
2015 2 2 4 213373 1238 1245 1213
2016 2 2 4 213373 1213 1245 1239
2017 2 2 4 213373 1137 1313 1286
2018 2 2 4 213373 1249 1254 1252
2019 2 2 4 213373 1263 1312 1264
2020 2 2 4 213373 1241 1255 1214
2021 2 2 4 213373 1248 1254 1249
2022 2 2 4 213373 1264 1266 1265
2023 2 2 4 213373 1311 1319 1129
2024 2 2 4 213373 1157 1243 1156
2025 2 2 4 213373 1155 1242 1158
2026 2 2 4 213373 1246 1280 1171
2027 2 2 4 213373 1121 1283 1234
2028 2 2 4 213373 1173 1265 1181
2029 2 2 4 213373 1158 1242 1213
2030 2 2 4 213373 1156 1243 1235
2031 2 2 4 213373 1253 1302 1135
2032 2 2 4 213373 1149 1255 1162
2033 2 2 4 213373 1151 1255 1149
2034 2 2 4 213373 1181 1265 1212
2035 2 2 4 213373 1222 1260 1259
2036 2 2 4 213373 1150 1254 1248
2037 2 2 4 213373 1228 1267 1244
2038 2 2 4 213373 1160 1243 1157
2039 2 2 4 213373 1262 1263 1187
2040 2 2 4 213373 1153 1242 1155
2041 2 2 4 213373 1295 1334 1253
2042 2 2 4 213373 1172 1262 1187
2043 2 2 4 213373 1127 1261 69
2044 2 2 4 213373 1244 1267 1230
2045 2 2 4 213373 1150 1248 1152
2046 2 2 4 213373 1192 1237 1178
2047 2 2 4 213373 1211 1276 1275
2048 2 2 4 213373 1187 1265 1173
2049 2 2 4 213373 1210 1258 1195
2050 2 2 4 213373 1222 1259 1179
2051 2 2 4 213373 1171 1280 1167
2052 2 2 4 213373 1232 1297 1281
2053 2 2 4 213373 1211 1275 1199
2054 2 2 4 213373 1154 1255 1151
2055 2 2 4 213373 1162 1255 1241
2056 2 2 4 213373 1185 1267 1228
2057 2 2 4 213373 1179 1259 1148
2058 2 2 4 213373 1265 1266 1212
2059 2 2 4 213373 1253 1334 1251
2060 2 2 4 213373 1204 1257 1203
2061 2 2 4 213373 1205 1273 1236
2062 2 2 4 213373 1165 1243 1160
2063 2 2 4 213373 1166 1242 1153
2064 2 2 4 213373 1159 1256 1163
2065 2 2 4 213373 1177 1267 1185
2066 2 2 4 213373 1263 1264 1187
2067 2 2 4 213373 1174 1238 1170
2068 2 2 4 213373 1178 1237 1168
2069 2 2 4 213373 1152 1248 1169
2070 2 2 4 213373 1218 1280 1246
2071 2 2 4 213373 1167 1280 1176
2072 2 2 4 213373 1207 1257 1204
2073 2 2 4 213373 1146 1254 1147
2074 2 2 4 213373 1148 1259 1145
2075 2 2 4 213373 1180 1241 1190
2076 2 2 4 213373 1209 1277 1227
2077 2 2 4 213373 1268 1269 1210
2078 2 2 4 213373 1214 1255 1154
2079 2 2 4 213373 1202 1273 1205
2080 2 2 4 213373 1183 1267 1177
2081 2 2 4 213373 1184 1280 1218
2082 2 2 4 213373 1264 1265 1187
2083 2 2 4 213373 75 1123 74
2084 2 2 4 213373 72 1135 71
2085 2 2 4 213373 34 1130 33
2086 2 2 4 213373 37 1124 36
2087 2 2 4 213373 70 1127 69
2088 2 2 4 213373 62 1139 61
2089 2 2 4 213373 60 1131 59
2090 2 2 4 213373 1144 1261 1127
2091 2 2 4 213373 31 1126 30
2092 2 2 4 213373 29 1137 28
2093 2 2 4 213373 57 1125 56
2094 2 2 4 213373 55 1138 54
2095 2 2 4 213373 44 1136 43
2096 2 2 4 213373 1205 1236 1219
2097 2 2 4 213373 41 1128 40
2098 2 2 4 213373 67 1134 66
2099 2 2 4 213373 1216 1231 1230
2100 2 2 4 213373 1197 1199 1198
2101 2 2 4 213373 1188 1223 1222
2102 2 2 4 213373 1180 1188 1179
2103 2 2 4 213373 1195 1197 1196
2104 2 2 4 213373 49 1133 48
2105 2 2 4 213373 1227 1257 1207
2106 2 2 4 213373 64 1122 63
2107 2 2 4 213373 1197 1198 1196
2108 2 2 4 213373 1184 1216 1183
2109 2 2 4 213373 1249 1250 1175
2110 2 2 4 213373 1188 1222 1179
2111 2 2 4 213373 1176 1184 1183
2112 2 2 4 213373 1225 1277 1209
2113 2 2 4 213373 1169 1175 1172
2114 2 2 4 213373 1158 1161 1159
2115 2 2 4 213373 1158 1213 1161
2116 2 2 4 213373 1195 1196 1182
2117 2 2 4 213373 1249 1251 1250
2118 2 2 4 213373 1199 1201 1200
2119 2 2 4 213373 1184 1217 1216
2120 2 2 4 213373 1147 1254 1150
2121 2 2 4 213373 1172 1187 1173
2122 2 2 4 213373 1213 1239 1161
2123 2 2 4 213373 1152 1169 1166
2124 2 2 4 213373 1169 1172 1170
2125 2 2 4 213373 1186 1192 1178
2126 2 2 4 213373 1162 1179 1148
2127 2 2 4 213373 1199 1200 1198
2128 2 2 4 213373 1167 1176 1168
2129 2 2 4 213373 1248 1249 1175
2130 2 2 4 213373 1194 1195 1182
2131 2 2 4 213373 1176 1183 1177
2132 2 2 4 213373 1197 1211 1199
2133 2 2 4 213373 1164 1167 1165
2134 2 2 4 213373 1180 1189 1188
2135 2 2 4 213373 1237 1243 1165
2136 2 2 4 213373 1191 1220 1189
2137 2 2 4 213373 1209 1227 1207
2138 2 2 4 213373 1155 1158 1157
2139 2 2 4 213373 1193 1215 1186
2140 2 2 4 213373 1152 1166 1153
2141 2 2 4 213373 1162 1180 1179
2142 2 2 4 213373 46 1121 45
2143 2 2 4 213373 1169 1170 1166
2144 2 2 4 213373 1169 1248 1175
2145 2 2 4 213373 1216 1230 1183
2146 2 2 4 213373 1147 1150 1149
2147 2 2 4 213373 1156 1214 1154
2148 2 2 4 213373 1163 1164 1160
2149 2 2 4 213373 1164 1165 1160
2150 2 2 4 213373 1185 1186 1178
2151 2 2 4 213373 1238 1242 1166
2152 2 2 4 213373 77 1140 76
2153 2 2 4 213373 1152 1153 1151
2154 2 2 4 213373 1149 1162 1148
2155 2 2 4 213373 1159 1163 1160
2156 2 2 4 213373 1150 1151 1149
2157 2 2 4 213373 1150 1152 1151
2158 2 2 4 213373 1181 1212 1194
2159 2 2 4 213373 1235 1240 1214
2160 2 2 4 213373 1158 1159 1157
2161 2 2 4 213373 1159 1160 1157
2162 2 2 4 213373 1193 1226 1215
2163 2 2 4 213373 1167 1168 1165
2164 2 2 4 213373 1181 1182 1174
2165 2 2 4 213373 1172 1173 1170
2166 2 2 4 213373 1194 1210 1195
2167 2 2 4 213373 1249 1252 1251
2168 2 2 4 213373 1153 1154 1151
2169 2 2 4 213373 1156 1235 1214
2170 2 2 4 213373 1185 1193 1186
2171 2 2 4 213373 1147 1149 1148
2172 2 2 4 213373 1176 1280 1184
2173 2 2 4 213373 1170 1238 1166
2174 2 2 4 213373 1162 1241 1180
2175 2 2 4 213373 1168 1237 1165
2176 2 2 4 213373 1153 1155 1154
2177 2 2 4 213373 1155 1156 1154
2178 2 2 4 213373 1205 1219 1206
2179 2 2 4 213373 1202 1205 1204
2180 2 2 4 213373 1173 1181 1174
2181 2 2 4 213373 1164 1171 1167
2182 2 2 4 213373 1181 1194 1182
2183 2 2 4 213373 1176 1177 1168
2184 2 2 4 213373 1173 1174 1170
2185 2 2 4 213373 1191 1221 1220
2186 2 2 4 213373 1177 1185 1178
2187 2 2 4 213373 1177 1178 1168
2188 2 2 4 213373 1224 1225 1209
2189 2 2 4 213373 1185 1228 1193
2190 2 2 4 213373 1147 1148 1145
2191 2 2 4 213373 1155 1157 1156
2192 2 2 4 213373 1184 1218 1217
2193 2 2 4 213373 1201 1202 1200
2194 2 2 4 213373 1190 1191 1189
2195 2 2 4 213373 1190 1229 1191
2196 2 2 4 213373 27 1132 3
2197 2 2 4 213373 1218 1232 1217
2198 2 2 4 213373 1180 1190 1189
2199 2 2 4 213373 1218 1246 1233
2200 2 2 4 213373 1224 1234 1225
2201 2 2 4 213373 1208 1209 1207
2202 2 2 4 213373 1230 1267 1183
2203 2 2 4 213373 1252 1253 1251
2204 2 2 4 213373 1205 1206 1204
2205 2 2 4 213373 1206 1207 1204
2206 2 2 4 213373 1202 1203 1200
2207 2 2 4 213373 1218 1233 1232
2208 2 2 4 213373 39 1141 38
2209 2 2 4 213373 1259 1260 1144
2210 2 2 4 213373 1202 1204 1203
2211 2 2 4 213373 1208 1224 1209
2212 2 2 4 213373 1206 1208 1207
2213 2 2 4 213373 1146 1147 1145
2214 2 2 4 213373 52 1129 51
2215 2 2 4 213373 1206 1271 1208
2216 2 2 4 213373 1195 1258 1197
2217 2 2 4 213373 1145 1259 1144
2218 2 2 4 213373 1143 1146 1145
2219 2 2 4 213373 1201 1274 1273
2220 2 2 4 213373 1193 1270 1226
2221 2 2 4 213373 1201 1273 1202
2222 2 2 4 213373 1194 1268 1210
2223 2 2 4 213373 1262 1279 1263
2224 2 2 4 213373 1220 1278 1189
2225 2 2 4 213373 1219 1272 1271
2226 2 2 4 213373 1188 1278 1223
2227 2 2 4 213373 1199 1275 1201
2228 2 2 4 213373 1219 1271 1206
2229 2 2 4 213373 1161 1256 1159
2230 2 2 4 213373 1175 1262 1172
2231 2 2 4 213373 1143 1145 1144
2232 2 2 4 213373 1260 1261 1144
2233 2 2 4 213373 1228 1270 1193
2234 2 2 4 213373 1197 1258 1211
2235 2 2 4 213373 1189 1278 1188
2236 2 2 4 213373 1212 1268 1194
2237 2 2 4 213373 1252 1302 1253
2238 2 2 4 213373 1201 1275 1274
2239 2 2 4 213373 1250 1262 1175
2240 2 2 4 213373 1143 1302 1146
2241 2 2 4 213373 1210 1288 1258
2242 2 2 4 213373 1161 1282 1256
2243 2 2 4 213373 46 1283 1121
2244 2 2 4 213373 47 1283 46
2245 2 2 4 213373 1143 1144 1127
2246 2 2 4 213373 1250 1279 1262
2247 2 2 4 213373 1274 1287 1273
2248 2 2 4 213373 1268 1286 1126
2249 2 2 4 213373 1258 1291 1211
2250 2 2 4 213373 1239 1282 1161
2251 2 2 4 213373 1232 1281 1217
2252 2 2 4 213373 69 1261 68
2253 2 2 4 213373 1212 1286 1268
2254 2 2 4 213373 1222 1325 1260
2255 2 2 4 213373 1257 1324 1256
2256 2 2 4 213373 1272 1316 42
2257 2 2 4 213373 1270 1285 1226
2258 2 2 4 213373 1141 1305 1287
2259 2 2 4 213373 1251 1300 1250
2260 2 2 4 213373 1146 1302 1252
2261 2 2 4 213373 1283 1284 1234
2262 2 2 4 213373 1273 1287 1236
2263 2 2 4 213373 1142 1143 1127
2264 2 2 4 213373 1276 1314 1275
2265 2 2 4 213373 1270 1336 1125
2266 2 2 4 213373 1224 1335 1247
2267 2 2 4 213373 1229 1315 1191
2268 2 2 4 213373 1266 1286 1212
2269 2 2 4 213373 1291 1292 1276
2270 2 2 4 213373 34 1292 1130
2271 2 2 4 213373 35 1292 34
2272 2 2 4 213373 1136 1335 1271
2273 2 2 4 213373 1216 1319 1231
2274 2 2 4 213373 1208 1335 1224
2275 2 2 4 213373 1228 1336 1270
2276 2 2 4 213373 1269 1288 1210
2277 2 2 4 213373 1215 1333 1186
2278 2 2 4 213373 1135 1142 71
2279 2 2 4 213373 71 1142 70
2280 2 2 4 213373 1264 1298 1266
2281 2 2 4 213373 70 1142 1127
2282 2 2 4 213373 1135 1328 1253
2283 2 2 4 213373 1125 1293 56
2284 2 2 4 213373 1211 1291 1276
2285 2 2 4 213373 1132 1321 1298
2286 2 2 4 213373 1292 1294 1276
2287 2 2 4 213373 56 1293 55
2288 2 2 4 213373 1134 1325 1306
2289 2 2 4 213373 1138 1293 1244
2290 2 2 4 213373 1163 1304 1164
2291 2 2 4 213373 1123 1295 74
2292 2 2 4 213373 1308 1326 1140
2293 2 2 4 213373 1129 1319 1281
2294 2 2 4 213373 74 1295 73
2295 2 2 4 213373 55 1293 1138
2296 2 2 4 213373 1281 1319 1217
2297 2 2 4 213373 1312 1326 1308
2298 2 2 4 213373 36 1294 35
2299 2 2 4 213373 1164 1304 1171
2300 2 2 4 213373 1247 1335 1136
2301 2 2 4 213373 1219 1330 1272
2302 2 2 4 213373 76 1296 75
2303 2 2 4 213373 50 1297 49
2304 2 2 4 213373 75 1296 1123
2305 2 2 4 213373 49 1297 1133
2306 2 2 4 213373 63 1301 62
2307 2 2 4 213373 1130 1317 33
2308 2 2 4 213373 1163 1324 1304
2309 2 2 4 213373 1247 1329 1121
2310 2 2 4 213373 1126 1313 30
2311 2 2 4 213373 1266 1298 1137
2312 2 2 4 213373 62 1301 1139
2313 2 2 4 213373 1124 1294 36
2314 2 2 4 213373 1136 1329 1247
2315 2 2 4 213373 1133 1310 48
2316 2 2 4 213373 1220 1299 1278
2317 2 2 4 213373 1122 1301 63
2318 2 2 4 213373 1171 1304 1277
2319 2 2 4 213373 58 1320 57
2320 2 2 4 213373 1130 1292 1291
2321 2 2 4 213373 1128 1330 1236
2322 2 2 4 213373 1277 1304 1227
2323 2 2 4 213373 1140 1296 76
2324 2 2 4 213373 1134 1306 66
2325 2 2 4 213373 1128 1305 40
2326 2 2 4 213373 1121 1329 45
2327 2 2 4 213373 72 1328 1135
2328 2 2 4 213373 29 1313 1137
2329 2 2 4 213373 1221 1315 1289
2330 2 2 4 213373 44 1329 1136
2331 2 2 4 213373 38 1303 37
2332 2 2 4 213373 68 1309 67
2333 2 2 4 213373 66 1306 65
2334 2 2 4 213373 40 1305 39
2335 2 2 4 213373 37 1303 1124
2336 2 2 4 213373 1253 1328 1295
2337 2 2 4 213373 60 1337 1131
2338 2 2 4 213373 1131 1290 1289
2339 2 2 4 213373 1250 1300 1279
2340 2 2 4 213373 1289 1290 1221
2341 2 2 4 213373 1260 1309 1261
2342 2 2 4 213373 1141 1303 38
2343 2 2 4 213373 1139 1337 61
2344 2 2 4 213373 42 1316 41
2345 2 2 4 213373 1138 1318 54
2346 2 2 4 213373 1132 1308 3
2347 2 2 4 213373 1139 1323 1290
2348 2 2 4 213373 3 1308 77
2349 2 2 4 213373 1137 1321 28
2350 2 2 4 213373 39 1305 1141
2351 2 2 4 213373 77 1308 1140
2352 2 2 4 213373 35 1294 1292
2353 2 2 4 213373 1290 1337 1139
2354 2 2 4 213373 52 1311 1129
2355 2 2 4 213373 27 1321 1132
2356 2 2 4 213373 67 1309 1134
2357 2 2 4 213373 1286 1313 1126
2358 2 2 4 213373 1285 1320 58
2359 2 2 4 213373 1220 1323 1299
2360 2 2 4 213373 1304 1324 1227
2361 2 2 4 213373 48 1310 47
2362 2 2 4 213373 1256 1324 1163
2363 2 2 4 213373 1288 1317 1130
2364 2 2 4 213373 1129 1331 51
2365 2 2 4 213373 1283 1310 1284
2366 2 2 4 213373 47 1310 1283
2367 2 2 4 213373 53 1311 52
2368 2 2 4 213373 1191 1315 1221
2369 2 2 4 213373 30 1313 29
2370 2 2 4 213373 1125 1320 1270
2371 2 2 4 213373 1269 1317 1288
2372 2 2 4 213373 1290 1323 1221
2373 2 2 4 213373 1275 1314 1274
2374 2 2 4 213373 33 1317 32
2375 2 2 4 213373 1131 1337 1290
2376 2 2 4 213373 41 1316 1128
2377 2 2 4 213373 1274 1327 1287
2378 2 2 4 213373 1281 1331 1129
2379 2 2 4 213373 54 1318 53
2380 2 2 4 213373 1261 1309 68
2381 2 2 4 213373 1279 1326 1263
2382 2 2 4 213373 1217 1319 1216
2383 2 2 4 213373 1272 1330 1316
2384 2 2 4 213373 57 1320 1125
2385 2 2 4 213373 28 1321 27
2386 2 2 4 213373 1234 1322 1225
2387 2 2 4 213373 1299 1301 1122
2388 2 2 4 213373 1314 1327 1274
2389 2 2 4 213373 1295 1328 73
2390 2 2 4 213373 1221 1323 1220
2391 2 2 4 213373 1244 1336 1228
2392 2 2 4 213373 1227 1324 1257
2393 2 2 4 213373 1284 1332 1233
2394 2 2 4 213373 1223 1325 1222
2395 2 2 4 213373 73 1328 72
2396 2 2 4 213373 1251 1334 1300
2397 2 2 4 213373 1236 1330 1219
2398 2 2 4 213373 45 1329 44
2399 2 2 4 213373 1233 1322 1284
2400 2 2 4 213373 1298 1321 1137
2401 2 2 4 213373 1270 1320 1285
2402 2 2 4 213373 51 1331 50
2403 2 2 4 213373 1233 1332 1232
2404 2 2 4 213373 1271 1335 1208
2405 2 2 4 213373 1186 1333 1192
2406 2 2 4 213373 61 1337 60
2407 2 2 4 213373 1297 1331 1281
2408 2 2 4 213373 1284 1322 1234
2409 2 2 4 213373 50 1331 1297
2410 2 2 4 213373 1287 1327 1141
2411 2 2 4 213373 1125 1336 1293
2412 2 2 4 213373 1311 1318 1231
2413 2 2 4 213373 53 1318 1311
2414 2 2 4 213373 1132 1312 1308
2415 2 2 4 213373 1293 1336 1244
2416 2 2 4 213373 1263 1326 1312
2417 2 2 4 213373 1123 1334 1295
2418 2 2 4 213373 1141 1327 1303
2419 2 2 4 213373 1300 1334 1123
2420 2 2 4 213373 1316 1330 1128
$EndElements
