$MeshFormat
2.2 0 8
$EndMeshFormat
$PhysicalNames
4
2 1 "horn_surface"
2 2 "throat_cap"
2 3 "interface_wall"
2 4 "interface_face"
$EndPhysicalNames
$Nodes
1743
1 15 0 -100
2 59.84221633333334 3.764953 39.79013983333333
3 59.84221633333334 3.764953 49.79013983333333
4 4.787377166666667 0.301196 13.1832115
5 14.52689022732157 3.737574122789943 -100
6 13.05785467999237 7.381898885530843 -100
7 10.69280838799027 10.51968862551192 -100
8 7.594037342484246 12.9356328349623 -100
9 3.974174645932441 14.46395298262642 -100
10 0.08160994195072147 14.99977799226958 -100
11 -3.816554715978412 14.5063403413798 -100
12 -7.452833013785284 13.017498994378 -100
13 -10.57770889348771 10.63541605037767 -100
14 -12.9767579773759 7.523546530500827 -100
15 -14.48536105281186 3.895422335213627 -100
16 -15 1.017569817469977e-13 -100
17 -14.48536105281192 -3.89542233521343 -100
18 -12.976757977376 -7.523546530500652 -100
19 -10.57770889348786 -10.63541605037752 -100
20 -7.452833013785467 -13.01749899437789 -100
21 -3.81655471597858 -14.50634034137975 -100
22 0.08160994195057125 -14.99977799226958 -100
23 3.974174645932306 -14.46395298262646 -100
24 7.594037342484144 -12.93563283496236 -100
25 10.69280838799022 -10.51968862551197 -100
26 13.05785467999233 -7.381898885530897 -100
27 14.52689022732156 -3.737574122789975 -100
28 4.413597991297553 1.878790136254863 12.7061813460701
29 3.261764559294146 3.51718494070267 11.47991627470559
30 1.610437329976093 4.518427751258537 10.36394198111743
31 0.06383828726588289 4.796417756220359 10.00477105271457
32 -1.466636296313026 4.56713004788672 10.30256566350075
33 -3.119996198757531 3.6435317086925 11.35442448688063
34 -4.348741751361557 2.024388185008343 12.62735581845624
35 -4.777479501970087 0.4305678006129192 13.1700791765371
36 -4.677538602407198 -1.063170038447404 13.03900956156967
37 -3.958172897675889 -2.709717332307825 12.17733406267701
38 -2.44040331382471 -4.129664848338806 10.83028018508402
39 -0.8085125251010694 -4.728214148217528 10.09487767427023
40 0.6740445718287424 -4.749249049817061 10.06722536524371
41 2.294600592095197 -4.212423304677372 10.73452023585131
42 3.855223665811314 -2.854286726119803 12.06576103238052
43 4.643459787115068 -1.203320304175577 12.99495069365308
44 14.52689023810194 3.737574124409059 -100.0000000000009
45 13.05785466760673 7.38189887632841 -99.99999999999979
46 10.69280838648122 10.51968862706214 -99.9999999999998
47 7.594037354550757 12.93563285283363 -99.99999999999991
48 3.974174649688484 14.46395297884121 -99.99999999999993
49 0.08160994222067527 14.99977796992211 -99.99999999999991
50 -3.816554718625632 14.50634033650185 -99.99999999999991
51 -7.452833023381732 13.01749900780556 -100
52 -10.57770889900663 10.63541605902874 -100.0000000000001
53 -12.97675797220778 7.523546530356318 -100
54 -14.48536104726836 3.895422334382979 -100
55 -14.99999999801229 -1.403353615006419e-10 -100.0000000000001
56 -14.48536104719545 -3.89542233465403 -100.0000000000001
57 -12.97675797206699 -7.523546530599139 -100
58 -10.57770889880763 -10.63541605922668 -99.99999999999997
59 -7.452833023138138 -13.017499007945 -99.99999999999997
60 -3.816554718354187 -14.50634033657327 -99.99999999999997
61 0.08160994250136476 -14.99977796992059 -99.99999999999997
62 3.974174649959134 -14.46395297876683 -99.99999999999997
63 7.594037354792826 -12.93563285269149 -99.99999999999997
64 10.69280838667811 -10.51968862686207 -100
65 13.05785466774489 -7.381898876084127 -100.0000000000001
66 14.52689023817177 -3.737574124137225 -100
67 14.9944382852363 0.8974870781394805 -96.26307496574147
68 15.10281167804339 0.9609989115550104 -92.1188632689523
69 15.29884448624563 0.9589753898111805 -87.86586421910245
70 15.58550845589577 0.9807735537412373 -83.504380283468
71 15.97019397784334 1.004734581523163 -79.03353328060423
72 16.45957809037252 1.035557211349795 -74.45261722238196
73 17.06069213333063 1.07336513903737 -69.76109840653267
74 17.78074111874594 1.118669726892827 -64.95863224611433
75 18.62709527329479 1.171917037983801 -60.04507039336431
76 19.60726735712484 1.23358460424235 -55.02046026236337
77 20.72888987673481 1.304150867664988 -49.88504640425513
78 21.99969262333265 1.384103677770294 -44.63926581560881
79 23.42748191008205 1.473932323629578 -39.2837420500593
80 25.02011193895285 1.574132103917344 -33.81927554853208
81 26.78546961992492 1.685198536302279 -28.24682974134443
82 28.73144956975492 1.807629793531143 -22.56751959893716
83 30.86594076694274 1.941920268691934 -16.78259157086239
84 33.19680415338537 2.088566043715748 -10.8934053763926
85 35.73186867399725 2.248058611648839 -4.901412248904913
86 38.4789164446433 2.420888122523441 1.191868085292969
87 41.44567680266545 2.607541051391084 7.384862883012657
88 44.63982768183406 2.808500122582858 13.67597992606397
89 48.06899621015212 3.0242449390688 20.06362436253347
90 51.74076056428262 3.255252820364205 26.54621419261808
91 55.66266372757984 3.501997352292643 33.12221349753255
92 58.83469455833563 11.56479121278727 38.46333584947437
93 56.90405132661978 18.89959302066137 35.98382059333211
94 54.20440394724529 25.63490321276066 32.65538616028567
95 50.86294569811901 31.75258186146714 28.7596461394552
96 46.9593098031235 37.28389361027372 24.52230909297585
97 42.52977566368087 42.26681442206254 20.12371608704511
98 37.57661254395668 46.7254082008114 15.72084830097464
99 32.07689506106072 50.65904218326366 11.470058229655
100 25.99302030261516 54.03358683740684 7.549776867915259
101 19.2924903974965 56.77204764027501 4.182691906417022
102 11.98905385597327 58.74970789439246 1.647555362639758
103 4.208911586594676 59.81263025613112 0.2491447055044108
104 -3.764953000000182 59.84221633333334 0.2098601666666819
105 -11.56479121278751 58.83469455833558 1.536664150525688
106 -18.89959302066157 56.90405132661971 4.01617940666795
107 -25.63490321276081 54.20440394724519 7.344613839714423
108 -31.75258186146748 50.86294569811879 11.24035386054506
109 -37.28389361027409 46.95930980312318 15.47769090702448
110 -42.26681442206281 42.5297756636806 19.87628391295514
111 -46.72540820081164 37.57661254395639 24.27915169902562
112 -50.65904218326388 32.07689506106037 28.52994177034527
113 -54.03358683740711 25.99302030261466 32.45022313208501
114 -56.7720476402752 19.29249039749594 35.81730809358324
115 -58.74970789439261 11.98905385597255 38.35244463736046
116 -59.81263025613114 4.208911586594466 39.75085529449561
117 -59.84221633333334 -3.764953000000659 39.79013983333324
118 -58.83469455833556 -11.56479121278764 38.46333584947426
119 -56.90405132661967 -18.89959302066167 35.98382059333201
120 -54.20440394724516 -25.63490321276091 32.65538616028551
121 -50.86294569811875 -31.75258186146759 28.75964613945487
122 -46.95930980312311 -37.28389361027415 24.52230909297545
123 -42.52977566368058 -42.26681442206284 20.12371608704483
124 -37.57661254395617 -46.72540820081184 15.7208483009742
125 -32.07689506106006 -50.65904218326411 11.47005822965452
126 -25.99302030261457 -54.03358683740711 7.549776867914913
127 -19.29249039749584 -56.7720476402752 4.182691906416741
128 -11.98905385597321 -58.74970789439246 1.64755536263974
129 -4.208911586594593 -59.81263025613114 0.2491447055044032
130 3.764953000000337 -59.84221633333333 0.2098601666666944
131 11.5647912127876 -58.83469455833556 1.536664150525715
132 18.89959302066167 -56.90405132661969 4.016179406667994
133 25.634903212761 -54.20440394724512 7.34461383971453
134 31.75258186146737 -50.86294569811887 11.24035386054499
135 37.28389361027356 -46.95930980312357 15.47769090702405
136 42.26681442206255 -42.52977566368083 19.87628391295491
137 46.72540820081162 -37.57661254395641 24.27915169902559
138 50.65904218326394 -32.0768950610603 28.52994177034531
139 54.033586837407 -25.99302030261487 32.45022313208491
140 56.7720476402751 -19.29249039749624 35.81730809358311
141 58.7497078943924 -11.98905385597361 38.35244463736017
142 59.81263025613109 -4.208911586595049 39.75085529449554
143 58.83469455833563 11.56479121278728 38.46333584947436
144 56.90405132661978 18.89959302066138 35.98382059333213
145 54.20440394724526 25.63490321276067 32.65538616028567
146 50.862945698119 31.75258186146714 28.75964613945517
147 46.95930980312351 37.28389361027372 24.52230909297582
148 42.52977566368082 42.26681442206257 20.12371608704509
149 37.57661254395666 46.72540820081143 15.72084830097462
150 32.07689506106068 50.65904218326367 11.47005822965497
151 25.99302030261514 54.03358683740686 7.549776867915238
152 19.29249039749643 56.77204764027501 4.182691906416992
153 11.9890538559732 58.74970789439246 1.647555362639739
154 4.208911586594601 59.81263025613113 0.2491447055044041
155 -3.764953000000247 59.84221633333332 0.2098601666666873
156 -11.56479121278761 58.83469455833557 1.536664150525715
157 -18.89959302066164 56.90405132661968 4.016179406667983
158 -25.63490321276092 54.20440394724514 7.344613839714481
159 -31.75258186146757 50.86294569811872 11.24035386054513
160 -37.28389361027418 46.95930980312314 15.47769090702456
161 -42.26681442206278 42.52977566368061 19.87628391295512
162 -46.72540820081164 37.57661254395639 24.27915169902561
163 -50.65904218326389 32.07689506106036 28.52994177034526
164 -54.03358683740712 25.99302030261459 32.45022313208508
165 -56.7720476402752 19.29249039749588 35.81730809358325
166 -58.7497078943926 11.98905385597248 38.35244463736045
167 -59.81263025613115 4.208911586594361 39.75085529449562
168 -59.84221633333329 -3.764953000000745 39.79013983333328
169 -58.83469455833554 -11.56479121278777 38.46333584947425
170 -56.90405132661966 -18.89959302066175 35.98382059333198
171 -54.20440394724511 -25.634903212761 32.65538616028548
172 -50.86294569811871 -31.7525818614676 28.75964613945485
173 -46.95930980312312 -37.28389361027421 24.52230909297543
174 -42.52977566368057 -42.26681442206282 20.12371608704484
175 -37.57661254395615 -46.72540820081183 15.7208483009742
176 -32.07689506106004 -50.65904218326409 11.47005822965451
177 -25.99302030261453 -54.03358683740715 7.54977686791489
178 -19.29249039749576 -56.77204764027524 4.182691906416704
179 -11.98905385597312 -58.74970789439246 1.647555362639717
180 -4.208911586594549 -59.81263025613114 0.2491447055043992
181 3.764953000000459 -59.8422163333333 0.209860166666705
182 11.56479121278773 -58.83469455833556 1.536664150525747
183 18.89959302066166 -56.90405132661969 4.016179406667992
184 25.634903212761 -54.20440394724511 7.344613839714526
185 31.75258186146736 -50.86294569811886 11.24035386054498
186 37.28389361027362 -46.95930980312359 15.47769090702409
187 42.2668144220625 -42.52977566368089 19.87628391295486
188 46.72540820081157 -37.57661254395649 24.27915169902553
189 50.65904218326384 -32.07689506106043 28.52994177034521
190 54.03358683740696 -25.99302030261495 32.45022313208487
191 56.77204764027509 -19.29249039749619 35.81730809358311
192 58.74970789439237 -11.98905385597361 38.35244463736015
193 59.81263025613109 -4.208911586595049 39.75085529449555
194 59.84221633333334 3.764953 44.79013983333333
195 58.83469455833563 11.56479121278728 48.46333584947437
196 56.90405132661978 18.89959302066138 45.98382059333213
197 54.20440394724526 25.63490321276067 42.65538616028567
198 50.862945698119 31.75258186146714 38.75964613945517
199 46.95930980312351 37.28389361027372 34.52230909297582
200 42.52977566368084 42.26681442206255 30.12371608704509
201 37.57661254395666 46.72540820081142 25.72084830097462
202 32.07689506106069 50.65904218326367 21.47005822965497
203 25.99302030261514 54.03358683740686 17.54977686791524
204 19.29249039749643 56.77204764027501 14.18269190641699
205 11.9890538559732 58.74970789439246 11.64755536263974
206 4.208911586594601 59.81263025613113 10.2491447055044
207 -3.764953000000247 59.84221633333332 10.20986016666669
208 -11.56479121278761 58.83469455833557 11.53666415052571
209 -18.89959302066164 56.90405132661968 14.01617940666798
210 -25.63490321276092 54.20440394724514 17.34461383971448
211 -31.75258186146757 50.86294569811872 21.24035386054513
212 -37.28389361027418 46.95930980312314 25.47769090702456
213 -42.26681442206278 42.52977566368061 29.87628391295512
214 -46.72540820081164 37.57661254395639 34.27915169902561
215 -50.65904218326389 32.07689506106036 38.52994177034527
216 -54.03358683740712 25.99302030261459 42.45022313208507
217 -56.7720476402752 19.29249039749588 45.81730809358325
218 -58.7497078943926 11.98905385597248 48.35244463736045
219 -59.81263025613115 4.208911586594361 49.75085529449562
220 -59.84221633333329 -3.764953000000745 49.79013983333328
221 -58.83469455833554 -11.56479121278777 48.46333584947425
222 -56.90405132661966 -18.89959302066175 45.98382059333198
223 -54.20440394724511 -25.634903212761 42.65538616028547
224 -50.86294569811871 -31.7525818614676 38.75964613945484
225 -46.95930980312312 -37.28389361027421 34.52230909297543
226 -42.52977566368057 -42.26681442206282 30.12371608704484
227 -37.57661254395615 -46.72540820081183 25.7208483009742
228 -32.07689506106004 -50.65904218326409 21.47005822965451
229 -25.99302030261453 -54.03358683740715 17.54977686791489
230 -19.29249039749576 -56.77204764027524 14.18269190641671
231 -11.98905385597312 -58.74970789439246 11.64755536263972
232 -4.208911586594549 -59.81263025613114 10.2491447055044
233 3.764953000000459 -59.8422163333333 10.2098601666667
234 11.56479121278773 -58.83469455833556 11.53666415052575
235 18.89959302066166 -56.90405132661969 14.01617940666799
236 25.634903212761 -54.20440394724511 17.34461383971453
237 31.75258186146736 -50.86294569811886 21.24035386054498
238 37.28389361027362 -46.95930980312359 25.47769090702408
239 42.2668144220625 -42.52977566368089 29.87628391295486
240 46.72540820081157 -37.57661254395649 34.27915169902553
241 50.65904218326384 -32.07689506106043 38.52994177034521
242 54.03358683740696 -25.99302030261495 42.45022313208487
243 56.77204764027509 -19.29249039749619 45.81730809358311
244 58.74970789439237 -11.98905385597361 48.35244463736015
245 59.81263025613109 -4.208911586595049 49.75085529449556
246 58.83469455833563 11.56479121278728 48.46333584947437
247 56.90405132661978 18.89959302066138 45.98382059333213
248 54.20440394724526 25.63490321276067 42.65538616028567
249 50.862945698119 31.75258186146714 38.75964613945517
250 46.95930980312351 37.28389361027372 34.52230909297582
251 42.52977566368084 42.26681442206255 30.12371608704509
252 37.57661254395666 46.72540820081142 25.72084830097462
253 32.07689506106069 50.65904218326367 21.47005822965497
254 25.99302030261514 54.03358683740686 17.54977686791524
255 19.29249039749643 56.77204764027501 14.18269190641699
256 11.9890538559732 58.74970789439246 11.64755536263974
257 4.208911586594601 59.81263025613113 10.2491447055044
258 -3.764953000000247 59.84221633333332 10.20986016666669
259 -11.56479121278761 58.83469455833557 11.53666415052571
260 -18.89959302066164 56.90405132661968 14.01617940666798
261 -25.63490321276092 54.20440394724514 17.34461383971448
262 -31.75258186146757 50.86294569811872 21.24035386054513
263 -37.28389361027418 46.95930980312314 25.47769090702456
264 -42.26681442206278 42.52977566368061 29.87628391295512
265 -46.72540820081164 37.57661254395639 34.27915169902561
266 -50.65904218326389 32.07689506106036 38.52994177034527
267 -54.03358683740712 25.99302030261459 42.45022313208507
268 -56.7720476402752 19.29249039749588 45.81730809358325
269 -58.7497078943926 11.98905385597248 48.35244463736045
270 -59.81263025613115 4.208911586594361 49.75085529449562
271 -59.84221633333329 -3.764953000000745 49.79013983333328
272 -58.83469455833554 -11.56479121278777 48.46333584947425
273 -56.90405132661966 -18.89959302066175 45.98382059333198
274 -54.20440394724511 -25.634903212761 42.65538616028547
275 -50.86294569811871 -31.7525818614676 38.75964613945484
276 -46.95930980312312 -37.28389361027421 34.52230909297543
277 -42.52977566368057 -42.26681442206282 30.12371608704484
278 -37.57661254395615 -46.72540820081183 25.7208483009742
279 -32.07689506106004 -50.65904218326409 21.47005822965451
280 -25.99302030261453 -54.03358683740715 17.54977686791489
281 -19.29249039749576 -56.77204764027524 14.18269190641671
282 -11.98905385597312 -58.74970789439246 11.64755536263972
283 -4.208911586594549 -59.81263025613114 10.2491447055044
284 3.764953000000459 -59.8422163333333 10.2098601666667
285 11.56479121278773 -58.83469455833556 11.53666415052575
286 18.89959302066166 -56.90405132661969 14.01617940666799
287 25.634903212761 -54.20440394724511 17.34461383971453
288 31.75258186146736 -50.86294569811886 21.24035386054498
289 37.28389361027362 -46.95930980312359 25.47769090702408
290 42.2668144220625 -42.52977566368089 29.87628391295486
291 46.72540820081157 -37.57661254395649 34.27915169902553
292 50.65904218326384 -32.07689506106043 38.52994177034521
293 54.03358683740696 -25.99302030261495 42.45022313208487
294 56.77204764027509 -19.29249039749619 45.81730809358311
295 58.74970789439237 -11.98905385597361 48.35244463736015
296 59.81263025613109 -4.208911586595049 49.75085529449556
297 53.33918052791365 3.355816729458129 45.46615711512246
298 46.83614470676048 2.946680437391482 41.14217442261416
299 40.33310886987378 2.537544123800058 36.81819175580843
300 33.83007301725355 2.128407788683856 32.49420911470525
301 27.32703714889983 1.719271432042876 28.17022649930463
302 20.8240012648126 1.310135053877118 23.84624390960659
303 15.2183848231344 0.9574595102721912 20.1189712723882
304 11.20086260936621 0.7046983914827788 17.4476503427586
305 8.323518179713814 0.5236711866946769 15.53445361262902
306 6.262930913195753 0.3940299952044514 14.16433303641178
307 4.413597991297558 1.878790136254849 12.70618134607011
308 3.261764559294155 3.517184940702662 11.4799162747056
309 1.610437329976102 4.518427751258534 10.36394198111744
310 0.06383828726589055 4.796417756220359 10.00477105271457
311 -1.466636296313019 4.567130047886722 10.30256566350075
312 -3.119996198757523 3.643531708692507 11.35442448688063
313 -4.348741751361554 2.024388185008348 12.62735581845624
314 -4.777479501970088 0.4305678006129215 13.17007917653709
315 -4.677538602407198 -1.063170038447402 13.03900956156967
316 -3.95817289767589 -2.709717332307823 12.17733406267701
317 -2.440403313824715 -4.129664848338805 10.83028018508402
318 -0.8085125251010705 -4.728214148217528 10.09487767427023
319 0.6740445718287457 -4.749249049817061 10.06722536524371
320 2.294600592095207 -4.212423304677367 10.73452023585131
321 3.855223665811323 -2.854286726119792 12.06576103238053
322 4.643459787115071 -1.203320304175561 12.99495069365308
323 25.72430620506486 8.246315137828329 -29.55893629146335
324 22.32114296707534 -3.848854971158769 -42.71538111551352
325 -14.85070786496418 -2.217333659621086 -96.61358958204826
326 18.534055349216 5.539283669125511 -57.47223518551392
327 18.11029580767872 -3.25683825060699 -61.80328932518987
328 -52.32025727749115 19.50841684840551 28.73914684752463
329 23.7818802767193 -2.943990074428154 -37.75501116378669
330 -28.61387174947765 47.35339097021463 4.864294619454011
331 -33.84693143542013 -44.18576839878042 9.177557354449975
332 2.143742227747404 -14.88495200909004 -96.68911216356949
333 -11.71767396903044 -9.397584447965144 -96.7119382105779
334 -9.111242931617928 11.95235595993654 -96.60083609159295
335 15.54952176281425 4.901309975683702 -76.69810804035727
336 -54.60135622992496 -12.52839549934525 31.7699162862503
337 27.7116707330301 -3.383507410635266 -25.28055490173454
338 -8.656659925680181 -54.62513494101577 -4.340271837009295
339 -5.662669801085032 -13.92793745441202 -96.65167827400502
340 15.92699851389632 -3.440898593246745 -76.46919930688117
341 29.43720309995781 7.133117927994551 -19.66374061756819
342 32.02075060921923 -3.396914980450423 -13.69902711477785
343 8.457518092087399 55.039819832579 -3.94599942245826
344 15.39694133530682 -53.00366256803127 -2.462120300152487
345 -43.11381762476854 35.14380442294799 17.88817486046863
346 1.938072443940996 14.91338611055643 -96.68559631334846
347 34.15091420757261 7.720859639447344 -7.912603174972437
348 37.16678426127437 -3.363597452676878 -1.615926189671595
349 -47.06711640507359 -30.77950020794875 22.5846721066246
350 9.240571326379476 -11.85226660481434 -96.60082188412277
351 34.04949375192118 -43.54202686252917 9.02463839602297
352 29.33597351830158 47.14282663758168 5.563307005005839
353 47.15127656600741 -29.75470976980776 22.42463044597949
354 42.93903961220813 8.878276030658492 10.79561536538646
355 22.28638594558617 6.274122043951206 -41.62500161184786
356 20.24097785472015 -2.975525357929335 -51.49302039683982
357 16.78571057379674 5.197794627486871 -67.30335141673811
358 14.77530484116011 4.64921725339484 -85.63152502242275
359 15.21741057253333 -2.709471782370271 -85.86969082813302
360 -7.69239759750209 54.82475564837622 -4.47135192151323
361 -13.85755479239917 5.813073411425964 -96.11008528442753
362 -22.83883279281902 -50.39392572096446 1.197190309366461
363 46.45527044699546 -2.934120796761358 17.10139187581699
364 39.02071257933948 39.95171064257048 13.93020393962774
365 9.11320846736241 11.94476270526318 -96.80647108644051
366 47.2851059873943 29.28017011587878 22.50688045431037
367 53.20432591221089 -19.6822977498099 30.19749780351338
368 49.66203530283642 9.502776391425954 23.21571929139984
369 14.11847576658803 -5.099531367491636 -96.93773311811901
370 -55.6140320317035 6.934535953933529 33.13208358534157
371 14.39789448830469 4.509763048996795 -93.6644256153788
372 53.79969339494914 -2.395279415351701 30.02411015333768
373 53.03043715825101 18.44471810875521 29.76262269950492
374 23.84443932380399 7.588756305869314 -35.63147121687298
375 21.70528583337167 11.47163337953472 -39.49030249886916
376 22.51705661066872 14.00905019019815 -34.77719506005277
377 20.32731535093498 16.90158029605682 -37.62348018007123
378 24.81794747499932 13.95363175022585 -28.62148061477292
379 19.11453858761089 15.17038232158037 -43.02688719305645
380 17.1681729116642 20.15221320769959 -40.96206302656135
381 15.90585802681765 18.58749474986648 -46.33637159234502
382 13.44637505523261 23.1270294636164 -43.67711061650083
383 12.04694405706262 21.50911701095353 -49.20543443632482
384 8.43884493856997 25.47214201830092 -46.62930777081383
385 8.353902888388776 23.08420126699374 -51.74098458701656
386 4.785801764950287 24.81957615784552 -51.46383100039908
387 2.219971968108275 27.45598208964105 -46.99652022114596
388 0.273356892815256 24.78524721041397 -53.29922328528178
389 -3.377092974848993 26.64606301502113 -48.27476945111805
390 -5.601192579664537 23.91532973833279 -52.88192128939058
391 -8.563063125159326 24.79280203091897 -47.85428070333499
392 -10.64660852217899 21.4186516249194 -51.89613036201941
393 -13.2211883829313 21.62386403083476 -46.77911556585411
394 -14.80587575299777 17.75528440108171 -50.50637349474373
395 -16.94647198444723 17.6331508620482 -45.30727648121202
396 -18.05249562713021 13.42589737036316 -48.62416012576313
397 -19.83660108691017 13.15576370150876 -43.44356345387759
398 -20.29891681124463 8.741070698065723 -46.83200403716787
399 -18.82430604658831 9.077854708532854 -52.00043953438819
400 -20.41692765317306 4.372520636752477 -49.98655898434011
401 -19.18871965903498 4.73559830639922 -55.14714115855215
402 -20.10708240229197 0.06837322738780779 -52.79254565647787
403 -19.051665195739 0.4224291927237301 -57.9238648204546
404 -18.13347816140907 4.973298302789251 -60.06214062930623
405 -19.04566118098619 17.55292078048383 -40.09270210796601
406 -21.6872637924203 12.89607759073961 -38.18706120802061
407 -21.23314256864284 -0.3465107247298194 -47.84885215487369
408 -21.19759181445437 17.48793647170917 -34.76079895212351
409 -23.67227773405433 12.63167250248424 -32.72389902275106
410 5.772250532716463 29.21006976724379 -41.77190049968716
411 -18.14274199615127 0.8147523801191441 -62.85989258955135
412 -17.17591964453178 5.211532319723339 -64.96425970554017
413 -19.16078627428957 -4.180669204746221 -55.71799172506457
414 -6.794184852350682 27.70530682220954 -43.86609346290107
415 -23.5053000651036 17.39313796608981 -29.16563206485613
416 -25.81473264859137 12.36439368059221 -27.04473358559189
417 -17.34389268211207 1.188425455530072 -67.75046366598291
418 -16.32600750404559 5.46601242079833 -69.75450453564066
419 -25.8179135919871 17.35409804269147 -23.64917170414745
420 -27.99694735596401 12.16398531714304 -21.46907049094338
421 -27.5610574039635 7.049796670224692 -24.78127102489765
422 -29.73772954639015 6.78362885371598 -18.96712192376297
423 -23.00149611913391 22.38389393629395 -25.65678085530386
424 -30.38477659859395 11.94373323718752 -15.65174075087055
425 -32.00075469380221 6.512034255840909 -13.2787434659548
426 -30.98487586978882 1.251524866424963 -16.51062988608493
427 -33.30181455918544 0.9460588999293273 -10.68486607104314
428 -34.53470265061613 6.252189507132137 -7.270690864361925
429 -31.9344834943584 -4.356064690860687 -13.80070046220632
430 -35.80809120364401 0.5758442511363684 -4.778092863650051
431 -8.035781622353868 21.04918640724602 -56.9512651952791
432 -16.65323652017053 1.565488799163492 -72.56809106242197
433 -16.82412970777607 -2.676903298644994 -70.36211987577875
434 -15.56334066312882 5.748964301940467 -74.49754020788959
435 -37.17556351565969 6.053458668314376 -1.357052607190159
436 -38.51839048257563 0.195657010837624 1.227338619262813
437 -16.26697802892047 -2.333376891517902 -75.07222980527285
438 -15.5301343268679 -6.428731273831503 -73.03503034475402
439 -15.07172647999442 -6.054483380206078 -77.57215781762083
440 18.55525356799486 21.74981405619874 -35.73845893529011
441 -14.4296080043099 9.344931794904927 -71.64600878241765
442 -13.53824282013899 9.554782391362966 -76.25246768257028
443 -11.64274865490924 12.74656871337753 -73.42444071030212
444 -10.60515533019698 12.78387941561471 -77.92331498412001
445 14.61680533396771 16.98337502290929 -52.47216275838092
446 -8.16455619383647 15.38841904470573 -74.70476485132376
447 -6.870507273891695 15.18226501518824 -79.38569378038117
448 -3.963248871695483 17.01452860945606 -76.02256524067658
449 -21.75509102220154 3.989151617851284 -44.80124081222556
450 -22.56723038991689 -0.8756321196286105 -42.51521323432997
451 -29.7287227034385 -4.042979954685753 -19.56031851969851
452 -16.41905813148968 9.157989912053242 -62.01951146126228
453 -15.81978032599697 -2.059913340337595 -79.6159824182339
454 -35.44711038221347 11.85221419875379 -4.091267876678982
455 -38.30307811735271 11.63663553233554 1.916147100132106
456 -36.31423589792838 17.55149579571189 -0.6125351112087645
457 -36.93956496681798 -5.387460028827241 -1.947401304336009
458 -39.72110638821772 -5.759018218429751 4.035624397222945
459 -41.52706658985369 -0.1357006073395463 7.504688431584372
460 -37.85648080182875 -11.41655664746335 0.94501286062178
461 -25.60977126831601 22.45793178973063 -20.15635316335428
462 -22.24035512323043 27.48110259277099 -22.04919539165773
463 -25.29957096619461 27.6745361639397 -16.37100978218002
464 -21.36498831521653 32.70645985682954 -18.061329158606
465 -21.37441419468697 -5.25169581602434 -45.60439356703557
466 -22.71984371844121 -5.796735269429881 -40.36650508672234
467 -20.94677116847912 -10.14913863473579 -43.1840621272843
468 -30.25930100091022 -9.553392802227858 -16.81817615650229
469 -22.43507637232718 -10.73929770689837 -37.88065512861168
470 -20.04652065305579 -15.03201752289883 -40.5814134510422
471 -18.47492902589062 -14.38378652619477 -45.94631787738937
472 -16.7084843764368 -19.18829606277398 -43.467167481204
473 -15.53059563586643 -17.68463338182079 -48.81161577631205
474 -12.60310532778291 -23.2149763776924 -44.99145401823962
475 -15.00376728749085 -23.68656529244246 -39.95188346240773
476 -10.72926303988236 -26.15885137419561 -42.49973103230712
477 -12.87062188568708 -27.89836260554876 -36.67765800669068
478 -6.834570341326049 -30.88410341381697 -38.00350381673303
479 -11.52402940656395 -21.44260439956409 -50.29363171449113
480 -4.947700996092474 -28.57168276998973 -43.51324154537639
481 -17.36291394135428 -24.54332459313162 -34.36944539995751
482 -15.29239922798389 -29.27109126903995 -31.22179889970899
483 -19.28949323767887 27.30685469121742 -27.42207357478839
484 -2.495061557144536 16.44507812137902 -80.70334926936161
485 0.7482353052504088 17.27591897471251 -77.34625806298163
486 2.170395084291162 16.32621253431579 -81.72529319368002
487 5.229979048609124 16.15349870577263 -78.1626227623844
488 3.913422899337959 17.52137264236731 -73.83150613115144
489 -9.543628752384844 15.54879236230708 -70.15000203801803
490 6.544270674358784 14.83579340640042 -82.41472073417277
491 -19.56390030248183 -25.57645633876878 -28.99336493502198
492 -17.49922291699929 -30.91264702729818 -25.8529156865674
493 -12.53727468283748 -34.08513719826612 -27.8231991936524
494 -15.64480585004262 -35.80705018179233 -22.09765999309659
495 -9.75659734014264 -38.61343533586253 -23.865218792424
496 -21.51048708089155 -31.27042683438766 -19.34531509056731
497 -13.05375493555416 9.39597051701206 -80.299865109509
498 -42.78241093560099 -6.23569966781707 10.25139028479215
499 -14.70137672635878 -5.733831252860537 -82.15127587366082
500 -13.12114660438031 -9.356197382324934 -79.99052257635658
501 -5.575979662351843 15.05163546738909 -83.89126759801583
502 -13.22613881681897 -40.75774951463602 -18.25764264754224
503 -6.887342377369788 -42.96891511247036 -19.51572906903545
504 -3.144077941789031 -40.15457461784293 -24.79089546893695
505 0.05257739943002164 -43.78585164998963 -19.93747056063088
506 3.671249206405078 -40.21832232477363 -24.56530124168858
507 -16.12646897925472 -6.820384952919776 -68.30876401378509
508 -14.03225625949633 -10.30745330353808 -70.77285413844058
509 -14.72723967764112 -10.79019531880456 -66.03604445143426
510 -11.84680000304752 -13.92394854184471 -68.39873125761652
511 -44.6533462540549 -0.3421041351230266 13.66139075244533
512 6.843779999592145 -43.12780289189383 -19.31981439400959
513 10.25855302792598 -38.74576676119165 -23.31336366399658
514 7.379953669899317 -36.25045785056293 -28.9028367305227
515 13.35452544181004 -34.01427588748591 -27.04745516342934
516 16.15056603609848 -36.01139550834455 -21.25623744822977
517 18.59368182957021 -30.68089878908479 -24.51249174230153
518 21.16429004190525 -32.47305030086346 -18.60990088997884
519 16.19243931934208 -29.00321999819707 -30.26692315586453
520 20.54837833265515 -25.26250994638614 -27.52338269735417
521 18.44511880891519 -23.84842165572844 -33.24051655134791
522 13.98283494273694 -27.33193345619145 -35.97067874719194
523 16.54068912163003 -22.49474544640266 -38.84025263368046
524 22.10054742095673 -19.81639006254584 -30.16768926861954
525 24.13893543761673 -21.10442739439637 -24.41841564863931
526 -15.46618823958575 -1.8160808582613 -84.13682974654546
527 -24.60896873447765 33.20884709217622 -12.59942386308949
528 -39.56455742095156 17.36916465185029 5.753077169817719
529 -37.08606983226025 23.39427545235104 3.010632588979756
530 -12.71624822090172 -14.54623039880411 -63.58825883838912
531 -9.070392779044703 -17.18207163058871 -65.8332771050368
532 -20.32700474134749 38.07417482570649 -13.80802662463703
533 -16.40039357867595 37.2447169349355 -19.45659459324952
534 8.19477152658515 15.43279466155293 -74.42592302828238
535 6.98122915782174 17.22185092703094 -70.12791517496531
536 -2.972745034852085 22.7096563824188 -57.74770103460918
537 -12.83063841198044 -8.999457050776922 -84.38582717964429
538 -10.47698945127902 -12.12405607605426 -82.24586398218554
539 -8.75771313546654 -15.87979078556397 -71.08262535770079
540 -4.145932628168273 -19.20813137648047 -67.2195723549804
541 -3.703190842873497 -17.86692008992084 -72.63365644996404
542 11.98660743507738 -25.74786405190644 -41.48102884418129
543 14.75348786348545 -21.29273868296929 -44.33410271633173
544 10.10223232359082 -24.27260854758639 -46.89155609919788
545 12.9441658900355 -20.29399919269736 -49.85636371461077
546 8.291833668131259 -22.9081107338793 -52.21384443885344
547 11.36465033888144 -19.32251511582988 -55.17347692566953
548 6.496692019229941 -21.66029452765515 -57.44955335017175
549 9.679179570895847 -18.55286525120667 -60.54895177456012
550 13.55732493361086 -15.54801161239268 -58.47032431831956
551 12.31791007019128 -15.00108461449441 -63.59472641231017
552 19.01545121361761 -38.06507661113779 -15.4365017300773
553 23.9866732948719 -34.27693620523073 -12.56260476436283
554 -24.25144073059496 -6.284701553694987 -34.98843393747597
555 -24.28747983622193 -11.01941784629139 -32.14820337469234
556 17.57490576533064 -15.72812188970484 -46.57475493454069
557 2.676700887192834 18.90776924752258 -69.53003488407924
558 6.009688242507066 18.96737551324469 -65.74921302628815
559 10.07292124418178 16.32782046936796 -66.08341089727571
560 2.992433865964696 -47.39817764040989 -14.80588107908409
561 8.372355043447728 -17.70793513276454 -65.67939373813059
562 11.21820081921732 -14.53032844045262 -68.54690877734383
563 7.431088904334308 -16.92430051550953 -70.31522974046649
564 10.15439079744412 -14.18949682577635 -73.4472639380666
565 -10.21434561642687 -11.76211150918076 -86.59736753124601
566 -7.288026812597884 -14.15535359385125 -84.39947204499003
567 3.015516552136879 -24.21843649389537 -53.94062162989317
568 -46.00017492862656 -6.665356587778888 16.42264637242647
569 -43.90171792299073 -12.59737625169267 13.09152795493218
570 -15.06551786349907 42.15763269187288 -14.90627112742999
571 -10.53493136926941 40.94860802129753 -20.12672178533904
572 -8.933110677006034 46.04365345801247 -14.49738577704021
573 -3.931224109136781 43.51436012547013 -19.81068495654488
574 -5.776439094789867 39.38337477791019 -25.05368250494878
575 0.8691663442645956 40.84852340387713 -24.10351781839107
576 3.024289467753476 44.56524344989403 -18.57224988824352
577 7.578141885460748 40.84316728853248 -22.1025304454602
578 -1.075331910460201 37.21284782963549 -29.61831299115644
579 9.582453827168356 44.34206238637998 -16.30777333679041
580 13.85455586464024 39.59609988347085 -19.16253246697847
581 15.77909661861448 43.01357234929726 -13.24499400534908
582 19.50690502306477 37.47170881875462 -15.48675030818523
583 11.61422383883838 36.30308408561606 -25.595569266271
584 3.688599900629491 15.40331460417483 -85.95804549800145
585 7.76232315371173 13.59880344076477 -86.60961911304817
586 5.695048993576325 -16.62615475068814 -75.01064569572115
587 9.196812810452757 -13.93134601183821 -78.17269860255003
588 5.184872626544554 -15.84248615363275 -79.9203094519743
589 8.334504238736024 -13.7542656389085 -82.73711483480483
590 4.420166535245941 -15.39187368352054 -84.44463427497736
591 -19.92207902269481 43.05378230871414 -9.033348787385464
592 21.37640626611348 40.90594414837936 -9.585656485678067
593 24.5339646800735 34.78697746507748 -11.27094498708531
594 22.73451895516905 31.48677459275195 -17.18684908783487
595 26.99667665548918 28.48430986197105 -12.65620534484425
596 28.89691604278769 31.74446958058594 -6.891370644270356
597 30.83377084178268 25.22059999870743 -7.866583347576687
598 32.8863482904461 28.56946457035812 -2.125213765696712
599 29.01796489611187 21.95582078230952 -13.48301127229114
600 34.30280454984659 21.80779675639829 -2.964757529482931
601 36.52459796529781 25.22224526050846 2.734387459640347
602 -33.80273375182346 23.53629884253848 -3.12383204814951
603 -34.25613036056735 29.35929814153593 0.7158526637497622
604 -5.583947176504217 20.43659848804747 -61.83433535610107
605 -10.19936327153781 18.01586060457429 -60.88920237721966
606 34.99651280478037 32.26369983605777 3.563311398992481
607 11.62617835352252 -11.1529401082143 -80.9263569579484
608 11.00750084078972 -11.14693626728173 -85.32113000277086
609 21.95507848368917 -40.19476924979061 -9.596614270037815
610 26.87769761159451 -36.21163579511538 -6.540529520842574
611 28.30128765882635 -29.88709809704105 -9.285992885255204
612 31.13661909906222 -31.77573482402624 -3.140009274541318
613 32.03572258245575 -25.26222071485018 -5.570405962056305
614 34.8320109639528 -27.13133427694764 0.5644755303601581
615 35.3048485589851 -20.53052092627137 -1.539282985183264
616 38.12665421711961 -22.38926762908421 4.570230531032724
617 32.92413166637532 -18.76090546626414 -7.103428718685315
618 25.2792647414721 -42.59911907080398 -3.202098185985344
619 -48.06092428996946 -0.6396347486360462 20.01343024569397
620 -46.36440465708351 5.617000285191403 17.03819509335589
621 37.83163025046325 -29.09208640355665 6.75071479476608
622 9.269984440447853 18.39363602653621 -61.81643226985008
623 12.74398673625588 15.10684206350778 -61.99601011145194
624 13.37246124980737 -11.14076195872459 -71.35670607049052
625 -7.469876590521952 35.3573424267303 -30.21969120494813
626 10.16776661555047 12.27989152931623 -83.07399983418885
627 8.784265608135001 -29.82214293046935 -38.2308299049869
628 -6.497341628657968 -36.29646694598807 -29.34142929687075
629 1.199337096096899 -22.52234807052492 -58.91969878767595
630 -17.00540137125252 -13.81855732041074 -51.31961490780265
631 -15.58147601391363 -11.27785308689726 -61.21873621348053
632 -10.15262688961684 -17.93722547237814 -61.20467438649094
633 -2.376425222686995 -23.852894102447 -55.1128288998659
634 -23.66414701859813 7.862069165905274 -36.05038520814882
635 -47.31777007758182 -13.07715171004636 19.40231032515807
636 -40.52892033766225 23.22415643125706 9.25506603979543
637 25.0238377993068 -15.49903992214062 -26.95368916053503
638 23.22205050744038 -14.32521727634374 -32.57465904050791
639 27.01227690950343 -16.76680224553232 -21.23792970911456
640 26.26232264044935 -9.029633999188814 -27.64029467613774
641 26.25310667038227 -22.4740380751469 -18.81258892887467
642 -35.09349070646655 -10.96147056017364 -5.084295012161442
643 -35.67287793634424 -16.94473452739759 -2.119387431647381
644 -32.96898902502875 -16.40282346675956 -8.001644960182894
645 -33.04798986506766 -22.44266844365067 -5.123267432765123
646 -36.07869472228984 -22.9482279861494 0.9408536501254116
647 -33.10689375261978 -28.53428334167593 -1.755730106629954
648 -30.17471827879314 -21.98734760551924 -11.10306377938605
649 -36.5103985484145 -29.04595416162858 4.457471351339989
650 38.29701991101843 -15.73139399005308 2.837145124551876
651 41.07805664788811 -17.59274275452896 8.700114353227715
652 41.47596171326923 -9.73845233120411 8.0306633562372
653 1.000603895767318 -16.51979754040419 -81.33829914072244
654 38.92586109370885 28.5924794247525 8.409438780394048
655 37.53145982177409 18.30178842246659 2.054548769779678
656 -17.85339207162354 22.59010178295736 -36.07103439141154
657 16.0515148698917 -43.79515526448959 -12.09438272765673
658 -28.49240774751895 22.36450151335535 -14.29147216616287
659 -12.53098280594743 -8.844117249774333 -88.86269982917585
660 -24.07985050655092 -1.351888880388472 -37.00711158670948
661 -25.76333602621311 -2.013799838933379 -31.37226068837767
662 -6.825580174721997 -13.84327264558886 -89.27834177071031
663 -39.37294728444841 -23.60579284315296 7.291543088182034
664 -39.92545673192247 -29.68258004651656 10.55350982249874
665 -7.598273969818974 -14.66179118980103 -80.02943536689783
666 -15.65199676944227 1.913582019298788 -81.66516130922605
667 -15.29677811899113 2.09937674149073 -86.07389096800905
668 -15.22534762901394 -1.540890531589859 -88.35643209813524
669 -42.76382184264974 17.01243212720941 11.72790316625323
670 -44.19797406437771 22.88205698413075 15.6576526211338
671 -9.993159274043739 -45.78186361965911 -14.24514441639614
672 -16.23720262011319 -43.05102943937053 -12.77493117446898
673 17.64125116661442 46.54330834760104 -7.597817608987648
674 -28.1812691283534 -9.390410331987169 -22.22827013252173
675 -28.20577188517341 -14.66942874863726 -19.6485515983701
676 -2.090068063502235 33.46911644517255 -35.65114188306416
677 3.626292607732707 34.45580663009323 -33.56374486955253
678 -46.29861497781058 16.98663344126829 18.13334678366926
679 15.46133726824937 -11.50124068121877 -61.21098539120199
680 16.60050302016236 -11.9206211525899 -56.01787240239949
681 11.07133034956451 10.87294601048014 -86.96505745944968
682 0.06480665535598669 -15.91259347700617 -85.6691220189541
683 3.779083697220512 -15.06425450202942 -88.76814944299649
684 5.203501754164713 14.49798628822765 -89.97072572787867
685 0.5407382164731702 15.43487584561786 -89.93983034741861
686 -15.02846056775764 2.381872137895802 -90.14849017254997
687 -14.04451741318915 6.289824494520136 -87.45242104219996
688 5.776779004768811 22.6641565653994 -55.70984737120067
689 -9.114516869245886 31.37592737626707 -35.31372423591726
690 -45.29742421966778 -18.49425343518564 16.62208496394717
691 -8.412615076863561 -25.29118574962384 -47.02184818963347
692 -33.06228513890664 -34.56130313223262 1.788817099714451
693 -29.41558900166519 -34.00780069251295 -4.376041881078359
694 3.938349102770002 -19.23102550207593 -67.34574055283642
695 13.47449271587158 12.60446944917633 -66.34208907435352
696 15.63910840703009 10.74008460717497 -62.16188859056153
697 27.31207517311105 -12.09371980682154 -23.26134417283152
698 29.46787805147328 -12.54686017762052 -17.62822697640343
699 44.37267032868225 -12.86884219351444 14.00974598055071
700 44.30652460381253 -19.4231711319776 15.04258115049985
701 47.2595231659724 -14.53218155858632 19.47791483306239
702 -0.5760832439699652 -15.4169904041442 -90.12455327979028
703 -28.89512157493376 -39.96244953320674 -0.6227822883830741
704 -49.84099966005871 5.406042872263805 23.30485035233375
705 -51.57046219971171 -1.120352383597415 26.22318788726491
706 4.00946593489058 48.47949307524022 -13.21118313424877
707 -20.85618094483623 -20.57636217764192 -32.1612578097818
708 -23.29114687851614 -21.230569039882 -26.14015345741144
709 -48.68390176690254 -19.16040797915181 22.6285335199248
710 -25.04946125784126 -39.2071311451998 -6.5305984006474
711 -26.06143193581198 -33.52357078164174 -10.05342580324472
712 -0.4877519759399208 -25.98673779369789 -50.50679786143363
713 6.775668900401726 -27.83397302622798 -43.63380412505644
714 3.51487392777305 -30.95551201298396 -39.71047902556178
715 -30.91982512134824 29.23556047075521 -5.17990646144644
716 -31.02543152006734 34.88960448459424 -1.208095097397638
717 -34.57253666842879 35.69719511607663 4.856154674709492
718 22.6284198160614 45.02881119090179 -4.086963587663318
719 10.49415585807224 20.36369563799583 -54.50269679266927
720 -26.2061359835041 -14.79692865180992 -24.48202864487703
721 0.5379394860628255 30.34174766024757 -41.52586820587607
722 -0.5101051653259664 21.44542930008359 -62.06632929028706
723 13.49813249828622 -8.08610995879944 -83.34680371189245
724 13.01217672452122 -8.212468191638301 -87.9189571013456
725 10.57165632477033 -11.11359848820612 -89.52267034111432
726 15.29908807437271 13.46134850481404 -57.58437680973196
727 -13.94380004570164 -48.62344514706444 -8.29105648305114
728 -47.71260198073188 23.25545211559402 21.74635336585233
729 12.60172887607956 -8.446744860542397 -91.91730046952203
730 14.3803459838368 -5.019199503659705 -90.07012860197996
731 14.1207944573172 -7.848845520402396 -78.98702439659264
732 -4.005430357444878 -21.86790826269877 -59.33071859744812
733 35.40802806416198 13.97355387719381 -3.602821080539981
734 38.20953975849788 12.3734412972484 1.87221811917093
735 -3.199785194697823 19.80803580228541 -66.04910388325888
736 -14.40902955752917 31.19632286134011 -29.72642427517322
737 -3.66143072721168 -15.96619082327425 -82.05604464605888
738 53.05557969725012 10.66161926466834 29.09295897332401
739 -27.62026947312122 -4.011057824227851 -25.42969900444288
740 -17.94561091400333 32.20676534482274 -23.61995912635677
741 -0.6820199453460417 -20.78079475255924 -64.04705448588669
742 40.09856724816528 -3.372873350977865 4.655456763011012
743 42.95994940996466 -3.304352024573271 10.43341547154487
744 17.69135660701867 -7.644952971884186 -58.75110773000233
745 -1.429003165713203 -17.18722435609471 -77.52706915286525
746 13.30056202820885 8.452934200753786 -83.19799706672116
747 12.46304561234099 10.55976567398448 -78.68068913306072
748 14.87410074091406 -2.513484977577138 -93.64238265571167
749 16.14326329946302 53.35575279682289 -1.567856648000879
750 47.43945565893223 -21.73749145514575 20.97505405766189
751 12.38531837336708 -11.13966335969056 -76.4845509840281
752 -14.36064022966644 27.68799826245883 -34.87189137085715
753 7.768697685559982 -13.54343260135381 -87.05887749938874
754 7.532521008978874 -13.30971614125692 -90.98653436398661
755 23.02452843643929 50.27861905555245 1.273825026252972
756 29.51180005795911 40.08989091949899 0.3354601242738057
757 0.3654448920978735 55.65643467204337 -4.852785260169885
758 -3.029837592217586 51.0259021913762 -10.19910817245492
759 5.385080554668427 37.47976246495477 -28.06679609437866
760 9.628556165695441 33.5743724989392 -31.36177884558
761 15.19482922440891 31.37831441247993 -28.44974604980653
762 13.3977846234876 28.86260180467659 -34.46469269828484
763 18.28563394406139 33.37249155178726 -21.75102558569499
764 19.14967935746747 28.79331269880953 -25.88925612897824
765 14.92028827599941 -7.568072491166095 -74.07924904427827
766 15.73100772682198 -7.341156713255747 -69.51360390956198
767 14.43924100053459 -11.15578182945603 -66.35268652630724
768 16.54052655818841 -3.063400111665902 -72.02300235401951
769 17.22625482303054 -3.255567197247913 -67.06042277839339
770 -11.7210825100124 49.99054933927718 -8.169892488716222
771 -15.56935539498974 53.08364631914647 -2.257869543295528
772 -22.6451622537512 50.53092662310741 1.134881078205495
773 -24.98437228521799 44.19230771339646 -2.141339587366559
774 -24.24077491369793 38.61703750853594 -8.158321289398138
775 -14.45390075240042 -5.448733297799382 -86.39744475158889
776 -14.36214917821393 -5.032817318618458 -90.33826922673244
777 -1.008713485411075 15.93992516763862 -85.19393935375844
778 -4.00057092559174 15.03561694280389 -88.45313396130979
779 -8.145806269689523 13.30596770468396 -87.06754397015567
780 -2.411881055785154 15.04490217395086 -92.5109399759108
781 -6.596076357476861 13.78980234676462 -91.27692013051799
782 -10.1284878951848 11.46265462928585 -90.29730551907305
783 -11.53614016522622 10.36252462461662 -86.90793860054035
784 -5.948155199419639 13.83687637099341 -95.78976406017729
785 -10.09806200459934 12.39549446618464 -82.72455419427034
786 20.31965902363559 -18.52777759270387 -35.74403534348954
787 21.59105072819986 -13.28024959970857 -38.09030685619121
788 18.75360488712476 -17.31403693537063 -41.15260625118001
789 20.27411126847656 -12.12704717383807 -43.28519343836695
790 18.86280121104495 -7.768359095532599 -53.46788823451693
791 19.14408610232493 -3.192244289763312 -56.47228629483631
792 20.19317227675597 -6.969635268890499 -48.91937617791112
793 18.36175188045793 -11.45456676835925 -50.47598336665815
794 15.34999130671216 -15.89983958989821 -52.56343039273863
795 21.30454992811616 -2.957708419957025 -47.00484273662097
796 -0.6058679536997055 -55.45444120900674 -5.084012767246286
797 -4.808698207838974 -50.91729752290471 -9.973643831702018
798 7.765354079200084 -54.89434448061142 -4.366028891630926
799 12.08045139414883 -49.80154846507723 -8.172869505537863
800 -15.8266685471353 -52.82904754044947 -2.34658476134483
801 15.31368491105833 -3.813382605096204 -81.74600600952026
802 -12.41953665817383 17.97035275037556 -55.90417958956714
803 -15.96330302352999 13.90709787931059 -54.49668956565924
804 -7.957494428515995 17.92434078042466 -65.82129245003478
805 -11.69797635964335 15.18226533874946 -64.98172156032275
806 -14.43556391403753 13.81268796088677 -59.73700065244196
807 4.560357711925592 -20.54082645785841 -62.61201653143902
808 0.6169796393861806 -36.67539191534666 -30.50586461096286
809 -4.403130748088812 -33.64868533005093 -34.62337022294719
810 -9.892961111812296 -32.12762645454718 -33.38513801504286
811 17.85658135487259 14.03348077373551 -48.32359036379606
812 32.33596845957568 18.51620626741331 -8.445240235258101
813 30.23936229605019 16.86301850671552 -13.78351726526906
814 27.65237741934383 18.25853872217693 -18.79534271937272
815 25.60663038729315 24.9501518173116 -18.11164512012925
816 24.64283135129244 21.62632390467427 -22.88135202726107
817 -13.91997928295702 5.997457600245899 -91.85931279550402
818 20.34603308166115 10.51366073080847 -44.82647725585547
819 19.6160982878632 5.727656527415485 -52.39346434288488
820 -19.60623429640023 -9.574252447708554 -48.45817108061183
821 40.78134704595445 14.59858793199528 7.471727251536143
822 25.7838902431169 -3.461792143419556 -31.05618845737558
823 -7.245799928839056 -22.151818122281 -55.31508342498972
824 18.98286730364081 -46.91331274999092 -5.961339964674067
825 23.18904310334178 -49.65228707084845 0.858661237160089
826 29.0591147901191 -44.22539279140347 2.93309096409173
827 14.54423054751845 4.502128680660347 -90.13458894942239
828 13.04491685075106 7.703826687873016 -92.27741710778044
829 -15.06147129169574 5.712963966366079 -78.72113809088896
830 -14.63772993259646 5.714274639239528 -82.91912482906299
831 35.61411546861392 -14.13579617107334 -3.117901228425874
832 33.30058185846923 -12.57691899637441 -8.638126667406045
833 -28.8865479981645 1.567809840833598 -22.15109966695213
834 29.73017259259184 -22.82438453276692 -11.49183577713547
835 -12.32846161531277 36.29948014151258 -24.93818059780389
836 10.90561278713989 14.27038339859404 -70.50614244942361
837 13.98061553462537 10.55198261059807 -70.26573406761179
838 -18.27366639607857 -3.619975452880981 -60.62046185649296
839 -16.12147420027484 1.778111452200892 -76.94287823739214
840 24.11283976555218 -8.618573333688623 -34.19791681745468
841 17.95340499753926 9.639806758357739 -54.65082983310145
842 -18.51588131945625 -8.895817123468253 -53.45648682789413
843 17.758918773962 26.76582200670258 -30.72018959540593
844 29.8025886671606 -3.347003927230253 -19.46222455234022
845 34.56430186393575 -3.141924834593947 -7.550921561951863
846 35.51790502224822 -8.25525981644028 -4.704779089598962
847 -25.57233954703108 7.66680418484529 -30.27514132652362
848 20.84528219520405 5.928275200759454 -47.20629357076364
849 28.94877252207163 -18.37436232391293 -15.82954701558184
850 27.42848182040172 6.858467296756033 -25.21755370257157
851 27.53211612253363 12.15746138163488 -22.66064451665729
852 31.69531687638032 7.418755515219264 -13.83954412040891
853 46.19235573055764 9.235818493192349 16.97154940981822
854 47.40526249418921 15.61792930404403 19.88199318492342
855 9.100620959124099 12.33622320987869 -90.08149621585362
856 -14.32114397697904 -16.84218691590732 -53.53519378870717
857 -13.5118657318235 -15.45093348804238 -58.83151634514854
858 5.593533523604536 -33.34216355209425 -34.57166991526849
859 -13.51029288126267 -9.780621877070503 -75.53805616167918
860 -11.20341491395856 -13.24614950153382 -73.2765219963339
861 -8.037689500692089 -15.30763860331754 -75.42616346188727
862 0.9340269178583573 -18.00764467371769 -73.95113646918213
863 -21.91354699482856 8.31024614485581 -41.52351162694939
864 -23.33839765148876 3.52003921860768 -39.14492489064773
865 25.73073273451636 -28.08917636533806 -15.24038319115677
866 15.11537946451361 4.710378594678417 -81.33162612294538
867 -10.19124814438175 -11.36346105391874 -90.80298036841037
868 16.11099515546725 4.951452946255338 -72.2046111992499
869 14.36208873657452 8.647608291823532 -74.30943343398418
870 17.58508260383352 5.232160791297902 -62.65106243940517
871 50.09491262450802 -2.894842631492307 23.67694979153505
872 51.63157833429859 -9.66916401524964 26.62744431354023
873 44.25376065230083 14.77872852267945 14.07642308831321
874 44.90166814520564 21.60824268915328 16.57768135340555
875 48.9959027941777 21.10886353930978 23.48378466144325
876 42.81910044404588 29.262127635555 15.22226661186384
877 43.28189935115106 35.57009096110555 18.31760558130866
878 2.348360101280385 -17.04136993294037 -77.64367973859891
879 19.031513552894 10.10028643209436 -49.91501307889714
880 -17.50310239557038 9.312472155254781 -56.99292968914187
881 8.010550906099473 31.15888820735005 -36.6266178421704
882 11.8130678605666 12.31246329705229 -74.41391947592425
883 -15.40966133628418 9.117152157999893 -67.00538095959618
884 -13.02400327301584 12.48875664228515 -68.50979499699655
885 -28.83927801782439 -46.72908013396267 4.637119860499076
886 15.74755416192781 8.644047299148244 -66.38710134206794
887 30.0534705085006 12.30762255785935 -16.30696190194329
888 -33.49434704298114 17.47890162246906 -6.451288753950732
889 38.23482792555908 -8.836406853947992 1.287694171452187
890 22.79055581683756 -26.44791632674629 -22.09015285097152
891 39.62541026092792 21.72666069415823 7.129164694181799
892 4.793406706202743 -26.01794461722345 -48.81852599482882
893 0.5012470687610502 -28.5635264212731 -45.01645059882871
894 -20.24083575380633 -4.563503601351925 -50.61035815509499
895 11.07455843921844 -31.82680073544757 -32.68770664856533
896 -42.96892382162616 5.975451475727351 10.59781147048305
897 -29.80610060005302 -28.06444628573476 -7.934173543701684
898 -25.94512646575571 -28.24460858682621 -14.7260811197056
899 -27.57764773029036 -21.19718527196281 -16.98540691157807
900 7.297410120906406 13.28761223972282 -93.29292438193175
901 -10.85496972780199 -12.57790723824924 -77.74946852694727
902 -24.98306366558601 3.140173310769447 -33.67942399375167
903 -24.53950955489594 -24.75982582295488 -20.35247444863896
904 -6.1147271832459 -19.8448228997383 -62.90483653294204
905 -28.28545424543369 17.24982184209154 -17.98501446480094
906 -17.48985329102462 -2.95325569459134 -65.68301121151751
907 34.60794449589402 43.7410956911793 9.911513427015242
908 -41.41335111776428 29.41246024663691 12.93906208088137
909 -32.92547576087146 11.52476929437072 -9.814675105111482
910 -30.99414361995287 17.11828940917201 -11.98612052398739
911 -15.08546247281897 -0.8570340414893117 -92.80034994805614
912 -20.40882974375035 -44.4180934444621 -7.103753926144644
913 -18.89019571935101 -37.50047086260111 -16.21855283943685
914 26.64822861798883 38.70953043369451 -4.772111342365706
915 9.159358453375416 13.85243735604679 -78.72899597366271
916 -40.03408852665953 5.724607550569322 4.680941470657266
917 -34.27655521607693 43.50739064862212 9.310133195071787
918 -30.19971139748615 41.23785646679476 2.154317170054587
919 -38.91564609234899 36.22525446863003 11.87905227193069
920 -49.33660852015111 -6.937312199954813 22.48491757252113
921 -50.86548408167067 -13.36204932846424 25.61329110457531
922 -14.93347851937226 1.574670225775066 -96.54665247474884
923 -18.79868092633525 -19.93982280974991 -37.56855242318372
924 -13.73742329401255 -6.057747931928849 -96.84064893846018
925 -11.88257906230901 9.1712071965337 -97.22347582009392
926 16.7414209375245 -7.321192976737148 -63.92271434095511
927 12.33865627631574 -8.591124362461152 -95.98344041653843
928 5.817753690425651 -13.86599150948524 -96.5720493685333
929 3.953376883367643 -14.67053670608334 -93.08343824645871
930 12.15850854656282 8.83149993141199 -96.33841977955035
931 5.474110058495735 14.00393844099267 -96.63649909114302
932 -34.34944433132544 -4.897749080268113 -7.884038710336108
933 -9.002063185399182 -12.02755592291214 -96.85738454192619
934 -12.63252802257489 -8.314147746330878 -93.05519433046892
935 -1.926506697337867 -14.91858516819023 -96.56720536876173
936 -3.906467082503382 -14.69662726017881 -92.86928410801268
937 -38.60640264377484 -17.60642864874703 3.955771340371107
938 -16.88775532906225 -7.228224055151205 -63.32897522010883
939 -26.98851288716492 2.218138045493225 -27.57774466062964
940 -37.83033494094098 29.43671277706927 6.903414913422071
941 -0.644581126339325 18.26344033670908 -72.94629391246741
942 -5.046242240796466 17.8895290926941 -70.86975567755918
943 -40.89682891433525 -12.05956637989833 7.229005437723621
944 10.87671908565524 48.07281781192903 -10.92614760485265
945 -0.1810163865217842 -19.19049605412975 -69.41786457304842
946 41.22772470728925 -24.28669929011764 10.84193223469798
947 40.84740145806579 -31.5742400367933 12.84992258747565
948 36.58384145699556 -36.44669776063112 8.399673447312392
949 33.99922672787862 -33.93257840016359 2.899182639920565
950 13.34678426764707 -41.0894530867297 -17.73646572959388
951 50.40328123623888 -16.75280645230624 25.20112691019029
952 14.7298734143458 24.75745682138477 -38.75772268281887
953 31.08431388456372 35.38483499579191 -0.7736496075138228
954 -15.58652205192185 21.91423677118274 -41.63339364513617
955 -21.74236703011355 -15.63396069726028 -35.30633260026494
956 -32.60711556191379 -10.20480719337348 -10.936545426753
957 21.90819679178247 18.12654184953281 -32.34414496657713
958 -36.37876049295065 -36.22321174289039 7.960122960447574
959 -40.44772106343552 -36.06401697053793 14.16476494375105
960 -11.47468351130655 25.28933690771708 -43.03026655795153
961 -5.019670835150965 30.3057035088262 -40.19909124612909
962 -20.63483363123777 22.10823981739504 -30.9159755530787
963 -30.56924793213135 -15.51951167209803 -13.69027925971975
964 50.59708526241666 -24.47522639474347 26.73562510214269
965 22.22093043603794 -8.387113957836233 -40.42587861999347
966 29.83557291623533 -38.26547067451905 -0.578867588764131
967 -25.83958585237187 -6.786149605830155 -29.85309592017646
968 -47.15924324107858 30.52294101409599 22.65622967041844
969 43.79005731031751 -34.58867858252675 18.7192052552904
970 54.70100876769487 -13.82988227561147 32.0283480011667
971 -13.84636427034435 25.43999344764592 -39.14468321623914
972 -17.66193148397947 -8.022100051839967 -58.31987517663785
973 21.25748680082904 -7.234913557317064 -44.66947114906586
974 10.68825056700896 10.71678987268466 -93.1813554363651
975 -52.64445235181615 -19.26263229400634 29.2355939480255
976 9.697333357335904 -46.15758734303114 -13.94336498172505
977 4.764585966897624 20.97620258705669 -61.15674531010172
978 -41.29337123935559 11.53192790480958 7.925138254891444
979 44.30520071055335 -26.6624090702841 16.87383443328708
980 -28.13877992710929 28.10604619827784 -10.90341464877701
981 -3.68372458348673 -46.57146794527254 -15.75320566037763
982 13.32029554942191 7.678967901656288 -87.97037219683081
983 -41.86937369652792 -17.84806150157939 10.24516408588393
984 -16.4179048196855 -12.32431759850084 -55.93169835075501
985 -7.817148242293618 -12.97556650193248 -93.43782739338997
986 -3.865478757981089 -15.29113551265617 -86.49010549422697
987 3.447440464480608 14.77483623553469 -93.51268604211312
988 -1.851515658943988 14.92800490014499 -96.57134700768843
989 3.314775822009879 -51.62496046268273 -9.415981532187683
990 -44.62960517590326 11.26883997738841 14.28240970095107
991 -43.66840097616665 -30.10138101690689 16.90599839980802
992 -42.88072210476096 -24.10233303180918 13.69094212119709
993 -2.077940425463371 -31.29160953208068 -39.52804073079522
994 -2.199413825655651 47.06287661848041 -15.36350618633962
995 36.46935449465387 36.67992579684508 8.352445217028077
996 -26.0426568605506 -19.17886586665331 -21.78153621511603
997 37.19679887339818 7.683738447777253 -1.100668514278599
998 -12.59465820963323 8.639049713902272 -89.91335297403735
999 -54.82196976206564 14.00775898935511 32.23846856749266
1000 -51.92838452719178 11.06353336966945 27.22605333909859
1001 48.09133153810595 -8.397178242290551 20.35563288861934
1002 39.42407226250715 -39.31162947639714 14.19270735120856
1003 -31.05023242151944 22.77456512509865 -8.888909156489946
1004 16.74430274784464 13.14925017776787 -53.31475843667046
1005 32.43333267575592 12.91495145835859 -10.49183746700048
1006 -11.78057973766827 9.461981144004813 -93.59680489431148
1007 -48.01024934822053 11.20964336681453 20.44056101849364
1008 -52.92796034205794 -7.57407705485242 28.70951946952444
1009 -55.5532414134979 -0.7318592071965558 32.91422675746809
1010 12.20644775845158 17.35307830266211 -57.85820944392522
1011 -5.818539316794881 -24.55029925050061 -51.24334505609045
1012 -18.69968952327045 47.89904747782487 -5.199313233673378
1013 10.1882411684522 -11.19960848617029 -93.17917250940569
1014 13.91661126671655 5.609817447912045 -97.37756555944145
1015 25.65376302583525 17.00687396451212 -24.29370286934534
1016 23.19859030397575 19.63785185490664 -27.8398772178113
1017 -0.08420506786286562 -15.15624847678586 -93.91744585169474
1018 56.17145592423628 -7.408239854757181 34.05397723847275
1019 41.66891491458173 24.70064008647104 11.7507249111328
1020 21.47746820957656 24.42039729568129 -26.66612977976964
1021 -10.07498294945371 28.33330606534774 -39.46621196093933
1022 -23.84862759899536 -15.47225945849899 -29.95926537648073
1023 -50.07102722676969 -25.3629342149417 26.06041247749817
1024 -50.53446924151723 25.70018695559013 26.87448107654626
1025 40.08980041875778 7.994537824548506 5.026358745411673
1026 32.73505120360957 -39.65031791729299 4.602373027825057
1027 1.609424286290293 22.76321290114376 -58.1684848830613
1028 14.31244747992244 7.505620540967083 -78.8061336972234
1029 -10.99355635108097 -19.15071349981484 -56.34122145702462
1030 -32.60553611569682 -39.93160758377109 4.605401232473032
1031 14.85843692705936 -2.092223748001549 -97.25673476295898
1032 -46.00156232649529 -24.25333997281828 19.0916806558869
1033 30.67306391382502 -7.347235933025518 -16.41312676635487
1034 10.84073399287943 27.8135131412221 -39.45863226501302
1035 -14.80002532340369 2.964950777746298 -93.36217429753492
1036 -27.68863861390894 33.75781486162318 -7.300492770549127
1037 15.13006496658586 -1.721119970110059 -89.86432207385533
1038 -49.34476669565738 17.06068491982735 23.44379447665352
1039 -21.48748442510408 -39.14963523555322 -11.23139930492171
1040 50.78980195560581 25.54079050822443 27.25203173396135
1041 -24.55697879770804 -44.51590536647144 -2.35694823513207
1042 40.07859741489647 33.70216963489837 12.51804417406433
1043 -52.83426281823036 4.460172052085403 28.43976404768661
1044 17.21605594466994 8.995637813380482 -58.74062547572998
1045 32.99699302981141 -7.526077374599694 -10.66108134235992
1046 50.4067880422806 15.11858428631692 25.01377464163876
1047 5.047317612505862 52.19153909728927 -8.364696412827946
1048 -44.0383321240842 -35.69636996119536 19.52785591226781
1049 31.57600432897586 -10.96780115933285 -13.14344528709725
1050 1.764632580213862 20.17437112115736 -65.67402325621212
1051 -14.38156910953183 -4.543085612052458 -93.85189873798167
1052 -22.8512117502941 -33.92608223235098 -14.59752241542699
1053 -12.92222892983186 8.927269425962253 -83.96860170542413
1054 13.93712025259117 -5.793104866994944 -93.60032076048743
1055 -14.46237757559064 11.85912710568044 -64.39720082663213
1056 11.61173449203754 9.934356615059993 -90.09138573359481
1057 44.5859331749749 -7.271418395077986 13.80898045562048
1058 3.411822589732827 31.99999815608576 -37.86153605629715
1059 -56.36199499913949 -7.347042220080625 34.35970497777875
1060 -8.842208265962116 12.29239248543267 -93.39611764639736
1061 -17.64773197666869 25.81511355047776 -32.15417481261723
1062 -3.900210224459208 -14.93841785278257 -89.74776877592734
1063 28.69009271172702 -49.04098885964915 6.30246505995312
1064 22.37076031872309 27.68687430808385 -21.60819924038288
1065 -21.32161452261797 -26.97614952832192 -24.21966013142022
1066 3.594552248490154 -18.24955238174378 -71.22989848320479
1067 8.592751752864565 20.20772302697731 -58.20950131735475
1068 55.67531012544551 13.42030600849456 33.57210926906889
1069 14.30922214552722 -5.918904715822897 -85.93015348802244
1070 0.676011669052941 -33.43219139281354 -35.90549048663596
1071 28.52879411666474 -7.152099941318184 -22.08455358907876
1072 -44.63847265527971 28.12192616426395 17.86422617530895
1073 -4.017094733645506 -26.82231606346919 -47.57944782217043
1074 -27.68177214551713 38.595389017715 -3.4143813804953
1075 32.58438744685562 40.42646034554473 4.910333688419168
1076 16.3531578200767 25.59425968289384 -34.71961064109297
1077 -14.87470484999136 45.78124163491228 -10.83079929071073
1078 -26.37232643158189 -10.26763784164031 -26.71950671766528
1079 15.62437846592976 7.508228562376703 -69.75383295261376
1080 -10.40527888619305 -10.94114637306526 -94.15663194738494
1081 12.79957132633389 51.16543421399365 -6.175636039127728
1082 57.10437542901183 -1.505099015049918 35.43543048801611
1083 -37.81928841672672 -41.56304377908494 13.06804116437723
1084 42.25252265069107 19.28605250192755 11.29179138318681
1085 13.45710663930516 6.754867887244789 -94.91588282903321
1086 31.30540822388047 -16.0698671639819 -11.78410419055853
1087 -39.12060514765805 41.66387665675399 14.97688944549976
1088 -5.08061536085584 -16.29985730761003 -77.70547631646679
1089 7.513690268441247 -13.11899964652543 -94.14236101922957
1090 -7.844910255954407 -20.39035609756342 -58.92159328893261
1091 26.76207760816884 44.82896676095892 0.5590284326341032
1092 -19.57599478620703 -48.7508450843945 -3.519369249753899
1093 -2.729788421959257 28.69560027307921 -44.3064312726089
1094 19.62934316744377 49.1742030395103 -3.042057112038091
1095 20.10972179019473 22.72962383646616 -31.29249449116838
1096 26.40074802879588 10.41502425945542 -26.56516103986812
1097 0.2241160624790344 15.15232528778704 -93.9631332960582
1098 19.81038192515356 -10.37007788647284 -46.81792529822011
1099 25.10378776901071 5.335768343773687 -32.65744117408893
1100 -0.9820586429293108 19.17184255654309 -69.36653591112638
1101 59.41445757223499 8.073899790377325 42.29013983333334
1102 0.1973566776724949 59.96020977639255 5.327335827591102
1103 -0.1973566776723726 -59.96020977639255 5.327335827591119
1104 -59.95993512829009 0.2680982482308485 44.80241045775342
1105 59.96016791945033 -0.209684944285893 47.17505238546101
1106 -5.720248508309211 59.68705204882093 5.262918229679107
1107 5.720248508309589 -59.6870520488209 5.262918229678913
1108 -59.68259658443368 -5.766549350422656 44.83832380968021
1109 6.289261987418065 59.62978005166216 5.234152866831952
1110 -6.289261987421133 -59.62978005166184 5.234152866829352
1111 -59.50940518058019 7.341416142797215 44.66340178722845
1112 59.61383530019077 -6.438645474360684 44.7477976833332
1113 59.95295513248678 -0.9532697392982763 43.08613530985695
1114 2.239781028499479 -6.30199854688396 10.50492650454844
1115 24.52540543858498 8.08649217296248 25.52000277103867
1116 24.88295457733426 -5.101349143010822 26.24086012362599
1117 1.102966904873612 6.337171092098112 10.13147525553516
1118 13.25265827860029 4.398437581869863 18.38104470111736
1119 13.44146588687884 -2.75163972218427 18.77363053536861
1120 -54.04016495259593 0.1819447115243934 46.00290690066032
1121 -47.64878324930307 -24.46118806904027 38.25079501249854
1122 -44.1711956179298 30.01009734653016 34.35641591534231
1123 -4.823900314005272 4.035343228931525 12.46731426014985
1124 -6.166088507014619 2.610059869084352 13.78395525452253
1125 -6.459177929159672 4.504462494502374 13.53200008509311
1126 -3.855153440044985 5.653016932867136 11.45118848599681
1127 30.5576698085634 -4.589732881837418 30.1331643285483
1128 -25.89220681413833 -46.48036837560098 18.4302872822048
1129 -0.09889079620603222 -6.25783951577441 10.00652732554208
1130 -20.46587169831913 -49.49081717958255 15.25060378978793
1131 0.9817419388295126 -7.462644947086192 10.0917968090837
1132 -2.142660732873337 -6.045775483602478 10.48185084021389
1133 -13.60908066973725 51.43346211844278 12.36280933222178
1134 3.581613697678891 5.677317909300887 11.27737765303121
1135 2.532719003295791 7.490992670934581 10.54667055719204
1136 -1.194593317831522 6.256570148515449 10.15465104285291
1137 -20.47989706044274 -42.2557036166793 15.98416866094788
1138 -4.03448584933799 -5.503470819966861 11.59305556051318
1139 -15.21993057972441 -45.38164703748107 13.26193057170472
1140 -1.275511735264939 -7.50925757475594 10.14879652016503
1141 -0.1069419319179142 -9.308635877804747 10.00897964671814
1142 30.36179182320034 8.645783328298073 29.45658296743667
1143 20.63897569435181 -48.82996666094802 15.39272899332631
1144 -16.07841577111036 -38.86094630657779 14.12677059665546
1145 -3.551939836117169 -7.150746192235029 11.05834390629655
1146 -20.13657175810409 -35.96329740350811 16.58168836781987
1147 -16.05547741227808 -32.79275368812405 14.72943524556788
1148 -19.72179006632532 -30.41351202682104 17.17111775764752
1149 -5.42729912730937 -2.700855585156312 13.23819110962598
1150 -6.356662742532937 -1.040960606697371 14.17946970804985
1151 -6.859703980062451 -2.660778066598344 14.26167085301627
1152 -2.788791323549779 -8.747765595345587 10.57164561907011
1153 -1.92781756099515 -10.57107309106991 10.23954429978803
1154 -15.7436986618497 -27.54440312829571 15.22592831065841
1155 -19.35955619030018 -25.43020741021073 17.83037627767109
1156 -4.961576150396652 -4.385451629783087 12.47928805427143
1157 -12.16914730954391 -29.95196107160801 13.07603207779794
1158 13.56938026340241 51.32589410282857 12.35416626636128
1159 -31.18054329882987 42.95921810084267 22.23278209495085
1160 -15.98073318165332 -22.42553707023891 16.19474627629709
1161 -19.37443192792779 -20.72687842151988 18.8276375600892
1162 -22.4948867775461 -23.00775798641895 20.49153949865914
1163 -22.08387375889541 -18.71588978399223 21.23483813633024
1164 -18.70051385335182 -16.27500573116092 19.40745400956333
1165 -21.54511726536657 -14.32851351210335 21.95911314443884
1166 -24.76645335929114 -16.33958725784857 23.78064886834321
1167 -24.27936896799763 -12.27933165994512 24.43940292935744
1168 -21.14028840320215 -10.29404736986297 22.66675907519359
1169 -23.68756286192293 -8.178483279373228 24.91957427693205
1170 -20.66976005541635 -6.389811929436214 23.15812471628666
1171 -23.21555632689739 -4.359771844521384 25.20184875924878
1172 -26.22088374818451 -6.098575832344967 27.01615727322829
1173 -25.88009272563798 -2.097387481331968 27.18586218440237
1174 -22.6400810005569 -0.3821095785151363 25.08132775671735
1175 -25.60693746497757 1.875086769763433 27.01464116500292
1176 -22.6916796076231 3.595286572830322 24.93208245057641
1177 -25.5392103460058 5.835513074060551 26.5885947398757
1178 -22.90171977330351 7.419626511060666 24.51703653272856
1179 -25.64982590041096 9.851698933182208 25.95554954350598
1180 -23.00771420690311 11.4936795815607 23.71706475727378
1181 -5.496292801953373 5.940957680385201 12.49055241423415
1182 -28.64243481044667 8.089700300400681 28.36593121604841
1183 -7.316097682911942 6.707517123407745 13.59673905512017
1184 -8.1416988918208 5.242965119411567 14.56293884545636
1185 -6.078892209098744 8.246083498482557 12.40896077767255
1186 -7.9989986233306 8.98812011058595 13.54875429919595
1187 -25.88768646046932 14.00367115403936 25.17571347761806
1188 -23.06231187846865 15.847025135736 22.67121614107512
1189 -29.51976779918046 -3.914193437498352 29.49672690276732
1190 31.50478892476536 42.2765517267614 22.57167388984126
1191 28.10952209324071 -10.84845986250575 27.47479491614343
1192 4.127348784288666 -5.098965779519345 11.7335205635817
1193 22.64610257713516 -10.87840078274515 23.60390594204429
1194 26.08478177301911 -16.33901173601258 24.73533563552618
1195 3.63712985155871 -7.065909059394361 11.11451618714421
1196 20.93585900947477 -16.03577978555125 21.08166719656141
1197 5.543802981189357 -4.063482048613314 12.98102052287027
1198 -18.43877221765614 -8.340665182232897 21.19561895971907
1199 -18.04245055731247 -4.843693326588403 21.61042734066082
1200 -26.20831186882094 18.38054789588434 24.30473410044747
1201 -23.11537555236761 20.34075019535701 21.57305793805429
1202 -6.624500037754697 10.64320996369075 12.34006915418182
1203 -8.71290590118282 11.45373091621804 13.52243620546768
1204 -7.207941361064448 13.40427151209019 12.28465962281703
1205 -9.448099260853159 14.35222826214375 13.47161821658488
1206 -7.737060011523724 16.2698256705407 12.22659601688293
1207 -5.13057419226028 15.2409321361605 11.10318450285095
1208 -5.60965991514221 18.23069775405239 11.11440870693716
1209 -2.738277710205165 17.26839766953492 10.30067179649009
1210 27.37484799485091 14.11394620073873 26.2158720341651
1211 4.808112668327777 4.73948567185445 12.28421653199033
1212 -3.258127693131574 20.43050061577051 10.3595359724127
1213 -0.05074408914087623 19.31990257044431 10.01702706725048
1214 33.5623097742589 15.19671766363696 30.37488710678531
1215 -6.433223499411583 21.85999256775784 11.22841425889195
1216 -3.716480356989899 24.13252777510255 10.39778816904279
1217 -7.429652606485629 25.45713277116978 11.40818819679546
1218 -4.132902194509062 28.31191542563319 10.42229313144286
1219 -10.4498639522265 9.874721184753525 15.0661047778614
1220 22.3079777732397 13.45678966036315 22.7321796983965
1221 4.845405161460564 7.127870580193783 11.81999275808178
1222 -11.0187591822568 -41.13360248334924 11.93435552838301
1223 2.657468988043255 -9.13138402795059 10.50241951996407
1224 -24.07892908466511 -33.16531605844396 19.44844692859557
1225 24.07393261222605 -21.63182402838088 21.94273153264266
1226 19.25361176445326 -21.74234439635375 18.51826642135011
1227 -8.788734888385754 29.71164608858476 11.68585233741408
1228 -5.143318289159503 32.82279280080786 10.55891385853437
1229 -0.2927088727466197 31.18889374688468 10.02917475463481
1230 4.195574636888354 9.518261793630511 11.13507446170588
1231 -27.57592215996106 -14.38309361994322 26.29510450227977
1232 -15.66191310775568 -6.506352778765894 19.63819840040719
1233 -15.46467219558713 -3.297649214286607 20.07706649719935
1234 15.76573481337114 -17.49145297492557 17.04369127231745
1235 14.44251053844495 -22.23461562642879 15.25768583420403
1236 6.167633403618977 -6.172962163330066 12.90811415856482
1237 5.722075663744805 -8.194443251401243 12.18845641307761
1238 5.157195234287672 -10.47956439754281 11.52534641944745
1239 -19.87190214307354 5.310715520598007 22.79155863481854
1240 -10.01088586702607 23.05992376192447 12.67448358328691
1241 -28.30708969117814 -18.8420428338285 25.70829413788801
1242 -31.38164151514729 -16.59410661495203 28.48925973976556
1243 -31.93158728550584 -21.51311022629623 27.6536725168561
1244 -1.263357585853923 36.0321399976769 10.06107159176532
1245 3.603168548480748 34.21831354670552 10.28122594014538
1246 6.406302888387181 9.005258529813201 12.48053525328726
1247 -29.57036192440868 16.56639459963621 27.19427972562579
1248 -29.84752259101008 21.45262730437166 26.15819918480937
1249 31.72326014769283 -16.44479387643769 28.77031780319012
1250 17.31384734117444 -26.41497372848275 16.34275605829451
1251 12.65278314246557 -26.55757711486929 13.64668440188475
1252 1.268539415858844 -10.99120107784026 10.10647095840349
1253 -0.232085735103404 -12.89536063481701 10.01408802248861
1254 -4.677714370799541 9.876136866238541 11.34181928965305
1255 5.713468020987921 11.7852314681806 11.66982550155697
1256 8.30714422142872 11.30143284093286 13.28584378338065
1257 4.392221003002587 29.03187580260818 10.46289803850352
1258 8.646137776862648 32.3037148050344 11.51669133591157
1259 24.79931855315126 19.42596778314114 23.0171401198312
1260 9.048852146761297 27.02903568105943 11.93633961096836
1261 13.10229675487362 30.4232866965707 13.47726009423256
1262 7.311275387292111 2.289135061085699 14.64906380806934
1263 -2.203607340433582 14.04479733332076 10.23972731434186
1264 -36.21016113713105 -39.02832185719231 26.43305267128663
1265 10.03744142386544 -22.02279784840741 12.79096619487219
1266 8.101340833536353 -26.54151647666201 11.59793981511242
1267 10.31773923461373 -30.90268316633617 12.20263935333804
1268 3.210593118225062 -12.95604346129399 10.52551999678108
1269 1.239095564348228 -15.78612161228091 10.07839817036111
1270 -1.750325432839994 -15.58441046156937 10.14373074030718
1271 -0.3576324752007723 -18.29295857513797 10.02069498360451
1272 -3.514806070873489 -18.26386170691978 10.45824772341087
1273 -2.021548574929707 -21.39335674931163 10.1453792119528
1274 -4.716838809452318 -15.62051185679684 10.92152165011268
1275 -15.98725266400093 -9.726869163872294 19.10378095773456
1276 -13.58095157259402 -7.683977281973986 17.87825243454969
1277 -13.93619968501113 -11.15141961421974 17.25561370336138
1278 -11.57383470404587 -9.569927962093537 15.94784185709354
1279 5.388145300973114 -30.70206638797541 10.64702306980932
1280 7.784907456801523 -35.53257466246737 11.14043640995991
1281 13.18682648002633 -35.8693804591683 13.06098589027076
1282 -19.81348196483406 13.36779416309134 20.94922847328806
1283 7.407250325624423 -1.378917442316291 14.85179484228491
1284 40.56698298149865 34.53914713289743 30.59815177596448
1285 -11.86284546978589 -12.58842700811612 15.42833427859242
1286 -6.567394513494066 -18.30736195986294 11.49250728551236
1287 -9.635652446571846 -11.07761797585618 14.22043147993012
1288 31.19465256823447 -43.46696202181715 22.14843810339249
1289 50.30510678626192 -18.71955898961551 41.4161529207251
1290 22.17352646156771 -26.56075688139921 19.48505484281023
1291 -9.533968279716495 34.41655389396946 11.72478038927805
1292 -13.17900782966557 31.09317714663313 13.45156945113349
1293 -14.11388607572809 36.03790372626639 13.45844320901548
1294 -17.61831242359946 32.59251850889699 15.6068541941254
1295 7.534227721876772 14.46324504593353 12.33024793794567
1296 -33.46456316767888 19.13958391222114 29.36162608170177
1297 10.49603222587386 14.04507570180584 14.19587102052474
1298 -50.21134966777847 19.08479233283708 41.27562355361054
1299 7.686063878445602 -52.6774091756311 10.78502757069321
1300 27.10366605438011 -26.88792766913366 22.83591755782145
1301 0.3107327993004898 53.23800849249127 10.04788375999071
1302 13.5782797644168 24.74065229530673 14.37140973345237
1303 17.77531268617064 28.09673238968291 16.35222740876725
1304 16.92464095676473 34.34784649006843 15.01084314385441
1305 -35.36982428807436 -18.89985098393593 30.79114306648545
1306 -34.39947163311049 -13.06663910579524 31.42842472219601
1307 -36.09466925164165 -24.12680528565392 30.00402327947334
1308 44.17119561791615 -30.01009734652128 34.35641591533467
1309 -2.443943557864137 5.832835679012885 10.63393889820174
1310 -10.94743628533275 -6.805244986144987 16.19738857103807
1311 -18.83576294950086 37.81878328867546 15.62423230891929
1312 -22.21140257768579 34.0747694748551 18.10575242363917
1313 -52.37225734271523 -12.6673399977984 43.9165959744226
1314 47.64878324930642 24.46118806904128 38.2507950125007
1315 -17.51077617429138 -1.649690965095943 21.61488501640282
1316 -15.22157277931338 -0.2704686468069614 20.13945108317702
1317 -13.36460767735402 -1.807730300069051 18.82374589576605
1318 -13.1161971191641 0.9499562562110491 18.7156180476753
1319 -11.34189299933264 -0.5697161864682522 17.54680452641647
1320 2.495662080924012 -35.34432281852803 10.14802216835098
1321 21.96389298549447 32.0844142613821 18.28914300387875
1322 -38.82985510581824 -15.81952301130183 33.96284900522798
1323 -38.32356457769231 -9.806363370800756 34.73744132289754
1324 -33.73093691240835 24.48814888836237 28.19808474648319
1325 6.848846559806246 6.701113454778662 13.2655490661534
1326 7.544106595418629 -5.086750520059905 14.16978322292356
1327 0.1137931668406275 -30.43973721444006 10.02697085113363
1328 -2.822355999995834 -35.042097722222 10.18158491255689
1329 -0.6067585924605717 -40.24803178059216 10.04138051602395
1330 7.738730717535938 37.58716896482525 11.07198039446811
1331 -32.3171918861278 -26.98453049388171 26.54198783742009
1332 2.173964712446184 9.991798062493995 10.3164840321451
1333 -29.80940033227352 26.94245232931215 24.74952168445208
1334 -34.02318744945671 29.98648801707518 27.02254655771851
1335 4.105344695676115 -16.13452027093427 10.68815037845997
1336 -15.84593751840704 27.78840944989084 15.25066329840702
1337 -15.09285600761023 2.507840157026371 19.91965167893964
1338 -13.09166882799914 3.731883123920524 18.38880390558413
1339 -15.15123873161524 5.316576257187899 19.52635052325224
1340 43.84605544230612 -4.434792496311878 39.06360234177313
1341 -10.43874977075054 39.66630457410826 11.80356929707155
1342 43.66275856117201 9.738457145180375 38.39361808321695
1343 25.36044790488497 -31.70540066190023 20.57548529363702
1344 21.38722826141066 38.30562729485406 16.97551756672783
1345 -2.007588653606838 7.573017500555642 10.3491509120254
1346 1.510277010804993 -21.4737467254059 10.08937331695591
1347 10.59378410868845 -40.98851757605981 11.80091888064489
1348 4.745460457583662 14.83671899086257 10.97553539087762
1349 6.278373873767672 17.2744953677829 11.44303558392227
1350 -37.52227966492405 21.9588681823657 31.58507146602862
1351 -37.06823199490806 16.26556908326414 32.62025949079979
1352 -13.20787824761834 6.587232181982017 17.87703999987863
1353 -15.36632262437285 8.257196665177386 19.0213924257664
1354 -42.70001476822168 -12.67216104218377 37.2754857876031
1355 -42.02532650225834 -6.869059690646214 37.63277093619821
1356 -37.61851188573122 -4.153581296648992 34.91154240768203
1357 -41.50397899642135 -1.085254263815229 37.64171275500777
1358 -37.22331798055981 1.271304979915659 34.78482408179395
1359 -41.23707158723118 4.252524049966404 37.32876997915265
1360 -37.1421451096424 6.500209597172827 34.3756825041112
1361 -10.12978833973503 -47.96896434134779 11.43556297120696
1362 -41.1868402797229 9.591529988727805 36.72665149690918
1363 -41.26257821377378 19.48456168107089 34.86550167284077
1364 -45.46870072572834 7.249257016323714 39.91572919096689
1365 -9.78782994912469 -14.01642802950235 13.7435243042435
1366 -12.22150870032873 -16.25156537531737 14.90519071764322
1367 30.4679517060428 -32.29931389845972 23.94918050231473
1368 32.48200631952697 -26.95940827985821 26.66717805905669
1369 -29.99842462045696 32.40773066314919 23.59724481463365
1370 11.12280462509106 10.40788749290495 15.4171370429858
1371 13.56422493961032 13.43713692793574 16.4283327921003
1372 19.53041564707038 18.77336177142618 19.39209910295629
1373 -10.38246104159301 17.24817000892003 13.58024777910861
1374 -12.29161712070565 14.93551222062604 15.21386224967762
1375 -13.38603041331554 18.53953834916344 15.23374336134714
1376 -20.02198266871575 17.67062352143644 20.01147038672951
1377 34.98562629390018 -33.66443088523698 26.81609653860848
1378 5.614998288197051 24.37322043405916 10.86063657186212
1379 -45.89598982862825 -3.710349103486315 40.47805176504624
1380 -20.14615064663336 21.82617828760976 19.11763324128771
1381 -22.56145487178703 25.06518206413135 20.07229029601356
1382 -29.83044740915427 -7.775545735526883 29.23304252253336
1383 -16.97480256757341 15.10480349871871 18.45735299837653
1384 15.93287641594572 40.57185434626624 13.91320685681719
1385 21.01745112080639 44.42093711927333 16.02385585891598
1386 -33.53023152416124 3.358074087574218 32.22789624602103
1387 -36.8439491221468 -29.87889995099465 29.08175822201943
1388 53.67674407748314 -7.327551983899158 45.43322646057128
1389 12.85518306214083 17.24761300252728 15.13027795953807
1390 -7.566461242183273 -12.45915092447743 12.62600254726122
1391 -7.42983047361478 -9.625802605196551 13.03121267807858
1392 -5.765672709739292 -10.61939553247634 11.84102508192863
1393 -11.40780249631231 -3.088905187001213 17.33674104087584
1394 -9.715297086215372 -1.893555986412061 16.3533826151499
1395 -9.452633427653176 0.4504823754686999 16.29049479386756
1396 -13.59878129974968 -4.497120129241953 18.60298325804886
1397 19.74058106791859 -5.656247686845527 22.64435375738601
1398 -45.36253970766571 13.58751969491105 38.95440105995977
1399 -49.9572613062075 10.93999139716617 42.51456131938149
1400 -23.68604412403955 39.75452152327238 18.10702724537886
1401 -19.89657624927165 43.83938452161956 15.51329640606253
1402 -4.391043553340891 -30.69449915557124 10.44092807564377
1403 -7.881937055221705 -34.79526587523151 11.18987950881135
1404 -13.28487693100105 9.664345177765741 17.16224821623046
1405 -29.52924107163517 1.254863694119616 29.65553157296454
1406 10.72749883173309 -3.140722765611856 16.85981784057719
1407 12.30010241637531 -6.144172284964131 17.3333531797436
1408 9.305038665432393 22.39009027475081 12.39720328179268
1409 19.52606262468768 8.308991420327688 21.9729735948485
1410 18.48480304921859 -10.03349633618248 20.82764333676369
1411 51.74784210657585 11.57665201715292 43.6464805046146
1412 -34.08311811364936 36.39995749362171 25.54350725385073
1413 -11.18839109992364 5.028500245125402 16.80072077888648
1414 16.21200534735514 -41.42401366103301 13.97021130679423
1415 -19.85970756546282 2.525646982753108 23.12567225862559
1416 -0.08921853109326913 7.604479590879139 10.00736436212356
1417 -1.266770556257757 9.797372860310336 10.11673920061416
1418 -40.88673227783385 -26.90313760483524 32.76863942025804
1419 -0.3348056705503447 -24.59367853743383 10.02459867253423
1420 -4.783537672387213 -24.42733048762276 10.63347216512805
1421 -17.09344108414936 19.2663088678646 17.57055709459804
1422 15.13657963196293 8.79332517312171 18.72368355925028
1423 17.79244897478179 12.96779947589036 19.58619114187105
1424 22.27542953331677 24.74028683563113 19.94617104055731
1425 26.75023588010814 29.98333616399105 21.88411577735576
1426 -33.39635434978016 -1.573282641141863 32.22502392315852
1427 -10.0703396183523 -4.259001247143575 16.1806967142584
1428 -12.28273390051118 -24.83190922696556 13.6476001882011
1429 -12.24465596185304 -20.44118419512093 14.20745037324589
1430 -8.681773396179553 -22.17681362065658 12.12662711531139
1431 -14.66784085395128 -18.41603400716814 16.10077434494985
1432 -14.31196253791721 -14.53470520629475 16.69911123360444
1433 -7.906559049250214 -0.7599810012324646 15.24347268702086
1434 -6.800370492229398 0.4558610523525017 14.52048391655685
1435 -9.430513592935323 -8.20742105965234 14.74408318365317
1436 -7.268876603747582 -6.860796881057743 13.52588900415784
1437 -25.57706733115807 28.94200932541855 21.30308377244506
1438 18.50939316510668 -35.59269780657953 15.71714425142867
1439 22.53030612943454 -40.60570564023271 17.31377289280465
1440 -26.09625910035622 46.36390520234514 18.56325526904088
1441 -9.755077195803416 -17.741440754977 13.14500472104969
1442 -8.636335377080176 -26.35004684039039 11.81397833451218
1443 -11.43120718878485 2.076016150818577 17.49355471534978
1444 10.04396628851182 4.203806517161729 16.17414992769614
1445 9.04288096614906 8.545953903965737 14.38381072922777
1446 -9.461058913647342 2.749800431531178 16.05343265070465
1447 -4.072350130978464 7.422285247460753 11.31076839403477
1448 -32.91392015242096 8.701890630287881 31.20174489531942
1449 -5.455947465518642 -8.014689364427916 12.05128247020772
1450 7.80654247587897 -7.548293724234437 13.74354647884977
1451 7.515666296498531 -10.32246638917201 12.95454048362664
1452 9.857357008349963 -9.137031793649692 14.82183893502802
1453 9.8039564927284 -12.54405134496189 14.03085207030853
1454 12.34694016274325 -10.94793633573766 16.16118058333133
1455 6.648939672943472 -13.22250252096478 12.0004062204103
1456 9.000514151223046 -15.81088960215702 12.97857419538953
1457 12.33838721175561 -14.9862310874535 15.23496506671542
1458 13.68426680860328 -47.17159140952567 12.57976529177365
1459 -3.108263626032205 -12.8456604824594 10.49796778349701
1460 -33.74134913180546 -7.063983448560749 32.00370575745621
1461 36.34686929376802 8.854826421677494 33.52904786445795
1462 39.50585739313434 15.64120234173002 34.47676535875794
1463 36.62264372847947 21.58166301738342 31.03021346001026
1464 -15.55679257368856 11.26047632069591 18.40156541795049
1465 -17.75460623828973 10.09757251882711 20.28643439862171
1466 -39.16999017992162 34.97809944983622 29.48533465820957
1467 0.5912337020263105 25.89543666536851 10.03169305228882
1468 37.11137256239658 -4.591314467506111 34.53808463236915
1469 41.20257343024513 -10.95298366957405 36.53144300502474
1470 47.64255971978675 -10.4786590753281 41.00185274066967
1471 -18.8442818918486 -11.88868967128425 20.62363448307181
1472 -20.33797567131377 28.91657665752679 17.81577665208945
1473 -44.17794411361267 -18.99821167273911 37.04503531995984
1474 -32.82478585838265 -32.87106024053974 25.4730847313684
1475 -30.6491561743943 -38.35719366719326 22.77285660954084
1476 -28.04700386692158 -29.71308546607936 22.84528683791407
1477 -28.62338693026183 -23.63456645439107 24.71795435798316
1478 -20.24620085911753 -3.119869267722257 23.33166225957909
1479 47.03894875153279 16.63214049793257 39.5509952369447
1480 0.07276517021832843 16.17342974902127 10.01439781607689
1481 0.486556186714252 13.22907474179745 10.0235072924878
1482 30.76562736877189 20.13571224418504 27.15994857375169
1483 33.16120494656155 26.9613837145144 27.15702660763702
1484 -25.54530120462651 -39.58674872709916 19.25702067959212
1485 -4.839031840190808 12.57861400201135 11.16783634173211
1486 -2.994313313490838 11.36517982957038 10.51787549150416
1487 5.973454753039352 -21.88004934036077 11.06664008903655
1488 33.93421979519931 -10.95062140464339 31.51837207381167
1489 37.95288201333309 -16.78121389421513 33.1315169112091
1490 38.56114341925898 -27.59487074322347 30.90620497341388
1491 26.15742846944842 -46.4038955548391 18.5928657140152
1492 26.47152618250024 35.46522404755653 20.5740543274442
1493 31.58943737332618 33.75954355212409 24.40111891760264
1494 -9.614170704407568 6.943360621987161 15.19620933137815
1495 -41.35592182508794 -34.77399760357289 31.10790830646264
1496 -17.4836234882233 1.15301640018706 21.62291133305957
1497 44.12185577873109 -17.43788627091499 37.34324018937961
1498 -32.90162892010898 13.9249051108683 30.19126905062699
1499 -28.81273502229608 12.44010659654466 27.62771803811766
1500 -47.23488523942914 -15.11026785342905 39.97699953777597
1501 -23.07012557017206 -27.79732506458873 19.83467281618011
1502 12.29651288277234 36.16843347889532 12.66700024939599
1503 -14.79698392312364 -51.71403277193803 12.75549874152604
1504 -47.85766461586508 25.11547161999981 38.24276843059484
1505 3.78081158949958 -26.06037446397181 10.38426569405406
1506 36.01402194116822 38.70751855386144 26.36867489874595
1507 -5.189651179210165 -44.50254053231379 10.43923731290839
1508 -4.080631078989619 -50.77403304282893 10.2621689202948
1509 1.597136653734807 -46.60851605270563 10.07728959725195
1510 15.3987954301954 -31.20335437831426 14.56463732789124
1511 -9.294065739003742 -54.35384185340597 11.09060975458358
1512 -11.53238890266337 7.760297003012072 16.37817677813201
1513 -12.21069805112349 11.86829967659416 15.84085767570439
1514 -7.096734531653722 52.83363901286034 10.67533955047173
1515 -4.112512541192614 46.83938750452494 10.28055693838499
1516 2.94425175450967 46.3594908230661 10.16488848692894
1517 2.984559021064395 39.58044375374779 10.18411700843824
1518 7.007133594845415 52.35621499225313 10.664769091474
1519 -11.89820918725548 26.61140020897134 13.25682928816285
1520 -13.9544813681015 22.93030204531016 14.85027626070721
1521 29.35535448440597 -21.41440252220422 25.81115224762384
1522 2.908257759325623 17.84679317424303 10.3270755836963
1523 -49.99573070598022 4.362282253961418 43.18284500591874
1524 -45.78604240075057 1.828724041190628 40.47973183609214
1525 -5.120363729800715 -21.09871703873502 10.8225078045288
1526 -26.27265552531895 23.4738592697906 23.06632216756681
1527 5.656000353894596 3.278057952625471 13.26164856365891
1528 -5.926295084705386 37.49095282838947 10.64893283785821
1529 -7.502380261065273 -15.28417729955796 12.21446749908806
1530 46.95974420745851 -24.18219537668416 37.8243129475019
1531 20.33983798228362 -31.16293093220614 17.42948168246134
1532 36.26638500356618 -39.88873508158022 26.27975745826544
1533 40.52581511695767 -35.28810355634209 30.38224703015214
1534 -38.32078519611427 27.64112136859605 30.72012115588586
1535 -26.9686725642859 -10.19195746750896 26.81028746903206
1536 -15.14990021976167 41.4140148929266 13.50165988752662
1537 -10.72896739515585 45.6786415932209 11.67341925769543
1538 -46.66025365936579 -9.256184002442991 40.49379996304337
1539 -50.99807337031516 -5.843774803433494 43.75607220356066
1540 44.72269402201729 29.81087488797006 34.80697305165019
1541 -39.67304773140351 -21.20118718262314 33.32020498174346
1542 -28.11900082622111 4.222919087478258 28.52647877738304
1543 7.838205151956876 -46.11889216875728 10.91484131287186
1544 5.255439584561979 -40.3442144992448 10.48735366043968
1545 -17.69320761066645 6.965165920003821 20.97066635097016
1546 -17.54105825355728 4.013449028641837 21.39275274717732
1547 -8.015147346385326 1.416828521397336 15.25861347438907
1548 15.7768310229715 -6.131178853795246 19.79912022180423
1549 -7.492582144292267 3.07260141967352 14.61953077485158
1550 25.84792539590875 47.21958817011158 18.3050701138894
1551 -8.413738382767102 19.39318810445443 12.24661656319941
1552 -11.22400221350139 20.22231280789183 13.64439628912302
1553 9.703205852448924 -5.899629966128301 15.52638530113022
1554 9.325550040937602 18.03149753091033 12.86815322261267
1555 27.23267038155969 -38.06418088731476 20.58393862835007
1556 -14.24554568093722 13.35913088842192 16.93094408451585
1557 -25.09338299709971 -21.08574535658751 22.81106056075546
1558 -20.25234378523156 9.273790299572957 22.27107445589437
1559 -8.825156460742271 -5.748399838974533 14.92936522072562
1560 2.946934091425647 12.26098492089958 10.46927456459199
1561 -19.68790907911052 50.40046206531117 14.81370723339723
1562 -1.654744240360144 41.2420242708784 10.08033388155051
1563 2.852318729419205 -18.51653885924728 10.30536083106545
1564 -0.7872288376106928 22.42600752249652 10.0380536172369
1565 38.65769185002485 27.7023363524745 30.94874271009008
1566 -28.36165428155447 37.59434557825536 21.40607870240108
1567 41.97235332586215 22.58406732456901 34.63418238423365
1568 35.25144389383765 -21.70292852025873 30.00915150476969
1569 -6.918959090074058 -4.61484035420595 13.8371082788713
1570 52.69844594689057 -13.21892459844436 44.05701597093824
1571 17.35339987149553 23.08433765170953 16.96325998678211
1572 11.6074610860687 7.15333614804127 16.58674992449143
1573 -5.315136113238557 -39.34358128683409 10.50826380908765
1574 8.71020706529295 46.35202600119304 11.11164575876868
1575 5.991241387103617 -1.242759159126297 13.90856122144524
1576 6.782519494083551 -2.917290291808514 14.15202955395556
1577 8.679870247730717 -3.377460377234634 15.39024067662498
1578 -36.56606802820929 11.34251730353254 33.27061328798162
1579 2.633182521893112 21.68184071174766 10.23037040114399
1580 -54.46964020990897 7.510428377133972 45.95001810952312
1581 -8.543793279894809 -3.391129285304316 15.29171417957518
1582 5.818850235055137 -18.33809797519288 11.1878222782065
1583 16.0151029284996 16.36557139221637 17.47279203069902
1584 -45.42886653732298 -30.07228470329144 35.25203887798524
1585 0.2144593292906188 10.9898229768641 10.01242251879369
1586 -42.58370070682741 23.62275685239503 34.81892839306152
1587 -30.39523613228662 -12.14638298163049 28.80826926513396
1588 41.42233614715608 -22.93055266578175 34.15386491686071
1589 -3.067055196791921 9.073753218615179 10.6618528257381
1590 -16.2092385983525 -13.16361350667766 18.39019524055835
1591 -3.701579210841607 -10.89514003144849 10.80235697749844
1592 -50.74894966767772 -19.47073638389894 41.5729206630493
1593 5.888097534422682 1.690360109462535 13.77092923055948
1594 -5.656758994725922 -6.057496328303723 12.57608332616198
1595 11.46125448944057 -18.41599134115231 14.04833795588223
1596 -2.852643536484034 -27.49863722852971 10.22008741300657
1597 7.229315203745065 4.391450659211159 14.1184161278809
1598 9.087671803563795 6.248777335976733 14.99198174620882
1599 16.9167627092441 -2.679642623382734 21.13201053486728
1600 6.075947746324985 20.7093172698982 11.15703251719293
1601 -12.84982040442856 -35.08684812034041 12.97292557679256
1602 -5.601619689124314 1.275300053296239 13.63909425458047
1603 -6.306231388467451 41.98653677679058 10.66044472759733
1604 -30.87114067656476 -44.52641818163212 21.750749264722
1605 48.98085132925141 -2.757912856440967 42.58097953718384
1606 15.09850297915555 -9.89865567891461 18.41709853416153
1607 -4.263532057925924 -9.192913113629743 11.20241089034304
1608 -17.87824069921737 24.24474043401005 17.08620907625618
1609 -14.87547470077451 16.24740805543919 16.70285686635619
1610 27.68385625285878 23.93478292183161 23.96591798853408
1611 1.492529693011469 -54.2270204276157 10.07489376133701
1612 -5.48842795099833 -13.1346633275588 11.42041614253464
1613 -28.11458532308572 -34.32081940688505 21.89286735015076
1614 14.10121939910458 -53.15834632592501 12.45383819462955
1615 9.174869830607598 -1.433038391815785 16.03953043287672
1616 14.5074307718859 -13.55494716744818 17.07039254730847
1617 51.56915314758584 19.61927156501004 42.11757724367242
1618 25.3701754991008 41.35317175164271 18.86967802831172
1619 -45.25696972967074 19.42390740730151 37.7140819535492
1620 -40.90728688398285 14.30952217961468 35.72925891053693
1621 3.133464372413464 -5.621293131508995 11.02074216301066
1622 -17.60485989241265 12.68181400963618 19.52325513545472
1623 16.9905849174012 5.084879549855766 20.84565898799327
1624 -15.75833363789349 46.20748669747353 13.42710242874399
1625 -49.19885891459248 -0.5848612830571706 42.77538039825685
1626 19.97194983327255 50.45660364696774 14.93824554033515
1627 -37.29779121761678 41.02855340897929 26.74155138806108
1628 -26.11122191088374 33.48989137795908 20.71950467213403
1629 12.32368147125277 21.04620223072949 14.16463504291222
1630 35.84388786056289 31.70030173222825 27.90653988636058
1631 -30.58988508775434 5.179673302752687 30.09459071653144
1632 -55.58490386603989 -6.777543701769512 46.76072667045996
1633 -54.1653595316339 13.92706963057121 44.95276086370669
1634 10.91573788253028 41.22309148752196 11.89648237656762
1635 5.368207873580396 -2.497737192227395 13.24356319523034
1636 -16.19228781331381 -16.44716819096567 17.57858085036867
1637 -43.2404875361506 -23.63894771726172 35.28731399783547
1638 -5.654660949050893 -0.04819014294621651 13.76716117979841
1639 -6.897489624411515 1.768008897220207 14.45178143035938
1640 -17.15824180477656 -18.82040288241204 17.7137089301345
1641 15.07081256193093 45.86896382474686 13.17233540435106
1642 6.74144453699505 -16.416851053191 11.71940345430396
1643 0.5824351000696251 9.278467897408486 10.03242869000692
1644 15.17154596380028 19.82520677505599 16.15657378519056
1645 7.130775643260474 41.95116476331903 10.8323664356594
1646 -25.22928743589176 -25.13511545552728 21.92314362647806
1647 2.205915159274504 -7.723528495766874 10.41011813283714
1648 1.210553494329442 -9.13774258483479 10.11386124175759
1649 -4.730808961970314 -6.701122534151744 11.8225456906861
1650 2.219075756034868 14.90277986810292 10.23066575783628
1651 -32.18460738671121 -9.957780800597929 30.48685507096308
1652 31.98240403648311 -37.41122654522242 23.87066658786537
1653 8.932556020244281 2.376689392972802 15.75157369023702
1654 23.03318788658816 -35.76183140914004 18.33557089030897
1655 -3.730404398436477 -4.1758444599817 11.65846817561952
1656 -7.994209812195484 -29.84757454160736 11.40319126278687
1657 -11.90185091060237 -5.112258460120529 17.28745121127699
1658 -1.191187691943252 12.12738261297383 10.08816068212287
1659 -9.445178979114232 4.617733034167371 15.65497439750175
1660 8.226550001652937 -18.99777941600254 12.19318234035246
1661 17.15949621827634 -13.67046768030472 18.9489795608601
1662 4.50422245679853 3.399400587347076 12.39703791420828
1663 54.99220702424576 -2.088706233486672 46.61105013127109
1664 -5.855468162636954 -27.55356737137296 10.8345517286569
1665 -10.3388550436518 12.30769689614971 14.43869425962447
1666 -19.30103635079226 -0.4699147159450933 22.8551024310712
1667 11.82010512638429 1.630838987064224 -100
1668 -11.62695585521074 -1.700434822680178 -100
1669 -1.363026430672158 11.49362468886807 -100
1670 1.563854223607454 -11.36080556792518 -100
1671 -6.95232661021072 -9.120235626882192 -100
1672 -9.136779224943222 6.988282419140756 -100
1673 9.157925907433498 -6.902603585521415 -100
1674 7.039112965132536 8.900235485685393 -100
1675 11.41991217318798 -4.603392403802507 -100
1676 7.865165807255803 -3.610526377865995 -100
1677 5.393075447204914 -6.104699142233756 -100
1678 4.089397994815643 -2.619570984533408 -100
1679 1.54867350000675 -5.381616535694281 -100
1680 0.2576244439504451 -1.822592006878287 -100
1681 2.83329107135096 1.091722831516753 -100
1682 -1.006637060187896 1.859276298596372 -100
1683 -3.586801795626568 -1.083097302321255 -100
1684 1.498636420677643 4.720942077540499 -100
1685 -2.110141513396143 5.328747960338424 -100
1686 5.610797715004177 4.287116064947301 -100
1687 6.59967510685507 0.02564185565303812 -100
1688 -2.19228526513571 -4.713447243979501 -100
1689 -6.098238209503075 -4.585126479209226 -100
1690 -7.71420251918985 -0.3855352294699228 -100
1691 -4.816165187327456 2.556582658594339 -100
1692 -0.7065518411265491 -8.67961839624564 -100
1693 -8.539055743220818 3.384247223767475 -100
1694 0.2503776928032755 8.139141781095899 -100
1695 3.741326476067716 7.842366761950622 -100
1696 9.432811330331452 6.08954899161611 -100
1697 2.001720170598389 11.36787537693819 -100
1698 6.723707123155305 -9.404436314165634 -100
1699 -5.653377614678155 6.065699240716549 -100
1700 -6.671364738391867 9.48603821312464 -100
1701 -3.903191148655966 -7.614676797685457 -100
1702 -9.496887966898495 -6.451883746700172 -100
1703 -3.987573347072096 -10.88965602519426 -100
1704 10.62367068840559 -1.390970665973251 -100
1705 3.064128509586116 -8.596007706960918 -100
1706 -11.46102066529435 1.655689823781084 -100
1707 -11.40054882133282 4.740439435855404 -100
1708 -3.322892932648542 8.686212172715472 -100
1709 8.862454295020818 2.539140878803273 -100
1710 4.573091628417619 -11.43432249638331 -100
1711 -4.486617402084097 11.48539381639493 -100
1712 -9.111242595768701 -3.3272085658103 -100
1713 -11.57046444948816 -4.518151768842556 -100
1714 11.65903675517496 4.256326320558345 -100
1715 -1.236360505251082 -12.2402158262315 -100
1716 5.09331564778116 11.18350266380531 -100
1717 -2.629561163188658 1.557889689267455 12.00486749194264
1718 -0.04277266768022042 -3.411479997993121 10.59246031334943
1719 3.586504459008509 -0.2349759227362096 12.68419678954536
1720 0.3172307870191392 3.252836950178411 10.6771522261403
1721 2.093317223221289 -2.411937600991649 11.47219572213756
1722 -1.999465562028553 -2.269541374378705 11.49555416972456
1723 2.580491358703199 1.833933886527883 11.89435344458456
1724 -3.513446893625022 -0.1953211658286308 12.65151893322794
1725 -1.717394530809677 -0.2770729620576162 11.88356442684377
1726 -0.4020826155847635 1.436074371851587 11.41052582219548
1727 0.2813237898262477 -0.2575671985275338 11.60134758674323
1728 -1.329778776533927 3.048977324051569 10.9404749159281
1729 1.176590423270113 2.097798334141056 11.31278752699274
1730 1.34049980956496 0.7479294391696606 11.72326204563727
1731 1.621423368829268 -0.8111570891281514 11.79406367851515
1732 0.5470716042754432 -1.975649649512662 11.24956868110677
1733 2.905637641866801 -1.401838227077421 12.17415457504927
1734 1.226688833596232 -3.308268854036941 10.7931199848254
1735 -0.670446747161653 -2.400515945763115 11.09752319261271
1736 1.845584044157221 3.102634025806132 11.07295629097384
1737 3.546154917339288 0.8373281516710569 12.59933067125769
1738 -3.118632439147444 -1.498800247017534 12.24524229541557
1739 -1.207429612526569 -3.373701188211651 10.75769445351482
1740 -0.7296545444321898 -1.284354821028138 11.48854755159451
1741 2.482925868735562 0.317290230210358 12.17305857211834
1742 -0.6076422839258231 3.890870167771344 10.40903810305152
1743 -3.812420847337896 0.9666316926731803 12.69788534815599
$EndNodes
$Elements
3200
1 2 2 1 1 727 797 338
2 2 2 1 1 591 774 773
3 2 2 1 1 640 822 337
4 2 2 1 1 337 1071 640
5 2 2 1 1 699 1057 1001
6 2 2 1 1 374 1099 79
7 2 2 1 1 701 1001 872
8 2 2 1 1 799 989 976
9 2 2 1 1 340 765 731
10 2 2 1 1 793 1098 556
11 2 2 1 1 452 880 806
12 2 2 1 1 739 939 661
13 2 2 1 1 370 1009 116
14 2 2 1 1 671 797 727
15 2 2 1 1 833 939 739
16 2 2 1 1 699 1001 701
17 2 2 1 1 898 903 496
18 2 2 1 1 773 1012 591
19 2 2 1 1 797 981 560
20 2 2 1 1 116 1009 117
21 2 2 1 1 726 1010 445
22 2 2 1 1 721 961 676
23 2 2 1 1 556 1098 789
24 2 2 1 1 75 791 327
25 2 2 1 1 640 1071 697
26 2 2 1 1 817 1006 361
27 2 2 1 1 384 1034 382
28 2 2 1 1 676 1058 721
29 2 2 1 1 560 989 797
30 2 2 1 1 872 951 701
31 2 2 1 1 874 876 366
32 2 2 1 1 388 389 387
33 2 2 1 1 976 989 560
34 2 2 1 1 806 880 803
35 2 2 1 1 344 825 132
36 2 2 1 1 91 1068 92
37 2 2 1 1 496 1052 898
38 2 2 1 1 355 374 79
39 2 2 1 1 327 791 744
40 2 2 1 1 361 1006 925
41 2 2 1 1 132 825 133
42 2 2 1 1 71 801 70
43 2 2 1 1 483 740 736
44 2 2 1 1 703 1041 885
45 2 2 1 1 783 998 687
46 2 2 1 1 1000 1043 370
47 2 2 1 1 640 840 822
48 2 2 1 1 44 1014 67
49 2 2 1 1 340 768 765
50 2 2 1 1 731 801 340
51 2 2 1 1 445 1004 726
52 2 2 1 1 334 784 51
53 2 2 1 1 720 1022 708
54 2 2 1 1 687 1053 783
55 2 2 1 1 999 1000 370
56 2 2 1 1 556 789 788
57 2 2 1 1 366 875 874
58 2 2 1 1 927 1054 729
59 2 2 1 1 885 1041 362
60 2 2 1 1 733 997 347
61 2 2 1 1 997 1025 86
62 2 2 1 1 446 942 448
63 2 2 1 1 736 1061 483
64 2 2 1 1 742 743 652
65 2 2 1 1 386 388 387
66 2 2 1 1 91 92 2
67 2 2 1 1 51 784 50
68 2 2 1 1 594 763 582
69 2 2 1 1 702 929 683
70 2 2 1 1 369 1054 927
71 2 2 1 1 338 800 727
72 2 2 1 1 448 942 941
73 2 2 1 1 747 882 869
74 2 2 1 1 702 1017 929
75 2 2 1 1 758 1047 706
76 2 2 1 1 919 940 908
77 2 2 1 1 582 763 580
78 2 2 1 1 347 1005 733
79 2 2 1 1 489 805 804
80 2 2 1 1 869 1028 747
81 2 2 1 1 685 780 778
82 2 2 1 1 734 1025 997
83 2 2 1 1 911 922 325
84 2 2 1 1 410 1034 384
85 2 2 1 1 743 1057 652
86 2 2 1 1 717 919 917
87 2 2 1 1 679 926 744
88 2 2 1 1 346 987 931
89 2 2 1 1 550 794 547
90 2 2 1 1 746 866 358
91 2 2 1 1 738 1068 91
92 2 2 1 1 840 965 329
93 2 2 1 1 706 994 758
94 2 2 1 1 783 1053 785
95 2 2 1 1 744 926 327
96 2 2 1 1 934 1051 924
97 2 2 1 1 911 1035 922
98 2 2 1 1 556 788 543
99 2 2 1 1 630 984 856
100 2 2 1 1 662 985 936
101 2 2 1 1 953 1075 606
102 2 2 1 1 931 987 900
103 2 2 1 1 685 778 777
104 2 2 1 1 887 1005 852
105 2 2 1 1 822 840 329
106 2 2 1 1 70 801 359
107 2 2 1 1 765 768 766
108 2 2 1 1 572 770 758
109 2 2 1 1 764 1064 1020
110 2 2 1 1 1 44 67
111 2 2 1 1 648 963 899
112 2 2 1 1 372 1018 872
113 2 2 1 1 489 884 805
114 2 2 1 1 793 794 680
115 2 2 1 1 917 918 717
116 2 2 1 1 947 1002 948
117 2 2 1 1 540 945 741
118 2 2 1 1 421 939 833
119 2 2 1 1 834 865 641
120 2 2 1 1 814 887 851
121 2 2 1 1 396 803 399
122 2 2 1 1 767 926 679
123 2 2 1 1 329 965 324
124 2 2 1 1 870 886 696
125 2 2 1 1 340 801 71
126 2 2 1 1 355 375 374
127 2 2 1 1 740 835 736
128 2 2 1 1 1022 1078 555
129 2 2 1 1 497 830 829
130 2 2 1 1 781 782 779
131 2 2 1 1 872 1018 970
132 2 2 1 1 936 1062 662
133 2 2 1 1 717 940 919
134 2 2 1 1 900 974 365
135 2 2 1 1 653 737 682
136 2 2 1 1 683 754 753
137 2 2 1 1 969 1002 947
138 2 2 1 1 785 1053 497
139 2 2 1 1 618 824 609
140 2 2 1 1 730 1037 359
141 2 2 1 1 899 963 675
142 2 2 1 1 327 769 74
143 2 2 1 1 798 799 344
144 2 2 1 1 728 1038 328
145 2 2 1 1 1020 1064 816
146 2 2 1 1 131 798 344
147 2 2 1 1 67 1014 371
148 2 2 1 1 666 839 829
149 2 2 1 1 680 794 550
150 2 2 1 1 813 1005 887
151 2 2 1 1 903 996 708
152 2 2 1 1 745 862 541
153 2 2 1 1 551 767 679
154 2 2 1 1 741 945 694
155 2 2 1 1 776 1051 934
156 2 2 1 1 386 387 384
157 2 2 1 1 856 984 857
158 2 2 1 1 808 858 514
159 2 2 1 1 445 1010 719
160 2 2 1 1 783 785 779
161 2 2 1 1 790 793 680
162 2 2 1 1 771 772 106
163 2 2 1 1 359 1069 730
164 2 2 1 1 543 788 523
165 2 2 1 1 76 791 75
166 2 2 1 1 752 1061 736
167 2 2 1 1 334 1060 784
168 2 2 1 1 720 1078 1022
169 2 2 1 1 798 989 799
170 2 2 1 1 661 967 739
171 2 2 1 1 74 769 73
172 2 2 1 1 497 1053 830
173 2 2 1 1 803 880 399
174 2 2 1 1 609 824 657
175 2 2 1 1 641 849 834
176 2 2 1 1 583 760 759
177 2 2 1 1 872 970 951
178 2 2 1 1 541 1088 745
179 2 2 1 1 808 1070 858
180 2 2 1 1 683 753 590
181 2 2 1 1 778 781 779
182 2 2 1 1 824 825 344
183 2 2 1 1 723 1069 801
184 2 2 1 1 105 771 106
185 2 2 1 1 518 890 865
186 2 2 1 1 328 1024 728
187 2 2 1 1 757 758 360
188 2 2 1 1 820 894 842
189 2 2 1 1 336 975 119
190 2 2 1 1 668 911 776
191 2 2 1 1 737 986 682
192 2 2 1 1 855 974 900
193 2 2 1 1 376 957 378
194 2 2 1 1 652 1057 699
195 2 2 1 1 831 889 650
196 2 2 1 1 723 801 731
197 2 2 1 1 107 772 330
198 2 2 1 1 562 767 551
199 2 2 1 1 345 919 908
200 2 2 1 1 885 1030 703
201 2 2 1 1 696 1044 870
202 2 2 1 1 583 759 577
203 2 2 1 1 628 810 809
204 2 2 1 1 583 761 760
205 2 2 1 1 802 806 803
206 2 2 1 1 741 904 540
207 2 2 1 1 829 830 666
208 2 2 1 1 358 982 746
209 2 2 1 1 694 807 741
210 2 2 1 1 685 777 584
211 2 2 1 1 746 1028 866
212 2 2 1 1 549 807 561
213 2 2 1 1 547 794 545
214 2 2 1 1 779 785 501
215 2 2 1 1 104 757 360
216 2 2 1 1 758 994 572
217 2 2 1 1 580 763 583
218 2 2 1 1 729 1013 927
219 2 2 1 1 747 915 882
220 2 2 1 1 628 809 808
221 2 2 1 1 606 995 654
222 2 2 1 1 394 803 396
223 2 2 1 1 625 835 574
224 2 2 1 1 671 981 797
225 2 2 1 1 772 773 330
226 2 2 1 1 584 777 486
227 2 2 1 1 537 775 659
228 2 2 1 1 1049 1086 698
229 2 2 1 1 594 1064 763
230 2 2 1 1 806 1055 452
231 2 2 1 1 648 899 898
232 2 2 1 1 775 776 659
233 2 2 1 1 388 390 389
234 2 2 1 1 695 886 837
235 2 2 1 1 479 1029 823
236 2 2 1 1 809 810 478
237 2 2 1 1 548 807 549
238 2 2 1 1 564 751 624
239 2 2 1 1 708 1022 707
240 2 2 1 1 362 800 127
241 2 2 1 1 657 824 799
242 2 2 1 1 951 970 367
243 2 2 1 1 801 1069 359
244 2 2 1 1 829 839 434
245 2 2 1 1 628 808 504
246 2 2 1 1 856 1029 479
247 2 2 1 1 893 993 480
248 2 2 1 1 698 1086 849
249 2 2 1 1 668 776 775
250 2 2 1 1 861 1088 541
251 2 2 1 1 523 788 786
252 2 2 1 1 385 719 688
253 2 2 1 1 501 785 447
254 2 2 1 1 802 803 394
255 2 2 1 1 736 835 625
256 2 2 1 1 925 1006 334
257 2 2 1 1 106 772 107
258 2 2 1 1 595 815 594
259 2 2 1 1 770 1077 1012
260 2 2 1 1 770 1012 771
261 2 2 1 1 523 786 521
262 2 2 1 1 842 894 413
263 2 2 1 1 812 813 599
264 2 2 1 1 865 890 641
265 2 2 1 1 882 915 534
266 2 2 1 1 333 934 924
267 2 2 1 1 101 755 749
268 2 2 1 1 708 1065 903
269 2 2 1 1 780 781 778
270 2 2 1 1 652 889 742
271 2 2 1 1 969 979 353
272 2 2 1 1 590 753 589
273 2 2 1 1 421 833 422
274 2 2 1 1 685 1097 780
275 2 2 1 1 539 861 541
276 2 2 1 1 825 1063 133
277 2 2 1 1 618 825 824
278 2 2 1 1 130 798 131
279 2 2 1 1 648 898 897
280 2 2 1 1 597 812 599
281 2 2 1 1 757 1047 758
282 2 2 1 1 776 934 659
283 2 2 1 1 695 837 836
284 2 2 1 1 611 865 834
285 2 2 1 1 719 1067 688
286 2 2 1 1 465 894 820
287 2 2 1 1 804 805 605
288 2 2 1 1 683 929 754
289 2 2 1 1 514 895 515
290 2 2 1 1 947 979 969
291 2 2 1 1 645 897 647
292 2 2 1 1 820 842 630
293 2 2 1 1 899 996 903
294 2 2 1 1 761 762 760
295 2 2 1 1 715 1003 602
296 2 2 1 1 606 1075 995
297 2 2 1 1 860 861 539
298 2 2 1 1 708 996 720
299 2 2 1 1 127 800 128
300 2 2 1 1 445 719 383
301 2 2 1 1 644 963 648
302 2 2 1 1 751 765 624
303 2 2 1 1 574 835 571
304 2 2 1 1 392 802 394
305 2 2 1 1 828 1085 930
306 2 2 1 1 796 798 130
307 2 2 1 1 381 811 445
308 2 2 1 1 388 536 390
309 2 2 1 1 422 833 426
310 2 2 1 1 734 997 733
311 2 2 1 1 499 775 537
312 2 2 1 1 648 897 645
313 2 2 1 1 959 1083 123
314 2 2 1 1 604 804 605
315 2 2 1 1 995 1042 654
316 2 2 1 1 613 834 617
317 2 2 1 1 379 818 811
318 2 2 1 1 784 1060 781
319 2 2 1 1 851 1015 814
320 2 2 1 1 585 855 684
321 2 2 1 1 471 820 630
322 2 2 1 1 758 770 360
323 2 2 1 1 577 759 575
324 2 2 1 1 698 1071 1033
325 2 2 1 1 682 986 702
326 2 2 1 1 821 873 354
327 2 2 1 1 360 771 105
328 2 2 1 1 510 860 539
329 2 2 1 1 858 895 514
330 2 2 1 1 780 784 781
331 2 2 1 1 385 386 384
332 2 2 1 1 987 1097 685
333 2 2 1 1 119 975 120
334 2 2 1 1 517 890 518
335 2 2 1 1 337 822 81
336 2 2 1 1 888 909 454
337 2 2 1 1 860 901 861
338 2 2 1 1 363 743 88
339 2 2 1 1 493 810 628
340 2 2 1 1 486 777 484
341 2 2 1 1 837 882 836
342 2 2 1 1 867 985 662
343 2 2 1 1 772 1012 773
344 2 2 1 1 569 983 690
345 2 2 1 1 813 814 599
346 2 2 1 1 565 867 662
347 2 2 1 1 69 827 358
348 2 2 1 1 766 926 767
349 2 2 1 1 331 1083 958
350 2 2 1 1 437 839 453
351 2 2 1 1 519 521 520
352 2 2 1 1 549 551 550
353 2 2 1 1 1006 1060 334
354 2 2 1 1 128 800 338
355 2 2 1 1 830 1053 687
356 2 2 1 1 714 993 893
357 2 2 1 1 695 836 559
358 2 2 1 1 735 942 804
359 2 2 1 1 453 839 666
360 2 2 1 1 390 536 431
361 2 2 1 1 585 684 584
362 2 2 1 1 777 778 501
363 2 2 1 1 914 1091 756
364 2 2 1 1 578 676 625
365 2 2 1 1 899 903 898
366 2 2 1 1 390 431 392
367 2 2 1 1 588 589 587
368 2 2 1 1 548 549 547
369 2 2 1 1 586 587 564
370 2 2 1 1 561 562 551
371 2 2 1 1 544 545 543
372 2 2 1 1 542 543 523
373 2 2 1 1 546 547 545
374 2 2 1 1 434 839 432
375 2 2 1 1 563 564 562
376 2 2 1 1 522 523 521
377 2 2 1 1 81 1099 323
378 2 2 1 1 605 806 802
379 2 2 1 1 85 845 84
380 2 2 1 1 799 824 344
381 2 2 1 1 83 844 82
382 2 2 1 1 722 735 604
383 2 2 1 1 738 1046 373
384 2 2 1 1 788 789 787
385 2 2 1 1 515 519 517
386 2 2 1 1 786 787 638
387 2 2 1 1 638 840 640
388 2 2 1 1 536 604 431
389 2 2 1 1 676 689 625
390 2 2 1 1 718 1091 914
391 2 2 1 1 504 808 506
392 2 2 1 1 401 880 404
393 2 2 1 1 490 584 486
394 2 2 1 1 338 797 796
395 2 2 1 1 682 683 590
396 2 2 1 1 490 585 584
397 2 2 1 1 589 608 607
398 2 2 1 1 762 881 760
399 2 2 1 1 629 807 548
400 2 2 1 1 327 926 769
401 2 2 1 1 604 605 431
402 2 2 1 1 561 807 694
403 2 2 1 1 732 741 629
404 2 2 1 1 611 834 613
405 2 2 1 1 642 956 644
406 2 2 1 1 521 524 520
407 2 2 1 1 524 638 637
408 2 2 1 1 383 719 385
409 2 2 1 1 75 870 326
410 2 2 1 1 545 556 543
411 2 2 1 1 682 702 683
412 2 2 1 1 381 445 383
413 2 2 1 1 103 757 104
414 2 2 1 1 129 796 130
415 2 2 1 1 519 520 517
416 2 2 1 1 617 832 831
417 2 2 1 1 624 767 562
418 2 2 1 1 600 812 597
419 2 2 1 1 549 550 547
420 2 2 1 1 659 934 867
421 2 2 1 1 506 514 513
422 2 2 1 1 681 855 585
423 2 2 1 1 578 625 574
424 2 2 1 1 379 811 381
425 2 2 1 1 836 882 534
426 2 2 1 1 484 501 447
427 2 2 1 1 593 594 582
428 2 2 1 1 396 399 398
429 2 2 1 1 556 794 793
430 2 2 1 1 725 729 724
431 2 2 1 1 551 679 550
432 2 2 1 1 735 804 604
433 2 2 1 1 782 783 779
434 2 2 1 1 447 785 444
435 2 2 1 1 613 617 615
436 2 2 1 1 68 748 67
437 2 2 1 1 575 578 574
438 2 2 1 1 399 401 400
439 2 2 1 1 597 599 595
440 2 2 1 1 521 786 524
441 2 2 1 1 760 881 677
442 2 2 1 1 352 755 100
443 2 2 1 1 580 583 577
444 2 2 1 1 375 818 379
445 2 2 1 1 608 724 723
446 2 2 1 1 323 850 81
447 2 2 1 1 471 630 473
448 2 2 1 1 537 659 565
449 2 2 1 1 514 515 513
450 2 2 1 1 588 590 589
451 2 2 1 1 564 624 562
452 2 2 1 1 733 812 600
453 2 2 1 1 418 432 417
454 2 2 1 1 412 417 411
455 2 2 1 1 659 867 565
456 2 2 1 1 484 777 501
457 2 2 1 1 404 411 403
458 2 2 1 1 453 526 499
459 2 2 1 1 444 497 442
460 2 2 1 1 495 628 504
461 2 2 1 1 442 829 434
462 2 2 1 1 586 588 587
463 2 2 1 1 467 820 471
464 2 2 1 1 784 988 50
465 2 2 1 1 73 868 357
466 2 2 1 1 82 844 337
467 2 2 1 1 451 739 674
468 2 2 1 1 563 586 564
469 2 2 1 1 84 845 342
470 2 2 1 1 608 725 724
471 2 2 1 1 437 453 439
472 2 2 1 1 453 499 439
473 2 2 1 1 615 831 650
474 2 2 1 1 667 686 668
475 2 2 1 1 589 607 587
476 2 2 1 1 638 640 637
477 2 2 1 1 561 563 562
478 2 2 1 1 693 711 710
479 2 2 1 1 533 835 740
480 2 2 1 1 731 765 751
481 2 2 1 1 382 1034 952
482 2 2 1 1 599 815 595
483 2 2 1 1 549 561 551
484 2 2 1 1 696 886 695
485 2 2 1 1 667 668 526
486 2 2 1 1 778 779 501
487 2 2 1 1 689 752 736
488 2 2 1 1 399 400 398
489 2 2 1 1 401 403 402
490 2 2 1 1 432 839 437
491 2 2 1 1 101 749 102
492 2 2 1 1 655 733 600
493 2 2 1 1 593 595 594
494 2 2 1 1 809 1070 808
495 2 2 1 1 404 412 411
496 2 2 1 1 506 808 514
497 2 2 1 1 412 418 417
498 2 2 1 1 546 548 547
499 2 2 1 1 418 434 432
500 2 2 1 1 602 888 456
501 2 2 1 1 473 856 479
502 2 2 1 1 786 788 787
503 2 2 1 1 573 574 571
504 2 2 1 1 465 820 467
505 2 2 1 1 553 865 611
506 2 2 1 1 519 522 521
507 2 2 1 1 401 404 403
508 2 2 1 1 544 546 545
509 2 2 1 1 524 786 638
510 2 2 1 1 542 544 543
511 2 2 1 1 416 847 421
512 2 2 1 1 390 392 391
513 2 2 1 1 489 942 446
514 2 2 1 1 536 722 604
515 2 2 1 1 617 831 615
516 2 2 1 1 522 542 523
517 2 2 1 1 623 695 559
518 2 2 1 1 444 785 497
519 2 2 1 1 834 1086 617
520 2 2 1 1 533 740 464
521 2 2 1 1 493 628 495
522 2 2 1 1 71 866 335
523 2 2 1 1 406 863 634
524 2 2 1 1 392 394 393
525 2 2 1 1 399 880 401
526 2 2 1 1 608 723 607
527 2 2 1 1 697 1071 698
528 2 2 1 1 330 917 108
529 2 2 1 1 497 829 442
530 2 2 1 1 626 681 585
531 2 2 1 1 787 840 638
532 2 2 1 1 102 749 343
533 2 2 1 1 343 757 103
534 2 2 1 1 331 885 125
535 2 2 1 1 324 973 795
536 2 2 1 1 338 796 129
537 2 2 1 1 394 396 395
538 2 2 1 1 660 902 864
539 2 2 1 1 630 856 473
540 2 2 1 1 482 810 493
541 2 2 1 1 432 437 433
542 2 2 1 1 578 677 676
543 2 2 1 1 855 900 684
544 2 2 1 1 487 490 486
545 2 2 1 1 849 1086 834
546 2 2 1 1 774 1074 773
547 2 2 1 1 763 764 761
548 2 2 1 1 370 1043 1009
549 2 2 1 1 456 888 454
550 2 2 1 1 684 685 584
551 2 2 1 1 930 974 828
552 2 2 1 1 666 667 526
553 2 2 1 1 67 371 68
554 2 2 1 1 450 864 449
555 2 2 1 1 398 863 397
556 2 2 1 1 587 751 564
557 2 2 1 1 134 351 135
558 2 2 1 1 99 352 100
559 2 2 1 1 97 364 98
560 2 2 1 1 401 402 400
561 2 2 1 1 107 330 108
562 2 2 1 1 100 755 101
563 2 2 1 1 99 907 352
564 2 2 1 1 583 763 761
565 2 2 1 1 938 972 838
566 2 2 1 1 110 345 111
567 2 2 1 1 131 344 132
568 2 2 1 1 126 362 127
569 2 2 1 1 647 897 693
570 2 2 1 1 95 366 96
571 2 2 1 1 136 969 137
572 2 2 1 1 124 331 125
573 2 2 1 1 102 343 103
574 2 2 1 1 814 816 815
575 2 2 1 1 396 398 397
576 2 2 1 1 93 373 94
577 2 2 1 1 404 880 452
578 2 2 1 1 348 845 85
579 2 2 1 1 104 360 105
580 2 2 1 1 342 844 83
581 2 2 1 1 780 988 784
582 2 2 1 1 137 353 138
583 2 2 1 1 653 682 590
584 2 2 1 1 390 391 389
585 2 2 1 1 128 338 129
586 2 2 1 1 526 775 499
587 2 2 1 1 877 1042 364
588 2 2 1 1 741 807 629
589 2 2 1 1 729 730 724
590 2 2 1 1 121 349 122
591 2 2 1 1 687 817 686
592 2 2 1 1 139 367 140
593 2 2 1 1 437 439 438
594 2 2 1 1 464 740 462
595 2 2 1 1 515 517 516
596 2 2 1 1 797 989 796
597 2 2 1 1 113 328 114
598 2 2 1 1 571 835 533
599 2 2 1 1 573 575 574
600 2 2 1 1 73 769 768
601 2 2 1 1 499 537 500
602 2 2 1 1 426 451 429
603 2 2 1 1 565 662 566
604 2 2 1 1 633 732 629
605 2 2 1 1 375 376 374
606 2 2 1 1 507 906 433
607 2 2 1 1 846 889 831
608 2 2 1 1 426 833 451
609 2 2 1 1 753 754 725
610 2 2 1 1 524 637 525
611 2 2 1 1 593 914 596
612 2 2 1 1 483 962 423
613 2 2 1 1 805 806 605
614 2 2 1 1 118 336 119
615 2 2 1 1 457 932 642
616 2 2 1 1 537 565 538
617 2 2 1 1 823 1011 479
618 2 2 1 1 485 486 484
619 2 2 1 1 115 370 116
620 2 2 1 1 589 753 608
621 2 2 1 1 403 838 413
622 2 2 1 1 655 734 733
623 2 2 1 1 653 745 737
624 2 2 1 1 451 674 468
625 2 2 1 1 611 613 612
626 2 2 1 1 432 433 417
627 2 2 1 1 620 896 511
628 2 2 1 1 491 707 481
629 2 2 1 1 799 976 657
630 2 2 1 1 679 744 680
631 2 2 1 1 623 696 695
632 2 2 1 1 750 964 353
633 2 2 1 1 411 838 403
634 2 2 1 1 397 863 406
635 2 2 1 1 921 975 336
636 2 2 1 1 838 972 413
637 2 2 1 1 897 898 711
638 2 2 1 1 518 865 553
639 2 2 1 1 70 359 69
640 2 2 1 1 1047 1081 944
641 2 2 1 1 626 915 747
642 2 2 1 1 72 340 71
643 2 2 1 1 613 615 614
644 2 2 1 1 506 513 512
645 2 2 1 1 355 818 375
646 2 2 1 1 406 634 409
647 2 2 1 1 403 413 402
648 2 2 1 1 75 327 74
649 2 2 1 1 453 666 526
650 2 2 1 1 441 442 434
651 2 2 1 1 69 358 70
652 2 2 1 1 77 356 76
653 2 2 1 1 553 611 610
654 2 2 1 1 457 642 460
655 2 2 1 1 567 629 548
656 2 2 1 1 89 363 88
657 2 2 1 1 82 337 81
658 2 2 1 1 956 963 644
659 2 2 1 1 86 348 85
660 2 2 1 1 689 736 625
661 2 2 1 1 84 342 83
662 2 2 1 1 490 626 585
663 2 2 1 1 71 335 72
664 2 2 1 1 81 822 80
665 2 2 1 1 870 1044 326
666 2 2 1 1 476 691 480
667 2 2 1 1 375 379 377
668 2 2 1 1 668 775 526
669 2 2 1 1 448 484 447
670 2 2 1 1 763 1064 764
671 2 2 1 1 91 372 90
672 2 2 1 1 789 973 965
673 2 2 1 1 667 830 687
674 2 2 1 1 431 802 392
675 2 2 1 1 73 357 74
676 2 2 1 1 88 743 87
677 2 2 1 1 642 644 643
678 2 2 1 1 511 896 459
679 2 2 1 1 75 326 76
680 2 2 1 1 372 872 871
681 2 2 1 1 876 1042 877
682 2 2 1 1 664 992 663
683 2 2 1 1 76 819 77
684 2 2 1 1 416 421 420
685 2 2 1 1 78 355 79
686 2 2 1 1 674 720 675
687 2 2 1 1 77 848 78
688 2 2 1 1 81 850 82
689 2 2 1 1 379 381 380
690 2 2 1 1 768 769 766
691 2 2 1 1 82 341 83
692 2 2 1 1 83 852 84
693 2 2 1 1 87 354 88
694 2 2 1 1 383 385 384
695 2 2 1 1 84 347 85
696 2 2 1 1 88 853 89
697 2 2 1 1 89 368 90
698 2 2 1 1 862 945 541
699 2 2 1 1 958 1030 331
700 2 2 1 1 575 759 578
701 2 2 1 1 615 650 616
702 2 2 1 1 515 895 519
703 2 2 1 1 504 506 505
704 2 2 1 1 443 444 442
705 2 2 1 1 667 687 686
706 2 2 1 1 596 597 595
707 2 2 1 1 592 593 582
708 2 2 1 1 407 894 465
709 2 2 1 1 626 746 681
710 2 2 1 1 381 383 382
711 2 2 1 1 605 802 431
712 2 2 1 1 326 819 76
713 2 2 1 1 446 447 444
714 2 2 1 1 437 438 433
715 2 2 1 1 581 582 580
716 2 2 1 1 618 826 825
717 2 2 1 1 744 791 790
718 2 2 1 1 490 915 626
719 2 2 1 1 126 885 362
720 2 2 1 1 819 848 77
721 2 2 1 1 759 760 677
722 2 2 1 1 78 848 355
723 2 2 1 1 394 395 393
724 2 2 1 1 814 815 599
725 2 2 1 1 387 410 384
726 2 2 1 1 392 393 391
727 2 2 1 1 499 500 439
728 2 2 1 1 579 580 577
729 2 2 1 1 666 830 667
730 2 2 1 1 451 833 739
731 2 2 1 1 82 850 341
732 2 2 1 1 68 827 69
733 2 2 1 1 686 911 668
734 2 2 1 1 341 852 83
735 2 2 1 1 770 771 360
736 2 2 1 1 644 648 645
737 2 2 1 1 472 923 470
738 2 2 1 1 84 852 347
739 2 2 1 1 438 859 508
740 2 2 1 1 510 539 531
741 2 2 1 1 769 926 766
742 2 2 1 1 396 397 395
743 2 2 1 1 650 652 651
744 2 2 1 1 586 1066 862
745 2 2 1 1 598 600 597
746 2 2 1 1 354 853 88
747 2 2 1 1 89 853 368
748 2 2 1 1 467 471 470
749 2 2 1 1 787 965 840
750 2 2 1 1 471 473 472
751 2 2 1 1 876 877 366
752 2 2 1 1 479 691 474
753 2 2 1 1 748 1037 730
754 2 2 1 1 633 823 732
755 2 2 1 1 576 577 575
756 2 2 1 1 859 860 508
757 2 2 1 1 451 468 429
758 2 2 1 1 761 843 762
759 2 2 1 1 524 525 520
760 2 2 1 1 449 864 863
761 2 2 1 1 485 487 486
762 2 2 1 1 733 1005 812
763 2 2 1 1 608 753 725
764 2 2 1 1 601 655 600
765 2 2 1 1 679 680 550
766 2 2 1 1 515 516 513
767 2 2 1 1 588 653 590
768 2 2 1 1 861 901 665
769 2 2 1 1 427 932 430
770 2 2 1 1 422 426 425
771 2 2 1 1 508 860 510
772 2 2 1 1 951 964 750
773 2 2 1 1 537 538 500
774 2 2 1 1 418 441 434
775 2 2 1 1 495 504 503
776 2 2 1 1 643 937 460
777 2 2 1 1 404 452 412
778 2 2 1 1 842 984 630
779 2 2 1 1 588 878 653
780 2 2 1 1 565 566 538
781 2 2 1 1 756 1091 1075
782 2 2 1 1 137 969 353
783 2 2 1 1 850 851 341
784 2 2 1 1 354 873 853
785 2 2 1 1 693 897 711
786 2 2 1 1 517 518 516
787 2 2 1 1 586 878 588
788 2 2 1 1 853 854 368
789 2 2 1 1 491 708 707
790 2 2 1 1 529 602 456
791 2 2 1 1 676 961 689
792 2 2 1 1 764 843 761
793 2 2 1 1 70 866 71
794 2 2 1 1 474 691 476
795 2 2 1 1 73 768 72
796 2 2 1 1 603 715 602
797 2 2 1 1 400 449 398
798 2 2 1 1 707 923 481
799 2 2 1 1 373 1068 738
800 2 2 1 1 80 329 79
801 2 2 1 1 435 916 455
802 2 2 1 1 87 742 86
803 2 2 1 1 908 940 636
804 2 2 1 1 693 710 703
805 2 2 1 1 108 917 109
806 2 2 1 1 637 697 639
807 2 2 1 1 125 885 126
808 2 2 1 1 932 956 642
809 2 2 1 1 634 847 409
810 2 2 1 1 621 949 614
811 2 2 1 1 640 697 637
812 2 2 1 1 948 1002 351
813 2 2 1 1 572 573 571
814 2 2 1 1 426 429 427
815 2 2 1 1 674 675 468
816 2 2 1 1 637 639 525
817 2 2 1 1 642 643 460
818 2 2 1 1 647 693 692
819 2 2 1 1 611 612 610
820 2 2 1 1 429 932 427
821 2 2 1 1 430 932 457
822 2 2 1 1 697 698 639
823 2 2 1 1 567 633 629
824 2 2 1 1 986 1062 702
825 2 2 1 1 613 614 612
826 2 2 1 1 364 907 98
827 2 2 1 1 462 740 483
828 2 2 1 1 723 731 607
829 2 2 1 1 98 907 99
830 2 2 1 1 448 485 484
831 2 2 1 1 561 694 563
832 2 2 1 1 744 790 680
833 2 2 1 1 411 906 838
834 2 2 1 1 675 996 899
835 2 2 1 1 570 571 533
836 2 2 1 1 123 1048 959
837 2 2 1 1 421 422 420
838 2 2 1 1 90 738 91
839 2 2 1 1 429 956 932
840 2 2 1 1 914 953 596
841 2 2 1 1 449 863 398
842 2 2 1 1 546 567 548
843 2 2 1 1 407 465 450
844 2 2 1 1 326 841 819
845 2 2 1 1 756 1075 953
846 2 2 1 1 853 873 854
847 2 2 1 1 593 596 595
848 2 2 1 1 622 623 559
849 2 2 1 1 57 924 56
850 2 2 1 1 494 913 496
851 2 2 1 1 66 369 65
852 2 2 1 1 957 1016 378
853 2 2 1 1 439 859 438
854 2 2 1 1 46 930 45
855 2 2 1 1 615 616 614
856 2 2 1 1 441 443 442
857 2 2 1 1 462 483 423
858 2 2 1 1 430 457 436
859 2 2 1 1 559 836 535
860 2 2 1 1 59 933 58
861 2 2 1 1 544 892 546
862 2 2 1 1 72 868 73
863 2 2 1 1 424 910 905
864 2 2 1 1 506 512 505
865 2 2 1 1 402 407 400
866 2 2 1 1 433 906 417
867 2 2 1 1 636 940 529
868 2 2 1 1 707 955 923
869 2 2 1 1 900 987 684
870 2 2 1 1 965 973 324
871 2 2 1 1 746 982 681
872 2 2 1 1 345 968 111
873 2 2 1 1 532 533 464
874 2 2 1 1 542 713 544
875 2 2 1 1 379 380 377
876 2 2 1 1 739 1078 674
877 2 2 1 1 706 1047 944
878 2 2 1 1 644 645 643
879 2 2 1 1 61 935 60
880 2 2 1 1 535 836 534
881 2 2 1 1 522 627 542
882 2 2 1 1 650 651 616
883 2 2 1 1 714 893 713
884 2 2 1 1 63 928 62
885 2 2 1 1 375 377 376
886 2 2 1 1 578 759 677
887 2 2 1 1 619 620 511
888 2 2 1 1 409 847 416
889 2 2 1 1 373 1046 875
890 2 2 1 1 446 448 447
891 2 2 1 1 631 938 509
892 2 2 1 1 371 828 827
893 2 2 1 1 614 949 612
894 2 2 1 1 443 446 444
895 2 2 1 1 631 972 938
896 2 2 1 1 441 884 443
897 2 2 1 1 581 592 582
898 2 2 1 1 534 915 487
899 2 2 1 1 519 895 522
900 2 2 1 1 546 892 567
901 2 2 1 1 381 382 380
902 2 2 1 1 383 384 382
903 2 2 1 1 698 849 639
904 2 2 1 1 558 559 535
905 2 2 1 1 407 449 400
906 2 2 1 1 488 534 487
907 2 2 1 1 579 581 580
908 2 2 1 1 828 982 827
909 2 2 1 1 457 460 458
910 2 2 1 1 596 598 597
911 2 2 1 1 873 874 854
912 2 2 1 1 477 810 482
913 2 2 1 1 573 576 575
914 2 2 1 1 652 699 651
915 2 2 1 1 353 979 750
916 2 2 1 1 504 505 503
917 2 2 1 1 468 956 429
918 2 2 1 1 426 427 425
919 2 2 1 1 56 325 55
920 2 2 1 1 471 472 470
921 2 2 1 1 54 361 53
922 2 2 1 1 576 579 577
923 2 2 1 1 498 569 568
924 2 2 1 1 713 892 544
925 2 2 1 1 598 601 600
926 2 2 1 1 74 870 75
927 2 2 1 1 72 768 340
928 2 2 1 1 465 467 466
929 2 2 1 1 438 508 507
930 2 2 1 1 58 333 57
931 2 2 1 1 532 774 591
932 2 2 1 1 358 866 70
933 2 2 1 1 898 1052 711
934 2 2 1 1 883 884 441
935 2 2 1 1 538 901 500
936 2 2 1 1 663 992 983
937 2 2 1 1 397 406 405
938 2 2 1 1 372 871 90
939 2 2 1 1 52 334 51
940 2 2 1 1 64 350 63
941 2 2 1 1 47 365 46
942 2 2 1 1 86 742 348
943 2 2 1 1 627 713 542
944 2 2 1 1 813 887 814
945 2 2 1 1 513 950 512
946 2 2 1 1 80 822 329
947 2 2 1 1 859 901 860
948 2 2 1 1 461 658 463
949 2 2 1 1 905 910 658
950 2 2 1 1 500 901 859
951 2 2 1 1 527 774 532
952 2 2 1 1 607 751 587
953 2 2 1 1 435 454 428
954 2 2 1 1 87 743 742
955 2 2 1 1 406 409 408
956 2 2 1 1 545 794 556
957 2 2 1 1 804 942 489
958 2 2 1 1 747 1028 746
959 2 2 1 1 529 603 602
960 2 2 1 1 60 339 59
961 2 2 1 1 333 924 57
962 2 2 1 1 356 795 792
963 2 2 1 1 623 726 696
964 2 2 1 1 324 795 78
965 2 2 1 1 409 416 415
966 2 2 1 1 650 889 652
967 2 2 1 1 627 714 713
968 2 2 1 1 49 346 48
969 2 2 1 1 569 690 635
970 2 2 1 1 62 332 61
971 2 2 1 1 416 420 419
972 2 2 1 1 507 938 906
973 2 2 1 1 438 507 433
974 2 2 1 1 365 930 46
975 2 2 1 1 487 915 490
976 2 2 1 1 522 895 627
977 2 2 1 1 566 737 665
978 2 2 1 1 948 949 621
979 2 2 1 1 407 450 449
980 2 2 1 1 688 1027 388
981 2 2 1 1 967 1078 739
982 2 2 1 1 669 678 670
983 2 2 1 1 528 669 636
984 2 2 1 1 626 747 746
985 2 2 1 1 89 871 363
986 2 2 1 1 863 864 634
987 2 2 1 1 852 1005 347
988 2 2 1 1 452 883 412
989 2 2 1 1 693 703 692
990 2 2 1 1 368 738 90
991 2 2 1 1 864 902 634
992 2 2 1 1 649 663 646
993 2 2 1 1 468 963 956
994 2 2 1 1 457 458 436
995 2 2 1 1 916 978 455
996 2 2 1 1 603 716 715
997 2 2 1 1 339 933 59
998 2 2 1 1 465 466 450
999 2 2 1 1 482 491 481
1000 2 2 1 1 422 425 424
1001 2 2 1 1 518 553 552
1002 2 2 1 1 689 1021 752
1003 2 2 1 1 351 1063 826
1004 2 2 1 1 509 938 507
1005 2 2 1 1 356 792 790
1006 2 2 1 1 500 859 439
1007 2 2 1 1 494 496 492
1008 2 2 1 1 540 904 531
1009 2 2 1 1 350 928 63
1010 2 2 1 1 460 943 458
1011 2 2 1 1 619 704 620
1012 2 2 1 1 455 456 454
1013 2 2 1 1 477 481 475
1014 2 2 1 1 570 572 571
1015 2 2 1 1 754 1013 725
1016 2 2 1 1 671 672 502
1017 2 2 1 1 418 883 441
1018 2 2 1 1 553 610 609
1019 2 2 1 1 508 510 509
1020 2 2 1 1 458 943 498
1021 2 2 1 1 335 869 868
1022 2 2 1 1 467 470 469
1023 2 2 1 1 387 721 410
1024 2 2 1 1 413 972 842
1025 2 2 1 1 502 913 494
1026 2 2 1 1 332 935 61
1027 2 2 1 1 980 1003 715
1028 2 2 1 1 937 943 460
1029 2 2 1 1 469 554 466
1030 2 2 1 1 391 414 389
1031 2 2 1 1 532 570 533
1032 2 2 1 1 765 766 624
1033 2 2 1 1 498 943 569
1034 2 2 1 1 466 660 450
1035 2 2 1 1 530 631 509
1036 2 2 1 1 427 430 428
1037 2 2 1 1 792 793 790
1038 2 2 1 1 958 1083 959
1039 2 2 1 1 619 705 704
1040 2 2 1 1 458 459 436
1041 2 2 1 1 819 879 848
1042 2 2 1 1 351 1026 948
1043 2 2 1 1 677 1058 676
1044 2 2 1 1 569 635 568
1045 2 2 1 1 430 436 435
1046 2 2 1 1 427 428 425
1047 2 2 1 1 397 405 395
1048 2 2 1 1 422 424 420
1049 2 2 1 1 675 963 468
1050 2 2 1 1 485 488 487
1051 2 2 1 1 655 821 734
1052 2 2 1 1 558 622 559
1053 2 2 1 1 528 529 456
1054 2 2 1 1 947 948 621
1055 2 2 1 1 498 511 459
1056 2 2 1 1 699 701 700
1057 2 2 1 1 568 619 511
1058 2 2 1 1 731 751 607
1059 2 2 1 1 983 992 690
1060 2 2 1 1 923 955 470
1061 2 2 1 1 566 665 538
1062 2 2 1 1 140 970 141
1063 2 2 1 1 435 455 454
1064 2 2 1 1 510 531 530
1065 2 2 1 1 670 908 636
1066 2 2 1 1 458 498 459
1067 2 2 1 1 467 469 466
1068 2 2 1 1 488 535 534
1069 2 2 1 1 430 435 428
1070 2 2 1 1 673 718 592
1071 2 2 1 1 498 568 511
1072 2 2 1 1 645 647 646
1073 2 2 1 1 886 1079 837
1074 2 2 1 1 508 509 507
1075 2 2 1 1 711 1039 710
1076 2 2 1 1 816 1064 815
1077 2 2 1 1 690 709 635
1078 2 2 1 1 699 700 651
1079 2 2 1 1 832 1045 846
1080 2 2 1 1 531 904 632
1081 2 2 1 1 592 914 593
1082 2 2 1 1 1075 1091 352
1083 2 2 1 1 443 884 489
1084 2 2 1 1 875 1040 373
1085 2 2 1 1 335 868 72
1086 2 2 1 1 678 728 670
1087 2 2 1 1 606 654 601
1088 2 2 1 1 669 670 636
1089 2 2 1 1 639 641 525
1090 2 2 1 1 371 827 68
1091 2 2 1 1 518 552 516
1092 2 2 1 1 567 712 633
1093 2 2 1 1 645 646 643
1094 2 2 1 1 616 621 614
1095 2 2 1 1 827 982 358
1096 2 2 1 1 416 419 415
1097 2 2 1 1 541 945 540
1098 2 2 1 1 406 408 405
1099 2 2 1 1 409 415 408
1100 2 2 1 1 345 1087 919
1101 2 2 1 1 455 528 456
1102 2 2 1 1 448 941 485
1103 2 2 1 1 469 555 554
1104 2 2 1 1 609 657 552
1105 2 2 1 1 927 1013 350
1106 2 2 1 1 419 423 415
1107 2 2 1 1 512 560 505
1108 2 2 1 1 766 767 624
1109 2 2 1 1 495 503 502
1110 2 2 1 1 649 664 663
1111 2 2 1 1 354 1025 821
1112 2 2 1 1 660 864 450
1113 2 2 1 1 647 692 649
1114 2 2 1 1 888 910 909
1115 2 2 1 1 56 924 325
1116 2 2 1 1 482 493 492
1117 2 2 1 1 946 947 621
1118 2 2 1 1 709 1032 1023
1119 2 2 1 1 443 489 446
1120 2 2 1 1 598 606 601
1121 2 2 1 1 493 495 494
1122 2 2 1 1 328 1000 999
1123 2 2 1 1 554 660 466
1124 2 2 1 1 408 656 405
1125 2 2 1 1 701 750 700
1126 2 2 1 1 576 706 579
1127 2 2 1 1 528 636 529
1128 2 2 1 1 474 476 475
1129 2 2 1 1 581 673 592
1130 2 2 1 1 603 717 716
1131 2 2 1 1 461 905 658
1132 2 2 1 1 380 440 377
1133 2 2 1 1 671 727 672
1134 2 2 1 1 717 918 716
1135 2 2 1 1 1009 1059 117
1136 2 2 1 1 510 530 509
1137 2 2 1 1 488 557 535
1138 2 2 1 1 482 492 491
1139 2 2 1 1 461 462 423
1140 2 2 1 1 627 858 714
1141 2 2 1 1 553 609 552
1142 2 2 1 1 530 857 631
1143 2 2 1 1 532 591 570
1144 2 2 1 1 610 618 609
1145 2 2 1 1 639 849 641
1146 2 2 1 1 477 482 481
1147 2 2 1 1 942 1100 941
1148 2 2 1 1 647 649 646
1149 2 2 1 1 616 946 621
1150 2 2 1 1 627 895 858
1151 2 2 1 1 474 475 472
1152 2 2 1 1 58 933 333
1153 2 2 1 1 463 464 462
1154 2 2 1 1 478 993 809
1155 2 2 1 1 341 887 852
1156 2 2 1 1 323 1099 374
1157 2 2 1 1 516 950 513
1158 2 2 1 1 527 532 464
1159 2 2 1 1 412 883 418
1160 2 2 1 1 713 893 892
1161 2 2 1 1 851 1096 378
1162 2 2 1 1 419 461 423
1163 2 2 1 1 479 1011 691
1164 2 2 1 1 656 1061 752
1165 2 2 1 1 520 890 517
1166 2 2 1 1 752 971 656
1167 2 2 1 1 503 671 502
1168 2 2 1 1 557 558 535
1169 2 2 1 1 531 632 530
1170 2 2 1 1 417 906 411
1171 2 2 1 1 461 463 462
1172 2 2 1 1 949 966 612
1173 2 2 1 1 463 527 464
1174 2 2 1 1 495 502 494
1175 2 2 1 1 475 923 472
1176 2 2 1 1 661 902 660
1177 2 2 1 1 896 978 916
1178 2 2 1 1 367 970 140
1179 2 2 1 1 493 494 492
1180 2 2 1 1 554 661 660
1181 2 2 1 1 86 1025 87
1182 2 2 1 1 62 928 332
1183 2 2 1 1 476 477 475
1184 2 2 1 1 60 935 339
1185 2 2 1 1 353 964 138
1186 2 2 1 1 567 892 712
1187 2 2 1 1 978 990 669
1188 2 2 1 1 420 905 419
1189 2 2 1 1 424 905 420
1190 2 2 1 1 672 913 502
1191 2 2 1 1 485 941 488
1192 2 2 1 1 646 937 643
1193 2 2 1 1 395 954 393
1194 2 2 1 1 906 938 838
1195 2 2 1 1 909 910 424
1196 2 2 1 1 402 894 407
1197 2 2 1 1 111 968 112
1198 2 2 1 1 361 1035 817
1199 2 2 1 1 357 870 74
1200 2 2 1 1 862 878 586
1201 2 2 1 1 704 1043 1000
1202 2 2 1 1 386 688 388
1203 2 2 1 1 711 1052 1039
1204 2 2 1 1 335 1028 869
1205 2 2 1 1 388 1027 536
1206 2 2 1 1 90 871 89
1207 2 2 1 1 405 954 395
1208 2 2 1 1 529 940 603
1209 2 2 1 1 351 1002 135
1210 2 2 1 1 348 846 845
1211 2 2 1 1 612 966 610
1212 2 2 1 1 488 941 557
1213 2 2 1 1 789 965 787
1214 2 2 1 1 85 997 86
1215 2 2 1 1 552 950 516
1216 2 2 1 1 811 1004 445
1217 2 2 1 1 928 929 332
1218 2 2 1 1 378 1015 851
1219 2 2 1 1 97 877 364
1220 2 2 1 1 656 954 405
1221 2 2 1 1 566 986 737
1222 2 2 1 1 935 936 339
1223 2 2 1 1 632 857 530
1224 2 2 1 1 665 901 538
1225 2 2 1 1 359 1037 69
1226 2 2 1 1 419 905 461
1227 2 2 1 1 727 912 672
1228 2 2 1 1 896 916 459
1229 2 2 1 1 47 931 365
1230 2 2 1 1 325 922 55
1231 2 2 1 1 958 959 664
1232 2 2 1 1 54 922 361
1233 2 2 1 1 651 946 616
1234 2 2 1 1 657 950 552
1235 2 2 1 1 331 1030 885
1236 2 2 1 1 669 990 678
1237 2 2 1 1 892 893 712
1238 2 2 1 1 686 1035 911
1239 2 2 1 1 742 889 348
1240 2 2 1 1 346 931 48
1241 2 2 1 1 943 983 569
1242 2 2 1 1 847 939 421
1243 2 2 1 1 470 955 469
1244 2 2 1 1 330 918 917
1245 2 2 1 1 619 920 705
1246 2 2 1 1 136 1002 969
1247 2 2 1 1 454 909 428
1248 2 2 1 1 832 846 831
1249 2 2 1 1 469 955 555
1250 2 2 1 1 773 918 330
1251 2 2 1 1 554 967 661
1252 2 2 1 1 436 916 435
1253 2 2 1 1 123 1083 124
1254 2 2 1 1 425 909 424
1255 2 2 1 1 393 960 391
1256 2 2 1 1 328 999 114
1257 2 2 1 1 841 879 819
1258 2 2 1 1 391 960 414
1259 2 2 1 1 528 978 669
1260 2 2 1 1 634 902 847
1261 2 2 1 1 48 931 47
1262 2 2 1 1 706 944 579
1263 2 2 1 1 50 988 49
1264 2 2 1 1 911 1051 776
1265 2 2 1 1 581 944 673
1266 2 2 1 1 413 894 402
1267 2 2 1 1 946 979 947
1268 2 2 1 1 635 920 568
1269 2 2 1 1 579 944 581
1270 2 2 1 1 950 976 512
1271 2 2 1 1 110 1087 345
1272 2 2 1 1 602 1003 888
1273 2 2 1 1 361 925 53
1274 2 2 1 1 572 994 573
1275 2 2 1 1 563 1066 586
1276 2 2 1 1 954 960 393
1277 2 2 1 1 598 953 606
1278 2 2 1 1 64 927 350
1279 2 2 1 1 655 891 821
1280 2 2 1 1 52 925 334
1281 2 2 1 1 730 1069 724
1282 2 2 1 1 380 952 440
1283 2 2 1 1 596 953 598
1284 2 2 1 1 481 923 475
1285 2 2 1 1 382 952 380
1286 2 2 1 1 134 1063 351
1287 2 2 1 1 663 937 646
1288 2 2 1 1 720 996 675
1289 2 2 1 1 423 962 415
1290 2 2 1 1 657 976 950
1291 2 2 1 1 846 1045 845
1292 2 2 1 1 1023 1032 349
1293 2 2 1 1 572 1077 770
1294 2 2 1 1 635 921 920
1295 2 2 1 1 55 922 54
1296 2 2 1 1 367 964 951
1297 2 2 1 1 503 981 671
1298 2 2 1 1 948 1026 949
1299 2 2 1 1 654 891 601
1300 2 2 1 1 641 890 525
1301 2 2 1 1 718 914 592
1302 2 2 1 1 851 887 341
1303 2 2 1 1 730 1054 748
1304 2 2 1 1 369 927 65
1305 2 2 1 1 560 981 505
1306 2 2 1 1 408 962 656
1307 2 2 1 1 622 1010 623
1308 2 2 1 1 826 1063 825
1309 2 2 1 1 1081 1094 673
1310 2 2 1 1 710 1039 912
1311 2 2 1 1 857 1029 856
1312 2 2 1 1 649 958 664
1313 2 2 1 1 874 875 854
1314 2 2 1 1 377 957 376
1315 2 2 1 1 138 964 139
1316 2 2 1 1 378 1096 323
1317 2 2 1 1 463 980 527
1318 2 2 1 1 618 966 826
1319 2 2 1 1 700 946 651
1320 2 2 1 1 896 990 978
1321 2 2 1 1 991 992 664
1322 2 2 1 1 365 974 930
1323 2 2 1 1 800 1092 727
1324 2 2 1 1 68 1037 748
1325 2 2 1 1 568 920 619
1326 2 2 1 1 512 976 560
1327 2 2 1 1 525 890 520
1328 2 2 1 1 555 967 554
1329 2 2 1 1 558 977 622
1330 2 2 1 1 821 1025 734
1331 2 2 1 1 796 989 798
1332 2 2 1 1 336 1008 921
1333 2 2 1 1 998 1006 817
1334 2 2 1 1 782 998 783
1335 2 2 1 1 805 1055 806
1336 2 2 1 1 818 879 811
1337 2 2 1 1 478 810 477
1338 2 2 1 1 139 964 367
1339 2 2 1 1 841 1044 726
1340 2 2 1 1 496 1065 492
1341 2 2 1 1 936 1017 702
1342 2 2 1 1 389 1093 387
1343 2 2 1 1 576 994 706
1344 2 2 1 1 921 1008 920
1345 2 2 1 1 716 1036 715
1346 2 2 1 1 952 1034 762
1347 2 2 1 1 349 1048 122
1348 2 2 1 1 903 1065 496
1349 2 2 1 1 662 986 566
1350 2 2 1 1 610 966 618
1351 2 2 1 1 415 962 408
1352 2 2 1 1 848 879 818
1353 2 2 1 1 712 1011 633
1354 2 2 1 1 480 1073 893
1355 2 2 1 1 65 927 64
1356 2 2 1 1 918 1074 716
1357 2 2 1 1 53 925 52
1358 2 2 1 1 721 1058 410
1359 2 2 1 1 771 1012 772
1360 2 2 1 1 366 877 96
1361 2 2 1 1 603 940 717
1362 2 2 1 1 362 1092 800
1363 2 2 1 1 936 985 339
1364 2 2 1 1 505 981 503
1365 2 2 1 1 366 1040 875
1366 2 2 1 1 348 889 846
1367 2 2 1 1 459 916 436
1368 2 2 1 1 1001 1057 363
1369 2 2 1 1 919 1087 917
1370 2 2 1 1 930 1014 45
1371 2 2 1 1 692 958 649
1372 2 2 1 1 954 971 960
1373 2 2 1 1 1009 1043 705
1374 2 2 1 1 755 1094 749
1375 2 2 1 1 95 1040 366
1376 2 2 1 1 980 1036 527
1377 2 2 1 1 428 909 425
1378 2 2 1 1 874 1019 876
1379 2 2 1 1 555 1078 967
1380 2 2 1 1 684 987 685
1381 2 2 1 1 653 878 745
1382 2 2 1 1 658 980 463
1383 2 2 1 1 812 1005 813
1384 2 2 1 1 368 1046 738
1385 2 2 1 1 990 1007 678
1386 2 2 1 1 701 951 750
1387 2 2 1 1 601 891 655
1388 2 2 1 1 114 999 115
1389 2 2 1 1 732 904 741
1390 2 2 1 1 922 1035 361
1391 2 2 1 1 815 1064 594
1392 2 2 1 1 77 795 356
1393 2 2 1 1 700 979 946
1394 2 2 1 1 656 971 954
1395 2 2 1 1 872 1001 871
1396 2 2 1 1 80 1099 81
1397 2 2 1 1 869 1079 868
1398 2 2 1 1 120 1023 121
1399 2 2 1 1 789 1098 973
1400 2 2 1 1 339 985 933
1401 2 2 1 1 869 882 837
1402 2 2 1 1 762 1034 881
1403 2 2 1 1 355 848 818
1404 2 2 1 1 113 1024 328
1405 2 2 1 1 935 1017 936
1406 2 2 1 1 912 1039 672
1407 2 2 1 1 826 1026 351
1408 2 2 1 1 722 1050 735
1409 2 2 1 1 687 998 817
1410 2 2 1 1 991 1032 992
1411 2 2 1 1 480 993 478
1412 2 2 1 1 704 1007 620
1413 2 2 1 1 728 1072 670
1414 2 2 1 1 455 978 528
1415 2 2 1 1 1041 1092 362
1416 2 2 1 1 373 1040 94
1417 2 2 1 1 907 1075 352
1418 2 2 1 1 749 1094 1081
1419 2 2 1 1 910 1003 658
1420 2 2 1 1 491 1065 708
1421 2 2 1 1 715 1036 980
1422 2 2 1 1 750 979 700
1423 2 2 1 1 369 1031 748
1424 2 2 1 1 620 1007 990
1425 2 2 1 1 725 1013 729
1426 2 2 1 1 773 1074 918
1427 2 2 1 1 727 1092 912
1428 2 2 1 1 410 1058 881
1429 2 2 1 1 632 1029 857
1430 2 2 1 1 929 1017 332
1431 2 2 1 1 365 931 900
1432 2 2 1 1 66 1031 369
1433 2 2 1 1 709 921 635
1434 2 2 1 1 814 1015 816
1435 2 2 1 1 364 995 907
1436 2 2 1 1 790 791 356
1437 2 2 1 1 752 1021 971
1438 2 2 1 1 135 1002 136
1439 2 2 1 1 620 990 896
1440 2 2 1 1 93 1068 373
1441 2 2 1 1 871 1001 363
1442 2 2 1 1 1008 1009 705
1443 2 2 1 1 573 994 576
1444 2 2 1 1 876 1019 654
1445 2 2 1 1 622 1067 1010
1446 2 2 1 1 440 957 377
1447 2 2 1 1 735 1100 942
1448 2 2 1 1 917 1087 109
1449 2 2 1 1 347 997 85
1450 2 2 1 1 1012 1077 591
1451 2 2 1 1 781 1060 782
1452 2 2 1 1 959 991 664
1453 2 2 1 1 570 1077 572
1454 2 2 1 1 780 1097 988
1455 2 2 1 1 968 1072 728
1456 2 2 1 1 654 1042 876
1457 2 2 1 1 49 988 346
1458 2 2 1 1 357 886 870
1459 2 2 1 1 121 1023 349
1460 2 2 1 1 928 1089 929
1461 2 2 1 1 875 1046 854
1462 2 2 1 1 883 1055 884
1463 2 2 1 1 1 1031 66
1464 2 2 1 1 115 999 370
1465 2 2 1 1 356 791 76
1466 2 2 1 1 67 1031 1
1467 2 2 1 1 726 1044 696
1468 2 2 1 1 893 1073 712
1469 2 2 1 1 888 1003 910
1470 2 2 1 1 857 984 631
1471 2 2 1 1 2 1082 91
1472 2 2 1 1 937 983 943
1473 2 2 1 1 866 1028 335
1474 2 2 1 1 558 1050 977
1475 2 2 1 1 349 1032 991
1476 2 2 1 1 328 1038 1000
1477 2 2 1 1 726 1004 841
1478 2 2 1 1 754 1089 1013
1479 2 2 1 1 483 1061 962
1480 2 2 1 1 977 1050 722
1481 2 2 1 1 1008 1059 1009
1482 2 2 1 1 709 975 921
1483 2 2 1 1 821 1084 873
1484 2 2 1 1 692 1030 958
1485 2 2 1 1 1000 1007 704
1486 2 2 1 1 828 1056 982
1487 2 2 1 1 623 1010 726
1488 2 2 1 1 142 1082 2
1489 2 2 1 1 87 1025 354
1490 2 2 1 1 536 1027 722
1491 2 2 1 1 728 1024 968
1492 2 2 1 1 363 1057 743
1493 2 2 1 1 633 1011 823
1494 2 2 1 1 745 878 862
1495 2 2 1 1 96 877 97
1496 2 2 1 1 45 1014 44
1497 2 2 1 1 991 1048 349
1498 2 2 1 1 1050 1100 735
1499 2 2 1 1 975 1023 120
1500 2 2 1 1 117 1059 118
1501 2 2 1 1 968 1024 112
1502 2 2 1 1 661 939 902
1503 2 2 1 1 748 1031 67
1504 2 2 1 1 631 984 972
1505 2 2 1 1 1033 1071 844
1506 2 2 1 1 681 1056 855
1507 2 2 1 1 141 1018 142
1508 2 2 1 1 343 1081 1047
1509 2 2 1 1 387 1093 721
1510 2 2 1 1 962 1061 656
1511 2 2 1 1 756 953 914
1512 2 2 1 1 737 1088 665
1513 2 2 1 1 352 1091 755
1514 2 2 1 1 112 1024 113
1515 2 2 1 1 817 1035 686
1516 2 2 1 1 78 795 77
1517 2 2 1 1 972 984 842
1518 2 2 1 1 881 1058 677
1519 2 2 1 1 745 1088 737
1520 2 2 1 1 920 1008 705
1521 2 2 1 1 332 1017 935
1522 2 2 1 1 868 1079 357
1523 2 2 1 1 961 1021 689
1524 2 2 1 1 69 1037 68
1525 2 2 1 1 709 1023 975
1526 2 2 1 1 762 1076 952
1527 2 2 1 1 343 1047 757
1528 2 2 1 1 845 1045 342
1529 2 2 1 1 944 1081 673
1530 2 2 1 1 729 1054 730
1531 2 2 1 1 837 1079 869
1532 2 2 1 1 716 1074 1036
1533 2 2 1 1 879 1004 811
1534 2 2 1 1 884 1055 805
1535 2 2 1 1 721 1093 961
1536 2 2 1 1 841 1004 879
1537 2 2 1 1 94 1040 95
1538 2 2 1 1 326 1044 841
1539 2 2 1 1 748 1054 369
1540 2 2 1 1 891 1084 821
1541 2 2 1 1 873 1084 874
1542 2 2 1 1 929 1089 754
1543 2 2 1 1 325 1051 911
1544 2 2 1 1 342 1033 844
1545 2 2 1 1 934 1080 867
1546 2 2 1 1 336 1059 1008
1547 2 2 1 1 122 1048 123
1548 2 2 1 1 749 1081 343
1549 2 2 1 1 345 1072 968
1550 2 2 1 1 755 1091 718
1551 2 2 1 1 702 1062 936
1552 2 2 1 1 764 1020 843
1553 2 2 1 1 862 1066 945
1554 2 2 1 1 724 1069 723
1555 2 2 1 1 690 1032 709
1556 2 2 1 1 617 1086 832
1557 2 2 1 1 118 1059 336
1558 2 2 1 1 654 1019 891
1559 2 2 1 1 658 1003 980
1560 2 2 1 1 674 1078 720
1561 2 2 1 1 703 1030 692
1562 2 2 1 1 124 1083 331
1563 2 2 1 1 691 1073 480
1564 2 2 1 1 850 1096 851
1565 2 2 1 1 92 1068 93
1566 2 2 1 1 960 1021 414
1567 2 2 1 1 707 1022 955
1568 2 2 1 1 977 1067 622
1569 2 2 1 1 844 1071 337
1570 2 2 1 1 694 1066 563
1571 2 2 1 1 91 1082 372
1572 2 2 1 1 133 1063 134
1573 2 2 1 1 527 1036 774
1574 2 2 1 1 912 1041 710
1575 2 2 1 1 710 1041 703
1576 2 2 1 1 970 1018 141
1577 2 2 1 1 949 1026 966
1578 2 2 1 1 908 1072 345
1579 2 2 1 1 452 1055 883
1580 2 2 1 1 823 1090 732
1581 2 2 1 1 782 1006 998
1582 2 2 1 1 795 973 792
1583 2 2 1 1 902 939 847
1584 2 2 1 1 722 1027 977
1585 2 2 1 1 342 1045 1033
1586 2 2 1 1 663 983 937
1587 2 2 1 1 678 1038 728
1588 2 2 1 1 371 1085 828
1589 2 2 1 1 913 1052 496
1590 2 2 1 1 924 1051 325
1591 2 2 1 1 718 1094 755
1592 2 2 1 1 712 1073 1011
1593 2 2 1 1 705 1043 704
1594 2 2 1 1 109 1087 110
1595 2 2 1 1 782 1060 1006
1596 2 2 1 1 971 1021 960
1597 2 2 1 1 1010 1067 719
1598 2 2 1 1 854 1046 368
1599 2 2 1 1 1039 1052 913
1600 2 2 1 1 904 1090 632
1601 2 2 1 1 843 1076 762
1602 2 2 1 1 1000 1038 1007
1603 2 2 1 1 672 1039 913
1604 2 2 1 1 492 1065 491
1605 2 2 1 1 688 1067 977
1606 2 2 1 1 557 1050 558
1607 2 2 1 1 933 1080 333
1608 2 2 1 1 858 1070 714
1609 2 2 1 1 673 1094 718
1610 2 2 1 1 557 1100 1050
1611 2 2 1 1 930 1085 1014
1612 2 2 1 1 957 1095 1016
1613 2 2 1 1 364 1042 995
1614 2 2 1 1 881 1034 410
1615 2 2 1 1 985 1080 933
1616 2 2 1 1 955 1022 555
1617 2 2 1 1 670 1072 908
1618 2 2 1 1 1045 1049 1033
1619 2 2 1 1 1007 1038 678
1620 2 2 1 1 591 1077 570
1621 2 2 1 1 1016 1095 1020
1622 2 2 1 1 350 1089 928
1623 2 2 1 1 867 1080 985
1624 2 2 1 1 665 1088 861
1625 2 2 1 1 912 1092 1041
1626 2 2 1 1 378 1016 1015
1627 2 2 1 1 414 1093 389
1628 2 2 1 1 966 1026 826
1629 2 2 1 1 982 1056 681
1630 2 2 1 1 792 1098 793
1631 2 2 1 1 855 1056 974
1632 2 2 1 1 1015 1016 816
1633 2 2 1 1 945 1066 694
1634 2 2 1 1 959 1048 991
1635 2 2 1 1 974 1056 828
1636 2 2 1 1 1076 1095 440
1637 2 2 1 1 874 1084 1019
1638 2 2 1 1 952 1076 440
1639 2 2 1 1 1016 1020 816
1640 2 2 1 1 941 1100 557
1641 2 2 1 1 385 688 386
1642 2 2 1 1 662 1062 986
1643 2 2 1 1 333 1080 934
1644 2 2 1 1 372 1082 1018
1645 2 2 1 1 1011 1073 691
1646 2 2 1 1 414 1021 961
1647 2 2 1 1 1013 1089 350
1648 2 2 1 1 843 1095 1076
1649 2 2 1 1 346 1097 987
1650 2 2 1 1 977 1027 688
1651 2 2 1 1 1036 1074 774
1652 2 2 1 1 995 1075 907
1653 2 2 1 1 961 1093 414
1654 2 2 1 1 988 1097 346
1655 2 2 1 1 1033 1049 698
1656 2 2 1 1 992 1032 690
1657 2 2 1 1 440 1095 957
1658 2 2 1 1 1018 1082 142
1659 2 2 1 1 714 1070 993
1660 2 2 1 1 993 1070 809
1661 2 2 1 1 732 1090 904
1662 2 2 1 1 1019 1084 891
1663 2 2 1 1 1014 1085 371
1664 2 2 1 1 1020 1095 843
1665 2 2 1 1 632 1090 1029
1666 2 2 1 1 832 1086 1049
1667 2 2 1 1 1029 1090 823
1668 2 2 1 1 832 1049 1045
1669 2 2 1 1 357 1079 886
1670 2 2 1 1 323 1096 850
1671 2 2 1 1 973 1098 792
1672 2 2 1 1 79 329 78
1673 2 2 1 1 472 479 474
1674 2 2 1 1 78 329 324
1675 2 2 1 1 79 1099 80
1676 2 2 1 1 374 378 323
1677 2 2 1 1 376 378 374
1678 2 2 1 1 473 479 472
1679 2 2 1 1 476 480 477
1680 2 2 1 1 477 480 478
1681 2 2 1 1 539 541 531
1682 2 2 1 1 531 541 540
1683 2 2 3 2 222 221 169
1684 2 2 3 2 195 143 196
1685 2 2 3 2 183 234 182
1686 2 2 3 2 157 208 156
1687 2 2 3 2 222 169 170
1688 2 2 3 2 235 234 183
1689 2 2 3 2 144 196 143
1690 2 2 3 2 157 209 208
1691 2 2 3 2 218 217 166
1692 2 2 3 2 179 231 178
1693 2 2 3 2 244 243 192
1694 2 2 3 2 153 205 152
1695 2 2 3 2 231 230 178
1696 2 2 3 2 192 243 191
1697 2 2 3 2 166 217 165
1698 2 2 3 2 152 205 204
1699 2 2 3 2 195 1101 143
1700 2 2 3 2 184 235 183
1701 2 2 3 2 223 222 170
1702 2 2 3 2 158 209 157
1703 2 2 3 2 144 197 196
1704 2 2 3 2 223 170 171
1705 2 2 3 2 236 235 184
1706 2 2 3 2 145 197 144
1707 2 2 3 2 158 210 209
1708 2 2 3 2 178 230 177
1709 2 2 3 2 243 242 191
1710 2 2 3 2 152 204 151
1711 2 2 3 2 217 216 165
1712 2 2 3 2 230 229 177
1713 2 2 3 2 191 242 190
1714 2 2 3 2 151 204 203
1715 2 2 3 2 165 216 164
1716 2 2 3 2 245 1105 3
1717 2 2 3 2 145 198 197
1718 2 2 3 2 224 223 171
1719 2 2 3 2 159 210 158
1720 2 2 3 2 185 236 184
1721 2 2 3 2 237 236 185
1722 2 2 3 2 146 198 145
1723 2 2 3 2 224 171 172
1724 2 2 3 2 159 211 210
1725 2 2 3 2 216 215 164
1726 2 2 3 2 229 176 177
1727 2 2 3 2 151 203 150
1728 2 2 3 2 242 241 190
1729 2 2 3 2 229 228 176
1730 2 2 3 2 190 241 189
1731 2 2 3 2 150 203 202
1732 2 2 3 2 164 215 163
1733 2 2 3 2 194 1101 195
1734 2 2 3 2 2 1113 193
1735 2 2 3 2 186 237 185
1736 2 2 3 2 146 199 198
1737 2 2 3 2 225 224 172
1738 2 2 3 2 160 211 159
1739 2 2 3 2 238 237 186
1740 2 2 3 2 147 199 146
1741 2 2 3 2 225 172 173
1742 2 2 3 2 160 212 211
1743 2 2 3 2 228 175 176
1744 2 2 3 2 241 240 189
1745 2 2 3 2 150 202 149
1746 2 2 3 2 215 214 163
1747 2 2 3 2 189 240 188
1748 2 2 3 2 227 175 228
1749 2 2 3 2 149 202 201
1750 2 2 3 2 163 214 162
1751 2 2 3 2 187 238 186
1752 2 2 3 2 147 200 199
1753 2 2 3 2 226 225 173
1754 2 2 3 2 161 212 160
1755 2 2 3 2 239 238 187
1756 2 2 3 2 161 213 212
1757 2 2 3 2 226 173 174
1758 2 2 3 2 148 200 147
1759 2 2 3 2 227 174 175
1760 2 2 3 2 214 213 162
1761 2 2 3 2 240 239 188
1762 2 2 3 2 149 201 148
1763 2 2 3 2 227 226 174
1764 2 2 3 2 162 213 161
1765 2 2 3 2 188 239 187
1766 2 2 3 2 148 201 200
1767 2 2 3 2 221 1108 169
1768 2 2 3 2 179 1110 231
1769 2 2 3 2 153 1109 205
1770 2 2 3 2 234 1107 182
1771 2 2 3 2 208 1106 156
1772 2 2 3 2 166 1111 218
1773 2 2 3 2 192 1112 244
1774 2 2 3 2 143 1101 2
1775 2 2 3 2 1112 1113 1105
1776 2 2 3 2 231 1110 232
1777 2 2 3 2 205 1109 206
1778 2 2 3 2 169 1108 168
1779 2 2 3 2 193 1112 192
1780 2 2 3 2 167 1111 166
1781 2 2 3 2 233 1107 234
1782 2 2 3 2 207 1106 208
1783 2 2 3 2 2 1101 194
1784 2 2 3 2 155 1102 154
1785 2 2 3 2 181 1103 180
1786 2 2 3 2 219 1104 220
1787 2 2 3 2 194 1113 2
1788 2 2 3 2 206 1102 207
1789 2 2 3 2 232 1103 233
1790 2 2 3 2 168 1104 167
1791 2 2 3 2 245 1112 1105
1792 2 2 3 2 3 1105 194
1793 2 2 3 2 156 1106 155
1794 2 2 3 2 182 1107 181
1795 2 2 3 2 244 1112 245
1796 2 2 3 2 218 1111 219
1797 2 2 3 2 220 1108 221
1798 2 2 3 2 154 1109 153
1799 2 2 3 2 180 1110 179
1800 2 2 3 2 193 1113 1112
1801 2 2 3 2 1104 1108 220
1802 2 2 3 2 1102 1109 154
1803 2 2 3 2 1103 1110 180
1804 2 2 3 2 232 1110 1103
1805 2 2 3 2 206 1109 1102
1806 2 2 3 2 168 1108 1104
1807 2 2 3 2 155 1106 1102
1808 2 2 3 2 181 1107 1103
1809 2 2 3 2 219 1111 1104
1810 2 2 3 2 1104 1111 167
1811 2 2 3 2 1102 1106 207
1812 2 2 3 2 1103 1107 233
1813 2 2 3 2 1105 1113 194
1814 2 2 3 2 194 195 3
1815 2 2 4 3 1140 1153 1141
1816 2 2 4 3 1132 1152 1140
1817 2 2 4 3 1140 1141 1129
1818 2 2 4 3 265 1466 264
1819 2 2 4 3 1386 1426 1405
1820 2 2 4 3 1327 1505 1419
1821 2 2 4 3 1150 1433 1151
1822 2 2 4 3 298 1411 1342
1823 2 2 4 3 1457 1595 1234
1824 2 2 4 3 1542 1631 1405
1825 2 2 4 3 1264 1474 1387
1826 2 2 4 3 1149 1569 1156
1827 2 2 4 3 1182 1499 1448
1828 2 2 4 3 1375 1520 1421
1829 2 2 4 3 1122 1466 265
1830 2 2 4 3 1366 1431 1429
1831 2 2 4 3 1426 1460 1189
1832 2 2 4 3 1429 1441 1366
1833 2 2 4 3 1286 1441 1430
1834 2 2 4 3 316 1655 317
1835 2 2 4 3 1405 1631 1386
1836 2 2 4 3 1135 1416 1117
1837 2 2 4 3 1452 1454 1407
1838 2 2 4 3 1159 1566 1400
1839 2 2 4 3 1306 1651 1460
1840 2 2 4 3 1276 1657 1396
1841 2 2 4 3 1380 1608 1381
1842 2 2 4 3 1514 1537 1515
1843 2 2 4 3 1413 1659 1494
1844 2 2 4 3 1135 1643 1416
1845 2 2 4 3 1496 1546 1415
1846 2 2 4 3 1234 1595 1235
1847 2 2 4 3 246 1411 297
1848 2 2 4 3 1276 1396 1232
1849 2 2 4 3 1410 1661 1196
1850 2 2 4 3 1143 1439 1414
1851 2 2 4 3 1420 1525 1430
1852 2 2 4 3 1443 1446 1413
1853 2 2 4 3 1381 1608 1472
1854 2 2 4 3 1338 1443 1413
1855 2 2 4 3 1405 1426 1189
1856 2 2 4 3 1492 1493 1190
1857 2 2 4 3 1151 1569 1149
1858 2 2 4 3 1335 1455 1268
1859 2 2 4 3 1491 1555 1439
1860 2 2 4 3 1387 1495 1264
1861 2 2 4 3 1419 1596 1327
1862 2 2 4 3 1400 1440 1159
1863 2 2 4 3 297 1411 298
1864 2 2 4 3 1391 1436 1435
1865 2 2 4 3 1282 1558 1465
1866 2 2 4 3 311 1309 312
1867 2 2 4 3 1415 1546 1239
1868 2 2 4 3 1494 1512 1413
1869 2 2 4 3 1189 1460 1382
1870 2 2 4 3 1430 1442 1420
1871 2 2 4 3 1184 1659 1549
1872 2 2 4 3 1448 1499 1498
1873 2 2 4 3 1268 1455 1238
1874 2 2 4 3 1306 1460 1323
1875 2 2 4 3 1549 1659 1446
1876 2 2 4 3 1418 1584 1495
1877 2 2 4 3 297 3 246
1878 2 2 4 3 1478 1666 1174
1879 2 2 4 3 1171 1478 1174
1880 2 2 4 3 1404 1512 1219
1881 2 2 4 3 1193 1410 1196
1882 2 2 4 3 1180 1558 1282
1883 2 2 4 3 1430 1525 1286
1884 2 2 4 3 1433 1581 1151
1885 2 2 4 3 1403 1656 1157
1886 2 2 4 3 1407 1553 1452
1887 2 2 4 3 1150 1434 1433
1888 2 2 4 3 1428 1429 1160
1889 2 2 4 3 1485 1486 1263
1890 2 2 4 3 1466 1627 264
1891 2 2 4 3 303 1599 302
1892 2 2 4 3 1391 1435 1287
1893 2 2 4 3 1345 1447 1309
1894 2 2 4 3 1437 1472 1312
1895 2 2 4 3 1366 1432 1431
1896 2 2 4 3 1411 1479 1342
1897 2 2 4 3 1207 1485 1263
1898 2 2 4 3 1403 1601 1222
1899 2 2 4 3 1414 1458 1143
1900 2 2 4 3 278 1604 1264
1901 2 2 4 3 1310 1657 1276
1902 2 2 4 3 1430 1441 1429
1903 2 2 4 3 1397 1410 1193
1904 2 2 4 3 1500 1592 1473
1905 2 2 4 3 1288 1555 1491
1906 2 2 4 3 1279 1505 1327
1907 2 2 4 3 1418 1495 1387
1908 2 2 4 3 1224 1501 1476
1909 2 2 4 3 302 1599 1397
1910 2 2 4 3 1392 1449 1391
1911 2 2 4 3 1554 1600 1349
1912 2 2 4 3 1219 1513 1404
1913 2 2 4 3 1303 1424 1321
1914 2 2 4 3 304 1406 1119
1915 2 2 4 3 1216 1467 1218
1916 2 2 4 3 1310 1559 1427
1917 2 2 4 3 1560 1585 1332
1918 2 2 4 3 1115 1409 302
1919 2 2 4 3 1264 1604 1475
1920 2 2 4 3 302 1397 1116
1921 2 2 4 3 1218 1467 1229
1922 2 2 4 3 1470 1497 1289
1923 2 2 4 3 1118 1623 1422
1924 2 2 4 3 1488 1489 1469
1925 2 2 4 3 1473 1592 1121
1926 2 2 4 3 322 1575 4
1927 2 2 4 3 1468 1488 1469
1928 2 2 4 3 1375 1552 1520
1929 2 2 4 3 1520 1608 1421
1930 2 2 4 3 1154 1428 1160
1931 2 2 4 3 1157 1601 1403
1932 2 2 4 3 1174 1666 1415
1933 2 2 4 3 1504 1619 1586
1934 2 2 4 3 1412 1566 1159
1935 2 2 4 3 305 1615 304
1936 2 2 4 3 1133 1537 1514
1937 2 2 4 3 1454 1606 1407
1938 2 2 4 3 1116 1397 1193
1939 2 2 4 3 1168 1471 1198
1940 2 2 4 3 1586 1619 1363
1941 2 2 4 3 1519 1520 1240
1942 2 2 4 3 1366 1441 1365
1943 2 2 4 3 1616 1661 1606
1944 2 2 4 3 320 1192 321
1945 2 2 4 3 1342 1479 1462
1946 2 2 4 3 304 1615 1406
1947 2 2 4 3 1515 1562 1516
1948 2 2 4 3 293 1530 292
1949 2 2 4 3 1569 1594 1156
1950 2 2 4 3 1520 1552 1240
1951 2 2 4 3 1569 1581 1559
1952 2 2 4 3 1164 1590 1471
1953 2 2 4 3 1159 1440 262
1954 2 2 4 3 4 1575 306
1955 2 2 4 3 1493 1506 1190
1956 2 2 4 3 1435 1559 1310
1957 2 2 4 3 1227 1519 1217
1958 2 2 4 3 247 1411 246
1959 2 2 4 3 1458 1543 1299
1960 2 2 4 3 312 1123 313
1961 2 2 4 3 1220 1409 1115
1962 2 2 4 3 1232 1396 1233
1963 2 2 4 3 1516 1562 1517
1964 2 2 4 3 1298 1399 1398
1965 2 2 4 3 1564 1579 1467
1966 2 2 4 3 1346 1505 1487
1967 2 2 4 3 1262 1653 1597
1968 2 2 4 3 1392 1607 1449
1969 2 2 4 3 1419 1505 1346
1970 2 2 4 3 1445 1598 1572
1971 2 2 4 3 1222 1573 1403
1972 2 2 4 3 1597 1653 1444
1973 2 2 4 3 1318 1443 1338
1974 2 2 4 3 1198 1471 1275
1975 2 2 4 3 1467 1579 1378
1976 2 2 4 3 302 1623 303
1977 2 2 4 3 1391 1449 1436
1978 2 2 4 3 1479 1567 1462
1979 2 2 4 3 1118 1444 304
1980 2 2 4 3 1409 1623 302
1981 2 2 4 3 262 1440 261
1982 2 2 4 3 1323 1460 1356
1983 2 2 4 3 1408 1600 1554
1984 2 2 4 3 312 1309 1126
1985 2 2 4 3 1144 1147 1146
1986 2 2 4 3 1486 1589 1417
1987 2 2 4 3 1217 1519 1240
1988 2 2 4 3 1238 1451 1237
1989 2 2 4 3 1429 1431 1160
1990 2 2 4 3 1196 1234 1226
1991 2 2 4 3 304 1119 303
1992 2 2 4 3 1394 1433 1395
1993 2 2 4 3 1606 1661 1410
1994 2 2 4 3 1147 1154 1148
1995 2 2 4 3 1424 1425 1321
1996 2 2 4 3 1508 1511 283
1997 2 2 4 3 1165 1471 1168
1998 2 2 4 3 1509 1544 1329
1999 2 2 4 3 1422 1623 1409
2000 2 2 4 3 1409 1423 1422
2001 2 2 4 3 1164 1636 1590
2002 2 2 4 3 1139 1144 1137
2003 2 2 4 3 1154 1160 1155
2004 2 2 4 3 1428 1430 1429
2005 2 2 4 3 1116 1193 1191
2006 2 2 4 3 1513 1556 1404
2007 2 2 4 3 1342 1462 1461
2008 2 2 4 3 1130 1137 1128
2009 2 2 4 3 1157 1428 1154
2010 2 2 4 3 1332 1643 1135
2011 2 2 4 3 1495 1584 276
2012 2 2 4 3 1224 1484 1146
2013 2 2 4 3 1229 1467 1257
2014 2 2 4 3 1487 1660 1582
2015 2 2 4 3 1393 1394 1319
2016 2 2 4 3 1270 1459 1274
2017 2 2 4 3 1232 1233 1199
2018 2 2 4 3 303 1118 304
2019 2 2 4 3 1253 1268 1252
2020 2 2 4 3 1253 1459 1270
2021 2 2 4 3 273 1592 1313
2022 2 2 4 3 1481 1585 1560
2023 2 2 4 3 1317 1319 1318
2024 2 2 4 3 1257 1378 1260
2025 2 2 4 3 1198 1232 1199
2026 2 2 4 3 1265 1487 1266
2027 2 2 4 3 1490 1533 1308
2028 2 2 4 3 1342 1461 299
2029 2 2 4 3 301 1115 302
2030 2 2 4 3 1335 1642 1455
2031 2 2 4 3 1190 1618 1492
2032 2 2 4 3 1193 1196 1194
2033 2 2 4 3 1287 1435 1278
2034 2 2 4 3 1164 1471 1165
2035 2 2 4 3 1198 1199 1170
2036 2 2 4 3 1299 1614 1458
2037 2 2 4 3 254 1626 1550
2038 2 2 4 3 1394 1581 1433
2039 2 2 4 3 1220 1423 1409
2040 2 2 4 3 1238 1455 1451
2041 2 2 4 3 1168 1198 1170
2042 2 2 4 3 1257 1467 1378
2043 2 2 4 3 1170 1478 1171
2044 2 2 4 3 1185 1447 1254
2045 2 2 4 3 1181 1447 1185
2046 2 2 4 3 1392 1612 1591
2047 2 2 4 3 283 1611 1508
2048 2 2 4 3 1476 1477 1331
2049 2 2 4 3 1565 1567 1540
2050 2 2 4 3 1278 1310 1276
2051 2 2 4 3 1483 1493 1425
2052 2 2 4 3 302 1116 301
2053 2 2 4 3 1381 1472 1437
2054 2 2 4 3 1144 1146 1137
2055 2 2 4 3 1146 1484 1137
2056 2 2 4 3 1440 1561 261
2057 2 2 4 3 1468 1469 1340
2058 2 2 4 3 1303 1571 1424
2059 2 2 4 3 299 1468 1340
2060 2 2 4 3 1161 1164 1163
2061 2 2 4 3 1469 1497 1470
2062 2 2 4 3 1278 1435 1310
2063 2 2 4 3 1394 1395 1319
2064 2 2 4 3 1147 1157 1154
2065 2 2 4 3 1159 1627 1412
2066 2 2 4 3 1233 1317 1316
2067 2 2 4 3 1390 1391 1287
2068 2 2 4 3 1235 1265 1251
2069 2 2 4 3 1147 1148 1146
2070 2 2 4 3 1446 1659 1413
2071 2 2 4 3 1234 1235 1226
2072 2 2 4 3 292 1530 1308
2073 2 2 4 3 1425 1610 1483
2074 2 2 4 3 1390 1392 1391
2075 2 2 4 3 1176 1415 1239
2076 2 2 4 3 1154 1155 1148
2077 2 2 4 3 308 1134 309
2078 2 2 4 3 1422 1572 1118
2079 2 2 4 3 1174 1415 1176
2080 2 2 4 3 1265 1660 1487
2081 2 2 4 3 306 1283 305
2082 2 2 4 3 1210 1220 1115
2083 2 2 4 3 1487 1563 1346
2084 2 2 4 3 1331 1477 1243
2085 2 2 4 3 1433 1547 1395
2086 2 2 4 3 1249 1489 1488
2087 2 2 4 3 1143 1491 1439
2088 2 2 4 3 1160 1161 1155
2089 2 2 4 3 1356 1426 1358
2090 2 2 4 3 1550 1626 1385
2091 2 2 4 3 1130 1139 1137
2092 2 2 4 3 1358 1386 1360
2093 2 2 4 3 1501 1646 1476
2094 2 2 4 3 1356 1460 1426
2095 2 2 4 3 1445 1572 1370
2096 2 2 4 3 1417 1658 1486
2097 2 2 4 3 1165 1168 1167
2098 2 2 4 3 1309 1447 1126
2099 2 2 4 3 1168 1170 1169
2100 2 2 4 3 252 1506 251
2101 2 2 4 3 1176 1239 1178
2102 2 2 4 3 1259 1372 1220
2103 2 2 4 3 1404 1556 1464
2104 2 2 4 3 1397 1548 1410
2105 2 2 4 3 1441 1529 1365
2106 2 2 4 3 1358 1426 1386
2107 2 2 4 3 1153 1459 1253
2108 2 2 4 3 1372 1423 1220
2109 2 2 4 3 1537 1603 1515
2110 2 2 4 3 1317 1393 1319
2111 2 2 4 3 304 1653 305
2112 2 2 4 3 1317 1318 1316
2113 2 2 4 3 1122 1534 1466
2114 2 2 4 3 1139 1222 1144
2115 2 2 4 3 1207 1263 1209
2116 2 2 4 3 1434 1547 1433
2117 2 2 4 3 1432 1636 1431
2118 2 2 4 3 1164 1165 1163
2119 2 2 4 3 257 1518 256
2120 2 2 4 3 1193 1194 1191
2121 2 2 4 3 1591 1612 1459
2122 2 2 4 3 280 1130 1128
2123 2 2 4 3 1444 1598 1597
2124 2 2 4 3 1378 1408 1260
2125 2 2 4 3 1333 1526 1437
2126 2 2 4 3 315 1149 316
2127 2 2 4 3 1275 1276 1232
2128 2 2 4 3 1585 1658 1417
2129 2 2 4 3 1282 1383 1376
2130 2 2 4 3 1444 1653 304
2131 2 2 4 3 247 1617 1411
2132 2 2 4 3 1515 1516 1301
2133 2 2 4 3 1243 1477 1241
2134 2 2 4 3 1338 1413 1352
2135 2 2 4 3 1507 1509 1329
2136 2 2 4 3 1157 1442 1428
2137 2 2 4 3 1421 1609 1375
2138 2 2 4 3 256 1518 1158
2139 2 2 4 3 1196 1226 1225
2140 2 2 4 3 1327 1402 1328
2141 2 2 4 3 1279 1327 1320
2142 2 2 4 3 1514 1515 1301
2143 2 2 4 3 1222 1601 1144
2144 2 2 4 3 1260 1408 1302
2145 2 2 4 3 1263 1481 1480
2146 2 2 4 3 260 1133 259
2147 2 2 4 3 263 1159 262
2148 2 2 4 3 1386 1448 1360
2149 2 2 4 3 1289 1530 293
2150 2 2 4 3 280 1128 279
2151 2 2 4 3 266 1122 265
2152 2 2 4 3 278 1264 277
2153 2 2 4 3 1547 1549 1446
2154 2 2 4 3 305 1262 306
2155 2 2 4 3 1265 1266 1251
2156 2 2 4 3 275 1121 274
2157 2 2 4 3 317 1132 318
2158 2 2 4 3 251 1506 1284
2159 2 2 4 3 1233 1316 1315
2160 2 2 4 3 1312 1628 1437
2161 2 2 4 3 1509 1611 1299
2162 2 2 4 3 273 1313 272
2163 2 2 4 3 1180 1282 1188
2164 2 2 4 3 268 1298 267
2165 2 2 4 3 271 1120 270
2166 2 2 4 3 1230 1560 1332
2167 2 2 4 3 1253 1269 1268
2168 2 2 4 3 1294 1336 1292
2169 2 2 4 3 1369 1566 1412
2170 2 2 4 3 1308 1588 1490
2171 2 2 4 3 1393 1427 1394
2172 2 2 4 3 1530 1588 1308
2173 2 2 4 3 285 1299 284
2174 2 2 4 3 1413 1512 1352
2175 2 2 4 3 1126 1447 1181
2176 2 2 4 3 1319 1443 1318
2177 2 2 4 3 1323 1356 1355
2178 2 2 4 3 1431 1640 1160
2179 2 2 4 3 1277 1278 1276
2180 2 2 4 3 258 1301 257
2181 2 2 4 3 1421 1608 1380
2182 2 2 4 3 300 1468 299
2183 2 2 4 3 1292 1519 1227
2184 2 2 4 3 1314 1567 1479
2185 2 2 4 3 1487 1582 1563
2186 2 2 4 3 1400 1628 1312
2187 2 2 4 3 1559 1581 1427
2188 2 2 4 3 1356 1358 1357
2189 2 2 4 3 1347 1458 1414
2190 2 2 4 3 1288 1491 288
2191 2 2 4 3 1285 1287 1278
2192 2 2 4 3 1543 1544 1509
2193 2 2 4 3 1116 1191 1127
2194 2 2 4 3 1168 1169 1167
2195 2 2 4 3 307 1662 308
2196 2 2 4 3 1142 1210 1115
2197 2 2 4 3 1134 1221 1135
2198 2 2 4 3 1210 1259 1220
2199 2 2 4 3 1412 1627 1466
2200 2 2 4 3 1333 1437 1369
2201 2 2 4 3 1198 1275 1232
2202 2 2 4 3 1436 1559 1435
2203 2 2 4 3 1545 1558 1239
2204 2 2 4 3 287 1143 286
2205 2 2 4 3 1474 1476 1331
2206 2 2 4 3 1500 1538 1313
2207 2 2 4 3 289 1288 288
2208 2 2 4 3 1137 1484 1128
2209 2 2 4 3 1313 1592 1500
2210 2 2 4 3 256 1158 255
2211 2 2 4 3 1235 1595 1265
2212 2 2 4 3 1171 1174 1173
2213 2 2 4 3 1308 1533 291
2214 2 2 4 3 1464 1556 1383
2215 2 2 4 3 1365 1390 1287
2216 2 2 4 3 1463 1483 1482
2217 2 2 4 3 1298 1504 267
2218 2 2 4 3 1233 1315 1199
2219 2 2 4 3 1629 1644 1302
2220 2 2 4 3 1264 1475 1474
2221 2 2 4 3 1229 1257 1245
2222 2 2 4 3 1377 1533 1490
2223 2 2 4 3 1262 1593 306
2224 2 2 4 3 1161 1163 1162
2225 2 2 4 3 1451 1455 1453
2226 2 2 4 3 1249 1568 1489
2227 2 2 4 3 1196 1225 1194
2228 2 2 4 3 1299 1543 1509
2229 2 2 4 3 1127 1468 300
2230 2 2 4 3 1254 1589 1486
2231 2 2 4 3 1174 1176 1175
2232 2 2 4 3 1298 1633 1399
2233 2 2 4 3 1270 1274 1272
2234 2 2 4 3 292 1308 291
2235 2 2 4 3 1469 1470 1340
2236 2 2 4 3 1358 1360 1359
2237 2 2 4 3 1401 1561 1440
2238 2 2 4 3 253 1190 252
2239 2 2 4 3 1170 1171 1169
2240 2 2 4 3 294 1289 293
2241 2 2 4 3 1336 1520 1519
2242 2 2 4 3 1147 1601 1157
2243 2 2 4 3 1406 1407 1119
2244 2 2 4 3 1185 1254 1202
2245 2 2 4 3 1233 1396 1317
2246 2 2 4 3 1345 1589 1447
2247 2 2 4 3 1301 1518 257
2248 2 2 4 3 1257 1260 1258
2249 2 2 4 3 1455 1456 1453
2250 2 2 4 3 1259 1424 1372
2251 2 2 4 3 251 1284 250
2252 2 2 4 3 1527 1593 1262
2253 2 2 4 3 1388 1605 1470
2254 2 2 4 3 1282 1376 1188
2255 2 2 4 3 1289 1570 1470
2256 2 2 4 3 1327 1328 1320
2257 2 2 4 3 1160 1640 1161
2258 2 2 4 3 249 1314 248
2259 2 2 4 3 319 1114 320
2260 2 2 4 3 258 1514 1301
2261 2 2 4 3 1184 1549 1125
2262 2 2 4 3 1275 1277 1276
2263 2 2 4 3 1463 1482 1214
2264 2 2 4 3 296 1388 295
2265 2 2 4 3 1235 1251 1250
2266 2 2 4 3 1148 1501 1224
2267 2 2 4 3 1230 1332 1135
2268 2 2 4 3 1318 1338 1337
2269 2 2 4 3 1304 1502 1261
2270 2 2 4 3 1539 1625 1120
2271 2 2 4 3 1462 1463 1214
2272 2 2 4 3 1120 1580 270
2273 2 2 4 3 1383 1421 1376
2274 2 2 4 3 299 1340 298
2275 2 2 4 3 1349 1600 1522
2276 2 2 4 3 1127 1488 1468
2277 2 2 4 3 299 1461 300
2278 2 2 4 3 1124 1602 313
2279 2 2 4 3 1263 1480 1209
2280 2 2 4 3 1356 1357 1355
2281 2 2 4 3 1165 1167 1166
2282 2 2 4 3 301 1142 1115
2283 2 2 4 3 1437 1526 1381
2284 2 2 4 3 1336 1519 1292
2285 2 2 4 3 288 1491 287
2286 2 2 4 3 298 1342 299
2287 2 2 4 3 1395 1446 1443
2288 2 2 4 3 1221 1230 1135
2289 2 2 4 3 1176 1178 1177
2290 2 2 4 3 1190 1506 252
2291 2 2 4 3 1494 1659 1184
2292 2 2 4 3 1294 1472 1336
2293 2 2 4 3 1116 1127 301
2294 2 2 4 3 1554 1629 1408
2295 2 2 4 3 300 1142 301
2296 2 2 4 3 1427 1657 1310
2297 2 2 4 3 1277 1285 1278
2298 2 2 4 3 1204 1485 1207
2299 2 2 4 3 1402 1403 1328
2300 2 2 4 3 1384 1502 1304
2301 2 2 4 3 1239 1546 1545
2302 2 2 4 3 1219 1494 1186
2303 2 2 4 3 301 1127 300
2304 2 2 4 3 1148 1224 1146
2305 2 2 4 3 1527 1597 1211
2306 2 2 4 3 1472 1608 1336
2307 2 2 4 3 1566 1628 1400
2308 2 2 4 3 1449 1607 1145
2309 2 2 4 3 281 1130 280
2310 2 2 4 3 1255 1560 1230
2311 2 2 4 3 1145 1649 1449
2312 2 2 4 3 1489 1497 1469
2313 2 2 4 3 1254 1486 1485
2314 2 2 4 3 1174 1175 1173
2315 2 2 4 3 1450 1553 1326
2316 2 2 4 3 1351 1498 1296
2317 2 2 4 3 1295 1348 1255
2318 2 2 4 3 1358 1359 1357
2319 2 2 4 3 1428 1442 1430
2320 2 2 4 3 1178 1558 1180
2321 2 2 4 3 1253 1270 1269
2322 2 2 4 3 1285 1365 1287
2323 2 2 4 3 1398 1620 1619
2324 2 2 4 3 1151 1581 1569
2325 2 2 4 3 1260 1302 1261
2326 2 2 4 3 1338 1352 1339
2327 2 2 4 3 1161 1162 1155
2328 2 2 4 3 1594 1649 1138
2329 2 2 4 3 315 1638 1150
2330 2 2 4 3 1349 1522 1348
2331 2 2 4 3 1318 1337 1316
2332 2 2 4 3 266 1504 1122
2333 2 2 4 3 313 1602 314
2334 2 2 4 3 1178 1180 1179
2335 2 2 4 3 1133 1514 259
2336 2 2 4 3 1266 1279 1267
2337 2 2 4 3 1204 1207 1206
2338 2 2 4 3 1395 1443 1319
2339 2 2 4 3 1454 1616 1606
2340 2 2 4 3 1242 1306 1305
2341 2 2 4 3 1540 1567 1314
2342 2 2 4 3 1350 1351 1296
2343 2 2 4 3 1188 1376 1201
2344 2 2 4 3 1235 1250 1226
2345 2 2 4 3 1312 1472 1294
2346 2 2 4 3 1395 1547 1446
2347 2 2 4 3 1216 1564 1467
2348 2 2 4 3 1306 1323 1322
2349 2 2 4 3 1365 1529 1390
2350 2 2 4 3 1376 1380 1201
2351 2 2 4 3 1461 1462 1214
2352 2 2 4 3 1264 1495 277
2353 2 2 4 3 1538 1539 1313
2354 2 2 4 3 1508 1611 1509
2355 2 2 4 3 300 1461 1142
2356 2 2 4 3 1372 1583 1423
2357 2 2 4 3 291 1533 290
2358 2 2 4 3 1207 1209 1208
2359 2 2 4 3 1508 1509 1507
2360 2 2 4 3 1120 1632 1539
2361 2 2 4 3 1194 1249 1191
2362 2 2 4 3 1266 1505 1279
2363 2 2 4 3 263 1627 1159
2364 2 2 4 3 1414 1438 1281
2365 2 2 4 3 1199 1478 1170
2366 2 2 4 3 1452 1553 1450
2367 2 2 4 3 287 1491 1143
2368 2 2 4 3 1522 1600 1579
2369 2 2 4 3 1165 1166 1163
2370 2 2 4 3 1142 1214 1210
2371 2 2 4 3 1475 1604 1484
2372 2 2 4 3 1150 1638 1434
2373 2 2 4 3 1347 1543 1458
2374 2 2 4 3 1619 1620 1363
2375 2 2 4 3 1284 1540 250
2376 2 2 4 3 1176 1177 1175
2377 2 2 4 3 1323 1355 1354
2378 2 2 4 3 1156 1594 1138
2379 2 2 4 3 1553 1577 1326
2380 2 2 4 3 1352 1404 1353
2381 2 2 4 3 1224 1613 1484
2382 2 2 4 3 1210 1482 1259
2383 2 2 4 3 1360 1362 1359
2384 2 2 4 3 1226 1290 1225
2385 2 2 4 3 1279 1320 1280
2386 2 2 4 3 1139 1361 1222
2387 2 2 4 3 1383 1622 1464
2388 2 2 4 3 1291 1292 1227
2389 2 2 4 3 1529 1612 1390
2390 2 2 4 3 1296 1498 1247
2391 2 2 4 3 1221 1325 1246
2392 2 2 4 3 1317 1396 1393
2393 2 2 4 3 1572 1598 1444
2394 2 2 4 3 1180 1188 1187
2395 2 2 4 3 1256 1445 1370
2396 2 2 4 3 1518 1574 1158
2397 2 2 4 3 1257 1258 1245
2398 2 2 4 3 1191 1488 1127
2399 2 2 4 3 1171 1173 1172
2400 2 2 4 3 1217 1240 1215
2401 2 2 4 3 1377 1490 1368
2402 2 2 4 3 1122 1586 1534
2403 2 2 4 3 1484 1604 1128
2404 2 2 4 3 1344 1384 1304
2405 2 2 4 3 1214 1482 1210
2406 2 2 4 3 1293 1294 1292
2407 2 2 4 3 1436 1594 1569
2408 2 2 4 3 1274 1286 1272
2409 2 2 4 3 1142 1461 1214
2410 2 2 4 3 1364 1524 1359
2411 2 2 4 3 1209 1480 1213
2412 2 2 4 3 282 1503 281
2413 2 2 4 3 1449 1594 1436
2414 2 2 4 3 1504 1586 1122
2415 2 2 4 3 1448 1631 1182
2416 2 2 4 3 267 1504 266
2417 2 2 4 3 279 1604 278
2418 2 2 4 3 1254 1485 1202
2419 2 2 4 3 1460 1651 1382
2420 2 2 4 3 1316 1496 1315
2421 2 2 4 3 321 1635 322
2422 2 2 4 3 1311 1312 1294
2423 2 2 4 3 1352 1512 1404
2424 2 2 4 3 277 1495 276
2425 2 2 4 3 1248 1333 1324
2426 2 2 4 3 1251 1510 1250
2427 2 2 4 3 1188 1201 1200
2428 2 2 4 3 1290 1343 1300
2429 2 2 4 3 1498 1578 1448
2430 2 2 4 3 1337 1546 1496
2431 2 2 4 3 295 1570 294
2432 2 2 4 3 1178 1179 1177
2433 2 2 4 3 1284 1565 1540
2434 2 2 4 3 289 1532 1288
2435 2 2 4 3 1399 1523 1364
2436 2 2 4 3 1333 1369 1334
2437 2 2 4 3 1348 1560 1255
2438 2 2 4 3 1338 1339 1337
2439 2 2 4 3 1376 1421 1380
2440 2 2 4 3 310 1136 311
2441 2 2 4 3 259 1514 258
2442 2 2 4 3 1523 1524 1364
2443 2 2 4 3 1302 1644 1571
2444 2 2 4 3 1249 1488 1191
2445 2 2 4 3 318 1129 319
2446 2 2 4 3 1242 1587 1306
2447 2 2 4 3 1261 1502 1258
2448 2 2 4 3 306 1575 1283
2449 2 2 4 3 1307 1331 1243
2450 2 2 4 3 1266 1267 1251
2451 2 2 4 3 1167 1231 1166
2452 2 2 4 3 1398 1619 1298
2453 2 2 4 3 1163 1557 1162
2454 2 2 4 3 1487 1505 1266
2455 2 2 4 3 1411 1617 1479
2456 2 2 4 3 1367 1368 1300
2457 2 2 4 3 1252 1648 1141
2458 2 2 4 3 1406 1553 1407
2459 2 2 4 3 1387 1474 1331
2460 2 2 4 3 1476 1646 1477
2461 2 2 4 3 1325 1445 1246
2462 2 2 4 3 1248 1526 1333
2463 2 2 4 3 1367 1377 1368
2464 2 2 4 3 1186 1494 1183
2465 2 2 4 3 1453 1457 1454
2466 2 2 4 3 1161 1640 1164
2467 2 2 4 3 253 1550 1190
2468 2 2 4 3 1414 1439 1438
2469 2 2 4 3 1436 1569 1559
2470 2 2 4 3 274 1592 273
2471 2 2 4 3 1368 1568 1521
2472 2 2 4 3 1373 1374 1205
2473 2 2 4 3 250 1540 249
2474 2 2 4 3 1306 1322 1305
2475 2 2 4 3 1171 1172 1169
2476 2 2 4 3 285 1614 1299
2477 2 2 4 3 1350 1363 1351
2478 2 2 4 3 1209 1213 1212
2479 2 2 4 3 1185 1202 1186
2480 2 2 4 3 254 1550 253
2481 2 2 4 3 1218 1229 1228
2482 2 2 4 3 1548 1606 1410
2483 2 2 4 3 1344 1385 1384
2484 2 2 4 3 290 1532 289
2485 2 2 4 3 1351 1578 1498
2486 2 2 4 3 1273 1420 1419
2487 2 2 4 3 1211 1597 1325
2488 2 2 4 3 1196 1661 1234
2489 2 2 4 3 1260 1261 1258
2490 2 2 4 3 1180 1187 1179
2491 2 2 4 3 1361 1507 1222
2492 2 2 4 3 1323 1354 1322
2493 2 2 4 3 1424 1571 1372
2494 2 2 4 3 1229 1245 1244
2495 2 2 4 3 1125 1549 1124
2496 2 2 4 3 1200 1526 1248
2497 2 2 4 3 1352 1353 1339
2498 2 2 4 3 1470 1570 1388
2499 2 2 4 3 1357 1379 1355
2500 2 2 4 3 1203 1219 1186
2501 2 2 4 3 1470 1605 1340
2502 2 2 4 3 1427 1581 1394
2503 2 2 4 3 1143 1614 286
2504 2 2 4 3 1359 1524 1357
2505 2 2 4 3 294 1570 1289
2506 2 2 4 3 1368 1521 1300
2507 2 2 4 3 1521 1568 1249
2508 2 2 4 3 1270 1272 1271
2509 2 2 4 3 1267 1510 1251
2510 2 2 4 3 268 1633 1298
2511 2 2 4 3 1522 1650 1348
2512 2 2 4 3 1183 1494 1184
2513 2 2 4 3 1207 1208 1206
2514 2 2 4 3 1274 1612 1529
2515 2 2 4 3 1219 1512 1494
2516 2 2 4 3 1320 1544 1280
2517 2 2 4 3 1290 1300 1225
2518 2 2 4 3 1279 1280 1267
2519 2 2 4 3 1201 1526 1200
2520 2 2 4 3 1175 1405 1173
2521 2 2 4 3 1277 1432 1285
2522 2 2 4 3 260 1561 1133
2523 2 2 4 3 1516 1518 1301
2524 2 2 4 3 1374 1665 1205
2525 2 2 4 3 1285 1432 1366
2526 2 2 4 3 1183 1184 1125
2527 2 2 4 3 1424 1610 1425
2528 2 2 4 3 1555 1654 1439
2529 2 2 4 3 1263 1658 1481
2530 2 2 4 3 261 1561 260
2531 2 2 4 3 1459 1612 1274
2532 2 2 4 3 1173 1189 1172
2533 2 2 4 3 1343 1367 1300
2534 2 2 4 3 1321 1344 1304
2535 2 2 4 3 298 1605 297
2536 2 2 4 3 1250 1290 1226
2537 2 2 4 3 1328 1329 1320
2538 2 2 4 3 1169 1535 1167
2539 2 2 4 3 1239 1558 1178
2540 2 2 4 3 1362 1398 1364
2541 2 2 4 3 1516 1574 1518
2542 2 2 4 3 1517 1645 1516
2543 2 2 4 3 1189 1382 1172
2544 2 2 4 3 1291 1293 1292
2545 2 2 4 3 1167 1535 1231
2546 2 2 4 3 1240 1551 1215
2547 2 2 4 3 1181 1185 1183
2548 2 2 4 3 1327 1596 1402
2549 2 2 4 3 1498 1499 1247
2550 2 2 4 3 1188 1200 1187
2551 2 2 4 3 1337 1496 1316
2552 2 2 4 3 1360 1578 1362
2553 2 2 4 3 1404 1464 1353
2554 2 2 4 3 1362 1364 1359
2555 2 2 4 3 1380 1381 1201
2556 2 2 4 3 1209 1212 1208
2557 2 2 4 3 1303 1321 1304
2558 2 2 4 3 1313 1632 272
2559 2 2 4 3 1568 1588 1489
2560 2 2 4 3 1480 1522 1213
2561 2 2 4 3 1412 1466 1334
2562 2 2 4 3 1144 1601 1147
2563 2 2 4 3 1194 1521 1249
2564 2 2 4 3 1329 1544 1320
2565 2 2 4 3 1302 1303 1261
2566 2 2 4 3 1179 1182 1177
2567 2 2 4 3 1293 1311 1294
2568 2 2 4 3 1155 1501 1148
2569 2 2 4 3 1295 1349 1348
2570 2 2 4 3 1333 1334 1324
2571 2 2 4 3 1282 1622 1383
2572 2 2 4 3 1185 1186 1183
2573 2 2 4 3 1307 1418 1387
2574 2 2 4 3 1200 1247 1187
2575 2 2 4 3 276 1584 275
2576 2 2 4 3 1179 1499 1182
2577 2 2 4 3 1237 1451 1450
2578 2 2 4 3 1354 1473 1322
2579 2 2 4 3 1311 1400 1312
2580 2 2 4 3 1321 1492 1344
2581 2 2 4 3 1476 1613 1224
2582 2 2 4 3 1311 1401 1400
2583 2 2 4 3 1285 1366 1365
2584 2 2 4 3 1535 1587 1231
2585 2 2 4 3 1248 1296 1247
2586 2 2 4 3 1463 1567 1565
2587 2 2 4 3 1513 1665 1374
2588 2 2 4 3 1475 1613 1474
2589 2 2 4 3 1202 1204 1203
2590 2 2 4 3 1347 1414 1281
2591 2 2 4 3 1483 1610 1482
2592 2 2 4 3 1192 1197 321
2593 2 2 4 3 1369 1412 1334
2594 2 2 4 3 1324 1350 1296
2595 2 2 4 3 1280 1281 1267
2596 2 2 4 3 1231 1242 1241
2597 2 2 4 3 1242 1305 1243
2598 2 2 4 3 1464 1465 1353
2599 2 2 4 3 1307 1387 1331
2600 2 2 4 3 1354 1500 1473
2601 2 2 4 3 270 1580 269
2602 2 2 4 3 249 1540 1314
2603 2 2 4 3 1136 1309 311
2604 2 2 4 3 1490 1588 1568
2605 2 2 4 3 1280 1347 1281
2606 2 2 4 3 1339 1546 1337
2607 2 2 4 3 1398 1399 1364
2608 2 2 4 3 271 1632 1120
2609 2 2 4 3 1438 1510 1281
2610 2 2 4 3 1402 1656 1403
2611 2 2 4 3 1324 1534 1350
2612 2 2 4 3 1291 1341 1293
2613 2 2 4 3 1388 1570 295
2614 2 2 4 3 1231 1241 1166
2615 2 2 4 3 1425 1492 1321
2616 2 2 4 3 1465 1622 1282
2617 2 2 4 3 1447 1589 1254
2618 2 2 4 3 1300 1521 1225
2619 2 2 4 3 1200 1248 1247
2620 2 2 4 3 1225 1521 1194
2621 2 2 4 3 1248 1324 1296
2622 2 2 4 3 1298 1619 1504
2623 2 2 4 3 1354 1538 1500
2624 2 2 4 3 1373 1375 1374
2625 2 2 4 3 1245 1517 1244
2626 2 2 4 3 1229 1244 1228
2627 2 2 4 3 290 1533 1532
2628 2 2 4 3 1202 1203 1186
2629 2 2 4 3 1234 1616 1457
2630 2 2 4 3 1173 1405 1189
2631 2 2 4 3 1228 1291 1227
2632 2 2 4 3 1204 1206 1205
2633 2 2 4 3 1258 1330 1245
2634 2 2 4 3 1465 1558 1545
2635 2 2 4 3 1136 1416 1345
2636 2 2 4 3 1355 1538 1354
2637 2 2 4 3 1497 1530 1289
2638 2 2 4 3 1242 1243 1241
2639 2 2 4 3 1305 1307 1243
2640 2 2 4 3 1295 1554 1349
2641 2 2 4 3 1378 1600 1408
2642 2 2 4 3 1303 1304 1261
2643 2 2 4 3 275 1584 1121
2644 2 2 4 3 309 1117 310
2645 2 2 4 3 1361 1508 1507
2646 2 2 4 3 1202 1485 1204
2647 2 2 4 3 1269 1335 1268
2648 2 2 4 3 1401 1440 1400
2649 2 2 4 3 1458 1614 1143
2650 2 2 4 3 1256 1370 1297
2651 2 2 4 3 1218 1227 1217
2652 2 2 4 3 1286 1525 1272
2653 2 2 4 3 307 1593 1527
2654 2 2 4 3 1218 1228 1227
2655 2 2 4 3 284 1611 283
2656 2 2 4 3 1212 1215 1208
2657 2 2 4 3 1315 1478 1199
2658 2 2 4 3 1270 1271 1269
2659 2 2 4 3 1370 1422 1371
2660 2 2 4 3 1474 1613 1476
2661 2 2 4 3 1370 1572 1422
2662 2 2 4 3 1302 1571 1303
2663 2 2 4 3 1172 1535 1169
2664 2 2 4 3 1383 1609 1421
2665 2 2 4 3 1216 1217 1215
2666 2 2 4 3 314 1638 315
2667 2 2 4 3 255 1626 254
2668 2 2 4 3 1290 1531 1343
2669 2 2 4 3 1273 1525 1420
2670 2 2 4 3 1216 1218 1217
2671 2 2 4 3 1212 1216 1215
2672 2 2 4 3 1204 1205 1203
2673 2 2 4 3 1273 1346 1271
2674 2 2 4 3 1274 1529 1286
2675 2 2 4 3 1139 1503 1361
2676 2 2 4 3 1343 1555 1367
2677 2 2 4 3 1237 1450 1236
2678 2 2 4 3 1206 1373 1205
2679 2 2 4 3 1456 1457 1453
2680 2 2 4 3 1523 1580 1120
2681 2 2 4 3 1344 1618 1385
2682 2 2 4 3 1334 1534 1324
2683 2 2 4 3 1145 1607 1152
2684 2 2 4 3 1371 1389 1297
2685 2 2 4 3 1211 1325 1221
2686 2 2 4 3 1121 1592 274
2687 2 2 4 3 1382 1587 1535
2688 2 2 4 3 1149 1156 316
2689 2 2 4 3 1272 1273 1271
2690 2 2 4 3 1307 1541 1418
2691 2 2 4 3 1471 1590 1275
2692 2 2 4 3 1379 1539 1538
2693 2 2 4 3 1136 1345 1309
2694 2 2 4 3 3 1663 296
2695 2 2 4 3 1477 1557 1241
2696 2 2 4 3 1347 1544 1543
2697 2 2 4 3 1386 1631 1448
2698 2 2 4 3 1305 1541 1307
2699 2 2 4 3 1187 1499 1179
2700 2 2 4 3 1393 1657 1427
2701 2 2 4 3 1330 1517 1245
2702 2 2 4 3 1490 1568 1368
2703 2 2 4 3 1121 1637 1473
2704 2 2 4 3 1273 1419 1346
2705 2 2 4 3 1442 1664 1420
2706 2 2 4 3 1314 1617 248
2707 2 2 4 3 1130 1503 1139
2708 2 2 4 3 1206 1551 1373
2709 2 2 4 3 1462 1567 1463
2710 2 2 4 3 1128 1604 279
2711 2 2 4 3 1322 1541 1305
2712 2 2 4 3 1256 1295 1255
2713 2 2 4 3 1259 1610 1424
2714 2 2 4 3 1341 1603 1537
2715 2 2 4 3 1250 1531 1290
2716 2 2 4 3 1192 1236 1197
2717 2 2 4 3 1479 1617 1314
2718 2 2 4 3 1605 1663 297
2719 2 2 4 3 1281 1510 1267
2720 2 2 4 3 1408 1629 1302
2721 2 2 4 3 1246 1255 1230
2722 2 2 4 3 1510 1531 1250
2723 2 2 4 3 1293 1536 1311
2724 2 2 4 3 1578 1620 1362
2725 2 2 4 3 1236 1326 1197
2726 2 2 4 3 1374 1556 1513
2727 2 2 4 3 1271 1563 1269
2728 2 2 4 3 1211 1221 1134
2729 2 2 4 3 1506 1630 1284
2730 2 2 4 3 1280 1544 1347
2731 2 2 4 3 1311 1536 1401
2732 2 2 4 3 1362 1620 1398
2733 2 2 4 3 1299 1611 284
2734 2 2 4 3 1451 1453 1452
2735 2 2 4 3 1361 1511 1508
2736 2 2 4 3 1382 1535 1172
2737 2 2 4 3 1246 1445 1256
2738 2 2 4 3 1560 1650 1481
2739 2 2 4 3 1416 1417 1345
2740 2 2 4 3 1425 1493 1492
2741 2 2 4 3 1381 1526 1201
2742 2 2 4 3 1379 1538 1355
2743 2 2 4 3 1451 1452 1450
2744 2 2 4 3 1272 1525 1273
2745 2 2 4 3 1162 1501 1155
2746 2 2 4 3 1221 1246 1230
2747 2 2 4 3 1353 1545 1339
2748 2 2 4 3 1341 1537 1536
2749 2 2 4 3 1329 1573 1507
2750 2 2 4 3 1195 1621 1114
2751 2 2 4 3 281 1503 1130
2752 2 2 4 3 1157 1656 1442
2753 2 2 4 3 1291 1528 1341
2754 2 2 4 3 1557 1646 1162
2755 2 2 4 3 297 1663 3
2756 2 2 4 3 1463 1565 1483
2757 2 2 4 3 1453 1454 1452
2758 2 2 4 3 1370 1371 1297
2759 2 2 4 3 1407 1548 1119
2760 2 2 4 3 1166 1557 1163
2761 2 2 4 3 283 1511 282
2762 2 2 4 3 1385 1618 1550
2763 2 2 4 3 1297 1554 1295
2764 2 2 4 3 1484 1613 1475
2765 2 2 4 3 1422 1423 1371
2766 2 2 4 3 1341 1536 1293
2767 2 2 4 3 1399 1580 1523
2768 2 2 4 3 1466 1534 1334
2769 2 2 4 3 1403 1573 1328
2770 2 2 4 3 1328 1573 1329
2771 2 2 4 3 1448 1578 1360
2772 2 2 4 3 1114 1647 1195
2773 2 2 4 3 1208 1551 1206
2774 2 2 4 3 1256 1297 1295
2775 2 2 4 3 1153 1591 1459
2776 2 2 4 3 1228 1528 1291
2777 2 2 4 3 1192 1621 1195
2778 2 2 4 3 1626 1641 1385
2779 2 2 4 3 1473 1541 1322
2780 2 2 4 3 1590 1636 1432
2781 2 2 4 3 1389 1629 1554
2782 2 2 4 3 1507 1573 1222
2783 2 2 4 3 1118 1572 1444
2784 2 2 4 3 1286 1529 1441
2785 2 2 4 3 1417 1589 1345
2786 2 2 4 3 1346 1563 1271
2787 2 2 4 3 1244 1528 1228
2788 2 2 4 3 1587 1651 1306
2789 2 2 4 3 1246 1256 1255
2790 2 2 4 3 1480 1650 1522
2791 2 2 4 3 1182 1542 1177
2792 2 2 4 3 1131 1648 1647
2793 2 2 4 3 1390 1612 1392
2794 2 2 4 3 1175 1542 1405
2795 2 2 4 3 1367 1652 1377
2796 2 2 4 3 1158 1626 255
2797 2 2 4 3 1497 1588 1530
2798 2 2 4 3 308 1211 1134
2799 2 2 4 3 1326 1576 1197
2800 2 2 4 3 1152 1591 1153
2801 2 2 4 3 1326 1577 1576
2802 2 2 4 3 1415 1666 1496
2803 2 2 4 3 1385 1641 1384
2804 2 2 4 3 1493 1630 1506
2805 2 2 4 3 1503 1511 1361
2806 2 2 4 3 1379 1625 1539
2807 2 2 4 3 286 1614 285
2808 2 2 4 3 1539 1632 1313
2809 2 2 4 3 1373 1552 1375
2810 2 2 4 3 1534 1586 1350
2811 2 2 4 3 1247 1499 1187
2812 2 2 4 3 1275 1590 1277
2813 2 2 4 3 1545 1546 1339
2814 2 2 4 3 1389 1554 1297
2815 2 2 4 3 1223 1648 1252
2816 2 2 4 3 1357 1524 1379
2817 2 2 4 3 1336 1608 1520
2818 2 2 4 3 1406 1577 1553
2819 2 2 4 3 248 1617 247
2820 2 2 4 3 1532 1533 1377
2821 2 2 4 3 1489 1588 1497
2822 2 2 4 3 1375 1609 1374
2823 2 2 4 3 264 1627 263
2824 2 2 4 3 1231 1587 1242
2825 2 2 4 3 1377 1652 1532
2826 2 2 4 3 1195 1647 1223
2827 2 2 4 3 1219 1665 1513
2828 2 2 4 3 4 1593 307
2829 2 2 4 3 1241 1557 1166
2830 2 2 4 3 1351 1620 1578
2831 2 2 4 3 1262 1597 1527
2832 2 2 4 3 1350 1586 1363
2833 2 2 4 3 272 1632 271
2834 2 2 4 3 1213 1579 1564
2835 2 2 4 3 269 1633 268
2836 2 2 4 3 1340 1605 298
2837 2 2 4 3 1522 1579 1213
2838 2 2 4 3 1465 1545 1353
2839 2 2 4 3 306 1593 4
2840 2 2 4 3 1212 1564 1216
2841 2 2 4 3 1550 1618 1190
2842 2 2 4 3 1437 1628 1369
2843 2 2 4 3 1374 1609 1556
2844 2 2 4 3 320 1621 1192
2845 2 2 4 3 1348 1650 1560
2846 2 2 4 3 1177 1542 1175
2847 2 2 4 3 1515 1603 1562
2848 2 2 4 3 1123 1181 1125
2849 2 2 4 3 1215 1551 1208
2850 2 2 4 3 282 1511 1503
2851 2 2 4 3 1457 1616 1454
2852 2 2 4 3 1236 1450 1326
2853 2 2 4 3 1197 1635 321
2854 2 2 4 3 1482 1610 1259
2855 2 2 4 3 1584 1637 1121
2856 2 2 4 3 1277 1590 1432
2857 2 2 4 3 1556 1609 1383
2858 2 2 4 3 1269 1563 1335
2859 2 2 4 3 1531 1654 1343
2860 2 2 4 3 1181 1183 1125
2861 2 2 4 3 296 1663 1388
2862 2 2 4 3 1551 1552 1373
2863 2 2 4 3 1213 1564 1212
2864 2 2 4 3 1486 1658 1263
2865 2 2 4 3 1418 1637 1584
2866 2 2 4 3 1455 1642 1456
2867 2 2 4 3 1496 1666 1315
2868 2 2 4 3 1244 1562 1528
2869 2 2 4 3 1481 1650 1480
2870 2 2 4 3 1401 1624 1561
2871 2 2 4 3 1363 1620 1351
2872 2 2 4 3 1483 1630 1493
2873 2 2 4 3 1647 1648 1223
2874 2 2 4 3 1399 1633 1580
2875 2 2 4 3 1384 1634 1502
2876 2 2 4 3 1420 1596 1419
2877 2 2 4 3 1571 1644 1372
2878 2 2 4 3 1517 1562 1244
2879 2 2 4 3 1388 1663 1605
2880 2 2 4 3 1434 1639 1547
2881 2 2 4 3 1477 1646 1557
2882 2 2 4 3 1120 1625 1523
2883 2 2 4 3 1203 1665 1219
2884 2 2 4 3 1575 1635 1576
2885 2 2 4 3 1492 1618 1344
2886 2 2 4 3 1396 1657 1393
2887 2 2 4 3 1240 1552 1551
2888 2 2 4 3 1438 1531 1510
2889 2 2 4 3 1158 1641 1626
2890 2 2 4 3 1516 1645 1574
2891 2 2 4 3 1371 1583 1389
2892 2 2 4 3 1561 1624 1133
2893 2 2 4 3 1258 1502 1330
2894 2 2 4 3 1574 1641 1158
2895 2 2 4 3 1407 1606 1548
2896 2 2 4 3 1343 1654 1555
2897 2 2 4 3 1532 1652 1288
2898 2 2 4 3 1119 1599 303
2899 2 2 4 3 1456 1595 1457
2900 2 2 4 3 1372 1644 1583
2901 2 2 4 3 1439 1654 1438
2902 2 2 4 3 1547 1639 1549
2903 2 2 4 3 322 1635 1575
2904 2 2 4 3 1152 1607 1591
2905 2 2 4 3 1576 1635 1197
2906 2 2 4 3 1464 1622 1465
2907 2 2 4 3 1114 1621 320
2908 2 2 4 3 1563 1582 1335
2909 2 2 4 3 1580 1633 269
2910 2 2 4 3 1141 1648 1131
2911 2 2 4 3 1591 1607 1392
2912 2 2 4 3 1438 1654 1531
2913 2 2 4 3 1325 1598 1445
2914 2 2 4 3 1156 1655 316
2915 2 2 4 3 303 1623 1118
2916 2 2 4 3 1528 1603 1341
2917 2 2 4 3 1523 1625 1524
2918 2 2 4 3 1434 1638 1602
2919 2 2 4 3 1582 1660 1642
2920 2 2 4 3 1579 1600 1378
2921 2 2 4 3 1527 1662 307
2922 2 2 4 3 1284 1630 1565
2923 2 2 4 3 1582 1642 1335
2924 2 2 4 3 1416 1643 1417
2925 2 2 4 3 1369 1628 1566
2926 2 2 4 3 1205 1665 1203
2927 2 2 4 3 1423 1583 1371
2928 2 2 4 3 1133 1624 1537
2929 2 2 4 3 1384 1641 1634
2930 2 2 4 3 1138 1649 1145
2931 2 2 4 3 1597 1598 1325
2932 2 2 4 3 1283 1615 305
2933 2 2 4 3 1576 1577 1283
2934 2 2 4 3 1288 1652 1555
2935 2 2 4 3 1562 1603 1528
2936 2 2 4 3 1537 1624 1536
2937 2 2 4 3 1315 1666 1478
2938 2 2 4 3 1162 1646 1501
2939 2 2 4 3 1182 1631 1542
2940 2 2 4 3 1536 1624 1401
2941 2 2 4 3 1634 1641 1574
2942 2 2 4 3 1397 1599 1548
2943 2 2 4 3 1555 1652 1367
2944 2 2 4 3 1131 1647 1114
2945 2 2 4 3 1595 1660 1265
2946 2 2 4 3 1138 1655 1156
2947 2 2 4 3 1330 1645 1517
2948 2 2 4 3 1642 1660 1456
2949 2 2 4 3 317 1655 1138
2950 2 2 4 3 1585 1643 1332
2951 2 2 4 3 1417 1643 1585
2952 2 2 4 3 1575 1576 1283
2953 2 2 4 3 1549 1639 1124
2954 2 2 4 3 1541 1637 1418
2955 2 2 4 3 1382 1651 1587
2956 2 2 4 3 1565 1630 1483
2957 2 2 4 3 305 1653 1262
2958 2 2 4 3 1548 1599 1119
2959 2 2 4 3 1473 1637 1541
2960 2 2 4 3 308 1662 1211
2961 2 2 4 3 1602 1638 314
2962 2 2 4 3 1449 1649 1594
2963 2 2 4 3 1124 1639 1602
2964 2 2 4 3 1596 1664 1402
2965 2 2 4 3 1481 1658 1585
2966 2 2 4 3 1656 1664 1442
2967 2 2 4 3 1602 1639 1434
2968 2 2 4 3 1524 1625 1379
2969 2 2 4 3 1583 1644 1389
2970 2 2 4 3 1402 1664 1656
2971 2 2 4 3 1164 1640 1636
2972 2 2 4 3 1456 1660 1595
2973 2 2 4 3 1420 1664 1596
2974 2 2 4 3 1502 1634 1330
2975 2 2 4 3 1577 1615 1283
2976 2 2 4 3 1389 1644 1629
2977 2 2 4 3 1234 1661 1616
2978 2 2 4 3 1634 1645 1330
2979 2 2 4 3 1636 1640 1431
2980 2 2 4 3 1574 1645 1634
2981 2 2 4 3 1211 1662 1527
2982 2 2 4 3 1406 1615 1577
2983 2 2 4 3 313 1125 1124
2984 2 2 4 3 1150 1151 315
2985 2 2 4 3 1138 1145 317
2986 2 2 4 3 309 1135 1117
2987 2 2 4 3 1134 1135 309
2988 2 2 4 3 1117 1416 310
2989 2 2 4 3 310 1416 1136
2990 2 2 4 3 312 1181 1123
2991 2 2 4 3 1126 1181 312
2992 2 2 4 3 1123 1125 313
2993 2 2 4 3 315 1151 1149
2994 2 2 4 3 317 1145 1132
2995 2 2 4 3 318 1140 1129
2996 2 2 4 3 1132 1140 318
2997 2 2 4 3 319 1131 1114
2998 2 2 4 3 1129 1131 319
2999 2 2 4 3 1129 1141 1131
3000 2 2 4 3 1145 1152 1132
3001 2 2 4 3 1152 1153 1140
3002 2 2 4 3 1153 1253 1141
3003 2 2 4 3 1141 1253 1252
3004 2 2 4 3 1195 1237 1192
3005 2 2 4 3 1192 1237 1236
3006 2 2 4 3 1223 1238 1195
3007 2 2 4 3 1195 1238 1237
3008 2 2 4 3 1223 1268 1238
3009 2 2 4 3 1252 1268 1223
3010 2 2 2 213676 1686 1696 1674
3011 2 2 2 213676 1674 1695 1686
3012 2 2 2 213676 1 1704 27
3013 2 2 2 213676 1674 1696 7
3014 2 2 2 213676 7 1696 6
3015 2 2 2 213676 1693 1706 1690
3016 2 2 2 213676 1689 1702 1671
3017 2 2 2 213676 1690 1706 1668
3018 2 2 2 213676 1671 1701 1689
3019 2 2 2 213676 1667 1704 1
3020 2 2 2 213676 1669 1697 10
3021 2 2 2 213676 1671 1702 19
3022 2 2 2 213676 19 1702 18
3023 2 2 2 213676 10 1697 9
3024 2 2 2 213676 1704 1709 1687
3025 2 2 2 213676 27 1704 1675
3026 2 2 2 213676 20 1703 1671
3027 2 2 2 213676 21 1703 20
3028 2 2 2 213676 1667 1709 1704
3029 2 2 2 213676 1681 1687 1686
3030 2 2 2 213676 1672 1700 13
3031 2 2 2 213676 13 1700 12
3032 2 2 2 213676 26 1673 25
3033 2 2 2 213676 8 1674 7
3034 2 2 2 213676 1678 1687 1681
3035 2 2 2 213676 1681 1686 1684
3036 2 2 2 213676 17 1668 16
3037 2 2 2 213676 23 1670 22
3038 2 2 2 213676 11 1669 10
3039 2 2 2 213676 20 1671 19
3040 2 2 2 213676 14 1672 13
3041 2 2 2 213676 1681 1684 1682
3042 2 2 2 213676 1683 1690 1689
3043 2 2 2 213676 1678 1681 1680
3044 2 2 2 213676 1682 1691 1683
3045 2 2 2 213676 1683 1691 1690
3046 2 2 2 213676 1683 1688 1680
3047 2 2 2 213676 1681 1682 1680
3048 2 2 2 213676 1683 1689 1688
3049 2 2 2 213676 1682 1683 1680
3050 2 2 2 213676 1680 1688 1679
3051 2 2 2 213676 1684 1685 1682
3052 2 2 2 213676 1685 1691 1682
3053 2 2 2 213676 1676 1687 1678
3054 2 2 2 213676 1678 1680 1679
3055 2 2 2 213676 1678 1679 1677
3056 2 2 2 213676 5 1667 1
3057 2 2 2 213676 1688 1692 1679
3058 2 2 2 213676 1676 1678 1677
3059 2 2 2 213676 1676 1704 1687
3060 2 2 2 213676 1673 1698 25
3061 2 2 2 213676 25 1698 24
3062 2 2 2 213676 1686 1695 1684
3063 2 2 2 213676 1676 1677 1673
3064 2 2 2 213676 1691 1693 1690
3065 2 2 2 213676 1699 1708 1700
3066 2 2 2 213676 1694 1697 1669
3067 2 2 2 213676 1689 1701 1688
3068 2 2 2 213676 1692 1705 1679
3069 2 2 2 213676 1670 1705 1692
3070 2 2 2 213676 1691 1699 1693
3071 2 2 2 213676 1693 1699 1672
3072 2 2 2 213676 1686 1709 1696
3073 2 2 2 213676 1684 1694 1685
3074 2 2 2 213676 1696 1714 6
3075 2 2 2 213676 1695 1697 1694
3076 2 2 2 213676 1685 1699 1691
3077 2 2 2 213676 1677 1698 1673
3078 2 2 2 213676 1692 1715 1670
3079 2 2 2 213676 1677 1705 1698
3080 2 2 2 213676 1687 1709 1686
3081 2 2 2 213676 1675 1676 1673
3082 2 2 2 213676 1668 1712 1690
3083 2 2 2 213676 1684 1695 1694
3084 2 2 2 213676 27 1675 26
3085 2 2 2 213676 1695 1716 1697
3086 2 2 2 213676 1671 1703 1701
3087 2 2 2 213676 1699 1700 1672
3088 2 2 2 213676 1705 1710 1698
3089 2 2 2 213676 1674 1716 1695
3090 2 2 2 213676 1693 1707 1706
3091 2 2 2 213676 1685 1708 1699
3092 2 2 2 213676 26 1675 1673
3093 2 2 2 213676 6 1714 5
3094 2 2 2 213676 1668 1706 16
3095 2 2 2 213676 1703 1715 1692
3096 2 2 2 213676 1688 1701 1692
3097 2 2 2 213676 1679 1705 1677
3098 2 2 2 213676 16 1706 15
3099 2 2 2 213676 14 1707 1672
3100 2 2 2 213676 15 1707 14
3101 2 2 2 213676 24 1710 23
3102 2 2 2 213676 12 1711 11
3103 2 2 2 213676 9 1716 8
3104 2 2 2 213676 18 1713 17
3105 2 2 2 213676 22 1715 21
3106 2 2 2 213676 1690 1712 1689
3107 2 2 2 213676 1675 1704 1676
3108 2 2 2 213676 1702 1713 18
3109 2 2 2 213676 1701 1703 1692
3110 2 2 2 213676 1672 1707 1693
3111 2 2 2 213676 23 1710 1670
3112 2 2 2 213676 1708 1711 1700
3113 2 2 2 213676 11 1711 1669
3114 2 2 2 213676 17 1713 1668
3115 2 2 2 213676 8 1716 1674
3116 2 2 2 213676 1670 1715 22
3117 2 2 2 213676 5 1714 1667
3118 2 2 2 213676 1697 1716 9
3119 2 2 2 213676 1689 1712 1702
3120 2 2 2 213676 1700 1711 12
3121 2 2 2 213676 21 1715 1703
3122 2 2 2 213676 1694 1708 1685
3123 2 2 2 213676 1669 1708 1694
3124 2 2 2 213676 1698 1710 24
3125 2 2 2 213676 1670 1710 1705
3126 2 2 2 213676 1667 1714 1709
3127 2 2 2 213676 1706 1707 15
3128 2 2 2 213676 1709 1714 1696
3129 2 2 2 213676 1669 1711 1708
3130 2 2 2 213676 1668 1713 1712
3131 2 2 2 213676 1712 1713 1702
3132 2 2 4 213680 42 1721 41
3133 2 2 4 213680 1720 1728 1726
3134 2 2 4 213680 38 1722 37
3135 2 2 4 213680 29 1723 28
3136 2 2 4 213680 1726 1729 1720
3137 2 2 4 213680 1724 1725 1717
3138 2 2 4 213680 43 1733 42
3139 2 2 4 213680 1717 1743 1724
3140 2 2 4 213680 1718 1734 1732
3141 2 2 4 213680 1719 1733 43
3142 2 2 4 213680 1723 1737 28
3143 2 2 4 213680 34 1717 33
3144 2 2 4 213680 1732 1735 1718
3145 2 2 4 213680 1720 1742 1728
3146 2 2 4 213680 1725 1727 1726
3147 2 2 4 213680 33 1728 32
3148 2 2 4 213680 1721 1734 41
3149 2 2 4 213680 1727 1730 1726
3150 2 2 4 213680 1725 1726 1717
3151 2 2 4 213680 1725 1738 1722
3152 2 2 4 213680 1726 1730 1729
3153 2 2 4 213680 1724 1738 1725
3154 2 2 4 213680 42 1733 1721
3155 2 2 4 213680 30 1736 29
3156 2 2 4 213680 41 1734 40
3157 2 2 4 213680 37 1738 36
3158 2 2 4 213680 38 1739 1722
3159 2 2 4 213680 31 1720 30
3160 2 2 4 213680 1722 1740 1725
3161 2 2 4 213680 4 1719 43
3162 2 2 4 213680 1726 1728 1717
3163 2 2 4 213680 40 1734 1718
3164 2 2 4 213680 40 1718 39
3165 2 2 4 213680 1719 1741 1733
3166 2 2 4 213680 39 1739 38
3167 2 2 4 213680 1732 1734 1721
3168 2 2 4 213680 28 1737 4
3169 2 2 4 213680 1723 1736 1729
3170 2 2 4 213680 1733 1741 1731
3171 2 2 4 213680 34 1743 1717
3172 2 2 4 213680 1722 1738 37
3173 2 2 4 213680 29 1736 1723
3174 2 2 4 213680 1717 1728 33
3175 2 2 4 213680 4 1737 1719
3176 2 2 4 213680 36 1724 35
3177 2 2 4 213680 36 1738 1724
3178 2 2 4 213680 1722 1739 1735
3179 2 2 4 213680 1728 1742 32
3180 2 2 4 213680 1731 1732 1721
3181 2 2 4 213680 1725 1740 1727
3182 2 2 4 213680 35 1743 34
3183 2 2 4 213680 1729 1730 1723
3184 2 2 4 213680 1727 1732 1731
3185 2 2 4 213680 1720 1736 30
3186 2 2 4 213680 1721 1733 1731
3187 2 2 4 213680 1729 1736 1720
3188 2 2 4 213680 32 1742 31
3189 2 2 4 213680 31 1742 1720
3190 2 2 4 213680 1727 1731 1730
3191 2 2 4 213680 1735 1740 1722
3192 2 2 4 213680 1718 1739 39
3193 2 2 4 213680 1735 1739 1718
3194 2 2 4 213680 1731 1741 1730
3195 2 2 4 213680 1727 1740 1732
3196 2 2 4 213680 1732 1740 1735
3197 2 2 4 213680 1730 1741 1723
3198 2 2 4 213680 1724 1743 35
3199 2 2 4 213680 1737 1741 1719
3200 2 2 4 213680 1723 1741 1737
$EndElements
